POSICAO;NO_MUNICIPIO_ESC;SG_UF_ESC;DEPENDENCIA;ALUNOS;LC;CH;CN;MT;RD;MEDIA
1;Chapada Gaúcha;MG;Municipal;1;681.5;679.0;680.7;781.4;920.0;748.52
2;Viçosa;MG;Federal;148;620.56;663.42;647.46;787.24;868.78;717.49
3;Dores de Campos;MG;Privada;1;576.5;666.5;644.9;737.5;900.0;705.08
4;Angra dos Reis;RJ;Federal;39;618.39;657.7;639.38;818.46;779.49;702.68
5;Porto Real;RJ;Privada;1;616.0;664.8;658.6;756.6;800.0;699.2
6;Vila Velha;ES;Federal;67;617.18;638.74;619.22;729.59;857.31;692.41
7;Serafina Corrêa;RS;Privada;2;602.4;636.55;624.75;747.7;850.0;692.28
8;Pirapetinga;MG;Privada;1;582.8;624.4;609.5;743.4;900.0;692.02
9;Capelinha;MG;Privada;15;589.6;622.08;591.91;712.07;902.67;683.66
10;Vitória;ES;Federal;222;606.83;635.91;611.89;734.13;822.52;682.26
11;Ervália;MG;Privada;6;598.57;640.3;560.17;697.08;913.33;681.89
12;Bambuí;MG;Privada;12;603.14;621.32;582.83;702.16;896.67;681.22
13;Cândido Mota;SP;Privada;7;603.46;608.61;600.16;725.76;857.14;679.03
14;Tapejara;RS;Privada;1;557.3;644.9;595.2;724.3;860.0;676.34
15;Carmo da Mata;MG;Privada;6;592.75;625.95;583.47;730.37;843.33;675.17
16;Ibitiúra de Minas;MG;Estadual;2;567.8;638.3;591.5;726.6;850.0;674.84
17;Eldorado;MS;Privada;3;592.0;597.4;577.6;732.67;866.67;673.27
18;Belo Horizonte;MG;Federal;560;606.84;626.49;599.36;720.18;806.54;671.88
19;Divinópolis;MG;Federal;95;605.16;618.55;592.26;710.67;829.68;671.27
20;Tanhaçu;BA;Privada;8;581.34;602.3;576.59;693.76;895.0;669.8
21;Barbacena;MG;Federal;121;602.76;627.95;606.89;726.06;781.82;669.1
22;Pompéu;MG;Privada;10;586.12;607.06;573.77;673.62;902.0;668.51
23;Aquidauana;MS;Privada;3;566.6;623.5;595.5;674.87;873.33;666.76
24;Aspásia;SP;Estadual;2;606.6;575.45;520.9;716.25;910.0;665.84
25;Ipatinga;MG;Privada;407;583.06;611.0;581.44;689.64;862.06;665.44
26;Encantado;RS;Privada;4;626.83;626.72;592.58;689.42;790.0;665.11
27;Serra;ES;Federal;45;602.95;622.92;588.2;700.36;808.0;664.49
28;Ubajara;CE;Privada;13;597.79;622.13;549.71;648.81;901.54;664.0
29;Teutônia;RS;Privada;23;585.19;605.55;582.07;712.62;833.91;663.87
30;Jaboatão dos Guararapes;PE;Municipal;1;623.5;635.2;550.5;642.9;860.0;662.42
31;Erechim;RS;Federal;18;597.03;622.01;582.55;669.11;840.0;662.14
32;Guanhães;MG;Privada;30;587.81;594.25;551.18;703.12;873.33;661.94
33;Cristina;MG;Privada;3;606.1;623.67;600.6;682.07;793.33;661.15
34;Timóteo;MG;Privada;94;578.29;605.39;566.22;685.99;868.72;660.92
35;Venda Nova do Imigrante;ES;Privada;13;578.78;625.74;581.77;707.28;807.69;660.25
36;Ivinhema;MS;Privada;6;615.9;625.4;566.58;670.88;820.0;659.75
37;Venâncio Aires;RS;Privada;31;575.95;589.92;560.69;694.78;870.32;658.33
38;Braganey;PR;Privada;4;596.7;623.1;599.55;679.98;785.0;656.86
39;Marcelino Ramos;RS;Estadual;4;605.42;613.67;540.35;653.4;870.0;656.57
40;Guará;SP;Privada;6;580.28;626.35;577.73;685.07;813.33;656.55
41;Itaocara;RJ;Privada;32;578.79;603.05;550.44;681.98;866.25;656.1
42;Cássia;MG;Privada;4;597.8;600.7;577.55;640.15;860.0;655.24
43;Três Marias;MG;Privada;14;581.36;606.43;577.67;685.09;824.29;654.97
44;Campo Belo;MG;Privada;59;570.51;609.03;557.29;681.36;852.2;654.08
45;Divinópolis;MG;Privada;262;576.78;605.44;561.78;684.03;840.61;653.73
46;Ituporanga;SC;Municipal;1;616.7;638.0;518.5;675.0;820.0;653.64
47;Nossa Senhora da Glória;SE;Privada;40;573.0;609.07;561.03;664.16;860.5;653.55
48;Acopiara;CE;Privada;7;567.97;614.83;566.97;645.73;871.43;653.39
49;Valinhos;SP;Privada;382;590.16;612.19;588.98;688.27;785.29;652.98
50;Itaúna;MG;Privada;137;588.58;604.64;570.45;679.51;820.88;652.81
51;Maravilha;SC;Privada;7;592.6;620.57;597.03;713.43;740.0;652.73
52;Timóteo;MG;Federal;76;607.66;614.91;579.04;684.09;777.89;652.72
53;Sarandi;RS;Privada;10;600.4;608.06;558.53;688.91;806.0;652.38
54;São Mateus;ES;Federal;56;593.06;606.55;587.72;679.62;791.79;651.75
55;Santa Maria;RS;Federal;177;592.16;608.71;576.71;666.98;813.9;651.69
56;Quixeramobim;CE;Privada;29;591.47;608.47;566.84;677.02;813.79;651.52
57;Limoeiro do Norte;CE;Privada;91;567.13;590.54;556.41;649.11;893.41;651.32
58;Nova Friburgo;RJ;Federal;28;593.82;602.29;549.86;661.19;849.29;651.29
59;Santa Quitéria;CE;Privada;3;565.43;608.47;535.97;686.53;860.0;651.28
60;Santa Luzia;MG;Federal;59;597.61;613.36;564.68;669.52;811.19;651.27
61;Ribeirão das Neves;MG;Federal;73;589.24;596.54;569.39;648.35;852.6;651.22
62;Belo Horizonte;MG;Privada;4845;586.7;606.56;571.57;677.94;811.74;650.9
63;Granja;CE;Privada;3;573.3;584.7;596.4;659.73;840.0;650.83
64;Braço do Norte;SC;Privada;22;586.02;612.42;570.37;656.44;828.18;650.69
65;Conceição das Pedras;MG;Estadual;1;592.2;622.4;584.3;794.3;660.0;650.64
66;Campos Gerais;MG;Privada;21;564.79;593.07;583.98;671.74;839.05;650.53
67;João Monlevade;MG;Privada;76;581.83;594.35;555.17;667.95;852.11;650.28
68;Guarapari;ES;Federal;95;595.21;614.19;574.07;666.4;801.05;650.18
69;Vitória;ES;Privada;1040;578.87;603.53;567.78;663.42;837.17;650.15
70;São Sebastião da Grama;SP;Privada;9;593.28;590.96;597.58;653.38;813.33;649.7
71;Raul Soares;MG;Privada;24;564.32;606.34;554.52;635.46;887.5;649.63
72;Ubá;MG;Privada;179;566.44;597.51;563.16;678.62;839.55;649.06
73;Santa Cruz do Sul;RS;Privada;173;587.77;601.63;563.35;666.88;822.54;648.43
74;Bataguassu;MS;Privada;5;566.54;597.58;569.12;644.06;864.0;648.26
75;Amambai;MS;Privada;13;595.51;614.96;560.51;667.18;803.08;648.25
76;Sacramento;MG;Privada;14;591.16;598.56;577.26;685.06;787.14;647.84
77;Nova Prata;RS;Privada;13;562.8;575.7;571.18;629.18;900.0;647.77
78;São Gabriel do Oeste;MS;Privada;7;600.87;609.37;595.63;693.0;740.0;647.77
79;Caratinga;MG;Privada;66;578.68;601.35;553.97;658.14;846.06;647.64
80;Lagoa Vermelha;RS;Privada;40;587.44;617.65;555.46;658.48;818.5;647.5
81;Lajeado;RS;Privada;124;580.41;601.59;564.45;674.71;816.13;647.46
82;Cachoeiro de Itapemirim;ES;Federal;78;589.97;605.79;579.79;668.26;793.33;647.43
83;Salinas;MG;Privada;21;563.4;614.32;566.59;646.2;845.71;647.25
84;Diamantina;MG;Privada;26;569.77;586.75;568.22;643.76;867.69;647.24
85;Sete Lagoas;MG;Privada;363;573.26;601.77;561.4;667.64;831.02;647.02
86;Tabatinga;SP;Privada;8;599.31;609.62;540.52;663.6;820.0;646.61
87;Papagaios;MG;Privada;13;565.78;609.36;571.28;630.14;853.85;646.08
88;Alegrete;RS;Privada;35;580.76;593.76;565.49;634.78;854.86;645.93
89;Muriaé;MG;Federal;79;582.02;594.12;564.88;641.12;846.84;645.79
90;Varginha;MG;Federal;61;597.5;612.3;573.63;666.69;778.69;645.76
91;Ouro Branco;MG;Federal;87;586.04;603.94;574.1;674.56;789.89;645.71
92;Monte Sião;MG;Privada;40;568.38;601.9;560.04;660.8;836.5;645.52
93;Nova Lima;MG;Privada;261;586.84;604.61;565.49;671.75;798.47;645.43
94;Paty do Alferes;RJ;Privada;9;567.42;597.53;542.33;681.83;837.78;645.38
95;Arapiraca;AL;Federal;184;584.0;600.43;548.01;687.97;806.41;645.37
96;Recife;PE;Federal;556;592.65;609.4;569.1;680.78;774.32;645.25
97;Itacarambi;MG;Municipal;1;539.8;562.7;547.9;653.5;920.0;644.78
98;Pombal;PB;Privada;20;582.65;613.58;549.54;630.96;847.0;644.74
99;São João Nepomuceno;MG;Privada;54;570.44;600.29;550.42;654.41;847.04;644.52
100;Paraisópolis;MG;Privada;39;586.61;600.21;545.82;662.11;826.67;644.28
101;Bastos;SP;Privada;11;577.75;583.59;604.0;717.02;738.18;644.11
102;Viana;ES;Federal;37;586.49;591.68;540.53;649.48;851.89;644.01
103;Bento Gonçalves;RS;Federal;108;591.06;601.66;558.41;662.2;806.11;643.89
104;Betim;MG;Federal;142;589.6;595.92;570.99;675.61;787.32;643.89
105;Viçosa;MG;Privada;219;571.61;592.94;548.7;658.14;847.85;643.85
106;Simão Dias;SE;Privada;18;560.29;603.75;579.61;639.64;835.56;643.77
107;Aracruz;ES;Federal;87;580.6;601.93;570.39;660.25;805.52;643.74
108;Cariacica;ES;Federal;142;591.07;603.9;569.89;665.06;787.46;643.48
109;Governador Valadares;MG;Privada;298;573.54;594.0;560.03;653.9;832.28;642.75
110;Viçosa do Ceará;CE;Privada;12;573.45;591.28;534.56;643.87;870.0;642.63
111;Tomazina;PR;Privada;1;557.3;589.9;590.7;654.6;820.0;642.5
112;Medianeira;PR;Privada;29;583.84;611.54;551.77;675.78;788.97;642.38
113;Governador Valadares;MG;Federal;86;584.08;591.09;570.02;667.18;799.07;642.29
114;Guarujá;SP;Municipal;1;551.2;565.8;569.0;665.2;860.0;642.24
115;Tapurah;MT;Privada;9;586.08;606.16;568.57;621.21;828.89;642.18
116;Bom Despacho;MG;Privada;47;565.94;597.53;570.26;657.12;820.0;642.17
117;Conselheiro Lafaiete;MG;Federal;59;573.57;594.15;557.1;649.52;835.93;642.05
118;Varginha;MG;Privada;224;572.99;594.02;552.35;649.39;841.16;641.98
119;Rio Tinto;PB;Privada;8;561.34;599.78;551.21;660.05;837.5;641.98
120;São Sebastião do Paraíso;MG;Privada;59;571.72;591.6;553.94;650.39;841.36;641.8
121;Ipaussu;SP;Privada;7;599.76;600.21;556.39;657.41;794.29;641.61
122;Teodoro Sampaio;SP;Privada;6;580.1;607.52;562.73;649.78;806.67;641.36
123;Curitiba;PR;Federal;306;588.39;608.36;575.54;684.03;750.26;641.32
124;Santos Dumont;MG;Privada;28;573.5;610.8;536.58;660.27;824.29;641.08
125;São Miguel do Iguaçu;PR;Privada;26;572.87;599.9;549.63;683.22;799.23;640.97
126;Pouso Alegre;MG;Privada;262;574.13;592.7;563.43;653.63;820.69;640.92
127;Santa Teresa;ES;Privada;13;578.33;584.19;563.28;617.27;861.54;640.92
128;Formiga;MG;Privada;60;563.58;595.7;561.74;650.64;832.67;640.87
129;Patos de Minas;MG;Federal;75;580.7;594.84;565.2;632.09;831.47;640.86
130;Itanhandu;MG;Privada;41;572.93;585.6;546.89;657.85;840.98;640.85
131;Volta Redonda;RJ;Federal;57;595.05;601.08;565.23;691.45;751.23;640.81
132;Pinhalzinho;SC;Privada;17;581.15;595.86;560.89;650.62;815.29;640.76
133;Esperantina;PI;Privada;7;574.24;614.39;574.7;668.91;771.43;640.73
134;Petrópolis;RJ;Federal;27;576.47;599.16;560.61;671.46;795.56;640.65
135;Uberaba;MG;Privada;411;579.09;599.6;558.64;646.21;818.44;640.4
136;Palotina;PR;Privada;29;566.29;601.77;557.63;662.97;813.1;640.35
137;Caetité;BA;Municipal;1;483.8;554.7;537.8;664.7;960.0;640.2
138;Marau;RS;Privada;28;574.16;593.79;553.98;654.53;824.29;640.15
139;Cerro Largo;RS;Privada;34;563.19;579.09;571.9;658.61;827.06;639.97
140;Balneário Piçarras;SC;Municipal;1;618.9;621.5;572.4;645.0;740.0;639.56
141;Niterói;RJ;Privada;1620;578.16;597.58;551.05;654.44;816.36;639.52
142;Florestal;MG;Federal;49;578.16;584.86;567.81;657.59;808.98;639.48
143;Mossoró;RN;Federal;156;587.84;587.43;550.78;665.79;802.56;638.88
144;Marechal Cândido Rondon;PR;Privada;79;570.48;587.81;557.62;662.66;815.19;638.75
145;Juazeiro do Norte;CE;Privada;337;564.54;591.75;553.07;659.06;825.28;638.74
146;Nova Serrana;MG;Privada;35;578.36;588.59;562.01;664.07;800.57;638.72
147;Araxá;MG;Federal;69;556.96;576.39;550.16;632.82;876.52;638.57
148;Paranapanema;SP;Privada;22;559.96;610.0;554.6;672.09;794.55;638.24
149;Ribeirão Bonito;SP;Privada;11;594.62;608.17;581.39;637.5;769.09;638.15
150;Estrela;RS;Privada;35;582.05;601.01;558.85;675.19;772.57;637.93
151;Veranópolis;RS;Privada;53;558.33;575.14;537.2;632.13;886.79;637.92
152;Querência;MT;Privada;2;596.8;592.65;614.2;695.5;690.0;637.83
153;Itumbiara;GO;Federal;30;569.61;593.96;570.06;635.87;818.67;637.63
154;Ivatuba;PR;Estadual;1;598.3;658.5;581.7;609.6;740.0;637.62
155;Martins Soares;MG;Estadual;4;592.28;609.02;576.0;625.12;785.0;637.48
156;Perdões;MG;Privada;19;580.26;586.09;524.4;650.5;845.26;637.3
157;Niterói;RJ;Federal;200;589.15;599.63;545.15;655.6;796.1;637.13
158;Londrina;PR;Federal;37;597.24;611.94;583.18;642.11;749.73;636.84
159;Maria da Fé;MG;Privada;14;561.37;577.94;543.66;668.27;831.43;636.53
160;Nova Venécia;ES;Federal;72;576.07;599.27;564.03;643.43;799.72;636.5
161;Tobias Barreto;SE;Privada;43;547.5;582.34;547.51;659.41;845.58;636.47
162;Passa Quatro;MG;Privada;28;577.56;592.77;553.71;647.55;810.0;636.32
163;Itapiranga;SC;Privada;19;557.86;590.83;552.26;627.99;852.63;636.31
164;Anhembi;SP;Estadual;1;629.7;573.9;449.0;628.6;900.0;636.24
165;Ipatinga;MG;Federal;55;577.28;592.87;546.1;670.83;793.82;636.18
166;Lagoa da Prata;MG;Privada;47;557.36;576.6;548.3;636.21;862.13;636.12
167;Junqueirópolis;SP;Privada;19;563.25;587.11;547.09;644.91;836.84;635.84
168;Morrinhos;GO;Privada;9;554.48;587.43;534.53;638.26;864.44;635.83
169;São Benedito;CE;Privada;6;594.48;598.18;545.92;686.45;753.33;635.67
170;Pacaembu;SP;Privada;6;560.25;578.33;531.53;684.17;823.33;635.52
171;Linhares;ES;Federal;127;568.28;593.86;570.16;656.34;788.35;635.4
172;Itabira;MG;Privada;115;572.92;583.16;553.67;651.5;815.48;635.34
173;Nova Friburgo;RJ;Privada;357;574.44;591.73;543.35;634.57;832.21;635.26
174;Santa Rosa;RS;Privada;110;576.71;590.29;551.47;641.22;816.36;635.21
175;Tomé-Açu;PA;Privada;10;558.67;584.49;556.47;649.55;826.0;635.04
176;Bicas;MG;Privada;6;574.63;563.82;514.92;641.42;880.0;634.96
177;Mucuri;BA;Privada;60;557.59;580.42;540.43;641.2;855.0;634.93
178;Araxá;MG;Privada;69;571.7;596.1;548.78;634.51;823.48;634.91
179;Erechim;RS;Privada;97;575.4;595.43;555.45;644.46;803.51;634.85
180;Porteirinha;MG;Federal;30;562.96;579.47;535.47;665.05;830.67;634.72
181;Resende;RJ;Privada;260;576.68;591.73;550.27;651.03;803.23;634.59
182;Caetité;BA;Privada;39;577.67;581.11;531.38;634.43;848.21;634.56
183;Juiz de Fora;MG;Privada;1139;574.6;592.85;555.83;644.17;804.93;634.48
184;Oeiras;PI;Privada;54;563.9;590.61;553.15;652.76;811.85;634.46
185;Brusque;SC;Privada;130;579.9;594.82;556.4;660.81;780.31;634.45
186;São Fidélis;RJ;Privada;16;584.59;589.12;552.88;654.94;790.0;634.31
187;Amargosa;BA;Privada;30;555.95;597.23;557.56;654.92;805.33;634.2
188;Pará de Minas;MG;Privada;95;551.44;588.76;554.14;661.74;814.53;634.12
189;Pouso Alegre;MG;Federal;62;587.56;597.22;550.66;647.21;787.74;634.08
190;Vera Cruz;RS;Privada;25;584.32;593.34;541.68;643.04;806.4;633.76
191;Vazante;MG;Privada;25;559.74;596.91;552.03;641.62;817.6;633.58
192;Fortaleza;CE;Federal;462;587.25;600.08;553.26;662.96;762.81;633.27
193;Mineiros;GO;Privada;62;557.19;574.79;542.09;661.21;830.65;633.19
194;Campo Grande;MS;Federal;346;582.62;592.99;569.8;662.5;757.86;633.15
195;Sumé;PB;Privada;13;581.94;605.14;525.85;629.68;823.08;633.14
196;Laranjal Paulista;SP;Privada;8;545.05;590.33;559.41;633.36;837.5;633.13
197;Piraju;SP;Privada;19;585.3;603.64;565.11;672.54;738.95;633.11
198;Teresópolis;RJ;Privada;207;575.26;594.04;549.64;647.85;798.45;633.05
199;São José dos Campos;SP;Privada;1687;577.33;594.45;564.94;656.44;771.51;632.93
200;Quaraí;RS;Privada;6;563.27;620.4;550.82;663.47;766.67;632.92
201;Poços de Caldas;MG;Privada;251;576.76;593.78;556.44;649.43;788.13;632.91
202;Itaperuna;RJ;Privada;76;568.33;588.65;556.92;648.68;801.84;632.88
203;Barra do Piraí;RJ;Privada;81;573.62;584.94;542.47;628.62;834.32;632.79
204;Jaguaribe;CE;Privada;16;568.07;570.51;542.74;598.62;883.75;632.74
205;Rio de Janeiro;RJ;Federal;2022;584.91;599.03;557.02;655.78;766.65;632.68
206;Juiz de Fora;MG;Federal;226;582.73;600.15;563.89;657.57;758.23;632.52
207;Curvelo;MG;Privada;53;572.18;584.86;546.03;634.88;824.53;632.5
208;Milhã;CE;Privada;5;585.98;594.28;549.1;660.64;772.0;632.4
209;Porto União;SC;Privada;55;573.88;596.01;565.47;634.32;792.0;632.34
210;Congonhas;MG;Federal;65;571.8;582.54;554.3;646.65;805.85;632.23
211;Caxias do Sul;RS;Federal;91;597.19;596.31;574.44;654.47;738.68;632.22
212;Santa Rita do Passa Quatro;SP;Privada;55;570.6;601.15;563.57;638.46;787.27;632.21
213;Osório;RS;Federal;69;586.11;599.1;550.11;648.32;777.1;632.15
214;Concórdia;SC;Privada;63;570.92;590.47;548.71;670.47;780.0;632.12
215;Assis Chateaubriand;PR;Privada;9;585.1;610.12;547.26;611.36;806.67;632.1
216;Rio do Sul;SC;Privada;152;573.4;589.61;561.2;654.7;781.05;631.99
217;Lavras;MG;Privada;256;564.32;586.54;546.87;643.95;818.05;631.95
218;Sabará;MG;Federal;75;591.97;607.02;558.35;650.87;751.47;631.93
219;Ceres;GO;Privada;55;553.35;572.96;538.74;643.17;851.27;631.9
220;Campo Mourão;PR;Federal;29;594.33;596.22;572.32;700.9;695.17;631.79
221;Novo Horizonte;SP;Privada;46;554.18;566.52;543.68;626.61;867.83;631.76
222;Ponte Nova;MG;Federal;71;589.41;595.33;552.65;639.03;782.25;631.74
223;Amparo;SP;Privada;116;581.31;597.1;570.17;642.27;766.38;631.44
224;Canoas;RS;Federal;58;599.75;601.99;564.01;668.32;722.41;631.3
225;Gramado;RS;Privada;13;587.69;620.55;568.42;634.78;744.62;631.21
226;São Gonçalo do Sapucaí;MG;Privada;30;567.07;581.51;529.87;640.18;837.33;631.19
227;Livramento de Nossa Senhora;BA;Privada;17;571.76;587.65;534.59;604.66;856.47;631.03
228;Muriaé;MG;Privada;108;561.26;572.43;546.41;639.63;835.19;630.98
229;Porto Alegre;RS;Federal;188;589.45;601.78;559.46;667.71;735.96;630.87
230;Manhuaçu;MG;Privada;81;557.5;577.14;555.22;641.44;822.96;630.85
231;Piumhi;MG;Privada;51;555.57;587.77;531.53;646.41;832.55;630.77
232;Uberlândia;MG;Privada;994;569.55;588.26;551.36;630.13;814.06;630.67
233;Capela;AL;Privada;6;557.8;607.23;527.55;599.8;860.0;630.48
234;Sabinópolis;MG;Privada;16;562.88;590.19;534.21;669.56;793.75;630.12
235;Bariri;SP;Privada;46;571.92;586.15;543.68;645.3;803.48;630.1
236;Farroupilha;RS;Federal;32;597.58;584.96;537.42;641.68;788.75;630.08
237;Porto Alegre;RS;Privada;2653;581.48;591.23;554.62;647.21;775.73;630.05
238;Caxambu;MG;Privada;66;552.13;576.8;542.41;656.34;822.42;630.02
239;Nilópolis;RJ;Federal;85;591.29;596.99;558.66;643.98;758.82;629.95
240;Teresina;PI;Privada;2729;561.58;580.69;547.36;635.45;823.61;629.74
241;Lagoa Santa;MG;Privada;103;569.14;586.08;546.69;648.17;798.45;629.71
242;Pontalina;GO;Privada;14;567.83;579.63;559.49;656.61;784.29;629.57
243;Macaé;RJ;Federal;178;593.58;597.74;572.97;640.89;742.47;629.53
244;Salvador;BA;Federal;552;588.62;599.92;556.28;648.1;754.13;629.41
245;Goiatuba;GO;Privada;8;571.12;583.14;567.72;641.33;782.5;629.16
246;Coronel Fabriciano;MG;Privada;95;560.93;581.85;536.24;638.93;827.79;629.15
247;Santo Amaro da Imperatriz;SC;Privada;15;583.11;602.26;574.27;638.03;748.0;629.13
248;Patrocínio;MG;Federal;79;559.76;574.62;559.68;627.64;823.8;629.1
249;Contagem;MG;Federal;66;580.37;587.28;566.18;649.43;761.82;629.01
250;Caçu;GO;Privada;10;566.94;569.49;541.33;637.16;830.0;628.98
251;Goiânia;GO;Privada;3979;568.0;587.03;550.49;632.1;807.06;628.93
252;Patos de Minas;MG;Privada;215;561.82;588.08;546.26;626.52;821.3;628.8
253;Pomerode;SC;Privada;26;594.33;591.07;559.7;651.19;747.69;628.8
254;São Gonçalo;RJ;Federal;70;592.8;587.17;543.93;653.02;766.86;628.75
255;Alto Alegre do Pindaré;MA;Municipal;1;566.6;556.8;479.9;599.9;940.0;628.64
256;Passos;MG;Privada;135;568.66;573.21;540.0;649.38;811.7;628.59
257;Monte Santo de Minas;MG;Privada;11;567.72;564.08;567.35;645.37;798.18;628.54
258;Itabaiana;SE;Privada;214;562.03;587.01;540.98;624.93;826.64;628.32
259;Santa Isabel;SP;Privada;19;574.96;575.22;532.49;638.82;820.0;628.3
260;Capanema;PR;Privada;2;568.4;603.7;524.2;635.05;810.0;628.27
261;Pacajus;CE;Privada;75;552.83;582.67;528.76;634.83;841.87;628.19
262;Santa Bárbara;MG;Privada;18;563.89;574.33;555.76;630.95;815.56;628.1
263;Limoeiro;PE;Privada;142;559.76;585.72;553.43;640.07;801.27;628.05
264;São Lourenço;MG;Privada;124;567.25;580.46;536.35;643.67;812.42;628.03
265;Montes Claros;MG;Privada;709;561.0;582.97;541.55;631.43;822.26;627.84
266;Itajubá;MG;Privada;217;561.61;581.53;546.14;640.34;809.49;627.82
267;São Luiz Gonzaga;RS;Privada;16;581.27;615.08;579.81;635.32;727.5;627.8
268;Florianópolis;SC;Privada;1371;576.37;596.73;561.81;649.68;754.38;627.79
269;Chapecó;SC;Privada;227;570.03;594.69;552.83;652.48;767.93;627.59
270;Montes Claros;MG;Federal;77;582.04;588.66;554.25;644.55;768.05;627.51
271;Estrela d'Oeste;SP;Privada;3;559.83;550.57;606.87;686.9;733.33;627.5
272;Adamantina;SP;Privada;40;567.5;600.63;562.91;645.46;760.5;627.4
273;Leme;SP;Privada;134;568.24;588.39;556.26;636.02;787.76;627.33
274;Nova Granada;SP;Privada;34;553.42;585.53;536.2;637.77;823.53;627.29
275;Quixadá;CE;Privada;44;561.35;574.92;557.83;627.76;814.55;627.28
276;Natal;RN;Federal;560;580.89;587.6;547.72;636.38;783.57;627.23
277;Juruti;PA;Privada;9;542.8;580.21;544.07;611.18;857.78;627.21
278;Pinhais;PR;Federal;41;586.29;587.55;550.76;640.61;770.24;627.09
279;Brumado;BA;Privada;56;567.72;582.81;543.51;640.83;799.29;626.83
280;Saubara;BA;Estadual;1;592.3;574.4;544.0;542.4;880.0;626.62
281;Jardinópolis;SP;Municipal;1;538.5;570.8;614.7;668.0;740.0;626.4
282;Cachoeiro de Itapemirim;ES;Privada;241;558.63;573.72;542.47;632.96;823.15;626.19
283;São Mateus do Sul;PR;Privada;13;580.68;617.67;573.74;668.07;690.77;626.19
284;Itaparica;BA;Privada;9;556.07;578.19;543.22;630.72;822.22;626.08
285;São João del Rei;MG;Privada;185;563.38;578.25;545.91;635.37;807.46;626.07
286;Descalvado;SP;Privada;62;567.52;581.73;544.28;628.07;808.39;626.0
287;Caicó;RN;Privada;120;562.42;580.88;544.92;615.45;825.83;625.9
288;Crateús;CE;Privada;39;543.16;576.76;524.87;620.03;864.62;625.89
289;Ampére;PR;Privada;11;576.6;579.48;549.56;592.61;830.91;625.83
290;Janaúba;MG;Federal;41;548.1;591.74;534.9;648.46;805.85;625.81
291;Itamogi;MG;Privada;3;563.93;600.63;545.83;578.53;840.0;625.79
292;Carazinho;RS;Privada;80;581.7;591.9;558.46;637.37;759.5;625.79
293;Matozinhos;MG;Privada;15;556.22;591.19;545.07;629.45;806.67;625.72
294;Brumado;BA;Federal;59;572.49;579.57;540.63;640.25;795.59;625.71
295;Carmo;RJ;Privada;29;558.31;581.62;525.66;613.31;849.66;625.71
296;Veranópolis;RS;Federal;19;564.3;595.99;535.24;606.62;826.32;625.69
297;São Leopoldo;RS;Privada;206;580.15;595.48;547.7;649.83;755.15;625.66
298;Tietê;SP;Privada;74;568.49;578.55;559.62;641.17;780.0;625.57
299;Uberlândia;MG;Federal;166;576.79;592.28;551.69;615.18;791.93;625.57
300;Colatina;ES;Federal;273;564.21;587.48;555.38;634.37;786.3;625.55
301;Porecatu;PR;Privada;13;578.93;613.78;560.49;611.23;763.08;625.5
302;Nova Mutum;MT;Privada;21;575.88;582.96;561.26;649.8;757.14;625.41
303;Maracaí;SP;Privada;9;560.34;582.33;564.94;654.98;764.44;625.41
304;Bento Gonçalves;RS;Privada;90;570.52;591.58;550.31;640.97;773.56;625.39
305;Assis;SP;Privada;135;576.13;585.83;546.17;638.19;780.15;625.29
306;Barroso;MG;Privada;12;565.71;572.01;519.57;583.64;885.0;625.19
307;Fortaleza;CE;Privada;5102;562.6;584.88;546.37;636.47;795.51;625.17
308;Mogi Guaçu;SP;Privada;140;575.84;590.05;561.93;639.82;758.14;625.16
309;Florianópolis;SC;Federal;274;585.21;592.89;560.46;669.64;717.59;625.16
310;Arcos;MG;Privada;40;556.17;572.53;538.66;649.99;808.0;625.07
311;Roca Sales;RS;Privada;26;572.65;600.92;534.77;629.17;786.92;624.89
312;Vacaria;RS;Privada;45;573.21;603.71;558.97;658.08;730.22;624.84
313;Cravinhos;SP;Privada;11;569.64;568.05;587.03;646.54;752.73;624.79
314;Carangola;MG;Privada;44;565.64;577.7;548.92;611.09;820.45;624.76
315;Pato Branco;PR;Federal;1;579.4;610.4;592.4;641.5;700.0;624.74
316;Guarapari;ES;Privada;63;570.25;585.03;541.44;635.17;791.75;624.73
317;Araricá;RS;Privada;3;544.9;574.5;517.7;713.07;773.33;624.7
318;Ibiapina;CE;Privada;11;563.07;585.96;540.81;626.2;807.27;624.66
319;Joinville;SC;Privada;881;569.46;584.51;552.43;650.81;766.11;624.66
320;Ribeirão Preto;SP;Privada;1708;569.36;587.11;556.66;630.49;779.6;624.64
321;Indaiatuba;SP;Privada;465;568.53;584.57;556.84;639.65;773.55;624.63
322;Ipiaú;BA;Privada;66;561.45;573.23;537.68;614.08;836.67;624.62
323;Miguel Pereira;RJ;Privada;27;558.53;561.96;539.99;639.45;822.22;624.43
324;Itapira;SP;Privada;72;563.82;579.46;559.12;646.07;772.78;624.25
325;Cascavel;PR;Federal;47;582.76;592.84;570.45;649.51;724.26;623.96
326;Primavera do Leste;MT;Privada;65;562.13;580.42;551.15;637.09;788.92;623.94
327;Guaratinguetá;SP;Privada;141;574.18;585.75;551.0;641.44;766.95;623.86
328;Santana de Parnaíba;SP;Privada;189;570.23;580.53;556.87;647.93;763.7;623.85
329;Caeté;MG;Privada;26;557.69;584.55;541.98;621.87;813.08;623.83
330;São José do Rio Pardo;SP;Privada;80;563.14;587.07;542.78;624.58;801.5;623.81
331;São João da Boa Vista;SP;Federal;40;576.17;576.58;532.69;638.61;795.0;623.81
332;Espera Feliz;MG;Privada;20;561.31;576.1;519.31;618.14;844.0;623.77
333;Currais Novos;RN;Federal;129;578.04;584.83;549.68;633.25;772.56;623.67
334;Ourilândia do Norte;PA;Privada;1;535.0;606.4;585.1;651.5;740.0;623.6
335;Ibiporã;PR;Privada;43;573.62;595.28;580.31;643.5;725.12;623.57
336;Guaçuí;ES;Privada;16;576.43;588.21;540.89;652.16;760.0;623.54
337;Jataí;GO;Privada;135;556.27;573.92;546.48;624.57;816.3;623.51
338;Porto Belo;SC;Privada;7;566.97;588.07;536.39;646.07;780.0;623.5
339;Teófilo Otoni;MG;Privada;87;570.92;581.62;538.82;627.73;798.16;623.45
340;Novo Hamburgo;RS;Federal;28;575.49;583.19;557.15;657.84;743.57;623.45
341;Passo Fundo;RS;Privada;220;570.85;580.42;537.1;627.15;801.73;623.45
342;Vassouras;RJ;Privada;23;565.47;588.54;556.19;631.15;775.65;623.4
343;Curvelo;MG;Federal;86;577.23;579.34;545.25;642.25;772.56;623.33
344;Dracena;SP;Privada;70;561.02;581.35;558.89;656.23;758.57;623.21
345;Pitangui;MG;Privada;18;558.94;577.66;528.26;692.09;757.78;622.95
346;Paraguaçu Paulista;SP;Privada;35;570.31;586.28;539.53;638.92;779.43;622.89
347;Parnamirim;RN;Federal;122;587.48;585.46;562.6;637.48;741.31;622.87
348;Santa Fé do Sul;SP;Privada;34;563.46;576.59;567.65;678.35;728.24;622.86
349;Dourados;MS;Privada;341;567.82;576.9;553.48;633.69;782.17;622.81
350;Barbalha;CE;Privada;34;535.96;561.94;548.56;639.31;828.24;622.8
351;Jaú;SP;Privada;245;564.13;584.29;553.08;629.11;783.27;622.78
352;Palmas;TO;Privada;427;566.81;581.1;541.66;627.31;796.39;622.66
353;Alto Bela Vista;SC;Estadual;2;483.1;567.0;585.85;716.8;760.0;622.55
354;Joinville;SC;Federal;68;584.09;600.32;563.25;690.11;674.71;622.5
355;Posse;GO;Privada;21;567.97;600.42;553.87;631.85;758.1;622.44
356;Volta Redonda;RJ;Privada;440;560.57;580.19;545.86;633.14;792.36;622.43
357;Boa Esperança;MG;Privada;47;553.73;583.76;550.61;645.58;777.87;622.31
358;Oliveira;MG;Privada;65;550.85;573.99;537.23;646.17;803.08;622.26
359;Barra Mansa;RJ;Privada;198;565.0;571.29;530.2;614.81;829.8;622.22
360;Cataguases;MG;Privada;64;559.79;581.36;543.07;633.37;793.44;622.21
361;Jaraguá do Sul;SC;Privada;273;568.76;579.61;554.25;654.02;754.21;622.17
362;Paraipaba;CE;Privada;11;562.85;601.15;534.85;591.97;820.0;622.16
363;Ibitinga;SP;Privada;56;569.33;577.71;554.46;621.45;787.86;622.16
364;Aroeiras;PB;Privada;10;544.52;592.68;532.01;639.45;802.0;622.13
365;Valença;RJ;Federal;23;560.32;589.46;554.92;626.74;779.13;622.11
366;Carmo do Rio Claro;MG;Privada;29;548.52;552.62;538.42;641.08;828.97;621.92
367;Santa Cruz das Palmeiras;SP;Privada;39;570.35;576.44;563.06;638.01;761.54;621.88
368;Curitibanos;SC;Privada;42;570.28;579.08;545.0;634.95;780.0;621.86
369;Contagem;MG;Privada;486;569.06;585.61;545.78;636.15;772.63;621.85
370;Chapecó;SC;Federal;45;587.93;606.26;546.15;638.54;730.22;621.82
371;Camaçari;BA;Federal;97;580.14;599.08;554.65;646.42;727.42;621.54
372;Itu;SP;Privada;215;564.29;586.96;557.09;635.47;763.63;621.49
373;Ibirité;MG;Federal;63;586.21;593.1;554.75;647.03;726.35;621.49
374;Lauro de Freitas;BA;Privada;527;564.86;581.26;539.91;617.8;803.53;621.47
375;Surubim;PE;Privada;96;543.7;562.17;527.14;604.93;868.96;621.38
376;Boa Vista do Cadeado;RS;Estadual;2;552.7;584.0;568.05;642.15;760.0;621.38
377;Abaeté;MG;Privada;14;566.83;601.97;549.34;641.59;747.14;621.37
378;Ouro Branco;MG;Privada;44;563.31;564.27;528.68;622.64;827.73;621.33
379;Mutum;MG;Privada;11;576.22;595.92;540.1;603.4;790.91;621.31
380;Santa Maria;RS;Privada;476;572.79;585.6;546.5;624.09;777.18;621.23
381;Congonhas;MG;Privada;53;549.34;567.09;535.08;637.1;816.98;621.12
382;Recife;PE;Privada;3607;564.06;580.57;543.9;638.46;778.47;621.09
383;Ourinhos;SP;Privada;161;566.04;581.63;545.33;654.66;757.64;621.06
384;São João Evangelista;MG;Federal;95;565.18;576.06;541.45;613.85;808.63;621.03
385;Três de Maio;RS;Privada;44;554.72;575.69;543.85;621.82;809.09;621.03
386;Rio Grande;RS;Federal;109;574.81;580.75;549.64;642.93;756.7;620.96
387;São Domingos do Maranhão;MA;Privada;6;556.35;571.38;538.0;585.72;853.33;620.96
388;São Carlos;SP;Privada;535;564.37;581.07;548.35;628.16;782.5;620.89
389;Três Corações;MG;Privada;77;561.71;567.26;539.09;620.82;815.32;620.84
390;Santarém;PA;Privada;196;565.48;585.65;539.13;605.29;808.57;620.83
391;Formiga;MG;Federal;62;569.33;576.17;537.35;623.07;798.06;620.8
392;Duque de Caxias;RJ;Federal;152;580.17;585.32;542.04;637.88;758.42;620.77
393;Iguatu;CE;Privada;147;556.29;586.27;543.11;633.71;783.95;620.67
394;Jaguaruana;CE;Privada;10;575.6;603.39;539.69;656.47;728.0;620.63
395;Palhoça;SC;Privada;170;570.25;588.46;549.09;651.68;743.29;620.56
396;Taquara;RS;Privada;76;559.0;577.25;532.2;608.76;825.26;620.49
397;Campina Grande;PB;Privada;994;562.41;580.5;537.43;611.81;810.12;620.45
398;São José de Ribamar;MA;Privada;41;552.83;583.0;530.77;606.07;829.27;620.39
399;Piranhas;AL;Privada;18;562.62;575.26;537.52;597.63;828.89;620.38
400;Arraial do Cabo;RJ;Federal;64;588.65;591.96;539.44;634.54;747.19;620.36
401;Sobral;CE;Privada;391;553.05;577.24;537.32;628.88;805.22;620.34
402;Central;BA;Privada;2;573.0;592.6;545.65;610.2;780.0;620.29
403;Passo Fundo;RS;Federal;26;576.03;581.08;553.22;638.7;752.31;620.27
404;Além Paraíba;MG;Privada;46;567.32;581.23;526.4;630.54;795.65;620.23
405;Conceição das Alagoas;MG;Privada;10;556.26;561.16;518.02;631.55;834.0;620.2
406;Janaúba;MG;Privada;55;538.84;563.31;531.42;630.25;837.09;620.18
407;São Manuel;SP;Privada;31;549.88;577.74;548.06;661.87;763.23;620.16
408;Picos;PI;Privada;223;546.99;575.63;534.75;627.12;815.87;620.07
409;Avaré;SP;Privada;129;569.77;582.15;546.14;635.58;766.36;620.0
410;Bragança Paulista;SP;Privada;261;563.23;578.58;551.72;627.81;778.54;619.98
411;Londrina;PR;Privada;1010;574.12;590.29;553.66;651.92;729.58;619.92
412;Altinópolis;SP;Privada;16;565.67;585.63;538.66;633.22;776.25;619.89
413;Petrolina;PE;Privada;471;560.01;578.83;539.57;638.63;782.17;619.84
414;Espírito Santo do Pinhal;SP;Privada;25;570.85;586.37;551.2;669.13;721.6;619.83
415;Santa Lúcia;PR;Estadual;1;544.5;524.3;425.2;665.1;940.0;619.82
416;São José;SC;Federal;59;577.15;592.61;545.06;652.67;731.53;619.8
417;Teixeira de Freitas;BA;Privada;124;552.61;567.28;532.47;612.1;834.19;619.73
418;Monte Carmelo;MG;Privada;24;571.89;581.67;521.93;618.96;804.17;619.72
419;Guaxupé;MG;Privada;78;570.52;582.82;554.68;646.89;743.33;619.65
420;Coromandel;MG;Privada;13;565.62;593.33;553.18;624.42;761.54;619.62
421;São Paulo;SP;Federal;285;584.1;592.42;540.82;636.53;744.14;619.6
422;Rio Verde;GO;Privada;243;561.65;578.03;538.56;632.84;786.75;619.57
423;Minaçu;GO;Privada;30;539.69;568.03;535.68;638.32;816.0;619.54
424;Caxias do Sul;RS;Privada;388;568.43;582.26;540.67;635.07;771.24;619.53
425;Alta Floresta;MT;Privada;28;550.3;573.15;521.98;608.56;843.57;619.51
426;Feliz;RS;Privada;12;559.79;568.87;534.03;656.43;778.33;619.49
427;Leopoldina;MG;Federal;70;567.25;584.34;546.63;632.09;766.86;619.43
428;Toledo;PR;Privada;190;563.84;589.8;542.98;635.3;765.05;619.39
429;Blumenau;SC;Privada;435;569.59;580.7;554.21;638.28;754.02;619.36
430;Anápolis;GO;Privada;445;558.48;574.1;542.8;615.75;805.35;619.29
431;São Geraldo da Piedade;MG;Municipal;1;550.0;579.6;538.5;708.0;720.0;619.22
432;Barreiras;BA;Privada;186;555.23;566.24;541.6;611.63;821.29;619.2
433;Barbacena;MG;Privada;199;563.83;582.82;538.29;631.98;778.89;619.16
434;São João da Boa Vista;SP;Privada;266;563.25;577.1;551.89;628.6;774.59;619.09
435;Aloândia;GO;Estadual;2;481.95;609.8;626.95;606.35;770.0;619.01
436;Três Corações;MG;Federal;51;568.79;565.47;530.78;621.86;807.84;618.95
437;Altônia;PR;Privada;5;582.42;586.0;535.26;626.96;764.0;618.93
438;Macaé;RJ;Privada;384;560.95;574.62;540.68;619.25;798.07;618.72
439;Natal;RN;Privada;2049;562.91;579.25;545.17;618.31;787.36;618.6
440;Petrópolis;RJ;Privada;614;564.41;576.44;545.0;625.0;782.08;618.59
441;Engenheiro Paulo de Frontin;RJ;Privada;1;621.8;610.2;466.0;574.7;820.0;618.54
442;Suzano;SP;Federal;32;579.95;586.36;542.78;636.68;746.88;618.53
443;Betim;MG;Privada;184;562.8;573.88;541.48;616.52;797.72;618.48
444;Colíder;MT;Privada;5;603.82;606.44;589.68;636.04;656.0;618.4
445;Caraguatatuba;SP;Federal;23;566.92;573.37;551.01;607.61;793.04;618.39
446;Rolim de Moura;RO;Privada;19;560.11;584.84;528.34;632.17;786.32;618.35
447;Cambé;PR;Privada;22;589.42;596.52;550.46;650.58;704.55;618.3
448;Tangará da Serra;MT;Privada;87;552.87;568.67;533.57;610.44;825.75;618.26
449;Salinópolis;PA;Privada;19;542.11;586.13;533.84;630.13;798.95;618.23
450;Mineiros do Tietê;SP;Privada;8;530.79;585.16;530.06;650.0;795.0;618.2
451;Araras;SP;Privada;158;564.25;583.5;548.17;638.03;756.71;618.13
452;Caruaru;PE;Federal;89;571.63;585.35;545.63;639.58;748.31;618.1
453;Americana;SP;Privada;460;567.2;582.77;552.48;639.73;748.09;618.05
454;Cambuí;MG;Privada;12;569.87;575.88;546.83;635.04;761.67;617.86
455;Itupeva;SP;Privada;76;570.76;583.58;543.14;635.14;756.58;617.84
456;Farroupilha;RS;Privada;23;584.99;583.35;540.87;637.09;742.61;617.78
457;Salinas da Margarida;BA;Privada;2;579.6;579.75;543.5;656.0;730.0;617.77
458;Santa Rosa;RS;Federal;32;569.76;591.03;545.37;626.39;756.25;617.76
459;São Bento do Sul;SC;Privada;79;570.33;585.47;554.53;648.52;729.87;617.74
460;Piracanjuba;GO;Privada;11;533.65;568.94;519.88;591.55;874.55;617.71
461;São Caetano do Sul;SP;Privada;473;568.35;576.61;545.92;635.41;762.11;617.68
462;Guaíra;PR;Privada;19;560.87;574.63;531.59;603.07;817.89;617.61
463;Goianésia;GO;Privada;32;561.73;581.34;532.5;603.04;809.38;617.6
464;Criciúma;SC;Federal;72;571.59;580.22;551.58;637.44;746.94;617.55
465;Catanduva;SP;Privada;251;564.38;576.04;543.21;619.45;784.62;617.54
466;Palmeira das Missões;RS;Privada;10;552.74;558.81;533.66;626.23;816.0;617.49
467;Portão;RS;Privada;24;582.84;594.5;533.75;641.98;734.17;617.45
468;Porto Ferreira;SP;Privada;56;550.19;570.18;537.56;620.78;808.21;617.38
469;Realeza;PR;Privada;11;561.78;578.28;517.86;646.68;781.82;617.29
470;Mafra;SC;Privada;51;582.85;594.97;568.02;635.46;704.71;617.2
471;Carmo de Minas;MG;Federal;28;572.52;590.72;542.12;658.44;722.14;617.19
472;Tubarão;SC;Privada;217;567.81;582.95;554.28;615.84;764.61;617.1
473;Campo Largo;PR;Federal;55;575.67;595.57;562.78;664.89;686.55;617.09
474;Formosa;GO;Federal;41;582.07;582.93;552.64;619.95;747.8;617.08
475;Ibatiba;ES;Federal;82;555.8;575.76;554.4;614.38;784.63;617.0
476;Ituverava;SP;Privada;77;552.75;569.96;539.52;611.06;811.69;616.99
477;Pau dos Ferros;RN;Privada;27;561.53;584.81;530.19;607.44;800.74;616.94
478;Jundiaí;SP;Privada;902;569.51;583.17;547.84;638.36;745.54;616.88
479;Natal;RN;Municipal;2;545.55;555.35;526.15;607.25;850.0;616.86
480;Bela Vista do Paraíso;PR;Privada;7;551.77;560.11;563.03;683.47;725.71;616.82
481;Frederico Westphalen;RS;Privada;36;555.83;575.08;537.48;608.43;807.22;616.81
482;Marataízes;ES;Privada;2;597.0;579.7;543.75;663.55;700.0;616.8
483;Otacílio Costa;SC;Municipal;1;555.7;593.4;556.9;737.9;640.0;616.78
484;Foz do Iguaçu;PR;Federal;86;576.72;588.18;545.54;626.21;747.21;616.77
485;Francisco Sá;MG;Privada;20;544.29;551.66;537.41;591.47;859.0;616.76
486;Pato Branco;PR;Privada;219;557.61;579.5;543.4;634.12;769.13;616.75
487;Sorocaba;SP;Privada;1072;571.53;584.39;552.12;629.28;746.38;616.74
488;Jaborá;SC;Estadual;7;546.76;595.67;555.09;637.34;748.57;616.69
489;Criciúma;SC;Privada;463;562.74;577.18;542.45;631.52;769.2;616.62
490;Vila Velha;ES;Privada;945;560.16;577.06;538.91;622.32;784.55;616.6
491;Nova Era;MG;Privada;17;541.7;576.99;540.44;635.38;788.24;616.55
492;Conselheiro Lafaiete;MG;Privada;61;563.87;584.54;535.11;609.62;789.51;616.53
493;Siqueira Campos;PR;Privada;5;602.84;604.82;545.12;593.72;736.0;616.5
494;São Bento do Sul;SC;Federal;50;568.87;583.61;559.14;620.06;750.8;616.5
495;Sidrolândia;MS;Privada;10;548.06;561.83;560.29;622.17;790.0;616.47
496;Boquim;SE;Privada;16;541.19;586.81;539.11;602.3;812.5;616.38
497;João Pessoa;PB;Privada;2155;555.97;575.16;537.3;617.4;794.72;616.11
498;Brasília de Minas;MG;Privada;8;518.24;566.04;527.41;623.56;845.0;616.05
499;Erval Grande;RS;Estadual;3;543.83;579.6;551.37;698.07;706.67;615.91
500;Conceição do Mato Dentro;MG;Privada;20;549.17;590.88;546.45;636.83;756.0;615.87
501;Rio de Janeiro;RJ;Privada;12586;566.45;583.1;538.79;625.07;765.39;615.76
502;Jarinu;SP;Privada;13;575.78;596.71;528.55;648.52;729.23;615.76
503;Três Passos;RS;Privada;25;568.1;568.58;530.23;625.33;786.4;615.73
504;Piripiri;PI;Privada;37;545.21;567.81;525.88;607.19;832.43;615.71
505;Linhares;ES;Privada;103;552.1;573.49;534.56;634.25;784.08;615.69
506;Piancó;PB;Privada;41;548.8;561.44;506.54;586.53;875.12;615.69
507;Feira de Santana;BA;Privada;930;561.27;577.9;541.35;617.77;780.04;615.67
508;Aparecida;SP;Privada;7;587.83;601.99;547.93;620.61;720.0;615.67
509;Ouro Preto;MG;Privada;23;540.94;571.88;536.31;645.33;783.48;615.59
510;João Dourado;BA;Privada;19;539.76;562.86;516.72;615.19;843.16;615.54
511;Igarapava;SP;Privada;29;558.23;564.66;543.17;622.64;788.28;615.4
512;Mogi Mirim;SP;Privada;72;567.03;578.74;561.36;633.07;736.67;615.37
513;Pau dos Ferros;RN;Federal;186;568.97;574.39;538.79;615.04;779.57;615.35
514;Bom Jardim;RJ;Privada;14;548.2;574.46;525.29;599.96;828.57;615.29
515;Barras;PI;Privada;30;544.99;576.07;522.24;612.99;820.0;615.26
516;Ouro Preto do Oeste;RO;Municipal;1;561.7;570.6;517.4;586.6;840.0;615.26
517;Goiânia;GO;Federal;229;577.13;586.45;538.22;619.33;754.85;615.2
518;Salto de Pirapora;SP;Privada;22;582.19;580.6;540.74;633.33;739.09;615.19
519;Cachoeira do Sul;RS;Privada;122;565.99;579.81;541.1;607.41;781.31;615.12
520;Campos do Jordão;SP;Federal;16;590.38;596.14;534.37;635.82;718.75;615.09
521;Itabaianinha;SE;Privada;28;515.5;562.14;503.39;608.59;885.71;615.07
522;Crato;CE;Privada;117;547.29;570.83;533.26;600.44;823.42;615.05
523;Gravataí;RS;Federal;39;587.81;591.7;546.11;626.7;722.05;614.87
524;Campo Grande;MS;Privada;1441;557.27;572.94;545.56;626.42;771.73;614.78
525;Holambra;SP;Privada;40;546.55;577.89;566.25;627.72;755.5;614.78
526;Arroio do Meio;RS;Privada;9;558.9;570.54;541.22;643.03;760.0;614.74
527;Ijuí;RS;Privada;85;564.63;581.08;542.25;617.6;768.0;614.71
528;Soledade;RS;Privada;8;551.04;562.64;522.96;611.79;825.0;614.69
529;Guapimirim;RJ;Privada;16;575.97;580.89;537.49;611.49;767.5;614.67
530;Brasília;DF;Privada;6141;570.8;581.43;548.71;616.46;755.76;614.63
531;Teófilo Otoni;MG;Federal;66;568.09;559.39;545.17;609.36;790.91;614.58
532;Candelária;RS;Privada;27;532.34;550.2;524.18;623.01;842.96;614.54
533;Taubaté;SP;Privada;476;566.49;577.5;550.31;623.73;754.66;614.54
534;Caicó;RN;Federal;150;569.94;572.82;538.59;606.83;784.53;614.54
535;Palmas;TO;Federal;96;572.69;596.51;544.8;625.72;732.29;614.4
536;Campinas;SP;Privada;1871;568.81;582.01;550.88;629.6;740.56;614.37
537;Comodoro;MT;Privada;3;521.33;569.23;593.53;647.53;740.0;614.33
538;Fartura;SP;Privada;17;567.67;588.55;543.08;654.08;717.65;614.2
539;São José do Rio Preto;SP;Privada;1011;562.9;580.18;546.77;621.9;758.89;614.13
540;Aracaju;SE;Privada;1877;556.75;575.09;536.26;606.62;795.92;614.13
541;Itapecerica;MG;Privada;10;542.17;572.63;526.41;663.45;766.0;614.13
542;Paulínia;SP;Municipal;76;566.24;581.67;550.61;643.08;728.95;614.11
543;Esperança;PB;Federal;45;560.17;572.93;535.19;601.07;800.89;614.05
544;Franca;SP;Privada;457;560.21;573.85;538.91;627.4;769.89;614.05
545;Penápolis;SP;Privada;110;553.5;589.91;543.43;610.66;772.36;613.97
546;Ponte Nova;MG;Privada;78;544.67;576.46;519.61;616.14;812.82;613.94
547;Cerquilho;SP;Privada;55;566.45;585.15;556.98;619.51;741.45;613.91
548;Guaíra;SP;Privada;74;560.49;574.21;546.49;636.2;752.16;613.91
549;Apodi;RN;Federal;135;562.67;573.22;535.64;597.34;800.59;613.89
550;Campanha;MG;Privada;27;553.34;575.07;532.28;625.67;782.96;613.87
551;Diamantina;MG;Federal;68;561.98;568.21;558.22;632.02;748.82;613.85
552;Tianguá;CE;Privada;68;553.59;560.89;540.91;606.38;807.35;613.82
553;Ituporanga;SC;Privada;11;566.49;590.22;528.96;588.37;794.55;613.72
554;Piumhi;MG;Federal;24;570.25;585.53;551.48;631.29;730.0;613.71
555;Balneário Camboriú;SC;Privada;282;567.54;576.63;548.15;629.01;747.16;613.7
556;Araguaína;TO;Privada;164;551.39;576.85;538.14;606.69;795.37;613.69
557;Cruz das Almas;BA;Privada;99;561.74;577.56;531.76;629.34;767.68;613.61
558;Parnaíba;PI;Privada;338;550.85;566.18;529.66;611.39;809.41;613.5
559;Guarulhos;SP;Federal;43;577.09;576.32;528.81;630.28;754.88;613.48
560;Feliz;RS;Federal;42;569.19;601.14;562.3;635.64;699.05;613.46
561;Bocaiúva;MG;Privada;55;552.05;558.8;522.98;614.57;818.91;613.46
562;Leopoldina;MG;Privada;48;562.31;578.68;522.27;625.17;778.33;613.36
563;Ibirubá;RS;Federal;67;557.67;570.98;536.44;633.3;768.06;613.29
564;Colorado;PR;Privada;15;518.79;542.87;539.19;626.44;838.67;613.19
565;Tauá;CE;Municipal;2;585.15;614.8;582.6;623.4;660.0;613.19
566;Cabo Frio;RJ;Privada;272;559.71;580.86;530.45;619.33;775.44;613.16
567;Curitiba;PR;Privada;4308;568.44;582.26;551.94;631.85;731.27;613.15
568;Pirassununga;SP;Privada;140;558.82;573.93;548.42;629.42;755.0;613.12
569;São José dos Quatro Marcos;MT;Privada;2;550.45;592.0;559.25;613.85;750.0;613.11
570;Coqueiros do Sul;RS;Estadual;5;549.98;560.44;561.82;613.3;780.0;613.11
571;Barueri;SP;Privada;283;568.67;580.62;547.69;620.12;747.92;613.0
572;Vieiras;MG;Estadual;3;559.37;590.97;524.9;649.57;740.0;612.96
573;Manhumirim;MG;Privada;36;555.66;572.57;539.42;614.69;782.22;612.92
574;Conceição de Macabu;RJ;Privada;10;556.03;590.02;553.55;602.96;762.0;612.91
575;Sapé;PB;Privada;39;550.72;571.02;526.16;595.06;821.54;612.9
576;São Miguel do Oeste;SC;Federal;63;563.93;571.22;543.28;603.1;782.86;612.88
577;Teofilândia;BA;Privada;40;562.44;559.42;534.37;597.08;811.0;612.86
578;Taquaritinga;SP;Privada;55;561.03;575.1;544.48;623.29;760.36;612.85
579;Itamonte;MG;Privada;6;567.07;579.0;547.42;644.0;726.67;612.83
580;Guanambi;BA;Federal;127;549.94;569.94;531.04;608.9;804.25;612.81
581;Marília;SP;Privada;515;561.39;572.58;540.46;617.93;771.57;612.79
582;Itatiba;SP;Privada;163;568.25;581.31;554.42;644.38;715.21;612.71
583;Lagarto;SE;Privada;35;547.32;572.2;537.42;592.65;813.71;612.66
584;Terra Rica;PR;Privada;8;534.78;552.67;565.69;604.96;805.0;612.62
585;Arapongas;PR;Privada;97;567.09;584.02;537.45;628.87;745.36;612.56
586;Laranjeiras do Sul;PR;Privada;20;544.19;573.12;544.38;592.69;808.0;612.48
587;Angatuba;SP;Privada;1;583.7;635.4;532.1;551.0;760.0;612.44
588;Votuporanga;SP;Privada;174;555.75;574.71;541.4;618.51;771.72;612.42
589;Sinop;MT;Privada;323;550.96;573.56;536.25;618.91;782.29;612.39
590;Camaquã;RS;Federal;82;564.87;570.07;543.11;618.42;764.88;612.27
591;Paraty;RJ;Privada;61;577.71;584.97;550.06;618.64;729.84;612.25
592;Xaxim;SC;Privada;15;534.16;535.51;521.11;605.05;865.33;612.23
593;Nova Iguaçu;RJ;Federal;98;575.3;580.24;534.87;631.83;738.78;612.2
594;Nova Araçá;RS;Privada;10;567.51;577.99;550.56;596.73;768.0;612.16
595;Pires do Rio;GO;Privada;58;548.06;572.7;549.27;595.89;794.83;612.15
596;Ibirubá;RS;Privada;22;567.87;581.73;511.93;609.11;790.0;612.13
597;Morro Agudo;SP;Privada;3;549.13;612.7;527.03;665.0;706.67;612.11
598;Campina das Missões;RS;Estadual;11;530.15;564.51;535.2;626.64;803.64;612.03
599;Itaberaí;GO;Privada;67;555.28;569.22;515.67;614.13;805.67;611.99
600;Maricá;RJ;Federal;67;579.03;595.62;523.07;603.32;758.81;611.97
601;Porto Franco;MA;Privada;14;557.56;572.02;541.75;604.0;784.29;611.92
602;Araguari;MG;Privada;165;557.13;571.05;540.03;615.34;776.0;611.91
603;Piracicaba;SP;Privada;599;566.59;580.73;546.89;627.29;737.83;611.87
604;Uruguaiana;RS;Privada;98;563.19;571.27;543.71;605.24;775.71;611.83
605;Guaraciaba do Norte;CE;Privada;29;551.83;568.88;539.51;595.63;802.76;611.72
606;Mundo Novo;MS;Privada;6;564.32;569.65;504.0;637.18;783.33;611.7
607;Pinheiral;RJ;Municipal;1;574.6;598.1;582.7;443.0;860.0;611.68
608;São Bernardo do Campo;SP;Privada;1535;568.31;580.16;542.86;626.61;739.91;611.57
609;Chopinzinho;PR;Privada;11;553.11;580.57;536.86;632.36;754.55;611.49
610;Aguaí;SP;Privada;8;597.52;584.81;560.81;521.72;792.5;611.48
611;Malhador;SE;Privada;15;539.87;567.25;537.54;612.28;800.0;611.39
612;Santo Ângelo;RS;Privada;91;566.11;566.18;533.37;616.02;773.85;611.11
613;Piedade;SP;Privada;26;576.46;576.95;560.91;638.66;702.31;611.06
614;Itápolis;SP;Privada;47;557.25;573.5;554.73;606.33;762.98;610.96
615;Palmital;SP;Privada;11;554.81;559.82;554.75;596.13;789.09;610.92
616;Campo Maior;PI;Privada;41;543.4;562.59;536.65;602.17;809.76;610.91
617;Sombrio;SC;Privada;20;554.71;558.08;515.86;593.24;832.0;610.78
618;Campo Bom;RS;Privada;28;573.94;573.87;538.94;646.22;720.71;610.74
619;Socorro;SP;Privada;54;557.37;587.64;546.59;641.29;720.74;610.73
620;Brotas;SP;Privada;39;572.03;578.44;537.56;607.62;757.95;610.72
621;Ipatinga;MG;Municipal;1;553.6;612.4;526.3;561.3;800.0;610.72
622;São Geraldo da Piedade;MG;Estadual;2;572.2;533.6;521.75;635.8;790.0;610.67
623;Rolândia;PR;Privada;52;557.0;572.17;550.62;626.17;747.31;610.66
624;Peçanha;MG;Privada;9;538.13;562.57;508.38;603.93;840.0;610.6
625;Araçatuba;SP;Privada;349;556.44;574.0;551.12;628.09;743.27;610.58
626;Barão de Cocais;MG;Privada;46;551.63;569.67;533.37;607.19;790.87;610.55
627;Pindamonhangaba;SP;Privada;222;561.06;574.71;551.09;620.91;744.77;610.51
628;Boa Viagem;CE;Federal;48;549.58;558.32;516.81;589.72;837.92;610.47
629;Aracruz;ES;Privada;119;551.0;572.8;532.93;615.51;780.0;610.45
630;Pedro Leopoldo;MG;Privada;66;546.72;571.66;532.0;623.22;778.48;610.42
631;Anta Gorda;RS;Privada;14;538.39;580.01;509.96;600.79;822.86;610.4
632;Santana do Ipanema;AL;Privada;18;539.77;569.71;523.13;616.92;802.22;610.35
633;São Luís;MA;Privada;1691;552.83;572.84;527.91;606.76;791.37;610.34
634;Barretos;SP;Privada;155;559.19;574.96;535.03;625.82;756.26;610.25
635;Presidente Bernardes;SP;Privada;13;549.92;568.92;547.4;596.87;787.69;610.16
636;Água Boa;MT;Privada;22;540.33;559.39;551.56;623.49;775.45;610.04
637;Nova Soure;BA;Privada;10;565.81;588.49;531.0;608.8;756.0;610.02
638;Poços de Caldas;MG;Federal;60;573.77;584.7;548.26;646.98;696.33;610.01
639;Remanso;BA;Privada;36;546.36;571.41;518.3;611.71;802.22;610.0
640;Seropédica;RJ;Federal;65;565.73;578.56;547.8;614.32;743.08;609.9
641;Catanduva;SP;Federal;72;558.96;579.41;527.5;619.99;762.22;609.62
642;Machado;MG;Privada;66;544.27;558.71;530.39;611.84;802.42;609.53
643;Santo Ângelo;RS;Federal;31;569.12;577.16;543.12;625.29;732.9;609.52
644;Nanuque;MG;Privada;12;550.77;582.69;541.63;625.87;746.67;609.52
645;Vitória da Conquista;BA;Federal;140;572.15;586.64;536.75;620.75;730.71;609.4
646;Brejo do Cruz;PB;Privada;12;521.96;545.22;526.66;591.43;861.67;609.39
647;Resende;RJ;Federal;10;589.88;583.55;520.85;582.26;770.0;609.31
648;Araraquara;SP;Privada;447;558.6;570.04;547.58;613.21;757.09;609.3
649;Lajeado;RS;Federal;43;572.95;582.8;541.55;635.13;713.95;609.28
650;Araquari;SC;Federal;144;576.58;581.41;550.48;621.47;716.39;609.27
651;Piracicaba;SP;Federal;42;574.08;580.76;533.3;618.86;739.05;609.21
652;Cametá;PA;Privada;110;544.08;574.19;510.19;590.95;826.36;609.15
653;Cunha;SP;Privada;11;562.36;601.23;538.3;647.45;696.36;609.14
654;Dores do Indaiá;MG;Privada;21;545.17;557.9;553.23;623.5;765.71;609.1
655;Goianinha;RN;Privada;25;556.76;560.91;523.96;574.6;828.8;609.01
656;Rio Negrinho;SC;Privada;14;552.99;557.98;538.73;662.29;732.86;608.97
657;Mococa;SP;Privada;110;555.72;565.81;534.68;611.27;776.91;608.88
658;Pelotas;RS;Privada;415;554.86;572.54;531.92;626.12;758.7;608.83
659;Inhumas;GO;Privada;67;546.39;570.62;532.41;619.17;775.52;608.82
660;Cajazeiras;PB;Federal;158;555.37;570.44;524.55;611.83;781.77;608.79
661;Pedralva;MG;Privada;8;591.52;563.3;526.79;574.34;787.5;608.69
662;Rio Claro;SP;Privada;315;566.81;578.16;544.12;630.08;724.19;608.67
663;Palmeiras de Goiás;GO;Privada;18;569.13;567.56;516.92;589.63;800.0;608.65
664;Ribeira do Pombal;BA;Privada;85;553.76;557.92;525.66;604.89;800.94;608.63
665;Rio das Ostras;RJ;Privada;327;566.14;580.73;528.72;606.52;760.67;608.56
666;Rio Branco;AC;Privada;449;549.94;571.83;529.67;592.5;798.84;608.56
667;Jequié;BA;Privada;83;549.77;567.95;529.32;596.82;798.8;608.53
668;Saquarema;RJ;Privada;72;563.83;580.05;539.47;620.59;738.33;608.45
669;Cuiabá;MT;Privada;1509;549.52;568.79;527.29;611.27;785.39;608.45
670;Pirangi;SP;Privada;12;545.61;581.66;529.29;612.01;773.33;608.38
671;Nova Aurora;GO;Estadual;1;641.6;618.7;504.1;717.5;560.0;608.38
672;Torre de Pedra;SP;Estadual;1;585.9;548.5;497.8;689.6;720.0;608.36
673;Tabuleiro do Norte;CE;Privada;11;572.49;579.83;512.74;594.85;781.82;608.34
674;Videira;SC;Privada;31;568.97;580.48;539.85;641.95;710.32;608.31
675;Ivoti;RS;Privada;38;562.55;569.62;521.36;631.09;756.84;608.29
676;Pedreiras;MA;Privada;23;553.68;569.08;525.51;613.84;779.13;608.25
677;Utinga;BA;Privada;5;568.24;595.2;585.92;655.84;636.0;608.24
678;Formosa do Rio Preto;BA;Privada;8;561.61;556.29;527.26;593.45;802.5;608.22
679;Bezerros;PE;Privada;32;532.15;554.36;536.4;585.88;831.88;608.13
680;Birigui;SP;Privada;112;557.39;571.39;545.69;615.49;750.36;608.06
681;Jaraguá do Sul;SC;Federal;64;576.98;580.06;554.12;615.79;713.12;608.02
682;Atibaia;SP;Privada;229;563.01;580.47;542.11;617.48;736.86;607.99
683;Nova Russas;CE;Privada;20;536.87;568.97;557.96;592.94;783.0;607.95
684;Caçador;SC;Privada;45;558.59;573.77;543.51;618.54;745.33;607.95
685;Gaspar;SC;Federal;64;567.45;571.78;545.02;616.7;738.75;607.94
686;São Mateus;ES;Privada;96;546.46;567.78;532.21;611.09;781.88;607.88
687;Osório;RS;Privada;27;548.48;575.07;523.52;590.05;802.22;607.87
688;Mogi das Cruzes;SP;Privada;505;561.37;567.48;535.04;622.41;752.55;607.77
689;Dona Francisca;RS;Estadual;3;557.93;580.8;517.57;648.9;733.33;607.71
690;Santa Terezinha de Itaipu;PR;Privada;7;572.9;587.23;527.59;590.86;760.0;607.71
691;Campos dos Goytacazes;RJ;Federal;287;568.19;575.88;544.16;627.05;722.58;607.57
692;Garibaldi;RS;Privada;28;560.7;561.73;529.75;625.59;760.0;607.55
693;Uruguaiana;RS;Federal;26;587.75;589.26;548.58;608.2;703.85;607.53
694;Poço Fundo;MG;Privada;9;552.96;557.96;506.1;620.01;800.0;607.4
695;São Paulo;SP;Privada;17625;567.28;578.75;544.39;623.6;722.87;607.38
696;Serrinha;BA;Privada;61;546.07;561.42;530.8;593.87;804.59;607.35
697;Xanxerê;SC;Privada;97;548.88;565.13;548.65;612.21;761.65;607.3
698;Regente Feijó;SP;Privada;31;552.0;585.51;551.93;621.41;725.16;607.2
699;Blumenau;SC;Federal;53;565.48;575.98;558.45;657.12;678.87;607.18
700;Maringá;PR;Privada;1023;561.43;574.3;545.94;612.16;741.97;607.16
701;Dores do Turvo;MG;Estadual;11;571.5;585.29;524.88;683.13;670.91;607.14
702;São Carlos;SP;Federal;52;559.5;574.89;535.51;625.76;740.0;607.13
703;Pirapozinho;SP;Privada;21;571.14;576.69;535.4;620.99;731.43;607.13
704;Anapurus;MA;Privada;18;550.74;572.37;527.16;584.09;801.11;607.09
705;Miracema;RJ;Privada;14;562.99;575.52;499.89;595.6;801.43;607.09
706;Nepomuceno;MG;Privada;20;541.97;572.77;541.43;637.18;742.0;607.07
707;Valença;RJ;Privada;32;562.28;559.49;540.98;591.16;781.25;607.03
708;Garça;SP;Privada;56;557.41;571.72;544.23;609.93;751.79;607.01
709;Jaguariúna;SP;Privada;50;561.05;566.96;544.84;609.13;752.8;606.96
710;Itapetininga;SP;Federal;44;585.08;594.04;535.2;624.57;695.91;606.96
711;Cascavel;PR;Privada;326;563.09;569.71;545.42;618.64;737.73;606.92
712;Araruama;RJ;Privada;168;566.0;577.35;532.78;613.33;744.64;606.82
713;Birigui;SP;Federal;47;558.33;556.56;528.45;611.58;779.15;606.81
714;São José;SC;Privada;578;561.08;577.98;544.35;620.68;729.58;606.73
715;Botucatu;SP;Privada;379;563.02;577.91;546.79;620.51;725.38;606.72
716;Caçapava do Sul;RS;Privada;15;561.9;571.71;557.36;568.83;773.33;606.63
717;Cabo Frio;RJ;Federal;84;573.14;571.46;533.65;623.64;731.19;606.62
718;Arcoverde;PE;Privada;91;546.12;570.51;532.25;627.41;756.7;606.6
719;Poções;BA;Privada;11;528.07;568.17;517.38;604.55;814.55;606.55
720;João Pessoa;PB;Municipal;1;593.4;606.8;611.0;641.3;580.0;606.5
721;São Ludgero;SC;Privada;7;570.44;565.17;533.97;565.46;797.14;606.44
722;Tapiraí;MG;Estadual;3;579.0;568.9;538.53;625.73;720.0;606.43
723;Guaranésia;MG;Privada;8;552.41;604.54;520.79;606.76;747.5;606.4
724;Macaíba;RN;Federal;52;565.12;584.23;559.06;610.52;713.08;606.4
725;Parauapebas;PA;Privada;231;548.34;564.54;536.19;593.26;789.61;606.39
726;Votuporanga;SP;Federal;71;567.13;572.41;533.14;644.04;715.21;606.38
727;Brusque;SC;Federal;95;571.45;583.76;544.38;626.66;705.05;606.26
728;Santaluz;BA;Privada;16;536.67;565.89;517.11;599.06;812.5;606.25
729;Luzerna;SC;Federal;45;573.02;583.95;530.34;621.55;722.22;606.22
730;Salvador;BA;Privada;4242;557.7;573.36;536.02;598.7;765.26;606.21
731;Carmópolis de Minas;MG;Privada;18;534.11;570.49;544.21;602.24;780.0;606.21
732;Iraquara;BA;Privada;8;535.3;532.64;503.26;587.02;872.5;606.14
733;Cesário Lange;SP;Privada;11;557.09;578.3;538.81;639.87;716.36;606.09
734;Alfenas;MG;Privada;133;550.83;569.57;525.61;606.54;777.89;606.09
735;Ibaiti;PR;Privada;21;572.32;575.21;523.72;646.74;712.38;606.07
736;Alpinópolis;MG;Privada;31;520.2;539.07;519.6;594.53;856.77;606.03
737;São Pedro;SP;Privada;11;557.43;559.19;532.75;655.16;725.45;606.0
738;Ituiutaba;MG;Privada;77;546.95;572.87;526.35;606.54;777.14;605.97
739;Jacareí;SP;Federal;50;568.16;572.13;527.22;633.77;728.4;605.94
740;Quirinópolis;GO;Privada;40;544.79;552.69;527.38;595.3;809.5;605.93
741;Guanambi;BA;Privada;41;546.16;571.04;503.6;603.73;804.88;605.88
742;Paracambi;RJ;Federal;79;570.03;579.63;542.1;641.82;695.44;605.8
743;Cruz Alta;RS;Privada;32;575.47;569.26;543.91;580.93;759.38;605.79
744;Lages;SC;Privada;230;558.08;579.13;543.62;609.59;738.17;605.72
745;Paraíso do Tocantins;TO;Privada;11;569.25;566.56;547.86;619.2;725.45;605.67
746;Santo Augusto;RS;Federal;57;540.53;560.96;538.65;604.31;783.86;605.66
747;Ipanguaçu;RN;Federal;84;561.85;580.02;531.67;607.8;746.67;605.6
748;Belém;PA;Privada;3281;549.48;571.36;524.15;587.88;794.94;605.56
749;Eusébio;CE;Privada;40;544.24;563.62;520.74;615.18;783.5;605.46
750;Indaial;SC;Privada;20;583.36;589.86;529.75;608.28;716.0;605.45
751;João Pessoa;PB;Federal;257;559.28;573.03;531.69;615.6;747.32;605.38
752;Arapiraca;AL;Privada;414;548.19;565.63;524.53;607.59;780.63;605.31
753;Ibirubá;RS;Municipal;1;571.7;558.2;438.1;618.3;840.0;605.26
754;Unaí;MG;Privada;88;542.68;561.55;536.34;615.06;770.68;605.26
755;Sorriso;MT;Privada;118;549.87;562.76;532.41;610.86;770.34;605.25
756;Martinho Campos;MG;Municipal;1;567.4;609.7;606.2;642.6;600.0;605.18
757;Venâncio Aires;RS;Federal;55;573.21;575.6;521.03;616.4;739.64;605.18
758;Trindade;GO;Privada;54;539.46;563.6;518.66;597.52;806.3;605.11
759;Cláudio;MG;Privada;18;535.02;584.66;525.51;636.94;743.33;605.09
760;Varre-Sai;RJ;Privada;11;553.06;567.25;545.72;648.41;710.91;605.07
761;Tucano;BA;Privada;21;557.67;569.81;535.92;574.81;786.67;604.98
762;Feira de Santana;BA;Federal;60;580.11;575.91;528.05;597.33;743.33;604.95
763;Riachão do Jacuípe;BA;Privada;33;553.35;573.2;522.61;625.67;749.7;604.9
764;Imbituba;SC;Privada;30;548.17;566.85;552.16;616.39;740.67;604.85
765;Sousa;PB;Privada;110;534.63;567.17;528.23;597.56;796.36;604.79
766;Não-Me-Toque;RS;Privada;16;583.6;574.68;542.19;618.32;705.0;604.76
767;Vitória da Conquista;BA;Privada;477;551.18;571.28;531.88;603.44;765.45;604.65
768;Pelotas;RS;Federal;357;566.34;574.18;536.03;615.55;730.92;604.61
769;Presidente Prudente;SP;Privada;402;556.43;571.81;543.74;619.22;731.74;604.59
770;Bebedouro;SP;Privada;152;561.58;567.83;539.21;601.07;753.16;604.57
771;Biquinhas;MG;Estadual;1;603.3;630.1;508.1;661.3;620.0;604.56
772;Esplanada;BA;Privada;11;549.08;553.53;544.32;557.52;818.18;604.53
773;Seabra;BA;Federal;99;556.88;571.96;533.59;588.07;772.12;604.52
774;Conceição do Coité;BA;Privada;70;550.17;559.51;538.38;591.16;783.14;604.47
775;Boituva;SP;Privada;68;560.81;577.12;540.26;621.76;722.35;604.46
776;Naviraí;MS;Privada;50;556.02;554.26;532.6;621.43;758.0;604.46
777;Itaquaquecetuba;SP;Federal;53;565.36;572.74;513.16;594.04;776.98;604.46
778;Paraopeba;MG;Privada;13;549.86;552.55;549.45;596.45;773.85;604.43
779;Ortigueira;PR;Privada;10;549.94;576.6;523.39;582.15;790.0;604.42
780;Coelho Neto;MA;Privada;5;558.16;552.04;500.48;615.34;796.0;604.4
781;Caruaru;PE;Privada;533;552.79;566.98;529.6;608.85;763.38;604.32
782;Salto;SP;Federal;49;568.33;559.42;535.34;633.57;724.9;604.31
783;Araripina;PE;Privada;42;524.57;543.54;526.55;598.69;828.1;604.29
784;Grupiara;MG;Estadual;4;577.52;557.78;524.15;606.95;755.0;604.28
785;Santo Antônio de Pádua;RJ;Privada;37;555.02;563.27;524.89;606.83;771.35;604.27
786;Mossoró;RN;Privada;587;542.37;560.38;527.97;600.8;789.78;604.26
787;São Borja;RS;Federal;18;586.23;574.81;533.08;585.91;741.11;604.23
788;São Miguel Arcanjo;SP;Privada;11;562.61;572.72;548.7;620.56;716.36;604.19
789;Vacaria;RS;Federal;29;555.1;564.74;511.61;624.54;764.83;604.16
790;Santo André;SP;Privada;1571;564.04;575.47;540.09;621.31;719.89;604.16
791;Santo Amaro;BA;Federal;46;577.87;592.55;545.76;608.2;696.09;604.09
792;Salto;SP;Privada;147;551.59;570.45;535.97;612.94;749.39;604.07
793;Pontal;SP;Privada;33;536.77;559.09;544.61;636.82;743.03;604.06
794;Araguaína;TO;Federal;63;557.17;572.03;554.38;593.83;742.86;604.05
795;Santa Bárbara d'Oeste;SP;Privada;115;556.3;570.74;528.59;625.91;738.26;603.96
796;Guarapuava;PR;Privada;223;561.55;580.27;538.02;606.15;733.72;603.94
797;Itaituba;PA;Privada;89;521.07;559.63;510.82;574.22;853.93;603.93
798;Porteirinha;MG;Privada;4;541.92;578.67;571.85;616.9;710.0;603.87
799;Venda Nova do Imigrante;ES;Federal;109;554.91;575.07;534.37;618.21;736.33;603.78
800;Patrocínio;MG;Privada;82;544.6;555.86;522.6;594.3;801.46;603.77
801;Lucas do Rio Verde;MT;Federal;37;562.5;574.68;562.28;601.03;718.38;603.77
802;Itaperuna;RJ;Federal;101;547.15;561.03;515.4;604.72;790.5;603.76
803;Marialva;PR;Privada;24;549.78;579.74;527.77;593.12;768.33;603.75
804;Umuarama;PR;Federal;77;574.14;578.32;535.7;610.27;720.26;603.74
805;Campo Verde;MT;Privada;63;543.1;566.09;542.72;600.5;765.71;603.63
806;Santo Antônio;RN;Privada;37;545.97;567.49;517.92;593.16;793.51;603.61
807;Canoas;RS;Privada;327;565.37;570.23;529.19;611.26;741.96;603.6
808;Ceará-Mirim;RN;Privada;19;548.27;564.72;542.09;593.42;769.47;603.6
809;Ouro Preto;MG;Federal;221;572.07;575.77;527.82;614.08;728.24;603.59
810;Andradas;MG;Privada;55;554.64;562.33;535.37;591.77;773.82;603.58
811;Três Rios;RJ;Privada;174;558.33;573.25;534.01;603.23;748.74;603.51
812;Vera;MT;Privada;2;518.65;580.2;483.3;525.25;910.0;603.48
813;Nossa Senhora das Dores;SE;Privada;6;538.9;558.03;570.15;603.58;746.67;603.47
814;Rio Pomba;MG;Privada;9;563.1;575.96;559.44;631.98;686.67;603.43
815;Campos dos Goytacazes;RJ;Privada;513;554.17;567.91;536.69;604.05;754.35;603.43
816;Gravatá;PE;Privada;62;541.5;562.63;542.99;587.96;781.94;603.4
817;Severiano de Almeida;RS;Estadual;4;527.22;562.52;528.8;593.4;805.0;603.39
818;Brumadinho;MG;Privada;28;550.48;572.91;533.48;600.51;759.29;603.33
819;Nova Cruz;RN;Federal;153;554.85;564.44;523.07;611.17;763.01;603.31
820;Armação dos Búzios;RJ;Privada;29;545.47;555.97;529.2;594.43;791.03;603.22
821;Santo Antônio de Pádua;RJ;Federal;55;561.42;566.46;508.37;616.9;762.91;603.21
822;Cambará;PR;Privada;29;568.19;581.36;530.48;621.43;714.48;603.19
823;Juína;MT;Privada;19;560.03;570.95;549.98;608.87;725.26;603.02
824;Passos;MG;Federal;60;556.49;566.89;531.62;598.4;761.67;603.01
825;Bela Cruz;CE;Privada;12;538.52;567.24;548.02;600.88;760.0;602.93
826;Almenara;MG;Federal;78;560.32;549.24;512.76;581.51;810.77;602.92
827;Parnamirim;RN;Privada;595;549.64;561.26;523.25;601.52;778.82;602.9
828;Jales;SP;Privada;62;548.28;561.43;541.36;610.49;752.9;602.89
829;Teixeira de Freitas;BA;Federal;49;556.44;567.93;530.7;602.45;756.73;602.85
830;Itajaí;SC;Privada;328;557.64;570.11;545.67;612.6;727.56;602.72
831;Caraguatatuba;SP;Privada;81;562.41;572.82;532.41;601.84;743.95;602.69
832;Itabuna;BA;Privada;294;555.92;562.88;527.29;596.21;771.09;602.67
833;Astorga;PR;Privada;11;552.03;566.85;551.85;569.75;772.73;602.64
834;Floriano;PI;Federal;191;544.07;555.86;523.22;605.41;784.61;602.63
835;Ilhéus;BA;Privada;225;548.86;564.6;524.42;595.41;779.82;602.62
836;Belém;PA;Federal;462;557.1;575.32;533.24;597.2;750.26;602.62
837;Canela;RS;Privada;59;563.25;573.79;530.87;600.67;744.41;602.6
838;Colatina;ES;Privada;83;550.38;558.12;529.59;607.22;767.47;602.56
839;Aparecida do Taboado;MS;Privada;23;559.79;567.55;515.09;623.44;746.96;602.56
840;Lins;SP;Privada;95;562.07;576.66;545.26;624.25;704.42;602.53
841;Macaé;RJ;Municipal;110;562.72;565.43;527.94;601.76;754.73;602.51
842;Correntina;BA;Privada;8;509.14;578.8;552.92;626.7;745.0;602.51
843;Lagamar;MG;Estadual;4;573.88;587.62;552.15;643.78;655.0;602.48
844;Lagarto;SE;Federal;78;552.28;571.92;526.24;603.47;758.21;602.43
845;Caldas Novas;GO;Privada;90;553.99;575.07;538.68;603.21;740.67;602.32
846;Marabá;PA;Privada;254;541.85;559.16;526.12;586.02;797.8;602.19
847;Irecê;BA;Privada;166;540.87;562.84;524.42;598.29;784.46;602.18
848;Cristalina;GO;Privada;45;557.86;565.05;530.02;599.77;758.22;602.18
849;Areado;MG;Privada;21;540.02;550.97;508.93;605.14;805.71;602.15
850;Iguaí;BA;Privada;7;552.99;581.0;500.79;578.74;797.14;602.13
851;Itamaraju;BA;Privada;26;531.2;557.75;517.75;607.58;796.15;602.09
852;Piau;MG;Estadual;2;568.6;593.65;514.05;643.95;690.0;602.05
853;Irecê;BA;Federal;74;570.67;569.55;544.35;600.81;724.86;602.05
854;Araranguá;SC;Federal;110;566.34;568.19;536.72;599.88;739.09;602.04
855;Quedas do Iguaçu;PR;Federal;21;572.53;572.97;554.46;643.26;666.67;601.98
856;Catolé do Rocha;PB;Federal;126;535.83;548.71;513.34;607.94;803.97;601.96
857;Parelhas;RN;Privada;11;539.72;567.96;506.31;581.19;814.55;601.95
858;Dourados;MS;Federal;79;569.8;566.57;538.24;603.13;731.9;601.93
859;Maricá;RJ;Privada;118;556.92;570.65;512.25;612.21;757.63;601.93
860;Sant'Ana do Livramento;RS;Privada;85;553.81;567.07;526.28;587.07;775.06;601.86
861;Lambari;MG;Privada;5;525.02;526.64;526.48;674.5;756.0;601.73
862;Aiuruoca;MG;Estadual;2;557.65;574.8;477.75;658.4;740.0;601.72
863;Cordeiro;RJ;Privada;51;544.63;570.38;529.83;585.35;778.43;601.72
864;Taiobeiras;MG;Privada;22;548.7;565.42;517.74;618.42;758.18;601.69
865;Camboriú;SC;Federal;111;566.46;573.98;547.17;596.51;724.32;601.69
866;Arapoti;PR;Privada;25;564.05;585.94;541.24;637.82;679.2;601.65
867;Cachoeiras de Macacu;RJ;Privada;35;548.85;563.81;527.36;571.66;796.0;601.54
868;Santa Cruz do Rio Pardo;SP;Privada;71;557.37;572.69;535.89;616.36;725.35;601.53
869;São Miguel do Oeste;SC;Privada;83;556.34;580.18;530.33;598.04;742.65;601.51
870;Conchas;SP;Privada;28;547.9;560.49;531.66;633.43;733.57;601.41
871;Pilar do Sul;SP;Privada;17;557.13;568.26;534.58;635.16;711.76;601.38
872;Três Pontas;MG;Privada;26;519.44;550.26;538.78;619.07;779.23;601.36
873;Jequitinhonha;MG;Privada;9;517.58;548.74;561.03;614.92;764.44;601.34
874;Araputanga;MT;Privada;4;529.8;537.12;500.12;589.28;850.0;601.26
875;Suzano;SP;Privada;269;551.28;564.83;528.16;616.87;745.13;601.26
876;Ijuí;RS;Estadual;214;554.22;569.1;546.4;614.2;722.34;601.25
877;Bauru;SP;Privada;611;558.44;566.48;535.55;611.73;733.78;601.2
878;Alegre;ES;Federal;105;544.28;566.07;538.8;592.91;763.81;601.17
879;Júlio de Castilhos;RS;Federal;37;544.96;564.42;537.76;619.7;738.92;601.15
880;Serra;ES;Privada;257;547.68;563.31;527.96;610.19;756.58;601.14
881;Inhumas;GO;Federal;38;565.78;574.28;518.73;610.91;735.79;601.1
882;Monte Alto;SP;Privada;86;547.58;561.89;532.22;609.08;754.65;601.08
883;Sertãozinho;SP;Federal;46;563.79;566.73;534.31;630.36;710.0;601.04
884;São Luís de Montes Belos;GO;Privada;54;541.54;553.61;527.35;592.58;790.0;601.02
885;Imperatriz;MA;Privada;328;537.68;549.96;519.91;605.02;792.5;601.01
886;Panambi;RS;Federal;15;557.37;559.16;550.03;614.45;724.0;601.0
887;Jundiaí;SP;Federal;32;576.63;561.75;539.66;586.21;740.62;600.98
888;Paulo Afonso;BA;Privada;131;544.98;557.29;526.62;589.32;786.41;600.92
889;Frederico Westphalen;RS;Federal;66;546.97;564.05;541.23;610.77;741.52;600.91
890;Itaboraí;RJ;Privada;164;546.97;556.18;520.31;589.16;791.83;600.89
891;Tanque do Piauí;PI;Estadual;3;517.43;548.93;520.6;604.1;813.33;600.88
892;Capivari;SP;Privada;39;560.44;582.12;552.64;619.38;689.74;600.87
893;Barreiras;BA;Federal;106;566.07;556.25;527.17;591.75;763.02;600.85
894;Frutal;MG;Privada;61;552.48;570.56;528.92;581.95;770.16;600.81
895;Franciscópolis;MG;Estadual;3;545.83;556.63;559.57;668.47;673.33;600.77
896;Rio Brilhante;MS;Privada;13;542.42;538.91;550.02;565.78;806.15;600.66
897;Paracuru;CE;Privada;14;556.74;563.11;511.61;584.21;787.14;600.56
898;Canelinha;SC;Privada;15;573.87;581.57;544.71;655.75;646.67;600.51
899;Guarabira;PB;Privada;189;544.7;563.79;520.6;587.25;785.82;600.43
900;Foz do Iguaçu;PR;Privada;366;552.94;563.28;533.49;622.47;729.67;600.37
901;Limeira;SP;Privada;306;558.02;565.18;533.38;615.79;729.35;600.34
902;Bodó;RN;Estadual;1;585.0;536.2;494.2;546.2;840.0;600.32
903;São Gotardo;MG;Privada;20;556.81;555.0;519.69;585.83;784.0;600.26
904;Itapetinga;BA;Privada;45;539.08;552.84;511.21;617.69;780.44;600.25
905;Chapadão do Céu;GO;Privada;11;565.62;548.77;556.5;597.65;732.73;600.25
906;Ibateguara;AL;Privada;4;526.55;554.98;519.98;599.6;800.0;600.22
907;Boituva;SP;Federal;40;567.95;566.21;536.23;597.08;733.5;600.2
908;Leandro Ferreira;MG;Municipal;1;597.1;556.6;544.6;722.5;580.0;600.16
909;Piracaia;SP;Privada;8;577.58;569.3;532.15;609.04;712.5;600.11
910;Cornélio Procópio;PR;Privada;49;554.75;574.5;547.86;632.46;690.61;600.04
911;Carlos Barbosa;RS;Privada;18;517.07;550.44;539.37;672.04;721.11;600.01
912;Umuarama;PR;Privada;189;547.84;562.47;533.84;601.55;753.86;599.91
913;Caiana;MG;Estadual;1;553.4;639.8;618.3;427.8;760.0;599.86
914;Arujá;SP;Privada;79;560.47;566.93;533.26;614.1;724.3;599.81
915;Baraúna;RN;Privada;4;528.95;530.67;492.75;606.38;840.0;599.75
916;São Gonçalo do Amarante;RN;Privada;37;548.55;572.53;513.49;581.21;782.7;599.7
917;Rio Grande;RS;Privada;215;560.4;565.31;523.9;603.96;744.84;599.68
918;Mateus Leme;MG;Privada;5;572.06;585.0;516.7;652.46;672.0;599.64
919;Nova Xavantina;MT;Privada;6;524.48;567.23;531.85;597.85;776.67;599.62
920;Cerqueira César;SP;Privada;12;555.09;593.41;543.32;636.19;670.0;599.6
921;Redenção;CE;Privada;8;519.41;554.67;519.62;604.05;800.0;599.55
922;Santo Antônio de Jesus;BA;Privada;159;539.31;566.31;526.96;595.73;769.43;599.55
923;Piraquara;PR;Privada;12;588.17;579.72;580.87;602.22;646.67;599.53
924;São Pedro da Aldeia;RJ;Privada;87;556.91;576.17;533.6;609.21;721.61;599.5
925;Balsas;MA;Privada;162;540.78;561.59;522.96;592.43;779.14;599.38
926;Fraiburgo;SC;Privada;27;539.39;566.77;526.84;614.24;749.63;599.37
927;Quixabeira;BA;Estadual;2;549.0;555.5;541.2;570.8;780.0;599.3
928;Tambaú;SP;Privada;32;559.22;563.36;549.68;576.63;747.5;599.28
929;Passagem;PB;Estadual;1;575.0;581.3;506.4;613.4;720.0;599.22
930;Concórdia;SC;Federal;137;540.57;563.92;534.33;599.22;757.96;599.2
931;Casa Branca;SP;Privada;7;547.34;558.66;527.8;604.79;757.14;599.15
932;Votorantim;SP;Privada;74;567.69;578.23;536.08;601.83;711.89;599.14
933;Iporá;GO;Federal;51;548.69;561.61;539.32;601.69;743.92;599.05
934;Nova Petrópolis;RS;Privada;46;550.59;561.61;535.75;608.16;739.13;599.05
935;Carpina;PE;Privada;35;551.39;561.5;526.31;603.83;752.0;599.01
936;Sinop;MT;Federal;40;558.55;560.76;529.6;614.64;731.5;599.01
937;Abaetetuba;PA;Privada;132;534.52;557.68;521.78;557.46;823.48;598.99
938;Canguaretama;RN;Federal;77;569.24;568.62;515.89;592.79;748.31;598.97
939;Paudalho;PE;Privada;7;607.77;585.66;524.99;681.81;594.29;598.9
940;Entre Folhas;MG;Estadual;16;534.22;557.93;503.3;605.26;793.75;598.89
941;Guarantã do Norte;MT;Federal;25;551.55;567.74;551.2;607.03;716.8;598.86
942;Campo Limpo Paulista;SP;Privada;65;564.96;575.22;526.43;613.8;713.85;598.85
943;Orlândia;SP;Privada;68;534.3;553.79;531.25;582.45;792.06;598.77
944;Santa Clara do Sul;RS;Estadual;9;544.44;556.43;538.01;614.68;740.0;598.71
945;Imbé de Minas;MG;Estadual;4;526.78;586.78;572.22;582.65;725.0;598.68
946;Rondonópolis;MT;Privada;181;553.37;564.86;530.38;598.16;746.52;598.66
947;Barreira;CE;Privada;11;549.45;552.15;516.04;642.89;732.73;598.65
948;Getúlio Vargas;RS;Privada;11;565.06;555.02;512.38;622.55;738.18;598.64
949;Cabreúva;SP;Privada;14;539.78;547.34;532.74;620.0;752.86;598.54
950;Dom Feliciano;RS;Municipal;1;540.6;588.8;562.7;580.5;720.0;598.52
951;Sorocaba;SP;Federal;37;576.83;572.65;535.95;588.26;718.92;598.52
952;Bragança Paulista;SP;Federal;64;554.49;560.32;519.16;598.3;760.0;598.45
953;Chapecó;SC;Municipal;1;502.1;535.4;496.1;638.4;820.0;598.4
954;Batatais;SP;Privada;79;546.51;560.92;531.47;599.65;753.16;598.34
955;Itapema;SC;Privada;43;552.53;562.43;513.48;620.88;741.86;598.24
956;Nazaré;BA;Privada;25;555.02;569.13;517.91;580.11;768.8;598.19
957;Engenheiro Coelho;SP;Privada;89;558.84;564.14;535.64;610.27;722.02;598.18
958;Trindade;GO;Federal;52;557.58;577.6;533.59;598.78;723.08;598.12
959;Coaraci;BA;Privada;33;547.91;557.99;525.85;597.14;761.21;598.02
960;Juazeiro do Norte;CE;Federal;52;548.26;553.22;527.33;594.14;766.92;597.98
961;Santos Dumont;MG;Federal;36;560.6;565.5;513.91;586.49;763.33;597.97
962;Jeremoabo;BA;Privada;26;557.28;575.14;531.7;581.88;743.85;597.97
963;Presidente Dutra;MA;Federal;27;550.36;566.74;521.39;589.89;761.48;597.97
964;Tatuí;SP;Privada;129;558.32;566.06;536.74;625.38;703.26;597.95
965;Passa e Fica;RN;Privada;15;533.55;566.41;511.49;554.27;824.0;597.94
966;Itacoatiara;AM;Privada;20;561.6;572.8;538.64;603.26;713.0;597.86
967;Maracanaú;CE;Federal;36;560.38;559.36;526.72;587.58;755.0;597.81
968;Mirassol d'Oeste;MT;Privada;8;552.79;534.75;546.54;617.48;737.5;597.81
969;Carmo do Paranaíba;MG;Privada;14;539.09;572.15;518.57;639.16;720.0;597.8
970;Rolante;RS;Federal;34;578.44;582.49;550.79;606.06;671.18;597.79
971;Luziânia;GO;Federal;55;564.39;579.41;535.84;608.03;701.09;597.75
972;Rio Pardo;RS;Privada;13;559.99;588.55;516.62;606.65;716.92;597.75
973;Mirassol;SP;Privada;38;564.92;571.53;554.06;593.45;704.74;597.74
974;Muzambinho;MG;Federal;118;552.47;564.37;540.77;607.18;723.9;597.74
975;Cotia;SP;Privada;479;563.25;568.07;536.82;614.91;705.47;597.7
976;Paranaguá;PR;Federal;63;570.18;582.22;549.0;619.64;667.3;597.67
977;Camaquã;RS;Privada;37;566.0;567.66;507.82;633.21;713.51;597.64
978;Catanduvas;SC;Privada;5;559.26;577.78;490.78;604.4;756.0;597.64
979;Alagoinhas;BA;Privada;157;541.35;571.16;542.85;595.89;736.94;597.64
980;Timbó;SC;Privada;22;569.87;564.22;517.93;622.5;713.64;597.63
981;Sapiranga;RS;Privada;30;548.45;574.15;520.36;633.61;711.33;597.58
982;Maravilhas;MG;Estadual;2;560.25;563.35;534.65;629.45;700.0;597.54
983;Jacobina;BA;Federal;123;566.58;571.57;533.53;598.0;717.89;597.51
984;Viamão;RS;Privada;156;564.6;565.15;519.36;587.67;750.51;597.46
985;Mocajuba;PA;Privada;2;546.75;562.65;490.6;657.2;730.0;597.44
986;Barra de São Francisco;ES;Federal;23;533.95;556.59;500.97;613.11;782.61;597.44
987;Santa Fé;PR;Privada;6;525.32;580.08;478.93;632.58;770.0;597.38
988;Governador Celso Ramos;SC;Municipal;1;584.9;653.4;571.4;557.1;620.0;597.36
989;Lucas do Rio Verde;MT;Privada;71;549.87;563.05;543.82;601.23;728.73;597.34
990;Eunápolis;BA;Federal;119;571.66;570.25;544.33;587.14;712.1;597.1
991;Parelhas;RN;Federal;54;540.7;565.59;531.66;622.89;724.44;597.06
992;Parauapebas;PA;Federal;92;547.23;568.84;526.58;627.39;715.22;597.05
993;Russas;CE;Privada;32;550.65;548.33;518.51;616.51;751.25;597.05
994;Coronel Vivida;PR;Federal;53;552.17;572.69;522.9;621.58;715.85;597.04
995;Santa Clara d'Oeste;SP;Estadual;1;592.3;607.1;475.0;690.7;620.0;597.02
996;Queimadas;PB;Privada;5;514.4;582.86;507.64;635.44;744.0;596.87
997;Itaú de Minas;MG;Privada;31;538.72;566.74;519.34;612.47;747.1;596.87
998;Sombrio;SC;Federal;62;557.38;570.24;525.07;598.72;732.9;596.86
999;Tuparetama;PE;Municipal;3;530.7;531.27;501.83;633.73;786.67;596.84
1000;Jacareí;SP;Privada;360;562.13;575.28;526.2;606.88;713.61;596.82
1001;Lençóis Paulista;SP;Privada;77;552.85;557.69;521.34;593.14;758.96;596.8
1002;Itapeva;SP;Privada;84;550.64;559.59;518.6;617.0;738.1;596.78
1003;Ubatuba;SP;Privada;80;550.69;569.65;539.46;619.16;704.75;596.74
1004;Morretes;PR;Privada;8;551.65;568.33;538.1;580.11;745.0;596.64
1005;Joaçaba;SC;Privada;79;560.52;570.48;525.37;605.01;721.77;596.63
1006;São Roque;SP;Federal;56;558.36;563.94;529.4;581.06;750.36;596.63
1007;Vespasiano;MG;Privada;10;551.65;582.21;520.39;616.34;712.0;596.52
1008;Imbituva;PR;Privada;11;555.16;598.88;544.23;635.1;649.09;596.49
1009;Registro;SP;Federal;58;561.62;561.38;512.13;597.61;749.66;596.48
1010;Casimiro de Abreu;RJ;Privada;55;553.43;557.82;524.53;583.98;761.82;596.32
1011;Itapoá;SC;Privada;8;573.0;559.85;557.75;618.06;672.5;596.23
1012;Irati;PR;Privada;42;555.77;565.46;534.55;620.26;704.76;596.16
1013;Ariquemes;RO;Privada;35;536.59;557.22;515.73;617.37;753.71;596.13
1014;Manaus;AM;Privada;1583;557.71;569.85;531.35;596.93;724.62;596.09
1015;Vitória de Santo Antão;PE;Privada;211;545.5;558.09;518.12;577.81;780.76;596.05
1016;Maceió;AL;Federal;576;556.17;562.81;525.62;611.81;723.78;596.04
1017;Cajazeiras;PB;Privada;77;543.33;547.19;522.88;595.21;771.43;596.01
1018;São Sebastião do Oeste;MG;Estadual;3;518.23;547.43;563.23;577.67;773.33;595.98
1019;Aracaju;SE;Federal;122;559.6;564.95;540.47;591.83;722.95;595.96
1020;Sant'Ana do Livramento;RS;Federal;47;558.59;572.03;517.37;613.4;718.3;595.94
1021;Senador José Porfírio;PA;Municipal;2;489.35;541.05;534.0;585.05;830.0;595.89
1022;Três Lagoas;MS;Privada;113;548.23;556.27;533.36;598.98;742.48;595.86
1023;Francisco Beltrão;PR;Privada;134;549.8;561.51;526.33;605.18;736.42;595.85
1024;Salinas;MG;Federal;147;541.99;551.02;522.49;600.42;763.27;595.84
1025;Álvares Machado;SP;Privada;47;535.07;558.04;521.87;618.96;745.11;595.81
1026;Gaspar;SC;Privada;14;553.41;582.45;530.94;564.99;747.14;595.79
1027;Mariana;MG;Privada;47;554.88;561.47;532.4;594.28;735.74;595.75
1028;Cerro Grande;RS;Estadual;9;557.19;551.48;528.27;617.27;724.44;595.73
1029;Jacobina;BA;Privada;67;546.08;558.03;513.31;571.89;789.25;595.71
1030;Cruzeiro;SP;Privada;185;549.16;563.85;522.37;598.08;744.76;595.64
1031;Osvaldo Cruz;SP;Privada;17;562.65;563.21;546.31;575.46;730.59;595.64
1032;Imperatriz;MA;Federal;154;541.81;552.99;532.03;600.34;750.78;595.59
1033;Araranguá;SC;Privada;84;548.92;562.38;536.53;591.95;738.1;595.58
1034;Colinas do Tocantins;TO;Privada;28;533.78;535.31;518.21;561.91;828.57;595.56
1035;Santa Teresa;ES;Federal;88;546.09;565.55;541.68;582.9;741.36;595.52
1036;Jaboticabal;SP;Privada;173;549.27;558.99;527.01;609.48;732.72;595.49
1037;Umbaúba;SE;Privada;29;529.88;558.66;521.92;553.81;813.1;595.48
1038;Castro;PR;Privada;63;560.44;575.63;539.3;620.7;680.95;595.41
1039;Tupi Paulista;SP;Privada;18;540.38;547.33;525.43;602.78;761.11;595.41
1040;Natividade;RJ;Privada;4;553.1;572.55;506.55;494.55;850.0;595.35
1041;Serro;MG;Privada;9;542.63;557.58;543.3;666.57;666.67;595.35
1042;Garanhuns;PE;Federal;127;559.0;572.07;517.32;604.47;723.78;595.33
1043;Várzea Paulista;SP;Privada;12;576.83;582.28;532.57;589.81;695.0;595.3
1044;Porto Velho;RO;Privada;397;547.67;564.79;521.98;584.91;757.03;595.28
1045;Rincão;SP;Privada;6;576.8;578.83;560.25;589.95;670.0;595.17
1046;Vilhena;RO;Privada;70;549.48;557.91;532.85;631.03;704.0;595.06
1047;Ponta Grossa;PR;Privada;635;560.53;576.2;541.61;610.96;685.92;595.04
1048;Xanxerê;SC;Federal;60;553.76;566.78;523.94;608.92;721.67;595.01
1049;Orleans;SC;Privada;12;543.73;572.76;535.66;597.82;725.0;594.99
1050;Lima Duarte;MG;Privada;6;546.63;566.07;520.85;604.7;736.67;594.98
1051;Moema;MG;Estadual;16;553.48;560.09;506.71;593.31;761.25;594.96
1052;Itarema;CE;Privada;16;525.79;580.02;519.26;595.92;753.75;594.95
1053;Santiago;RS;Privada;41;547.69;558.89;529.94;606.9;730.73;594.83
1054;Nova Petrópolis;RS;Municipal;2;555.9;547.7;523.8;546.1;800.0;594.7
1055;Santos;SP;Privada;990;558.66;565.24;530.68;607.21;711.7;594.7
1056;Ipu;CE;Privada;31;536.02;542.8;516.21;590.05;788.39;594.69
1057;Goioerê;PR;Federal;26;551.68;546.8;504.77;589.33;780.77;594.67
1058;Alto Araguaia;MT;Privada;8;527.88;557.99;531.92;632.91;722.5;594.64
1059;Várzea Alegre;CE;Privada;14;546.9;563.74;530.61;588.72;742.86;594.57
1060;Alfenas;MG;Municipal;1;562.9;581.1;535.7;553.0;740.0;594.54
1061;Igarassu;PE;Privada;45;553.1;563.64;530.14;581.76;744.0;594.53
1062;Ipameri;GO;Privada;6;538.85;563.57;559.68;593.77;716.67;594.51
1063;Indaiabira;MG;Estadual;4;547.98;576.3;512.85;620.25;715.0;594.48
1064;Fernandópolis;SP;Privada;96;537.45;551.12;535.21;594.42;754.17;594.47
1065;João Pinheiro;MG;Privada;36;528.26;555.4;516.49;597.23;775.0;594.47
1066;Cuiabá;MT;Federal;361;551.21;560.51;523.51;601.75;735.18;594.43
1067;Palmas;PR;Federal;44;560.15;564.84;522.18;566.91;757.73;594.36
1068;Olímpia;SP;Privada;54;545.9;562.68;532.38;615.59;714.81;594.27
1069;Bagé;RS;Federal;42;564.02;576.53;529.75;602.29;698.57;594.23
1070;Vinhedo;SP;Privada;198;559.77;566.57;533.44;594.61;716.16;594.11
1071;Luz;MG;Privada;21;522.52;535.17;534.89;602.6;775.24;594.08
1072;Quatro Barras;PR;Privada;20;543.44;547.94;531.54;578.25;769.0;594.03
1073;Iguape;SP;Privada;23;559.28;569.78;540.67;589.94;710.43;594.02
1074;Igarapé;MG;Privada;25;555.22;565.5;512.7;602.92;733.6;593.99
1075;Eunápolis;BA;Privada;70;538.42;555.82;518.62;582.18;774.86;593.98
1076;Horizontina;RS;Privada;39;547.24;568.51;524.56;604.79;724.62;593.94
1077;Cáceres;MT;Privada;95;538.68;551.22;517.25;570.84;791.58;593.91
1078;Pinheiral;RJ;Federal;70;550.75;567.36;519.3;594.99;737.14;593.91
1079;Visconde do Rio Branco;MG;Municipal;32;547.2;555.59;514.03;613.16;739.38;593.87
1080;Montanha;ES;Federal;97;551.72;561.3;525.85;591.36;738.97;593.84
1081;Arcos;MG;Federal;34;542.23;554.52;520.7;616.91;734.71;593.81
1082;Andradina;SP;Privada;93;549.7;550.81;533.96;606.57;727.31;593.67
1083;Videira;SC;Federal;96;557.18;566.82;539.59;613.96;690.62;593.64
1084;Cambuci;RJ;Federal;13;570.15;582.77;537.25;573.25;704.62;593.61
1085;Campina Verde;MG;Privada;11;532.84;553.1;507.0;542.37;832.73;593.61
1086;Mirandópolis;SP;Privada;38;562.52;566.52;539.13;600.25;699.47;593.58
1087;Pariquera-Açu;SP;Privada;22;551.42;552.78;542.39;610.36;710.91;593.57
1088;Marliéria;MG;Estadual;1;524.7;627.9;558.9;536.2;720.0;593.54
1089;Conceição;PB;Privada;25;514.58;544.41;522.18;570.55;816.0;593.54
1090;Tunas;RS;Estadual;3;548.17;595.9;526.3;637.17;660.0;593.51
1091;Ceará-Mirim;RN;Federal;135;560.69;562.68;525.11;600.98;718.07;593.51
1092;Santa Cruz;RN;Federal;106;562.38;559.77;518.04;583.87;743.4;593.49
1093;Hortolândia;SP;Federal;56;563.22;561.65;499.08;610.51;732.86;593.46
1094;Torres;RS;Privada;13;546.34;550.46;527.51;575.98;766.15;593.29
1095;Ipameri;GO;Federal;38;549.59;551.92;508.51;581.13;775.26;593.28
1096;Itapetininga;SP;Privada;249;554.21;566.52;536.6;610.15;698.88;593.27
1097;Fernandópolis;SP;Estadual;165;560.58;556.27;516.93;600.86;731.39;593.2
1098;Santa Rita do Sapucaí;MG;Privada;58;546.82;546.93;526.14;596.39;749.31;593.12
1099;Santo Antônio do Jardim;SP;Estadual;7;573.03;570.34;489.6;632.46;700.0;593.09
1100;Santana do Ipanema;AL;Federal;115;550.97;555.2;520.82;596.25;741.91;593.03
1101;Luziânia;GO;Privada;79;551.89;564.3;518.03;598.99;731.9;593.02
1102;Porto Seguro;BA;Federal;63;564.26;557.61;554.36;596.05;692.7;593.0
1103;Porto Seguro;BA;Privada;109;545.52;556.64;521.08;588.56;752.84;592.93
1104;Navegantes;SC;Privada;48;544.16;561.41;522.94;568.48;767.5;592.9
1105;Itaporanga;PB;Privada;25;523.56;547.29;509.16;593.22;791.2;592.89
1106;Guarulhos;SP;Privada;1429;556.06;566.64;527.04;599.76;714.88;592.88
1107;São João de Meriti;RJ;Privada;387;552.52;564.21;517.31;585.52;744.7;592.85
1108;Ubaporanga;MG;Estadual;17;536.25;564.91;515.91;585.97;761.18;592.84
1109;Londrina;PR;Municipal;4;551.55;585.12;517.4;584.98;725.0;592.81
1110;Capivari;SP;Federal;29;576.38;573.19;533.39;603.87;677.24;592.81
1111;Canoinhas;SC;Federal;41;561.65;557.67;540.7;586.41;717.56;592.8
1112;Alvorada;RS;Federal;33;581.63;575.29;524.23;606.51;676.36;592.8
1113;Jaguaribe;CE;Federal;29;525.28;534.53;522.42;551.43;830.34;592.8
1114;Barra;BA;Privada;7;517.76;565.7;545.57;611.97;722.86;592.77
1115;Cariacica;ES;Privada;202;544.91;567.25;521.22;591.47;738.81;592.73
1116;Pesqueira;PE;Federal;39;556.54;551.34;533.53;586.46;735.38;592.65
1117;Juara;MT;Privada;15;541.5;567.67;517.29;574.14;762.67;592.65
1118;Wenceslau Braz;PR;Privada;28;545.78;574.02;539.61;609.43;694.29;592.62
1119;Santa Vitória do Palmar;RS;Privada;29;564.09;571.96;532.9;614.03;680.0;592.6
1120;Rio Branco;AC;Federal;95;546.15;549.02;530.05;584.48;753.26;592.59
1121;Nepomuceno;MG;Federal;72;548.07;553.77;522.54;583.04;755.56;592.59
1122;São Marcos;RS;Privada;5;572.68;556.38;537.44;592.44;704.0;592.59
1123;São Bernardo do Campo;SP;Municipal;2;578.1;592.9;524.7;617.2;650.0;592.58
1124;Araraquara;SP;Federal;40;558.61;567.87;507.34;613.1;716.0;592.58
1125;Guaporé;RS;Privada;30;566.33;576.28;532.09;548.62;739.33;592.53
1126;Japaratuba;SE;Privada;4;490.75;542.3;476.32;623.02;830.0;592.48
1127;Olinda;PE;Privada;548;547.8;554.19;522.18;583.1;755.0;592.45
1128;Novo Hamburgo;RS;Privada;150;565.74;568.43;523.99;593.96;710.13;592.45
1129;Dom Pedro;MA;Privada;6;540.17;538.78;506.93;592.25;783.33;592.29
1130;Paulínia;SP;Privada;128;554.78;563.7;531.97;594.52;716.41;592.27
1131;Euclides da Cunha;BA;Federal;41;546.38;566.51;510.77;558.43;779.02;592.22
1132;Chapada dos Guimarães;MT;Privada;11;552.84;561.45;533.05;578.85;734.55;592.15
1133;Sapiranga;RS;Federal;22;566.66;564.25;535.46;611.55;682.73;592.13
1134;Itapipoca;CE;Privada;17;555.09;547.31;524.91;606.15;727.06;592.1
1135;Rosário do Sul;RS;Privada;10;545.46;561.66;511.15;594.13;748.0;592.08
1136;Extrema;MG;Privada;41;548.61;567.25;531.63;595.37;717.56;592.08
1137;Muzambinho;MG;Privada;20;541.98;555.16;515.42;608.64;739.0;592.04
1138;Pinhão;PR;Privada;2;600.75;577.0;527.55;624.8;630.0;592.02
1139;Castanhal;PA;Privada;376;532.38;557.98;511.16;564.2;793.99;591.94
1140;Piancó;PB;Estadual;12;538.68;539.09;493.52;525.03;863.33;591.93
1141;Catalão;GO;Privada;290;546.17;556.82;522.53;584.65;749.45;591.92
1142;Apucarana;PR;Privada;161;552.55;569.98;541.08;610.77;685.09;591.9
1143;Lorena;SP;Privada;153;554.77;548.65;526.36;594.74;734.77;591.86
1144;Sertãozinho;SP;Privada;201;539.46;555.65;530.87;594.73;738.51;591.84
1145;Tapiratiba;SP;Privada;9;558.66;547.96;512.51;628.89;711.11;591.82
1146;Nossa Senhora do Socorro;SE;Privada;104;521.83;545.99;512.57;555.77;822.69;591.77
1147;Vargem Grande Paulista;SP;Privada;62;552.92;570.61;526.59;614.48;694.19;591.76
1148;Jaguaquara;BA;Privada;62;543.32;548.02;527.25;562.72;777.1;591.68
1149;Araucária;PR;Privada;181;543.15;563.05;538.11;603.0;710.5;591.56
1150;Ipirá;BA;Privada;33;534.01;563.92;521.1;614.74;723.64;591.48
1151;Jequié;BA;Federal;84;549.03;561.94;526.82;586.5;732.86;591.43
1152;Uruaçu;GO;Federal;46;564.53;557.73;524.05;582.07;728.26;591.33
1153;Santa Inês;MA;Privada;82;523.19;542.78;505.41;578.31;806.83;591.3
1154;Sumaré;SP;Privada;74;565.03;557.17;524.94;611.17;698.11;591.28
1155;Dores de Campos;MG;Estadual;7;557.64;564.71;512.06;570.47;751.43;591.26
1156;Uberaba;MG;Federal;181;551.01;555.4;524.89;584.67;740.22;591.24
1157;Formosa;GO;Privada;78;565.33;575.73;523.07;583.27;708.72;591.22
1158;Luís Antônio;SP;Privada;5;566.28;574.82;558.06;664.96;592.0;591.22
1159;Rio Negro;PR;Privada;80;556.74;580.33;530.69;615.17;673.0;591.18
1160;Palmeira;PR;Privada;20;558.96;583.78;538.06;621.88;653.0;591.14
1161;Valença;BA;Privada;43;541.14;556.99;522.44;581.13;753.95;591.13
1162;Ernestina;RS;Estadual;8;517.48;523.44;540.44;584.0;790.0;591.07
1163;Bagé;RS;Privada;99;545.49;560.9;526.35;589.03;733.54;591.06
1164;Balneário Piçarras;SC;Privada;26;560.57;576.74;514.71;611.68;691.54;591.05
1165;Caxias;MA;Privada;64;548.75;559.08;525.49;558.44;762.81;590.92
1166;Ananindeua;PA;Federal;38;548.37;571.36;523.65;558.93;752.11;590.88
1167;Itatiaia;RJ;Privada;6;564.07;583.98;508.73;540.35;756.67;590.76
1168;Cássia;MG;Estadual;22;543.42;545.75;499.81;584.56;780.0;590.71
1169;Potirendaba;SP;Privada;10;569.24;559.82;542.79;593.64;688.0;590.7
1170;Magé;RJ;Privada;116;538.89;566.35;528.86;583.8;735.52;590.68
1171;Itapaci;GO;Privada;18;545.33;567.66;487.86;559.1;793.33;590.66
1172;Palmeira dos Índios;AL;Federal;249;543.55;549.14;518.74;608.32;733.17;590.59
1173;Araçuaí;MG;Federal;83;544.27;552.42;523.41;573.46;759.04;590.52
1174;Presidente Venceslau;SP;Privada;61;535.76;557.16;526.2;591.63;741.64;590.48
1175;Pederneiras;SP;Privada;51;559.24;554.27;544.53;599.04;694.9;590.4
1176;Capitão de Campos;PI;Privada;36;528.93;541.2;506.4;577.54;797.78;590.37
1177;São José do Divino;MG;Municipal;1;580.7;575.7;556.2;579.1;660.0;590.34
1178;Nova Cruz;RN;Privada;55;531.74;552.77;512.8;584.59;769.45;590.27
1179;Mamanguape;PB;Privada;64;531.8;561.39;514.88;583.12;760.0;590.24
1180;Gravataí;RS;Privada;273;558.37;565.02;520.32;596.78;709.96;590.09
1181;Gandu;BA;Privada;40;547.79;560.96;512.26;566.7;762.5;590.04
1182;Astorga;PR;Federal;11;572.89;573.9;532.59;578.06;692.73;590.03
1183;Ibiá;MG;Privada;25;537.92;537.77;531.69;588.32;754.4;590.02
1184;Senador Canedo;GO;Federal;22;556.77;568.02;515.48;584.4;725.45;590.02
1185;Flora Rica;SP;Estadual;1;567.0;503.8;552.0;626.7;700.0;589.9
1186;Tramandaí;RS;Privada;20;557.6;564.24;539.79;598.71;689.0;589.87
1187;Taboão da Serra;SP;Privada;291;550.39;557.69;523.22;588.47;729.35;589.83
1188;Cafelândia;SP;Privada;3;581.47;581.57;531.57;580.9;673.33;589.77
1189;Macapá;AP;Privada;512;548.63;560.05;519.43;567.71;752.73;589.71
1190;Cafelândia;PR;Privada;5;571.3;564.68;541.66;598.62;672.0;589.65
1191;Guaíba;RS;Privada;29;562.83;574.09;548.12;604.59;658.62;589.65
1192;Ipojuca;PE;Federal;21;544.82;574.4;526.33;594.08;708.57;589.64
1193;Alvorada do Sul;PR;Privada;11;543.51;587.74;535.35;616.03;665.45;589.61
1194;Campos do Jordão;SP;Privada;34;561.76;560.84;530.51;605.37;689.41;589.58
1195;José Bonifácio;SP;Privada;72;530.2;539.2;517.57;585.03;775.83;589.57
1196;Paulo Afonso;BA;Federal;60;559.94;547.85;533.42;571.95;734.33;589.5
1197;Luís Eduardo Magalhães;BA;Privada;115;548.8;555.91;529.43;579.3;734.09;589.5
1198;Engenheiro Paulo de Frontin;RJ;Federal;30;563.94;572.13;514.08;624.0;673.33;589.5
1199;Itabirito;MG;Privada;14;540.3;557.81;521.71;594.76;732.86;589.49
1200;Iporá;GO;Privada;18;531.18;544.26;523.12;603.25;745.56;589.47
1201;Santa Luzia;MG;Privada;78;555.32;565.25;533.85;579.4;713.33;589.43
1202;Matão;SP;Municipal;73;567.19;561.12;530.36;613.13;675.34;589.43
1203;Dom Viçoso;MG;Estadual;8;524.2;588.62;529.14;607.54;697.5;589.4
1204;Arroio do Sal;RS;Estadual;14;549.99;555.55;513.64;603.46;724.29;589.39
1205;Urbano Santos;MA;Privada;18;513.41;543.73;521.42;570.51;797.78;589.37
1206;Monteiro;PB;Privada;13;540.24;554.65;515.95;543.61;792.31;589.35
1207;Carapicuíba;SP;Privada;129;559.64;563.3;529.77;598.02;695.81;589.31
1208;Picos;PI;Federal;79;536.65;547.49;521.02;595.82;745.57;589.31
1209;Pereira Barreto;SP;Privada;18;528.22;553.64;535.22;638.24;691.11;589.28
1210;Jacutinga;MG;Privada;38;552.54;563.98;522.81;607.97;698.95;589.25
1211;Ilhéus;BA;Federal;119;558.93;565.95;525.65;574.27;721.18;589.2
1212;Fazenda Rio Grande;PR;Privada;42;554.21;564.71;529.27;604.45;693.33;589.19
1213;Iporã;PR;Privada;7;536.26;583.97;529.69;558.76;737.14;589.16
1214;Guarabira;PB;Federal;75;546.03;554.68;505.28;572.02;767.2;589.04
1215;Osasco;SP;Privada;1333;556.41;565.92;520.7;589.74;712.32;589.02
1216;Viamão;RS;Federal;30;580.75;584.41;550.36;554.91;674.67;589.02
1217;Floriano;PI;Privada;104;529.62;549.52;505.73;573.45;786.73;589.01
1218;Bela Vista de Goiás;GO;Privada;23;534.1;555.9;502.83;581.75;770.43;589.0
1219;Monte Belo do Sul;RS;Estadual;3;508.23;543.77;561.6;578.0;753.33;588.99
1220;Brasília;DF;Federal;722;562.97;568.88;533.42;592.03;687.51;588.96
1221;Campinas;SP;Federal;49;555.12;560.71;536.09;586.2;706.53;588.93
1222;Jitaúna;BA;Privada;16;521.96;565.0;495.88;586.77;775.0;588.92
1223;Pontal do Paraná;PR;Privada;4;547.8;562.12;525.25;574.22;735.0;588.88
1224;Currais Novos;RN;Privada;63;535.27;553.03;514.86;576.1;765.08;588.87
1225;Guarará;MG;Estadual;3;554.3;568.77;509.13;612.03;700.0;588.85
1226;Brazópolis;MG;Privada;8;561.61;567.42;524.52;653.02;637.5;588.82
1227;Charqueadas;RS;Federal;72;570.66;568.18;515.93;592.43;696.67;588.78
1228;São José dos Pinhais;PR;Privada;273;559.31;562.41;535.66;596.7;689.52;588.72
1229;Altos;PI;Privada;6;533.52;548.97;509.2;551.82;800.0;588.7
1230;São José dos Campos;SP;Federal;50;558.86;568.63;527.93;624.37;663.6;588.68
1231;Itaberaba;BA;Privada;47;543.94;556.68;514.64;587.67;740.43;588.67
1232;Patos;PB;Privada;155;538.19;553.94;521.91;585.06;744.26;588.67
1233;Cianorte;PR;Privada;92;548.75;556.19;518.58;592.4;727.39;588.66
1234;São Lourenço da Mata;PE;Federal;26;555.3;542.9;507.91;594.78;742.31;588.64
1235;Bom Jesus da Lapa;BA;Federal;34;539.65;558.92;517.74;591.81;734.71;588.56
1236;Abadiânia;GO;Privada;57;539.29;548.94;515.14;584.82;754.39;588.52
1237;Cristianópolis;GO;Estadual;2;554.5;553.7;487.55;636.6;710.0;588.47
1238;Mato Leitão;RS;Estadual;16;533.03;542.54;538.08;622.46;706.25;588.47
1239;Santana do Acaraú;CE;Privada;15;516.27;554.13;519.95;577.34;774.67;588.47
1240;Auriflama;SP;Privada;11;522.66;536.24;532.5;616.37;734.55;588.46
1241;Campo Mourão;PR;Privada;135;549.59;555.91;527.47;589.44;719.85;588.45
1242;Rio Bonito;RJ;Privada;29;552.38;564.48;534.07;581.61;709.66;588.44
1243;São Gonçalo;RJ;Privada;829;547.54;560.87;514.99;576.79;741.74;588.39
1244;Itabirito;MG;Federal;42;563.0;571.61;542.67;622.78;641.9;588.39
1245;Ilha Solteira;SP;Privada;34;550.83;568.55;521.36;625.93;675.29;588.39
1246;Ouro Preto do Oeste;RO;Privada;5;556.18;541.42;557.86;622.38;664.0;588.37
1247;Santa Efigênia de Minas;MG;Estadual;4;564.78;577.45;525.52;599.0;675.0;588.35
1248;Teresina;PI;Federal;423;542.53;545.28;514.14;596.24;743.5;588.34
1249;Santa Adélia;SP;Privada;4;549.5;552.45;519.83;679.75;640.0;588.31
1250;Juazeiro;BA;Privada;186;533.6;543.27;516.59;580.05;767.85;588.27
1251;Piranguçu;MG;Estadual;11;535.35;552.32;526.68;597.76;729.09;588.24
1252;Campinas do Sul;RS;Estadual;6;544.38;530.62;533.85;588.72;743.33;588.18
1253;Viradouro;SP;Privada;20;545.15;544.86;535.02;573.74;742.0;588.15
1254;Florestal;MG;Estadual;73;554.02;562.43;525.02;587.33;711.78;588.12
1255;Porto Nacional;TO;Privada;54;542.16;548.48;523.88;590.1;735.93;588.11
1256;Bueno Brandão;MG;Estadual;9;552.04;564.7;487.86;600.24;735.56;588.08
1257;São Bento do Sapucaí;SP;Privada;14;552.45;555.74;510.36;551.75;770.0;588.06
1258;Piúma;ES;Federal;84;550.1;566.05;526.51;595.95;701.43;588.01
1259;Itaperuçu;PR;Privada;11;560.75;564.63;495.85;551.48;767.27;588.0
1260;Limoeiro do Norte;CE;Federal;42;535.22;546.42;525.04;594.66;738.57;587.98
1261;Aparecida de Goiânia;GO;Federal;55;567.3;571.38;526.17;577.22;697.45;587.91
1262;Andorinha;BA;Privada;8;528.95;535.29;533.11;597.16;745.0;587.9
1263;São Sebastião da Vargem Alegre;MG;Estadual;9;537.2;554.7;511.9;564.43;771.11;587.87
1264;Aparecida de Goiânia;GO;Privada;564;542.63;559.41;516.07;575.23;745.89;587.85
1265;Guararapes;SP;Privada;62;542.46;555.35;526.72;586.95;727.74;587.84
1266;Garanhuns;PE;Privada;189;540.09;548.3;518.54;576.43;755.77;587.83
1267;Bananeiras;PB;Privada;23;525.37;541.59;518.53;558.42;794.78;587.74
1268;Tapira;MG;Estadual;3;581.27;565.5;496.13;622.43;673.33;587.73
1269;Caconde;SP;Privada;10;559.0;567.42;547.55;554.68;710.0;587.73
1270;Dom Joaquim;MG;Estadual;4;549.72;551.85;509.75;522.28;805.0;587.72
1271;Parnaíba;PI;Federal;61;550.67;551.99;521.4;589.56;724.92;587.71
1272;Maceió;AL;Privada;2290;540.78;556.28;518.39;584.2;738.79;587.69
1273;Ouro Fino;MG;Privada;25;524.76;557.23;525.5;589.1;741.6;587.64
1274;Itatiba do Sul;RS;Estadual;6;519.43;533.27;494.93;593.87;796.67;587.63
1275;Juazeiro;BA;Federal;32;564.56;567.32;503.65;580.98;721.25;587.55
1276;Cassilândia;MS;Privada;14;534.19;554.53;527.89;570.92;750.0;587.51
1277;São Valentim do Sul;RS;Estadual;5;569.26;573.28;515.88;626.98;652.0;587.48
1278;Ipiranga;PR;Privada;7;546.03;561.54;552.41;588.66;688.57;587.44
1279;Tijucas;SC;Privada;67;546.08;561.51;526.25;593.12;710.15;587.42
1280;Aracati;CE;Privada;42;538.46;541.61;520.28;597.74;738.1;587.23
1281;Iturama;MG;Privada;55;533.53;553.99;518.69;586.94;742.91;587.21
1282;Sapucaia do Sul;RS;Federal;111;565.88;565.62;512.7;601.0;690.81;587.2
1283;Arroio dos Ratos;RS;Privada;6;560.05;562.92;520.67;515.67;776.67;587.19
1284;Porciúncula;RJ;Privada;8;518.33;562.54;504.04;588.58;762.5;587.19
1285;Itaguaí;RJ;Federal;47;577.9;567.74;525.49;604.71;659.57;587.08
1286;Esperança do Sul;RS;Estadual;1;550.6;539.9;472.0;572.8;800.0;587.06
1287;Garopaba;SC;Federal;49;561.88;564.52;534.75;611.02;662.86;587.0
1288;Conceição do Jacuípe;BA;Privada;45;544.41;562.95;522.8;590.71;713.78;586.93
1289;Caçapava;SP;Privada;100;552.07;561.07;521.28;584.87;714.8;586.82
1290;Três Lagoas;MS;Federal;130;560.11;557.24;527.25;596.09;693.23;586.78
1291;Santo Antônio do Descoberto;GO;Privada;10;554.98;575.7;527.97;537.09;738.0;586.75
1292;Afogados da Ingazeira;PE;Privada;14;536.02;545.81;532.34;566.48;752.86;586.7
1293;Itajobi;SP;Privada;17;500.24;537.15;503.86;586.03;805.88;586.63
1294;Botuverá;SC;Estadual;2;565.95;597.85;540.15;649.1;580.0;586.61
1295;Valente;BA;Privada;16;526.72;563.81;523.07;545.46;773.75;586.56
1296;Campina Grande;PB;Federal;228;542.41;554.25;509.1;584.81;742.11;586.53
1297;Telêmaco Borba;PR;Federal;34;566.01;570.57;511.37;597.04;687.65;586.53
1298;Dois Córregos;SP;Privada;41;546.6;547.85;511.99;630.02;696.1;586.51
1299;Pontes e Lacerda;MT;Privada;20;526.44;540.22;526.36;586.46;753.0;586.5
1300;Catolé do Rocha;PB;Privada;42;518.79;542.02;503.54;557.59;810.48;586.48
1301;Paranavaí;PR;Federal;54;559.59;563.11;527.33;568.94;713.33;586.46
1302;São Vicente do Sul;RS;Federal;90;538.15;564.73;522.65;593.41;713.33;586.45
1303;Alto Alegre;SP;Estadual;1;578.6;565.8;527.1;700.4;560.0;586.38
1304;Tutóia;MA;Privada;25;530.68;528.13;519.73;597.3;756.0;586.37
1305;São Gonçalo do Amarante;RN;Federal;100;568.58;556.85;512.85;584.64;708.8;586.34
1306;Taquari;RS;Privada;13;549.74;546.48;512.52;621.23;701.54;586.3
1307;Angra dos Reis;RJ;Privada;177;545.14;555.52;527.91;585.68;716.72;586.19
1308;Vila Nova do Piauí;PI;Estadual;3;537.77;521.83;419.17;598.53;853.33;586.13
1309;Valparaíso de Goiás;GO;Federal;32;566.7;566.42;528.09;583.35;685.62;586.04
1310;São José do Rio Preto;SP;Municipal;1;549.9;548.4;488.1;623.6;720.0;586.0
1311;Pirapora;MG;Federal;76;551.8;557.87;527.47;590.11;702.63;585.97
1312;Novo Hamburgo;RS;Estadual;483;565.84;563.94;528.69;607.41;663.98;585.97
1313;São Domingos das Dores;MG;Estadual;5;525.6;546.58;536.72;604.78;716.0;585.94
1314;Duartina;SP;Privada;20;556.86;558.9;540.87;553.04;720.0;585.93
1315;Guaraí;TO;Privada;18;527.82;558.37;513.73;559.52;770.0;585.89
1316;Morro do Chapéu;BA;Privada;11;575.79;562.91;523.35;563.6;703.64;585.86
1317;Extremoz;RN;Privada;13;544.38;567.22;495.68;588.05;733.85;585.83
1318;Bandeirantes;PR;Privada;56;551.19;570.44;529.09;579.59;698.57;585.78
1319;Tanabi;SP;Privada;35;532.14;540.31;531.13;569.23;756.0;585.76
1320;São José de Piranhas;PB;Privada;9;518.2;538.43;530.54;554.84;786.67;585.74
1321;Blumenau;SC;Municipal;24;559.45;572.54;549.29;577.26;670.0;585.71
1322;Santana de Parnaíba;SP;Estadual;99;565.0;565.11;518.7;590.95;688.69;585.69
1323;Água Branca;PI;Privada;23;522.48;523.59;506.1;551.8;824.35;585.66
1324;São Francisco do Glória;MG;Estadual;9;538.94;555.12;510.66;551.91;771.11;585.55
1325;Artur Nogueira;SP;Privada;20;556.33;562.34;515.69;581.32;712.0;585.53
1326;Afogados da Ingazeira;PE;Federal;80;545.86;563.76;515.34;604.15;698.5;585.52
1327;Canoinhas;SC;Privada;16;552.01;571.67;539.51;595.43;668.75;585.48
1328;Itapevi;SP;Privada;59;571.02;575.94;528.97;576.5;674.58;585.4
1329;São Carlos;SC;Federal;19;542.84;544.59;521.26;571.96;746.32;585.39
1330;Iapu;MG;Municipal;1;527.6;569.8;608.5;580.9;640.0;585.36
1331;Serra Talhada;PE;Privada;72;540.71;548.92;511.69;569.89;755.0;585.24
1332;Muritiba;BA;Privada;21;542.91;559.38;521.73;582.0;720.0;585.2
1333;Dois Vizinhos;PR;Privada;59;545.91;555.02;523.2;586.59;714.92;585.13
1334;Colombo;PR;Privada;86;558.14;563.7;521.3;585.43;696.28;584.97
1335;Quissamã;RJ;Federal;51;555.61;571.83;515.83;590.82;690.59;584.94
1336;Paragominas;PA;Privada;106;526.34;545.98;512.69;577.46;762.08;584.91
1337;Toritama;PE;Privada;23;542.07;557.44;528.01;561.23;735.65;584.88
1338;Santa Maria de Jetibá;ES;Federal;45;552.5;564.76;538.06;584.08;684.89;584.86
1339;Chapadão do Sul;MS;Privada;42;538.63;559.56;529.39;600.06;696.67;584.86
1340;Gurupi;TO;Privada;64;544.22;554.6;532.38;585.08;707.81;584.82
1341;Pompéia;SP;Privada;51;541.94;549.88;525.27;590.51;716.47;584.81
1342;Castanhal;PA;Federal;65;561.06;557.78;508.22;564.19;732.62;584.77
1343;Tauá;CE;Privada;3;566.4;577.07;519.6;607.23;653.33;584.73
1344;Cubatão;SP;Federal;92;561.94;555.24;502.38;605.98;698.04;584.72
1345;Cosmópolis;SP;Privada;22;545.35;552.66;512.75;601.74;710.91;584.68
1346;Cabedelo;PB;Federal;93;547.64;553.44;524.78;573.97;723.44;584.65
1347;Esteio;RS;Privada;63;551.71;563.47;525.92;577.37;704.44;584.58
1348;São Miguel do Guamá;PA;Privada;11;510.28;535.27;512.2;535.98;829.09;584.57
1349;Nova Odessa;SP;Privada;33;559.73;568.63;529.65;582.84;681.82;584.53
1350;Araquari;SC;Privada;78;542.72;552.03;539.81;600.14;687.69;584.48
1351;Patos;PB;Municipal;4;536.0;557.85;527.85;575.35;725.0;584.41
1352;Madre de Deus;BA;Privada;15;543.61;555.21;534.7;571.11;717.33;584.39
1353;Butiá;RS;Privada;1;598.9;591.3;468.1;603.3;660.0;584.32
1354;Maranguape;CE;Privada;80;534.11;542.79;513.43;579.21;751.75;584.26
1355;Mantena;MG;Privada;6;536.65;528.0;539.02;587.53;730.0;584.24
1356;Ituiutaba;MG;Federal;99;548.15;552.73;529.71;566.93;723.64;584.23
1357;Promissão;SP;Privada;39;544.54;554.14;502.09;580.37;740.0;584.23
1358;Presidente Epitácio;SP;Privada;33;522.24;555.23;509.5;614.03;720.0;584.2
1359;Goioerê;PR;Privada;23;543.36;546.54;531.84;579.2;720.0;584.19
1360;Zortéa;SC;Estadual;9;550.81;583.94;504.18;608.56;673.33;584.16
1361;Lapa;PR;Privada;11;554.32;552.02;522.66;586.26;705.45;584.14
1362;Tibagi;PR;Privada;2;591.2;622.5;479.45;637.45;590.0;584.12
1363;Cacoal;RO;Privada;123;530.05;542.41;514.92;584.12;748.94;584.09
1364;São Francisco do Sul;SC;Federal;50;566.6;578.16;518.39;582.36;674.8;584.06
1365;Matelândia;PR;Privada;2;541.0;550.15;507.5;641.6;680.0;584.05
1366;São Joaquim;SC;Privada;12;546.83;567.22;524.33;613.43;668.33;584.03
1367;Itaporanga;PB;Federal;33;524.72;551.78;514.42;576.5;752.73;584.03
1368;Simões Filho;BA;Privada;61;545.82;557.45;512.87;566.69;737.05;583.98
1369;Benevides;PA;Privada;53;528.78;550.1;510.28;552.76;777.74;583.93
1370;Cachoeirinha;RS;Privada;87;554.23;556.54;505.6;566.28;737.01;583.93
1371;Itatim;BA;Privada;1;575.6;621.0;402.0;581.0;740.0;583.92
1372;Machado;MG;Federal;93;541.86;551.74;526.59;584.58;714.84;583.92
1373;Palestina;SP;Estadual;9;526.4;536.2;526.57;592.44;737.78;583.88
1374;Sabará;MG;Privada;14;542.62;568.56;531.8;563.25;712.86;583.82
1375;Limeira;SP;Estadual;521;557.94;564.94;522.03;608.92;665.26;583.82
1376;Quatá;SP;Privada;19;539.5;547.63;523.54;610.32;697.89;583.78
1377;Boa Vista;RR;Privada;222;549.09;556.97;519.37;573.66;719.73;583.77
1378;Cocal dos Alves;PI;Estadual;55;523.35;544.32;511.13;569.85;770.18;583.77
1379;União da Vitória;PR;Federal;53;555.14;572.59;535.2;580.7;675.09;583.75
1380;Volta Grande;MG;Estadual;2;620.4;532.6;527.15;568.25;670.0;583.68
1381;Pitangueiras;SP;Privada;33;558.02;558.41;524.46;582.33;695.15;583.68
1382;Flor da Serra do Sul;PR;Estadual;3;539.53;590.03;557.97;657.23;573.33;583.62
1383;Santo Antônio do Tauá;PA;Privada;27;519.03;556.22;514.25;548.39;780.0;583.58
1384;Sonora;MS;Privada;11;557.34;545.05;538.36;595.06;681.82;583.53
1385;Xique-Xique;BA;Privada;9;526.82;561.24;496.06;517.89;815.56;583.51
1386;Fraiburgo;SC;Federal;17;543.93;555.01;516.64;580.48;721.18;583.45
1387;Sumidouro;RJ;Municipal;1;576.8;582.3;518.2;639.9;600.0;583.44
1388;São Carlos;SC;Estadual;8;525.71;564.02;508.2;589.11;730.0;583.41
1389;Presidente Epitácio;SP;Federal;28;565.55;566.66;524.89;589.92;670.0;583.41
1390;Campo Largo;PR;Privada;85;542.21;553.41;532.62;590.24;698.35;583.37
1391;Itaituba;PA;Municipal;8;502.51;532.7;498.85;565.09;817.5;583.33
1392;São Joaquim da Barra;SP;Privada;38;536.39;554.44;521.12;574.07;730.53;583.31
1393;Matupá;MT;Privada;12;524.75;567.68;523.53;565.1;735.0;583.21
1394;Itaguatins;TO;Estadual;5;565.92;514.12;480.26;555.72;800.0;583.2
1395;Barra do Garças;MT;Privada;103;537.52;538.17;507.36;578.56;754.17;583.16
1396;Guariba;SP;Privada;17;541.26;545.52;534.58;590.68;703.53;583.11
1397;Coroatá;MA;Privada;34;512.17;534.2;494.67;569.01;805.29;583.07
1398;Pedra Azul;MG;Municipal;1;547.2;620.6;515.3;692.2;540.0;583.06
1399;Paranaíba;MS;Privada;42;533.97;549.89;541.02;603.05;687.14;583.01
1400;Campos Novos;SC;Privada;12;551.61;569.34;560.05;590.51;643.33;582.97
1401;Colombo;PR;Federal;66;561.14;566.81;524.98;572.57;688.79;582.86
1402;Nova Andradina;MS;Privada;15;554.84;567.19;533.74;593.11;665.33;582.84
1403;Conselheiro Pena;MG;Privada;13;490.62;534.18;507.22;600.42;781.54;582.79
1404;Resende Costa;MG;Estadual;14;540.83;567.89;535.45;605.29;664.29;582.75
1405;Cascavel;CE;Privada;8;484.01;530.94;542.98;613.22;742.5;582.73
1406;Marcos Parente;PI;Municipal;1;588.9;582.7;534.8;687.2;520.0;582.72
1407;São João da Barra;RJ;Federal;24;546.2;555.6;535.68;594.46;681.67;582.72
1408;Aquiraz;CE;Privada;31;529.7;534.64;519.42;538.79;790.97;582.7
1409;Serrana;SP;Privada;21;530.97;545.69;531.82;587.59;717.14;582.64
1410;Serrinha;BA;Federal;17;548.59;567.96;518.59;604.93;672.94;582.6
1411;Rio Largo;AL;Privada;73;529.37;540.87;516.45;567.75;758.36;582.56
1412;Gurupi;TO;Federal;40;538.5;556.55;537.11;590.44;690.0;582.52
1413;Urupês;SP;Privada;26;557.8;543.35;504.01;604.25;703.08;582.5
1414;Padre Paraíso;MG;Estadual;11;544.66;542.92;530.62;595.86;698.18;582.45
1415;Rio Piracicaba;MG;Estadual;14;547.67;556.71;533.77;611.08;662.86;582.42
1416;Laguna;SC;Privada;49;543.61;548.86;525.04;591.28;703.27;582.41
1417;São Roque;SP;Privada;160;549.46;551.63;522.23;583.11;704.88;582.26
1418;Esmeraldas;MG;Privada;5;529.26;567.24;508.04;578.76;728.0;582.26
1419;São José do Jacuri;MG;Estadual;3;522.3;551.43;482.97;601.13;753.33;582.23
1420;Ribeirão Pires;SP;Privada;104;550.94;557.24;518.31;583.65;700.96;582.22
1421;Vila Rica;MT;Privada;2;531.25;551.65;557.85;640.15;630.0;582.18
1422;Aguanil;MG;Estadual;7;534.5;539.76;564.71;591.4;680.0;582.07
1423;Barra do Corda;MA;Privada;16;543.67;544.81;512.69;595.39;713.75;582.06
1424;Itaguara;MG;Estadual;41;525.09;547.78;496.88;574.52;765.85;582.03
1425;Itapecerica da Serra;SP;Privada;91;552.67;554.06;518.22;579.63;705.05;581.93
1426;São Francisco de Itabapoana;RJ;Privada;3;561.63;578.6;497.83;484.8;786.67;581.91
1427;Biguaçu;SC;Privada;56;542.33;560.77;519.75;589.82;696.79;581.89
1428;João Câmara;RN;Federal;94;535.87;534.36;514.48;590.17;734.47;581.87
1429;Patos;PB;Federal;95;534.02;550.94;508.39;594.8;721.05;581.84
1430;Tupã;SP;Estadual;141;548.49;556.43;509.67;593.77;700.71;581.81
1431;Pedreiras;MA;Federal;69;522.32;531.99;509.66;554.43;789.86;581.65
1432;Ji-Paraná;RO;Federal;86;541.07;552.44;519.37;581.58;713.72;581.64
1433;Panambi;RS;Privada;27;549.97;569.88;529.87;602.78;655.56;581.61
1434;Itajaí;SC;Federal;34;563.35;559.65;535.52;584.1;665.29;581.58
1435;Boca da Mata;AL;Privada;14;516.82;524.96;509.15;555.5;801.43;581.57
1436;São Sebastião;SP;Privada;47;540.73;565.87;521.48;604.17;675.32;581.52
1437;Marmelópolis;MG;Estadual;7;542.1;559.71;539.27;600.53;665.71;581.47
1438;São Roque de Minas;MG;Privada;4;563.9;538.92;548.45;571.05;685.0;581.46
1439;Cajuru;SP;Privada;10;504.66;515.47;502.94;583.89;800.0;581.39
1440;Cocal do Sul;SC;Privada;18;521.12;550.24;515.44;607.88;712.22;581.38
1441;Montauri;RS;Estadual;1;624.6;604.7;594.8;482.8;600.0;581.38
1442;Jaguarão;RS;Privada;10;572.24;590.65;515.89;633.56;594.0;581.27
1443;São José da Vitória;BA;Estadual;2;586.65;584.1;523.45;531.65;680.0;581.17
1444;Ilha Solteira;SP;Federal;47;538.94;549.81;521.68;584.75;710.64;581.16
1445;Altamira;PA;Federal;37;550.11;543.34;512.14;562.25;737.3;581.03
1446;Açailândia;MA;Municipal;2;557.75;541.5;491.2;524.55;790.0;581.0
1447;São Domingos do Araguaia;PA;Privada;8;484.85;542.05;510.5;560.01;807.5;580.98
1448;Mairiporã;SP;Privada;56;545.46;550.07;519.58;568.35;721.43;580.98
1449;Guararema;SP;Privada;9;526.86;569.12;520.74;588.09;700.0;580.96
1450;Itaqui;RS;Privada;3;536.83;505.13;529.13;520.07;813.33;580.9
1451;Quixaba;PE;Estadual;68;519.24;521.98;508.67;587.12;767.06;580.81
1452;Ananindeua;PA;Privada;783;533.31;553.47;510.74;552.93;753.41;580.77
1453;Palmas de Monte Alto;BA;Privada;4;534.25;543.22;514.58;570.72;740.0;580.55
1454;Irati;PR;Federal;91;544.38;564.09;510.18;581.16;702.86;580.53
1455;Embu-Guaçu;SP;Privada;80;552.01;553.25;516.43;592.04;688.5;580.45
1456;Tauá;CE;Federal;20;536.1;548.79;516.91;591.26;709.0;580.41
1457;Corumbá;MS;Privada;100;540.39;559.14;520.05;572.45;710.0;580.4
1458;Galiléia;MG;Estadual;4;559.2;553.45;519.7;594.45;675.0;580.36
1459;Praia Grande;SP;Privada;253;555.03;564.98;519.7;585.77;676.21;580.34
1460;Cotiporã;RS;Estadual;5;547.68;564.34;462.52;542.68;784.0;580.24
1461;Cajamar;SP;Privada;35;554.61;565.44;511.03;569.42;700.57;580.21
1462;São João da Barra;RJ;Privada;2;589.2;561.5;479.1;561.0;710.0;580.16
1463;Jataí;GO;Federal;50;546.75;555.21;527.87;563.5;707.2;580.11
1464;Sem-Peixe;MG;Estadual;1;489.3;577.9;494.3;558.9;780.0;580.08
1465;Nova Friburgo;RJ;Municipal;2;494.15;514.1;458.2;553.85;880.0;580.06
1466;Maracanaú;CE;Privada;82;537.81;545.55;514.17;554.53;747.8;579.97
1467;Franco da Rocha;SP;Privada;27;546.16;560.57;523.85;599.39;669.63;579.92
1468;Belo Jardim;PE;Privada;48;541.63;538.85;516.27;565.95;736.67;579.87
1469;Planaltina;GO;Privada;19;555.41;564.92;539.22;548.25;691.58;579.87
1470;Martinópolis;SP;Privada;23;531.1;536.57;520.52;590.12;720.87;579.83
1471;Brejo Santo;CE;Privada;37;531.61;541.79;517.69;573.46;734.59;579.83
1472;Pirapora;MG;Privada;18;545.22;541.97;520.68;560.82;730.0;579.74
1473;Delmiro Gouveia;AL;Privada;25;546.2;553.41;528.44;564.92;705.6;579.71
1474;Hortolândia;SP;Privada;198;543.19;545.74;518.86;585.76;704.75;579.66
1475;Santana do Piauí;PI;Estadual;5;521.54;499.8;500.42;564.4;812.0;579.63
1476;Jacarezinho;PR;Privada;49;544.3;559.55;525.94;581.92;686.12;579.57
1477;São Valentim;RS;Estadual;6;520.48;547.98;530.95;511.08;786.67;579.43
1478;Bom Jesus dos Perdões;SP;Privada;3;562.67;587.13;554.43;559.4;633.33;579.39
1479;Nova Iguaçu;RJ;Privada;768;543.05;556.89;517.49;569.64;709.87;579.39
1480;Registro;SP;Privada;97;545.26;557.96;512.49;596.5;684.54;579.35
1481;Manaus;AM;Federal;445;548.99;551.44;510.98;577.11;707.42;579.19
1482;Ribeirão das Neves;MG;Privada;10;540.89;555.21;515.82;577.9;706.0;579.16
1483;Teixeira;PB;Privada;14;534.77;539.25;511.54;560.01;750.0;579.11
1484;Bambuí;MG;Federal;72;539.7;554.05;509.89;584.7;706.94;579.06
1485;Brás Pires;MG;Estadual;4;517.52;535.22;523.8;613.55;705.0;579.02
1486;Redenção;PA;Privada;41;521.94;533.1;501.18;593.48;745.37;579.01
1487;Barreiros;PE;Privada;15;507.12;527.89;517.05;562.67;780.0;578.95
1488;Paiva;MG;Estadual;2;529.0;559.6;572.6;663.45;570.0;578.93
1489;Escada;PE;Privada;36;542.77;541.74;508.02;557.28;744.44;578.85
1490;Santo Ângelo;RS;Estadual;175;543.56;540.39;508.73;589.58;711.89;578.83
1491;Ewbank da Câmara;MG;Estadual;1;581.9;602.7;487.4;482.1;740.0;578.82
1492;Montenegro;RS;Privada;77;545.71;552.86;516.4;590.55;688.57;578.82
1493;São Francisco de Paula;RS;Privada;4;533.6;577.78;554.22;543.1;685.0;578.74
1494;Bacabal;MA;Federal;71;544.02;544.36;508.41;551.81;745.07;578.73
1495;São Borja;RS;Privada;19;558.06;549.26;508.08;570.76;707.37;578.71
1496;Jaboatão dos Guararapes;PE;Privada;518;537.63;552.05;511.71;572.34;719.58;578.66
1497;Senhor do Bonfim;BA;Privada;106;524.48;539.08;517.15;565.56;746.98;578.65
1498;Jacarezinho;PR;Federal;56;575.76;562.77;515.47;571.65;667.5;578.63
1499;Contagem;MG;Municipal;277;550.45;562.54;522.02;586.91;670.9;578.56
1500;Conceição da Aparecida;MG;Estadual;12;534.33;540.93;510.79;559.88;746.67;578.52
1501;Maranguape;CE;Federal;15;549.53;546.9;496.99;591.17;708.0;578.52
1502;Dona Emma;SC;Estadual;5;535.84;589.3;485.74;625.56;656.0;578.49
1503;Seabra;BA;Privada;10;517.29;525.48;521.96;565.58;762.0;578.46
1504;Sapucaia;RJ;Municipal;1;587.3;525.2;521.1;658.2;600.0;578.36
1505;Uruaçu;GO;Privada;84;533.78;540.36;508.86;580.0;728.81;578.36
1506;Cunhataí;SC;Estadual;3;552.47;560.03;493.77;525.3;760.0;578.31
1507;Acaraú;CE;Privada;12;550.47;563.98;495.27;551.75;730.0;578.29
1508;Tupã;SP;Privada;18;524.04;556.51;528.04;578.12;704.44;578.23
1509;Santa Mariana;PR;Privada;15;528.89;552.65;510.34;573.88;725.33;578.22
1510;Rondonópolis;MT;Federal;87;546.18;549.93;533.31;587.48;674.02;578.19
1511;Santa Teresa;ES;Estadual;94;531.36;557.54;503.41;586.97;711.49;578.15
1512;Ilhabela;SP;Privada;23;558.45;560.37;526.91;596.22;648.7;578.13
1513;Santo Antônio da Alegria;SP;Municipal;3;482.13;512.13;539.67;563.03;793.33;578.06
1514;Urussanga;SC;Privada;7;513.14;531.44;505.91;590.7;748.57;577.95
1515;Pinhais;PR;Privada;158;548.25;554.47;530.56;587.1;668.73;577.82
1516;Lajedo;PE;Privada;31;533.66;538.31;500.26;527.17;789.68;577.82
1517;Maracaju;MS;Privada;34;541.0;539.31;508.89;558.94;740.59;577.75
1518;Argirita;MG;Estadual;1;618.9;583.0;547.9;538.9;600.0;577.74
1519;Itapetim;PE;Municipal;1;435.7;546.4;529.5;577.0;800.0;577.72
1520;Almenara;MG;Privada;7;536.17;549.99;514.37;562.07;725.71;577.66
1521;Cidade Gaúcha;PR;Privada;5;546.68;547.48;566.02;587.96;640.0;577.63
1522;Seritinga;MG;Estadual;7;550.39;540.19;537.3;508.69;751.43;577.6
1523;Alto Feliz;RS;Estadual;2;536.85;552.8;519.75;638.3;640.0;577.54
1524;Caucaia;CE;Federal;75;550.9;548.31;514.62;565.72;708.0;577.51
1525;Macapá;AP;Federal;151;543.48;555.36;513.96;556.04;718.41;577.45
1526;Monte Aprazível;SP;Privada;24;523.21;543.71;516.49;575.36;728.33;577.42
1527;Vale Verde;RS;Estadual;8;516.67;525.22;503.29;549.35;792.5;577.41
1528;Santa Rita de Minas;MG;Estadual;10;546.65;540.73;524.48;583.07;692.0;577.39
1529;Petrolina;PE;Federal;208;544.25;551.35;514.0;582.68;694.62;577.38
1530;Marechal Floriano;ES;Estadual;58;531.34;552.54;496.28;574.81;731.72;577.34
1531;Monteiro;PB;Federal;60;532.6;546.38;512.97;556.18;738.33;577.29
1532;Capão da Canoa;RS;Privada;54;545.77;549.59;498.92;581.56;710.37;577.24
1533;Monte Mor;SP;Privada;6;539.62;586.63;526.72;639.87;593.33;577.23
1534;Viçosa;AL;Privada;23;514.75;538.38;511.65;565.05;755.65;577.1
1535;Barra Bonita;SP;Privada;28;558.86;554.32;527.7;587.05;657.14;577.02
1536;Mauá;SP;Privada;320;549.66;555.57;514.86;581.05;683.75;576.98
1537;Buritis;MG;Privada;6;533.95;533.87;507.0;609.73;700.0;576.91
1538;São João del Rei;MG;Municipal;1;552.1;556.0;586.8;589.6;600.0;576.9
1539;São Paulo do Potengi;RN;Federal;121;538.51;542.49;523.1;571.65;708.26;576.8
1540;Paranatinga;MT;Privada;6;510.98;548.92;499.32;621.3;703.33;576.77
1541;Morro Reuter;RS;Estadual;7;536.07;561.31;527.84;561.14;697.14;576.7
1542;Aracati;CE;Federal;21;543.5;538.58;522.05;602.81;676.19;576.63
1543;Passa Quatro;MG;Estadual;11;555.79;570.71;505.83;606.93;643.64;576.58
1544;Caucaia;CE;Privada;94;524.34;544.74;505.87;576.64;730.85;576.49
1545;Timbaúba;PE;Privada;27;512.11;543.62;504.49;590.88;731.11;576.44
1546;Paracatu;MG;Privada;107;530.57;545.08;518.49;576.95;711.03;576.42
1547;Ivatuba;PR;Privada;24;521.72;547.16;508.92;575.02;729.17;576.4
1548;Jaguariaíva;PR;Federal;32;558.97;555.3;510.35;544.39;712.5;576.3
1549;Petrolândia;PE;Privada;1;482.2;492.5;485.3;641.5;780.0;576.3
1550;Itiúba;BA;Privada;3;499.57;575.37;478.9;574.2;753.33;576.27
1551;Porto Velho;RO;Federal;113;533.45;537.97;500.18;560.05;749.56;576.24
1552;Jardim;MS;Privada;11;526.94;529.99;495.65;597.5;730.91;576.2
1553;Sertão;RS;Federal;110;531.52;532.34;528.55;584.56;703.82;576.16
1554;Bom Sucesso do Sul;PR;Estadual;3;553.23;553.47;447.07;613.7;713.33;576.16
1555;Monte Castelo;SC;Estadual;16;520.86;532.66;519.83;591.16;716.25;576.15
1556;Barra de São Francisco;ES;Privada;10;534.0;550.64;494.98;553.03;748.0;576.13
1557;Capela do Alto;SP;Privada;4;575.8;563.15;510.58;555.98;675.0;576.1
1558;Glória D'Oeste;MT;Estadual;6;533.5;560.2;500.92;519.12;766.67;576.08
1559;Santa Maria de Jetibá;ES;Privada;1;551.7;562.7;481.8;663.9;620.0;576.02
1560;Camaragibe;PE;Privada;119;552.38;547.55;525.84;567.22;687.06;576.01
1561;São Félix do Coribe;BA;Privada;4;537.08;528.12;528.22;550.88;735.0;575.86
1562;Paracatu;MG;Federal;109;544.0;546.18;503.16;574.7;711.19;575.84
1563;Jaboticaba;RS;Estadual;8;513.75;549.6;515.91;597.21;702.5;575.79
1564;União da Vitória;PR;Privada;45;549.57;563.74;534.58;574.15;656.44;575.7
1565;Timon;MA;Privada;34;521.23;539.79;500.75;531.38;784.71;575.57
1566;Juruaia;MG;Estadual;15;524.31;558.17;529.77;624.17;641.33;575.55
1567;Coxim;MS;Privada;13;546.16;557.85;529.05;598.45;646.15;575.53
1568;Salvador;BA;Municipal;7;554.01;569.46;523.44;504.91;725.71;575.51
1569;Avaré;SP;Federal;54;555.55;545.64;529.01;572.88;674.44;575.5
1570;Nova Belém;MG;Estadual;3;511.33;558.77;487.07;553.67;766.67;575.5
1571;Camboriú;SC;Privada;46;540.07;549.28;518.16;555.85;713.91;575.45
1572;Salvador do Sul;RS;Estadual;5;544.34;549.48;470.44;576.88;736.0;575.43
1573;Guidoval;MG;Estadual;9;521.26;548.32;526.4;552.23;728.89;575.42
1574;Coremas;PB;Privada;4;482.02;518.28;464.35;537.35;875.0;575.4
1575;Biritiba Mirim;SP;Privada;14;555.31;549.81;507.25;584.5;680.0;575.37
1576;Domingos Martins;ES;Estadual;149;514.31;543.73;506.51;588.68;723.62;575.37
1577;Ibirama;SC;Privada;6;557.52;571.57;515.52;601.72;630.0;575.26
1578;Rosário da Limeira;MG;Estadual;6;527.92;543.07;521.6;577.05;706.67;575.26
1579;Nhandeara;SP;Privada;31;521.57;535.3;505.95;573.24;740.0;575.21
1580;Pojuca;BA;Privada;101;527.59;541.62;503.83;563.5;739.41;575.19
1581;Piripiri;PI;Federal;64;509.97;530.09;512.3;536.06;787.5;575.18
1582;Machadinho D'Oeste;RO;Privada;11;526.17;539.83;493.87;575.95;740.0;575.17
1583;Capanema;PR;Federal;45;539.9;557.54;506.28;571.21;700.89;575.16
1584;Guaratinguetá;SP;Estadual;268;556.44;554.34;509.05;597.33;658.66;575.16
1585;Rio Real;BA;Privada;29;507.9;542.56;500.74;541.16;783.45;575.16
1586;Ascurra;SC;Privada;20;544.87;560.12;518.02;595.37;657.0;575.08
1587;Diadema;SP;Privada;288;541.88;548.69;509.13;573.69;702.01;575.08
1588;Peruíbe;SP;Privada;79;554.29;559.64;517.25;579.09;665.06;575.07
1589;Campo Alegre do Fidalgo;PI;Estadual;2;532.2;549.1;519.3;534.65;740.0;575.05
1590;Paracambi;RJ;Privada;18;527.8;564.19;512.82;577.03;693.33;575.03
1591;Jaguariaíva;PR;Privada;29;538.24;558.95;528.67;598.78;650.34;575.0
1592;Morrinhos;GO;Federal;50;528.9;549.72;515.68;566.75;713.6;574.93
1593;Gravataí;RS;Municipal;13;556.88;554.04;501.25;570.01;692.31;574.9
1594;Baependi;MG;Privada;28;533.45;532.69;514.38;566.13;727.86;574.9
1595;Lago da Pedra;MA;Privada;50;511.19;520.35;498.15;551.84;792.8;574.87
1596;Prado;BA;Privada;17;508.18;515.78;512.12;578.12;760.0;574.84
1597;Juína;MT;Federal;90;540.75;544.83;521.31;552.75;714.44;574.82
1598;Ibirama;SC;Federal;39;541.95;551.93;511.43;613.29;655.38;574.8
1599;Serra Talhada;PE;Federal;31;532.51;526.8;511.43;568.36;734.84;574.79
1600;Paranavaí;PR;Privada;177;544.32;552.88;517.16;570.79;688.59;574.75
1601;Pedreira;SP;Privada;29;544.35;547.37;526.82;586.12;668.97;574.72
1602;Paulista;PE;Privada;435;534.88;546.48;512.32;568.85;710.9;574.68
1603;Ibema;PR;Privada;11;523.91;566.25;505.92;568.25;709.09;574.68
1604;Simões Filho;BA;Federal;68;564.02;563.91;521.2;568.18;655.88;574.64
1605;Jaguarão;RS;Federal;31;560.9;569.84;514.82;569.58;658.06;574.64
1606;Nova Andradina;MS;Federal;54;547.92;551.41;513.77;580.87;678.89;574.57
1607;Santo Anastácio;SP;Privada;38;516.63;545.99;520.48;565.48;724.21;574.56
1608;Estância;SE;Privada;100;528.95;544.35;515.1;558.72;725.6;574.54
1609;Horizonte;CE;Privada;17;544.66;560.19;490.46;563.19;714.12;574.52
1610;Aquidauana;MS;Federal;98;542.32;536.28;501.28;568.24;724.08;574.44
1611;Marataízes;ES;Municipal;1;520.3;529.2;591.0;591.5;640.0;574.4
1612;Jaciara;MT;Privada;35;519.65;528.76;504.67;560.48;758.29;574.37
1613;Alcantil;PB;Estadual;5;544.22;549.84;514.34;551.44;712.0;574.37
1614;Antônio Carlos;SC;Estadual;65;538.75;551.45;511.48;588.23;681.85;574.35
1615;Santa Bárbara;BA;Privada;6;552.93;558.42;525.08;535.07;700.0;574.3
1616;Agudos;SP;Privada;57;543.81;546.25;536.54;565.85;678.6;574.21
1617;Mundo Novo;BA;Privada;8;529.88;533.39;482.74;577.52;747.5;574.2
1618;São Félix do Piauí;PI;Estadual;4;520.83;501.4;506.2;542.15;800.0;574.12
1619;Itabaiana;PB;Federal;63;522.41;532.84;494.66;540.55;779.68;574.03
1620;Forquetinha;RS;Estadual;2;548.15;573.55;504.7;543.65;700.0;574.01
1621;Jacareacanga;PA;Municipal;1;563.6;526.3;442.1;616.8;720.0;573.76
1622;São Miguel dos Campos;AL;Privada;62;502.5;535.0;506.2;574.44;750.65;573.76
1623;Apiaí;SP;Privada;15;556.96;559.09;534.53;579.39;638.67;573.73
1624;Goiana;PE;Privada;85;535.12;542.86;514.29;555.59;720.71;573.71
1625;Ponta Porã;MS;Federal;108;550.63;541.73;520.19;572.28;682.78;573.52
1626;Cândido Rodrigues;SP;Estadual;1;569.2;571.8;495.7;630.5;600.0;573.44
1627;Águas Lindas de Goiás;GO;Federal;39;555.79;564.14;526.34;539.58;681.03;573.38
1628;Leme do Prado;MG;Estadual;21;519.24;554.97;518.05;580.74;693.33;573.27
1629;Serra Negra;SP;Privada;19;533.19;556.41;536.78;567.28;672.63;573.26
1630;Carmo da Mata;MG;Estadual;11;545.21;563.65;489.05;550.05;718.18;573.23
1631;Ruy Barbosa;BA;Privada;21;540.42;569.45;520.39;569.7;665.71;573.13
1632;Campos Belos;GO;Federal;84;528.47;527.68;501.04;550.59;757.38;573.03
1633;Duque de Caxias;RJ;Privada;728;541.37;549.19;504.92;560.6;708.76;572.97
1634;Santa Cruz do Capibaribe;PE;Privada;109;526.98;545.41;499.94;569.6;722.75;572.94
1635;Estância;SE;Federal;58;529.23;529.66;513.64;563.04;728.97;572.91
1636;Volta Redonda;RJ;Municipal;52;542.57;555.98;518.48;574.3;673.08;572.88
1637;Acreúna;GO;Privada;7;526.84;539.17;505.76;603.83;688.57;572.83
1638;Murici;AL;Federal;18;556.28;556.54;536.02;574.97;640.0;572.76
1639;Tangará da Serra;MT;Federal;40;534.96;545.62;514.73;564.4;704.0;572.74
1640;Paranaguá;PR;Privada;150;546.1;549.95;514.39;582.49;670.67;572.72
1641;Matão;SP;Privada;50;524.85;538.84;513.69;594.69;691.2;572.65
1642;Faxinal do Soturno;RS;Estadual;24;514.68;523.14;491.59;579.51;754.17;572.62
1643;Porto Mauá;RS;Estadual;2;550.3;562.4;485.55;563.7;700.0;572.39
1644;Luisburgo;MG;Estadual;7;524.07;514.2;501.39;556.51;765.71;572.38
1645;Guaratuba;PR;Privada;30;531.82;554.99;526.89;577.41;670.67;572.35
1646;Faxinal;PR;Privada;21;554.45;566.79;545.37;574.16;620.95;572.34
1647;Valença;BA;Federal;181;546.2;546.8;508.56;545.73;714.36;572.33
1648;Governador Mangabeira;BA;Federal;69;538.82;547.45;504.13;559.04;712.17;572.32
1649;Divino;MG;Estadual;22;537.17;551.3;498.35;576.4;698.18;572.28
1650;Corumbá;MS;Federal;96;556.19;554.27;505.72;574.53;670.62;572.27
1651;Tremedal;BA;Municipal;1;584.0;528.1;483.7;545.4;720.0;572.24
1652;Barbosa Ferraz;PR;Privada;6;541.13;558.78;486.87;577.53;696.67;572.2
1653;Salgueiro;PE;Privada;12;560.45;545.5;500.52;580.98;673.33;572.16
1654;Bom Jesus;PI;Federal;23;506.7;526.6;491.87;584.8;750.43;572.08
1655;Casca;RS;Estadual;18;525.58;542.08;512.79;541.02;738.89;572.07
1656;Conselheiro Lafaiete;MG;Municipal;48;540.28;556.13;514.41;568.89;680.42;572.03
1657;Assis Chateaubriand;PR;Federal;80;547.19;555.11;529.52;577.15;651.0;571.99
1658;Tupaciguara;MG;Privada;5;490.16;536.26;523.5;565.92;744.0;571.97
1659;São Luís;MA;Federal;558;537.28;541.57;509.86;568.53;702.54;571.96
1660;Rio Novo;MG;Estadual;6;509.47;544.27;532.0;570.63;703.33;571.94
1661;Solonópole;CE;Municipal;1;550.0;555.6;441.6;512.4;800.0;571.92
1662;Tabapuã;SP;Estadual;6;532.78;549.1;502.87;634.8;640.0;571.91
1663;Teutônia;RS;Estadual;72;535.55;537.03;498.68;577.89;710.0;571.83
1664;Tupanci do Sul;RS;Estadual;9;546.36;554.24;481.13;583.83;693.33;571.78
1665;Januária;MG;Federal;115;533.64;538.93;513.2;572.87;700.17;571.76
1666;Ivaiporã;PR;Federal;39;547.08;560.63;528.99;557.77;664.1;571.72
1667;Lorena;SP;Estadual;126;547.98;554.74;516.15;559.84;679.84;571.71
1668;Cruzeiro do Sul;AC;Privada;26;518.95;523.38;517.79;568.75;729.23;571.62
1669;São Sepé;RS;Estadual;42;545.7;562.59;518.01;561.8;670.0;571.62
1670;Pratinha;MG;Estadual;3;547.87;561.03;560.7;541.67;646.67;571.59
1671;Itapira;SP;Estadual;75;550.01;550.07;510.96;581.66;665.07;571.55
1672;São João del Rei;MG;Federal;5;521.6;535.78;512.94;603.12;684.0;571.49
1673;Pirajuí;SP;Privada;6;514.0;531.78;464.72;633.13;713.33;571.39
1674;Itaquaquecetuba;SP;Privada;84;540.13;551.61;513.08;590.74;660.95;571.3
1675;Conceição do Araguaia;PA;Privada;26;519.89;541.85;479.1;553.96;761.54;571.27
1676;Itaguaí;RJ;Privada;105;538.19;550.72;507.39;561.8;698.1;571.24
1677;Lindolfo Collor;RS;Estadual;7;524.06;553.84;517.23;612.16;648.57;571.17
1678;Mercês;MG;Estadual;7;527.84;549.23;509.07;583.99;685.71;571.17
1679;Santa Izabel do Pará;PA;Privada;41;521.82;542.77;477.44;526.34;787.32;571.14
1680;Taquaraçu de Minas;MG;Estadual;10;507.64;536.43;495.18;570.24;746.0;571.1
1681;Pesqueira;PE;Privada;16;530.42;538.22;510.0;578.12;698.75;571.1
1682;Salvador das Missões;RS;Estadual;8;526.75;530.58;486.95;588.12;722.5;570.98
1683;João Monlevade;MG;Estadual;155;527.84;545.98;514.92;569.17;696.52;570.88
1684;São Lourenço da Mata;PE;Privada;29;539.88;525.74;517.39;557.57;713.79;570.87
1685;Itanhaém;SP;Privada;23;545.01;539.64;511.13;567.15;691.3;570.85
1686;Porto Franco;MA;Federal;19;535.49;555.55;499.55;591.01;672.63;570.85
1687;Bom Jesus;PB;Estadual;1;512.4;503.3;490.0;468.5;880.0;570.84
1688;Dois Lajeados;RS;Estadual;5;551.38;559.14;533.54;602.08;608.0;570.83
1689;Bonfinópolis de Minas;MG;Estadual;20;522.06;528.64;521.17;559.03;723.0;570.78
1690;Prudentópolis;PR;Privada;43;544.15;564.17;534.95;583.06;627.44;570.76
1691;Aparecida d'Oeste;SP;Estadual;12;537.37;532.93;500.53;577.75;705.0;570.72
1692;Muritiba;BA;Municipal;1;562.9;550.3;405.8;434.6;900.0;570.72
1693;Bom Jesus do Itabapoana;RJ;Federal;111;534.15;540.09;504.75;544.34;730.27;570.72
1694;Tucuruí;PA;Privada;46;520.06;530.49;525.26;554.54;723.04;570.68
1695;Cruzeiro do Oeste;PR;Privada;17;516.96;544.05;493.12;566.28;732.94;570.67
1696;Manhumirim;MG;Estadual;29;544.48;554.62;506.51;571.14;676.55;570.66
1697;Jardinópolis;SP;Privada;50;529.46;541.72;525.22;561.38;695.2;570.6
1698;Conselheiro Pena;MG;Estadual;14;570.76;545.86;505.44;583.75;647.14;570.59
1699;Camacan;BA;Privada;12;534.78;549.71;518.73;549.67;700.0;570.58
1700;Alfredo Chaves;ES;Privada;1;589.4;607.9;511.5;623.5;520.0;570.46
1701;Pitanga;PR;Federal;15;542.88;562.86;512.27;575.32;658.67;570.4
1702;Sorriso;MT;Federal;68;542.09;552.41;517.55;585.82;654.12;570.4
1703;Guarantã do Norte;MT;Privada;7;516.5;544.74;520.41;587.39;682.86;570.38
1704;Ji-Paraná;RO;Privada;45;530.31;548.36;506.84;572.66;692.89;570.21
1705;Diamantino;MT;Privada;3;569.1;589.33;491.27;507.97;693.33;570.2
1706;Crateús;CE;Federal;11;545.07;572.26;523.18;506.64;703.64;570.16
1707;Barcarena;PA;Privada;120;520.52;538.59;497.62;551.22;742.83;570.16
1708;Botumirim;MG;Estadual;2;511.3;552.0;440.55;576.55;770.0;570.08
1709;Antônio Prado de Minas;MG;Estadual;5;525.02;527.52;497.54;576.04;724.0;570.02
1710;São João del Rei;MG;Estadual;151;534.75;558.25;508.23;579.11;669.67;570.0
1711;Itanhomi;MG;Estadual;20;523.4;513.95;521.61;562.87;728.0;569.97
1712;Posse;GO;Federal;22;538.0;517.81;525.38;574.11;694.55;569.97
1713;Santa Maria da Boa Vista;PE;Federal;32;527.21;529.42;506.04;577.52;709.38;569.91
1714;Ivaiporã;PR;Privada;38;524.54;552.89;513.67;551.58;706.84;569.91
1715;Castelo;ES;Privada;15;493.74;518.56;513.05;580.04;744.0;569.88
1716;Mesquita;RJ;Privada;74;540.82;548.93;515.2;550.59;693.51;569.81
1717;Valparaíso;SP;Privada;11;525.85;530.67;516.09;539.95;736.36;569.79
1718;Grajaú;MA;Federal;52;522.99;532.37;489.24;566.25;738.08;569.79
1719;Gabriel Monteiro;SP;Estadual;2;549.6;517.65;444.6;706.95;630.0;569.76
1720;Paraíso;SC;Estadual;10;539.57;544.9;525.92;554.26;684.0;569.73
1721;Alexânia;GO;Privada;3;503.73;551.27;518.0;561.7;713.33;569.61
1722;Loanda;PR;Privada;39;530.29;545.73;524.87;585.13;662.05;569.61
1723;Rio Novo do Sul;ES;Estadual;55;517.67;536.05;509.99;571.72;712.36;569.56
1724;Guarujá;SP;Privada;166;548.2;550.0;510.64;575.02;663.86;569.55
1725;Carlos Chagas;MG;Privada;7;533.16;541.87;490.84;535.86;745.71;569.49
1726;Entre Rios;BA;Privada;7;509.27;574.79;535.29;561.89;665.71;569.39
1727;Encantado;RS;Estadual;27;547.8;553.3;511.08;580.67;654.07;569.39
1728;Marilac;MG;Estadual;9;529.94;525.22;533.81;553.32;704.44;569.35
1729;Tunápolis;SC;Estadual;13;532.63;563.63;533.41;589.11;627.69;569.29
1730;Caetanópolis;MG;Estadual;7;509.97;542.47;526.7;581.17;685.71;569.21
1731;Amparo do Serra;MG;Estadual;5;518.2;543.62;493.24;606.78;684.0;569.17
1732;Piracicaba;SP;Municipal;62;549.63;553.75;513.59;576.27;652.58;569.16
1733;Santa Cruz;RN;Privada;62;527.79;536.56;507.84;555.33;718.06;569.12
1734;Cidade Ocidental;GO;Privada;18;547.32;556.79;500.33;541.09;700.0;569.11
1735;Chapada do Norte;MG;Estadual;16;533.54;544.84;507.22;564.59;695.0;569.04
1736;Jussara;GO;Privada;12;516.25;502.57;503.42;581.29;741.67;569.04
1737;Camaçari;BA;Privada;154;527.46;543.39;497.0;557.58;719.74;569.04
1738;Rio do Sul;SC;Federal;51;533.09;554.39;530.58;567.49;659.61;569.03
1739;Viçosa;AL;Federal;49;543.1;525.01;499.16;559.52;718.37;569.03
1740;Forquilhinha;SC;Privada;1;525.9;622.3;449.9;686.7;560.0;568.96
1741;Jacutinga;RS;Estadual;7;531.44;543.36;509.89;562.97;697.14;568.96
1742;Cardoso;SP;Estadual;2;560.6;582.55;528.4;562.6;610.0;568.83
1743;Esperança;PB;Privada;36;535.22;530.99;509.03;557.71;711.11;568.81
1744;Hidrolândia;GO;Federal;18;547.01;549.84;481.47;557.8;707.78;568.78
1745;Curral Novo do Piauí;PI;Municipal;1;521.5;475.7;447.6;559.0;840.0;568.76
1746;Coruripe;AL;Federal;101;517.66;520.55;504.22;579.63;720.79;568.57
1747;Pitangui;MG;Estadual;27;531.89;546.34;496.04;563.84;704.44;568.51
1748;Jaú;SP;Estadual;330;536.82;539.93;493.8;565.26;706.67;568.5
1749;Echaporã;SP;Estadual;5;556.4;534.8;506.48;568.72;676.0;568.48
1750;Irani;SC;Estadual;20;549.79;545.25;489.14;532.85;725.0;568.41
1751;Itumbiara;GO;Privada;175;528.69;535.55;511.21;565.88;700.69;568.4
1752;Alagoinhas;BA;Federal;55;544.34;549.55;514.27;534.52;699.27;568.39
1753;Altamira;PA;Privada;70;524.21;531.36;501.7;557.78;726.86;568.38
1754;Macau;RN;Federal;89;538.83;541.63;497.42;544.87;719.1;568.37
1755;Rosana;SP;Privada;21;533.9;534.28;502.58;570.91;700.0;568.33
1756;Pompéu;MG;Estadual;48;505.3;503.82;477.1;541.3;813.75;568.25
1757;Águas Lindas de Goiás;GO;Privada;107;530.32;544.15;507.87;549.75;709.16;568.25
1758;Nazaré da Mata;PE;Privada;32;502.92;555.71;500.9;533.55;748.12;568.24
1759;São José de Ribamar;MA;Federal;82;524.82;531.12;508.58;561.96;714.63;568.22
1760;Rio Sono;TO;Municipal;1;510.0;550.1;556.5;464.5;760.0;568.22
1761;São Gabriel;RS;Privada;16;528.3;541.77;525.99;569.59;675.0;568.13
1762;Floresta;PE;Federal;89;519.7;518.43;498.12;536.27;766.97;567.9
1763;Sairé;PE;Privada;27;538.34;524.03;498.94;533.7;744.44;567.89
1764;Areial;PB;Municipal;2;541.95;565.5;556.65;555.3;620.0;567.88
1765;Alumínio;SP;Privada;36;543.21;542.39;508.71;581.61;663.33;567.85
1766;Itabaiana;PB;Privada;45;503.82;529.4;486.31;555.68;764.0;567.84
1767;Itumirim;MG;Estadual;9;503.8;539.49;493.31;580.31;722.22;567.83
1768;Cabo de Santo Agostinho;PE;Privada;141;524.24;528.83;498.08;561.01;726.67;567.77
1769;Luminárias;MG;Estadual;5;529.34;539.46;539.38;594.62;636.0;567.76
1770;Barão de Monte Alto;MG;Estadual;4;496.72;524.25;523.7;639.0;655.0;567.74
1771;São Vendelino;RS;Estadual;3;574.8;548.8;541.83;586.57;586.67;567.73
1772;Uberlândia;MG;Municipal;1;563.4;584.8;503.2;627.0;560.0;567.68
1773;Pinheiral;RJ;Privada;7;541.43;524.1;523.73;548.79;700.0;567.61
1774;Uruçuí;PI;Municipal;1;479.5;561.1;429.2;547.9;820.0;567.54
1775;Alvorada;RS;Privada;45;531.29;539.69;504.54;577.62;684.0;567.43
1776;Itapecuru Mirim;MA;Federal;27;507.37;516.07;496.79;558.93;757.78;567.39
1777;São Francisco de Paula;MG;Estadual;9;524.49;544.76;507.62;573.21;686.67;567.35
1778;Monte Alegre de Minas;MG;Estadual;22;530.12;543.47;523.85;573.75;665.45;567.33
1779;Bragança;PA;Federal;67;531.81;542.04;505.06;561.23;696.42;567.31
1780;Taubaté;SP;Municipal;101;550.43;560.29;509.13;570.48;646.14;567.29
1781;Marabá;PA;Federal;84;526.06;534.52;518.73;548.39;708.57;567.25
1782;Rio Pomba;MG;Federal;38;534.33;552.84;529.86;582.35;636.84;567.25
1783;Saldanha Marinho;RS;Estadual;8;548.35;567.99;496.11;571.0;652.5;567.19
1784;Seropédica;RJ;Privada;33;550.74;564.64;499.02;548.15;673.33;567.18
1785;Caieiras;SP;Privada;85;546.13;557.06;513.08;568.71;650.82;567.16
1786;Santa Rosa do Sul;SC;Federal;75;537.51;542.5;516.09;562.54;676.8;567.09
1787;Macaúbas;BA;Privada;15;498.71;530.07;492.27;587.49;726.67;567.04
1788;Santa Maria da Vitória;BA;Privada;8;527.02;522.75;477.5;567.88;740.0;567.03
1789;Serra Grande;PB;Estadual;5;524.56;527.56;505.3;529.48;748.0;566.98
1790;Nilópolis;RJ;Privada;183;543.39;542.89;505.1;556.62;686.56;566.91
1791;Capanema;PA;Privada;100;512.82;532.65;497.51;535.8;755.4;566.84
1792;Itinga do Maranhão;MA;Privada;10;504.63;531.38;523.93;541.92;732.0;566.77
1793;Paulistana;PI;Federal;73;501.86;520.96;493.11;541.73;776.16;566.77
1794;São José dos Ausentes;RS;Estadual;6;547.62;523.65;495.08;580.73;686.67;566.75
1795;Boa Vista;RR;Federal;166;543.5;545.82;512.2;564.33;667.83;566.74
1796;Tupã;SP;Federal;33;523.48;525.23;523.46;558.45;703.03;566.73
1797;Caseiros;RS;Estadual;11;497.65;500.42;485.73;569.69;780.0;566.7
1798;Alta Floresta;MT;Federal;75;524.89;526.29;493.91;538.24;749.87;566.64
1799;São José do Inhacorá;RS;Estadual;7;513.44;566.0;524.07;617.39;611.43;566.47
1800;Anápolis;GO;Federal;40;543.48;563.2;518.96;551.24;655.0;566.38
1801;Tucuruí;PA;Federal;152;527.95;541.03;509.66;568.86;684.34;566.37
1802;Barra Bonita;SP;Estadual;112;545.67;546.2;504.45;572.73;662.32;566.27
1803;Bom Jesus do Itabapoana;RJ;Privada;12;509.69;539.77;493.03;535.48;753.33;566.26
1804;Osvaldo Cruz;SP;Estadual;70;529.23;542.35;514.45;576.39;668.86;566.25
1805;Pilar;AL;Privada;18;532.97;553.71;509.9;546.77;687.78;566.22
1806;Conceição do Pará;MG;Estadual;3;554.27;553.8;445.1;584.47;693.33;566.19
1807;Entre Rios de Minas;MG;Estadual;37;529.44;540.3;509.56;578.12;673.51;566.19
1808;Manhuaçu;MG;Estadual;148;529.51;539.71;498.81;563.01;699.86;566.18
1809;Pinheiro;MA;Privada;85;530.01;544.32;506.14;543.76;706.59;566.16
1810;Canindé;CE;Federal;10;517.99;527.47;490.61;532.16;762.0;566.05
1811;São Simão;SP;Privada;16;529.09;532.17;484.45;554.39;730.0;566.02
1812;Itueta;MG;Estadual;3;547.13;580.43;561.8;520.73;620.0;566.02
1813;Santana;AP;Privada;45;533.11;551.49;496.86;552.58;696.0;566.01
1814;Agudo;RS;Estadual;32;528.52;542.5;500.06;546.58;711.88;565.91
1815;Santo Antônio da Platina;PR;Privada;32;534.25;546.81;505.38;554.82;688.12;565.88
1816;Santo Cristo;RS;Estadual;28;523.14;545.69;514.43;573.21;672.86;565.87
1817;União dos Palmares;AL;Privada;40;529.47;529.26;512.72;520.26;737.5;565.84
1818;Itapororoca;PB;Privada;14;501.59;533.49;491.65;566.43;735.71;565.77
1819;Colorado do Oeste;RO;Federal;80;526.1;533.21;513.25;550.45;705.5;565.7
1820;Mairinque;SP;Privada;5;536.42;497.88;490.22;591.68;712.0;565.64
1821;Palhoça;SC;Federal;41;554.91;568.11;506.1;561.62;637.07;565.56
1822;Ilópolis;RS;Estadual;5;536.52;558.02;520.78;568.46;644.0;565.56
1823;Timbé do Sul;SC;Estadual;7;519.6;522.86;510.77;580.17;694.29;565.54
1824;Bonito;MS;Privada;8;541.61;549.69;544.29;564.46;627.5;565.51
1825;Barracão;PR;Federal;37;545.67;554.44;496.28;564.62;666.49;565.5
1826;Belém;PB;Privada;30;489.5;517.31;491.5;553.87;775.33;565.5
1827;Ceres;GO;Federal;67;537.0;534.74;512.01;563.56;680.0;565.46
1828;Ibiúna;SP;Privada;58;527.61;539.37;514.65;571.82;673.79;565.45
1829;Itaí;SP;Privada;3;513.53;517.83;530.43;578.43;686.67;565.38
1830;Alegria;RS;Estadual;2;509.0;529.5;499.2;599.05;690.0;565.35
1831;Delfim Moreira;MG;Estadual;3;557.27;572.17;504.97;512.2;680.0;565.32
1832;Jaboticatubas;MG;Estadual;14;550.06;539.41;519.71;568.83;648.57;565.32
1833;Três Arroios;RS;Estadual;8;519.28;537.16;465.26;574.78;730.0;565.3
1834;Lajes;RN;Federal;83;540.3;535.43;495.23;576.64;678.8;565.28
1835;Santa Cruz do Sul;RS;Estadual;245;533.38;539.41;496.52;571.45;685.55;565.26
1836;Acopiara;CE;Federal;9;526.69;546.43;508.43;542.51;702.22;565.26
1837;Vidal Ramos;SC;Estadual;9;494.3;548.39;488.67;499.16;795.56;565.21
1838;Imigrante;RS;Estadual;2;499.85;544.8;453.1;658.3;670.0;565.21
1839;Catalão;GO;Federal;29;538.72;544.36;518.18;552.29;672.41;565.19
1840;União do Oeste;SC;Estadual;5;495.06;551.56;497.58;633.44;648.0;565.13
1841;Itapipoca;CE;Federal;53;532.45;542.3;500.94;581.62;668.3;565.12
1842;Estiva;MG;Estadual;11;520.4;549.18;488.95;574.28;692.73;565.11
1843;Quixabeira;BA;Privada;1;526.9;483.4;461.2;594.0;760.0;565.1
1844;Tucunduva;RS;Estadual;13;522.22;525.22;533.25;598.52;646.15;565.07
1845;Paragominas;PA;Federal;126;519.3;527.65;501.89;536.55;739.68;565.02
1846;Telêmaco Borba;PR;Privada;77;534.33;546.51;511.35;570.78;662.08;565.01
1847;Oriximiná;PA;Privada;43;516.55;552.66;501.56;545.91;708.37;565.01
1848;Barueri;SP;Municipal;1037;547.91;546.35;504.09;572.23;654.1;564.94
1849;Dionísio;MG;Estadual;14;524.8;512.72;502.56;550.28;734.29;564.93
1850;Mariópolis;PR;Estadual;5;518.48;549.94;529.26;602.9;624.0;564.92
1851;Piracema;MG;Estadual;13;548.58;552.59;522.55;609.99;590.77;564.9
1852;Madre de Deus de Minas;MG;Estadual;3;516.1;542.53;545.53;613.6;606.67;564.89
1853;Jandira;SP;Privada;85;539.81;552.47;518.76;553.32;660.0;564.87
1854;Glória do Goitá;PE;Privada;9;500.21;549.42;497.04;568.69;708.89;564.85
1855;Camamu;BA;Privada;9;546.86;562.48;503.18;505.07;706.67;564.85
1856;Campo Belo;MG;Estadual;87;528.53;537.84;498.95;564.52;694.25;564.82
1857;Moreno;PE;Privada;32;532.67;527.28;505.62;547.17;711.25;564.8
1858;Itabaiana;SE;Federal;56;536.64;537.3;502.97;542.09;705.0;564.8
1859;Pedro II;PI;Federal;70;514.92;532.02;499.47;522.21;755.14;564.75
1860;Piedade de Caratinga;MG;Estadual;13;535.1;532.5;511.32;561.68;683.08;564.74
1861;Caiçara;RS;Estadual;22;491.47;534.44;494.33;562.48;740.91;564.73
1862;Abaeté;MG;Estadual;42;541.86;543.0;502.99;579.97;655.71;564.71
1863;Sousa;PB;Federal;62;524.09;533.65;506.39;541.24;718.06;564.69
1864;Lavínia;SP;Estadual;31;526.68;537.13;486.54;573.97;698.71;564.61
1865;Bom Jesus;PI;Privada;8;518.66;556.24;518.42;551.89;677.5;564.54
1866;Itapetinga;BA;Federal;77;541.03;531.84;498.24;540.72;710.65;564.5
1867;São Manoel do Paraná;PR;Estadual;1;527.8;407.8;577.1;669.7;640.0;564.48
1868;Iguaba Grande;RJ;Privada;51;531.74;540.08;505.59;544.06;700.78;564.45
1869;Santana;AP;Federal;63;539.59;552.99;510.47;534.64;684.44;564.43
1870;Paraíso do Tocantins;TO;Federal;54;523.99;531.9;493.86;567.15;705.19;564.42
1871;Penedo;AL;Federal;104;530.41;539.4;508.64;548.46;695.19;564.42
1872;Pedra do Indaiá;MG;Estadual;5;531.34;539.86;497.4;525.38;728.0;564.4
1873;Mogi Mirim;SP;Estadual;125;542.52;544.92;500.28;588.47;645.44;564.33
1874;Várzea Grande;MT;Federal;101;532.86;529.66;501.71;553.97;703.37;564.31
1875;Bocaina de Minas;MG;Estadual;6;516.58;551.27;528.62;545.05;680.0;564.3
1876;Mandaguaçu;PR;Privada;20;538.19;550.36;514.28;552.61;666.0;564.29
1877;Bom Sucesso;MG;Estadual;29;517.03;536.89;513.53;542.23;711.72;564.28
1878;Ariquemes;RO;Federal;91;522.08;535.32;496.9;568.62;698.02;564.19
1879;Princesa Isabel;PB;Federal;28;525.6;546.4;507.16;586.6;655.0;564.15
1880;Nova Esperança do Sudoeste;PR;Estadual;16;517.19;535.52;506.43;578.94;682.5;564.12
1881;Diamantino;MT;Federal;47;534.08;533.75;500.68;557.12;694.89;564.11
1882;Marques de Souza;RS;Estadual;5;540.1;552.02;529.3;599.02;600.0;564.09
1883;Cabo de Santo Agostinho;PE;Municipal;1;549.6;535.4;497.2;558.2;680.0;564.08
1884;Santa Helena de Goiás;GO;Privada;55;520.48;543.31;500.84;573.93;681.82;564.07
1885;Porto Nacional;TO;Federal;47;516.03;534.44;511.32;539.34;719.15;564.06
1886;São Vicente;SP;Privada;214;547.11;549.36;504.07;556.75;662.8;564.02
1887;Lapa;PR;Municipal;1;548.3;619.8;534.3;597.5;520.0;563.98
1888;Amparo;SP;Estadual;198;544.83;548.55;508.59;584.99;632.83;563.96
1889;Itapecuru Mirim;MA;Privada;7;511.5;545.01;468.94;597.14;697.14;563.95
1890;Carmo do Cajuru;MG;Estadual;38;520.83;537.29;506.72;576.73;677.89;563.89
1891;Euclides da Cunha;BA;Privada;40;515.01;525.11;497.35;555.63;725.5;563.72
1892;Cacoal;RO;Federal;94;526.63;536.49;503.5;559.63;692.34;563.72
1893;Humaitá;AM;Privada;11;541.95;548.11;524.46;571.24;632.73;563.7
1894;Tupandi;RS;Estadual;6;540.3;540.67;476.08;608.12;653.33;563.7
1895;Senhor do Bonfim;BA;Federal;66;528.07;529.32;503.4;549.78;707.88;563.69
1896;Vila Pavão;ES;Estadual;34;513.02;538.28;506.57;586.46;674.12;563.69
1897;Mongaguá;SP;Privada;18;546.26;554.2;503.71;584.11;630.0;563.66
1898;Campina Grande do Sul;PR;Privada;50;533.45;542.9;525.49;563.03;653.2;563.61
1899;Presidente Dutra;MA;Privada;16;519.24;521.28;517.3;517.74;742.5;563.61
1900;Rio do Oeste;SC;Estadual;11;562.26;527.25;491.25;566.38;670.91;563.61
1901;Xique-Xique;BA;Federal;2;531.1;558.4;509.95;488.0;730.0;563.49
1902;São Caitano;PE;Privada;13;507.93;525.58;488.47;519.96;775.38;563.47
1903;Itaberaba;BA;Federal;41;550.8;539.85;496.38;554.1;676.1;563.45
1904;São José do Mantimento;MG;Estadual;9;541.48;552.0;531.74;513.8;677.78;563.36
1905;Macieira;SC;Estadual;9;518.48;550.68;456.14;562.42;728.89;563.32
1906;Quixadá;CE;Federal;30;537.92;534.27;522.74;549.69;672.0;563.32
1907;Silvânia;GO;Privada;58;515.74;526.31;507.27;581.91;685.17;563.28
1908;Ipatinga;MG;Estadual;350;530.9;535.55;502.2;557.74;689.83;563.25
1909;Botuporã;BA;Estadual;16;504.16;558.59;505.79;546.39;701.25;563.24
1910;Charqueadas;RS;Privada;4;513.67;527.4;495.28;594.55;685.0;563.18
1911;Açailândia;MA;Federal;114;523.95;525.13;489.82;550.36;726.32;563.11
1912;Aurora;SC;Estadual;14;511.56;545.45;518.1;588.97;651.43;563.1
1913;Maravilha;SC;Estadual;100;528.59;540.76;500.99;556.13;688.8;563.05
1914;Barra do Garças;MT;Federal;74;532.96;539.82;502.78;573.54;665.68;562.96
1915;Cícero Dantas;BA;Privada;11;503.75;525.04;499.17;526.54;760.0;562.9
1916;Chiapetta;RS;Estadual;11;518.82;515.5;475.93;560.2;743.64;562.82
1917;Floriano Peixoto;RS;Estadual;2;528.05;593.7;509.45;532.9;650.0;562.82
1918;Jaraguá;GO;Privada;39;533.19;542.13;510.41;553.39;674.87;562.8
1919;Lambari;MG;Estadual;43;525.81;547.23;504.31;571.95;664.65;562.79
1920;Santa Inês;BA;Federal;71;533.14;547.66;509.35;549.92;673.52;562.72
1921;Nova Londrina;PR;Privada;12;569.25;570.07;510.32;545.55;618.33;562.71
1922;Lourdes;SP;Estadual;5;541.32;539.28;482.84;565.84;684.0;562.66
1923;Balneário Arroio do Silva;SC;Estadual;11;535.25;537.9;507.28;529.13;703.64;562.64
1924;Cruzília;MG;Estadual;39;520.38;543.05;491.89;570.69;687.18;562.64
1925;Coronel Vivida;PR;Privada;12;514.36;559.33;507.47;563.61;668.33;562.62
1926;Cuité;PB;Privada;9;519.84;541.63;502.49;562.4;686.67;562.61
1927;João Neiva;ES;Estadual;36;520.94;533.07;508.21;553.33;697.22;562.55
1928;Inconfidentes;MG;Federal;74;532.01;537.14;508.2;567.24;668.11;562.54
1929;Toledo;MG;Estadual;9;548.42;551.93;505.08;584.92;622.22;562.52
1930;São Gonçalo do Rio Preto;MG;Estadual;6;532.88;561.48;532.55;549.02;636.67;562.52
1931;Irapuã;SP;Estadual;7;550.71;549.53;484.0;536.89;691.43;562.51
1932;Capela de Santana;RS;Estadual;3;530.63;515.87;509.0;576.77;680.0;562.45
1933;Ouricuri;PE;Federal;66;527.42;535.03;515.32;569.23;664.55;562.31
1934;Matão;SP;Federal;50;547.61;544.23;515.73;558.34;645.6;562.3
1935;Estância Velha;RS;Privada;14;547.91;521.09;522.66;564.04;655.71;562.28
1936;Pitanga;PR;Privada;16;528.58;546.94;488.57;557.04;690.0;562.22
1937;Brasilândia do Sul;PR;Estadual;8;523.75;531.65;528.62;569.58;657.5;562.22
1938;Mira Estrela;SP;Estadual;8;520.2;528.04;525.4;579.78;657.5;562.18
1939;Delfim Moreira;MG;Privada;4;550.3;561.9;494.68;598.9;605.0;562.16
1940;Prados;MG;Estadual;16;523.96;549.84;502.96;561.53;672.5;562.16
1941;Dias d'Ávila;BA;Privada;26;548.25;543.7;493.32;530.7;694.62;562.12
1942;Batalha;AL;Federal;83;520.15;519.91;503.53;529.14;737.83;562.11
1943;Tuparendi;RS;Estadual;11;549.96;544.41;495.5;589.57;630.91;562.07
1944;Vilhena;RO;Federal;67;532.35;542.34;493.64;563.79;678.21;562.07
1945;Santa Rita;PB;Federal;61;532.61;533.89;510.21;543.44;690.16;562.06
1946;Santa Rosa de Viterbo;SP;Privada;12;537.67;540.11;513.72;580.35;638.33;562.04
1947;Macaúbas;BA;Estadual;53;506.34;533.24;500.13;538.76;731.7;562.03
1948;Padre Carvalho;MG;Estadual;3;557.57;547.9;525.7;552.2;626.67;562.01
1949;Mogi Guaçu;SP;Municipal;24;548.47;557.02;502.43;570.43;631.67;562.0
1950;Panelas;PE;Estadual;64;509.19;528.15;496.41;548.06;727.81;561.93
1951;Conceição da Barra de Minas;MG;Estadual;4;496.92;522.2;533.85;561.65;695.0;561.92
1952;Floraí;PR;Estadual;11;545.9;557.11;475.55;569.21;661.82;561.92
1953;Palmares;PE;Privada;48;514.3;534.57;496.78;559.34;704.58;561.91
1954;Touros;RN;Federal;1;570.8;547.5;548.0;543.1;600.0;561.88
1955;Jaru;RO;Federal;53;531.79;528.01;483.53;550.44;715.47;561.85
1956;Abaetetuba;PA;Federal;71;534.29;535.7;489.01;545.95;703.94;561.78
1957;Vargem Grande do Rio Pardo;MG;Estadual;1;571.5;578.5;480.8;638.0;540.0;561.76
1958;Piraí do Sul;PR;Privada;12;551.01;537.48;502.19;581.44;636.67;561.76
1959;Bragança;PA;Privada;96;501.23;520.44;499.16;535.66;751.88;561.67
1960;São Pedro do Turvo;SP;Estadual;3;553.27;544.73;529.2;574.33;606.67;561.64
1961;Itararé;SP;Privada;18;529.95;540.08;493.27;572.46;672.22;561.6
1962;Carvalhópolis;MG;Estadual;13;508.28;545.95;507.4;594.05;652.31;561.6
1963;Vespasiano Corrêa;RS;Estadual;3;542.93;561.6;470.77;572.57;660.0;561.57
1964;Antônio Prado;RS;Estadual;26;528.4;537.25;526.34;583.57;632.31;561.57
1965;Barão de Antonina;SP;Estadual;2;485.8;545.4;523.85;562.45;690.0;561.5
1966;Porangatu;GO;Privada;32;513.71;521.52;519.19;530.58;722.5;561.5
1967;Juquiá;SP;Privada;11;560.36;548.6;516.45;563.88;618.18;561.49
1968;Tailândia;PA;Privada;34;513.63;522.73;495.32;545.68;730.0;561.47
1969;Santana de Cataguases;MG;Estadual;3;564.9;548.2;509.13;491.67;693.33;561.45
1970;Vargem Grande do Sul;SP;Estadual;59;542.08;550.42;500.91;574.21;639.32;561.39
1971;Bandeira do Sul;MG;Estadual;5;502.08;527.42;555.6;541.82;680.0;561.38
1972;Gramado dos Loureiros;RS;Estadual;4;525.4;511.98;492.45;591.85;685.0;561.34
1973;Auriflama;SP;Estadual;20;517.12;532.58;479.93;578.92;698.0;561.31
1974;Areia;PB;Privada;27;511.09;527.14;490.63;546.42;731.11;561.28
1975;Visconde do Rio Branco;MG;Privada;20;507.44;536.5;511.03;540.16;711.0;561.23
1976;Bertioga;SP;Privada;59;549.05;541.5;522.57;573.89;618.98;561.2
1977;José da Penha;RN;Estadual;26;517.92;520.9;455.08;524.82;786.92;561.13
1978;São João da Urtiga;RS;Estadual;6;497.05;506.45;483.72;568.03;750.0;561.05
1979;Witmarsum;SC;Estadual;5;530.34;535.1;530.58;629.22;580.0;561.05
1980;Pinhal Grande;RS;Estadual;9;519.97;557.29;495.42;545.62;686.67;560.99
1981;Bom Jesus da Lapa;BA;Privada;44;514.93;534.36;483.95;553.93;717.27;560.89
1982;Açu;RN;Privada;106;516.51;524.81;492.73;551.72;718.3;560.81
1983;São Raimundo Nonato;PI;Privada;9;513.13;553.52;514.33;549.58;673.33;560.78
1984;Camaçari;BA;Municipal;1;523.9;571.1;465.1;583.8;660.0;560.78
1985;Arinos;MG;Federal;43;524.71;533.7;518.27;556.02;671.16;560.77
1986;Senhora de Oliveira;MG;Estadual;3;546.43;540.1;485.17;531.87;700.0;560.71
1987;Santa Helena;SC;Estadual;3;531.33;573.27;462.3;589.83;646.67;560.68
1988;São Gonçalo do Rio Abaixo;MG;Estadual;12;499.37;530.02;513.32;553.88;706.67;560.65
1989;Ouro Verde;SP;Estadual;6;538.47;554.0;496.35;604.35;610.0;560.63
1990;Nova Boa Vista;RS;Estadual;17;535.92;558.06;488.87;547.06;672.94;560.57
1991;Camargo;RS;Estadual;6;537.55;540.6;504.23;580.42;640.0;560.56
1992;Arcos;MG;Estadual;57;532.91;540.91;502.83;560.82;665.26;560.55
1993;Amajari;RR;Federal;6;522.28;509.58;530.63;566.92;673.33;560.55
1994;Populina;SP;Estadual;16;534.16;539.27;486.25;569.11;673.75;560.51
1995;Cerro Largo;RS;Estadual;38;534.36;547.65;495.06;570.13;655.26;560.49
1996;São José do Hortêncio;RS;Estadual;9;539.42;547.78;480.16;594.94;640.0;560.46
1997;Divinópolis;MG;Estadual;450;533.56;540.47;503.9;560.86;663.42;560.44
1998;Coluna;MG;Estadual;8;533.6;526.65;504.59;529.81;707.5;560.43
1999;Cosmorama;SP;Estadual;2;559.25;547.55;521.05;524.1;650.0;560.39
2000;Almirante Tamandaré;PR;Privada;11;529.46;531.71;492.33;582.69;665.45;560.33
2001;Ferraz de Vasconcelos;SP;Privada;61;549.15;545.73;503.98;549.3;653.44;560.32
2002;Santo Antônio da Patrulha;RS;Privada;9;512.3;518.21;492.92;542.6;735.56;560.32
2003;Canarana;MT;Privada;28;522.58;526.67;515.85;556.45;680.0;560.31
2004;Japaraíba;MG;Estadual;15;500.0;517.91;488.49;589.51;705.33;560.25
2005;Abre Campo;MG;Estadual;32;522.95;537.27;500.43;587.43;653.12;560.24
2006;Igaratinga;MG;Estadual;6;548.98;563.37;509.7;572.37;606.67;560.22
2007;Mogi das Cruzes;SP;Estadual;602;542.35;543.53;498.99;575.81;640.17;560.17
2008;Iraceminha;SC;Estadual;14;533.27;547.69;511.27;565.47;642.86;560.11
2009;São Raimundo Nonato;PI;Federal;62;515.34;525.8;501.59;549.78;707.74;560.05
2010;Bauru;SP;Estadual;708;542.43;548.44;506.1;566.11;637.12;560.04
2011;Leme;SP;Estadual;178;541.35;544.13;504.43;577.69;632.58;560.04
2012;Massaranduba;PB;Municipal;2;603.15;559.25;460.0;487.7;690.0;560.02
2013;Luzerna;SC;Estadual;49;540.1;549.95;507.96;543.26;658.78;560.01
2014;Nova Pádua;RS;Estadual;2;525.65;521.6;580.4;552.15;620.0;559.96
2015;Ouro Verde do Oeste;PR;Estadual;2;503.05;583.95;546.2;576.5;590.0;559.94
2016;Taquara;RS;Estadual;120;536.19;535.98;499.3;568.64;659.5;559.92
2017;Mendonça;SP;Estadual;8;549.28;531.34;475.64;535.51;707.5;559.85
2018;Taquarituba;SP;Privada;16;517.79;524.31;533.66;598.0;625.0;559.75
2019;Belmonte;SC;Estadual;5;532.74;551.16;514.86;515.98;684.0;559.75
2020;Ibiassucê;BA;Estadual;9;497.04;544.6;510.9;521.73;724.44;559.74
2021;Ipojuca;PE;Privada;40;519.09;532.8;509.58;566.48;670.5;559.69
2022;Satuba;AL;Federal;109;525.75;530.84;495.46;544.3;702.02;559.67
2023;São Caetano do Sul;SP;Estadual;378;542.01;546.25;500.57;580.89;628.52;559.65
2024;Boa Vista das Missões;RS;Estadual;7;507.84;528.33;483.91;583.33;694.29;559.54
2025;São Luís do Quitunde;AL;Privada;22;508.97;541.77;506.36;541.48;699.09;559.54
2026;Carlos Barbosa;RS;Estadual;60;531.08;530.62;502.65;575.64;657.67;559.53
2027;Iturama;MG;Municipal;1;553.4;564.1;610.1;550.0;520.0;559.52
2028;Luiziânia;SP;Estadual;1;489.6;533.9;512.9;641.2;620.0;559.52
2029;Campo Bonito;PR;Estadual;4;472.05;557.45;484.62;528.4;755.0;559.5
2030;Açailândia;MA;Privada;46;517.18;523.82;494.1;548.1;713.91;559.42
2031;Guaratinguetá;SP;Municipal;2;513.55;545.2;556.95;581.4;600.0;559.42
2032;Itaporanga;SP;Privada;13;513.05;533.12;503.58;553.42;693.85;559.4
2033;Nazaré da Mata;PE;Estadual;209;521.77;534.63;501.02;552.02;687.37;559.36
2034;Cachoeira Paulista;SP;Privada;28;545.81;554.43;510.78;573.38;611.43;559.16
2035;União;PI;Privada;23;495.39;521.8;496.27;542.27;740.0;559.15
2036;Missal;PR;Estadual;25;540.94;540.3;504.28;577.43;632.8;559.15
2037;Ibicaraí;BA;Privada;9;542.06;536.16;485.94;551.48;680.0;559.13
2038;Timbó;SC;Estadual;81;542.71;544.41;503.03;558.19;647.16;559.1
2039;Tamboara;PR;Estadual;3;551.77;572.77;532.5;511.8;626.67;559.1
2040;Bom Retiro do Sul;RS;Estadual;6;537.92;549.75;512.97;568.05;626.67;559.07
2041;Cristalina;GO;Federal;34;530.15;535.37;502.1;565.96;661.76;559.07
2042;Fama;MG;Estadual;4;507.35;544.33;481.65;641.45;620.0;558.95
2043;Coelho Neto;MA;Federal;64;509.25;524.04;489.35;536.58;735.31;558.9
2044;Siqueira Campos;PR;Estadual;22;529.83;543.18;497.15;560.19;663.64;558.8
2045;Américo Brasiliense;SP;Privada;13;526.45;538.77;530.23;552.38;646.15;558.8
2046;Nova Palma;RS;Estadual;17;509.04;530.86;478.52;543.75;731.76;558.79
2047;David Canabarro;RS;Estadual;8;487.34;514.55;515.88;533.5;742.5;558.75
2048;Farol;PR;Estadual;6;512.18;526.15;517.25;527.55;710.0;558.63
2049;Picuí;PB;Federal;127;527.43;531.06;495.39;543.39;695.75;558.6
2050;Barretos;SP;Federal;92;526.48;534.5;492.19;573.52;666.3;558.6
2051;Peritiba;SC;Estadual;1;542.3;583.1;546.5;460.8;660.0;558.54
2052;Romelândia;SC;Estadual;9;523.9;520.92;489.57;569.23;688.89;558.5
2053;Igrapiúna;BA;Municipal;1;525.8;536.0;570.5;580.1;580.0;558.48
2054;São José de Mipibu;RN;Privada;22;517.77;532.32;505.44;515.84;720.91;558.46
2055;Nova Odessa;SP;Estadual;121;538.9;543.9;502.14;574.82;632.4;558.43
2056;Piratininga;SP;Privada;4;548.75;523.6;501.15;528.67;690.0;558.43
2057;Bacabal;MA;Privada;65;513.22;530.04;494.61;517.17;736.92;558.39
2058;Olho d'Água Grande;AL;Estadual;9;497.42;496.33;492.0;557.23;748.89;558.38
2059;Araci;BA;Privada;32;495.07;506.45;494.71;556.72;738.75;558.34
2060;São Caetano do Sul;SP;Municipal;341;542.36;539.25;501.81;577.04;631.03;558.3
2061;Piranhas;AL;Federal;86;524.61;522.67;500.5;538.63;704.88;558.26
2062;Palmas;TO;Municipal;1;517.6;522.4;387.3;663.6;700.0;558.18
2063;Ivorá;RS;Estadual;8;479.34;495.78;517.92;550.31;747.5;558.17
2064;Carlos Gomes;RS;Estadual;4;498.8;511.65;527.05;538.28;715.0;558.16
2065;Moita Bonita;SE;Estadual;32;488.17;536.69;477.21;527.48;761.25;558.16
2066;Codó;MA;Privada;35;515.41;507.01;494.53;535.39;738.29;558.12
2067;Cambará;PR;Municipal;1;533.5;552.9;603.3;440.2;660.0;557.98
2068;Jacundá;PA;Privada;51;502.1;520.78;499.9;529.11;738.04;557.98
2069;Porto Alegre do Piauí;PI;Municipal;1;509.1;523.8;557.4;559.5;640.0;557.96
2070;Piracuruca;PI;Privada;5;498.58;500.64;499.58;514.94;776.0;557.95
2071;Corrente;PI;Privada;4;462.12;453.2;487.25;557.05;830.0;557.93
2072;Cambuí;MG;Estadual;15;523.6;534.89;495.31;570.31;665.33;557.89
2073;Santa Maria de Jetibá;ES;Estadual;96;516.29;529.5;498.06;562.9;682.71;557.89
2074;Tremembé;SP;Privada;24;521.74;530.93;503.98;535.96;696.67;557.85
2075;Lagoa Formosa;MG;Estadual;34;519.38;523.38;488.24;572.77;684.71;557.69
2076;São Bernardino;SC;Estadual;7;527.49;575.2;526.61;550.56;608.57;557.69
2077;Bebedouro;SP;Estadual;112;540.63;543.99;501.23;562.03;640.54;557.68
2078;Rincão;SP;Estadual;5;530.8;540.48;506.64;529.8;680.0;557.54
2079;Bom Despacho;MG;Estadual;86;520.05;533.01;512.57;565.99;656.05;557.53
2080;Coimbra;MG;Estadual;17;507.22;520.14;472.31;554.98;732.94;557.52
2081;Chapadão do Lageado;SC;Estadual;8;501.76;534.46;479.04;579.52;692.5;557.46
2082;Bela Vista;MS;Privada;17;507.06;558.8;499.31;563.1;658.82;557.42
2083;Cunha Porã;SC;Estadual;25;531.05;552.5;509.16;569.4;624.8;557.38
2084;Lençóis Paulista;SP;Estadual;135;538.54;534.33;498.16;556.41;659.26;557.34
2085;São João do Oriente;MG;Estadual;8;531.42;537.69;502.61;594.99;620.0;557.34
2086;Novo Xingu;RS;Estadual;6;552.45;553.77;530.47;549.6;600.0;557.26
2087;São Jorge;RS;Estadual;16;484.25;536.38;501.47;560.42;703.75;557.25
2088;Taquarituba;SP;Estadual;67;543.88;546.49;495.26;567.34;632.84;557.16
2089;Harmonia;RS;Estadual;13;513.55;519.4;507.52;525.22;720.0;557.14
2090;Salgueiro;PE;Federal;59;532.87;527.1;508.38;545.94;671.19;557.1
2091;Assunção;PB;Estadual;3;517.23;541.17;511.87;581.9;633.33;557.1
2092;Cubatão;SP;Privada;51;536.45;538.84;506.15;566.94;636.86;557.05
2093;Urussanga;SC;Estadual;46;535.73;540.1;517.91;566.3;625.22;557.05
2094;Águas de Lindóia;SP;Estadual;47;532.86;529.45;480.13;568.77;674.04;557.05
2095;Estrela do Sul;MG;Estadual;5;537.12;537.14;505.8;560.98;644.0;557.01
2096;Tabatinga;AM;Federal;31;529.08;537.17;503.49;535.28;680.0;557.01
2097;Platina;SP;Estadual;1;545.6;501.2;513.9;524.0;700.0;556.94
2098;Xinguara;PA;Privada;19;497.44;504.45;514.54;565.94;702.11;556.9
2099;Queimados;RJ;Privada;89;525.77;534.56;499.96;535.42;688.76;556.89
2100;Três Coroas;RS;Estadual;22;535.55;544.37;485.83;576.82;641.82;556.88
2101;Conselheiro Lafaiete;MG;Estadual;174;535.14;545.88;500.38;569.5;633.45;556.87
2102;Catu;BA;Federal;62;532.19;544.21;497.47;539.84;670.65;556.87
2103;Bayeux;PB;Privada;163;515.64;532.01;499.25;532.86;704.54;556.86
2104;São Miguel das Missões;RS;Estadual;13;541.06;535.32;493.75;546.08;667.69;556.78
2105;Wenceslau Braz;MG;Estadual;11;517.75;549.81;509.5;554.0;652.73;556.76
2106;Colíder;MT;Estadual;64;514.46;524.18;488.87;537.25;719.06;556.76
2107;Garopaba;SC;Estadual;58;543.74;527.04;500.16;575.04;637.59;556.71
2108;Coronel Barros;RS;Estadual;3;496.63;515.63;468.87;621.93;680.0;556.61
2109;Itapuí;SP;Estadual;11;515.83;519.2;489.21;598.58;660.0;556.56
2110;Barra Longa;MG;Estadual;3;514.2;570.17;498.5;526.33;673.33;556.51
2111;Novo Barreiro;RS;Estadual;6;485.5;523.82;484.85;541.68;746.67;556.5
2112;Juquitiba;SP;Privada;10;550.53;547.04;481.52;555.36;648.0;556.49
2113;Primavera do Leste;MT;Federal;80;530.55;538.37;505.37;541.16;667.0;556.49
2114;Piedade;SP;Estadual;82;538.58;542.62;485.59;571.84;643.66;556.46
2115;Jundiaí;SP;Estadual;895;543.62;541.47;496.04;569.38;631.71;556.44
2116;Palma Sola;SC;Estadual;18;531.19;532.37;515.24;559.96;643.33;556.42
2117;Belém do Piauí;PI;Estadual;1;499.2;513.9;542.7;565.9;660.0;556.34
2118;Lago do Junco;MA;Privada;5;520.68;542.86;545.5;536.6;636.0;556.33
2119;Pinhal da Serra;RS;Estadual;5;515.6;555.54;504.32;585.78;620.0;556.25
2120;Malhador;SE;Estadual;38;495.85;523.28;499.03;539.86;723.16;556.24
2121;Pintadas;BA;Estadual;21;492.61;509.17;483.93;514.45;780.95;556.22
2122;Poá;SP;Privada;25;544.43;540.74;529.5;551.06;615.2;556.19
2123;Petrolina de Goiás;GO;Privada;14;531.83;534.11;506.85;553.76;654.29;556.17
2124;Ipanema;MG;Estadual;39;508.46;520.17;493.24;536.8;722.05;556.14
2125;Borda da Mata;MG;Estadual;15;534.21;544.56;506.47;564.29;630.67;556.04
2126;Doutor Pedrinho;SC;Estadual;7;522.33;542.91;502.97;574.66;637.14;556.0
2127;Cravinhos;SP;Estadual;62;529.74;520.99;486.45;554.12;688.39;555.94
2128;Altinho;PE;Estadual;59;509.73;521.98;500.82;533.93;713.22;555.93
2129;João Alfredo;PE;Estadual;100;499.13;512.74;509.65;545.28;712.8;555.92
2130;Limoeiro de Anadia;AL;Municipal;1;526.6;496.1;534.3;542.5;680.0;555.9
2131;Ijaci;MG;Estadual;7;534.99;553.5;486.59;535.79;668.57;555.89
2132;Erechim;RS;Estadual;250;526.02;530.54;495.1;558.52;669.28;555.89
2133;Santa Maria do Herval;RS;Estadual;12;543.27;535.52;495.22;580.34;625.0;555.87
2134;Estância Velha;RS;Municipal;1;519.2;555.1;462.9;582.1;660.0;555.86
2135;Bonito;BA;Estadual;18;502.04;533.49;479.32;541.02;723.33;555.84
2136;Mandaguari;PR;Privada;24;519.89;533.25;489.93;579.38;656.67;555.83
2137;Itagibá;BA;Estadual;12;517.58;503.78;479.39;543.12;735.0;555.77
2138;Nova Santa Helena;MT;Estadual;3;552.13;563.07;514.27;535.93;613.33;555.75
2139;Santarém;PA;Federal;59;518.22;524.89;506.93;538.47;690.17;555.74
2140;Formoso;GO;Estadual;21;492.06;523.11;478.76;522.83;761.9;555.73
2141;Iconha;ES;Estadual;22;523.25;535.18;490.18;543.67;686.36;555.73
2142;Aceguá;RS;Estadual;12;535.15;532.94;476.57;543.79;690.0;555.69
2143;Cedro do Abaeté;MG;Estadual;1;531.6;567.6;465.8;572.9;640.0;555.58
2144;Martinho Campos;MG;Estadual;16;507.55;540.84;493.14;558.72;677.5;555.55
2145;Senador Firmino;MG;Estadual;15;502.11;535.93;476.6;572.45;690.67;555.55
2146;Várzea Grande;MT;Privada;149;517.87;526.48;485.99;547.01;700.27;555.52
2147;São José do Rio Pardo;SP;Estadual;88;539.09;542.5;501.53;565.9;628.41;555.49
2148;Cristiano Otoni;MG;Estadual;7;519.99;529.34;464.21;552.37;711.43;555.47
2149;Itapecerica;MG;Estadual;45;518.12;534.14;495.22;570.72;659.11;555.46
2150;Porto Feliz;SP;Privada;31;531.61;545.5;507.69;545.52;646.45;555.35
2151;Quissamã;RJ;Privada;13;512.27;512.37;509.85;530.88;710.77;555.23
2152;Custódia;PE;Estadual;51;509.8;520.18;486.48;554.15;705.49;555.22
2153;Ipuã;SP;Privada;21;521.6;551.12;512.26;566.09;624.76;555.17
2154;Passo Fundo;RS;Estadual;412;528.63;534.86;497.68;548.82;665.78;555.16
2155;Marcelândia;MT;Privada;4;573.88;533.5;506.42;516.95;645.0;555.15
2156;Itaúna;MG;Estadual;95;544.84;544.76;501.93;565.21;618.74;555.1
2157;Barra do Mendes;BA;Privada;4;540.12;527.35;506.62;511.38;690.0;555.1
2158;Cataguases;MG;Estadual;55;524.36;530.15;492.54;541.54;686.91;555.1
2159;Patos de Minas;MG;Estadual;273;523.36;537.09;502.86;552.87;659.12;555.06
2160;Curvelo;MG;Estadual;124;513.55;523.17;485.85;540.12;712.1;554.96
2161;Monsenhor Hipólito;PI;Estadual;40;484.5;505.85;492.4;522.99;769.0;554.95
2162;São Pedro;SP;Estadual;99;544.33;539.06;493.52;560.19;637.37;554.9
2163;São Sebastião do Rio Verde;MG;Estadual;6;538.62;536.32;496.25;573.1;630.0;554.86
2164;Claraval;MG;Estadual;2;592.5;604.8;543.9;612.95;420.0;554.83
2165;Ipuiúna;MG;Privada;5;496.28;501.86;471.54;520.44;784.0;554.82
2166;São Cristóvão;SE;Privada;39;506.62;523.86;491.72;535.31;716.41;554.78
2167;Vista Serrana;PB;Estadual;11;499.62;513.79;488.49;542.83;729.09;554.76
2168;Cambuquira;MG;Estadual;8;531.85;536.65;470.38;549.76;685.0;554.73
2169;Guarani;MG;Estadual;10;524.04;525.44;531.33;560.67;632.0;554.7
2170;Manacapuru;AM;Federal;27;527.1;528.39;504.58;528.83;684.44;554.67
2171;Frei Lagonegro;MG;Estadual;3;554.23;551.83;477.0;543.43;646.67;554.63
2172;Riolândia;SP;Privada;15;511.18;511.49;499.28;563.11;688.0;554.61
2173;Guaporé;RS;Estadual;33;521.51;530.92;500.58;562.89;656.97;554.57
2174;Quaraí;RS;Estadual;63;537.67;529.83;505.2;549.35;650.79;554.57
2175;São Brás do Suaçuí;MG;Estadual;9;528.29;542.31;506.32;531.37;664.44;554.55
2176;Barra do Corda;MA;Federal;91;530.25;527.64;492.39;543.07;679.12;554.49
2177;São Mateus do Maranhão;MA;Privada;11;493.54;516.95;505.38;532.7;723.64;554.44
2178;Bom Jesus do Sul;PR;Estadual;1;589.5;571.8;515.9;454.8;640.0;554.4
2179;Marco;CE;Privada;6;489.5;520.9;484.55;526.97;750.0;554.38
2180;Nossa Senhora de Lourdes;SE;Estadual;40;504.5;520.3;493.99;511.54;741.5;554.37
2181;Pará de Minas;MG;Estadual;123;525.84;538.11;498.34;563.38;646.02;554.34
2182;Iomerê;SC;Estadual;6;526.33;534.42;519.48;538.1;653.33;554.33
2183;Ponta Porã;MS;Privada;42;513.31;525.85;508.51;534.55;689.05;554.26
2184;Simão Dias;SE;Estadual;146;516.95;527.67;497.68;523.37;705.62;554.26
2185;Arari;MA;Municipal;6;508.23;543.85;516.4;546.05;656.67;554.24
2186;São Joaquim da Barra;SP;Estadual;89;528.54;526.13;492.82;562.82;660.67;554.2
2187;Caçador;SC;Federal;40;538.28;535.81;509.41;557.15;630.0;554.13
2188;Sant'Ana do Livramento;RS;Municipal;1;544.7;581.6;604.1;480.0;560.0;554.08
2189;Palmitos;SC;Estadual;32;518.27;524.41;506.3;572.98;648.12;554.02
2190;Sumaré;SP;Municipal;63;552.67;541.06;475.53;576.09;624.76;554.02
2191;Rio Preto;MG;Estadual;4;547.6;568.85;479.25;499.35;675.0;554.01
2192;Cachoeira de Minas;MG;Estadual;20;530.46;535.88;498.65;590.08;615.0;554.01
2193;Itatiaiuçu;MG;Estadual;11;524.52;547.55;494.65;543.35;660.0;554.01
2194;Brazópolis;MG;Estadual;50;520.52;523.64;510.45;574.01;641.2;553.96
2195;Itaiópolis;SC;Privada;4;509.75;531.98;540.08;517.95;670.0;553.95
2196;Surubim;PE;Estadual;122;504.92;518.85;497.19;550.05;698.69;553.94
2197;Ibirapuitã;RS;Estadual;9;524.9;528.26;509.22;551.49;655.56;553.88
2198;Sete Lagoas;MG;Estadual;288;529.64;532.92;499.15;558.65;648.4;553.75
2199;Carmópolis;SE;Privada;3;518.57;505.07;527.13;544.53;673.33;553.73
2200;Onda Verde;SP;Estadual;4;542.1;494.68;471.0;520.52;740.0;553.66
2201;Águas de Lindóia;SP;Privada;8;526.85;539.55;509.68;551.98;640.0;553.61
2202;Nova Friburgo;RJ;Estadual;316;529.79;536.99;489.33;543.79;668.16;553.61
2203;São Raimundo do Doca Bezerra;MA;Municipal;2;549.35;471.85;532.0;554.7;660.0;553.58
2204;Coronel Bicaco;RS;Estadual;5;519.28;503.32;529.44;567.74;648.0;553.56
2205;São José do Piauí;PI;Estadual;7;476.06;521.93;464.84;513.47;791.43;553.55
2206;São Gonçalo do Amarante;RN;Municipal;1;453.1;535.7;438.5;640.4;700.0;553.54
2207;Jaci;SP;Estadual;4;544.45;552.1;511.42;584.55;575.0;553.5
2208;Campestre;MG;Estadual;30;529.37;548.89;514.77;550.46;624.0;553.5
2209;Nova Palmeira;PB;Estadual;11;506.22;528.07;484.53;525.05;723.64;553.5
2210;Piraí;RJ;Estadual;24;532.57;532.59;481.2;535.33;685.83;553.5
2211;Embu das Artes;SP;Privada;69;537.83;542.26;509.6;545.27;632.17;553.43
2212;Ferraz de Vasconcelos;SP;Municipal;1;533.0;538.5;563.7;491.6;640.0;553.36
2213;Marmeleiro;PR;Estadual;33;527.7;540.65;491.79;564.04;642.42;553.32
2214;Mairi;BA;Estadual;36;508.32;527.86;477.91;528.92;723.33;553.27
2215;Novo Repartimento;PA;Privada;19;495.19;537.04;488.92;549.31;695.79;553.25
2216;Novo Horizonte;SP;Estadual;143;525.74;525.9;486.62;562.46;665.45;553.24
2217;São Gabriel da Palha;ES;Privada;8;511.05;521.88;482.96;520.3;730.0;553.24
2218;Siderópolis;SC;Privada;6;527.15;528.88;504.15;579.22;626.67;553.21
2219;Coruripe;AL;Privada;5;493.88;505.14;460.8;610.18;696.0;553.2
2220;Arroio do Meio;RS;Estadual;20;532.58;542.58;495.34;546.12;649.0;553.12
2221;Americana;SP;Estadual;571;538.84;538.65;497.26;559.63;631.24;553.12
2222;Iguatama;MG;Estadual;9;522.92;507.04;510.11;580.67;644.44;553.04
2223;Barão de Cotegipe;RS;Estadual;6;499.8;561.1;482.63;564.47;656.67;552.93
2224;Santa Salete;SP;Estadual;15;514.16;549.12;468.31;559.53;673.33;552.89
2225;Selbach;RS;Estadual;4;477.52;511.88;516.45;573.28;685.0;552.83
2226;Barra Bonita;SP;Municipal;1;556.1;547.7;559.8;460.5;640.0;552.82
2227;Manari;PE;Estadual;8;492.85;534.41;492.84;523.85;720.0;552.79
2228;Relvado;RS;Estadual;5;520.52;525.62;479.56;586.08;652.0;552.76
2229;Ribeirópolis;SE;Estadual;85;497.75;524.83;489.0;530.48;721.65;552.74
2230;Maragogi;AL;Federal;66;519.97;524.19;502.31;539.92;677.27;552.73
2231;Maratá;RS;Estadual;6;534.12;547.07;465.22;510.5;706.67;552.71
2232;Nova Candelária;RS;Estadual;10;494.12;528.38;492.66;566.36;682.0;552.7
2233;Ouro;SC;Estadual;4;536.02;543.83;537.58;586.08;560.0;552.7
2234;Vargem;SC;Estadual;2;520.6;578.05;523.55;541.25;600.0;552.69
2235;Rio Manso;MG;Estadual;16;516.14;535.22;494.15;554.04;663.75;552.66
2236;Presidente Bernardes;MG;Estadual;13;508.81;495.09;496.71;542.63;720.0;552.65
2237;Formoso do Araguaia;TO;Federal;11;524.05;522.87;517.15;546.38;652.73;552.64
2238;Valparaíso de Goiás;GO;Privada;98;532.29;532.64;503.35;548.91;645.92;552.62
2239;Santana do Deserto;MG;Estadual;8;520.8;562.33;517.74;587.14;575.0;552.6
2240;São Martinho da Serra;RS;Estadual;9;534.08;528.5;518.74;543.84;637.78;552.59
2241;Santa Maria Madalena;RJ;Estadual;10;524.52;522.6;499.0;506.76;710.0;552.58
2242;Monjolos;MG;Estadual;3;492.77;498.4;474.53;557.1;740.0;552.56
2243;Olímpia;SP;Estadual;158;540.73;541.01;494.99;570.37;615.7;552.56
2244;Nova Porteirinha;MG;Estadual;3;519.3;524.13;522.83;543.07;653.33;552.53
2245;Ipiranga do Sul;RS;Estadual;1;495.1;510.1;510.8;566.5;680.0;552.5
2246;Oeiras;PI;Federal;28;496.42;512.76;483.72;563.06;706.43;552.48
2247;Timóteo;MG;Estadual;108;525.3;532.46;494.54;569.11;640.93;552.47
2248;Gramado;RS;Estadual;51;540.78;546.64;489.37;549.41;636.08;552.45
2249;Catiguá;SP;Estadual;4;547.17;514.42;473.72;551.67;675.0;552.4
2250;Muçum;RS;Estadual;7;529.23;523.51;515.16;639.71;554.29;552.38
2251;Jardim do Seridó;RN;Estadual;14;528.67;514.23;498.6;564.7;655.71;552.38
2252;Victor Graeff;RS;Estadual;12;497.24;511.31;512.68;567.21;673.33;552.35
2253;Portalegre;RN;Estadual;34;508.21;522.57;486.17;536.34;708.24;552.31
2254;Ituporanga;SC;Estadual;48;520.01;541.61;502.61;543.43;653.75;552.28
2255;Serrana;SP;Estadual;69;526.81;536.15;486.83;545.48;666.09;552.27
2256;São João do Paraíso;MG;Estadual;37;524.96;531.33;481.92;566.07;656.76;552.21
2257;São Pedro do Butiá;RS;Estadual;4;446.2;516.08;526.25;622.45;650.0;552.19
2258;Urubici;SC;Privada;6;523.77;533.22;512.28;581.57;610.0;552.17
2259;Campinas;SP;Estadual;1974;538.43;540.22;500.52;559.9;621.52;552.12
2260;Divino das Laranjeiras;MG;Estadual;1;549.9;580.9;556.6;473.2;600.0;552.12
2261;Santo Antônio de Pádua;RJ;Municipal;2;499.55;543.0;496.65;550.8;670.0;552.0
2262;Arceburgo;MG;Estadual;15;516.77;501.23;486.26;558.41;697.33;552.0
2263;Santa Luzia;PB;Privada;14;526.19;520.07;499.63;579.19;634.29;551.87
2264;Venâncio Aires;RS;Estadual;85;515.24;525.59;499.44;543.34;675.53;551.83
2265;Barbacena;MG;Estadual;142;527.7;540.48;505.19;559.72;625.77;551.77
2266;Glicério;SP;Estadual;5;526.54;536.2;505.92;570.18;620.0;551.77
2267;Laranjal Paulista;SP;Estadual;36;533.48;543.64;505.76;552.57;623.33;551.76
2268;Canaã dos Carajás;PA;Privada;55;503.7;522.47;487.2;534.76;710.55;551.74
2269;Marechal Deodoro;AL;Federal;60;536.12;537.37;509.97;528.74;646.33;551.71
2270;Manoel Viana;RS;Estadual;12;521.92;541.76;486.58;544.75;663.33;551.67
2271;Lagoa da Prata;MG;Estadual;70;515.4;538.37;495.75;551.49;657.14;551.63
2272;São Miguel do Anta;MG;Estadual;31;491.92;523.75;503.05;556.03;683.23;551.6
2273;Ribeirão;PE;Privada;36;486.39;518.66;495.94;536.29;720.0;551.46
2274;Vista Alegre do Prata;RS;Estadual;5;510.2;500.24;483.94;510.6;752.0;551.4
2275;Timbaúba;PE;Estadual;249;503.88;519.44;492.76;545.89;694.94;551.38
2276;Itirapina;SP;Estadual;10;538.29;519.54;498.99;542.03;658.0;551.37
2277;Missão Velha;CE;Privada;6;501.08;530.08;495.5;533.47;696.67;551.36
2278;Avanhandava;SP;Privada;17;499.89;526.86;483.38;565.5;681.18;551.36
2279;Ubá;MG;Estadual;179;522.47;537.65;501.89;561.55;633.18;551.35
2280;Vargem Grande;MA;Municipal;19;491.49;506.49;509.46;550.37;698.95;551.35
2281;Dumont;SP;Estadual;4;498.33;556.4;484.2;497.58;720.0;551.3
2282;Vertentes;PE;Estadual;19;514.27;513.25;463.17;512.11;753.68;551.3
2283;Piracicaba;SP;Estadual;586;539.78;540.86;495.06;561.07;619.73;551.3
2284;Ivoti;RS;Estadual;51;537.73;537.6;489.81;555.6;635.69;551.28
2285;Xavantina;SC;Estadual;5;515.88;520.66;504.7;615.02;600.0;551.25
2286;Anchieta;SC;Estadual;12;525.64;543.43;500.49;538.25;648.33;551.23
2287;Santo Antônio do Sudoeste;PR;Estadual;56;527.28;531.13;494.58;535.53;667.5;551.2
2288;Sericita;MG;Estadual;7;513.14;541.36;532.39;548.63;620.0;551.1
2289;Propriá;SE;Privada;42;512.45;507.04;490.64;531.57;713.81;551.1
2290;Pontes e Lacerda;MT;Federal;82;526.41;522.54;504.03;533.45;669.02;551.09
2291;Espigão D'Oeste;RO;Privada;10;487.38;528.49;495.94;603.58;640.0;551.08
2292;Vargem Alta;ES;Estadual;70;505.57;517.18;498.54;542.91;691.14;551.07
2293;Teixeiras;MG;Estadual;22;515.4;519.02;488.65;564.05;668.18;551.06
2294;Saquarema;RJ;Estadual;232;529.58;531.21;492.71;540.63;660.95;551.02
2295;Mangaratiba;RJ;Privada;18;541.15;547.73;502.03;547.44;616.67;551.01
2296;Pimenta;MG;Estadual;12;508.98;552.48;510.07;556.86;626.67;551.01
2297;São Ludgero;SC;Estadual;36;522.72;533.31;490.97;578.46;629.44;550.98
2298;Peixoto de Azevedo;MT;Privada;9;519.57;549.53;479.76;554.84;651.11;550.96
2299;Crissiumal;RS;Estadual;23;517.85;525.01;512.31;528.91;670.43;550.9
2300;Santo Antônio do Monte;MG;Estadual;45;515.02;521.85;495.04;552.35;670.22;550.9
2301;Igarapé-Açu;PA;Privada;13;490.58;519.86;504.55;517.82;721.54;550.87
2302;São Félix do Xingu;PA;Privada;12;506.14;514.52;484.28;537.68;711.67;550.86
2303;Paraopeba;MG;Estadual;28;525.01;544.22;499.65;544.69;640.71;550.86
2304;São José do Rio Preto;SP;Estadual;657;536.05;535.69;493.62;558.5;630.23;550.82
2305;Jardim;MS;Federal;58;537.62;533.27;493.19;539.66;650.34;550.82
2306;Abadia dos Dourados;MG;Estadual;14;507.36;511.94;476.57;541.09;717.14;550.82
2307;Turvolândia;MG;Estadual;4;535.6;539.2;497.5;556.58;625.0;550.78
2308;Sapucaia do Sul;RS;Privada;67;536.74;531.64;497.21;559.31;628.96;550.77
2309;Casa Grande;MG;Estadual;4;514.05;526.62;546.7;546.4;620.0;550.76
2310;Jandaia do Sul;PR;Privada;26;537.57;523.63;499.78;543.55;649.23;550.75
2311;Monte Azul;MG;Privada;16;500.55;524.38;506.28;558.71;663.75;550.74
2312;Rio Claro;SP;Estadual;393;538.12;539.51;494.23;560.69;621.17;550.74
2313;Itamarandiba;MG;Estadual;60;523.69;548.01;504.16;551.62;626.0;550.7
2314;Belo Horizonte;MG;Estadual;3447;529.63;538.6;499.24;552.39;633.42;550.66
2315;Miracatu;SP;Estadual;26;535.35;516.48;491.29;572.29;637.69;550.62
2316;São Desidério;BA;Privada;8;490.06;518.88;497.74;593.94;652.5;550.62
2317;Carnaíba;PE;Estadual;130;502.69;506.22;500.1;556.61;687.08;550.54
2318;Sapezal;MT;Privada;10;516.35;543.41;508.71;550.22;634.0;550.54
2319;Guaraniaçu;PR;Estadual;8;518.66;532.51;494.48;567.01;640.0;550.53
2320;São Paulo das Missões;RS;Estadual;19;510.93;535.72;505.07;539.73;661.05;550.5
2321;Catu;BA;Privada;7;538.44;537.67;488.93;550.24;637.14;550.49
2322;Baependi;MG;Estadual;21;526.1;531.53;482.46;546.63;665.71;550.49
2323;São Miguel do Araguaia;GO;Estadual;91;504.22;524.55;483.55;533.64;706.37;550.47
2324;Timburi;SP;Estadual;2;510.65;541.1;541.25;529.35;630.0;550.47
2325;Mãe do Rio;PA;Privada;10;474.78;517.46;472.23;537.8;750.0;550.45
2326;Mirim Doce;SC;Estadual;6;527.57;537.23;472.23;485.22;730.0;550.45
2327;Araraquara;SP;Estadual;361;539.25;537.31;494.75;544.32;636.57;550.44
2328;São José do Vale do Rio Preto;RJ;Estadual;54;519.87;529.25;491.2;522.75;688.89;550.39
2329;Jacutinga;MG;Estadual;23;532.93;552.37;486.95;546.42;633.04;550.34
2330;Desterro de Entre Rios;MG;Estadual;11;510.84;534.45;511.75;558.15;636.36;550.31
2331;Bom Jesus do Galho;MG;Estadual;9;520.81;548.91;495.82;579.19;606.67;550.28
2332;Santana dos Montes;MG;Estadual;1;531.5;545.5;456.7;577.5;640.0;550.24
2333;Fátima;BA;Estadual;26;518.08;522.7;506.96;544.2;659.23;550.23
2334;Imaruí;SC;Estadual;33;513.89;529.36;505.11;540.32;662.42;550.22
2335;Bezerros;PE;Estadual;150;508.76;514.94;498.7;553.76;674.67;550.16
2336;Corupá;SC;Estadual;16;533.07;545.72;511.24;553.24;607.5;550.16
2337;Francisco Santos;PI;Estadual;26;498.96;508.29;463.76;539.02;740.77;550.16
2338;São João do Polêsine;RS;Estadual;4;483.93;503.32;553.12;525.42;685.0;550.16
2339;Limoeiro;PE;Estadual;247;506.64;518.27;491.51;538.01;696.36;550.16
2340;Dom Pedrito;RS;Privada;39;522.54;522.79;492.32;519.58;693.33;550.11
2341;Angical do Piauí;PI;Federal;50;514.25;522.46;493.05;518.72;702.0;550.1
2342;Alecrim;RS;Estadual;21;507.82;530.8;505.41;571.13;635.24;550.08
2343;Campo Novo do Parecis;MT;Federal;57;509.19;532.62;493.04;552.04;663.51;550.08
2344;São Pedro do Suaçuí;MG;Estadual;11;487.4;505.2;490.82;552.31;714.55;550.05
2345;Sorocaba;SP;Estadual;1161;539.14;536.95;490.97;554.86;628.11;550.01
2346;Tapiraí;SP;Estadual;11;528.95;547.22;505.21;568.67;600.0;550.01
2347;Taquaruçu do Sul;RS;Estadual;1;532.6;488.2;465.0;384.2;880.0;550.0
2348;Cabedelo;PB;Privada;28;530.84;535.99;513.12;526.45;643.57;550.0
2349;Santana;BA;Privada;12;520.58;533.92;506.42;547.0;641.67;549.92
2350;Lagoa Dourada;MG;Estadual;36;507.03;515.94;502.24;554.91;669.44;549.91
2351;Jussara;GO;Estadual;98;507.72;517.82;511.83;529.08;683.06;549.9
2352;Jaguarari;BA;Privada;47;503.09;503.44;492.91;544.07;705.96;549.89
2353;Rolândia;PR;Estadual;181;528.6;536.6;502.5;549.89;631.6;549.84
2354;Vitória do Mearim;MA;Privada;11;501.04;489.96;488.08;535.59;734.55;549.84
2355;São José do Egito;PE;Estadual;139;502.29;513.71;503.3;553.37;676.55;549.84
2356;Ribeirão Pires;SP;Estadual;314;542.25;534.62;487.3;552.09;632.87;549.83
2357;Russas;CE;Estadual;401;511.83;530.88;489.89;547.95;668.28;549.77
2358;São Geraldo;MG;Estadual;13;508.04;522.28;525.14;536.36;656.92;549.75
2359;Porto Ferreira;SP;Estadual;90;536.11;543.3;496.85;566.95;605.56;549.75
2360;Araras;SP;Estadual;239;531.42;535.71;499.74;559.5;622.34;549.74
2361;Tupanciretã;RS;Estadual;27;536.29;527.87;498.93;560.13;625.19;549.68
2362;São Gabriel da Palha;ES;Municipal;3;519.57;549.23;461.4;484.77;733.33;549.66
2363;São Bonifácio;SC;Estadual;8;522.35;531.02;494.26;560.58;640.0;549.64
2364;Mococa;SP;Estadual;140;531.77;532.96;500.02;553.8;629.57;549.63
2365;Cachoeirinha;PE;Estadual;39;514.99;526.7;491.6;530.77;684.1;549.63
2366;Bento Gonçalves;RS;Estadual;158;527.7;528.03;489.65;546.54;656.2;549.63
2367;Nicolau Vergueiro;RS;Estadual;7;526.26;541.84;515.76;492.81;671.43;549.62
2368;Ituverava;SP;Estadual;101;521.06;518.67;488.49;545.41;674.26;549.58
2369;Araguatins;TO;Federal;86;507.06;520.83;489.41;538.19;692.33;549.57
2370;Caxambu;MG;Estadual;21;506.67;504.79;484.8;549.19;701.9;549.47
2371;Schroeder;SC;Estadual;31;530.88;537.53;518.35;571.55;589.03;549.47
2372;Crisópolis;BA;Estadual;37;497.32;521.09;485.38;553.77;689.73;549.46
2373;Buriti;MA;Privada;6;485.68;510.77;489.77;467.6;793.33;549.43
2374;Santo Antônio do Grama;MG;Estadual;10;496.35;539.62;494.9;542.18;674.0;549.41
2375;Arapuá;MG;Estadual;9;521.96;522.06;491.61;535.76;675.56;549.39
2376;Prudente de Morais;MG;Estadual;8;545.08;558.49;471.69;536.64;635.0;549.38
2377;Monte Alegre do Sul;SP;Estadual;45;524.46;529.16;478.79;544.56;669.78;549.35
2378;Vargeão;SC;Estadual;6;523.43;551.27;499.3;536.1;636.67;549.35
2379;Arroio do Tigre;RS;Privada;3;560.47;556.73;473.83;555.37;600.0;549.28
2380;Brumadinho;MG;Estadual;45;528.77;527.24;505.91;545.79;638.67;549.27
2381;Montenegro;RS;Estadual;55;517.01;518.51;486.39;547.94;676.36;549.24
2382;Conceição do Araguaia;PA;Federal;32;507.88;509.06;471.05;528.11;730.0;549.22
2383;Santo Estêvão;BA;Privada;27;501.93;537.94;465.71;542.6;697.78;549.19
2384;Monte Carmelo;MG;Estadual;117;522.98;534.99;498.89;557.36;631.62;549.17
2385;Ipaussu;SP;Estadual;45;518.92;534.12;482.78;561.96;648.0;549.16
2386;Itapuranga;GO;Estadual;98;499.58;513.78;484.15;535.34;712.86;549.14
2387;Espumoso;RS;Estadual;47;508.52;520.87;492.41;546.46;677.45;549.14
2388;Brejetuba;ES;Estadual;20;507.57;532.03;502.91;532.98;670.0;549.1
2389;Nova Araçá;RS;Estadual;3;503.83;505.4;452.3;570.5;713.33;549.07
2390;Paraí;RS;Estadual;23;522.2;517.79;511.42;541.7;652.17;549.06
2391;Capão Alto;SC;Estadual;5;501.2;549.72;514.84;547.5;632.0;549.05
2392;Buriticupu;MA;Federal;48;512.68;507.12;501.62;534.61;689.17;549.04
2393;Santa Fé;PR;Estadual;8;524.56;531.94;509.69;533.94;645.0;549.02
2394;Santo Expedito do Sul;RS;Estadual;12;517.38;519.58;466.19;548.3;693.33;548.96
2395;Lamim;MG;Estadual;8;496.39;526.9;503.52;527.79;690.0;548.92
2396;Cerquilho;SP;Estadual;71;538.29;536.93;492.92;568.77;607.61;548.9
2397;Fronteira dos Vales;MG;Estadual;12;536.09;548.88;470.82;503.62;685.0;548.88
2398;São Sebastião do Passé;BA;Privada;14;530.31;548.71;500.44;526.26;638.57;548.86
2399;Codó;MA;Federal;68;518.9;513.88;492.38;511.46;707.65;548.85
2400;Salgueiro;PE;Estadual;257;505.52;512.74;490.39;547.66;687.78;548.82
2401;Guapé;MG;Estadual;30;513.77;532.39;516.48;569.49;612.0;548.82
2402;Ceres;GO;Estadual;88;503.09;515.93;486.05;541.09;697.95;548.82
2403;Machadinho;RS;Estadual;12;534.04;527.64;510.93;538.18;633.33;548.82
2404;Leoberto Leal;SC;Estadual;16;528.78;542.68;480.5;515.83;676.25;548.81
2405;Ipumirim;SC;Estadual;9;544.48;551.09;472.4;571.42;604.44;548.77
2406;Atibaia;SP;Estadual;267;540.79;535.16;494.29;552.75;620.75;548.75
2407;Garibaldi;RS;Estadual;66;520.89;523.27;505.15;539.45;654.85;548.72
2408;Monte Alegre de Sergipe;SE;Estadual;28;501.24;505.26;487.76;541.48;707.86;548.72
2409;Canela;RS;Estadual;56;532.29;527.02;497.13;551.29;635.71;548.69
2410;Três Forquilhas;RS;Estadual;11;522.48;521.38;496.65;539.3;663.64;548.69
2411;Torres;RS;Estadual;88;528.94;531.66;499.65;525.91;657.27;548.69
2412;Jales;SP;Estadual;104;519.84;524.25;488.49;564.16;646.54;548.66
2413;Castelo;ES;Estadual;96;512.89;523.52;500.54;559.99;646.04;548.6
2414;Anitápolis;SC;Estadual;9;517.57;523.2;481.94;548.86;671.11;548.54
2415;Alvarenga;MG;Estadual;5;509.82;536.94;461.06;538.68;696.0;548.5
2416;Aratiba;RS;Estadual;9;524.17;513.17;480.67;555.53;668.89;548.48
2417;Paraíso do Sul;RS;Estadual;24;523.22;524.29;453.03;523.48;718.33;548.47
2418;Cambira;PR;Estadual;8;501.75;542.12;479.12;536.76;682.5;548.45
2419;Francisco Badaró;MG;Estadual;3;495.03;527.07;505.5;561.23;653.33;548.43
2420;Ibiá;MG;Estadual;23;533.5;535.05;494.53;552.86;626.09;548.4
2421;Pacujá;CE;Estadual;146;499.33;512.05;479.47;546.55;704.38;548.36
2422;Passa Sete;RS;Estadual;10;513.12;513.78;485.44;535.4;694.0;548.35
2423;Carmésia;MG;Estadual;4;503.95;547.38;512.75;602.6;575.0;548.34
2424;Lagoinha;SP;Estadual;6;506.33;540.75;487.52;567.1;640.0;548.34
2425;Jacaraci;BA;Estadual;23;512.97;518.24;511.65;548.28;650.43;548.32
2426;Palmas;PR;Privada;22;526.13;538.49;493.64;549.72;633.64;548.32
2427;Araújos;MG;Estadual;9;531.4;529.06;481.6;532.89;666.67;548.32
2428;Brunópolis;SC;Estadual;12;501.44;514.28;466.31;521.16;738.33;548.3
2429;São Bento;PB;Privada;20;485.39;489.72;499.75;553.66;713.0;548.3
2430;Realeza;PR;Estadual;51;528.53;529.61;489.46;546.76;647.06;548.29
2431;Aramina;SP;Estadual;2;525.95;545.35;459.85;570.0;640.0;548.23
2432;Mogi Guaçu;SP;Estadual;134;530.57;532.56;499.98;561.95;615.82;548.18
2433;Salete;SC;Estadual;8;531.2;562.89;503.31;565.91;577.5;548.16
2434;Novo Mundo;MT;Estadual;4;552.55;535.75;492.92;489.52;670.0;548.15
2435;Treze de Maio;SC;Estadual;16;502.64;502.52;496.54;515.33;723.75;548.15
2436;Atalanta;SC;Estadual;11;514.0;543.65;505.15;570.55;607.27;548.13
2437;Cáceres;MT;Federal;60;508.26;521.9;495.58;523.77;691.0;548.1
2438;Brasnorte;MT;Estadual;21;507.54;529.7;498.8;531.92;672.38;548.07
2439;Sobrália;MG;Estadual;15;513.27;521.49;519.92;541.5;644.0;548.04
2440;Tapera;RS;Estadual;33;516.73;521.22;494.12;526.7;681.21;548.0
2441;Sertanópolis;PR;Privada;30;507.05;537.91;498.57;573.74;622.67;547.99
2442;Vargem Grande do Sul;SP;Privada;16;517.45;556.7;486.69;567.82;611.25;547.98
2443;São Felipe;BA;Privada;8;500.94;529.21;486.05;520.95;702.5;547.93
2444;Florianópolis;SC;Estadual;661;532.15;537.21;497.97;544.95;627.17;547.89
2445;Brejinho;PE;Estadual;13;498.7;527.13;509.27;576.45;627.69;547.85
2446;Uberlândia;MG;Estadual;1419;527.58;534.14;496.42;541.65;639.35;547.83
2447;Assis;SP;Estadual;240;535.6;539.87;494.88;550.76;618.0;547.82
2448;Coronel Fabriciano;MG;Estadual;106;532.74;528.95;498.0;546.32;633.02;547.81
2449;São Francisco;PB;Estadual;31;474.92;486.91;472.72;459.93;844.52;547.8
2450;Piracanjuba;GO;Municipal;2;518.5;514.55;518.9;527.0;660.0;547.79
2451;Conceição do Castelo;ES;Estadual;35;511.0;547.92;500.84;538.57;640.57;547.78
2452;Itagi;BA;Estadual;7;508.34;532.1;518.89;479.5;700.0;547.77
2453;Itu;SP;Estadual;330;530.1;531.95;488.29;544.33;644.18;547.77
2454;Tubarão;SC;Estadual;239;526.3;531.76;493.0;538.89;648.7;547.73
2455;Onça de Pitangui;MG;Estadual;3;514.7;535.07;472.53;509.6;706.67;547.71
2456;Joinville;SC;Estadual;951;532.91;530.54;494.33;550.89;629.82;547.7
2457;Canguçu;RS;Estadual;107;517.78;532.04;482.38;537.11;669.16;547.69
2458;Rianápolis;GO;Estadual;17;499.95;531.44;487.78;522.82;696.47;547.69
2459;Santa Juliana;MG;Estadual;6;536.53;537.63;461.73;532.45;670.0;547.67
2460;Saltinho;SP;Estadual;10;544.34;497.81;485.56;526.53;684.0;547.65
2461;Tremembé;SP;Estadual;16;525.62;543.34;493.62;540.52;635.0;547.62
2462;Soledade;PB;Estadual;39;511.47;521.28;490.18;530.87;684.1;547.58
2463;Monte Alto;SP;Estadual;46;530.81;533.98;489.71;576.46;606.96;547.58
2464;São Domingos do Norte;ES;Estadual;6;497.08;496.97;486.07;554.35;703.33;547.56
2465;São José da Tapera;AL;Privada;6;473.37;508.35;489.52;489.75;776.67;547.53
2466;Santa Maria;RS;Estadual;639;526.16;532.44;491.59;537.46;649.95;547.52
2467;Álvares Florence;SP;Estadual;3;503.6;535.9;517.77;620.33;560.0;547.52
2468;Fervedouro;MG;Estadual;17;511.18;548.04;514.32;530.97;632.94;547.49
2469;Cornélio Procópio;PR;Estadual;168;519.7;533.37;490.68;550.39;643.1;547.45
2470;Inimutaba;MG;Estadual;1;578.2;588.9;487.4;622.7;460.0;547.44
2471;Belford Roxo;RJ;Privada;84;510.99;535.74;483.73;518.52;688.1;547.41
2472;Rio Pardo;RS;Estadual;53;537.64;528.71;482.3;535.43;652.83;547.38
2473;Dois Irmãos;RS;Estadual;66;534.31;526.83;500.15;527.05;648.18;547.31
2474;Naviraí;MS;Federal;50;531.16;528.3;517.87;554.6;604.4;547.27
2475;Campo Maior;PI;Federal;62;496.06;506.8;471.79;536.83;724.84;547.26
2476;Mutum;MG;Estadual;35;514.95;529.22;486.8;543.05;662.29;547.26
2477;Vespasiano;MG;Estadual;101;526.0;533.92;495.33;551.95;629.11;547.26
2478;Heliodora;MG;Estadual;9;524.44;489.87;511.38;561.66;648.89;547.25
2479;Borebi;SP;Estadual;4;482.38;476.0;519.48;578.17;680.0;547.2
2480;Carlos Chagas;MG;Estadual;21;510.32;533.09;482.87;561.15;648.57;547.2
2481;Pedra do Anta;MG;Estadual;4;518.6;530.7;478.18;553.25;655.0;547.14
2482;Mallet;PR;Estadual;43;519.17;533.05;495.99;557.73;629.77;547.14
2483;Maximiliano de Almeida;RS;Estadual;5;503.82;504.42;493.4;561.7;672.0;547.07
2484;Águas Formosas;MG;Estadual;16;527.85;509.59;491.24;511.51;695.0;547.04
2485;Tiros;MG;Estadual;5;551.1;527.86;513.6;574.64;568.0;547.04
2486;São Bento do Sapucaí;SP;Estadual;7;515.67;538.86;493.99;575.26;611.43;547.04
2487;Quinze de Novembro;RS;Estadual;11;501.77;511.25;503.15;598.97;620.0;547.03
2488;Banzaê;BA;Estadual;9;505.12;520.4;490.16;546.0;673.33;547.0
2489;São Cristóvão;SE;Federal;101;511.51;525.19;487.69;526.02;684.55;546.99
2490;Penedo;AL;Privada;73;503.18;517.34;497.55;537.07;679.73;546.97
2491;Ingá;PB;Privada;19;506.37;507.68;486.25;522.9;711.58;546.96
2492;Monte Horebe;PB;Estadual;5;541.58;544.12;434.3;566.76;648.0;546.95
2493;Ajuricaba;RS;Estadual;8;482.11;523.9;490.51;540.41;697.5;546.89
2494;Jaguarão;RS;Estadual;42;530.84;533.15;495.02;546.29;629.05;546.87
2495;Paço do Lumiar;MA;Privada;37;513.53;512.29;481.55;518.86;708.11;546.87
2496;Nova Colinas;MA;Municipal;2;561.55;543.95;504.05;504.8;620.0;546.87
2497;Arroio do Tigre;RS;Estadual;27;498.41;519.88;506.86;526.9;682.22;546.85
2498;Espírito Santo do Pinhal;SP;Estadual;73;534.53;545.82;480.04;564.22;609.59;546.84
2499;Belo Jardim;PE;Estadual;127;504.52;516.64;486.13;537.38;689.45;546.82
2500;Santa Bárbara do Monte Verde;MG;Municipal;1;510.7;534.2;571.9;417.2;700.0;546.8
2501;Iúna;ES;Estadual;67;493.86;527.2;481.76;537.77;693.43;546.8
2502;Paranapuã;SP;Estadual;5;531.56;548.28;490.18;571.88;592.0;546.78
2503;Nova Itaberaba;SC;Estadual;10;502.6;514.67;480.04;508.28;728.0;546.72
2504;Painel;SC;Estadual;3;517.2;536.63;481.53;511.53;686.67;546.71
2505;Augusto Pestana;RS;Estadual;6;547.25;534.55;478.9;622.72;550.0;546.68
2506;Jumirim;SP;Estadual;1;528.4;490.3;424.8;609.9;680.0;546.68
2507;Guarujá do Sul;SC;Estadual;14;506.1;508.66;514.49;529.79;674.29;546.66
2508;São Domingos;SE;Estadual;25;479.8;505.18;468.16;516.89;763.2;546.65
2509;Bom Jardim;RJ;Estadual;50;509.76;531.16;489.05;558.0;645.2;546.63
2510;Careaçu;MG;Estadual;12;487.85;500.76;483.23;546.24;715.0;546.62
2511;Salto do Jacuí;RS;Estadual;32;524.19;534.73;491.84;507.31;675.0;546.61
2512;Belo Jardim;PE;Federal;29;511.99;522.13;503.16;523.91;671.72;546.58
2513;Mantena;MG;Estadual;37;536.54;524.71;489.02;539.37;643.24;546.58
2514;Mariano Moro;RS;Estadual;3;523.57;481.4;522.63;585.27;620.0;546.57
2515;Inhuma;PI;Privada;10;486.5;493.16;488.67;556.34;708.0;546.53
2516;São Bernardo do Campo;SP;Estadual;1695;538.0;536.55;488.76;550.26;618.86;546.48
2517;Itaituba;PA;Federal;46;517.77;529.66;496.97;523.84;663.91;546.43
2518;Resende Costa;MG;Municipal;9;505.02;529.33;503.54;558.29;635.56;546.35
2519;Dom Bosco;MG;Estadual;6;499.22;540.15;478.0;554.02;660.0;546.28
2520;Ataléia;MG;Estadual;21;497.33;516.69;501.53;544.34;671.43;546.26
2521;Tamarana;PR;Estadual;11;537.4;532.95;498.06;593.62;569.09;546.22
2522;Cacoal;RO;Municipal;1;464.5;551.9;431.3;523.3;760.0;546.2
2523;Santana da Ponte Pensa;SP;Estadual;5;524.42;529.24;475.86;561.46;640.0;546.2
2524;Congonhas do Norte;MG;Estadual;6;497.42;507.57;521.48;564.42;640.0;546.18
2525;Rochedo de Minas;MG;Estadual;1;578.1;567.0;557.7;488.1;540.0;546.18
2526;Indaial;SC;Estadual;122;535.83;529.51;498.19;548.48;618.69;546.14
2527;Santa Inês;MA;Federal;98;512.54;514.72;496.66;537.0;669.8;546.14
2528;Trajano de Moraes;RJ;Estadual;25;513.89;517.61;488.39;534.33;676.0;546.04
2529;Viadutos;RS;Estadual;6;510.45;560.93;503.12;542.27;613.33;546.02
2530;Lafaiete Coutinho;BA;Estadual;4;510.35;529.92;511.42;508.35;670.0;546.01
2531;Vitória de Santo Antão;PE;Federal;87;519.99;539.3;491.79;521.38;657.47;545.99
2532;Nossa Senhora da Glória;SE;Federal;7;510.09;486.96;503.14;498.3;731.43;545.98
2533;São Carlos;SP;Estadual;396;531.15;528.96;484.42;547.21;638.13;545.97
2534;Riacho das Almas;PE;Estadual;31;498.33;508.29;500.95;543.43;678.71;545.94
2535;Poá;SP;Estadual;292;537.49;537.44;481.29;555.89;617.53;545.93
2536;Rio das Antas;SC;Estadual;3;495.27;530.7;540.1;490.17;673.33;545.91
2537;Hortolândia;SP;Estadual;344;534.09;529.87;494.09;556.28;615.23;545.91
2538;Cerejeiras;RO;Estadual;38;503.64;526.31;490.36;539.74;669.47;545.9
2539;Santo André;SP;Estadual;1325;534.61;534.81;488.51;551.36;620.21;545.9
2540;Marau;RS;Estadual;114;527.77;519.3;492.08;538.21;652.11;545.89
2541;Doutor Maurício Cardoso;RS;Estadual;5;488.38;525.02;521.22;594.72;600.0;545.87
2542;Posse;GO;Municipal;28;493.0;520.33;504.69;526.31;685.0;545.87
2543;Dom Silvério;MG;Estadual;4;509.7;543.12;484.55;511.95;680.0;545.86
2544;Coqueiral;MG;Estadual;15;486.55;501.35;486.03;524.5;730.67;545.82
2545;Campina da Lagoa;PR;Estadual;14;530.53;533.35;499.13;527.41;638.57;545.8
2546;Itabirito;MG;Municipal;1;527.2;550.7;547.7;563.2;540.0;545.76
2547;Rodeio Bonito;RS;Estadual;26;507.53;518.08;479.12;524.68;699.23;545.73
2548;Ipê;RS;Estadual;15;534.57;549.21;467.85;506.31;670.67;545.72
2549;Alfredo Wagner;SC;Estadual;23;519.87;526.03;503.67;534.67;644.35;545.72
2550;Governador Valadares;MG;Estadual;386;521.25;527.24;487.82;548.08;644.15;545.71
2551;Redenção da Serra;SP;Estadual;2;529.25;588.9;501.05;549.05;560.0;545.65
2552;Itatiba;SP;Estadual;282;533.62;533.62;493.64;558.5;608.79;545.63
2553;Arari;MA;Privada;16;500.82;518.23;488.03;536.04;685.0;545.62
2554;Murutinga do Sul;SP;Estadual;12;517.04;522.09;524.88;572.35;591.67;545.61
2555;Alta Floresta D'Oeste;RO;Estadual;68;500.85;523.53;484.3;535.14;684.12;545.59
2556;Itabira;MG;Estadual;166;517.55;528.16;490.6;550.73;640.84;545.58
2557;Ervália;MG;Estadual;19;532.59;523.32;493.93;521.15;656.84;545.57
2558;Nazareno;MG;Estadual;9;514.38;532.82;482.14;582.53;615.56;545.49
2559;Arroio dos Ratos;RS;Estadual;22;532.6;533.3;466.24;535.15;660.0;545.46
2560;Morrinhos;GO;Estadual;148;507.22;516.96;484.27;530.44;688.38;545.45
2561;Carneirinho;MG;Estadual;12;512.52;517.87;512.24;552.97;631.67;545.45
2562;Brochier;RS;Estadual;9;543.96;554.39;455.47;537.81;635.56;545.44
2563;Eirunepé;AM;Federal;24;534.1;535.65;472.6;514.66;670.0;545.4
2564;Portão;RS;Estadual;41;524.54;541.44;496.26;554.91;609.76;545.38
2565;Barra do Bugres;MT;Privada;13;507.05;513.28;502.78;520.65;683.08;545.37
2566;Alto Alegre dos Parecis;RO;Municipal;1;460.0;545.6;471.6;509.5;740.0;545.34
2567;Colinas do Tocantins;TO;Federal;40;515.36;523.24;485.66;544.22;658.0;545.3
2568;Caeté;MG;Estadual;31;514.4;527.35;476.23;540.1;668.39;545.29
2569;São João do Oeste;SC;Estadual;28;522.12;512.86;479.31;554.08;657.86;545.25
2570;Flor do Sertão;SC;Estadual;9;511.04;528.91;529.32;514.7;642.22;545.24
2571;Cunha;SP;Estadual;19;524.22;537.32;463.88;566.92;633.68;545.21
2572;Porto Lucena;RS;Estadual;8;533.11;538.22;469.41;536.83;647.5;545.02
2573;Ilha Solteira;SP;Estadual;44;532.69;535.4;505.19;545.38;606.36;545.0
2574;São Mateus do Sul;PR;Estadual;52;529.93;546.59;502.68;550.32;595.38;544.98
2575;Palmeira dos Índios;AL;Privada;79;492.03;511.04;494.68;528.46;698.48;544.94
2576;Santa Rita de Caldas;MG;Estadual;13;510.82;523.29;476.85;541.29;672.31;544.91
2577;Ipupiara;BA;Estadual;7;517.73;502.77;474.76;520.2;708.57;544.81
2578;São Pedro de Alcântara;SC;Estadual;34;520.02;540.91;494.41;550.95;617.65;544.79
2579;Frederico Westphalen;RS;Estadual;90;511.48;514.81;475.22;536.23;686.22;544.79
2580;Mercedes;PR;Estadual;15;511.23;543.73;501.72;536.45;630.67;544.76
2581;Vitória;ES;Estadual;1195;521.62;531.08;492.22;540.21;638.69;544.76
2582;Itacaré;BA;Privada;3;521.87;534.6;490.1;517.1;660.0;544.73
2583;Potengi;CE;Estadual;53;494.16;510.76;485.03;503.05;730.57;544.71
2584;Turuçu;RS;Estadual;13;489.12;521.27;471.74;553.62;687.69;544.69
2585;União do Sul;MT;Estadual;13;520.51;534.47;479.08;560.01;629.23;544.66
2586;Severiano Melo;RN;Estadual;17;492.07;491.55;469.16;495.22;775.29;544.66
2587;Nova Petrópolis;RS;Estadual;45;525.55;531.93;497.65;556.64;611.56;544.66
2588;Oliveira Fortes;MG;Estadual;2;576.45;541.7;507.15;548.0;550.0;544.66
2589;Formiga;MG;Estadual;78;518.6;538.02;503.26;555.68;607.69;544.65
2590;São Lourenço do Oeste;SC;Estadual;38;531.37;531.58;491.04;553.84;615.26;544.62
2591;Virginópolis;MG;Estadual;8;518.41;555.56;488.62;515.36;645.0;544.59
2592;Diamantina;MG;Estadual;69;523.27;526.45;502.88;536.65;633.62;544.57
2593;Cipotânea;MG;Estadual;1;406.1;524.8;507.3;664.6;620.0;544.56
2594;Riachão do Bacamarte;PB;Municipal;1;397.6;473.4;543.8;608.0;700.0;544.56
2595;Contagem;MG;Estadual;557;526.26;531.6;492.06;545.96;626.89;544.56
2596;Muriaé;MG;Estadual;158;520.62;527.2;491.86;541.97;641.01;544.53
2597;Herculândia;SP;Estadual;2;542.85;538.1;512.4;529.0;600.0;544.47
2598;Miracema;RJ;Estadual;55;524.44;522.23;484.71;519.24;671.64;544.45
2599;Paraibuna;SP;Estadual;15;538.34;528.81;504.8;542.33;608.0;544.45
2600;Tapejara;RS;Estadual;69;515.35;515.43;474.63;541.39;675.36;544.43
2601;Porto Grande;AP;Federal;25;526.42;533.52;493.63;484.49;684.0;544.41
2602;Itatuba;PB;Municipal;2;549.55;496.1;517.95;458.45;700.0;544.41
2603;Capivari de Baixo;SC;Estadual;30;520.95;537.13;472.6;518.7;672.67;544.41
2604;Araripina;PE;Estadual;146;499.09;509.95;489.27;526.02;697.53;544.37
2605;Alegrete;RS;Federal;17;516.53;530.18;528.58;550.08;596.47;544.37
2606;Valinhos;SP;Estadual;229;524.74;528.72;483.8;554.05;630.48;544.36
2607;Rio do Sul;SC;Estadual;106;520.24;537.52;494.99;554.9;614.15;544.36
2608;Tabaí;RS;Municipal;3;500.2;513.23;469.5;558.8;680.0;544.35
2609;Figueirópolis D'Oeste;MT;Estadual;2;507.5;522.75;462.35;559.1;670.0;544.34
2610;Pacatuba;CE;Estadual;372;514.98;522.97;482.58;529.61;671.45;544.32
2611;Montes Claros;MG;Estadual;702;519.69;528.77;485.13;541.81;646.15;544.31
2612;Mantenópolis;ES;Estadual;39;508.43;524.63;477.24;514.27;696.92;544.3
2613;Alpestre;RS;Estadual;7;529.33;538.37;462.56;534.1;657.14;544.3
2614;Campo Largo;PR;Estadual;318;529.21;530.09;502.67;543.2;616.23;544.28
2615;Rondinha;RS;Estadual;14;509.01;544.59;492.77;533.52;641.43;544.27
2616;Brotas;SP;Estadual;46;523.96;537.23;499.77;553.69;606.52;544.23
2617;Cantagalo;RJ;Estadual;43;524.06;530.15;494.32;540.83;631.63;544.2
2618;Colinas;MA;Privada;11;476.77;496.32;458.01;517.1;772.73;544.19
2619;Querência;MT;Municipal;1;513.0;561.3;432.6;634.0;580.0;544.18
2620;Araçoiaba da Serra;SP;Privada;4;557.8;561.25;512.45;529.3;560.0;544.16
2621;Morro Agudo;SP;Municipal;33;528.95;510.53;482.25;518.34;680.61;544.13
2622;Vargem Alegre;MG;Estadual;14;501.29;537.95;484.79;546.61;650.0;544.13
2623;Indaiatuba;SP;Estadual;334;535.46;531.34;482.01;552.15;619.58;544.11
2624;Vista Gaúcha;RS;Estadual;4;524.85;552.35;544.95;568.22;530.0;544.08
2625;Cubatão;SP;Estadual;217;530.62;530.94;486.51;542.92;629.4;544.08
2626;Florianópolis;SC;Municipal;2;485.9;545.75;458.9;499.8;730.0;544.07
2627;Paineiras;MG;Estadual;12;498.65;516.32;491.78;566.79;646.67;544.04
2628;Abelardo Luz;SC;Federal;1;549.0;559.9;489.2;542.1;580.0;544.04
2629;Ouro Branco;MG;Estadual;66;524.36;535.31;489.99;544.34;626.06;544.01
2630;Niquelândia;GO;Estadual;118;507.2;513.16;480.75;541.22;677.63;543.99
2631;São José das Missões;RS;Estadual;7;521.3;526.93;486.74;562.01;622.86;543.97
2632;Trindade do Sul;RS;Estadual;8;524.44;540.45;500.81;601.66;552.5;543.97
2633;Curitiba;PR;Estadual;3873;526.51;531.75;499.34;546.54;615.3;543.89
2634;Arvorezinha;RS;Estadual;18;504.46;520.8;481.81;531.01;681.11;543.84
2635;Araçatuba;SP;Estadual;310;529.1;529.84;493.89;557.03;609.29;543.83
2636;Lagoa Santa;MG;Estadual;117;530.99;534.52;488.85;545.78;618.97;543.82
2637;Japeri;RJ;Privada;16;532.24;551.07;505.46;524.1;606.25;543.82
2638;Conceição dos Ouros;MG;Estadual;16;503.38;536.16;498.89;558.12;622.5;543.81
2639;Cachoeira;BA;Privada;42;495.03;511.99;500.55;549.85;661.43;543.77
2640;Jaguaraçu;MG;Estadual;2;532.0;548.5;491.2;547.15;600.0;543.77
2641;Laranjeiras do Sul;PR;Estadual;124;516.36;534.6;492.82;542.16;632.9;543.77
2642;Bonfim;MG;Estadual;20;505.48;514.82;479.64;561.83;657.0;543.75
2643;Santo Inácio;PR;Estadual;4;515.9;530.02;449.17;568.6;655.0;543.74
2644;Anchieta;ES;Estadual;115;511.16;526.12;480.89;548.11;652.35;543.73
2645;Ribeirão Cascalheira;MT;Estadual;7;527.6;545.83;509.7;469.74;665.71;543.72
2646;Jaguari;RS;Estadual;24;510.67;530.38;486.22;522.05;669.17;543.7
2647;Tocos do Moji;MG;Estadual;6;486.95;523.72;497.83;579.78;630.0;543.66
2648;Salesópolis;SP;Estadual;51;519.43;526.7;464.85;548.39;658.82;543.64
2649;Teresópolis;RJ;Estadual;288;525.77;530.29;482.89;534.97;644.17;543.62
2650;Franca;SP;Estadual;592;524.73;524.55;486.28;548.56;633.95;543.62
2651;Quinta do Sol;PR;Estadual;10;500.23;521.13;498.8;577.9;620.0;543.61
2652;Itabirinha;MG;Estadual;15;512.35;512.31;482.52;568.2;642.67;543.61
2653;Pão de Açúcar;AL;Privada;1;559.5;537.1;488.6;452.8;680.0;543.6
2654;São Tiago;MG;Estadual;31;518.86;515.74;487.16;558.72;637.42;543.58
2655;Santo Amaro da Imperatriz;SC;Estadual;102;523.46;531.83;486.49;544.12;631.96;543.57
2656;São João do Sul;SC;Estadual;4;537.9;547.1;515.05;527.75;590.0;543.56
2657;Iacri;SP;Estadual;4;503.38;557.45;447.08;559.75;650.0;543.53
2658;Silveira Martins;RS;Estadual;14;503.79;535.3;491.14;558.85;628.57;543.53
2659;Arraial do Cabo;RJ;Privada;12;506.03;527.42;509.82;549.38;625.0;543.53
2660;Cafarnaum;BA;Municipal;2;495.85;509.5;516.95;515.3;680.0;543.52
2661;Presidente Lucena;RS;Estadual;6;494.65;521.75;493.53;540.73;666.67;543.47
2662;Campo Formoso;BA;Privada;28;501.33;519.77;490.7;525.36;680.0;543.43
2663;Pacajá;PA;Estadual;33;494.36;500.45;477.47;498.14;746.67;543.42
2664;Gália;SP;Estadual;7;512.0;532.91;489.51;559.69;622.86;543.39
2665;Araci;BA;Municipal;1;475.3;492.7;441.0;447.9;860.0;543.38
2666;Gouveia;MG;Estadual;23;502.51;504.47;474.02;537.54;698.26;543.36
2667;Joviânia;GO;Estadual;16;487.92;503.9;479.41;546.66;698.75;543.33
2668;Itaguaí;RJ;Municipal;1;503.3;558.6;401.6;593.1;660.0;543.32
2669;Porto Feliz;SP;Estadual;102;527.32;528.1;483.2;551.5;626.47;543.32
2670;Piranguinho;MG;Estadual;17;504.95;509.44;491.35;571.89;638.82;543.29
2671;Registro;SP;Estadual;132;531.3;527.46;492.34;550.09;615.15;543.27
2672;Capão Bonito;SP;Estadual;131;528.74;530.29;488.53;552.69;616.03;543.26
2673;Estrela;RS;Estadual;31;524.36;522.67;505.72;537.72;625.81;543.26
2674;Caraíbas;BA;Estadual;2;534.4;558.1;430.0;523.75;670.0;543.25
2675;Itati;RS;Estadual;10;491.37;502.0;493.74;539.11;690.0;543.24
2676;Timon;MA;Federal;94;518.16;519.57;496.75;541.09;640.64;543.24
2677;São José dos Campos;SP;Estadual;954;530.54;531.01;489.69;546.63;618.26;543.23
2678;Flores;PE;Estadual;30;508.23;519.14;488.98;539.42;660.0;543.15
2679;Carrancas;MG;Estadual;10;532.66;544.9;479.53;540.59;618.0;543.14
2680;Bozano;RS;Estadual;2;486.35;516.05;547.1;556.15;610.0;543.13
2681;Alto Rio Novo;ES;Estadual;14;500.93;530.43;468.89;536.78;678.57;543.12
2682;Uibaí;BA;Privada;4;499.48;534.28;499.18;517.38;665.0;543.06
2683;Campos Altos;MG;Estadual;37;512.46;538.47;479.17;544.14;641.08;543.06
2684;Capelinha;MG;Estadual;57;524.23;529.01;482.39;543.73;635.79;543.03
2685;Pombal;PB;Estadual;117;498.26;521.22;487.46;532.16;676.07;543.03
2686;Poços de Caldas;MG;Municipal;39;516.43;528.63;502.24;565.31;602.56;543.03
2687;Jarinu;SP;Estadual;44;529.52;520.78;492.58;554.88;617.27;543.01
2688;Itaguaru;GO;Estadual;21;496.66;507.02;489.94;519.41;701.9;542.99
2689;Flores da Cunha;RS;Estadual;33;521.46;519.16;495.13;533.08;646.06;542.98
2690;Paranaiguara;GO;Estadual;20;524.64;540.73;487.5;545.78;616.0;542.93
2691;Porangaba;SP;Estadual;15;537.3;539.29;467.39;557.36;613.33;542.93
2692;Chapada;RS;Estadual;16;518.96;529.58;503.74;566.1;596.25;542.92
2693;Perdões;MG;Estadual;24;500.21;521.97;491.81;552.3;648.33;542.92
2694;Capitão Enéas;MG;Estadual;4;527.6;520.45;436.62;559.85;670.0;542.91
2695;Jaraguá do Sul;SC;Municipal;2;525.6;521.3;496.8;520.8;650.0;542.9
2696;Bento de Abreu;SP;Estadual;1;578.6;597.7;435.4;562.7;540.0;542.88
2697;Encruzilhada do Sul;RS;Estadual;54;522.09;527.86;489.5;534.85;640.0;542.86
2698;Tabuleiro do Norte;CE;Estadual;142;507.32;515.41;494.12;539.93;657.46;542.85
2699;Barra dos Coqueiros;SE;Privada;21;498.11;518.19;497.85;510.46;689.52;542.83
2700;Pindamonhangaba;SP;Estadual;265;527.87;531.45;481.29;541.77;631.77;542.83
2701;Laranja da Terra;ES;Estadual;58;492.38;515.39;475.22;522.43;708.62;542.81
2702;Capela;SE;Privada;27;489.51;501.41;472.54;468.07;782.22;542.75
2703;Meleiro;SC;Estadual;19;524.23;537.41;505.73;533.56;612.63;542.71
2704;Paulistas;MG;Estadual;3;529.03;519.47;522.83;528.87;613.33;542.71
2705;Alterosa;MG;Estadual;22;505.19;513.18;493.45;543.43;658.18;542.69
2706;Piratini;RS;Estadual;33;519.33;516.19;489.37;527.92;660.61;542.69
2707;Iati;PE;Estadual;24;511.25;510.86;500.04;532.12;659.17;542.69
2708;Mercês;MG;Privada;2;517.4;604.75;483.1;488.0;620.0;542.65
2709;Cachoeira da Prata;MG;Estadual;3;483.77;550.67;478.37;560.27;640.0;542.61
2710;Atalaia;PR;Estadual;10;503.09;550.36;526.58;520.97;612.0;542.6
2711;Tatuí;SP;Estadual;205;529.18;529.61;496.36;554.78;603.02;542.59
2712;Lins;SP;Estadual;110;525.56;524.6;492.34;539.7;630.73;542.58
2713;São Martinho;RS;Estadual;8;476.75;518.24;490.22;540.19;687.5;542.58
2714;Planalto;BA;Municipal;1;540.2;507.4;562.9;462.2;640.0;542.54
2715;Bombinhas;SC;Estadual;88;538.42;537.78;493.45;527.3;615.68;542.52
2716;Concórdia;SC;Estadual;149;515.65;524.42;493.64;534.97;643.76;542.49
2717;Borborema;SP;Estadual;6;523.08;495.2;474.15;566.63;653.33;542.48
2718;Garuva;SC;Estadual;24;525.26;532.25;489.67;556.87;608.33;542.48
2719;Catuti;MG;Estadual;4;492.6;545.98;476.55;557.28;640.0;542.48
2720;Araranguá;SC;Estadual;148;521.26;524.39;498.66;546.35;621.76;542.48
2721;Taquarivaí;SP;Estadual;33;519.97;527.94;470.77;551.85;641.82;542.47
2722;Jaru;RO;Privada;7;490.66;510.41;458.1;555.96;697.14;542.45
2723;Assaí;PR;Estadual;34;516.64;517.64;483.48;515.06;679.41;542.45
2724;Livramento de Nossa Senhora;BA;Estadual;28;525.51;526.63;479.11;548.11;632.86;542.44
2725;Rio Bom;PR;Estadual;13;515.57;534.16;495.02;539.68;627.69;542.42
2726;Oscar Bressane;SP;Estadual;7;505.36;544.27;464.34;526.67;671.43;542.41
2727;Tombos;MG;Estadual;14;518.29;528.16;484.16;497.09;684.29;542.4
2728;Jaíba;MG;Estadual;46;517.62;519.25;477.94;552.39;644.78;542.4
2729;Carmo;RJ;Estadual;35;509.59;515.13;473.22;526.59;687.43;542.39
2730;Candeias;BA;Privada;30;511.82;518.15;491.32;534.56;656.0;542.37
2731;Caxias;MA;Federal;91;500.34;516.91;487.63;507.7;698.9;542.3
2732;Estreito;MA;Privada;1;408.9;513.6;521.6;367.2;900.0;542.26
2733;Viçosa;MG;Estadual;158;507.41;519.6;489.98;530.58;663.54;542.22
2734;Pirassununga;SP;Estadual;122;534.32;533.88;494.11;548.4;600.33;542.21
2735;Travesseiro;RS;Estadual;2;516.95;552.45;421.45;560.2;660.0;542.21
2736;Piraju;SP;Estadual;84;527.41;529.71;484.26;554.11;615.48;542.19
2737;São Raimundo das Mangabeiras;MA;Federal;46;498.52;525.98;485.13;522.47;678.7;542.16
2738;Juramento;MG;Estadual;8;518.12;528.05;473.84;490.78;700.0;542.16
2739;Matutina;MG;Estadual;2;517.1;534.2;468.25;551.25;640.0;542.16
2740;Pinheiro;MA;Federal;71;498.84;507.36;487.67;510.11;706.76;542.15
2741;Jaraguá do Sul;SC;Estadual;382;526.05;529.49;495.11;545.54;614.55;542.15
2742;Porto Rico do Maranhão;MA;Estadual;1;500.0;519.3;390.4;561.0;740.0;542.14
2743;Porto Vera Cruz;RS;Estadual;2;486.65;533.35;422.6;568.0;700.0;542.12
2744;Dracena;SP;Estadual;93;527.52;531.42;480.49;551.82;619.35;542.12
2745;Anápolis;GO;Estadual;1353;509.81;522.73;487.75;532.29;657.96;542.11
2746;São Bento Abade;MG;Estadual;10;510.01;538.25;497.57;500.71;664.0;542.11
2747;Areado;MG;Estadual;39;508.43;532.32;489.01;566.37;614.36;542.1
2748;Paial;SC;Estadual;6;515.82;549.53;494.37;517.08;633.33;542.03
2749;Pequi;MG;Estadual;6;531.95;525.07;497.77;555.0;600.0;541.96
2750;Lindoeste;PR;Estadual;9;507.36;519.0;483.41;488.89;711.11;541.95
2751;Catanduvas;PR;Estadual;14;487.73;529.7;483.5;537.26;671.43;541.92
2752;Macaparana;PE;Estadual;105;488.23;504.68;502.83;537.42;676.38;541.91
2753;Cachoeira de Pajeú;MG;Estadual;12;513.02;526.38;501.72;553.24;615.0;541.88
2754;Biguaçu;SC;Estadual;114;527.55;528.84;492.54;545.19;615.26;541.87
2755;Zé Doca;MA;Privada;24;503.03;505.29;489.2;544.27;667.5;541.86
2756;Caraguatatuba;SP;Estadual;276;536.05;528.73;485.14;549.29;610.0;541.84
2757;Lavras;MG;Estadual;198;514.25;525.38;484.2;541.27;644.04;541.83
2758;Novo Machado;RS;Estadual;7;488.07;536.21;491.44;593.41;600.0;541.83
2759;Bom Jardim da Serra;SC;Estadual;3;492.77;508.27;474.0;540.8;693.33;541.83
2760;Cruz Alta;RS;Estadual;136;525.74;533.61;490.94;531.01;627.79;541.82
2761;Brodowski;SP;Estadual;8;523.09;505.6;474.2;521.17;685.0;541.81
2762;Campo Alegre;AL;Privada;8;512.8;529.61;477.34;536.45;652.5;541.74
2763;Lastro;PB;Estadual;24;490.07;501.74;464.19;494.3;758.33;541.73
2764;Catanduva;SP;Estadual;232;525.83;527.97;482.58;550.66;621.55;541.72
2765;Barra de Santana;PB;Estadual;6;469.6;510.6;466.22;521.93;740.0;541.67
2766;Santa Fé do Sul;SP;Estadual;46;517.0;521.47;501.62;544.65;623.48;541.64
2767;Cristais;MG;Estadual;17;514.81;522.3;508.28;527.52;635.29;541.64
2768;Armação dos Búzios;RJ;Estadual;35;522.39;529.15;481.21;537.05;638.29;541.62
2769;Bom Jesus dos Perdões;SP;Estadual;24;546.59;536.42;469.25;540.04;615.83;541.62
2770;Irati;PR;Estadual;138;512.85;531.27;491.06;540.31;632.46;541.59
2771;Cândido Godói;RS;Estadual;21;502.66;523.95;484.48;524.44;672.38;541.58
2772;Osório;RS;Estadual;141;518.51;523.57;493.89;529.86;641.99;541.56
2773;Ubiratã;PR;Estadual;53;514.66;518.42;498.03;539.96;636.6;541.54
2774;Piedade dos Gerais;MG;Estadual;14;515.14;519.01;478.46;532.19;662.86;541.53
2775;Ferraz de Vasconcelos;SP;Estadual;326;536.48;534.64;483.45;536.78;616.13;541.5
2776;Venda Nova do Imigrante;ES;Estadual;80;504.09;521.13;500.75;544.95;636.5;541.48
2777;Caetanos;BA;Estadual;3;540.87;522.27;475.77;541.77;626.67;541.47
2778;Guiricema;MG;Estadual;12;498.78;496.42;468.82;558.03;685.0;541.41
2779;São Joaquim de Bicas;MG;Estadual;31;527.08;529.83;483.91;535.9;630.32;541.41
2780;Presidente Figueiredo;AM;Federal;42;512.42;520.84;480.18;529.11;664.29;541.37
2781;Cruz Machado;PR;Estadual;49;508.75;525.25;491.21;526.5;655.1;541.36
2782;Guanambi;BA;Estadual;171;494.61;511.83;490.05;524.95;685.15;541.32
2783;Palmares;PE;Estadual;158;509.05;522.35;488.87;533.24;653.04;541.31
2784;Cascavel;PR;Estadual;525;520.76;527.3;491.54;541.85;625.1;541.31
2785;Cláudio;MG;Estadual;82;520.29;519.79;487.29;543.63;635.37;541.27
2786;Pirapora do Bom Jesus;SP;Estadual;15;534.61;493.34;479.5;548.22;650.67;541.27
2787;Cametá;PA;Federal;27;508.87;516.03;505.14;523.69;652.59;541.26
2788;Santa Luzia;PB;Federal;24;515.3;516.31;492.31;530.43;651.67;541.2
2789;Centenário;RS;Estadual;10;509.23;528.15;497.16;535.33;636.0;541.17
2790;Torixoréu;MT;Estadual;10;521.35;539.46;466.86;494.12;684.0;541.16
2791;Vermelho Novo;MG;Estadual;4;450.88;525.98;480.7;578.22;670.0;541.16
2792;Santa Bárbara do Sul;RS;Estadual;13;534.46;534.22;455.8;532.03;649.23;541.15
2793;Sananduva;RS;Estadual;47;514.9;518.51;480.82;528.5;662.98;541.14
2794;Itararé;SP;Estadual;123;527.34;529.86;487.76;546.64;613.98;541.12
2795;Oliveira;MG;Estadual;73;516.85;528.33;484.84;522.65;652.88;541.11
2796;Santos;SP;Estadual;807;533.94;532.7;486.46;544.93;607.46;541.1
2797;Cocal do Sul;SC;Estadual;27;542.87;524.08;502.31;516.91;619.26;541.09
2798;Francisco Morato;SP;Privada;17;531.08;539.72;490.42;526.54;617.65;541.08
2799;São Francisco do Sul;SC;Privada;50;514.83;520.14;507.08;531.61;631.6;541.05
2800;Jacobina do Piauí;PI;Municipal;5;469.44;461.14;479.7;514.94;780.0;541.04
2801;Campo Limpo Paulista;SP;Estadual;149;530.6;530.19;480.15;556.39;607.65;541.0
2802;Toledo;PR;Estadual;313;517.31;531.58;500.07;549.91;606.07;540.99
2803;Medianeira;PR;Estadual;153;518.8;533.38;500.62;532.65;619.48;540.98
2804;São Bento do Sul;SC;Estadual;251;518.38;533.53;491.55;537.13;624.3;540.98
2805;Urucânia;MG;Estadual;16;506.51;518.55;502.88;505.68;671.25;540.97
2806;São Vicente;RN;Estadual;6;538.42;498.23;484.17;517.35;666.67;540.97
2807;Valença do Piauí;PI;Federal;50;496.5;514.58;487.78;505.9;699.2;540.79
2808;Crato;CE;Federal;53;487.23;512.43;508.21;529.56;666.42;540.77
2809;Jucati;PE;Estadual;32;493.85;526.09;487.17;543.61;653.12;540.77
2810;São Pedro do Sul;RS;Estadual;28;510.21;531.21;480.4;559.76;622.14;540.74
2811;Adamantina;SP;Estadual;61;530.05;530.08;486.63;547.4;609.51;540.73
2812;Niquelândia;GO;Privada;22;496.97;519.12;476.89;524.15;686.36;540.7
2813;Divinolândia de Minas;MG;Estadual;8;508.06;523.39;478.8;560.71;632.5;540.69
2814;Bento Gonçalves;RS;Municipal;19;527.29;528.52;481.52;544.94;621.05;540.66
2815;Vale de São Domingos;MT;Estadual;5;498.96;537.88;489.52;512.88;664.0;540.65
2816;Pedranópolis;SP;Estadual;6;502.22;530.87;466.75;560.1;643.33;540.65
2817;Guaxupé;MG;Estadual;44;530.08;526.79;474.3;550.7;621.36;540.64
2818;Araxá;MG;Estadual;129;512.66;521.65;481.49;537.34;650.08;540.64
2819;Porteirinha;MG;Estadual;36;491.09;512.06;475.85;530.84;693.33;540.63
2820;Pilar do Sul;SP;Estadual;74;525.02;521.79;487.46;555.44;613.24;540.59
2821;Santa Bárbara d'Oeste;SP;Estadual;325;524.78;527.07;485.8;545.14;620.06;540.57
2822;São João Batista do Glória;MG;Estadual;9;514.14;510.39;481.34;545.57;651.11;540.51
2823;Fagundes Varela;RS;Estadual;14;511.63;525.05;470.46;551.07;644.29;540.5
2824;Pato Branco;PR;Estadual;176;517.72;526.57;483.8;540.59;633.75;540.49
2825;Carmo do Paranaíba;MG;Estadual;89;507.45;523.86;484.34;543.58;643.15;540.48
2826;Pinhalzinho;SC;Estadual;54;515.05;526.27;495.07;537.51;628.52;540.48
2827;Ponto dos Volantes;MG;Estadual;5;533.42;544.4;526.52;557.98;540.0;540.46
2828;Pouso Alegre;MG;Estadual;158;524.63;535.01;487.44;548.71;606.46;540.45
2829;São Nicolau;RS;Estadual;11;495.33;513.75;497.9;518.9;676.36;540.45
2830;Eldorado;MS;Estadual;11;517.06;536.12;502.68;559.13;587.27;540.45
2831;Itamarati de Minas;MG;Estadual;7;529.94;520.9;484.43;541.17;625.71;540.43
2832;Vila Maria;RS;Estadual;3;528.37;494.43;490.37;568.97;620.0;540.43
2833;Paulo de Faria;SP;Estadual;3;480.47;497.8;435.07;548.77;740.0;540.42
2834;Vila Velha;ES;Estadual;1041;522.45;530.54;485.88;532.91;630.22;540.4
2835;Santa Maria da Serra;SP;Estadual;12;535.95;517.46;489.98;531.84;626.67;540.38
2836;Girau do Ponciano;AL;Privada;9;485.62;494.26;482.59;537.1;702.22;540.36
2837;Cachoeirinha;RS;Estadual;292;529.64;525.05;487.37;536.68;623.01;540.35
2838;Betim;MG;Estadual;553;522.86;529.21;491.89;543.54;614.18;540.34
2839;Palmital;SP;Estadual;41;521.08;523.08;471.4;519.7;666.34;540.32
2840;São Paulo;SP;Estadual;17756;530.78;530.63;483.33;540.36;616.38;540.3
2841;Turmalina;MG;Estadual;29;520.8;531.86;479.81;564.14;604.83;540.29
2842;Guaranésia;MG;Estadual;10;505.43;517.88;506.24;561.84;610.0;540.28
2843;Lucélia;SP;Estadual;9;506.1;498.56;486.26;530.42;680.0;540.27
2844;Viamão;RS;Municipal;3;547.57;516.53;503.37;507.23;626.67;540.27
2845;Brumado;BA;Estadual;45;520.07;529.53;489.35;542.66;619.56;540.23
2846;Lagoa Grande;MG;Estadual;10;503.33;516.84;495.23;559.59;626.0;540.2
2847;Trabiju;SP;Estadual;1;535.7;548.5;455.6;701.2;460.0;540.2
2848;Santana de Pirapama;MG;Estadual;9;491.98;506.84;503.72;556.14;642.22;540.18
2849;Imbé;RS;Estadual;35;528.5;523.55;481.65;543.63;623.43;540.15
2850;Varginha;MG;Estadual;180;523.91;529.29;493.45;546.27;607.78;540.14
2851;São Bento;PB;Estadual;74;502.39;518.86;485.87;537.3;656.22;540.13
2852;Visconde do Rio Branco;MG;Estadual;12;496.31;527.42;496.04;522.48;658.33;540.12
2853;Nova Serrana;MG;Estadual;82;522.56;521.59;485.63;542.38;628.29;540.09
2854;Porto Feliz;SP;Municipal;1;553.0;540.8;436.1;470.5;700.0;540.08
2855;Aveiro;PA;Estadual;3;497.43;536.17;499.23;547.57;620.0;540.08
2856;Aracruz;ES;Estadual;227;511.65;525.49;482.11;535.19;645.9;540.07
2857;Major Sales;RN;Estadual;8;514.05;514.69;498.69;547.89;625.0;540.06
2858;Rio Claro;RJ;Estadual;42;503.65;526.79;490.95;541.67;637.14;540.04
2859;Arcoverde;PE;Estadual;213;513.16;518.97;495.41;532.19;640.28;540.0
2860;Cordeiro;RJ;Estadual;24;521.51;512.09;473.61;510.0;682.5;539.94
2861;Nova América da Colina;PR;Estadual;6;536.35;518.08;491.42;533.73;620.0;539.92
2862;Itanhaém;SP;Estadual;275;534.01;532.53;479.63;546.74;606.69;539.92
2863;Bananeiras;PB;Estadual;24;494.28;509.85;476.8;509.51;709.17;539.92
2864;Araputanga;MT;Estadual;46;501.94;526.95;467.13;516.6;686.96;539.91
2865;Armação dos Búzios;RJ;Municipal;45;536.5;532.0;494.02;540.55;596.44;539.9
2866;Recife;PE;Estadual;3692;517.31;516.55;486.91;536.27;642.27;539.86
2867;Piranga;MG;Estadual;51;506.56;521.18;488.98;540.51;641.96;539.84
2868;Santos;SP;Municipal;2;607.8;572.9;495.9;482.55;540.0;539.83
2869;Andaraí;BA;Estadual;17;496.92;497.91;500.07;513.49;690.59;539.8
2870;Mongaguá;SP;Estadual;156;526.41;532.42;478.95;545.73;615.51;539.8
2871;Santa Rita d'Oeste;SP;Estadual;5;535.8;546.06;478.98;542.04;596.0;539.78
2872;Porto Xavier;RS;Estadual;18;508.11;510.53;489.63;540.65;650.0;539.78
2873;Santa Amélia;PR;Estadual;5;517.02;503.14;527.76;531.0;620.0;539.78
2874;Colatina;ES;Estadual;313;506.09;520.73;486.94;533.84;651.25;539.77
2875;Itapema;SC;Estadual;93;534.61;533.35;497.02;542.49;591.4;539.77
2876;Maringá;PR;Estadual;738;521.06;526.7;490.19;531.83;628.83;539.72
2877;Santa Izabel do Oeste;PR;Estadual;24;512.95;515.98;465.24;552.72;651.67;539.71
2878;Joinville;SC;Municipal;2;550.15;480.2;471.8;556.35;640.0;539.7
2879;Capanema;PR;Estadual;54;514.93;534.85;501.73;550.29;596.67;539.7
2880;Mendes Pimentel;MG;Estadual;6;506.7;508.67;476.42;569.98;636.67;539.69
2881;Marília;SP;Estadual;290;524.48;524.77;483.48;550.51;615.03;539.65
2882;Ribeirão Preto;SP;Estadual;844;526.98;526.05;486.77;537.75;620.64;539.64
2883;Coxim;MS;Federal;59;512.42;523.42;505.98;533.98;622.37;539.63
2884;Iepê;SP;Estadual;8;530.46;525.78;477.98;563.86;600.0;539.62
2885;Pelotas;RS;Estadual;643;525.03;529.1;489.04;534.33;620.59;539.62
2886;Canguçu;RS;Municipal;1;548.2;533.9;545.2;510.6;560.0;539.58
2887;Nova União;MG;Estadual;11;504.86;520.1;478.42;552.64;641.82;539.57
2888;Santo Antônio do Amparo;MG;Privada;5;473.88;533.88;482.8;531.04;676.0;539.52
2889;Boa Ventura;PB;Estadual;1;547.2;576.6;434.6;539.1;600.0;539.5
2890;Lucianópolis;SP;Estadual;11;514.83;509.93;493.17;526.81;652.73;539.49
2891;Rio Paranaíba;MG;Estadual;31;510.32;519.12;489.43;525.04;653.55;539.49
2892;Capela do Alto Alegre;BA;Estadual;11;517.44;535.85;497.23;532.35;614.55;539.48
2893;Felipe Guerra;RN;Estadual;15;481.27;493.43;493.22;530.64;698.67;539.45
2894;Alagoa Grande;PB;Privada;28;506.07;518.86;473.63;537.91;660.71;539.44
2895;Guaíba;RS;Estadual;246;524.79;526.48;492.13;526.31;627.4;539.42
2896;Sena Madureira;AC;Federal;41;515.03;494.26;477.26;534.4;676.1;539.41
2897;Cafelândia;PR;Estadual;27;507.11;529.26;507.9;549.0;603.7;539.4
2898;Nova Aurora;PR;Estadual;17;514.76;531.42;489.65;525.86;635.29;539.4
2899;Barra Mansa;RJ;Estadual;221;510.71;517.87;479.91;508.5;680.0;539.4
2900;Santa Rita de Ibitipoca;MG;Estadual;8;496.35;510.11;474.0;561.44;655.0;539.38
2901;Santa Tereza do Oeste;PR;Estadual;8;510.19;527.9;478.91;519.59;660.0;539.32
2902;Porto Alegre;RS;Estadual;1656;528.44;524.8;489.58;536.26;617.15;539.24
2903;Pinheiro Machado;RS;Estadual;21;524.22;515.06;485.25;532.62;639.05;539.24
2904;Cruzeiro;SP;Estadual;119;531.72;528.56;488.14;541.38;606.22;539.2
2905;Pires do Rio;GO;Estadual;66;505.41;521.13;484.91;538.42;646.06;539.19
2906;Cerro Branco;RS;Estadual;8;507.14;524.75;476.61;517.21;670.0;539.14
2907;Blumenau;SC;Estadual;397;521.6;529.62;484.29;532.65;627.2;539.07
2908;Cruzília;MG;Privada;2;497.75;447.7;444.7;555.2;750.0;539.07
2909;São José;SC;Estadual;357;524.93;531.1;485.71;534.07;619.5;539.06
2910;Borrazópolis;PR;Estadual;8;520.64;537.75;495.99;513.34;627.5;539.04
2911;Potirendaba;SP;Estadual;18;515.36;543.8;496.66;540.47;598.89;539.04
2912;Feliz;RS;Estadual;16;514.91;513.72;501.94;563.29;601.25;539.02
2913;Taboão da Serra;SP;Estadual;567;530.63;529.95;481.08;535.9;617.5;539.01
2914;Três Passos;RS;Estadual;49;509.92;507.41;491.12;553.02;633.47;538.99
2915;Campo Azul;MG;Estadual;2;563.25;534.15;452.3;575.25;570.0;538.99
2916;Tanque Novo;BA;Estadual;44;473.77;495.41;500.2;531.49;694.09;538.99
2917;Peritoró;MA;Privada;2;509.8;479.05;456.15;499.8;750.0;538.96
2918;São Sebastião do Paraíso;MG;Estadual;76;523.94;529.94;484.01;544.48;612.37;538.95
2919;São José do Belmonte;PE;Estadual;101;490.09;495.4;491.36;536.42;681.39;538.93
2920;São José do Sul;RS;Estadual;5;572.3;556.2;470.56;535.5;560.0;538.91
2921;Califórnia;PR;Estadual;13;545.62;540.24;486.71;546.26;575.38;538.84
2922;Rubinéia;SP;Estadual;4;528.45;549.3;442.28;509.08;665.0;538.82
2923;Aveiro;PA;Municipal;1;536.0;541.4;396.1;640.6;580.0;538.82
2924;Ibiraiaras;RS;Estadual;15;480.88;512.93;472.34;519.89;708.0;538.81
2925;Niterói;RJ;Estadual;1078;521.58;524.71;487.38;521.99;638.29;538.79
2926;Rodeio;SC;Estadual;18;522.64;538.31;508.12;550.24;574.44;538.75
2927;Praia Grande;SC;Estadual;19;508.13;520.96;491.76;570.77;602.11;538.74
2928;Pesqueira;PE;Municipal;1;526.0;599.8;464.2;503.7;600.0;538.74
2929;Princesa;SC;Estadual;13;526.44;536.55;496.79;516.95;616.92;538.73
2930;Tuiuti;SP;Estadual;4;551.9;516.22;492.68;557.7;575.0;538.7
2931;Jaboticabal;SP;Estadual;99;523.4;520.21;495.7;535.56;618.59;538.69
2932;Anita Garibaldi;SC;Estadual;4;485.68;551.38;513.2;543.2;600.0;538.69
2933;Jacareí;SP;Estadual;393;527.14;528.93;486.23;544.48;606.56;538.67
2934;Guarapari;ES;Estadual;299;517.68;522.54;482.31;526.88;643.95;538.67
2935;Tijucas;SC;Estadual;49;521.73;516.13;485.35;549.66;620.41;538.66
2936;Apiaí;SP;Estadual;71;533.63;529.37;487.58;521.53;621.13;538.65
2937;Caratinga;MG;Estadual;173;516.59;524.31;483.24;540.72;628.32;538.64
2938;Analândia;SP;Municipal;2;563.05;509.75;544.45;555.65;520.0;538.58
2939;Ibiraçu;ES;Estadual;36;487.42;506.71;467.04;499.43;732.22;538.56
2940;Ribeira do Pombal;BA;Estadual;62;501.46;526.5;471.58;511.92;681.29;538.55
2941;São Domingos do Prata;MG;Estadual;34;512.21;544.74;493.13;536.07;606.47;538.52
2942;Irupi;ES;Estadual;25;516.28;522.56;489.18;543.76;620.8;538.52
2943;Pains;MG;Estadual;14;514.72;495.16;480.85;536.07;665.71;538.5
2944;Silva Jardim;RJ;Estadual;23;516.37;529.53;500.96;518.58;626.96;538.48
2945;Guaraçaí;SP;Estadual;18;533.02;513.02;506.91;530.53;608.89;538.47
2946;São João de Iracema;SP;Estadual;1;527.6;499.0;500.2;665.5;500.0;538.46
2947;Guaraí;TO;Estadual;82;493.4;509.16;490.36;522.79;676.59;538.46
2948;Leandro Ferreira;MG;Estadual;1;511.5;532.4;509.4;538.9;600.0;538.44
2949;Guajará-Mirim;RO;Federal;62;509.19;512.2;489.69;515.77;665.16;538.4
2950;Fartura;SP;Estadual;50;521.19;527.28;473.81;555.35;614.4;538.4
2951;Dom Pedro;MA;Estadual;113;490.5;501.58;477.46;531.17;691.15;538.37
2952;Caçapava;SP;Estadual;215;525.63;526.73;481.32;525.88;632.09;538.33
2953;Marinópolis;SP;Estadual;3;513.03;521.13;490.53;620.27;546.67;538.33
2954;Paraná;RN;Estadual;4;515.02;547.42;440.25;493.92;695.0;538.33
2955;São Gotardo;MG;Estadual;72;499.48;521.88;481.96;542.23;646.11;538.33
2956;Santo Antônio do Itambé;MG;Estadual;5;502.58;498.52;473.24;557.2;660.0;538.31
2957;Santa Bárbara;MG;Estadual;44;516.06;525.07;491.38;554.3;604.55;538.27
2958;Cana Verde;MG;Estadual;11;520.95;534.55;508.69;525.26;601.82;538.26
2959;Três Marias;MG;Estadual;41;518.54;520.03;487.29;546.86;618.54;538.25
2960;Licínio de Almeida;BA;Estadual;33;505.05;509.52;475.78;520.18;680.61;538.23
2961;Medeiros;MG;Estadual;6;508.45;534.83;475.93;518.4;653.33;538.19
2962;Buritama;SP;Estadual;39;523.07;518.44;476.5;539.56;633.33;538.18
2963;Eugenópolis;MG;Estadual;16;529.98;518.99;484.56;554.71;602.5;538.15
2964;Barão;RS;Estadual;19;510.64;527.62;505.66;556.28;590.53;538.15
2965;Bugre;MG;Estadual;1;590.3;585.9;473.0;441.5;600.0;538.14
2966;Kaloré;PR;Estadual;13;510.25;527.2;505.59;507.61;640.0;538.13
2967;São João dos Patos;MA;Federal;54;498.84;521.69;479.34;525.97;664.81;538.13
2968;Santa Maria do Suaçuí;MG;Estadual;32;503.2;507.89;486.61;551.72;641.25;538.13
2969;Areia Branca;RN;Privada;19;502.84;498.07;495.79;518.17;675.79;538.13
2970;Bom Jesus de Goiás;GO;Privada;5;506.2;546.16;542.92;511.32;584.0;538.12
2971;Cardoso Moreira;RJ;Estadual;27;514.82;509.7;499.24;539.4;627.41;538.11
2972;Carmópolis de Minas;MG;Estadual;49;510.84;517.44;499.66;511.51;651.02;538.09
2973;Santa Bárbara do Leste;MG;Estadual;17;517.67;526.51;481.93;534.91;629.41;538.09
2974;Marataízes;ES;Estadual;152;506.94;516.65;488.26;531.91;646.71;538.09
2975;Juiz de Fora;MG;Municipal;13;517.84;525.96;475.47;537.28;633.85;538.08
2976;São Francisco do Guaporé;RO;Estadual;30;492.16;506.92;472.23;523.07;696.0;538.08
2977;Botucatu;SP;Estadual;173;532.93;531.2;490.14;544.65;591.45;538.07
2978;Santa Rosa de Viterbo;SP;Estadual;34;524.25;535.5;481.0;521.3;628.24;538.06
2979;Santiago;RS;Estadual;112;523.35;522.13;487.85;519.26;637.68;538.05
2980;Santa Rita do Sapucaí;MG;Estadual;26;515.84;532.07;494.37;557.11;590.77;538.03
2981;Santa Maria do Cambucá;PE;Estadual;32;491.9;503.21;484.43;543.1;667.5;538.03
2982;Palhoça;SC;Estadual;404;524.43;530.86;489.04;530.65;615.0;538.0
2983;Arapongas;PR;Estadual;195;515.52;523.8;494.68;541.16;614.87;538.0
2984;Itajubá;MG;Estadual;91;507.72;512.75;487.49;552.17;629.89;538.0
2985;Rancharia;SP;Estadual;63;524.65;529.37;485.51;540.2;610.16;537.98
2986;Ampére;PR;Estadual;26;508.35;528.29;506.97;558.56;587.69;537.97
2987;Brotas de Macaúbas;BA;Estadual;11;509.94;535.93;484.66;531.99;627.27;537.96
2988;Pouso Alegre;MG;Municipal;1;512.0;553.8;506.7;497.3;620.0;537.96
2989;Itapajé;CE;Estadual;434;490.16;505.38;487.28;538.65;668.29;537.95
2990;Mortugaba;BA;Estadual;10;522.6;518.16;471.9;517.05;660.0;537.94
2991;Petrolina;PE;Municipal;5;512.32;536.6;479.42;533.38;628.0;537.94
2992;Itaiçaba;CE;Estadual;59;495.46;508.17;480.26;540.66;665.08;537.93
2993;Nacip Raydan;MG;Estadual;3;489.3;535.87;491.17;533.33;640.0;537.93
2994;Macedônia;SP;Estadual;3;537.1;506.9;454.3;564.6;626.67;537.91
2995;Piraúba;MG;Estadual;19;520.17;518.76;489.75;538.76;622.11;537.91
2996;Boquim;SE;Estadual;68;494.39;499.62;472.77;512.11;710.59;537.89
2997;Imbaú;PR;Estadual;7;521.51;515.57;465.73;546.59;640.0;537.88
2998;Euclides da Cunha Paulista;SP;Estadual;17;508.45;507.49;481.32;546.15;645.88;537.86
2999;Birigui;SP;Estadual;240;525.23;525.77;474.48;551.78;611.92;537.84
3000;Jequié;BA;Estadual;295;504.89;506.84;482.25;514.36;680.88;537.84
3001;Matipó;MG;Estadual;23;492.0;515.5;488.39;546.28;646.96;537.83
3002;Uruçuca;BA;Federal;29;507.46;529.63;471.14;509.09;671.72;537.81
3003;Jaguaruana;CE;Estadual;202;496.0;512.12;487.02;524.51;669.31;537.79
3004;Igarassu;PE;Estadual;200;515.82;520.77;487.84;546.23;618.3;537.79
3005;Paulo Lopes;SC;Estadual;17;513.48;538.26;504.3;534.0;598.82;537.77
3006;Barroso;MG;Estadual;32;520.25;525.16;488.57;511.08;643.75;537.76
3007;Sete Quedas;MS;Estadual;21;500.45;506.54;460.44;526.9;694.29;537.72
3008;Candói;PR;Estadual;34;519.86;532.18;503.4;542.51;590.59;537.71
3009;Caririaçu;CE;Estadual;148;491.4;511.78;488.37;526.7;670.14;537.68
3010;Mateus Leme;MG;Estadual;46;515.95;523.41;483.33;539.5;626.09;537.66
3011;Áurea;RS;Estadual;4;534.62;541.45;492.22;520.02;600.0;537.66
3012;Irapuru;SP;Estadual;6;534.62;500.47;498.2;545.02;610.0;537.66
3013;Piatã;BA;Estadual;61;501.33;504.19;478.51;520.93;683.28;537.65
3014;Moreira Sales;PR;Estadual;7;541.09;541.0;467.31;510.27;628.57;537.65
3015;Canoas;RS;Estadual;593;527.05;526.32;483.15;533.02;618.65;537.64
3016;Candelária;RS;Estadual;62;508.02;515.61;496.35;544.6;623.55;537.63
3017;Rio Fortuna;SC;Estadual;19;494.01;528.68;498.5;553.25;613.68;537.63
3018;Inhaúma;MG;Estadual;7;529.36;539.37;482.07;531.59;605.71;537.62
3019;Londrina;PR;Estadual;1479;525.06;529.97;492.43;541.51;599.12;537.62
3020;Massaranduba;SC;Estadual;46;523.2;526.37;497.36;552.41;588.7;537.6
3021;Peruíbe;SP;Estadual;224;522.01;516.8;478.91;535.91;634.29;537.58
3022;Pantano Grande;RS;Estadual;28;524.21;516.45;472.64;507.29;667.14;537.55
3023;Seara;SC;Estadual;52;514.15;525.31;497.46;536.16;614.62;537.54
3024;Bicas;MG;Estadual;17;521.77;515.44;505.85;531.59;612.94;537.52
3025;Passos;MG;Estadual;240;508.0;521.95;475.03;531.92;650.67;537.51
3026;Inhapim;MG;Estadual;49;509.78;513.71;474.63;555.5;633.88;537.5
3027;Taubaté;SP;Estadual;384;531.67;529.2;479.63;546.41;600.36;537.46
3028;Serranópolis do Iguaçu;PR;Estadual;13;523.47;512.55;501.92;558.59;590.77;537.46
3029;Arraial do Cabo;RJ;Estadual;39;524.05;523.67;493.16;539.64;606.67;537.44
3030;São José da Barra;MG;Estadual;11;499.93;487.46;481.85;585.07;632.73;537.41
3031;Pedro Canário;ES;Estadual;55;495.71;509.35;476.59;519.84;685.45;537.39
3032;São Luiz Gonzaga;RS;Estadual;116;514.04;523.13;495.93;532.75;620.86;537.34
3033;Santa Cecília;SC;Estadual;25;523.55;521.99;469.04;522.29;649.6;537.29
3034;Santa Rosa;RS;Estadual;151;519.37;520.78;488.93;527.25;630.07;537.28
3035;Garanhuns;PE;Estadual;387;511.35;513.7;485.84;537.19;638.14;537.25
3036;Poço das Antas;RS;Estadual;1;482.9;546.7;403.9;592.7;660.0;537.24
3037;Colorado;PR;Estadual;66;500.41;503.17;488.34;516.7;677.58;537.24
3038;Mampituba;RS;Estadual;7;520.14;517.7;482.9;545.43;620.0;537.23
3039;Descoberto;MG;Estadual;15;524.09;535.26;476.05;533.43;617.33;537.23
3040;Baldim;MG;Estadual;9;497.24;527.5;497.29;521.81;642.22;537.21
3041;Campos Borges;RS;Estadual;12;492.87;490.03;486.46;535.02;681.67;537.21
3042;Boracéia;SP;Estadual;12;508.67;507.39;487.59;559.02;623.33;537.2
3043;Tabira;PE;Estadual;110;507.28;505.53;492.0;553.94;627.09;537.17
3044;Caçador;SC;Estadual;98;524.71;528.32;500.29;516.48;615.92;537.14
3045;Jaguaruna;SC;Estadual;37;517.01;526.02;480.98;521.09;640.54;537.13
3046;Taquaritinga;SP;Estadual;74;517.07;516.58;478.26;530.13;643.24;537.06
3047;Dilermando de Aguiar;RS;Estadual;1;553.3;589.0;460.5;522.4;560.0;537.04
3048;Sebastianópolis do Sul;SP;Estadual;5;515.66;548.2;484.36;524.92;612.0;537.03
3049;Rosário do Catete;SE;Estadual;10;511.21;500.66;473.4;491.86;708.0;537.03
3050;Agricolândia;PI;Estadual;19;495.77;503.25;495.26;509.77;681.05;537.02
3051;Praia Grande;SP;Estadual;733;530.79;526.94;483.38;530.86;613.04;537.0
3052;São João da Boa Vista;SP;Estadual;54;524.82;510.43;488.87;543.09;617.78;537.0
3053;Chapecó;SC;Estadual;541;524.96;526.99;485.49;536.98;610.54;536.99
3054;Sardoá;MG;Estadual;7;539.99;521.47;470.71;555.66;597.14;536.99
3055;José de Freitas;PI;Privada;19;478.64;502.87;491.08;496.58;715.79;536.99
3056;Juranda;PR;Estadual;9;507.0;524.86;485.86;564.94;602.22;536.98
3057;Iporá;GO;Estadual;162;492.55;517.47;488.73;522.32;663.7;536.95
3058;Juiz de Fora;MG;Estadual;507;517.76;522.38;489.4;529.57;625.64;536.95
3059;Nova Trento;SC;Estadual;28;517.38;515.98;500.14;542.6;608.57;536.93
3060;Araruna;PB;Estadual;42;485.98;504.23;475.83;522.86;695.71;536.92
3061;Ibaté;SP;Estadual;93;516.36;520.89;486.42;537.88;623.01;536.91
3062;Coremas;PB;Estadual;64;482.21;495.11;474.9;526.03;706.25;536.9
3063;Piratuba;SC;Estadual;16;478.61;520.59;483.09;572.17;630.0;536.9
3064;Ponte Alta do Bom Jesus;TO;Estadual;2;529.0;568.15;528.75;498.5;560.0;536.88
3065;Algodão de Jandaíra;PB;Estadual;2;481.25;510.5;498.5;564.15;630.0;536.88
3066;Caetité;BA;Estadual;77;501.85;519.24;491.99;520.65;650.65;536.88
3067;Itaperuna;RJ;Estadual;213;514.23;515.76;489.76;527.87;636.71;536.87
3068;Serrolândia;BA;Estadual;9;499.28;510.28;466.74;512.33;695.56;536.84
3069;Miradouro;MG;Estadual;6;485.0;518.22;483.17;544.35;653.33;536.81
3070;Xanxerê;SC;Estadual;86;517.04;524.65;490.53;530.22;621.63;536.81
3071;Água Clara;MS;Estadual;10;537.89;555.37;453.87;528.86;608.0;536.8
3072;Sapucaí-Mirim;MG;Estadual;8;519.79;528.67;480.36;552.65;602.5;536.79
3073;Iguaracy;PE;Estadual;24;489.5;495.26;476.81;504.86;717.5;536.79
3074;Vargem Bonita;MG;Estadual;6;514.45;522.38;466.23;567.48;613.33;536.78
3075;Poço Fundo;MG;Estadual;24;501.66;529.86;495.74;559.92;596.67;536.77
3076;Juazeiro do Norte;CE;Estadual;1564;502.76;513.39;481.49;523.84;662.25;536.75
3077;Caruaru;PE;Estadual;720;514.19;518.53;488.71;530.39;631.86;536.74
3078;Ibirataia;BA;Estadual;12;487.17;504.72;461.68;498.39;731.67;536.72
3079;Trombudo Central;SC;Estadual;12;510.48;512.48;486.88;558.77;615.0;536.72
3080;Cupira;PE;Estadual;86;497.79;513.96;476.24;534.62;660.93;536.71
3081;Ibiporã;PR;Estadual;128;521.5;529.75;484.98;527.63;619.69;536.71
3082;São Gonçalo do Sapucaí;MG;Estadual;36;504.28;523.24;483.91;540.32;631.67;536.68
3083;Diamante D'Oeste;PR;Estadual;8;510.66;549.72;458.34;537.11;627.5;536.67
3084;São José do Cedro;SC;Estadual;32;509.71;531.7;483.8;520.52;637.5;536.65
3085;São Sebastião da Bela Vista;MG;Estadual;4;526.67;538.1;458.98;474.35;685.0;536.62
3086;Altônia;PR;Estadual;32;493.03;516.05;489.55;536.29;648.12;536.61
3087;Poços de Caldas;MG;Estadual;119;526.52;522.52;491.25;529.69;612.94;536.58
3088;Lunardelli;PR;Estadual;1;531.5;509.2;455.7;446.4;740.0;536.56
3089;Fraiburgo;SC;Estadual;46;523.96;539.52;495.38;535.1;588.7;536.53
3090;Otacílio Costa;SC;Estadual;26;513.13;519.85;489.39;545.66;614.62;536.53
3091;Nipoã;SP;Estadual;6;537.33;527.17;448.6;542.82;626.67;536.52
3092;Espera Feliz;MG;Estadual;34;524.09;524.77;488.13;519.61;625.88;536.5
3093;Capivari do Sul;RS;Estadual;28;528.15;521.89;467.11;513.13;652.14;536.48
3094;Vera Cruz;RS;Estadual;55;512.37;510.81;493.87;524.17;641.09;536.46
3095;Araguari;MG;Estadual;241;517.18;527.9;489.35;530.05;617.84;536.46
3096;Três de Maio;RS;Estadual;45;521.79;528.07;476.02;550.51;605.78;536.43
3097;Goianésia;GO;Estadual;272;506.28;518.14;490.91;542.71;624.12;536.43
3098;São Simão;GO;Municipal;9;532.5;512.02;478.16;521.67;637.78;536.42
3099;Porto Belo;SC;Estadual;22;531.3;526.25;482.65;516.3;625.45;536.39
3100;Francisco Beltrão;PR;Estadual;303;510.81;525.17;494.11;549.31;602.51;536.38
3101;Porto Esperidião;MT;Municipal;4;508.95;507.92;512.65;502.38;650.0;536.38
3102;Coronel Freitas;SC;Estadual;21;504.05;525.82;485.48;554.04;612.38;536.35
3103;Sacramento;MG;Estadual;55;512.03;527.56;489.99;539.41;612.73;536.34
3104;Duartina;SP;Estadual;18;520.37;527.06;466.16;504.73;663.33;536.33
3105;Palmitinho;RS;Estadual;28;490.12;512.94;481.27;560.73;636.43;536.3
3106;Água Doce do Norte;ES;Estadual;26;510.97;530.85;472.84;521.41;645.38;536.29
3107;Perobal;PR;Estadual;7;520.41;511.83;491.44;569.1;588.57;536.27
3108;Cumbe;SE;Estadual;7;479.27;514.44;498.91;499.87;688.57;536.21
3109;Macaíba;RN;Privada;17;498.15;522.46;500.23;533.09;627.06;536.2
3110;Chã Grande;PE;Estadual;6;499.93;498.88;502.25;513.07;666.67;536.16
3111;Sertãozinho;SP;Estadual;241;519.9;518.87;477.3;534.6;629.96;536.13
3112;Macau;RN;Privada;28;516.92;498.2;474.9;533.4;657.14;536.11
3113;Santa Brígida;BA;Estadual;12;505.37;514.01;477.44;481.92;701.67;536.08
3114;Itaocara;RJ;Estadual;61;502.22;517.51;487.85;533.92;638.69;536.04
3115;Silveirânia;MG;Estadual;12;495.34;495.82;494.86;552.43;641.67;536.02
3116;Santana do Paraíso;MG;Estadual;20;517.92;526.46;501.13;515.52;619.0;536.01
3117;Sabáudia;PR;Estadual;7;538.81;523.89;500.83;527.97;588.57;536.01
3118;Garça;SP;Estadual;106;513.58;512.84;477.0;528.21;648.3;535.99
3119;Riozinho;RS;Estadual;2;458.9;478.4;485.9;546.4;710.0;535.92
3120;Bandeirante;SC;Estadual;10;508.07;528.66;511.33;507.52;624.0;535.92
3121;Iguaba Grande;RJ;Estadual;85;525.89;526.56;482.25;522.71;622.12;535.91
3122;Caputira;MG;Estadual;23;529.43;521.23;484.57;539.02;605.22;535.89
3123;Meridiano;SP;Estadual;5;497.82;507.32;512.08;526.18;636.0;535.88
3124;Goianápolis;GO;Estadual;51;497.32;508.7;485.07;511.39;676.86;535.87
3125;Nova Erechim;SC;Estadual;15;525.95;516.53;497.39;554.16;585.33;535.87
3126;Treze Tílias;SC;Estadual;12;509.88;530.98;485.76;517.71;635.0;535.86
3127;São Miguel das Matas;BA;Estadual;23;476.47;508.94;485.4;523.28;685.22;535.86
3128;Macatuba;SP;Estadual;22;536.41;516.8;469.12;553.26;603.64;535.85
3129;Pejuçara;RS;Estadual;10;508.0;507.16;459.09;520.9;684.0;535.83
3130;Rio do Antônio;BA;Estadual;10;494.29;500.8;493.69;522.34;668.0;535.82
3131;Parintins;AM;Federal;50;513.71;522.31;477.26;529.35;636.4;535.81
3132;Perdigão;MG;Estadual;14;519.41;517.42;484.96;541.56;615.71;535.81
3133;Ouricuri;PE;Privada;4;528.15;464.62;468.32;517.98;700.0;535.81
3134;São José de Piranhas;PB;Estadual;25;499.35;517.27;499.32;531.06;632.0;535.8
3135;Catanduvas;SC;Estadual;11;495.85;540.42;505.34;519.14;618.18;535.78
3136;Saudade do Iguaçu;PR;Estadual;8;483.51;495.24;494.59;503.01;702.5;535.77
3137;Vila Flores;RS;Estadual;10;514.72;533.48;504.36;546.27;580.0;535.77
3138;Sombrio;SC;Estadual;58;519.28;524.55;483.07;525.03;626.9;535.76
3139;Monte Mor;SP;Estadual;140;526.48;526.52;483.53;536.28;606.0;535.76
3140;Luiz Alves;SC;Estadual;14;528.42;521.85;474.36;529.84;624.29;535.75
3141;Campanário;MG;Estadual;2;504.15;574.8;487.0;532.8;580.0;535.75
3142;Santa Tereza;RS;Estadual;4;488.98;531.48;449.3;563.92;645.0;535.74
3143;Linha Nova;RS;Estadual;8;533.0;539.75;472.1;546.34;587.5;535.74
3144;Congo;PB;Estadual;10;506.64;505.05;461.95;502.98;702.0;535.72
3145;Guamiranga;PR;Estadual;26;508.66;508.81;507.53;526.66;626.92;535.72
3146;Orindiúva;SP;Estadual;17;539.28;526.29;471.61;536.68;604.71;535.71
3147;Alagoa;MG;Estadual;3;544.87;505.1;496.6;525.33;606.67;535.71
3148;Chuvisca;RS;Estadual;10;513.83;514.35;477.58;516.62;656.0;535.68
3149;Sobral;CE;Estadual;1267;504.44;507.54;477.79;550.1;638.41;535.66
3150;Campo Bom;RS;Municipal;2;513.55;514.4;493.8;586.5;570.0;535.65
3151;Alfenas;MG;Estadual;157;513.18;523.07;486.59;537.62;617.71;535.63
3152;Balneário Gaivota;SC;Estadual;22;526.09;531.73;488.84;510.6;620.91;535.63
3153;Riacho de Santana;BA;Estadual;28;487.21;508.81;469.21;544.31;668.57;535.62
3154;Bady Bassitt;SP;Estadual;14;523.04;523.49;480.7;532.3;618.57;535.62
3155;Guaratuba;PR;Estadual;82;522.79;523.95;483.05;543.49;604.63;535.58
3156;Tanguá;RJ;Estadual;46;510.82;525.69;490.39;512.62;638.26;535.56
3157;Bonfinópolis;GO;Estadual;33;498.77;530.87;469.64;499.71;678.79;535.56
3158;Glorinha;RS;Estadual;8;491.98;544.29;475.51;480.98;685.0;535.55
3159;Águas de Santa Bárbara;SP;Estadual;8;534.81;535.96;493.74;578.24;535.0;535.55
3160;Paramirim;BA;Estadual;53;495.9;511.58;488.28;533.91;647.92;535.52
3161;Caxias do Sul;RS;Estadual;673;522.97;523.51;485.84;534.31;610.91;535.51
3162;Santana do Jacaré;MG;Estadual;8;500.36;545.81;466.99;564.39;600.0;535.51
3163;Engenheiro Caldas;MG;Estadual;13;486.55;520.32;500.82;566.71;603.08;535.5
3164;Brusque;SC;Estadual;167;522.76;527.43;483.17;532.55;611.5;535.48
3165;Marialva;PR;Estadual;45;518.73;511.21;491.59;546.5;609.33;535.47
3166;Rio das Pedras;SP;Estadual;48;521.86;525.04;486.63;522.46;621.25;535.45
3167;Angatuba;SP;Estadual;60;526.73;518.81;480.46;537.46;613.67;535.43
3168;Orleans;SC;Estadual;50;514.76;529.51;489.33;524.78;618.8;535.43
3169;Diadema;SP;Estadual;560;529.57;526.59;478.41;536.63;605.93;535.43
3170;Cândido Mota;SP;Estadual;59;515.05;519.96;482.45;534.74;624.75;535.39
3171;Lindóia;SP;Estadual;12;511.85;520.48;463.24;556.38;625.0;535.39
3172;Dom Eliseu;PA;Privada;30;505.65;514.02;489.74;522.05;645.33;535.36
3173;Rondon;PR;Estadual;20;509.86;520.48;482.36;532.0;632.0;535.34
3174;Nova Ubiratã;MT;Estadual;13;493.23;502.9;482.92;531.42;666.15;535.33
3175;Pardinho;SP;Estadual;5;534.04;529.18;481.48;519.94;612.0;535.33
3176;Pirajuí;SP;Estadual;43;528.7;521.83;472.59;532.92;620.47;535.3
3177;Holambra;SP;Estadual;8;533.01;546.19;454.15;533.14;610.0;535.3
3178;São Francisco de Itabapoana;RJ;Estadual;85;513.78;519.14;479.15;532.22;632.24;535.3
3179;Boa Vista da Aparecida;PR;Estadual;17;515.85;511.59;481.59;542.6;624.71;535.27
3180;Itapeva;SP;Estadual;273;517.91;519.08;486.66;549.54;603.08;535.25
3181;Natércia;MG;Estadual;10;511.8;526.58;504.27;519.61;614.0;535.25
3182;Romaria;MG;Estadual;5;559.6;511.6;491.04;529.9;584.0;535.23
3183;Estrela Dalva;MG;Estadual;3;540.17;495.0;564.27;436.73;640.0;535.23
3184;Jundiaí;SP;Municipal;9;517.44;537.56;461.48;550.72;608.89;535.22
3185;Murici dos Portelas;PI;Municipal;2;503.95;500.45;475.8;475.9;720.0;535.22
3186;São Gabriel;RS;Estadual;130;528.11;520.35;483.34;525.09;619.23;535.22
3187;Cristina;MG;Estadual;12;506.78;531.51;490.18;555.85;591.67;535.2
3188;Cachoeira do Sul;RS;Estadual;135;517.32;525.2;482.47;524.64;626.37;535.2
3189;Teófilo Otoni;MG;Estadual;208;514.85;529.4;488.09;529.05;614.62;535.2
3190;Pelotas;RS;Municipal;106;519.81;519.97;486.3;527.59;622.26;535.18
3191;Lajinha;MG;Estadual;14;483.77;527.47;478.29;560.53;625.71;535.15
3192;Ipaba;MG;Estadual;17;523.23;508.05;461.89;527.31;655.29;535.15
3193;Baixo Guandu;ES;Estadual;72;501.62;521.64;490.88;550.47;611.11;535.14
3194;Goiás;GO;Federal;22;515.33;514.99;511.16;499.6;634.55;535.12
3195;Iretama;PR;Estadual;22;514.75;508.82;487.7;545.24;619.09;535.12
3196;São Leopoldo;RS;Estadual;305;530.41;525.98;481.19;524.77;613.11;535.09
3197;Rolante;RS;Estadual;17;512.12;510.51;493.65;555.58;603.53;535.08
3198;Inhumas;GO;Estadual;127;498.08;508.55;465.71;524.88;678.11;535.07
3199;Ourinhos;SP;Estadual;157;511.36;517.78;478.93;552.49;614.39;534.99
3200;Guatapará;SP;Estadual;18;494.37;516.2;470.61;544.86;648.89;534.99
3201;Porto Rico;PR;Estadual;2;490.45;542.15;546.25;545.85;550.0;534.94
3202;Guajeru;BA;Estadual;31;514.45;535.05;469.25;516.84;638.71;534.86
3203;Raul Soares;MG;Estadual;58;501.88;505.89;481.14;529.46;655.86;534.85
3204;Veredinha;MG;Estadual;6;520.77;516.58;512.0;544.88;580.0;534.85
3205;Santa Terezinha;PE;Estadual;20;476.19;500.81;492.44;507.71;697.0;534.83
3206;Lajeado Grande;SC;Estadual;2;526.05;527.15;534.45;436.5;650.0;534.83
3207;Palmeira das Missões;RS;Estadual;123;507.15;512.85;498.21;539.07;616.75;534.81
3208;Potim;SP;Estadual;5;522.58;512.24;510.06;573.14;556.0;534.8
3209;Lagarto;SE;Estadual;314;494.66;510.4;474.44;512.7;681.66;534.77
3210;Nova Esperança;PR;Privada;23;522.21;522.35;515.5;528.5;585.22;534.76
3211;Goioerê;PR;Estadual;27;524.8;532.86;489.5;519.91;606.67;534.75
3212;Laguna;SC;Estadual;67;523.28;523.38;492.89;536.22;597.91;534.74
3213;Criciúma;SC;Estadual;414;523.62;521.7;499.11;533.74;595.46;534.73
3214;Nova Cantu;PR;Estadual;3;494.87;456.9;519.23;535.87;666.67;534.71
3215;Miranda;MS;Privada;15;484.05;496.0;477.97;515.45;700.0;534.69
3216;Rio Grande;RS;Estadual;547;519.08;515.73;482.85;525.02;630.68;534.67
3217;Natividade;RJ;Estadual;15;512.97;533.45;466.17;546.0;614.67;534.65
3218;Navegantes;SC;Estadual;171;516.96;517.06;486.27;538.65;614.27;534.64
3219;Saudades;SC;Estadual;21;506.5;524.18;508.17;539.0;595.24;534.62
3220;Matias Barbosa;MG;Estadual;12;503.93;535.94;483.35;534.72;615.0;534.59
3221;Imbituba;SC;Estadual;111;515.28;520.94;478.54;522.11;636.04;534.58
3222;Suzano;SP;Estadual;658;525.94;525.59;479.36;532.84;608.97;534.54
3223;Araioses;MA;Federal;37;506.17;512.39;477.68;506.09;670.27;534.52
3224;Conceição das Alagoas;MG;Estadual;25;497.44;505.91;460.76;525.96;682.4;534.5
3225;Natalândia;MG;Privada;19;499.56;527.28;480.15;515.98;649.47;534.49
3226;Ascurra;SC;Estadual;7;532.19;520.31;471.9;525.13;622.86;534.48
3227;Morro da Fumaça;SC;Estadual;28;502.0;528.36;481.98;550.78;609.29;534.48
3228;Grão-Pará;SC;Estadual;11;505.58;528.09;486.43;503.15;649.09;534.47
3229;Caldas Brandão;PB;Estadual;6;498.8;534.23;459.83;516.08;663.33;534.46
3230;Atalaia;AL;Privada;14;516.51;526.44;485.78;466.26;677.14;534.43
3231;Pedro II;PI;Privada;17;497.7;527.31;490.12;505.04;651.76;534.39
3232;Baraúna;RN;Estadual;40;491.85;492.82;470.97;501.73;714.5;534.38
3233;Arapiraca;AL;Estadual;517;502.81;509.68;488.61;532.55;637.99;534.33
3234;Novo Oriente;CE;Estadual;228;485.39;499.63;480.44;534.22;671.49;534.23
3235;Bataguassu;MS;Estadual;54;503.11;521.9;471.64;507.83;666.3;534.16
3236;Urutaí;GO;Federal;67;505.8;519.26;492.61;540.3;612.84;534.16
3237;Votorantim;SP;Estadual;169;526.64;523.11;484.98;530.99;604.97;534.14
3238;Pérola;PR;Estadual;28;506.46;517.91;481.33;542.8;622.14;534.13
3239;Céu Azul;PR;Estadual;34;514.58;535.44;479.5;545.12;595.88;534.11
3240;Livramento;PB;Estadual;11;519.11;508.43;472.0;487.3;683.64;534.09
3241;Albertina;MG;Estadual;5;514.98;523.1;493.4;534.92;604.0;534.08
3242;Avaré;SP;Estadual;120;527.46;521.49;484.56;533.09;603.67;534.05
3243;Lindóia do Sul;SC;Estadual;10;526.44;546.96;473.6;477.18;646.0;534.04
3244;São João Batista;SC;Estadual;30;518.27;519.79;488.42;549.64;594.0;534.02
3245;Petrolina;PE;Estadual;831;501.78;512.37;484.25;532.77;638.82;534.0
3246;Caculé;BA;Estadual;26;501.37;519.4;474.11;535.67;639.23;533.95
3247;Italva;RJ;Estadual;37;501.41;505.33;489.16;518.64;655.14;533.93
3248;Pedra Branca;PB;Estadual;16;463.19;474.98;499.24;524.71;707.5;533.92
3249;Jussiape;BA;Estadual;9;484.42;507.01;478.11;551.06;648.89;533.9
3250;Itabuna;BA;Estadual;267;507.45;520.47;483.7;514.04;643.75;533.88
3251;Congonhas;MG;Estadual;75;509.0;524.3;485.1;532.22;618.67;533.86
3252;Reserva;PR;Estadual;15;494.92;506.32;510.0;532.74;625.33;533.86
3253;Goiânia;GO;Estadual;3347;507.81;516.97;481.48;522.99;639.93;533.84
3254;Santo Amaro;BA;Privada;52;517.33;516.99;495.17;509.57;630.0;533.81
3255;Maripá de Minas;MG;Estadual;9;527.6;531.63;479.46;548.16;582.22;533.81
3256;Presidente Tancredo Neves;BA;Estadual;32;497.48;522.61;466.72;522.17;660.0;533.8
3257;São Félix do Araguaia;MT;Estadual;20;485.72;497.06;485.84;511.18;689.0;533.76
3258;Vianópolis;GO;Estadual;27;499.2;500.68;489.03;514.61;665.19;533.74
3259;Guaraciaba;MG;Estadual;8;489.1;550.55;457.04;552.02;620.0;533.74
3260;Guaçuí;ES;Estadual;58;507.36;530.08;483.06;515.02;633.1;533.73
3261;Paim Filho;RS;Estadual;16;500.78;499.59;496.69;547.72;623.75;533.71
3262;Mariana;MG;Estadual;81;514.82;528.75;486.96;528.35;609.63;533.7
3263;Campo Erê;SC;Estadual;26;498.06;509.42;480.5;537.43;643.08;533.7
3264;Capinzal;SC;Estadual;46;506.17;510.45;478.21;510.62;663.04;533.7
3265;Crateús;CE;Estadual;579;490.53;505.03;478.32;515.84;678.62;533.67
3266;Estância Velha;RS;Estadual;59;521.65;520.31;484.99;537.78;603.39;533.63
3267;Brasília de Minas;MG;Estadual;61;518.91;520.05;478.63;533.2;617.38;533.63
3268;Maripá;PR;Estadual;12;503.37;525.94;490.6;576.56;571.67;533.63
3269;Iuiu;BA;Estadual;7;486.53;467.77;486.47;530.19;697.14;533.62
3270;Novo Progresso;PA;Privada;31;503.03;510.08;484.84;521.75;648.39;533.62
3271;Cerrito;RS;Municipal;1;573.9;568.5;482.8;522.8;520.0;533.6
3272;Sulina;PR;Estadual;23;496.86;500.5;489.84;536.47;644.35;533.6
3273;Itaipé;MG;Estadual;10;527.91;499.85;473.3;558.82;608.0;533.58
3274;Diadema;SP;Municipal;1;488.2;483.1;520.7;635.7;540.0;533.54
3275;Laurentino;SC;Estadual;11;522.18;529.75;471.47;549.66;594.55;533.52
3276;Cabaceiras;PB;Estadual;24;499.15;506.23;469.28;528.8;664.17;533.52
3277;Igarapé;MG;Estadual;45;501.24;517.76;487.47;533.53;627.56;533.51
3278;Braga;RS;Estadual;5;494.24;506.22;473.36;485.74;708.0;533.51
3279;Boa Esperança;ES;Estadual;42;511.46;519.27;481.33;538.31;617.14;533.5
3280;Itaobim;MG;Estadual;31;506.6;516.33;462.32;519.66;662.58;533.5
3281;José Gonçalves de Minas;MG;Estadual;10;512.0;522.39;476.55;558.48;598.0;533.48
3282;Caracaraí;RR;Federal;23;505.96;509.16;485.52;522.35;644.35;533.47
3283;Laranjal do Jari;AP;Federal;72;501.94;520.15;494.4;495.22;655.56;533.45
3284;Funilândia;MG;Estadual;7;480.63;524.54;530.7;585.66;545.71;533.45
3285;Capitão Leônidas Marques;PR;Estadual;12;498.37;517.86;488.23;551.06;611.67;533.44
3286;Três Pontas;MG;Estadual;76;516.05;516.09;481.07;536.55;617.37;533.43
3287;Cacimba de Dentro;PB;Estadual;27;516.07;522.8;472.75;517.76;637.78;533.43
3288;Guapimirim;RJ;Estadual;95;530.83;528.08;498.11;506.1;604.0;533.43
3289;Jupi;PE;Estadual;44;505.33;523.46;487.95;519.95;630.45;533.43
3290;São João do Piauí;PI;Federal;69;488.33;498.03;478.95;528.37;673.33;533.4
3291;Planalto Alegre;SC;Estadual;7;515.61;506.76;470.09;548.74;625.71;533.38
3292;Catende;PE;Estadual;55;511.97;511.49;480.76;521.12;641.45;533.36
3293;Salto Veloso;SC;Estadual;11;518.85;522.49;502.36;519.3;603.64;533.33
3294;Marilândia;ES;Privada;4;532.05;535.7;488.62;555.17;555.0;533.31
3295;Córrego do Bom Jesus;MG;Estadual;11;521.54;537.43;490.95;529.35;587.27;533.31
3296;Brasília;DF;Estadual;8419;522.41;521.81;483.74;520.63;617.75;533.27
3297;São Roque;SP;Estadual;118;520.29;523.8;481.92;528.08;612.2;533.26
3298;São Mateus;ES;Estadual;294;501.97;518.2;482.34;527.06;636.67;533.25
3299;Vitória da Conquista;BA;Estadual;671;511.72;516.66;482.64;523.53;631.71;533.25
3300;Marilândia;ES;Estadual;50;485.43;514.36;491.99;520.8;653.6;533.24
3301;Santa Isabel;SP;Estadual;116;527.24;528.48;477.6;535.89;596.9;533.22
3302;Santa Cruz do Rio Pardo;SP;Estadual;82;524.1;523.86;486.21;530.55;601.22;533.19
3303;São Domingos do Maranhão;MA;Estadual;95;476.78;495.73;482.21;521.67;689.47;533.18
3304;São João do Jaguaribe;CE;Estadual;19;480.84;499.41;488.61;496.98;700.0;533.17
3305;Rubiataba;GO;Estadual;85;492.68;505.08;477.1;553.13;637.88;533.17
3306;Presidente Castelo Branco;PR;Estadual;9;526.1;529.62;529.27;529.68;551.11;533.16
3307;Jaguapitã;PR;Estadual;37;516.23;524.31;483.61;525.93;615.68;533.15
3308;Bonito;PE;Estadual;106;491.65;497.55;483.26;523.8;669.43;533.14
3309;Campo do Meio;MG;Estadual;29;510.46;526.32;509.27;526.44;593.1;533.12
3310;Lima Duarte;MG;Estadual;35;510.7;514.89;490.93;533.09;616.0;533.12
3311;Iaçu;BA;Estadual;36;519.45;512.73;484.56;502.15;646.67;533.11
3312;Lages;SC;Estadual;228;519.77;530.66;488.71;525.0;601.4;533.11
3313;Sertão Santana;RS;Estadual;22;513.26;516.21;512.19;531.04;592.73;533.08
3314;Miraí;MG;Estadual;15;505.55;505.47;461.59;512.67;680.0;533.06
3315;Itajaí;SC;Estadual;356;524.15;525.16;482.38;526.91;606.63;533.05
3316;Estrela do Indaiá;MG;Estadual;8;474.19;517.21;475.34;503.49;695.0;533.04
3317;Ibirubá;RS;Estadual;27;501.19;506.99;482.32;544.31;630.37;533.04
3318;Ribeira;SP;Estadual;12;495.43;510.01;476.95;532.74;650.0;533.03
3319;Sapiranga;RS;Estadual;110;513.71;520.73;481.64;528.47;620.55;533.02
3320;Grajaú;MA;Municipal;1;482.7;515.5;441.6;365.3;860.0;533.02
3321;Colina;SP;Municipal;5;516.44;545.56;454.76;628.28;520.0;533.01
3322;Riacho de Santana;RN;Estadual;5;565.18;584.08;467.02;496.7;552.0;533.0
3323;Siderópolis;SC;Estadual;13;506.75;504.62;498.32;518.41;636.92;533.0
3324;Tuparetama;PE;Estadual;48;476.51;480.67;477.95;528.23;701.67;533.0
3325;Não-Me-Toque;RS;Estadual;24;521.95;523.58;483.42;516.05;620.0;533.0
3326;Governador Celso Ramos;SC;Estadual;37;517.24;532.15;487.13;549.52;578.92;532.99
3327;Casimiro de Abreu;RJ;Estadual;94;522.07;522.91;473.36;524.24;622.34;532.98
3328;São Gabriel da Palha;ES;Estadual;68;505.66;515.16;479.54;524.5;640.0;532.97
3329;Xaxim;SC;Estadual;82;514.15;528.17;486.36;523.66;612.44;532.96
3330;Bom Princípio;RS;Estadual;21;514.14;518.17;486.71;545.79;600.0;532.96
3331;Osasco;SP;Estadual;1190;525.38;523.77;479.2;529.34;607.04;532.95
3332;Cachoeiro de Itapemirim;ES;Estadual;472;507.61;513.71;482.18;519.62;641.53;532.93
3333;Jaguariúna;SP;Estadual;104;525.3;517.07;486.11;540.73;595.38;532.92
3334;Morrinhos do Sul;RS;Estadual;4;483.08;492.15;479.25;545.07;665.0;532.91
3335;Guimarânia;MG;Estadual;12;518.78;501.91;479.31;541.11;623.33;532.89
3336;Presidente Getúlio;SC;Estadual;18;522.23;508.0;482.18;514.28;637.78;532.89
3337;Upanema;RN;Estadual;18;522.32;489.35;482.31;532.63;637.78;532.88
3338;Ibitinga;SP;Estadual;116;514.06;516.65;477.63;543.87;612.07;532.86
3339;Delfinópolis;MG;Estadual;21;519.3;520.11;472.14;539.36;613.33;532.85
3340;Palmeira;PR;Estadual;101;515.29;526.3;483.63;543.53;595.45;532.84
3341;Ribeirão;PE;Estadual;34;493.3;512.62;469.5;530.53;658.24;532.84
3342;Itaju;SP;Estadual;8;520.75;527.05;465.5;513.41;637.5;532.84
3343;Nova Andradina;MS;Estadual;74;503.73;512.77;488.44;526.92;632.16;532.8
3344;Rancho Queimado;SC;Estadual;7;490.23;519.8;443.74;564.3;645.71;532.76
3345;Roque Gonzales;RS;Estadual;6;509.55;518.65;484.73;534.2;616.67;532.76
3346;Formigueiro;RS;Estadual;11;521.54;501.62;514.65;525.93;600.0;532.75
3347;Sertânia;PE;Estadual;97;487.13;512.02;477.24;511.1;676.08;532.72
3348;Foz do Iguaçu;PR;Estadual;487;516.8;524.33;484.15;533.17;605.05;532.7
3349;Coreaú;CE;Estadual;49;487.0;504.8;468.96;556.13;646.53;532.69
3350;Derrubadas;RS;Estadual;3;521.23;528.33;517.87;569.33;526.67;532.69
3351;Santo Antônio do Palma;RS;Estadual;7;507.66;526.2;491.76;489.2;648.57;532.68
3352;Serra Negra;SP;Estadual;23;519.16;518.22;487.07;540.66;598.26;532.67
3353;Bodoquena;MS;Estadual;16;500.06;516.96;487.76;538.46;620.0;532.65
3354;Franco da Rocha;SP;Estadual;300;527.86;529.01;478.4;528.18;599.73;532.64
3355;Matozinhos;MG;Estadual;82;513.03;530.69;481.8;532.06;605.61;532.64
3356;Santana da Boa Vista;RS;Estadual;14;503.98;520.03;467.03;546.38;625.71;532.63
3357;Santa Rita do Passa Quatro;SP;Estadual;32;530.41;522.19;475.12;529.1;606.25;532.61
3358;Serra Alta;SC;Estadual;8;496.06;517.02;489.76;515.19;645.0;532.61
3359;Paramirim;BA;Privada;1;438.0;517.8;399.2;448.0;860.0;532.6
3360;Santo Antônio do Planalto;RS;Estadual;5;513.28;529.38;478.44;533.86;608.0;532.59
3361;São Lourenço;MG;Estadual;42;522.34;519.37;476.66;524.12;620.48;532.59
3362;Boa Vista do Buricá;RS;Estadual;7;519.57;520.37;495.17;513.51;614.29;532.58
3363;Sinop;MT;Estadual;296;508.18;513.3;484.5;524.14;632.7;532.56
3364;Uruçuí;PI;Federal;60;496.09;497.29;468.12;492.32;709.0;532.56
3365;Linhares;ES;Estadual;452;501.3;513.16;473.0;518.01;657.35;532.56
3366;Fagundes;PB;Estadual;35;508.9;509.63;485.72;482.52;676.0;532.55
3367;Álvares Machado;SP;Municipal;1;557.6;534.7;526.3;624.1;420.0;532.54
3368;Gaúcha do Norte;MT;Estadual;3;523.1;491.33;503.77;451.1;693.33;532.53
3369;Ouro Preto do Oeste;RO;Estadual;102;509.47;515.03;482.63;522.52;632.94;532.52
3370;Itariri;SP;Estadual;15;516.15;519.53;450.56;528.34;648.0;532.52
3371;Cardoso;SP;Privada;7;477.89;506.56;506.69;557.13;614.29;532.51
3372;Sengés;PR;Estadual;34;532.33;533.54;472.56;541.71;582.35;532.5
3373;São João do Triunfo;PR;Estadual;25;510.21;529.0;488.69;520.98;613.6;532.5
3374;Presidente Prudente;SP;Estadual;529;518.21;516.62;482.7;533.64;611.12;532.46
3375;Amarante do Maranhão;MA;Municipal;1;461.2;482.2;394.6;404.3;920.0;532.46
3376;Barueri;SP;Estadual;341;523.07;520.09;481.21;540.58;597.13;532.42
3377;Santa Terezinha de Itaipu;PR;Estadual;77;505.19;520.87;483.57;527.86;624.42;532.38
3378;Simonésia;MG;Estadual;19;489.54;520.69;487.12;527.67;636.84;532.37
3379;Caraí;MG;Estadual;6;522.17;547.77;461.35;523.87;606.67;532.36
3380;Maués;AM;Federal;31;525.08;520.96;475.06;524.46;616.13;532.34
3381;Nova Esperança;PR;Estadual;38;529.67;531.89;481.74;515.73;602.63;532.33
3382;Ingazeira;PE;Estadual;11;506.42;503.72;469.55;523.75;658.18;532.32
3383;Serra de São Bento;RN;Estadual;13;485.15;516.21;501.73;512.29;646.15;532.31
3384;Tarabai;SP;Municipal;1;568.3;453.3;523.0;576.9;540.0;532.3
3385;Pocrane;MG;Estadual;18;513.37;517.68;454.01;505.32;671.11;532.3
3386;Barro;CE;Estadual;145;488.36;508.42;478.2;517.56;668.97;532.3
3387;Rubiácea;SP;Estadual;4;511.62;506.92;460.67;572.08;610.0;532.26
3388;Graça Aranha;MA;Estadual;17;497.18;511.81;458.87;494.64;698.82;532.26
3389;Pirapetinga;MG;Estadual;5;515.96;519.38;513.32;552.56;560.0;532.24
3390;Gravatá;PE;Estadual;240;510.41;508.23;487.91;524.66;629.75;532.19
3391;Presidente Venceslau;SP;Estadual;55;522.0;523.74;486.05;538.85;590.18;532.16
3392;Andradas;MG;Estadual;68;518.76;522.38;472.66;502.54;644.41;532.15
3393;Parobé;RS;Estadual;79;515.75;519.08;492.33;515.76;617.72;532.13
3394;São Tomás de Aquino;MG;Estadual;11;493.6;506.62;492.32;544.3;623.64;532.09
3395;Cromínia;GO;Estadual;10;514.47;519.78;475.23;568.98;582.0;532.09
3396;Batatais;SP;Estadual;155;511.26;523.93;485.59;533.84;605.81;532.08
3397;Quevedos;RS;Estadual;4;554.45;515.67;498.78;521.5;570.0;532.08
3398;Nova Prata do Iguaçu;PR;Estadual;21;493.3;513.66;495.26;519.02;639.05;532.06
3399;Ecoporanga;ES;Estadual;75;510.31;523.29;471.99;530.85;623.73;532.04
3400;Cruzeiro do Sul;AC;Federal;57;509.12;508.91;486.53;502.61;652.98;532.03
3401;Alvorada do Sul;PR;Estadual;18;505.4;527.46;480.66;519.94;626.67;532.03
3402;Curiúva;PR;Estadual;22;520.89;512.07;481.56;507.33;638.18;532.01
3403;Nova Lima;MG;Estadual;99;508.27;520.83;484.62;537.88;608.28;531.98
3404;Santa Izabel do Pará;PA;Municipal;2;544.45;532.95;471.15;411.25;700.0;531.96
3405;Itambé;PE;Estadual;122;495.56;498.08;476.85;520.61;668.69;531.96
3406;Presidente Olegário;MG;Estadual;12;493.45;504.82;512.15;560.98;588.33;531.95
3407;Barão de Cocais;MG;Estadual;51;509.64;519.73;483.48;540.66;606.27;531.95
3408;Uru;SP;Estadual;4;514.35;494.68;435.25;550.3;665.0;531.92
3409;Tucumã;PA;Privada;11;510.94;514.25;479.21;517.04;638.18;531.92
3410;Patos;PB;Estadual;255;500.18;506.62;480.96;513.63;658.12;531.9
3411;Recreio;MG;Estadual;12;509.06;527.28;468.72;559.2;595.0;531.85
3412;Caieiras;SP;Estadual;196;527.47;523.4;475.06;523.4;609.9;531.84
3413;Crixás;GO;Privada;14;480.32;518.54;494.27;518.77;647.14;531.81
3414;Mimoso do Sul;ES;Estadual;56;499.05;507.94;482.16;514.78;655.0;531.79
3415;Adustina;BA;Estadual;35;473.42;505.0;473.07;514.81;692.57;531.78
3416;São Francisco do Guaporé;RO;Privada;1;458.3;545.8;460.7;594.1;600.0;531.78
3417;Guarantã do Norte;MT;Municipal;1;566.8;531.0;426.0;455.1;680.0;531.78
3418;Vargem Bonita;SC;Estadual;13;483.48;522.53;480.16;509.58;663.08;531.77
3419;Teodoro Sampaio;SP;Estadual;62;516.72;524.28;480.7;527.47;609.68;531.77
3420;Campina do Simão;PR;Estadual;10;511.2;537.81;484.74;549.06;576.0;531.76
3421;Campo Verde;MT;Federal;43;498.71;522.52;504.1;525.5;607.91;531.75
3422;Lagoa do Ouro;PE;Estadual;57;491.73;493.05;484.65;509.68;679.65;531.75
3423;Monte Aprazível;SP;Estadual;36;518.19;529.43;501.13;525.51;584.44;531.74
3424;Parecis;RO;Estadual;10;510.76;510.77;524.15;510.77;602.0;531.69
3425;Guarapuava;PR;Estadual;385;517.18;523.47;491.87;528.26;597.56;531.67
3426;São Domingos do Sul;RS;Estadual;8;485.58;543.58;474.11;527.52;627.5;531.66
3427;Martinópolis;SP;Estadual;34;513.69;524.5;478.98;540.99;600.0;531.63
3428;Jatobá;PE;Estadual;26;502.13;500.37;503.18;529.39;623.08;531.63
3429;Sairé;PE;Estadual;12;505.44;509.16;487.08;507.94;648.33;531.59
3430;Pirapó;RS;Estadual;5;500.94;521.46;474.04;525.52;636.0;531.59
3431;Cajamar;SP;Estadual;220;518.23;521.75;476.8;522.82;618.0;531.52
3432;Areal;RJ;Estadual;12;514.68;517.41;479.92;530.59;615.0;531.52
3433;Cianorte;PR;Estadual;189;508.66;510.41;485.42;529.83;623.28;531.52
3434;Curralinho;PA;Municipal;1;422.8;472.5;438.8;423.4;900.0;531.5
3435;Bela Vista de Minas;MG;Estadual;10;503.65;531.94;494.14;545.69;582.0;531.48
3436;Paverama;RS;Estadual;16;526.17;526.71;494.88;542.16;567.5;531.48
3437;Afonso Cláudio;ES;Estadual;57;484.34;507.55;484.47;533.65;647.37;531.48
3438;Nova Venécia;ES;Estadual;124;506.87;519.17;481.34;513.11;636.61;531.42
3439;Juripiranga;PB;Estadual;44;476.39;490.83;474.58;487.98;727.27;531.41
3440;Embu das Artes;SP;Estadual;515;530.84;524.22;477.97;530.62;593.36;531.4
3441;Embaúba;SP;Estadual;4;488.62;533.88;496.6;492.85;645.0;531.39
3442;Penha;SC;Estadual;67;519.42;524.58;479.14;535.57;598.21;531.38
3443;Pingo-d'Água;MG;Estadual;4;480.4;500.05;497.32;559.15;620.0;531.38
3444;Arujá;SP;Estadual;265;524.33;520.25;475.0;518.96;618.34;531.38
3445;Volta Redonda;RJ;Estadual;424;512.67;515.69;479.92;521.02;627.55;531.37
3446;Bálsamo;SP;Estadual;10;514.86;520.04;484.33;527.5;610.0;531.35
3447;Colorado;RS;Estadual;9;485.28;514.32;473.6;527.91;655.56;531.33
3448;Cascalho Rico;MG;Estadual;5;495.58;502.06;474.32;508.64;676.0;531.32
3449;Estrela do Norte;SP;Estadual;5;530.6;522.52;469.52;529.9;604.0;531.31
3450;Xapuri;AC;Federal;29;499.61;509.42;489.97;501.63;655.86;531.3
3451;Soure;PA;Municipal;32;461.53;494.14;483.26;504.92;712.5;531.27
3452;Itaguaçu;ES;Estadual;37;493.15;511.49;483.11;520.99;647.57;531.26
3453;Farroupilha;RS;Estadual;139;518.18;528.87;482.4;520.96;605.76;531.23
3454;Lago dos Rodrigues;MA;Estadual;34;486.71;497.75;473.99;513.93;683.53;531.18
3455;Nazaré Paulista;SP;Estadual;26;511.68;517.21;464.61;565.42;596.92;531.17
3456;Uberaba;MG;Estadual;447;512.33;518.99;488.72;530.0;605.82;531.17
3457;Palmas;TO;Estadual;838;503.73;509.46;478.45;528.72;635.47;531.16
3458;Elias Fausto;SP;Estadual;13;515.02;508.9;500.88;549.48;581.54;531.16
3459;Goiás;GO;Estadual;84;502.46;518.46;473.42;516.17;645.24;531.15
3460;Amparo;PB;Estadual;8;460.55;508.36;464.82;499.52;722.5;531.15
3461;Ilicínea;MG;Estadual;42;492.8;520.91;481.32;523.03;637.62;531.14
3462;Carpina;PE;Estadual;254;496.1;501.33;482.02;524.97;651.18;531.12
3463;Itá;SC;Estadual;14;517.29;528.97;493.13;520.47;595.71;531.12
3464;Sales Oliveira;SP;Estadual;2;568.5;569.0;493.3;494.8;530.0;531.12
3465;Palmares Paulista;SP;Estadual;21;506.91;501.77;443.14;544.52;659.05;531.08
3466;Agrestina;PE;Estadual;49;494.6;498.33;471.27;547.54;643.67;531.08
3467;Umuarama;PR;Estadual;144;513.46;512.84;484.11;535.54;609.31;531.05
3468;Imbituva;PR;Estadual;63;503.97;526.04;488.79;539.3;597.14;531.05
3469;Caraá;RS;Estadual;9;506.04;524.74;501.54;489.5;633.33;531.03
3470;Campos Novos;SC;Estadual;68;514.34;520.31;482.42;521.33;616.76;531.03
3471;Aurora;CE;Estadual;178;473.55;492.89;474.18;508.27;706.18;531.01
3472;Campo Bom;RS;Estadual;113;519.93;521.24;474.79;534.79;604.25;531.0
3473;Assunção do Piauí;PI;Estadual;4;504.48;554.38;451.52;554.65;590.0;531.0
3474;Abreu e Lima;PE;Estadual;249;502.46;510.68;481.25;518.7;641.93;531.0
3475;Marituba;PA;Privada;17;505.81;499.14;482.92;511.78;655.29;530.99
3476;Moreno;PE;Estadual;102;494.31;505.62;469.5;520.92;664.51;530.97
3477;Santa Maria da Vitória;BA;Estadual;75;503.19;514.86;469.48;523.61;643.73;530.97
3478;Alegrete;RS;Estadual;148;519.26;517.69;479.37;513.87;624.59;530.96
3479;Barra Velha;SC;Estadual;53;525.52;526.63;482.6;526.43;593.58;530.95
3480;Canindé;CE;Estadual;590;492.49;499.7;478.26;519.11;665.19;530.95
3481;São Lourenço da Mata;PE;Estadual;239;508.16;512.77;482.68;527.62;623.51;530.95
3482;Glória do Goitá;PE;Estadual;79;484.86;497.9;473.45;524.57;673.92;530.94
3483;Itaiópolis;SC;Estadual;24;516.84;523.14;485.42;514.08;615.0;530.9
3484;Paulista;PB;Estadual;38;482.31;501.89;485.44;524.81;660.0;530.89
3485;Videira;SC;Estadual;95;504.0;510.27;477.95;524.52;637.47;530.84
3486;Guarulhos;SP;Estadual;2368;524.93;524.13;476.62;529.98;598.55;530.84
3487;Sapucaia;RJ;Estadual;22;495.52;494.0;486.86;521.37;656.36;530.82
3488;Valença;RJ;Estadual;116;505.49;519.25;485.27;507.2;636.72;530.79
3489;Maracás;BA;Privada;8;466.48;499.2;492.78;537.88;657.5;530.76
3490;Orlândia;SP;Estadual;168;509.78;507.71;467.97;524.43;643.81;530.74
3491;Ribeirão das Neves;MG;Estadual;250;517.41;526.17;487.4;530.65;592.0;530.73
3492;Sabino;SP;Estadual;3;502.4;555.6;504.33;504.6;586.67;530.72
3493;Camalaú;PB;Estadual;21;505.67;517.0;478.98;475.73;676.19;530.71
3494;Cambé;PR;Estadual;225;518.28;527.54;488.4;521.41;597.87;530.7
3495;Centralina;MG;Estadual;8;491.39;539.8;510.72;494.1;617.5;530.7
3496;Primavera;PE;Estadual;11;497.02;499.13;490.88;504.37;661.82;530.64
3497;Ibiraci;MG;Estadual;29;514.62;515.03;481.49;532.36;609.66;530.63
3498;Capitão;RS;Estadual;6;495.33;526.67;461.1;569.53;600.0;530.53
3499;Santa Vitória do Palmar;RS;Estadual;66;508.36;519.69;477.66;530.03;616.67;530.48
3500;Irajuba;BA;Estadual;7;515.2;544.74;480.81;445.83;665.71;530.46
3501;Panambi;RS;Estadual;82;512.61;521.1;482.12;521.82;614.63;530.46
3502;Louveira;SP;Estadual;71;534.3;526.44;470.77;541.53;579.15;530.44
3503;Pouso Redondo;SC;Estadual;20;506.47;517.83;487.29;532.5;608.0;530.42
3504;Currais Novos;RN;Municipal;1;495.0;541.1;504.9;591.1;520.0;530.42
3505;Artur Nogueira;SP;Estadual;95;521.75;522.01;472.83;527.09;608.42;530.42
3506;Indiana;SP;Estadual;8;518.92;533.2;450.81;561.66;587.5;530.42
3507;Batayporã;MS;Estadual;18;524.57;525.52;494.29;517.68;590.0;530.41
3508;Salto do Lontra;PR;Estadual;33;500.34;532.07;470.99;519.99;628.48;530.37
3509;Jenipapo de Minas;MG;Estadual;5;474.54;509.44;506.78;521.06;640.0;530.36
3510;Guimarães;MA;Municipal;1;473.3;516.0;499.9;602.5;560.0;530.34
3511;Remanso;BA;Estadual;35;494.49;514.98;493.47;505.83;642.86;530.33
3512;Chácara;MG;Estadual;2;524.4;568.0;545.4;473.7;540.0;530.3
3513;Descanso;SC;Estadual;10;506.63;530.04;496.52;520.33;598.0;530.3
3514;Itaberaba;BA;Estadual;93;503.93;509.93;473.06;513.33;651.18;530.29
3515;Iporã do Oeste;SC;Estadual;49;505.85;511.21;488.82;540.23;605.31;530.28
3516;Marechal Cândido Rondon;PR;Estadual;117;503.61;512.21;490.66;534.45;610.43;530.27
3517;Triunfo;RS;Municipal;43;524.01;533.01;488.2;525.62;580.47;530.26
3518;Dianópolis;TO;Federal;35;511.39;525.29;486.85;512.86;614.86;530.25
3519;Álvares Machado;SP;Estadual;22;520.01;539.32;481.47;518.63;591.82;530.25
3520;São Gabriel do Oeste;MS;Estadual;44;507.46;521.97;480.25;514.96;626.36;530.2
3521;Goiânia;GO;Municipal;3;496.5;477.7;489.87;460.2;726.67;530.19
3522;Alto Alegre;RS;Estadual;6;487.3;487.17;488.65;497.77;690.0;530.18
3523;Novo Gama;GO;Privada;14;520.92;521.1;489.22;513.94;605.71;530.18
3524;Flórida Paulista;SP;Estadual;5;550.76;533.22;475.84;526.98;564.0;530.16
3525;Barra do Jacaré;PR;Estadual;5;483.54;495.26;515.92;483.82;672.0;530.11
3526;Brejo da Madre de Deus;PE;Estadual;75;501.29;505.87;469.98;511.78;661.6;530.11
3527;Mirassol;SP;Estadual;148;510.35;521.42;483.69;538.11;596.89;530.09
3528;Buritis;RO;Estadual;82;508.27;516.22;478.43;522.16;625.12;530.04
3529;Rio Bananal;ES;Estadual;54;490.41;503.83;479.73;530.81;645.19;529.99
3530;Pitangueiras;SP;Estadual;54;506.5;515.37;490.94;534.88;602.22;529.98
3531;Magda;SP;Estadual;4;522.35;512.75;478.0;486.72;650.0;529.96
3532;Mairiporã;SP;Estadual;151;523.77;529.71;487.01;519.99;589.14;529.92
3533;São Miguel do Gostoso;RN;Estadual;5;511.24;501.74;458.88;513.68;664.0;529.91
3534;Palmeira d'Oeste;SP;Estadual;7;521.0;528.8;480.5;539.16;580.0;529.89
3535;Sumidouro;RJ;Estadual;19;504.13;519.31;475.35;528.56;622.11;529.89
3536;Novo Hamburgo;RS;Municipal;1;534.6;467.8;489.5;477.5;680.0;529.88
3537;Rio das Ostras;RJ;Estadual;302;517.08;520.4;474.86;519.1;617.88;529.86
3538;Tapurah;MT;Estadual;23;493.1;514.34;470.58;510.39;660.87;529.86
3539;Aracaju;SE;Estadual;1363;501.82;508.08;478.22;510.75;650.37;529.85
3540;Pradópolis;SP;Estadual;44;519.4;514.67;480.35;541.16;593.64;529.84
3541;Itapoá;SC;Estadual;67;521.59;531.58;486.45;508.4;601.19;529.84
3542;Rio Grande da Serra;SP;Estadual;114;521.67;517.93;482.48;536.04;591.05;529.84
3543;Aparecida;SP;Estadual;62;526.98;522.77;476.63;525.04;597.74;529.83
3544;Santa Cruz dos Milagres;PI;Estadual;5;502.58;500.2;515.94;518.34;612.0;529.81
3545;Ivolândia;GO;Estadual;9;493.87;504.49;487.64;516.4;646.67;529.81
3546;Bom Jesus da Penha;MG;Estadual;4;509.98;492.05;515.75;516.2;615.0;529.8
3547;Ibirama;SC;Estadual;20;509.52;515.15;508.44;519.86;596.0;529.8
3548;São José do Norte;RS;Estadual;31;499.09;524.07;472.83;529.72;623.23;529.79
3549;Angical;BA;Privada;5;488.68;488.94;467.18;488.08;716.0;529.78
3550;Ponta Grossa;PR;Estadual;621;516.03;527.05;491.87;527.95;585.96;529.77
3551;Ibiara;PB;Estadual;14;484.77;497.76;468.98;521.61;675.71;529.77
3552;Uiramutã;RR;Estadual;1;496.3;526.1;438.5;487.9;700.0;529.76
3553;Cajazeirinhas;PB;Estadual;16;469.58;510.1;465.58;508.56;695.0;529.76
3554;Joanésia;MG;Estadual;3;508.7;418.1;420.8;487.8;813.33;529.75
3555;Camanducaia;MG;Privada;12;516.56;518.28;484.15;548.07;581.67;529.74
3556;Soledade;RS;Estadual;63;514.04;528.9;484.59;516.07;605.08;529.74
3557;Gravataí;RS;Estadual;369;521.77;518.57;480.78;520.23;607.32;529.73
3558;Floresta;PR;Estadual;20;521.03;521.94;479.57;545.95;580.0;529.7
3559;Paiçandu;PR;Estadual;62;511.43;515.64;483.33;524.55;613.55;529.7
3560;Iguatu;CE;Federal;21;506.5;506.52;482.56;527.19;625.71;529.7
3561;Morada Nova de Minas;MG;Estadual;13;498.1;501.58;479.01;534.29;635.38;529.67
3562;São José de Ubá;RJ;Estadual;12;514.54;484.82;446.99;511.94;690.0;529.66
3563;Governador Lindenberg;ES;Estadual;25;505.94;509.93;492.37;542.33;597.6;529.64
3564;Lagoa Vermelha;RS;Estadual;72;501.11;519.03;474.39;531.16;622.5;529.64
3565;Apuí;AM;Estadual;22;498.1;526.15;492.8;542.02;589.09;529.63
3566;Cachoeiras de Macacu;RJ;Estadual;103;508.58;509.25;473.61;513.95;642.72;529.62
3567;Orizona;GO;Estadual;33;511.52;512.36;484.68;526.69;612.73;529.6
3568;Feira Grande;AL;Estadual;50;484.47;501.73;484.03;513.15;664.4;529.56
3569;Rio Espera;MG;Estadual;16;493.22;529.43;471.04;525.21;628.75;529.53
3570;Novo Horizonte;SC;Estadual;10;501.62;480.8;475.31;541.92;648.0;529.53
3571;Vinhedo;SP;Estadual;108;524.59;523.54;476.52;533.57;589.44;529.53
3572;Cidreira;RS;Estadual;15;526.8;516.95;488.51;492.57;622.67;529.5
3573;Água Boa;MG;Estadual;7;518.6;526.03;485.74;525.66;591.43;529.49
3574;Itanhém;BA;Estadual;23;500.01;504.82;464.18;526.16;652.17;529.47
3575;Mauá;SP;Estadual;679;526.38;522.23;476.22;529.24;593.23;529.46
3576;Santa Luzia;MG;Estadual;231;518.06;523.37;480.32;524.27;601.21;529.45
3577;Tigrinhos;SC;Estadual;1;522.3;443.8;542.7;618.4;520.0;529.44
3578;Riqueza;SC;Estadual;10;526.43;545.9;488.04;566.68;520.0;529.41
3579;Araçuaí;MG;Estadual;30;480.32;497.48;468.71;488.56;712.0;529.41
3580;Dom Expedito Lopes;PI;Estadual;11;498.59;521.11;458.21;496.35;672.73;529.4
3581;Nova Aliança;SP;Estadual;20;522.5;512.85;476.45;556.16;579.0;529.39
3582;Lontras;SC;Estadual;14;516.81;526.11;468.06;525.89;610.0;529.38
3583;Extrema;MG;Estadual;85;517.39;524.37;482.01;542.4;580.71;529.38
3584;Panorama;SP;Estadual;11;509.65;521.97;469.89;547.13;598.18;529.37
3585;Sede Nova;RS;Estadual;3;461.63;510.53;515.73;585.37;573.33;529.32
3586;Mineiros;GO;Estadual;153;505.04;510.67;480.5;522.22;628.1;529.31
3587;São Francisco do Piauí;PI;Estadual;11;479.55;484.25;477.65;505.14;700.0;529.31
3588;São Domingos;BA;Estadual;14;498.81;503.56;463.69;547.61;632.86;529.3
3589;Petrolândia;PE;Estadual;77;501.15;493.08;486.2;526.77;639.22;529.29
3590;Morro do Pilar;MG;Estadual;3;454.1;495.93;452.67;537.03;706.67;529.28
3591;Itinga do Maranhão;MA;Estadual;17;498.52;508.31;491.1;510.72;637.65;529.26
3592;Itamaraju;BA;Estadual;61;509.07;514.35;473.94;507.79;640.98;529.23
3593;Rio dos Cedros;SC;Estadual;13;534.37;518.69;452.49;528.26;612.31;529.22
3594;Serra;ES;Estadual;1072;512.42;521.22;479.54;522.62;610.32;529.22
3595;Santa Luzia D'Oeste;RO;Estadual;31;492.39;515.22;483.96;504.57;649.68;529.16
3596;Balneário Camboriú;SC;Estadual;165;515.8;518.24;486.99;532.48;592.24;529.15
3597;Rorainópolis;RR;Estadual;14;504.99;523.14;499.65;489.34;628.57;529.14
3598;Aguaí;SP;Estadual;45;518.23;519.5;487.18;505.99;614.67;529.11
3599;Guarujá;SP;Estadual;553;520.33;521.76;474.32;523.83;605.24;529.1
3600;Curral de Cima;PB;Estadual;9;502.81;485.99;476.12;471.7;708.89;529.1
3601;Coroaci;MG;Estadual;8;488.01;514.25;498.19;535.01;610.0;529.09
3602;São Simão;GO;Estadual;31;513.5;514.65;489.49;521.3;606.45;529.08
3603;Bequimão;MA;Municipal;1;496.3;456.0;460.1;492.9;740.0;529.06
3604;Sarandi;PR;Privada;4;520.22;518.52;470.02;476.4;660.0;529.04
3605;Pé de Serra;BA;Estadual;15;486.33;519.41;462.83;515.19;661.33;529.02
3606;Sento Sé;BA;Estadual;22;497.16;504.77;483.16;497.19;662.73;529.0
3607;São José dos Pinhais;PR;Estadual;537;518.25;522.46;484.86;527.01;592.36;528.99
3608;Lagoa Real;BA;Estadual;34;487.09;498.61;479.36;485.76;694.12;528.99
3609;Jaguaré;ES;Estadual;70;492.59;506.35;470.85;515.62;659.43;528.97
3610;Serafina Corrêa;RS;Estadual;29;518.57;508.79;487.46;509.31;620.69;528.97
3611;Pedro Osório;RS;Estadual;17;527.64;539.02;474.09;516.91;587.06;528.94
3612;Rio de Contas;BA;Estadual;30;491.43;495.11;472.28;517.83;668.0;528.93
3613;São Vicente;SP;Estadual;527;522.4;523.37;478.02;520.51;600.34;528.93
3614;São Roque de Minas;MG;Estadual;9;521.98;503.77;495.34;530.01;593.33;528.89
3615;Jandira;SP;Estadual;199;523.29;523.35;466.74;529.98;601.11;528.89
3616;Rio Vermelho;MG;Estadual;8;519.61;488.81;487.84;518.2;630.0;528.89
3617;Santa Rita;PB;Privada;39;488.56;507.76;467.91;503.71;676.41;528.87
3618;Fazenda Nova;GO;Estadual;24;493.99;507.37;464.19;503.8;675.0;528.87
3619;Triunfo Potiguar;RN;Estadual;14;500.48;494.41;445.75;479.33;724.29;528.85
3620;Manaíra;PB;Estadual;12;463.48;489.92;493.8;571.91;625.0;528.82
3621;Quirinópolis;GO;Estadual;116;496.48;509.43;476.9;520.62;640.52;528.79
3622;Mandirituba;PR;Estadual;29;510.92;535.95;489.91;491.98;615.17;528.79
3623;Leopoldina;MG;Estadual;64;507.24;505.68;472.47;523.74;634.69;528.76
3624;Machacalis;MG;Estadual;5;498.72;512.3;452.98;543.74;636.0;528.75
3625;Içara;SC;Estadual;102;513.97;518.82;485.74;516.97;608.24;528.75
3626;Cabo Frio;RJ;Municipal;53;515.89;522.18;475.67;506.57;623.4;528.74
3627;Sangão;SC;Estadual;28;494.38;500.47;489.74;531.1;627.86;528.71
3628;Angelândia;MG;Estadual;6;507.92;516.9;454.75;497.32;666.67;528.71
3629;Guarda-Mor;MG;Estadual;12;516.84;511.82;499.14;522.41;593.33;528.71
3630;Ipuaçu;SC;Estadual;8;524.9;547.56;505.89;477.68;587.5;528.71
3631;Itaqui;RS;Estadual;111;501.47;512.65;480.83;510.14;638.38;528.69
3632;Prado Ferreira;PR;Estadual;6;479.53;503.83;510.22;536.55;613.33;528.69
3633;São José do Divino;PI;Estadual;14;485.24;499.99;478.63;509.54;670.0;528.68
3634;Ituaçu;BA;Estadual;23;483.63;505.11;485.45;492.64;676.52;528.67
3635;Itápolis;SP;Estadual;65;518.2;519.69;471.76;547.67;585.85;528.63
3636;Carangola;MG;Estadual;38;493.59;513.48;469.23;521.55;645.26;528.62
3637;Passo de Torres;SC;Estadual;29;516.47;520.46;487.38;518.71;600.0;528.6
3638;Novo Cruzeiro;MG;Estadual;42;505.85;514.57;476.81;537.65;608.1;528.59
3639;Taguaí;SP;Estadual;27;521.57;527.38;474.57;552.4;566.67;528.52
3640;Pinhais;PR;Estadual;161;519.93;519.25;483.81;530.04;589.57;528.52
3641;Unaí;MG;Estadual;173;507.53;513.24;478.98;522.72;620.0;528.49
3642;Cacimba de Areia;PB;Municipal;1;571.4;570.5;516.9;383.6;600.0;528.48
3643;Pedreiras;MA;Estadual;120;474.23;487.54;470.32;493.1;717.17;528.47
3644;Charqueadas;RS;Estadual;87;508.28;517.03;462.18;504.71;650.11;528.46
3645;Nova Santa Rita;RS;Estadual;23;509.8;517.52;496.92;563.26;554.78;528.46
3646;Bernardo do Mearim;MA;Estadual;10;497.73;505.24;460.33;502.94;676.0;528.45
3647;Bragança Paulista;SP;Estadual;136;523.44;514.59;479.06;531.15;593.97;528.44
3648;Brasiléia;AC;Estadual;62;509.35;515.47;476.3;513.02;628.06;528.44
3649;Vera Cruz do Oeste;PR;Estadual;24;495.12;512.39;463.27;551.31;620.0;528.42
3650;Ibirité;MG;Estadual;199;518.15;523.46;479.5;508.84;612.06;528.4
3651;Alpinópolis;MG;Estadual;30;484.35;508.18;465.32;520.08;664.0;528.39
3652;Granjeiro;CE;Estadual;35;486.15;491.28;465.6;509.07;689.71;528.36
3653;Orobó;PE;Estadual;114;478.48;490.92;467.98;499.54;704.74;528.33
3654;Divisa Nova;MG;Estadual;5;502.18;479.04;467.58;504.84;688.0;528.33
3655;Itaporanga;PB;Estadual;58;496.81;511.63;478.47;508.53;646.21;528.33
3656;São José da Coroa Grande;PE;Estadual;49;494.11;502.59;487.35;517.54;640.0;528.32
3657;Indiaporã;SP;Estadual;6;529.65;520.45;483.78;530.77;576.67;528.26
3658;Resplendor;MG;Estadual;25;508.52;517.32;485.52;506.65;623.2;528.24
3659;Planalto;PR;Estadual;19;497.33;520.13;485.59;530.78;607.37;528.24
3660;Forquilhinha;SC;Estadual;40;522.32;522.05;495.66;531.16;570.0;528.24
3661;Ibaiti;PR;Estadual;64;505.04;509.16;486.17;533.55;607.19;528.22
3662;Avanhandava;SP;Estadual;19;530.43;521.55;470.81;517.22;601.05;528.21
3663;Zé Doca;MA;Federal;24;494.85;506.7;464.46;519.2;655.83;528.21
3664;Vereda;BA;Estadual;12;444.15;501.95;469.05;524.17;701.67;528.2
3665;São Miguel dos Campos;AL;Estadual;132;485.59;496.4;478.44;505.11;675.45;528.2
3666;Janiópolis;PR;Estadual;8;496.75;510.18;501.68;467.21;665.0;528.16
3667;São José da Lapa;MG;Estadual;39;516.45;529.01;481.02;520.46;593.85;528.16
3668;Craíbas;AL;Privada;11;461.52;505.44;464.67;534.37;674.55;528.11
3669;Urupês;SP;Estadual;14;519.29;517.64;486.76;558.29;558.57;528.11
3670;Santo Antônio da Patrulha;RS;Estadual;70;520.03;516.93;477.67;524.45;601.43;528.1
3671;Santa Maria de Itabira;MG;Estadual;7;515.06;503.84;497.0;555.91;568.57;528.08
3672;Riversul;SP;Estadual;7;504.7;499.67;483.11;544.27;608.57;528.07
3673;Morro do Chapéu;BA;Municipal;1;502.3;512.9;442.7;622.3;560.0;528.04
3674;Vila Valério;ES;Estadual;23;480.6;492.31;497.69;555.57;613.91;528.02
3675;Três Cachoeiras;RS;Estadual;27;510.07;508.44;487.87;535.7;597.78;527.97
3676;São Sebastião de Lagoa de Roça;PB;Estadual;31;502.38;504.25;485.13;488.05;660.0;527.96
3677;Matão;SP;Estadual;83;520.92;525.46;483.4;530.83;579.04;527.93
3678;Santa Cruz do Xingu;MT;Estadual;7;520.93;520.43;499.71;532.84;565.71;527.93
3679;Lagoa do Barro do Piauí;PI;Estadual;11;478.09;446.04;463.09;521.32;730.91;527.89
3680;Castelo do Piauí;PI;Estadual;76;493.94;509.33;476.33;533.28;626.58;527.89
3681;Mossoró;RN;Estadual;696;502.72;507.03;476.11;510.73;642.87;527.89
3682;Caldeirão Grande do Piauí;PI;Estadual;4;469.82;510.43;511.98;487.15;660.0;527.88
3683;Iracema;CE;Estadual;74;487.52;498.67;482.23;519.84;651.08;527.87
3684;Bocaiúva;MG;Estadual;65;498.08;517.07;481.82;528.16;614.15;527.86
3685;Francisco Morato;SP;Estadual;292;524.93;522.55;474.7;525.19;591.92;527.86
3686;Mata;RS;Estadual;7;507.6;511.3;504.83;526.99;588.57;527.86
3687;Rolim de Moura;RO;Estadual;184;500.15;513.33;481.01;511.87;632.83;527.84
3688;Monte Azul;MG;Estadual;27;491.28;508.93;464.34;538.28;636.3;527.83
3689;Três Lagoas;MS;Estadual;207;509.07;513.36;482.43;503.87;630.43;527.83
3690;Itapicuru;BA;Estadual;45;473.63;503.29;462.52;492.6;707.11;527.83
3691;Nova Veneza;SC;Estadual;22;508.98;531.98;465.73;534.26;598.18;527.83
3692;Sapezal;MT;Estadual;42;510.27;514.4;476.89;509.38;628.1;527.81
3693;Mandaguari;PR;Estadual;91;503.8;501.19;487.51;536.2;610.33;527.8
3694;Sousa;PB;Estadual;307;494.24;507.04;474.13;512.0;651.47;527.78
3695;Ouro Verde;SC;Estadual;1;485.9;527.7;495.2;490.1;640.0;527.78
3696;Vera Cruz;BA;Privada;5;485.08;523.9;455.38;510.48;664.0;527.77
3697;Ubatuba;SP;Municipal;55;535.41;521.61;474.81;507.35;599.64;527.76
3698;Constantina;RS;Estadual;26;495.03;508.38;483.37;522.8;629.23;527.76
3699;Quixeré;CE;Estadual;112;482.96;493.36;484.13;517.56;660.71;527.74
3700;Bom Jesus do Itabapoana;RJ;Estadual;76;506.09;514.93;488.54;509.33;619.74;527.72
3701;Carazinho;RS;Estadual;109;513.22;515.65;485.23;522.24;602.2;527.71
3702;Itapiranga;SC;Estadual;65;506.23;516.31;487.61;537.26;591.08;527.7
3703;Soledade de Minas;MG;Estadual;4;509.8;536.33;477.82;544.58;570.0;527.7
3704;Caibaté;RS;Estadual;14;505.36;520.76;470.45;493.31;648.57;527.69
3705;Fazenda Rio Grande;PR;Estadual;275;520.94;525.17;480.6;517.91;593.82;527.69
3706;Descalvado;SP;Estadual;45;507.88;515.65;467.59;530.84;616.44;527.68
3707;Tijucas do Sul;PR;Estadual;20;510.74;529.28;494.82;516.53;587.0;527.67
3708;Datas;MG;Estadual;4;496.33;491.68;463.6;571.75;615.0;527.67
3709;Bossoroca;RS;Municipal;7;491.56;521.11;519.47;488.97;617.14;527.65
3710;Rio Doce;MG;Estadual;2;443.7;532.85;490.05;561.45;610.0;527.61
3711;Torrinha;SP;Estadual;7;511.74;503.34;454.87;539.41;628.57;527.59
3712;Dois Córregos;SP;Estadual;18;512.92;512.3;483.14;497.35;632.22;527.59
3713;Água Santa;RS;Estadual;12;507.21;490.97;482.23;520.74;636.67;527.56
3714;Capoeiras;PE;Estadual;10;492.11;500.01;487.98;529.66;628.0;527.55
3715;São Lourenço do Sul;RS;Estadual;136;507.08;517.84;479.03;524.3;609.41;527.53
3716;Cajazeiras;PB;Estadual;203;500.52;508.48;479.22;509.67;639.7;527.52
3717;Três Ranchos;GO;Estadual;3;524.53;551.03;483.83;464.83;613.33;527.51
3718;Pariquera-Açu;SP;Municipal;3;532.1;520.2;438.17;513.77;633.33;527.51
3719;Ronda Alta;RS;Estadual;23;507.4;516.47;485.58;528.86;599.13;527.49
3720;Bandeirantes;MS;Estadual;14;515.5;523.81;483.89;534.05;580.0;527.45
3721;Lagoa dos Três Cantos;RS;Estadual;2;542.9;533.1;468.4;402.85;690.0;527.45
3722;Itauçu;GO;Estadual;32;490.1;500.77;486.59;503.38;656.25;527.42
3723;Porto Real;RJ;Estadual;10;511.32;518.4;481.68;505.65;620.0;527.41
3724;Viamão;RS;Estadual;290;519.11;522.28;487.78;516.03;591.86;527.41
3725;Nobres;MT;Privada;10;478.09;471.36;453.34;532.27;702.0;527.41
3726;Pai Pedro;MG;Estadual;5;482.44;467.16;465.66;553.74;668.0;527.4
3727;Senador Canedo;GO;Estadual;347;492.61;512.12;474.07;507.14;651.07;527.4
3728;Guanhães;MG;Estadual;33;503.02;516.72;483.09;537.07;596.97;527.38
3729;Janaúba;MG;Estadual;113;493.6;499.24;478.12;531.6;634.34;527.38
3730;Campina Grande;PB;Estadual;910;501.67;507.25;476.61;507.25;644.07;527.37
3731;Independência;RS;Estadual;3;533.0;549.0;466.13;542.03;546.67;527.37
3732;Prata;MG;Privada;6;475.52;544.33;528.38;541.97;546.67;527.37
3733;Venturosa;PE;Estadual;25;499.72;520.42;479.4;504.4;632.8;527.35
3734;Campo Alegre;SC;Estadual;8;486.86;536.74;501.25;484.36;627.5;527.34
3735;Lontra;MG;Estadual;6;528.05;511.93;501.02;458.95;636.67;527.32
3736;Ibiaçá;RS;Estadual;6;480.97;487.57;473.32;518.1;676.67;527.32
3737;Paulínia;SP;Estadual;151;516.22;516.65;473.7;533.66;596.16;527.28
3738;Muniz Freire;ES;Estadual;75;494.57;513.24;477.79;531.61;619.2;527.28
3739;Sul Brasil;SC;Estadual;7;490.04;520.83;488.53;536.89;600.0;527.26
3740;São Bento do Una;PE;Estadual;134;495.15;500.87;488.23;523.35;628.66;527.25
3741;Campo Grande;MS;Estadual;2087;508.03;513.02;477.96;516.96;620.23;527.24
3742;Bom Jesus do Oeste;SC;Estadual;6;489.42;517.95;487.0;521.82;620.0;527.24
3743;Mirador;MA;Privada;4;459.7;493.95;491.02;471.32;720.0;527.2
3744;Sobradinho;RS;Estadual;34;503.38;514.13;470.72;539.55;608.24;527.2
3745;Barracão;PR;Estadual;20;510.78;512.34;454.24;525.58;633.0;527.19
3746;Serra Azul;SP;Estadual;18;521.45;523.98;446.17;523.24;621.11;527.19
3747;Itapecerica da Serra;SP;Estadual;295;521.35;518.11;469.77;529.33;597.36;527.18
3748;Tupaciguara;MG;Estadual;46;500.65;509.2;481.75;510.28;633.91;527.16
3749;Pedra Lavrada;PB;Estadual;22;469.16;505.63;502.29;528.7;630.0;527.16
3750;Pereiro;CE;Estadual;157;502.18;510.09;487.78;510.12;625.61;527.15
3751;Cedro;CE;Federal;51;495.31;495.39;478.34;512.23;654.51;527.15
3752;Pacaembu;SP;Estadual;3;513.37;548.97;504.3;522.43;546.67;527.15
3753;Quatro Pontes;PR;Estadual;13;509.65;501.63;500.82;514.38;609.23;527.14
3754;Picada Café;RS;Estadual;12;511.13;512.17;499.14;519.88;593.33;527.13
3755;Vitor Meireles;SC;Estadual;17;491.36;517.78;488.24;519.39;618.82;527.12
3756;Pomerode;SC;Estadual;41;513.15;517.14;479.73;536.33;589.27;527.12
3757;Alvorada;RS;Estadual;321;518.19;518.16;474.61;504.42;620.19;527.11
3758;Engenheiro Paulo de Frontin;RJ;Estadual;14;536.26;534.79;490.42;509.8;564.29;527.11
3759;Juatuba;MG;Estadual;26;517.51;521.99;480.03;531.33;584.62;527.1
3760;Novo São Joaquim;MT;Estadual;8;504.76;497.41;470.09;483.24;680.0;527.1
3761;Alto Caparaó;MG;Estadual;5;515.18;489.46;523.12;483.7;624.0;527.09
3762;Cotia;SP;Estadual;529;520.81;522.44;473.19;520.09;598.56;527.02
3763;Utinga;BA;Estadual;16;511.49;515.17;482.49;489.61;636.25;527.0
3764;Alfredo Chaves;ES;Estadual;35;500.82;516.55;480.31;510.47;626.86;527.0
3765;Bocaiúva do Sul;PR;Estadual;12;504.27;514.8;498.57;557.32;560.0;526.99
3766;Condado;PB;Estadual;23;474.52;504.45;472.32;505.28;678.26;526.97
3767;Araucária;PR;Estadual;313;514.69;520.73;487.01;524.02;588.37;526.96
3768;Contendas do Sincorá;BA;Estadual;5;530.82;501.08;478.46;508.42;616.0;526.96
3769;Tabatinga;AM;Municipal;1;496.6;518.7;502.3;577.1;540.0;526.94
3770;Frei Gaspar;MG;Estadual;3;556.77;508.5;508.33;467.53;593.33;526.89
3771;Coromandel;MG;Estadual;73;514.65;512.85;474.8;538.18;593.97;526.89
3772;Pranchita;PR;Estadual;7;498.91;512.73;488.19;468.86;665.71;526.88
3773;Conceição do Coité;BA;Estadual;116;497.8;516.0;469.38;498.9;652.24;526.86
3774;Pouso Alto;MG;Estadual;5;504.92;523.24;473.4;540.76;592.0;526.86
3775;Santo Antônio de Jesus;BA;Estadual;111;508.98;511.67;482.47;509.16;621.8;526.82
3776;Afogados da Ingazeira;PE;Estadual;94;495.87;496.43;476.87;535.54;629.36;526.82
3777;Virmond;PR;Estadual;19;509.33;527.66;471.25;520.54;605.26;526.81
3778;Jari;RS;Estadual;4;499.08;526.67;459.92;543.28;605.0;526.79
3779;Santo Anastácio;SP;Estadual;17;509.46;506.21;472.95;537.11;608.24;526.79
3780;Boquira;BA;Privada;1;463.9;496.2;387.6;506.2;780.0;526.78
3781;Erechim;RS;Municipal;1;477.4;500.9;432.1;623.4;600.0;526.76
3782;Porto Alegre;RS;Municipal;7;511.21;519.1;523.09;503.19;577.14;526.75
3783;Dores de Guanhães;MG;Estadual;8;521.04;497.66;458.94;543.61;612.5;526.75
3784;Santo Antônio da Alegria;SP;Estadual;8;515.26;534.08;466.01;520.84;597.5;526.74
3785;Lajeado;RS;Estadual;43;505.97;511.91;480.68;540.72;594.42;526.74
3786;Timon;MA;Estadual;512;484.92;500.17;473.23;506.38;668.98;526.74
3787;Riacho da Cruz;RN;Estadual;4;465.45;520.48;501.1;526.52;620.0;526.71
3788;Ubarana;SP;Estadual;14;493.51;514.96;466.94;589.5;568.57;526.7
3789;Andirá;PR;Privada;1;502.6;467.5;515.7;547.7;600.0;526.7
3790;Santarém;PA;Estadual;913;487.04;505.26;472.63;504.36;664.14;526.69
3791;Gentio do Ouro;BA;Estadual;8;477.46;459.26;516.65;517.55;662.5;526.68
3792;Guabiju;RS;Estadual;4;522.92;489.82;492.7;547.92;580.0;526.67
3793;Capim Grosso;BA;Privada;26;502.6;517.83;485.83;476.3;650.77;526.67
3794;Prudentópolis;PR;Estadual;145;499.95;522.53;484.47;537.84;588.55;526.67
3795;Boa Vista;RR;Estadual;760;506.33;514.26;485.33;515.49;611.61;526.6
3796;Tanabi;SP;Estadual;8;524.1;531.17;455.06;535.19;587.5;526.6
3797;Camboriú;SC;Estadual;95;521.8;517.93;479.12;522.3;591.79;526.59
3798;Formosa;GO;Estadual;420;507.27;511.85;478.93;516.27;618.52;526.57
3799;Belo Oriente;MG;Estadual;31;492.01;507.59;494.2;533.18;605.81;526.56
3800;Cruzeiro do Sul;RS;Estadual;9;512.54;503.28;498.02;538.96;580.0;526.56
3801;Guarantã do Norte;MT;Estadual;42;512.81;522.76;499.42;511.54;586.19;526.55
3802;Luís Eduardo Magalhães;BA;Estadual;107;499.13;518.67;474.78;521.09;618.88;526.51
3803;Júlio Mesquita;SP;Estadual;8;499.66;503.3;459.59;509.92;660.0;526.5
3804;Tobias Barreto;SE;Estadual;116;489.63;513.2;478.38;512.62;638.62;526.49
3805;Caibi;SC;Estadual;31;510.58;513.23;488.73;525.65;594.19;526.48
3806;Vera Cruz;SP;Estadual;31;497.4;509.04;487.37;540.21;598.06;526.42
3807;Baturité;CE;Federal;18;493.11;502.38;483.18;493.37;660.0;526.41
3808;Santa Fé de Goiás;GO;Estadual;9;491.54;486.17;484.18;507.88;662.22;526.4
3809;Dormentes;PE;Estadual;61;480.96;497.29;473.84;527.69;652.13;526.38
3810;Cabrália Paulista;SP;Estadual;29;524.74;515.85;492.86;510.11;588.28;526.37
3811;São Francisco;SP;Estadual;4;498.65;497.58;476.5;569.05;590.0;526.36
3812;Cafezal do Sul;PR;Estadual;7;515.26;545.34;481.07;532.81;557.14;526.33
3813;Aracitaba;MG;Estadual;1;497.0;518.9;462.8;492.9;660.0;526.32
3814;Tupi Paulista;SP;Estadual;7;517.71;509.23;485.26;553.7;565.71;526.32
3815;Araçuaí;MG;Privada;6;516.53;527.87;493.78;479.87;613.33;526.28
3816;Salto;SP;Estadual;157;521.69;522.34;467.7;536.5;583.06;526.26
3817;Professor Jamil;GO;Estadual;1;565.7;527.3;432.3;506.0;600.0;526.26
3818;Ciríaco;RS;Estadual;3;472.07;514.0;470.27;494.9;680.0;526.25
3819;Resende;RJ;Estadual;236;518.51;527.98;482.34;515.27;586.95;526.21
3820;Seberi;RS;Estadual;22;498.34;526.82;501.76;486.77;617.27;526.19
3821;Riachão do Poço;PB;Estadual;10;473.64;498.21;467.08;497.97;694.0;526.18
3822;Eldorado do Sul;RS;Privada;8;507.41;532.3;507.99;508.19;575.0;526.18
3823;Nova Ramada;RS;Estadual;11;496.14;507.9;487.1;512.47;627.27;526.18
3824;Novais;SP;Estadual;8;513.92;505.68;493.8;522.5;595.0;526.18
3825;Ladainha;MG;Estadual;12;509.2;516.15;471.65;518.88;615.0;526.18
3826;Morada Nova;CE;Estadual;343;491.59;506.97;481.05;516.0;635.22;526.17
3827;Benedito Novo;SC;Estadual;8;523.06;550.22;467.74;534.85;555.0;526.17
3828;Calçado;PE;Estadual;8;481.41;497.29;480.91;493.66;677.5;526.16
3829;Inácio Martins;PR;Estadual;25;516.59;518.61;466.84;516.72;612.0;526.15
3830;Teixeira de Freitas;BA;Estadual;241;504.55;510.17;478.33;509.58;628.13;526.15
3831;Itupeva;SP;Estadual;77;523.43;517.49;470.69;527.61;591.43;526.13
3832;Camacho;MG;Estadual;8;485.3;503.92;472.38;569.04;600.0;526.13
3833;Canavieiras;BA;Estadual;21;507.4;508.21;501.32;509.74;603.81;526.1
3834;Paulo Jacinto;AL;Estadual;7;500.13;503.04;501.04;486.21;640.0;526.09
3835;Cabreúva;SP;Estadual;61;509.19;519.35;471.75;523.2;606.89;526.08
3836;Campanha;MG;Estadual;18;493.18;522.9;481.81;535.64;596.67;526.04
3837;Santo Antônio de Pádua;RJ;Estadual;92;499.84;507.47;474.24;515.61;633.04;526.04
3838;Ananás;TO;Estadual;17;499.31;496.27;467.17;514.45;652.94;526.03
3839;Dezesseis de Novembro;RS;Estadual;1;576.2;538.1;517.9;537.9;460.0;526.02
3840;Planalto;RS;Estadual;30;496.6;511.63;489.2;535.94;596.67;526.01
3841;Pinheiral;RJ;Estadual;57;512.12;513.73;477.95;505.86;620.35;526.0
3842;Canoinhas;SC;Estadual;211;499.97;509.66;495.2;520.85;604.27;525.99
3843;Presidente Kubitschek;MG;Estadual;4;511.92;490.25;517.08;480.6;630.0;525.97
3844;Itapetim;PE;Estadual;28;486.48;503.56;486.82;511.46;641.43;525.95
3845;Itarantim;BA;Estadual;20;471.0;490.46;491.94;517.28;659.0;525.94
3846;Areias;SP;Estadual;6;529.65;513.65;478.62;524.18;583.33;525.89
3847;Campos Gerais;MG;Estadual;52;491.95;513.4;477.76;540.07;606.15;525.87
3848;Guiratinga;MT;Estadual;35;489.28;489.5;490.93;495.67;664.0;525.87
3849;Buritizal;SP;Municipal;1;462.7;528.3;539.0;519.3;580.0;525.86
3850;São Miguel da Boa Vista;SC;Estadual;4;519.48;534.5;468.72;551.55;555.0;525.85
3851;Botelhos;MG;Estadual;23;496.23;521.59;480.23;518.93;612.17;525.83
3852;Turvo;PR;Estadual;14;496.36;526.25;506.1;531.71;568.57;525.8
3853;Santa Rosa de Goiás;GO;Estadual;4;481.15;498.02;493.42;546.38;610.0;525.79
3854;Maracajá;SC;Estadual;19;509.65;510.76;486.81;528.03;593.68;525.79
3855;Tenório;PB;Estadual;4;502.82;515.9;466.55;488.65;655.0;525.78
3856;Caicó;RN;Estadual;160;506.25;511.16;476.97;498.17;636.25;525.76
3857;Caçapava do Sul;RS;Estadual;90;506.52;512.75;475.21;522.31;612.0;525.76
3858;Goiás;GO;Privada;8;504.51;521.58;478.9;531.25;592.5;525.75
3859;Governador Dix-Sept Rosado;RN;Estadual;33;504.64;502.62;481.34;501.33;638.79;525.74
3860;Restinga Sêca;RS;Estadual;31;504.66;522.22;482.92;527.95;590.97;525.74
3861;Três Barras;SC;Estadual;23;505.0;517.74;489.81;516.09;600.0;525.73
3862;Jaguaribe;CE;Estadual;151;490.58;494.87;469.82;521.44;651.92;525.73
3863;Ariquemes;RO;Estadual;200;502.35;509.24;481.38;512.82;622.8;525.72
3864;Rodeiro;MG;Estadual;9;510.04;493.76;498.04;513.24;613.33;525.68
3865;Barra do Ribeiro;RS;Estadual;22;515.86;523.2;483.81;497.35;608.18;525.68
3866;Centenário do Sul;PR;Estadual;20;514.34;506.18;480.93;547.96;579.0;525.68
3867;Joaçaba;SC;Estadual;46;514.46;516.98;497.33;520.42;579.13;525.67
3868;Capão da Canoa;RS;Estadual;114;506.11;517.89;474.5;523.98;605.79;525.65
3869;Terezinha;PE;Estadual;17;485.21;515.27;464.51;485.56;677.65;525.64
3870;Bagé;RS;Estadual;232;512.72;518.74;485.09;526.88;584.66;525.62
3871;Quilombo;SC;Estadual;28;503.47;509.57;482.7;513.03;619.29;525.61
3872;Juquiá;SP;Estadual;41;522.76;519.6;466.22;533.41;585.85;525.57
3873;Caridade;CE;Estadual;133;475.24;487.76;473.94;512.92;677.74;525.52
3874;Coité do Nóia;AL;Estadual;16;493.21;506.38;482.62;511.65;633.75;525.52
3875;Delta;MG;Estadual;2;500.55;540.8;517.65;468.5;600.0;525.5
3876;Salto de Pirapora;SP;Estadual;67;517.34;513.33;476.71;527.29;592.54;525.44
3877;Américo Brasiliense;SP;Estadual;24;517.55;511.39;473.22;526.47;598.33;525.39
3878;Pinhal;RS;Estadual;8;508.56;514.65;496.36;547.38;560.0;525.39
3879;Malacacheta;MG;Estadual;27;509.83;517.53;474.5;530.93;594.07;525.37
3880;Moreilândia;PE;Estadual;25;498.2;512.1;481.4;513.41;621.6;525.34
3881;Mário Campos;MG;Estadual;8;510.34;513.33;461.54;523.92;617.5;525.33
3882;Palmares do Sul;RS;Estadual;21;502.3;505.86;486.98;522.9;608.57;525.32
3883;Angelina;SC;Estadual;12;520.3;512.19;476.72;544.04;573.33;525.32
3884;Antônio Carlos;MG;Estadual;9;513.28;540.74;486.04;515.44;571.11;525.32
3885;Tietê;SP;Estadual;82;514.58;519.61;480.15;538.81;573.41;525.31
3886;Buíque;PE;Estadual;113;500.93;505.22;475.9;536.62;607.79;525.29
3887;Parapuã;SP;Estadual;2;528.3;523.4;498.05;486.6;590.0;525.27
3888;Treviso;SC;Estadual;1;495.4;543.9;398.0;469.0;720.0;525.26
3889;Guararema;SP;Estadual;51;519.9;514.72;469.19;528.68;593.73;525.24
3890;Rio Branco;MT;Estadual;13;489.19;510.88;498.12;489.48;638.46;525.23
3891;Itapetininga;SP;Estadual;312;520.06;523.51;471.44;533.81;577.24;525.21
3892;Amargosa;BA;Estadual;64;499.01;513.11;488.12;511.71;614.06;525.2
3893;Fundão;ES;Estadual;60;506.43;530.81;481.19;506.17;601.33;525.19
3894;Governador Mangabeira;BA;Privada;2;472.0;429.55;505.3;509.1;710.0;525.19
3895;Natal;RN;Estadual;1424;506.79;511.45;481.54;508.98;617.09;525.17
3896;São Pedro da Aldeia;RJ;Estadual;144;516.44;517.89;478.1;518.52;594.86;525.16
3897;Hidrolândia;CE;Estadual;135;484.96;493.55;484.96;514.78;647.41;525.13
3898;Bilac;SP;Estadual;6;492.03;512.32;455.35;555.95;610.0;525.13
3899;Óbidos;PA;Federal;41;494.1;508.64;472.43;494.37;656.1;525.13
3900;Porangatu;GO;Estadual;96;488.05;511.56;482.99;508.22;634.79;525.12
3901;Vazante;MG;Estadual;45;501.47;512.04;484.1;517.76;610.22;525.12
3902;Petrópolis;RJ;Estadual;453;512.89;514.4;479.34;515.23;603.58;525.09
3903;Gurupi;TO;Estadual;172;496.51;508.49;480.85;516.68;622.79;525.07
3904;Nantes;SP;Estadual;10;511.68;506.74;482.41;512.39;612.0;525.04
3905;Ponte Nova;MG;Estadual;68;507.41;524.3;473.93;502.66;616.76;525.01
3906;Alto Jequitibá;MG;Estadual;13;511.14;511.25;470.86;531.77;600.0;525.0
3907;Braço do Norte;SC;Estadual;70;510.94;523.22;480.22;524.32;586.29;525.0
3908;Iguape;SP;Estadual;56;522.72;510.74;476.83;528.27;586.43;525.0
3909;Simões Filho;BA;Municipal;1;474.8;538.2;481.7;570.3;560.0;525.0
3910;Breves;PA;Federal;79;491.42;505.79;475.25;500.26;652.15;524.98
3911;Urucuia;MG;Estadual;3;495.13;494.9;503.2;464.9;666.67;524.96
3912;São Miguel do Oeste;SC;Estadual;83;505.68;521.96;481.74;522.08;593.25;524.94
3913;Imperatriz;MA;Estadual;815;491.56;498.9;472.79;509.93;651.41;524.92
3914;Japurá;PR;Estadual;16;508.8;523.67;463.45;529.94;598.75;524.92
3915;Solidão;PE;Estadual;12;481.58;495.5;488.89;533.56;625.0;524.91
3916;Confresa;MT;Estadual;54;506.57;505.86;479.6;513.54;618.89;524.89
3917;São Sebastião do Caí;RS;Estadual;39;521.66;520.64;484.96;515.52;581.54;524.86
3918;Sarzedo;MG;Estadual;26;518.02;525.81;494.07;520.22;566.15;524.86
3919;Felício dos Santos;MG;Estadual;5;523.7;508.7;459.36;432.44;700.0;524.84
3920;Bodocó;PE;Estadual;59;491.59;498.87;480.04;531.29;622.37;524.83
3921;Carambeí;PR;Estadual;59;511.42;514.61;480.57;513.49;604.07;524.83
3922;Itambaracá;PR;Estadual;4;527.78;518.2;495.8;502.35;580.0;524.83
3923;Sapucaia do Sul;RS;Estadual;174;521.1;518.3;473.34;522.41;588.97;524.82
3924;Andrelândia;MG;Estadual;37;498.44;498.53;489.73;536.26;601.08;524.81
3925;Lagoa de São Francisco;PI;Estadual;4;456.17;480.08;468.58;464.05;755.0;524.77
3926;Lapa;PR;Estadual;86;491.95;513.99;484.92;520.34;612.56;524.75
3927;Sarapuí;SP;Estadual;25;514.9;516.49;469.46;514.89;608.0;524.75
3928;Pancas;ES;Estadual;58;494.51;511.07;455.57;521.08;641.38;524.72
3929;Abaíra;BA;Estadual;18;483.85;504.31;468.25;522.72;644.44;524.71
3930;Retirolândia;BA;Privada;3;497.5;518.07;474.73;486.6;646.67;524.71
3931;Esteio;RS;Estadual;147;520.38;519.3;481.69;514.27;587.89;524.7
3932;Ubiretama;RS;Estadual;11;507.04;527.85;500.35;528.27;560.0;524.7
3933;Araquari;SC;Estadual;33;517.26;510.18;478.89;535.94;581.21;524.7
3934;Ipiranga;PR;Estadual;46;502.28;517.54;496.48;518.93;588.26;524.7
3935;Jundiá;AL;Estadual;7;475.53;512.39;496.83;510.16;628.57;524.69
3936;Santa Rita de Jacutinga;MG;Estadual;9;527.63;484.99;467.0;526.01;617.78;524.68
3937;João Pessoa;PB;Estadual;1658;503.64;507.88;475.48;507.2;629.12;524.66
3938;Planalto da Serra;MT;Estadual;7;458.23;526.51;467.87;533.44;637.14;524.64
3939;Herval d'Oeste;SC;Estadual;32;512.5;509.08;494.22;530.49;576.88;524.63
3940;Várzea Paulista;SP;Estadual;118;524.93;518.42;474.31;519.48;585.93;524.61
3941;Wanderley;BA;Municipal;1;456.2;522.6;548.5;535.7;560.0;524.6
3942;Capela Nova;MG;Estadual;9;508.2;516.18;464.68;522.73;611.11;524.58
3943;Goiatuba;GO;Estadual;88;508.53;511.31;485.23;528.76;589.09;524.58
3944;Engenheiro Navarro;MG;Estadual;8;482.01;491.21;475.79;526.33;647.5;524.57
3945;Araguainha;MT;Estadual;8;511.41;509.24;485.4;483.94;632.5;524.5
3946;Rafael Jambeiro;BA;Estadual;10;483.33;510.12;488.51;478.43;662.0;524.48
3947;Lagoa da Canoa;AL;Estadual;20;469.14;504.63;478.39;499.24;671.0;524.48
3948;Bom Jardim de Minas;MG;Estadual;16;496.49;530.83;476.59;530.98;587.5;524.48
3949;Paula Freitas;PR;Estadual;15;484.66;509.49;474.07;536.78;617.33;524.47
3950;Rio dos Índios;RS;Estadual;5;485.02;512.04;463.5;545.76;616.0;524.46
3951;Castanheira;MT;Estadual;7;517.91;524.96;487.26;515.0;577.14;524.45
3952;Rio Negro;PR;Estadual;53;505.32;517.44;485.23;532.39;581.89;524.45
3953;Jaboatão dos Guararapes;PE;Estadual;1038;502.67;507.47;480.83;514.12;617.07;524.43
3954;Miguel Pereira;RJ;Estadual;32;525.06;514.34;482.06;518.67;581.88;524.4
3955;Palotina;PR;Estadual;98;501.17;514.92;483.54;526.68;595.71;524.4
3956;Terra Nova;PE;Estadual;37;491.08;504.79;470.65;555.79;599.46;524.35
3957;Cajobi;SP;Estadual;6;522.87;501.7;484.17;526.15;586.67;524.31
3958;Penápolis;SP;Estadual;82;514.29;521.95;478.42;534.28;572.44;524.27
3959;Itambé;PR;Estadual;12;523.07;520.43;454.79;509.61;613.33;524.25
3960;Tavares;PB;Estadual;73;482.08;502.74;474.27;519.5;642.47;524.21
3961;Cafelândia;SP;Estadual;37;501.51;496.86;470.69;495.77;656.22;524.21
3962;São José da Varginha;MG;Estadual;6;518.47;535.6;457.05;523.15;586.67;524.19
3963;Mariluz;PR;Estadual;7;504.31;494.16;476.23;506.09;640.0;524.16
3964;Ipiranga do Norte;MT;Estadual;19;478.58;514.77;492.59;505.29;629.47;524.14
3965;Pratápolis;MG;Estadual;13;504.13;494.18;465.84;576.43;580.0;524.12
3966;Itaeté;BA;Estadual;3;506.77;500.77;449.27;517.1;646.67;524.11
3967;Costa Rica;MS;Estadual;60;502.32;510.14;466.69;507.03;634.33;524.1
3968;Morungaba;SP;Estadual;18;503.45;508.48;471.13;529.66;607.78;524.1
3969;Iguaí;BA;Estadual;13;495.25;499.19;471.35;517.65;636.92;524.07
3970;Monsenhor Gil;PI;Estadual;25;502.18;492.32;470.04;491.8;664.0;524.07
3971;Joaquim Felício;MG;Estadual;3;483.8;477.27;487.33;491.97;680.0;524.07
3972;Corrente;PI;Federal;76;477.42;492.16;460.92;505.09;684.74;524.07
3973;Américo de Campos;SP;Municipal;14;491.73;501.08;490.98;552.2;584.29;524.05
3974;Sud Mennucci;SP;Estadual;9;515.53;502.94;503.58;531.49;566.67;524.04
3975;Turvo;SC;Estadual;20;484.78;505.05;489.9;557.49;583.0;524.04
3976;Guarani das Missões;RS;Estadual;41;481.18;502.89;491.96;522.66;621.46;524.03
3977;Carapicuíba;SP;Estadual;804;522.02;519.64;467.88;522.1;588.51;524.03
3978;Paraíba do Sul;RJ;Estadual;74;503.58;517.26;475.31;504.51;619.46;524.03
3979;Lagoa da Confusão;TO;Privada;7;489.17;507.14;481.34;499.41;642.86;523.99
3980;Barreiras;BA;Estadual;270;499.37;506.17;476.82;507.04;630.52;523.98
3981;Alto Paraíso;PR;Estadual;3;481.63;525.2;483.03;536.43;593.33;523.93
3982;Ipira;SC;Estadual;20;485.71;503.87;495.04;516.0;619.0;523.92
3983;Canápolis;MG;Estadual;17;497.93;494.08;473.8;516.12;637.65;523.92
3984;Arealva;SP;Estadual;16;519.11;531.26;456.32;515.38;597.5;523.91
3985;Pinheiro Preto;SC;Estadual;9;502.71;514.89;480.69;552.34;568.89;523.9
3986;Nova Rosalândia;TO;Estadual;7;494.67;511.54;494.49;533.06;585.71;523.89
3987;Lucrécia;RN;Estadual;11;494.15;499.36;496.36;476.81;652.73;523.88
3988;São Tomé;PR;Estadual;17;506.15;516.06;486.22;522.68;588.24;523.87
3989;São Domingos do Cariri;PB;Estadual;21;479.85;493.8;478.23;522.64;644.76;523.86
3990;Bandeirantes do Tocantins;TO;Estadual;1;533.5;504.2;414.8;526.8;640.0;523.86
3991;Curvelândia;MT;Estadual;7;503.2;514.54;507.99;507.69;585.71;523.83
3992;Reduto;MG;Estadual;7;519.81;470.76;465.66;534.31;628.57;523.82
3993;Itapuca;RS;Estadual;2;518.45;524.5;484.85;451.3;640.0;523.82
3994;Itabaiana;SE;Estadual;211;485.3;506.6;478.98;501.99;646.16;523.81
3995;Jequitaí;MG;Estadual;7;500.33;510.41;490.2;535.23;582.86;523.81
3996;Fronteira;MG;Estadual;7;497.69;490.19;472.53;538.61;620.0;523.8
3997;Capim Grosso;BA;Estadual;59;499.76;501.89;477.33;495.43;644.41;523.76
3998;Macaé;RJ;Estadual;390;512.9;515.94;469.41;512.74;607.74;523.75
3999;Ivaí;PR;Estadual;53;501.78;525.34;500.88;508.02;582.64;523.73
4000;Morro Redondo;RS;Estadual;17;511.84;533.07;475.72;522.68;575.29;523.72
4001;São Gonçalo do Amarante;RN;Estadual;185;503.25;512.04;487.65;507.32;608.22;523.7
4002;Ji-Paraná;RO;Estadual;315;497.79;504.66;475.55;509.16;631.17;523.67
4003;Chapadinha;MA;Privada;29;473.65;497.75;476.54;515.26;655.17;523.67
4004;Araçagi;PB;Estadual;32;474.29;512.48;486.93;485.19;659.38;523.66
4005;Bernardino Batista;PB;Estadual;15;495.39;508.04;434.53;482.89;697.33;523.64
4006;São Miguel Arcanjo;SP;Estadual;83;515.37;517.09;465.71;551.79;568.19;523.63
4007;Fátima do Sul;MS;Estadual;42;491.3;499.05;459.11;508.19;660.48;523.62
4008;Cabo Frio;RJ;Estadual;223;517.75;522.35;471.67;502.57;603.77;523.62
4009;Paraguaçu Paulista;SP;Estadual;83;519.14;518.38;459.71;524.99;595.9;523.62
4010;Paranapanema;SP;Estadual;33;496.46;515.37;469.48;553.69;583.03;523.61
4011;Roncador;PR;Estadual;16;502.59;518.57;494.38;514.99;587.5;523.61
4012;Limoeiro do Norte;CE;Estadual;249;486.92;498.52;473.93;507.54;651.08;523.6
4013;Terra Boa;PR;Privada;2;499.95;485.45;517.95;564.4;550.0;523.55
4014;Iporã;PR;Estadual;15;507.63;490.47;465.67;529.91;624.0;523.53
4015;Paulista;PE;Estadual;541;497.39;502.94;477.3;508.25;631.76;523.53
4016;Laranjal;MG;Estadual;2;500.55;511.95;497.15;557.95;550.0;523.52
4017;Itapemirim;ES;Estadual;76;486.68;497.33;471.75;517.56;644.21;523.5
4018;Nilópolis;RJ;Estadual;272;508.79;513.68;467.78;508.07;619.19;523.5
4019;Guariba;SP;Estadual;64;506.13;506.7;475.59;527.18;601.88;523.5
4020;Pedra Bonita;MG;Estadual;6;508.28;487.0;453.22;545.65;623.33;523.5
4021;Itaquiraí;MS;Estadual;31;509.11;516.98;477.46;510.08;603.87;523.5
4022;Santo Antônio das Missões;RS;Estadual;21;508.12;510.35;493.67;513.84;591.43;523.48
4023;São Sebastião do Maranhão;MG;Estadual;9;508.78;513.83;463.16;520.48;611.11;523.47
4024;Quebrangulo;AL;Estadual;24;496.92;502.67;468.92;500.5;648.33;523.47
4025;Paulo Frontin;PR;Estadual;12;527.71;535.1;492.03;505.82;556.67;523.46
4026;Piedade de Ponte Nova;MG;Estadual;2;496.25;486.4;447.1;617.5;570.0;523.45
4027;Mormaço;RS;Estadual;4;516.62;547.55;468.52;529.55;555.0;523.45
4028;Guaramirim;SC;Estadual;61;515.04;519.52;473.08;533.88;575.74;523.45
4029;Morro Grande;SC;Estadual;16;517.02;530.24;471.68;522.01;576.25;523.44
4030;General Carneiro;PR;Estadual;16;498.38;517.25;489.26;546.02;566.25;523.43
4031;Conchas;SP;Estadual;25;500.24;513.11;478.59;530.78;594.4;523.43
4032;Campos dos Goytacazes;RJ;Estadual;734;502.98;510.56;474.15;510.54;618.47;523.34
4033;Eldorado do Sul;RS;Estadual;41;504.19;518.9;479.77;531.31;582.44;523.32
4034;Atílio Vivácqua;ES;Estadual;15;496.01;515.01;461.79;529.1;614.67;523.31
4035;São Jerônimo da Serra;PR;Estadual;15;506.61;502.72;494.73;540.32;572.0;523.28
4036;Bom Jardim;PE;Estadual;90;472.21;501.49;478.28;516.9;647.56;523.28
4037;Quartel Geral;MG;Estadual;9;495.61;507.0;458.78;543.81;611.11;523.26
4038;Urânia;SP;Estadual;4;464.68;525.75;505.58;540.25;580.0;523.25
4039;Carandaí;MG;Estadual;24;522.97;518.35;481.66;521.53;571.67;523.24
4040;Pinhalão;PR;Estadual;20;496.84;505.3;511.08;493.84;609.0;523.21
4041;Coari;AM;Federal;55;488.19;492.31;475.82;488.26;671.27;523.17
4042;Igrejinha;RS;Estadual;55;509.87;514.4;480.4;520.23;590.91;523.16
4043;Paranatinga;MT;Estadual;56;495.93;517.3;474.78;523.46;604.29;523.15
4044;Rio de Janeiro;RJ;Estadual;7345;514.54;518.18;477.42;514.26;591.32;523.14
4045;Várzea;PB;Estadual;5;476.96;518.62;494.08;458.0;668.0;523.13
4046;Iguatu;CE;Estadual;570;492.29;500.82;474.83;506.11;641.54;523.12
4047;Igaratá;SP;Estadual;9;536.69;529.76;470.96;502.61;575.56;523.11
4048;Irará;BA;Privada;7;504.4;511.04;489.11;465.27;645.71;523.11
4049;Brasileira;PI;Estadual;21;489.54;521.6;466.37;498.05;640.0;523.11
4050;Vale do Sol;RS;Estadual;14;491.7;514.35;469.31;533.02;607.14;523.1
4051;Tremembé;SP;Municipal;6;536.25;514.9;478.95;525.38;560.0;523.1
4052;Santo Antônio de Lisboa;PI;Estadual;11;480.32;515.11;471.99;518.92;629.09;523.09
4053;Abdon Batista;SC;Estadual;4;454.52;519.33;474.28;562.3;605.0;523.08
4054;Feira Nova;PE;Estadual;57;474.0;502.49;474.09;524.76;640.0;523.07
4055;Itacoatiara;AM;Federal;53;508.07;511.67;465.35;526.5;603.77;523.07
4056;Cordeirópolis;SP;Estadual;50;526.92;520.98;468.93;523.72;574.8;523.07
4057;Itaí;SP;Estadual;21;493.04;510.78;485.09;529.06;597.14;523.02
4058;São João da Barra;RJ;Estadual;40;506.11;508.74;472.39;501.34;626.5;523.02
4059;Seabra;BA;Estadual;82;495.7;510.7;459.05;501.14;648.54;523.02
4060;Primavera do Leste;MT;Estadual;101;497.81;505.58;484.02;500.88;626.73;523.0
4061;Urubici;SC;Estadual;13;498.78;502.34;476.71;517.05;620.0;522.98
4062;Marcelândia;MT;Municipal;1;369.7;541.8;570.5;512.7;620.0;522.94
4063;Cacique Doble;RS;Estadual;14;500.46;499.27;464.19;489.14;661.43;522.9
4064;Cachoeira Dourada;MG;Estadual;11;492.19;508.9;479.01;503.48;630.91;522.9
4065;Guarabira;PB;Estadual;172;492.6;506.39;469.4;485.5;660.58;522.89
4066;Iracemápolis;SP;Estadual;21;514.79;518.71;482.1;545.49;553.33;522.88
4067;Remígio;PB;Estadual;52;493.33;504.6;481.37;501.58;633.46;522.87
4068;Cajuru;SP;Estadual;63;507.03;515.55;464.52;506.83;620.32;522.85
4069;Verdelândia;MG;Estadual;3;503.27;501.5;475.57;473.9;660.0;522.85
4070;São Borja;RS;Estadual;104;505.5;509.48;477.07;504.58;617.5;522.83
4071;São Félix do Coribe;BA;Estadual;10;478.44;510.39;487.05;514.19;624.0;522.81
4072;Rio do Campo;SC;Estadual;26;491.59;523.32;492.57;506.5;600.0;522.8
4073;Capitólio;MG;Estadual;19;505.86;493.32;487.27;538.07;589.47;522.8
4074;Tramandaí;RS;Estadual;67;506.67;514.06;478.33;531.67;583.28;522.8
4075;Desterro do Melo;MG;Estadual;7;493.94;510.2;473.51;584.84;551.43;522.79
4076;Salto Grande;SP;Estadual;4;506.4;515.58;477.45;524.5;590.0;522.78
4077;Jacuí;MG;Estadual;22;499.44;520.78;496.95;512.07;584.55;522.76
4078;Piedade do Rio Grande;MG;Estadual;12;508.76;498.98;465.54;495.53;645.0;522.76
4079;Ipameri;GO;Estadual;61;504.84;510.52;480.46;514.66;603.28;522.75
4080;Magé;RJ;Estadual;334;507.58;517.63;477.96;504.59;605.93;522.74
4081;Bacabeira;MA;Estadual;62;470.24;494.59;465.9;502.48;680.32;522.71
4082;Bom Jesus do Amparo;MG;Estadual;10;478.83;501.31;501.31;514.11;618.0;522.71
4083;São Sebastião;SP;Estadual;153;516.68;513.39;475.34;523.18;584.97;522.71
4084;Pereira Barreto;SP;Estadual;43;518.28;520.47;474.81;534.78;565.12;522.69
4085;Butiá;RS;Estadual;41;516.2;515.02;479.89;500.26;601.95;522.67
4086;Douradina;MS;Estadual;7;492.99;493.1;483.67;520.71;622.86;522.67
4087;Santa Carmem;MT;Estadual;11;485.35;486.73;508.24;512.92;620.0;522.65
4088;São Manuel;SP;Estadual;74;512.23;522.33;487.77;524.35;566.49;522.63
4089;Triunfo;PE;Estadual;59;483.41;492.9;460.48;522.41;653.9;522.62
4090;Porto dos Gaúchos;MT;Estadual;6;530.43;534.92;479.68;508.07;560.0;522.62
4091;Itaguajé;PR;Estadual;3;487.73;503.43;445.53;476.23;700.0;522.59
4092;Pirangi;SP;Estadual;6;525.02;533.43;486.4;478.03;590.0;522.58
4093;Queimadas;BA;Estadual;9;499.63;489.38;485.58;522.67;615.56;522.56
4094;Congonhal;MG;Estadual;15;523.04;502.14;466.33;547.75;573.33;522.52
4095;Limeira do Oeste;MG;Estadual;13;512.45;500.5;480.52;546.75;572.31;522.51
4096;Jacaraú;PB;Estadual;41;478.91;486.55;476.75;523.94;646.34;522.5
4097;Conceição do Almeida;BA;Privada;10;488.61;528.37;452.25;481.1;662.0;522.47
4098;São Roque do Canaã;ES;Estadual;44;475.16;499.04;464.62;525.31;648.18;522.46
4099;Presidente Dutra;MA;Estadual;161;489.51;500.25;486.92;496.33;639.25;522.45
4100;Itobi;SP;Estadual;9;490.3;521.5;477.88;518.01;604.44;522.43
4101;Rio Azul;PR;Estadual;32;498.88;516.48;483.8;526.75;586.25;522.43
4102;Campo Novo;RS;Estadual;4;516.4;532.22;463.35;500.15;600.0;522.42
4103;Barreirinhas;MA;Federal;92;490.27;498.84;471.7;506.3;645.0;522.42
4104;Esperantinópolis;MA;Estadual;42;472.54;491.21;474.46;514.85;659.05;522.42
4105;Campo Maior;PI;Estadual;131;489.28;505.43;466.82;508.81;641.68;522.4
4106;Braganey;PR;Estadual;6;487.45;502.05;478.45;564.02;580.0;522.39
4107;Presidente Dutra;BA;Municipal;1;552.8;507.3;442.2;549.6;560.0;522.38
4108;Rolador;RS;Estadual;6;488.08;519.27;461.87;532.7;610.0;522.38
4109;Maria da Fé;MG;Estadual;8;490.26;519.91;448.86;525.31;627.5;522.37
4110;Bacabal;MA;Estadual;184;483.51;492.92;470.9;510.56;653.8;522.34
4111;Bom Jesus;RS;Estadual;9;495.02;495.89;476.86;519.5;624.44;522.34
4112;Pedro Régis;PB;Estadual;7;481.94;505.21;494.4;490.09;640.0;522.33
4113;Sabará;MG;Estadual;99;508.21;514.25;475.73;514.06;599.39;522.33
4114;Nova Mutum;MT;Estadual;105;501.8;507.5;474.19;522.63;605.33;522.29
4115;Piracaia;SP;Estadual;42;507.27;516.83;473.96;525.72;587.62;522.28
4116;Catalão;GO;Estadual;305;503.21;510.85;481.6;512.46;603.21;522.27
4117;São João da Ponte;MG;Estadual;27;488.23;508.62;466.21;504.43;643.7;522.24
4118;Cachoeira Dourada;GO;Estadual;9;521.69;533.18;496.08;551.38;508.89;522.24
4119;Boa Hora;PI;Estadual;25;451.17;465.57;448.6;499.4;746.4;522.23
4120;Planalto;BA;Estadual;16;475.51;486.12;476.28;510.74;662.5;522.23
4121;Taiobeiras;MG;Estadual;42;500.6;510.75;472.57;506.2;620.95;522.22
4122;Guapirama;PR;Estadual;5;519.6;533.06;488.82;501.3;568.0;522.16
4123;Araponga;MG;Estadual;6;468.68;523.85;476.53;501.75;640.0;522.16
4124;Barretos;SP;Estadual;137;508.78;518.34;474.67;526.36;582.48;522.13
4125;Paranatama;PE;Estadual;14;473.76;504.26;480.86;487.29;664.29;522.09
4126;Panorama;SP;Privada;9;479.57;488.92;495.71;510.58;635.56;522.07
4127;Protásio Alves;RS;Estadual;2;477.5;504.0;500.9;587.9;540.0;522.06
4128;Novo Horizonte do Oeste;RO;Estadual;16;503.56;524.33;497.36;527.43;557.5;522.03
4129;Anapu;PA;Municipal;4;499.1;461.75;480.08;469.05;700.0;522.0
4130;Paracambi;RJ;Estadual;63;498.67;522.75;468.82;503.01;616.51;521.95
4131;Luz;MG;Estadual;26;500.84;501.34;476.09;512.17;619.23;521.94
4132;Andirá;PR;Estadual;76;495.42;493.66;482.73;522.86;615.0;521.93
4133;Ivinhema;MS;Estadual;77;492.46;510.05;477.99;505.57;623.38;521.89
4134;Mafra;SC;Estadual;70;499.45;512.57;483.16;525.88;588.29;521.87
4135;Capitão Poço;PA;Municipal;1;453.2;554.9;435.2;446.0;720.0;521.86
4136;Porteirão;GO;Estadual;7;508.33;508.86;487.46;536.1;568.57;521.86
4137;Matinhos;PR;Estadual;75;515.25;515.09;473.01;517.96;588.0;521.86
4138;Colombo;PR;Estadual;293;510.12;513.9;487.58;514.43;583.14;521.84
4139;Nova Prata;RS;Estadual;58;496.01;496.16;493.75;523.6;599.66;521.84
4140;Santa Cruz das Palmeiras;SP;Estadual;63;508.43;507.95;468.23;523.53;600.95;521.82
4141;Mirante da Serra;RO;Privada;14;494.89;489.56;471.91;501.24;651.43;521.8
4142;Alagoa Nova;PB;Estadual;34;481.4;505.71;467.57;500.18;654.12;521.8
4143;Orizona;GO;Privada;4;518.33;521.25;516.88;517.52;535.0;521.79
4144;Baixa Grande;BA;Estadual;14;497.34;515.33;481.51;490.44;624.29;521.78
4145;Corumbataí do Sul;PR;Estadual;3;519.13;514.43;467.27;568.07;540.0;521.78
4146;Rio Negrinho;SC;Estadual;112;502.65;517.7;484.74;505.19;598.57;521.77
4147;Diamante do Sul;PR;Estadual;11;506.49;528.55;485.3;495.72;592.73;521.76
4148;Santa Cruz do Capibaribe;PE;Estadual;215;498.5;506.16;471.75;513.78;618.51;521.74
4149;Tupanatinga;PE;Estadual;31;473.39;492.89;476.86;506.65;658.71;521.7
4150;Novo Cabrais;RS;Estadual;9;476.79;484.34;483.46;535.04;628.89;521.7
4151;Cascavel;CE;Estadual;493;485.48;498.8;474.4;510.22;639.47;521.67
4152;Capão do Leão;RS;Estadual;33;518.88;514.99;466.85;525.1;582.42;521.65
4153;Rosana;SP;Estadual;45;510.25;513.6;464.62;516.05;603.56;521.62
4154;Coroatá;MA;Estadual;112;477.81;490.78;472.07;498.99;668.39;521.61
4155;Água Azul do Norte;PA;Municipal;1;408.0;488.4;481.5;590.1;640.0;521.6
4156;Rondonópolis;MT;Estadual;620;502.35;508.61;475.96;513.23;607.84;521.6
4157;Itapejara d'Oeste;PR;Estadual;35;502.07;512.85;469.1;541.65;582.29;521.59
4158;Dourados;MS;Estadual;542;500.01;508.27;474.74;505.52;619.41;521.59
4159;Nova Iguaçu;RJ;Estadual;1117;511.22;513.39;478.11;503.56;601.61;521.58
4160;Carmópolis;SE;Estadual;38;495.8;506.74;470.57;508.42;626.32;521.57
4161;Ribeirão do Pinhal;PR;Estadual;15;497.87;494.1;484.23;506.3;625.33;521.57
4162;Pindaí;BA;Estadual;24;484.09;495.82;468.61;525.1;634.17;521.56
4163;Cristais Paulista;SP;Estadual;9;517.51;533.08;491.39;503.59;562.22;521.56
4164;Tiradentes do Sul;RS;Estadual;11;483.71;512.15;481.15;483.4;647.27;521.54
4165;Paraty;RJ;Estadual;85;518.03;518.52;480.78;516.95;573.41;521.54
4166;Itabi;SE;Estadual;17;488.11;492.07;473.73;492.63;661.18;521.54
4167;Acaraú;CE;Estadual;597;472.83;483.93;466.07;512.49;672.36;521.54
4168;Frei Paulo;SE;Estadual;23;472.9;512.17;486.1;494.7;641.74;521.52
4169;Joaquim Távora;PR;Estadual;29;499.71;502.99;470.32;535.21;599.31;521.51
4170;Monte Sião;MG;Estadual;30;505.84;506.49;484.62;517.8;592.67;521.48
4171;Redentora;RS;Estadual;7;506.09;491.7;459.3;498.89;651.43;521.48
4172;Pareci Novo;RS;Estadual;6;500.35;503.68;511.02;535.65;556.67;521.47
4173;São Fidélis;RJ;Estadual;58;499.77;501.48;475.34;519.32;611.38;521.46
4174;Junqueiro;AL;Estadual;65;487.09;496.24;476.93;493.12;653.85;521.44
4175;São Paulo;SP;Municipal;242;514.26;518.51;472.53;516.6;585.29;521.44
4176;Bariri;SP;Estadual;50;506.7;515.41;471.02;543.88;570.0;521.4
4177;Juara;MT;Estadual;67;505.27;514.22;489.01;510.66;587.76;521.39
4178;Riachão do Jacuípe;BA;Estadual;59;501.74;505.01;476.82;508.75;614.58;521.38
4179;Engenheiro Beltrão;PR;Estadual;20;501.18;507.09;467.42;494.22;637.0;521.38
4180;Solânea;PB;Estadual;78;497.67;495.82;476.26;497.09;640.0;521.37
4181;Marcelino Vieira;RN;Estadual;14;492.68;490.14;481.6;503.76;638.57;521.35
4182;Montalvânia;MG;Estadual;21;488.44;504.32;473.37;526.23;614.29;521.33
4183;Boituva;SP;Estadual;31;520.65;511.94;455.22;538.8;580.0;521.32
4184;Macaubal;SP;Estadual;9;509.78;510.36;453.5;537.4;595.56;521.32
4185;São Sebastião da Grama;SP;Estadual;6;541.47;515.43;466.98;485.98;596.67;521.31
4186;Itaíba;PE;Estadual;42;484.32;502.72;479.39;512.51;627.62;521.31
4187;Bujari;AC;Municipal;1;444.1;362.3;461.5;518.6;820.0;521.3
4188;Santa Helena;PB;Estadual;22;477.7;486.69;488.91;500.31;652.73;521.27
4189;Hidrolina;GO;Estadual;11;498.38;499.63;504.02;538.8;565.45;521.26
4190;Charrua;RS;Estadual;7;500.59;507.29;513.3;513.71;571.43;521.26
4191;Enéas Marques;PR;Estadual;22;503.0;535.11;472.57;509.26;586.36;521.26
4192;São Luiz do Paraitinga;SP;Estadual;8;513.41;551.85;468.12;510.44;562.5;521.26
4193;São João;PE;Estadual;27;478.81;501.71;486.01;486.36;653.33;521.25
4194;Carvalhos;MG;Estadual;13;494.29;498.03;457.98;492.73;663.08;521.22
4195;Teresina;PI;Estadual;1705;492.74;500.74;469.46;514.96;628.19;521.22
4196;Tomar do Geru;SE;Estadual;24;490.8;492.86;477.52;499.78;645.0;521.19
4197;Condado;PE;Estadual;75;481.24;499.09;468.52;512.21;644.8;521.17
4198;Bambuí;MG;Estadual;29;508.23;520.1;479.32;523.65;574.48;521.16
4199;Taquari;RS;Estadual;26;510.63;530.67;458.1;515.61;590.77;521.16
4200;Rio Preto da Eva;AM;Privada;18;511.48;515.36;489.88;511.21;577.78;521.14
4201;Ressaquinha;MG;Estadual;9;482.2;503.31;528.36;514.0;577.78;521.13
4202;Agudos;SP;Estadual;42;510.7;511.16;472.14;525.29;586.19;521.1
4203;Barrinha;SP;Estadual;44;503.78;502.87;463.42;521.26;614.09;521.08
4204;Espírito Santo do Turvo;SP;Estadual;2;549.15;540.35;516.45;469.45;530.0;521.08
4205;Milagres;CE;Estadual;202;484.77;502.28;480.86;515.11;622.28;521.06
4206;Luís Antônio;SP;Estadual;12;518.58;512.04;487.18;527.48;560.0;521.06
4207;Ponte Alta do Norte;SC;Estadual;2;506.1;500.8;501.7;556.5;540.0;521.02
4208;Canelinha;SC;Estadual;18;526.5;505.43;482.11;532.17;558.89;521.02
4209;Parnamirim;RN;Estadual;465;499.88;506.12;474.51;511.21;613.2;520.99
4210;Santópolis do Aguapeí;SP;Estadual;1;559.2;462.9;455.6;607.2;520.0;520.98
4211;Bela Vista do Paraíso;PR;Estadual;37;495.96;511.37;476.92;504.31;616.22;520.95
4212;Espinosa;MG;Estadual;46;501.78;489.55;459.1;512.49;641.74;520.93
4213;Sorocaba;SP;Municipal;2;519.85;505.55;491.65;527.4;560.0;520.89
4214;Nova Monte Verde;MT;Estadual;28;496.62;499.78;482.01;533.16;592.86;520.89
4215;São Felipe D'Oeste;RO;Estadual;10;471.72;512.27;463.27;509.19;648.0;520.89
4216;Fernão;SP;Estadual;5;521.68;517.48;455.0;546.28;564.0;520.89
4217;Jaguari;RS;Federal;8;467.45;513.48;451.34;519.49;652.5;520.85
4218;Socorro;SP;Estadual;61;518.67;515.06;469.86;553.39;547.21;520.84
4219;Nova Era;MG;Estadual;26;494.84;515.83;462.37;517.29;613.85;520.84
4220;São Cristóvão do Sul;SC;Estadual;10;507.55;496.44;467.08;497.14;636.0;520.84
4221;Guaraciaba;SC;Estadual;35;497.87;510.47;486.44;517.38;592.0;520.83
4222;Apuarema;BA;Estadual;16;473.7;448.6;456.62;473.94;751.25;520.82
4223;Salinas;MG;Estadual;73;496.44;514.4;470.43;532.09;590.68;520.81
4224;Nossa Senhora do Socorro;SE;Municipal;1;550.2;582.0;502.5;569.3;400.0;520.8
4225;Maquiné;RS;Estadual;3;478.0;516.2;440.2;542.9;626.67;520.79
4226;Dom Basílio;BA;Estadual;9;465.01;513.86;459.41;536.76;628.89;520.78
4227;Manduri;SP;Estadual;10;534.24;522.7;473.83;515.03;558.0;520.76
4228;Santa Branca;SP;Estadual;21;509.7;518.07;495.32;512.15;568.57;520.76
4229;Abreu e Lima;PE;Privada;45;491.12;510.62;491.12;510.04;600.89;520.76
4230;Mar de Espanha;MG;Estadual;23;508.1;518.2;473.78;515.8;587.83;520.74
4231;Iraí de Minas;MG;Estadual;12;490.88;503.34;476.9;524.16;608.33;520.72
4232;Maracanaú;CE;Municipal;10;511.35;522.9;484.01;489.2;596.0;520.69
4233;Trizidela do Vale;MA;Estadual;9;488.81;487.54;474.48;483.54;668.89;520.65
4234;Itaquaquecetuba;SP;Estadual;663;516.97;513.79;469.2;515.57;587.66;520.64
4235;Humaitá;AM;Federal;25;516.1;514.49;466.55;490.82;615.2;520.63
4236;Eusébio;CE;Estadual;393;502.1;504.38;476.47;515.98;604.12;520.61
4237;Novorizonte;MG;Estadual;4;454.2;545.95;438.35;514.48;650.0;520.6
4238;Gado Bravo;PB;Estadual;13;491.28;498.91;471.71;465.72;675.38;520.6
4239;Arara;PB;Estadual;38;483.94;506.85;476.78;499.11;636.32;520.6
4240;Piancó;PB;Municipal;1;505.4;520.2;438.4;578.9;560.0;520.58
4241;Nossa Senhora da Glória;SE;Estadual;122;487.04;508.97;472.35;499.79;634.75;520.58
4242;Rio Bonito;RJ;Estadual;145;495.49;509.21;478.37;495.55;624.14;520.55
4243;Terra de Areia;RS;Estadual;36;507.03;513.67;472.17;482.64;627.22;520.55
4244;Ferros;MG;Estadual;11;481.82;511.43;511.94;522.8;574.55;520.51
4245;Umirim;CE;Federal;21;505.27;510.14;470.83;503.87;612.38;520.5
4246;Sagrada Família;RS;Estadual;10;487.98;498.0;449.07;511.42;656.0;520.49
4247;Renascença;PR;Estadual;21;514.36;486.53;477.36;543.85;580.0;520.42
4248;Ribeirão Branco;SP;Estadual;48;497.39;504.68;454.65;544.47;600.83;520.4
4249;Mombuca;SP;Estadual;5;528.62;528.0;488.2;545.02;512.0;520.37
4250;Geminiano;PI;Estadual;15;466.47;488.25;440.83;480.93;725.33;520.36
4251;Raposos;MG;Estadual;11;517.71;537.26;474.7;519.35;552.73;520.35
4252;Areia;PB;Estadual;47;484.99;498.18;470.55;500.38;647.66;520.35
4253;Tangará da Serra;MT;Estadual;294;491.95;509.04;469.52;505.22;625.92;520.33
4254;Itapevi;SP;Estadual;326;519.05;514.51;465.1;521.1;581.9;520.33
4255;Pedregulho;SP;Estadual;21;503.12;515.36;460.8;517.55;604.76;520.32
4256;São Francisco do Sul;SC;Estadual;75;506.81;507.85;476.5;518.27;592.0;520.29
4257;Vargem;SP;Estadual;1;532.2;483.7;492.6;492.9;600.0;520.28
4258;Novo Itacolomi;PR;Estadual;8;506.66;521.84;480.5;527.36;565.0;520.27
4259;Rio Casca;MG;Estadual;20;488.82;506.58;485.5;505.46;615.0;520.27
4260;Santo André;PB;Estadual;10;471.09;488.57;464.01;529.66;648.0;520.27
4261;Guatambú;SC;Estadual;19;503.01;516.46;487.93;515.97;577.89;520.25
4262;Divinésia;MG;Estadual;3;504.07;527.57;435.07;561.2;573.33;520.25
4263;Marcolândia;PI;Estadual;11;472.97;494.96;478.17;498.61;656.36;520.22
4264;Umarizal;RN;Estadual;26;489.58;476.2;485.65;502.72;646.92;520.22
4265;Vila Nova do Sul;RS;Estadual;12;494.25;508.77;482.57;507.18;608.33;520.22
4266;Candiba;BA;Estadual;16;468.86;489.52;465.46;468.52;708.75;520.22
4267;Patrocínio;MG;Estadual;86;505.2;519.57;483.19;520.7;572.33;520.19
4268;Palminópolis;GO;Estadual;4;510.45;496.35;445.8;498.33;650.0;520.18
4269;Curitibanos;SC;Estadual;97;506.6;513.49;485.63;511.77;583.3;520.16
4270;Santa Filomena;PE;Estadual;28;494.15;515.15;461.29;500.2;630.0;520.16
4271;São Sebastião do Anta;MG;Estadual;16;504.32;511.12;496.29;527.73;561.25;520.14
4272;Araguaçu;TO;Estadual;16;496.72;480.42;475.04;529.69;618.75;520.12
4273;Gurupá;PA;Estadual;21;474.65;499.86;463.78;502.23;660.0;520.1
4274;Cambuci;RJ;Estadual;29;493.53;497.22;459.9;520.0;629.66;520.06
4275;Joanópolis;SP;Estadual;30;510.0;507.71;470.63;540.57;571.33;520.05
4276;Altamira;PA;Estadual;384;487.28;499.91;470.93;501.6;640.52;520.05
4277;Amélia Rodrigues;BA;Estadual;42;488.08;490.04;491.0;494.57;636.19;519.98
4278;Sertanópolis;PR;Estadual;30;497.88;503.38;491.66;534.96;572.0;519.98
4279;Augusto de Lima;MG;Estadual;8;490.61;528.81;483.89;518.99;577.5;519.96
4280;Pedra Azul;MG;Estadual;32;496.3;512.01;473.47;516.14;601.88;519.96
4281;Sarandi;PR;Estadual;201;511.53;511.77;484.71;509.97;581.79;519.95
4282;Petrolândia;SC;Estadual;17;492.83;521.63;468.51;484.94;631.76;519.93
4283;Oratórios;MG;Estadual;3;511.8;517.47;507.83;529.17;533.33;519.92
4284;Capim Branco;MG;Estadual;8;525.5;509.89;481.88;509.79;572.5;519.91
4285;Tambaú;SP;Estadual;20;513.12;502.24;455.0;502.16;627.0;519.9
4286;Mostardas;RS;Estadual;11;509.6;507.61;458.09;511.49;612.73;519.9
4287;Central de Minas;MG;Estadual;8;502.6;511.16;483.24;484.96;617.5;519.89
4288;Itaara;RS;Estadual;12;503.51;518.94;488.28;505.33;583.33;519.88
4289;Estação;RS;Estadual;15;508.43;511.44;485.1;519.71;574.67;519.87
4290;Ipiranga do Piauí;PI;Estadual;31;467.07;487.69;473.82;497.24;673.55;519.87
4291;Xique-Xique;BA;Municipal;10;468.72;481.59;467.99;497.01;684.0;519.86
4292;São Sebastião do Rio Preto;MG;Estadual;8;487.32;534.64;481.21;486.06;610.0;519.85
4293;Colorado do Oeste;RO;Estadual;35;488.77;500.94;482.3;515.16;612.0;519.83
4294;Cururupu;MA;Privada;4;466.45;491.3;498.1;503.05;640.0;519.78
4295;Tarauacá;AC;Federal;58;479.87;494.87;471.39;500.63;652.07;519.77
4296;Lajedo;PE;Estadual;140;493.51;501.01;473.75;509.58;621.0;519.77
4297;Augustinópolis;TO;Estadual;64;483.17;500.71;475.79;504.15;635.0;519.76
4298;Jaboti;PR;Estadual;22;506.07;508.25;491.75;512.68;580.0;519.75
4299;Curral Novo do Piauí;PI;Estadual;4;492.68;484.25;455.32;541.3;625.0;519.71
4300;Apucarana;PR;Estadual;190;505.48;508.49;489.25;531.78;563.47;519.7
4301;Taió;SC;Estadual;64;503.54;514.46;493.92;506.86;579.69;519.69
4302;João Câmara;RN;Privada;33;498.27;504.32;470.91;498.83;626.06;519.68
4303;Terra Roxa;PR;Estadual;44;498.5;507.77;478.45;524.99;588.64;519.67
4304;Nova Independência;SP;Estadual;3;489.63;505.5;478.77;537.77;586.67;519.67
4305;Feira de Santana;BA;Estadual;904;500.3;508.87;477.03;504.99;607.12;519.66
4306;Icém;SP;Estadual;11;481.75;519.03;478.73;513.29;605.45;519.65
4307;Piquet Carneiro;CE;Estadual;48;489.56;510.33;484.04;503.05;611.25;519.65
4308;Araguaína;TO;Estadual;482;493.34;500.48;476.05;509.04;619.29;519.64
4309;Igrapiúna;BA;Estadual;3;521.07;506.03;456.53;514.5;600.0;519.63
4310;Parobé;RS;Municipal;1;528.3;536.7;469.3;483.8;580.0;519.62
4311;Seringueiras;RO;Estadual;36;479.24;499.16;463.99;501.16;654.44;519.6
4312;Campo Mourão;PR;Estadual;154;500.16;505.56;489.12;516.41;586.75;519.6
4313;Rosário do Sul;RS;Estadual;39;521.57;513.54;467.43;498.88;596.41;519.57
4314;Porto Velho;RO;Estadual;1517;493.16;504.1;471.32;498.67;630.61;519.57
4315;João Pinheiro;MG;Estadual;70;499.88;501.91;475.17;527.17;593.71;519.57
4316;Juazeiro;BA;Estadual;402;490.82;505.69;471.04;508.57;621.69;519.56
4317;Felisburgo;MG;Estadual;3;520.4;460.1;483.57;606.8;526.67;519.51
4318;São Luiz do Norte;GO;Estadual;10;498.21;514.27;473.22;535.78;576.0;519.5
4319;Mirandiba;PE;Estadual;23;477.61;498.32;449.65;536.2;635.65;519.49
4320;Oeiras;PI;Municipal;1;525.1;537.3;447.3;487.7;600.0;519.48
4321;Serranópolis de Minas;MG;Estadual;5;473.1;528.42;468.82;522.84;604.0;519.44
4322;Touros;RN;Estadual;56;469.13;493.02;476.4;498.63;660.0;519.44
4323;Lucas do Rio Verde;MT;Estadual;140;502.57;502.77;480.26;516.63;594.86;519.42
4324;Santa Rosa de Lima;SC;Estadual;8;471.15;527.17;484.4;526.83;587.5;519.41
4325;Biritiba Mirim;SP;Estadual;30;497.72;488.16;472.81;538.29;600.0;519.4
4326;Wenceslau Braz;PR;Estadual;30;489.6;507.61;475.55;497.53;626.67;519.39
4327;Presidente Jânio Quadros;BA;Estadual;14;489.17;498.96;480.79;486.62;641.43;519.39
4328;Guararapes;SP;Estadual;38;506.82;514.64;468.22;518.82;588.42;519.39
4329;Santa Luzia;BA;Estadual;13;479.31;479.22;479.31;534.48;624.62;519.39
4330;Arroio do Padre;RS;Estadual;12;467.94;514.38;466.77;552.82;595.0;519.38
4331;Caldas;MG;Estadual;21;516.82;502.54;470.59;513.6;593.33;519.37
4332;Sant'Ana do Livramento;RS;Estadual;155;513.8;510.83;464.1;500.01;608.13;519.37
4333;São José do Rio Claro;MT;Estadual;42;486.63;502.88;469.98;531.53;605.71;519.35
4334;Barra do Piraí;RJ;Estadual;100;510.46;518.55;475.96;499.72;592.0;519.34
4335;Nova Hartz;RS;Estadual;15;512.48;505.96;467.36;526.72;584.0;519.3
4336;Condeúba;BA;Estadual;13;479.25;511.57;474.66;507.94;623.08;519.3
4337;Catas Altas;MG;Estadual;2;529.4;473.8;544.45;478.85;570.0;519.3
4338;Tarumirim;MG;Estadual;26;516.96;499.68;459.57;516.42;603.85;519.29
4339;Santo Augusto;RS;Estadual;16;495.61;496.23;464.69;519.89;620.0;519.28
4340;Camutanga;PE;Estadual;13;485.05;498.55;457.86;477.98;676.92;519.27
4341;Rio Branco;AC;Estadual;1111;495.78;505.71;472.32;503.81;618.7;519.27
4342;Mamonas;MG;Estadual;6;498.97;545.2;452.75;519.42;580.0;519.27
4343;Brejo;MA;Privada;10;484.05;484.31;475.67;478.33;674.0;519.27
4344;Santa Cecília do Pavão;PR;Estadual;1;550.6;483.0;502.2;420.5;640.0;519.26
4345;Abel Figueiredo;PA;Municipal;3;492.23;500.27;430.77;519.67;653.33;519.25
4346;Itapagipe;MG;Estadual;32;484.85;515.11;489.0;543.43;563.75;519.23
4347;Astolfo Dutra;MG;Estadual;18;508.21;520.21;492.69;514.98;560.0;519.22
4348;Castanhal;PA;Estadual;365;489.78;506.49;471.66;493.45;634.74;519.22
4349;Brejo Santo;CE;Estadual;285;486.74;497.56;478.37;516.87;616.42;519.19
4350;Sumaré;SP;Estadual;220;515.93;509.77;468.71;518.0;583.55;519.19
4351;Monte Santo;BA;Privada;11;476.93;507.38;484.18;494.62;632.73;519.17
4352;Duas Barras;RJ;Estadual;14;508.66;512.24;478.61;517.77;578.57;519.17
4353;General Salgado;SP;Estadual;37;497.34;502.41;469.55;558.92;567.57;519.16
4354;Água Doce;SC;Estadual;31;504.4;513.86;497.15;486.1;594.19;519.14
4355;Iturama;MG;Estadual;68;508.23;504.05;472.81;519.02;591.47;519.12
4356;Presidente Castello Branco;SC;Estadual;9;520.46;522.06;471.42;492.71;588.89;519.11
4357;Nova Luzitânia;SP;Estadual;7;497.69;510.31;472.31;503.63;611.43;519.07
4358;Maricá;RJ;Estadual;372;507.29;511.88;476.31;507.68;592.2;519.07
4359;São Vicente do Seridó;PB;Estadual;30;476.98;491.54;468.62;496.8;661.33;519.06
4360;Crato;CE;Estadual;661;489.83;502.49;474.95;505.26;622.75;519.06
4361;Brasilândia de Minas;MG;Estadual;33;494.61;495.63;479.6;529.69;595.76;519.06
4362;Viana;ES;Estadual;174;504.37;507.49;465.92;512.3;605.17;519.05
4363;Piracuruca;PI;Estadual;135;482.76;493.51;467.76;520.21;630.96;519.04
4364;Rafael Godeiro;RN;Estadual;20;487.9;475.21;448.26;492.77;691.0;519.03
4365;Ubaí;MG;Estadual;18;506.48;484.74;473.45;492.66;637.78;519.02
4366;Quatipuru;PA;Estadual;12;473.18;486.89;468.61;487.95;678.33;518.99
4367;Faxinal dos Guedes;SC;Estadual;23;490.0;496.63;473.26;518.56;616.52;518.99
4368;Ibirapitanga;BA;Estadual;11;510.35;501.89;469.52;465.85;647.27;518.98
4369;Galvão;SC;Estadual;6;506.9;493.23;496.03;508.72;590.0;518.98
4370;Ulianópolis;PA;Estadual;37;490.61;497.75;472.92;515.75;617.84;518.97
4371;Nossa Senhora Aparecida;SE;Estadual;17;462.41;505.71;473.66;498.89;654.12;518.96
4372;Votuporanga;SP;Estadual;110;509.85;498.79;475.2;521.76;589.09;518.94
4373;Cabo de Santo Agostinho;PE;Estadual;433;503.69;507.32;474.85;514.57;594.23;518.93
4374;Araporã;MG;Estadual;12;503.67;512.66;491.38;543.51;543.33;518.91
4375;Dona Euzébia;MG;Estadual;9;470.2;519.77;501.92;544.9;557.78;518.91
4376;Astorga;PR;Estadual;63;491.61;508.09;475.71;513.93;605.08;518.89
4377;Pinhalzinho;SP;Estadual;35;514.12;518.64;480.54;516.02;565.14;518.89
4378;Água Branca;PB;Estadual;31;488.27;495.92;465.84;519.65;624.52;518.84
4379;Tocantinópolis;TO;Estadual;52;483.23;487.21;471.36;492.36;660.0;518.83
4380;Almeirim;PA;Privada;5;509.72;481.38;476.96;506.08;620.0;518.83
4381;Araçaí;MG;Estadual;5;479.42;518.44;477.94;502.36;616.0;518.83
4382;Nonoai;RS;Estadual;23;510.72;513.79;480.1;512.16;577.39;518.83
4383;São Caitano;PE;Estadual;47;498.98;498.35;471.42;496.4;628.94;518.82
4384;Prata;MG;Estadual;19;475.95;507.76;473.55;510.43;626.32;518.8
4385;Campo Verde;MT;Estadual;132;487.14;500.97;474.88;516.62;614.24;518.77
4386;Campos Sales;CE;Estadual;279;477.3;490.75;471.31;509.26;645.16;518.76
4387;Acaiaca;MG;Estadual;2;487.5;535.3;506.95;494.0;570.0;518.75
4388;Fontoura Xavier;RS;Estadual;18;494.63;509.5;455.79;529.14;604.44;518.7
4389;Mairinque;SP;Estadual;181;513.54;513.39;484.42;517.06;565.08;518.7
4390;Cachoeira Paulista;SP;Estadual;39;502.87;518.97;490.67;509.63;571.28;518.68
4391;Itamogi;MG;Estadual;18;492.98;499.89;447.63;514.99;637.78;518.66
4392;Tracunhaém;PE;Estadual;64;470.51;488.15;482.27;502.21;650.0;518.63
4393;Lago do Junco;MA;Estadual;13;497.52;506.12;482.12;475.02;632.31;518.62
4394;Nova Santa Rosa;PR;Estadual;19;505.45;515.66;480.85;527.99;563.16;518.62
4395;Humaitá;RS;Estadual;17;482.71;495.32;467.43;544.05;603.53;518.61
4396;Getúlio Vargas;RS;Estadual;28;504.38;495.62;491.49;482.92;618.57;518.6
4397;Senhor do Bonfim;BA;Estadual;100;487.58;500.24;469.25;499.45;636.4;518.58
4398;Casserengue;PB;Estadual;5;503.8;500.98;453.84;550.22;584.0;518.57
4399;Armazém;SC;Estadual;10;509.22;513.84;476.44;523.36;570.0;518.57
4400;Godofredo Viana;MA;Estadual;7;489.74;506.19;483.17;476.61;637.14;518.57
4401;Novo Santo Antônio;PI;Estadual;11;484.95;487.52;458.44;480.09;681.82;518.56
4402;Canto do Buriti;PI;Estadual;49;487.81;502.97;467.57;518.36;615.92;518.53
4403;São José da Boa Vista;PR;Estadual;4;511.5;517.35;463.18;550.58;550.0;518.52
4404;Alagoinhas;BA;Estadual;166;504.78;505.22;479.44;501.5;601.57;518.5
4405;Dois Vizinhos;PR;Estadual;115;501.7;508.57;475.32;522.27;584.52;518.48
4406;Domingos Mourão;PI;Estadual;15;494.83;520.42;492.12;511.71;573.33;518.48
4407;Tibau;RN;Estadual;20;476.04;497.01;474.14;506.2;639.0;518.48
4408;Assis Chateaubriand;PR;Estadual;89;504.88;499.79;477.9;515.85;593.93;518.47
4409;Araruama;RJ;Estadual;221;507.19;513.39;471.51;502.16;598.1;518.47
4410;Horizontina;RS;Estadual;25;508.46;496.68;495.11;512.04;580.0;518.46
4411;Itaú de Minas;MG;Estadual;19;515.45;505.52;460.02;523.92;587.37;518.45
4412;Ribeirão Claro;PR;Estadual;5;498.92;511.42;472.02;513.76;596.0;518.42
4413;São Gonçalo;RJ;Estadual;1125;506.65;509.43;475.66;497.34;602.97;518.41
4414;Várzea do Poço;BA;Estadual;15;482.67;490.51;452.94;485.87;680.0;518.4
4415;Farias Brito;CE;Estadual;137;492.66;503.96;484.74;512.25;598.39;518.4
4416;Arneiroz;CE;Estadual;45;488.97;506.19;465.66;533.39;597.78;518.4
4417;Emas;PB;Estadual;8;466.18;494.18;465.7;453.48;712.5;518.4
4418;Paty do Alferes;RJ;Estadual;55;493.28;518.63;454.77;511.81;613.45;518.39
4419;Salto do Céu;MT;Estadual;5;485.2;500.94;467.38;534.42;604.0;518.39
4420;Marituba;PA;Estadual;205;500.44;507.32;465.1;489.66;629.37;518.38
4421;Amambai;MS;Estadual;124;493.55;509.94;474.36;526.33;587.74;518.38
4422;Sooretama;ES;Estadual;83;483.11;504.54;458.0;496.06;650.12;518.37
4423;Coxilha;RS;Estadual;5;500.12;476.92;466.2;476.62;672.0;518.37
4424;Quixelô;CE;Estadual;48;481.72;490.53;492.95;514.52;612.08;518.36
4425;Passa Tempo;MG;Estadual;6;428.98;508.32;465.5;532.35;656.67;518.36
4426;Guapiaçu;SP;Estadual;33;516.97;516.02;462.52;523.53;572.73;518.35
4427;Cacoal;RO;Estadual;219;500.72;508.67;474.45;507.85;599.82;518.3
4428;Cordisburgo;MG;Estadual;10;524.85;511.06;481.85;567.59;506.0;518.27
4429;Patu;RN;Estadual;71;468.29;500.16;464.47;496.62;661.69;518.25
4430;Campo Grande;MS;Municipal;8;491.88;473.62;462.78;480.41;682.5;518.24
4431;Boa Esperança;MG;Estadual;95;498.87;505.14;484.77;520.59;581.68;518.21
4432;Minas Novas;MG;Estadual;61;484.6;499.46;488.83;523.02;595.08;518.2
4433;Conceição do Mato Dentro;MG;Estadual;15;483.15;500.84;476.93;519.31;610.67;518.18
4434;Junqueirópolis;SP;Estadual;28;507.71;514.89;467.17;536.09;565.0;518.17
4435;Marabá Paulista;SP;Estadual;7;507.8;514.54;476.8;494.49;597.14;518.15
4436;Rio Verde;GO;Estadual;586;500.2;508.39;475.32;516.7;590.14;518.15
4437;Nova Fátima;PR;Estadual;16;505.5;501.72;470.14;502.02;611.25;518.13
4438;Passira;PE;Estadual;86;492.17;495.3;475.96;496.15;630.93;518.1
4439;Aparecida de Goiânia;GO;Municipal;2;483.15;537.0;472.95;547.25;550.0;518.07
4440;São Miguel do Aleixo;SE;Estadual;14;488.74;491.02;455.6;479.25;675.71;518.06
4441;Rio Crespo;RO;Estadual;15;481.38;520.21;463.54;518.44;606.67;518.05
4442;Ibatiba;ES;Estadual;36;492.13;504.53;455.49;543.11;595.0;518.05
4443;Lagoa Grande;PE;Estadual;38;473.69;490.9;475.2;511.35;638.95;518.02
4444;Cordilheira Alta;SC;Estadual;10;496.8;508.46;486.98;471.83;626.0;518.01
4445;Varzelândia;MG;Estadual;27;493.34;504.84;460.8;509.58;621.48;518.01
4446;Salgado Filho;PR;Estadual;4;519.5;525.15;492.02;513.25;540.0;517.98
4447;Água Boa;MT;Estadual;51;502.74;502.24;486.06;520.66;578.04;517.95
4448;Cidade Gaúcha;PR;Estadual;29;488.22;509.15;470.59;540.27;581.38;517.92
4449;Jataúba;PE;Estadual;32;493.46;495.93;490.22;528.05;581.88;517.91
4450;Anápolis;GO;Municipal;2;499.0;520.45;423.85;586.2;560.0;517.9
4451;Bom Jesus do Tocantins;PA;Estadual;24;486.85;514.67;468.26;496.35;623.33;517.89
4452;Rio Bananal;ES;Privada;6;486.98;531.27;470.25;540.97;560.0;517.89
4453;Condor;RS;Estadual;20;493.34;515.27;467.61;493.18;620.0;517.88
4454;Irineópolis;SC;Estadual;32;485.09;502.81;487.18;528.01;586.25;517.87
4455;Capela do Alto;SP;Estadual;22;496.66;493.9;461.01;528.7;609.09;517.87
4456;Mato Verde;MG;Estadual;17;495.16;508.52;446.36;526.32;612.94;517.86
4457;Areial;PB;Estadual;20;487.8;510.02;495.26;487.08;609.0;517.84
4458;Minas do Leão;RS;Estadual;16;501.67;509.81;475.52;527.08;575.0;517.82
4459;Cariacica;ES;Estadual;732;502.79;514.25;471.36;504.99;595.55;517.79
4460;Nova Bassano;RS;Estadual;32;484.08;497.81;460.8;519.35;626.88;517.78
4461;São Luís;MA;Estadual;2881;490.63;500.39;473.72;501.74;622.31;517.76
4462;Theobroma;RO;Estadual;14;508.69;533.06;484.81;492.19;570.0;517.75
4463;Vacaria;RS;Estadual;97;505.96;512.51;465.47;522.53;582.06;517.71
4464;Caracol;PI;Estadual;13;461.34;496.56;470.1;517.47;643.08;517.71
4465;Itabirito;MG;Estadual;54;500.75;515.41;474.35;507.64;590.37;517.7
4466;Elói Mendes;MG;Estadual;35;503.28;507.74;470.31;502.99;604.0;517.67
4467;Campinas;SP;Municipal;8;527.14;502.1;458.16;520.85;580.0;517.65
4468;Medina;MG;Estadual;29;501.13;497.94;465.61;506.35;617.24;517.65
4469;Barra Bonita;SC;Estadual;4;455.48;486.38;458.02;533.22;655.0;517.62
4470;Valença do Piauí;PI;Estadual;59;465.56;490.71;468.86;485.7;677.29;517.62
4471;Chalé;MG;Estadual;7;486.86;487.99;468.96;535.7;608.57;517.61
4472;Santo Afonso;MT;Estadual;10;447.51;477.74;451.14;513.63;698.0;517.6
4473;Itaparica;BA;Estadual;21;499.58;507.97;468.01;508.6;603.81;517.6
4474;São Domingos do Azeitão;MA;Estadual;26;461.42;464.75;463.58;490.52;707.69;517.59
4475;Paranacity;PR;Estadual;20;492.48;513.76;480.52;495.11;606.0;517.58
4476;Poção de Pedras;MA;Estadual;31;474.7;484.48;461.6;499.87;667.1;517.55
4477;São Tomé;RN;Estadual;9;479.16;526.01;465.14;468.42;648.89;517.52
4478;Taperoá;PB;Estadual;48;495.02;505.04;478.11;497.74;611.67;517.52
4479;Ritápolis;MG;Estadual;9;486.41;513.77;470.64;516.6;600.0;517.48
4480;Anhumas;SP;Estadual;3;552.43;475.73;465.67;513.5;580.0;517.47
4481;Verê;PR;Estadual;25;502.78;504.6;489.56;500.79;589.6;517.47
4482;Bom Repouso;MG;Estadual;18;526.89;523.94;502.48;510.71;523.33;517.47
4483;Boqueirão;PB;Estadual;51;508.97;507.97;478.35;505.75;586.27;517.46
4484;Caracol;MS;Estadual;11;493.01;526.59;477.75;482.6;607.27;517.45
4485;Cacimbinhas;AL;Privada;4;517.08;454.65;489.85;490.48;635.0;517.41
4486;Parauapebas;PA;Estadual;369;494.92;500.14;474.71;503.68;613.44;517.38
4487;Quatiguá;PR;Estadual;18;488.72;508.94;475.39;506.03;607.78;517.37
4488;Piripiri;PI;Estadual;135;475.63;488.65;464.38;512.78;645.19;517.33
4489;Pongaí;SP;Estadual;8;520.48;502.11;450.35;543.62;570.0;517.31
4490;São José de Caiana;PB;Estadual;1;493.6;518.9;459.9;434.1;680.0;517.3
4491;Ipueira;RN;Estadual;3;462.83;461.73;495.3;526.57;640.0;517.29
4492;Uruguaiana;RS;Estadual;328;502.4;507.84;479.8;502.24;594.02;517.26
4493;Casa Branca;SP;Estadual;53;510.14;501.57;487.87;515.28;571.32;517.24
4494;Senador Pompeu;CE;Estadual;160;491.11;501.11;474.52;507.57;611.88;517.24
4495;Cerrito;RS;Estadual;4;497.38;522.22;451.28;510.08;605.0;517.19
4496;Bandeirantes;PR;Estadual;76;499.71;502.99;473.25;505.21;604.74;517.18
4497;Marianópolis do Tocantins;TO;Estadual;9;493.11;507.82;477.57;496.27;611.11;517.18
4498;Tavares;RS;Estadual;12;509.26;507.84;485.51;528.23;555.0;517.17
4499;Campo Novo do Parecis;MT;Estadual;93;491.43;508.53;477.69;519.33;588.82;517.16
4500;Apodi;RN;Estadual;105;489.82;495.0;471.07;492.32;637.52;517.15
4501;Iracema;RR;Estadual;1;522.6;531.4;451.3;500.3;580.0;517.12
4502;Nova Roma do Sul;RS;Estadual;10;530.84;509.22;472.73;540.74;532.0;517.11
4503;Espírito Santo;RN;Estadual;6;544.87;536.7;489.9;527.32;486.67;517.09
4504;Coronel Martins;SC;Estadual;13;487.49;500.19;491.85;492.02;613.85;517.08
4505;Goiana;PE;Estadual;151;492.66;499.06;477.86;516.67;599.07;517.06
4506;Rosário;MA;Federal;48;487.33;487.89;473.99;487.78;648.33;517.06
4507;São João;PR;Estadual;25;498.85;501.98;474.86;523.96;585.6;517.05
4508;Rodelas;BA;Estadual;31;483.46;486.3;473.29;494.41;647.74;517.04
4509;Padre Marcos;PI;Estadual;17;473.32;501.74;465.16;519.12;625.88;517.04
4510;Itarana;ES;Estadual;26;483.22;514.63;482.94;499.73;604.62;517.03
4511;Frei Rogério;SC;Estadual;7;494.17;475.87;495.7;499.39;620.0;517.03
4512;Nova União;RO;Estadual;10;479.98;512.17;454.43;474.56;664.0;517.03
4513;Valparaíso de Goiás;GO;Estadual;453;503.58;507.56;475.77;508.45;589.71;517.02
4514;Piraí do Sul;PR;Estadual;50;510.15;523.5;470.45;514.17;566.8;517.01
4515;Vilhena;RO;Estadual;193;494.24;505.53;474.39;509.58;601.24;517.0
4516;Pirenópolis;GO;Estadual;64;506.78;507.62;484.03;512.73;573.75;516.98
4517;Duque de Caxias;RJ;Estadual;1171;505.2;509.38;472.92;499.18;598.24;516.98
4518;Carlinda;MT;Estadual;23;494.03;510.98;460.0;502.43;617.39;516.97
4519;Cruzeiro do Oeste;PR;Estadual;31;508.87;507.22;484.45;496.4;587.74;516.94
4520;Porteirinha;MG;Municipal;1;452.2;531.0;436.5;504.9;660.0;516.92
4521;Anhanguera;GO;Estadual;2;507.35;510.55;466.2;580.4;520.0;516.9
4522;Córrego Danta;MG;Estadual;4;511.5;525.98;465.62;521.35;560.0;516.89
4523;Jussara;PR;Estadual;18;508.32;514.21;500.01;538.51;523.33;516.88
4524;São Carlos do Ivaí;PR;Estadual;5;512.36;507.98;458.92;429.06;676.0;516.86
4525;Santo Antônio da Platina;PR;Estadual;70;493.5;503.84;480.38;522.5;584.0;516.85
4526;Tucano;BA;Estadual;60;484.4;499.35;473.06;489.09;638.33;516.85
4527;Jóia;RS;Estadual;15;494.33;481.93;478.03;519.32;610.67;516.85
4528;Serra do Mel;RN;Estadual;13;494.02;489.78;485.72;499.23;615.38;516.83
4529;Goiandira;GO;Estadual;7;500.79;510.4;460.77;540.79;571.43;516.83
4530;Petrópolis;RJ;Municipal;14;495.18;515.91;479.31;490.86;602.86;516.82
4531;Valente;BA;Estadual;74;496.53;496.58;469.3;497.87;623.78;516.81
4532;Ribeirão Vermelho;MG;Estadual;5;497.1;514.78;492.64;495.54;584.0;516.81
4533;Quitandinha;PR;Estadual;35;490.02;502.89;477.28;510.93;602.86;516.8
4534;General Câmara;RS;Estadual;7;536.21;524.31;449.13;554.29;520.0;516.79
4535;Tapejara;PR;Estadual;23;501.49;516.04;463.73;517.41;585.22;516.78
4536;Veranópolis;RS;Estadual;15;529.38;520.17;477.69;500.55;556.0;516.76
4537;Japorã;MS;Estadual;5;492.46;511.72;473.78;525.74;580.0;516.74
4538;Serro;MG;Estadual;13;510.66;497.29;474.32;535.25;566.15;516.74
4539;Balneário Barra do Sul;SC;Estadual;12;502.25;510.6;487.17;486.95;596.67;516.73
4540;Aparecida de Goiânia;GO;Estadual;1291;501.65;505.63;471.06;507.54;597.54;516.68
4541;Santana do Araguaia;PA;Privada;1;415.8;424.9;544.0;478.7;720.0;516.68
4542;Caçu;GO;Estadual;38;494.68;502.31;465.16;507.01;614.21;516.67
4543;Taperoá;BA;Municipal;1;493.9;477.3;428.7;483.4;700.0;516.66
4544;São Miguel do Iguaçu;PR;Estadual;50;506.12;510.86;478.75;521.13;566.4;516.65
4545;Entre Rios do Sul;RS;Estadual;11;490.42;515.15;471.63;507.85;598.18;516.65
4546;Bom Jardim de Goiás;GO;Estadual;19;492.84;502.03;465.77;514.07;608.42;516.63
4547;Paulistânia;SP;Estadual;6;509.12;516.67;464.95;532.32;560.0;516.61
4548;Curionópolis;PA;Estadual;28;490.22;512.05;465.29;486.85;628.57;516.59
4549;Aimorés;MG;Estadual;28;505.01;511.07;465.74;536.73;564.29;516.57
4550;São João da Serra;PI;Estadual;22;486.45;503.04;466.63;473.06;653.64;516.56
4551;Benedito Novo;SC;Municipal;1;471.7;554.5;460.8;515.7;580.0;516.54
4552;Dionísio Cerqueira;SC;Estadual;19;482.14;500.53;495.21;515.28;589.47;516.53
4553;Papanduva;SC;Estadual;41;494.57;511.5;467.9;526.05;582.44;516.49
4554;Embu-Guaçu;SP;Estadual;112;514.0;512.29;465.23;520.41;570.54;516.49
4555;Flores do Piauí;PI;Municipal;1;451.7;539.3;441.7;549.7;600.0;516.48
4556;Brejo de Areia;MA;Estadual;2;427.0;501.85;479.6;543.8;630.0;516.45
4557;Seropédica;RJ;Estadual;159;513.29;514.94;469.56;494.14;590.31;516.45
4558;Braúna;SP;Estadual;5;489.18;511.9;448.02;557.12;576.0;516.44
4559;Santos Dumont;MG;Estadual;27;501.59;507.33;477.16;519.73;576.3;516.42
4560;Vargem Grande Paulista;SP;Estadual;107;511.1;512.8;466.99;524.78;566.17;516.37
4561;São João de Meriti;RJ;Estadual;719;506.94;507.75;471.56;501.6;593.85;516.34
4562;Pirapora;MG;Estadual;55;498.96;502.38;473.06;503.6;603.64;516.33
4563;Baião;PA;Municipal;2;470.45;521.85;444.25;594.9;550.0;516.29
4564;Santa Rita de Cássia;BA;Estadual;39;480.57;499.1;465.3;499.49;636.92;516.28
4565;Nova Itarana;BA;Estadual;5;491.86;533.28;468.26;472.02;616.0;516.28
4566;Cocal;PI;Federal;46;470.48;492.18;467.92;486.47;664.35;516.28
4567;Jesuítas;PR;Estadual;19;487.93;501.01;484.18;488.22;620.0;516.27
4568;Coração de Jesus;MG;Estadual;26;478.31;490.38;492.13;504.37;616.15;516.27
4569;Modelo;SC;Estadual;15;483.65;510.57;489.81;523.99;573.33;516.27
4570;Cedral;SP;Estadual;37;521.23;515.11;472.36;518.52;554.05;516.26
4571;São Simão;SP;Estadual;31;505.33;510.64;480.02;520.69;564.52;516.24
4572;Barra do Quaraí;RS;Estadual;12;513.57;503.06;476.25;511.52;576.67;516.21
4573;Ibitirama;ES;Estadual;17;491.25;503.61;484.36;525.25;576.47;516.19
4574;Tesouro;MT;Estadual;4;487.65;456.98;448.45;462.88;725.0;516.19
4575;Virgolândia;MG;Estadual;9;469.46;470.99;464.53;533.63;642.22;516.17
4576;Morro do Chapéu;BA;Estadual;31;507.06;517.83;485.66;491.55;578.71;516.16
4577;Pontal do Araguaia;MT;Municipal;1;468.0;501.5;513.2;538.1;560.0;516.16
4578;Mirante;BA;Estadual;18;445.99;487.74;464.46;484.86;697.78;516.16
4579;Tio Hugo;RS;Estadual;5;483.56;475.42;468.1;533.64;620.0;516.14
4580;Santa Helena;PR;Estadual;34;482.91;499.62;493.3;520.16;584.71;516.14
4581;União da Serra;RS;Estadual;6;527.22;490.03;490.58;482.85;590.0;516.14
4582;Camaçari;BA;Estadual;369;502.55;509.11;474.61;499.48;594.96;516.14
4583;Anguera;BA;Estadual;4;481.55;504.5;477.72;516.88;600.0;516.13
4584;Anajatuba;MA;Estadual;32;451.57;476.38;483.37;500.48;668.75;516.11
4585;Dom Cavati;MG;Estadual;9;481.11;494.4;468.37;481.09;655.56;516.1
4586;Confresa;MT;Federal;33;484.13;508.89;479.75;523.5;584.24;516.1
4587;Prata;PB;Estadual;19;489.02;500.51;479.72;507.02;604.21;516.09
4588;Planura;MG;Estadual;8;506.79;500.75;502.76;537.64;532.5;516.09
4589;Catuípe;RS;Estadual;6;497.27;467.52;462.9;539.32;613.33;516.07
4590;Ipecaetá;BA;Estadual;5;461.56;487.46;490.92;516.34;624.0;516.06
4591;Santa Inês;MA;Estadual;276;479.5;490.31;472.65;494.03;643.77;516.05
4592;Cerro Corá;RN;Estadual;13;482.51;508.13;463.63;508.99;616.92;516.04
4593;Cabo Verde;MG;Estadual;8;493.7;460.42;484.91;503.68;637.5;516.04
4594;Itinga;MG;Estadual;2;483.9;446.65;472.3;477.25;700.0;516.02
4595;Guaraciaba do Norte;CE;Estadual;401;480.28;498.09;474.5;495.13;632.07;516.01
4596;Três Corações;MG;Estadual;52;495.86;503.84;465.82;523.74;590.77;516.01
4597;Pedra Dourada;MG;Estadual;4;521.15;528.8;458.6;521.42;550.0;516.0
4598;Conceição do Rio Verde;MG;Estadual;10;484.69;515.91;486.0;525.41;568.0;516.0
4599;Santana de Parnaíba;SP;Municipal;340;501.29;499.76;469.81;523.6;585.53;516.0
4600;Abaiara;CE;Estadual;46;479.63;490.15;467.55;484.69;657.83;515.97
4601;Vitória de Santo Antão;PE;Estadual;228;486.91;495.85;476.19;507.54;613.16;515.93
4602;Porto Firme;MG;Estadual;15;495.71;507.85;480.45;499.65;596.0;515.93
4603;Guia Lopes da Laguna;MS;Estadual;23;494.55;500.78;457.74;527.39;599.13;515.92
4604;Banabuiú;CE;Estadual;66;498.02;502.88;486.08;506.55;586.06;515.92
4605;Nova Viçosa;BA;Estadual;59;493.84;487.1;473.61;504.02;621.02;515.92
4606;Anta Gorda;RS;Estadual;13;490.93;502.05;451.98;500.75;633.85;515.91
4607;Novo Oriente de Minas;MG;Estadual;4;491.12;523.08;475.4;544.92;545.0;515.9
4608;Irecê;BA;Estadual;132;491.42;500.57;468.58;489.4;629.55;515.9
4609;São Pedro da Água Branca;MA;Estadual;6;451.45;495.88;485.35;470.05;676.67;515.88
4610;Rafard;SP;Estadual;23;503.4;513.09;464.45;550.4;547.83;515.83
4611;Santana do Garambéu;MG;Estadual;7;443.89;491.59;494.83;485.84;662.86;515.8
4612;Ibarama;RS;Estadual;10;477.67;495.94;475.58;483.71;646.0;515.78
4613;Itaboraí;RJ;Estadual;280;505.96;507.66;461.9;489.82;613.57;515.78
4614;Divisa Alegre;MG;Estadual;10;497.19;502.61;470.4;486.59;622.0;515.76
4615;Quatro Barras;PR;Estadual;52;514.6;519.12;470.2;507.12;567.69;515.75
4616;Águas Mornas;SC;Estadual;11;471.84;485.8;489.95;523.87;607.27;515.75
4617;Salvador;BA;Estadual;3068;502.39;508.88;472.83;501.35;593.25;515.74
4618;Chapadão do Sul;MS;Estadual;56;502.39;494.55;485.31;503.91;592.5;515.73
4619;Piracanjuba;GO;Estadual;25;493.68;504.76;459.94;536.93;583.2;515.7
4620;Córrego Novo;MG;Estadual;3;554.6;536.87;449.77;510.5;526.67;515.68
4621;São Fernando;RN;Estadual;7;470.1;476.76;480.93;527.59;622.86;515.65
4622;Milhã;CE;Estadual;62;477.62;501.24;478.37;511.29;609.68;515.64
4623;Juarez Távora;PB;Estadual;9;471.57;497.33;477.2;478.73;653.33;515.63
4624;Iporanga;SP;Estadual;6;519.98;505.6;490.3;455.6;606.67;515.63
4625;Paraguaçu;MG;Estadual;26;485.35;503.11;464.2;539.25;586.15;515.61
4626;Pontal do Araguaia;MT;Estadual;4;481.9;497.3;454.2;469.65;675.0;515.61
4627;Novo Horizonte;BA;Estadual;24;490.64;487.74;442.36;483.99;673.33;515.61
4628;Porto Ferreira;SP;Municipal;24;515.49;499.42;492.42;513.09;557.5;515.58
4629;Castro;PR;Estadual;176;507.39;509.26;485.46;514.23;561.48;515.56
4630;Novo Gama;GO;Estadual;150;496.59;508.01;462.54;506.92;603.73;515.56
4631;Itapaci;GO;Estadual;78;476.78;499.67;475.51;501.36;624.36;515.54
4632;Barra Funda;RS;Estadual;4;506.58;530.02;442.58;553.5;545.0;515.54
4633;Capitão Poço;PA;Estadual;86;481.55;495.1;473.35;489.06;638.6;515.53
4634;Mata Verde;MG;Estadual;21;483.34;513.56;453.23;517.01;610.48;515.52
4635;Pedralva;MG;Estadual;9;489.88;497.64;471.86;495.97;622.22;515.51
4636;Paraisópolis;MG;Estadual;18;511.69;517.28;482.14;514.17;552.22;515.5
4637;Penaforte;CE;Estadual;39;487.41;496.9;483.35;509.82;600.0;515.5
4638;Ilhéus;BA;Estadual;226;496.08;508.67;466.44;504.07;602.12;515.48
4639;Sarandi;RS;Estadual;42;493.25;506.57;470.82;507.08;599.52;515.45
4640;Barreiros;PE;Federal;40;492.54;493.43;486.58;490.64;614.0;515.44
4641;Xangri-lá;RS;Estadual;19;525.02;500.95;481.29;513.11;556.84;515.44
4642;Pimenta Bueno;RO;Estadual;137;494.81;497.44;471.59;506.03;607.3;515.43
4643;Laranjeiras;SE;Privada;5;484.88;526.88;493.84;479.48;592.0;515.42
4644;Rio das Flores;RJ;Estadual;28;504.09;512.85;475.44;486.88;597.86;515.42
4645;Jaraguá;GO;Estadual;150;495.68;503.73;480.21;511.22;586.27;515.42
4646;Vieirópolis;PB;Estadual;22;468.88;494.31;468.42;506.33;639.09;515.41
4647;Montanha;ES;Estadual;12;486.04;500.01;480.8;491.86;618.33;515.41
4648;Sebastião Leal;PI;Estadual;10;463.66;500.88;451.43;499.0;662.0;515.39
4649;Cerro Grande do Sul;RS;Estadual;26;503.1;504.22;451.78;500.17;617.69;515.39
4650;Lutécia;SP;Estadual;2;538.75;491.95;456.3;559.95;530.0;515.39
4651;Vila Nova dos Martírios;MA;Estadual;9;506.2;489.02;478.83;504.73;597.78;515.31
4652;Cariús;CE;Estadual;97;460.23;485.0;477.38;501.51;652.37;515.3
4653;Itirapuã;SP;Estadual;4;520.88;525.92;472.4;492.28;565.0;515.29
4654;Monsenhor Paulo;MG;Estadual;24;486.28;506.33;479.72;524.11;580.0;515.29
4655;São Pedro do Iguaçu;PR;Estadual;12;489.21;489.35;500.07;504.44;593.33;515.28
4656;Tabatinga;SP;Estadual;27;508.34;522.75;489.26;513.7;542.22;515.25
4657;Jaraguari;MS;Estadual;19;486.17;489.15;470.42;512.64;617.89;515.25
4658;Pindaré-Mirim;MA;Estadual;99;482.99;491.84;468.96;490.77;641.62;515.24
4659;Beneditinos;PI;Estadual;23;492.74;496.99;469.2;479.84;637.39;515.23
4660;Ourilândia do Norte;PA;Estadual;51;497.43;507.65;472.18;494.85;603.92;515.21
4661;Boa Ventura de São Roque;PR;Estadual;11;495.06;523.85;484.78;486.92;585.45;515.21
4662;Bagre;PA;Municipal;5;493.64;489.64;456.26;444.38;692.0;515.18
4663;Grão Mogol;MG;Estadual;13;504.95;487.38;449.52;503.27;630.77;515.18
4664;Sapé;PB;Estadual;121;486.95;500.94;466.21;491.9;629.75;515.15
4665;São Domingos;SC;Estadual;43;486.5;504.63;469.52;515.58;599.53;515.15
4666;Querência;MT;Estadual;48;496.72;506.78;482.55;506.38;582.92;515.07
4667;Nova Guataporanga;SP;Estadual;3;509.83;519.2;474.3;525.3;546.67;515.06
4668;Santo Antônio do Paraíso;PR;Estadual;15;511.04;516.67;463.39;509.51;574.67;515.06
4669;Telêmaco Borba;PR;Estadual;73;502.68;512.12;469.68;502.84;587.95;515.05
4670;Colônia Leopoldina;AL;Estadual;32;496.15;486.03;473.2;509.17;610.62;515.04
4671;Roseira;SP;Estadual;10;520.62;510.38;475.65;538.53;530.0;515.04
4672;Eunápolis;BA;Estadual;117;493.39;506.43;474.46;486.67;614.19;515.03
4673;Tabuleiro do Norte;CE;Federal;20;472.44;487.85;478.79;518.06;618.0;515.03
4674;Matos Costa;SC;Estadual;11;478.86;522.44;457.76;506.94;609.09;515.02
4675;Limoeiro de Anadia;AL;Estadual;52;489.84;499.48;465.32;490.82;629.62;515.01
4676;Glória de Dourados;MS;Estadual;30;485.17;499.64;461.05;507.87;621.33;515.01
4677;São Francisco de Assis do Piauí;PI;Estadual;11;480.82;483.79;492.7;515.92;601.82;515.01
4678;Itamaraju;BA;Municipal;2;424.75;509.7;485.0;545.5;610.0;514.99
4679;Sidrolândia;MS;Estadual;75;496.01;503.77;468.12;487.58;619.47;514.99
4680;São Joaquim do Monte;PE;Estadual;55;490.62;485.49;476.4;507.15;615.27;514.99
4681;Rio Pardo de Minas;MG;Estadual;36;482.69;506.63;467.03;495.14;623.33;514.97
4682;Pérola d'Oeste;PR;Estadual;14;493.06;529.99;467.8;495.39;588.57;514.96
4683;Saboeiro;CE;Estadual;66;472.4;487.93;462.3;521.81;630.3;514.95
4684;Muliterno;RS;Estadual;2;481.25;528.3;496.3;448.85;620.0;514.94
4685;Xinguara;PA;Estadual;121;473.55;489.5;465.97;482.65;662.98;514.93
4686;São Marcos;RS;Estadual;37;504.53;493.96;476.28;495.54;604.32;514.93
4687;Ourizona;PR;Estadual;8;498.2;494.66;472.32;539.4;570.0;514.92
4688;Itaguari;GO;Estadual;16;490.95;509.31;472.41;544.27;557.5;514.89
4689;Ivaiporã;PR;Estadual;20;508.82;517.44;456.64;488.45;603.0;514.87
4690;Serra Azul de Minas;MG;Estadual;6;516.17;510.57;452.25;465.38;630.0;514.87
4691;Camaragibe;PE;Estadual;505;498.38;502.96;472.19;505.35;595.45;514.86
4692;São Vicente de Minas;MG;Estadual;10;479.12;487.52;507.86;549.74;550.0;514.85
4693;Fortaleza;CE;Estadual;13053;494.82;499.72;471.81;499.79;607.71;514.77
4694;Milagres;BA;Municipal;1;548.1;568.8;434.9;522.0;500.0;514.76
4695;Cuiabá;MT;Estadual;1273;494.0;501.89;470.97;503.53;603.36;514.75
4696;Zacarias;SP;Estadual;4;518.25;534.4;466.35;539.75;515.0;514.75
4697;Aracati;CE;Estadual;414;491.51;492.4;473.89;508.95;607.0;514.75
4698;Curuá;PA;Municipal;1;493.4;503.9;459.6;516.8;600.0;514.74
4699;Araponga;MG;Privada;5;481.86;530.88;476.18;464.8;620.0;514.74
4700;Iperó;SP;Estadual;27;516.76;500.76;454.95;518.24;582.96;514.73
4701;Ipeúna;SP;Estadual;11;497.18;511.43;458.87;562.48;543.64;514.72
4702;Miranorte;TO;Estadual;23;489.52;507.77;463.72;527.37;585.22;514.72
4703;Pinheirinho do Vale;RS;Estadual;3;481.47;453.63;425.73;559.3;653.33;514.69
4704;São Lourenço da Serra;SP;Estadual;23;522.68;533.4;465.37;520.53;531.3;514.66
4705;Pindorama do Tocantins;TO;Estadual;12;464.87;472.68;446.82;527.07;661.67;514.62
4706;Marabá;PA;Estadual;528;478.8;494.66;469.97;485.99;643.67;514.62
4707;Porto União;SC;Estadual;101;494.1;500.62;474.38;511.93;592.08;514.62
4708;Munhoz;MG;Estadual;12;504.05;517.21;465.08;510.05;576.67;514.61
4709;Campos dos Goytacazes;RJ;Municipal;1;405.0;509.7;510.5;547.8;600.0;514.6
4710;Baturité;CE;Estadual;337;478.52;495.56;465.62;500.29;632.94;514.59
4711;Águas da Prata;SP;Estadual;3;496.8;509.97;529.73;509.77;526.67;514.59
4712;Itabaianinha;SE;Estadual;124;473.42;483.29;463.63;502.03;650.48;514.57
4713;Arantina;MG;Estadual;9;480.79;500.31;487.08;531.32;573.33;514.57
4714;Mariana Pimentel;RS;Estadual;7;495.24;497.66;482.2;512.01;585.71;514.57
4715;Itacambira;MG;Estadual;8;480.34;518.44;474.5;521.99;577.5;514.55
4716;Santa Gertrudes;SP;Estadual;44;516.63;509.91;479.56;519.77;546.82;514.54
4717;Aquidabã;SE;Privada;7;535.34;501.9;469.89;508.36;557.14;514.53
4718;Belém;PA;Estadual;3388;488.81;501.98;469.11;489.4;623.34;514.53
4719;Ipuiúna;MG;Estadual;16;482.58;519.66;453.02;534.84;582.5;514.52
4720;Contenda;PR;Estadual;23;503.19;501.0;475.95;514.2;578.26;514.52
4721;Juazeirinho;PB;Estadual;40;478.6;508.52;460.35;500.11;625.0;514.51
4722;Placas;PA;Municipal;7;477.99;484.1;473.67;542.44;594.29;514.5
4723;Pinheiros;ES;Estadual;54;484.13;500.07;465.28;491.18;631.85;514.5
4724;Piên;PR;Estadual;33;486.17;506.98;489.93;513.02;576.36;514.49
4725;Piraí;RJ;Municipal;2;484.45;495.55;470.6;591.8;530.0;514.48
4726;Francisco Sá;MG;Estadual;41;473.0;496.11;462.56;490.0;650.73;514.48
4727;Granito;PE;Estadual;18;475.63;479.64;496.19;479.79;641.11;514.47
4728;Senador Modestino Gonçalves;MG;Estadual;19;489.43;517.43;476.04;495.75;593.68;514.47
4729;Conceição da Barra;ES;Estadual;59;495.08;509.89;478.36;483.87;605.08;514.46
4730;Sales;SP;Estadual;7;505.97;540.09;461.81;538.66;525.71;514.45
4731;Capinópolis;MG;Estadual;41;498.87;513.89;488.13;506.45;564.88;514.44
4732;Pirapozinho;SP;Estadual;29;496.5;493.83;476.14;481.4;624.14;514.4
4733;Pontal do Paraná;PR;Estadual;70;513.64;512.91;473.45;514.56;557.43;514.4
4734;Nossa Senhora das Dores;SE;Estadual;90;476.03;501.95;468.21;497.18;628.44;514.36
4735;Anicuns;GO;Estadual;58;476.18;495.26;477.99;506.79;615.52;514.35
4736;Itanhandu;MG;Estadual;25;507.61;509.41;470.4;499.5;584.8;514.35
4737;Morrinhos;CE;Privada;9;464.33;514.36;493.36;541.84;557.78;514.33
4738;Teixeira Soares;PR;Estadual;9;477.49;492.68;487.89;522.42;591.11;514.32
4739;Araçu;GO;Estadual;4;478.18;492.55;462.48;523.4;615.0;514.32
4740;Vanini;RS;Estadual;7;478.13;489.59;487.24;513.71;602.86;514.31
4741;Balneário Piçarras;SC;Estadual;31;502.59;493.19;471.28;520.5;583.87;514.29
4742;Saltinho;SC;Estadual;7;532.51;495.31;499.07;473.06;571.43;514.28
4743;Campina Verde;MG;Estadual;38;483.37;498.58;475.08;534.25;580.0;514.26
4744;Ituiutaba;MG;Estadual;162;493.01;510.47;476.15;507.66;583.95;514.25
4745;Santa Rita;PB;Estadual;192;492.04;495.99;462.4;493.83;626.98;514.25
4746;Sossêgo;PB;Estadual;8;482.96;509.7;469.09;484.45;625.0;514.24
4747;São Patrício;GO;Estadual;3;460.97;514.43;455.93;519.87;620.0;514.24
4748;Vitorino Freire;MA;Estadual;103;457.0;471.11;464.6;489.35;689.13;514.24
4749;Capivari;SP;Estadual;63;515.9;511.8;466.07;509.11;568.25;514.23
4750;Caconde;SP;Estadual;24;489.91;495.79;476.97;516.76;591.67;514.22
4751;Barbalha;CE;Municipal;1;509.7;548.1;446.6;426.6;640.0;514.2
4752;Camaquã;RS;Estadual;111;493.89;503.81;471.86;504.61;596.76;514.19
4753;Gaspar;SC;Estadual;57;507.23;508.23;471.67;506.73;576.84;514.14
4754;Santarém Novo;PA;Estadual;22;485.3;515.35;478.55;474.23;617.27;514.14
4755;Gramado Xavier;RS;Estadual;16;492.57;494.06;484.69;504.28;595.0;514.12
4756;Vale Real;RS;Estadual;6;494.57;493.33;480.18;572.45;530.0;514.11
4757;Porto Seguro;BA;Estadual;147;491.33;502.54;463.96;500.29;612.38;514.1
4758;Campinápolis;MT;Estadual;16;478.39;483.04;452.79;488.74;667.5;514.09
4759;Guapiara;SP;Estadual;35;509.95;517.45;465.57;503.78;573.71;514.09
4760;São Miguel;RN;Estadual;69;491.2;496.2;470.31;485.75;626.96;514.08
4761;Piumhi;MG;Estadual;45;496.77;520.06;469.27;513.64;570.67;514.08
4762;Araruna;PR;Estadual;22;483.06;510.21;488.17;485.26;603.64;514.07
4763;Jardim;CE;Estadual;208;483.04;498.82;467.58;502.23;618.65;514.07
4764;Mondaí;SC;Estadual;40;491.21;500.99;489.39;499.28;589.5;514.07
4765;Capitão Andrade;MG;Estadual;6;479.92;487.9;476.32;472.87;653.33;514.07
4766;Pacoti;CE;Estadual;47;487.74;485.98;467.64;485.98;642.98;514.06
4767;São João do Rio do Peixe;PB;Estadual;45;486.72;482.88;477.78;499.24;623.56;514.04
4768;Pedro de Toledo;SP;Estadual;19;522.81;524.66;460.56;532.26;529.47;513.95
4769;Muzambinho;MG;Estadual;23;503.0;517.9;486.2;508.7;553.91;513.94
4770;Juru;PB;Estadual;26;490.25;497.98;453.17;499.78;628.46;513.93
4771;Vicentina;MS;Estadual;20;494.71;506.37;466.78;503.79;598.0;513.93
4772;Pinhão;PR;Estadual;55;502.62;519.85;482.97;485.68;578.55;513.93
4773;Poção;PE;Estadual;21;488.07;498.06;471.17;515.22;597.14;513.93
4774;Cruzeiro da Fortaleza;MG;Estadual;5;458.18;522.2;461.62;543.54;584.0;513.91
4775;Extremoz;RN;Estadual;95;501.11;508.63;475.82;486.22;597.68;513.9
4776;Almino Afonso;RN;Estadual;25;482.04;492.84;473.61;490.63;630.4;513.9
4777;Rio Real;BA;Estadual;25;488.92;477.73;448.73;485.93;668.0;513.86
4778;Caxias;MA;Estadual;299;485.06;498.11;482.71;488.71;614.72;513.86
4779;Itaberá;SP;Estadual;39;506.84;500.92;464.19;525.01;572.31;513.85
4780;Chã de Alegria;PE;Estadual;26;475.01;495.47;464.07;486.94;647.69;513.84
4781;Carmo da Cachoeira;MG;Estadual;13;509.1;492.62;473.92;527.41;566.15;513.84
4782;Encanto;RN;Estadual;18;478.18;496.72;472.68;502.74;618.89;513.84
4783;Alegre;ES;Estadual;77;481.32;494.3;477.14;498.99;617.4;513.83
4784;Alto Araguaia;MT;Estadual;22;489.74;496.98;488.3;503.19;590.91;513.82
4785;Papagaios;MG;Estadual;26;501.22;513.77;471.88;505.05;576.92;513.77
4786;Terra Rica;PR;Estadual;44;497.6;502.19;477.67;507.73;583.64;513.76
4787;Corumbaíba;GO;Estadual;17;505.76;502.22;462.97;516.67;581.18;513.76
4788;Terra Boa;PR;Estadual;42;486.33;514.52;486.35;517.26;564.29;513.75
4789;Restinga;SP;Estadual;10;502.44;493.54;453.62;499.14;620.0;513.75
4790;Naviraí;MS;Estadual;60;505.7;510.14;471.66;509.95;571.33;513.75
4791;Belém do São Francisco;PE;Estadual;46;483.05;494.24;464.98;500.76;625.65;513.74
4792;Conquista;MG;Estadual;9;491.51;513.63;504.42;516.61;542.22;513.68
4793;Serra Branca;PB;Estadual;61;480.76;479.17;472.52;501.53;634.43;513.68
4794;Cascavel;PR;Municipal;3;490.03;520.93;473.93;456.73;626.67;513.66
4795;Pontalinda;SP;Estadual;5;546.5;499.84;450.74;519.22;552.0;513.66
4796;Ubajara;CE;Estadual;335;481.16;497.45;471.22;515.15;603.28;513.65
4797;Corinto;MG;Estadual;25;517.61;511.09;471.67;518.18;549.6;513.63
4798;Vista Alegre do Alto;SP;Estadual;5;478.84;501.56;448.82;618.82;520.0;513.61
4799;Várzea Grande;PI;Estadual;6;459.02;508.98;462.17;461.22;676.67;513.61
4800;Cosmópolis;SP;Estadual;110;505.48;511.74;469.44;519.54;561.82;513.6
4801;Tauá;CE;Estadual;246;489.01;495.5;470.78;509.28;603.41;513.6
4802;Santa Teresa;ES;Municipal;1;524.9;504.0;431.8;427.3;680.0;513.6
4803;Silvanópolis;TO;Estadual;4;478.48;505.48;481.48;472.45;630.0;513.58
4804;Macuco;RJ;Estadual;18;480.66;505.67;466.95;498.89;615.56;513.55
4805;Nova Olinda;PB;Estadual;5;476.26;502.56;461.14;487.64;640.0;513.52
4806;Acopiara;CE;Estadual;331;484.88;497.15;464.51;499.34;621.69;513.51
4807;Arapoti;PR;Estadual;39;508.9;513.07;483.96;509.74;551.79;513.49
4808;Guaraci;SP;Estadual;3;493.83;521.4;483.0;555.9;513.33;513.49
4809;Santo Antônio do Aracanguá;SP;Estadual;12;484.48;504.52;480.27;509.78;588.33;513.48
4810;Canapi;AL;Estadual;42;491.88;509.88;479.73;488.28;597.62;513.48
4811;Giruá;RS;Estadual;21;503.96;507.66;473.84;521.86;560.0;513.46
4812;Santa Cruz;RN;Estadual;68;487.76;505.32;467.7;485.51;620.88;513.44
4813;Mairipotaba;GO;Estadual;14;496.04;500.59;490.86;533.97;545.71;513.43
4814;Itaipulândia;PR;Estadual;33;500.72;504.4;467.52;521.18;573.33;513.43
4815;Aporá;BA;Estadual;15;493.01;513.14;471.87;495.78;593.33;513.43
4816;Jardim Alegre;PR;Estadual;4;506.28;534.42;478.98;497.48;550.0;513.43
4817;Gavião Peixoto;SP;Estadual;4;503.02;506.68;471.33;516.0;570.0;513.4
4818;Candeias;MG;Estadual;18;500.26;504.23;469.48;496.37;596.67;513.4
4819;Cristal;RS;Estadual;11;514.15;517.38;485.96;518.52;530.91;513.38
4820;Itumbiara;GO;Estadual;229;491.86;502.05;476.97;502.52;593.28;513.34
4821;Pauini;AM;Municipal;3;477.7;508.63;515.2;445.0;620.0;513.31
4822;Aracoiaba;CE;Estadual;293;481.51;492.24;468.32;500.02;624.23;513.27
4823;Campina Grande do Sul;PR;Estadual;91;502.94;516.09;483.87;507.64;555.82;513.27
4824;Paulistana;PI;Estadual;28;450.49;471.43;457.16;473.0;714.29;513.27
4825;Alfredo Marcondes;SP;Estadual;4;513.95;506.68;444.38;466.3;635.0;513.26
4826;Itatiaia;RJ;Estadual;27;502.58;518.38;468.73;477.04;599.26;513.2
4827;Charqueada;SP;Estadual;25;502.19;518.88;482.27;511.46;551.2;513.2
4828;Feira de Santana;BA;Municipal;3;499.97;565.07;435.93;438.37;626.67;513.2
4829;Massaranduba;PB;Estadual;23;474.43;490.36;463.08;530.07;607.83;513.15
4830;Cajuri;MG;Estadual;17;493.57;514.39;477.58;484.92;595.29;513.15
4831;Piúma;ES;Estadual;26;501.09;521.41;477.78;499.15;566.15;513.12
4832;Boca da Mata;AL;Estadual;27;486.67;493.74;474.3;483.43;627.41;513.11
4833;Chapadinha;MA;Estadual;125;479.3;485.14;468.04;479.92;653.12;513.1
4834;Pio IX;PI;Estadual;23;485.07;502.17;475.84;504.14;598.26;513.1
4835;Amaraji;PE;Estadual;37;480.32;501.18;484.92;499.49;599.46;513.07
4836;Ipirá;BA;Estadual;86;475.86;497.59;475.82;504.05;611.86;513.04
4837;Belterra;PA;Estadual;38;480.28;518.76;450.07;493.4;622.63;513.03
4838;Balbinos;SP;Estadual;6;489.73;522.45;436.42;486.52;630.0;513.02
4839;Santa Luzia do Norte;AL;Estadual;10;466.83;464.39;471.04;508.82;654.0;513.02
4840;Caraúbas;RN;Estadual;49;495.33;486.12;472.12;490.03;621.22;512.97
4841;Alambari;SP;Estadual;2;510.25;536.65;448.7;519.2;550.0;512.96
4842;Campo Alegre;AL;Estadual;75;472.73;491.31;466.4;519.4;614.93;512.96
4843;Presidente Bernardes;SP;Estadual;28;509.44;510.55;472.88;498.37;573.57;512.96
4844;Além Paraíba;MG;Estadual;40;494.11;504.94;474.58;512.57;578.5;512.94
4845;Campo do Brito;SE;Estadual;54;469.93;491.56;460.06;488.2;654.81;512.91
4846;Alhandra;PB;Estadual;34;486.74;498.69;480.84;502.35;595.88;512.9
4847;São Jorge do Patrocínio;PR;Estadual;10;470.98;495.07;485.44;503.03;610.0;512.9
4848;Várzea da Palma;MG;Estadual;56;493.07;490.07;482.36;515.97;582.86;512.87
4849;Chopinzinho;PR;Estadual;43;480.04;510.09;456.53;539.85;577.67;512.84
4850;Alto Paraná;PR;Estadual;20;499.79;494.17;485.52;495.66;589.0;512.83
4851;Nazário;GO;Estadual;15;499.61;491.45;473.31;513.09;586.67;512.82
4852;Vicentinópolis;GO;Estadual;16;490.19;509.29;504.19;515.3;545.0;512.79
4853;Foz do Jordão;PR;Estadual;21;486.67;510.78;499.05;510.29;557.14;512.79
4854;Joaquim Pires;PI;Estadual;20;491.54;500.27;477.21;499.93;595.0;512.79
4855;Fortuna de Minas;MG;Estadual;4;484.38;525.78;459.7;514.08;580.0;512.78
4856;Uruburetama;CE;Estadual;282;481.25;492.42;478.1;500.54;611.42;512.74
4857;Jacutinga;MG;Municipal;1;468.8;541.2;446.8;506.9;600.0;512.74
4858;Betânia do Piauí;PI;Estadual;5;479.76;489.66;476.14;506.12;612.0;512.74
4859;João Câmara;RN;Estadual;81;482.68;501.54;468.91;490.75;619.75;512.73
4860;Três Rios;RJ;Estadual;165;494.05;500.57;471.54;498.19;599.27;512.72
4861;Belo Campo;BA;Estadual;42;493.99;501.08;486.24;506.11;576.19;512.72
4862;Caturaí;GO;Estadual;14;493.64;497.69;489.34;475.71;607.14;512.7
4863;Santa Tereza do Tocantins;TO;Estadual;1;478.7;564.7;445.6;514.5;560.0;512.7
4864;São José do Jacuípe;BA;Estadual;17;472.89;491.01;478.36;513.96;607.06;512.66
4865;Santanópolis;BA;Estadual;8;500.62;476.7;466.75;504.19;615.0;512.65
4866;Cerqueira César;SP;Estadual;17;488.74;510.91;462.93;514.7;585.88;512.63
4867;Paranavaí;PR;Estadual;98;491.26;508.76;475.98;495.81;591.22;512.61
4868;Pau dos Ferros;RN;Estadual;121;487.39;489.65;477.84;503.1;604.96;512.59
4869;Jardinópolis;SP;Estadual;25;504.16;518.02;487.31;495.75;557.6;512.57
4870;Nossa Senhora do Socorro;SE;Estadual;298;489.98;498.56;470.23;493.69;610.34;512.56
4871;Jatobá do Piauí;PI;Estadual;18;486.99;484.29;446.66;523.75;621.11;512.56
4872;Ilhota;SC;Estadual;11;485.69;508.1;474.27;521.63;572.73;512.48
4873;Miracema do Tocantins;TO;Estadual;68;483.37;492.04;470.75;502.03;614.12;512.46
4874;Gastão Vidigal;SP;Estadual;8;508.59;518.26;442.02;525.92;567.5;512.46
4875;Mesquita;RJ;Estadual;156;505.95;510.91;467.17;496.63;581.67;512.46
4876;Pesqueira;PE;Estadual;129;487.89;491.63;470.28;518.03;594.42;512.45
4877;Cândido Sales;BA;Estadual;37;478.74;493.34;476.51;480.08;633.51;512.44
4878;Pau D'Arco do Piauí;PI;Estadual;5;500.86;487.08;463.04;575.16;536.0;512.43
4879;Garrafão do Norte;PA;Estadual;40;475.52;482.68;470.22;506.73;627.0;512.43
4880;Japonvar;MG;Estadual;6;494.5;487.3;475.12;518.47;586.67;512.41
4881;Senhora dos Remédios;MG;Estadual;10;510.6;484.78;468.07;520.62;578.0;512.41
4882;Ibimirim;PE;Estadual;52;479.43;488.45;472.59;522.64;598.85;512.39
4883;Araçariguama;SP;Estadual;31;513.3;506.66;477.1;483.43;581.29;512.36
4884;Aquiraz;CE;Estadual;439;484.8;490.69;469.84;501.35;615.08;512.35
4885;Nova Bréscia;RS;Estadual;7;506.11;536.24;476.49;525.73;517.14;512.34
4886;Alvorada D'Oeste;RO;Estadual;24;460.41;509.2;471.08;497.47;623.33;512.3
4887;Sucupira;TO;Estadual;5;475.54;501.4;450.96;533.54;600.0;512.29
4888;Santa Rosa do Purus;AC;Estadual;7;506.29;476.81;491.93;489.27;597.14;512.29
4889;Tenente Portela;RS;Estadual;12;482.04;494.02;464.87;520.52;600.0;512.29
4890;São Rafael;RN;Estadual;27;488.56;492.26;452.37;504.51;623.7;512.28
4891;Barbosa;SP;Estadual;5;507.98;485.58;450.4;529.42;588.0;512.28
4892;Pindorama;SP;Estadual;11;490.99;482.89;437.19;532.05;618.18;512.26
4893;Boa Nova;BA;Estadual;22;482.3;511.82;479.06;474.39;613.64;512.24
4894;Picuí;PB;Municipal;2;512.95;477.6;454.8;415.85;700.0;512.24
4895;Colinas do Tocantins;TO;Estadual;93;480.16;498.39;474.38;509.37;598.92;512.24
4896;Alto Paraíso de Goiás;GO;Estadual;17;483.99;510.31;489.52;489.13;588.24;512.24
4897;Pederneiras;SP;Estadual;67;510.53;505.87;469.27;507.98;567.46;512.22
4898;Quipapá;PE;Estadual;25;472.64;486.24;436.81;491.7;673.6;512.2
4899;Coronel Macedo;SP;Estadual;8;502.92;508.55;488.46;483.56;577.5;512.2
4900;Indiavaí;MT;Estadual;7;482.56;469.4;456.9;474.89;677.14;512.18
4901;Piacatu;SP;Estadual;4;475.02;465.78;442.35;497.7;680.0;512.17
4902;Barro Alto;GO;Estadual;26;490.29;486.1;466.62;496.1;621.54;512.13
4903;Bujaru;PA;Estadual;51;477.88;497.21;452.12;493.18;640.0;512.08
4904;Diorama;GO;Estadual;1;445.6;481.6;498.9;514.3;620.0;512.08
4905;Poções;BA;Estadual;110;485.96;502.35;459.07;495.53;617.45;512.07
4906;Barrocas;BA;Estadual;14;498.19;512.59;463.32;503.36;582.86;512.06
4907;Analândia;SP;Estadual;8;507.34;518.91;472.55;526.5;535.0;512.06
4908;Santa Cruz do Escalvado;MG;Estadual;3;524.53;527.57;460.73;493.97;553.33;512.03
4909;Lajedo do Tabocal;BA;Estadual;6;517.8;521.8;444.22;493.02;583.33;512.03
4910;Nova Granada;SP;Estadual;15;488.16;501.26;462.97;533.03;574.67;512.02
4911;Alto Taquari;MT;Estadual;10;501.52;513.17;485.96;515.39;544.0;512.01
4912;Tarrafas;CE;Estadual;49;464.62;492.66;457.76;487.47;657.55;512.01
4913;Senador La Rocque;MA;Estadual;12;487.19;516.28;448.91;502.62;605.0;512.0
4914;Maracás;BA;Estadual;49;496.63;491.87;468.0;496.45;606.94;511.98
4915;Água Azul do Norte;PA;Estadual;7;440.17;437.8;474.3;507.63;700.0;511.98
4916;Flórida;PR;Estadual;12;480.46;471.22;476.81;507.96;623.33;511.96
4917;Chavantes;SP;Estadual;16;505.68;500.55;472.27;522.48;558.75;511.94
4918;Barra do Mendes;BA;Estadual;18;492.57;502.43;458.16;470.92;635.56;511.93
4919;Nova Ipixuna;PA;Estadual;15;478.84;472.57;472.69;524.87;610.67;511.93
4920;Corumbataí;SP;Estadual;1;494.0;466.3;408.5;570.8;620.0;511.92
4921;Itaúba;MT;Estadual;4;491.28;498.05;462.38;522.88;585.0;511.92
4922;Olinda;PE;Estadual;584;492.9;498.07;469.17;500.34;599.04;511.9
4923;Ibiúna;SP;Estadual;127;502.14;505.91;462.54;513.51;575.28;511.87
4924;Mulungu do Morro;BA;Estadual;10;504.47;489.68;467.55;465.63;632.0;511.87
4925;Barreiros;PE;Estadual;115;476.28;480.44;482.15;483.37;637.04;511.86
4926;Pacajus;CE;Estadual;493;491.54;495.05;463.85;502.8;605.92;511.84
4927;Pereiras;SP;Estadual;4;534.95;494.0;477.82;537.45;515.0;511.84
4928;São Vicente Férrer;PE;Estadual;68;477.72;493.28;461.0;486.23;640.88;511.82
4929;Dourado;SP;Estadual;11;511.55;526.13;487.62;500.95;532.73;511.8
4930;Carbonita;MG;Estadual;20;478.13;508.16;473.39;497.31;602.0;511.8
4931;Serranos;MG;Estadual;2;519.5;523.55;487.95;487.95;540.0;511.79
4932;Pirpirituba;PB;Estadual;13;497.52;509.78;468.68;478.28;604.62;511.78
4933;Mimoso de Goiás;GO;Estadual;9;496.48;496.62;496.29;507.22;562.22;511.77
4934;Buerarema;BA;Estadual;27;489.74;498.46;486.0;474.96;609.63;511.76
4935;Viana;MA;Estadual;95;460.17;485.46;476.77;498.74;637.47;511.72
4936;Taquarana;AL;Estadual;50;483.04;493.93;463.43;498.59;619.6;511.72
4937;Guabiruba;SC;Estadual;14;496.01;507.71;476.8;496.6;581.43;511.71
4938;São Francisco do Pará;PA;Estadual;25;483.45;520.16;459.4;467.41;628.0;511.69
4939;Pedro Leopoldo;MG;Estadual;92;500.5;512.96;471.79;518.19;555.0;511.69
4940;Guzolândia;SP;Estadual;6;508.27;514.82;486.62;512.1;536.67;511.69
4941;Perdizes;MG;Estadual;19;501.63;499.04;484.24;517.72;555.79;511.68
4942;Jandaia do Sul;PR;Estadual;50;485.15;509.77;478.03;492.23;593.2;511.67
4943;São José da Lagoa Tapada;PB;Estadual;1;501.7;519.2;463.1;534.3;540.0;511.66
4944;Lauro de Freitas;BA;Estadual;252;495.95;495.66;466.11;502.55;597.94;511.64
4945;Ibiracatu;MG;Estadual;12;505.41;521.61;438.04;536.48;556.67;511.64
4946;Lauro Müller;SC;Estadual;23;499.1;501.5;470.94;481.25;605.22;511.6
4947;Jardim Olinda;PR;Estadual;9;485.49;486.74;445.59;482.33;657.78;511.59
4948;Igarapava;SP;Estadual;47;491.33;504.58;473.89;517.08;571.06;511.59
4949;Trindade;GO;Estadual;385;490.96;495.96;467.69;508.16;595.12;511.58
4950;Encruzilhada;BA;Estadual;21;474.12;515.59;455.9;504.66;607.62;511.58
4951;Caraúbas;RN;Privada;1;439.7;549.4;380.4;488.4;700.0;511.58
4952;Jataí;GO;Estadual;348;487.69;497.05;472.38;504.27;596.49;511.58
4953;Estiva Gerbi;SP;Estadual;9;480.38;455.26;443.46;514.36;664.44;511.58
4954;São Gabriel;BA;Estadual;17;491.51;483.74;480.2;496.54;605.88;511.57
4955;Braúnas;MG;Estadual;10;470.72;470.77;455.57;548.73;612.0;511.56
4956;Palmácia;CE;Estadual;158;476.25;479.62;467.26;477.3;657.22;511.53
4957;Gandu;BA;Estadual;54;485.63;495.01;470.27;473.3;633.33;511.51
4958;Forquilha;CE;Estadual;177;484.09;496.35;469.86;529.41;577.63;511.47
4959;Tapiratiba;SP;Estadual;5;496.54;486.48;451.86;522.42;600.0;511.46
4960;Rio Largo;AL;Estadual;209;481.89;494.11;466.85;498.56;615.79;511.44
4961;Bom Jesus de Goiás;GO;Estadual;89;493.91;497.88;461.85;498.97;604.49;511.42
4962;Aparecida do Taboado;MS;Estadual;23;498.42;516.92;469.62;525.12;546.96;511.41
4963;São Domingos;PB;Estadual;7;466.11;488.51;510.64;460.23;631.43;511.39
4964;Olímpio Noronha;MG;Estadual;10;500.85;508.71;467.78;497.54;582.0;511.38
4965;Muqui;ES;Estadual;32;469.98;500.57;476.17;502.7;607.5;511.38
4966;Quissamã;RJ;Estadual;36;517.51;514.4;481.4;481.14;562.22;511.34
4967;Mandaguaçu;PR;Estadual;39;503.8;518.79;475.02;491.35;567.69;511.33
4968;Cururupu;MA;Estadual;102;481.46;494.66;466.29;491.5;622.75;511.33
4969;Leopoldo de Bulhões;GO;Estadual;25;484.82;482.49;485.96;505.8;597.6;511.33
4970;Ponte Serrada;SC;Estadual;21;497.25;496.58;446.43;487.69;628.57;511.31
4971;Toritama;PE;Estadual;49;485.88;490.66;483.2;509.88;586.94;511.31
4972;Paranaguá;PR;Estadual;284;502.46;506.71;474.4;508.67;564.23;511.29
4973;Cambará do Sul;RS;Estadual;14;503.84;515.68;471.02;514.49;551.43;511.29
4974;Ouroeste;SP;Estadual;30;514.42;509.22;468.15;524.66;540.0;511.29
4975;Jussari;BA;Estadual;6;479.47;503.52;460.52;479.55;633.33;511.28
4976;Coxim;MS;Estadual;58;492.98;506.71;479.01;501.74;575.86;511.26
4977;Candeias;BA;Estadual;104;489.66;503.98;465.98;492.56;604.04;511.24
4978;Alvinópolis;MG;Estadual;9;492.12;483.37;476.3;508.82;595.56;511.23
4979;Cariré;CE;Estadual;165;480.71;493.67;466.17;514.7;600.85;511.22
4980;Santa Rosa da Serra;MG;Estadual;4;502.78;517.98;492.9;547.48;495.0;511.22
4981;Barra da Estiva;BA;Estadual;37;471.61;487.14;452.23;523.5;621.62;511.22
4982;Cândido de Abreu;PR;Estadual;23;503.12;503.41;481.01;491.13;577.39;511.21
4983;Campos do Jordão;SP;Estadual;43;501.51;503.13;473.11;497.85;580.47;511.21
4984;Estrela Velha;RS;Estadual;6;503.47;499.65;468.38;504.53;580.0;511.21
4985;Maçambará;RS;Estadual;7;486.24;492.4;474.19;534.6;568.57;511.2
4986;Santa Cruz da Conceição;SP;Estadual;2;452.8;478.1;479.5;505.45;640.0;511.17
4987;Camanducaia;MG;Estadual;24;497.45;515.3;489.3;514.65;539.17;511.17
4988;Bertioga;SP;Estadual;54;507.14;506.98;475.59;503.49;562.59;511.16
4989;Coronel Xavier Chaves;MG;Estadual;14;481.66;496.28;459.54;528.29;590.0;511.15
4990;Picos;PI;Estadual;142;485.12;486.53;464.98;494.15;624.93;511.14
4991;Córrego Fundo;MG;Estadual;9;496.7;502.74;468.5;510.0;577.78;511.14
4992;Louveira;SP;Privada;11;498.7;500.86;490.97;505.14;560.0;511.13
4993;Pavão;MG;Estadual;11;502.42;482.75;457.16;504.22;609.09;511.13
4994;Canarana;MT;Estadual;41;512.67;516.82;467.68;495.43;562.93;511.1
4995;Lagoa dos Patos;MG;Estadual;3;510.17;501.7;440.97;495.7;606.67;511.04
4996;Itabaiana;PB;Estadual;39;475.54;467.49;462.04;474.16;675.9;511.03
4997;Santa Margarida;MG;Estadual;23;477.12;501.47;468.37;515.13;593.04;511.02
4998;Rialma;GO;Estadual;14;482.29;493.24;478.17;512.84;588.57;511.02
4999;Elísio Medrado;BA;Estadual;10;490.82;491.59;461.81;492.85;618.0;511.01
5000;Jucurutu;RN;Estadual;50;486.88;491.21;461.58;493.36;622.0;511.01
5001;Vale do Sol;RS;Privada;8;475.94;547.38;452.24;516.94;562.5;511.0
5002;Sanharó;PE;Estadual;16;481.67;491.57;460.76;517.28;603.75;511.0
5003;Guapó;GO;Estadual;59;488.47;501.82;468.66;499.39;596.61;510.99
5004;Cocalzinho de Goiás;GO;Estadual;45;504.11;507.54;481.35;496.56;565.33;510.98
5005;Caldas Novas;GO;Estadual;439;488.5;496.58;470.47;510.86;588.47;510.98
5006;Sete Barras;SP;Estadual;8;514.72;488.89;461.15;525.09;565.0;510.97
5007;Itapeva;MG;Estadual;9;523.28;500.56;478.81;505.47;546.67;510.96
5008;Marema;SC;Estadual;9;478.89;518.63;461.13;487.22;608.89;510.95
5009;José Boiteux;SC;Estadual;11;492.17;506.76;473.81;489.25;592.73;510.95
5010;Viçosa;RN;Estadual;7;505.8;490.74;448.44;466.74;642.86;510.92
5011;Diamante do Norte;PR;Estadual;30;498.59;490.42;479.99;507.53;578.0;510.91
5012;Massapê;CE;Estadual;261;477.38;494.51;462.62;495.48;624.52;510.9
5013;Mirante da Serra;RO;Estadual;25;474.37;497.86;470.06;507.41;604.8;510.9
5014;Campo Novo de Rondônia;RO;Estadual;17;483.01;495.14;465.67;485.86;624.71;510.88
5015;Piraquara;PR;Estadual;117;506.35;515.11;472.52;508.04;552.31;510.87
5016;Urupema;SC;Estadual;9;494.96;512.23;491.46;495.69;560.0;510.87
5017;Itaú;RN;Estadual;2;485.0;530.75;476.2;432.35;630.0;510.86
5018;Almirante Tamandaré;PR;Estadual;142;494.56;517.16;475.49;502.56;564.51;510.86
5019;Cambará;PR;Estadual;75;495.39;496.77;466.51;495.81;599.73;510.84
5020;Martins;RN;Estadual;20;472.69;491.68;464.79;485.95;639.0;510.82
5021;Pilões;RN;Estadual;6;441.28;486.4;471.33;491.75;663.33;510.82
5022;Chiador;MG;Estadual;4;554.1;533.6;470.65;445.75;550.0;510.82
5023;Caparaó;MG;Estadual;9;491.56;488.28;469.12;485.06;620.0;510.8
5024;Tanhaçu;BA;Estadual;36;473.16;493.17;449.33;491.07;647.22;510.79
5025;Tomé-Açu;PA;Estadual;110;468.32;487.0;461.21;492.85;644.55;510.78
5026;Roca Sales;RS;Estadual;7;479.74;508.47;465.07;509.16;591.43;510.77
5027;Ingá;PB;Estadual;44;483.43;503.74;465.83;477.62;623.18;510.76
5028;Frei Inocêncio;MG;Estadual;7;512.4;514.86;446.37;568.67;511.43;510.75
5029;Brodowski;SP;Privada;6;474.55;487.75;500.95;480.45;610.0;510.74
5030;Tocantins;MG;Estadual;16;482.71;506.28;469.86;513.53;581.25;510.73
5031;Vitorino;PR;Estadual;2;486.1;535.5;501.05;510.85;520.0;510.7
5032;Erval Velho;SC;Estadual;5;514.8;533.5;487.34;537.76;480.0;510.68
5033;Olindina;BA;Estadual;36;478.72;483.02;456.18;502.61;632.78;510.66
5034;Berilo;MG;Estadual;13;494.35;483.71;477.63;531.41;566.15;510.65
5035;São Miguel do Tapuio;PI;Estadual;42;479.67;481.72;476.54;489.57;625.71;510.64
5036;Segredo;RS;Estadual;10;487.37;506.05;507.07;464.65;588.0;510.63
5037;Barros Cassal;RS;Estadual;10;489.2;472.75;450.95;542.26;598.0;510.63
5038;Itiquira;MT;Estadual;20;524.94;518.19;466.26;527.76;516.0;510.63
5039;Tianguá;CE;Estadual;546;481.19;488.96;468.31;506.46;608.24;510.63
5040;Altinópolis;SP;Estadual;19;481.58;502.54;470.96;496.97;601.05;510.62
5041;Areia Branca;RN;Estadual;73;483.98;492.4;464.08;480.6;632.05;510.62
5042;Andradina;SP;Estadual;72;499.95;495.92;489.33;500.89;566.94;510.61
5043;Baliza;GO;Estadual;12;486.42;500.16;472.41;518.96;575.0;510.59
5044;Indianópolis;PR;Estadual;21;490.1;499.4;467.72;519.35;576.19;510.55
5045;Ipiguá;SP;Estadual;11;493.51;483.21;481.44;541.78;552.73;510.53
5046;Teotônio Vilela;AL;Estadual;145;475.12;487.34;465.64;494.36;629.93;510.48
5047;Cuparaque;MG;Estadual;1;548.8;531.3;406.2;386.0;680.0;510.46
5048;Serrinha dos Pintos;RN;Estadual;18;490.66;491.75;483.57;467.34;618.89;510.44
5049;Agrolândia;SC;Estadual;18;475.46;502.65;479.21;519.34;575.56;510.44
5050;Barras;PI;Estadual;136;469.72;488.13;467.93;493.9;632.35;510.4
5051;Manaus;AM;Estadual;6195;496.75;500.51;471.79;495.55;587.39;510.4
5052;Pentecoste;CE;Estadual;244;485.75;494.28;469.74;508.15;594.02;510.39
5053;Jequitibá;MG;Estadual;5;498.24;466.9;456.4;530.36;600.0;510.38
5054;Puxinanã;PB;Estadual;44;491.96;486.6;481.85;477.31;614.09;510.36
5055;Virgem da Lapa;MG;Estadual;20;473.19;484.25;446.44;514.87;633.0;510.35
5056;Presidente Epitácio;SP;Estadual;44;513.13;518.82;471.33;498.46;550.0;510.35
5057;Deodápolis;MS;Estadual;38;480.89;493.82;476.42;501.16;599.47;510.35
5058;Águia Branca;ES;Estadual;43;486.04;489.44;489.84;493.8;592.56;510.34
5059;Macajuba;BA;Estadual;19;463.24;492.31;473.05;499.95;623.16;510.34
5060;Boa Esperança;PR;Estadual;20;489.37;492.64;484.76;503.79;581.0;510.31
5061;Carolina;MA;Estadual;78;483.85;496.3;472.93;483.88;614.62;510.31
5062;Rurópolis;PA;Municipal;10;472.45;486.76;460.25;498.04;634.0;510.3
5063;Juquitiba;SP;Estadual;43;503.59;514.01;482.83;504.58;546.51;510.3
5064;São Jorge do Ivaí;PR;Estadual;8;487.15;457.59;487.24;504.41;615.0;510.28
5065;Tibau do Sul;RN;Estadual;14;476.81;484.06;487.12;514.79;588.57;510.27
5066;Divinolândia;SP;Estadual;23;489.66;511.32;464.08;516.69;569.57;510.26
5067;São Sebastião;AL;Estadual;33;477.45;492.97;468.35;493.74;618.79;510.26
5068;Mirabela;MG;Estadual;27;486.36;499.71;470.91;503.86;590.37;510.24
5069;Maracaçumé;MA;Privada;10;483.13;471.05;487.07;491.79;618.0;510.21
5070;Ubaitaba;BA;Estadual;22;498.6;499.9;492.7;458.01;601.82;510.21
5071;Canaã dos Carajás;PA;Estadual;46;483.96;492.4;480.51;513.76;580.43;510.21
5072;Quatis;RJ;Estadual;11;485.39;519.01;443.62;537.58;565.45;510.21
5073;Irati;SC;Estadual;3;498.03;513.9;422.27;516.8;600.0;510.2
5074;Cruzeiro do Sul;PR;Estadual;6;501.2;526.77;451.67;497.7;573.33;510.13
5075;Ibicaraí;BA;Estadual;8;466.44;482.64;437.11;489.26;675.0;510.09
5076;Serra Dourada;BA;Estadual;18;464.01;514.58;444.42;486.32;641.11;510.09
5077;Paraíso do Tocantins;TO;Estadual;130;499.12;502.69;463.33;500.79;584.31;510.05
5078;Jaru;RO;Estadual;126;483.14;496.57;461.86;494.31;614.13;510.0
5079;Cesário Lange;SP;Estadual;13;498.42;525.58;464.56;504.45;556.92;509.99
5080;Presidente Dutra;BA;Estadual;7;472.49;520.46;499.93;474.11;582.86;509.97
5081;Santa Quitéria;CE;Estadual;314;481.79;491.21;468.75;507.34;600.76;509.97
5082;Santa Leopoldina;ES;Estadual;19;502.34;485.36;478.74;505.5;577.89;509.97
5083;Entre Rios do Oeste;PR;Estadual;11;491.85;510.76;478.73;528.4;540.0;509.95
5084;Reriutaba;CE;Estadual;156;475.52;483.1;472.86;497.15;621.03;509.93
5085;Umburanas;BA;Estadual;19;472.68;479.07;466.44;499.85;631.58;509.92
5086;Mathias Lobato;MG;Estadual;4;471.35;508.28;463.78;531.12;575.0;509.9
5087;Maraú;BA;Estadual;23;505.67;503.64;464.13;502.02;573.91;509.88
5088;Correia Pinto;SC;Estadual;12;499.88;517.49;473.36;503.57;555.0;509.86
5089;Alpercata;MG;Estadual;6;462.15;470.37;504.85;491.77;620.0;509.83
5090;Serrinha;BA;Estadual;127;493.67;504.8;473.17;493.47;583.94;509.81
5091;Colinas;MA;Estadual;53;464.9;463.56;470.99;479.39;670.19;509.81
5092;São Jerônimo;RS;Estadual;11;481.12;491.85;446.04;533.45;596.36;509.76
5093;Santa Rita do Araguaia;GO;Estadual;39;497.77;494.72;486.56;518.35;551.28;509.74
5094;Conchal;SP;Estadual;31;500.46;500.1;466.85;509.64;571.61;509.73
5095;Pompéia;SP;Estadual;16;513.77;508.04;474.72;493.34;558.75;509.72
5096;Imbuia;SC;Estadual;14;490.04;489.68;466.47;510.92;591.43;509.71
5097;Nazarezinho;PB;Estadual;27;473.53;498.84;467.13;492.67;616.3;509.7
5098;Francisco Dantas;RN;Estadual;4;543.22;488.0;465.62;396.52;655.0;509.68
5099;Jaborandi;BA;Estadual;20;477.46;466.84;467.6;506.49;630.0;509.68
5100;Tibagi;PR;Estadual;28;504.84;523.35;470.09;504.36;545.71;509.67
5101;Santa Mônica;PR;Estadual;1;489.4;469.8;510.3;598.8;480.0;509.66
5102;Arabutã;SC;Estadual;3;496.17;512.6;464.7;468.1;606.67;509.65
5103;Redenção;PA;Municipal;52;464.94;482.88;468.92;495.37;636.15;509.65
5104;São Pedro do Piauí;PI;Estadual;34;479.7;506.22;464.11;471.1;627.06;509.64
5105;Riolândia;SP;Estadual;8;503.04;497.51;436.01;534.12;577.5;509.64
5106;Corumbiara;RO;Estadual;19;503.83;518.99;478.96;455.82;590.53;509.63
5107;Santa Quitéria do Maranhão;MA;Privada;9;459.13;470.53;454.03;484.36;680.0;509.61
5108;Morro da Garça;MG;Estadual;6;464.63;518.95;458.38;502.67;603.33;509.59
5109;Nova Esperança do Piriá;PA;Municipal;11;452.48;490.83;460.18;478.94;665.45;509.58
5110;Maxaranguape;RN;Municipal;1;494.7;518.1;445.1;450.0;640.0;509.58
5111;Alagoinhas;BA;Municipal;1;535.2;566.5;531.1;574.9;340.0;509.54
5112;Conceição do Jacuípe;BA;Estadual;25;497.18;509.66;466.76;499.58;574.4;509.52
5113;Pontal;SP;Municipal;3;497.9;540.9;416.9;451.83;640.0;509.51
5114;Belo Horizonte;MG;Municipal;7;478.4;519.16;473.99;498.64;577.14;509.47
5115;Ouro Preto;MG;Estadual;90;486.44;507.33;468.13;509.12;576.22;509.45
5116;Major Vieira;SC;Estadual;29;478.06;511.79;483.73;518.51;555.17;509.45
5117;Frei Miguelinho;PE;Estadual;21;477.42;486.5;457.59;518.13;607.62;509.45
5118;Machados;PE;Estadual;35;478.98;479.99;473.17;492.73;622.29;509.43
5119;Formoso do Araguaia;TO;Privada;5;500.44;501.8;493.14;483.74;568.0;509.42
5120;Divinópolis do Tocantins;TO;Estadual;11;489.73;475.88;453.97;478.39;649.09;509.41
5121;Antônio Dias;MG;Estadual;14;496.8;508.09;466.83;498.19;577.14;509.41
5122;Epitaciolândia;AC;Estadual;50;489.2;498.03;473.24;506.1;580.4;509.4
5123;Monte Alegre dos Campos;RS;Estadual;8;491.19;494.19;497.62;488.92;575.0;509.38
5124;Alto Garças;MT;Estadual;23;487.07;486.01;466.99;520.57;586.09;509.35
5125;Parnamirim;PE;Estadual;31;495.72;487.32;478.51;506.49;578.71;509.35
5126;São Geraldo do Araguaia;PA;Estadual;41;478.61;485.72;462.18;495.34;624.88;509.35
5127;Tacaimbó;PE;Estadual;30;484.56;485.74;459.81;524.58;592.0;509.34
5128;Canoas;RS;Municipal;2;504.9;497.05;489.15;485.25;570.0;509.27
5129;Cristália;MG;Estadual;8;506.78;506.32;460.54;485.2;587.5;509.27
5130;Cubati;PB;Estadual;24;466.78;507.7;475.72;502.8;593.33;509.27
5131;Comercinho;MG;Estadual;14;490.92;485.54;496.61;494.65;578.57;509.26
5132;Agudos do Sul;PR;Estadual;7;508.47;488.2;466.27;506.1;577.14;509.24
5133;Paulo Afonso;BA;Estadual;230;489.56;496.03;463.95;491.39;605.3;509.24
5134;Mucuri;BA;Estadual;68;483.64;490.98;464.97;498.96;607.65;509.24
5135;Catolé do Rocha;PB;Estadual;96;471.12;479.0;464.66;487.58;643.75;509.22
5136;Itajá;RN;Estadual;4;474.88;461.92;472.9;511.2;625.0;509.18
5137;Turilândia;MA;Estadual;17;464.68;479.53;482.95;471.43;647.06;509.13
5138;Balsa Nova;PR;Estadual;22;494.5;505.41;490.2;534.65;520.91;509.13
5139;Oliveira dos Brejinhos;BA;Estadual;10;462.25;474.4;474.44;484.54;650.0;509.13
5140;Nova Canaã do Norte;MT;Estadual;10;508.82;515.79;470.61;542.42;508.0;509.13
5141;Presidente Kennedy;TO;Estadual;8;478.04;477.88;468.92;450.49;670.0;509.06
5142;Virgínia;MG;Estadual;7;490.8;502.13;482.44;501.36;568.57;509.06
5143;Penalva;MA;Privada;1;463.9;473.4;512.7;575.3;520.0;509.06
5144;Igaporã;BA;Estadual;26;493.92;503.2;473.22;493.3;581.54;509.04
5145;Taquaritinga do Norte;PE;Estadual;53;478.29;484.28;467.4;505.69;609.43;509.02
5146;Angra dos Reis;RJ;Estadual;235;499.6;502.48;471.76;494.64;576.6;509.01
5147;Sapé;PB;Municipal;1;491.2;447.0;430.9;615.9;560.0;509.0
5148;Monte Alegre;PA;Estadual;136;472.98;486.03;471.96;483.18;630.74;508.98
5149;Itanhangá;MT;Estadual;20;485.61;505.16;498.25;500.72;555.0;508.95
5150;Santa Margarida do Sul;RS;Estadual;1;426.1;532.2;512.5;553.9;520.0;508.94
5151;Santana;BA;Estadual;41;487.18;487.09;460.43;482.19;627.8;508.94
5152;Laje do Muriaé;RJ;Estadual;20;482.79;493.72;477.71;502.46;588.0;508.93
5153;Belford Roxo;RJ;Estadual;405;501.09;506.59;465.87;487.63;583.46;508.93
5154;Bom Jesus da Lapa;BA;Estadual;104;479.52;492.79;462.44;494.87;614.81;508.89
5155;Frutal;MG;Estadual;100;490.32;502.9;465.17;500.58;585.4;508.88
5156;Entre-Ijuís;RS;Estadual;9;503.0;504.09;437.38;495.49;604.44;508.88
5157;Moraújo;CE;Estadual;44;468.26;491.64;470.02;523.94;590.45;508.86
5158;Santa Adélia;SP;Estadual;14;505.48;516.26;431.71;553.64;537.14;508.85
5159;Esmeraldas;MG;Estadual;56;500.09;521.26;472.01;494.45;556.43;508.85
5160;Propriá;SE;Estadual;44;484.98;494.31;482.53;511.34;570.91;508.82
5161;Uruaçu;GO;Estadual;102;484.26;502.55;470.45;503.89;582.94;508.82
5162;Carrapateira;PB;Estadual;8;461.44;485.19;453.58;473.81;670.0;508.8
5163;Queimados;RJ;Estadual;246;495.93;506.3;469.91;494.46;577.4;508.8
5164;Terra Alta;PA;Estadual;11;454.67;481.62;450.18;490.24;667.27;508.8
5165;Jardim de Piranhas;RN;Privada;4;473.9;480.52;456.88;522.45;610.0;508.75
5166;Agronômica;SC;Estadual;7;501.49;496.96;486.5;458.54;600.0;508.7
5167;Mesópolis;SP;Estadual;1;526.5;491.9;474.7;430.3;620.0;508.68
5168;Vassouras;RJ;Estadual;63;489.22;501.07;484.44;497.2;571.43;508.67
5169;Inajá;PE;Estadual;19;491.41;495.54;470.45;496.51;589.47;508.67
5170;Lavras da Mangabeira;CE;Estadual;197;467.0;487.87;463.87;490.85;633.71;508.66
5171;Anísio de Abreu;PI;Estadual;24;481.66;485.47;471.98;492.55;611.67;508.66
5172;Serra Talhada;PE;Estadual;230;480.66;490.64;474.85;501.28;595.83;508.65
5173;Maranguape;CE;Estadual;486;489.47;497.36;466.66;499.62;590.16;508.65
5174;São Mamede;PB;Estadual;18;484.94;494.92;467.66;494.57;601.11;508.64
5175;Lobato;PR;Estadual;10;464.03;497.22;470.35;497.48;614.0;508.62
5176;Formoso;MG;Estadual;10;478.21;492.43;440.17;528.24;604.0;508.61
5177;São João do Manteninha;MG;Estadual;7;492.16;494.1;480.16;533.67;542.86;508.59
5178;Lassance;MG;Estadual;13;498.33;528.58;467.82;520.55;527.69;508.59
5179;Boa Vista;PB;Estadual;13;447.09;491.68;467.16;473.92;663.08;508.59
5180;Olivença;AL;Estadual;23;467.6;494.39;462.96;471.84;646.09;508.58
5181;Maragogipe;BA;Privada;3;473.7;504.37;438.47;459.63;666.67;508.57
5182;Paranapoema;PR;Estadual;12;477.16;481.78;451.79;487.0;645.0;508.55
5183;Jaguariaíva;PR;Estadual;27;498.91;497.03;487.59;524.3;534.81;508.53
5184;Lagoa dos Gatos;PE;Estadual;38;479.17;487.87;460.93;511.02;603.68;508.53
5185;Adustina;BA;Municipal;6;417.33;490.83;506.65;491.13;636.67;508.52
5186;Miranda;MS;Estadual;27;489.33;500.36;472.26;497.62;582.96;508.51
5187;Chuí;RS;Estadual;15;490.71;482.55;456.65;464.47;648.0;508.48
5188;Equador;RN;Estadual;18;478.45;483.12;456.96;488.12;635.56;508.44
5189;Queimadas;PB;Estadual;122;489.87;496.08;463.17;491.02;601.97;508.42
5190;Ouricuri;PE;Estadual;85;480.44;488.57;472.05;509.24;591.76;508.42
5191;Espigão Alto do Iguaçu;PR;Estadual;8;513.02;498.75;485.14;515.2;530.0;508.42
5192;Amarante;PI;Estadual;42;477.3;488.95;464.85;470.03;640.95;508.42
5193;São João dos Patos;MA;Estadual;83;472.15;484.37;473.41;500.54;611.57;508.41
5194;Marilândia do Sul;PR;Estadual;6;501.35;505.0;455.07;510.58;570.0;508.4
5195;Gurinhém;PB;Estadual;21;459.61;485.78;482.99;461.26;652.38;508.4
5196;Camocim de São Félix;PE;Estadual;40;487.58;495.41;461.88;506.06;591.0;508.39
5197;São Domingos;GO;Estadual;24;472.71;494.04;452.45;509.41;613.33;508.39
5198;Brejolândia;BA;Estadual;12;451.38;459.96;474.97;498.78;656.67;508.35
5199;Francisco Alves;PR;Estadual;13;479.31;514.88;459.41;535.83;552.31;508.35
5200;União da Vitória;PR;Municipal;1;471.9;523.1;442.8;583.9;520.0;508.34
5201;São Joaquim;SC;Estadual;37;492.42;509.7;480.35;482.37;576.76;508.32
5202;Ilha Comprida;SP;Estadual;23;526.66;501.13;471.6;496.93;545.22;508.31
5203;Palmeiras;BA;Estadual;19;499.98;489.32;442.66;500.08;609.47;508.3
5204;Jeceaba;MG;Estadual;4;494.92;524.55;481.68;520.2;520.0;508.27
5205;Campo Magro;PR;Estadual;49;495.71;508.43;479.23;493.49;564.49;508.27
5206;Prado;BA;Municipal;7;509.49;501.99;454.63;449.5;625.71;508.26
5207;Sério;RS;Estadual;4;532.15;509.3;460.18;514.65;525.0;508.26
5208;Malacacheta;MG;Privada;2;500.25;512.65;473.05;475.25;580.0;508.24
5209;Guaíra;SP;Estadual;34;507.97;485.08;466.29;524.2;557.65;508.24
5210;São José;SC;Municipal;1;512.7;520.2;409.3;499.0;600.0;508.24
5211;Várzea Alegre;CE;Estadual;307;478.98;494.54;468.27;501.21;598.05;508.21
5212;Brejo Alegre;SP;Estadual;1;531.9;488.5;433.0;527.6;560.0;508.2
5213;Tucuruí;PA;Estadual;190;478.79;496.71;462.57;490.38;612.53;508.19
5214;Alenquer;PA;Estadual;105;460.68;492.92;479.57;482.24;625.52;508.19
5215;Barra de São Miguel;PB;Estadual;9;472.23;498.36;461.68;453.04;655.56;508.17
5216;Alegrete do Piauí;PI;Estadual;8;455.08;466.92;454.39;466.86;697.5;508.15
5217;Camocim;CE;Estadual;423;486.34;497.94;475.0;506.71;574.75;508.15
5218;Coqueiro Baixo;RS;Estadual;7;477.23;475.23;479.39;488.81;620.0;508.13
5219;Pocinhos;PB;Estadual;54;476.96;491.99;464.31;496.49;610.74;508.1
5220;Douradina;PR;Estadual;11;496.53;508.51;466.07;507.56;561.82;508.1
5221;Maceió;AL;Estadual;1230;485.17;494.77;468.62;491.47;600.42;508.09
5222;Várzea da Roça;BA;Estadual;51;475.63;494.82;476.02;477.04;616.86;508.07
5223;Parnaíba;PI;Estadual;360;488.32;492.01;470.54;485.81;603.67;508.07
5224;Maracanaú;CE;Estadual;1251;489.75;494.62;466.29;499.96;589.69;508.06
5225;Nerópolis;GO;Estadual;102;490.12;504.85;478.26;503.94;563.14;508.06
5226;Oriximiná;PA;Estadual;122;472.1;494.39;468.18;493.98;611.48;508.03
5227;Pato Bragado;PR;Estadual;12;473.0;471.26;483.25;512.57;600.0;508.02
5228;Santo Antônio do Rio Abaixo;MG;Estadual;7;478.3;497.64;449.91;491.37;622.86;508.02
5229;Jacinto Machado;SC;Estadual;8;499.22;534.58;473.96;524.74;507.5;508.0
5230;Buriti Alegre;GO;Estadual;17;471.22;492.04;479.68;497.07;600.0;508.0
5231;Diogo de Vasconcelos;MG;Estadual;5;483.46;490.12;496.44;529.7;540.0;507.94
5232;Arroio Grande;RS;Estadual;46;501.37;496.91;473.22;494.25;573.91;507.93
5233;Nhandeara;SP;Estadual;12;496.1;504.42;468.04;526.1;545.0;507.93
5234;Novo Repartimento;PA;Estadual;63;471.93;491.57;468.91;497.93;609.21;507.91
5235;Wagner;BA;Estadual;7;485.9;472.73;478.66;470.74;631.43;507.89
5236;Canindé de São Francisco;SE;Estadual;72;481.58;491.35;464.4;496.53;605.56;507.88
5237;Rio Acima;MG;Estadual;8;498.01;503.62;472.82;479.91;585.0;507.88
5238;Ibituruna;MG;Estadual;6;456.0;478.57;453.18;501.57;650.0;507.86
5239;Riacho de Santana;BA;Privada;6;456.88;497.68;498.35;496.28;590.0;507.84
5240;Tangará;SC;Estadual;21;494.29;508.04;462.74;492.24;581.9;507.84
5241;Nova Resende;MG;Estadual;17;472.11;485.33;460.16;535.52;585.88;507.8
5242;Palestina do Pará;PA;Municipal;3;485.9;525.13;440.0;461.27;626.67;507.79
5243;Itaituba;PA;Estadual;161;485.4;495.21;469.85;476.37;612.05;507.78
5244;Salto do Itararé;PR;Estadual;1;343.2;537.4;478.6;599.7;580.0;507.78
5245;Tuneiras do Oeste;PR;Estadual;7;484.41;517.96;453.71;474.19;608.57;507.77
5246;Bela Vista da Caroba;PR;Estadual;2;494.15;473.95;489.6;481.15;600.0;507.77
5247;Macaíba;RN;Estadual;129;485.81;497.59;468.77;488.6;597.98;507.75
5248;Ibitiara;BA;Estadual;21;484.63;500.46;464.61;481.39;607.62;507.74
5249;Sucupira do Norte;MA;Estadual;17;474.75;481.0;451.81;491.17;640.0;507.74
5250;Bernardino de Campos;SP;Estadual;3;513.03;523.77;487.47;467.73;546.67;507.73
5251;Rebouças;PR;Estadual;12;506.89;530.06;477.73;490.6;533.33;507.72
5252;Rifaina;SP;Estadual;5;517.8;520.82;465.0;514.96;520.0;507.72
5253;Varre-Sai;RJ;Estadual;14;483.51;495.2;497.48;525.26;537.14;507.72
5254;Major Gercino;SC;Estadual;6;495.85;518.73;477.47;506.55;540.0;507.72
5255;Querência do Norte;PR;Estadual;38;497.21;504.47;464.44;484.55;587.89;507.71
5256;Girau do Ponciano;AL;Estadual;76;476.91;492.47;473.04;495.81;600.26;507.7
5257;Ibirá;SP;Estadual;12;499.88;490.42;461.12;515.37;571.67;507.69
5258;Campo do Tenente;PR;Estadual;8;515.45;509.49;482.01;498.94;532.5;507.68
5259;Joselândia;MA;Estadual;20;478.11;487.29;452.59;492.28;628.0;507.66
5260;Madalena;CE;Estadual;100;480.13;495.61;471.42;475.85;615.2;507.64
5261;Rio Branco do Sul;PR;Estadual;88;496.66;504.76;467.71;504.25;564.55;507.59
5262;Rubim;MG;Estadual;2;510.6;465.35;425.8;576.2;560.0;507.59
5263;Cajati;SP;Estadual;26;507.38;507.17;453.52;497.48;572.31;507.57
5264;Ibicuitinga;CE;Estadual;51;476.87;485.56;472.33;492.52;610.59;507.57
5265;Cruzeta;RN;Estadual;17;479.61;476.45;482.42;488.75;610.59;507.56
5266;Santa Bárbara;MG;Municipal;4;524.52;549.58;457.4;471.15;535.0;507.53
5267;Tamandaré;PE;Estadual;10;498.82;498.93;462.37;515.51;562.0;507.53
5268;Água Nova;RN;Estadual;17;471.82;484.72;496.22;487.16;597.65;507.52
5269;Benevides;PA;Estadual;164;478.98;500.42;467.49;489.66;600.98;507.51
5270;São José dos Campos;SP;Municipal;2;496.2;425.15;492.65;513.5;610.0;507.5
5271;Maracaí;SP;Estadual;21;491.07;506.99;449.22;506.25;583.81;507.47
5272;Belo Vale;MG;Estadual;12;465.09;510.0;473.27;507.31;581.67;507.47
5273;Presidente Médici;RO;Estadual;89;480.62;490.54;466.72;493.65;605.84;507.47
5274;Nova Europa;SP;Estadual;10;508.6;518.36;447.41;504.93;558.0;507.46
5275;Uraí;PR;Estadual;51;472.73;492.48;471.96;520.07;580.0;507.45
5276;Acari;RN;Estadual;13;511.24;500.88;462.15;475.28;587.69;507.45
5277;Trindade;PE;Estadual;38;473.35;488.97;468.56;516.35;590.0;507.45
5278;Cláudia;MT;Estadual;20;487.72;499.58;453.21;508.69;588.0;507.44
5279;Lagoão;RS;Estadual;20;456.44;485.68;481.52;497.48;616.0;507.42
5280;Barra;BA;Estadual;33;469.85;475.25;458.26;480.99;652.73;507.41
5281;Coxixola;PB;Estadual;3;506.77;493.17;471.23;519.07;546.67;507.38
5282;Manoel Urbano;AC;Estadual;10;495.24;476.41;440.26;459.01;666.0;507.38
5283;Ipubi;PE;Estadual;95;451.32;477.96;469.1;503.72;634.74;507.37
5284;Caraúbas;PB;Estadual;6;458.88;460.2;453.52;490.87;673.33;507.36
5285;Buritizal;SP;Estadual;1;517.5;530.7;473.1;455.5;560.0;507.36
5286;Cravolândia;BA;Estadual;15;468.13;498.56;487.01;463.04;620.0;507.35
5287;Salmourão;SP;Estadual;1;559.0;440.3;529.9;467.5;540.0;507.34
5288;Sussuapara;PI;Estadual;26;464.03;467.09;455.74;492.11;657.69;507.33
5289;Jaguaribara;CE;Estadual;62;469.89;468.03;463.31;484.07;651.29;507.32
5290;Piquete;SP;Estadual;4;521.72;503.65;483.42;467.78;560.0;507.32
5291;Itambacuri;MG;Estadual;20;491.79;503.61;451.9;506.25;583.0;507.31
5292;Santo Amaro do Maranhão;MA;Estadual;6;455.98;489.18;482.37;492.25;616.67;507.29
5293;Araripe;CE;Estadual;164;467.89;481.69;468.99;506.37;611.46;507.28
5294;Bela Vista do Piauí;PI;Estadual;6;446.95;481.57;476.78;507.6;623.33;507.25
5295;Conceição de Macabu;RJ;Estadual;52;502.86;508.01;462.5;491.3;571.54;507.24
5296;Alta Floresta;MT;Estadual;117;482.34;488.42;470.84;491.71;602.91;507.24
5297;Guaíra;PR;Estadual;68;495.97;493.12;469.8;498.1;579.12;507.22
5298;Ituberá;BA;Estadual;28;478.45;508.03;482.35;495.04;572.14;507.2
5299;Aliança;PE;Estadual;107;474.81;486.0;464.73;486.48;623.93;507.19
5300;Malta;PB;Estadual;11;466.0;492.4;485.21;490.49;601.82;507.18
5301;Guaraciama;MG;Estadual;3;494.77;514.63;497.73;482.03;546.67;507.17
5302;Santo Antônio do Retiro;MG;Estadual;13;481.13;493.25;490.61;504.51;566.15;507.13
5303;Matões;MA;Estadual;53;477.25;488.45;468.36;474.31;627.17;507.11
5304;Eldorado do Carajás;PA;Municipal;10;484.67;474.36;466.34;488.19;622.0;507.11
5305;Pontão;RS;Estadual;10;482.17;509.91;468.83;522.49;552.0;507.08
5306;Tasso Fragoso;MA;Estadual;35;460.78;476.8;464.18;488.27;645.14;507.03
5307;Monte Belo;MG;Estadual;15;491.39;487.35;480.41;466.65;609.33;507.03
5308;Ilha de Itamaracá;PE;Estadual;33;486.37;477.34;475.87;497.96;597.58;507.02
5309;Coronel Domingos Soares;PR;Estadual;14;490.27;493.86;478.53;491.03;581.43;507.02
5310;Itaporã;MS;Estadual;54;488.95;491.12;461.16;495.69;598.15;507.01
5311;Paraíso;SP;Estadual;7;514.61;506.87;451.77;527.41;534.29;506.99
5312;Alumínio;SP;Estadual;25;498.98;500.16;449.44;531.97;554.4;506.99
5313;Nuporanga;SP;Estadual;20;493.26;499.84;461.99;501.76;578.0;506.97
5314;Itaguaí;RJ;Estadual;226;499.0;502.78;464.99;487.35;580.71;506.97
5315;Aroeiras;PB;Estadual;60;471.5;493.6;470.46;479.56;619.67;506.96
5316;Mamanguape;PB;Estadual;175;485.0;491.0;468.25;486.85;603.66;506.95
5317;Jacobina;BA;Estadual;95;475.78;491.59;457.41;484.01;625.89;506.94
5318;Picuí;PB;Estadual;48;476.74;485.16;466.8;489.28;616.67;506.93
5319;Simões Filho;BA;Estadual;139;492.03;492.39;472.71;501.99;575.54;506.93
5320;Barra do Turvo;SP;Estadual;9;489.51;461.66;454.3;495.73;633.33;506.91
5321;Redenção;CE;Estadual;322;470.02;486.67;465.98;496.91;614.97;506.91
5322;Jequitinhonha;MG;Estadual;23;497.87;513.36;478.69;480.85;563.48;506.85
5323;Candiota;RS;Estadual;23;497.53;500.17;449.92;478.81;607.83;506.85
5324;Jaciara;MT;Estadual;93;483.67;491.25;468.32;494.23;596.77;506.85
5325;Resende;RJ;Municipal;2;528.35;512.35;464.4;509.15;520.0;506.85
5326;Senador Guiomard;AC;Estadual;40;476.8;487.74;469.43;483.56;616.5;506.81
5327;Itajobi;SP;Estadual;20;493.68;501.94;468.51;539.86;530.0;506.8
5328;Cedro de São João;SE;Estadual;20;492.0;478.94;463.69;506.28;593.0;506.78
5329;Bom Jesus da Serra;BA;Estadual;4;484.72;516.8;478.92;478.48;575.0;506.78
5330;Lagoa do Carro;PE;Estadual;33;477.13;480.45;454.09;493.07;629.09;506.76
5331;Pedreira;SP;Estadual;51;506.53;502.14;454.05;507.91;563.14;506.75
5332;Varjota;CE;Estadual;96;476.7;494.02;465.97;501.6;595.42;506.74
5333;Ametista do Sul;RS;Estadual;8;463.18;481.1;459.3;517.59;612.5;506.73
5334;Chapada dos Guimarães;MT;Estadual;36;489.25;507.69;475.76;499.22;561.67;506.72
5335;Acará;PA;Estadual;36;469.87;484.92;463.88;476.52;638.33;506.7
5336;Ribeirão Branco;SP;Municipal;2;476.25;482.15;508.75;466.3;600.0;506.69
5337;Almenara;MG;Estadual;71;494.02;499.74;472.46;483.53;583.66;506.68
5338;Americano do Brasil;GO;Estadual;11;518.05;506.87;458.98;500.33;549.09;506.67
5339;Delmiro Gouveia;AL;Estadual;148;478.14;489.37;467.13;500.41;598.24;506.66
5340;Aripuanã;MT;Estadual;22;491.65;509.66;473.55;492.05;566.36;506.66
5341;Concórdia do Pará;PA;Municipal;5;450.74;489.74;478.0;514.82;600.0;506.66
5342;Pedro Osório;RS;Municipal;1;478.6;502.1;502.8;429.8;620.0;506.66
5343;Várzea Nova;BA;Estadual;22;482.84;496.04;459.74;481.92;612.73;506.65
5344;Governador Jorge Teixeira;RO;Estadual;34;482.21;475.04;457.57;495.49;622.94;506.65
5345;Itaberaí;GO;Estadual;136;488.37;497.15;470.13;500.1;577.5;506.65
5346;São Paulo do Potengi;RN;Estadual;14;481.82;481.11;476.57;486.39;607.14;506.61
5347;Fênix;PR;Estadual;13;469.48;487.11;462.41;498.6;615.38;506.6
5348;São Lourenço do Piauí;PI;Estadual;15;467.69;497.81;463.79;487.65;616.0;506.59
5349;Dormentes;PE;Municipal;2;419.4;475.95;477.15;550.25;610.0;506.55
5350;Palmeirópolis;TO;Estadual;28;489.75;501.29;459.09;514.73;567.86;506.55
5351;Jaguaretama;CE;Estadual;98;481.42;488.55;470.34;513.26;579.18;506.55
5352;Beberibe;CE;Estadual;506;478.65;491.87;472.79;502.62;586.72;506.53
5353;Sigefredo Pacheco;PI;Estadual;15;464.73;500.11;456.33;515.26;596.0;506.49
5354;São João Nepomuceno;MG;Estadual;5;521.72;516.88;430.08;495.66;568.0;506.47
5355;Poloni;SP;Estadual;6;500.43;484.0;457.93;449.95;640.0;506.46
5356;Tutóia;MA;Estadual;114;487.72;483.5;462.58;479.35;619.12;506.46
5357;Angélica;MS;Estadual;24;497.36;496.2;471.86;482.66;584.17;506.45
5358;Estrela do Norte;GO;Estadual;13;471.67;477.48;479.06;496.32;607.69;506.44
5359;Quedas do Iguaçu;PR;Estadual;58;493.35;506.76;466.47;515.61;550.0;506.44
5360;Dona Inês;PB;Estadual;22;472.23;502.94;464.0;455.72;637.27;506.43
5361;Rio Bonito do Iguaçu;PR;Estadual;48;482.53;502.34;478.16;502.48;566.67;506.43
5362;Redenção;PA;Estadual;195;470.89;489.99;469.38;495.6;606.15;506.4
5363;Fortaleza dos Nogueiras;MA;Estadual;62;448.96;463.24;450.98;495.74;672.9;506.37
5364;São João do Manhuaçu;MG;Estadual;29;471.41;495.66;445.24;516.68;602.76;506.35
5365;Fronteiras;PI;Estadual;30;467.35;484.14;460.49;502.43;617.33;506.35
5366;Porecatu;PR;Estadual;39;491.74;497.62;465.39;483.61;593.33;506.34
5367;Bauru;SP;Municipal;1;536.6;514.1;454.7;506.2;520.0;506.32
5368;Marabá;PA;Municipal;83;473.37;494.86;468.37;485.38;609.64;506.32
5369;Sabinópolis;MG;Estadual;20;490.14;496.48;458.62;530.33;556.0;506.31
5370;Santa Luz;PI;Estadual;23;485.4;487.0;472.37;482.39;604.35;506.3
5371;Marcionílio Souza;BA;Estadual;9;494.04;512.73;497.22;476.34;551.11;506.29
5372;Guareí;SP;Estadual;11;510.84;495.29;479.68;531.06;514.55;506.28
5373;Ubatuba;SP;Estadual;101;507.8;504.95;462.38;505.7;550.5;506.26
5374;Belém;PA;Municipal;8;495.17;515.69;478.36;469.6;572.5;506.26
5375;Barra do Garças;MT;Estadual;125;491.18;498.72;471.97;480.46;588.8;506.23
5376;Manicoré;AM;Estadual;51;479.46;502.16;474.56;490.94;583.92;506.21
5377;Lebon Régis;SC;Estadual;19;497.31;510.03;450.23;475.33;597.89;506.16
5378;Mamborê;PR;Estadual;25;505.46;493.02;465.46;528.42;538.4;506.15
5379;Santo Estêvão;BA;Estadual;118;478.51;490.8;460.5;496.87;603.9;506.12
5380;Dona Inês;PB;Municipal;1;487.6;510.8;565.2;407.0;560.0;506.12
5381;Lacerdópolis;SC;Estadual;13;471.92;497.12;461.12;531.04;569.23;506.09
5382;São João do Piauí;PI;Estadual;23;488.72;472.28;462.36;487.9;619.13;506.08
5383;Iguaraçu;PR;Estadual;9;515.88;505.2;444.36;493.72;571.11;506.05
5384;União da Vitória;PR;Estadual;87;492.08;506.28;470.51;506.22;555.17;506.05
5385;Ipaporanga;CE;Estadual;87;471.91;492.33;460.12;476.62;629.2;506.04
5386;Sena Madureira;AC;Estadual;34;486.56;469.92;461.79;488.9;622.94;506.02
5387;Ipu;CE;Estadual;356;472.64;494.0;474.4;487.07;602.02;506.02
5388;Boqueirão do Leão;RS;Estadual;6;470.92;495.55;493.65;533.33;536.67;506.02
5389;Luziânia;GO;Estadual;550;495.67;502.75;467.71;501.04;562.76;505.99
5390;Esperantina;PI;Estadual;134;479.19;488.71;469.66;477.46;614.93;505.99
5391;Maribondo;AL;Estadual;39;471.47;479.44;472.65;490.51;615.9;505.99
5392;Santa Bárbara;BA;Estadual;14;463.68;487.65;464.79;502.34;611.43;505.98
5393;Passa Vinte;MG;Estadual;8;475.22;495.11;473.48;496.05;590.0;505.97
5394;Santa Bárbara de Goiás;GO;Estadual;13;496.27;499.36;458.54;524.86;550.77;505.96
5395;Ananindeua;PA;Estadual;1095;482.55;495.71;464.39;482.12;604.93;505.94
5396;Colônia do Gurguéia;PI;Estadual;32;480.86;474.12;449.63;499.42;625.62;505.93
5397;Santana do Itararé;PR;Estadual;8;500.49;492.01;424.39;487.55;625.0;505.89
5398;São José da Laje;AL;Estadual;66;475.44;500.69;478.22;492.3;582.73;505.87
5399;Correntina;BA;Estadual;58;470.35;490.08;464.24;471.87;632.76;505.86
5400;Antas;BA;Estadual;34;477.82;486.23;461.85;506.33;597.06;505.86
5401;Ribeirão Grande;SP;Estadual;23;497.92;505.74;459.23;500.33;566.09;505.86
5402;Cuitegi;PB;Estadual;15;474.68;465.4;460.71;511.17;617.33;505.86
5403;Rodolfo Fernandes;RN;Estadual;10;479.7;478.59;439.82;493.11;638.0;505.84
5404;Fortim;CE;Estadual;45;477.71;485.59;463.06;497.44;605.33;505.82
5405;Ipanguaçu;RN;Estadual;47;467.43;481.22;465.58;495.22;619.57;505.81
5406;Alfredo Vasconcelos;MG;Estadual;8;492.25;504.44;464.4;525.36;542.5;505.79
5407;São Benedito do Sul;PE;Estadual;18;466.79;474.79;466.44;480.87;640.0;505.78
5408;Marapoama;SP;Estadual;13;480.95;506.73;470.91;473.4;596.92;505.78
5409;Natalândia;MG;Estadual;9;480.08;514.98;478.04;511.27;544.44;505.76
5410;Tabaí;RS;Estadual;8;482.56;494.1;439.41;484.98;627.5;505.71
5411;Camapuã;MS;Estadual;31;477.43;494.52;479.06;482.65;594.84;505.7
5412;Sumé;PB;Estadual;68;479.37;502.66;478.62;475.8;592.06;505.7
5413;Tuntum;MA;Estadual;66;478.62;483.21;464.08;488.35;614.24;505.7
5414;Turiúba;SP;Estadual;9;508.81;518.42;462.06;472.5;566.67;505.69
5415;Euclides da Cunha;BA;Estadual;77;493.51;505.36;462.12;479.35;588.05;505.68
5416;Ipixuna do Pará;PA;Estadual;23;475.2;486.51;454.73;461.5;650.43;505.67
5417;Raposa;MA;Estadual;30;484.1;500.34;458.49;506.76;578.67;505.67
5418;Ingaí;MG;Estadual;7;498.01;501.41;472.94;493.1;562.86;505.67
5419;Bananeiras;PB;Federal;10;500.28;496.35;479.08;448.42;604.0;505.63
5420;Jussara;BA;Estadual;12;491.53;484.26;469.95;479.03;603.33;505.62
5421;Nobres;MT;Estadual;29;484.75;482.87;466.41;480.94;613.1;505.62
5422;Cuité de Mamanguape;PB;Estadual;13;458.33;480.15;476.43;490.06;623.08;505.61
5423;São Benedito;CE;Estadual;415;475.44;490.85;467.24;496.55;597.98;505.61
5424;Regente Feijó;SP;Estadual;16;496.9;513.06;464.56;510.88;542.5;505.58
5425;Divisópolis;MG;Estadual;7;501.46;509.34;501.07;447.41;568.57;505.57
5426;Currais Novos;RN;Estadual;77;498.57;492.09;478.96;483.35;574.81;505.56
5427;Barbalha;CE;Estadual;272;483.85;489.63;471.71;495.84;586.76;505.56
5428;Nova Floresta;PB;Estadual;11;477.79;507.77;475.03;514.41;552.73;505.55
5429;Itutinga;MG;Estadual;12;485.88;500.4;459.46;495.22;586.67;505.52
5430;Espírito Santo do Dourado;MG;Estadual;7;495.2;513.21;433.37;505.69;580.0;505.49
5431;Peabiru;PR;Estadual;26;501.95;501.33;470.56;506.65;546.92;505.48
5432;Quixadá;CE;Estadual;365;482.71;493.84;471.48;491.19;588.11;505.47
5433;Vale do Paraíso;RO;Estadual;13;493.18;495.26;473.3;500.92;564.62;505.46
5434;Santo Antônio de Posse;SP;Estadual;23;497.63;500.23;466.19;444.13;619.13;505.46
5435;Mucugê;BA;Estadual;15;504.39;497.4;463.11;476.91;585.33;505.43
5436;Antônio Olinto;PR;Estadual;8;493.66;504.0;457.56;506.91;565.0;505.43
5437;Parauapebas;PA;Municipal;63;489.53;490.43;461.25;496.49;589.21;505.38
5438;Ibicuí;BA;Estadual;16;495.32;491.64;489.22;504.4;546.25;505.37
5439;Itororó;BA;Estadual;18;499.64;496.5;453.87;470.17;606.67;505.37
5440;Ponte Branca;MT;Estadual;9;492.38;484.0;462.69;478.72;608.89;505.34
5441;Frutuoso Gomes;RN;Estadual;15;478.65;484.55;452.55;497.56;613.33;505.33
5442;Barra do Bugres;MT;Estadual;71;481.59;482.65;474.39;496.13;591.83;505.32
5443;Amaral Ferrador;RS;Estadual;9;501.58;507.41;437.46;500.09;580.0;505.31
5444;Lagoa Bonita do Sul;RS;Estadual;9;463.28;505.62;463.86;522.67;571.11;505.31
5445;São Miguel do Fidalgo;PI;Estadual;2;453.95;459.45;441.5;471.65;700.0;505.31
5446;Nazaré;TO;Estadual;11;477.68;478.63;476.91;527.8;565.45;505.29
5447;Santo Amaro das Brotas;SE;Estadual;11;469.57;504.65;467.12;468.66;616.36;505.27
5448;Tucuruí;PA;Municipal;22;490.38;490.61;461.0;486.04;598.18;505.24
5449;Capixaba;AC;Estadual;22;484.63;491.93;466.24;480.69;602.73;505.24
5450;Ruy Barbosa;BA;Estadual;32;476.68;491.0;477.29;489.91;591.25;505.23
5451;Bom Progresso;RS;Estadual;11;470.16;522.62;455.85;521.14;556.36;505.23
5452;Olho d'Água das Cunhãs;MA;Estadual;32;475.32;487.31;449.22;515.51;598.75;505.22
5453;Sinimbu;RS;Estadual;28;494.74;498.02;458.08;487.35;587.86;505.21
5454;Ibateguara;AL;Estadual;23;487.21;491.2;460.39;492.34;594.78;505.19
5455;Princesa Isabel;PB;Estadual;37;490.61;486.79;459.55;484.07;604.86;505.18
5456;Buriti;MA;Estadual;29;464.65;488.71;444.22;497.93;630.34;505.17
5457;Goiabeira;MG;Estadual;5;493.66;463.6;483.24;501.3;584.0;505.16
5458;Ibipitanga;BA;Estadual;13;473.7;507.05;459.52;511.65;573.85;505.15
5459;Ribeirão dos Índios;SP;Estadual;4;503.42;476.6;477.28;468.35;600.0;505.13
5460;Doverlândia;GO;Estadual;22;489.03;505.67;455.94;492.22;582.73;505.12
5461;Cacimba de Areia;PB;Estadual;3;484.4;516.17;447.77;463.93;613.33;505.12
5462;São Martinho;SC;Estadual;9;488.13;482.34;479.4;491.17;584.44;505.1
5463;Ribeirão do Sul;SP;Estadual;7;508.24;511.69;480.81;498.89;525.71;505.07
5464;Potirendaba;SP;Municipal;1;525.2;507.8;465.0;347.3;680.0;505.06
5465;Afrânio;PE;Estadual;73;456.34;487.57;469.28;519.96;592.05;505.04
5466;Manoel Vitorino;BA;Estadual;18;448.77;463.02;458.95;503.35;651.11;505.04
5467;Tunas do Paraná;PR;Estadual;8;479.26;481.96;467.24;509.18;587.5;505.03
5468;Mundo Novo;MS;Estadual;27;502.0;495.16;482.58;495.03;550.37;505.03
5469;Ermo;SC;Estadual;9;483.17;497.42;462.61;515.3;566.67;505.03
5470;Ourolândia;BA;Estadual;6;481.03;496.97;479.43;491.03;576.67;505.03
5471;Cacaulândia;RO;Estadual;10;471.38;498.59;443.62;465.51;646.0;505.02
5472;Boa Vista do Incra;RS;Estadual;8;489.15;500.66;495.06;460.08;580.0;504.99
5473;Tefé;AM;Federal;32;493.0;477.98;482.63;503.2;568.12;504.99
5474;Pombos;PE;Estadual;36;477.19;490.69;464.92;489.73;602.22;504.95
5475;Santa Cruz Cabrália;BA;Estadual;32;486.76;510.85;459.5;501.33;566.25;504.94
5476;Jijoca de Jericoacoara;CE;Estadual;197;465.6;473.46;471.67;503.09;610.86;504.93
5477;Francisco Ayres;PI;Estadual;6;469.17;478.97;484.37;465.48;626.67;504.93
5478;Carrasco Bonito;TO;Estadual;2;437.5;402.05;414.3;520.65;750.0;504.9
5479;Lagoa Alegre;PI;Estadual;55;458.77;475.91;482.52;485.08;622.18;504.89
5480;Valparaíso;SP;Estadual;24;489.9;478.36;475.43;519.88;560.83;504.88
5481;Bom Conselho;PE;Estadual;86;470.59;479.43;465.38;493.33;615.58;504.86
5482;Medeiros Neto;BA;Estadual;23;487.69;491.77;464.33;513.5;566.96;504.85
5483;Várzea Grande;MT;Estadual;504;490.7;501.48;467.5;489.88;574.68;504.85
5484;Novo Horizonte do Norte;MT;Estadual;4;458.22;515.35;468.7;516.95;565.0;504.84
5485;Pintópolis;MG;Estadual;7;461.57;486.94;491.77;495.31;588.57;504.83
5486;Canabrava do Norte;MT;Estadual;13;455.54;483.43;470.58;494.59;620.0;504.83
5487;Liberdade;MG;Estadual;12;471.92;514.8;470.02;528.98;538.33;504.81
5488;Itacuruba;PE;Estadual;18;481.06;462.5;440.21;509.13;631.11;504.8
5489;Nova Brasilândia D'Oeste;RO;Estadual;24;466.02;479.08;451.02;500.35;627.5;504.79
5490;Tapira;PR;Estadual;11;479.75;468.72;470.72;479.24;625.45;504.77
5491;Gameleira de Goiás;GO;Estadual;4;495.32;490.55;474.08;468.8;595.0;504.75
5492;Tucumã;PA;Estadual;42;483.14;485.0;463.86;499.84;591.9;504.75
5493;Jacobina do Piauí;PI;Estadual;6;428.3;464.15;415.02;472.88;743.33;504.74
5494;Davinópolis;MA;Estadual;24;474.52;486.0;485.36;506.18;571.67;504.74
5495;Hulha Negra;RS;Estadual;4;523.4;539.12;505.58;440.5;515.0;504.72
5496;Tapes;RS;Estadual;14;509.32;494.89;479.59;494.11;545.71;504.72
5497;Porto do Mangue;RN;Estadual;7;489.54;501.34;475.86;508.21;548.57;504.71
5498;Barcelona;RN;Estadual;7;485.61;503.93;458.73;446.64;628.57;504.7
5499;Barra D'Alcântara;PI;Estadual;11;465.02;482.26;440.86;475.05;660.0;504.64
5500;Igarapava;SP;Municipal;11;495.98;487.02;463.15;477.0;600.0;504.63
5501;Uchoa;SP;Estadual;16;517.39;486.8;469.68;497.95;551.25;504.61
5502;Pinhão;SE;Estadual;8;469.14;477.12;456.75;459.84;660.0;504.57
5503;Chapada Gaúcha;MG;Estadual;15;484.54;496.29;468.41;474.88;598.67;504.56
5504;Entre Rios;SC;Estadual;5;486.88;526.22;496.34;485.2;528.0;504.53
5505;Marquinho;PR;Estadual;17;480.59;482.25;484.95;488.94;585.88;504.52
5506;Baião;PA;Estadual;70;460.3;477.58;455.04;495.82;633.71;504.49
5507;Poço Verde;SE;Estadual;45;485.37;481.57;460.05;489.21;606.22;504.48
5508;Cedro;PE;Estadual;47;475.73;479.84;467.24;511.43;588.09;504.47
5509;Santa Cruz;PE;Estadual;14;462.59;491.84;459.09;481.66;627.14;504.47
5510;Major Isidoro;AL;Estadual;31;481.19;481.76;464.61;487.58;607.1;504.45
5511;Vitória Brasil;SP;Estadual;1;476.9;503.2;441.3;540.8;560.0;504.44
5512;Corbélia;PR;Estadual;15;481.05;516.95;472.9;471.24;580.0;504.43
5513;Serra da Raiz;PB;Estadual;4;501.75;487.5;488.05;459.65;585.0;504.39
5514;Tupaciguara;MG;Municipal;2;499.6;557.25;449.05;515.95;500.0;504.37
5515;São Felipe;BA;Estadual;8;472.52;455.65;461.25;474.84;657.5;504.35
5516;Paranaíba;MS;Estadual;59;489.6;499.0;465.98;496.91;570.17;504.33
5517;Novo Triunfo;BA;Estadual;7;467.49;452.14;468.2;453.8;680.0;504.33
5518;Cipó;BA;Estadual;53;479.24;486.95;477.4;489.65;588.3;504.31
5519;Bela Vista de Goiás;GO;Estadual;91;491.76;498.97;468.09;484.74;578.02;504.31
5520;Pio XII;MA;Privada;4;487.72;511.15;459.3;508.35;555.0;504.3
5521;Riachão;MA;Estadual;58;469.55;481.04;463.61;491.39;615.86;504.29
5522;Iapu;MG;Estadual;11;473.2;478.6;464.34;538.04;567.27;504.29
5523;Alto Piquiri;PR;Estadual;15;490.55;480.69;488.95;505.2;556.0;504.28
5524;Ijuí;RS;Municipal;32;478.05;494.99;488.07;487.76;572.5;504.27
5525;Érico Cardoso;BA;Estadual;14;472.29;491.01;453.98;463.99;640.0;504.25
5526;Formosa do Oeste;PR;Estadual;13;468.15;478.78;485.35;488.84;600.0;504.22
5527;Juruti;PA;Estadual;102;469.6;501.67;461.73;484.35;603.73;504.22
5528;Mato Rico;PR;Estadual;10;498.62;492.17;458.68;509.5;562.0;504.19
5529;São José dos Quatro Marcos;MT;Estadual;57;478.15;492.72;468.54;482.85;598.6;504.17
5530;Jaqueira;PE;Estadual;21;481.99;486.59;457.53;510.92;583.81;504.17
5531;Casa Nova;BA;Estadual;38;469.71;499.18;461.1;505.0;585.79;504.16
5532;Ipiranga de Goiás;GO;Estadual;2;468.55;480.5;519.2;472.5;580.0;504.15
5533;Tamboril do Piauí;PI;Estadual;11;466.94;494.25;455.25;493.25;610.91;504.12
5534;Faria Lemos;MG;Estadual;3;467.1;519.2;462.9;504.67;566.67;504.11
5535;Acrelândia;AC;Estadual;35;488.32;505.04;461.41;500.62;565.14;504.11
5536;Macapá;AP;Estadual;1277;480.35;495.18;461.75;479.19;603.99;504.09
5537;Corumbá de Goiás;GO;Estadual;20;492.67;502.54;463.05;536.17;526.0;504.09
5538;Minaçu;GO;Estadual;84;491.67;483.55;464.56;489.44;591.19;504.08
5539;Laguna Carapã;MS;Estadual;6;474.0;503.1;443.6;469.7;630.0;504.08
5540;Ângulo;PR;Estadual;8;459.46;512.4;491.24;492.19;565.0;504.06
5541;Porto da Folha;SE;Estadual;78;468.99;485.07;463.4;501.49;601.28;504.05
5542;Açailândia;MA;Estadual;210;473.15;484.61;463.55;493.6;605.24;504.03
5543;Rio Sono;TO;Estadual;3;501.7;470.7;482.57;471.83;593.33;504.03
5544;Belford Roxo;RJ;Municipal;1;502.2;523.6;405.5;488.7;600.0;504.0
5545;São Raimundo Nonato;PI;Estadual;128;472.97;489.41;457.99;479.11;620.47;503.99
5546;Terenos;MS;Estadual;29;492.78;482.9;455.88;522.75;565.52;503.96
5547;Riacho de Santo Antônio;PB;Estadual;10;484.06;496.96;466.24;524.42;548.0;503.94
5548;Teixeirópolis;RO;Estadual;12;476.55;483.74;460.88;450.04;648.33;503.91
5549;Quixeramobim;CE;Estadual;591;477.61;488.89;465.04;497.79;590.19;503.91
5550;Inhapi;AL;Estadual;33;465.24;480.73;446.88;487.23;639.39;503.89
5551;Arinos;MG;Estadual;27;484.28;489.05;467.71;516.15;562.22;503.88
5552;Craíbas;AL;Estadual;47;468.33;480.58;464.65;493.03;612.77;503.87
5553;Mucajaí;RR;Estadual;11;500.54;497.05;465.78;466.74;589.09;503.84
5554;Carnaubal;CE;Estadual;159;470.07;490.84;466.89;495.3;596.1;503.84
5555;Vitória do Mearim;MA;Estadual;40;462.96;459.28;458.22;471.19;667.5;503.83
5556;Altos;PI;Estadual;149;481.78;494.98;461.03;491.54;589.8;503.82
5557;Monteiro Lobato;SP;Estadual;1;524.3;471.2;457.3;566.3;500.0;503.82
5558;Petrolina de Goiás;GO;Estadual;7;485.19;520.41;498.23;538.06;477.14;503.81
5559;Itaperuçu;PR;Estadual;11;472.64;506.1;449.85;523.11;567.27;503.79
5560;Silvânia;GO;Estadual;44;468.98;496.37;477.21;506.39;570.0;503.79
5561;Belém do Brejo do Cruz;PB;Estadual;13;481.42;469.97;482.06;511.54;573.85;503.77
5562;Bofete;SP;Estadual;14;493.88;486.32;451.92;499.56;587.14;503.76
5563;São José de Mipibu;RN;Estadual;39;475.54;494.3;473.3;495.08;580.51;503.75
5564;Capinzal do Norte;MA;Estadual;16;463.79;452.12;437.66;486.32;678.75;503.73
5565;Monte Santo;BA;Municipal;1;557.9;501.6;500.7;478.3;480.0;503.7
5566;Baía da Traição;PB;Estadual;18;491.83;473.36;457.4;490.33;605.56;503.69
5567;São Salvador do Tocantins;TO;Estadual;7;454.04;500.57;450.23;533.61;580.0;503.69
5568;Tupãssi;PR;Estadual;15;481.02;516.52;475.4;534.81;510.67;503.68
5569;Estreito;MA;Estadual;89;480.68;483.43;456.9;496.49;600.9;503.68
5570;Nova Laranjeiras;PR;Estadual;15;499.71;508.33;467.87;489.08;553.33;503.67
5571;Tomazina;PR;Estadual;11;483.09;496.91;461.65;522.01;554.55;503.64
5572;Passa e Fica;RN;Estadual;21;473.17;485.68;451.25;494.79;613.33;503.64
5573;Santa Cruz da Baixa Verde;PE;Estadual;23;456.45;495.37;465.33;521.82;579.13;503.62
5574;Canhotinho;PE;Estadual;61;466.64;497.04;466.46;506.87;580.98;503.6
5575;Sinop;MT;Municipal;2;504.75;525.0;454.1;514.05;520.0;503.58
5576;Honório Serpa;PR;Estadual;10;481.43;489.0;470.98;522.49;554.0;503.58
5577;Jaborandi;SP;Estadual;9;483.97;492.97;476.51;491.1;573.33;503.58
5578;Quatá;SP;Estadual;18;484.76;499.97;498.89;480.9;553.33;503.57
5579;Angra dos Reis;RJ;Municipal;1;494.2;511.9;394.8;576.9;540.0;503.56
5580;Alto Rio Doce;MG;Estadual;9;473.41;485.44;445.17;489.32;624.44;503.56
5581;Monte Formoso;MG;Estadual;5;508.72;526.42;459.72;502.88;520.0;503.55
5582;Santa Luzia do Pará;PA;Municipal;14;472.6;502.28;459.86;472.8;610.0;503.51
5583;Alexandria;RN;Estadual;35;473.19;476.22;459.07;491.91;617.14;503.51
5584;Lizarda;TO;Estadual;5;482.16;517.1;455.76;502.48;560.0;503.5
5585;Promissão;SP;Estadual;43;494.07;496.23;459.82;509.18;558.14;503.49
5586;Jerônimo Monteiro;ES;Estadual;25;468.37;482.83;454.58;488.4;623.2;503.47
5587;Esperança;PB;Estadual;53;478.02;496.15;457.05;478.97;607.17;503.47
5588;Vicência;PE;Estadual;91;478.6;483.4;474.64;477.82;602.86;503.46
5589;Acaiaca;MG;Privada;1;585.4;547.4;473.8;450.7;460.0;503.46
5590;Tejupá;SP;Estadual;3;503.03;505.3;465.93;489.6;553.33;503.44
5591;Santana do Ipanema;AL;Estadual;94;479.07;488.67;469.32;489.52;590.64;503.44
5592;Bela Vista do Maranhão;MA;Estadual;2;436.85;500.0;402.65;447.7;730.0;503.44
5593;Batalha;PI;Estadual;117;460.67;485.58;465.04;490.14;615.73;503.43
5594;Araçoiaba da Serra;SP;Estadual;24;501.15;500.06;457.47;503.34;555.0;503.41
5595;Governador Edison Lobão;MA;Estadual;30;476.86;487.27;455.77;486.31;610.67;503.37
5596;Monte Santo de Minas;MG;Estadual;10;495.07;497.17;445.85;518.62;560.0;503.34
5597;Jiquiriçá;BA;Estadual;38;469.9;484.06;460.58;483.11;618.95;503.32
5598;Monte Azul Paulista;SP;Estadual;14;489.54;502.58;468.7;520.09;535.71;503.32
5599;Acrelândia;AC;Municipal;2;507.2;460.45;538.15;460.7;550.0;503.3
5600;Cristalina;GO;Estadual;133;485.45;494.9;470.44;497.23;568.42;503.29
5601;Bom Jesus do Tocantins;TO;Estadual;8;486.69;492.48;476.49;493.28;567.5;503.28
5602;Sertaneja;PR;Estadual;8;493.15;511.02;464.59;520.08;527.5;503.27
5603;Combinado;TO;Estadual;16;495.62;489.35;449.74;491.48;590.0;503.24
5604;Esmeralda;RS;Estadual;9;497.74;496.92;483.04;511.58;526.67;503.19
5605;Caiapônia;GO;Estadual;35;484.13;496.89;484.07;514.15;536.57;503.16
5606;Guaiúba;CE;Estadual;247;475.09;485.67;467.19;489.6;598.14;503.14
5607;Fortaleza;CE;Municipal;9;498.1;503.54;468.08;503.73;542.22;503.14
5608;Caranaíba;MG;Estadual;6;490.4;479.67;461.08;501.22;583.33;503.14
5609;Campos Belos;GO;Estadual;30;476.73;475.21;486.43;486.59;590.67;503.13
5610;Elisiário;SP;Estadual;8;513.64;502.01;454.49;498.01;547.5;503.13
5611;Novo Airão;AM;Estadual;58;443.59;467.95;470.24;480.71;653.1;503.12
5612;Tarumã;SP;Estadual;16;512.83;499.9;457.81;473.82;571.25;503.12
5613;Faxinal;PR;Estadual;15;477.66;473.95;490.06;489.91;584.0;503.12
5614;Lagoa Nova;RN;Estadual;31;461.8;488.87;454.87;489.3;620.65;503.1
5615;Gravatal;SC;Estadual;30;488.79;488.43;465.09;477.71;595.33;503.07
5616;Pedra Bela;SP;Estadual;9;488.37;504.91;450.44;491.57;580.0;503.06
5617;Mocajuba;PA;Estadual;76;476.68;492.43;458.36;475.37;612.37;503.04
5618;São Gonçalo do Pará;MG;Estadual;11;493.98;492.35;438.85;520.87;569.09;503.03
5619;São João do Pau d'Alho;SP;Estadual;3;487.5;512.0;460.83;581.4;473.33;503.01
5620;Uruana de Minas;MG;Estadual;7;496.14;488.61;450.09;497.31;582.86;503.0
5621;Emilianópolis;SP;Estadual;7;485.31;501.8;451.66;490.51;585.71;503.0
5622;Caetés;PE;Estadual;50;476.18;492.42;467.75;505.66;572.8;502.96
5623;Santa Izabel do Pará;PA;Estadual;144;470.89;493.13;453.68;475.98;621.11;502.96
5624;Inúbia Paulista;SP;Estadual;1;511.6;447.4;429.0;566.7;560.0;502.94
5625;Alcântara;MA;Federal;18;472.19;473.48;483.63;508.66;576.67;502.93
5626;Bom Retiro;SC;Estadual;26;502.95;495.24;462.41;497.84;556.15;502.92
5627;São Bento do Norte;RN;Estadual;16;477.01;489.05;454.16;494.35;600.0;502.92
5628;Passabém;MG;Estadual;4;491.02;493.83;456.45;503.25;570.0;502.91
5629;Baianópolis;BA;Estadual;28;447.62;468.74;456.1;466.99;675.0;502.89
5630;Barcarena;PA;Estadual;210;478.1;491.21;463.21;475.24;606.67;502.88
5631;Dom Feliciano;RS;Estadual;22;486.23;492.06;467.41;473.2;595.45;502.87
5632;Alagoinha do Piauí;PI;Estadual;27;457.14;474.23;463.8;495.39;623.7;502.85
5633;Santana do Riacho;MG;Estadual;11;496.55;519.08;488.42;484.73;525.45;502.85
5634;Riachinho;MG;Estadual;10;515.19;502.75;486.75;505.58;504.0;502.85
5635;Aripuanã;MT;Municipal;1;488.9;435.8;481.1;648.4;460.0;502.84
5636;Pedra Branca;CE;Estadual;302;472.22;487.02;472.24;495.91;586.75;502.83
5637;Nordestina;BA;Estadual;13;500.95;484.79;468.08;481.75;578.46;502.81
5638;São Miguel do Guaporé;RO;Estadual;43;466.82;481.5;455.23;493.74;616.74;502.81
5639;Horizonte;CE;Estadual;411;488.14;485.72;467.2;492.32;580.54;502.79
5640;Dom Aquino;MT;Estadual;21;471.92;474.67;483.32;496.26;587.62;502.76
5641;São Sebastião da Amoreira;PR;Estadual;24;486.39;498.41;462.98;493.51;572.5;502.76
5642;Itaverava;MG;Estadual;13;499.46;509.38;465.53;516.24;523.08;502.74
5643;Riachuelo;RN;Estadual;5;508.52;470.92;467.34;450.86;616.0;502.73
5644;Jataizinho;PR;Estadual;21;485.27;508.65;478.68;505.57;535.24;502.68
5645;Cajueiro da Praia;PI;Estadual;12;488.33;494.92;457.12;477.99;595.0;502.67
5646;Salvaterra;PA;Estadual;59;475.83;502.59;475.03;467.05;592.88;502.67
5647;Trombas;GO;Estadual;4;469.83;506.72;429.7;512.08;595.0;502.66
5648;Cristalândia;TO;Estadual;11;450.4;495.12;482.09;500.13;585.45;502.64
5649;Piripá;BA;Estadual;8;476.49;492.11;458.58;505.84;580.0;502.6
5650;São José de Princesa;PB;Estadual;4;426.7;475.32;484.1;521.83;605.0;502.59
5651;Miranda do Norte;MA;Estadual;19;493.94;498.94;459.16;465.09;595.79;502.59
5652;Tarabai;SP;Estadual;7;480.21;471.7;472.9;490.96;597.14;502.58
5653;Doutor Camargo;PR;Estadual;6;473.03;497.22;464.93;480.9;596.67;502.55
5654;Urandi;BA;Estadual;13;448.88;486.45;454.43;475.27;647.69;502.54
5655;Bocaina;SP;Estadual;4;475.32;483.85;475.48;563.02;515.0;502.54
5656;Uiraúna;PB;Estadual;23;475.56;496.37;457.88;472.4;610.43;502.53
5657;Capetinga;MG;Estadual;7;482.0;542.59;471.61;439.21;577.14;502.51
5658;Jacundá;PA;Estadual;52;486.73;488.6;459.55;505.23;572.31;502.48
5659;Cananéia;SP;Estadual;23;505.14;507.1;456.06;501.38;542.61;502.46
5660;Boa Viagem;CE;Estadual;324;474.04;483.74;473.04;498.85;582.47;502.43
5661;Barbosa Ferraz;PR;Estadual;29;484.54;488.07;472.43;501.97;564.83;502.37
5662;Porto Franco;MA;Estadual;105;469.57;485.47;464.66;475.9;616.19;502.36
5663;Barcelos;AM;Estadual;27;484.21;492.58;479.1;469.87;585.93;502.34
5664;Santarém;PA;Municipal;14;456.48;498.6;472.67;458.19;625.71;502.33
5665;Malhada de Pedras;BA;Estadual;27;449.68;488.94;438.2;468.01;666.67;502.3
5666;Alto Alegre dos Parecis;RO;Estadual;32;472.9;483.57;473.23;495.51;586.25;502.29
5667;Vigia;PA;Estadual;122;475.44;485.06;458.17;473.27;619.51;502.29
5668;Salgadinho;PB;Estadual;6;434.73;499.5;446.5;497.33;633.33;502.28
5669;Bom Lugar;MA;Estadual;9;432.22;456.64;483.33;492.54;646.67;502.28
5670;Carapebus;RJ;Estadual;28;493.02;509.9;458.04;491.09;559.29;502.27
5671;Morretes;PR;Estadual;20;471.36;485.91;458.9;507.04;588.0;502.24
5672;Nova Londrina;PR;Estadual;39;482.32;504.63;462.84;492.65;568.72;502.23
5673;Antonina;PR;Estadual;24;498.46;513.58;471.48;495.97;531.67;502.23
5674;Murici;AL;Estadual;26;483.72;501.87;492.08;494.2;539.23;502.22
5675;Panamá;GO;Estadual;2;459.8;474.8;506.55;429.9;640.0;502.21
5676;Mirassol d'Oeste;MT;Estadual;69;482.2;491.93;461.09;501.95;573.91;502.21
5677;Crucilândia;MG;Estadual;9;496.62;510.79;459.22;486.61;557.78;502.2
5678;Patrocínio Paulista;SP;Estadual;21;506.15;501.2;468.87;501.44;533.33;502.2
5679;Jaicós;PI;Estadual;35;471.49;476.95;457.29;493.71;611.43;502.17
5680;Cidade Ocidental;GO;Estadual;150;493.39;501.99;464.65;492.21;558.53;502.16
5681;Piçarra;PA;Municipal;1;413.5;490.1;484.6;482.6;640.0;502.16
5682;Gonzaga;MG;Estadual;5;526.0;515.98;453.02;487.74;528.0;502.15
5683;Parnamirim;RN;Municipal;3;524.57;547.93;516.03;495.53;426.67;502.15
5684;Riachão;PB;Estadual;5;499.48;473.68;456.16;457.26;624.0;502.12
5685;Ceará-Mirim;RN;Estadual;215;479.83;496.77;465.05;491.82;577.12;502.12
5686;Nepomuceno;MG;Estadual;29;488.06;509.39;476.07;488.13;548.97;502.12
5687;Vale do Anari;RO;Estadual;14;485.52;496.14;434.01;497.65;597.14;502.09
5688;Patis;MG;Estadual;2;490.45;529.9;442.5;597.55;450.0;502.08
5689;Santa Cruz;PB;Estadual;22;452.66;462.94;464.48;472.13;658.18;502.08
5690;Estância;SE;Estadual;68;481.29;486.87;445.26;492.84;604.12;502.08
5691;Espigão D'Oeste;RO;Estadual;117;471.14;484.71;464.97;488.03;601.54;502.08
5692;Goianira;GO;Estadual;107;484.32;499.93;454.89;487.54;583.74;502.08
5693;Salgadinho;PE;Estadual;15;451.42;475.61;448.07;484.61;650.67;502.08
5694;Itapura;SP;Estadual;4;477.6;483.18;435.12;489.45;625.0;502.07
5695;Inhacorá;RS;Estadual;5;475.6;503.2;474.1;497.4;560.0;502.06
5696;Bernardo Sayão;TO;Estadual;11;437.61;466.18;487.85;529.46;589.09;502.04
5697;Rondon do Pará;PA;Estadual;61;469.91;484.65;462.91;497.69;594.75;501.98
5698;Olho d'Água do Borges;RN;Estadual;17;479.39;476.11;462.89;493.84;597.65;501.97
5699;Santa Vitória;MG;Estadual;36;493.5;491.33;467.63;489.5;567.78;501.95
5700;Nova Alvorada;RS;Estadual;10;461.52;487.32;471.59;511.28;578.0;501.94
5701;Maracaçumé;MA;Estadual;27;452.11;480.24;444.36;486.24;646.67;501.92
5702;Hidrolândia;GO;Estadual;46;483.99;499.9;464.86;505.62;555.22;501.92
5703;Santa Maria das Barreiras;PA;Privada;4;503.55;506.83;497.6;506.58;495.0;501.91
5704;Porto Amazonas;PR;Estadual;3;489.73;552.43;398.5;555.5;513.33;501.9
5705;Mutuípe;BA;Estadual;39;480.73;485.65;462.13;486.01;594.87;501.88
5706;Dom Pedro de Alcântara;RS;Estadual;2;463.3;517.55;469.8;468.75;590.0;501.88
5707;Muniz Ferreira;BA;Estadual;6;458.75;516.77;492.37;494.85;546.67;501.88
5708;Bela Vista do Toldo;SC;Estadual;23;458.47;479.53;470.18;479.06;621.74;501.8
5709;São Francisco do Brejão;MA;Municipal;1;472.0;450.6;452.9;573.5;560.0;501.8
5710;Pedro Alexandre;BA;Estadual;14;461.99;515.47;472.38;451.96;607.14;501.79
5711;Nova Alvorada do Sul;MS;Estadual;35;495.81;493.91;476.67;487.61;554.86;501.77
5712;Novo Horizonte do Oeste;RO;Privada;5;481.12;492.98;443.68;499.02;592.0;501.76
5713;Jaramataia;AL;Estadual;5;454.12;419.58;463.34;467.64;704.0;501.74
5714;Domingos Martins;ES;Municipal;4;538.15;498.95;481.6;504.95;485.0;501.73
5715;Exu;PE;Estadual;69;473.78;486.14;461.79;509.69;577.1;501.7
5716;Satuba;AL;Estadual;21;463.6;470.43;455.72;491.11;627.62;501.7
5717;Sorriso;MT;Estadual;139;483.17;492.1;469.71;501.15;562.3;501.69
5718;Luiziana;PR;Estadual;16;496.71;504.42;484.06;478.26;545.0;501.69
5719;Saúde;BA;Estadual;20;481.79;489.7;456.29;459.54;621.0;501.66
5720;Jucás;CE;Estadual;237;472.2;488.73;470.18;492.56;584.64;501.66
5721;Nilo Peçanha;BA;Privada;1;467.4;510.1;528.0;422.8;580.0;501.66
5722;Sentinela do Sul;RS;Estadual;11;480.79;491.56;460.15;466.41;609.09;501.6
5723;Cotriguaçu;MT;Estadual;18;470.65;491.09;465.1;485.61;595.56;501.6
5724;Mirante do Paranapanema;SP;Estadual;31;488.67;504.8;484.73;494.3;535.48;501.6
5725;Irará;BA;Estadual;23;475.55;493.98;470.94;490.05;577.39;501.58
5726;Planaltino;BA;Estadual;6;478.43;520.98;448.28;446.85;613.33;501.58
5727;São Gabriel da Cachoeira;AM;Federal;52;477.52;503.16;462.77;481.76;582.69;501.58
5728;Santa Helena de Goiás;GO;Estadual;76;489.88;495.98;471.26;497.24;553.42;501.56
5729;Cruzaltense;RS;Estadual;3;525.07;473.47;440.1;482.37;586.67;501.53
5730;Francisco Macedo;PI;Estadual;5;442.68;505.12;453.98;509.86;596.0;501.53
5731;Castanheiras;RO;Estadual;9;469.49;477.6;467.53;486.34;606.67;501.53
5732;Pedrinhas;SE;Estadual;12;453.83;465.68;455.7;457.4;675.0;501.52
5733;Jauru;MT;Estadual;20;450.36;468.84;455.08;506.3;627.0;501.52
5734;São Luís de Montes Belos;GO;Estadual;106;479.29;490.71;471.38;499.58;566.6;501.51
5735;Aperibé;RJ;Estadual;25;477.38;473.79;455.22;506.7;594.4;501.5
5736;Pirapemas;MA;Estadual;27;458.37;479.29;438.96;497.38;633.33;501.47
5737;São José do Alegre;MG;Estadual;9;467.93;498.78;458.02;527.0;555.56;501.46
5738;São José do Seridó;RN;Estadual;5;481.22;493.14;451.48;489.48;592.0;501.46
5739;Santa Maria do Oeste;PR;Estadual;19;477.34;503.37;481.67;487.98;556.84;501.44
5740;Curitiba;PR;Municipal;1;477.3;511.0;553.2;525.7;440.0;501.44
5741;Ereré;CE;Estadual;35;471.69;488.05;460.61;489.15;597.71;501.44
5742;Lençóis;BA;Estadual;20;486.8;490.89;453.25;500.19;576.0;501.43
5743;Santo Antônio do Descoberto;GO;Estadual;142;491.61;495.06;468.79;493.54;558.03;501.41
5744;Terra Roxa;SP;Estadual;6;486.1;492.75;426.22;468.6;633.33;501.4
5745;Campestre da Serra;RS;Estadual;2;473.4;478.4;443.85;551.25;560.0;501.38
5746;Cuité;PB;Estadual;87;475.5;491.36;472.55;477.15;590.34;501.38
5747;Ribas do Rio Pardo;MS;Estadual;38;488.25;492.17;466.23;470.07;590.0;501.34
5748;Ponta Porã;MS;Estadual;143;490.84;500.14;459.72;490.14;565.73;501.32
5749;Coronel Sapucaia;MS;Estadual;29;480.04;509.02;463.87;500.57;553.1;501.32
5750;Tupandi;RS;Municipal;1;522.9;578.8;470.7;614.2;320.0;501.32
5751;Capão do Cipó;RS;Estadual;3;474.2;498.33;442.53;551.47;540.0;501.31
5752;Cordeiros;BA;Estadual;7;511.2;485.91;477.13;489.3;542.86;501.28
5753;Tacima;PB;Estadual;14;437.26;443.19;462.51;557.69;605.71;501.27
5754;Caldas;MG;Municipal;3;522.87;545.53;496.4;481.53;460.0;501.27
5755;Maragogi;AL;Estadual;16;479.39;479.07;461.09;482.86;603.75;501.23
5756;São José do Rio Pardo;SP;Municipal;3;498.77;523.87;475.9;474.27;533.33;501.23
5757;Inajá;PR;Estadual;16;478.46;502.81;481.14;507.46;536.25;501.22
5758;Uruará;PA;Municipal;12;461.58;494.76;478.42;449.69;621.67;501.22
5759;Icapuí;CE;Estadual;127;473.34;484.16;464.92;488.99;594.65;501.21
5760;Ilhabela;SP;Estadual;26;503.81;497.13;456.35;497.24;551.54;501.21
5761;Planaltina;GO;Estadual;250;486.62;492.39;460.89;500.67;565.44;501.2
5762;São Gonçalo do Amarante;CE;Estadual;456;476.72;482.49;459.32;502.48;584.91;501.19
5763;Guaraqueçaba;PR;Estadual;4;486.1;507.0;468.28;564.5;480.0;501.18
5764;Taparuba;MG;Estadual;11;464.82;469.01;461.65;508.57;601.82;501.17
5765;Cidelândia;MA;Estadual;24;456.44;491.12;454.77;491.82;611.67;501.16
5766;Dois Irmãos do Buriti;MS;Estadual;20;468.29;471.84;462.23;491.33;612.0;501.14
5767;Canavieira;PI;Estadual;3;391.63;494.3;435.6;590.8;593.33;501.13
5768;Oeiras;PI;Estadual;114;467.0;483.62;453.74;494.35;606.84;501.11
5769;Dom Pedrito;RS;Estadual;75;492.94;489.53;455.1;470.9;597.07;501.11
5770;Conselheiro Mairinck;PR;Estadual;2;435.35;503.25;463.25;483.7;620.0;501.11
5771;Dias d'Ávila;BA;Estadual;117;491.92;498.5;456.68;491.48;566.84;501.08
5772;Caucaia;CE;Estadual;1612;483.88;489.26;466.99;485.63;579.5;501.05
5773;Luzilândia;PI;Estadual;46;460.56;471.84;459.71;482.22;630.87;501.04
5774;Jacuípe;AL;Estadual;9;467.96;465.87;456.86;474.42;640.0;501.02
5775;Barra do Corda;MA;Estadual;166;472.19;484.55;463.94;479.95;604.46;501.02
5776;Nova Tebas;PR;Estadual;11;468.61;500.14;480.48;481.27;574.55;501.01
5777;Neves Paulista;SP;Estadual;12;478.21;479.84;441.6;492.04;613.33;501.0
5778;Barra dos Coqueiros;SE;Estadual;44;485.45;482.93;454.76;489.04;592.73;500.98
5779;Cantagalo;PR;Estadual;44;494.35;493.89;480.79;483.1;552.73;500.97
5780;Piratininga;SP;Estadual;9;500.2;531.03;453.36;491.26;528.89;500.95
5781;Cícero Dantas;BA;Estadual;61;480.12;494.44;459.98;477.4;592.79;500.94
5782;Cruzeiro do Sul;AC;Estadual;361;473.21;488.97;463.81;489.6;589.03;500.93
5783;Carneiros;AL;Estadual;12;482.76;511.41;467.06;445.06;598.33;500.92
5784;Matelândia;PR;Estadual;44;488.86;499.39;466.47;494.78;555.0;500.9
5785;Duas Estradas;PB;Estadual;5;469.98;486.38;464.46;479.7;604.0;500.9
5786;Bayeux;PB;Estadual;88;489.05;486.19;464.84;467.61;596.82;500.9
5787;Morro Agudo;SP;Estadual;8;495.75;502.45;451.15;472.61;582.5;500.89
5788;Boca do Acre;AM;Estadual;55;477.92;483.49;465.81;478.93;598.18;500.87
5789;Paracuru;CE;Estadual;428;475.35;485.98;475.3;498.49;569.07;500.84
5790;Teresina;PI;Municipal;11;474.87;482.3;468.16;509.57;569.09;500.8
5791;Taiúva;SP;Estadual;4;498.12;500.22;454.55;466.05;585.0;500.79
5792;Jardim de Piranhas;RN;Estadual;47;473.81;473.55;468.77;491.64;596.17;500.79
5793;Gurjão;PB;Estadual;12;436.69;503.69;452.46;457.68;653.33;500.77
5794;Parambu;CE;Estadual;213;477.89;485.97;476.46;489.48;573.99;500.76
5795;Assaré;CE;Estadual;159;472.09;483.48;468.64;494.51;585.03;500.75
5796;Breves;PA;Estadual;231;472.35;488.28;465.71;470.23;607.19;500.75
5797;Uruana;GO;Estadual;31;475.39;488.5;463.75;512.89;563.23;500.75
5798;Trairi;CE;Estadual;410;468.56;483.27;458.93;496.51;596.39;500.73
5799;Ponte Alta;SC;Estadual;3;500.0;478.1;493.7;478.43;553.33;500.71
5800;São Desidério;BA;Estadual;52;473.7;483.01;469.97;492.13;584.62;500.68
5801;Icaraíma;PR;Estadual;5;502.54;509.9;434.72;512.14;544.0;500.66
5802;Pontal;SP;Estadual;64;486.48;500.41;462.45;504.63;549.06;500.61
5803;Catas Altas da Noruega;MG;Estadual;9;486.49;502.68;491.51;504.59;517.78;500.61
5804;Serra do Salitre;MG;Estadual;14;490.59;469.96;455.7;482.44;604.29;500.6
5805;Jericó;PB;Estadual;26;454.7;477.27;475.81;469.06;626.15;500.6
5806;Mãe do Rio;PA;Municipal;9;444.06;452.42;462.34;495.22;648.89;500.59
5807;Rancharia;SP;Privada;6;449.42;503.75;467.73;481.98;600.0;500.58
5808;Macambira;SE;Estadual;17;472.48;495.59;444.59;484.24;605.88;500.56
5809;Santa Rita do Tocantins;TO;Estadual;3;480.6;500.57;453.1;481.87;586.67;500.56
5810;Tapauá;AM;Estadual;26;460.65;475.87;460.95;477.65;627.69;500.56
5811;Mangueirinha;PR;Estadual;52;487.54;503.98;465.04;486.59;559.62;500.55
5812;Cumari;GO;Estadual;5;496.46;499.84;437.32;477.02;592.0;500.53
5813;Gonçalves;MG;Estadual;2;418.45;531.1;461.6;541.35;550.0;500.5
5814;Ibirajuba;PE;Estadual;6;489.12;501.88;500.23;417.88;593.33;500.49
5815;São Pedro dos Ferros;MG;Estadual;6;486.7;528.05;470.53;503.78;513.33;500.48
5816;Biritinga;BA;Estadual;9;498.76;480.01;463.9;475.2;584.44;500.46
5817;Feira Nova do Maranhão;MA;Estadual;4;490.65;480.83;443.62;497.12;590.0;500.44
5818;Pinhalzinho;SP;Municipal;5;469.56;514.36;442.72;535.58;540.0;500.44
5819;Marcação;PB;Estadual;8;448.82;476.52;500.65;453.59;622.5;500.42
5820;Selvíria;MS;Estadual;5;490.94;511.54;494.18;473.46;532.0;500.42
5821;Olho d'Água das Flores;AL;Estadual;30;480.24;489.44;459.9;475.85;596.67;500.42
5822;Riacho dos Machados;MG;Estadual;5;436.88;476.14;458.18;574.84;556.0;500.41
5823;Engenheiro Coelho;SP;Estadual;13;471.44;500.75;439.11;512.13;578.46;500.38
5824;Coronel Vivida;PR;Estadual;67;496.56;498.85;455.29;496.67;554.33;500.34
5825;Igarapé-Açu;PA;Estadual;104;468.51;482.72;458.13;483.24;609.04;500.33
5826;Nova Ponte;MG;Estadual;38;481.21;486.88;469.95;507.26;556.32;500.32
5827;Abadia de Goiás;GO;Estadual;17;458.13;482.69;470.61;477.22;612.94;500.32
5828;Acajutiba;BA;Estadual;10;470.5;512.02;460.97;494.06;564.0;500.31
5829;Miguelópolis;SP;Estadual;54;493.28;491.21;462.78;510.15;544.07;500.3
5830;Novo Progresso;PA;Estadual;26;485.17;477.99;467.77;498.24;572.31;500.29
5831;Santa Helena de Minas;MG;Estadual;9;481.86;492.73;483.32;461.22;582.22;500.27
5832;Álvaro de Carvalho;SP;Estadual;4;484.28;489.38;460.32;477.3;590.0;500.26
5833;Vitória do Xingu;PA;Estadual;29;457.82;493.76;466.13;467.05;616.55;500.26
5834;Arenápolis;MT;Estadual;33;480.24;488.47;463.81;486.32;582.42;500.25
5835;Pitanga;PR;Estadual;63;484.77;501.38;478.82;494.97;541.27;500.24
5836;Pontes e Lacerda;MT;Estadual;69;489.69;489.88;461.49;492.22;567.83;500.22
5837;Apiacá;ES;Estadual;16;472.21;475.09;442.28;501.47;610.0;500.21
5838;Cachoeira de Goiás;GO;Estadual;5;504.46;526.68;461.24;500.66;508.0;500.21
5839;Abreu e Lima;PE;Municipal;4;478.2;489.5;475.22;493.12;565.0;500.21
5840;Boa Vista do Sul;RS;Estadual;4;430.4;456.3;472.32;451.95;690.0;500.2
5841;Madre de Deus;BA;Estadual;22;482.68;468.78;453.13;500.93;595.45;500.2
5842;Porto Real do Colégio;AL;Estadual;49;447.63;460.35;453.27;458.91;680.82;500.2
5843;Mombaça;CE;Estadual;186;472.07;483.43;464.3;502.01;579.14;500.19
5844;Águas Vermelhas;MG;Estadual;15;487.43;505.23;469.28;484.3;554.67;500.18
5845;Campo Alegre de Lourdes;BA;Estadual;17;461.76;492.61;465.28;515.34;565.88;500.17
5846;Pindoba;AL;Estadual;6;487.02;499.5;456.33;457.85;600.0;500.14
5847;Barra do Rocha;BA;Estadual;1;505.7;494.4;428.0;492.6;580.0;500.14
5848;Queluzito;MG;Estadual;10;476.55;498.26;441.22;510.52;574.0;500.11
5849;Ipaussu;SP;Municipal;1;565.7;465.7;520.9;528.2;420.0;500.1
5850;Goioxim;PR;Estadual;24;467.23;474.31;450.72;461.57;646.67;500.1
5851;Guaiçara;SP;Estadual;7;456.19;519.66;462.01;525.43;537.14;500.09
5852;Nísia Floresta;RN;Estadual;26;484.58;489.26;467.05;488.7;570.77;500.07
5853;Guará;SP;Estadual;16;491.31;483.65;462.01;494.42;568.75;500.03
5854;Macau;RN;Estadual;62;476.32;478.12;470.36;462.33;612.9;500.01
5855;Paragominas;PA;Estadual;174;478.55;490.89;457.63;484.06;588.85;499.99
5856;Rio do Fogo;RN;Estadual;16;471.11;492.5;467.31;483.98;585.0;499.98
5857;Tupirama;TO;Estadual;1;494.3;406.5;550.8;488.3;560.0;499.98
5858;Nova Roma;GO;Estadual;6;461.15;487.4;474.78;496.58;580.0;499.98
5859;Axixá;MA;Estadual;91;471.44;482.01;465.02;477.08;604.18;499.94
5860;Icó;CE;Estadual;445;475.27;484.72;465.28;491.39;583.01;499.93
5861;Carnaubeira da Penha;PE;Estadual;23;449.23;471.23;481.83;512.98;584.35;499.92
5862;Bom Sucesso de Itararé;SP;Estadual;8;468.19;510.86;467.01;491.02;562.5;499.92
5863;Bonito;MS;Estadual;24;481.17;500.89;476.47;511.93;529.17;499.92
5864;Campina do Monte Alegre;SP;Estadual;21;507.5;494.64;463.96;478.2;555.24;499.91
5865;Picos;PI;Municipal;3;492.5;490.7;431.47;531.5;553.33;499.9
5866;Uauá;BA;Estadual;32;484.29;483.89;465.4;480.9;585.0;499.9
5867;Arari;MA;Estadual;57;476.97;487.08;460.88;482.24;592.28;499.89
5868;Itapipoca;CE;Estadual;1307;469.29;481.74;467.27;495.63;585.45;499.88
5869;Maria Helena;PR;Estadual;14;490.46;500.9;467.56;500.37;540.0;499.86
5870;Tracuateua;PA;Municipal;13;454.32;478.17;468.61;475.02;623.08;499.84
5871;Rafael Fernandes;RN;Estadual;10;476.05;503.88;470.81;508.41;540.0;499.83
5872;Mambaí;GO;Estadual;36;484.59;475.72;458.06;487.83;592.78;499.8
5873;Florestópolis;PR;Estadual;8;494.45;461.91;454.08;448.49;640.0;499.78
5874;Araçás;BA;Estadual;4;534.33;509.4;444.8;490.25;520.0;499.76
5875;Primeiro de Maio;PR;Estadual;13;507.41;487.13;463.65;509.79;530.77;499.75
5876;Machadinho D'Oeste;RO;Estadual;64;472.65;488.6;466.27;491.83;579.38;499.74
5877;Montadas;PB;Estadual;12;487.63;470.97;452.86;488.9;598.33;499.74
5878;Entre Rios;BA;Estadual;55;476.28;497.13;466.11;480.23;578.91;499.73
5879;Almeirim;PA;Estadual;50;471.23;485.35;482.67;474.92;584.4;499.71
5880;Nova Esperança do Piriá;PA;Estadual;18;476.97;500.26;460.94;479.24;581.11;499.7
5881;Taquaral de Goiás;GO;Estadual;14;482.67;481.66;483.08;476.71;574.29;499.68
5882;Brasilândia;MS;Estadual;19;484.95;491.19;456.43;487.83;577.89;499.66
5883;São João do Ivaí;PR;Estadual;10;458.4;498.77;464.03;484.97;592.0;499.63
5884;Carmo do Rio Claro;MG;Estadual;25;485.32;493.62;459.32;515.91;544.0;499.63
5885;Sítio Novo;RN;Estadual;6;490.13;475.43;462.8;492.95;576.67;499.6
5886;Cachoeira dos Índios;PB;Estadual;17;481.6;468.95;450.35;473.42;623.53;499.57
5887;Itagimirim;BA;Estadual;3;503.5;462.37;468.93;509.73;553.33;499.57
5888;Abaetetuba;PA;Municipal;20;463.27;497.12;469.87;454.54;613.0;499.56
5889;Viçosa do Ceará;CE;Estadual;470;468.79;478.95;461.02;502.09;586.81;499.53
5890;Groaíras;CE;Estadual;76;469.28;475.04;464.85;493.19;595.26;499.52
5891;Presidente Médici;MA;Estadual;19;453.99;486.66;473.51;463.45;620.0;499.52
5892;Ubatã;BA;Estadual;5;487.18;493.68;434.82;509.8;572.0;499.5
5893;Angelim;PE;Estadual;47;483.63;486.06;456.19;487.81;583.83;499.5
5894;Abaetetuba;PA;Estadual;381;463.92;484.51;462.91;471.88;614.23;499.49
5895;Terra Santa;PA;Estadual;44;471.23;489.96;452.46;488.81;595.0;499.49
5896;Veredinha;MG;Privada;1;525.7;411.4;462.7;517.6;580.0;499.48
5897;Ichu;BA;Estadual;21;497.07;516.94;461.88;481.41;540.0;499.46
5898;Jeremoabo;BA;Estadual;51;466.21;483.28;451.85;463.82;632.16;499.46
5899;Cônego Marinho;MG;Estadual;16;471.38;498.95;471.31;489.39;566.25;499.46
5900;Itaitinga;CE;Estadual;205;477.13;484.36;463.23;498.43;574.15;499.46
5901;Águas Frias;SC;Estadual;6;477.6;498.37;446.63;484.62;590.0;499.44
5902;Santo Antônio do Pinhal;SP;Estadual;6;492.47;515.83;511.4;460.82;516.67;499.44
5903;Serrita;PE;Estadual;71;478.32;482.05;466.15;487.31;583.38;499.44
5904;Altamira do Paraná;PR;Estadual;13;478.07;497.89;438.7;507.08;575.38;499.42
5905;Simões;PI;Estadual;12;470.12;477.91;477.98;507.44;563.33;499.36
5906;Cruz das Almas;BA;Estadual;140;473.53;487.58;463.25;474.11;598.29;499.35
5907;Jordão;AC;Estadual;11;453.65;486.51;462.37;512.34;581.82;499.34
5908;Santa Inês;PB;Estadual;1;504.5;550.6;401.3;500.3;540.0;499.34
5909;Nova Esperança do Sul;RS;Estadual;17;489.89;506.64;501.4;491.66;507.06;499.33
5910;São Miguel dos Milagres;AL;Estadual;5;473.4;503.28;473.1;486.7;560.0;499.3
5911;Desterro;PB;Estadual;32;474.91;471.22;459.56;483.96;606.88;499.3
5912;Santa Maria do Pará;PA;Estadual;64;474.0;487.92;448.96;459.34;626.25;499.29
5913;São Francisco de Assis;RS;Estadual;29;489.92;499.97;463.88;483.94;558.62;499.27
5914;São José do Campestre;RN;Estadual;16;474.03;484.98;454.74;489.96;592.5;499.24
5915;Novo Horizonte do Sul;MS;Estadual;14;478.3;511.41;456.26;495.9;554.29;499.23
5916;Águas de Chapecó;SC;Estadual;7;474.66;508.87;454.61;480.86;577.14;499.23
5917;Iguatemi;MS;Estadual;21;478.85;489.69;480.36;492.96;554.29;499.23
5918;Serra dos Aimorés;MG;Estadual;15;476.66;485.16;473.15;463.75;597.33;499.21
5919;Presidente Kennedy;ES;Estadual;39;478.06;489.33;466.03;494.24;568.21;499.17
5920;São Francisco;MG;Estadual;66;483.08;493.85;464.0;501.0;553.94;499.17
5921;Mangaratiba;RJ;Estadual;39;493.81;504.23;466.75;486.9;544.1;499.16
5922;Carira;SE;Estadual;30;458.58;494.86;464.4;477.95;600.0;499.16
5923;Rio Pomba;MG;Estadual;5;494.8;507.24;483.24;490.42;520.0;499.14
5924;Santa Cruz de Monte Castelo;PR;Estadual;13;458.6;494.92;494.86;476.48;570.77;499.13
5925;Marzagão;GO;Estadual;10;493.19;464.35;469.3;486.79;582.0;499.13
5926;Careiro;AM;Estadual;51;488.0;500.25;459.63;479.45;568.24;499.12
5927;Santa Mariana;PR;Estadual;15;478.92;471.09;469.48;486.77;589.33;499.12
5928;Aroazes;PI;Estadual;22;439.72;466.1;456.37;468.8;664.55;499.11
5929;Jacarezinho;PR;Estadual;54;489.79;503.7;461.94;486.65;553.33;499.08
5930;Barro Alto;BA;Estadual;19;470.63;493.76;451.11;477.68;602.11;499.06
5931;Igreja Nova;AL;Estadual;29;457.66;472.36;452.75;506.28;606.21;499.05
5932;Cruzália;SP;Estadual;4;479.98;504.2;512.58;458.48;540.0;499.04
5933;Nova Redenção;BA;Estadual;8;491.44;510.32;473.39;462.52;557.5;499.04
5934;Nova Xavantina;MT;Estadual;52;472.99;482.92;460.38;489.08;589.62;499.0
5935;Abelardo Luz;SC;Estadual;30;498.59;490.83;457.47;476.7;571.33;498.99
5936;Nova Russas;CE;Estadual;235;470.13;484.11;472.42;484.14;584.09;498.98
5937;Pedro Laurentino;PI;Estadual;3;434.17;454.83;426.63;552.5;626.67;498.96
5938;Marituba;PA;Municipal;88;481.66;491.06;465.24;473.06;583.64;498.93
5939;Mauriti;CE;Estadual;367;466.48;483.61;464.8;479.06;600.49;498.89
5940;Paudalho;PE;Estadual;116;469.33;480.88;462.04;497.37;584.83;498.89
5941;Rio Brilhante;MS;Estadual;86;477.06;484.32;468.21;496.48;568.37;498.89
5942;São José do Barreiro;SP;Estadual;4;476.45;507.68;454.45;470.83;585.0;498.88
5943;Umburanas;BA;Municipal;1;485.6;444.9;464.9;558.9;540.0;498.86
5944;Florânia;RN;Estadual;6;467.2;489.83;447.03;426.85;663.33;498.85
5945;Ribeira do Amparo;BA;Estadual;40;461.76;477.08;467.92;482.43;605.0;498.84
5946;Fruta de Leite;MG;Estadual;11;474.04;479.85;444.88;473.64;621.82;498.84
5947;Porto Acre;AC;Estadual;35;484.16;489.94;453.53;472.27;594.29;498.84
5948;Jaguaquara;BA;Estadual;104;480.41;491.27;469.29;478.94;574.23;498.83
5949;Ouro Branco;RN;Estadual;11;482.38;470.68;467.48;466.26;607.27;498.82
5950;Palmeira;SC;Estadual;4;507.9;497.38;479.85;463.88;545.0;498.8
5951;Lapão;BA;Estadual;33;454.96;472.01;462.57;493.55;610.91;498.8
5952;Milagres;BA;Estadual;12;469.52;490.02;477.18;497.22;560.0;498.79
5953;Taciba;SP;Estadual;10;467.47;502.57;479.26;502.6;542.0;498.78
5954;Uruará;PA;Estadual;37;479.95;488.95;462.89;488.03;574.05;498.77
5955;Matupá;MT;Estadual;19;493.63;488.01;460.01;483.73;568.42;498.76
5956;Jardim de Angicos;RN;Estadual;2;516.25;487.95;485.65;443.95;560.0;498.76
5957;Capanema;PA;Estadual;117;474.66;492.95;465.17;474.8;586.15;498.75
5958;Ipiaçu;MG;Estadual;8;499.58;495.88;490.32;475.4;532.5;498.74
5959;Marilena;PR;Estadual;6;479.82;481.52;446.72;485.62;600.0;498.73
5960;Brasil Novo;PA;Municipal;8;476.45;500.42;458.28;498.46;560.0;498.72
5961;Jaú do Tocantins;TO;Estadual;22;475.6;490.55;459.94;461.95;605.45;498.7
5962;Santa Cruz da Esperança;SP;Estadual;2;487.75;436.2;489.4;500.15;580.0;498.7
5963;Passos Maia;SC;Estadual;9;473.8;493.76;466.19;488.64;571.11;498.7
5964;Campo Formoso;BA;Estadual;56;462.75;483.91;462.7;475.21;608.93;498.7
5965;São José da Safira;MG;Estadual;1;451.9;518.3;406.5;476.8;640.0;498.7
5966;Logradouro;PB;Estadual;18;457.87;480.96;466.72;463.47;624.44;498.69
5967;Santa Luzia do Paruá;MA;Estadual;35;451.68;455.35;464.76;494.03;627.43;498.65
5968;Três Barras do Paraná;PR;Estadual;18;476.04;498.72;460.5;495.77;562.22;498.65
5969;José Bonifácio;SP;Estadual;32;475.92;504.32;467.03;494.66;551.25;498.63
5970;Buenópolis;MG;Estadual;13;466.95;487.68;452.75;522.52;563.08;498.6
5971;Bela Vista;MS;Estadual;71;479.76;490.85;451.38;503.63;567.32;498.59
5972;Aragoiânia;GO;Estadual;19;475.34;499.45;463.59;480.83;573.68;498.58
5973;Fernando Prestes;SP;Estadual;15;474.97;486.74;490.17;524.99;516.0;498.57
5974;Igaci;AL;Estadual;52;469.37;493.68;460.49;481.56;587.69;498.56
5975;Nova Cruz;RN;Estadual;90;469.86;485.72;455.78;479.58;601.78;498.54
5976;Mataraca;PB;Estadual;11;473.9;490.21;474.62;477.56;576.36;498.53
5977;São Sebastião do Tocantins;TO;Estadual;5;502.0;489.58;487.42;441.58;572.0;498.52
5978;Mulungu;PB;Estadual;33;474.22;482.81;460.74;436.66;638.18;498.52
5979;Damião;PB;Estadual;14;452.99;488.18;461.76;453.77;635.71;498.48
5980;Aparecida;PB;Estadual;28;468.85;501.02;450.63;488.95;582.86;498.46
5981;Poconé;MT;Estadual;44;471.7;483.2;458.23;485.82;593.18;498.43
5982;Gaurama;RS;Estadual;4;512.83;488.48;479.8;446.0;565.0;498.42
5983;Baixio;CE;Estadual;40;478.84;479.79;450.14;479.28;604.0;498.41
5984;São Jorge d'Oeste;PR;Estadual;31;467.53;490.49;464.31;512.18;557.42;498.39
5985;Barra de São Francisco;ES;Estadual;71;474.95;477.72;466.83;506.65;565.63;498.36
5986;Araguatins;TO;Estadual;71;477.8;484.92;454.67;494.89;579.44;498.34
5987;Inhuma;PI;Estadual;20;451.24;478.77;460.58;484.12;617.0;498.34
5988;Heliópolis;BA;Estadual;26;469.65;490.45;462.3;493.08;576.15;498.32
5989;Ouro Fino;MG;Estadual;16;466.42;458.85;477.99;517.05;571.25;498.31
5990;Independência;CE;Estadual;191;466.91;480.06;461.75;499.49;583.14;498.27
5991;Chapada da Natividade;TO;Estadual;5;430.38;473.22;478.14;533.58;576.0;498.26
5992;Coribe;BA;Estadual;11;483.55;464.67;460.71;473.29;609.09;498.26
5993;Itamonte;MG;Estadual;16;491.91;499.76;480.5;504.01;515.0;498.24
5994;Santo Antônio do Amparo;MG;Estadual;45;471.04;485.52;466.4;496.45;571.56;498.19
5995;Queluz;SP;Estadual;5;496.08;521.16;461.22;448.5;564.0;498.19
5996;Campo Limpo de Goiás;GO;Estadual;15;474.87;507.45;456.63;475.94;576.0;498.18
5997;Barão de Melgaço;MT;Municipal;1;564.0;536.1;520.1;390.6;480.0;498.16
5998;Senador José Porfírio;PA;Estadual;24;479.4;481.36;448.15;469.4;612.5;498.16
5999;Tailândia;PA;Estadual;107;478.75;494.72;455.75;477.53;583.74;498.1
6000;Adrianópolis;PR;Estadual;5;479.2;465.62;482.44;527.2;536.0;498.09
6001;Paraíso das Águas;MS;Estadual;19;474.56;472.84;462.29;492.26;588.42;498.07
6002;Ibirapuã;BA;Estadual;3;443.4;480.03;443.33;483.57;640.0;498.07
6003;Itajuípe;BA;Estadual;14;478.88;485.22;462.64;492.12;571.43;498.06
6004;Acará;PA;Municipal;40;456.25;494.87;450.72;468.94;619.5;498.06
6005;Triunfo;PB;Estadual;15;469.61;485.47;476.4;476.14;582.67;498.06
6006;Uruçuca;BA;Estadual;14;466.19;500.49;478.98;481.81;562.86;498.06
6007;Olho D'Água do Piauí;PI;Estadual;13;446.28;474.58;456.39;499.05;613.85;498.03
6008;General Carneiro;MT;Privada;4;485.8;488.95;446.4;473.95;595.0;498.02
6009;Riacho dos Cavalos;PB;Estadual;31;459.38;487.5;460.76;457.62;624.52;497.96
6010;Peixe-Boi;PA;Estadual;25;471.81;490.53;457.22;494.97;575.2;497.95
6011;Santa Cruz de Salinas;MG;Estadual;7;489.74;501.93;459.5;489.94;548.57;497.94
6012;Conquista D'Oeste;MT;Estadual;18;458.92;480.79;486.35;490.25;573.33;497.93
6013;Vitória das Missões;RS;Estadual;6;468.17;468.7;478.48;500.75;573.33;497.89
6014;Dores do Indaiá;MG;Estadual;13;493.48;506.47;468.96;466.66;553.85;497.88
6015;Paranã;TO;Estadual;12;461.78;476.84;456.04;506.3;588.33;497.86
6016;Berizal;MG;Estadual;2;477.95;491.75;489.2;480.35;550.0;497.85
6017;Veríssimo;MG;Estadual;4;481.75;478.75;476.3;457.48;595.0;497.85
6018;Palmeiras de Goiás;GO;Estadual;81;478.7;483.58;477.28;477.3;572.35;497.84
6019;Cumaru;PE;Estadual;14;454.44;476.87;476.09;471.78;610.0;497.83
6020;Santana do Matos;RN;Estadual;17;479.49;492.65;475.65;469.6;571.76;497.83
6021;Nova Brasilândia;MT;Estadual;10;475.08;496.6;472.45;504.97;540.0;497.82
6022;Aurora do Pará;PA;Estadual;46;468.98;489.29;462.43;468.34;600.0;497.81
6023;Barrolândia;TO;Estadual;14;477.94;490.27;454.73;467.45;598.57;497.79
6024;Passo do Sobrado;RS;Estadual;7;483.09;485.23;462.17;461.34;597.14;497.79
6025;Bastos;SP;Estadual;25;494.31;498.24;454.34;496.42;545.6;497.78
6026;Pirambu;SE;Estadual;13;482.03;498.36;447.32;471.95;589.23;497.78
6027;Aguiar;PB;Estadual;13;444.22;473.02;462.97;482.44;626.15;497.76
6028;Castilho;SP;Estadual;63;488.44;489.3;458.0;501.21;551.75;497.74
6029;Durandé;MG;Estadual;6;471.48;496.0;447.97;526.53;546.67;497.73
6030;Buriti Bravo;MA;Estadual;67;468.96;489.76;452.98;469.36;607.46;497.7
6031;André da Rocha;RS;Estadual;1;478.6;510.5;478.6;540.8;480.0;497.7
6032;Santo Amaro;BA;Estadual;34;476.42;492.61;454.77;457.62;607.06;497.7
6033;Dores do Rio Preto;ES;Estadual;11;476.65;510.39;442.37;502.68;556.36;497.69
6034;Canarana;BA;Estadual;14;468.28;500.32;441.91;485.09;592.86;497.69
6035;Viradouro;SP;Estadual;15;484.91;485.38;458.31;497.11;562.67;497.68
6036;Pilão Arcado;BA;Privada;9;452.14;486.07;458.24;496.38;595.56;497.68
6037;Governador Nunes Freire;MA;Estadual;41;473.42;475.1;462.29;476.63;600.98;497.68
6038;Santana;AP;Estadual;343;472.72;486.79;457.56;477.8;593.47;497.67
6039;Amorinópolis;GO;Estadual;9;500.32;493.69;474.89;492.67;526.67;497.65
6040;Liberato Salzano;RS;Estadual;16;469.84;488.14;467.17;491.86;571.25;497.65
6041;Itaporanga;SP;Estadual;26;499.31;504.04;472.42;491.68;520.77;497.64
6042;Nova Timboteua;PA;Estadual;30;437.46;463.66;454.66;484.36;648.0;497.63
6043;Ibititá;BA;Estadual;8;469.38;491.91;445.68;481.09;600.0;497.61
6044;Iguatu;PR;Estadual;6;479.57;503.53;478.18;493.38;533.33;497.6
6045;Alvorada;TO;Estadual;21;467.04;480.18;469.3;482.87;588.57;497.59
6046;São Luis do Piauí;PI;Estadual;11;458.64;492.79;458.37;483.51;594.55;497.57
6047;Cacequi;RS;Estadual;19;481.05;504.9;452.32;488.45;561.05;497.55
6048;Potiretama;CE;Estadual;62;458.51;479.96;456.18;482.34;610.65;497.53
6049;Presidente Nereu;SC;Estadual;5;479.94;484.64;472.88;530.18;520.0;497.53
6050;Cristópolis;BA;Estadual;12;452.67;477.79;445.45;466.62;645.0;497.51
6051;Taiaçu;SP;Estadual;6;459.38;475.8;486.18;462.75;603.33;497.49
6052;Antônio Martins;RN;Estadual;38;466.03;491.77;478.52;466.39;584.74;497.49
6053;Pedra Preta;MT;Municipal;1;449.8;500.9;474.7;502.0;560.0;497.48
6054;Santa Terezinha de Goiás;GO;Estadual;24;475.07;477.48;481.78;494.71;558.33;497.47
6055;Guairaçá;PR;Estadual;5;497.0;512.04;490.46;479.84;508.0;497.47
6056;Moeda;MG;Estadual;4;503.4;482.42;436.88;534.62;530.0;497.46
6057;Água Preta;PE;Estadual;25;475.15;478.79;464.45;488.07;580.8;497.45
6058;Mato Queimado;RS;Estadual;2;501.3;466.85;437.7;521.35;560.0;497.44
6059;Coração de Maria;BA;Estadual;34;482.68;475.11;470.42;474.89;584.12;497.44
6060;Santaluz;BA;Estadual;50;472.13;483.35;457.7;477.47;596.4;497.41
6061;Guaraci;PR;Estadual;6;457.35;495.93;473.05;503.97;556.67;497.39
6062;Cruzeiro do Iguaçu;PR;Estadual;12;493.96;477.78;450.78;484.41;580.0;497.38
6063;Comodoro;MT;Estadual;32;473.09;472.19;478.24;478.39;585.0;497.38
6064;São Pedro dos Crentes;MA;Estadual;15;443.47;468.67;448.9;493.73;632.0;497.35
6065;Pedra Preta;MT;Estadual;43;482.52;490.44;465.74;477.74;570.23;497.33
6066;Denise;MT;Estadual;16;483.59;485.28;472.63;507.55;537.5;497.31
6067;Santana da Vargem;MG;Estadual;15;485.57;493.43;472.23;508.66;526.67;497.31
6068;Pedra Mole;SE;Estadual;11;472.43;475.19;449.02;511.69;578.18;497.3
6069;General Maynard;SE;Estadual;10;490.65;488.36;484.17;491.32;532.0;497.3
6070;São Félix de Minas;MG;Estadual;3;475.63;477.23;476.9;523.33;533.33;497.29
6071;Marumbi;PR;Estadual;3;490.37;515.4;477.73;462.83;540.0;497.27
6072;Bragança;PA;Estadual;229;460.89;485.8;460.73;476.99;601.92;497.27
6073;São José dos Cordeiros;PB;Estadual;7;454.44;484.13;490.3;446.06;611.43;497.27
6074;Itatinga;SP;Estadual;20;508.42;491.72;458.24;491.94;536.0;497.26
6075;Alvorada do Norte;GO;Estadual;47;485.1;496.33;467.77;480.94;556.17;497.26
6076;Mojuí dos Campos;PA;Estadual;26;457.68;484.85;468.1;490.79;584.62;497.21
6077;Jacupiranga;SP;Estadual;10;504.77;496.8;470.36;470.06;544.0;497.2
6078;Mesquita;MG;Estadual;3;481.47;481.0;450.67;512.67;560.0;497.16
6079;Lupionópolis;PR;Estadual;15;484.33;487.73;479.84;471.21;562.67;497.16
6080;Alexânia;GO;Estadual;49;471.91;484.34;461.13;482.28;586.12;497.16
6081;Ocauçu;SP;Estadual;7;487.81;483.47;464.01;473.27;577.14;497.14
6082;Ministro Andreazza;RO;Estadual;29;465.42;481.19;464.18;485.67;588.97;497.09
6083;Arataca;BA;Estadual;8;465.44;514.46;456.86;501.08;547.5;497.07
6084;José de Freitas;PI;Estadual;64;463.65;473.42;458.94;477.76;611.56;497.07
6085;São Francisco do Oeste;RN;Estadual;13;470.87;470.11;471.57;494.08;578.46;497.02
6086;Brejo do Piauí;PI;Estadual;7;459.29;486.59;467.79;494.3;577.14;497.02
6087;Conceição;PB;Estadual;36;449.34;458.49;458.29;480.04;638.89;497.01
6088;Água Fria;BA;Estadual;17;478.66;497.26;460.15;472.49;576.47;497.01
6089;Varjão de Minas;MG;Estadual;4;447.38;498.5;485.85;508.22;545.0;496.99
6090;Júlio de Castilhos;RS;Estadual;61;482.85;482.07;461.75;473.31;584.92;496.98
6091;Maracaju;MS;Estadual;69;482.55;480.94;455.1;495.51;570.72;496.96
6092;Senador José Bento;MG;Estadual;2;446.85;508.45;458.8;480.65;590.0;496.95
6093;Barrinha;SP;Municipal;1;543.4;467.4;494.3;559.6;420.0;496.94
6094;Neópolis;SE;Estadual;38;463.04;483.16;448.28;485.43;604.74;496.93
6095;Icaraí de Minas;MG;Estadual;6;476.48;506.83;442.85;505.02;553.33;496.9
6096;Araci;BA;Estadual;28;486.02;503.19;451.32;465.28;578.57;496.88
6097;Imaruí;SC;Municipal;1;501.7;541.5;487.5;513.7;440.0;496.88
6098;Ipiaú;BA;Estadual;51;486.74;490.46;458.83;487.15;561.18;496.87
6099;Mendes;RJ;Estadual;14;498.47;495.96;474.63;479.39;535.71;496.83
6100;Lago da Pedra;MA;Estadual;111;462.54;483.7;465.43;477.25;595.14;496.81
6101;Nossa Senhora dos Remédios;PI;Estadual;34;434.06;466.67;463.57;491.8;627.65;496.75
6102;Maiquinique;BA;Estadual;8;464.52;459.88;474.76;481.94;602.5;496.72
6103;Maracanã;PA;Municipal;12;474.26;492.34;451.64;446.95;618.33;496.7
6104;Ipueiras;CE;Estadual;302;465.76;479.16;459.04;480.32;599.14;496.68
6105;Mirandópolis;SP;Estadual;45;479.36;503.2;460.3;504.92;535.56;496.67
6106;Serrinha;RN;Municipal;1;505.5;475.7;439.4;502.7;560.0;496.66
6107;Açucena;MG;Estadual;10;495.34;515.44;469.3;493.1;510.0;496.64
6108;Reserva do Cabaçal;MT;Estadual;2;497.7;465.35;415.75;464.3;640.0;496.62
6109;Manacapuru;AM;Estadual;168;480.49;485.73;462.57;483.25;571.07;496.62
6110;Ipuã;SP;Estadual;11;480.17;516.61;456.57;502.26;527.27;496.58
6111;Paula Cândido;MG;Estadual;9;483.46;499.88;447.96;460.34;591.11;496.55
6112;Santo Antônio do Aventureiro;MG;Estadual;2;448.3;502.8;450.8;470.7;610.0;496.52
6113;Itapé;BA;Estadual;8;456.78;468.64;463.29;453.78;640.0;496.5
6114;Santo Antônio;RN;Estadual;27;469.99;490.61;458.43;475.25;588.15;496.49
6115;Vila Propício;GO;Estadual;24;474.75;477.78;446.99;491.2;591.67;496.48
6116;Cabrobó;PE;Estadual;78;472.96;477.77;458.16;507.04;566.41;496.47
6117;Santana do Acaraú;CE;Estadual;164;466.04;484.23;462.67;498.64;570.73;496.46
6118;Eldorado;SP;Estadual;17;482.69;492.81;470.45;518.48;517.65;496.42
6119;São João da Ponta;PA;Estadual;23;453.52;477.7;469.17;491.22;590.43;496.41
6120;Paraipaba;CE;Estadual;246;470.96;480.94;462.77;497.94;569.35;496.39
6121;Fortaleza de Minas;MG;Estadual;5;464.86;495.86;486.46;498.7;536.0;496.38
6122;Formosa da Serra Negra;MA;Estadual;44;457.62;475.93;462.69;501.07;584.55;496.37
6123;Águas Lindas de Goiás;GO;Estadual;375;486.66;492.94;462.59;490.96;548.59;496.35
6124;Tenente Laurentino Cruz;RN;Estadual;21;470.82;498.45;466.78;473.27;572.38;496.34
6125;Peixoto de Azevedo;MT;Estadual;27;473.33;482.68;470.93;482.86;571.85;496.33
6126;Arapeí;SP;Municipal;1;487.4;531.1;497.7;465.4;500.0;496.32
6127;Cajati;SP;Municipal;3;518.67;505.6;430.77;499.8;526.67;496.3
6128;Marechal Deodoro;AL;Estadual;69;482.15;492.98;452.83;479.55;573.91;496.28
6129;Rio Tinto;PB;Estadual;55;468.22;466.87;463.25;467.24;615.64;496.24
6130;Mara Rosa;GO;Estadual;38;465.4;485.16;467.59;492.42;570.53;496.22
6131;João Dias;RN;Estadual;4;427.12;453.82;481.28;518.85;600.0;496.22
6132;Poranga;CE;Estadual;106;447.38;470.03;459.61;475.55;628.49;496.21
6133;Conde;BA;Estadual;13;462.58;487.05;464.64;486.79;580.0;496.21
6134;São José do Ouro;RS;Estadual;8;464.2;472.99;462.8;503.45;577.5;496.19
6135;Vertente do Lério;PE;Estadual;14;469.1;466.21;460.16;466.77;618.57;496.16
6136;Garruchos;RS;Estadual;5;507.84;515.68;443.78;429.42;584.0;496.14
6137;Maruim;SE;Privada;8;502.08;503.1;436.06;504.48;535.0;496.14
6138;Jardim;MS;Estadual;57;473.18;478.69;467.78;470.48;590.53;496.13
6139;Brejão;PE;Estadual;15;451.74;481.73;475.56;486.19;585.33;496.11
6140;Nova Olinda;CE;Estadual;204;473.36;484.24;463.6;480.64;578.73;496.11
6141;Porto Vitória;PR;Estadual;7;477.74;501.51;485.63;507.01;508.57;496.09
6142;São Miguel do Guamá;PA;Estadual;144;463.13;482.81;457.2;478.86;598.19;496.04
6143;Brasil Novo;PA;Estadual;37;476.79;478.87;476.4;494.09;554.05;496.04
6144;Vila Rica;MT;Estadual;23;472.48;488.66;469.47;487.81;561.74;496.03
6145;Peri Mirim;MA;Estadual;19;463.87;486.44;445.95;478.62;605.26;496.03
6146;Ocara;CE;Estadual;199;479.95;483.33;469.33;483.36;564.02;496.0
6147;Alto Paraíso;RO;Estadual;30;469.99;481.57;460.31;502.67;565.33;495.98
6148;Paço do Lumiar;MA;Estadual;216;472.81;481.57;455.96;469.84;599.72;495.98
6149;Caravelas;BA;Estadual;55;478.67;481.63;462.6;491.84;565.09;495.97
6150;Triunfo;RS;Estadual;17;494.95;501.21;460.14;476.45;547.06;495.96
6151;Nova Olímpia;MT;Estadual;47;487.95;488.71;458.34;492.91;551.91;495.96
6152;Ortigueira;PR;Estadual;45;481.3;500.43;462.26;491.38;544.44;495.96
6153;Penedo;AL;Estadual;86;476.61;472.35;462.88;481.64;586.28;495.95
6154;Niquelândia;GO;Municipal;1;470.3;523.3;508.2;537.9;440.0;495.94
6155;Paripiranga;BA;Estadual;92;462.32;487.67;458.35;464.96;606.3;495.92
6156;Iramaia;BA;Estadual;16;454.52;480.96;466.41;517.62;560.0;495.9
6157;Tabocão;TO;Estadual;17;470.71;476.58;456.02;478.54;597.65;495.9
6158;Japeri;RJ;Estadual;87;487.05;499.24;457.51;476.81;558.85;495.89
6159;Altair;SP;Estadual;3;498.1;522.57;455.0;463.73;540.0;495.88
6160;Cabeceiras do Piauí;PI;Estadual;26;475.02;482.87;451.38;460.12;610.0;495.88
6161;Frecheirinha;CE;Estadual;66;454.92;478.36;454.69;498.29;593.03;495.86
6162;São João Evangelista;MG;Estadual;24;460.35;489.87;438.6;473.75;616.67;495.85
6163;Maracanã;PA;Estadual;38;466.08;484.81;461.04;476.81;590.53;495.85
6164;Goianésia do Pará;PA;Estadual;49;479.27;499.17;457.05;488.77;554.69;495.79
6165;Cametá;PA;Estadual;370;455.56;479.94;458.24;473.58;611.57;495.78
6166;São Gonçalo dos Campos;BA;Estadual;59;471.28;481.28;462.74;481.75;581.69;495.75
6167;Carutapera;MA;Estadual;38;479.31;473.83;465.85;484.97;574.74;495.74
6168;Indianópolis;MG;Estadual;9;453.11;488.52;468.49;528.39;540.0;495.7
6169;Patrocínio do Muriaé;MG;Estadual;3;493.37;494.13;495.63;435.07;560.0;495.64
6170;Ventania;PR;Estadual;17;481.6;496.78;441.31;485.52;572.94;495.63
6171;Simolândia;GO;Estadual;19;452.59;479.32;444.76;518.29;583.16;495.62
6172;Santa Cruz de Goiás;GO;Estadual;13;484.23;476.13;428.82;471.98;616.92;495.62
6173;Aiuaba;CE;Estadual;89;479.59;490.43;460.46;482.65;564.94;495.62
6174;Santa Luzia;MA;Estadual;69;461.08;482.49;463.16;508.24;562.9;495.57
6175;Itapororoca;PB;Estadual;49;474.63;479.74;463.18;492.51;567.76;495.56
6176;Conceição da Feira;BA;Estadual;15;495.69;484.03;491.0;514.97;492.0;495.54
6177;Soure;PA;Estadual;49;459.19;482.93;443.53;457.78;634.29;495.54
6178;Junco do Seridó;PB;Estadual;11;475.08;490.35;472.58;477.8;561.82;495.53
6179;Carlópolis;PR;Estadual;36;485.09;492.52;466.54;495.59;537.78;495.5
6180;Turmalina;SP;Estadual;2;491.15;523.95;453.8;488.55;520.0;495.49
6181;Paracatu;MG;Estadual;90;477.48;499.62;456.71;487.62;556.0;495.49
6182;Terra Nova do Norte;MT;Estadual;35;488.23;476.05;465.25;480.37;567.43;495.47
6183;Bertolínia;PI;Estadual;22;446.48;490.53;450.0;472.09;618.18;495.46
6184;Palmeirina;PE;Estadual;25;455.64;475.78;463.06;468.98;613.6;495.41
6185;Inhambupe;BA;Estadual;22;486.94;492.13;466.49;468.63;562.73;495.38
6186;Breves;PA;Municipal;27;468.44;469.53;454.22;478.77;605.93;495.38
6187;Lavras do Sul;RS;Estadual;6;489.72;456.65;471.47;502.4;556.67;495.38
6188;Peritoró;MA;Estadual;12;487.76;504.74;458.22;449.41;576.67;495.36
6189;Trairão;PA;Municipal;6;474.42;516.27;428.25;477.85;580.0;495.36
6190;Coruripe;AL;Estadual;116;475.03;482.24;451.04;491.54;576.9;495.35
6191;Colméia;TO;Estadual;35;475.93;482.6;458.31;481.02;578.86;495.35
6192;Jandaíra;RN;Estadual;2;473.25;458.75;491.1;483.65;570.0;495.35
6193;Ribeira do Pombal;BA;Municipal;1;440.4;476.5;435.7;424.1;700.0;495.34
6194;Santo Antônio do Jacinto;MG;Estadual;20;484.28;487.0;458.58;501.72;545.0;495.32
6195;Rio Maria;PA;Estadual;32;465.17;483.69;456.52;469.36;601.88;495.32
6196;Rio Verde;GO;Federal;1;558.6;551.3;561.4;465.1;340.0;495.28
6197;Anori;AM;Estadual;45;468.78;489.72;449.47;481.27;587.11;495.27
6198;Ubirajara;SP;Estadual;9;474.74;479.71;456.16;472.38;593.33;495.26
6199;Rancho Alegre D'Oeste;PR;Estadual;5;502.12;513.9;463.78;476.52;520.0;495.26
6200;Rancho Alegre;PR;Estadual;7;445.74;473.63;469.49;461.7;625.71;495.25
6201;Medicilândia;PA;Estadual;23;477.01;472.58;476.07;493.17;557.39;495.25
6202;Castelândia;GO;Estadual;11;475.67;497.36;460.08;492.1;550.91;495.23
6203;União;PI;Estadual;111;460.75;474.87;459.69;472.14;608.65;495.22
6204;Manoel Ribas;PR;Estadual;15;458.49;490.92;450.41;526.93;549.33;495.22
6205;Barão de Grajaú;MA;Estadual;62;458.31;482.01;458.57;470.49;606.45;495.17
6206;Palestina;AL;Estadual;7;472.56;445.74;478.49;447.6;631.43;495.16
6207;Brejinho;RN;Estadual;16;477.62;481.82;468.91;474.73;572.5;495.12
6208;Serra do Ramalho;BA;Municipal;3;505.87;484.8;435.6;529.23;520.0;495.1
6209;Pescador;MG;Estadual;4;467.1;474.52;461.4;442.5;630.0;495.1
6210;Santana de Mangueira;PB;Estadual;15;478.95;485.41;480.38;460.11;570.67;495.1
6211;José Raydan;MG;Estadual;3;497.1;463.73;462.97;498.3;553.33;495.09
6212;Nova Módica;MG;Estadual;3;449.1;541.63;463.63;521.1;500.0;495.09
6213;Serra Nova Dourada;MT;Estadual;3;465.47;514.0;432.57;516.7;546.67;495.08
6214;Belém;PB;Estadual;47;467.53;489.7;457.55;475.1;585.53;495.08
6215;Monteiro;PB;Estadual;71;479.85;481.51;459.32;482.85;571.83;495.07
6216;Nova Colinas;MA;Estadual;27;455.82;475.08;475.75;504.92;563.7;495.05
6217;São Sebastião;SP;Municipal;5;501.22;484.74;444.16;473.06;572.0;495.04
6218;Palmas;PR;Estadual;40;483.1;498.5;463.98;493.52;536.0;495.02
6219;Bom Sucesso;PB;Estadual;12;462.76;483.22;482.37;485.12;561.67;495.02
6220;Tamboril;CE;Estadual;191;475.36;485.75;462.84;486.28;564.82;495.01
6221;Lagoa;PB;Estadual;13;461.92;477.41;464.35;449.75;621.54;494.99
6222;Juína;MT;Estadual;64;467.5;490.08;472.07;483.98;561.25;494.98
6223;Caturama;BA;Estadual;7;468.7;494.96;444.6;503.53;562.86;494.93
6224;Amontada;CE;Estadual;369;465.75;477.36;461.94;493.78;575.83;494.93
6225;Rinópolis;SP;Estadual;4;464.25;470.45;477.88;536.92;525.0;494.9
6226;Marcelândia;MT;Estadual;15;465.12;490.76;454.1;488.16;576.0;494.83
6227;Tiradentes;MG;Estadual;3;498.8;523.1;449.6;502.67;500.0;494.83
6228;São José de Ribamar;MA;Estadual;211;470.33;483.9;460.12;475.45;584.27;494.81
6229;Engenheiro Paulo de Frontin;RJ;Municipal;4;464.65;505.55;476.72;477.05;550.0;494.8
6230;São Cristóvão;SE;Estadual;110;471.23;486.96;454.02;486.9;574.91;494.8
6231;Sobradinho;BA;Estadual;16;459.54;484.12;468.01;483.56;578.75;494.79
6232;Novo Planalto;GO;Estadual;3;516.43;531.87;490.27;461.93;473.33;494.77
6233;Buenos Aires;PE;Estadual;40;471.19;484.27;471.8;486.02;560.5;494.76
6234;Floresta;PE;Estadual;49;483.33;477.1;464.08;479.04;570.2;494.75
6235;Lagoa de Itaenga;PE;Estadual;55;464.1;480.36;461.16;488.79;579.27;494.74
6236;Parelhas;RN;Estadual;22;470.16;491.03;455.76;485.72;570.91;494.72
6237;Quiterianópolis;CE;Estadual;107;470.89;483.21;463.67;486.9;568.79;494.69
6238;São João da Canabrava;PI;Estadual;9;462.54;484.77;493.98;476.47;555.56;494.66
6239;Alcântaras;CE;Estadual;25;469.06;481.4;467.32;494.54;560.8;494.63
6240;Miguel Calmon;BA;Estadual;57;474.02;490.53;455.1;473.17;580.35;494.63
6241;São João do Itaperiú;SC;Estadual;16;479.13;488.5;469.24;503.64;532.5;494.6
6242;Mata de São João;BA;Estadual;40;489.65;496.66;475.31;463.37;548.0;494.6
6243;Correia Pinto;SC;Privada;2;557.75;447.05;522.25;375.95;570.0;494.6
6244;Porto Esperidião;MT;Estadual;28;473.32;490.89;458.57;479.51;570.71;494.6
6245;Machado;MG;Estadual;37;489.02;496.83;454.29;480.34;552.43;494.58
6246;Santa Terezinha;BA;Estadual;17;476.64;500.94;482.66;485.52;527.06;494.57
6247;Xambioá;TO;Estadual;49;466.54;474.87;456.99;486.26;588.16;494.57
6248;Tremedal;BA;Estadual;46;468.51;484.25;464.27;486.82;568.7;494.51
6249;Jesuânia;MG;Estadual;1;489.3;402.3;510.2;490.7;580.0;494.5
6250;Umbaúba;SE;Estadual;58;474.33;484.81;447.65;470.8;594.83;494.48
6251;Gararu;SE;Estadual;20;460.74;472.25;466.62;475.8;597.0;494.48
6252;Balneário Rincão;SC;Estadual;15;492.04;501.07;453.35;497.83;528.0;494.46
6253;Catu;BA;Estadual;37;491.2;488.86;472.31;460.34;559.46;494.43
6254;Prado;BA;Estadual;33;477.28;477.33;458.71;500.03;558.79;494.43
6255;Santa Rosa do Piauí;PI;Estadual;12;462.29;476.1;448.58;471.74;613.33;494.41
6256;Matias Olímpio;PI;Estadual;9;476.49;491.1;462.17;444.27;597.78;494.36
6257;Irauçuba;CE;Estadual;162;462.24;482.69;459.52;494.78;572.47;494.34
6258;Monsenhor Tabosa;CE;Estadual;150;465.33;477.0;467.26;485.44;576.67;494.34
6259;Catingueira;PB;Estadual;16;446.59;466.95;484.96;459.39;613.75;494.33
6260;Itaoca;SP;Estadual;3;460.8;518.87;464.13;461.17;566.67;494.33
6261;Caatiba;BA;Estadual;10;472.37;479.95;480.72;480.6;558.0;494.33
6262;Tabocas do Brejo Velho;BA;Estadual;29;456.17;485.62;455.6;495.51;578.62;494.3
6263;Luís Domingues;MA;Estadual;16;446.18;463.44;459.38;488.69;613.75;494.29
6264;Santana do Araguaia;PA;Municipal;11;447.5;457.05;469.48;511.94;585.45;494.29
6265;Lauro de Freitas;BA;Municipal;1;525.7;553.4;457.3;395.0;540.0;494.28
6266;Maetinga;BA;Estadual;18;478.44;481.32;442.73;470.89;597.78;494.23
6267;Nortelândia;MT;Estadual;13;457.64;465.55;468.28;484.18;595.38;494.21
6268;Paes Landim;PI;Estadual;18;464.44;467.85;462.79;464.86;611.11;494.21
6269;Fátima;TO;Estadual;13;473.98;473.47;438.89;489.24;595.38;494.19
6270;Ninheira;MG;Estadual;10;442.21;475.04;448.84;516.81;588.0;494.18
6271;Pirajuba;MG;Estadual;9;488.14;499.34;463.04;486.97;533.33;494.17
6272;Doresópolis;MG;Estadual;3;464.43;492.83;483.1;563.8;466.67;494.17
6273;Montividiu;GO;Estadual;31;470.22;487.37;472.74;494.56;545.81;494.14
6274;Cedro;CE;Estadual;173;458.53;473.15;466.16;487.16;585.66;494.13
6275;São Mateus do Maranhão;MA;Estadual;63;473.03;470.07;456.07;475.61;595.87;494.13
6276;Aragarças;GO;Estadual;24;486.16;516.26;460.09;478.89;529.17;494.11
6277;Jesúpolis;GO;Estadual;3;476.93;429.8;441.33;455.6;666.67;494.07
6278;Santa Luzia;PB;Estadual;22;487.15;499.91;451.05;498.45;533.64;494.04
6279;Novo Oriente de Minas;MG;Privada;4;490.12;493.22;429.02;452.78;605.0;494.03
6280;Cabeceiras;GO;Estadual;15;475.49;481.7;463.09;467.13;582.67;494.02
6281;São Miguel do Passa Quatro;GO;Estadual;9;460.4;496.83;479.28;471.31;562.22;494.01
6282;Novo Tiradentes;RS;Estadual;1;538.2;536.0;437.2;418.6;540.0;494.0
6283;São Domingos do Araguaia;PA;Estadual;40;463.59;490.66;465.18;468.03;582.5;493.99
6284;Ilha Grande;PI;Estadual;42;456.63;466.93;457.33;469.08;620.0;493.99
6285;Olhos-d'Água;MG;Estadual;2;478.9;500.45;458.2;462.4;570.0;493.99
6286;Poço de José de Moura;PB;Estadual;24;460.21;493.43;475.19;436.11;605.0;493.99
6287;Janduís;RN;Estadual;12;473.22;453.98;463.92;498.84;580.0;493.99
6288;Santa Albertina;SP;Estadual;3;470.3;467.87;515.8;515.93;500.0;493.98
6289;São Julião;PI;Estadual;18;467.02;491.83;454.72;448.5;607.78;493.97
6290;Sítio do Quinto;BA;Estadual;9;487.08;492.62;453.57;478.72;557.78;493.95
6291;Arinos;MG;Municipal;1;489.3;532.2;437.3;450.7;560.0;493.9
6292;Nova Bandeirantes;MT;Estadual;19;501.92;492.18;454.79;484.8;535.79;493.9
6293;Itaporanga d'Ajuda;SE;Estadual;70;459.52;478.87;441.88;464.87;624.29;493.89
6294;Praia Grande;SP;Municipal;3;516.37;534.63;452.57;465.8;500.0;493.87
6295;Bocaina;PI;Estadual;11;443.95;478.63;440.6;462.49;643.64;493.86
6296;Apicum-Açu;MA;Estadual;44;440.39;462.62;450.09;468.78;647.27;493.83
6297;Pio XII;MA;Estadual;58;469.11;490.03;458.41;477.37;574.14;493.81
6298;Alto Horizonte;GO;Estadual;17;513.4;499.11;448.34;470.46;537.65;493.79
6299;Senador Salgado Filho;RS;Estadual;5;462.12;503.74;469.34;493.56;540.0;493.75
6300;Rio de Janeiro;RJ;Municipal;148;486.64;498.19;465.1;478.53;540.27;493.75
6301;Aquidauana;MS;Estadual;83;468.69;481.5;456.25;476.51;585.78;493.75
6302;Pescaria Brava;SC;Estadual;25;474.51;484.39;452.42;488.56;568.8;493.74
6303;Cáceres;MT;Estadual;162;462.94;484.85;459.64;481.16;579.88;493.69
6304;Avaí;SP;Estadual;5;444.52;473.68;449.94;504.18;596.0;493.66
6305;São João da Lagoa;MG;Estadual;5;479.44;494.24;468.8;465.84;560.0;493.66
6306;Bonfim do Piauí;PI;Estadual;7;478.99;469.66;469.23;498.97;551.43;493.65
6307;Diamante;PB;Estadual;21;455.77;471.34;444.47;502.29;594.29;493.63
6308;Monte Carlo;SC;Estadual;18;494.86;498.35;457.44;475.24;542.22;493.62
6309;Tangará;RN;Estadual;26;461.85;473.23;477.21;461.12;594.62;493.61
6310;Santa Luzia do Pará;PA;Estadual;32;444.5;471.71;470.18;471.03;610.62;493.61
6311;Jaçanã;RN;Estadual;9;459.38;505.07;453.14;468.21;582.22;493.6
6312;Santa Rosa do Sul;SC;Estadual;21;495.0;492.93;473.44;482.75;523.81;493.59
6313;São Vicente Ferrer;MA;Estadual;73;463.92;478.59;467.16;469.77;588.49;493.59
6314;Curuá;PA;Estadual;61;431.93;457.51;463.21;463.39;651.8;493.57
6315;Sítio d'Abadia;GO;Estadual;1;450.7;506.4;487.3;483.2;540.0;493.52
6316;Açu;RN;Estadual;117;472.24;474.11;459.8;468.25;592.99;493.48
6317;Canguaretama;RN;Privada;7;493.5;426.5;499.34;476.6;571.43;493.47
6318;Luís Gomes;RN;Estadual;22;466.78;494.2;467.42;458.92;580.0;493.46
6319;Fernandes Pinheiro;PR;Estadual;24;487.97;502.67;455.92;506.25;514.17;493.4
6320;São Benedito;CE;Municipal;1;439.6;423.7;593.7;409.6;600.0;493.32
6321;Buritizeiro;MG;Estadual;23;486.59;475.2;444.11;482.44;578.26;493.32
6322;Reginópolis;SP;Estadual;13;482.31;482.92;446.8;463.75;590.77;493.31
6323;Piquerobi;SP;Estadual;17;477.83;480.22;448.81;510.11;549.41;493.28
6324;Cardeal da Silva;BA;Estadual;21;468.62;485.97;477.13;486.03;548.57;493.27
6325;São Vicente do Sul;RS;Estadual;10;464.41;488.92;492.54;508.41;512.0;493.26
6326;Itarema;CE;Estadual;403;462.85;474.28;465.18;487.34;576.53;493.24
6327;Japaratuba;SE;Estadual;37;459.7;473.64;431.71;468.72;632.43;493.24
6328;Acarape;CE;Estadual;49;464.92;477.31;447.3;473.39;603.27;493.24
6329;Matinha;MA;Estadual;56;458.69;487.01;460.14;473.05;587.14;493.21
6330;Governador Eugênio Barros;MA;Estadual;43;470.4;486.28;456.13;470.42;582.79;493.2
6331;Itaquiraí;MS;Privada;1;503.4;495.1;473.0;454.4;540.0;493.18
6332;Limoeiro do Ajuru;PA;Estadual;59;453.73;478.12;453.29;485.06;595.59;493.16
6333;Bonito de Santa Fé;PB;Estadual;18;454.27;464.84;459.63;462.61;624.44;493.16
6334;Bertópolis;MG;Estadual;10;460.0;480.2;451.75;511.74;562.0;493.14
6335;Aruanã;GO;Estadual;32;475.75;479.32;460.22;474.72;575.62;493.13
6336;Barra do Chapéu;SP;Estadual;10;481.93;508.76;442.12;496.81;536.0;493.12
6337;Floresta Azul;BA;Estadual;18;467.61;481.1;468.56;498.19;550.0;493.09
6338;Cocal de Telha;PI;Estadual;14;472.84;469.77;469.46;458.96;594.29;493.06
6339;Curaçá;BA;Estadual;41;465.38;472.64;465.26;497.64;564.39;493.06
6340;Pedro Gomes;MS;Estadual;19;488.16;484.64;451.25;490.69;550.53;493.05
6341;São José dos Pinhais;PR;Municipal;1;460.1;501.5;448.0;495.6;560.0;493.04
6342;Ipojuca;PE;Estadual;104;475.93;486.31;464.25;490.84;547.69;493.01
6343;Jupiá;SC;Estadual;7;447.79;483.44;464.57;466.36;602.86;493.0
6344;São José do Bonfim;PB;Estadual;14;476.03;478.55;472.88;483.16;554.29;492.98
6345;Manacapuru;AM;Municipal;4;470.5;489.12;444.18;476.05;585.0;492.97
6346;Putinga;RS;Estadual;2;537.3;496.55;463.05;407.95;560.0;492.97
6347;Porto de Moz;PA;Estadual;36;462.57;487.33;467.87;467.6;579.44;492.96
6348;Guadalupe;PI;Estadual;25;449.71;485.96;459.73;482.14;587.2;492.95
6349;Simplício Mendes;PI;Estadual;23;471.43;486.3;451.63;474.95;580.0;492.86
6350;Nova Ipixuna;PA;Municipal;12;480.71;490.44;464.54;463.63;565.0;492.86
6351;Ourém;PA;Estadual;80;452.38;467.3;457.6;460.44;626.5;492.84
6352;Três Palmeiras;RS;Estadual;6;469.88;480.92;466.5;496.73;550.0;492.81
6353;Cerro Azul;PR;Estadual;20;462.86;485.94;482.5;484.78;548.0;492.81
6354;Marco;CE;Estadual;236;461.69;476.64;456.35;486.69;582.46;492.77
6355;Morro Agudo de Goiás;GO;Estadual;10;462.15;488.73;476.87;512.07;524.0;492.76
6356;Canguçu;RS;Privada;3;512.67;510.1;455.07;572.47;413.33;492.73
6357;Indiara;GO;Estadual;41;472.05;485.44;464.25;476.07;565.85;492.73
6358;Dom Macedo Costa;BA;Estadual;6;445.35;473.8;475.47;492.28;576.67;492.71
6359;Lajes;RN;Estadual;21;479.57;491.24;448.93;472.3;571.43;492.69
6360;Bom Jesus do Araguaia;MT;Estadual;18;470.01;489.47;475.64;502.78;525.56;492.69
6361;Ouvidor;GO;Estadual;8;492.74;485.24;466.44;471.18;547.5;492.62
6362;Riachão do Dantas;SE;Estadual;38;469.15;471.85;445.61;474.89;601.58;492.62
6363;Campestre do Maranhão;MA;Estadual;39;467.35;482.08;471.93;475.0;566.67;492.6
6364;Santa Terezinha;SC;Estadual;26;464.83;483.77;476.8;477.09;560.0;492.5
6365;Iraí;RS;Estadual;11;487.05;498.46;467.27;498.72;510.91;492.48
6366;Paripueira;AL;Estadual;59;463.75;478.97;472.79;475.92;570.85;492.45
6367;Balneário Pinhal;RS;Estadual;14;530.25;503.66;450.24;488.0;490.0;492.43
6368;Pequizeiro;TO;Estadual;10;441.15;447.26;444.69;476.92;652.0;492.4
6369;Dois Riachos;AL;Estadual;4;459.92;475.92;438.22;467.92;620.0;492.4
6370;Gonçalves Dias;MA;Estadual;29;476.97;482.34;457.69;486.39;558.62;492.4
6371;Arês;RN;Estadual;19;485.39;501.11;458.16;490.95;526.32;492.39
6372;Sampaio;TO;Estadual;8;459.85;464.26;490.88;506.92;540.0;492.38
6373;São Roberto;MA;Estadual;13;474.54;487.45;450.51;486.11;563.08;492.34
6374;Porto Murtinho;MS;Estadual;11;493.76;471.95;448.83;494.33;552.73;492.32
6375;São João do Pacuí;MG;Estadual;6;486.75;487.25;460.5;450.3;576.67;492.29
6376;Potiraguá;BA;Estadual;3;463.63;496.1;420.47;454.53;626.67;492.28
6377;Novo Acordo;TO;Estadual;6;449.32;481.32;460.0;490.73;580.0;492.27
6378;Teolândia;BA;Estadual;9;482.43;504.7;445.42;466.54;562.22;492.26
6379;Serrania;MG;Estadual;12;472.5;493.22;451.26;502.58;541.67;492.24
6380;Colniza;MT;Estadual;31;480.56;473.94;476.31;471.06;559.35;492.24
6381;Rio Verde de Mato Grosso;MS;Estadual;38;480.48;477.95;461.38;485.97;555.26;492.21
6382;Barroquinha;CE;Estadual;160;459.98;480.86;453.09;482.54;584.38;492.17
6383;Cajari;MA;Estadual;15;464.06;498.38;461.29;479.74;557.33;492.16
6384;Oeiras do Pará;PA;Municipal;3;429.17;496.93;446.7;454.6;633.33;492.15
6385;Catunda;CE;Estadual;51;479.0;486.77;456.59;482.65;555.69;492.14
6386;Pedra;PE;Estadual;16;476.79;479.49;462.34;480.61;561.25;492.1
6387;Inhapi;AL;Municipal;2;471.75;445.05;499.2;484.45;560.0;492.09
6388;Parintins;AM;Estadual;452;464.96;490.95;466.58;473.3;564.6;492.08
6389;Porto Barreiro;PR;Estadual;6;483.35;504.5;447.2;505.37;520.0;492.08
6390;Araricá;RS;Estadual;7;509.83;486.97;483.39;451.5;528.57;492.05
6391;Bandeira;MG;Estadual;2;470.75;504.8;443.3;421.3;620.0;492.03
6392;Tartarugalzinho;AP;Estadual;14;468.09;510.21;459.48;466.34;555.71;491.97
6393;Anastácio;MS;Estadual;43;471.75;465.6;468.98;466.04;587.44;491.97
6394;Cabaceiras do Paraguaçu;BA;Estadual;20;477.42;493.56;454.59;479.27;555.0;491.97
6395;Candeias do Jamari;RO;Estadual;28;472.15;478.74;452.65;483.88;572.14;491.91
6396;São Sebastião do Alto;RJ;Estadual;11;491.59;507.65;451.32;476.16;532.73;491.89
6397;Pontalina;GO;Estadual;41;469.94;466.57;456.89;487.9;578.05;491.87
6398;Santo Antônio de Leverger;MT;Estadual;36;471.21;493.22;467.87;478.7;548.33;491.87
6399;Ponto Chique;MG;Estadual;3;483.23;421.8;462.7;504.63;586.67;491.81
6400;Tutóia;MA;Municipal;5;494.48;481.58;459.2;455.76;568.0;491.8
6401;Senador Amaral;MG;Estadual;9;473.59;475.06;485.41;498.22;526.67;491.79
6402;Tacaratu;PE;Estadual;40;452.23;482.33;460.71;470.67;593.0;491.79
6403;Montes Claros de Goiás;GO;Estadual;31;474.02;489.21;454.92;507.82;532.9;491.77
6404;Casinhas;PE;Estadual;12;458.72;473.32;480.37;473.01;573.33;491.75
6405;Taquarussu;MS;Estadual;10;470.21;489.19;460.02;515.1;524.0;491.7
6406;Porto Nacional;TO;Estadual;111;461.1;479.47;464.02;483.11;570.81;491.7
6407;Grajaú;MA;Estadual;144;458.56;470.64;464.43;468.69;595.83;491.63
6408;Goianinha;RN;Estadual;20;475.39;476.78;457.54;463.31;585.0;491.6
6409;Guarinos;GO;Estadual;1;402.7;529.5;422.5;443.3;660.0;491.6
6410;Lagoa do Sítio;PI;Estadual;4;434.32;460.78;458.05;419.75;685.0;491.58
6411;Porto Calvo;AL;Estadual;50;470.21;476.04;464.81;486.36;560.4;491.56
6412;Serra Preta;BA;Estadual;29;462.17;488.21;454.33;482.69;570.34;491.55
6413;Bituruna;PR;Estadual;15;470.89;487.65;474.4;495.42;529.33;491.54
6414;Pugmil;TO;Estadual;1;432.2;463.7;493.9;487.9;580.0;491.54
6415;Urupá;RO;Estadual;27;445.11;465.04;470.32;474.74;602.22;491.49
6416;Anagé;BA;Estadual;19;467.78;488.53;453.19;459.28;588.42;491.44
6417;Floreal;SP;Estadual;10;461.96;470.46;487.27;497.5;540.0;491.44
6418;Alagoa Grande;PB;Estadual;64;470.86;477.27;461.27;473.33;574.38;491.42
6419;Atalaia;AL;Estadual;48;468.1;476.51;454.88;468.42;589.17;491.42
6420;Floresta do Araguaia;PA;Estadual;18;459.88;483.56;447.94;471.09;594.44;491.38
6421;Iacanga;SP;Estadual;8;490.86;505.64;456.15;464.24;540.0;491.38
6422;São Sebastião da Boa Vista;PA;Estadual;83;469.04;476.0;457.63;464.03;590.12;491.36
6423;Coronel João Sá;BA;Estadual;27;476.11;497.89;442.13;482.88;557.78;491.36
6424;Boa Esperança do Sul;SP;Estadual;10;491.26;506.75;439.66;487.15;532.0;491.36
6425;Olho d'Água;PB;Estadual;19;423.92;458.15;467.25;462.04;645.26;491.32
6426;Santa Luzia do Itanhy;SE;Estadual;5;480.4;493.12;448.42;434.46;600.0;491.28
6427;Minduri;MG;Estadual;11;498.96;521.18;466.01;462.77;507.27;491.24
6428;Orizânia;MG;Estadual;7;492.9;482.03;444.97;479.11;557.14;491.23
6429;São Félix do Xingu;PA;Estadual;61;460.32;473.15;463.09;471.01;588.52;491.22
6430;Antonina do Norte;CE;Estadual;29;464.4;486.5;455.94;475.28;573.79;491.18
6431;Messias Targino;RN;Estadual;11;424.57;443.4;447.45;469.52;670.91;491.17
6432;Campo Florido;MG;Estadual;9;454.56;489.14;470.8;499.07;542.22;491.16
6433;Vera Cruz;RN;Estadual;21;478.69;491.61;456.32;487.16;541.9;491.14
6434;Januária;MG;Estadual;75;469.9;479.89;460.86;474.61;570.4;491.13
6435;Ielmo Marinho;RN;Estadual;6;480.87;468.88;504.78;454.27;546.67;491.09
6436;Campo Belo do Sul;SC;Estadual;11;483.08;482.07;471.96;491.0;527.27;491.08
6437;Caturité;PB;Estadual;18;460.36;479.22;456.1;465.28;594.44;491.08
6438;Itacaré;BA;Estadual;53;458.85;480.34;455.25;485.0;575.85;491.06
6439;Congonhinhas;PR;Estadual;5;483.74;462.28;499.5;441.66;568.0;491.04
6440;Morrinhos;CE;Estadual;128;461.05;475.27;459.9;489.51;569.38;491.02
6441;Uruará;PA;Privada;12;423.07;441.71;447.68;474.3;668.33;491.02
6442;Balsas;MA;Estadual;195;462.6;478.38;462.61;484.58;566.87;491.01
6443;Arapoema;TO;Estadual;13;485.74;470.07;471.9;471.87;555.38;490.99
6444;Senador Elói de Souza;RN;Estadual;5;469.32;480.84;436.98;487.8;580.0;490.99
6445;Acorizal;MT;Estadual;18;441.52;438.71;445.87;453.26;675.56;490.98
6446;Alto do Rodrigues;RN;Estadual;57;468.29;482.85;456.68;478.18;568.77;490.96
6447;Pilar;PB;Estadual;13;464.84;474.12;454.34;475.29;586.15;490.95
6448;Damianópolis;GO;Estadual;5;464.04;487.92;479.14;487.38;536.0;490.9
6449;Jurema;PE;Estadual;43;455.2;482.29;449.45;497.75;569.77;490.89
6450;Cotia;SP;Municipal;1;582.6;584.8;415.2;391.5;480.0;490.82
6451;Bocaina do Sul;SC;Estadual;9;484.69;480.42;463.46;452.12;573.33;490.8
6452;Abatiá;PR;Estadual;11;466.69;485.06;465.55;487.54;549.09;490.79
6453;Palestina de Goiás;GO;Estadual;18;456.61;484.38;468.91;451.78;592.22;490.78
6454;Clevelândia;PR;Estadual;51;475.84;498.65;471.83;488.3;519.22;490.77
6455;Mulungu;CE;Estadual;75;464.85;481.07;463.32;475.29;569.33;490.77
6456;Ariranha;SP;Estadual;7;485.37;503.19;435.53;475.46;554.29;490.77
6457;São Bento;MA;Estadual;100;455.53;466.93;461.7;480.9;588.6;490.73
6458;Guaimbê;SP;Estadual;10;480.36;497.01;433.71;488.45;554.0;490.71
6459;Capim;PB;Estadual;23;453.9;476.5;472.49;465.19;585.22;490.66
6460;Caracaraí;RR;Estadual;11;490.63;472.58;461.27;472.47;556.36;490.66
6461;Campinorte;GO;Estadual;25;474.66;476.4;450.77;454.66;596.8;490.66
6462;Marizópolis;PB;Estadual;4;490.78;504.0;481.52;406.92;570.0;490.64
6463;Sertão;RS;Estadual;10;484.84;481.03;460.93;466.3;560.0;490.62
6464;Vila Bela da Santíssima Trindade;MT;Estadual;21;466.06;487.21;449.1;457.31;593.33;490.6
6465;Mãe do Rio;PA;Estadual;73;459.96;483.77;454.93;475.23;578.9;490.56
6466;Tejuçuoca;CE;Estadual;134;466.01;482.15;463.45;486.87;554.33;490.56
6467;Pratânia;SP;Estadual;13;490.96;512.66;442.65;503.36;503.08;490.54
6468;Itupiranga;PA;Estadual;75;456.58;473.13;460.95;481.34;580.53;490.51
6469;Caridade do Piauí;PI;Estadual;11;479.56;492.11;442.17;485.85;552.73;490.48
6470;Telha;SE;Estadual;5;485.46;494.1;502.4;454.4;516.0;490.47
6471;Caarapó;MS;Estadual;70;462.66;492.75;446.91;486.79;563.14;490.45
6472;Figueira;PR;Estadual;16;471.08;481.64;445.89;483.44;570.0;490.41
6473;Porciúncula;RJ;Estadual;11;483.27;472.05;479.75;474.99;541.82;490.38
6474;Curralinho;PA;Estadual;82;436.19;463.35;452.79;455.18;644.39;490.38
6475;São João d'Aliança;GO;Estadual;30;481.72;489.16;450.18;473.43;557.33;490.36
6476;Curuçá;PA;Estadual;81;471.39;485.92;456.08;462.48;575.8;490.34
6477;Sanclerlândia;GO;Estadual;13;454.82;467.35;470.33;456.05;603.08;490.33
6478;Santa Maria da Boa Vista;PE;Estadual;63;466.96;470.47;457.04;479.02;578.1;490.32
6479;Piranhas;AL;Estadual;41;460.24;483.15;474.25;482.63;551.22;490.3
6480;Lagoa do Piauí;PI;Estadual;1;456.6;476.3;436.3;462.1;620.0;490.26
6481;Porto;PI;Estadual;8;459.39;462.34;466.35;443.14;620.0;490.24
6482;Israelândia;GO;Estadual;3;433.97;476.3;494.5;506.27;540.0;490.21
6483;Igaraçu do Tietê;SP;Estadual;12;506.78;476.44;439.22;488.45;540.0;490.18
6484;Monte Santo;BA;Estadual;51;464.05;476.39;453.95;461.59;594.9;490.18
6485;Iaras;SP;Estadual;3;454.73;524.67;456.73;514.4;500.0;490.11
6486;Sobrado;PB;Estadual;25;472.44;485.34;473.34;478.6;540.8;490.1
6487;Itatim;BA;Estadual;14;472.79;471.69;449.34;490.85;565.71;490.08
6488;Parisi;SP;Estadual;2;476.65;465.7;440.45;587.5;480.0;490.06
6489;Altamira;PA;Municipal;16;469.1;481.14;474.94;458.79;566.25;490.04
6490;Monte do Carmo;TO;Estadual;11;477.8;487.15;441.04;473.31;570.91;490.04
6491;Mineiros do Tietê;SP;Estadual;12;488.35;488.04;443.3;492.1;538.33;490.02
6492;Cansanção;BA;Privada;1;516.6;493.7;489.9;489.6;460.0;489.96
6493;Lavrinhas;SP;Estadual;9;482.5;482.58;425.72;512.09;546.67;489.91
6494;Reserva do Iguaçu;PR;Estadual;11;487.88;486.79;466.35;464.49;543.64;489.83
6495;Pindobaçu;BA;Estadual;14;483.34;496.13;462.7;452.68;554.29;489.83
6496;Barão do Triunfo;RS;Estadual;8;452.09;504.31;447.78;477.18;567.5;489.77
6497;Guamaré;RN;Estadual;21;467.76;473.47;470.11;467.66;569.52;489.71
6498;Saloá;PE;Estadual;30;473.87;477.68;465.27;474.32;557.33;489.7
6499;Moiporá;GO;Estadual;7;461.13;475.26;441.87;513.09;557.14;489.7
6500;Japi;RN;Estadual;7;465.41;478.0;473.49;440.11;591.43;489.69
6501;União de Minas;MG;Estadual;9;468.74;507.6;458.78;475.22;537.78;489.62
6502;Alto Longá;PI;Estadual;35;459.44;477.99;452.99;475.96;581.71;489.62
6503;São Sebastião do Passé;BA;Estadual;43;470.93;496.34;441.23;460.56;579.07;489.62
6504;Pacaraima;RR;Estadual;13;477.22;495.18;469.31;467.9;538.46;489.61
6505;Jateí;MS;Estadual;8;471.71;493.7;445.45;459.5;577.5;489.57
6506;Campo Redondo;RN;Estadual;24;472.17;466.09;467.87;490.84;550.83;489.56
6507;Tabatinga;AM;Estadual;107;459.12;473.47;450.25;462.11;602.8;489.55
6508;São Brás;AL;Estadual;14;472.11;465.01;462.02;485.56;562.86;489.51
6509;Serrinha;RN;Estadual;21;478.79;488.01;474.6;461.37;544.76;489.5
6510;Mogeiro;PB;Estadual;41;454.51;482.38;453.62;470.1;586.83;489.49
6511;Capitão de Campos;PI;Estadual;32;455.83;463.25;468.13;479.58;580.62;489.48
6512;Rosário do Ivaí;PR;Estadual;15;474.68;488.49;469.1;477.4;537.33;489.4
6513;Campina das Missões;RS;Privada;3;461.0;473.13;480.03;539.43;493.33;489.39
6514;Santa Helena;MA;Estadual;133;448.2;464.92;466.74;467.98;598.95;489.36
6515;Grão Mogol;MG;Municipal;1;497.7;434.8;492.2;422.1;600.0;489.36
6516;Ubaíra;BA;Estadual;21;455.92;471.8;453.92;470.86;594.29;489.36
6517;Pastos Bons;MA;Estadual;44;455.88;477.01;462.84;459.93;590.91;489.31
6518;Nossa Senhora das Graças;PR;Estadual;6;458.92;463.55;442.15;478.57;603.33;489.3
6519;Manaquiri;AM;Estadual;24;472.11;484.8;470.37;449.16;570.0;489.29
6520;São José do Cerrito;SC;Estadual;32;467.91;491.57;485.53;483.9;517.5;489.28
6521;São João do Caiuá;PR;Estadual;10;468.55;497.45;474.62;491.6;514.0;489.24
6522;Porto Walter;AC;Estadual;31;461.77;479.39;458.14;478.66;567.74;489.14
6523;Urucurituba;AM;Estadual;23;491.71;497.26;437.21;454.31;565.22;489.14
6524;Goianá;MG;Estadual;6;489.95;455.97;462.92;516.83;520.0;489.13
6525;São Francisco;SE;Estadual;9;480.38;505.69;447.03;450.14;562.22;489.09
6526;Itaquitinga;PE;Estadual;41;452.4;466.37;451.56;488.74;586.34;489.08
6527;Hugo Napoleão;PI;Estadual;4;480.52;495.72;428.5;440.32;600.0;489.02
6528;Messias;AL;Estadual;34;468.04;489.76;438.99;474.03;574.12;488.99
6529;Barra do Choça;BA;Estadual;39;465.3;480.5;456.74;482.87;559.49;488.98
6530;Sena Madureira;AC;Municipal;3;478.83;507.87;455.97;462.13;540.0;488.96
6531;Itapetinga;BA;Estadual;66;480.73;476.23;463.68;468.99;555.15;488.96
6532;Grandes Rios;PR;Estadual;11;493.55;463.94;452.76;492.61;541.82;488.94
6533;Iraquara;BA;Estadual;42;467.54;468.13;451.21;483.78;573.81;488.89
6534;Muaná;PA;Estadual;34;459.27;460.48;461.53;487.81;575.29;488.88
6535;Macururé;BA;Estadual;9;464.46;483.28;443.21;482.33;571.11;488.88
6536;Central;BA;Estadual;5;510.46;487.72;437.98;436.2;572.0;488.87
6537;Mâncio Lima;AC;Estadual;55;454.19;475.62;442.89;485.77;585.82;488.86
6538;Anamã;AM;Estadual;39;469.25;470.91;451.58;463.25;589.23;488.84
6539;Pau D'Arco;TO;Estadual;5;411.84;466.08;478.9;479.34;608.0;488.83
6540;São João do Cariri;PB;Estadual;11;479.25;478.0;457.02;444.38;585.45;488.82
6541;Serraria;PB;Estadual;19;457.41;449.57;481.53;455.53;600.0;488.81
6542;Ibotirama;BA;Estadual;39;464.64;488.82;467.42;493.2;529.74;488.76
6543;Terezópolis de Goiás;GO;Estadual;16;453.64;481.29;466.04;486.44;556.25;488.74
6544;Belágua;MA;Estadual;4;432.4;443.82;435.88;416.6;715.0;488.74
6545;Santa Terezinha do Progresso;SC;Estadual;9;450.34;484.56;444.17;482.37;582.22;488.73
6546;Miguel Alves;PI;Estadual;14;474.31;477.85;463.53;459.29;568.57;488.71
6547;Sarutaiá;SP;Estadual;10;483.07;499.31;472.23;482.93;506.0;488.71
6548;Diamantino;MT;Estadual;49;473.36;487.54;459.16;480.14;543.27;488.69
6549;Sirinhaém;PE;Estadual;53;464.27;468.58;477.59;479.32;553.58;488.67
6550;Ponta de Pedras;PA;Estadual;73;464.08;481.59;450.03;457.77;589.86;488.66
6551;Joaíma;MG;Estadual;13;477.98;480.78;459.06;517.77;507.69;488.66
6552;Wanderlândia;TO;Estadual;4;532.83;497.7;441.15;441.42;530.0;488.62
6553;Setubinha;MG;Estadual;13;442.09;501.76;471.28;461.68;566.15;488.6
6554;Edéia;GO;Estadual;30;470.35;473.04;460.8;478.1;560.67;488.59
6555;Plácido de Castro;AC;Estadual;32;476.94;490.2;465.24;467.89;542.5;488.56
6556;Couto Magalhães;TO;Estadual;15;460.21;485.87;461.6;467.09;568.0;488.55
6557;Imaculada;PB;Estadual;24;450.06;464.44;458.82;461.11;608.33;488.55
6558;Pedro Velho;RN;Estadual;29;474.86;483.52;460.79;449.07;574.48;488.54
6559;Acreúna;GO;Estadual;53;475.08;479.16;458.38;482.84;547.17;488.53
6560;Juruena;MT;Estadual;20;478.1;480.12;469.69;452.61;562.0;488.5
6561;São Pedro das Missões;RS;Estadual;8;476.4;515.72;413.5;451.9;585.0;488.5
6562;América Dourada;BA;Estadual;28;458.86;485.96;445.69;455.4;596.43;488.47
6563;Comendador Gomes;MG;Estadual;5;479.04;488.08;482.22;501.0;492.0;488.47
6564;Valentim Gentil;SP;Estadual;2;475.6;512.25;397.4;547.1;510.0;488.47
6565;Gameleira;PE;Estadual;12;441.67;462.1;443.66;478.22;616.67;488.46
6566;Pilão Arcado;BA;Estadual;17;452.11;476.95;455.35;507.19;550.59;488.44
6567;Una;BA;Estadual;21;473.92;493.73;452.18;474.63;547.62;488.42
6568;Conde;PB;Estadual;25;471.44;497.44;447.86;476.52;548.8;488.41
6569;Poté;MG;Estadual;10;466.29;473.47;441.67;512.45;548.0;488.38
6570;Mucambo;CE;Estadual;53;477.93;486.02;452.51;487.54;537.74;488.35
6571;Dois Córregos;SP;Municipal;1;525.6;461.4;435.8;438.9;580.0;488.34
6572;Massapê do Piauí;PI;Estadual;18;456.22;476.2;445.08;461.94;602.22;488.33
6573;São José do Povo;MT;Estadual;9;445.33;482.06;456.86;519.59;537.78;488.32
6574;Pedro II;PI;Estadual;81;461.86;484.4;438.31;455.79;601.23;488.32
6575;Lajedão;BA;Estadual;4;493.95;503.3;416.02;468.25;560.0;488.3
6576;Fortaleza dos Valos;RS;Estadual;6;511.82;477.47;469.77;482.4;500.0;488.29
6577;João Lisboa;MA;Estadual;60;450.38;474.98;451.86;468.84;595.33;488.28
6578;Tenente Ananias;RN;Estadual;8;465.2;492.83;467.41;443.45;572.5;488.28
6579;Coaraci;BA;Estadual;24;478.65;478.91;466.27;475.04;542.5;488.28
6580;Oeiras do Pará;PA;Estadual;57;456.5;481.0;456.82;469.11;577.89;488.26
6581;Cruz;CE;Estadual;188;458.14;465.48;458.69;496.84;562.02;488.23
6582;Pedras Grandes;SC;Estadual;4;467.08;503.12;486.98;438.98;545.0;488.23
6583;Pontes Gestal;SP;Estadual;1;498.9;531.4;498.5;412.3;500.0;488.22
6584;Taipas do Tocantins;TO;Estadual;9;457.2;479.44;438.74;461.18;604.44;488.2
6585;Santa Mercedes;SP;Estadual;7;488.29;490.77;451.26;464.86;545.71;488.18
6586;Vera;MT;Estadual;9;489.56;507.29;457.4;446.58;540.0;488.16
6587;Quadra;SP;Estadual;5;514.34;505.02;457.06;492.04;472.0;488.09
6588;Varzedo;BA;Estadual;8;487.8;485.14;446.05;461.28;560.0;488.05
6589;Escada;PE;Estadual;155;464.27;474.02;464.61;469.57;567.74;488.04
6590;Carnaúba dos Dantas;RN;Estadual;2;455.7;516.8;497.95;429.65;540.0;488.02
6591;União dos Palmares;AL;Estadual;107;457.69;472.85;459.91;463.29;586.36;488.02
6592;Godoy Moreira;PR;Estadual;4;473.1;454.12;461.48;496.3;555.0;488.0
6593;Itatuba;PB;Estadual;13;482.58;472.41;449.47;498.61;536.92;488.0
6594;Granja;CE;Estadual;507;463.06;476.61;460.82;485.29;554.16;487.99
6595;Itatira;CE;Estadual;183;449.27;471.02;451.63;466.93;601.09;487.99
6596;Missão Velha;CE;Estadual;164;450.92;477.57;465.22;477.38;568.54;487.92
6597;Malhada;BA;Estadual;7;463.46;459.84;476.41;499.86;540.0;487.91
6598;São Gonçalo do Abaeté;MG;Estadual;9;501.56;492.48;465.83;470.69;508.89;487.89
6599;Cafarnaum;BA;Estadual;26;473.02;477.79;466.42;498.3;523.85;487.87
6600;Progresso;RS;Estadual;3;458.3;462.53;494.3;477.43;546.67;487.85
6601;Bom Jesus do Norte;ES;Estadual;4;443.88;494.4;426.3;424.68;650.0;487.85
6602;São João do Tigre;PB;Estadual;10;454.52;467.91;463.86;480.88;572.0;487.83
6603;Salto da Divisa;MG;Estadual;11;471.37;489.22;461.48;440.7;576.36;487.83
6604;Água Branca;AL;Estadual;85;463.75;477.57;447.08;469.42;581.18;487.8
6605;Alagoinha;PB;Estadual;45;457.5;479.57;465.07;473.19;563.56;487.78
6606;Turvelândia;GO;Estadual;12;457.82;498.93;456.48;490.68;535.0;487.78
6607;Monte Negro;RO;Estadual;21;459.59;493.84;482.18;468.96;534.29;487.77
6608;São Francisco do Conde;BA;Municipal;1;537.6;444.6;469.8;446.8;540.0;487.76
6609;Laranjal;PR;Estadual;11;449.22;497.31;449.57;482.54;560.0;487.73
6610;Retirolândia;BA;Estadual;19;474.81;487.32;450.31;466.17;560.0;487.72
6611;Passagem Franca do Piauí;PI;Estadual;5;486.14;509.56;470.92;463.96;508.0;487.72
6612;Paranhos;MS;Estadual;16;476.36;474.7;443.46;485.31;558.75;487.71
6613;Nova Lacerda;MT;Estadual;24;469.48;475.28;470.54;484.04;539.17;487.7
6614;Guaraíta;GO;Estadual;5;454.22;470.54;478.0;483.66;552.0;487.68
6615;Igarapé-Miri;PA;Estadual;135;445.62;474.3;452.27;468.5;597.63;487.67
6616;Itainópolis;PI;Estadual;21;475.94;490.16;450.48;485.52;536.19;487.66
6617;Arambaré;RS;Estadual;4;510.05;499.3;431.6;502.28;495.0;487.65
6618;Acauã;PI;Estadual;3;439.9;480.6;408.2;489.5;620.0;487.64
6619;Arandu;SP;Estadual;3;457.93;421.7;429.2;536.0;593.33;487.63
6620;Conceição do Araguaia;PA;Estadual;83;459.96;473.0;461.42;464.21;579.28;487.57
6621;Manga;MG;Estadual;30;483.26;492.89;448.96;471.68;540.67;487.49
6622;Malhada dos Bois;SE;Estadual;22;454.91;469.47;455.14;445.18;612.73;487.49
6623;Loanda;PR;Estadual;23;464.97;476.75;458.0;480.23;557.39;487.47
6624;Ibiapina;CE;Estadual;191;465.5;477.99;456.07;474.3;563.35;487.44
6625;Águas Belas;PE;Estadual;107;464.51;481.86;454.96;483.71;552.15;487.44
6626;Rodrigues Alves;AC;Estadual;24;462.15;473.99;451.91;454.0;595.0;487.41
6627;Salgado;SE;Estadual;37;459.14;475.53;456.0;468.01;578.38;487.41
6628;Serranópolis;GO;Estadual;25;470.87;484.01;459.3;462.8;560.0;487.4
6629;Presidente Vargas;MA;Estadual;27;455.89;460.88;458.96;455.94;605.19;487.37
6630;Pedra Preta;RN;Estadual;4;477.48;500.4;445.12;503.82;510.0;487.36
6631;Canaã;MG;Estadual;4;462.92;450.6;442.02;470.95;610.0;487.3
6632;Santana do Araguaia;PA;Estadual;31;461.04;471.74;447.65;462.4;593.55;487.28
6633;Pinheiro;MA;Estadual;135;462.43;471.02;456.08;466.07;580.74;487.27
6634;Catolândia;BA;Estadual;2;441.95;561.8;446.05;416.4;570.0;487.24
6635;Lagoa Dourada;MG;Municipal;2;422.85;393.15;475.15;624.8;520.0;487.19
6636;São José do Calçado;ES;Estadual;15;462.45;471.53;474.86;507.08;520.0;487.18
6637;São José da Tapera;AL;Estadual;34;454.57;475.36;456.89;464.93;584.12;487.17
6638;Lima Campos;MA;Estadual;16;473.04;485.11;477.42;478.87;521.25;487.14
6639;Breu Branco;PA;Estadual;46;465.08;482.8;459.49;456.04;572.17;487.12
6640;Canudos;BA;Estadual;11;474.96;463.67;455.23;492.56;549.09;487.1
6641;Catarina;CE;Estadual;42;451.58;473.75;460.27;470.33;579.52;487.09
6642;Angicos;RN;Estadual;38;448.71;466.53;479.12;475.12;565.79;487.06
6643;Bujari;AC;Estadual;6;486.4;457.98;467.75;459.78;563.33;487.05
6644;Buriti dos Montes;PI;Estadual;24;468.39;485.23;477.13;479.35;525.0;487.02
6645;Faina;GO;Estadual;12;474.71;460.28;438.28;508.4;553.33;487.0
6646;Aroeiras do Itaim;PI;Estadual;1;416.7;361.1;468.3;428.9;760.0;487.0
6647;Dom Inocêncio;PI;Estadual;3;507.07;472.5;461.8;433.63;560.0;487.0
6648;Piritiba;BA;Estadual;33;466.19;472.98;454.75;477.35;563.64;486.98
6649;Pequeri;MG;Estadual;5;487.06;488.56;448.28;499.0;512.0;486.98
6650;Viçosa;AL;Estadual;50;466.48;476.46;439.99;470.66;581.2;486.96
6651;Feliz Natal;MT;Estadual;19;483.46;470.71;457.11;495.09;528.42;486.96
6652;Tefé;AM;Estadual;203;457.66;469.95;461.89;460.79;584.33;486.93
6653;Nova Maringá;MT;Estadual;4;464.72;478.45;443.17;528.12;520.0;486.9
6654;São Miguel da Baixa Grande;PI;Estadual;5;449.12;466.1;449.62;505.68;564.0;486.9
6655;Rio Formoso;PE;Estadual;41;468.28;474.52;458.07;497.86;535.61;486.87
6656;Eugênio de Castro;RS;Estadual;2;488.25;522.8;477.7;465.5;480.0;486.85
6657;Coronel João Pessoa;RN;Estadual;8;472.94;476.91;437.72;486.2;560.0;486.76
6658;Taboleiro Grande;RN;Estadual;5;463.24;459.74;428.8;481.98;600.0;486.75
6659;Montanhas;RN;Estadual;35;466.55;480.2;468.28;477.46;541.14;486.73
6660;Itambé;BA;Estadual;38;478.59;487.35;462.43;471.35;533.68;486.68
6661;Palmeira dos Índios;AL;Estadual;171;464.15;468.24;446.87;467.98;586.08;486.66
6662;Borá;SP;Estadual;2;490.25;508.1;483.65;471.15;480.0;486.63
6663;Amarante do Maranhão;MA;Estadual;36;453.27;469.78;457.48;459.09;593.33;486.59
6664;Afuá;PA;Estadual;26;440.15;460.17;458.35;478.53;595.38;486.52
6665;Santo Antônio do Caiuá;PR;Estadual;2;506.15;481.25;419.5;465.7;560.0;486.52
6666;Ferreiros;PE;Estadual;20;440.74;454.5;460.2;491.9;585.0;486.47
6667;Formosa do Rio Preto;BA;Estadual;21;456.49;461.48;457.84;467.74;588.57;486.42
6668;Jenipapo dos Vieiras;MA;Estadual;10;452.18;462.32;488.33;462.87;566.0;486.34
6669;Água Limpa;GO;Estadual;4;419.48;426.7;502.78;502.68;580.0;486.33
6670;Nova Marilândia;MT;Estadual;16;449.9;481.09;441.04;465.83;593.75;486.32
6671;Feijó;AC;Estadual;35;469.69;479.23;462.9;485.89;533.71;486.29
6672;Belmonte;BA;Estadual;24;468.1;481.11;450.05;464.64;567.5;486.28
6673;Bela Cruz;CE;Estadual;111;461.56;472.23;453.25;477.98;566.31;486.27
6674;Guarabira;PB;Municipal;1;489.2;425.6;446.5;530.0;540.0;486.26
6675;Presidente Sarney;MA;Estadual;21;447.44;468.58;446.9;484.5;583.81;486.24
6676;Envira;AM;Estadual;63;453.14;468.85;438.76;469.78;600.63;486.24
6677;Piranhas;GO;Estadual;27;457.59;486.26;453.54;470.5;562.96;486.17
6678;Santo Expedito;SP;Estadual;3;470.37;484.27;504.63;484.87;486.67;486.16
6679;São João da Fronteira;PI;Estadual;18;428.33;467.94;445.41;469.96;618.89;486.1
6680;Buri;SP;Estadual;41;469.73;486.62;459.82;492.8;521.46;486.09
6681;Palmas de Monte Alto;BA;Estadual;19;448.75;488.65;429.31;479.51;584.21;486.09
6682;Riachão do Bacamarte;PB;Estadual;4;437.85;493.65;427.98;490.85;580.0;486.07
6683;Jitaúna;BA;Estadual;13;443.7;480.77;451.42;488.16;566.15;486.04
6684;Almadina;BA;Estadual;10;490.61;498.38;450.51;482.69;508.0;486.04
6685;Inconfidentes;MG;Estadual;9;467.44;509.77;470.16;467.22;515.56;486.03
6686;São Caetano de Odivelas;PA;Estadual;44;462.44;481.79;459.79;463.34;562.73;486.02
6687;Posse;GO;Estadual;92;462.25;473.67;456.16;486.49;551.3;485.98
6688;Landri Sales;PI;Estadual;15;461.93;493.06;462.82;473.3;538.67;485.95
6689;Pedra Branca do Amapari;AP;Estadual;16;454.52;468.66;464.03;461.23;581.25;485.94
6690;Portel;PA;Estadual;127;468.03;483.44;454.87;470.08;553.23;485.93
6691;Humaitá;AM;Estadual;103;463.79;479.06;456.03;465.52;565.05;485.89
6692;Munhoz de Melo;PR;Estadual;3;522.37;429.9;434.13;469.5;573.33;485.85
6693;Nova América;GO;Estadual;6;460.85;475.65;460.27;465.73;566.67;485.83
6694;Barra do Guarita;RS;Estadual;7;478.21;447.29;458.56;462.17;582.86;485.82
6695;Miraselva;PR;Estadual;9;478.44;482.02;457.38;473.4;537.78;485.8
6696;Campos de Júlio;MT;Estadual;20;482.02;475.15;449.76;459.01;563.0;485.79
6697;Ipaumirim;CE;Estadual;76;455.17;477.36;450.44;487.38;558.42;485.76
6698;Ivaté;PR;Estadual;11;474.25;488.35;481.8;509.75;474.55;485.74
6699;Pedras de Maria da Cruz;MG;Estadual;3;449.47;484.37;467.87;473.63;553.33;485.73
6700;Carmo do Rio Verde;GO;Estadual;2;498.8;509.45;445.45;484.9;490.0;485.72
6701;Sebastião Laranjeiras;BA;Estadual;13;470.59;495.62;446.35;469.89;546.15;485.72
6702;Pau D'Arco;PA;Estadual;16;456.2;479.19;460.84;482.28;550.0;485.7
6703;Doutor Ulysses;PR;Estadual;4;449.1;502.48;449.15;442.72;585.0;485.69
6704;Croatá;CE;Estadual;131;471.58;482.95;461.68;475.49;536.64;485.67
6705;Uirapuru;GO;Privada;5;491.64;482.36;446.32;455.94;552.0;485.65
6706;Monte Alegre;RN;Estadual;37;464.18;488.35;468.14;472.43;535.14;485.65
6707;Canutama;AM;Estadual;27;475.46;494.87;456.0;471.51;530.37;485.64
6708;Itacarambi;MG;Estadual;22;471.21;483.31;451.69;511.04;510.91;485.63
6709;Bonito;PA;Estadual;22;447.72;482.08;435.35;452.99;610.0;485.63
6710;Jati;CE;Estadual;47;460.14;499.79;467.26;497.11;503.83;485.63
6711;Ribeirãozinho;MT;Estadual;19;451.44;477.71;458.55;468.83;571.58;485.62
6712;Olinda Nova do Maranhão;MA;Estadual;14;462.11;479.39;455.97;463.4;567.14;485.6
6713;Palmital;PR;Estadual;28;473.58;478.41;462.15;476.56;537.14;485.57
6714;Buritis;MG;Estadual;45;474.1;475.94;469.05;469.68;539.11;485.57
6715;Nova Mamoré;RO;Estadual;66;462.25;485.96;460.85;473.58;545.15;485.56
6716;Ribamar Fiquene;MA;Estadual;13;472.33;459.51;465.05;495.54;535.38;485.56
6717;Tomé-Açu;PA;Municipal;6;457.63;453.73;428.7;464.27;623.33;485.53
6718;Teodoro Sampaio;BA;Estadual;6;496.15;500.48;449.75;494.45;486.67;485.5
6719;Camacan;BA;Estadual;49;470.01;464.06;452.67;457.43;583.27;485.49
6720;Ouro Verde de Goiás;GO;Estadual;11;478.86;463.5;441.74;499.56;543.64;485.46
6721;Itapiranga;AM;Estadual;40;465.4;472.56;465.39;470.44;553.5;485.46
6722;Japaratinga;AL;Estadual;11;477.55;491.87;460.97;491.35;505.45;485.44
6723;Itapebi;BA;Estadual;16;485.95;504.62;457.33;440.51;538.75;485.43
6724;São Pedro do Ivaí;PR;Estadual;7;464.97;455.56;479.07;484.61;542.86;485.41
6725;General Sampaio;CE;Estadual;46;450.96;468.73;453.12;498.94;555.22;485.39
6726;Grossos;RN;Estadual;34;453.34;473.23;447.64;452.67;600.0;485.37
6727;Rio Negro;MS;Estadual;10;490.39;476.02;437.71;492.61;530.0;485.35
6728;Sobradinho;BA;Privada;6;468.38;494.63;459.37;467.65;536.67;485.34
6729;Serra Negra do Norte;RN;Estadual;15;441.27;463.55;467.31;443.69;610.67;485.3
6730;Barracão;RS;Estadual;16;461.49;460.94;473.67;477.9;552.5;485.3
6731;Uruçuí;PI;Estadual;28;451.37;482.64;454.65;484.17;553.57;485.28
6732;Sítio Novo;MA;Estadual;52;451.82;471.61;463.02;468.73;571.15;485.27
6733;Belém de Maria;PE;Estadual;12;468.66;477.51;465.59;457.94;556.67;485.27
6734;Cavalcante;GO;Estadual;27;454.04;486.84;449.93;483.67;551.85;485.27
6735;Ribeira do Piauí;PI;Estadual;4;448.8;510.7;438.8;397.98;630.0;485.26
6736;João Ramalho;SP;Estadual;1;512.3;478.5;409.0;486.5;540.0;485.26
6737;Codó;MA;Estadual;240;460.46;472.12;457.31;470.78;565.42;485.22
6738;Santana dos Garrotes;PB;Estadual;12;433.28;458.17;446.32;489.92;598.33;485.2
6739;Arapuã;PR;Estadual;3;486.6;486.43;494.87;458.03;500.0;485.19
6740;Primavera do Leste;MT;Municipal;1;530.1;468.9;424.8;462.1;540.0;485.18
6741;Cristino Castro;PI;Estadual;19;458.36;469.92;438.69;460.95;597.89;485.16
6742;Canaã dos Carajás;PA;Municipal;10;451.88;462.8;467.27;465.73;578.0;485.14
6743;Alto Alegre;RR;Estadual;18;483.12;492.71;459.58;466.92;523.33;485.13
6744;Santa Rita do Pardo;MS;Estadual;7;482.11;467.39;462.24;471.01;542.86;485.12
6745;Cezarina;GO;Estadual;3;450.6;444.7;420.0;543.47;566.67;485.09
6746;Luís Correia;PI;Estadual;41;463.49;468.16;456.9;461.27;575.61;485.09
6747;Materlândia;MG;Estadual;7;472.14;481.04;432.94;499.27;540.0;485.08
6748;Presidente Prudente;SP;Municipal;2;451.3;494.2;450.3;489.55;540.0;485.07
6749;Confins;MG;Estadual;4;481.08;475.88;495.05;478.33;495.0;485.06
6750;Olaria;MG;Estadual;5;454.38;525.32;462.78;482.78;500.0;485.05
6751;Ibiquera;BA;Estadual;4;459.42;472.78;458.72;454.25;580.0;485.04
6752;Areia Branca;SE;Estadual;12;476.72;480.98;434.03;425.06;608.33;485.02
6753;Teixeira;PB;Estadual;46;458.15;469.53;460.27;462.21;574.78;484.99
6754;Carmo de Minas;MG;Estadual;5;471.82;489.98;461.62;429.26;572.0;484.94
6755;Ouro Branco;AL;Estadual;11;476.43;474.4;449.6;467.65;556.36;484.89
6756;Loreto;MA;Estadual;39;448.28;460.28;449.87;455.49;610.26;484.84
6757;Joca Marques;PI;Estadual;7;453.79;452.69;431.83;480.17;605.71;484.84
6758;Brazabrantes;GO;Estadual;11;455.27;490.53;460.08;456.22;561.82;484.78
6759;Crixás;GO;Estadual;49;442.2;471.06;452.5;514.38;543.67;484.76
6760;Divino de São Lourenço;ES;Estadual;15;468.57;486.21;463.57;514.72;490.67;484.75
6761;Juscimeira;MT;Estadual;25;462.1;478.68;447.38;473.15;562.4;484.74
6762;Alcântara;MA;Estadual;15;469.82;483.91;464.41;461.15;544.0;484.66
6763;Paraíso do Norte;PR;Estadual;3;404.13;424.3;527.07;534.47;533.33;484.66
6764;Apiacás;MT;Estadual;24;457.99;485.64;446.19;466.59;566.67;484.62
6765;Inocência;MS;Estadual;8;457.5;460.41;460.21;457.44;587.5;484.61
6766;Carnaubais;RN;Estadual;19;473.19;460.17;448.96;478.43;562.11;484.57
6767;Nanuque;MG;Estadual;44;476.72;485.32;467.28;465.3;528.18;484.56
6768;Chaval;CE;Estadual;98;446.12;471.95;456.71;460.65;587.14;484.52
6769;Umburatiba;MG;Estadual;1;357.3;414.2;411.7;659.3;580.0;484.5
6770;Cordislândia;MG;Estadual;1;427.7;491.1;492.2;511.4;500.0;484.48
6771;Várzea;RN;Estadual;8;455.44;471.01;466.66;503.9;525.0;484.4
6772;Fernando de Noronha;PE;Estadual;2;445.9;481.9;516.75;457.45;520.0;484.4
6773;Itaueira;PI;Estadual;23;445.82;494.39;450.61;505.01;526.09;484.38
6774;Salinópolis;PA;Estadual;151;457.82;480.3;449.66;471.13;562.78;484.34
6775;Tracuateua;PA;Estadual;21;447.41;473.18;444.8;460.0;596.19;484.32
6776;Solonópole;CE;Estadual;84;464.46;475.5;467.53;469.46;544.52;484.29
6777;São Raimundo das Mangabeiras;MA;Estadual;29;459.72;478.2;454.77;463.23;565.52;484.29
6778;Jacundá;PA;Municipal;5;454.12;443.3;480.02;459.84;584.0;484.26
6779;Rosário Oeste;MT;Privada;1;459.3;442.7;565.7;493.6;460.0;484.26
6780;Damolândia;GO;Estadual;10;450.02;469.99;461.74;503.34;536.0;484.22
6781;Francinópolis;PI;Estadual;23;465.59;466.12;465.07;462.58;561.74;484.22
6782;Mirador;PR;Estadual;3;433.33;473.97;441.33;525.77;546.67;484.21
6783;Rurópolis;PA;Estadual;27;458.41;468.35;462.11;480.29;551.85;484.2
6784;Cabedelo;PB;Estadual;41;474.6;480.71;459.11;476.25;530.24;484.18
6785;Cruz do Espírito Santo;PB;Estadual;19;460.44;469.25;431.53;471.18;588.42;484.17
6786;Guaratinga;BA;Municipal;1;492.9;504.1;444.8;539.0;440.0;484.16
6787;Nova Santa Rita;PI;Estadual;4;390.02;477.48;437.45;450.85;665.0;484.16
6788;Boquira;BA;Estadual;48;449.29;474.01;461.46;467.48;568.33;484.11
6789;Dário Meira;BA;Estadual;13;462.89;463.72;448.1;481.19;564.62;484.1
6790;Severínia;SP;Estadual;7;471.61;461.07;432.04;529.94;525.71;484.08
6791;Doutor Severiano;RN;Estadual;17;442.25;466.65;465.15;477.97;568.24;484.05
6792;Itapirapuã Paulista;SP;Estadual;14;464.11;496.99;450.99;496.65;511.43;484.03
6793;Araguanã;TO;Estadual;30;460.41;476.19;440.85;461.83;580.67;483.99
6794;São José dos Basílios;MA;Estadual;11;437.42;482.56;456.45;470.53;572.73;483.94
6795;Casimiro de Abreu;RJ;Municipal;7;494.06;473.69;458.6;427.54;565.71;483.92
6796;Mauá da Serra;PR;Estadual;15;460.99;469.47;469.93;493.79;525.33;483.9
6797;Irituia;PA;Estadual;44;464.84;479.11;444.52;460.84;570.0;483.86
6798;Pedro Afonso;TO;Estadual;39;456.59;475.09;463.21;486.39;537.95;483.85
6799;Mari;PB;Estadual;37;463.94;471.88;455.46;484.31;543.24;483.77
6800;Autazes;AM;Estadual;59;448.77;478.02;454.57;484.26;553.22;483.77
6801;Ibiá;MG;Municipal;2;528.35;528.65;474.5;477.25;410.0;483.75
6802;Nova Soure;BA;Estadual;31;464.14;487.56;444.24;479.42;543.23;483.72
6803;Corumbá;MS;Estadual;174;465.38;483.11;451.38;472.09;546.44;483.68
6804;Penalva;MA;Estadual;72;458.03;470.43;458.01;458.58;573.33;483.68
6805;Tucumã;PA;Municipal;8;494.02;472.69;456.2;432.86;562.5;483.66
6806;Santana do Mundaú;AL;Estadual;15;449.18;464.48;460.61;460.03;584.0;483.66
6807;Narandiba;SP;Estadual;6;476.93;499.97;434.77;483.03;523.33;483.61
6808;Brejões;BA;Estadual;22;437.75;458.89;465.12;473.24;582.73;483.54
6809;São Francisco de Paula;RS;Estadual;6;477.22;489.3;468.32;479.55;503.33;483.54
6810;Frei Martinho;PB;Estadual;12;472.33;478.82;475.06;433.1;558.33;483.53
6811;Barreira;CE;Estadual;104;467.54;471.93;448.91;486.89;542.31;483.52
6812;Adelândia;GO;Estadual;3;453.53;491.4;424.27;454.97;593.33;483.5
6813;Parazinho;RN;Estadual;8;454.12;457.29;454.54;483.96;567.5;483.48
6814;Bom Jesus das Selvas;MA;Municipal;1;523.4;525.6;488.7;399.7;480.0;483.48
6815;Fortuna;MA;Estadual;33;452.48;466.91;457.05;456.07;584.85;483.47
6816;Timbaúba dos Batistas;RN;Estadual;3;447.6;439.57;471.23;518.83;540.0;483.45
6817;Motuca;SP;Estadual;7;495.93;505.19;410.6;499.64;505.71;483.41
6818;Lagoa Seca;PB;Estadual;20;461.81;478.1;476.02;478.83;522.0;483.35
6819;Jordânia;MG;Estadual;23;478.48;491.23;450.64;459.66;536.52;483.31
6820;Passagem Franca;MA;Estadual;37;450.81;483.8;455.83;473.57;552.43;483.29
6821;Adolfo;SP;Estadual;5;468.58;486.08;455.4;510.38;496.0;483.29
6822;Corguinho;MS;Estadual;6;420.25;442.97;468.5;524.68;560.0;483.28
6823;Lábrea;AM;Federal;42;464.19;465.96;452.83;458.55;574.76;483.26
6824;Iranduba;AM;Estadual;81;470.38;474.72;462.93;469.45;538.77;483.25
6825;Realeza;PR;Municipal;1;408.1;519.0;417.7;511.4;560.0;483.24
6826;Valparaíso de Goiás;GO;Municipal;2;443.5;506.1;425.2;531.15;510.0;483.19
6827;Quarto Centenário;PR;Estadual;3;420.97;500.93;480.7;539.8;473.33;483.15
6828;Jacinto;MG;Estadual;14;466.36;458.68;470.73;467.14;552.86;483.15
6829;Governador Luiz Rocha;MA;Municipal;2;479.15;492.4;442.65;541.5;460.0;483.14
6830;Deputado Irapuan Pinheiro;CE;Estadual;42;465.5;478.99;463.24;477.04;530.95;483.14
6831;Clementina;SP;Estadual;9;453.91;484.62;460.06;477.1;540.0;483.14
6832;Juruá;AM;Estadual;25;473.08;465.92;443.2;477.52;556.0;483.14
6833;Pajeú do Piauí;PI;Estadual;8;456.5;464.64;427.99;463.95;602.5;483.12
6834;Lavandeira;TO;Estadual;4;441.88;457.48;473.72;487.4;555.0;483.1
6835;Águas de São Pedro;SP;Estadual;2;507.35;483.45;443.1;451.55;530.0;483.09
6836;Cabeceira Grande;MG;Estadual;10;505.9;478.07;488.74;486.5;456.0;483.04
6837;Itabela;BA;Estadual;12;454.85;483.5;448.47;493.32;535.0;483.03
6838;Nova Guarita;MT;Estadual;7;486.56;457.31;442.11;486.3;542.86;483.03
6839;Taquara;RS;Municipal;7;489.9;505.26;444.29;486.97;488.57;483.0
6840;Lajeado do Bugre;RS;Estadual;4;451.8;419.1;425.35;438.75;680.0;483.0
6841;Primavera;PA;Estadual;32;459.79;470.88;453.98;460.29;570.0;482.99
6842;Pojuca;BA;Estadual;17;469.25;478.9;444.15;491.86;530.59;482.95
6843;Mar Vermelho;AL;Estadual;13;440.4;464.7;452.52;480.19;576.92;482.95
6844;Luislândia;MG;Estadual;5;455.64;468.22;452.94;505.84;532.0;482.93
6845;Magalhães Barata;PA;Estadual;25;450.5;477.28;456.6;468.57;561.6;482.91
6846;Ouriçangas;BA;Estadual;8;472.28;492.76;439.14;437.69;572.5;482.87
6847;Olivedos;PB;Estadual;11;453.49;462.11;473.04;434.56;590.91;482.82
6848;Camamu;BA;Estadual;52;461.72;462.38;463.42;456.55;570.0;482.81
6849;Itiúba;BA;Estadual;28;475.16;483.91;456.2;457.35;541.43;482.81
6850;Igarapé-Miri;PA;Municipal;35;459.08;474.06;449.63;442.64;588.57;482.8
6851;São João das Duas Pontes;SP;Estadual;5;459.2;493.2;477.96;491.58;492.0;482.79
6852;Colônia do Piauí;PI;Estadual;6;445.87;473.33;437.78;446.87;610.0;482.77
6853;São João de Pirabas;PA;Estadual;45;453.28;480.72;457.99;458.66;563.11;482.75
6854;Senador Alexandre Costa;MA;Estadual;13;465.22;456.21;456.46;508.02;527.69;482.72
6855;Caririaçu;CE;Municipal;1;397.5;521.2;395.5;499.4;600.0;482.72
6856;Fernando Pedroza;RN;Estadual;6;469.18;510.07;477.58;456.77;500.0;482.72
6857;São Francisco;MG;Privada;2;478.5;532.6;443.45;488.95;470.0;482.7
6858;Canudos do Vale;RS;Estadual;2;464.15;446.35;510.9;452.05;540.0;482.69
6859;Santa Tereza de Goiás;GO;Estadual;3;524.27;489.67;452.33;493.73;453.33;482.67
6860;Apiúna;SC;Estadual;8;487.75;484.72;454.26;491.35;495.0;482.62
6861;Vera Cruz;BA;Estadual;23;459.75;477.5;453.48;461.16;560.87;482.55
6862;Esplanada;BA;Estadual;22;462.84;480.6;451.45;478.75;539.09;482.55
6863;Floresta do Araguaia;PA;Municipal;3;450.77;406.47;469.47;479.3;606.67;482.53
6864;Carinhanha;BA;Estadual;22;453.0;474.28;452.78;479.84;552.73;482.52
6865;Araguapaz;GO;Municipal;1;436.7;522.7;413.9;439.2;600.0;482.5
6866;Juruti;PA;Municipal;8;442.65;510.28;450.7;471.38;537.5;482.5
6867;Ladário;MS;Estadual;34;459.69;470.57;448.55;497.1;536.47;482.48
6868;Assis Brasil;AC;Estadual;26;450.92;489.08;460.41;488.06;523.85;482.46
6869;Pilões;PB;Estadual;29;454.76;472.91;458.4;455.81;570.34;482.44
6870;Correntes;PE;Estadual;36;457.34;467.48;458.29;469.51;559.44;482.41
6871;Guarulhos;SP;Municipal;1;483.6;545.3;403.3;459.6;520.0;482.36
6872;Cândido Mendes;MA;Estadual;33;448.64;452.97;439.76;481.34;589.09;482.36
6873;Sertãozinho;PB;Estadual;17;468.68;486.51;442.47;458.71;555.29;482.33
6874;Itaúna do Sul;PR;Estadual;7;447.86;476.31;476.51;476.59;534.29;482.31
6875;Alcobaça;BA;Estadual;27;478.45;467.37;441.65;472.16;551.85;482.3
6876;Bom Jesus;PI;Estadual;123;454.78;473.29;454.16;455.06;574.15;482.29
6877;Matina;BA;Estadual;22;459.41;471.31;444.8;488.61;547.27;482.28
6878;Santa Maria do Pará;PA;Municipal;1;494.3;448.4;453.1;595.6;420.0;482.28
6879;Zé Doca;MA;Estadual;71;443.4;465.12;451.81;467.58;583.38;482.26
6880;Sátiro Dias;BA;Estadual;13;446.98;457.11;448.08;483.69;575.38;482.25
6881;Moju;PA;Municipal;17;420.02;469.32;466.82;492.73;562.35;482.25
6882;Socorro do Piauí;PI;Estadual;3;413.13;408.67;407.57;461.9;720.0;482.25
6883;Ribeiro Gonçalves;PI;Estadual;13;452.36;470.22;472.76;477.38;538.46;482.24
6884;Padre Bernardo;GO;Estadual;61;461.45;464.56;458.52;488.63;538.03;482.24
6885;Pendências;RN;Estadual;33;474.12;473.76;454.16;481.77;527.27;482.22
6886;Vitória do Jari;AP;Estadual;18;460.73;469.61;452.51;473.65;554.44;482.19
6887;Santa Rosa de Lima;SE;Estadual;28;457.74;461.98;441.59;473.2;576.43;482.19
6888;São Francisco do Brejão;MA;Estadual;4;432.65;441.55;453.3;493.35;590.0;482.17
6889;Poço das Trincheiras;AL;Estadual;10;446.55;487.31;464.74;480.27;532.0;482.17
6890;Carmolândia;TO;Estadual;5;456.64;444.82;452.34;500.98;556.0;482.16
6891;Floriano;PI;Estadual;162;455.01;470.5;447.78;467.03;570.49;482.16
6892;Pimenteiras;PI;Estadual;26;433.87;461.8;450.85;455.77;608.46;482.15
6893;Dom Eliseu;PA;Estadual;58;465.95;494.55;453.96;473.06;523.1;482.13
6894;Salgado de São Félix;PB;Estadual;14;472.94;483.32;481.28;458.62;514.29;482.09
6895;Cassilândia;MS;Estadual;19;450.99;492.83;444.89;471.12;550.53;482.07
6896;Presidente Figueiredo;AM;Estadual;57;459.97;466.15;454.26;471.93;557.89;482.04
6897;Santa Vitória do Palmar;RS;Municipal;6;490.18;498.47;454.32;497.17;470.0;482.03
6898;Paratinga;BA;Estadual;55;459.97;478.48;438.19;480.23;553.09;481.99
6899;Conceição do Almeida;BA;Estadual;9;482.01;478.07;452.4;444.02;553.33;481.97
6900;Paraú;RN;Estadual;11;452.42;465.17;446.44;443.74;601.82;481.92
6901;Comendador Levy Gasparian;RJ;Estadual;8;454.02;461.19;443.71;508.11;542.5;481.91
6902;Bom Jesus;RN;Estadual;7;460.51;475.6;468.3;490.81;514.29;481.9
6903;Gurinhatã;MG;Estadual;6;487.1;450.25;457.07;481.65;533.33;481.88
6904;Glória;BA;Estadual;27;472.03;481.77;463.66;434.83;557.04;481.87
6905;Santo Antônio de Goiás;GO;Estadual;21;491.72;477.0;457.67;453.4;529.52;481.86
6906;Chapadão do Céu;GO;Estadual;31;463.17;482.17;460.2;490.02;513.55;481.82
6907;Joaquim Gomes;AL;Estadual;15;469.84;477.51;449.49;490.95;521.33;481.82
6908;Miraguaí;RS;Estadual;15;479.13;478.19;457.65;467.93;525.33;481.65
6909;Coronel José Dias;PI;Estadual;17;459.54;470.21;435.39;465.39;577.65;481.64
6910;Nova Iguaçu de Goiás;GO;Estadual;12;448.54;484.68;453.4;494.73;526.67;481.6
6911;Glaucilândia;MG;Estadual;3;420.6;455.7;476.2;502.13;553.33;481.59
6912;São João do Rio do Peixe;PB;Municipal;4;458.4;459.38;481.08;429.1;580.0;481.59
6913;Uruoca;CE;Estadual;105;465.61;471.34;457.75;481.78;531.43;481.58
6914;Santa Bárbara do Pará;PA;Estadual;17;458.24;469.94;445.41;487.15;547.06;481.56
6915;Itaberaba;BA;Municipal;1;540.9;458.3;463.7;384.8;560.0;481.54
6916;Cedral;MA;Estadual;32;468.57;477.83;451.68;443.92;565.62;481.52
6917;São João da Baliza;RR;Estadual;12;459.47;490.87;443.32;468.82;545.0;481.5
6918;Nova Olinda do Maranhão;MA;Estadual;36;471.89;467.94;457.96;463.36;546.11;481.45
6919;Laje;BA;Estadual;30;443.18;455.6;468.35;470.77;569.33;481.45
6920;Irituia;PA;Municipal;4;463.75;462.18;440.22;391.08;650.0;481.44
6921;Baraúna;PB;Municipal;2;474.15;495.0;426.25;501.8;510.0;481.44
6922;Rosana;SP;Municipal;1;469.8;476.2;466.6;594.6;400.0;481.44
6923;São Domingos do Capim;PA;Estadual;69;460.78;471.82;448.15;451.79;574.49;481.41
6924;Jacareí;SP;Municipal;1;481.5;548.9;437.2;559.4;380.0;481.4
6925;Dois Irmãos do Tocantins;TO;Estadual;20;475.88;480.73;451.02;462.28;537.0;481.38
6926;Nossa Senhora de Nazaré;PI;Estadual;8;456.4;462.88;448.15;474.18;565.0;481.32
6927;Betânia;PE;Estadual;16;470.07;479.11;472.49;473.64;511.25;481.31
6928;São João do Carú;MA;Estadual;16;426.96;430.55;450.06;487.31;611.25;481.23
6929;Natuba;PB;Estadual;12;449.3;455.41;457.16;462.48;581.67;481.2
6930;Pilar;AL;Estadual;52;458.55;467.33;463.24;467.94;548.85;481.18
6931;Herveiras;RS;Estadual;4;451.4;469.0;485.52;509.9;490.0;481.16
6932;Pedrão;BA;Estadual;4;449.82;430.42;468.98;471.6;585.0;481.16
6933;Canguaretama;RN;Estadual;61;462.07;482.28;454.18;472.92;534.1;481.11
6934;Bom Jardim;MA;Estadual;23;441.85;460.65;459.01;456.18;587.83;481.1
6935;Cachoeira Alta;GO;Estadual;40;465.64;475.89;463.99;470.46;529.5;481.1
6936;Antônio João;MS;Estadual;17;464.88;461.68;462.87;475.85;540.0;481.06
6937;Rio Rufino;SC;Estadual;4;445.42;466.82;461.15;476.9;555.0;481.06
6938;Jampruca;MG;Estadual;3;477.93;485.53;456.8;384.8;600.0;481.01
6939;Mundo Novo;GO;Estadual;9;484.0;510.07;454.82;460.62;495.56;481.01
6940;Batalha;AL;Estadual;54;448.12;476.05;454.23;477.24;549.26;480.98
6941;Florínea;SP;Estadual;2;519.1;532.35;482.1;451.2;420.0;480.95
6942;Paulo Ramos;MA;Estadual;28;454.34;460.3;463.87;485.47;540.71;480.94
6943;Capela;AL;Estadual;25;443.19;473.46;439.95;464.07;584.0;480.93
6944;Boninal;BA;Estadual;22;456.57;452.09;457.21;480.5;558.18;480.91
6945;Manaus;AM;Municipal;29;460.93;477.58;460.91;473.31;531.72;480.89
6946;São Bento do Tocantins;TO;Estadual;4;454.45;412.5;446.8;500.68;590.0;480.88
6947;Campos Verdes;GO;Estadual;12;491.32;459.96;443.88;515.68;493.33;480.84
6948;Matias Cardoso;MG;Estadual;13;470.38;482.37;438.72;475.78;536.92;480.84
6949;Conceição do Canindé;PI;Estadual;6;451.52;455.6;486.73;447.0;563.33;480.84
6950;Maurilândia;GO;Estadual;16;464.62;478.26;443.46;494.01;523.75;480.82
6951;Santa Bárbara do Monte Verde;MG;Estadual;1;451.4;430.9;533.8;367.9;620.0;480.8
6952;Ibicoara;BA;Estadual;22;474.81;484.5;455.43;475.57;513.64;480.79
6953;Amambai;MS;Municipal;4;492.18;445.62;455.2;460.25;550.0;480.65
6954;Brotas de Macaúbas;BA;Municipal;2;462.75;394.85;442.35;483.25;620.0;480.64
6955;Itaipé;MG;Privada;5;462.88;478.86;494.98;478.5;488.0;480.64
6956;Itaobim;MG;Privada;7;487.99;475.29;477.64;499.2;462.86;480.59
6957;Nova Olinda do Norte;AM;Municipal;1;514.1;495.5;466.1;507.2;420.0;480.58
6958;Goianorte;TO;Estadual;9;470.74;458.93;451.13;446.44;575.56;480.56
6959;Jaguarari;BA;Estadual;35;461.73;476.99;462.33;457.68;544.0;480.55
6960;Itaguaçu da Bahia;BA;Estadual;11;474.12;484.85;434.63;447.07;561.82;480.5
6961;Nioaque;MS;Estadual;38;462.9;473.45;447.9;480.36;537.89;480.5
6962;Óbidos;PA;Estadual;44;448.75;470.23;455.46;452.99;575.0;480.48
6963;São Bernardo;MA;Estadual;73;434.29;464.05;453.87;465.07;584.93;480.44
6964;Chupinguaia;RO;Estadual;12;462.63;477.98;454.73;480.1;526.67;480.42
6965;Rio dos Bois;TO;Estadual;16;477.28;466.28;440.61;446.37;571.25;480.36
6966;Campo Alegre de Goiás;GO;Estadual;18;468.14;491.25;453.71;461.82;526.67;480.32
6967;Gentil;RS;Estadual;2;445.3;494.8;409.8;491.45;560.0;480.27
6968;Santa Inês;PR;Estadual;1;457.7;491.2;420.4;411.9;620.0;480.24
6969;Axixá do Tocantins;TO;Estadual;28;435.75;449.6;441.18;477.5;597.14;480.24
6970;Anapu;PA;Estadual;27;448.14;463.16;470.9;476.63;542.22;480.21
6971;Juti;MS;Estadual;20;467.95;483.01;464.82;463.23;522.0;480.2
6972;Antônio Cardoso;BA;Estadual;1;512.7;441.2;453.7;473.3;520.0;480.18
6973;Varjão;GO;Estadual;5;470.62;470.02;456.62;455.46;548.0;480.14
6974;Jerumenha;PI;Estadual;3;482.6;492.83;471.17;420.73;533.33;480.13
6975;Pedras Altas;RS;Estadual;2;469.15;470.95;458.35;461.9;540.0;480.07
6976;Novo Repartimento;PA;Municipal;2;443.5;430.55;518.45;437.75;570.0;480.05
6977;Mato Grosso;PB;Estadual;3;494.7;408.67;407.67;475.7;613.33;480.01
6978;Arauá;SE;Estadual;5;442.42;486.68;459.22;483.6;528.0;479.98
6979;Pão de Açúcar;AL;Estadual;33;444.38;478.32;436.91;504.92;535.15;479.94
6980;Piaçabuçu;AL;Estadual;39;461.71;483.28;458.99;488.93;506.67;479.92
6981;Nova Canaã;BA;Estadual;6;477.22;482.1;474.85;451.95;513.33;479.89
6982;São Luís do Quitunde;AL;Estadual;23;481.69;470.51;463.9;468.33;514.78;479.84
6983;Aurilândia;GO;Estadual;13;466.39;466.41;457.22;462.97;546.15;479.83
6984;Ouro Verde de Minas;MG;Estadual;3;458.1;466.33;478.37;402.9;593.33;479.81
6985;Coari;AM;Municipal;2;495.7;495.8;483.7;473.75;450.0;479.79
6986;Guarani de Goiás;GO;Estadual;20;453.26;487.14;442.93;466.27;549.0;479.72
6987;Muritiba;BA;Estadual;34;450.42;476.1;464.2;468.44;539.41;479.71
6988;Poço Branco;RN;Estadual;19;446.0;470.42;444.77;455.21;582.11;479.7
6989;Tumiritinga;MG;Estadual;11;471.12;488.49;450.95;471.52;516.36;479.69
6990;Poxoréu;MT;Estadual;27;451.33;483.13;468.35;469.74;525.93;479.69
6991;Itacoatiara;AM;Estadual;300;454.42;470.92;456.96;465.3;550.8;479.68
6992;Tarauacá;AC;Estadual;64;465.09;473.97;436.92;463.63;558.75;479.67
6993;Curimatá;PI;Estadual;38;448.97;461.51;452.56;496.57;538.42;479.61
6994;Timbó Grande;SC;Estadual;9;454.92;490.7;478.0;465.46;508.89;479.59
6995;Jandira;SP;Municipal;8;481.08;488.04;479.59;466.7;482.5;479.58
6996;Miguel Leão;PI;Estadual;6;441.57;447.68;434.05;481.27;593.33;479.58
6997;Pauini;AM;Estadual;20;445.8;433.44;468.4;450.17;600.0;479.56
6998;Rio do Pires;BA;Estadual;22;422.51;467.37;461.96;476.83;569.09;479.55
6999;Caiabu;SP;Estadual;11;462.74;479.62;466.94;469.96;518.18;479.49
7000;Alto Santo;CE;Estadual;75;464.53;475.17;467.94;480.88;508.8;479.47
7001;Santana do Manhuaçu;MG;Estadual;3;448.3;465.37;459.43;410.9;613.33;479.47
7002;Itacurubi;RS;Estadual;5;480.32;463.24;459.9;501.82;492.0;479.46
7003;Alto Alegre do Maranhão;MA;Estadual;21;473.71;465.83;453.98;460.89;542.86;479.45
7004;Paranaíta;MT;Estadual;16;467.08;475.0;467.25;472.79;515.0;479.42
7005;Guaramiranga;CE;Estadual;36;469.72;472.61;456.33;482.8;515.56;479.4
7006;São Bentinho;PB;Estadual;10;449.64;476.09;466.22;439.06;566.0;479.4
7007;Indiaroba;SE;Estadual;64;453.16;473.85;452.06;469.16;548.75;479.4
7008;Ibertioga;MG;Estadual;9;471.9;492.81;452.78;472.74;506.67;479.38
7009;Lagoa Salgada;RN;Estadual;19;467.54;474.66;471.36;462.13;521.05;479.35
7010;Pitangueiras;PR;Estadual;6;450.65;473.63;478.97;490.08;503.33;479.33
7011;Santa Rosa do Tocantins;TO;Estadual;5;472.4;451.9;430.18;450.18;592.0;479.33
7012;Jandaia;GO;Estadual;13;448.6;464.52;452.57;441.14;589.23;479.21
7013;Guajará-Mirim;RO;Estadual;127;458.18;475.35;458.45;461.54;542.52;479.21
7014;Martinópole;CE;Estadual;74;471.09;465.01;453.29;482.83;523.51;479.15
7015;Serra Caiada;RN;Estadual;17;452.38;461.6;455.26;474.56;551.76;479.11
7016;Itarumã;GO;Estadual;13;463.08;451.12;429.83;483.38;567.69;479.02
7017;São Francisco de Sales;MG;Estadual;2;442.95;424.9;425.25;502.0;600.0;479.02
7018;Pedra Grande;RN;Estadual;4;480.75;479.08;434.02;421.2;580.0;479.01
7019;São Gabriel da Cachoeira;AM;Estadual;60;455.72;466.93;449.7;453.37;569.33;479.01
7020;Placas;PA;Estadual;9;491.58;463.32;442.93;448.27;548.89;479.0
7021;Claro dos Poções;MG;Estadual;12;481.38;485.03;440.67;477.81;510.0;478.98
7022;Cujubim;RO;Estadual;15;466.4;497.4;450.57;481.73;498.67;478.95
7023;Brotas de Macaúbas;BA;Privada;2;441.25;491.7;429.8;511.7;520.0;478.89
7024;Apuiarés;CE;Estadual;78;458.25;479.08;464.76;463.76;528.46;478.86
7025;Conceição do Tocantins;TO;Estadual;3;428.8;485.67;435.97;503.8;540.0;478.85
7026;Itapissuma;PE;Estadual;55;469.0;474.06;464.92;474.11;512.0;478.82
7027;Mansidão;BA;Estadual;10;453.27;463.73;450.24;456.63;570.0;478.77
7028;Joaquim Nabuco;PE;Estadual;13;469.05;456.69;446.75;461.35;560.0;478.77
7029;Natividade;TO;Estadual;25;469.8;470.06;452.77;461.16;540.0;478.76
7030;Água Branca;PI;Estadual;46;434.68;464.92;455.03;488.05;550.87;478.71
7031;Euclides da Cunha Paulista;SP;Municipal;1;537.4;389.3;388.6;578.1;500.0;478.68
7032;Buriticupu;MA;Estadual;65;460.54;473.52;453.55;459.6;546.15;478.67
7033;Aricanduva;MG;Estadual;4;448.42;465.05;494.72;460.05;525.0;478.65
7034;Careiro da Várzea;AM;Estadual;85;447.28;463.96;457.85;447.69;576.24;478.6
7035;Teofilândia;BA;Estadual;21;463.6;471.26;442.89;442.86;572.38;478.6
7036;Lidianópolis;PR;Estadual;3;435.2;482.37;462.37;472.93;540.0;478.57
7037;Floresta do Piauí;PI;Estadual;11;442.31;450.15;451.47;426.91;621.82;478.53
7038;Candeal;BA;Estadual;2;488.85;438.35;422.35;433.05;610.0;478.52
7039;Dianópolis;TO;Estadual;30;451.48;483.18;455.78;466.66;535.33;478.49
7040;Cairu;BA;Estadual;5;450.6;494.62;476.98;450.22;520.0;478.48
7041;Feliz Deserto;AL;Estadual;12;464.65;454.62;429.85;478.16;565.0;478.46
7042;Brejo;MA;Estadual;106;451.62;466.92;455.23;459.77;558.49;478.4
7043;Jacuizinho;RS;Estadual;10;453.29;441.05;439.37;454.3;604.0;478.4
7044;Paranapanema;SP;Municipal;1;480.4;504.4;453.5;413.7;540.0;478.4
7045;Verdejante;PE;Estadual;17;451.91;465.31;476.82;470.54;527.06;478.33
7046;Breu Branco;PA;Municipal;6;462.63;450.95;492.4;445.68;540.0;478.33
7047;Santo Antônio do Leste;MT;Estadual;8;472.71;470.71;436.28;454.39;557.5;478.32
7048;Itaueira;PI;Municipal;1;432.8;413.7;516.0;429.0;600.0;478.3
7049;São Sebastião da Boa Vista;PA;Municipal;3;510.73;479.83;422.93;397.9;580.0;478.28
7050;Jaquirana;RS;Estadual;4;473.65;489.2;466.4;481.85;480.0;478.22
7051;Augusto Corrêa;PA;Estadual;60;440.72;471.67;436.24;471.75;570.67;478.21
7052;Itabaiana;PB;Municipal;2;417.9;435.6;530.8;506.7;500.0;478.2
7053;Matriz de Camaragibe;AL;Estadual;35;466.42;483.83;442.75;471.65;526.29;478.19
7054;Patos do Piauí;PI;Estadual;8;459.41;476.81;447.01;442.32;565.0;478.11
7055;Avelinópolis;GO;Estadual;7;461.51;427.61;462.36;456.14;582.86;478.1
7056;João Dourado;BA;Estadual;32;454.78;472.98;452.16;458.1;552.5;478.1
7057;Centro Novo do Maranhão;MA;Estadual;19;438.06;464.32;436.36;466.43;585.26;478.09
7058;Altaneira;CE;Estadual;13;446.55;472.48;489.52;474.09;507.69;478.06
7059;Maravilha;AL;Estadual;11;491.74;484.77;447.2;470.16;496.36;478.05
7060;Valença;BA;Estadual;43;464.7;482.77;454.92;464.5;523.26;478.03
7061;Novo Oriente do Piauí;PI;Estadual;15;458.44;486.33;439.45;453.81;552.0;478.01
7062;Caiçara;PB;Estadual;16;434.47;457.38;443.76;458.19;596.25;478.01
7063;Regeneração;PI;Estadual;39;446.09;475.27;452.66;472.79;543.08;477.98
7064;São Raimundo Nonato;PI;Municipal;1;402.4;472.0;487.5;347.9;680.0;477.96
7065;Maraial;PE;Estadual;9;451.3;470.93;461.38;468.39;537.78;477.96
7066;Moju;PA;Estadual;75;449.28;458.3;452.8;461.65;567.73;477.95
7067;Pedrinópolis;MG;Estadual;5;442.86;476.58;425.4;516.86;528.0;477.94
7068;Iaciara;GO;Estadual;41;454.13;477.0;445.34;475.68;537.56;477.94
7069;Nova Campina;SP;Estadual;21;496.0;485.45;435.45;458.45;514.29;477.93
7070;Lábrea;AM;Estadual;53;462.31;465.54;451.73;455.58;554.34;477.9
7071;Mozarlândia;GO;Estadual;26;457.32;476.5;454.32;483.34;517.69;477.83
7072;General Carneiro;MT;Estadual;7;464.36;477.63;436.96;492.81;517.14;477.78
7073;Abaré;BA;Estadual;24;446.97;481.25;461.17;491.77;507.5;477.73
7074;Abreulândia;TO;Estadual;7;456.39;480.43;439.94;454.71;557.14;477.72
7075;Paramoti;CE;Estadual;32;432.68;467.34;465.02;474.14;549.38;477.71
7076;Pium;TO;Estadual;14;455.61;463.76;446.75;466.57;555.71;477.68
7077;Turiaçu;MA;Estadual;63;450.72;474.57;441.86;450.33;570.79;477.66
7078;Lagoa de Velhos;RN;Estadual;5;441.48;432.78;457.1;440.88;616.0;477.65
7079;Crisólita;MG;Estadual;5;423.88;425.1;450.74;492.22;596.0;477.59
7080;Terra Nova;BA;Estadual;9;486.19;451.52;462.26;458.92;528.89;477.56
7081;Alvorada do Gurguéia;PI;Estadual;6;427.58;475.55;456.87;437.72;590.0;477.54
7082;Almas;TO;Estadual;7;406.83;481.0;460.21;453.83;585.71;477.52
7083;Calumbi;PE;Estadual;18;437.22;457.28;448.02;469.18;575.56;477.45
7084;Vicente Dutra;RS;Estadual;7;477.86;486.34;455.41;470.4;497.14;477.43
7085;Cantá;RR;Estadual;10;465.78;488.53;442.93;435.64;554.0;477.38
7086;Galinhos;RN;Estadual;8;465.02;475.24;455.69;485.86;505.0;477.36
7087;Arame;MA;Estadual;62;442.0;467.77;454.96;469.62;552.26;477.32
7088;Santa Lúcia;SP;Estadual;1;460.4;510.4;446.9;428.8;540.0;477.3
7089;Jurema;PI;Estadual;8;435.16;441.81;461.75;455.24;592.5;477.29
7090;Anaurilândia;MS;Estadual;14;436.56;438.69;447.86;503.31;560.0;477.28
7091;Turvânia;GO;Estadual;11;467.8;480.98;467.67;484.41;485.45;477.26
7092;Guimarães;MA;Estadual;8;466.81;447.88;442.62;471.5;557.5;477.26
7093;Aratuba;CE;Estadual;82;454.31;473.82;459.01;462.75;536.34;477.25
7094;Caxambu do Sul;SC;Estadual;9;464.51;446.7;445.43;465.16;564.44;477.25
7095;Medicilândia;PA;Municipal;33;453.7;481.04;443.91;462.1;545.45;477.24
7096;Monção;MA;Estadual;15;463.47;476.05;452.3;463.44;530.67;477.18
7097;Leópolis;PR;Estadual;5;491.54;502.38;449.22;470.72;472.0;477.17
7098;Buriti dos Lopes;PI;Estadual;82;450.68;474.05;451.72;451.56;557.8;477.16
7099;Água Fria de Goiás;GO;Estadual;13;454.84;467.22;486.52;472.41;504.62;477.12
7100;Anadia;AL;Estadual;27;453.59;448.03;445.65;466.42;571.85;477.11
7101;Cachoeira do Arari;PA;Estadual;28;437.98;464.7;446.69;451.85;584.29;477.1
7102;Bento Fernandes;RN;Estadual;14;449.31;470.91;434.54;452.11;578.57;477.09
7103;Calmon;SC;Estadual;2;469.4;513.25;450.35;462.45;490.0;477.09
7104;Zé Doca;MA;Municipal;2;494.95;441.05;444.55;394.85;610.0;477.08
7105;Anapu;PA;Privada;1;427.7;528.6;404.5;464.5;560.0;477.06
7106;Baixa Grande do Ribeiro;PI;Estadual;29;436.14;436.64;440.27;466.64;605.52;477.04
7107;Aliança do Tocantins;TO;Estadual;32;458.19;474.29;448.43;473.79;530.0;476.94
7108;Araçoiaba;PE;Estadual;49;453.69;472.26;455.15;474.61;528.98;476.93
7109;Tanque d'Arca;AL;Estadual;19;457.26;448.83;435.86;438.51;604.21;476.93
7110;Heitoraí;GO;Estadual;11;459.46;470.65;454.51;478.19;521.82;476.93
7111;São Luís do Curu;CE;Estadual;48;457.33;466.89;461.32;462.01;536.67;476.85
7112;Passo de Camaragibe;AL;Estadual;19;465.53;473.78;455.57;444.09;545.26;476.85
7113;Concórdia do Pará;PA;Estadual;75;446.65;474.69;450.26;460.75;551.73;476.82
7114;Jequeri;MG;Estadual;13;466.44;484.52;452.44;489.75;490.77;476.78
7115;Nova Glória;GO;Estadual;13;460.85;472.62;450.83;447.26;552.31;476.78
7116;Orós;CE;Estadual;96;454.96;468.55;451.88;448.7;559.79;476.78
7117;Mariana;MG;Municipal;2;438.0;519.2;470.2;456.2;500.0;476.72
7118;Ibaretama;CE;Estadual;73;454.5;463.56;460.6;467.91;536.71;476.65
7119;Anajatuba;MA;Municipal;1;338.9;499.3;476.4;508.5;560.0;476.62
7120;Salinas da Margarida;BA;Estadual;25;469.56;471.81;442.89;461.15;537.6;476.6
7121;Peçanha;MG;Estadual;5;481.72;487.54;451.96;477.7;484.0;476.58
7122;Borborema;PB;Estadual;15;448.27;454.82;432.62;468.49;578.67;476.57
7123;Xinguara;PA;Municipal;4;448.98;489.35;471.58;467.85;505.0;476.55
7124;Sandovalina;SP;Estadual;6;468.28;474.62;454.55;445.13;540.0;476.52
7125;Areiópolis;SP;Estadual;7;492.63;481.87;465.57;479.66;462.86;476.52
7126;São Miguel do Tocantins;TO;Estadual;4;436.32;437.45;494.25;429.4;585.0;476.48
7127;Vitória;ES;Municipal;2;490.2;522.05;413.85;436.25;520.0;476.47
7128;Campos de Júlio;MT;Municipal;1;448.3;501.7;457.7;374.2;600.0;476.38
7129;Feira da Mata;BA;Estadual;16;464.32;447.71;482.49;429.82;557.5;476.37
7130;Divinópolis de Goiás;GO;Estadual;10;465.77;481.03;445.72;447.14;542.0;476.33
7131;Pitimbu;PB;Estadual;25;459.65;461.8;453.29;458.84;548.0;476.32
7132;Esperança Nova;PR;Estadual;1;477.8;465.1;422.4;416.1;600.0;476.28
7133;Cantagalo;MG;Estadual;3;462.1;474.23;428.0;523.43;493.33;476.22
7134;Marapanim;PA;Estadual;42;445.41;466.13;441.82;458.17;569.52;476.21
7135;Ilha das Flores;SE;Estadual;14;435.38;463.94;443.2;449.89;588.57;476.2
7136;Traipu;AL;Estadual;37;449.23;474.74;453.99;481.41;521.62;476.2
7137;Baraúna;PB;Estadual;28;439.36;463.77;452.3;450.43;575.0;476.17
7138;Baía Formosa;RN;Estadual;22;445.91;481.51;457.03;471.87;524.55;476.17
7139;Pedrinhas Paulista;SP;Estadual;3;466.87;504.37;455.17;440.93;513.33;476.13
7140;Morros;MA;Estadual;12;451.85;483.32;443.1;405.54;596.67;476.1
7141;Lajeado;TO;Estadual;6;463.62;479.82;427.38;469.25;540.0;476.01
7142;Couto de Magalhães de Minas;MG;Estadual;1;461.4;529.2;446.0;403.3;540.0;475.98
7143;São Miguel de Taipu;PB;Estadual;13;457.43;452.0;447.11;452.55;570.77;475.97
7144;Toropi;RS;Estadual;5;454.14;478.18;473.58;485.8;488.0;475.94
7145;Porto Grande;AP;Estadual;18;453.72;446.67;462.26;461.87;554.44;475.79
7146;Morpará;BA;Estadual;11;432.17;431.1;460.98;481.95;572.73;475.79
7147;Nova Veneza;GO;Estadual;25;480.5;477.89;450.54;460.14;509.6;475.73
7148;Montes Altos;MA;Estadual;23;452.59;463.33;456.77;457.94;547.83;475.69
7149;Firminópolis;GO;Estadual;20;455.69;467.36;465.49;466.89;523.0;475.68
7150;Venha-Ver;RN;Estadual;2;457.55;475.2;424.3;431.25;590.0;475.66
7151;Santa Cruz do Piauí;PI;Estadual;27;438.36;436.51;478.81;475.7;548.89;475.65
7152;São Geraldo do Araguaia;PA;Municipal;3;434.07;450.77;447.97;525.37;520.0;475.63
7153;Barreirinhas;MA;Estadual;80;454.89;469.27;452.05;467.42;534.25;475.58
7154;São Gonçalo do Piauí;PI;Estadual;10;460.26;435.42;445.63;448.36;588.0;475.53
7155;Abadiânia;GO;Estadual;10;498.46;485.85;436.84;466.36;490.0;475.5
7156;Santiago do Sul;SC;Estadual;6;451.65;474.17;442.5;465.72;543.33;475.47
7157;Urutaí;GO;Estadual;2;500.05;465.25;467.15;444.8;500.0;475.45
7158;Urucará;AM;Estadual;63;442.25;468.07;458.53;450.26;558.1;475.44
7159;Carauari;AM;Estadual;72;457.62;463.67;451.01;458.12;546.67;475.42
7160;Caroebe;RR;Estadual;6;455.28;471.67;459.92;453.58;536.67;475.42
7161;Pariquera-Açu;SP;Estadual;14;454.48;463.74;433.32;512.62;512.86;475.4
7162;Aragominas;TO;Estadual;24;435.76;458.4;450.86;474.28;557.5;475.36
7163;Queimada Nova;PI;Estadual;6;459.53;462.63;446.32;471.45;536.67;475.32
7164;Antônio Gonçalves;BA;Privada;6;455.45;479.2;458.65;453.22;530.0;475.3
7165;Cachoeira;BA;Estadual;25;465.59;467.9;431.57;463.33;548.0;475.28
7166;Tacuru;MS;Estadual;16;469.38;482.42;459.82;463.54;501.25;475.28
7167;Brejo do Cruz;PB;Estadual;27;437.94;461.59;455.0;464.46;557.04;475.2
7168;Maturéia;PB;Estadual;11;423.03;457.32;469.65;482.36;543.64;475.2
7169;Eirunepé;AM;Estadual;44;452.98;474.1;441.88;446.11;560.91;475.2
7170;Água Doce do Maranhão;MA;Estadual;141;444.67;461.74;456.11;457.44;555.89;475.17
7171;Maragogipe;BA;Estadual;24;450.7;473.1;454.22;448.55;549.17;475.15
7172;Monte Alegre;PA;Municipal;1;391.8;479.4;515.2;469.2;520.0;475.12
7173;Mata Grande;AL;Estadual;68;444.46;454.9;456.11;479.5;540.59;475.11
7174;Elesbão Veloso;PI;Estadual;36;444.6;467.04;458.93;462.62;542.22;475.08
7175;Porto Alegre do Norte;MT;Estadual;10;437.74;464.01;427.1;492.5;554.0;475.07
7176;Ribeirão Bonito;SP;Estadual;4;458.88;466.98;409.48;419.92;620.0;475.05
7177;Mococa;SP;Municipal;14;463.35;468.51;456.51;469.74;517.14;475.05
7178;Ibipeba;BA;Estadual;21;461.81;454.8;457.66;466.43;534.29;475.0
7179;Bequimão;MA;Estadual;21;443.63;461.49;458.28;453.51;558.1;475.0
7180;Araioses;MA;Estadual;36;451.46;469.83;449.08;458.24;545.0;474.72
7181;Paulino Neves;MA;Estadual;35;443.47;469.65;457.8;459.08;543.43;474.69
7182;Rondolândia;MT;Estadual;6;453.95;501.62;436.05;491.78;490.0;474.68
7183;São Tomé das Letras;MG;Estadual;15;457.49;493.05;448.65;476.86;497.33;474.68
7184;Esperantina;TO;Estadual;22;445.67;477.18;446.65;471.05;532.73;474.66
7185;Afonso Bezerra;RN;Estadual;13;447.86;438.01;454.76;515.75;516.92;474.66
7186;Aldeias Altas;MA;Estadual;29;461.41;465.17;450.26;450.68;545.52;474.61
7187;Alagoinha;PE;Estadual;10;464.53;454.09;470.11;512.24;472.0;474.59
7188;Caldazinha;GO;Estadual;20;463.74;474.82;461.26;463.88;509.0;474.54
7189;Caseara;TO;Estadual;14;449.33;470.44;453.17;456.54;542.86;474.47
7190;Gameleiras;MG;Estadual;10;462.79;456.84;456.51;464.11;532.0;474.45
7191;Mossâmedes;GO;Estadual;3;479.03;502.93;451.53;465.17;473.33;474.4
7192;Cansanção;BA;Estadual;15;437.49;488.3;439.13;448.38;558.67;474.39
7193;Nova Iguaçu;RJ;Municipal;1;471.1;520.2;472.2;508.3;400.0;474.36
7194;Itiruçu;BA;Estadual;23;437.63;463.8;445.45;455.3;569.57;474.35
7195;Japira;PR;Estadual;15;471.23;484.03;439.68;490.13;486.67;474.35
7196;Santa Rita do Novo Destino;GO;Estadual;9;461.96;486.5;453.26;465.42;504.44;474.32
7197;Porto Alegre do Piauí;PI;Estadual;7;460.89;457.7;462.87;449.86;540.0;474.26
7198;Costa Marques;RO;Estadual;36;455.16;463.24;454.33;454.09;544.44;474.25
7199;Taguatinga;TO;Estadual;22;450.57;465.66;442.7;460.2;551.82;474.19
7200;Governador Mangabeira;BA;Estadual;16;470.16;475.3;437.08;452.02;536.25;474.16
7201;Santa Terezinha;MT;Estadual;11;456.11;459.25;462.85;454.21;538.18;474.12
7202;Cocal;PI;Estadual;23;451.2;489.87;455.56;454.8;519.13;474.11
7203;Santa Quitéria do Maranhão;MA;Estadual;57;437.92;459.01;444.1;450.89;578.6;474.1
7204;São José do Divino;MG;Estadual;3;479.8;484.6;422.53;423.47;560.0;474.08
7205;Chã Preta;AL;Estadual;21;469.47;455.13;462.27;439.39;543.81;474.01
7206;Jaupaci;GO;Estadual;2;409.45;487.05;416.35;517.1;540.0;473.99
7207;Guaratinga;BA;Estadual;5;478.68;497.22;421.8;480.08;492.0;473.96
7208;Curralinhos;PI;Estadual;6;451.62;468.57;450.73;435.47;563.33;473.94
7209;Santana do Maranhão;MA;Estadual;22;442.72;465.15;448.71;466.61;546.36;473.91
7210;Morro do Chapéu do Piauí;PI;Estadual;13;468.02;475.44;451.84;438.77;535.38;473.89
7211;Igaracy;PB;Estadual;24;441.33;459.75;459.2;469.65;539.17;473.82
7212;Cachoeira do Piriá;PA;Estadual;14;446.63;441.96;434.28;461.92;584.29;473.81
7213;Fazenda Vilanova;RS;Estadual;1;496.7;452.4;377.5;462.3;580.0;473.78
7214;Santa Maria das Barreiras;PA;Estadual;7;418.84;438.8;444.8;472.01;594.29;473.75
7215;São João do Arraial;PI;Estadual;32;457.16;463.66;452.02;468.43;527.5;473.75
7216;Passagem;RN;Estadual;3;496.2;475.37;419.67;437.47;540.0;473.74
7217;Centenário;TO;Estadual;2;510.0;503.0;472.9;392.75;490.0;473.73
7218;Porteiras;CE;Estadual;73;436.46;468.13;454.78;482.61;526.58;473.71
7219;Motuca;SP;Municipal;1;484.3;561.1;397.0;406.1;520.0;473.7
7220;São Vicente;SP;Municipal;4;453.2;513.88;456.68;434.62;510.0;473.67
7221;Marapanim;PA;Municipal;1;447.8;411.3;409.0;520.2;580.0;473.66
7222;Paulicéia;SP;Estadual;9;488.52;476.43;452.82;450.38;500.0;473.63
7223;Cocalinho;MT;Estadual;10;481.59;457.04;440.22;451.31;538.0;473.63
7224;Jundiaí do Sul;PR;Estadual;9;463.37;493.06;447.23;497.78;466.67;473.62
7225;Cocos;BA;Estadual;56;443.08;459.57;453.08;465.19;547.14;473.61
7226;Quijingue;BA;Estadual;5;506.82;489.68;402.12;481.42;488.0;473.61
7227;Bonito de Minas;MG;Estadual;17;434.22;446.62;456.42;490.59;540.0;473.57
7228;Tabaporã;MT;Estadual;20;450.17;479.6;451.52;493.39;493.0;473.54
7229;Lagoa d'Anta;RN;Estadual;17;473.9;454.5;444.39;476.04;518.82;473.53
7230;Primeira Cruz;MA;Estadual;11;440.05;455.89;435.89;450.18;585.45;473.49
7231;Caxingó;PI;Estadual;12;431.02;444.92;432.34;460.65;598.33;473.45
7232;Choró;CE;Estadual;61;449.71;464.11;454.95;465.05;533.44;473.45
7233;Muribeca;SE;Estadual;25;442.88;461.28;436.76;463.14;563.2;473.45
7234;Campo Grande do Piauí;PI;Estadual;8;421.58;461.8;463.04;475.75;545.0;473.43
7235;Cajazeiras do Piauí;PI;Estadual;10;444.44;468.88;436.08;447.65;570.0;473.41
7236;Antônio Gonçalves;BA;Estadual;12;446.49;453.08;457.11;443.58;566.67;473.39
7237;Arenópolis;GO;Estadual;11;461.03;463.15;447.61;486.05;509.09;473.39
7238;Barra de Santo Antônio;AL;Estadual;21;454.83;470.07;466.75;458.12;517.14;473.38
7239;Wall Ferraz;PI;Estadual;13;418.2;450.1;442.77;471.19;584.62;473.38
7240;Britânia;GO;Estadual;13;461.19;472.21;462.48;450.96;520.0;473.37
7241;Natividade da Serra;SP;Estadual;3;445.6;486.7;438.1;443.1;553.33;473.37
7242;Lago Verde;MA;Estadual;22;440.8;440.85;453.04;454.7;577.27;473.33
7243;Gilbués;PI;Estadual;21;445.58;463.31;456.64;466.49;534.29;473.26
7244;Almirante Tamandaré do Sul;RS;Estadual;6;492.17;488.18;446.27;412.92;526.67;473.24
7245;Pacajá;PA;Municipal;7;408.0;458.99;431.61;473.27;594.29;473.23
7246;Sucupira do Riachão;MA;Estadual;8;445.62;456.22;432.71;448.74;582.5;473.16
7247;Novo Aripuanã;AM;Estadual;56;440.26;468.29;453.27;451.13;552.5;473.09
7248;Arraias;TO;Estadual;42;456.95;466.52;445.47;458.04;538.1;473.02
7249;Bom Princípio do Piauí;PI;Estadual;8;436.31;434.62;430.94;500.54;562.5;472.98
7250;Aratuípe;BA;Estadual;16;459.87;489.36;442.94;447.54;525.0;472.94
7251;Jandaíra;BA;Estadual;13;448.0;473.62;425.56;445.12;572.31;472.92
7252;Uibaí;BA;Estadual;9;485.02;458.63;441.37;448.4;531.11;472.91
7253;Demerval Lobão;PI;Estadual;23;450.19;460.95;423.17;474.4;555.65;472.87
7254;Barreirinha;AM;Estadual;96;447.62;466.74;449.98;460.76;539.17;472.85
7255;Alto Alegre do Pindaré;MA;Estadual;66;444.7;454.13;453.38;482.72;529.09;472.8
7256;Tufilândia;MA;Estadual;6;429.25;462.08;442.33;453.45;576.67;472.76
7257;Madeiro;PI;Estadual;11;441.28;453.3;448.45;442.48;578.18;472.74
7258;Jacareacanga;PA;Estadual;12;441.42;434.78;439.05;470.08;578.33;472.73
7259;São Paulo do Potengi;RN;Privada;2;484.95;407.15;470.8;440.6;560.0;472.7
7260;Alto Paraguai;MT;Estadual;7;457.49;472.59;440.23;498.76;494.29;472.67
7261;São José do Sabugi;PB;Estadual;8;408.35;453.19;441.2;510.3;550.0;472.61
7262;Braço do Trombudo;SC;Estadual;4;435.38;490.25;475.55;451.75;510.0;472.58
7263;Aracaju;SE;Municipal;2;492.65;412.85;446.3;561.0;450.0;472.56
7264;Santa Maria;RN;Estadual;6;481.4;458.63;457.3;448.68;516.67;472.54
7265;Lagoa de Pedras;RN;Estadual;29;458.8;477.87;443.63;452.68;529.66;472.52
7266;Firmino Alves;BA;Estadual;28;441.55;450.05;457.9;460.87;552.14;472.5
7267;Colômbia;SP;Estadual;1;498.1;490.7;428.6;505.1;440.0;472.5
7268;Chapada dos Guimarães;MT;Municipal;2;426.7;446.65;435.7;483.4;570.0;472.49
7269;Magé;RJ;Municipal;1;491.4;467.7;459.7;403.5;540.0;472.46
7270;Meruoca;CE;Estadual;91;454.27;473.09;451.68;481.83;501.32;472.44
7271;Bossoroca;RS;Estadual;2;376.05;454.5;537.45;444.15;550.0;472.43
7272;Palmeirais;PI;Estadual;9;443.24;463.02;455.66;442.32;557.78;472.4
7273;Luciara;MT;Estadual;6;412.53;439.43;480.5;472.88;556.67;472.4
7274;Maués;AM;Estadual;66;454.98;461.38;450.32;454.28;540.91;472.37
7275;Erval Seco;RS;Estadual;13;425.52;459.27;462.95;478.58;535.38;472.34
7276;Alcinópolis;MS;Estadual;12;467.95;439.19;466.06;466.63;521.67;472.3
7277;Salto do Itararé;PR;Municipal;1;339.4;544.7;511.2;526.1;440.0;472.28
7278;Colares;PA;Estadual;28;438.7;466.63;442.79;461.6;551.43;472.23
7279;Marechal Thaumaturgo;AC;Estadual;28;434.14;468.16;454.87;453.89;550.0;472.21
7280;Cabixi;RO;Estadual;15;438.51;451.32;470.89;498.59;501.33;472.13
7281;Filadélfia;BA;Estadual;29;449.98;457.76;446.52;466.69;539.31;472.05
7282;Riachuelo;SE;Estadual;18;459.81;467.31;449.71;450.04;533.33;472.04
7283;Guajará;AM;Estadual;22;452.08;465.28;433.75;455.33;553.64;472.02
7284;Arco-Íris;SP;Estadual;4;432.62;511.48;459.22;431.65;525.0;472.0
7285;Pires Ferreira;CE;Estadual;37;443.81;447.62;444.25;472.09;551.89;471.93
7286;Xique-Xique;BA;Estadual;37;459.66;465.85;462.71;430.79;540.54;471.91
7287;Nova Olímpia;PR;Estadual;6;462.52;458.85;417.57;450.63;570.0;471.91
7288;Jaguaré;ES;Privada;3;430.03;474.37;503.3;451.5;500.0;471.84
7289;São Benedito do Rio Preto;MA;Estadual;33;436.64;455.46;459.69;468.58;538.79;471.83
7290;Lagoa Grande do Maranhão;MA;Estadual;31;435.58;471.68;442.25;474.73;534.84;471.82
7291;Beruri;AM;Estadual;35;441.33;448.61;453.95;435.09;580.0;471.8
7292;Igarapé Grande;MA;Estadual;24;447.89;458.35;443.94;445.45;563.33;471.79
7293;São João do Paraíso;MA;Estadual;29;458.5;472.4;450.63;449.12;528.28;471.79
7294;Poço Dantas;PB;Estadual;11;414.21;451.79;439.64;427.79;625.45;471.78
7295;Parnarama;MA;Estadual;46;447.87;455.09;443.6;447.12;565.22;471.78
7296;Manoel Vitorino;BA;Municipal;9;462.1;485.31;459.94;462.61;488.89;471.77
7297;Umbuzeiro;PB;Estadual;14;449.59;480.23;457.2;436.09;535.71;471.76
7298;Guaribas;PI;Estadual;17;442.34;459.82;459.62;476.92;520.0;471.74
7299;Brejinho de Nazaré;TO;Estadual;10;422.1;455.18;463.49;455.57;562.0;471.67
7300;Castro Alves;BA;Estadual;10;452.99;457.85;461.36;487.96;498.0;471.63
7301;Pilõezinhos;PB;Estadual;3;488.43;479.13;462.13;415.1;513.33;471.63
7302;São José do Brejo do Cruz;PB;Estadual;11;425.4;445.71;453.14;482.9;550.91;471.61
7303;Praia Norte;TO;Estadual;11;453.74;470.17;435.23;455.25;543.64;471.6
7304;Lajeado Novo;MA;Estadual;10;454.11;468.52;428.61;430.69;576.0;471.59
7305;Mâncio Lima;AC;Municipal;3;455.27;452.93;442.5;427.17;580.0;471.57
7306;Santa Rita do Trivelato;MT;Estadual;9;469.36;506.62;450.21;471.5;460.0;471.54
7307;Sapopema;PR;Estadual;12;453.91;463.47;483.48;475.09;481.67;471.52
7308;Rio Preto da Eva;AM;Estadual;57;453.47;467.43;441.34;462.0;533.33;471.51
7309;Campestre de Goiás;GO;Estadual;17;444.69;473.05;436.97;456.93;545.88;471.5
7310;Trairão;PA;Estadual;7;452.51;452.34;479.81;455.64;517.14;471.49
7311;Comodoro;MT;Municipal;2;453.15;443.6;436.7;504.0;520.0;471.49
7312;Bom Jesus das Selvas;MA;Estadual;29;457.35;458.86;455.84;437.69;547.59;471.46
7313;Rosário Oeste;MT;Estadual;30;457.65;470.28;442.7;470.42;516.0;471.41
7314;Pilar de Goiás;GO;Estadual;6;464.05;449.52;474.07;469.4;500.0;471.41
7315;Coelho Neto;MA;Estadual;65;445.72;458.4;445.6;441.63;565.54;471.38
7316;Manoel Emídio;PI;Estadual;4;454.48;479.8;453.22;469.22;500.0;471.34
7317;Caém;BA;Estadual;21;464.2;466.89;444.99;461.35;519.05;471.29
7318;Vargem Grande;MA;Estadual;80;443.08;452.44;453.02;461.98;545.75;471.25
7319;Bias Fortes;MG;Estadual;4;453.3;479.0;451.82;526.72;445.0;471.17
7320;Cacimbinhas;AL;Estadual;19;440.76;452.66;462.87;477.85;521.05;471.04
7321;Camaquã;RS;Municipal;3;401.23;452.67;452.57;481.83;566.67;470.99
7322;Silveiras;SP;Municipal;3;472.83;483.3;412.77;432.6;553.33;470.97
7323;Mazagão;AP;Estadual;15;469.12;457.81;446.79;427.8;553.33;470.97
7324;Paraúna;GO;Estadual;40;455.74;464.21;443.08;454.56;537.0;470.92
7325;Lambari D'Oeste;MT;Estadual;9;447.48;474.62;435.17;466.13;531.11;470.9
7326;Santa Cruz do Arari;PA;Estadual;5;459.96;453.72;439.58;464.84;536.0;470.82
7327;Palhano;CE;Estadual;49;455.34;474.73;443.5;466.47;513.88;470.78
7328;Bujaru;PA;Municipal;2;453.2;511.05;433.55;445.9;510.0;470.74
7329;Cristal do Sul;RS;Estadual;4;479.0;419.92;426.25;463.45;565.0;470.72
7330;Senador Sá;CE;Estadual;56;453.79;460.48;446.26;462.29;530.71;470.71
7331;Sonora;MS;Estadual;33;460.49;470.18;456.28;466.29;500.0;470.65
7332;Santa Cruz da Vitória;BA;Estadual;18;454.49;471.12;430.86;472.01;524.44;470.58
7333;Caaporã;PB;Estadual;37;445.81;448.41;450.74;459.79;548.11;470.57
7334;Alvorada de Minas;MG;Estadual;14;460.69;497.23;446.94;453.51;494.29;470.53
7335;Augusto Corrêa;PA;Municipal;5;413.54;468.58;441.14;437.3;592.0;470.51
7336;Matinhas;PB;Estadual;20;458.78;472.12;458.13;434.48;529.0;470.5
7337;Novo Lino;AL;Estadual;11;466.79;454.37;466.56;446.52;518.18;470.49
7338;Humberto de Campos;MA;Estadual;42;451.54;467.2;452.53;454.35;526.67;470.46
7339;Pedro do Rosário;MA;Estadual;7;424.56;464.43;455.17;456.67;551.43;470.45
7340;Cajueiro;AL;Estadual;39;452.79;452.46;452.18;467.03;527.69;470.43
7341;Cachoeira Grande;MA;Estadual;5;438.36;455.24;437.04;417.26;604.0;470.38
7342;Canitar;SP;Estadual;4;444.12;497.5;427.4;452.9;530.0;470.38
7343;Belo Monte;AL;Estadual;9;463.36;469.41;436.18;453.94;528.89;470.36
7344;Olho d'Água do Casado;AL;Estadual;35;445.5;464.87;451.89;447.2;542.29;470.35
7345;Pindoretama;CE;Estadual;121;436.76;460.1;454.52;464.79;535.37;470.31
7346;Castro Alves;BA;Municipal;3;473.63;474.27;427.73;482.47;493.33;470.29
7347;Coronel Murta;MG;Estadual;7;466.09;454.01;469.43;453.14;508.57;470.25
7348;Itapecuru Mirim;MA;Estadual;71;430.89;458.13;453.29;454.04;554.93;470.25
7349;Governador Luiz Rocha;MA;Estadual;21;453.59;449.19;440.46;467.81;540.0;470.21
7350;Siriri;SE;Estadual;24;442.78;466.52;459.36;462.33;520.0;470.2
7351;Figueirão;MS;Estadual;1;477.6;453.5;510.8;468.6;440.0;470.1
7352;São João do Soter;MA;Estadual;22;454.8;469.88;441.06;469.33;515.45;470.1
7353;Cerro Negro;SC;Estadual;8;469.0;484.4;443.84;448.14;505.0;470.08
7354;Tururu;CE;Estadual;113;444.63;460.99;452.78;447.92;544.07;470.08
7355;Ubá;MG;Municipal;1;480.2;552.1;455.1;402.9;460.0;470.06
7356;São José dos Ramos;PB;Estadual;10;418.98;445.16;436.91;419.26;630.0;470.06
7357;Codajás;AM;Estadual;47;439.42;461.85;457.17;463.66;528.09;470.04
7358;Santa Fé do Araguaia;TO;Estadual;14;447.31;470.93;455.79;427.19;548.57;469.96
7359;Itapiúna;CE;Estadual;68;444.42;484.78;439.19;454.32;527.06;469.95
7360;Bom Sucesso;PR;Estadual;9;440.48;472.29;445.28;478.34;513.33;469.94
7361;Lucena;PB;Estadual;25;448.76;463.05;459.35;461.66;516.8;469.92
7362;Jacaré dos Homens;AL;Estadual;14;463.26;477.38;453.74;453.63;501.43;469.89
7363;Rio do Prado;MG;Estadual;11;474.75;481.87;436.25;456.58;500.0;469.89
7364;Autazes;AM;Municipal;8;455.71;490.52;450.99;457.14;495.0;469.87
7365;Duque de Caxias;RJ;Municipal;1;410.6;495.8;476.1;426.8;540.0;469.86
7366;Mocajuba;PA;Municipal;55;442.94;459.96;449.63;438.79;557.82;469.83
7367;Muaná;PA;Municipal;2;438.8;481.6;401.7;396.85;630.0;469.79
7368;Nova Olinda;TO;Estadual;14;445.95;463.55;439.71;443.82;555.71;469.75
7369;Salitre;CE;Estadual;101;445.34;460.8;451.66;472.47;518.42;469.74
7370;Urbano Santos;MA;Estadual;31;435.92;436.35;451.12;478.51;546.45;469.67
7371;Inhangapi;PA;Estadual;16;433.62;470.11;451.39;487.84;505.0;469.59
7372;Darcinópolis;TO;Estadual;11;468.03;440.25;451.09;463.0;525.45;469.57
7373;Aquidabã;SE;Estadual;64;441.11;469.12;445.86;453.87;537.81;469.56
7374;Novo Brasil;GO;Estadual;7;422.53;468.27;483.24;453.67;520.0;469.54
7375;Aracatu;BA;Estadual;8;429.01;483.45;442.05;487.84;505.0;469.47
7376;Senador Cortes;MG;Estadual;2;416.2;461.8;421.65;527.65;520.0;469.46
7377;Nova Olinda do Norte;AM;Estadual;79;446.42;462.72;444.46;459.44;533.92;469.39
7378;Timbiras;MA;Estadual;66;432.85;459.62;448.57;466.1;539.7;469.37
7379;Alto Parnaíba;MA;Estadual;52;445.58;465.78;442.48;459.84;533.08;469.35
7380;Nazaré;BA;Estadual;29;453.2;466.33;450.51;458.56;517.93;469.31
7381;São Pedro da Aldeia;RJ;Municipal;1;509.5;503.7;477.1;355.9;500.0;469.24
7382;Pureza;RN;Estadual;10;452.48;459.05;459.44;458.68;516.0;469.13
7383;Capitão Gervásio Oliveira;PI;Estadual;3;415.07;484.4;420.27;479.1;546.67;469.1
7384;Murici dos Portelas;PI;Estadual;4;440.15;492.78;439.95;437.35;535.0;469.04
7385;Flores do Piauí;PI;Estadual;13;475.69;469.98;443.06;464.0;492.31;469.01
7386;Avelino Lopes;PI;Estadual;14;425.35;453.83;452.67;421.66;591.43;468.99
7387;Carandaí;MG;Municipal;1;428.6;409.5;444.2;422.6;640.0;468.98
7388;Japoatã;SE;Estadual;32;443.68;477.36;434.88;444.26;544.38;468.91
7389;Edealina;GO;Estadual;5;474.28;447.48;445.26;437.44;540.0;468.89
7390;Wenceslau Guimarães;BA;Estadual;14;432.76;467.28;461.08;457.4;525.71;468.85
7391;Santa Cecília;PB;Estadual;13;451.68;454.05;446.28;439.44;552.31;468.75
7392;Riachão das Neves;BA;Estadual;27;445.39;458.14;428.75;437.15;574.07;468.7
7393;João Costa;PI;Estadual;3;452.47;420.37;426.47;457.37;586.67;468.67
7394;Herval;RS;Estadual;7;452.41;463.67;442.44;510.07;474.29;468.58
7395;Tapejara;RS;Municipal;1;505.6;503.7;411.4;422.1;500.0;468.56
7396;Anchieta;ES;Municipal;2;440.75;420.45;472.6;438.65;570.0;468.49
7397;São João do Sabugi;RN;Estadual;6;448.03;463.2;459.22;445.33;526.67;468.49
7398;Dirceu Arcoverde;PI;Estadual;5;426.14;492.7;455.92;411.58;556.0;468.47
7399;Santana do Seridó;RN;Estadual;2;464.95;518.1;441.45;497.8;420.0;468.46
7400;Cajapió;MA;Estadual;13;449.72;470.79;444.55;450.95;526.15;468.43
7401;Pacajus;CE;Municipal;3;455.5;462.07;450.37;440.77;533.33;468.41
7402;Aparecida do Rio Negro;TO;Estadual;12;450.33;474.05;418.59;467.38;531.67;468.4
7403;Taperoá;BA;Estadual;8;446.09;459.4;467.62;498.79;470.0;468.38
7404;Miraíma;CE;Estadual;128;437.36;452.41;452.44;474.64;524.53;468.28
7405;Governador Archer;MA;Estadual;16;440.5;452.54;431.94;457.62;558.75;468.27
7406;Branquinha;AL;Estadual;17;443.79;468.74;438.18;451.25;538.82;468.16
7407;Mucurici;ES;Estadual;15;430.98;453.96;454.33;472.19;529.33;468.16
7408;Palmópolis;MG;Estadual;3;465.67;468.8;406.37;499.8;500.0;468.13
7409;Macarani;BA;Estadual;6;445.33;484.43;423.43;483.5;503.33;468.01
7410;Aurelino Leal;BA;Estadual;23;456.12;475.17;460.64;446.32;501.74;468.0
7411;Vila Flor;RN;Estadual;5;468.76;463.44;489.4;397.96;520.0;467.91
7412;Barra de Santa Rosa;PB;Estadual;44;447.23;453.48;451.57;458.44;528.64;467.87
7413;Coari;AM;Estadual;128;437.82;452.01;452.05;465.23;532.19;467.86
7414;São Raimundo do Doca Bezerra;MA;Estadual;10;432.0;457.6;442.49;475.1;532.0;467.84
7415;Flexeiras;AL;Municipal;1;435.8;385.5;449.5;568.0;500.0;467.76
7416;Wanderley;BA;Estadual;13;432.79;470.58;447.82;446.03;541.54;467.75
7417;Araguapaz;GO;Estadual;8;442.19;447.66;430.38;456.0;562.5;467.74
7418;Santana do São Francisco;SE;Estadual;9;457.38;465.87;451.31;497.38;466.67;467.72
7419;Alenquer;PA;Municipal;7;432.1;446.21;462.36;449.31;548.57;467.71
7420;Paratinga;BA;Municipal;19;443.93;453.49;445.55;437.66;557.89;467.7
7421;Chorozinho;CE;Estadual;119;447.79;466.43;445.76;468.74;509.75;467.69
7422;São José da Bela Vista;SP;Estadual;4;494.88;492.98;439.65;440.72;470.0;467.65
7423;Engenho Velho;RS;Estadual;3;482.27;448.87;503.4;430.4;473.33;467.65
7424;São José do Goiabal;MG;Estadual;5;487.7;477.42;422.52;430.62;520.0;467.65
7425;Colina;SP;Estadual;8;488.38;467.48;461.72;475.46;445.0;467.61
7426;Santo Antônio do Tauá;PA;Estadual;26;452.83;487.55;445.51;439.03;513.08;467.6
7427;Caldeirão Grande;BA;Estadual;5;426.58;460.94;449.16;473.16;528.0;467.57
7428;Itajá;GO;Estadual;1;495.8;510.8;437.3;413.6;480.0;467.5
7429;Euclides da Cunha;BA;Municipal;1;452.2;509.8;398.9;516.0;460.0;467.38
7430;Itacajá;TO;Estadual;24;445.92;465.86;440.88;480.83;503.33;467.36
7431;Xexéu;PE;Estadual;12;466.23;467.16;451.61;461.63;490.0;467.33
7432;Bonito;PE;Municipal;2;469.75;458.7;463.5;384.55;560.0;467.3
7433;Limoeiro do Ajuru;PA;Municipal;9;421.16;448.04;446.44;436.38;584.44;467.29
7434;Mirinzal;MA;Estadual;28;438.36;454.18;447.91;462.39;533.57;467.28
7435;Buritirana;MA;Estadual;28;445.17;462.39;444.05;448.53;535.71;467.17
7436;Ararendá;CE;Estadual;132;443.55;457.1;446.53;458.7;529.85;467.14
7437;Barra de São Miguel;AL;Estadual;20;455.16;438.76;445.06;453.6;543.0;467.12
7438;Juvenília;MG;Estadual;7;441.11;464.01;444.17;469.04;517.14;467.1
7439;Santo Hipólito;MG;Estadual;1;471.7;489.6;514.6;379.5;480.0;467.08
7440;Caiuá;SP;Estadual;10;455.48;462.02;461.09;480.28;476.0;466.97
7441;Chaves;PA;Estadual;9;399.32;462.4;439.76;453.38;580.0;466.97
7442;Porto de Pedras;AL;Estadual;14;469.99;471.08;448.18;441.31;504.29;466.97
7443;Senador Rui Palmeira;AL;Estadual;13;433.22;455.08;439.44;511.58;495.38;466.94
7444;Itatiba;SP;Municipal;1;482.5;540.8;464.0;467.1;380.0;466.88
7445;Quixadá;CE;Municipal;6;452.32;470.45;477.15;471.1;463.33;466.87
7446;Peixe;TO;Estadual;9;438.33;460.53;451.3;432.6;551.11;466.78
7447;Riachinho;TO;Estadual;14;419.92;424.15;464.17;476.6;548.57;466.68
7448;Mascote;BA;Estadual;14;451.53;455.96;447.71;447.88;530.0;466.61
7449;Arroio Trinta;SC;Estadual;8;445.8;463.28;447.0;456.76;520.0;466.57
7450;Benjamin Constant do Sul;RS;Estadual;3;422.43;413.47;513.37;443.1;540.0;466.47
7451;Itupiranga;PA;Municipal;1;462.3;511.1;437.2;381.4;540.0;466.4
7452;Laranjal do Jari;AP;Estadual;22;469.6;469.11;450.19;438.2;504.55;466.33
7453;Jucuruçu;BA;Estadual;6;480.08;471.0;462.07;448.43;470.0;466.32
7454;Itapevi;SP;Municipal;2;458.2;511.1;456.2;496.0;410.0;466.3
7455;São Luís;MA;Municipal;2;468.15;494.05;415.5;493.65;460.0;466.27
7456;Pau Brasil;BA;Estadual;6;452.58;476.1;468.63;430.63;503.33;466.26
7457;Lagoa do Tocantins;TO;Estadual;8;421.75;470.51;446.08;447.92;545.0;466.25
7458;Utinga;BA;Municipal;1;407.9;480.0;416.1;527.2;500.0;466.24
7459;Viseu;PA;Estadual;78;438.44;466.07;443.97;439.17;543.08;466.15
7460;Souto Soares;BA;Estadual;7;444.1;464.46;426.56;452.71;542.86;466.14
7461;Itaju do Colônia;BA;Estadual;7;451.11;417.87;466.49;494.59;500.0;466.01
7462;Paraibano;MA;Estadual;29;437.86;452.76;456.65;475.22;507.59;466.01
7463;Anapurus;MA;Estadual;26;443.7;462.11;447.18;469.22;507.69;465.98
7464;Governador Newton Bello;MA;Estadual;17;418.82;437.49;455.88;435.03;582.35;465.91
7465;Borba;AM;Estadual;82;450.15;462.41;441.37;446.7;528.54;465.83
7466;Orizânia;MG;Municipal;1;414.2;465.8;394.0;515.0;540.0;465.8
7467;Ouro Velho;PB;Estadual;4;450.48;445.62;416.35;451.2;565.0;465.73
7468;Marajá do Sena;MA;Estadual;7;429.91;467.19;462.4;437.69;531.43;465.72
7469;Tanquinho;BA;Estadual;7;471.09;477.4;437.7;453.49;488.57;465.65
7470;Sapeaçu;BA;Estadual;37;446.06;475.16;460.28;455.91;490.81;465.64
7471;Minador do Negrão;AL;Estadual;24;435.15;430.26;441.16;469.92;551.67;465.63
7472;Palmeira do Piauí;PI;Estadual;14;436.35;450.85;440.83;458.49;541.43;465.59
7473;Ibipitanga;BA;Municipal;2;437.0;464.6;441.3;455.0;530.0;465.58
7474;Jundiá;RN;Estadual;2;455.9;458.0;574.35;449.6;390.0;465.57
7475;Matrinchã;GO;Estadual;10;455.43;425.22;452.42;428.31;566.0;465.48
7476;Formoso do Araguaia;TO;Estadual;17;452.82;460.33;434.95;444.64;534.12;465.37
7477;São Romão;MG;Estadual;10;436.49;468.88;458.05;413.21;550.0;465.33
7478;Sabará;MG;Municipal;1;432.1;524.9;472.4;537.2;360.0;465.32
7479;Buriti do Tocantins;TO;Estadual;10;451.38;456.28;453.82;452.94;512.0;465.28
7480;Capela;SE;Estadual;56;438.58;468.43;433.92;449.05;536.43;465.28
7481;Montezuma;MG;Estadual;14;436.76;467.08;441.65;472.31;508.57;465.27
7482;São João Batista;MA;Estadual;17;419.6;473.07;458.46;474.45;500.0;465.12
7483;Itaipava do Grajaú;MA;Estadual;23;435.41;458.47;441.2;452.18;538.26;465.11
7484;Itainópolis;PI;Municipal;1;413.4;511.9;477.8;382.2;540.0;465.06
7485;Mato Castelhano;RS;Estadual;5;454.22;494.74;441.02;443.14;492.0;465.02
7486;Araguacema;TO;Estadual;10;437.73;473.08;428.09;431.93;554.0;464.97
7487;Aguiarnópolis;TO;Estadual;12;440.29;462.47;449.42;464.32;508.33;464.97
7488;Cachoeirinha;RS;Municipal;2;410.95;441.5;440.4;521.95;510.0;464.96
7489;Barro Preto;BA;Estadual;7;421.71;495.4;447.69;425.54;534.29;464.93
7490;São Pedro da Cipa;MT;Estadual;8;431.24;466.84;441.15;487.71;497.5;464.89
7491;Boa Vista do Ramos;AM;Estadual;35;437.73;443.05;436.05;451.89;555.43;464.83
7492;Borba;AM;Municipal;1;441.6;476.6;379.7;446.2;580.0;464.82
7493;Itapuã do Oeste;RO;Estadual;25;455.37;476.24;445.33;475.88;471.2;464.81
7494;Orocó;PE;Estadual;48;439.59;455.51;432.62;458.92;537.08;464.75
7495;Cássia dos Coqueiros;SP;Estadual;2;435.95;499.55;436.9;501.35;450.0;464.75
7496;Maranhãozinho;MA;Estadual;14;441.5;447.01;444.22;433.62;557.14;464.7
7497;Jardinópolis;SC;Estadual;4;404.35;449.55;445.2;474.33;550.0;464.68
7498;Santo Antônio dos Lopes;MA;Estadual;17;421.11;466.31;464.54;435.75;535.29;464.6
7499;Cristinápolis;SE;Estadual;41;447.08;483.75;447.03;442.47;502.44;464.56
7500;Catuji;MG;Estadual;13;444.76;449.08;438.15;469.08;521.54;464.52
7501;Sítio do Mato;BA;Estadual;23;437.98;461.41;443.54;456.86;522.61;464.48
7502;Luziânia;GO;Municipal;1;589.2;561.8;470.3;400.7;300.0;464.4
7503;Lagoa da Confusão;TO;Estadual;16;457.86;470.68;451.93;476.44;465.0;464.38
7504;São Geraldo do Baixio;MG;Estadual;4;466.22;449.28;492.25;438.95;475.0;464.34
7505;Bagre;PA;Estadual;15;427.23;458.32;437.61;423.83;574.67;464.33
7506;Tapiramutá;BA;Estadual;30;445.2;463.73;442.31;460.87;509.33;464.29
7507;Nossa Senhora Aparecida;SE;Privada;1;397.2;463.0;469.1;392.0;600.0;464.26
7508;Goiana;PE;Municipal;1;479.4;434.0;416.9;451.0;540.0;464.26
7509;Maruim;SE;Estadual;12;438.81;464.22;449.62;460.18;508.33;464.23
7510;Canápolis;BA;Estadual;13;435.62;441.42;447.83;438.97;556.92;464.15
7511;Calçoene;AP;Estadual;16;457.76;469.18;428.86;442.24;522.5;464.11
7512;Satubinha;MA;Estadual;23;440.35;463.7;461.47;438.21;516.52;464.05
7513;Dobrada;SP;Estadual;4;491.62;478.7;441.08;433.82;475.0;464.04
7514;Pariconha;AL;Estadual;30;447.43;464.44;442.07;453.59;512.67;464.04
7515;Capistrano;CE;Estadual;74;440.85;460.49;451.69;466.65;500.27;463.99
7516;Crixás do Tocantins;TO;Estadual;6;416.57;422.4;452.22;488.72;540.0;463.98
7517;Ibema;PR;Estadual;4;418.88;471.35;434.68;509.7;485.0;463.92
7518;Andorinha;BA;Estadual;6;467.38;477.37;433.82;437.65;503.33;463.91
7519;Iracema do Oeste;PR;Estadual;4;451.95;441.65;439.52;476.2;510.0;463.86
7520;Cornélio Procópio;PR;Municipal;1;507.3;463.6;483.2;484.8;380.0;463.78
7521;Divina Pastora;SE;Estadual;11;439.02;452.8;450.05;451.46;525.45;463.76
7522;Nova Iorque;MA;Estadual;13;413.27;431.61;455.91;451.72;566.15;463.73
7523;Serra do Ramalho;BA;Estadual;19;449.08;468.48;458.41;454.19;488.42;463.72
7524;Vila Boa;GO;Estadual;14;437.32;464.55;439.62;467.04;510.0;463.71
7525;Sandolândia;TO;Estadual;10;434.13;428.08;479.99;458.21;518.0;463.68
7526;Inaciolândia;GO;Estadual;15;444.35;487.67;458.33;474.49;453.33;463.64
7527;Gavião;BA;Estadual;1;488.8;569.4;444.3;475.2;340.0;463.54
7528;Corrente;PI;Estadual;54;421.98;440.28;438.83;445.4;571.11;463.52
7529;Santa Maria do Salto;MG;Estadual;1;461.6;396.4;373.3;486.0;600.0;463.46
7530;São Francisco do Maranhão;MA;Estadual;10;448.09;452.49;440.47;431.88;544.0;463.39
7531;Brejo dos Santos;PB;Estadual;16;454.04;435.79;451.18;449.66;526.25;463.38
7532;Ponto Novo;BA;Estadual;8;452.16;462.59;456.72;470.45;475.0;463.38
7533;Nhamundá;AM;Estadual;66;424.96;464.38;447.31;456.86;523.33;463.37
7534;Barão de Melgaço;MT;Estadual;8;436.6;446.61;449.35;466.48;517.5;463.31
7535;Sebastião Barros;PI;Estadual;4;436.62;443.12;436.5;455.3;545.0;463.31
7536;Rondonópolis;MT;Municipal;1;491.5;447.5;503.0;374.5;500.0;463.3
7537;Araguanã;MA;Estadual;6;406.77;434.13;433.28;455.3;586.67;463.23
7538;São João da Ponte;MG;Municipal;1;392.9;415.4;457.9;449.8;600.0;463.2
7539;Eldorado do Carajás;PA;Estadual;18;435.49;455.87;465.96;467.52;491.11;463.19
7540;Mirangaba;BA;Estadual;9;459.17;447.82;453.78;444.07;511.11;463.19
7541;Bragança;PA;Municipal;10;440.81;465.52;443.27;472.3;494.0;463.18
7542;Luzinópolis;TO;Estadual;10;423.75;447.32;442.96;495.42;506.0;463.09
7543;Gouvelândia;GO;Estadual;2;457.2;507.05;472.35;428.85;450.0;463.09
7544;Porto;PI;Municipal;1;432.7;480.7;473.5;408.4;520.0;463.06
7545;Marcos Parente;PI;Estadual;3;456.9;502.8;422.03;453.43;480.0;463.03
7546;Pedras de Fogo;PB;Estadual;33;462.87;467.72;445.26;434.42;504.85;463.02
7547;Botucatu;SP;Municipal;1;459.8;509.0;442.4;423.8;480.0;463.0
7548;Pimenteiras do Oeste;RO;Estadual;3;455.63;487.13;452.63;519.07;400.0;462.89
7549;Xapuri;AC;Estadual;15;445.73;440.59;453.79;434.3;540.0;462.88
7550;Faro;PA;Estadual;20;426.13;468.79;436.49;437.45;545.0;462.77
7551;São José do Peixe;PI;Estadual;11;405.79;452.94;432.3;448.25;574.55;462.76
7552;São Paulo de Olivença;AM;Estadual;71;441.22;464.68;444.08;439.52;523.94;462.69
7553;Ponto Belo;ES;Estadual;9;460.53;507.52;454.07;426.8;464.44;462.67
7554;Taipu;RN;Estadual;15;439.6;463.12;444.61;445.73;520.0;462.61
7555;Santa Isabel do Rio Negro;AM;Estadual;14;448.19;473.38;447.81;416.41;527.14;462.58
7556;Barra de Guabiraba;PE;Estadual;29;448.63;452.42;449.3;449.62;512.41;462.48
7557;Benedito Leite;MA;Estadual;17;409.76;438.84;438.86;448.39;576.47;462.46
7558;Nova Ibiá;BA;Estadual;3;430.5;487.2;462.5;438.67;493.33;462.44
7559;Castanhal;PA;Municipal;5;422.32;422.54;450.36;460.08;556.0;462.26
7560;Rubelita;MG;Estadual;12;454.18;432.94;435.2;467.22;521.67;462.24
7561;Itamarati;AM;Estadual;21;418.18;440.97;439.36;445.89;566.67;462.21
7562;Gongogi;BA;Estadual;2;434.45;400.35;530.5;445.55;500.0;462.17
7563;Itapitanga;BA;Estadual;16;431.24;465.04;455.49;478.3;480.0;462.01
7564;Rochedo;MS;Estadual;3;436.27;486.93;459.0;487.8;440.0;462.0
7565;Senhora do Porto;MG;Estadual;6;434.17;491.82;439.48;444.22;500.0;461.94
7566;Conceição do Araguaia;PA;Municipal;3;432.73;393.53;454.0;422.73;606.67;461.93
7567;Caapiranga;AM;Estadual;49;439.04;447.25;443.53;450.4;529.39;461.92
7568;Igrapiúna;BA;Privada;2;422.7;430.75;496.65;429.25;530.0;461.87
7569;Cacimbas;PB;Estadual;10;407.55;459.63;435.6;446.37;560.0;461.83
7570;Cantanhede;MA;Estadual;15;421.87;475.6;445.32;460.98;505.33;461.82
7571;Jutaí;AM;Estadual;25;453.82;451.62;451.49;429.78;522.4;461.82
7572;Oiapoque;AP;Estadual;44;436.18;459.71;444.18;428.82;539.55;461.69
7573;Juarina;TO;Estadual;6;410.2;465.32;437.98;438.03;556.67;461.64
7574;Umari;CE;Estadual;15;455.75;437.69;448.82;464.34;501.33;461.59
7575;Uirapuru;GO;Estadual;7;450.17;492.01;451.83;428.17;485.71;461.58
7576;Prata do Piauí;PI;Estadual;7;427.0;454.59;438.16;465.27;522.86;461.57
7577;São Luís Gonzaga do Maranhão;MA;Estadual;51;426.22;461.94;442.5;445.36;531.76;461.56
7578;Lagoa do Mato;MA;Estadual;24;442.52;456.21;433.04;439.87;535.83;461.49
7579;Rio Quente;GO;Estadual;23;446.09;461.23;438.8;449.17;512.17;461.49
7580;Belém;AL;Estadual;22;444.47;467.25;459.13;462.0;474.55;461.48
7581;Boa Nova;BA;Municipal;2;394.3;473.45;458.35;441.05;540.0;461.43
7582;Correntina;BA;Municipal;1;456.3;435.2;460.0;415.0;540.0;461.3
7583;Mirador;MA;Estadual;13;428.82;429.04;430.58;453.24;564.62;461.26
7584;Melgaço;PA;Estadual;77;424.79;454.76;436.66;446.96;543.12;461.26
7585;Vila Lângaro;RS;Estadual;3;397.07;443.47;460.57;471.8;533.33;461.25
7586;Estrela de Alagoas;AL;Estadual;23;439.64;458.93;434.79;444.03;528.7;461.22
7587;Nossa Senhora dos Remédios;PI;Municipal;3;421.9;417.07;465.07;501.67;500.0;461.14
7588;Santana do Cariri;CE;Estadual;24;437.17;464.94;440.45;480.45;482.5;461.1
7589;Poço Redondo;SE;Estadual;30;456.67;468.2;454.34;455.33;470.67;461.04
7590;Barro Duro;PI;Estadual;9;464.47;449.98;448.44;437.68;504.44;461.0
7591;Abel Figueiredo;PA;Estadual;2;507.4;462.35;441.95;422.85;470.0;460.91
7592;Itamari;BA;Estadual;11;466.73;468.36;423.65;443.92;501.82;460.9
7593;Celso Ramos;SC;Estadual;1;391.2;505.3;571.2;476.6;360.0;460.86
7594;Angical do Piauí;PI;Estadual;17;436.55;450.06;453.34;434.84;529.41;460.84
7595;Barras;PI;Municipal;1;482.9;481.3;379.8;379.7;580.0;460.74
7596;Anajás;PA;Estadual;42;447.81;439.99;449.53;441.96;524.29;460.72
7597;Santa Ernestina;SP;Estadual;1;446.6;489.4;480.1;447.3;440.0;460.68
7598;Parari;PB;Estadual;6;411.35;471.13;438.53;432.23;550.0;460.65
7599;Milton Brandão;PI;Estadual;15;452.12;465.68;436.81;449.97;498.67;460.65
7600;Nova Ubiratã;MT;Municipal;1;432.1;478.9;427.0;405.2;560.0;460.64
7601;São José dos Ramos;PB;Municipal;2;460.7;484.8;498.4;389.1;470.0;460.6
7602;Riacho Frio;PI;Municipal;1;409.6;421.3;381.0;450.6;640.0;460.5
7603;Boqueirão do Piauí;PI;Estadual;26;442.44;469.91;446.19;440.76;503.08;460.47
7604;São Francisco do Conde;BA;Estadual;18;453.79;463.07;441.86;453.48;490.0;460.44
7605;São Gabriel;RS;Municipal;2;402.4;476.55;469.8;423.3;530.0;460.41
7606;Novo Santo Antônio;MT;Estadual;5;440.02;423.24;416.86;461.64;560.0;460.35
7607;Vila Bela da Santíssima Trindade;MT;Municipal;2;450.6;487.5;454.6;449.0;460.0;460.34
7608;Monte das Gameleiras;RN;Estadual;6;438.67;447.43;438.68;450.18;526.67;460.33
7609;Nova Fátima;BA;Estadual;9;420.74;452.48;431.21;506.01;491.11;460.31
7610;Vitória do Xingu;PA;Municipal;13;436.32;455.73;449.26;414.03;546.15;460.3
7611;Unaí;MG;Municipal;1;515.3;453.7;437.4;414.4;480.0;460.16
7612;Santo Antônio da Barra;GO;Estadual;15;439.69;433.19;459.54;467.94;500.0;460.07
7613;Miracatu;SP;Municipal;1;538.5;479.7;397.6;424.3;460.0;460.02
7614;Juazeiro;BA;Municipal;2;421.8;449.65;462.05;456.45;510.0;459.99
7615;São José do Xingu;MT;Estadual;3;447.7;419.0;452.73;453.63;526.67;459.95
7616;Campo Grande;RN;Estadual;11;431.37;450.62;447.15;437.87;532.73;459.95
7617;Amapá do Maranhão;MA;Estadual;4;447.22;449.05;437.8;450.22;515.0;459.86
7618;Tupã;SP;Municipal;1;464.1;425.7;446.3;423.2;540.0;459.86
7619;Aurora do Tocantins;TO;Estadual;17;421.36;474.47;440.04;438.08;524.71;459.73
7620;Buriticupu;MA;Privada;1;477.4;409.3;410.7;400.6;600.0;459.6
7621;Mirassolândia;SP;Estadual;2;437.3;485.9;401.8;452.8;520.0;459.56
7622;Urbano Santos;MA;Municipal;1;277.1;475.2;422.7;382.8;740.0;459.56
7623;São João de Pirabas;PA;Municipal;2;472.05;488.3;413.1;474.25;450.0;459.54
7624;Mata Roma;MA;Estadual;33;427.49;455.56;437.63;446.0;530.91;459.52
7625;Graça;CE;Estadual;61;450.49;466.91;442.55;463.5;473.77;459.44
7626;Itanagra;BA;Estadual;12;457.96;458.92;439.53;427.32;513.33;459.42
7627;Brejo Grande;SE;Estadual;20;438.3;453.86;439.74;447.16;518.0;459.41
7628;Laranjeiras;SE;Estadual;25;460.05;455.74;457.64;428.88;494.4;459.34
7629;Barra do Ouro;TO;Estadual;11;442.55;462.88;422.87;447.95;520.0;459.25
7630;Santa Filomena do Maranhão;MA;Estadual;2;464.0;427.55;432.45;492.05;480.0;459.21
7631;São João das Missões;MG;Estadual;14;442.81;460.94;450.78;441.53;500.0;459.21
7632;Alvarães;AM;Estadual;58;432.28;453.78;440.63;441.76;527.59;459.21
7633;Juazeiro do Norte;CE;Municipal;2;437.5;465.7;418.95;373.6;600.0;459.15
7634;Esperantina;PI;Municipal;1;458.6;472.8;455.8;408.3;500.0;459.1
7635;Girau do Ponciano;AL;Municipal;1;487.9;484.3;458.2;424.4;440.0;458.96
7636;Jatobá;MA;Estadual;6;421.52;426.55;451.58;405.03;590.0;458.94
7637;Xambrê;PR;Estadual;1;446.1;415.0;465.1;488.0;480.0;458.84
7638;Palmelo;GO;Estadual;3;451.73;464.77;453.43;430.87;493.33;458.83
7639;Antônio Prado;RS;Privada;1;499.6;478.3;427.1;488.8;400.0;458.76
7640;Alto Boa Vista;MT;Estadual;5;419.5;446.28;460.56;431.24;536.0;458.72
7641;Aparecida do Rio Doce;GO;Estadual;16;434.68;441.15;452.18;449.21;516.25;458.69
7642;Senador Georgino Avelino;RN;Estadual;8;425.34;452.05;439.49;431.24;545.0;458.62
7643;Balsas;MA;Municipal;7;435.5;435.34;430.14;454.8;537.14;458.59
7644;Monteirópolis;AL;Estadual;13;435.33;439.7;435.82;454.39;527.69;458.59
7645;Santa Gertrudes;SP;Municipal;1;452.7;499.9;408.7;411.6;520.0;458.58
7646;Porto Seguro;BA;Municipal;2;448.05;442.25;401.6;470.65;530.0;458.51
7647;São Braz do Piauí;PI;Estadual;5;449.14;457.38;432.38;401.04;552.0;458.39
7648;Viseu;PA;Municipal;10;463.27;470.91;434.91;436.71;486.0;458.36
7649;Parintins;AM;Municipal;3;434.57;436.17;462.27;471.93;486.67;458.32
7650;Coqueiro Seco;AL;Estadual;2;478.95;395.0;425.9;501.4;490.0;458.25
7651;Ruy Barbosa;RN;Estadual;4;452.1;464.3;456.4;443.42;475.0;458.24
7652;Fonte Boa;AM;Estadual;38;440.49;449.03;448.12;445.13;508.42;458.24
7653;São Félix do Xingu;PA;Municipal;8;419.59;447.11;446.6;427.38;550.0;458.14
7654;Nina Rodrigues;MA;Estadual;7;454.89;451.36;478.67;465.71;440.0;458.13
7655;Santa Rita;MA;Municipal;1;421.6;424.6;382.7;361.7;700.0;458.12
7656;Uarini;AM;Estadual;24;444.51;454.28;450.07;449.21;492.5;458.11
7657;Santa Inês;BA;Estadual;16;435.24;468.26;450.7;447.54;488.75;458.1
7658;Estrela d'Oeste;SP;Estadual;6;419.45;452.48;438.05;516.08;463.33;457.88
7659;Silvianópolis;MG;Estadual;1;416.0;535.8;396.0;540.6;400.0;457.68
7660;Porto Estrela;MT;Estadual;7;440.06;469.86;418.74;422.6;537.14;457.68
7661;São José das Palmeiras;PR;Estadual;1;455.6;501.2;469.8;381.6;480.0;457.64
7662;Amapá;AP;Estadual;16;419.18;434.46;439.28;483.99;511.25;457.63
7663;Bacuri;MA;Estadual;27;417.2;447.79;450.88;438.89;533.33;457.62
7664;Nazaré do Piauí;PI;Estadual;7;440.03;446.7;429.64;477.24;494.29;457.58
7665;Capão Bonito do Sul;RS;Estadual;2;444.2;464.8;446.9;451.9;480.0;457.56
7666;Canoinhas;SC;Municipal;1;505.5;469.0;433.5;379.7;500.0;457.54
7667;Vista Alegre;RS;Estadual;3;436.13;423.5;429.27;465.37;533.33;457.52
7668;Campo Largo do Piauí;PI;Estadual;13;437.52;443.13;454.09;489.12;463.08;457.39
7669;Recife;PE;Municipal;2;433.0;415.25;435.45;502.85;500.0;457.31
7670;Afonso Cunha;MA;Estadual;36;427.83;450.16;458.87;430.7;518.89;457.29
7671;Chaves;PA;Municipal;1;332.6;494.5;486.8;532.1;440.0;457.2
7672;Piçarra;PA;Estadual;18;431.76;448.26;441.13;448.19;516.67;457.2
7673;Muquém do São Francisco;BA;Estadual;9;439.41;452.77;440.18;437.81;515.56;457.14
7674;Montanha;ES;Privada;1;433.8;507.9;464.0;380.0;500.0;457.14
7675;Nossa Senhora do Livramento;MT;Estadual;25;445.57;479.6;439.71;438.96;481.6;457.09
7676;Normandia;RR;Estadual;5;432.56;489.02;426.5;409.1;528.0;457.04
7677;Araguaiana;MT;Estadual;4;444.52;462.38;431.22;451.35;495.0;456.9
7678;América Dourada;BA;Municipal;1;432.3;477.8;440.4;573.0;360.0;456.7
7679;Tubarão;SC;Municipal;1;480.1;512.6;419.8;391.0;480.0;456.7
7680;Babaçulândia;TO;Estadual;16;427.32;444.54;447.96;441.46;521.25;456.51
7681;Buriti Bravo;MA;Privada;3;451.2;442.57;439.73;481.93;466.67;456.42
7682;Palma;MG;Estadual;3;403.2;410.97;396.03;457.77;613.33;456.26
7683;Serra do Navio;AP;Estadual;6;447.73;490.67;421.53;421.35;500.0;456.26
7684;Lizarda;TO;Municipal;1;429.3;451.8;428.2;392.0;580.0;456.26
7685;São Francisco de Goiás;GO;Estadual;11;470.86;455.12;427.75;474.58;452.73;456.21
7686;Duque Bacelar;MA;Estadual;13;414.96;440.01;435.77;439.14;550.77;456.13
7687;Amaturá;AM;Estadual;21;435.08;458.42;441.29;442.03;502.86;455.93
7688;Monte Alegre de Minas;MG;Municipal;1;443.7;493.2;435.3;447.3;460.0;455.9
7689;Caraúbas do Piauí;PI;Estadual;8;452.26;459.81;445.3;409.48;512.5;455.87
7690;Presidente Alves;SP;Estadual;2;467.6;481.95;427.05;412.6;490.0;455.84
7691;Prainha;PA;Estadual;30;423.47;454.76;457.03;435.81;508.0;455.82
7692;Lagoa de Dentro;PB;Estadual;12;433.57;439.27;440.01;442.78;523.33;455.79
7693;Itaubal;AP;Estadual;4;443.72;450.75;422.7;471.25;490.0;455.68
7694;Ponte Alta do Tocantins;TO;Estadual;13;443.05;460.38;436.89;441.11;496.92;455.67
7695;Boa Vista do Gurupi;MA;Estadual;13;437.88;454.54;427.57;458.31;500.0;455.66
7696;Lamarão;BA;Estadual;8;429.19;458.51;470.2;422.59;497.5;455.6
7697;Guararema;SP;Municipal;1;476.2;481.8;443.8;395.8;480.0;455.52
7698;Rio Grande do Piauí;PI;Estadual;16;422.76;461.06;438.53;466.25;488.75;455.47
7699;Eliseu Martins;PI;Estadual;5;459.24;468.92;451.6;445.48;452.0;455.45
7700;Porto Alegre do Tocantins;TO;Estadual;11;413.17;445.67;456.7;461.32;500.0;455.37
7701;Campinaçu;GO;Estadual;8;440.28;455.48;432.16;453.9;495.0;455.36
7702;Cortês;PE;Estadual;16;425.71;451.94;447.36;427.98;523.75;455.35
7703;Montividiu do Norte;GO;Estadual;3;472.77;483.73;458.53;428.23;433.33;455.32
7704;Filadélfia;TO;Estadual;9;455.89;444.87;429.3;448.18;497.78;455.2
7705;Coronel Pacheco;MG;Estadual;4;443.78;438.12;444.55;444.38;505.0;455.16
7706;Umirim;CE;Estadual;76;436.85;458.26;448.52;454.32;477.63;455.12
7707;Centro do Guilherme;MA;Estadual;18;406.51;454.15;452.51;475.3;486.67;455.03
7708;Santa Isabel do Ivaí;PR;Estadual;8;461.86;439.68;436.14;484.11;452.5;454.86
7709;Serrano do Maranhão;MA;Estadual;8;388.01;462.02;442.91;411.34;570.0;454.86
7710;Presidente Juscelino;MA;Estadual;10;438.07;460.33;421.73;403.43;550.0;454.71
7711;Arraial;PI;Estadual;12;416.25;458.69;449.36;435.11;513.33;454.55
7712;Pedro Avelino;RN;Estadual;4;400.25;423.15;428.78;530.15;490.0;454.46
7713;Rosário;MA;Estadual;61;424.52;443.53;437.78;444.07;522.3;454.44
7714;Bom Jesus;SC;Estadual;1;469.9;464.1;397.1;380.8;560.0;454.38
7715;Japurá;AM;Estadual;16;444.61;450.24;428.54;438.39;510.0;454.36
7716;Buriti de Goiás;GO;Estadual;9;438.63;461.34;430.17;434.83;506.67;454.33
7717;Gracho Cardoso;SE;Estadual;17;432.38;447.92;443.48;448.95;498.82;454.31
7718;João Dourado;BA;Municipal;1;383.0;444.8;462.2;401.2;580.0;454.24
7719;Icatu;MA;Estadual;24;417.45;459.55;447.21;465.27;481.67;454.23
7720;Alvinlândia;SP;Estadual;3;478.93;459.97;442.07;416.63;473.33;454.19
7721;São Sebastião do Uatumã;AM;Estadual;31;436.81;442.15;425.11;433.82;532.9;454.16
7722;Goiatins;TO;Estadual;28;423.52;439.8;439.56;467.59;500.0;454.1
7723;Tonantins;AM;Estadual;30;420.05;442.04;440.24;438.79;529.33;454.09
7724;Cariri do Tocantins;TO;Estadual;9;409.98;477.68;431.54;451.06;500.0;454.05
7725;Itaporã do Tocantins;TO;Estadual;3;426.1;415.97;474.07;427.17;526.67;453.99
7726;São Pedro da Água Branca;MA;Municipal;1;472.4;409.8;391.8;515.9;480.0;453.98
7727;Magalhães de Almeida;MA;Estadual;35;436.43;433.32;432.46;448.85;518.86;453.98
7728;Bonfim;RR;Estadual;10;449.66;458.77;431.72;441.17;488.0;453.86
7729;Silves;AM;Estadual;37;438.28;453.65;446.88;448.49;481.62;453.79
7730;Juazeiro do Piauí;PI;Estadual;4;444.08;438.35;465.18;466.15;455.0;453.75
7731;Palmeiras do Tocantins;TO;Estadual;6;428.02;417.47;443.23;453.05;526.67;453.69
7732;Palmeirândia;MA;Estadual;15;445.2;440.2;417.38;454.13;510.67;453.51
7733;Icatu;MA;Municipal;5;431.62;489.9;436.72;421.22;488.0;453.49
7734;Rio da Conceição;TO;Estadual;3;476.27;457.4;425.07;387.6;520.0;453.27
7735;Ipixuna;AM;Estadual;31;430.43;445.27;461.68;429.52;498.71;453.12
7736;Angical;BA;Estadual;5;433.66;438.9;452.12;444.36;496.0;453.01
7737;Jangada;MT;Estadual;26;436.45;442.47;452.67;437.89;495.38;452.97
7738;Pedra;PE;Municipal;1;415.6;374.4;485.4;449.4;540.0;452.96
7739;Bacurituba;MA;Estadual;33;429.56;457.22;440.99;427.16;509.7;452.92
7740;São Pedro;RN;Estadual;9;420.96;446.99;461.56;446.11;488.89;452.9
7741;Aral Moreira;MS;Estadual;10;437.36;466.23;434.12;430.7;496.0;452.88
7742;Canhoba;SE;Estadual;2;429.85;486.75;416.1;391.65;540.0;452.87
7743;Sítio Novo do Tocantins;TO;Estadual;7;450.49;454.41;424.61;431.67;502.86;452.81
7744;Angico;TO;Estadual;6;447.27;430.98;412.9;456.05;516.67;452.77
7745;Lagoinha do Piauí;PI;Estadual;4;425.5;437.98;409.5;435.32;555.0;452.66
7746;Nilo Peçanha;BA;Estadual;4;421.65;438.85;465.82;446.02;490.0;452.47
7747;Pau D'Arco;PA;Municipal;1;404.3;420.9;398.1;518.9;520.0;452.44
7748;Júlio Borges;PI;Estadual;7;416.63;451.79;429.84;466.56;497.14;452.39
7749;Santana do Acaraú;CE;Municipal;1;428.8;414.2;458.8;399.8;560.0;452.32
7750;Muricilândia;TO;Estadual;6;428.87;435.25;445.33;458.13;493.33;452.18
7751;Cutias;AP;Estadual;4;444.45;440.52;438.78;411.72;525.0;452.1
7752;Matões do Norte;MA;Estadual;15;435.96;469.4;447.4;441.75;465.33;451.97
7753;Bom Jesus das Selvas;MA;Privada;1;407.9;484.5;463.9;443.1;460.0;451.88
7754;Campinas do Piauí;PI;Estadual;3;426.77;477.47;411.97;489.67;453.33;451.84
7755;Serra Redonda;PB;Estadual;10;433.38;466.44;422.83;437.69;498.0;451.67
7756;Boninal;BA;Municipal;3;458.5;456.57;392.6;462.63;486.67;451.39
7757;Cachoeirinha;TO;Estadual;8;438.49;444.51;422.86;438.56;512.5;451.38
7758;São Valério;TO;Estadual;11;422.89;451.91;433.45;448.61;498.18;451.01
7759;Palestina do Pará;PA;Estadual;4;435.65;449.5;455.88;424.0;490.0;451.0
7760;Nova Crixás;GO;Estadual;17;437.03;447.91;451.24;458.74;460.0;450.98
7761;Aporé;GO;Estadual;5;394.44;469.18;454.84;484.32;452.0;450.96
7762;Curral Velho;PB;Estadual;4;442.22;417.62;477.58;466.78;450.0;450.84
7763;Chorrochó;BA;Estadual;6;405.65;431.03;411.47;454.53;550.0;450.54
7764;Cruzmaltina;PR;Estadual;1;453.3;514.6;454.2;430.6;400.0;450.54
7765;Pacatuba;SE;Estadual;20;431.38;437.66;437.76;454.68;491.0;450.49
7766;Jeriquara;SP;Estadual;11;451.63;456.85;445.75;441.73;456.36;450.46
7767;São João da Paraúna;GO;Estadual;5;430.68;456.96;449.68;446.34;468.0;450.33
7768;Buritirama;BA;Estadual;17;440.93;454.25;439.61;437.86;478.82;450.3
7769;Buritis;RO;Municipal;1;401.7;343.0;431.9;414.5;660.0;450.22
7770;Boa Vista do Tupim;BA;Estadual;17;436.89;446.65;456.05;439.29;471.76;450.13
7771;Ferreira Gomes;AP;Estadual;7;435.17;444.57;415.16;438.59;517.14;450.13
7772;Campos Lindos;TO;Estadual;10;423.1;446.0;464.2;459.3;458.0;450.12
7773;Perolândia;GO;Estadual;5;438.84;458.5;463.08;466.04;424.0;450.09
7774;Brejo Grande do Araguaia;PA;Estadual;6;460.2;427.25;410.67;445.6;506.67;450.08
7775;Curral de Dentro;MG;Estadual;4;446.52;478.25;435.9;499.1;390.0;449.96
7776;Talismã;TO;Estadual;11;453.45;439.15;433.0;428.75;494.55;449.78
7777;Coivaras;PI;Estadual;9;424.88;463.88;459.7;409.33;491.11;449.78
7778;Cafeara;PR;Estadual;3;468.63;505.03;428.13;473.6;373.33;449.75
7779;Santa Teresinha;PB;Estadual;4;445.45;425.98;448.7;483.0;445.0;449.62
7780;Portel;PA;Privada;2;393.1;454.95;464.55;434.75;500.0;449.47
7781;Formosa do Rio Preto;BA;Municipal;2;508.75;471.2;436.05;460.85;370.0;449.37
7782;Paraibuna;SP;Municipal;2;444.1;428.05;410.35;424.3;540.0;449.36
7783;Isaías Coelho;PI;Estadual;3;418.9;482.77;435.73;422.7;486.67;449.35
7784;Faxinalzinho;RS;Estadual;2;409.65;417.5;458.45;410.55;550.0;449.23
7785;Santo Antônio do Içá;AM;Estadual;55;427.33;444.86;436.69;432.21;504.36;449.09
7786;Atalaia do Norte;AM;Estadual;41;425.92;440.68;433.38;431.83;512.68;448.9
7787;Palmeirópolis;TO;Privada;8;428.12;434.38;428.52;450.94;502.5;448.89
7788;Regente Feijó;SP;Municipal;1;463.8;526.5;453.0;380.1;420.0;448.68
7789;Itapirapuã;GO;Estadual;4;430.72;469.12;425.38;466.92;450.0;448.43
7790;Amparo do São Francisco;SE;Estadual;2;441.7;445.65;375.55;448.95;530.0;448.37
7791;Córrego do Ouro;GO;Estadual;2;415.15;445.15;438.6;412.8;530.0;448.34
7792;Lages;SC;Municipal;3;462.83;418.27;449.83;444.0;466.67;448.32
7793;Alegrete;RS;Municipal;9;407.96;464.09;441.5;432.37;495.56;448.29
7794;Felixlândia;MG;Estadual;5;442.24;474.34;431.2;439.26;452.0;447.81
7795;Tocantínia;TO;Estadual;3;472.0;447.57;422.43;443.1;453.33;447.69
7796;Campestre;AL;Estadual;4;407.08;438.52;437.48;465.25;490.0;447.66
7797;Viçosa do Ceará;CE;Municipal;7;430.73;443.39;462.66;452.71;448.57;447.61
7798;Amaralina;GO;Estadual;3;391.7;441.23;458.8;412.77;533.33;447.57
7799;São Pedro da União;MG;Estadual;1;385.9;484.0;436.4;411.4;520.0;447.54
7800;Uniflor;PR;Estadual;2;452.3;445.15;463.05;467.2;410.0;447.54
7801;Itabaiana;SE;Municipal;1;388.1;482.0;421.3;445.7;500.0;447.42
7802;Anahy;PR;Estadual;2;451.7;490.75;445.9;358.55;490.0;447.38
7803;Bom Jesus da Lapa;BA;Municipal;2;431.45;474.9;439.85;480.5;410.0;447.34
7804;Conceição do Lago-Açu;MA;Estadual;10;414.18;433.41;449.25;435.8;504.0;447.33
7805;Nazária;PI;Estadual;1;413.4;545.0;377.7;380.3;520.0;447.28
7806;Caiçara do Norte;RN;Estadual;1;416.1;493.2;421.6;364.8;540.0;447.14
7807;Quixaba;PB;Estadual;4;377.28;437.98;471.6;468.85;480.0;447.14
7808;Piraquê;TO;Estadual;9;415.01;422.43;431.69;428.54;537.78;447.09
7809;Franca;SP;Municipal;4;447.42;446.7;462.9;442.92;435.0;446.99
7810;Sapucaia;PA;Estadual;7;431.57;427.04;439.63;419.66;514.29;446.44
7811;Maxaranguape;RN;Estadual;2;417.05;468.65;464.25;452.15;430.0;446.42
7812;Baturité;CE;Privada;1;342.1;426.5;494.0;448.8;520.0;446.28
7813;Junco do Maranhão;MA;Estadual;3;413.0;421.9;416.53;439.93;540.0;446.27
7814;Maçambará;RS;Municipal;5;452.52;447.18;439.7;439.68;452.0;446.22
7815;Goiatuba;GO;Municipal;1;473.3;434.5;452.8;409.9;460.0;446.1
7816;Painel;SC;Municipal;1;369.7;425.6;483.2;411.0;540.0;445.9
7817;Teresina de Goiás;GO;Estadual;7;419.53;458.26;429.1;433.67;488.57;445.83
7818;São Félix de Balsas;MA;Estadual;2;423.3;475.4;457.2;381.55;490.0;445.49
7819;Oriente;SP;Estadual;4;447.55;483.55;447.42;403.8;445.0;445.46
7820;Redenção do Gurguéia;PI;Estadual;5;374.64;438.66;463.56;434.4;516.0;445.45
7821;Porto de Moz;PA;Municipal;4;403.82;433.0;425.75;419.35;545.0;445.38
7822;Jequiá da Praia;AL;Municipal;1;368.0;443.1;443.1;512.6;460.0;445.36
7823;Fartura do Piauí;PI;Estadual;2;430.35;487.55;409.2;459.15;440.0;445.25
7824;Aramari;BA;Estadual;4;405.25;444.22;442.62;389.02;545.0;445.22
7825;Ararendá;CE;Municipal;1;448.2;501.4;518.1;417.8;340.0;445.1
7826;Douradoquara;MG;Estadual;2;490.4;481.8;469.7;433.1;350.0;445.0
7827;São Luiz;RR;Estadual;2;412.05;420.95;433.55;425.75;530.0;444.46
7828;São Desidério;BA;Municipal;5;463.64;422.98;418.5;425.16;492.0;444.46
7829;Bannach;PA;Municipal;1;447.0;451.6;419.5;384.0;520.0;444.42
7830;Santa Filomena;PI;Estadual;11;448.24;446.78;436.17;430.79;460.0;444.4
7831;Ananindeua;PA;Municipal;1;340.3;331.1;549.8;400.7;600.0;444.38
7832;Santa Maria;RS;Municipal;1;418.1;472.2;435.2;436.1;460.0;444.32
7833;Cairu;BA;Municipal;4;420.4;433.65;467.78;418.78;480.0;444.12
7834;Amapá do Maranhão;MA;Municipal;1;344.7;429.9;437.7;408.0;600.0;444.06
7835;Ribeirão Corrente;SP;Estadual;6;440.83;426.7;440.25;448.57;463.33;443.94
7836;Benjamin Constant;AM;Estadual;128;423.28;443.26;437.11;421.38;493.44;443.69
7837;Recursolândia;TO;Estadual;4;422.98;475.55;421.4;412.8;485.0;443.54
7838;Santa Rita;MA;Estadual;40;421.34;451.02;436.03;434.56;474.0;443.39
7839;Arvoredo;SC;Estadual;2;393.1;420.95;429.65;402.85;570.0;443.31
7840;Getulina;SP;Estadual;3;463.47;490.77;412.8;408.9;440.0;443.19
7841;Trairi;CE;Municipal;2;378.35;394.3;424.2;477.5;540.0;442.87
7842;São Valério do Sul;RS;Estadual;1;380.9;478.8;387.8;446.5;520.0;442.8
7843;Fernando Falcão;MA;Estadual;1;355.4;525.5;448.0;384.3;500.0;442.64
7844;Santa Terezinha do Tocantins;TO;Estadual;2;447.6;483.35;419.3;422.75;440.0;442.6
7845;Jardim do Mulato;PI;Estadual;11;405.04;445.52;426.45;431.85;503.64;442.5
7846;Cotegipe;BA;Estadual;6;415.13;421.07;427.1;448.08;500.0;442.28
7847;Óleo;SP;Estadual;4;460.33;439.5;457.45;374.02;480.0;442.26
7848;Mundo Novo;BA;Estadual;3;395.97;472.2;424.9;471.53;446.67;442.25
7849;Ramilândia;PR;Estadual;10;422.52;459.59;425.22;445.46;458.0;442.16
7850;Maraã;AM;Estadual;22;425.51;446.9;426.55;428.19;483.64;442.15
7851;Caxias do Sul;RS;Municipal;1;379.8;435.9;441.8;512.1;440.0;441.92
7852;Mãe d'Água;PB;Estadual;13;429.31;435.27;437.92;428.16;478.46;441.82
7853;Maurilândia do Tocantins;TO;Estadual;14;420.71;438.56;433.2;433.7;482.86;441.81
7854;Cajuri;MG;Municipal;1;381.3;449.0;451.0;366.6;560.0;441.58
7855;Mutunópolis;GO;Estadual;3;432.8;413.5;426.23;475.27;460.0;441.56
7856;Anori;AM;Municipal;1;490.0;519.4;419.2;418.6;360.0;441.44
7857;Itapissuma;PE;Privada;5;430.96;452.58;443.78;439.5;440.0;441.36
7858;Rio do Fogo;RN;Municipal;1;448.8;471.7;480.5;385.6;420.0;441.32
7859;Miravânia;MG;Estadual;4;440.35;453.35;411.42;420.42;480.0;441.11
7860;Balneário Arroio do Silva;SC;Municipal;1;454.1;504.8;441.6;464.7;340.0;441.04
7861;Antônio Almeida;PI;Estadual;9;424.11;436.23;405.62;428.06;511.11;441.03
7862;Buritinópolis;GO;Estadual;3;406.33;406.0;468.8;463.83;460.0;440.99
7863;Novo Aripuanã;AM;Municipal;1;418.4;467.6;477.4;361.3;480.0;440.94
7864;Corumbá;MS;Municipal;3;475.17;497.43;418.7;466.17;346.67;440.83
7865;Itaquara;BA;Estadual;7;411.2;426.8;464.37;412.79;488.57;440.75
7866;São Félix do Araguaia;MT;Privada;1;324.8;416.0;443.5;459.4;560.0;440.74
7867;Santo Inácio do Piauí;PI;Estadual;8;418.88;450.1;456.98;442.21;435.0;440.63
7868;Morro Cabeça no Tempo;PI;Estadual;3;433.47;408.97;453.43;447.03;460.0;440.58
7869;Milagres do Maranhão;MA;Estadual;5;407.78;433.78;463.0;426.24;472.0;440.56
7870;Aiquara;BA;Estadual;1;367.2;508.2;429.6;457.8;440.0;440.56
7871;São Bento do Una;PE;Municipal;2;449.85;434.05;427.45;420.15;470.0;440.3
7872;Oliveira de Fátima;TO;Estadual;2;393.4;429.35;445.35;452.8;480.0;440.18
7873;Barra do Garças;MT;Municipal;1;413.3;430.0;462.2;494.7;400.0;440.04
7874;Piraí do Norte;BA;Estadual;11;432.69;433.55;444.04;404.4;485.45;440.03
7875;Belmiro Braga;MG;Estadual;1;415.0;322.9;532.8;389.3;540.0;440.0
7876;Jatobá do Piauí;PI;Municipal;2;404.7;478.5;401.3;385.1;530.0;439.92
7877;Parnaguá;PI;Estadual;20;408.8;407.43;449.7;441.56;492.0;439.9
7878;Monte Alegre de Goiás;GO;Estadual;28;431.67;452.04;433.61;446.45;435.0;439.75
7879;Conceição de Ipanema;MG;Estadual;2;379.65;447.0;422.5;458.95;490.0;439.62
7880;Igarapé do Meio;MA;Estadual;7;402.81;418.81;448.57;418.73;508.57;439.5
7881;Silveiras;SP;Estadual;2;413.8;466.9;428.6;367.45;520.0;439.35
7882;Lajedo;PE;Municipal;1;465.3;469.8;449.6;451.9;360.0;439.32
7883;São João do Araguaia;PA;Estadual;1;400.1;459.4;468.6;468.1;400.0;439.24
7884;Caculé;BA;Privada;1;349.7;492.2;383.9;409.4;560.0;439.04
7885;São José de Espinharas;PB;Estadual;5;413.12;407.78;456.58;416.42;500.0;438.78
7886;Areia de Baraúnas;PB;Estadual;1;485.0;490.7;446.8;491.4;280.0;438.78
7887;Brasilândia do Tocantins;TO;Estadual;3;437.23;420.13;452.2;435.1;446.67;438.27
7888;Tupiratins;TO;Estadual;3;448.5;461.37;427.07;447.0;406.67;438.12
7889;Figueirópolis;TO;Estadual;6;439.92;446.43;419.62;410.92;473.33;438.04
7890;Planalto;SP;Estadual;1;515.1;470.3;391.6;490.5;320.0;437.5
7891;Água Clara;MS;Privada;1;346.8;477.6;445.2;397.7;520.0;437.46
7892;Seabra;BA;Municipal;1;429.0;482.1;375.6;420.0;480.0;437.34
7893;Santa Luzia;MA;Privada;1;348.7;509.7;413.8;374.2;540.0;437.28
7894;Feira Nova;SE;Estadual;12;443.42;470.54;437.78;442.7;391.67;437.22
7895;Montividiu;GO;Municipal;1;440.0;467.1;442.4;436.5;400.0;437.2
7896;Floriano;PI;Municipal;2;358.6;340.65;461.75;474.55;550.0;437.11
7897;Iraquara;BA;Municipal;2;416.6;376.1;497.95;453.7;440.0;436.87
7898;Barreiras do Piauí;PI;Municipal;1;418.7;420.8;499.0;385.3;460.0;436.76
7899;Santo Antônio dos Milagres;PI;Estadual;5;428.54;437.48;430.44;431.12;456.0;436.72
7900;Cametá;PA;Municipal;7;389.79;446.56;421.79;433.27;491.43;436.57
7901;São Félix;BA;Estadual;9;415.76;449.11;430.98;406.86;480.0;436.54
7902;Rio Grande;RS;Municipal;1;335.5;479.1;406.6;461.2;500.0;436.48
7903;Mantena;MG;Municipal;1;433.1;407.2;444.5;415.4;480.0;436.04
7904;Taquaral;SP;Estadual;3;394.2;435.4;450.27;426.67;473.33;435.97
7905;Cristalândia do Piauí;PI;Estadual;6;418.83;456.12;429.27;452.17;413.33;433.94
7906;Riacho Frio;PI;Estadual;4;406.85;465.1;469.08;438.2;390.0;433.84
7907;São Félix do Tocantins;TO;Estadual;12;422.25;469.24;420.37;402.37;453.33;433.51
7908;Macaíba;RN;Municipal;2;422.5;458.55;465.25;420.7;400.0;433.4
7909;Várzea Branca;PI;Estadual;12;404.27;435.2;447.94;412.11;465.0;432.9
7910;Mato Rico;PR;Municipal;1;282.8;356.7;506.2;517.4;500.0;432.62
7911;Itacoatiara;AM;Municipal;4;409.25;441.2;415.65;396.78;500.0;432.58
7912;Flores de Goiás;GO;Estadual;17;423.42;447.91;440.4;427.75;422.35;432.37
7913;Paragominas;PA;Municipal;3;402.8;472.07;404.03;428.3;453.33;432.11
7914;Edealina;GO;Municipal;1;338.0;460.3;412.0;429.9;520.0;432.04
7915;Central do Maranhão;MA;Estadual;18;406.32;419.12;443.25;429.49;460.0;431.64
7916;Bonópolis;GO;Estadual;3;425.0;441.13;438.53;406.67;446.67;431.6
7917;Carinhanha;BA;Municipal;1;444.3;464.9;449.0;377.2;420.0;431.08
7918;Lajeado;TO;Municipal;1;367.1;472.4;458.1;397.5;460.0;431.02
7919;São João do Sul;SC;Municipal;1;576.1;470.4;420.5;346.9;340.0;430.78
7920;Barreiras do Piauí;PI;Estadual;8;400.4;424.91;416.74;416.84;495.0;430.78
7921;Mateiros;TO;Estadual;2;417.5;374.85;476.75;414.65;470.0;430.75
7922;Urucará;AM;Municipal;1;403.2;464.5;388.0;356.5;540.0;430.44
7923;Monte do Carmo;TO;Municipal;1;420.9;442.8;403.4;383.1;500.0;430.04
7924;Juína;MT;Municipal;1;467.6;484.5;372.6;361.0;460.0;429.14
7925;Barra;BA;Municipal;1;442.3;417.1;398.7;367.5;520.0;429.12
7926;Almeirim;PA;Municipal;1;336.1;504.1;507.9;436.9;360.0;429.0
7927;Cururupu;MA;Municipal;2;437.7;441.3;414.5;420.85;430.0;428.87
7928;Monte Alegre do Piauí;PI;Estadual;15;417.17;442.65;428.99;407.2;448.0;428.8
7929;Portelândia;GO;Estadual;4;407.9;454.5;435.12;395.32;450.0;428.57
7930;Taiobeiras;MG;Municipal;1;386.5;374.7;409.3;569.2;400.0;427.94
7931;Cubati;PB;Municipal;3;380.67;452.0;419.1;447.4;440.0;427.83
7932;Anagé;BA;Municipal;1;317.6;396.8;474.8;489.0;460.0;427.64
7933;Itapiranga;AM;Municipal;1;379.0;492.0;456.1;450.8;360.0;427.58
7934;Cumaru do Norte;PA;Estadual;3;397.17;436.9;398.87;406.57;493.33;426.57
7935;Vera Mendes;PI;Estadual;4;424.85;438.9;433.55;427.32;405.0;425.92
7936;Goiatins;TO;Municipal;1;357.2;438.2;463.9;390.1;480.0;425.88
7937;Cruzeiro;SP;Municipal;1;472.3;480.6;445.0;410.8;320.0;425.74
7938;Baixa Grande;BA;Municipal;2;397.55;462.25;410.4;368.2;490.0;425.68
7939;São João da Canabrava;PI;Municipal;1;451.4;446.4;410.5;419.5;400.0;425.56
7940;Várzea Grande;MT;Municipal;1;439.0;492.3;504.8;389.4;300.0;425.1
7941;Santa Bárbara do Tugúrio;MG;Estadual;2;455.75;466.5;407.8;463.05;330.0;424.62
7942;Timon;MA;Municipal;2;392.2;468.1;407.7;462.85;390.0;424.17
7943;Pompéu;MG;Municipal;1;361.3;357.7;428.8;491.5;480.0;423.86
7944;Novo Airão;AM;Municipal;2;387.85;450.4;423.3;385.3;470.0;423.37
7945;Pindorama;SP;Municipal;1;380.3;334.2;516.4;384.8;500.0;423.14
7946;Sambaíba;MA;Estadual;4;381.32;443.45;448.98;406.55;435.0;423.06
7947;São João da Varjota;PI;Estadual;5;374.86;419.0;432.16;415.5;472.0;422.7
7948;Japorã;MS;Municipal;1;447.2;437.0;376.3;411.3;440.0;422.36
7949;Miracema;RJ;Municipal;1;445.1;394.8;388.6;441.6;440.0;422.02
7950;Maracás;BA;Municipal;2;442.35;432.1;437.0;416.3;380.0;421.55
7951;Nossa Senhora do Livramento;MT;Municipal;1;495.3;487.7;374.7;369.4;380.0;421.42
7952;Apuí;AM;Municipal;1;426.8;431.8;440.3;407.9;400.0;421.36
7953;Santa Luzia do Paruá;MA;Municipal;1;461.3;381.4;406.5;376.5;480.0;421.14
7954;Pracuúba;AP;Estadual;5;399.32;450.04;432.02;435.78;388.0;421.03
7955;Dário Meira;BA;Municipal;1;352.8;383.3;433.4;492.0;440.0;420.3
7956;Santo Inácio do Piauí;PI;Municipal;1;358.6;425.3;383.0;474.5;460.0;420.28
7957;Cândido Mota;SP;Municipal;1;361.9;423.2;423.9;492.2;400.0;420.24
7958;Condado;PE;Privada;1;432.5;426.6;472.6;388.4;380.0;420.02
7959;Paquetá;PI;Estadual;8;392.81;435.74;431.49;411.44;427.5;419.79
7960;Rio Branco;AC;Municipal;1;415.9;391.1;479.2;372.4;440.0;419.72
7961;São José dos Cordeiros;PB;Municipal;3;429.17;395.43;430.23;455.37;386.67;419.37
7962;Bonito;BA;Municipal;1;478.1;465.9;381.2;411.0;360.0;419.24
7963;Água Comprida;MG;Estadual;1;341.7;502.6;447.0;462.9;340.0;418.84
7964;Licínio de Almeida;BA;Municipal;1;369.9;360.7;503.6;479.6;380.0;418.76
7965;Alcobaça;BA;Municipal;1;360.6;434.3;365.7;453.0;480.0;418.72
7966;Altamira do Maranhão;MA;Estadual;2;376.6;451.75;483.15;370.45;410.0;418.39
7967;Rio Preto da Eva;AM;Municipal;2;394.5;414.75;431.2;391.45;460.0;418.38
7968;Meruoca;CE;Municipal;1;405.2;440.5;416.2;388.2;440.0;418.02
7969;Maués;AM;Municipal;1;402.3;478.4;473.7;375.7;360.0;418.02
7970;Imperatriz;MA;Municipal;1;373.8;426.2;519.3;368.4;400.0;417.54
7971;São Gonçalo do Gurguéia;PI;Estadual;4;385.2;397.6;443.9;426.7;430.0;416.68
7972;Palmeirante;TO;Estadual;8;405.74;422.49;419.8;404.69;430.0;416.54
7973;Campos Novos Paulista;SP;Estadual;1;315.5;496.4;422.1;448.7;400.0;416.54
7974;Periquito;MG;Estadual;2;317.85;350.8;482.75;411.25;520.0;416.53
7975;Colinas do Sul;GO;Estadual;3;412.2;463.4;462.0;417.37;326.67;416.33
7976;Santa Maria da Boa Vista;PE;Municipal;1;350.6;334.8;458.1;353.0;580.0;415.3
7977;Casa Nova;BA;Privada;1;402.3;326.3;409.4;433.5;500.0;414.3
7978;Boa Esperança do Iguaçu;PR;Estadual;1;381.4;396.9;396.1;432.3;460.0;413.34
7979;Dias d'Ávila;BA;Municipal;1;375.8;433.2;450.8;565.8;240.0;413.12
7980;Sertânia;PE;Municipal;1;432.2;508.0;406.0;396.2;320.0;412.48
7981;Jenipapo dos Vieiras;MA;Municipal;1;358.0;352.6;430.8;439.9;480.0;412.26
7982;Santa Tereza do Oeste;PR;Municipal;1;395.1;456.8;398.3;370.5;440.0;412.14
7983;Santa Isabel;GO;Estadual;1;336.7;444.2;473.9;365.8;440.0;412.12
7984;Marília;SP;Municipal;1;372.8;463.7;442.2;461.6;320.0;412.06
7985;Porto Velho;RO;Municipal;1;360.8;398.4;429.9;350.4;520.0;411.9
7986;Caxias;MA;Municipal;2;364.8;405.65;383.6;404.6;500.0;411.73
7987;Serrinha;BA;Municipal;3;386.63;394.07;402.77;388.4;486.67;411.71
7988;Pedro Teixeira;MG;Estadual;2;411.4;443.25;441.25;429.3;330.0;411.04
7989;Mazagão;AP;Privada;1;389.7;347.0;430.6;367.7;520.0;411.0
7990;Itapiratins;TO;Estadual;6;384.13;395.78;443.32;410.63;420.0;410.77
7991;São João;PR;Municipal;1;404.8;407.8;428.1;353.1;460.0;410.76
7992;Santa Rita do Sapucaí;MG;Municipal;1;424.9;507.9;432.4;366.1;320.0;410.26
7993;São João da Ponta;PA;Municipal;1;303.5;318.1;414.6;515.0;500.0;410.24
7994;Ulianópolis;PA;Municipal;1;352.3;431.1;433.1;410.2;420.0;409.34
7995;Arapeí;SP;Estadual;2;393.05;444.9;404.65;429.3;370.0;408.38
7996;Breves;PA;Privada;2;415.0;410.85;437.75;447.95;330.0;408.31
7997;Itaguaçu da Bahia;BA;Municipal;1;417.2;428.3;427.2;407.0;360.0;407.94
7998;Bacabal;MA;Municipal;1;420.2;423.8;411.6;383.9;400.0;407.9
7999;Amaporã;PR;Estadual;3;365.97;425.6;487.57;406.93;353.33;407.88
8000;Monte Alegre do Piauí;PI;Municipal;1;376.2;335.1;444.7;560.3;320.0;407.26
8001;Campo Alegre de Lourdes;BA;Municipal;1;447.4;407.2;426.1;390.5;360.0;406.24
8002;Pilar;AL;Municipal;1;348.1;473.5;450.6;356.4;400.0;405.72
8003;Ipueiras;TO;Estadual;1;370.9;423.1;443.8;410.3;380.0;405.62
8004;Goiás;GO;Municipal;1;482.2;435.7;413.5;390.6;300.0;404.4
8005;Lajedinho;BA;Estadual;2;367.65;425.8;411.45;416.55;400.0;404.29
8006;Bom Jesus;PI;Municipal;1;330.1;381.8;430.0;394.7;480.0;403.32
8007;Pedro II;PI;Municipal;1;418.9;425.9;455.8;430.5;280.0;402.22
8008;Santa Maria do Tocantins;TO;Estadual;3;398.5;373.03;452.77;391.87;393.33;401.9
8009;Matrinchã;GO;Municipal;1;416.0;406.9;411.8;386.9;380.0;400.32
8010;Caiçara do Rio do Vento;RN;Estadual;2;345.8;455.25;431.35;388.0;380.0;400.08
8011;Santo Amaro;BA;Municipal;1;360.4;391.0;465.6;380.3;400.0;399.46
8012;São José da Tapera;AL;Municipal;1;350.1;395.3;367.7;402.5;480.0;399.12
8013;São João do Piauí;PI;Municipal;1;448.8;434.6;373.3;414.7;320.0;398.28
8014;Prainha;PA;Municipal;2;393.45;417.25;396.75;411.65;370.0;397.82
8015;Passagem Franca;MA;Municipal;1;386.4;394.5;487.5;399.5;320.0;397.58
8016;Manhuaçu;MG;Municipal;1;400.1;475.3;462.7;385.6;260.0;396.74
8017;Ibicaré;SC;Estadual;1;352.7;437.6;441.4;387.2;360.0;395.78
8018;Vespasiano;MG;Municipal;1;335.3;378.2;430.6;348.1;480.0;394.44
8019;Jataí;GO;Municipal;1;309.8;378.9;396.1;421.2;460.0;393.2
8020;Mário Campos;MG;Municipal;1;430.4;448.5;364.9;434.5;280.0;391.66
8021;Diamantino;MT;Municipal;1;413.3;395.1;391.9;489.9;260.0;390.04
8022;Amajari;RR;Estadual;1;402.4;441.0;402.2;400.6;300.0;389.24
8023;Anajás;PA;Municipal;1;380.2;429.4;398.4;451.4;280.0;387.88
8024;Codó;MA;Municipal;1;339.8;331.0;440.6;378.0;440.0;385.88
8025;Itaquaquecetuba;SP;Municipal;1;350.4;367.3;449.7;371.9;380.0;383.86
8026;Jucurutu;RN;Privada;1;413.7;380.2;409.7;413.1;300.0;383.34
8027;Poxoréu;MT;Privada;1;398.0;433.1;424.7;363.2;280.0;379.8
8028;Botuporã;BA;Privada;1;404.8;329.2;402.1;397.7;360.0;378.76
8029;Lucas do Rio Verde;MT;Municipal;1;321.1;371.4;380.6;410.1;400.0;376.64
8030;Barbacena;MG;Municipal;1;366.1;359.6;391.8;407.2;320.0;368.94
8031;Corumbaíba;GO;Municipal;1;357.8;357.0;402.4;411.7;300.0;365.78
8032;Itambé;PE;Municipal;1;351.5;353.8;378.4;388.3;260.0;346.4
