POSICAO;NO_MUNICIPIO_ESC;SG_UF_ESC;DEPENDENCIA;ALUNOS;LC;CH;CN;MT;RD;MEDIA
1;Viçosa;MG;Federal;156;618.42;699.94;681.9;780.91;834.87;723.21
2;Itamogi;MG;Privada;6;583.92;663.02;616.77;697.6;803.33;672.93
3;Angra dos Reis;RJ;Federal;25;600.21;657.64;625.92;781.64;687.2;670.52
4;Vitória;ES;Federal;157;604.03;642.07;639.13;730.8;736.05;670.42
5;Brazópolis;MG;Privada;16;592.84;654.88;608.83;758.93;736.25;670.35
6;Belo Horizonte;MG;Federal;742;614.49;651.68;629.29;716.21;737.3;669.8
7;Timóteo;MG;Federal;66;609.05;638.47;621.03;705.24;764.85;667.73
8;Varginha;MG;Federal;81;625.05;650.81;619.27;694.47;748.89;667.7
9;Contagem;MG;Federal;63;616.01;645.46;619.97;701.3;741.27;664.8
10;Divinópolis;MG;Federal;95;617.46;642.43;609.03;690.51;764.0;664.69
11;Timóteo;MG;Privada;136;591.15;644.57;604.52;661.81;810.15;662.44
12;Pato Branco;PR;Federal;30;603.64;628.82;612.21;717.85;749.33;662.37
13;Cornélio Procópio;PR;Federal;26;612.34;643.29;606.43;692.29;744.62;659.79
14;Niterói;RJ;Federal;201;610.78;649.8;610.96;657.7;769.45;659.74
15;Ervália;MG;Privada;14;597.08;633.8;604.84;676.34;782.86;658.98
16;Ubá;MG;Privada;151;589.81;631.17;610.89;697.6;765.43;658.98
17;Cariacica;ES;Federal;89;610.27;648.24;629.06;697.38;703.6;657.71
18;Arroio do Meio;RS;Privada;18;593.61;617.83;602.49;679.54;791.11;656.91
19;Pacajus;CE;Privada;78;602.12;632.38;590.91;640.57;812.82;655.76
20;Volta Redonda;RJ;Federal;60;601.28;636.52;615.17;742.15;682.33;655.49
21;Valinhos;SP;Privada;475;615.95;638.26;611.27;678.45;722.44;653.28
22;Cachoeiro de Itapemirim;ES;Federal;56;605.33;647.68;628.11;678.7;703.57;652.68
23;Aracruz;ES;Federal;59;597.3;638.05;623.41;693.14;704.41;651.26
24;Curvelo;MG;Federal;65;600.64;628.6;610.0;680.94;731.08;650.25
25;Ipatinga;MG;Privada;500;591.22;630.97;604.87;660.14;762.34;649.91
26;Sete Lagoas;MG;Privada;320;597.58;630.82;591.79;648.26;774.38;648.56
27;Curitiba;PR;Federal;465;607.43;636.98;610.06;699.11;687.05;648.13
28;Holambra;SP;Privada;27;598.65;633.42;619.96;683.32;705.19;648.11
29;Areado;MG;Privada;19;580.03;636.68;615.05;670.36;737.89;648.0
30;Monte Mor;SP;Privada;16;611.02;633.4;620.64;702.38;665.0;646.49
31;Espera Feliz;MG;Privada;11;580.83;611.96;593.94;674.75;770.91;646.48
32;Campo Mourão;PR;Federal;25;603.42;642.43;579.82;678.64;728.0;646.46
33;Divinópolis;MG;Privada;298;595.13;626.1;598.29;675.35;731.21;645.22
34;Itabira;MG;Privada;127;597.43;625.89;587.0;638.18;772.01;644.1
35;São João del Rei;MG;Privada;183;583.17;621.03;581.39;640.35;794.21;644.03
36;Itapuranga;GO;Privada;11;591.11;630.42;590.07;667.53;740.0;643.83
37;Peçanha;MG;Privada;9;592.28;619.91;574.54;647.49;784.44;643.73
38;Bom Despacho;MG;Privada;47;597.39;633.27;596.07;683.75;707.66;643.63
39;Montes Claros;MG;Federal;50;593.53;631.23;597.45;655.93;737.2;643.07
40;Cubatão;SP;Federal;93;611.75;634.43;592.11;665.79;707.92;642.4
41;Itaúna;MG;Privada;147;598.06;626.12;606.11;670.88;708.57;641.95
42;Belo Horizonte;MG;Privada;6029;599.11;629.95;597.65;664.01;718.51;641.85
43;Duque de Caxias;RJ;Federal;253;599.88;631.84;598.47;651.21;726.48;641.58
44;Recife;PE;Federal;553;602.79;628.57;592.34;658.45;724.85;641.4
45;Vitória;ES;Privada;1499;598.1;630.38;600.68;655.39;722.02;641.31
46;Vespasiano;MG;Privada;32;588.76;633.42;613.74;664.57;705.62;641.22
47;Pombal;PB;Privada;45;569.78;623.53;588.52;670.46;753.78;641.21
48;Salvador;BA;Federal;410;594.76;634.08;600.88;653.06;722.43;641.04
49;Dores de Campos;MG;Privada;8;614.06;616.28;550.26;597.12;827.5;641.04
50;Rio de Janeiro;RJ;Federal;2150;603.26;635.29;589.33;650.37;724.5;640.55
51;Realeza;PR;Privada;8;600.08;643.02;588.07;663.9;707.5;640.52
52;Feliz;RS;Federal;17;602.02;635.78;559.04;651.59;752.94;640.27
53;Diamantina;MG;Privada;65;595.39;628.35;578.71;611.3;787.08;640.17
54;Barbacena;MG;Federal;304;601.0;626.5;599.23;690.95;683.03;640.14
55;Nova Prata;RS;Privada;20;609.56;617.95;579.42;621.69;771.0;639.92
56;Uberlândia;MG;Privada;1133;591.41;627.44;589.58;641.37;741.32;638.22
57;Itapecerica;MG;Privada;12;576.76;612.11;586.25;680.61;735.0;638.14
58;São Paulo;SP;Federal;205;609.5;631.38;600.72;683.13;664.29;637.81
59;Itapiranga;SC;Privada;17;570.82;609.41;592.34;674.63;740.0;637.44
60;Florestal;MG;Federal;88;598.14;620.65;598.88;681.31;687.95;637.39
61;Cerro Largo;RS;Privada;26;602.07;622.34;587.31;641.93;732.31;637.19
62;Farroupilha;RS;Federal;25;610.91;644.52;586.92;652.39;689.6;636.87
63;Guarapari;ES;Federal;63;586.38;628.94;598.9;658.95;710.48;636.73
64;Varginha;MG;Privada;282;592.51;620.59;588.17;636.22;743.94;636.29
65;Nova Lima;MG;Privada;194;604.76;626.43;591.04;649.07;708.97;636.05
66;Lagoa Santa;MG;Privada;82;593.49;626.63;592.92;660.12;705.37;635.7
67;Muriaé;MG;Federal;66;579.73;617.76;585.92;656.8;738.18;635.68
68;Nilópolis;RJ;Federal;115;588.6;620.45;615.06;662.08;689.91;635.22
69;Assis Chateaubriand;PR;Privada;19;597.23;627.99;573.34;630.38;746.32;635.05
70;São Roque de Minas;MG;Privada;7;618.03;635.96;600.29;622.1;697.14;634.7
71;Pouso Alegre;MG;Privada;308;591.31;615.57;589.34;641.14;735.96;634.66
72;Junqueirópolis;SP;Privada;18;592.14;623.09;569.26;667.16;721.11;634.55
73;Mossoró;RN;Federal;140;601.76;626.38;581.08;641.0;722.14;634.47
74;Araxá;MG;Federal;69;594.15;618.37;580.17;666.22;713.04;634.39
75;Bragança Paulista;SP;Federal;32;588.54;622.72;603.12;705.8;650.0;634.04
76;Caeté;MG;Privada;25;605.05;629.37;593.62;634.18;705.6;633.56
77;Fortaleza;CE;Federal;383;599.57;625.22;583.03;647.55;712.11;633.5
78;Matozinhos;MG;Privada;18;573.12;618.59;597.35;660.35;713.33;632.55
79;Jaraguá do Sul;SC;Federal;59;595.92;621.48;611.5;630.38;702.71;632.4
80;Monte Sião;MG;Privada;31;603.55;617.64;602.08;649.06;688.39;632.14
81;Natal;RN;Federal;440;598.64;621.86;578.35;635.85;725.36;632.01
82;Juiz de Fora;MG;Privada;1457;590.1;622.7;581.43;629.74;735.39;631.87
83;Sacramento;MG;Privada;16;588.86;618.24;578.42;683.56;690.0;631.82
84;Pirangi;SP;Privada;42;589.98;615.41;586.71;636.32;730.48;631.78
85;Miracema;RJ;Privada;6;584.05;609.78;592.5;564.82;806.67;631.56
86;Pouso Alegre;MG;Federal;53;604.64;618.5;561.9;605.96;766.42;631.48
87;Nova Andradina;MS;Municipal;1;587.1;570.4;554.4;664.6;780.0;631.3
88;São José do Rio Pardo;SP;Privada;76;584.71;626.48;598.09;655.36;691.84;631.3
89;Estrela;RS;Privada;58;600.94;621.66;586.24;648.28;698.97;631.22
90;Governador Valadares;MG;Federal;58;582.39;618.6;587.55;654.98;712.41;631.19
91;Formiga;MG;Federal;1;549.4;609.5;615.1;661.2;720.0;631.04
92;Congonhas;MG;Federal;97;596.58;608.32;583.32;650.39;716.08;630.94
93;São Manuel;SP;Privada;50;594.11;614.03;585.9;645.07;715.2;630.86
94;Dois Irmãos;RS;Privada;9;590.42;598.69;566.59;644.99;751.11;630.36
95;Santa Maria;RS;Federal;225;596.19;623.55;589.89;650.49;691.38;630.3
96;Barroso;MG;Privada;9;563.3;619.42;578.14;586.87;800.0;629.55
97;Campo Grande;MS;Federal;282;598.98;618.98;582.81;645.54;700.78;629.42
98;Camaçari;BA;Federal;50;600.37;635.97;576.66;632.21;701.2;629.28
99;Santa Teresa;ES;Privada;10;601.79;622.16;600.71;625.28;696.0;629.19
100;São Mateus;ES;Federal;49;588.44;620.22;593.82;665.12;677.96;629.11
101;Portão;RS;Privada;34;599.7;638.58;580.53;624.18;700.74;628.75
102;Nova Friburgo;RJ;Privada;442;593.68;619.01;577.44;632.84;720.6;628.71
103;Viçosa;MG;Privada;289;568.19;612.76;581.2;638.1;742.21;628.49
104;Ouro Branco;MG;Federal;95;595.31;622.46;586.09;649.41;689.05;628.46
105;Itanhandu;MG;Privada;26;597.48;623.52;598.28;651.65;670.77;628.34
106;Limoeiro;PE;Privada;174;578.93;611.13;585.89;633.34;730.34;627.93
107;Pedro Leopoldo;MG;Privada;103;586.83;616.77;583.38;629.04;723.11;627.83
108;Abaeté;MG;Privada;33;596.44;609.02;582.03;623.26;726.06;627.36
109;Formiga;MG;Privada;86;582.83;613.91;597.69;648.5;692.09;627.0
110;Cássia;MG;Privada;13;546.26;599.12;591.57;641.38;753.85;626.43
111;Pomerode;SC;Privada;17;600.11;617.68;604.03;672.25;637.65;626.34
112;Santa Luzia;MG;Federal;54;595.59;622.75;574.21;647.98;690.74;626.25
113;Governador Valadares;MG;Privada;340;583.75;615.19;574.37;627.26;730.5;626.21
114;Macaé;RJ;Federal;138;602.74;627.09;581.12;639.95;680.14;626.21
115;Lagoa da Prata;MG;Privada;33;578.44;620.36;592.26;636.79;703.03;626.18
116;Manhuaçu;MG;Privada;116;575.37;613.09;581.4;640.43;720.17;626.09
117;Monte Aprazível;SP;Privada;28;597.11;607.74;590.12;652.99;681.43;625.88
118;Foz do Iguaçu;PR;Federal;59;594.18;616.61;591.96;645.59;680.0;625.67
119;Niterói;RJ;Privada;2197;582.07;620.07;573.68;625.81;724.74;625.28
120;Conselheiro Lafaiete;MG;Privada;155;587.03;621.93;581.65;624.2;710.32;625.03
121;Guaxupé;MG;Privada;73;584.33;613.81;591.87;645.68;688.77;624.89
122;Barueri;SP;Privada;246;605.42;621.53;585.15;650.78;660.61;624.7
123;Juiz de Fora;MG;Federal;391;590.98;617.45;581.37;637.19;695.29;624.46
124;Fartura;SP;Privada;24;592.34;629.46;591.62;640.42;666.67;624.1
125;Três Passos;RS;Privada;28;601.46;626.13;594.14;618.55;679.29;623.91
126;Patos de Minas;MG;Privada;230;583.68;611.88;580.93;614.66;728.07;623.84
127;Oeiras;PI;Privada;37;580.66;630.41;558.33;603.26;746.49;623.83
128;Lajeado;RS;Privada;172;587.26;614.27;579.92;649.63;687.33;623.68
129;Águas Belas;PE;Privada;1;629.1;641.4;525.1;522.8;800.0;623.68
130;Arraial do Cabo;RJ;Federal;30;582.66;615.89;570.55;637.43;710.67;623.44
131;São José dos Campos;SP;Privada;2172;592.93;613.75;580.29;635.94;693.86;623.35
132;São Gonçalo;RJ;Federal;58;579.52;608.78;597.75;643.31;686.9;623.25
133;Venâncio Aires;RS;Privada;33;575.13;596.87;584.18;633.21;726.06;623.09
134;Seropédica;RJ;Federal;127;597.04;618.43;573.94;573.36;750.55;622.67
135;Crateús;CE;Privada;60;578.44;598.62;548.66;608.76;777.0;622.29
136;Juazeiro do Norte;CE;Federal;51;571.39;610.02;569.5;628.31;731.37;622.12
137;Joinville;SC;Federal;73;599.26;623.75;569.56;656.41;661.37;622.07
138;Campos Gerais;MG;Privada;24;573.02;604.57;575.5;650.43;705.83;621.87
139;São Sebastião do Paraíso;MG;Privada;61;577.94;606.3;573.7;608.55;741.64;621.62
140;Uberaba;MG;Privada;542;583.48;611.43;578.11;630.32;704.21;621.51
141;Guanhães;MG;Privada;32;573.29;618.23;583.7;648.98;683.12;621.47
142;Jaguariaíva;PR;Federal;1;632.2;618.8;573.6;642.7;640.0;621.46
143;Caetité;BA;Privada;34;587.14;615.31;583.16;645.78;675.88;621.45
144;Boa Esperança;MG;Privada;71;575.67;608.66;591.34;632.38;698.94;621.4
145;Pará de Minas;MG;Privada;62;561.48;606.82;591.47;648.87;695.16;620.76
146;Ouro Preto;MG;Privada;53;569.51;619.98;565.46;635.69;710.19;620.17
147;Bom Jardim;RJ;Privada;34;589.96;616.24;571.74;632.99;689.41;620.07
148;Brumadinho;MG;Privada;32;575.25;618.84;578.6;638.12;688.75;619.91
149;São Lourenço;MG;Privada;145;595.83;610.81;579.67;624.42;687.28;619.6
150;Lambari;MG;Privada;9;601.68;625.41;572.94;637.73;660.0;619.55
151;Barra Mansa;RJ;Privada;192;582.92;613.06;568.54;607.55;724.58;619.33
152;Lavras;MG;Privada;304;579.4;612.11;569.48;619.66;715.03;619.14
153;Cambuí;MG;Privada;30;581.0;594.67;579.56;606.32;733.33;618.98
154;Monte Santo de Minas;MG;Privada;15;585.51;604.93;580.79;589.63;733.33;618.84
155;Poços de Caldas;MG;Privada;331;586.8;609.73;574.44;626.13;696.74;618.77
156;Astorga;PR;Privada;10;605.3;610.05;563.24;647.27;668.0;618.77
157;Tocantins;MG;Privada;11;571.28;605.39;592.61;635.21;689.09;618.72
158;Parnamirim;RN;Federal;118;586.82;605.68;577.31;624.76;697.12;618.34
159;Barão de Cocais;MG;Privada;45;581.39;612.76;573.82;629.59;693.78;618.27
160;Francisco Sá;MG;Privada;16;575.69;604.42;538.92;565.86;806.25;618.23
161;Passos;MG;Privada;148;575.67;607.63;579.8;617.09;710.95;618.23
162;Betim;MG;Privada;197;578.82;616.04;573.29;607.66;714.62;618.09
163;Ribeirão Bonito;SP;Privada;24;574.6;600.06;573.66;630.14;709.17;617.52
164;Itabela;BA;Municipal;1;626.5;658.6;489.6;451.4;860.0;617.22
165;Valença;RJ;Privada;41;581.32;617.26;578.9;614.2;694.15;617.17
166;Bambuí;MG;Privada;23;571.47;614.11;604.19;637.37;658.26;617.08
167;Quixeramobim;CE;Privada;57;577.61;603.1;563.89;591.98;747.72;616.86
168;Limoeiro do Norte;CE;Privada;176;559.7;595.73;565.13;589.72;773.75;616.81
169;Vitória da Conquista;BA;Federal;109;579.8;614.77;565.65;603.36;719.45;616.61
170;Nova Venécia;ES;Federal;91;578.38;610.5;579.77;658.07;655.82;616.51
171;Ipameri;GO;Privada;16;602.17;619.08;585.76;604.69;670.0;616.34
172;Rio Grande;RS;Federal;105;577.78;607.61;568.24;638.74;688.57;616.19
173;Venda Nova do Imigrante;ES;Privada;34;579.39;606.6;588.22;622.65;683.53;616.08
174;Santa Vitória;MG;Privada;13;564.15;610.91;569.46;592.77;743.08;616.07
175;Piumhi;MG;Privada;59;562.56;607.97;577.45;650.27;682.03;616.06
176;Poço Fundo;MG;Privada;13;579.82;614.56;557.19;631.52;696.92;616.0
177;Nepomuceno;MG;Federal;40;569.42;600.0;565.34;623.83;721.0;615.92
178;Patrocínio;MG;Privada;145;580.25;599.75;561.11;603.48;734.9;615.9
179;Araxá;MG;Privada;99;577.12;601.85;569.44;602.06;728.89;615.87
180;Paraisópolis;MG;Privada;44;583.53;603.5;586.4;642.67;662.73;615.77
181;Barreiras;BA;Privada;156;577.11;607.38;563.84;600.83;729.62;615.75
182;Conceição do Mato Dentro;MG;Privada;7;596.87;637.09;597.5;572.77;674.29;615.7
183;Ibatiba;ES;Federal;69;563.45;611.37;577.87;632.45;693.33;615.7
184;Itacoatiara;AM;Privada;19;588.12;602.37;566.52;592.84;727.37;615.45
185;Garanhuns;PE;Federal;55;595.49;619.15;581.95;614.46;665.45;615.3
186;Caicó;RN;Federal;105;584.91;601.3;565.43;591.71;731.81;615.03
187;Caratinga;MG;Privada;83;576.85;604.98;566.02;602.75;723.61;614.84
188;Gandu;BA;Privada;33;572.83;603.15;544.84;590.55;762.21;614.72
189;Carangola;MG;Privada;52;572.89;597.42;561.18;600.31;741.54;614.67
190;Santa Rosa;RS;Federal;57;570.27;603.55;570.75;615.08;712.89;614.51
191;Tapiratiba;SP;Privada;7;598.03;587.73;572.66;596.53;717.14;614.42
192;Teófilo Otoni;MG;Privada;183;576.08;617.62;561.52;607.72;708.85;614.36
193;Terra Rica;PR;Privada;11;566.65;623.37;583.86;580.33;716.36;614.11
194;Poços de Caldas;MG;Federal;49;593.31;607.64;580.14;642.03;647.35;614.1
195;João Monlevade;MG;Privada;107;566.92;610.8;572.44;625.07;695.14;614.07
196;Iguatama;MG;Privada;8;569.46;615.8;587.34;654.91;642.5;614.0
197;Juazeiro do Norte;CE;Privada;477;561.65;601.89;571.4;608.1;726.54;613.92
198;São Gotardo;MG;Privada;36;581.15;603.0;564.16;617.33;703.33;613.79
199;Jales;SP;Privada;136;582.06;602.52;573.72;602.42;708.24;613.79
200;Moji Mirim;SP;Privada;275;584.79;606.51;574.49;620.98;682.04;613.76
201;Montanha;ES;Federal;37;570.67;606.59;566.79;589.92;732.97;613.39
202;Guarapari;ES;Privada;113;582.09;605.03;573.46;614.09;692.21;613.37
203;Arcos;MG;Privada;59;567.99;605.81;571.07;630.83;690.85;613.31
204;Londrina;PR;Privada;1182;588.6;613.09;579.48;621.45;661.96;612.92
205;Atibaia;SP;Privada;301;584.93;608.24;569.72;624.21;675.88;612.6
206;Itaperuna;RJ;Privada;123;581.81;610.13;561.92;604.21;704.88;612.59
207;Aracaju;SE;Federal;199;577.68;610.93;572.23;613.99;688.04;612.57
208;São José do Rio Preto;SP;Privada;1098;582.2;605.63;574.06;608.78;692.19;612.57
209;Santa Cruz das Palmeiras;SP;Privada;46;582.27;604.31;577.11;614.73;684.35;612.55
210;Leopoldina;MG;Federal;66;578.17;604.75;565.68;640.11;673.64;612.47
211;Três Rios;RJ;Privada;234;573.74;603.19;566.1;594.01;724.79;612.37
212;Tapejara;RS;Privada;11;595.23;593.77;579.73;629.4;663.64;612.35
213;Muriaé;MG;Privada;125;571.44;604.97;558.26;612.01;714.24;612.19
214;Bento Gonçalves;RS;Federal;115;592.94;614.78;575.46;631.67;645.91;612.15
215;Resende;RJ;Privada;301;578.61;608.6;563.41;604.79;705.1;612.1
216;Ribeirão Preto;SP;Privada;2068;587.34;606.55;572.08;610.15;684.19;612.06
217;Coronel Fabriciano;MG;Privada;126;543.39;597.24;551.2;584.17;783.81;611.96
218;Presidente Dutra;BA;Privada;1;629.4;617.1;587.2;665.9;560.0;611.92
219;Betim;MG;Federal;35;578.89;610.65;580.24;609.11;680.57;611.89
220;Muzambinho;MG;Privada;23;577.58;605.02;570.92;603.73;701.74;611.8
221;Sabinópolis;MG;Privada;24;573.56;602.6;567.94;648.98;665.83;611.78
222;Amparo;SP;Privada;152;579.4;605.4;572.09;616.84;684.61;611.67
223;Nova Iguaçu;RJ;Federal;103;582.29;615.82;568.28;619.17;671.07;611.32
224;Rio Pardo;RS;Privada;16;604.44;619.06;572.16;604.61;653.75;610.8
225;Itapira;SP;Privada;113;595.43;605.59;568.21;608.63;675.93;610.76
226;Raul Soares;MG;Privada;30;561.68;610.83;545.39;615.03;720.67;610.72
227;Sertãozinho;SP;Federal;66;590.37;617.49;565.82;622.61;656.97;610.65
228;Três Corações;MG;Privada;102;584.65;605.35;563.4;624.64;675.1;610.63
229;Curvelo;MG;Privada;70;571.07;596.3;578.67;597.63;708.0;610.34
230;Brusque;SC;Privada;122;586.75;605.01;583.91;617.09;658.85;610.32
231;Campanha;MG;Privada;33;583.45;606.3;576.53;626.11;659.09;610.3
232;Três Marias;MG;Privada;24;576.22;603.17;576.53;580.97;714.17;610.21
233;Porto Ferreira;SP;Privada;82;579.77;600.06;567.2;591.85;711.46;610.07
234;Salto;SP;Federal;76;601.23;623.92;552.73;624.13;648.16;610.04
235;São João Nepomuceno;MG;Privada;68;571.89;602.29;549.75;604.79;721.18;609.98
236;Linhares;ES;Federal;129;578.82;609.63;580.22;628.76;651.94;609.87
237;Cabo Frio;RJ;Federal;131;590.82;612.62;558.57;587.11;700.0;609.82
238;Santa Fé do Sul;SP;Privada;51;581.3;593.49;570.3;596.41;707.06;609.71
239;Barra do Piraí;RJ;Privada;157;581.25;610.3;566.7;578.9;710.32;609.49
240;São Gonçalo do Sapucaí;MG;Privada;43;569.97;605.67;564.32;576.57;729.77;609.26
241;Campo Belo;MG;Privada;81;571.77;602.05;573.36;622.22;676.6;609.2
242;Araras;SP;Privada;207;592.09;604.18;568.43;601.24;679.9;609.17
243;Ouro Branco;MG;Privada;67;578.09;610.64;554.33;591.0;711.34;609.08
244;Currais Novos;RN;Federal;103;579.98;603.0;563.72;584.94;713.2;608.97
245;Goiânia;GO;Privada;5536;579.55;604.29;566.27;592.16;701.91;608.84
246;Lages;SC;Federal;1;647.0;651.3;589.9;635.8;520.0;608.8
247;Miguel Pereira;RJ;Privada;38;581.07;597.17;563.9;614.51;687.11;608.75
248;Itaperuna;RJ;Federal;114;574.35;603.07;561.08;591.14;713.68;608.66
249;Teutônia;RS;Privada;40;583.68;597.31;562.83;627.37;672.0;608.64
250;Dourados;MS;Privada;403;571.65;597.6;562.47;592.85;718.35;608.59
251;Mutum;MG;Privada;12;580.93;597.23;564.94;604.75;695.0;608.57
252;Videira;SC;Federal;80;588.86;608.56;568.37;629.92;647.0;608.54
253;Congonhas;MG;Privada;47;571.96;598.38;556.38;612.03;703.83;608.52
254;Londrina;PR;Federal;38;596.63;600.83;570.63;643.74;630.53;608.47
255;Montes Claros;MG;Privada;1004;574.42;606.51;563.07;604.89;692.62;608.3
256;Irati;PR;Federal;32;586.31;605.83;563.88;632.32;653.12;608.29
257;Patrocínio;MG;Federal;66;574.98;597.28;555.4;606.05;707.58;608.26
258;Pinhalzinho;SC;Privada;11;583.21;598.9;557.76;650.51;650.91;608.26
259;Cabo Frio;RJ;Privada;304;583.13;608.51;554.5;596.39;698.55;608.22
260;Itaocara;RJ;Privada;53;574.59;603.85;553.58;608.59;700.19;608.16
261;Brasília;DF;Federal;492;583.16;606.77;570.97;615.36;664.17;608.09
262;Malhador;SE;Privada;16;563.62;611.92;533.1;571.58;760.0;608.04
263;Adamantina;SP;Privada;57;576.48;619.38;566.36;590.37;687.11;607.94
264;Franca;SP;Privada;581;573.44;592.35;551.07;596.82;725.72;607.88
265;Leopoldina;MG;Privada;75;574.48;603.09;574.94;627.85;658.4;607.75
266;Vacaria;RS;Privada;54;581.95;608.44;561.88;630.51;655.19;607.59
267;Ipirá;BA;Privada;23;567.04;624.07;588.7;568.31;689.57;607.54
268;Porto Seguro;BA;Federal;48;577.13;605.06;584.1;565.73;705.42;607.49
269;Florianópolis;SC;Federal;299;585.46;613.2;575.98;628.38;634.18;607.44
270;Mineiros;GO;Privada;67;575.61;598.35;549.25;579.74;734.03;607.39
271;Rolim de Moura;RO;Privada;18;574.65;613.28;558.67;611.28;677.78;607.13
272;Caconde;SP;Privada;12;577.6;612.8;567.43;590.69;686.67;607.04
273;Pirapozinho;SP;Privada;44;582.01;615.95;571.25;601.4;664.55;607.03
274;São João Evangelista;MG;Federal;140;567.15;610.48;549.98;599.11;708.0;606.94
275;Palmas;TO;Privada;527;579.5;604.55;566.99;589.36;694.27;606.93
276;Florianópolis;SC;Privada;1925;588.23;608.29;572.31;611.7;653.61;606.83
277;Carmo do Paranaíba;MG;Privada;19;568.37;588.61;576.81;618.92;681.05;606.75
278;Cachoeiro de Itapemirim;ES;Privada;365;569.83;599.97;568.04;599.7;696.05;606.72
279;Cantagalo;RJ;Privada;13;553.5;605.25;544.45;551.75;778.46;606.68
280;Janaúba;MG;Privada;83;573.15;609.33;564.81;619.75;665.78;606.56
281;Itabirito;MG;Privada;31;565.86;595.04;560.83;610.55;700.0;606.46
282;São Carlos;SP;Privada;711;584.18;604.17;566.5;598.25;679.21;606.46
283;Alpinópolis;MG;Privada;36;562.47;608.14;559.87;616.64;684.44;606.31
284;São João da Boa Vista;SP;Federal;63;584.37;605.78;551.01;648.02;641.59;606.15
285;Pontalina;GO;Privada;12;561.08;595.0;557.79;575.11;741.67;606.13
286;Ipiranga;PR;Privada;11;591.37;617.23;598.6;621.55;601.82;606.11
287;Santo Antônio de Jesus;BA;Privada;181;571.52;602.5;580.61;588.06;687.85;606.11
288;Cunha;SP;Privada;6;595.32;604.18;526.03;581.43;723.33;606.06
289;Venda Nova do Imigrante;ES;Federal;86;568.65;608.17;567.18;606.65;679.14;605.96
290;Boquim;SE;Privada;30;537.05;575.42;542.27;563.57;810.67;605.8
291;Caxambu;MG;Privada;51;577.85;605.21;557.41;616.12;672.16;605.75
292;Araraquara;SP;Privada;557;583.29;599.74;567.27;596.69;680.97;605.59
293;Osório;RS;Federal;69;579.16;606.68;550.56;612.34;678.26;605.4
294;Teresópolis;RJ;Privada;260;578.54;613.93;559.84;611.94;662.65;605.38
295;Machado;MG;Privada;59;568.97;585.07;563.68;603.69;705.42;605.37
296;Itajobi;SP;Privada;14;590.54;607.52;548.37;636.02;644.29;605.35
297;Ibitinga;SP;Privada;54;584.66;602.77;565.28;607.57;665.93;605.24
298;Passos;MG;Federal;30;557.2;595.46;553.12;600.23;720.0;605.2
299;Coronel Vivida;PR;Municipal;1;574.2;610.3;586.5;575.0;680.0;605.2
300;Colatina;ES;Privada;113;570.91;602.73;558.93;602.83;690.27;605.14
301;Santa Rosa;RS;Privada;141;575.93;594.42;570.13;605.84;679.29;605.12
302;Gaspar;SC;Federal;40;586.92;598.86;573.11;603.2;661.5;604.72
303;Inhumas;GO;Privada;78;567.48;593.23;564.74;601.04;696.67;604.63
304;Contagem;MG;Privada;863;579.03;603.33;567.53;612.9;659.77;604.51
305;Garibaldi;RS;Privada;13;577.9;612.33;545.99;582.96;703.08;604.45
306;Piracaia;SP;Privada;4;572.7;606.62;533.42;598.78;710.0;604.3
307;Paranaguá;PR;Federal;45;573.46;602.36;575.77;635.37;634.22;604.24
308;Piracicaba;SP;Privada;786;585.58;605.89;562.18;602.11;665.27;604.21
309;Avaré;SP;Privada;166;584.48;608.93;574.03;605.6;647.83;604.17
310;Jataí;GO;Federal;54;568.53;615.37;551.89;615.44;669.63;604.17
311;Feira de Santana;BA;Privada;969;578.6;608.05;566.53;590.64;676.64;604.09
312;Botucatu;SP;Privada;443;580.2;602.0;566.89;593.32;677.96;604.07
313;Arapiraca;AL;Federal;117;568.3;606.56;557.28;596.48;691.45;604.01
314;Itabirito;MG;Federal;54;585.96;600.46;561.96;604.91;666.67;603.99
315;Fortaleza;CE;Privada;7664;567.41;597.61;559.73;591.78;703.44;603.99
316;Votuporanga;SP;Privada;202;576.93;594.55;563.69;592.27;692.28;603.94
317;Goiânia;GO;Federal;180;588.92;615.5;557.72;577.95;678.0;603.62
318;Itu;SP;Privada;304;587.53;605.58;564.4;597.75;661.91;603.43
319;Bastos;SP;Privada;29;570.5;584.06;579.94;630.16;652.41;603.41
320;Porto Alegre;RS;Federal;291;586.37;604.89;558.98;606.93;659.66;603.36
321;Aroeiras;PB;Privada;9;577.14;597.28;560.8;523.64;757.78;603.33
322;Pinheiral;RJ;Federal;100;570.1;599.4;557.02;584.69;705.4;603.32
323;Vitória da Conquista;BA;Privada;645;572.16;601.16;550.46;597.58;695.2;603.31
324;Ceres;GO;Privada;78;572.94;595.45;551.27;583.53;713.08;603.25
325;Campinas;SP;Privada;2499;585.17;605.48;564.94;604.75;655.49;603.16
326;Valente;BA;Privada;9;550.26;620.72;571.6;579.44;693.33;603.07
327;Santo Amaro;BA;Federal;47;567.77;606.79;546.64;568.13;725.96;603.06
328;Formosa;GO;Federal;55;584.85;614.25;564.99;570.61;680.36;603.01
329;Macaé;RJ;Privada;438;571.28;603.38;555.71;581.81;702.65;602.97
330;Sorocaba;SP;Privada;1305;582.36;603.92;566.36;607.91;653.75;602.86
331;Canoas;RS;Federal;34;592.53;613.78;562.51;609.34;635.88;602.81
332;Carlos Barbosa;RS;Privada;19;587.61;607.46;564.17;643.94;610.53;602.74
333;Alfenas;MG;Privada;152;579.97;600.75;560.79;587.94;684.21;602.73
334;Guaíra;SP;Privada;65;572.17;605.45;566.95;599.09;669.54;602.64
335;Amargosa;BA;Privada;31;576.42;607.85;570.3;605.0;653.55;602.62
336;Uberaba;MG;Federal;96;580.58;609.38;568.25;612.89;640.83;602.39
337;Chapecó;SC;Federal;35;587.21;620.96;549.77;586.44;667.43;602.36
338;Espírito Santo do Pinhal;SP;Privada;69;588.69;600.67;567.2;595.15;659.71;602.28
339;Vassouras;RJ;Privada;72;576.92;599.67;551.6;590.33;691.94;602.09
340;Paracambi;RJ;Federal;82;571.2;600.21;554.62;617.66;666.34;602.01
341;Roca Sales;RS;Privada;49;571.08;598.08;543.03;596.38;701.22;601.96
342;Salinas;MG;Privada;32;563.73;590.93;563.66;618.96;672.5;601.96
343;Assis Chateaubriand;PR;Federal;16;582.82;592.83;559.81;599.09;675.0;601.91
344;Rio Pomba;MG;Privada;29;565.18;607.17;558.31;600.14;677.93;601.75
345;Ponte Nova;MG;Privada;133;560.91;593.89;551.2;592.36;709.92;601.66
346;Imperatriz;MA;Federal;135;555.55;590.1;568.45;602.81;691.41;601.66
347;Vera Cruz;RS;Privada;28;573.76;603.83;555.42;596.95;677.86;601.56
348;Novo Horizonte;SP;Privada;55;564.26;578.58;552.18;588.06;724.0;601.41
349;Andradina;SP;Privada;115;575.5;602.07;561.83;589.16;677.91;601.3
350;Cataguases;MG;Privada;121;574.0;600.66;556.23;585.83;689.75;601.3
351;Rio Claro;SP;Privada;507;582.65;601.69;565.35;606.87;649.66;601.24
352;Veranópolis;RS;Privada;83;562.86;585.5;560.2;581.03;716.63;601.24
353;Ouro Preto;MG;Federal;272;569.25;600.18;559.33;609.34;668.09;601.24
354;Jaú;SP;Privada;327;582.95;603.85;566.73;600.73;651.5;601.15
355;General Salgado;SP;Privada;10;581.29;587.82;532.6;599.88;704.0;601.12
356;Blumenau;SC;Federal;58;583.55;604.48;557.94;617.19;642.41;601.11
357;Carmo do Rio Claro;MG;Privada;24;563.91;587.2;558.75;617.32;678.33;601.1
358;Wenceslau Braz;PR;Privada;17;606.42;609.21;546.6;592.47;650.59;601.06
359;Soledade;RS;Privada;20;595.66;593.16;552.41;614.98;649.0;601.04
360;Guararapes;SP;Privada;70;567.85;593.24;565.72;607.08;670.86;600.95
361;Eusébio;CE;Privada;19;569.79;589.93;564.21;582.14;698.68;600.95
362;Vargem Grande Paulista;SP;Privada;69;588.36;604.61;572.24;602.65;636.23;600.82
363;Joinville;SC;Privada;1403;580.89;597.93;563.74;605.15;656.29;600.8
364;Ibaté;SP;Privada;12;570.38;593.18;566.34;585.66;688.33;600.78
365;Manhumirim;MG;Privada;23;571.4;587.39;572.07;602.96;669.57;600.68
366;Porecatu;PR;Privada;19;571.76;603.29;579.6;601.18;647.37;600.64
367;Pojuca;BA;Privada;129;573.43;605.4;553.44;553.52;717.21;600.6
368;Andradas;MG;Privada;73;581.33;602.31;561.33;591.24;666.58;600.56
369;Caruaru;PE;Federal;71;580.75;588.03;556.69;607.38;669.86;600.54
370;Jaraguá do Sul;SC;Privada;293;573.17;596.93;562.02;616.43;653.79;600.47
371;Itaberaba;BA;Privada;49;582.44;617.88;545.09;563.76;693.06;600.45
372;São Gonçalo do Amarante;RN;Federal;113;579.83;600.32;549.6;574.56;697.88;600.44
373;Camaquã;RS;Federal;88;586.97;601.59;565.17;591.35;655.45;600.11
374;Recife;PE;Privada;5300;574.01;598.85;553.94;591.43;681.57;599.96
375;Ijuí;RS;Privada;122;584.3;598.85;567.44;610.05;638.2;599.77
376;Campo Verde;MT;Privada;51;560.63;588.25;548.6;599.36;701.96;599.76
377;Caetanópolis;MG;Privada;21;545.92;574.46;557.89;606.19;714.29;599.75
378;São Bernardo do Campo;SP;Privada;1650;586.27;601.51;559.39;602.92;648.59;599.74
379;Carmópolis de Minas;MG;Privada;7;597.47;629.8;598.11;612.84;560.0;599.65
380;Papagaios;MG;Privada;9;564.09;599.41;533.98;567.04;733.33;599.57
381;Carazinho;RS;Privada;78;584.63;601.91;560.03;615.09;636.15;599.56
382;Cajamar;SP;Municipal;1;625.8;640.7;488.7;622.2;620.0;599.48
383;Indaiatuba;SP;Privada;479;584.33;602.39;561.52;605.84;643.29;599.47
384;Santos Dumont;MG;Privada;31;579.45;598.13;545.85;594.74;678.71;599.38
385;Registro;SP;Federal;1;600.8;644.0;597.7;594.2;560.0;599.34
386;Blumenau;SC;Privada;573;583.62;602.65;561.85;607.15;641.4;599.34
387;Capelinha;MG;Privada;11;566.92;607.32;580.87;603.33;638.18;599.32
388;Araçatuba;SP;Privada;511;578.1;600.73;560.07;597.2;660.43;599.31
389;Ourinhos;SP;Privada;197;574.3;597.25;566.23;615.98;642.13;599.18
390;Cosmópolis;SP;Privada;42;584.75;601.72;578.8;609.03;621.43;599.15
391;Jaguariúna;SP;Privada;75;579.68;598.6;564.57;611.5;641.33;599.14
392;Belém;PA;Federal;531;571.59;609.75;558.52;571.99;682.45;598.86
393;Pindamonhangaba;SP;Privada;176;578.98;603.7;558.83;586.87;665.8;598.83
394;Lauro de Freitas;BA;Privada;632;566.58;601.47;559.09;579.93;685.66;598.55
395;Itajubá;MG;Privada;313;565.03;594.48;561.07;609.58;662.11;598.45
396;Baependi;MG;Privada;39;570.21;600.52;572.87;601.93;645.64;598.23
397;Curitiba;PR;Privada;6093;578.82;600.33;562.61;606.96;642.4;598.22
398;Piedade;SP;Privada;51;561.95;604.77;567.06;605.06;652.16;598.2
399;Mirassol;SP;Privada;61;554.16;597.31;568.95;605.79;664.59;598.16
400;Urussanga;SC;Privada;13;595.0;613.99;557.72;604.05;620.0;598.15
401;Cruz das Almas;BA;Privada;173;566.29;593.57;550.13;591.44;688.98;598.08
402;Crato;CE;Privada;253;569.54;594.72;549.24;569.49;707.19;598.04
403;São Bento do Sul;SC;Privada;122;574.12;590.39;556.87;607.21;661.48;598.01
404;Serra Talhada;PE;Privada;50;550.56;597.75;554.36;601.13;685.2;597.8
405;Santana de Parnaíba;SP;Privada;206;589.14;606.53;562.75;597.09;633.11;597.73
406;Promissão;SP;Privada;40;568.23;583.78;564.62;595.24;676.5;597.67
407;Brasília;DF;Privada;8607;583.93;602.73;555.17;591.26;655.12;597.64
408;Ouro Fino;MG;Privada;60;577.93;591.31;556.31;612.68;650.0;597.64
409;Teresina;PI;Privada;3644;566.44;592.46;554.74;578.95;695.33;597.59
410;Coaraci;BA;Privada;38;565.52;605.04;547.84;555.61;713.68;597.54
411;Santa Cruz do Sul;RS;Privada;262;579.82;591.87;561.31;592.0;662.29;597.46
412;São Caetano do Sul;SP;Privada;597;585.24;600.8;556.83;609.97;633.33;597.24
413;Quirinópolis;GO;Privada;39;567.04;582.06;554.36;579.11;703.59;597.23
414;Américo Brasiliense;SP;Privada;14;594.69;614.26;559.35;594.62;622.86;597.16
415;Tietê;SP;Privada;80;567.93;586.72;569.71;612.03;648.75;597.03
416;Três de Maio;RS;Privada;32;578.66;596.05;577.96;574.8;657.5;596.99
417;Maceió;AL;Federal;412;566.99;595.14;547.85;590.14;684.17;596.86
418;Caçador;SC;Privada;66;579.51;597.71;563.52;609.75;633.64;596.83
419;Resplendor;MG;Privada;13;543.88;594.67;551.52;621.78;672.31;596.83
420;Jacutinga;MG;Privada;29;567.21;584.97;576.65;584.9;670.34;596.82
421;Caxias do Sul;RS;Privada;650;577.91;598.05;555.47;592.47;660.15;596.81
422;Campina Grande;PB;Privada;1447;562.88;590.87;544.0;569.52;716.67;596.79
423;Ilhabela;SP;Privada;47;587.22;604.6;556.26;632.97;602.23;596.66
424;Almenara;MG;Privada;12;585.67;597.87;539.02;618.63;641.67;596.57
425;Mucuri;BA;Privada;72;555.08;584.13;555.52;603.19;684.72;596.53
426;Carandaí;MG;Privada;11;552.13;609.89;564.06;652.84;603.64;596.51
427;Oliveira;MG;Privada;71;563.15;597.0;542.44;595.16;684.08;596.37
428;Rio do Sul;SC;Privada;206;575.15;591.82;557.34;601.1;656.46;596.37
429;Tanabi;SP;Privada;48;574.69;584.07;555.78;568.88;698.44;596.37
430;Campos dos Goytacazes;RJ;Federal;316;575.23;603.08;554.29;601.04;647.77;596.28
431;Iturama;MG;Privada;41;575.54;596.06;551.19;592.22;666.34;596.27
432;Luziânia;GO;Federal;65;575.47;603.84;558.84;593.26;649.54;596.19
433;Guaratuba;PR;Privada;28;574.52;591.51;564.46;579.7;670.71;596.18
434;Ivoti;RS;Privada;58;575.87;583.04;544.59;600.03;676.9;596.09
435;Ituverava;SP;Privada;95;562.89;590.92;546.07;584.47;696.0;596.07
436;Coromandel;MG;Privada;26;556.12;588.6;554.97;612.17;668.46;596.06
437;Santa Cruz do Rio Pardo;SP;Privada;91;582.93;600.81;550.37;590.67;655.38;596.03
438;Alvorada do Sul;PR;Privada;9;583.91;603.43;554.04;560.91;677.78;596.02
439;Barbacena;MG;Privada;246;571.08;591.49;546.76;592.4;677.97;595.94
440;Tangará da Serra;MT;Privada;88;567.52;590.89;540.48;592.18;688.41;595.9
441;Simão Dias;SE;Privada;68;561.06;585.61;551.36;561.93;718.82;595.76
442;Coração de Maria;BA;Privada;1;558.2;643.4;597.3;659.7;520.0;595.72
443;Ilhéus;BA;Federal;90;553.46;600.96;541.47;564.91;717.56;595.67
444;Nova Andradina;MS;Privada;12;585.43;592.75;558.36;564.3;676.67;595.5
445;Itabuna;BA;Privada;461;568.79;596.22;553.08;573.74;685.68;595.5
446;Vila Velha;ES;Privada;1296;571.23;599.06;558.8;592.68;655.62;595.48
447;Ibema;PR;Privada;13;568.49;598.98;525.72;608.67;675.38;595.45
448;Itabaiana;SE;Privada;306;557.88;584.47;548.55;563.08;722.03;595.2
449;Salvador;BA;Privada;6134;572.73;598.78;555.14;572.02;677.3;595.19
450;Volta Redonda;RJ;Privada;778;568.58;597.12;550.29;592.36;667.55;595.18
451;João Pinheiro;MG;Privada;56;567.91;591.2;546.47;576.97;693.21;595.15
452;Pirassununga;SP;Privada;242;573.04;595.64;561.97;584.48;660.5;595.13
453;Teixeira de Freitas;BA;Privada;131;561.43;591.55;550.95;570.0;701.37;595.06
454;Jacarezinho;PR;Federal;47;582.73;604.8;552.46;572.28;662.98;595.05
455;Mariana;MG;Privada;33;571.45;592.84;545.7;582.96;682.12;595.01
456;Santa Gertrudes;SP;Privada;10;579.07;598.06;574.39;621.19;602.0;594.94
457;Bragança Paulista;SP;Privada;351;575.19;595.13;556.1;602.79;645.37;594.92
458;Barreiras;BA;Federal;87;568.27;600.59;542.7;572.15;690.8;594.9
459;Santa Bárbara;BA;Privada;6;582.1;617.35;578.32;526.17;670.0;594.79
460;Campo Maior;PI;Privada;68;552.2;591.19;552.48;590.32;687.65;594.77
461;Monte Carmelo;MG;Privada;15;559.91;596.72;531.77;570.62;714.67;594.74
462;Presidente Prudente;SP;Privada;572;575.67;597.09;558.73;595.95;646.05;594.7
463;Comodoro;MT;Privada;1;586.3;573.0;598.8;555.4;660.0;594.7
464;Pirajuí;SP;Privada;25;571.58;585.97;568.3;619.54;628.0;594.68
465;Itajaí;SC;Privada;477;577.58;590.39;545.25;595.16;664.32;594.54
466;Ibirama;SC;Privada;18;589.71;594.79;552.11;630.43;605.56;594.52
467;Armação dos Búzios;RJ;Privada;11;583.63;611.5;557.04;554.79;665.45;594.48
468;Marialva;PR;Privada;22;568.13;584.9;546.89;563.33;709.09;594.47
469;Cuiabá;MT;Federal;420;570.27;598.95;540.18;570.71;691.48;594.32
470;Jundiaí;SP;Privada;1214;577.59;596.78;557.43;599.32;640.29;594.28
471;Pirapora;MG;Federal;57;567.95;596.09;560.71;563.77;682.81;594.26
472;Porto Alegre;RS;Privada;3613;581.62;601.19;550.28;593.27;644.56;594.18
473;Guarabira;PB;Federal;31;564.86;588.89;538.68;577.08;701.29;594.16
474;Guanambi;BA;Privada;65;574.12;598.32;555.99;591.44;650.77;594.13
475;Ibirubá;RS;Federal;64;565.27;593.76;549.06;599.18;662.5;593.96
476;Itupeva;SP;Privada;61;574.89;589.44;556.09;588.55;660.66;593.92
477;Piúma;ES;Federal;60;557.17;596.49;558.23;562.54;695.0;593.89
478;Parelhas;RN;Privada;20;550.78;591.19;535.56;585.9;706.0;593.89
479;Bento Gonçalves;RS;Privada;139;577.87;593.26;548.47;587.31;662.3;593.85
480;Aguaí;SP;Privada;16;591.19;600.36;540.45;584.68;652.5;593.84
481;Socorro;SP;Privada;70;567.87;605.5;563.45;605.83;626.57;593.84
482;Maringá;PR;Privada;1171;573.2;595.11;558.25;580.82;661.74;593.82
483;Frederico Westphalen;RS;Privada;43;561.26;600.56;573.02;581.33;652.09;593.65
484;Araruama;RJ;Privada;235;571.69;598.11;550.36;583.83;664.09;593.62
485;Taubaté;SP;Privada;763;574.45;597.74;551.09;586.13;658.68;593.62
486;Paranaíba;MS;Privada;55;567.08;587.96;563.11;572.0;677.82;593.6
487;Conchas;SP;Privada;56;567.13;593.76;561.36;609.81;635.71;593.56
488;Paramirim;BA;Privada;5;574.92;580.16;528.12;572.54;712.0;593.55
489;Vazante;MG;Privada;25;558.46;574.91;557.74;607.48;668.8;593.48
490;Taquaritinga;SP;Privada;78;558.68;585.78;554.09;599.02;669.74;593.46
491;Sobral;CE;Privada;572;556.48;590.57;550.63;573.61;695.98;593.46
492;Campina Grande;PB;Federal;204;577.19;600.87;537.57;561.88;688.92;593.29
493;Vinhedo;SP;Privada;309;582.07;597.38;550.81;578.63;657.41;593.26
494;Criciúma;SC;Federal;167;576.05;596.13;541.02;601.78;651.26;593.25
495;Guaíra;PR;Privada;41;565.21;592.27;539.75;556.34;712.68;593.25
496;São Paulo do Potengi;RN;Federal;17;555.25;601.93;569.41;570.08;669.41;593.22
497;São João da Boa Vista;SP;Privada;335;576.32;594.07;554.53;589.56;651.52;593.2
498;Colatina;ES;Federal;262;559.47;590.74;562.54;593.85;659.39;593.2
499;Paulo Afonso;BA;Federal;76;561.32;595.46;552.21;557.88;698.95;593.16
500;Piraju;SP;Privada;32;570.79;597.22;558.44;598.03;641.25;593.15
501;Camanducaia;MG;Privada;16;568.17;610.04;554.29;545.59;687.5;593.12
502;Alta Floresta;MT;Privada;50;569.93;599.34;545.26;570.36;680.4;593.06
503;Rio das Ostras;RJ;Privada;272;573.35;601.25;547.25;584.06;659.08;593.0
504;Osório;RS;Privada;14;586.6;600.09;529.19;533.94;714.29;592.82
505;Pompéia;SP;Privada;25;570.26;582.67;541.89;575.66;693.6;592.81
506;Sarandi;RS;Privada;22;589.93;609.6;565.18;576.47;622.73;592.78
507;Seabra;BA;Federal;58;563.79;598.96;531.21;559.78;710.0;592.75
508;Rio de Janeiro;RJ;Privada;17866;573.16;597.96;545.1;583.25;663.64;592.62
509;Russas;CE;Privada;72;564.17;599.14;539.88;566.82;693.06;592.61
510;Marília;SP;Privada;774;572.79;589.46;554.63;582.14;663.46;592.5
511;Americana;SP;Privada;655;577.07;595.59;553.37;600.86;635.27;592.43
512;Unaí;MG;Privada;86;562.33;595.01;549.48;578.82;676.51;592.43
513;Cascavel;PR;Privada;632;573.69;585.96;548.2;577.41;676.74;592.4
514;Dracena;SP;Privada;84;578.72;598.06;552.32;577.26;655.0;592.27
515;Salto;SP;Privada;138;578.84;598.0;555.93;582.11;646.38;592.25
516;Mococa;SP;Privada;132;566.2;587.5;551.41;591.6;664.55;592.25
517;São Paulo;SP;Privada;24041;583.34;598.38;552.73;591.87;634.04;592.07
518;Teixeira de Freitas;BA;Federal;79;567.95;597.62;564.0;568.82;661.77;592.03
519;Itatiba;SP;Privada;211;575.86;589.14;558.43;607.32;629.29;592.01
520;João Pessoa;PB;Privada;2987;560.82;589.36;548.55;570.91;689.66;591.86
521;Ipanguaçu;RN;Federal;109;563.83;589.52;537.74;567.62;700.0;591.74
522;Livramento de Nossa Senhora;BA;Privada;22;549.87;575.25;561.78;615.86;655.45;591.64
523;Eunápolis;BA;Privada;130;561.96;591.18;551.77;573.9;678.92;591.55
524;Ilha Solteira;SP;Privada;61;572.08;594.33;564.03;591.69;635.41;591.51
525;Jaciara;MT;Privada;50;561.03;587.89;555.15;601.94;651.2;591.44
526;Santo Antônio de Pádua;RJ;Privada;71;580.2;592.43;538.37;562.15;683.94;591.42
527;Ituiutaba;MG;Federal;124;572.78;592.32;546.65;584.08;660.81;591.33
528;Guaratinguetá;SP;Privada;230;574.45;594.74;553.84;583.58;649.48;591.22
529;Petrópolis;RJ;Privada;824;571.13;595.34;545.35;585.62;658.63;591.21
530;Santa Bárbara;MG;Privada;35;556.93;589.44;545.1;604.09;660.0;591.11
531;Laranjeiras do Sul;PR;Privada;26;565.81;574.7;553.42;629.04;632.31;591.06
532;Tupi Paulista;SP;Privada;18;571.36;598.44;571.91;592.27;621.11;591.02
533;Birigui;SP;Privada;134;574.8;582.26;553.43;577.52;667.01;591.01
534;Maravilha;SC;Privada;8;573.29;597.45;553.17;563.61;667.5;591.0
535;Tucano;BA;Privada;26;576.68;599.04;547.02;593.58;638.46;590.96
536;Tubarão;SC;Privada;332;574.87;597.63;551.9;586.18;644.16;590.95
537;Barra Bonita;SP;Privada;84;567.99;589.05;564.47;603.79;628.81;590.82
538;Venâncio Aires;RS;Federal;52;564.02;587.81;555.32;604.52;642.31;590.8
539;São Leopoldo;RS;Privada;249;575.12;590.31;547.84;600.77;639.36;590.68
540;Aracruz;ES;Privada;182;561.53;591.28;557.58;597.95;644.4;590.55
541;Taquarituba;SP;Privada;29;578.1;589.48;581.56;589.64;613.79;590.51
542;São José de Ribamar;MA;Privada;93;563.1;593.78;544.67;553.12;697.74;590.48
543;Simões Filho;BA;Federal;62;573.86;602.58;528.17;547.34;699.68;590.33
544;Paracatu;MG;Privada;119;561.79;583.98;560.16;595.03;649.87;590.17
545;Nepomuceno;MG;Privada;37;543.78;576.16;551.85;582.7;695.68;590.03
546;Santa Rita do Sapucaí;MG;Privada;133;571.78;590.02;548.99;626.55;612.78;590.02
547;Jequié;BA;Privada;169;564.67;593.84;539.46;563.07;687.93;589.79
548;Catanduva;SP;Privada;303;572.95;586.6;544.66;572.77;671.82;589.76
549;São Benedito;CE;Privada;32;568.22;590.29;534.94;561.68;693.12;589.65
550;Porto Nacional;TO;Privada;83;558.59;590.62;535.76;579.09;684.1;589.63
551;Luzerna;SC;Federal;36;573.08;602.62;553.15;617.05;602.22;589.63
552;Perdões;MG;Privada;47;554.21;586.67;554.86;601.35;651.06;589.63
553;Joaquim Felício;MG;Municipal;1;567.9;633.9;509.5;536.8;700.0;589.62
554;Lucélia;SP;Privada;14;553.4;573.04;543.42;578.86;698.57;589.46
555;Alto Araguaia;MT;Privada;14;562.99;598.83;530.13;576.57;678.57;589.42
556;Águas de Lindóia;SP;Privada;15;566.11;592.09;560.07;578.17;650.67;589.42
557;Criciúma;SC;Privada;724;576.61;596.42;548.82;594.27;630.99;589.42
558;Igarapava;SP;Privada;48;563.97;582.88;529.62;578.77;691.67;589.38
559;Iporá;GO;Federal;66;551.45;585.87;547.57;584.83;676.36;589.22
560;Fraiburgo;SC;Privada;45;564.4;583.56;557.19;582.92;657.78;589.17
561;Serrinha;BA;Privada;71;546.87;594.68;538.49;550.53;714.83;589.08
562;Lagoa Vermelha;RS;Privada;24;574.02;586.11;539.11;581.04;665.0;589.06
563;Não-Me-Toque;RS;Privada;8;579.06;606.15;525.92;563.74;670.0;588.98
564;Mogi das Cruzes;SP;Privada;872;577.18;591.15;547.65;590.58;638.31;588.97
565;Crateús;CE;Federal;9;555.81;586.19;573.97;591.03;637.78;588.96
566;Anta Gorda;RS;Privada;24;553.9;580.62;538.47;582.67;689.17;588.96
567;João Pessoa;PB;Federal;335;566.99;598.3;544.13;571.01;664.23;588.93
568;Cruzeiro;SP;Privada;207;572.43;594.44;545.72;563.31;668.12;588.8
569;Três Pontas;MG;Privada;51;562.58;596.02;557.6;590.05;637.65;588.78
570;Cotia;SP;Privada;626;581.65;595.2;553.04;590.5;623.52;588.78
571;Assis;SP;Privada;143;576.33;592.34;546.77;590.06;638.04;588.71
572;Palmeira dos Índios;AL;Federal;148;564.87;591.3;536.52;568.79;681.89;588.67
573;Joaçaba;SC;Privada;126;571.74;592.94;546.39;584.26;647.9;588.65
574;Barbalha;CE;Privada;75;559.9;587.87;545.38;581.96;667.73;588.57
575;Itaparica;BA;Privada;17;573.02;599.36;567.21;543.49;658.82;588.38
576;Paulínia;SP;Municipal;143;576.06;597.82;558.82;598.06;610.91;588.33
577;Camboriú;SC;Federal;173;584.6;606.69;555.57;580.12;614.34;588.26
578;Santa Maria;RS;Privada;668;578.32;594.06;546.39;567.88;654.67;588.26
579;Garça;SP;Privada;100;572.71;588.76;549.78;561.89;668.0;588.23
580;Bocaiúva;MG;Privada;62;562.32;587.95;552.22;580.57;658.06;588.22
581;Sinop;MT;Privada;301;558.66;581.27;554.79;587.83;658.52;588.22
582;Curitibanos;SC;Privada;19;573.23;616.87;538.69;553.05;658.95;588.16
583;São Francisco de Itabapoana;RJ;Privada;1;630.7;601.5;489.6;578.9;640.0;588.14
584;São Miguel do Oeste;SC;Federal;37;576.95;592.17;543.06;560.42;668.11;588.14
585;Estrela d'Oeste;SP;Privada;7;573.47;566.24;558.31;536.54;705.71;588.06
586;Paracatu;MG;Federal;73;569.48;590.89;548.38;572.53;658.36;587.93
587;Porto Franco;MA;Privada;15;576.71;599.71;548.1;518.68;696.0;587.84
588;Capão Bonito;SP;Privada;15;572.16;606.11;583.43;580.02;597.33;587.81
589;Campo Grande;MS;Privada;2114;562.08;584.49;544.91;578.24;668.83;587.71
590;Minaçu;GO;Privada;47;554.84;573.74;528.53;552.87;728.51;587.7
591;Serra Negra;SP;Privada;29;574.59;578.78;568.14;613.79;602.76;587.61
592;São Pedro;SP;Privada;40;576.36;596.74;566.4;570.62;627.5;587.52
593;Ilhéus;BA;Privada;308;568.62;594.32;547.13;556.35;671.04;587.49
594;Ibaiti;PR;Privada;25;577.54;585.28;537.95;610.79;625.6;587.43
595;Macaíba;RN;Federal;87;570.18;589.73;558.4;564.25;654.02;587.31
596;Araguari;MG;Privada;182;567.24;588.65;539.26;561.33;679.89;587.28
597;Araçuaí;MG;Federal;55;572.29;603.74;541.59;570.25;648.36;587.25
598;Santiago;RS;Privada;57;570.39;597.94;553.94;585.69;628.07;587.21
599;Sousa;PB;Privada;158;539.13;585.9;539.98;579.75;691.14;587.18
600;Teresina;PI;Federal;303;563.71;594.89;542.36;574.51;660.33;587.16
601;Espinosa;MG;Privada;2;596.6;626.85;510.4;561.55;640.0;587.08
602;Orlândia;SP;Privada;85;568.66;586.77;544.92;553.6;681.41;587.07
603;Rio Verde;GO;Privada;311;560.94;577.7;552.4;588.86;655.31;587.04
604;Santo Ângelo;RS;Privada;115;563.06;592.47;549.31;589.54;640.7;587.02
605;Palmeira das Missões;RS;Privada;9;576.54;602.08;537.1;581.09;637.78;586.92
606;Capivari;SP;Privada;64;576.62;587.5;547.99;561.77;660.62;586.9
607;Muritiba;BA;Privada;54;553.19;580.97;553.99;578.07;668.15;586.87
608;Conceição do Coité;BA;Privada;46;569.55;596.39;543.01;551.07;674.35;586.87
609;Caçapava;SP;Privada;144;575.51;590.76;536.47;580.39;650.83;586.79
610;Maria da Fé;MG;Privada;19;573.22;578.78;544.58;583.64;653.68;586.78
611;Benedito Novo;SC;Municipal;1;574.0;624.3;610.2;605.3;520.0;586.76
612;Itumbiara;GO;Federal;51;566.21;583.23;545.61;595.19;643.53;586.75
613;Guanambi;BA;Federal;113;568.04;600.79;548.35;548.87;667.43;586.7
614;Sumaré;SP;Privada;84;575.13;593.37;552.9;578.56;633.1;586.61
615;Lagarto;SE;Privada;106;564.41;592.16;544.42;552.15;679.81;586.59
616;Marilândia;ES;Privada;4;578.3;590.38;572.35;571.75;620.0;586.55
617;Guapimirim;RJ;Privada;15;546.57;583.83;575.7;597.27;629.33;586.54
618;Imbituba;SC;Privada;32;564.27;594.89;537.12;615.73;620.62;586.53
619;Prado;BA;Privada;1;534.8;590.2;613.4;633.4;560.0;586.36
620;Altônia;PR;Privada;8;575.06;605.66;552.39;543.7;655.0;586.36
621;Porto União;SC;Privada;89;566.56;592.11;548.65;589.76;634.61;586.34
622;São Luiz Gonzaga;RS;Privada;16;566.44;598.46;558.86;589.93;617.5;586.24
623;Telêmaco Borba;PR;Federal;5;632.78;606.48;532.86;595.02;564.0;586.23
624;Descalvado;SP;Privada;84;581.83;593.14;548.05;582.2;625.0;586.04
625;São Sebastião;SP;Privada;69;586.79;596.0;549.26;576.89;621.16;586.02
626;Irecê;BA;Federal;34;572.71;607.79;542.91;565.34;641.18;585.99
627;Francisco Beltrão;PR;Privada;180;569.12;590.39;554.68;592.72;622.89;585.96
628;Jataí;GO;Privada;175;564.83;593.36;546.47;580.77;644.27;585.94
629;Além Paraíba;MG;Privada;85;549.93;581.98;545.3;596.33;655.76;585.86
630;Uruaçu;GO;Federal;75;565.45;599.29;542.01;562.77;659.73;585.85
631;Indaial;SC;Privada;40;580.23;592.79;559.76;601.88;594.5;585.83
632;Ponta Grossa;PR;Privada;831;572.53;589.85;563.94;588.83;613.84;585.8
633;Cravinhos;SP;Privada;19;562.34;587.14;544.71;569.4;665.26;585.77
634;Santa Rita do Passa Quatro;SP;Privada;65;579.02;586.48;549.44;584.84;628.92;585.74
635;Santos;SP;Privada;1347;578.72;589.62;545.94;579.63;634.54;585.69
636;Petrolina;PE;Privada;717;559.51;588.0;547.38;575.66;657.57;585.62
637;Paranapanema;SP;Privada;5;565.38;599.82;529.28;517.42;716.0;585.58
638;Toledo;PR;Privada;321;560.68;585.38;543.36;576.99;661.37;585.56
639;Maricá;RJ;Privada;215;569.59;597.59;544.93;571.14;644.28;585.51
640;Palmital;SP;Privada;29;559.51;588.04;534.75;569.36;675.86;585.5
641;Araranguá;SC;Privada;126;569.65;591.27;553.25;592.25;620.95;585.47
642;Pelotas;RS;Federal;288;576.34;591.82;539.47;594.19;625.42;585.45
643;Encantado;RS;Privada;20;570.83;591.58;523.68;625.94;615.0;585.4
644;Aracaju;SE;Privada;2894;554.95;586.23;546.0;563.61;676.15;585.39
645;Passo Fundo;RS;Privada;296;573.62;593.53;547.34;573.21;638.85;585.31
646;Paraíba do Sul;RJ;Privada;17;550.14;587.12;538.25;569.78;681.18;585.29
647;Paraopeba;MG;Privada;23;561.28;578.52;554.5;551.89;680.0;585.24
648;Natividade;RJ;Privada;11;562.65;585.74;533.55;613.15;630.91;585.2
649;Trindade;GO;Privada;66;558.98;580.9;552.43;570.52;663.03;585.17
650;Presidente Bernardes;SP;Privada;11;577.68;602.51;544.98;555.06;645.45;585.14
651;Goiatuba;GO;Privada;12;567.58;578.84;553.43;617.46;608.33;585.13
652;Brotas;SP;Privada;56;574.16;586.82;550.21;572.33;642.14;585.13
653;Pederneiras;SP;Privada;76;578.31;590.38;546.87;579.78;630.0;585.07
654;Marabá;PA;Privada;272;557.92;585.4;548.5;553.72;679.63;585.04
655;Barras;PI;Privada;29;565.53;580.07;556.91;555.09;667.59;585.04
656;Surubim;PE;Privada;82;557.2;582.73;537.9;546.82;699.51;584.83
657;Auriflama;SP;Privada;26;566.43;587.67;556.83;569.33;643.85;584.82
658;Cornélio Procópio;PR;Privada;113;574.94;585.35;547.96;583.35;632.39;584.8
659;Eunápolis;BA;Federal;86;566.74;597.12;536.47;552.37;670.93;584.72
660;Extrema;MG;Privada;31;576.21;582.55;528.49;553.79;682.58;584.72
661;Guaçuí;ES;Privada;7;554.39;590.4;573.69;584.83;620.0;584.66
662;Campo Bom;RS;Privada;27;579.3;596.35;538.98;570.72;637.78;584.62
663;Foz do Iguaçu;PR;Privada;532;570.02;587.67;548.07;582.91;634.25;584.58
664;Feira de Santana;BA;Federal;63;571.67;601.09;537.31;550.84;661.9;584.56
665;Bauru;SP;Privada;804;573.77;591.18;550.77;577.14;629.72;584.51
666;Anápolis;GO;Privada;724;564.34;583.86;542.3;566.58;665.35;584.49
667;São Raimundo Nonato;PI;Federal;57;559.64;593.69;540.2;544.45;683.86;584.37
668;Aparecida de Goiânia;GO;Federal;80;568.48;592.19;543.41;565.45;651.75;584.26
669;Paraty;RJ;Privada;76;565.7;599.9;542.53;571.31;641.58;584.2
670;Parnamirim;RN;Privada;631;558.42;582.13;540.24;568.92;670.84;584.11
671;Ribeira do Pombal;BA;Privada;92;564.36;590.52;543.18;542.41;680.0;584.09
672;Patos;PB;Federal;61;564.74;597.7;515.65;579.63;662.62;584.07
673;Guaraciaba do Norte;CE;Privada;21;557.98;605.76;551.18;573.93;631.43;584.06
674;Colombo;PR;Privada;68;574.73;593.7;546.65;578.91;625.88;583.98
675;São Roque;SP;Privada;191;567.77;582.81;542.86;573.46;652.31;583.84
676;Corinto;MG;Privada;7;586.37;590.31;504.0;607.0;631.43;583.82
677;Primavera do Leste;MT;Federal;41;577.92;602.54;538.7;571.89;627.8;583.77
678;Juquitiba;SP;Privada;14;588.97;587.86;541.87;595.72;604.29;583.74
679;Nova Xavantina;MT;Privada;11;555.69;586.66;569.35;521.39;685.45;583.71
680;Irecê;BA;Privada;298;548.95;591.48;546.99;557.02;674.01;583.69
681;Montenegro;RS;Privada;53;573.48;579.71;545.15;600.33;619.62;583.66
682;Campos dos Goytacazes;RJ;Privada;770;563.82;587.72;543.21;572.25;650.88;583.58
683;Tambaú;SP;Privada;28;573.76;569.53;549.76;608.2;615.71;583.39
684;Rio Negrinho;SC;Privada;34;568.22;582.38;559.99;602.23;604.12;583.39
685;Mairinque;SP;Privada;10;583.22;589.78;548.97;572.6;622.0;583.31
686;Taquara;RS;Privada;174;572.68;582.27;537.97;580.93;642.64;583.3
687;São Miguel do Iguaçu;PR;Privada;52;567.09;580.11;558.63;589.67;620.77;583.25
688;Jaboticabal;SP;Privada;257;565.16;579.92;550.94;578.78;641.4;583.24
689;Jaguaribe;CE;Privada;29;545.79;573.93;517.61;572.41;706.21;583.19
690;Poções;BA;Privada;25;550.03;581.64;530.64;560.71;692.8;583.17
691;São Miguel do Araguaia;GO;Privada;17;539.05;575.75;502.91;542.22;755.29;583.05
692;Salto de Pirapora;SP;Privada;26;584.93;592.36;543.66;571.15;623.08;583.04
693;São José dos Quatro Marcos;MT;Privada;9;566.4;597.29;555.07;518.54;677.78;583.02
694;Belém;PA;Privada;5105;555.38;593.09;540.27;545.48;680.51;582.95
695;Itapeva;SP;Privada;116;570.02;583.9;555.15;589.42;614.48;582.6
696;Pau dos Ferros;RN;Federal;208;563.62;584.66;529.82;549.46;685.38;582.59
697;Borda da Mata;MG;Privada;16;568.92;584.83;533.25;574.69;651.25;582.59
698;Nova Mutum;MT;Privada;50;559.67;586.91;555.94;569.8;640.4;582.54
699;Ourilândia do Norte;PA;Privada;76;565.97;589.08;544.31;536.29;676.84;582.5
700;Floresta;PE;Federal;52;558.55;589.59;528.36;534.86;701.15;582.5
701;Aparecida do Taboado;MS;Privada;12;567.98;581.89;554.33;578.23;630.0;582.49
702;Araquari;SC;Privada;46;558.81;585.7;540.28;571.06;656.52;582.48
703;Cacoal;RO;Federal;26;557.52;597.62;544.47;568.86;643.85;582.46
704;Palotina;PR;Privada;56;558.68;584.96;556.19;576.61;635.36;582.36
705;Porto Real;RJ;Privada;14;572.49;597.01;536.68;546.54;658.57;582.26
706;Sabará;MG;Privada;53;561.53;572.0;555.3;557.25;664.91;582.2
707;Barretos;SP;Privada;198;567.59;587.63;547.26;574.34;634.14;582.19
708;Uberlândia;MG;Federal;114;561.5;586.82;549.93;580.76;631.23;582.05
709;São Sebastião da Grama;SP;Privada;17;573.79;585.24;546.89;574.86;629.41;582.04
710;Mafra;SC;Privada;84;560.83;593.08;549.9;577.76;628.57;582.03
711;Jequitinhonha;MG;Privada;16;576.76;594.12;514.64;609.47;615.0;582.0
712;Três Lagoas;MS;Federal;41;570.31;593.54;536.33;569.7;640.0;581.98
713;Porto Velho;RO;Privada;592;569.29;592.1;543.91;559.79;644.77;581.97
714;Bebedouro;SP;Privada;211;560.03;589.48;536.16;561.24;661.91;581.76
715;Caçapava do Sul;RS;Privada;18;562.38;590.16;571.42;575.75;608.89;581.72
716;Mossoró;RN;Privada;798;560.43;584.43;536.58;557.41;669.17;581.6
717;São José do Vale do Rio Preto;RJ;Privada;17;577.28;598.88;533.35;517.11;681.18;581.56
718;Luz;MG;Privada;22;563.34;596.89;558.95;592.11;596.36;581.53
719;Imperatriz;MA;Privada;479;550.92;581.79;531.08;544.89;698.91;581.52
720;Sertãozinho;SP;Privada;201;567.37;583.72;547.03;562.39;646.97;581.5
721;São Miguel Arcanjo;SP;Privada;13;582.3;594.7;540.89;610.84;578.46;581.44
722;Santo André;SP;Privada;2102;576.11;590.54;542.48;581.5;616.44;581.41
723;Paraipaba;CE;Privada;30;555.66;579.46;532.84;561.66;677.33;581.39
724;Inhuma;PI;Privada;5;542.38;590.68;526.14;619.7;628.0;581.38
725;Sorriso;MT;Privada;85;553.94;577.98;548.29;600.08;626.35;581.33
726;Alagoinhas;BA;Privada;250;569.18;594.81;548.19;564.37;630.06;581.32
727;Nossa Senhora da Glória;SE;Privada;50;553.72;586.58;539.27;544.38;682.4;581.27
728;Irará;BA;Privada;15;567.6;605.05;537.7;557.27;638.67;581.26
729;Brumado;BA;Privada;95;555.23;588.35;541.82;575.44;645.47;581.26
730;Caicó;RN;Privada;194;547.13;584.77;538.74;548.16;687.32;581.22
731;Sapé;PB;Privada;57;545.83;592.95;537.39;529.13;700.79;581.22
732;Paulínia;SP;Privada;138;562.15;583.91;545.25;579.15;634.93;581.08
733;Cordeiro;RJ;Privada;46;546.82;579.49;536.78;543.35;698.26;580.94
734;Engenheiro Coelho;SP;Privada;92;574.73;595.63;514.6;559.59;660.0;580.91
735;Nova Granada;SP;Privada;37;551.78;582.16;539.93;585.23;645.41;580.9
736;Leme;SP;Privada;77;571.39;582.15;538.76;586.97;625.19;580.89
737;Floriano;PI;Privada;135;554.65;584.65;540.48;556.32;668.15;580.85
738;Chapecó;SC;Privada;343;562.24;580.72;550.18;593.0;618.02;580.83
739;Custódia;PE;Privada;7;506.03;577.5;543.63;642.57;634.29;580.8
740;Teofilândia;BA;Privada;44;550.06;587.81;536.58;556.27;673.18;580.78
741;Palhoça;SC;Privada;204;566.94;593.02;546.44;589.78;607.75;580.78
742;Catalão;GO;Privada;382;564.25;586.0;541.23;556.0;656.02;580.7
743;Almenara;MG;Federal;75;566.44;592.05;544.39;554.67;645.6;580.63
744;Conselheiro Pena;MG;Privada;10;589.69;615.1;535.12;559.04;604.0;580.59
745;Fernandópolis;SP;Privada;124;560.79;575.01;542.49;584.88;639.52;580.54
746;Itamaraju;BA;Privada;46;560.46;588.54;545.9;574.27;633.48;580.53
747;Casa Branca;SP;Privada;28;580.75;586.67;544.61;589.6;600.71;580.47
748;Blumenau;SC;Municipal;121;565.9;590.79;543.71;585.59;616.36;580.47
749;Espigão D'Oeste;RO;Privada;22;572.93;580.36;527.89;573.52;647.27;580.4
750;Presidente Venceslau;SP;Privada;78;563.12;579.06;539.56;576.16;644.1;580.4
751;Itapetininga;SP;Privada;272;568.88;589.62;547.91;582.32;613.24;580.39
752;Barra do Garças;MT;Privada;69;568.29;597.79;536.76;548.61;650.43;580.38
753;Conceição de Macabu;RJ;Privada;26;563.84;593.03;544.16;573.15;627.69;580.37
754;Ipaussu;SP;Privada;30;561.04;586.44;545.79;588.67;619.33;580.26
755;Araguaína;TO;Privada;305;553.96;579.22;552.47;555.39;659.93;580.19
756;Cáceres;MT;Privada;119;540.5;571.14;517.78;524.96;746.55;580.19
757;Monte Alto;SP;Privada;119;566.91;572.09;546.75;575.47;638.99;580.04
758;Sairé;PE;Privada;50;555.6;584.92;534.92;541.06;683.6;580.02
759;Piripiri;PI;Privada;53;556.57;576.62;532.09;526.0;708.3;579.92
760;Altinópolis;SP;Privada;16;551.06;595.28;549.67;576.92;626.25;579.84
761;Saquarema;RJ;Privada;80;570.69;590.87;537.98;558.61;641.0;579.83
762;Artur Nogueira;SP;Privada;63;561.04;584.37;554.7;580.64;618.25;579.8
763;Balneário Camboriú;SC;Privada;322;570.59;587.36;546.94;578.3;615.53;579.74
764;Ivinhema;MS;Privada;12;582.07;604.63;551.77;568.35;591.67;579.7
765;Morro do Chapéu;BA;Privada;10;542.09;564.65;535.03;578.53;678.0;579.66
766;São Mateus do Sul;PR;Privada;43;570.92;582.17;562.79;602.36;580.0;579.65
767;Bela Vista do Paraíso;PR;Privada;18;566.62;583.41;535.0;606.18;606.67;579.57
768;Itápolis;SP;Privada;61;575.0;577.26;555.32;566.96;622.95;579.5
769;Ubatuba;SP;Privada;75;579.44;598.57;549.33;584.04;586.13;579.5
770;Concórdia;SC;Privada;110;567.55;576.57;546.78;588.89;617.45;579.45
771;São Pedro da Aldeia;RJ;Privada;87;575.2;594.02;534.22;558.96;634.25;579.33
772;Linhares;ES;Privada;183;556.22;574.79;539.52;586.16;639.45;579.23
773;Igarapé;MG;Privada;19;576.13;581.09;544.79;547.54;646.32;579.17
774;Pesqueira;PE;Federal;74;540.76;587.65;541.33;584.86;640.54;579.03
775;Lages;SC;Privada;283;563.99;585.6;543.19;580.32;621.84;578.99
776;Mirandópolis;SP;Privada;69;573.53;587.05;545.57;565.62;622.9;578.93
777;Rio das Ostras;RJ;Municipal;28;580.16;600.15;527.11;559.95;627.14;578.9
778;Cachoeira do Sul;RS;Privada;129;575.0;587.94;537.09;567.76;626.67;578.89
779;Abaetetuba;PA;Privada;169;552.63;579.4;540.55;503.79;717.99;578.87
780;Serra;ES;Privada;374;558.05;588.76;543.35;582.03;621.76;578.79
781;São Mateus;ES;Privada;105;561.39;582.99;540.8;605.98;602.67;578.77
782;Floriano;PI;Federal;138;550.95;586.28;535.37;554.21;666.67;578.69
783;Sombrio;SC;Federal;65;567.77;604.54;532.55;583.03;605.23;578.62
784;Caxias do Sul;RS;Federal;9;574.79;589.34;545.12;586.01;597.78;578.61
785;Goiás;GO;Privada;22;553.45;592.14;526.28;525.68;695.45;578.6
786;Goioerê;PR;Privada;31;565.53;594.69;549.29;570.86;612.26;578.52
787;Limeira;SP;Privada;536;567.88;584.02;545.29;567.99;627.23;578.48
788;Piranguinho;MG;Privada;9;588.66;578.13;503.41;593.07;628.89;578.43
789;Matão;SP;Privada;117;566.03;581.58;542.52;560.23;640.85;578.24
790;Bom Jesus;PI;Federal;43;548.28;580.93;537.37;594.45;629.77;578.16
791;Laguna;SC;Privada;82;560.62;595.6;546.23;571.06;617.07;578.12
792;Araci;BA;Privada;27;562.3;582.51;533.24;542.07;670.37;578.1
793;Apodi;RN;Federal;115;561.12;575.99;525.98;546.63;680.35;578.01
794;Marechal Cândido Rondon;PR;Privada;146;561.49;581.84;536.98;579.23;630.0;577.91
795;Santana do Deserto;MG;Municipal;1;554.5;527.8;431.3;615.7;760.0;577.86
796;Parnaíba;PI;Federal;38;559.25;583.94;524.04;563.57;658.42;577.85
797;Apiaí;SP;Privada;23;568.58;589.97;526.88;583.83;620.0;577.85
798;Jaguaruana;CE;Privada;18;559.64;589.18;526.09;552.05;662.22;577.84
799;Casimiro de Abreu;RJ;Privada;63;552.65;579.08;547.83;546.88;662.54;577.79
800;Cordeirópolis;SP;Privada;17;584.63;585.6;544.68;540.74;632.94;577.72
801;Cajazeiras;PB;Federal;134;554.74;579.52;524.74;550.2;679.4;577.72
802;Juquiá;SP;Privada;6;580.18;594.35;572.73;554.57;586.67;577.7
803;Imbituva;PR;Privada;18;568.89;592.5;548.64;602.88;575.56;577.69
804;Natal;RN;Privada;3255;559.18;579.41;535.77;553.76;659.87;577.6
805;Boa Vista;RR;Federal;210;566.75;591.49;538.72;557.26;633.71;577.59
806;Campo Mourão;PR;Privada;193;556.52;583.09;538.05;564.07;645.18;577.38
807;Bom Jesus do Itabapoana;RJ;Federal;137;553.88;588.04;549.14;561.66;633.87;577.32
808;Tatuí;SP;Privada;197;569.31;580.65;542.94;583.41;609.52;577.17
809;Lorena;SP;Privada;220;560.29;580.61;537.7;554.18;653.0;577.16
810;Bezerros;PE;Privada;42;569.3;590.08;523.56;543.7;659.05;577.14
811;João Câmara;RN;Federal;146;562.75;578.32;532.09;564.58;647.67;577.08
812;Piraquara;PR;Privada;11;577.21;607.49;559.6;561.1;580.0;577.08
813;Picos;PI;Privada;345;547.67;577.14;530.52;552.34;677.33;577.0
814;Umuarama;PR;Privada;307;559.96;581.52;541.12;556.44;645.54;576.91
815;Vista Alegre do Prata;RS;Estadual;5;562.24;595.16;530.44;540.62;656.0;576.89
816;Chapada dos Guimarães;MT;Privada;19;569.56;588.94;507.6;504.52;713.68;576.86
817;Urubici;SC;Privada;24;556.57;574.13;544.33;585.75;623.33;576.82
818;Santarém;PA;Privada;332;554.07;583.08;534.68;538.18;673.67;576.74
819;Matão;SP;Municipal;107;576.29;585.1;545.04;575.11;601.5;576.61
820;Quissamã;RJ;Federal;50;564.59;591.11;541.48;561.18;624.4;576.55
821;Boituva;SP;Privada;114;573.82;588.16;543.71;565.83;611.23;576.55
822;Alegrete;RS;Privada;50;547.58;576.06;527.44;548.78;682.4;576.45
823;São Gabriel da Palha;ES;Municipal;1;572.7;604.0;595.6;589.5;520.0;576.36
824;Passa Quatro;MG;Privada;22;562.0;581.19;545.88;549.74;642.73;576.31
825;Pato Branco;PR;Privada;225;560.05;583.06;544.27;578.23;615.93;576.31
826;Santa Bárbara d'Oeste;SP;Privada;104;569.89;588.68;541.55;555.59;625.67;576.28
827;Ipuã;SP;Privada;30;548.3;580.51;520.03;587.89;644.67;576.28
828;Araranguá;SC;Federal;46;564.57;592.15;537.62;576.15;610.87;576.27
829;Piracanjuba;GO;Privada;16;569.06;559.17;544.64;553.06;655.0;576.19
830;Araquari;SC;Federal;105;572.15;588.78;551.1;570.77;597.9;576.14
831;Jacobina;BA;Privada;113;558.17;584.69;532.81;548.02;656.81;576.1
832;Cardoso;SP;Privada;13;563.2;583.52;549.88;554.64;629.23;576.09
833;Dores do Indaiá;MG;Privada;17;556.21;594.42;553.9;558.97;616.47;575.99
834;Laranjal Paulista;SP;Privada;21;563.88;578.56;549.71;537.19;650.48;575.96
835;Visconde do Rio Branco;MG;Privada;33;544.92;577.97;528.7;560.19;666.67;575.69
836;Edéia;GO;Privada;15;537.99;558.11;540.12;590.06;652.0;575.65
837;Jacobina;BA;Federal;118;564.44;597.94;525.62;531.0;659.15;575.63
838;Giruá;RS;Privada;14;554.87;587.44;537.14;594.38;604.29;575.62
839;Caraguatatuba;SP;Privada;116;575.75;589.46;530.83;569.77;611.72;575.51
840;Carlos Chagas;MG;Privada;13;569.28;583.45;541.08;582.15;601.54;575.5
841;Rincão;SP;Privada;12;551.08;573.66;552.02;540.54;660.0;575.46
842;Gurupi;TO;Federal;30;543.59;586.17;545.11;542.18;660.0;575.41
843;Ubajara;CE;Privada;26;541.1;550.35;543.17;545.43;696.92;575.39
844;Santaluz;BA;Privada;24;571.13;583.64;549.65;541.42;630.83;575.33
845;São José;SC;Federal;90;565.55;597.8;536.42;587.26;589.56;575.32
846;Nova Serrana;MG;Privada;41;550.54;565.73;531.55;600.79;627.8;575.28
847;Araputanga;MT;Privada;14;558.73;587.99;533.41;487.56;708.57;575.25
848;Timbó;SC;Privada;62;576.01;588.05;551.82;588.88;571.29;575.21
849;Sapucaia do Sul;RS;Federal;116;575.04;594.3;512.88;578.08;615.69;575.2
850;Cuiabá;MT;Privada;2116;549.08;580.17;529.91;554.26;662.46;575.17
851;Pitangui;MG;Privada;35;543.99;567.56;534.36;581.11;648.0;575.0
852;Senador Pompeu;CE;Privada;16;545.56;576.33;536.29;550.49;666.25;574.98
853;Pirapora;MG;Privada;51;582.33;590.0;531.31;547.25;623.92;574.96
854;Itararé;SP;Privada;38;572.14;586.8;540.72;592.48;582.63;574.96
855;Prudentópolis;PR;Municipal;1;570.4;582.2;540.6;561.3;620.0;574.9
856;Florestal;MG;Municipal;1;617.3;624.2;586.3;586.5;460.0;574.86
857;Santa Teresa;ES;Federal;122;549.15;584.13;539.25;555.24;646.39;574.83
858;Bariri;SP;Privada;44;567.3;582.87;530.02;559.17;634.09;574.69
859;Tobias Barreto;SE;Privada;59;549.62;582.73;520.16;521.88;698.98;574.67
860;São Joaquim de Bicas;MG;Privada;5;533.28;584.14;531.74;627.14;596.0;574.46
861;São Miguel do Oeste;SC;Privada;111;561.38;589.94;532.41;569.93;618.2;574.37
862;São Bento do Sapucaí;SP;Privada;16;575.49;583.44;544.39;565.75;602.5;574.31
863;Seabra;BA;Privada;22;549.78;583.05;553.27;511.5;673.64;574.25
864;Januária;MG;Federal;116;550.87;582.23;542.18;567.65;628.28;574.24
865;José de Freitas;PI;Privada;21;538.84;575.94;530.25;539.43;686.67;574.23
866;Cocal do Sul;SC;Privada;49;557.08;568.25;525.32;585.32;634.69;574.13
867;Jardinópolis;SP;Privada;101;556.86;582.07;547.13;552.66;631.88;574.12
868;Penápolis;SP;Privada;161;565.57;588.84;536.42;568.74;610.81;574.08
869;Guará;SP;Privada;16;545.62;565.15;542.12;555.84;661.25;574.0
870;Campos do Jordão;SP;Privada;85;564.15;580.93;536.57;567.33;620.71;573.94
871;Agudos;SP;Privada;66;563.98;569.14;533.13;555.17;647.27;573.74
872;Olímpia;SP;Privada;43;557.41;586.94;547.22;575.47;600.93;573.6
873;Lins;SP;Privada;175;553.78;578.38;542.24;570.85;622.4;573.53
874;Lagarto;SE;Federal;150;549.02;587.35;531.02;549.18;651.07;573.52
875;Cabedelo;PB;Privada;27;546.89;579.45;515.93;539.13;685.93;573.47
876;Gravatá;PE;Privada;57;558.97;585.75;526.88;530.14;665.44;573.43
877;Tucuruí;PA;Federal;57;554.06;593.35;533.64;560.08;625.26;573.28
878;Porto Seguro;BA;Privada;141;552.84;588.47;528.08;553.29;643.62;573.26
879;Bagé;RS;Federal;65;567.83;582.52;525.28;572.03;618.46;573.23
880;Marechal Deodoro;AL;Federal;61;559.0;587.14;531.22;524.82;663.93;573.22
881;Jacareí;SP;Privada;323;563.58;579.48;531.43;557.68;633.81;573.2
882;Jequié;BA;Federal;43;559.15;590.47;542.44;548.7;624.65;573.08
883;Porto Belo;SC;Privada;41;567.47;592.34;548.12;563.21;594.15;573.06
884;Cajuru;SP;Privada;15;559.69;568.16;544.31;582.32;610.67;573.03
885;Arinos;MG;Privada;4;564.2;575.45;536.93;543.4;645.0;573.0
886;Quixeré;CE;Privada;21;538.84;561.08;540.81;539.43;684.76;572.98
887;Arujá;SP;Privada;106;571.43;582.95;545.13;564.66;600.75;572.98
888;Araçuaí;MG;Privada;30;549.44;586.13;536.18;578.58;614.0;572.87
889;Montenegro;RS;Municipal;1;571.1;558.3;570.0;524.2;640.0;572.72
890;Matinhos;PR;Privada;12;561.11;582.06;548.41;578.45;593.33;572.67
891;Ribeirão Pires;SP;Privada;194;562.59;579.7;530.17;562.34;628.43;572.65
892;Serro;MG;Privada;21;545.32;570.72;556.82;570.32;620.0;572.64
893;Porteirinha;MG;Privada;5;531.08;576.22;537.88;549.96;668.0;572.63
894;Ji-Paraná;RO;Federal;167;562.83;576.64;535.05;559.65;628.98;572.63
895;Palmeira;PR;Privada;40;560.93;587.48;550.22;583.91;580.5;572.61
896;Nova Cruz;RN;Federal;125;563.37;582.97;524.38;549.88;642.24;572.57
897;Ibirubá;RS;Privada;24;573.45;582.98;537.73;551.02;617.5;572.54
898;Canela;RS;Privada;55;562.88;579.35;546.71;554.45;619.27;572.53
899;Rolândia;PR;Privada;100;559.5;576.95;542.04;564.14;620.0;572.52
900;Itatiaia;RJ;Privada;13;568.71;592.03;515.84;544.44;641.54;572.51
901;Pacaembu;SP;Privada;15;535.21;591.81;536.19;561.81;637.33;572.47
902;Salgueiro;PE;Privada;10;546.78;563.02;559.41;541.08;652.0;572.46
903;Nazaré da Mata;PE;Privada;63;552.44;579.57;534.18;526.23;669.84;572.45
904;Bom Jesus da Lapa;BA;Privada;53;544.52;586.81;542.01;549.44;638.87;572.33
905;Conceição das Alagoas;MG;Privada;6;547.93;562.8;538.12;517.48;693.33;571.93
906;Rio Brilhante;MS;Privada;24;564.73;584.76;536.79;542.55;630.83;571.93
907;Inhambupe;BA;Municipal;2;574.4;589.2;502.3;513.75;680.0;571.93
908;Diamantino;MT;Privada;4;516.72;576.28;581.33;595.25;590.0;571.92
909;Canoinhas;SC;Privada;35;558.08;560.89;543.81;602.04;594.29;571.82
910;Corumbá;MS;Federal;37;562.26;583.43;532.42;543.61;637.3;571.8
911;Macapá;AP;Federal;170;561.2;580.09;524.04;537.74;654.82;571.58
912;Erechim;RS;Privada;256;558.33;575.37;537.44;576.7;609.92;571.55
913;Euclides da Cunha;BA;Privada;32;554.25;589.93;540.15;527.16;646.25;571.55
914;Três Lagoas;MS;Privada;166;557.24;582.83;537.96;563.78;615.3;571.42
915;Patos;PB;Privada;370;542.15;573.71;530.07;554.61;656.38;571.38
916;Forquilhinha;SC;Privada;12;562.98;563.93;498.73;592.86;638.33;571.37
917;Angra dos Reis;RJ;Municipal;1;601.5;599.5;559.8;615.6;480.0;571.28
918;Lucas do Rio Verde;MT;Privada;102;553.64;580.69;538.43;589.09;594.12;571.19
919;Goianésia;GO;Privada;33;553.4;580.31;531.12;549.65;641.21;571.14
920;Osasco;SP;Privada;1942;570.17;585.41;530.26;553.58;616.27;571.14
921;Lima Duarte;MG;Privada;8;564.44;574.78;512.83;558.31;645.0;571.07
922;Arcoverde;PE;Privada;125;564.7;581.01;513.93;545.58;650.08;571.06
923;Porto Velho;RO;Federal;194;574.4;588.25;520.93;544.76;626.91;571.05
924;Senhor do Bonfim;BA;Privada;159;558.36;580.8;527.76;540.99;647.11;571.0
925;Granja;CE;Privada;10;522.19;554.0;545.39;575.36;658.0;570.99
926;Luís Eduardo Magalhães;BA;Privada;118;551.85;576.3;536.32;549.22;641.19;570.97
927;Ponta Grossa;PR;Federal;2;604.9;571.65;561.1;577.05;540.0;570.94
928;Cristina;MG;Privada;8;549.46;581.58;548.79;551.64;622.5;570.79
929;Palmas;TO;Federal;186;567.33;586.32;531.24;562.39;606.34;570.73
930;Lençóis Paulista;SP;Privada;154;557.45;572.76;537.74;583.86;601.82;570.73
931;Peruíbe;SP;Privada;84;571.2;571.8;536.91;558.98;614.52;570.68
932;Arraias;TO;Privada;5;569.84;573.8;509.88;471.78;728.0;570.66
933;Santana de Parnaíba;SP;Estadual;138;571.16;591.1;520.55;547.62;622.32;570.55
934;Muzambinho;MG;Federal;162;546.98;578.08;534.9;569.59;622.96;570.5
935;Rio Casca;MG;Privada;14;558.63;567.87;533.3;578.21;614.29;570.46
936;Martinópolis;SP;Privada;25;539.56;565.72;544.82;570.5;631.2;570.36
937;Cajamar;SP;Privada;26;556.45;580.15;508.84;540.95;665.38;570.35
938;Quixadá;CE;Privada;64;568.98;573.03;522.54;541.35;645.31;570.24
939;Riachão do Jacuípe;BA;Privada;48;560.01;581.58;533.38;525.24;650.83;570.21
940;Itaporanga;SP;Privada;18;549.44;565.49;535.13;583.95;616.67;570.14
941;Santa Rosa de Viterbo;SP;Privada;43;556.07;561.15;533.59;551.26;648.37;570.09
942;Carapicuíba;SP;Privada;89;569.14;580.01;545.72;562.11;593.26;570.05
943;Nova Araçá;RS;Privada;12;559.79;559.04;514.26;555.32;661.67;570.02
944;Bandeirantes;PR;Privada;101;550.44;576.35;535.68;542.71;644.16;569.87
945;Paraguaçu Paulista;SP;Privada;50;568.42;578.37;519.03;562.98;620.4;569.84
946;Apucarana;PR;Privada;315;562.34;579.75;542.44;571.52;592.95;569.8
947;Guarulhos;SP;Privada;2182;566.13;578.67;529.13;559.93;615.15;569.8
948;Picuí;PB;Federal;99;555.62;574.95;517.26;541.27;659.8;569.78
949;Mairiporã;SP;Privada;88;579.46;578.28;534.38;548.96;606.65;569.55
950;Ituiutaba;MG;Privada;91;550.35;574.32;537.05;560.38;625.49;569.52
951;Alegre;ES;Federal;152;552.5;573.78;540.35;554.43;626.45;569.5
952;Itá;SC;Municipal;22;558.23;561.71;527.13;546.01;653.64;569.34
953;Gurupi;TO;Privada;130;534.83;575.56;541.56;580.21;614.46;569.32
954;Baturité;CE;Privada;23;556.88;570.85;517.78;511.11;689.57;569.24
955;Cianorte;PR;Privada;154;555.09;576.07;531.23;547.67;635.97;569.21
956;Concórdia;SC;Federal;117;548.1;573.3;546.1;568.67;609.4;569.11
957;Colorado;PR;Privada;12;549.34;582.58;537.1;562.73;613.33;569.02
958;Iguatu;CE;Privada;182;542.26;566.52;538.91;554.4;642.75;568.97
959;Iguape;SP;Privada;51;568.47;584.36;533.3;561.27;597.25;568.93
960;Varre-Sai;RJ;Privada;4;535.98;582.45;540.45;495.65;690.0;568.9
961;Ouro;SC;Privada;17;563.64;568.28;525.68;539.81;647.06;568.89
962;Campo Limpo Paulista;SP;Privada;118;561.21;572.29;526.61;557.31;626.95;568.87
963;Bady Bassitt;SP;Privada;21;549.98;578.74;535.76;583.06;596.19;568.75
964;Paranavaí;PR;Federal;26;566.02;575.41;538.38;525.42;638.46;568.74
965;Rio Branco;AC;Privada;611;558.01;582.27;531.45;533.89;638.1;568.74
966;São Fidélis;RJ;Privada;44;559.93;585.89;530.58;557.24;609.55;568.64
967;Ananindeua;PA;Privada;1452;548.8;580.41;529.81;524.98;659.18;568.64
968;Jaguarão;RS;Privada;9;545.96;589.03;543.49;575.67;588.89;568.61
969;Olinda;PE;Privada;1144;554.04;578.06;526.85;538.83;645.09;568.57
970;Tramandaí;RS;Privada;15;561.6;583.65;512.86;543.34;641.33;568.56
971;São Luís;MA;Privada;3019;550.86;577.63;526.22;533.85;654.0;568.51
972;Aquiraz;CE;Privada;37;553.15;586.19;532.62;520.72;649.73;568.48
973;Carmo;RJ;Privada;21;546.82;582.91;528.0;537.87;646.67;568.46
974;São Marcos;RS;Privada;12;560.92;563.11;532.84;551.88;633.33;568.42
975;Itapetinga;BA;Federal;55;554.62;590.1;517.74;538.83;640.35;568.33
976;Nanuque;MG;Privada;47;561.57;572.12;540.13;538.97;628.09;568.17
977;Bom Jesus de Goiás;GO;Privada;8;573.29;578.15;547.81;553.59;587.5;568.07
978;Serafina Corrêa;RS;Privada;11;546.66;582.25;532.08;511.8;667.27;568.01
979;Barracão;PR;Privada;10;571.17;567.46;562.94;556.23;582.0;567.96
980;Paulo Afonso;BA;Privada;174;551.4;577.51;533.31;556.28;621.26;567.95
981;Posse;GO;Privada;16;571.91;588.17;542.27;547.3;590.0;567.93
982;Primavera do Leste;MT;Privada;78;547.84;569.15;541.41;550.13;631.03;567.91
983;Uruaçu;GO;Privada;81;555.68;581.96;528.11;549.33;624.44;567.9
984;Campina Verde;MG;Privada;26;555.01;579.05;527.4;546.41;631.54;567.88
985;Balneário Camboriú;SC;Municipal;2;586.55;586.95;540.7;585.0;540.0;567.84
986;Itaboraí;RJ;Privada;254;557.77;581.22;518.14;510.95;670.94;567.81
987;Vitória de Santo Antão;PE;Privada;335;542.23;566.12;521.3;528.82;680.18;567.73
988;São Luís de Montes Belos;GO;Privada;55;538.72;573.23;543.38;559.01;624.0;567.67
989;Jarinu;SP;Privada;14;538.54;593.11;525.95;590.71;590.0;567.66
990;Guarapuava;PR;Privada;309;558.7;578.97;536.37;563.79;600.39;567.64
991;Manaus;AM;Privada;2619;561.22;581.84;529.56;541.93;623.59;567.63
992;Santa Luzia;MG;Privada;133;557.65;580.74;530.01;547.63;621.95;567.6
993;Arataca;BA;Municipal;1;568.1;602.8;510.7;636.4;520.0;567.6
994;São Luís;MA;Federal;737;559.39;582.87;519.28;529.99;646.11;567.53
995;São Caitano;PE;Municipal;1;571.7;541.4;511.0;493.5;720.0;567.52
996;Marau;RS;Privada;26;562.57;565.52;540.28;567.45;601.54;567.47
997;Goianinha;RN;Privada;26;535.3;569.61;518.48;531.58;682.31;567.46
998;Várzea da Palma;MG;Privada;13;557.38;567.72;529.56;559.3;623.08;567.41
999;São Benedito;CE;Municipal;6;524.18;546.32;524.03;569.13;673.33;567.4
1000;Brejo Santo;CE;Privada;46;541.03;572.59;536.62;515.64;670.87;567.35
1001;Coruripe;AL;Privada;19;566.24;574.18;530.63;527.76;637.89;567.34
1002;Castro;PR;Privada;115;571.34;585.92;537.09;563.0;579.13;567.3
1003;Rondonópolis;MT;Federal;80;555.94;581.97;527.67;541.1;629.25;567.19
1004;Caldas Novas;GO;Privada;118;552.37;574.87;530.36;549.84;628.14;567.12
1005;Morrinhos;GO;Privada;32;548.5;564.07;519.81;536.85;666.25;567.1
1006;Canoas;RS;Privada;593;557.83;580.86;527.35;570.52;598.79;567.07
1007;Inhumas;GO;Federal;45;552.18;584.94;511.06;531.52;655.56;567.05
1008;Manaus;AM;Federal;500;556.51;583.25;527.75;565.95;601.03;566.9
1009;Santa Cruz;RN;Federal;105;556.51;572.86;531.08;539.37;634.1;566.78
1010;Campos Sales;CE;Privada;6;543.3;550.33;524.98;485.27;730.0;566.78
1011;Colina;SP;Privada;21;557.14;574.96;526.45;557.14;618.1;566.76
1012;Santo Antônio;RN;Municipal;1;594.9;555.7;479.4;503.5;700.0;566.7
1013;Taboão da Serra;SP;Privada;358;565.32;581.93;529.99;547.28;608.83;566.67
1014;Ilha Comprida;SP;Municipal;1;581.7;623.6;510.4;437.4;680.0;566.62
1015;Remanso;BA;Privada;35;545.3;579.0;531.59;564.59;612.57;566.61
1016;São Domingos do Maranhão;MA;Privada;8;540.08;586.72;546.24;539.92;620.0;566.59
1017;Visconde do Rio Branco;MG;Municipal;84;546.89;572.04;520.17;549.02;644.76;566.58
1018;Jaguaquara;BA;Privada;69;549.24;564.72;525.19;548.88;644.64;566.54
1019;Timbaúba;PE;Privada;43;539.9;570.8;540.99;562.35;618.6;566.53
1020;Ituberá;BA;Privada;18;556.64;589.42;542.48;522.89;621.11;566.51
1021;Água Boa;MT;Privada;19;534.21;573.66;535.32;520.87;668.42;566.5
1022;Ariquemes;RO;Privada;44;548.43;570.47;535.51;572.6;605.45;566.49
1023;Sant'Ana do Livramento;RS;Privada;96;563.03;580.34;525.55;546.59;616.88;566.48
1024;Caçu;GO;Privada;8;553.58;549.8;537.45;553.6;637.5;566.38
1025;Pedreira;SP;Privada;43;567.16;569.12;540.03;546.57;608.84;566.34
1026;José Bonifácio;SP;Privada;101;548.56;570.87;540.46;554.54;617.23;566.33
1027;Castanhal;PA;Privada;560;546.31;580.27;527.11;515.62;661.89;566.24
1028;Aparecida de Goiânia;GO;Privada;794;547.34;572.64;533.87;537.99;638.87;566.14
1029;Cocal dos Alves;PI;Estadual;27;538.11;577.93;550.57;554.57;608.89;566.01
1030;Nova Petrópolis;RS;Privada;52;557.11;565.08;526.08;585.51;595.77;565.91
1031;Ceres;GO;Federal;157;553.27;575.42;523.08;547.92;629.81;565.9
1032;Avaré;SP;Federal;39;550.06;567.91;540.92;560.3;610.26;565.89
1033;Gravataí;RS;Privada;401;557.37;584.6;525.22;547.35;614.46;565.8
1034;Tijucas;SC;Privada;102;564.03;573.01;521.54;550.06;620.2;565.77
1035;Quedas do Iguaçu;PR;Privada;8;558.42;576.06;549.7;536.15;607.5;565.57
1036;Belo Jardim;PE;Privada;82;559.04;565.23;532.6;563.18;607.61;565.53
1037;Inconfidentes;MG;Federal;125;553.37;579.15;530.18;557.39;607.36;565.49
1038;Irati;PR;Privada;76;557.13;569.83;523.25;563.79;613.42;565.48
1039;Lajinha;MG;Privada;5;540.92;556.62;532.4;544.8;652.0;565.35
1040;Machado;MG;Federal;119;551.24;569.54;528.68;566.18;611.09;565.35
1041;Bambuí;MG;Federal;84;527.86;579.52;548.94;572.52;597.8;565.33
1042;Cachoeiras de Macacu;RJ;Privada;37;557.06;593.44;527.1;545.39;603.24;565.25
1043;Mantena;MG;Privada;6;547.9;575.48;547.92;524.72;630.0;565.2
1044;Ipiaú;BA;Privada;75;553.62;578.39;548.88;521.75;623.2;565.17
1045;Parauapebas;PA;Privada;262;556.18;577.56;527.89;539.4;624.81;565.17
1046;Ivaiporã;PR;Federal;20;567.31;565.54;527.17;568.22;597.0;565.05
1047;Magé;RJ;Privada;251;555.86;583.42;529.01;530.68;626.1;565.01
1048;Oriximiná;PA;Privada;74;548.74;574.28;518.82;516.62;666.22;564.93
1049;Paulistana;PI;Federal;42;530.71;564.53;498.34;558.21;672.86;564.93
1050;Torres;RS;Privada;29;561.47;597.98;541.22;554.8;568.97;564.89
1051;Duartina;SP;Privada;23;547.3;569.83;540.83;538.45;627.83;564.85
1052;Arapiraca;AL;Privada;652;549.2;571.29;523.28;534.36;646.06;564.84
1053;Viçosa do Ceará;CE;Privada;17;552.78;573.32;530.94;504.1;662.35;564.7
1054;São José;SC;Privada;834;559.58;578.4;535.54;559.0;590.81;564.67
1055;Xanxerê;SC;Privada;161;538.51;561.87;546.11;576.68;600.0;564.63
1056;Araucária;PR;Privada;184;564.14;582.6;529.59;543.59;603.04;564.59
1057;Ibirama;SC;Federal;66;557.06;575.91;521.23;554.32;614.24;564.55
1058;São Roberto;MA;Municipal;1;506.2;590.5;537.7;548.0;640.0;564.48
1059;Nuporanga;SP;Privada;7;552.21;547.96;517.86;527.06;677.14;564.45
1060;Tangará da Serra;MT;Federal;1;543.5;587.8;497.2;573.7;620.0;564.44
1061;Ibiúna;SP;Privada;104;547.86;567.87;543.84;566.51;595.96;564.41
1062;Campo Largo;PR;Federal;5;559.52;589.48;507.1;609.58;556.0;564.34
1063;Pilar do Sul;SP;Privada;28;555.78;558.59;526.52;579.21;601.43;564.31
1064;Governador Mangabeira;BA;Privada;10;566.1;585.46;511.67;496.13;662.0;564.27
1065;Jardim de Piranhas;RN;Privada;12;519.05;544.42;497.97;486.2;773.33;564.19
1066;Caxias;MA;Privada;91;537.76;577.69;534.11;523.23;647.91;564.14
1067;Bela Cruz;CE;Privada;10;518.35;552.76;518.9;546.64;684.0;564.13
1068;Bicas;MG;Privada;24;536.26;554.06;504.73;550.97;674.17;564.04
1069;Votorantim;SP;Privada;76;564.57;566.78;530.16;549.97;608.42;563.98
1070;Querência;MT;Privada;9;549.3;569.89;551.83;572.99;575.56;563.91
1071;Santa Mariana;PR;Privada;17;544.38;587.0;499.02;552.79;635.29;563.7
1072;Luziânia;GO;Privada;93;562.13;579.31;535.24;546.82;594.41;563.58
1073;Uruguaiana;RS;Privada;95;562.8;567.29;521.8;561.61;604.21;563.54
1074;Guaporé;RS;Privada;21;564.73;578.29;528.38;511.5;634.29;563.44
1075;Monteiro;PB;Federal;49;550.23;566.79;513.19;525.62;660.82;563.33
1076;Faxinal;PR;Privada;37;562.64;592.27;550.57;572.92;537.84;563.25
1077;Charqueadas;RS;Federal;93;567.9;582.47;518.31;563.26;584.09;563.21
1078;Valparaíso;SP;Privada;14;563.46;581.11;522.17;515.02;634.29;563.21
1079;Aparecida;SP;Municipal;1;619.7;606.1;531.7;498.5;560.0;563.2
1080;Rio Tinto;PB;Privada;19;568.27;585.74;545.32;500.71;615.79;563.17
1081;Itaú de Minas;MG;Privada;24;562.47;569.39;529.89;570.73;583.33;563.16
1082;Butiá;RS;Privada;16;561.17;575.33;488.02;509.91;681.25;563.14
1083;Caruaru;PE;Privada;855;549.21;572.13;523.94;547.48;622.88;563.13
1084;Sertão;RS;Federal;64;527.53;577.81;543.95;595.93;570.0;563.04
1085;Nova Russas;CE;Privada;29;544.76;577.92;532.74;527.12;632.41;562.99
1086;Senhor do Bonfim;BA;Federal;136;551.94;579.46;532.59;512.36;638.38;562.95
1087;Registro;SP;Privada;196;554.99;568.89;527.41;559.11;604.18;562.92
1088;Anápolis;GO;Federal;68;557.0;579.5;523.43;555.36;599.12;562.88
1089;Nossa Senhora das Dores;SE;Privada;9;545.82;555.94;522.44;523.5;666.67;562.88
1090;São José dos Pinhais;PR;Privada;505;554.04;578.42;519.91;554.2;607.76;562.87
1091;Posse;GO;Municipal;71;547.71;571.34;527.77;531.69;635.77;562.85
1092;Rio Grande;RS;Privada;355;554.72;570.99;513.37;545.66;628.85;562.72
1093;Arroio dos Ratos;RS;Privada;17;542.06;554.85;530.29;580.45;605.88;562.71
1094;Canaã dos Carajás;PA;Privada;119;539.46;568.39;532.74;531.14;641.68;562.68
1095;Santo Amaro da Imperatriz;SC;Privada;26;557.07;581.48;522.6;559.12;593.08;562.67
1096;Cachoeirinha;RS;Privada;99;561.57;562.37;523.99;541.92;622.83;562.54
1097;Sorriso;MT;Federal;45;538.65;570.88;555.58;570.84;576.44;562.48
1098;Siqueira Campos;PR;Privada;12;558.93;569.46;521.28;558.98;603.33;562.4
1099;Itamonte;MG;Privada;21;551.99;554.3;536.89;560.98;607.62;562.35
1100;Barra de São Francisco;ES;Privada;17;531.32;571.54;542.55;539.96;625.88;562.25
1101;Cerquilho;SP;Privada;62;555.2;576.58;525.62;567.69;586.13;562.24
1102;Cândido Mota;SP;Privada;21;555.95;571.23;515.89;555.41;612.38;562.17
1103;Presidente Epitácio;SP;Privada;73;561.37;574.5;518.36;560.69;595.89;562.16
1104;Rio Negro;PR;Privada;122;553.79;579.5;526.17;558.52;592.62;562.12
1105;Angra dos Reis;RJ;Privada;229;549.93;577.97;519.02;550.67;612.49;562.02
1106;Palmas;PR;Federal;27;548.71;561.7;528.39;503.46;667.41;561.93
1107;Cariacica;ES;Privada;402;549.44;575.49;520.87;549.93;613.83;561.91
1108;Delmiro Gouveia;AL;Privada;28;562.93;583.68;526.1;523.61;612.86;561.84
1109;Conceição do Jacuípe;BA;Privada;47;540.76;568.73;520.78;537.58;641.28;561.83
1110;Santa Isabel;SP;Privada;33;560.38;572.76;554.67;532.04;589.09;561.79
1111;São Gabriel;RS;Privada;26;556.19;572.84;540.7;521.93;616.92;561.72
1112;Gramado;RS;Privada;36;562.65;574.12;534.12;545.22;592.22;561.67
1113;Tapejara;RS;Municipal;1;514.0;601.4;539.2;573.7;580.0;561.66
1114;Teodoro Sampaio;SP;Privada;12;539.25;565.57;539.58;542.07;621.67;561.63
1115;Pedra do Indaiá;MG;Estadual;21;539.7;567.9;514.71;543.67;640.95;561.39
1116;Capivari de Baixo;SC;Privada;1;582.8;609.5;434.8;539.8;640.0;561.38
1117;Mauá;SP;Privada;552;561.13;572.68;519.23;542.58;610.92;561.31
1118;Tupã;SP;Privada;87;548.67;573.3;530.11;545.58;608.74;561.28
1119;Nova Viçosa;BA;Municipal;1;478.6;587.6;520.0;440.1;780.0;561.26
1120;Garanhuns;PE;Privada;315;552.17;572.01;516.81;543.73;621.27;561.2
1121;Pedro II;PI;Privada;51;548.99;571.64;524.18;525.43;635.29;561.11
1122;Farroupilha;RS;Privada;42;555.22;568.2;505.52;535.48;640.95;561.07
1123;Ibiá;MG;Privada;20;553.14;560.81;537.4;555.92;598.0;561.05
1124;Campina Grande do Sul;PR;Privada;15;556.55;570.06;533.08;493.37;652.0;561.01
1125;Campos Novos;SC;Privada;23;554.57;562.75;522.01;549.15;616.52;561.0
1126;Taubaté;SP;Municipal;189;562.52;576.4;521.17;543.32;601.27;560.94
1127;Itabaianinha;SE;Privada;44;541.91;573.94;522.51;499.3;666.82;560.9
1128;Campo Novo do Parecis;MT;Federal;76;541.19;566.0;518.92;525.18;653.16;560.89
1129;Corumbá;MS;Privada;237;553.81;576.44;519.83;528.18;625.15;560.68
1130;Videira;SC;Privada;60;542.76;564.4;524.19;560.98;610.67;560.6
1131;Esplanada;BA;Privada;18;547.69;581.66;513.12;516.01;644.44;560.58
1132;Picos;PI;Federal;119;546.57;577.01;510.73;535.06;633.45;560.56
1133;Santo Antônio da Patrulha;RS;Privada;22;566.28;569.93;524.49;553.57;588.18;560.49
1134;Juara;MT;Privada;8;558.01;568.31;514.25;551.44;610.0;560.4
1135;Esteio;RS;Privada;83;552.78;577.59;517.96;568.9;584.58;560.36
1136;Campo Formoso;BA;Privada;35;533.88;577.04;539.23;553.07;598.29;560.3
1137;Iguaí;BA;Privada;15;550.11;568.62;519.97;547.85;614.67;560.24
1138;Serrana;SP;Privada;54;544.13;552.4;518.58;539.11;646.67;560.18
1139;Tianguá;CE;Privada;100;540.68;562.34;519.42;537.82;640.6;560.17
1140;Fazenda Rio Grande;PR;Privada;79;548.0;572.5;520.22;548.67;611.39;560.16
1141;Panambi;RS;Federal;75;549.84;558.53;545.43;566.47;580.0;560.06
1142;Nonoai;RS;Privada;11;536.02;567.15;521.74;532.31;641.82;559.81
1143;Ibicaraí;BA;Municipal;1;589.6;603.8;521.5;463.5;620.0;559.68
1144;Gaspar;SC;Privada;32;552.92;576.88;537.07;545.89;585.62;559.67
1145;Nova Esperança;PR;Privada;46;548.75;573.7;534.24;548.96;592.61;559.65
1146;Piracuruca;PI;Privada;35;531.88;566.95;520.65;526.19;652.57;559.65
1147;Xique-Xique;BA;Privada;27;545.75;565.34;524.7;526.46;635.56;559.56
1148;Dianópolis;TO;Federal;29;549.16;570.35;515.85;538.55;623.45;559.47
1149;Álvares Machado;SP;Privada;49;547.67;569.82;496.65;529.33;653.47;559.39
1150;Ibiporã;PR;Privada;79;563.76;567.46;534.94;555.98;574.43;559.32
1151;Nhandeara;SP;Privada;21;544.48;562.05;535.82;551.89;601.9;559.23
1152;Barra do Garças;MT;Federal;57;555.3;570.48;512.59;526.01;631.58;559.19
1153;Macau;RN;Federal;79;541.87;566.29;524.45;539.59;623.54;559.15
1154;Suzano;SP;Privada;291;564.57;571.04;522.86;557.67;579.18;559.06
1155;Itanhaém;SP;Privada;30;565.98;570.42;524.34;551.52;582.67;558.99
1156;Maracanaú;CE;Privada;152;547.94;574.88;508.84;508.74;654.47;558.97
1157;Cubatão;SP;Privada;67;562.7;574.79;511.32;536.58;609.25;558.93
1158;Itapecerica da Serra;SP;Privada;181;560.44;576.27;515.82;547.18;594.92;558.92
1159;Cruzeiro do Sul;AC;Privada;40;561.19;573.11;517.15;496.3;646.5;558.85
1160;Petrolina;PE;Federal;177;551.83;572.67;522.56;544.64;602.26;558.79
1161;Pompéu;MG;Privada;14;537.04;570.38;536.68;535.35;614.29;558.75
1162;Hortolândia;SP;Privada;266;555.19;571.27;517.75;544.33;605.19;558.74
1163;Viradouro;SP;Privada;29;553.93;558.16;524.87;568.37;587.59;558.58
1164;Poá;SP;Privada;121;558.88;574.27;527.43;575.21;557.02;558.56
1165;Rio Branco;AC;Federal;75;554.67;573.48;509.11;514.67;640.8;558.55
1166;João Dourado;BA;Privada;19;526.18;564.42;523.44;546.68;631.58;558.46
1167;Praia Grande;SP;Privada;382;559.36;565.94;522.74;540.73;603.14;558.38
1168;Macaé;RJ;Municipal;124;548.98;575.49;508.6;524.31;634.03;558.28
1169;Getúlio Vargas;RS;Privada;16;558.72;562.42;512.81;540.12;616.25;558.07
1170;Nazaré;BA;Privada;40;537.21;578.1;522.1;511.23;641.5;558.03
1171;Ariquemes;RO;Federal;159;552.76;576.26;519.01;548.63;593.33;558.0
1172;Boa Vista;RR;Privada;441;546.64;569.96;529.04;533.53;610.57;557.95
1173;Santo Anastácio;SP;Privada;55;540.0;566.28;504.92;556.09;622.18;557.89
1174;Rancharia;SP;Privada;36;565.1;569.43;520.99;516.55;617.22;557.86
1175;Cafelândia;SP;Privada;10;548.31;553.46;531.74;515.3;640.0;557.76
1176;Nova Era;MG;Privada;10;534.93;549.25;509.29;579.27;616.0;557.75
1177;Santo Augusto;RS;Federal;107;546.24;570.69;526.93;547.92;596.26;557.61
1178;Estância;SE;Privada;176;538.44;569.92;511.53;511.76;656.36;557.6
1179;Novo Hamburgo;RS;Privada;387;555.58;566.39;508.2;541.5;615.92;557.52
1180;Madalena;CE;Privada;11;554.39;586.43;504.08;513.5;629.09;557.5
1181;Nova Pádua;RS;Estadual;12;527.73;575.19;521.59;546.14;616.67;557.46
1182;Chapadão do Sul;MS;Privada;35;574.46;573.75;532.0;546.45;560.57;557.45
1183;Rio Largo;AL;Privada;70;553.21;561.93;501.66;522.09;648.29;557.43
1184;Caieiras;SP;Privada;131;565.56;573.39;519.07;535.09;594.05;557.43
1185;Colorado do Oeste;RO;Federal;122;536.35;558.83;537.88;530.92;623.11;557.42
1186;São Raimundo Nonato;PI;Privada;42;549.95;563.33;534.7;525.61;613.33;557.38
1187;Sede Nova;RS;Estadual;14;542.67;565.9;517.86;537.61;622.86;557.38
1188;Guaraí;TO;Privada;25;536.89;558.49;513.54;511.01;666.4;557.27
1189;Cerejeiras;RO;Privada;4;535.55;595.83;531.83;508.1;615.0;557.26
1190;Canindé;CE;Federal;4;548.05;580.42;511.98;525.5;620.0;557.19
1191;Sarandi;PR;Privada;5;560.96;554.62;528.02;556.06;586.0;557.13
1192;Reriutaba;CE;Privada;8;564.94;557.36;527.21;530.36;605.0;556.98
1193;São Caetano do Sul;SP;Municipal;441;571.26;580.96;505.61;550.49;576.37;556.94
1194;Paranavaí;PR;Privada;302;556.21;570.83;523.73;534.82;599.07;556.93
1195;Morrinhos;GO;Federal;53;526.74;565.19;520.3;552.69;619.62;556.91
1196;Rosana;SP;Privada;42;568.62;582.38;513.19;521.21;599.05;556.89
1197;Camaragibe;PE;Privada;201;547.55;564.3;521.32;533.54;617.71;556.88
1198;Viamão;RS;Privada;267;556.82;576.47;511.79;530.6;608.61;556.86
1199;Rio Bonito;RJ;Privada;117;556.6;572.87;518.71;536.61;598.46;556.65
1200;Tupanciretã;RS;Privada;12;523.56;572.05;531.56;574.3;581.67;556.63
1201;Regente Feijó;SP;Privada;50;553.3;565.69;509.42;560.57;594.0;556.59
1202;Mandaguari;PR;Privada;49;553.5;569.93;530.36;533.16;595.51;556.49
1203;Bacabal;MA;Federal;105;548.08;565.13;521.52;513.17;634.48;556.47
1204;Entre Rios;BA;Privada;10;544.58;586.04;522.88;520.77;608.0;556.45
1205;Rio Pomba;MG;Federal;81;530.77;565.1;527.31;546.12;612.1;556.28
1206;Teixeira;PB;Privada;7;526.97;566.74;518.59;463.3;705.71;556.26
1207;Umbaúba;SE;Privada;40;541.66;562.03;517.74;505.56;654.0;556.2
1208;Franco da Rocha;SP;Privada;66;557.9;575.49;513.16;543.52;590.61;556.14
1209;Areia;PB;Privada;47;528.34;567.78;512.31;511.81;660.43;556.13
1210;Mocajuba;PA;Privada;12;534.59;574.28;508.53;486.04;676.67;556.02
1211;Frutal;MG;Privada;45;539.07;566.11;529.06;531.46;614.22;555.99
1212;Navegantes;SC;Privada;79;545.02;569.58;510.9;541.42;612.66;555.92
1213;Embu-Guaçu;SP;Privada;102;560.87;571.29;513.0;543.19;591.18;555.9
1214;Camboriú;SC;Privada;34;554.91;578.51;507.68;521.15;617.06;555.86
1215;Macapá;AP;Privada;878;550.76;569.06;515.28;513.05;631.05;555.84
1216;Rondonópolis;MT;Privada;203;544.95;564.0;516.18;537.27;616.75;555.83
1217;Bertioga;SP;Privada;79;552.85;560.17;537.63;549.87;578.48;555.8
1218;Campo Novo do Parecis;MT;Privada;10;547.41;562.61;545.16;535.64;588.0;555.76
1219;Maceió;AL;Privada;3890;541.78;563.12;512.52;529.51;631.42;555.67
1220;Ampére;PR;Privada;28;538.57;567.72;509.95;543.39;618.39;555.6
1221;Ipojuca;PE;Privada;24;565.42;567.98;512.05;524.98;607.5;555.58
1222;Santa Cecília do Sul;RS;Estadual;15;519.52;560.33;522.67;532.62;641.33;555.3
1223;Cambé;PR;Privada;77;552.14;575.69;519.24;531.71;597.66;555.29
1224;João Neiva;ES;Municipal;1;556.7;654.5;494.6;550.6;520.0;555.28
1225;Várzea Paulista;SP;Privada;14;564.29;558.05;502.05;556.3;595.71;555.28
1226;Ponta Porã;MS;Federal;63;551.68;574.59;505.89;518.18;625.71;555.21
1227;União;PI;Privada;35;543.16;571.63;512.77;488.38;660.0;555.19
1228;Dourados;MS;Federal;1;596.3;547.1;450.9;421.6;760.0;555.18
1229;Arapongas;PR;Privada;156;547.48;568.37;519.22;542.75;597.95;555.15
1230;Campo Largo;PR;Privada;170;549.8;564.35;517.2;542.3;601.65;555.06
1231;Itapema;SC;Privada;88;557.71;569.29;530.09;548.15;569.55;554.96
1232;Cruz Alta;RS;Privada;84;556.29;575.45;525.87;531.92;584.76;554.86
1233;São Gonçalo;RJ;Privada;1801;546.98;571.14;511.3;522.11;622.51;554.81
1234;Matipó;MG;Privada;5;534.32;547.38;548.68;579.68;564.0;554.81
1235;Nova Londrina;PR;Privada;28;568.21;568.59;522.42;542.69;572.14;554.81
1236;Itaporanga;PB;Privada;74;550.66;567.41;519.55;532.61;603.78;554.8
1237;Rio Real;BA;Privada;35;532.89;561.3;507.68;506.98;665.14;554.8
1238;Batatais;SP;Privada;87;552.92;565.43;520.95;546.12;588.51;554.79
1239;Itapetinga;BA;Privada;100;537.46;564.19;515.82;546.92;609.4;554.76
1240;Guarabira;PB;Privada;366;534.41;563.84;516.79;519.66;638.8;554.7
1241;Angical do Piauí;PI;Federal;64;543.5;574.11;501.6;505.53;648.44;554.64
1242;Cametá;PA;Privada;105;531.51;560.1;511.19;502.93;667.24;554.6
1243;Nova Palma;RS;Estadual;33;551.12;562.32;513.58;523.44;622.42;554.58
1244;São Miguel do Guamá;PA;Privada;61;539.64;571.6;525.62;514.72;621.31;554.58
1245;Guarujá;SP;Privada;316;560.3;569.13;519.59;535.27;588.64;554.58
1246;Cícero Dantas;BA;Privada;34;542.72;569.36;497.1;508.33;655.29;554.56
1247;Uibaí;BA;Municipal;1;558.9;511.0;493.1;429.7;780.0;554.54
1248;Cruz;CE;Privada;15;505.82;558.19;505.32;566.0;637.33;554.53
1249;Juruti;PA;Privada;19;523.63;554.51;535.54;514.6;644.21;554.5
1250;Formosa;GO;Privada;175;550.61;571.03;517.25;532.79;600.8;554.49
1251;Juína;MT;Federal;89;539.51;571.6;535.95;546.6;578.43;554.42
1252;Dom Pedro;MA;Privada;48;553.99;559.72;502.71;536.32;619.17;554.38
1253;Canguaretama;RN;Federal;7;559.89;582.44;487.17;519.07;622.86;554.29
1254;Avanhandava;SP;Privada;27;543.37;564.2;505.31;532.9;625.19;554.19
1255;Afogados da Ingazeira;PE;Federal;17;548.31;571.91;527.58;538.99;583.53;554.06
1256;Ivaiporã;PR;Privada;68;547.27;579.61;527.33;530.09;585.88;554.03
1257;Juazeiro;BA;Privada;214;544.34;564.6;515.61;522.2;623.39;554.03
1258;Abaetetuba;PA;Federal;49;536.44;571.19;516.13;507.84;638.37;553.99
1259;Ribeirão das Neves;MG;Privada;20;552.74;568.98;518.67;548.61;580.0;553.8
1260;Jacarezinho;PR;Privada;62;560.95;569.77;521.17;517.3;599.68;553.77
1261;Goiana;PE;Privada;134;543.84;565.47;509.01;507.5;642.84;553.73
1262;Maracaçumé;MA;Privada;3;557.43;571.03;541.57;565.27;533.33;553.73
1263;Parnaíba;PI;Privada;633;537.42;562.42;518.72;516.49;633.27;553.66
1264;Corrente;PI;Federal;81;541.62;587.26;505.79;495.04;638.02;553.55
1265;Pelotas;RS;Privada;840;551.16;571.01;510.04;535.56;599.93;553.54
1266;Capitão Leônidas Marques;PR;Privada;16;516.29;569.46;523.21;561.26;597.5;553.54
1267;Silveirânia;MG;Estadual;19;557.0;564.32;512.15;531.02;603.16;553.53
1268;Pedreiras;MA;Privada;167;540.75;558.26;526.96;518.88;622.75;553.52
1269;Iúna;ES;Privada;11;552.85;573.72;526.51;538.02;576.36;553.49
1270;Niquelândia;GO;Privada;60;543.52;574.92;513.08;544.99;590.0;553.3
1271;Capão da Canoa;RS;Privada;49;557.1;568.29;510.49;542.44;587.76;553.21
1272;Cruzília;MG;Privada;1;602.5;510.2;519.1;594.0;540.0;553.16
1273;Mauriti;CE;Privada;12;547.66;538.45;507.08;548.69;623.33;553.04
1274;Taiobeiras;MG;Privada;42;530.72;557.09;513.77;546.8;616.67;553.01
1275;Martins;RN;Privada;5;559.58;552.08;491.86;456.98;704.0;552.9
1276;Ribeirão do Pinhal;PR;Privada;7;558.41;566.0;508.4;517.31;614.29;552.88
1277;Mineiros do Tietê;SP;Privada;5;559.82;570.5;538.76;495.2;600.0;552.86
1278;Oliveira Fortes;MG;Estadual;12;522.18;571.65;515.92;537.43;616.67;552.77
1279;Frederico Westphalen;RS;Federal;80;548.72;558.66;522.82;553.42;580.0;552.72
1280;Ibicaraí;BA;Privada;20;530.56;547.89;520.93;510.01;654.0;552.68
1281;Ceará-Mirim;RN;Federal;31;559.9;561.53;514.81;546.15;580.65;552.61
1282;Bragança;PA;Privada;161;533.92;565.14;507.23;491.72;664.97;552.6
1283;Pitangueiras;SP;Privada;36;544.19;548.04;502.55;547.09;621.11;552.6
1284;Bom Jesus do Itabapoana;RJ;Privada;15;544.32;570.81;521.4;485.07;641.33;552.59
1285;Salinas;MG;Federal;123;542.04;577.45;508.56;545.99;588.62;552.53
1286;Ituporanga;SC;Privada;13;550.68;573.15;526.88;567.18;544.62;552.5
1287;Japeri;RJ;Privada;28;545.3;567.14;514.29;500.05;635.71;552.5
1288;Piratininga;SP;Privada;22;551.18;562.7;521.45;551.61;575.45;552.48
1289;Volta Redonda;RJ;Municipal;167;542.38;573.71;515.49;538.99;591.81;552.48
1290;Açu;RN;Privada;166;535.89;556.65;505.99;511.1;652.53;552.43
1291;Nova Odessa;SP;Privada;81;551.53;573.44;516.16;521.31;599.51;552.39
1292;Bento Gonçalves;RS;Municipal;44;558.57;580.23;501.71;505.59;615.45;552.31
1293;Acaraú;CE;Privada;23;535.92;546.15;507.48;520.88;649.57;552.0
1294;Itaberaí;GO;Privada;44;536.26;557.26;508.64;516.41;641.36;551.99
1295;Alumínio;SP;Privada;22;568.4;570.15;511.52;536.83;572.73;551.92
1296;Goiás;GO;Federal;57;544.46;574.92;506.85;513.29;620.0;551.91
1297;Guariba;SP;Privada;35;539.15;550.58;520.94;519.01;629.71;551.88
1298;Naviraí;MS;Privada;55;554.04;577.36;503.55;537.35;586.91;551.84
1299;Andorinha;BA;Privada;29;522.7;539.98;549.8;564.23;582.07;551.76
1300;Água Branca;PI;Privada;29;536.07;560.2;511.59;525.9;624.83;551.72
1301;Santa Fé do Sul;SP;Municipal;1;554.3;550.5;470.8;582.6;600.0;551.64
1302;Lago da Pedra;MA;Privada;67;538.08;561.68;497.06;489.04;672.24;551.62
1303;São Vicente;SP;Privada;352;560.55;563.7;507.71;530.58;595.28;551.56
1304;Salinópolis;PA;Privada;41;521.59;566.45;525.97;531.86;611.71;551.52
1305;Itaguaí;RJ;Privada;184;546.78;570.37;510.0;521.85;607.93;551.38
1306;Mamanguape;PB;Privada;29;537.08;564.29;516.28;517.89;621.38;551.38
1307;Santa Cruz do Capibaribe;PE;Privada;172;534.57;554.11;510.95;528.75;628.49;551.37
1308;Santa Vitória do Palmar;RS;Privada;30;556.36;576.43;491.81;518.31;613.33;551.25
1309;São Joaquim da Barra;SP;Privada;43;541.62;564.08;522.82;520.27;607.44;551.25
1310;Aparecida;SP;Privada;16;553.86;571.71;480.82;543.61;605.0;551.0
1311;Nova Iguaçu;RJ;Privada;1694;545.68;568.52;502.68;518.09;619.91;550.98
1312;Ponta Porã;MS;Privada;69;540.35;557.78;508.09;514.1;634.49;550.96
1313;Araguaína;TO;Federal;66;536.25;566.23;514.93;525.35;611.82;550.91
1314;Bom Despacho;MG;Municipal;1;558.0;595.3;465.8;575.4;560.0;550.9
1315;Diadema;SP;Privada;453;554.38;563.59;514.99;528.48;592.91;550.87
1316;Balneário Piçarras;SC;Municipal;1;545.4;587.0;504.6;617.2;500.0;550.84
1317;Vilhena;RO;Federal;203;550.37;570.83;511.79;553.55;567.68;550.84
1318;Cajati;SP;Privada;13;546.07;570.05;525.49;544.81;567.69;550.82
1319;Bom Conselho;PE;Privada;19;539.25;561.99;509.42;505.87;636.84;550.67
1320;Paranaguá;PR;Privada;212;542.7;563.61;514.36;535.04;597.45;550.64
1321;Júlio de Castilhos;RS;Federal;64;550.11;570.32;528.42;526.78;577.34;550.59
1322;Buritis;MG;Privada;9;556.64;582.8;504.7;556.96;551.11;550.44
1323;Cassilândia;MS;Privada;33;543.03;560.51;512.78;521.27;614.55;550.43
1324;Barueri;SP;Municipal;1830;556.25;563.52;500.39;526.83;604.96;550.39
1325;Guararema;SP;Privada;9;567.02;562.28;494.1;518.78;608.89;550.21
1326;Juína;MT;Privada;27;523.51;566.59;531.43;519.95;608.89;550.08
1327;Cidade Gaúcha;PR;Privada;7;555.37;517.77;536.54;614.97;525.71;550.07
1328;Quatá;SP;Privada;9;544.07;565.9;533.44;539.67;566.67;549.95
1329;Assaí;PR;Privada;44;547.64;571.33;513.59;547.49;569.55;549.92
1330;Tremembé;SP;Privada;56;554.63;568.2;501.76;525.3;599.64;549.91
1331;Sumaré;SP;Municipal;184;566.46;571.83;496.83;533.51;580.87;549.9
1332;Planaltina;GO;Privada;56;557.87;565.31;501.51;526.04;598.57;549.86
1333;São Simão;SP;Privada;44;554.32;558.6;525.08;529.07;581.82;549.78
1334;Coelho Neto;MA;Privada;17;546.86;577.71;503.6;511.09;609.41;549.74
1335;Santa Rosa do Sul;SC;Federal;108;535.77;558.24;536.88;547.47;570.19;549.71
1336;Estância Velha;RS;Privada;32;566.19;567.01;499.27;527.42;588.12;549.6
1337;Itaí;SP;Privada;21;548.38;562.04;514.2;528.13;595.24;549.6
1338;Itambacuri;MG;Privada;12;550.82;564.41;517.7;481.27;633.33;549.5
1339;Paulista;PE;Privada;757;545.05;563.91;512.49;522.21;603.73;549.48
1340;Murici;AL;Federal;60;542.6;567.38;503.93;489.28;644.0;549.44
1341;Maranguape;CE;Privada;108;538.5;558.99;503.61;508.05;637.96;549.42
1342;São Sepé;RS;Privada;19;562.47;562.56;529.98;501.37;590.53;549.38
1343;Dois Vizinhos;PR;Privada;93;539.18;556.44;522.91;534.41;593.98;549.38
1344;Rio do Sul;SC;Federal;100;538.47;569.4;528.53;546.54;563.4;549.27
1345;Itapevi;SP;Privada;97;553.23;567.39;510.14;526.59;588.87;549.24
1346;Cabreúva;SP;Privada;9;535.28;575.79;533.2;533.01;568.89;549.23
1347;Quixadá;CE;Federal;26;551.46;566.06;484.73;526.22;617.69;549.23
1348;Itamarandiba;MG;Privada;5;550.2;575.96;469.98;505.68;644.0;549.16
1349;Petrópolis;RJ;Municipal;146;557.07;570.19;504.15;513.9;600.41;549.15
1350;Machado;MG;Municipal;11;548.66;572.13;514.25;530.55;580.0;549.12
1351;Palmeiras de Goiás;GO;Privada;37;539.02;559.85;526.28;533.34;587.03;549.1
1352;Jales;SP;Municipal;2;517.6;561.3;480.8;535.7;650.0;549.08
1353;Penedo;AL;Federal;67;532.0;555.6;507.01;530.85;619.7;549.03
1354;Currais Novos;RN;Privada;85;538.64;555.92;514.89;519.68;615.06;548.84
1355;Valença;BA;Privada;85;536.73;563.66;514.01;511.57;617.72;548.74
1356;Terra Roxa;PR;Municipal;1;437.2;551.8;522.0;652.5;580.0;548.7
1357;Santa Inês;MA;Federal;147;544.05;566.54;507.04;507.21;618.64;548.69
1358;Alvorada;RS;Privada;110;553.81;565.59;508.8;533.38;581.45;548.61
1359;Vera Cruz;BA;Privada;12;510.49;578.03;531.38;501.38;621.67;548.59
1360;Osvaldo Cruz;SP;Privada;28;544.3;564.19;508.31;525.78;600.0;548.52
1361;Vilhena;RO;Privada;99;534.35;561.71;521.81;534.54;589.7;548.42
1362;Jaguarari;BA;Privada;41;532.15;561.19;515.83;506.91;625.85;548.38
1363;Conceição do Almeida;BA;Privada;10;530.16;560.26;507.28;468.12;676.0;548.36
1364;Sumé;PB;Privada;21;524.07;564.13;484.6;536.19;632.38;548.27
1365;Pesqueira;PE;Privada;28;530.24;549.29;503.22;527.08;631.43;548.25
1366;Aracati;CE;Federal;11;526.94;553.34;534.32;566.46;560.0;548.21
1367;Correia Pinto;SC;Municipal;1;503.1;573.9;476.9;606.7;580.0;548.12
1368;Coronel Pilar;RS;Estadual;10;541.24;572.22;537.48;539.58;550.0;548.1
1369;Valença;BA;Federal;179;539.26;565.12;502.98;494.53;638.21;548.02
1370;Itaquaquecetuba;SP;Privada;94;553.8;571.59;510.01;526.16;578.3;547.97
1371;Horizontina;RS;Privada;80;547.95;555.21;510.0;550.1;576.5;547.95
1372;Contagem;MG;Municipal;661;548.89;564.58;514.51;531.27;580.51;547.95
1373;Entre Folhas;MG;Estadual;54;535.09;556.05;498.96;531.54;617.41;547.81
1374;Balneário Piçarras;SC;Privada;34;546.71;563.55;504.82;524.24;599.41;547.75
1375;Mesquita;RJ;Privada;129;548.81;569.86;497.61;512.96;609.46;547.74
1376;Itumbiara;GO;Privada;324;541.05;560.54;507.73;525.54;603.58;547.69
1377;Aquidauana;MS;Privada;32;527.9;546.8;527.29;519.56;616.25;547.56
1378;Duque de Caxias;RJ;Privada;1518;543.39;562.28;502.28;513.24;616.56;547.55
1379;Iporá;GO;Privada;29;530.46;568.32;506.57;538.55;593.79;547.54
1380;São João de Meriti;RJ;Privada;658;543.39;561.1;502.48;514.94;615.71;547.53
1381;Cuité;PB;Privada;21;523.63;551.68;518.91;497.7;645.71;547.53
1382;São Pedro da Água Branca;MA;Municipal;1;583.0;531.9;500.5;622.1;500.0;547.5
1383;Pereira Barreto;SP;Privada;38;538.33;553.47;542.14;544.21;558.95;547.42
1384;Cedro;CE;Federal;28;525.52;562.09;495.49;539.61;614.29;547.4
1385;Colíder;MT;Privada;6;504.38;547.73;545.28;535.93;603.33;547.33
1386;Lamim;MG;Estadual;25;540.15;555.55;490.44;526.22;624.0;547.27
1387;Charqueadas;RS;Privada;21;566.15;583.87;496.34;514.84;574.29;547.1
1388;Redenção;CE;Privada;14;525.72;545.53;505.55;518.56;640.0;547.07
1389;São Ludgero;SC;Privada;22;553.91;567.22;513.27;537.8;562.73;546.99
1390;Pinhais;PR;Privada;198;547.95;560.59;514.73;540.39;571.11;546.95
1391;Aquidauana;MS;Federal;61;546.07;556.28;497.2;526.55;607.54;546.73
1392;Tabatinga;SP;Privada;13;530.55;535.23;547.22;586.4;533.85;546.65
1393;Taquari;RS;Privada;19;541.06;555.87;503.42;534.88;597.89;546.63
1394;Resende Costa;MG;Estadual;79;525.41;548.46;496.87;533.44;628.61;546.56
1395;Cajazeiras;PB;Privada;195;525.94;552.98;506.56;517.32;629.15;546.39
1396;Sidrolândia;MS;Privada;10;535.29;560.72;510.9;547.01;578.0;546.38
1397;Santa Inês;BA;Federal;111;535.82;561.8;510.79;511.77;611.71;546.38
1398;Jeremoabo;BA;Privada;26;525.54;569.04;515.3;509.67;612.31;546.37
1399;Sapezal;MT;Privada;22;531.63;533.68;536.42;554.32;575.45;546.3
1400;Aracati;CE;Privada;130;535.0;559.15;495.77;511.21;630.15;546.26
1401;São Sebastião do Passé;BA;Privada;27;554.97;552.71;514.24;512.83;596.3;546.21
1402;Simões Filho;BA;Privada;68;533.59;557.9;512.57;528.66;598.24;546.19
1403;Novo Progresso;PA;Privada;27;542.3;544.31;505.1;526.92;612.22;546.17
1404;São Cristóvão;SE;Privada;70;531.09;560.57;501.53;497.34;640.0;546.11
1405;Monte Azul;MG;Privada;23;535.86;551.63;496.31;512.59;633.91;546.06
1406;Santa Maria do Herval;RS;Estadual;27;532.48;542.61;511.27;562.51;580.74;545.92
1407;Delfim Moreira;MG;Privada;30;533.25;552.6;520.72;550.2;572.67;545.89
1408;Ascurra;SC;Privada;21;547.67;546.31;517.29;533.35;584.76;545.88
1409;Sombrio;SC;Privada;13;548.16;540.79;531.75;530.12;578.46;545.86
1410;Zé Doca;MA;Federal;58;534.95;552.19;501.93;502.33;637.59;545.8
1411;Prudentópolis;PR;Privada;57;546.21;566.55;533.55;547.08;535.44;545.77
1412;Dourados;MS;Municipal;2;534.95;595.1;487.65;481.1;630.0;545.76
1413;Benevides;PA;Privada;82;538.86;567.43;517.7;498.67;606.1;545.75
1414;Mendes;RJ;Privada;18;534.31;545.52;513.9;542.72;592.22;545.73
1415;São Bernardo;MA;Privada;13;530.08;551.7;488.0;495.53;663.08;545.68
1416;São Bento do Sul;SC;Municipal;1;554.5;623.5;497.1;613.0;440.0;545.62
1417;Mercês;MG;Privada;5;508.84;574.52;499.98;564.1;580.0;545.49
1418;Guaraíta;GO;Municipal;1;579.6;592.5;532.8;442.5;580.0;545.48
1419;Crixás;GO;Privada;28;540.13;562.03;511.35;533.0;580.71;545.45
1420;Panambi;RS;Privada;45;536.26;575.51;498.88;533.78;582.67;545.42
1421;Alagoa;MG;Estadual;14;536.64;562.31;489.94;522.11;615.71;545.34
1422;Colinas;MA;Privada;11;552.38;549.86;506.39;501.24;616.36;545.25
1423;Viçosa;AL;Privada;44;525.89;560.27;483.84;515.56;640.45;545.2
1424;São Borja;RS;Federal;82;550.82;569.4;498.79;518.83;588.05;545.18
1425;Mundo Novo;MS;Privada;11;546.8;565.6;516.87;523.6;572.73;545.12
1426;Princesa Isabel;PB;Federal;48;530.16;570.35;502.65;499.39;622.92;545.09
1427;Santarém;PA;Federal;19;531.51;574.95;504.27;539.98;574.74;545.09
1428;Pires do Rio;GO;Privada;124;538.95;548.15;507.05;525.58;605.16;544.98
1429;Icó;CE;Privada;17;550.02;568.04;510.18;482.94;612.94;544.82
1430;Rio Branco do Sul;PR;Privada;33;534.07;541.79;515.62;559.78;572.73;544.8
1431;Tupaciguara;MG;Privada;16;522.72;533.32;504.7;541.52;621.25;544.7
1432;Açailândia;MA;Federal;172;543.62;566.43;509.52;512.16;590.66;544.48
1433;Morro da Garça;MG;Estadual;8;543.44;555.51;502.29;513.61;607.5;544.47
1434;Pontal;SP;Privada;25;531.34;555.34;517.22;539.08;579.2;544.44
1435;Cajati;SP;Municipal;1;538.4;517.3;462.6;623.9;580.0;544.44
1436;Central;BA;Privada;17;539.57;561.97;519.03;476.88;624.71;544.43
1437;Paranatinga;MT;Privada;6;563.77;554.9;506.38;489.97;606.67;544.34
1438;Ivatuba;PR;Privada;52;535.08;560.56;521.38;530.35;574.23;544.32
1439;Novo Xingu;RS;Estadual;8;544.3;554.29;487.14;555.36;580.0;544.22
1440;Piranguçu;MG;Estadual;27;541.42;561.09;499.94;540.72;577.78;544.19
1441;Paracambi;RJ;Privada;38;535.87;559.74;499.32;540.32;585.26;544.1
1442;Nilópolis;RJ;Privada;296;541.72;557.79;499.01;515.6;606.01;544.03
1443;Bela Vista de Goiás;GO;Privada;29;534.22;558.06;510.81;523.23;593.1;543.89
1444;Tuntum;MA;Privada;9;495.87;544.29;512.83;537.33;628.89;543.84
1445;Catolé do Rocha;PB;Privada;136;522.93;551.65;511.96;512.3;620.29;543.83
1446;Cáceres;MT;Federal;62;526.17;549.57;508.96;513.81;620.65;543.83
1447;Santa Quitéria;CE;Privada;14;516.66;545.09;524.93;509.59;622.86;543.82
1448;Ipu;CE;Privada;63;528.95;544.76;500.65;511.44;633.02;543.76
1449;Itapagé;CE;Privada;35;541.19;552.73;500.13;512.15;612.57;543.75
1450;Santo Antônio da Platina;PR;Privada;68;536.21;555.26;503.2;521.4;602.65;543.74
1451;Macaúbas;BA;Privada;61;520.46;560.31;506.82;503.21;627.54;543.67
1452;Balsas;MA;Privada;227;529.15;555.74;515.01;526.54;591.41;543.57
1453;Piracicaba;SP;Municipal;32;551.98;551.33;522.56;543.1;548.75;543.54
1454;Urubici;SC;Municipal;1;536.6;546.0;534.1;539.4;560.0;543.22
1455;São Paulo das Missões;RS;Estadual;50;529.2;565.48;504.54;524.8;591.6;543.12
1456;Picuí;PB;Privada;12;555.26;555.38;506.61;511.71;586.67;543.12
1457;Bonito;MS;Privada;17;537.48;562.01;542.11;509.29;564.71;543.12
1458;Moji Mirim;SP;Municipal;113;546.87;555.25;498.89;528.68;585.84;543.1
1459;Bagé;RS;Privada;164;535.97;559.52;509.37;507.99;602.56;543.08
1460;Mirassol d'Oeste;MT;Privada;23;523.1;555.73;500.03;531.87;604.35;543.02
1461;Nova Iorque;MA;Municipal;1;588.4;562.7;429.9;653.9;480.0;542.98
1462;Dois Lajeados;RS;Estadual;25;529.38;556.36;500.67;545.2;583.2;542.96
1463;Santa Rita de Caldas;MG;Estadual;45;548.27;569.34;486.96;505.02;604.89;542.89
1464;Araponga;MG;Privada;11;536.75;576.89;506.96;524.52;569.09;542.84
1465;Itaiópolis;SC;Privada;14;564.39;574.29;498.07;498.88;578.57;542.84
1466;Santa Inês;MA;Privada;155;534.26;553.54;502.7;496.72;626.97;542.84
1467;São Vicente do Sul;RS;Federal;130;530.66;559.21;526.14;534.3;563.85;542.83
1468;Colina;SP;Municipal;26;543.93;547.17;505.12;541.2;576.15;542.71
1469;Piracaia;SP;Municipal;1;534.7;552.9;510.4;635.4;480.0;542.68
1470;Brodowski;SP;Privada;13;543.15;554.67;518.0;511.29;586.15;542.65
1471;Brotas;SP;Municipal;9;566.97;556.83;484.04;516.01;588.89;542.55
1472;Correia Pinto;SC;Privada;5;538.72;559.06;510.3;556.42;548.0;542.5
1473;Pau dos Ferros;RN;Privada;43;542.42;552.44;498.19;502.65;616.74;542.49
1474;Jandaia do Sul;PR;Privada;36;523.7;544.36;504.66;527.92;611.67;542.46
1475;Carmópolis;SE;Privada;11;550.45;549.67;505.35;492.25;614.55;542.45
1476;Candelária;RS;Privada;61;543.76;554.36;488.84;514.09;610.82;542.37
1477;Jaboatão dos Guararapes;PE;Privada;847;542.55;556.62;510.45;509.76;591.24;542.12
1478;Nova Andradina;MS;Federal;47;528.23;547.9;520.0;544.69;569.79;542.12
1479;Tupandi;RS;Estadual;24;543.27;559.55;492.45;542.36;572.5;542.03
1480;Santa Maria da Vitória;BA;Privada;44;543.17;553.84;511.74;513.57;587.73;542.01
1481;Seropédica;RJ;Privada;76;545.26;555.36;505.36;515.21;588.68;541.97
1482;Ouricuri;PE;Federal;42;540.74;567.5;508.51;519.24;573.81;541.96
1483;Bayeux;PB;Privada;324;533.75;563.18;501.43;491.43;619.88;541.93
1484;Novo Hamburgo;RS;Estadual;1065;544.57;558.7;493.53;537.23;575.42;541.89
1485;Tauá;CE;Privada;17;543.4;547.99;513.43;543.44;561.18;541.89
1486;Santana do Ipanema;AL;Privada;101;543.42;552.78;487.11;505.82;620.2;541.87
1487;Caxias;MA;Federal;60;547.25;564.07;500.96;498.03;599.0;541.86
1488;Cristalina;GO;Privada;40;544.76;558.17;505.53;491.28;609.5;541.85
1489;Bananeiras;PB;Privada;30;532.4;558.09;515.61;508.79;594.33;541.84
1490;Apucarana;PR;Federal;20;542.91;551.81;514.88;546.5;553.0;541.82
1491;Brejo do Cruz;PB;Privada;11;512.18;546.65;502.91;521.84;625.45;541.81
1492;Esmeraldas;MG;Privada;11;509.06;543.17;517.71;533.22;605.0;541.63
1493;Araçoiaba da Serra;SP;Privada;12;537.85;538.32;532.26;486.39;613.33;541.63
1494;Piancó;PB;Privada;42;523.26;551.32;496.19;493.83;643.33;541.59
1495;Itabaiana;SE;Federal;45;530.39;554.82;496.9;482.68;643.11;541.58
1496;Nossa Senhora do Socorro;SE;Privada;197;531.98;551.74;492.64;500.68;630.66;541.54
1497;Colinas do Tocantins;TO;Privada;34;540.53;536.76;525.38;499.17;605.88;541.54
1498;Acreúna;GO;Privada;32;541.53;537.22;494.06;543.45;591.25;541.5
1499;Cerqueira César;SP;Privada;13;548.74;555.96;544.39;516.67;541.54;541.46
1500;Turmalina;SP;Estadual;14;541.04;544.56;512.93;571.54;537.14;541.44
1501;Camacan;BA;Privada;9;541.24;550.7;489.0;512.86;613.33;541.43
1502;Doutor Ricardo;RS;Estadual;5;487.34;545.8;472.38;533.16;668.0;541.34
1503;Maricá;RJ;Federal;2;570.6;574.4;480.7;451.0;630.0;541.34
1504;São Borja;RS;Privada;29;563.64;560.44;499.71;503.56;578.62;541.2
1505;Nobres;MT;Privada;12;534.06;541.15;514.59;517.51;598.33;541.13
1506;Ferraz de Vasconcelos;SP;Privada;135;549.18;562.45;495.66;517.23;580.74;541.05
1507;Poço Fundo;MG;Estadual;79;535.68;556.33;492.5;543.72;576.96;541.04
1508;Utinga;BA;Privada;6;517.93;543.72;503.0;513.47;626.67;540.96
1509;Paraíso do Tocantins;TO;Federal;77;536.93;554.45;506.29;520.94;585.45;540.81
1510;Iguaba Grande;RJ;Privada;45;537.75;570.4;498.16;520.27;577.33;540.78
1511;Camaquã;RS;Privada;60;548.37;562.51;506.53;540.98;545.33;540.75
1512;Santana do Ipanema;AL;Federal;79;526.89;554.61;501.9;504.62;615.7;540.74
1513;Bom Jesus;PI;Privada;16;534.28;558.04;513.83;483.7;613.75;540.72
1514;Piripiri;PI;Federal;55;532.8;570.27;495.61;474.32;630.55;540.71
1515;São Tiago;MG;Estadual;86;531.29;547.96;487.16;517.16;620.0;540.71
1516;Porto Feliz;SP;Privada;46;552.01;552.52;512.45;506.94;579.57;540.7
1517;Barra Bonita;SP;Estadual;220;543.48;560.65;491.17;515.07;592.91;540.66
1518;Itapororoca;PB;Privada;14;533.93;560.74;495.07;490.57;622.86;540.63
1519;Guaíba;RS;Privada;54;546.77;561.48;502.89;519.17;571.85;540.43
1520;Ribeirão;PE;Privada;35;520.87;534.77;507.49;514.79;624.0;540.39
1521;Barcarena;PA;Privada;157;533.85;558.39;509.58;500.7;599.24;540.35
1522;Ibiapina;CE;Privada;21;529.23;544.84;515.9;529.65;581.9;540.3
1523;Orleans;SC;Privada;17;534.01;573.61;520.14;519.59;554.12;540.29
1524;Itarema;CE;Privada;22;557.02;563.46;483.13;503.24;594.55;540.28
1525;Mallet;PR;Estadual;55;538.1;559.18;504.41;529.87;569.09;540.13
1526;Valparaíso de Goiás;GO;Privada;213;547.08;561.29;507.67;500.39;583.0;539.89
1527;Domingos Martins;ES;Estadual;276;530.62;547.46;501.68;529.33;590.36;539.89
1528;Maratá;RS;Estadual;16;528.78;554.35;506.07;508.92;601.25;539.87
1529;Itaituba;PA;Privada;179;525.33;544.02;495.29;500.92;633.63;539.84
1530;Carpina;PE;Privada;95;534.27;552.14;504.85;508.46;598.95;539.73
1531;Nova Cruz;RN;Privada;53;537.07;557.85;496.13;497.93;609.53;539.7
1532;Maragogi;AL;Federal;75;531.14;555.73;504.03;485.38;621.07;539.47
1533;Ji-Paraná;RO;Privada;90;526.1;551.82;512.84;527.59;578.89;539.45
1534;Araripina;PE;Privada;129;530.47;549.27;508.69;516.97;591.47;539.37
1535;Esperantina;PI;Privada;15;554.91;550.81;506.42;491.03;593.33;539.3
1536;São Lourenço da Mata;PE;Privada;42;531.58;568.41;513.4;468.65;614.29;539.27
1537;Cabedelo;PB;Federal;63;538.08;562.56;504.08;495.07;596.51;539.26
1538;Arroio do Meio;RS;Estadual;107;537.15;554.31;499.81;521.49;583.55;539.26
1539;Jandira;SP;Privada;38;553.74;554.06;509.8;500.16;578.42;539.23
1540;Jitaúna;BA;Privada;19;530.03;562.85;480.37;498.59;624.21;539.21
1541;Pinheiral;RJ;Privada;27;540.32;560.59;489.8;500.83;604.44;539.2
1542;Nova Soure;BA;Privada;22;539.16;560.34;506.59;495.99;593.64;539.14
1543;Vitória de Santo Antão;PE;Federal;98;530.16;563.83;508.47;503.17;589.8;539.09
1544;Retirolândia;BA;Privada;8;529.51;555.67;483.76;483.79;642.5;539.05
1545;Castelo;ES;Privada;42;535.7;549.5;528.47;511.4;570.0;539.01
1546;Pedro de Toledo;SP;Municipal;2;549.95;551.85;521.35;511.3;560.0;538.89
1547;Porto Nacional;TO;Federal;60;551.07;568.82;491.92;500.18;582.33;538.87
1548;Cacoal;RO;Privada;205;538.91;554.56;511.12;521.88;566.84;538.66
1549;Potirendaba;SP;Privada;8;524.51;540.81;504.05;486.38;637.5;538.65
1550;Campo Verde;MT;Federal;55;523.88;561.24;513.17;523.45;571.27;538.6
1551;Vila Rica;MT;Privada;14;537.09;534.96;495.86;546.32;578.57;538.56
1552;Lajedo;PE;Privada;41;526.74;558.67;499.52;497.05;610.73;538.54
1553;Canindé de São Francisco;SE;Privada;9;517.64;562.79;497.1;535.12;580.0;538.53
1554;Descoberto;MG;Estadual;34;542.79;557.89;488.86;512.18;590.59;538.46
1555;São Domingos do Sul;RS;Estadual;29;530.08;533.8;516.12;497.7;614.48;538.44
1556;Catu;BA;Privada;1;537.4;531.7;498.8;464.3;660.0;538.44
1557;Itamogi;MG;Estadual;49;548.07;553.96;488.61;521.47;580.0;538.42
1558;Pimenta Bueno;RO;Privada;34;539.11;555.86;478.11;507.54;611.18;538.36
1559;Senhora de Oliveira;MG;Estadual;27;533.23;555.07;509.41;526.74;566.67;538.23
1560;Bragança;PA;Federal;72;542.73;555.9;504.05;479.0;609.44;538.22
1561;Tabuleiro do Norte;CE;Privada;9;532.11;553.12;519.3;470.57;615.56;538.13
1562;São Joaquim;SC;Privada;28;537.45;556.64;524.5;539.85;532.14;538.12
1563;Pinheiro;MA;Federal;111;532.7;570.6;501.22;478.76;607.03;538.06
1564;Riolândia;SP;Privada;8;526.36;554.26;554.41;502.09;552.5;537.92
1565;Maricá;RJ;Municipal;54;538.56;557.38;495.32;531.32;567.04;537.92
1566;Santa Izabel do Pará;PA;Privada;163;528.88;561.16;505.18;486.75;607.12;537.82
1567;São José de Mipibu;RN;Privada;16;542.54;557.8;480.52;504.22;603.75;537.77
1568;Porciúncula;RJ;Privada;11;537.58;559.43;500.31;491.41;600.0;537.75
1569;Tiradentes;MG;Estadual;17;533.72;566.23;484.98;519.02;584.71;537.73
1570;Alecrim;RS;Estadual;47;529.92;532.97;500.75;515.01;609.79;537.69
1571;Alagoa Grande;PB;Privada;23;537.01;548.4;494.32;481.2;626.96;537.58
1572;Amparo;SP;Estadual;415;549.21;565.53;495.89;521.63;555.37;537.53
1573;Cândido Godói;RS;Estadual;66;522.32;531.58;500.62;517.32;615.45;537.46
1574;Guarará;MG;Estadual;19;555.78;556.24;470.75;527.93;575.79;537.3
1575;Santa Helena de Goiás;GO;Privada;57;539.73;548.91;495.79;532.18;569.82;537.29
1576;Alto Feliz;RS;Estadual;11;521.03;554.43;464.49;537.26;609.09;537.26
1577;Abadiânia;GO;Privada;84;525.83;562.2;486.87;508.3;603.1;537.26
1578;Pescaria Brava;SC;Municipal;1;531.4;542.9;493.4;438.5;680.0;537.24
1579;Afogados da Ingazeira;PE;Privada;23;532.76;531.42;506.87;498.21;616.52;537.16
1580;Lagoa Formosa;MG;Estadual;122;532.45;553.47;492.82;520.9;586.07;537.14
1581;Itaboraí;RJ;Municipal;1;564.9;569.1;429.7;581.5;540.0;537.04
1582;Novo Oriente de Minas;MG;Privada;18;503.59;554.59;467.28;525.88;633.33;536.94
1583;Nova Candelária;RS;Estadual;21;532.92;548.75;509.09;543.28;550.48;536.9
1584;Medianeira;PR;Federal;2;521.2;564.0;481.95;557.25;560.0;536.88
1585;Esperança;PB;Privada;52;526.44;534.71;506.97;525.5;590.77;536.88
1586;Monte Belo do Sul;RS;Estadual;16;533.06;542.26;501.06;507.81;600.0;536.84
1587;Quatro Barras;PR;Privada;129;544.09;561.03;509.09;523.15;546.67;536.81
1588;Teixeiras;MG;Privada;11;542.78;568.7;507.09;492.64;570.91;536.42
1589;Marechal Floriano;ES;Estadual;167;534.41;546.69;514.97;526.49;559.22;536.36
1590;Aquidauana;MS;Municipal;1;544.7;562.7;542.0;592.3;440.0;536.34
1591;Harmonia;RS;Estadual;35;531.49;560.07;484.54;538.7;566.86;536.33
1592;Casa Nova;BA;Privada;8;529.84;557.62;505.01;519.12;570.0;536.32
1593;Santo Cristo;RS;Estadual;115;530.55;558.79;504.77;503.79;582.96;536.17
1594;Itaguara;MG;Estadual;80;535.08;553.8;492.4;527.39;572.0;536.14
1595;Salgueiro;PE;Federal;50;532.66;554.03;496.94;521.79;574.8;536.04
1596;Ubatuba;SP;Municipal;94;555.67;558.21;489.39;530.26;546.6;536.02
1597;Arapoti;PR;Privada;43;532.73;560.09;521.68;539.36;526.05;535.98
1598;Paragominas;PA;Privada;215;522.46;552.11;504.29;515.29;585.6;535.95
1599;Matelândia;PR;Privada;14;558.99;559.41;499.82;501.24;560.0;535.89
1600;Canarana;MT;Privada;4;513.17;542.55;517.42;506.28;600.0;535.88
1601;São Francisco de Paula;RS;Privada;13;560.97;556.37;498.57;503.32;560.0;535.84
1602;Coronel Xavier Chaves;MG;Estadual;31;520.13;548.99;505.51;535.55;568.39;535.71
1603;Antônio Prado;RS;Estadual;46;529.92;547.8;491.13;518.39;591.3;535.71
1604;Limeira;SP;Estadual;1739;545.9;554.7;492.96;523.75;561.26;535.71
1605;Embu das Artes;SP;Privada;74;549.15;565.58;494.53;511.35;557.57;535.63
1606;Pitanga;PR;Privada;33;517.83;554.99;527.55;527.96;549.7;535.61
1607;Miracema;RJ;Municipal;44;538.05;556.3;493.72;491.42;598.18;535.54
1608;Barão de Cotegipe;RS;Estadual;38;532.67;543.69;493.64;512.38;595.26;535.53
1609;Dores do Turvo;MG;Estadual;36;517.17;537.79;505.71;564.92;551.67;535.45
1610;Maravilha;SC;Estadual;235;536.6;553.34;495.92;514.67;576.6;535.42
1611;Capela Nova;MG;Estadual;27;545.74;543.69;460.34;518.99;607.41;535.23
1612;Igarassu;PE;Privada;110;528.84;548.43;506.14;510.89;581.82;535.22
1613;Milhã;CE;Privada;12;502.29;537.38;493.54;496.09;646.67;535.2
1614;Pareci Novo;RS;Estadual;16;546.74;561.42;476.97;492.09;598.75;535.19
1615;Santo Amaro;BA;Privada;68;539.83;558.77;490.69;469.28;617.35;535.19
1616;Camaçari;BA;Privada;155;532.63;557.23;500.36;490.65;594.9;535.16
1617;Santa Adélia;SP;Privada;15;512.27;550.38;526.27;524.11;562.67;535.14
1618;Queimados;RJ;Privada;181;541.62;553.7;482.33;487.57;610.5;535.14
1619;Itabaiana;PB;Privada;74;525.23;557.5;503.52;480.78;608.38;535.08
1620;Ibiá;MG;Municipal;3;531.97;579.0;467.73;576.6;520.0;535.06
1621;Vila Velha;ES;Municipal;2;519.35;550.6;535.65;579.1;490.0;534.94
1622;Castanhal;PA;Federal;75;532.43;561.52;502.42;478.68;599.2;534.85
1623;Santa Cruz;RN;Privada;62;527.96;533.8;510.11;505.76;596.45;534.82
1624;Amambai;MS;Privada;8;531.36;551.69;506.56;539.25;545.0;534.77
1625;Nova Alvorada;RS;Estadual;15;530.64;544.89;470.18;528.09;600.0;534.76
1626;Conceição;PB;Privada;37;525.83;556.15;491.85;464.25;635.68;534.75
1627;João Monlevade;MG;Estadual;562;530.09;548.85;501.07;516.12;577.4;534.71
1628;São Miguel dos Campos;AL;Privada;99;521.25;539.95;501.44;486.61;624.24;534.7
1629;Prados;MG;Estadual;45;520.47;547.47;500.37;516.73;588.44;534.7
1630;São João dos Patos;MA;Federal;69;524.32;546.44;495.0;514.88;592.75;534.68
1631;Urupês;SP;Privada;57;536.03;540.89;501.44;531.02;563.86;534.65
1632;Capivari;SP;Federal;1;521.4;529.3;563.3;518.8;540.0;534.56
1633;Marco;CE;Privada;26;516.75;529.86;486.3;523.55;616.15;534.52
1634;Itapipoca;CE;Privada;28;520.37;544.61;512.33;525.94;569.29;534.51
1635;União da Vitória;PR;Privada;84;548.03;561.24;499.15;522.3;541.43;534.43
1636;Cambará;PR;Privada;15;553.01;530.33;484.92;524.93;578.67;534.37
1637;São João da Boa Vista;SP;Municipal;3;578.07;619.23;512.17;462.3;500.0;534.35
1638;São Simão;GO;Municipal;51;535.14;546.27;502.28;513.1;574.9;534.34
1639;Cedro do Abaeté;MG;Estadual;11;528.31;544.53;480.38;487.29;630.91;534.28
1640;Taquara;RS;Estadual;297;540.88;551.69;494.92;527.75;555.96;534.24
1641;Antônio Carlos;SC;Estadual;104;524.77;544.18;494.17;510.15;597.88;534.23
1642;Santa Helena;PR;Municipal;1;543.1;569.7;577.4;620.9;360.0;534.22
1643;Mirante do Paranapanema;SP;Municipal;1;582.3;554.3;426.2;428.3;680.0;534.22
1644;Pouso Alegre;MG;Municipal;131;533.73;547.74;495.25;509.84;584.43;534.2
1645;Carvalhos;MG;Estadual;24;531.53;562.42;461.87;542.65;572.5;534.19
1646;Brusque;SC;Municipal;33;544.11;566.72;474.06;534.34;551.52;534.15
1647;Três Rios;RJ;Municipal;54;530.37;550.21;478.13;493.27;618.15;534.03
1648;Tapejara;RS;Estadual;111;521.5;540.05;484.21;514.93;609.37;534.01
1649;Capanema;PA;Privada;198;520.49;550.62;501.88;499.57;597.27;533.97
1650;União dos Palmares;AL;Privada;94;528.3;549.84;495.25;488.28;608.09;533.95
1651;Mercedes;PR;Estadual;44;535.06;553.77;491.62;518.41;570.91;533.95
1652;Pedra Azul;MG;Privada;9;550.56;576.34;506.77;502.24;533.33;533.85
1653;Timon;MA;Federal;159;524.72;543.94;500.01;501.13;599.37;533.83
1654;Primavera do Leste;MT;Municipal;1;524.9;552.2;561.6;510.3;520.0;533.8
1655;Sete de Setembro;RS;Estadual;15;515.41;543.77;504.19;526.63;578.67;533.73
1656;Águas Lindas de Goiás;GO;Federal;23;540.64;554.01;499.8;479.34;594.78;533.71
1657;General Carneiro;MT;Privada;1;547.8;587.2;440.3;533.0;560.0;533.66
1658;Dias d'Ávila;BA;Privada;81;527.95;546.25;500.48;492.41;600.74;533.57
1659;Ritápolis;MG;Estadual;33;513.66;547.93;496.04;518.22;591.52;533.47
1660;Iporã;PR;Privada;13;524.08;540.43;522.18;531.26;549.23;533.44
1661;Paraíso do Tocantins;TO;Privada;47;541.14;549.11;504.15;489.77;582.98;533.43
1662;Seara;SC;Privada;7;504.91;528.44;502.61;562.5;568.57;533.41
1663;Divinésia;MG;Estadual;15;527.35;567.83;498.95;509.77;562.67;533.31
1664;Pedro Teixeira;MG;Estadual;16;520.88;535.79;491.36;559.61;558.75;533.28
1665;Abadia dos Dourados;MG;Estadual;44;537.22;546.3;511.23;514.66;556.36;533.15
1666;Santana;AP;Privada;120;525.58;550.77;493.62;477.17;618.17;533.06
1667;Jaru;RO;Municipal;4;536.95;590.05;512.75;500.35;525.0;533.02
1668;Vila Flores;RS;Estadual;21;538.68;551.75;468.1;510.39;596.19;533.02
1669;Telêmaco Borba;PR;Privada;154;543.17;548.62;496.58;516.78;559.74;532.98
1670;Barracão;RS;Estadual;25;538.84;563.01;488.78;522.89;551.2;532.94
1671;Barra do Mendes;BA;Privada;18;531.78;555.77;481.9;487.11;607.78;532.87
1672;Bom Princípio;RS;Estadual;81;529.11;545.61;484.46;533.82;571.11;532.82
1673;Barra;BA;Privada;23;541.99;546.56;493.41;489.83;592.17;532.79
1674;Alvarenga;MG;Estadual;14;547.88;544.86;496.42;523.36;551.43;532.79
1675;Jussara;GO;Privada;24;518.06;539.5;504.47;503.55;598.33;532.78
1676;Corrente;PI;Privada;53;526.56;549.36;495.03;485.01;607.55;532.7
1677;Gaurama;RS;Estadual;32;535.93;528.51;492.78;526.72;579.38;532.66
1678;São Gabriel do Oeste;MS;Privada;13;537.13;561.38;507.76;506.02;550.77;532.61
1679;Uibaí;BA;Privada;3;519.27;530.7;510.2;489.33;613.33;532.57
1680;Amparo do Serra;MG;Estadual;20;516.9;551.79;483.64;509.26;601.0;532.52
1681;Ortigueira;PR;Privada;29;516.31;528.83;504.3;519.07;593.79;532.46
1682;Fama;MG;Estadual;12;538.71;554.53;477.72;511.28;580.0;532.45
1683;Dom Pedrito;RS;Privada;51;525.23;541.59;503.79;507.22;584.31;532.43
1684;Loanda;PR;Privada;73;537.65;552.75;502.33;513.68;555.62;532.4
1685;São Luís do Quitunde;AL;Privada;47;520.13;555.34;491.42;479.74;614.89;532.3
1686;Caseiros;RS;Estadual;18;505.83;553.67;498.22;486.82;616.67;532.24
1687;Milagres;CE;Privada;27;534.82;527.28;504.24;500.66;594.07;532.21
1688;Ipuiúna;MG;Privada;9;552.69;570.58;524.28;477.37;535.56;532.09
1689;Ijuí;RS;Estadual;534;532.7;546.52;499.18;515.2;566.82;532.08
1690;Cachoeira Paulista;SP;Privada;66;538.37;545.55;498.21;512.72;565.15;532.0
1691;São Lourenço da Mata;PE;Federal;48;514.37;548.46;494.37;494.02;608.75;531.99
1692;Prata;MG;Privada;10;530.15;553.29;515.83;538.57;522.0;531.97
1693;Luzerna;SC;Estadual;65;539.13;545.3;487.06;529.52;558.77;531.96
1694;Bacabal;MA;Privada;125;529.26;545.02;498.25;496.5;590.72;531.95
1695;Pariquera-Açu;SP;Privada;3;569.03;518.73;544.63;467.23;560.0;531.93
1696;São Caitano;PE;Privada;21;543.14;555.07;490.29;509.9;560.95;531.87
1697;Cabo de Santo Agostinho;PE;Privada;196;535.74;548.99;497.96;508.7;567.76;531.83
1698;Laje do Muriaé;RJ;Estadual;31;529.95;548.13;476.6;518.66;585.81;531.83
1699;Ibiaçá;RS;Estadual;27;530.74;556.06;503.44;501.08;567.41;531.75
1700;Tiros;MG;Estadual;28;529.47;539.33;491.5;491.54;606.43;531.66
1701;São Cristóvão;SE;Federal;158;518.81;543.15;488.68;496.37;611.14;531.63
1702;Guajará-Mirim;RO;Privada;29;532.14;535.3;492.15;497.76;600.69;531.61
1703;Alto Bela Vista;SC;Estadual;15;523.78;558.27;498.07;511.97;565.33;531.48
1704;Valença do Piauí;PI;Privada;4;526.0;565.35;446.7;479.15;640.0;531.44
1705;Barra do Corda;MA;Federal;104;531.77;552.43;499.46;483.32;590.19;531.43
1706;Morrinhos do Sul;RS;Estadual;27;525.84;539.13;495.96;475.43;620.74;531.42
1707;Rubinéia;SP;Estadual;14;521.51;538.98;504.94;533.05;558.57;531.41
1708;Catu;BA;Federal;130;530.22;550.77;505.65;498.12;572.31;531.41
1709;Cachoeira;BA;Privada;84;521.26;552.23;477.44;493.91;612.14;531.4
1710;Matões;MA;Privada;7;548.79;546.71;493.67;509.79;557.14;531.22
1711;Albertina;MG;Estadual;8;530.19;548.4;488.95;508.59;580.0;531.22
1712;Pinheiro;MA;Privada;185;531.14;557.62;487.81;464.42;615.03;531.2
1713;Santa Terezinha de Itaipu;PR;Privada;14;544.45;564.26;510.02;508.29;528.57;531.12
1714;Sapiranga;RS;Privada;48;541.89;555.74;487.57;517.47;552.58;531.05
1715;Guiricema;MG;Estadual;43;523.16;543.77;492.08;519.5;576.74;531.05
1716;Ipameri;GO;Federal;2;560.3;599.4;485.5;479.55;530.0;530.95
1717;Lapa;PR;Privada;21;525.18;540.23;515.12;532.86;540.95;530.87
1718;Bonfim;MG;Estadual;42;531.28;552.41;501.12;524.36;544.76;530.79
1719;Abaeté;MG;Estadual;133;529.21;553.0;493.8;513.12;564.66;530.76
1720;Nova Petrópolis;RS;Estadual;59;536.97;550.04;487.33;506.88;572.54;530.75
1721;Ajuricaba;RS;Estadual;39;527.92;553.63;484.09;498.05;589.74;530.69
1722;Planalto Alegre;SC;Estadual;23;532.95;538.58;495.9;488.6;597.39;530.68
1723;Agudo;RS;Estadual;89;530.11;544.37;480.77;499.62;598.43;530.66
1724;Romelândia;SC;Estadual;37;499.11;528.74;495.82;520.28;609.19;530.63
1725;Paty do Alferes;RJ;Privada;7;521.19;502.31;490.81;524.29;614.29;530.58
1726;Conceição dos Ouros;MG;Estadual;72;529.2;557.76;493.85;530.45;541.67;530.58
1727;Biguaçu;SC;Privada;110;528.98;550.15;497.7;514.82;560.91;530.51
1728;Camacho;MG;Estadual;20;531.86;552.6;486.65;497.44;584.0;530.51
1729;Senador Firmino;MG;Estadual;47;533.25;537.35;486.86;503.83;591.06;530.47
1730;Arvoredo;SC;Estadual;19;528.17;548.08;494.59;528.36;552.63;530.37
1731;Passa e Fica;RN;Privada;24;538.46;552.43;496.26;475.21;589.17;530.31
1732;Braço do Trombudo;SC;Estadual;17;534.83;546.16;497.75;510.36;562.35;530.29
1733;Caucaia;CE;Privada;266;528.47;547.14;493.92;496.27;585.64;530.28
1734;Caiçara;RS;Estadual;47;509.96;539.69;508.52;500.85;592.34;530.27
1735;Luminárias;MG;Estadual;43;515.48;543.56;496.9;481.44;613.95;530.27
1736;Extrema;MG;Estadual;164;541.06;548.66;494.13;521.57;545.85;530.26
1737;Cachoeira de Minas;MG;Estadual;49;534.89;550.63;489.85;518.29;557.55;530.24
1738;Silvânia;GO;Privada;92;523.56;539.97;502.35;523.08;561.96;530.18
1739;Nova Friburgo;RJ;Estadual;791;536.63;550.5;483.97;493.98;585.78;530.17
1740;Acopiara;CE;Privada;15;505.25;551.57;508.85;541.15;544.0;530.16
1741;Guaratinguetá;SP;Estadual;616;540.24;547.43;485.77;515.15;561.98;530.12
1742;Maracaju;MS;Privada;54;518.01;546.7;506.24;492.02;587.41;530.07
1743;Munhoz;MG;Estadual;21;533.83;550.24;495.69;509.58;560.95;530.06
1744;Sertanópolis;PR;Privada;47;521.11;543.7;513.12;532.05;540.0;530.0
1745;São Brás do Suaçuí;MG;Estadual;34;532.49;549.29;502.99;490.49;574.71;529.99
1746;Mãe do Rio;PA;Privada;53;510.38;535.96;500.12;494.77;608.3;529.91
1747;Cabo Frio;RJ;Municipal;295;536.1;552.05;487.71;492.61;581.08;529.91
1748;Serafina Corrêa;RS;Estadual;75;527.58;549.4;514.71;520.48;537.33;529.9
1749;Santana;BA;Privada;33;512.26;548.77;508.12;502.59;577.58;529.86
1750;Carambeí;PR;Privada;23;534.86;534.81;498.55;541.04;540.0;529.85
1751;Cotiporã;RS;Estadual;19;546.21;558.38;493.93;465.25;585.26;529.81
1752;Correntina;BA;Privada;22;522.09;544.4;506.87;497.53;578.18;529.81
1753;Alvorada;RS;Federal;1;518.3;518.5;439.2;572.5;600.0;529.7
1754;Araguatins;TO;Federal;165;522.82;547.48;505.1;503.08;569.94;529.69
1755;Novo Horizonte;SP;Estadual;225;532.4;539.26;494.47;516.4;565.69;529.64
1756;Caaporã;PB;Municipal;2;516.0;513.85;545.8;502.5;570.0;529.63
1757;Pedralva;MG;Estadual;75;524.61;553.38;501.41;505.83;562.67;529.58
1758;Ibateguara;AL;Privada;18;534.17;542.63;474.56;486.46;610.0;529.56
1759;Westfalia;RS;Estadual;10;541.47;558.15;481.13;530.37;536.0;529.42
1760;Piranhas;AL;Privada;13;541.58;545.53;487.21;503.46;569.23;529.4
1761;Dois Córregos;SP;Privada;48;527.4;544.17;494.75;527.63;552.92;529.37
1762;Boa Vista do Cadeado;RS;Estadual;13;529.3;545.05;478.38;530.43;563.08;529.25
1763;Patos de Minas;MG;Estadual;1060;528.87;546.24;495.84;507.35;567.82;529.23
1764;Garibaldi;RS;Estadual;144;524.06;536.55;489.3;517.66;578.33;529.18
1765;Cafelândia;PR;Privada;20;527.98;545.42;501.39;526.0;545.0;529.16
1766;Parintins;AM;Federal;64;523.43;547.61;479.45;493.66;601.25;529.08
1767;Faxinal do Soturno;RS;Estadual;50;519.6;545.73;490.04;504.24;585.6;529.04
1768;Piraí do Sul;PR;Privada;19;556.67;560.39;496.14;523.36;508.42;529.0
1769;Sério;RS;Estadual;6;525.75;545.43;505.4;488.1;580.0;528.94
1770;Novo Machado;RS;Estadual;12;526.53;534.02;461.05;494.35;628.33;528.86
1771;Pinheiros;ES;Privada;8;518.48;580.36;485.05;490.26;570.0;528.83
1772;Ipê;RS;Estadual;47;536.96;549.83;485.15;493.93;578.3;528.83
1773;Uruçuca;BA;Federal;32;535.79;542.45;477.7;474.45;613.75;528.83
1774;Piracema;MG;Estadual;38;528.17;536.48;503.01;502.12;574.21;528.8
1775;Caldas;MG;Municipal;3;543.13;512.57;530.53;504.37;553.33;528.79
1776;Morro Agudo;SP;Municipal;79;544.04;545.71;486.08;487.34;580.76;528.79
1777;Carlos Barbosa;RS;Estadual;150;532.79;543.98;497.2;518.93;550.53;528.69
1778;Campestre da Serra;RS;Estadual;17;531.38;544.07;483.27;509.34;575.29;528.67
1779;Paula Cândido;MG;Estadual;65;529.01;540.98;483.96;481.49;607.69;528.63
1780;Pomerode;SC;Estadual;150;531.1;543.99;483.92;504.39;579.73;528.63
1781;São Francisco do Glória;MG;Estadual;32;537.36;541.19;479.38;501.48;583.75;528.63
1782;Ponte Preta;RS;Estadual;7;526.14;549.73;495.87;522.67;548.57;528.6
1783;Rodeiro;MG;Estadual;39;527.78;536.33;475.87;507.23;595.38;528.52
1784;Presidente Bernardes;MG;Estadual;31;522.35;533.14;498.24;511.3;577.42;528.49
1785;Flores da Cunha;RS;Estadual;159;538.05;554.52;481.35;509.46;558.99;528.47
1786;Santa Rosa de Lima;SC;Estadual;20;529.15;530.88;492.33;501.92;588.0;528.46
1787;Luisburgo;MG;Estadual;20;515.22;537.44;499.16;508.45;582.0;528.45
1788;São João do Piauí;PI;Privada;25;514.78;538.28;474.5;485.54;628.8;528.38
1789;Ivorá;RS;Estadual;19;532.46;564.31;497.73;484.16;563.16;528.36
1790;Passa Tempo;MG;Estadual;38;539.06;544.17;486.99;507.72;563.68;528.33
1791;São Pedro;SP;Estadual;227;541.17;555.66;493.32;510.92;540.35;528.28
1792;Poços de Caldas;MG;Municipal;128;540.22;549.4;477.37;512.67;561.09;528.15
1793;Coronel Vivida;PR;Privada;18;509.09;527.41;493.07;558.67;552.22;528.09
1794;Anitápolis;SC;Estadual;25;524.8;539.28;517.88;503.26;555.2;528.08
1795;Arinos;MG;Federal;69;522.52;542.31;496.28;501.0;577.97;528.02
1796;Goiabeira;MG;Estadual;23;526.08;528.19;481.52;496.37;607.83;528.0
1797;Juruaia;MG;Estadual;52;526.67;531.64;488.51;545.32;547.69;527.97
1798;Nacip Raydan;MG;Estadual;13;538.75;540.53;499.59;500.88;560.0;527.95
1799;Cupira;PE;Privada;10;522.93;545.2;464.28;479.13;628.0;527.91
1800;Charrua;RS;Estadual;17;515.26;546.37;498.56;544.03;535.29;527.9
1801;Conselheiro Lafaiete;MG;Municipal;68;528.52;534.05;500.96;500.35;575.29;527.83
1802;Campestre;MG;Estadual;92;529.45;559.47;486.98;490.38;572.83;527.82
1803;Codó;MA;Privada;111;515.81;536.35;492.18;484.94;609.73;527.8
1804;São Caetano do Sul;SP;Estadual;970;546.61;549.93;481.24;514.97;546.19;527.79
1805;Estiva;MG;Estadual;44;535.41;549.83;473.7;501.72;578.18;527.77
1806;Salvador do Sul;RS;Estadual;72;518.72;537.73;485.95;509.99;586.11;527.7
1807;Salvador das Missões;RS;Estadual;27;501.07;542.72;487.89;529.0;577.78;527.69
1808;Palmares;PE;Privada;125;530.47;545.84;487.96;493.72;580.32;527.66
1809;Tucunduva;RS;Estadual;31;526.0;537.85;509.81;495.52;569.03;527.64
1810;Santa Cruz Cabrália;BA;Municipal;1;561.0;584.1;451.4;461.5;580.0;527.6
1811;Terra Nova do Norte;MT;Municipal;2;565.85;594.3;484.35;483.45;510.0;527.59
1812;São Valentim;RS;Estadual;40;534.04;541.7;498.69;499.97;563.5;527.58
1813;Biritiba-Mirim;SP;Privada;10;551.66;552.49;486.19;511.55;536.0;527.58
1814;Apodi;RN;Privada;21;518.5;552.65;498.66;487.99;580.0;527.56
1815;Santo Antônio do Monte;MG;Estadual;131;527.95;541.97;493.07;505.77;568.85;527.52
1816;Lagoa Dourada;MG;Estadual;91;512.61;526.25;491.23;526.17;581.32;527.51
1817;Passa-Vinte;MG;Estadual;10;519.78;560.08;498.44;523.21;536.0;527.5
1818;Jaboticaba;RS;Estadual;32;517.49;536.34;501.63;504.5;576.88;527.37
1819;Potirendaba;SP;Estadual;38;549.39;538.06;487.35;503.02;558.95;527.35
1820;Coremas;PB;Privada;19;532.47;535.42;473.87;481.31;613.68;527.35
1821;Itapira;SP;Estadual;304;541.2;550.93;483.02;503.74;557.76;527.33
1822;Mongaguá;SP;Privada;30;550.27;551.43;492.81;485.93;556.0;527.29
1823;Pinto Bandeira;RS;Estadual;15;506.94;542.16;510.47;510.16;566.67;527.28
1824;Seritinga;MG;Estadual;18;544.13;543.83;477.27;511.12;560.0;527.27
1825;Realeza;PR;Estadual;154;531.67;542.16;495.25;513.06;554.19;527.27
1826;Douradoquara;MG;Estadual;11;549.48;535.57;515.98;498.75;536.36;527.23
1827;Medianeira;PR;Privada;5;518.08;538.56;494.48;512.82;572.0;527.19
1828;Jaraguá;GO;Privada;54;520.43;547.44;498.92;505.38;563.7;527.17
1829;Quissamã;RJ;Municipal;1;503.0;530.5;519.0;423.2;660.0;527.14
1830;Maués;AM;Federal;60;527.32;553.58;499.78;474.55;580.33;527.11
1831;Coxim;MS;Federal;36;536.89;538.31;491.24;521.18;547.78;527.08
1832;Viana;MA;Privada;2;552.65;543.95;494.0;464.75;580.0;527.07
1833;São José do Rio Pardo;SP;Estadual;245;538.22;547.57;483.6;502.47;563.18;527.01
1834;Monteiro;PB;Privada;16;510.98;557.52;490.48;468.57;607.5;527.01
1835;Nova Prata;RS;Estadual;156;526.83;538.09;496.81;510.98;562.31;527.0
1836;Teixeiras;MG;Estadual;71;520.93;549.93;486.32;507.2;570.14;526.9
1837;Boa Viagem;CE;Privada;10;533.57;544.4;481.62;472.81;602.0;526.88
1838;Santa Clara do Sul;RS;Estadual;28;518.02;550.39;480.84;511.87;572.86;526.79
1839;Santa Teresa;ES;Estadual;135;520.23;538.07;490.52;486.95;598.07;526.77
1840;Córrego do Bom Jesus;MG;Estadual;28;534.28;547.57;471.16;517.03;563.57;526.72
1841;Conceição da Barra de Minas;MG;Estadual;22;505.8;519.43;462.76;499.12;646.36;526.7
1842;Saquarema;RJ;Estadual;458;535.55;549.02;481.36;492.93;574.35;526.64
1843;Alexânia;GO;Privada;18;528.81;542.2;479.81;485.63;596.67;526.62
1844;Monte Alegre do Sul;SP;Estadual;82;540.2;556.25;484.51;503.73;548.29;526.59
1845;Desterro de Entre Rios;MG;Estadual;24;542.75;540.85;472.14;521.97;555.0;526.54
1846;Quatro Pontes;PR;Estadual;37;536.61;543.09;500.49;493.65;558.38;526.44
1847;Ervália;MG;Estadual;130;526.8;552.84;485.57;499.91;566.92;526.41
1848;Boa Vista do Buricá;RS;Estadual;50;517.0;532.63;493.45;512.63;576.0;526.34
1849;Bom Jesus dos Perdões;SP;Privada;8;558.75;552.31;498.3;489.74;532.5;526.32
1850;Cidade Ocidental;GO;Privada;41;542.92;561.1;507.59;474.05;545.85;526.3
1851;Coimbra;MG;Estadual;40;508.07;533.16;507.81;499.38;583.0;526.29
1852;Picada Café;RS;Estadual;34;531.49;530.59;494.4;550.1;524.71;526.26
1853;Santo Expedito do Sul;RS;Estadual;29;542.4;545.98;485.99;492.07;564.83;526.25
1854;Ribeirópolis;SE;Estadual;124;502.75;533.62;496.91;482.14;615.81;526.25
1855;Cruzeiro do Iguaçu;PR;Estadual;42;538.79;533.39;484.26;499.21;575.24;526.18
1856;Itaipulândia;PR;Estadual;74;539.14;541.52;481.44;520.64;548.11;526.17
1857;Sapucaia do Sul;RS;Privada;78;536.97;545.83;495.94;524.85;527.18;526.15
1858;Chapada;RS;Estadual;60;526.38;543.27;473.58;492.17;595.33;526.15
1859;Arabutã;SC;Estadual;39;523.44;540.81;494.06;511.38;561.03;526.14
1860;Rio Novo;MG;Estadual;25;529.71;547.55;492.92;500.34;560.0;526.1
1861;Pontes e Lacerda;MT;Federal;99;531.62;559.22;484.2;486.68;568.28;526.0
1862;Datas;MG;Municipal;2;533.05;588.75;550.2;407.8;550.0;525.96
1863;Matutina;MG;Estadual;33;518.22;542.85;496.43;511.67;560.61;525.96
1864;Escada;PE;Municipal;1;552.6;585.2;456.9;395.0;640.0;525.94
1865;Francisco Morato;SP;Privada;56;534.45;552.43;491.95;482.22;568.57;525.92
1866;Barbosa Ferraz;PR;Privada;10;523.02;546.44;469.49;518.64;572.0;525.92
1867;Cerro Largo;RS;Estadual;80;524.13;541.06;484.55;505.09;574.5;525.87
1868;Quixaba;PE;Estadual;137;518.28;534.33;484.6;495.89;595.91;525.8
1869;Araçagi;PB;Municipal;1;493.0;545.6;445.8;524.5;620.0;525.78
1870;Camamu;BA;Privada;17;537.8;541.13;501.38;515.65;532.94;525.78
1871;Apucarana;PR;Municipal;1;564.1;468.6;501.5;474.4;620.0;525.72
1872;São João del Rei;MG;Estadual;512;521.94;543.76;478.85;501.08;582.84;525.69
1873;São Pedro de Alcântara;SC;Estadual;51;525.54;541.15;500.43;500.08;561.18;525.67
1874;Iomerê;SC;Estadual;14;546.48;541.41;480.83;526.75;532.86;525.67
1875;Pinheirinho do Vale;RS;Estadual;26;524.69;528.03;482.25;516.04;576.92;525.59
1876;Sarandi;RS;Estadual;109;531.3;550.17;479.11;489.79;577.43;525.56
1877;Ipiguá;SP;Estadual;25;538.79;546.78;488.22;514.74;539.2;525.55
1878;Altamira;PA;Privada;182;524.19;537.26;491.21;496.54;578.46;525.53
1879;Tupã;SP;Estadual;410;536.85;545.51;486.96;494.64;562.88;525.37
1880;Santa Margarida do Sul;RS;Estadual;7;537.64;556.14;487.54;554.04;491.43;525.36
1881;Bento Gonçalves;RS;Estadual;496;528.58;541.22;484.23;501.86;570.69;525.31
1882;Marques de Souza;RS;Estadual;11;523.55;546.63;468.35;491.62;596.36;525.3
1883;Guaporé;RS;Estadual;115;527.76;550.34;483.35;496.89;568.17;525.3
1884;Eugênio de Castro;RS;Estadual;7;532.26;545.89;482.99;479.36;585.71;525.24
1885;Três Arroios;RS;Estadual;15;523.0;527.45;515.78;527.48;532.0;525.14
1886;Alegrete;RS;Federal;69;534.46;537.54;507.38;510.13;535.65;525.03
1887;Barreiros;PE;Privada;33;525.5;548.23;476.49;473.39;601.21;524.97
1888;Botelhos;MG;Estadual;76;528.87;547.36;475.58;493.06;579.74;524.92
1889;Bueno Brandão;MG;Estadual;74;532.65;560.15;485.62;499.88;546.22;524.9
1890;Itapiranga;SC;Estadual;184;514.98;541.52;498.54;513.98;555.43;524.89
1891;Dona Francisca;RS;Estadual;34;521.29;544.86;511.81;485.93;560.59;524.89
1892;Paracuru;CE;Privada;16;531.46;554.31;499.16;483.21;556.25;524.88
1893;Batalha;PI;Privada;26;497.92;520.33;500.29;494.12;611.54;524.84
1894;Águas de Chapecó;SC;Estadual;35;523.06;530.11;503.57;520.14;546.86;524.75
1895;Wenceslau Braz;MG;Estadual;18;529.19;533.91;501.78;524.29;534.44;524.72
1896;Coxim;MS;Privada;25;531.14;544.38;502.77;543.7;501.6;524.72
1897;Cerrito;RS;Estadual;27;527.68;548.9;476.17;480.74;589.63;524.62
1898;Cantagalo;RJ;Estadual;92;528.19;546.73;491.88;478.69;577.39;524.58
1899;Santo Antônio do Amparo;MG;Privada;7;524.6;574.16;492.64;488.53;542.86;524.56
1900;Osório;RS;Estadual;379;526.54;544.99;486.89;493.55;570.72;524.54
1901;Vera Cruz;RS;Estadual;117;513.84;530.76;475.4;492.33;610.26;524.52
1902;Morada Nova de Minas;MG;Estadual;40;522.48;545.98;481.25;497.65;575.0;524.47
1903;Lavínia;SP;Estadual;49;529.91;540.54;473.48;517.04;561.22;524.44
1904;Bela Vista;MS;Privada;24;544.5;532.01;484.55;518.63;542.5;524.44
1905;Nazareno;MG;Estadual;46;524.96;537.23;475.02;508.73;576.09;524.41
1906;Matupá;MT;Privada;15;510.42;546.58;479.79;480.89;604.0;524.34
1907;Braga;RS;Estadual;25;542.53;555.51;470.8;464.66;588.0;524.3
1908;Ingaí;MG;Estadual;23;528.03;528.02;497.11;486.61;581.74;524.3
1909;Várzea Grande;MT;Privada;171;519.54;545.96;479.62;499.87;576.37;524.28
1910;Capim Grosso;BA;Privada;40;519.11;543.91;473.63;469.07;615.5;524.24
1911;Alfredo Chaves;ES;Privada;4;534.45;581.3;484.0;461.35;560.0;524.22
1912;Morro Agudo;SP;Privada;17;515.79;535.61;506.86;511.92;550.59;524.15
1913;Ivoti;RS;Estadual;91;527.32;543.82;484.96;515.74;548.57;524.08
1914;Antônio Prado de Minas;MG;Estadual;22;523.98;552.34;482.52;505.86;555.45;524.03
1915;Vila Lângaro;RS;Estadual;26;520.68;531.39;484.72;487.88;595.38;524.01
1916;Rolante;RS;Estadual;72;524.92;532.91;481.57;495.71;584.93;524.01
1917;Portão;RS;Estadual;185;532.9;548.84;474.99;504.85;558.41;524.0
1918;Cabaceiras;PB;Estadual;42;520.96;542.98;484.05;500.11;571.9;524.0
1919;Barra do Bugres;MT;Privada;14;525.01;547.13;514.26;483.61;550.0;524.0
1920;Santa Maria;RS;Estadual;1465;531.38;547.17;485.39;490.7;565.2;523.97
1921;Votuporanga;SP;Federal;4;527.02;532.3;484.98;480.45;595.0;523.95
1922;São Gonçalo do Rio Abaixo;MG;Estadual;76;512.76;542.09;479.95;505.09;579.74;523.92
1923;Caxias do Sul;RS;Estadual;1918;530.55;547.1;481.86;496.98;562.8;523.86
1924;Itapoá;SC;Estadual;147;535.5;548.24;486.89;506.81;541.77;523.84
1925;Barra do Rio Azul;RS;Estadual;20;526.17;541.64;488.16;523.86;539.0;523.76
1926;Colinas;RS;Estadual;7;535.44;542.0;492.37;497.51;551.43;523.75
1927;Rio Paranaíba;MG;Estadual;88;518.66;536.43;490.76;509.19;563.64;523.73
1928;Coari;AM;Federal;44;525.31;545.5;469.54;474.21;603.98;523.71
1929;Tefé;AM;Federal;35;538.03;549.16;470.81;472.8;587.43;523.65
1930;Murutinga do Sul;SP;Estadual;28;509.19;522.54;483.75;519.74;582.86;523.62
1931;Monte Alegre de Minas;MG;Municipal;7;523.1;551.27;479.99;486.46;577.14;523.59
1932;Cascavel;CE;Privada;70;519.91;533.06;482.65;497.67;584.57;523.57
1933;Natércia;MG;Estadual;23;512.42;522.81;506.24;486.83;589.57;523.57
1934;Iporã do Oeste;SC;Estadual;103;517.1;530.37;500.08;514.09;556.12;523.55
1935;Barroso;MG;Estadual;129;520.55;536.24;472.36;503.27;585.12;523.51
1936;Moeda;MG;Estadual;37;542.68;544.51;481.93;508.9;539.46;523.5
1937;Sousa;PB;Federal;54;519.99;544.58;496.0;487.41;569.26;523.45
1938;Penedo;AL;Privada;112;519.57;526.92;482.92;482.29;605.36;523.41
1939;Urutaí;GO;Federal;97;520.31;540.76;484.56;510.28;560.82;523.35
1940;Guabiruba;SC;Estadual;98;525.21;554.41;476.18;497.81;563.06;523.33
1941;Arantina;MG;Estadual;25;535.19;532.59;489.31;478.76;580.8;523.33
1942;Capanema;PR;Privada;16;518.69;530.85;498.49;513.44;555.0;523.29
1943;Capela;SE;Privada;48;523.33;539.38;489.93;470.35;593.33;523.26
1944;Tuparendi;RS;Estadual;36;535.73;540.54;486.61;483.26;570.0;523.23
1945;São Jorge;RS;Estadual;23;514.37;516.13;485.8;519.76;580.0;523.21
1946;Osvaldo Cruz;SP;Estadual;250;533.85;539.16;486.46;509.14;547.36;523.2
1947;Nerópolis;GO;Municipal;1;555.8;553.0;571.4;375.4;560.0;523.12
1948;Erechim;RS;Estadual;701;525.75;540.55;487.05;503.87;558.27;523.1
1949;São Francisco do Sul;SC;Privada;34;517.92;552.59;496.37;494.74;553.53;523.03
1950;Belo Jardim;PE;Federal;91;527.02;546.04;486.2;505.35;550.33;522.99
1951;Terra Boa;PR;Estadual;95;530.98;549.01;480.6;489.11;565.05;522.95
1952;Lutécia;SP;Estadual;22;530.52;541.85;479.22;517.66;545.45;522.94
1953;Santo Estêvão;BA;Privada;24;530.09;557.71;471.24;502.33;553.33;522.94
1954;Americana;SP;Estadual;1295;538.25;545.59;479.26;500.51;550.75;522.87
1955;Palmeira dos Índios;AL;Privada;204;517.84;534.21;479.63;483.88;598.73;522.86
1956;Nova Trento;SC;Privada;1;587.2;575.8;440.5;450.4;560.0;522.78
1957;Salgado Filho;PR;Estadual;36;528.62;542.06;497.69;501.02;544.44;522.77
1958;União Paulista;SP;Estadual;7;552.57;553.61;501.39;494.83;511.43;522.77
1959;Bariri;SP;Estadual;193;534.5;544.95;476.91;507.42;550.05;522.77
1960;Nazaré da Mata;PE;Estadual;258;519.21;536.57;489.79;486.06;582.09;522.75
1961;Laranjeiras do Sul;PR;Municipal;1;477.4;524.6;437.6;593.9;580.0;522.7
1962;Indianópolis;MG;Estadual;34;523.76;542.71;485.36;494.3;567.06;522.64
1963;Tucuruí;PA;Privada;121;518.82;540.01;493.7;478.57;581.98;522.62
1964;Gramado;RS;Estadual;147;535.09;548.2;474.71;506.09;548.84;522.59
1965;Tapurah;MT;Privada;12;516.68;531.56;494.67;497.64;571.67;522.44
1966;Marau;RS;Estadual;265;523.51;537.09;479.51;495.41;576.6;522.42
1967;Carmópolis de Minas;MG;Estadual;123;520.64;539.94;488.31;500.09;562.76;522.35
1968;Moreno;PE;Privada;39;522.91;543.75;499.77;486.52;558.46;522.28
1969;Florestal;MG;Estadual;67;526.11;543.56;490.27;512.91;538.51;522.27
1970;Moita Bonita;SE;Estadual;77;510.85;539.76;483.84;482.04;594.81;522.26
1971;Canoinhas;SC;Municipal;2;543.9;505.75;543.3;458.2;560.0;522.23
1972;Fundão;ES;Estadual;76;520.78;552.0;488.72;498.26;551.32;522.22
1973;Canindé;CE;Privada;11;529.2;555.6;499.95;451.71;574.55;522.2
1974;Porto Lucena;RS;Estadual;29;540.13;534.03;478.08;510.43;547.59;522.05
1975;Gonçalves;MG;Estadual;25;536.8;554.98;491.45;509.22;517.6;522.01
1976;Rondinha;RS;Estadual;54;523.98;528.24;490.41;517.08;550.0;521.94
1977;Divinópolis;MG;Estadual;1462;528.73;538.43;486.81;505.92;549.72;521.92
1978;Satuba;AL;Federal;156;520.51;537.33;490.81;487.05;573.85;521.91
1979;Goianá;MG;Estadual;36;537.26;545.76;470.61;488.44;567.22;521.86
1980;Centenário;RS;Estadual;24;513.23;526.73;490.54;501.12;577.5;521.83
1981;Almeirim;PA;Privada;78;529.18;546.36;489.54;480.18;563.85;521.82
1982;Paineiras;MG;Estadual;34;520.06;526.86;485.85;502.74;573.53;521.81
1983;Guidoval;MG;Estadual;30;512.86;520.13;514.48;482.1;579.33;521.78
1984;Relvado;RS;Estadual;14;526.99;531.44;484.91;506.81;558.57;521.75
1985;Canaã;MG;Estadual;28;509.74;540.8;483.34;494.08;580.71;521.74
1986;Benedito Novo;SC;Estadual;54;524.32;529.6;487.92;495.27;571.48;521.72
1987;Marataízes;ES;Privada;18;525.13;545.0;486.75;518.27;533.33;521.7
1988;Lagoinha;SP;Estadual;37;513.38;538.01;492.62;502.67;561.62;521.66
1989;Barra dos Coqueiros;SE;Privada;26;526.67;534.53;501.11;477.47;568.46;521.65
1990;Frederico Westphalen;RS;Estadual;227;527.02;530.51;484.21;495.39;571.01;521.63
1991;Santa Rita de Minas;MG;Estadual;39;521.24;533.81;482.62;497.59;572.82;521.62
1992;São José do Rio Preto;SP;Estadual;1868;537.01;544.63;479.79;495.35;551.19;521.59
1993;Boa Esperança;ES;Privada;3;492.5;556.63;475.13;556.87;526.67;521.56
1994;Cachoeiras de Macacu;RJ;Municipal;15;527.15;542.45;464.01;459.55;614.67;521.56
1995;Morretes;PR;Privada;6;498.55;534.17;487.2;521.13;566.67;521.54
1996;Não-Me-Toque;RS;Estadual;91;534.61;531.28;491.26;502.65;547.69;521.5
1997;Orlândia;SP;Estadual;267;529.89;535.78;488.38;501.96;551.46;521.49
1998;Orizona;GO;Privada;15;516.39;555.41;489.57;483.31;562.67;521.47
1999;Jesuítas;PR;Estadual;41;512.16;535.91;480.54;515.46;562.93;521.4
2000;Igarapé-Açu;PA;Privada;47;507.39;529.51;488.81;484.12;597.02;521.37
2001;Santana do Acaraú;CE;Privada;31;524.59;546.7;484.4;495.05;556.13;521.37
2002;Governador Mangabeira;BA;Federal;16;534.75;546.91;489.19;478.48;557.5;521.36
2003;Nova Boa Vista;RS;Estadual;31;513.09;540.54;481.69;495.77;574.84;521.19
2004;Brochier;RS;Estadual;22;522.33;523.08;481.73;507.87;570.91;521.18
2005;General Salgado;SP;Estadual;89;524.45;529.78;473.99;497.59;580.0;521.16
2006;Ibitinga;SP;Estadual;273;541.19;539.94;484.58;496.59;543.08;521.08
2007;Cascavel;PR;Municipal;3;522.0;574.8;528.83;492.83;486.67;521.03
2008;Jacuí;MG;Estadual;57;513.83;542.05;475.14;500.68;573.33;521.01
2009;Altos;PI;Privada;29;524.75;525.39;487.19;488.3;579.31;520.99
2010;Caetanos;BA;Municipal;2;570.2;558.45;494.0;421.95;560.0;520.92
2011;Uberlândia;MG;Estadual;4019;524.41;541.38;478.68;496.19;563.66;520.86
2012;Dores de Campos;MG;Estadual;49;534.2;537.18;470.88;476.68;585.31;520.85
2013;Niterói;RJ;Estadual;2427;527.47;547.34;478.59;485.31;565.49;520.84
2014;Itamonte;MG;Estadual;66;520.14;535.54;491.27;496.93;559.09;520.59
2015;Ilha Solteira;SP;Estadual;171;532.76;541.9;491.63;497.97;538.71;520.59
2016;Sananduva;RS;Estadual;98;515.12;534.0;476.23;477.61;599.8;520.55
2017;Itapaci;GO;Privada;66;524.55;541.36;495.3;485.96;555.45;520.53
2018;Águas Lindas de Goiás;GO;Privada;176;529.31;543.08;481.43;486.34;562.5;520.53
2019;Adustina;BA;Municipal;18;519.8;544.94;488.76;485.76;563.33;520.52
2020;Augusto Pestana;RS;Estadual;23;525.89;533.45;482.1;526.06;534.78;520.46
2021;Teresópolis;RJ;Estadual;814;534.01;546.2;479.9;484.19;557.89;520.44
2022;Armação dos Búzios;RJ;Municipal;162;528.38;546.56;487.76;488.93;550.37;520.4
2023;Jundiaí;SP;Estadual;1990;538.06;544.68;476.31;500.15;542.71;520.38
2024;Moji Mirim;SP;Estadual;962;537.27;543.46;480.07;497.53;543.6;520.38
2025;Aracitaba;MG;Estadual;13;526.18;523.62;474.18;511.67;566.15;520.36
2026;Nova Aliança;SP;Estadual;31;527.3;537.47;482.77;488.08;565.81;520.29
2027;Iracema do Oeste;PR;Estadual;10;535.35;547.0;477.04;457.99;584.0;520.28
2028;Propriá;SE;Privada;144;516.51;527.93;493.91;494.33;568.61;520.26
2029;Areado;MG;Estadual;111;526.83;540.19;482.1;506.41;545.59;520.22
2030;Mortugaba;BA;Estadual;45;513.91;541.88;490.34;488.59;566.22;520.19
2031;Espumoso;RS;Estadual;72;513.26;532.87;481.25;496.29;577.22;520.18
2032;Piranhas;AL;Federal;101;515.18;539.8;492.64;485.65;567.52;520.16
2033;Paranapuã;SP;Estadual;18;542.94;536.67;482.32;515.5;523.33;520.15
2034;Indaial;SC;Estadual;341;533.9;538.46;480.02;510.35;537.77;520.1
2035;São Leopoldo;RS;Estadual;871;531.06;549.29;475.76;495.43;548.7;520.05
2036;São Gabriel da Palha;ES;Privada;15;508.45;547.19;494.5;493.96;556.0;520.02
2037;Palmas;PR;Privada;97;528.64;538.08;493.42;494.15;545.77;520.01
2038;São Sebastião do Paraíso;MG;Estadual;465;525.6;532.63;485.92;500.95;554.94;520.01
2039;Porto Mauá;RS;Estadual;6;517.27;508.2;488.42;529.32;556.67;519.97
2040;Rio dos Cedros;SC;Estadual;48;526.5;543.14;472.33;502.12;555.71;519.96
2041;Cláudio;MG;Estadual;231;527.16;535.11;477.16;502.33;558.01;519.95
2042;Ivatuba;PR;Estadual;10;533.92;531.91;456.11;505.61;572.0;519.91
2043;Valença;RJ;Estadual;450;525.66;546.8;483.34;486.79;556.64;519.85
2044;Assis;SP;Estadual;527;539.26;544.09;482.4;492.69;540.53;519.79
2045;Presidente Figueiredo;AM;Federal;36;522.72;534.09;482.97;481.87;577.22;519.78
2046;Jaguariaíva;PR;Privada;80;528.68;548.28;494.17;503.39;524.0;519.7
2047;Catanduva;SP;Estadual;578;532.4;541.22;481.28;504.27;539.24;519.68
2048;São Vicente de Minas;MG;Estadual;73;527.2;538.67;474.0;493.03;565.48;519.67
2049;Januária;MG;Privada;17;510.29;546.72;506.46;507.78;527.06;519.66
2050;Trombudo Central;SC;Estadual;34;512.3;539.46;484.15;510.56;551.76;519.65
2051;Blumenau;SC;Estadual;1552;529.41;543.66;478.85;497.75;548.42;519.62
2052;Planalto da Serra;MT;Estadual;13;506.69;546.68;485.39;493.02;566.15;519.59
2053;Miradouro;MG;Estadual;54;524.17;539.44;479.23;489.91;565.19;519.59
2054;Salesópolis;SP;Estadual;112;519.67;537.69;470.67;491.13;578.75;519.58
2055;Lagoa da Prata;MG;Estadual;253;533.2;538.6;480.68;514.27;531.15;519.58
2056;Taquarituba;SP;Estadual;173;531.54;537.12;482.43;512.63;534.1;519.57
2057;Toledo;PR;Estadual;1091;526.43;541.3;486.77;506.09;537.07;519.53
2058;Lajeado Grande;SC;Estadual;12;508.75;529.31;488.69;482.42;588.33;519.5
2059;Santo Antônio;RN;Privada;22;511.32;543.42;488.58;501.36;552.73;519.48
2060;Riversul;SP;Estadual;47;519.52;544.04;463.27;504.87;565.53;519.45
2061;Fernandópolis;SP;Estadual;420;525.63;537.64;480.67;491.76;561.33;519.41
2062;Independência;RS;Estadual;44;524.82;530.63;488.47;495.11;557.73;519.35
2063;Bom Jardim;RJ;Estadual;113;526.43;541.65;486.88;493.85;547.79;519.32
2064;Nova Prata do Iguaçu;PR;Estadual;85;508.9;538.48;479.96;500.96;568.24;519.31
2065;Igaratinga;MG;Estadual;44;520.7;538.22;478.78;515.16;543.64;519.3
2066;Jaguari;RS;Estadual;67;521.69;544.12;480.96;503.88;545.67;519.26
2067;Vargem Alta;ES;Estadual;150;517.43;541.29;489.57;484.18;563.73;519.24
2068;Boquira;BA;Privada;7;533.5;540.53;424.37;480.63;617.14;519.23
2069;Ruy Barbosa;BA;Privada;31;507.74;532.65;499.6;503.15;552.9;519.21
2070;Farroupilha;RS;Estadual;353;527.4;541.44;480.09;500.97;545.95;519.17
2071;Zortéa;SC;Estadual;26;529.95;546.41;473.56;490.9;554.62;519.09
2072;Cananéia;SP;Privada;4;526.22;579.42;478.62;521.08;490.0;519.07
2073;Andradas;MG;Estadual;138;531.24;535.91;473.59;492.69;561.88;519.06
2074;Arroio do Sal;RS;Estadual;63;521.18;544.84;481.34;494.72;553.08;519.03
2075;Tapiraí;MG;Estadual;8;544.08;562.8;493.65;461.91;532.5;518.99
2076;Batatais;SP;Estadual;396;527.52;538.55;482.76;484.34;561.72;518.98
2077;Cascavel;PR;Federal;2;510.1;558.5;474.05;472.05;580.0;518.94
2078;Campo Belo;MG;Estadual;330;521.03;537.14;482.25;501.21;552.18;518.76
2079;Açailândia;MA;Privada;121;527.85;535.92;484.41;479.64;565.95;518.75
2080;Itu;SP;Estadual;863;534.95;544.73;473.47;491.52;549.02;518.74
2081;Resende Costa;MG;Municipal;16;508.25;532.26;476.45;521.48;555.0;518.69
2082;Salto Veloso;SC;Estadual;27;526.66;532.57;503.07;505.91;525.19;518.68
2083;Monsenhor Paulo;MG;Estadual;48;529.97;540.59;481.22;493.38;547.92;518.61
2084;Guabiju;RS;Estadual;6;522.4;551.03;490.85;475.42;553.33;518.61
2085;Açailândia;MA;Municipal;4;523.98;565.83;481.5;436.75;585.0;518.61
2086;Pejuçara;RS;Estadual;26;532.3;530.21;500.09;498.15;532.31;518.61
2087;Fernão;SP;Estadual;6;544.93;510.03;456.55;518.12;563.33;518.59
2088;Laranjal do Jari;AP;Federal;136;523.98;542.94;477.29;476.8;571.91;518.58
2089;Nova Santa Rosa;PR;Estadual;59;529.85;532.98;481.69;509.23;538.98;518.55
2090;Schroeder;SC;Estadual;88;529.79;548.52;474.03;493.01;547.27;518.53
2091;Iracemápolis;SP;Estadual;132;537.34;545.88;484.81;496.25;528.33;518.52
2092;Arraial do Cabo;RJ;Privada;24;532.77;548.53;473.7;496.73;540.83;518.51
2093;Perdigão;MG;Estadual;33;519.65;544.48;475.35;487.0;566.06;518.51
2094;Nova Palmeira;PB;Estadual;40;520.09;551.37;474.47;459.56;587.0;518.5
2095;Mococa;SP;Estadual;350;522.48;537.56;475.42;502.43;554.51;518.48
2096;Bauru;SP;Estadual;1834;533.93;542.13;479.03;492.31;544.6;518.4
2097;Macaparana;PE;Estadual;198;516.73;525.8;480.57;480.64;587.98;518.34
2098;Montauri;RS;Estadual;10;526.42;552.5;505.1;499.63;508.0;518.33
2099;Itati;RS;Estadual;21;520.3;549.0;471.39;480.38;570.48;518.31
2100;São Carlos;SP;Estadual;1359;532.8;539.82;471.8;497.17;549.92;518.3
2101;Laurentino;SC;Estadual;48;532.24;524.63;468.2;490.94;575.42;518.29
2102;Missal;PR;Estadual;105;522.73;530.81;483.57;522.07;532.11;518.26
2103;Maracaí;SP;Privada;11;527.75;528.2;481.85;457.01;596.36;518.23
2104;Tocantins;MG;Estadual;73;529.42;531.17;488.94;507.4;534.16;518.22
2105;Erval Grande;RS;Estadual;30;506.72;525.89;491.6;495.48;571.33;518.2
2106;Auriflama;SP;Estadual;84;530.4;537.29;479.77;498.0;545.48;518.19
2107;Céu Azul;PR;Estadual;66;523.98;534.98;481.16;489.09;561.67;518.17
2108;Três Passos;RS;Estadual;164;526.48;536.81;475.63;496.22;555.61;518.15
2109;Palmeira;SC;Estadual;7;504.0;529.84;462.44;436.76;657.14;518.04
2110;Nova Ramada;RS;Estadual;15;513.23;540.0;494.83;483.46;558.67;518.04
2111;Muçum;RS;Estadual;24;539.46;524.47;489.32;493.56;543.33;518.03
2112;Varginha;MG;Municipal;2;467.65;540.4;512.75;499.3;570.0;518.02
2113;Marilândia;ES;Estadual;114;512.08;536.99;484.41;504.84;551.75;518.01
2114;Araras;SP;Estadual;818;531.12;540.56;481.15;495.9;541.28;518.0
2115;Arcos;MG;Estadual;239;531.83;534.9;478.95;503.79;540.33;517.96
2116;Ituiutaba;MG;Municipal;87;522.52;534.41;488.85;503.12;540.69;517.92
2117;Muniz Freire;ES;Municipal;1;526.4;494.7;411.4;597.0;560.0;517.9
2118;Cocal do Sul;SC;Estadual;76;530.16;542.21;475.98;491.72;549.21;517.86
2119;Canguçu;RS;Privada;17;539.84;545.71;439.14;481.06;583.53;517.86
2120;Ipuiúna;MG;Estadual;43;524.86;545.2;491.94;495.67;531.63;517.86
2121;Pinhalzinho;SC;Estadual;138;519.03;533.63;489.01;504.41;543.19;517.85
2122;Argirita;MG;Estadual;20;516.19;530.15;475.69;478.1;589.0;517.83
2123;Ipatinga;MG;Estadual;1643;525.7;539.39;477.11;491.33;555.52;517.81
2124;Santana do Araguaia;PA;Privada;8;518.71;549.48;472.7;488.16;560.0;517.81
2125;Codó;MA;Federal;128;521.77;541.64;473.18;475.24;577.19;517.81
2126;Carmo do Paranaíba;MG;Estadual;211;529.94;531.73;480.24;492.14;554.88;517.79
2127;Guarantã do Norte;MT;Privada;27;511.56;519.23;476.03;533.18;548.89;517.78
2128;Itatiba;SP;Estadual;710;535.0;540.58;477.42;499.44;536.39;517.77
2129;Bataguassu;MS;Privada;13;503.94;522.77;510.08;507.27;544.62;517.74
2130;São Joaquim da Barra;SP;Estadual;331;528.98;535.57;481.22;487.73;555.05;517.71
2131;Porangatu;GO;Privada;110;512.39;529.49;487.79;491.52;567.27;517.69
2132;Tupanci do Sul;RS;Estadual;9;525.27;542.2;511.21;469.61;540.0;517.66
2133;Xangri-lá;RS;Municipal;2;496.4;556.95;486.4;388.5;660.0;517.65
2134;Caranaíba;MG;Estadual;19;520.67;546.89;495.62;480.84;544.21;517.65
2135;Presidente Dutra;MA;Privada;33;518.57;532.29;477.64;475.28;584.24;517.61
2136;Icém;SP;Municipal;3;584.23;571.57;464.3;461.1;506.67;517.57
2137;Capim;PB;Municipal;1;536.4;518.3;477.7;475.2;580.0;517.52
2138;Guará;SP;Municipal;1;535.4;459.2;429.6;663.4;500.0;517.52
2139;Santa Rita de Ibitipoca;MG;Estadual;33;521.52;525.05;489.88;512.98;538.18;517.52
2140;Ubá;MG;Estadual;691;522.75;535.42;481.22;497.91;550.24;517.51
2141;Ouro Preto do Oeste;RO;Privada;8;522.17;527.06;491.06;559.76;487.5;517.51
2142;Victor Graeff;RS;Estadual;20;508.14;536.6;480.4;483.3;579.0;517.49
2143;Bom Sucesso;MG;Estadual;160;520.79;533.85;489.27;489.56;553.88;517.47
2144;Flor da Serra do Sul;PR;Estadual;42;505.44;532.87;481.97;510.87;556.19;517.47
2145;Mendonça;SP;Estadual;34;530.64;542.79;483.03;492.61;538.24;517.46
2146;Nova Odessa;SP;Estadual;305;534.19;542.22;473.31;493.8;543.74;517.45
2147;São João da Mata;MG;Estadual;11;530.33;523.92;486.96;524.17;521.82;517.44
2148;Piraju;SP;Estadual;232;530.21;536.34;478.36;495.72;546.47;517.42
2149;Mairinque;SP;Estadual;317;536.23;544.47;481.29;497.48;527.57;517.41
2150;São João Batista;SC;Estadual;166;526.92;526.1;469.65;491.44;572.77;517.38
2151;Dolcinópolis;SP;Estadual;14;533.29;518.54;492.91;519.29;522.86;517.38
2152;Alto Paraíso de Goiás;GO;Estadual;17;505.21;536.04;472.84;507.95;564.71;517.35
2153;Paraty;RJ;Estadual;186;530.51;546.21;481.18;486.97;541.83;517.34
2154;Triunfo;PE;Estadual;164;513.73;526.19;478.78;491.15;576.59;517.29
2155;Arapuá;MG;Estadual;26;526.25;516.16;495.05;477.47;571.54;517.29
2156;Pérola d'Oeste;PR;Estadual;47;516.98;534.89;479.6;488.51;566.38;517.27
2157;Itaúna;MG;Estadual;457;529.8;533.98;473.52;507.54;541.44;517.26
2158;São Sebastião do Caí;RS;Estadual;85;531.27;538.0;471.71;489.78;555.53;517.26
2159;Grajaú;MA;Privada;15;521.47;532.83;463.38;439.19;629.33;517.24
2160;Seberi;RS;Estadual;63;521.37;545.54;483.52;478.24;557.46;517.23
2161;São José do Hortêncio;RS;Estadual;20;499.77;520.62;475.2;554.4;536.0;517.2
2162;Escada;PE;Privada;65;512.6;533.32;485.95;475.3;578.77;517.19
2163;Porto Ferreira;SP;Estadual;143;531.89;540.31;474.35;501.38;538.04;517.19
2164;Campo Alegre;AL;Privada;18;495.29;540.09;462.65;483.42;604.44;517.18
2165;Santa Rita;PB;Privada;190;528.37;542.52;479.49;460.31;575.16;517.17
2166;Redenção;PA;Privada;108;516.48;540.54;484.36;492.88;551.48;517.15
2167;Governador Lindenberg;ES;Estadual;101;520.08;535.56;488.33;472.05;569.7;517.14
2168;Rio do Oeste;SC;Municipal;2;520.0;558.5;393.95;533.2;580.0;517.13
2169;Água Santa;RS;Estadual;33;524.5;522.35;487.9;474.42;576.36;517.11
2170;Santo Amaro da Imperatriz;SC;Estadual;204;522.67;538.49;474.49;499.13;550.69;517.09
2171;Ciríaco;RS;Estadual;30;533.5;536.51;474.62;496.69;544.0;517.07
2172;Itápolis;SP;Estadual;168;528.78;533.4;474.72;496.95;551.29;517.02
2173;São Marcos;RS;Estadual;99;528.78;539.27;475.25;503.62;538.04;516.99
2174;Tartarugalzinho;AP;Privada;1;465.6;553.8;468.6;436.9;660.0;516.98
2175;Passa Quatro;MG;Estadual;39;541.62;526.68;476.37;499.13;541.03;516.96
2176;Gouveia;MG;Estadual;112;525.44;542.43;476.69;488.74;551.07;516.87
2177;Catas Altas;MG;Estadual;47;519.57;531.46;480.1;487.15;565.96;516.85
2178;Quixabeira;BA;Privada;30;512.1;541.62;477.24;467.92;585.33;516.84
2179;Anamã;AM;Municipal;1;555.5;518.3;398.1;572.1;540.0;516.8
2180;Leopoldo de Bulhões;GO;Estadual;27;531.47;557.56;478.58;473.39;542.96;516.79
2181;Santo Antônio do Sudoeste;PR;Estadual;98;517.77;541.3;478.41;499.73;546.73;516.79
2182;Igrejinha;RS;Estadual;199;532.48;543.31;470.69;498.0;539.33;516.76
2183;Cruzília;MG;Estadual;127;525.32;539.97;475.54;489.75;553.06;516.73
2184;Volta Redonda;RJ;Estadual;1142;527.46;545.24;471.05;477.19;562.64;516.72
2185;Coroatá;MA;Privada;65;521.79;541.91;496.83;468.93;554.15;516.72
2186;Florianópolis;SC;Estadual;1990;525.7;540.47;483.94;483.47;549.97;516.71
2187;Ubaporanga;MG;Estadual;90;512.5;532.89;472.86;496.86;568.22;516.67
2188;Fartura;SP;Estadual;149;524.45;535.09;476.32;506.98;540.4;516.65
2189;Maripá de Minas;MG;Estadual;22;504.6;538.63;480.45;513.02;546.36;516.61
2190;Novo Brasil;GO;Estadual;26;509.1;529.37;486.5;497.22;560.77;516.59
2191;Itamarati de Minas;MG;Estadual;6;535.63;562.3;448.62;499.68;536.67;516.58
2192;Cariri do Tocantins;TO;Municipal;1;524.7;587.4;467.3;523.5;480.0;516.58
2193;Adamantina;SP;Estadual;247;532.65;532.82;476.65;501.16;539.51;516.56
2194;Conceição do Araguaia;PA;Privada;115;514.61;542.3;491.6;482.68;551.3;516.5
2195;Montenegro;RS;Estadual;268;530.02;538.55;471.72;490.08;552.09;516.49
2196;Ourizona;PR;Estadual;13;510.94;543.45;491.12;493.77;543.08;516.47
2197;Lavras;MG;Estadual;586;523.23;537.53;481.67;490.17;549.76;516.47
2198;Duas Barras;RJ;Estadual;51;529.32;539.81;464.66;495.6;552.94;516.47
2199;Humaitá;AM;Federal;62;515.1;535.62;472.95;477.65;580.97;516.46
2200;Valinhos;SP;Estadual;556;537.36;541.11;476.28;494.81;532.59;516.43
2201;Olímpio Noronha;MG;Estadual;21;522.67;540.52;467.71;482.36;568.57;516.37
2202;Ipaussu;SP;Estadual;149;529.95;538.87;476.68;499.68;536.64;516.36
2203;Paripueira;AL;Privada;5;521.14;516.26;498.56;473.82;572.0;516.36
2204;Santa Maria de Jetibá;ES;Estadual;292;519.85;534.87;488.08;494.77;544.25;516.36
2205;Sumidouro;RJ;Estadual;40;525.4;540.43;482.91;480.98;552.0;516.34
2206;Santa Maria de Jetibá;ES;Privada;43;520.42;538.83;499.98;503.37;519.07;516.33
2207;Itambé do Mato Dentro;MG;Estadual;13;518.84;550.86;458.71;496.27;556.92;516.32
2208;Elias Fausto;SP;Estadual;79;530.54;547.08;469.84;494.62;539.49;516.32
2209;Passo Fundo;RS;Estadual;946;522.59;534.63;477.8;493.05;553.45;516.3
2210;Araraquara;SP;Estadual;1161;532.76;542.66;476.67;490.28;538.89;516.25
2211;Monte Alegre de Minas;MG;Estadual;90;520.41;532.26;489.96;486.64;552.0;516.25
2212;Mirante da Serra;RO;Privada;34;504.64;529.37;497.83;502.06;547.35;516.25
2213;Porto Ferreira;SP;Municipal;70;521.59;522.38;466.67;501.14;569.43;516.24
2214;Crato;CE;Federal;51;511.29;532.88;497.77;488.28;550.98;516.24
2215;Joinville;SC;Estadual;2639;529.35;540.1;472.66;491.19;547.84;516.23
2216;Ibirubá;RS;Estadual;69;526.22;539.11;483.14;499.91;532.75;516.23
2217;Vargem Alegre;MG;Estadual;36;517.84;539.58;485.0;498.62;540.0;516.21
2218;Pindamonhangaba;SP;Estadual;981;530.98;538.73;472.05;489.41;549.52;516.14
2219;Santa Rosa da Serra;MG;Estadual;27;524.16;532.16;489.76;494.35;540.0;516.08
2220;Sacramento;MG;Estadual;114;526.54;536.85;482.29;494.24;540.35;516.05
2221;Curitiba;PR;Estadual;10488;527.72;540.46;475.82;490.81;545.18;516.0
2222;Campinas;SP;Estadual;5507;532.4;541.02;476.38;496.12;533.96;515.98
2223;São Bento do Sul;SC;Estadual;568;526.79;533.09;479.27;502.79;537.64;515.92
2224;Baixo Guandu;ES;Privada;22;501.17;539.09;489.84;514.01;535.45;515.91
2225;Timbó;SC;Estadual;256;528.19;540.69;477.91;500.04;532.66;515.9
2226;Tabatinga;AM;Federal;56;519.29;539.49;476.31;466.98;577.14;515.84
2227;Rio Claro;SP;Estadual;1247;532.01;539.5;474.26;493.28;540.06;515.82
2228;Olímpia;SP;Estadual;297;534.18;535.35;475.97;494.63;538.79;515.78
2229;Birigui;SP;Estadual;704;529.9;537.01;469.92;498.02;543.92;515.76
2230;Vinhedo;SP;Estadual;319;528.6;538.3;475.72;491.79;544.2;515.72
2231;Nossa Senhora de Nazaré;PI;Municipal;3;435.37;527.57;526.3;522.67;566.67;515.71
2232;Serranópolis do Iguaçu;PR;Estadual;43;519.58;536.35;481.13;512.15;529.3;515.7
2233;São José do Vale do Rio Preto;RJ;Estadual;82;534.03;532.58;483.49;479.73;548.54;515.67
2234;Panamá;GO;Estadual;14;518.58;534.59;491.43;476.53;557.14;515.65
2235;Carlos Gomes;RS;Estadual;7;521.63;532.71;484.04;496.9;542.86;515.63
2236;Guamiranga;PR;Estadual;47;526.13;543.24;478.07;475.78;554.89;515.62
2237;Belo Vale;MG;Estadual;42;517.3;540.64;487.62;494.86;537.62;515.61
2238;Lambari;MG;Estadual;112;527.37;542.85;484.18;513.94;509.64;515.6
2239;Conceição da Aparecida;MG;Estadual;56;531.38;539.24;477.46;501.65;528.21;515.59
2240;Restinga Seca;RS;Estadual;85;520.83;531.94;478.51;475.6;571.06;515.59
2241;Imaruí;SC;Municipal;1;535.3;583.0;441.7;517.9;500.0;515.58
2242;Chapadão do Céu;GO;Privada;18;490.14;534.91;480.18;500.37;572.22;515.56
2243;Pedra Bela;SP;Estadual;39;527.45;533.57;476.31;513.21;527.18;515.54
2244;Entre Rios do Oeste;PR;Estadual;19;514.08;527.31;494.99;496.06;545.26;515.54
2245;Novo Gama;GO;Privada;36;533.06;535.59;466.98;493.06;548.89;515.52
2246;Coromandel;MG;Estadual;178;524.49;534.48;477.09;487.94;553.63;515.52
2247;São Miguel do Anta;MG;Estadual;59;508.51;519.53;486.58;490.44;572.54;515.52
2248;Itajubá;MG;Estadual;577;521.63;536.44;475.67;504.76;539.03;515.5
2249;Venda Nova do Imigrante;ES;Estadual;212;516.35;529.99;491.8;506.56;532.64;515.47
2250;Palhoça;SC;Estadual;930;523.04;536.99;482.87;488.85;545.44;515.44
2251;Arroio do Tigre;RS;Estadual;68;524.52;533.78;471.97;485.57;561.18;515.4
2252;Imbé;RS;Estadual;168;528.57;535.12;480.22;491.61;541.31;515.37
2253;Brusque;SC;Estadual;579;526.52;538.74;474.97;491.77;544.77;515.35
2254;Ibiraiaras;RS;Estadual;44;516.35;525.12;469.28;495.34;570.45;515.31
2255;Jaú;SP;Estadual;701;530.92;537.43;474.44;492.32;541.46;515.31
2256;Cuité;PB;Estadual;163;513.8;539.23;478.87;483.35;561.1;515.27
2257;Mundo Novo;BA;Privada;16;524.92;551.6;487.31;467.42;545.0;515.25
2258;São José dos Campos;SP;Estadual;3532;530.97;540.59;472.37;493.3;539.02;515.25
2259;São João do Polêsine;RS;Estadual;30;492.52;536.38;468.37;470.86;608.0;515.23
2260;Porto Alegre;RS;Estadual;5648;528.08;544.97;474.1;487.78;541.14;515.22
2261;São Pedro do Sul;RS;Estadual;63;521.36;529.73;480.8;492.74;551.43;515.21
2262;Teutônia;RS;Estadual;197;523.84;540.69;479.41;502.03;529.95;515.18
2263;Cachoeirinha;RS;Estadual;779;526.38;542.35;472.2;485.57;549.37;515.17
2264;Brás Pires;MG;Estadual;25;528.51;534.88;468.22;521.79;522.4;515.16
2265;Rafard;SP;Estadual;51;536.4;547.29;476.28;485.23;530.59;515.16
2266;Enéas Marques;PR;Estadual;52;514.18;529.04;484.03;510.83;537.69;515.16
2267;Tailândia;PA;Privada;51;516.07;541.3;476.14;485.94;556.08;515.11
2268;Itatiaiuçu;MG;Estadual;71;517.96;536.04;482.45;494.28;544.79;515.1
2269;Barra do Chapéu;SP;Estadual;16;544.34;524.74;471.05;491.58;543.75;515.09
2270;Campina das Missões;RS;Estadual;51;525.33;541.97;485.06;490.8;532.16;515.06
2271;Santa Cruz do Sul;RS;Estadual;616;525.05;540.02;470.89;488.62;550.66;515.05
2272;Uruçuí;PI;Federal;62;508.98;533.17;489.36;480.36;563.23;515.02
2273;Coqueiros do Sul;RS;Estadual;16;519.77;522.32;476.05;503.18;553.75;515.01
2274;Araponga;MG;Estadual;36;519.81;544.49;483.74;487.03;540.0;515.01
2275;São João do Itaperiú;SC;Estadual;33;516.12;524.42;483.34;496.58;554.55;515.0
2276;Barretos;SP;Federal;2;556.25;559.9;402.15;486.65;570.0;514.99
2277;Iguatu;CE;Federal;21;517.04;524.13;476.45;492.54;564.76;514.98
2278;Sorocaba;SP;Municipal;225;531.05;538.62;474.07;496.26;534.84;514.97
2279;Alterosa;MG;Estadual;112;519.51;530.8;473.55;491.63;559.29;514.96
2280;Ribeirão Pires;SP;Estadual;919;534.85;544.43;471.16;488.61;535.56;514.92
2281;Barão;RS;Estadual;59;514.76;532.15;466.23;494.42;566.78;514.87
2282;Itabira;MG;Estadual;854;524.08;540.58;474.06;490.62;544.93;514.86
2283;Torre de Pedra;SP;Estadual;9;530.31;522.37;468.57;508.52;544.44;514.84
2284;Rio Claro;RJ;Estadual;81;524.2;535.45;474.57;479.97;559.75;514.79
2285;Igaraçu do Tietê;SP;Privada;13;521.53;545.04;469.89;488.21;549.23;514.78
2286;Marmeleiro;PR;Estadual;106;518.23;538.17;472.6;489.53;555.09;514.73
2287;Gravataí;RS;Federal;1;546.7;559.9;404.5;502.5;560.0;514.72
2288;Itaocara;RJ;Estadual;123;517.97;528.14;480.62;482.2;564.55;514.7
2289;Ronda Alta;RS;Estadual;64;517.02;523.85;478.26;497.08;557.19;514.68
2290;Presidente Olegário;MG;Estadual;111;525.19;537.34;484.82;506.99;518.92;514.65
2291;Colorado;RS;Estadual;21;500.23;529.14;473.36;506.61;563.81;514.63
2292;Seara;SC;Estadual;130;521.29;522.0;480.46;494.95;554.46;514.63
2293;Imbé de Minas;MG;Estadual;22;512.35;525.65;488.8;485.1;560.91;514.56
2294;Aguanil;MG;Estadual;46;515.89;522.71;472.45;502.63;559.13;514.56
2295;Sebastianópolis do Sul;SP;Estadual;21;511.8;531.81;473.22;490.2;565.71;514.55
2296;Camargo;RS;Estadual;17;512.4;514.49;466.81;521.31;557.65;514.53
2297;Timbaúba;PE;Estadual;541;513.53;532.46;482.72;476.49;567.1;514.46
2298;Pinhal;RS;Estadual;20;530.79;533.64;483.71;480.1;544.0;514.45
2299;Tunápolis;SC;Estadual;40;514.62;518.54;470.62;504.36;564.0;514.43
2300;Catuípe;RS;Estadual;38;516.85;533.58;480.28;488.73;552.63;514.41
2301;Rio Preto;MG;Estadual;20;523.56;538.4;482.0;477.07;551.0;514.41
2302;Colatina;ES;Estadual;855;519.61;535.88;479.41;485.51;551.42;514.36
2303;Pimenta;MG;Estadual;55;526.12;538.03;501.63;507.77;498.18;514.35
2304;Tubarão;SC;Estadual;646;524.49;535.14;469.14;483.61;559.29;514.33
2305;Vale Real;RS;Estadual;24;529.0;543.25;447.8;490.63;560.83;514.3
2306;Agrolândia;SC;Estadual;72;508.63;531.12;475.03;496.42;560.28;514.3
2307;Nova Bassano;RS;Estadual;68;509.85;521.62;467.28;492.31;580.29;514.27
2308;Torres;RS;Estadual;250;527.28;544.26;478.34;485.91;535.52;514.26
2309;Campo Bom;RS;Estadual;298;521.72;540.72;458.61;486.39;563.69;514.23
2310;Boa Vista do Sul;RS;Estadual;14;525.35;542.14;475.18;528.36;500.0;514.21
2311;Carmo de Minas;MG;Estadual;78;515.69;531.8;479.44;490.47;553.59;514.2
2312;Guararapes;SP;Estadual;138;525.46;535.7;471.1;479.77;558.99;514.2
2313;Resende;RJ;Estadual;675;526.95;540.29;474.4;484.18;545.1;514.18
2314;Pirassununga;SP;Estadual;366;530.58;538.41;473.38;490.7;537.7;514.16
2315;Cerquilho;SP;Estadual;243;534.64;541.23;469.7;499.66;525.35;514.12
2316;Porto Amazonas;PR;Estadual;34;527.21;535.0;490.96;490.92;526.47;514.11
2317;Santana da Ponte Pensa;SP;Estadual;5;544.58;538.96;456.72;506.24;524.0;514.1
2318;Francisco Alves;PR;Estadual;35;528.79;539.2;466.39;483.49;552.57;514.09
2319;São José do Inhacorá;RS;Estadual;29;496.29;500.49;489.76;522.99;560.69;514.04
2320;Pinhal Grande;RS;Estadual;23;507.38;535.83;495.03;492.73;539.13;514.02
2321;Floriano Peixoto;RS;Estadual;12;527.52;537.18;452.12;464.74;588.33;513.98
2322;Santa Cruz do Rio Pardo;SP;Estadual;266;526.53;538.65;472.47;496.13;536.02;513.96
2323;Bady Bassitt;SP;Estadual;85;520.69;530.28;481.24;502.86;534.59;513.93
2324;Dom Silvério;MG;Estadual;19;527.41;495.62;503.49;496.66;546.32;513.9
2325;Cachoeirinha;PE;Estadual;108;514.38;536.22;459.97;476.87;582.04;513.89
2326;Nossa Senhora Aparecida;SE;Estadual;41;514.18;524.25;483.19;469.18;578.54;513.87
2327;Mar de Espanha;MG;Estadual;47;521.03;529.79;486.54;489.0;542.98;513.87
2328;Angatuba;SP;Estadual;145;538.04;543.76;467.43;479.67;540.41;513.86
2329;Xaxim;SC;Estadual;191;514.8;532.93;473.86;499.22;548.38;513.84
2330;Vargem Grande do Sul;SP;Privada;41;516.23;541.01;476.15;517.18;518.54;513.82
2331;Constantina;RS;Estadual;88;512.17;533.35;482.82;490.87;549.77;513.8
2332;Belo Horizonte;MG;Estadual;13455;525.2;537.94;475.93;488.56;541.34;513.79
2333;Capinzal;SC;Estadual;208;517.65;530.39;477.63;495.5;547.74;513.78
2334;Corupá;SC;Estadual;61;519.4;529.87;481.52;501.16;536.72;513.73
2335;Ipiranga;PR;Estadual;62;521.05;538.64;480.08;477.2;551.61;513.72
2336;Miranda;MS;Privada;53;502.95;528.38;504.57;505.55;527.17;513.72
2337;Vitória;ES;Estadual;2722;521.27;542.9;479.37;486.62;538.24;513.68
2338;Santo André;SP;Estadual;3616;533.12;539.95;470.08;487.37;537.83;513.67
2339;São Gabriel do Oeste;MS;Estadual;128;522.87;538.83;478.99;497.83;529.84;513.67
2340;Santos Dumont;MG;Estadual;319;519.34;527.06;479.44;484.72;557.74;513.66
2341;Veranópolis;RS;Estadual;90;525.62;533.18;477.24;490.41;541.78;513.64
2342;Guarujá do Sul;SC;Estadual;49;511.28;525.25;471.83;485.93;573.88;513.63
2343;Sorocaba;SP;Estadual;4069;534.04;541.19;468.82;490.63;533.32;513.6
2344;Timóteo;MG;Estadual;511;522.31;531.11;474.54;494.19;545.75;513.58
2345;Garopaba;SC;Estadual;225;525.42;537.71;480.54;483.31;540.8;513.55
2346;Fernando de Noronha;PE;Estadual;13;528.27;548.05;483.8;467.53;540.0;513.53
2347;Santópolis do Aguapeí;SP;Estadual;22;536.89;539.79;474.81;487.89;528.18;513.51
2348;Lacerdópolis;SC;Estadual;36;495.25;521.63;469.69;490.99;590.0;513.51
2349;Augusto de Lima;MG;Estadual;20;520.31;533.26;464.0;478.96;571.0;513.51
2350;Bicas;MG;Estadual;69;521.52;534.48;471.21;482.25;557.97;513.49
2351;Pará de Minas;MG;Estadual;585;525.44;532.46;472.68;499.06;537.64;513.46
2352;Entre Rios do Sul;RS;Estadual;23;521.99;528.1;476.3;502.62;538.26;513.45
2353;Barbacena;MG;Estadual;542;524.06;533.19;475.64;499.1;535.09;513.42
2354;Guaraci;PR;Estadual;34;525.57;541.89;476.67;491.72;531.18;513.41
2355;Populina;SP;Estadual;32;529.22;517.84;477.83;507.71;534.38;513.4
2356;Confresa;MT;Federal;77;512.74;539.62;479.25;489.98;545.19;513.36
2357;Bocaiúva do Sul;PR;Privada;31;528.07;539.77;477.41;470.9;550.32;513.3
2358;Ivinhema;MS;Municipal;1;507.8;574.2;430.2;454.3;600.0;513.3
2359;Monte Carmelo;MG;Estadual;408;518.55;530.22;482.23;490.02;545.34;513.28
2360;Italva;RJ;Estadual;91;522.65;531.04;477.63;477.33;557.58;513.25
2361;Santos;SP;Estadual;1751;536.53;540.83;470.59;485.05;533.16;513.23
2362;Artur Nogueira;SP;Estadual;312;531.46;532.95;465.96;485.89;549.81;513.21
2363;Mato Leitão;RS;Estadual;31;508.38;533.77;487.3;489.96;546.45;513.18
2364;Rio de Janeiro;RJ;Estadual;19859;527.45;539.77;471.48;479.94;547.27;513.18
2365;São José;SC;Estadual;1015;524.45;538.39;478.47;485.03;539.16;513.1
2366;Jaru;RO;Privada;39;523.35;527.71;478.13;496.15;540.0;513.07
2367;Fortuna de Minas;MG;Estadual;14;513.94;543.03;491.5;466.9;550.0;513.07
2368;Viçosa;AL;Municipal;2;566.05;498.2;501.75;449.1;550.0;513.02
2369;Tupi Paulista;SP;Estadual;79;523.51;532.87;482.85;507.44;518.23;512.98
2370;Vila Maria;RS;Estadual;26;505.38;529.48;472.0;484.21;573.85;512.98
2371;Cristalândia;TO;Estadual;54;517.98;528.75;473.07;484.28;560.74;512.97
2372;Tapiratiba;SP;Municipal;2;529.35;523.25;464.1;498.1;550.0;512.96
2373;Joaquim Távora;PR;Estadual;58;530.36;538.52;467.02;504.43;524.48;512.96
2374;Guarani;MG;Estadual;53;517.42;533.48;492.14;492.58;529.06;512.94
2375;Franca;SP;Estadual;2253;527.09;530.66;466.88;491.62;548.32;512.91
2376;Anta Gorda;RS;Estadual;16;526.11;525.94;480.84;464.08;567.5;512.9
2377;Indaiatuba;SP;Estadual;1418;535.88;538.73;467.92;490.08;531.79;512.88
2378;Biguaçu;SC;Estadual;282;524.01;534.91;473.13;477.22;554.96;512.85
2379;São Francisco de Paula;MG;Estadual;42;522.69;525.15;479.3;476.08;560.95;512.84
2380;Duartina;SP;Municipal;2;531.4;532.5;484.45;505.8;510.0;512.83
2381;Caibaté;RS;Estadual;34;515.33;548.81;489.87;473.01;537.06;512.82
2382;Itapeva;MG;Estadual;41;523.75;538.54;478.69;520.14;502.93;512.81
2383;São Bernardo do Campo;SP;Estadual;4942;534.34;538.47;467.74;486.12;537.38;512.81
2384;Herval d'Oeste;SC;Estadual;137;517.5;526.44;475.77;499.32;544.78;512.76
2385;Jaupaci;GO;Estadual;18;514.22;530.2;490.24;492.46;536.67;512.76
2386;Carmo do Cajuru;MG;Estadual;135;514.81;534.91;484.33;484.43;545.19;512.73
2387;Tiradentes do Sul;RS;Estadual;49;522.42;516.79;474.79;496.12;553.47;512.72
2388;Cedral;SP;Estadual;49;506.32;530.32;479.13;505.78;542.04;512.72
2389;Casa Grande;MG;Estadual;18;523.98;541.85;473.32;497.77;526.67;512.72
2390;Embu das Artes;SP;Municipal;1;516.5;624.6;411.5;450.9;560.0;512.7
2391;Balbinos;SP;Estadual;6;540.5;538.42;459.85;511.37;513.33;512.69
2392;Malhador;SE;Estadual;53;505.64;543.08;494.55;484.24;535.85;512.67
2393;Capetinga;MG;Estadual;30;522.03;529.82;476.7;489.46;545.33;512.67
2394;Conceição do Araguaia;PA;Federal;1;511.0;510.5;426.8;474.9;640.0;512.64
2395;Bituruna;PR;Estadual;126;518.49;546.7;470.57;490.16;537.3;512.64
2396;Palmital;SP;Estadual;129;531.3;536.01;473.56;487.91;534.42;512.64
2397;Santa Bárbara do Monte Verde;MG;Estadual;23;526.15;531.59;495.29;474.51;535.65;512.64
2398;Barra Mansa;RJ;Estadual;891;520.05;537.3;467.66;476.67;561.5;512.64
2399;Santana da Vargem;MG;Estadual;46;517.71;537.55;475.6;496.87;535.22;512.59
2400;Ressaquinha;MG;Estadual;46;522.42;536.01;468.58;479.35;556.52;512.58
2401;Piraúba;MG;Estadual;75;510.22;523.06;474.41;493.31;561.87;512.57
2402;Santa Gertrudes;SP;Estadual;161;523.86;533.83;471.71;486.75;546.58;512.55
2403;Jaraguá do Sul;SC;Estadual;837;527.51;533.84;474.83;490.4;535.75;512.47
2404;Descanso;SC;Estadual;56;512.94;515.79;480.25;503.72;549.64;512.47
2405;Sapiranga;RS;Estadual;514;521.96;535.74;465.75;488.34;550.47;512.45
2406;Araxá;MG;Estadual;442;527.28;529.68;472.79;483.38;549.05;512.44
2407;Estrela;RS;Estadual;189;516.68;529.89;477.65;502.81;535.13;512.43
2408;Piracicaba;SP;Estadual;1861;532.98;541.82;472.32;489.56;525.44;512.42
2409;Passo do Sobrado;RS;Estadual;30;529.07;529.15;459.84;473.34;570.67;512.41
2410;São Roque de Minas;MG;Estadual;36;515.84;541.63;483.55;502.13;518.89;512.41
2411;Atalaia;AL;Privada;52;508.28;513.9;468.14;467.44;604.23;512.4
2412;Conceição das Pedras;MG;Estadual;23;526.05;534.47;484.84;498.29;518.26;512.38
2413;Nova Trento;SC;Estadual;94;515.78;529.4;473.24;489.34;553.83;512.32
2414;José de Freitas;PI;Municipal;1;566.3;588.7;468.1;418.5;520.0;512.32
2415;Ibicaré;SC;Estadual;30;519.59;525.56;471.27;496.43;548.67;512.3
2416;Divinolândia;SP;Estadual;87;518.1;535.66;478.14;494.42;535.17;512.3
2417;Rio Negrinho;SC;Estadual;290;520.37;535.02;476.76;489.11;540.21;512.3
2418;Pinheiral;RJ;Estadual;79;520.01;528.35;477.16;486.11;549.62;512.25
2419;São João dos Patos;MA;Privada;6;510.75;539.97;513.83;466.72;530.0;512.25
2420;Sete Lagoas;MG;Estadual;1283;520.26;531.26;476.45;489.65;543.55;512.24
2421;Erval Velho;SC;Estadual;28;521.14;532.66;472.2;515.89;519.29;512.24
2422;Piracaia;SP;Estadual;153;525.81;537.2;472.17;481.01;544.97;512.23
2423;Jaborá;SC;Estadual;46;508.62;530.35;476.37;494.95;550.87;512.23
2424;Carmo;RJ;Estadual;94;532.11;538.83;469.27;480.82;540.0;512.21
2425;Paraíba do Sul;RJ;Estadual;275;521.85;530.75;468.08;470.0;570.25;512.19
2426;Entre Rios de Minas;MG;Estadual;134;514.63;532.83;478.97;488.27;546.27;512.19
2427;Turmalina;MG;Estadual;162;524.04;537.07;479.5;490.55;529.75;512.18
2428;Londrina;PR;Estadual;3033;527.72;540.53;474.19;488.97;529.43;512.17
2429;São Sebastião do Oeste;MG;Estadual;31;530.58;535.42;470.47;490.73;533.55;512.15
2430;Bombinhas;SC;Estadual;96;526.23;544.19;474.34;477.99;537.92;512.13
2431;São Sebastião de Lagoa de Roça;PB;Municipal;3;505.87;534.7;442.63;524.13;553.33;512.13
2432;Monte Mor;SP;Estadual;396;528.2;536.79;463.79;496.03;535.81;512.12
2433;Astolfo Dutra;MG;Estadual;57;508.7;518.82;475.69;497.36;560.0;512.11
2434;Paraíso do Sul;RS;Estadual;37;517.47;538.49;475.13;483.0;546.49;512.11
2435;Capivari;SP;Estadual;287;522.98;533.78;476.88;495.57;531.08;512.06
2436;Jacareí;SP;Estadual;1239;531.48;535.64;467.49;485.94;539.69;512.05
2437;Jardim;MS;Privada;19;515.94;519.78;489.28;463.41;571.58;512.0
2438;Canoas;RS;Estadual;1488;524.45;541.09;471.86;487.5;535.0;511.98
2439;Ibirapuitã;RS;Estadual;32;517.92;530.77;459.22;483.77;568.12;511.96
2440;Ribeirão Claro;PR;Estadual;45;529.54;535.91;473.83;490.66;529.78;511.94
2441;Santa Bárbara d'Oeste;SP;Estadual;934;529.28;536.4;472.63;485.83;535.5;511.93
2442;Corumbataí;SP;Estadual;18;519.47;530.54;463.41;475.07;571.11;511.92
2443;Nova Módica;MG;Estadual;19;531.41;528.64;478.69;484.92;535.79;511.89
2444;Carbonita;MG;Estadual;84;512.22;531.49;479.26;467.76;568.57;511.86
2445;Medianeira;PR;Estadual;421;525.53;536.55;476.02;493.27;527.9;511.85
2446;Palhoça;SC;Federal;2;572.95;593.3;463.95;458.85;470.0;511.81
2447;Santa Salete;SP;Estadual;10;501.76;527.26;503.52;498.32;528.0;511.77
2448;Gravataí;RS;Municipal;130;531.84;544.95;465.22;484.94;531.85;511.76
2449;Tabaí;RS;Estadual;16;508.23;536.48;469.32;500.91;543.75;511.74
2450;Santo Ângelo;RS;Estadual;533;522.27;533.84;471.83;490.6;540.04;511.72
2451;Ariranha;SP;Estadual;24;520.62;525.54;461.36;492.39;558.33;511.65
2452;Monte Alegre de Sergipe;SE;Estadual;57;503.12;531.82;471.46;463.66;588.07;511.63
2453;Abel Figueiredo;PA;Municipal;3;535.0;561.57;452.1;462.77;546.67;511.62
2454;Itaju;SP;Estadual;31;530.19;546.15;465.71;476.6;539.35;511.6
2455;Formiga;MG;Estadual;344;522.92;533.31;481.85;497.28;522.5;511.57
2456;Nova Roma do Sul;RS;Estadual;34;507.06;512.24;477.45;519.87;541.18;511.56
2457;Aurora;SC;Estadual;36;494.36;520.12;468.37;483.85;591.11;511.56
2458;Jaboticatubas;MG;Estadual;68;512.45;535.72;470.3;479.57;559.71;511.55
2459;Paraíso;SC;Estadual;37;508.73;522.54;482.32;505.23;538.92;511.55
2460;Ipumirim;SC;Estadual;65;509.08;505.59;479.21;506.48;557.23;511.52
2461;Estância Velha;RS;Estadual;208;528.76;542.77;464.15;487.98;533.94;511.52
2462;Ibema;PR;Estadual;25;500.94;524.61;482.78;474.02;575.2;511.51
2463;Cordeiro;RJ;Estadual;123;519.71;531.03;467.0;484.79;554.96;511.5
2464;Cruzeiro do Sul;RS;Estadual;48;515.72;527.14;472.07;515.0;527.5;511.49
2465;Votuporanga;SP;Estadual;450;525.99;533.25;473.12;492.17;532.84;511.48
2466;Laranjeiras do Sul;PR;Estadual;250;516.63;536.74;472.35;490.84;540.72;511.46
2467;Glorinha;RS;Estadual;43;527.04;538.03;470.26;490.36;531.63;511.46
2468;Mendes;RJ;Estadual;25;535.76;534.27;483.74;456.28;547.2;511.45
2469;Abdon Batista;SC;Estadual;20;531.24;532.86;454.82;495.32;543.0;511.45
2470;Encantado;RS;Estadual;97;519.71;534.44;477.15;496.78;529.07;511.43
2471;Elói Mendes;MG;Estadual;174;519.42;533.85;472.95;483.13;547.82;511.43
2472;Anchieta;ES;Privada;17;516.62;534.2;479.76;506.46;520.0;511.41
2473;Boca da Mata;AL;Privada;61;509.88;526.0;465.67;484.28;571.15;511.4
2474;Estação;RS;Estadual;42;518.44;529.08;461.12;485.88;562.38;511.38
2475;Dois Irmãos;RS;Estadual;164;518.76;524.39;470.62;500.79;542.32;511.38
2476;Monte Santo;BA;Privada;32;501.02;553.28;482.46;462.19;557.5;511.29
2477;Jóia;RS;Estadual;36;513.57;540.51;492.08;487.37;522.78;511.26
2478;Jaguariúna;SP;Estadual;279;533.73;539.41;466.6;488.6;527.81;511.23
2479;Coronel Martins;SC;Estadual;24;501.21;551.89;468.17;483.98;550.83;511.22
2480;São Francisco de Sales;MG;Estadual;20;512.79;522.44;487.26;476.61;557.0;511.22
2481;São José do Rio Pardo;SP;Municipal;23;520.47;523.22;468.41;485.5;558.26;511.17
2482;Ibarama;RS;Estadual;34;506.18;528.13;483.64;479.61;558.24;511.16
2483;Kaloré;PR;Estadual;23;522.01;537.55;485.7;496.46;513.91;511.13
2484;Tucumã;PA;Privada;50;516.37;530.7;484.62;492.7;531.2;511.12
2485;Lagoa Santa;MG;Estadual;335;527.8;533.03;473.07;486.26;535.22;511.08
2486;Ribeirão Pires;SP;Municipal;1;486.2;548.2;473.9;626.9;420.0;511.04
2487;Saltinho;SP;Estadual;38;527.69;521.67;473.68;504.81;527.37;511.04
2488;Porto Belo;SC;Estadual;113;521.26;534.38;469.3;476.34;553.81;511.02
2489;Marliéria;MG;Estadual;45;508.08;525.27;481.61;505.83;534.22;511.0
2490;Monte Sião;MG;Estadual;114;526.66;542.94;486.08;490.32;508.77;510.95
2491;Itapuca;RS;Estadual;17;527.85;520.09;476.94;474.54;555.29;510.94
2492;Rio Piracicaba;MG;Estadual;82;527.26;541.59;476.08;492.86;516.83;510.93
2493;Marechal Cândido Rondon;PR;Estadual;341;520.26;537.57;478.01;487.37;531.44;510.93
2494;Borrazópolis;PR;Estadual;53;524.04;529.37;469.8;486.29;545.09;510.92
2495;Arceburgo;MG;Estadual;16;518.34;524.3;497.22;499.58;515.0;510.89
2496;Esteio;RS;Estadual;417;525.05;536.55;467.56;485.05;540.22;510.89
2497;Jacutinga;MG;Estadual;86;530.14;532.8;478.73;502.11;510.47;510.85
2498;Vitória do Mearim;MA;Privada;32;512.96;531.69;464.35;445.88;599.38;510.85
2499;Macaíba;RN;Privada;67;518.11;530.65;486.89;468.76;549.85;510.85
2500;Maringá;PR;Estadual;1682;521.6;539.22;476.59;484.69;532.1;510.84
2501;Virgínia;MG;Estadual;34;534.51;543.42;467.11;500.91;508.24;510.84
2502;Bom Despacho;MG;Estadual;323;524.68;530.53;474.19;492.06;532.76;510.84
2503;São Mateus do Maranhão;MA;Privada;23;523.71;530.88;479.55;438.32;581.74;510.84
2504;Formigueiro;RS;Estadual;40;525.19;533.13;467.04;493.33;535.5;510.84
2505;Engenheiro Paulo de Frontin;RJ;Estadual;150;520.97;537.18;470.8;474.72;550.53;510.84
2506;Inhumas;GO;Estadual;394;514.09;524.13;474.65;480.27;561.02;510.83
2507;Itanhomi;MG;Estadual;58;516.63;532.69;474.92;492.32;537.59;510.83
2508;Santa Vitória;MG;Estadual;84;520.15;518.11;482.65;479.75;553.33;510.8
2509;Ubiratã;PR;Estadual;144;509.89;520.04;468.78;499.51;555.42;510.73
2510;Paty do Alferes;RJ;Estadual;172;517.28;533.29;470.72;478.64;553.72;510.73
2511;Petrópolis;RJ;Estadual;1256;522.13;536.99;469.19;473.03;552.21;510.71
2512;Estrela Velha;RS;Estadual;33;524.67;529.65;479.3;482.3;537.58;510.7
2513;Mirandópolis;SP;Estadual;143;526.25;534.71;471.0;473.96;547.41;510.67
2514;Piranguinho;MG;Estadual;96;504.83;526.86;483.38;484.55;553.75;510.67
2515;Santo Antônio de Posse;SP;Estadual;100;528.84;532.82;460.48;486.2;545.0;510.67
2516;Virginópolis;MG;Estadual;53;519.42;533.37;470.84;460.1;569.43;510.64
2517;Jataí;GO;Estadual;660;513.77;535.54;482.52;483.42;537.89;510.63
2518;Quaraí;RS;Estadual;135;525.3;535.24;473.97;490.81;527.7;510.6
2519;Antônio Olinto;PR;Estadual;27;519.73;542.86;482.46;476.83;531.11;510.6
2520;Mogi das Cruzes;SP;Estadual;2411;529.57;535.45;470.42;490.69;526.82;510.59
2521;São João Batista do Glória;MG;Estadual;44;502.1;519.75;477.52;497.0;556.36;510.55
2522;Ipanema;MG;Estadual;93;513.17;520.62;477.77;473.74;567.1;510.48
2523;Planalto;PR;Estadual;89;515.25;525.4;477.07;499.58;535.06;510.47
2524;Chapadinha;MA;Privada;146;517.9;526.0;477.55;465.16;565.62;510.45
2525;Petrolândia;PE;Municipal;1;541.1;559.1;437.6;454.4;560.0;510.44
2526;Lorena;SP;Estadual;345;522.27;535.92;470.41;486.36;537.1;510.41
2527;Califórnia;PR;Estadual;40;509.02;530.32;477.19;492.52;543.0;510.41
2528;Parapuã;SP;Estadual;21;544.47;538.86;473.9;484.28;510.48;510.4
2529;Aporé;GO;Estadual;14;512.6;533.21;476.01;497.26;532.86;510.39
2530;São Lourenço;MG;Estadual;247;526.38;533.1;472.08;485.26;535.11;510.38
2531;Taquaruçu do Sul;RS;Estadual;14;512.32;531.75;488.61;503.49;515.71;510.38
2532;Muniz Freire;ES;Estadual;202;511.77;525.47;482.38;490.87;540.99;510.3
2533;Nova Erechim;SC;Estadual;35;518.51;520.59;470.4;496.21;545.71;510.29
2534;Holambra;SP;Estadual;68;522.1;529.56;481.16;479.51;539.12;510.29
2535;Panambi;RS;Estadual;233;512.27;529.94;478.93;489.36;540.77;510.26
2536;Macau;RN;Privada;23;508.11;546.7;461.05;460.5;574.78;510.23
2537;Ivolândia;GO;Estadual;26;510.94;519.37;477.91;473.59;569.23;510.21
2538;Nova Canaã Paulista;SP;Estadual;6;519.72;532.53;489.72;492.25;516.67;510.18
2539;Macedônia;SP;Estadual;15;536.46;532.92;474.05;468.61;538.67;510.14
2540;Iconha;ES;Estadual;107;505.11;535.85;480.86;481.99;546.92;510.14
2541;Humaitá;RS;Estadual;36;505.21;507.21;481.56;504.83;551.67;510.1
2542;Itanhandu;MG;Estadual;106;523.49;524.02;481.54;480.48;540.94;510.09
2543;Saudades;SC;Estadual;75;496.67;506.32;483.38;496.58;567.47;510.08
2544;Arraial do Cabo;RJ;Municipal;64;521.44;532.9;479.9;490.52;525.62;510.08
2545;Bananeiras;PB;Federal;63;500.88;537.94;494.8;482.51;534.29;510.08
2546;Guaxupé;MG;Estadual;266;523.55;527.72;476.75;489.94;532.33;510.06
2547;Pranchita;PR;Estadual;32;499.78;533.37;460.17;501.93;555.0;510.05
2548;Quatro Barras;PR;Estadual;129;519.62;535.19;470.74;478.51;546.2;510.05
2549;Fortaleza dos Valos;RS;Estadual;37;515.64;523.5;480.52;492.17;538.38;510.04
2550;Goiandira;GO;Estadual;28;512.71;530.12;474.96;481.58;550.71;510.02
2551;Francisco Beltrão;PR;Estadual;778;516.05;531.26;475.05;493.34;534.37;510.02
2552;Cristais Paulista;SP;Estadual;61;506.9;522.03;472.65;471.77;576.72;510.01
2553;Guaraniaçu;PR;Estadual;87;511.78;517.14;472.41;497.89;550.8;510.01
2554;São Bento;PB;Privada;20;513.16;537.31;490.27;492.29;517.0;510.0
2555;Chuí;RS;Estadual;9;523.99;530.47;466.82;484.3;544.44;510.0
2556;Atibaia;SP;Estadual;808;531.23;539.01;472.11;487.05;520.52;509.98
2557;Bom Jesus do Sul;PR;Estadual;35;516.82;538.09;488.96;475.69;530.29;509.97
2558;Uchoa;SP;Estadual;53;525.01;533.74;467.71;487.55;535.85;509.97
2559;São João do Cariri;PB;Estadual;28;512.69;515.61;470.03;463.56;587.86;509.95
2560;São Lourenço da Serra;SP;Estadual;133;532.32;542.66;461.87;469.66;543.16;509.93
2561;Santana do Riacho;MG;Estadual;35;509.22;529.83;484.14;499.9;526.29;509.88
2562;Guarani das Missões;RS;Estadual;135;497.7;512.04;491.02;505.21;543.26;509.85
2563;São Miguel do Oeste;SC;Estadual;278;513.23;527.35;476.81;500.15;531.73;509.85
2564;São Lourenço do Sul;RS;Estadual;251;520.44;534.08;472.23;479.09;543.43;509.85
2565;Saldanha Marinho;RS;Estadual;10;521.19;529.32;454.43;486.17;558.0;509.82
2566;Concórdia;SC;Estadual;504;518.28;528.48;469.31;484.49;548.49;509.81
2567;Senador Canedo;GO;Privada;62;516.46;531.32;473.19;481.6;546.45;509.81
2568;Cordeirópolis;SP;Estadual;136;528.47;538.85;464.02;480.54;537.06;509.79
2569;Sinimbu;RS;Estadual;38;515.54;525.35;472.95;480.9;554.21;509.79
2570;Poloni;SP;Estadual;28;520.89;510.29;485.22;492.52;540.0;509.78
2571;Palotina;PR;Estadual;258;517.15;528.8;474.44;489.46;538.99;509.77
2572;Cristiano Otoni;MG;Estadual;33;531.73;520.87;474.17;464.52;557.58;509.77
2573;São Vicente;SP;Estadual;751;528.6;535.71;469.92;480.98;533.48;509.74
2574;Urânia;SP;Estadual;55;514.71;536.86;466.72;510.42;520.0;509.74
2575;Venâncio Aires;RS;Estadual;299;520.28;531.89;471.47;488.34;536.45;509.69
2576;Santa Efigênia de Minas;MG;Estadual;12;528.66;517.18;458.46;485.76;558.33;509.68
2577;Campos Altos;MG;Estadual;68;523.82;528.71;478.32;488.14;529.41;509.68
2578;Encruzilhada do Sul;RS;Estadual;163;520.37;535.29;466.6;477.13;548.96;509.67
2579;Juiz de Fora;MG;Estadual;2219;521.53;536.17;470.74;477.96;541.82;509.64
2580;Paço do Lumiar;MA;Privada;97;510.27;530.52;488.78;456.76;561.86;509.64
2581;Una;BA;Municipal;2;544.2;508.2;459.2;476.55;560.0;509.63
2582;Ermo;SC;Estadual;19;513.21;548.6;475.16;454.2;556.84;509.6
2583;Dom Viçoso;MG;Estadual;21;532.58;517.37;463.85;496.12;538.1;509.6
2584;Santa Rosa do Sul;SC;Estadual;56;508.13;518.86;462.1;467.41;591.43;509.59
2585;Presidente Lucena;RS;Estadual;10;512.64;528.61;449.22;503.5;554.0;509.59
2586;São Sepé;RS;Estadual;135;514.07;531.26;477.84;480.13;544.44;509.55
2587;Piên;PR;Estadual;78;520.03;527.34;465.54;494.55;540.26;509.54
2588;Itapema;SC;Estadual;308;521.9;526.81;472.09;476.08;550.58;509.49
2589;Fernandes Pinheiro;PR;Estadual;28;526.12;549.85;451.29;484.48;535.71;509.49
2590;Belford Roxo;RJ;Privada;238;518.46;529.71;463.07;478.37;557.82;509.48
2591;Bebedouro;SP;Estadual;449;527.29;536.27;473.12;484.91;525.84;509.48
2592;Anápolis;GO;Estadual;2421;519.33;531.22;475.46;485.64;535.65;509.46
2593;Curitibanos;SC;Estadual;280;515.1;540.9;475.95;480.42;534.86;509.45
2594;Nova Santa Helena;MT;Estadual;27;520.22;529.72;466.21;496.93;534.07;509.43
2595;Rodeio Bonito;RS;Estadual;43;522.19;535.9;469.2;461.72;558.14;509.43
2596;Candeias;MG;Estadual;83;524.96;530.21;475.83;477.57;538.55;509.43
2597;Uruçuí;PI;Municipal;2;540.55;540.0;424.85;491.5;550.0;509.38
2598;Dourado;SP;Estadual;41;527.39;527.01;470.0;490.67;531.71;509.36
2599;Carmo da Cachoeira;MG;Estadual;60;518.24;531.29;479.42;480.82;537.0;509.35
2600;Sirinhaém;PE;Privada;20;522.19;518.86;486.28;471.35;548.0;509.34
2601;Capitólio;MG;Estadual;63;524.63;516.79;491.88;516.87;496.51;509.33
2602;Condado;PE;Privada;9;517.47;537.28;449.29;455.88;586.67;509.32
2603;Matão;SP;Estadual;485;531.42;531.36;472.51;483.01;528.21;509.3
2604;Urussanga;SC;Estadual;142;515.86;538.18;481.69;475.38;535.35;509.29
2605;São Gonçalo do Amarante;RN;Privada;10;520.65;548.15;472.56;465.11;540.0;509.29
2606;Castelo;ES;Estadual;296;513.51;532.67;480.9;486.6;532.7;509.28
2607;Jaguari;RS;Federal;12;536.91;535.26;491.59;470.95;511.67;509.28
2608;Jacundá;PA;Privada;90;514.44;524.84;470.14;468.21;568.67;509.26
2609;Porecatu;PR;Estadual;116;521.4;531.88;471.52;475.43;546.03;509.25
2610;Colorado;PR;Estadual;133;513.91;529.3;482.02;481.48;539.55;509.25
2611;Estrela d'Oeste;SP;Estadual;32;529.04;514.31;455.78;486.43;560.62;509.24
2612;São Manuel;SP;Estadual;188;527.11;537.7;468.49;483.88;529.04;509.24
2613;Palma;MG;Estadual;22;520.64;539.46;469.34;474.91;541.82;509.23
2614;Dom Joaquim;MG;Estadual;26;506.97;538.57;470.04;495.2;535.38;509.23
2615;São José do Sul;RS;Estadual;8;519.86;548.24;477.79;495.22;505.0;509.22
2616;Lajeado;RS;Estadual;293;516.56;537.67;478.73;493.47;519.67;509.22
2617;Novo Repartimento;PA;Privada;22;514.29;526.08;486.43;483.78;535.45;509.21
2618;Ingá;PB;Privada;25;515.22;534.56;471.86;449.13;575.2;509.2
2619;Bom Jesus dos Perdões;SP;Estadual;130;530.01;536.32;466.13;482.3;531.23;509.2
2620;Mongaguá;SP;Estadual;366;529.8;532.39;467.11;483.58;533.01;509.18
2621;Iguape;SP;Estadual;207;521.06;538.04;476.6;477.77;532.37;509.17
2622;Catanduvas;SC;Estadual;82;517.72;524.34;465.67;475.69;562.44;509.17
2623;Campo Largo;PR;Estadual;806;520.5;534.02;473.92;480.62;536.55;509.12
2624;Janaúba;MG;Municipal;1;486.8;507.8;524.8;546.1;480.0;509.1
2625;Diamantina;MG;Estadual;431;517.59;533.6;480.6;478.38;535.08;509.05
2626;Canudos do Vale;RS;Estadual;6;518.63;561.78;472.13;525.97;466.67;509.04
2627;Selbach;RS;Estadual;32;501.66;504.42;492.06;511.35;535.62;509.02
2628;Girau do Ponciano;AL;Privada;23;500.96;539.4;455.13;462.62;586.96;509.02
2629;Inhapim;MG;Estadual;176;513.71;530.79;473.38;490.24;536.93;509.01
2630;Pedra Lavrada;PB;Estadual;52;516.05;523.36;473.02;503.37;529.23;509.01
2631;Piracanjuba;GO;Estadual;175;509.08;530.75;478.78;485.61;540.66;508.98
2632;Imbé;RS;Municipal;1;496.1;539.2;379.2;490.3;640.0;508.96
2633;Jacutinga;RS;Estadual;27;510.21;535.27;486.59;469.79;542.96;508.96
2634;Itamarandiba;MG;Estadual;303;521.49;530.61;475.51;488.63;528.58;508.96
2635;Águas de Lindóia;SP;Estadual;84;531.0;536.35;473.81;484.59;519.05;508.96
2636;Carmésia;MG;Estadual;26;506.77;541.99;465.49;485.18;545.38;508.96
2637;Miracema;RJ;Estadual;148;510.51;523.7;466.96;478.64;564.86;508.93
2638;Ascurra;SC;Estadual;21;532.19;538.63;476.51;466.73;530.48;508.91
2639;Rio Fortuna;SC;Estadual;26;501.78;519.09;467.99;516.47;539.23;508.91
2640;Três Corações;MG;Estadual;448;521.59;534.77;468.28;479.35;540.36;508.87
2641;Forquetinha;RS;Estadual;14;495.55;517.47;476.84;521.57;532.86;508.86
2642;São Domingos;SC;Estadual;62;509.36;516.97;484.51;476.95;556.45;508.85
2643;Mariano Moro;RS;Estadual;11;503.16;511.58;489.76;494.17;545.45;508.83
2644;Euclides da Cunha Paulista;SP;Municipal;1;531.5;509.7;481.6;481.3;540.0;508.82
2645;Formoso do Araguaia;TO;Privada;74;504.14;525.76;498.35;470.68;545.14;508.81
2646;Ouricuri;PE;Privada;21;509.36;509.41;465.69;497.61;561.9;508.8
2647;Rio Espera;MG;Estadual;43;508.79;528.18;472.97;484.23;549.77;508.79
2648;Leme;SP;Estadual;492;528.71;538.92;467.84;487.39;521.11;508.79
2649;Alto Caparaó;MG;Estadual;16;515.19;534.72;467.67;477.44;548.75;508.76
2650;Carmo da Mata;MG;Estadual;87;521.14;532.25;480.0;490.99;519.31;508.74
2651;Cascavel;PR;Estadual;2005;520.4;529.01;472.47;487.16;534.66;508.74
2652;Cerqueira César;SP;Estadual;134;521.55;531.02;479.43;494.97;516.72;508.74
2653;Mirassol;SP;Estadual;317;524.29;533.6;473.35;493.5;518.86;508.72
2654;Palmeira das Missões;RS;Estadual;301;515.01;521.86;472.84;478.63;555.15;508.7
2655;São Luiz Gonzaga;RS;Estadual;291;520.32;528.99;477.89;487.06;529.21;508.7
2656;Bom Jesus da Penha;MG;Estadual;25;503.27;537.88;484.36;469.87;548.0;508.68
2657;Mocajuba;PA;Municipal;2;526.85;574.9;513.85;467.8;460.0;508.68
2658;Guarinos;GO;Estadual;19;497.65;532.55;496.79;463.54;552.63;508.63
2659;Turvo;SC;Estadual;74;516.16;522.1;481.96;484.55;538.11;508.58
2660;Aguaí;SP;Estadual;151;526.46;530.12;462.8;480.67;542.65;508.54
2661;Olivedos;PB;Municipal;33;522.31;540.95;477.29;462.09;540.0;508.53
2662;Novo Itacolomi;PR;Estadual;28;513.67;524.89;471.52;501.82;530.71;508.52
2663;Ibiraci;MG;Estadual;69;517.49;534.78;453.83;481.41;555.07;508.51
2664;Governador Valadares;MG;Estadual;1686;519.86;530.79;466.86;483.94;541.04;508.5
2665;Vargem Grande do Sul;SP;Estadual;198;524.05;529.18;472.41;486.89;529.9;508.49
2666;Eldorado do Sul;RS;Privada;9;533.87;534.02;457.12;488.34;528.89;508.45
2667;Bezerros;PE;Estadual;456;516.39;530.04;473.43;482.81;539.52;508.44
2668;Jales;SP;Estadual;397;517.18;527.13;470.27;494.47;532.9;508.39
2669;Cachoeiras de Macacu;RJ;Estadual;320;512.09;530.43;471.88;473.65;553.88;508.38
2670;Jaguarão;RS;Estadual;159;530.65;533.85;467.55;483.18;526.54;508.36
2671;Dona Emma;SC;Estadual;32;505.09;538.85;486.4;480.74;530.62;508.34
2672;Manhuaçu;MG;Estadual;463;515.81;530.21;470.55;491.97;533.09;508.33
2673;Araranguá;SC;Municipal;1;558.8;576.1;529.3;357.4;520.0;508.32
2674;Araçatuba;SP;Estadual;1016;524.61;530.73;469.57;486.4;530.24;508.31
2675;Balneário Rincão;SC;Municipal;1;505.3;538.2;458.1;459.9;580.0;508.3
2676;União da Serra;RS;Estadual;10;524.31;533.61;477.67;479.74;526.0;508.27
2677;Porto Real;RJ;Estadual;81;512.25;520.45;481.17;469.97;557.53;508.27
2678;Xapuri;AC;Federal;43;515.08;544.83;488.25;462.97;530.23;508.27
2679;Águas Mornas;SC;Estadual;34;511.76;503.35;490.9;500.54;534.71;508.25
2680;São Gabriel;RS;Estadual;298;515.18;527.49;474.05;479.77;544.7;508.24
2681;Socorro;SP;Estadual;165;530.53;529.22;468.14;486.35;526.91;508.23
2682;Cubatão;SP;Estadual;711;526.59;537.42;468.01;474.34;534.8;508.23
2683;Agudos do Sul;PR;Estadual;47;516.77;532.86;475.43;478.87;537.02;508.19
2684;Marcelândia;MT;Privada;6;507.15;528.6;509.57;455.57;540.0;508.18
2685;Mariluz;PR;Estadual;47;522.74;538.84;461.82;469.79;547.66;508.17
2686;Caetanópolis;MG;Estadual;36;516.3;524.58;458.73;478.48;562.78;508.17
2687;Flor do Sertão;SC;Estadual;21;502.54;500.02;467.34;507.15;563.81;508.17
2688;Alfredo Vasconcelos;MG;Estadual;42;520.37;527.31;471.61;488.72;532.86;508.17
2689;Santa Izabel do Oeste;PR;Estadual;111;511.83;529.99;469.26;482.74;547.03;508.17
2690;São Jorge do Patrocínio;PR;Estadual;53;507.44;540.46;476.35;491.28;525.28;508.16
2691;Santa Rita do Passa Quatro;SP;Estadual;93;519.61;529.49;469.53;488.12;533.98;508.15
2692;Travesseiro;RS;Estadual;8;513.2;499.36;510.96;497.19;520.0;508.14
2693;Celso Ramos;SC;Estadual;19;498.77;517.59;494.46;514.03;515.79;508.13
2694;Ipaussu;SP;Municipal;3;531.37;521.8;477.77;516.33;493.33;508.12
2695;Dom Pedro;MA;Municipal;3;526.73;539.33;480.77;493.7;500.0;508.11
2696;São Bento do Sapucaí;SP;Estadual;77;518.83;515.58;476.7;502.15;527.27;508.11
2697;Brasília;DF;Estadual;20615;520.73;532.73;468.41;475.27;543.29;508.09
2698;Assunção;PB;Estadual;30;518.5;531.82;484.14;479.26;526.67;508.08
2699;Bambuí;MG;Estadual;110;520.63;533.51;473.44;487.88;524.91;508.07
2700;Doutor Maurício Cardoso;RS;Estadual;25;531.91;531.2;473.15;471.3;532.8;508.07
2701;Oliveira;MG;Estadual;243;518.38;525.74;473.95;481.49;540.58;508.03
2702;Quatis;RJ;Estadual;48;511.62;520.31;466.82;474.71;566.67;508.03
2703;Braço do Norte;SC;Privada;22;509.93;517.17;491.79;515.77;505.45;508.02
2704;Terra de Areia;RS;Estadual;58;509.3;525.14;453.66;479.55;572.41;508.01
2705;Varjota;CE;Privada;7;518.91;554.73;480.13;457.73;528.57;508.01
2706;Sobradinho;RS;Estadual;71;509.0;527.4;463.8;477.25;562.54;508.0
2707;Virmond;PR;Estadual;31;520.61;521.01;484.64;481.98;531.61;507.97
2708;Óleo;SP;Estadual;14;539.44;535.31;461.81;477.56;525.71;507.97
2709;São José do Egito;PE;Estadual;320;518.9;524.03;475.07;482.88;538.88;507.95
2710;Ubarana;SP;Estadual;24;523.12;522.16;470.88;488.55;535.0;507.94
2711;Tatuí;SP;Estadual;764;528.28;530.56;466.35;493.52;520.92;507.93
2712;São Martinho;SC;Estadual;24;497.38;519.12;485.86;501.45;535.83;507.93
2713;Macaé;RJ;Estadual;679;523.71;535.12;467.14;467.87;545.63;507.89
2714;Andrelândia;MG;Estadual;73;516.19;529.77;465.1;473.81;554.52;507.88
2715;Magda;SP;Estadual;17;503.59;537.8;469.76;505.89;522.35;507.88
2716;Itaperuna;RJ;Estadual;497;516.29;528.95;473.12;476.84;544.14;507.87
2717;Feliz;RS;Estadual;46;513.71;521.75;466.75;478.25;558.7;507.83
2718;Chapecó;SC;Estadual;1503;519.18;529.8;472.0;491.72;526.4;507.82
2719;Santo Augusto;RS;Estadual;67;515.2;523.27;473.12;474.45;552.84;507.78
2720;Alfredo Chaves;ES;Municipal;1;501.6;525.5;447.9;423.8;640.0;507.76
2721;São Domingos do Cariri;PB;Municipal;11;542.11;546.59;481.17;458.01;510.91;507.76
2722;Missão Velha;CE;Privada;9;470.09;504.71;469.5;474.5;620.0;507.76
2723;São Martinho da Serra;RS;Estadual;17;524.54;520.62;470.6;477.06;545.88;507.74
2724;Caratinga;MG;Estadual;620;517.27;525.92;476.15;486.76;532.58;507.74
2725;Araçariguama;SP;Estadual;101;533.65;532.05;460.26;473.24;539.41;507.72
2726;Macarani;BA;Estadual;41;513.14;528.59;471.8;476.68;548.29;507.7
2727;Pitangui;MG;Estadual;149;512.87;521.21;476.53;502.61;525.23;507.69
2728;Campo Bom;RS;Municipal;31;531.24;550.4;478.05;491.62;487.1;507.68
2729;Malta;PB;Estadual;26;515.31;523.01;476.56;500.38;523.08;507.67
2730;Joviânia;GO;Estadual;30;511.32;520.02;471.42;476.87;558.67;507.66
2731;Santo Antônio de Lisboa;PI;Estadual;53;505.0;514.33;470.04;473.82;575.09;507.66
2732;Ponta Grossa;PR;Estadual;1580;523.54;536.33;474.11;486.8;517.43;507.64
2733;Mateus Leme;MG;Estadual;194;514.87;532.12;466.11;489.11;535.98;507.64
2734;Guapiaçu;SP;Estadual;75;527.51;540.99;464.03;477.89;527.73;507.63
2735;Santa Bárbara do Tugúrio;MG;Estadual;19;503.76;528.72;462.77;511.25;531.58;507.62
2736;Chopinzinho;PR;Privada;13;529.08;553.29;494.52;474.99;486.15;507.61
2737;Sengés;PR;Estadual;96;523.08;538.76;466.29;479.25;530.62;507.6
2738;Tapera;RS;Estadual;72;512.22;519.42;475.48;475.19;555.56;507.57
2739;Iacanga;SP;Estadual;53;527.22;524.57;469.9;489.68;526.42;507.56
2740;Chácara;MG;Estadual;14;529.1;544.96;455.0;455.82;552.86;507.55
2741;Palmas de Monte Alto;BA;Municipal;3;509.5;535.6;474.0;518.4;500.0;507.5
2742;Pelotas;RS;Municipal;159;514.25;535.15;466.17;481.42;540.41;507.48
2743;Espírito Santo do Pinhal;SP;Estadual;266;526.15;535.49;475.29;488.82;511.58;507.47
2744;Barreirinhas;MA;Federal;180;516.59;524.34;484.77;468.04;543.56;507.46
2745;Vianópolis;GO;Estadual;100;511.81;528.98;480.34;477.08;539.0;507.44
2746;Uberaba;MG;Estadual;1759;520.65;530.25;471.51;483.2;531.53;507.43
2747;Emilianópolis;SP;Estadual;15;528.83;539.33;483.21;463.11;522.67;507.43
2748;Barreirinhas;MA;Municipal;2;549.85;522.0;455.9;449.4;560.0;507.43
2749;Virgem da Lapa;MG;Estadual;68;505.2;544.03;467.87;471.46;548.53;507.42
2750;Tejuçuoca;CE;Municipal;1;470.0;500.6;422.0;424.5;720.0;507.42
2751;Marechal Deodoro;AL;Privada;91;504.21;522.21;467.69;464.06;578.9;507.41
2752;Congonhal;MG;Estadual;40;518.41;524.18;472.94;495.02;526.5;507.41
2753;Barra do Ribeiro;RS;Estadual;60;512.22;536.59;466.85;493.74;527.67;507.41
2754;Nova Friburgo;RJ;Municipal;2;508.75;509.6;436.75;451.85;630.0;507.39
2755;Pavão;MG;Estadual;37;512.88;519.66;464.78;440.65;598.92;507.38
2756;Oriente;SP;Estadual;23;532.33;532.7;455.3;490.46;526.09;507.38
2757;Vidal Ramos;SC;Estadual;53;514.14;512.91;453.8;480.47;575.47;507.36
2758;Cardoso Moreira;RJ;Estadual;42;523.92;536.95;464.06;464.27;547.62;507.36
2759;Orleans;SC;Estadual;158;509.79;526.14;475.76;482.25;542.78;507.35
2760;Novo Horizonte do Oeste;RO;Privada;33;510.9;526.48;483.52;472.62;543.03;507.31
2761;Itatiba;SP;Municipal;2;542.3;552.3;454.05;427.9;560.0;507.31
2762;Botucatu;SP;Estadual;491;523.62;532.71;470.73;480.63;528.8;507.3
2763;Canelinha;SC;Privada;9;482.4;515.69;520.29;484.76;533.33;507.29
2764;Santo Antônio do Descoberto;GO;Privada;18;519.46;539.31;476.54;495.56;505.56;507.28
2765;Canelinha;SC;Estadual;61;523.5;512.62;474.68;489.83;535.74;507.27
2766;Formosa do Sul;SC;Estadual;19;496.33;509.21;475.91;489.51;565.26;507.24
2767;Tio Hugo;RS;Estadual;15;520.49;528.75;468.22;472.03;546.67;507.23
2768;Linha Nova;RS;Estadual;12;510.08;497.72;474.55;490.37;563.33;507.21
2769;Edealina;GO;Estadual;32;517.89;511.74;463.03;473.99;569.38;507.21
2770;Capanema;PR;Estadual;146;512.12;524.56;483.22;493.38;522.74;507.2
2771;São Carlos;SC;Estadual;61;507.37;509.07;481.85;494.08;543.61;507.2
2772;Pacujá;CE;Estadual;179;512.54;520.82;476.75;497.4;528.49;507.2
2773;Pedra do Anta;MG;Estadual;18;508.4;533.61;482.43;488.01;523.33;507.16
2774;Bananal;SP;Estadual;66;514.75;538.2;468.95;493.3;520.61;507.16
2775;Espera Feliz;MG;Estadual;123;521.14;534.89;463.53;473.16;543.09;507.16
2776;Marataízes;ES;Estadual;297;503.8;529.08;475.39;485.84;541.7;507.16
2777;Iraceminha;SC;Estadual;39;511.14;522.2;484.04;510.54;507.69;507.12
2778;Taubaté;SP;Estadual;1541;524.58;534.66;466.95;482.96;526.32;507.09
2779;Pinheiro Machado;RS;Estadual;58;523.86;537.77;478.29;471.24;524.14;507.06
2780;Brazópolis;MG;Estadual;89;517.41;521.52;456.69;494.52;545.17;507.06
2781;Pedras Grandes;SC;Privada;7;527.47;499.3;488.96;479.53;540.0;507.05
2782;Hortolândia;SP;Estadual;1186;528.65;534.58;464.4;483.47;524.13;507.05
2783;Guaíba;RS;Estadual;617;523.81;536.39;466.49;480.32;528.19;507.04
2784;Monte Castelo;SP;Estadual;23;529.6;526.55;459.49;473.42;546.09;507.03
2785;Rio Casca;MG;Estadual;57;522.61;530.57;465.05;473.07;543.86;507.03
2786;Laranjal;MG;Estadual;26;513.55;522.93;471.47;484.82;542.31;507.02
2787;Maracás;BA;Estadual;71;513.75;534.08;467.55;466.78;552.96;507.02
2788;Rio do Campo;SC;Estadual;67;516.95;519.04;491.28;481.74;525.97;506.99
2789;Arari;MA;Privada;23;508.22;515.8;481.68;467.43;561.74;506.98
2790;Porto Barreiro;PR;Estadual;19;513.93;543.67;459.88;477.42;540.0;506.98
2791;Barracão;PR;Estadual;91;509.8;527.07;468.44;500.15;529.45;506.98
2792;Piedade;SP;Estadual;314;527.63;534.73;469.79;488.38;514.27;506.96
2793;Goiás;GO;Estadual;184;505.99;528.88;472.35;470.05;557.5;506.96
2794;Miguel Pereira;RJ;Estadual;119;524.48;534.53;464.31;469.58;541.68;506.92
2795;Poços de Caldas;MG;Estadual;635;519.21;536.35;469.06;479.42;530.49;506.91
2796;Rio das Ostras;RJ;Estadual;653;521.65;533.11;468.12;472.26;539.42;506.91
2797;São Pedro do Butiá;RS;Estadual;25;512.5;528.3;493.02;510.1;490.4;506.86
2798;Brumado;BA;Estadual;379;510.6;529.05;472.48;482.52;539.63;506.86
2799;Palmitos;SC;Estadual;131;518.21;526.18;482.84;491.1;515.88;506.84
2800;Igarapava;SP;Municipal;21;523.93;527.62;457.21;506.39;519.05;506.84
2801;Virgolândia;MG;Estadual;21;499.98;540.75;472.24;509.76;511.43;506.83
2802;Umirim;CE;Federal;51;507.65;521.09;470.56;468.15;566.67;506.82
2803;Afonso Cláudio;ES;Estadual;224;511.41;532.84;477.77;475.07;536.96;506.81
2804;Frei Rogério;SC;Estadual;29;515.06;519.1;461.0;485.0;553.79;506.79
2805;Capelinha;MG;Estadual;311;518.27;531.75;471.55;487.73;524.63;506.78
2806;Caraúbas;RN;Privada;10;497.64;517.42;490.63;470.21;558.0;506.78
2807;Alto Taquari;MT;Estadual;46;515.87;533.79;487.42;465.1;531.74;506.78
2808;Santa Helena;PR;Estadual;178;520.64;534.26;477.59;484.49;516.85;506.76
2809;Itaóca;SP;Estadual;14;512.11;504.54;457.74;487.99;571.43;506.76
2810;Alto Alegre dos Parecis;RO;Municipal;4;502.52;506.12;470.38;484.55;570.0;506.72
2811;Martins Soares;MG;Estadual;32;528.67;541.73;480.71;486.2;496.25;506.71
2812;Angra dos Reis;RJ;Estadual;824;521.02;533.71;470.25;467.21;541.3;506.7
2813;Lucianópolis;SP;Estadual;12;496.54;512.52;444.17;513.51;566.67;506.68
2814;Guaratuba;PR;Estadual;149;518.01;532.02;463.2;473.45;546.58;506.65
2815;Alfredo Wagner;SC;Estadual;65;511.62;537.4;471.89;490.08;522.15;506.63
2816;Sapucaia do Sul;RS;Municipal;25;521.73;542.54;459.55;503.66;505.6;506.62
2817;Foz do Iguaçu;PR;Estadual;1777;521.81;534.54;468.99;485.1;522.44;506.58
2818;Rondolândia;MT;Estadual;18;520.16;544.43;453.6;477.93;536.67;506.56
2819;Xanxerê;SC;Estadual;339;517.0;524.96;466.83;476.93;547.02;506.55
2820;Verê;PR;Estadual;72;512.09;524.07;462.23;489.85;544.44;506.54
2821;Tapira;MG;Estadual;21;521.27;508.42;473.36;487.76;541.9;506.54
2822;Gravataí;RS;Estadual;948;520.28;536.27;462.91;478.73;534.41;506.52
2823;Nova Veneza;SC;Estadual;78;519.32;532.01;467.6;477.93;535.64;506.5
2824;Brumadinho;MG;Estadual;201;518.44;530.04;478.72;485.84;519.4;506.49
2825;Terezinha;PE;Estadual;40;519.84;523.61;479.56;479.46;530.0;506.49
2826;Limoeiro;PE;Estadual;486;509.21;519.21;476.29;470.51;557.2;506.49
2827;Raul Soares;MG;Estadual;131;516.57;527.05;474.0;475.4;539.39;506.48
2828;Campanário;MG;Estadual;15;515.29;521.13;480.65;471.19;544.0;506.45
2829;São Roque;SP;Estadual;431;519.4;529.94;468.2;484.47;530.16;506.44
2830;Taió;SC;Estadual;127;512.26;517.05;475.52;494.44;532.91;506.44
2831;Pocinhos;PB;Estadual;96;500.34;515.61;473.55;464.59;578.12;506.44
2832;Ivaí;PR;Estadual;84;519.31;527.41;467.67;488.47;529.29;506.43
2833;Bagre;PA;Municipal;1;521.8;487.7;388.3;454.3;680.0;506.42
2834;Surubim;PE;Estadual;442;514.66;522.98;468.81;471.79;553.8;506.41
2835;São José do Divino;PI;Estadual;38;503.88;537.35;498.85;462.47;529.47;506.4
2836;Ourinhos;SP;Estadual;756;520.41;532.05;471.74;491.83;515.93;506.39
2837;Aratiba;RS;Estadual;62;506.15;519.48;472.04;482.63;551.61;506.38
2838;Roca Sales;RS;Estadual;19;513.53;531.68;467.29;489.85;529.47;506.37
2839;União de Minas;MG;Estadual;18;497.11;528.83;457.95;477.91;570.0;506.36
2840;Paraí;RS;Estadual;58;506.26;508.72;471.82;498.07;546.9;506.35
2841;São Domingos do Prata;MG;Estadual;118;515.98;524.48;465.43;475.34;550.34;506.31
2842;Miraí;MG;Estadual;47;515.74;523.89;457.04;483.81;551.06;506.31
2843;Raposa;MA;Municipal;1;424.6;500.8;558.4;487.5;560.0;506.26
2844;Novo Barreiro;RS;Estadual;25;508.15;518.3;478.82;485.2;540.8;506.25
2845;Santa Isabel;SP;Estadual;446;529.89;526.95;468.19;483.23;522.96;506.25
2846;Santa Lúcia;PR;Estadual;22;525.15;512.85;477.75;483.61;531.82;506.24
2847;Mariana Pimentel;RS;Estadual;5;517.06;528.84;475.78;485.5;524.0;506.24
2848;Balneário Camboriú;SC;Estadual;589;520.41;533.27;465.32;479.61;532.53;506.23
2849;Itabaiana;SE;Estadual;555;503.85;527.15;473.9;469.99;556.22;506.22
2850;Tremembé;SP;Estadual;132;524.25;532.91;469.89;479.46;524.55;506.21
2851;Aparecida;SP;Estadual;262;522.79;524.12;462.34;480.6;541.15;506.2
2852;Cafelândia;PR;Estadual;91;506.25;530.82;477.43;481.57;534.95;506.2
2853;Santiago;RS;Estadual;310;517.47;528.59;474.06;477.34;533.32;506.16
2854;Dom Eliseu;PA;Privada;29;511.66;520.35;457.4;477.89;563.45;506.15
2855;Campo Limpo Paulista;SP;Estadual;471;528.75;534.63;464.59;480.52;522.21;506.14
2856;Patrocínio Paulista;SP;Estadual;68;524.24;530.27;464.76;478.42;532.94;506.13
2857;São João da Lagoa;MG;Estadual;41;515.55;531.03;474.33;468.72;540.98;506.12
2858;Salto do Jacuí;RS;Estadual;60;505.79;530.53;466.69;488.16;539.33;506.1
2859;Araruama;RJ;Estadual;497;516.6;530.62;467.29;469.3;546.68;506.1
2860;São José dos Pinhais;PR;Estadual;1386;519.56;537.82;468.88;480.06;524.16;506.1
2861;Mantena;MG;Estadual;157;519.05;524.77;469.18;493.65;523.82;506.09
2862;Maripá;PR;Estadual;35;516.48;517.43;480.98;499.52;516.0;506.08
2863;Maricá;RJ;Estadual;617;520.64;532.49;468.56;471.34;537.21;506.05
2864;Vista Alegre do Alto;SP;Estadual;28;520.46;533.1;461.48;481.53;533.57;506.03
2865;Poço das Antas;RS;Estadual;18;514.42;512.84;472.83;495.59;534.44;506.02
2866;Penha;SC;Municipal;7;546.39;557.39;452.66;465.1;508.57;506.02
2867;Ministro Andreazza;RO;Estadual;72;511.78;512.72;485.4;476.46;543.61;505.99
2868;Rio do Sul;SC;Estadual;421;520.62;527.14;469.12;481.89;531.07;505.97
2869;Betim;MG;Estadual;2761;518.91;531.33;469.17;481.42;528.95;505.95
2870;Cambuí;MG;Estadual;174;522.23;536.97;471.48;475.56;523.33;505.92
2871;Mesópolis;SP;Estadual;6;528.18;543.62;432.1;512.37;513.33;505.92
2872;Baraúna;PB;Estadual;27;510.78;521.91;479.52;463.17;554.07;505.89
2873;São Miguel Arcanjo;SP;Estadual;244;522.8;528.18;463.68;484.04;530.57;505.85
2874;São Paulo;SP;Estadual;56810;528.15;535.77;463.0;476.3;526.03;505.85
2875;Piedade de Caratinga;MG;Estadual;53;519.14;527.69;474.87;497.04;510.36;505.82
2876;Castro;PR;Estadual;353;521.31;531.66;475.17;479.67;521.3;505.82
2877;Santo Antônio do Jardim;SP;Estadual;30;525.27;537.59;458.95;495.9;511.33;505.81
2878;Vertentes;PE;Estadual;114;510.2;511.87;480.79;485.33;540.88;505.81
2879;São Gonçalo do Rio Preto;MG;Estadual;41;505.62;524.75;479.18;472.17;547.32;505.81
2880;Pouso Alto;MG;Estadual;35;516.68;512.65;488.78;481.71;529.14;505.79
2881;Campo Bonito;PR;Estadual;32;526.23;529.9;465.95;470.62;536.25;505.79
2882;Orós;CE;Municipal;3;519.23;510.57;505.03;487.23;506.67;505.75
2883;Marilena;PR;Estadual;43;517.67;523.23;464.62;492.06;531.16;505.75
2884;Arroio do Tigre;RS;Privada;5;509.0;523.96;445.0;502.74;548.0;505.74
2885;Saudade do Iguaçu;PR;Estadual;42;517.2;524.38;471.49;479.75;535.71;505.71
2886;Iguatu;PR;Estadual;20;503.67;524.88;462.26;481.75;556.0;505.71
2887;Araújos;MG;Estadual;54;512.62;532.73;471.61;491.59;520.0;505.71
2888;Santana do Seridó;RN;Estadual;13;523.03;521.97;488.37;455.18;540.0;505.71
2889;Taquaritinga;SP;Estadual;285;524.76;530.19;469.05;479.01;525.54;505.71
2890;Braganey;PR;Privada;32;499.52;535.46;491.84;494.08;507.5;505.68
2891;Gaspar;SC;Estadual;291;521.89;533.15;466.24;479.08;528.04;505.68
2892;Suzano;SP;Estadual;1848;524.47;529.7;461.87;478.31;534.02;505.67
2893;Monte Santo de Minas;MG;Estadual;99;520.29;531.33;460.13;471.09;545.45;505.66
2894;Ipueira;RN;Estadual;12;498.56;529.17;467.68;467.83;565.0;505.64
2895;Santa Cruz do Sul;RS;Municipal;1;486.6;464.3;398.0;619.3;560.0;505.64
2896;Imbituba;SC;Estadual;308;517.32;524.76;464.78;479.08;542.21;505.63
2897;Júlio de Castilhos;RS;Estadual;133;515.34;523.32;465.41;475.92;548.12;505.62
2898;Palmeira;PR;Estadual;220;516.73;527.7;477.37;486.62;519.64;505.61
2899;Atalanta;SC;Estadual;22;496.44;507.56;468.84;485.94;569.09;505.57
2900;Ouro Branco;MG;Estadual;212;515.29;535.5;475.48;474.21;527.31;505.56
2901;Três Cachoeiras;RS;Estadual;69;510.73;524.2;461.19;480.25;551.3;505.53
2902;Itajaí;SC;Estadual;973;520.29;531.38;462.38;478.35;535.22;505.52
2903;Campo Grande;MS;Estadual;5960;517.85;528.67;467.08;479.43;534.56;505.52
2904;Barra Funda;RS;Estadual;16;494.55;530.48;466.66;469.62;566.25;505.51
2905;Monte Alto;SP;Estadual;220;518.72;528.22;477.74;479.1;523.73;505.5
2906;São João do Oeste;SC;Estadual;82;501.36;505.84;469.7;490.62;560.0;505.5
2907;Simão Pereira;MG;Estadual;10;507.13;524.03;460.44;489.75;546.0;505.47
2908;São Sebastião da Boa Vista;PA;Municipal;1;551.2;555.2;479.5;421.4;520.0;505.46
2909;Aiuruoca;MG;Estadual;29;519.91;523.22;461.24;493.29;529.66;505.46
2910;Oscar Bressane;SP;Estadual;21;536.44;543.32;446.34;465.96;535.24;505.46
2911;Jardim Olinda;PR;Estadual;10;510.25;544.9;473.54;492.62;506.0;505.46
2912;Itapicuru;BA;Municipal;36;496.68;529.58;470.79;476.84;553.33;505.44
2913;São Francisco;SP;Estadual;21;520.6;499.8;484.23;497.62;524.76;505.4
2914;Piumhi;MG;Estadual;139;516.76;525.03;463.81;485.46;535.83;505.38
2915;Morro Reuter;RS;Estadual;30;511.1;532.22;457.33;505.54;520.67;505.37
2916;Bom Jesus do Oeste;SC;Estadual;20;495.04;536.51;493.54;449.71;552.0;505.36
2917;Passos;MG;Estadual;651;519.29;527.02;469.05;487.23;524.21;505.36
2918;Montezuma;MG;Estadual;46;511.7;524.03;469.31;480.47;541.3;505.36
2919;Santa Rita de Jacutinga;MG;Estadual;26;521.21;545.68;474.27;470.23;515.38;505.35
2920;Espigão Alto do Iguaçu;PR;Estadual;36;512.33;525.33;470.0;480.7;538.33;505.34
2921;Pouso Novo;RS;Estadual;8;522.12;520.72;468.68;497.56;517.5;505.32
2922;Angelina;SC;Estadual;38;509.51;512.06;495.22;494.42;515.26;505.29
2923;Timon;MA;Privada;132;514.41;533.02;469.92;470.2;538.64;505.24
2924;São Paulo;SP;Municipal;544;528.46;537.36;460.37;479.46;520.43;505.22
2925;Cataguases;MG;Estadual;208;521.01;523.76;467.65;481.95;531.73;505.22
2926;Rosário da Limeira;MG;Estadual;35;516.95;524.33;472.17;526.22;486.29;505.19
2927;Boracéia;SP;Estadual;36;509.02;523.16;465.48;479.31;548.89;505.17
2928;Itanhaém;SP;Estadual;697;525.6;530.24;468.42;479.13;522.41;505.16
2929;Roseira;SP;Municipal;2;468.1;475.55;477.9;524.2;580.0;505.15
2930;Iaras;SP;Estadual;28;501.15;519.34;466.19;476.9;562.14;505.15
2931;Pereiro;CE;Estadual;241;503.11;511.27;470.68;483.51;557.18;505.15
2932;Itapissuma;PE;Privada;13;506.94;541.49;479.65;443.75;553.85;505.14
2933;Cosmópolis;SP;Estadual;377;524.77;526.15;468.36;479.6;526.68;505.11
2934;Ribeirão Corrente;SP;Estadual;30;513.83;528.83;467.58;483.3;532.0;505.11
2935;Cunha;SP;Estadual;115;521.48;521.77;470.25;478.8;533.04;505.07
2936;Lençóis Paulista;SP;Estadual;382;526.55;528.38;462.53;482.78;525.13;505.07
2937;Ampére;PR;Estadual;127;511.79;531.92;462.36;481.42;537.8;505.06
2938;Severiano Melo;RN;Estadual;32;519.46;519.1;470.0;474.14;542.5;505.04
2939;Nova Hartz;RS;Estadual;110;517.31;531.08;452.52;474.28;550.05;505.04
2940;Paverama;RS;Estadual;19;516.28;523.76;466.14;497.96;521.05;505.04
2941;Nova Resende;MG;Estadual;35;506.66;518.05;453.92;493.35;553.14;505.03
2942;Barra da Estiva;BA;Estadual;121;507.1;529.96;464.36;467.69;556.03;505.03
2943;Morro Redondo;RS;Estadual;39;521.38;523.14;471.91;468.7;540.0;505.03
2944;Cachoeira da Prata;MG;Estadual;23;523.65;533.0;477.57;454.35;536.52;505.02
2945;Ribeirão Preto;SP;Estadual;2478;525.92;530.74;463.01;478.41;526.93;505.0
2946;Joanópolis;SP;Estadual;59;515.4;521.45;480.73;501.3;506.1;505.0
2947;Dona Eusébia;MG;Estadual;35;498.91;517.02;469.85;501.97;537.14;504.98
2948;Mendes Pimentel;MG;Estadual;30;509.13;528.52;471.26;475.89;540.0;504.96
2949;Cássia;MG;Estadual;98;513.2;520.43;471.2;481.56;538.37;504.95
2950;Santa Teresinha;BA;Estadual;94;499.32;532.67;467.69;482.54;542.55;504.95
2951;Ilicínea;MG;Estadual;110;503.92;519.91;477.61;492.32;530.91;504.93
2952;Ibatiba;ES;Estadual;118;508.68;529.27;481.81;486.2;518.64;504.92
2953;São Martinho;RS;Estadual;28;498.02;510.45;480.54;482.0;553.57;504.92
2954;São José do Divino;MG;Estadual;12;521.8;523.13;461.99;460.97;556.67;504.91
2955;Nova Aurora;PR;Estadual;50;509.26;512.87;476.22;482.88;543.2;504.89
2956;Carazinho;RS;Estadual;351;518.68;529.09;465.1;474.22;537.32;504.88
2957;Perdizes;MG;Estadual;80;516.48;528.77;467.7;490.22;521.0;504.83
2958;Areia Branca;RN;Privada;26;509.03;533.32;463.73;464.23;553.85;504.83
2959;Itapecerica;MG;Estadual;110;518.14;522.88;473.35;490.15;519.45;504.8
2960;Rebouças;PR;Estadual;73;517.88;518.65;473.92;472.07;541.41;504.79
2961;Vazante;MG;Estadual;143;510.58;522.16;470.3;490.69;530.21;504.79
2962;Cromínia;GO;Estadual;33;512.64;528.18;463.95;462.11;556.97;504.77
2963;Campos dos Goytacazes;RJ;Estadual;1426;516.41;530.61;468.17;469.9;538.69;504.76
2964;São João;PR;Estadual;113;503.61;521.6;467.44;498.18;532.92;504.75
2965;Jaguaruna;SC;Estadual;102;509.08;532.25;467.5;483.73;531.18;504.75
2966;Laguna Carapã;MS;Estadual;15;517.31;526.13;487.44;480.72;512.0;504.72
2967;Avaré;SP;Estadual;420;522.3;530.5;469.8;474.05;526.9;504.71
2968;Uraí;PR;Estadual;115;512.77;528.7;468.85;475.38;537.74;504.69
2969;Crissiumal;RS;Estadual;81;500.92;523.93;482.2;484.22;532.16;504.68
2970;Caçador;SC;Estadual;369;516.85;526.42;472.01;476.89;531.15;504.67
2971;Iporã;PR;Estadual;89;513.4;521.01;467.56;475.55;545.84;504.67
2972;Caraguatatuba;SP;Estadual;729;528.72;533.99;465.8;482.55;512.26;504.66
2973;Santana do Maranhão;MA;Municipal;1;466.2;564.9;513.6;398.5;580.0;504.64
2974;Itatiba do Sul;RS;Estadual;34;509.58;529.52;467.77;477.52;538.82;504.64
2975;Guarapuava;PR;Estadual;1033;513.86;531.14;468.71;479.98;529.46;504.63
2976;Pouso Alegre;MG;Estadual;643;521.45;527.88;464.57;483.21;526.03;504.63
2977;Soledade;PB;Estadual;88;506.91;526.89;458.81;459.75;570.68;504.61
2978;Meridiano;SP;Estadual;29;498.69;521.25;471.59;468.03;563.45;504.6
2979;Santana do Paraíso;MG;Estadual;173;517.44;527.35;466.4;481.75;529.94;504.58
2980;Presidente Venceslau;SP;Estadual;291;519.82;529.45;471.21;483.05;519.38;504.58
2981;Fazenda Nova;GO;Estadual;49;508.68;522.71;476.22;458.98;556.33;504.58
2982;Itapetininga;SP;Estadual;793;522.17;533.91;467.15;483.81;515.74;504.56
2983;Queimadas;PB;Privada;41;507.09;507.55;473.74;482.23;552.2;504.56
2984;Capivari do Sul;RS;Estadual;44;522.36;529.84;459.21;486.86;524.55;504.56
2985;Iporá;GO;Estadual;262;512.77;527.03;469.97;480.08;532.9;504.55
2986;Pinhalzinho;SP;Estadual;72;520.34;526.31;462.59;472.67;540.83;504.55
2987;Luiz Alves;SC;Estadual;59;525.12;527.01;461.46;483.69;525.42;504.54
2988;São Gonçalo;RJ;Estadual;3369;514.46;532.01;464.47;465.12;546.64;504.54
2989;Bom Retiro do Sul;RS;Estadual;59;511.61;524.69;459.92;485.41;541.02;504.53
2990;Santa Cruz da Conceição;SP;Estadual;13;518.52;537.3;457.92;471.95;536.92;504.52
2991;Mogeiro;PB;Municipal;1;508.6;573.9;494.3;565.8;380.0;504.52
2992;Cristais;MG;Estadual;63;517.23;532.04;473.55;486.39;513.33;504.51
2993;Abadia de Goiás;GO;Estadual;58;519.43;526.42;459.56;469.47;547.59;504.5
2994;Nhandeara;SP;Estadual;40;514.87;526.0;460.5;487.07;534.0;504.49
2995;Lins;SP;Estadual;404;521.49;525.96;465.56;487.1;522.18;504.46
2996;Eirunepé;AM;Federal;38;521.07;523.51;450.56;464.97;562.11;504.44
2997;São Miguel do Iguaçu;PR;Estadual;144;514.5;530.15;468.4;490.12;519.03;504.44
2998;Manoel Viana;RS;Estadual;43;515.97;534.95;479.01;467.54;524.65;504.42
2999;Goianésia;GO;Estadual;626;512.23;529.18;468.14;477.23;535.02;504.36
3000;São Domingos;BA;Estadual;49;514.84;526.61;464.18;459.84;556.33;504.36
3001;Candeias;BA;Privada;98;518.17;531.04;466.69;451.57;554.29;504.35
3002;Madre de Deus de Minas;MG;Estadual;23;506.92;530.56;485.57;489.0;509.57;504.32
3003;Viçosa;MG;Estadual;506;507.29;523.43;476.79;477.33;536.77;504.32
3004;Bom Jardim de Minas;MG;Estadual;46;530.26;520.67;457.78;480.64;532.17;504.31
3005;Perdões;MG;Estadual;144;518.64;521.7;466.41;472.03;542.78;504.31
3006;Planalto;RS;Estadual;76;509.34;517.84;472.9;485.67;535.79;504.31
3007;Maximiliano de Almeida;RS;Estadual;22;505.1;517.85;469.45;472.8;556.36;504.31
3008;Boqueirão do Leão;RS;Estadual;37;523.76;523.14;457.77;483.36;533.51;504.31
3009;Dionísio;MG;Estadual;40;512.76;531.06;449.9;467.31;560.5;504.3
3010;Conselheiro Pena;MG;Estadual;86;512.34;521.04;473.26;492.63;522.1;504.28
3011;Campo Mourão;PR;Estadual;617;515.27;528.64;466.08;479.42;531.96;504.28
3012;Paulo Frontin;PR;Estadual;41;502.72;517.82;464.96;513.33;522.44;504.26
3013;Santa Helena;SC;Estadual;15;513.39;518.83;460.17;470.14;558.67;504.24
3014;Nova Ponte;MG;Estadual;64;508.66;523.19;469.58;495.08;524.69;504.24
3015;Morrinhos;GO;Estadual;337;510.05;526.32;475.44;482.46;526.88;504.23
3016;Rio Preto da Eva;AM;Privada;38;518.66;531.62;482.03;468.86;520.0;504.23
3017;Cajobi;SP;Estadual;50;523.64;532.28;469.0;481.82;514.4;504.23
3018;Porto Xavier;RS;Estadual;97;518.51;518.82;459.71;478.09;545.98;504.22
3019;Tramandaí;RS;Estadual;177;517.67;531.88;460.5;467.52;543.5;504.21
3020;Lontras;SC;Estadual;54;511.88;525.99;461.58;480.08;541.48;504.2
3021;Campo do Meio;MG;Estadual;76;508.92;533.17;479.0;476.48;523.42;504.2
3022;Abreu e Lima;PE;Privada;70;515.86;534.28;474.39;466.3;530.0;504.17
3023;Irati;PR;Estadual;311;510.57;531.3;467.67;477.94;533.36;504.17
3024;Conselheiro Lafaiete;MG;Estadual;611;521.95;523.54;469.39;484.03;521.96;504.17
3025;Renascença;PR;Estadual;48;516.01;525.5;465.86;488.8;524.58;504.15
3026;Santa Cruz do Capibaribe;PE;Estadual;611;508.88;527.46;465.0;473.99;545.45;504.15
3027;Itapecuru Mirim;MA;Privada;19;495.53;507.95;491.16;461.68;564.21;504.11
3028;Rolândia;PR;Estadual;321;523.96;528.47;471.19;480.49;516.45;504.11
3029;Caculé;BA;Privada;26;489.48;515.72;474.83;500.44;540.0;504.1
3030;Faxinalzinho;RS;Estadual;16;496.41;530.86;482.84;465.36;545.0;504.09
3031;Pelotas;RS;Estadual;1512;517.19;530.68;462.65;473.47;536.44;504.09
3032;Alfenas;MG;Estadual;464;517.27;529.08;464.95;478.7;530.47;504.09
3033;Cotia;SP;Estadual;1511;524.69;533.16;462.82;475.35;524.39;504.08
3034;Santana da Boa Vista;RS;Estadual;39;516.8;526.66;474.55;481.29;521.03;504.07
3035;Dumont;SP;Estadual;44;524.45;534.1;472.19;473.24;516.36;504.07
3036;Barra Bonita;SC;Estadual;12;493.68;536.28;493.12;492.18;505.0;504.05
3037;Barreiros;PE;Federal;65;511.54;519.08;485.23;463.79;540.62;504.05
3038;Pilar do Sul;SP;Estadual;243;512.78;520.58;460.74;488.73;537.28;504.02
3039;Almeirim;PA;Municipal;3;537.37;516.13;466.13;500.37;500.0;504.0
3040;Tigrinhos;SC;Estadual;12;522.16;530.39;474.12;455.0;538.33;504.0
3041;Muzambinho;MG;Estadual;91;513.11;525.93;473.45;482.39;525.05;503.99
3042;Trindade do Sul;RS;Estadual;45;512.9;520.46;453.87;476.29;556.44;503.99
3043;São João das Duas Pontes;SP;Estadual;17;517.31;516.77;451.46;497.9;536.47;503.98
3044;Três Marias;MG;Estadual;187;516.98;522.97;473.37;477.21;529.3;503.97
3045;Coroados;SP;Estadual;15;536.62;534.46;459.02;475.04;514.67;503.96
3046;Santa Terezinha de Itaipu;PR;Estadual;176;519.88;527.95;469.1;487.76;515.0;503.94
3047;Cafelândia;SP;Estadual;121;520.27;519.81;463.8;478.15;537.69;503.94
3048;Queluz;SP;Estadual;45;523.94;535.76;453.97;463.83;542.22;503.94
3049;Silva Jardim;RJ;Estadual;105;508.28;528.56;466.68;466.94;549.14;503.92
3050;Córrego Fundo;MG;Estadual;26;501.05;524.12;491.7;501.2;501.54;503.92
3051;Lafaiete Coutinho;BA;Estadual;20;513.56;525.59;463.31;455.02;562.0;503.9
3052;Manoel Ribas;PR;Estadual;81;511.5;528.69;461.32;465.09;552.74;503.87
3053;Rio Bonito;RJ;Estadual;335;515.62;526.84;468.04;462.88;545.97;503.87
3054;Nova União;MG;Estadual;39;510.81;510.11;469.03;471.97;557.44;503.87
3055;Vargem Grande;MA;Municipal;28;511.42;526.85;470.87;453.68;556.43;503.85
3056;Vila Velha;ES;Estadual;2485;515.08;531.87;472.73;474.04;525.46;503.83
3057;Cruzeiro;SP;Estadual;422;519.05;524.32;465.56;480.18;530.05;503.83
3058;Santa Rosa;RS;Estadual;504;511.01;523.6;474.76;488.38;521.39;503.83
3059;Belo Oriente;MG;Estadual;123;511.47;518.31;473.27;481.43;534.63;503.82
3060;Jaguaré;ES;Privada;8;499.15;538.46;494.68;441.49;545.0;503.76
3061;Serra do Salitre;MG;Estadual;63;517.8;523.72;470.36;478.58;528.25;503.75
3062;Marília;SP;Estadual;1182;522.22;529.77;463.3;476.63;526.77;503.74
3063;Cabreúva;SP;Estadual;270;525.38;532.67;462.7;477.55;520.37;503.73
3064;Ponta Grossa;PR;Municipal;3;504.63;546.33;527.87;473.13;466.67;503.73
3065;Apiaí;SP;Estadual;174;519.05;526.38;465.99;476.7;530.46;503.72
3066;Bom Repouso;MG;Estadual;62;506.43;520.06;472.31;488.15;531.61;503.71
3067;Itaporanga;SP;Estadual;83;514.72;526.32;473.53;479.42;524.58;503.71
3068;Areial;PB;Estadual;39;514.91;521.58;458.14;498.23;525.64;503.7
3069;Heliópolis;BA;Municipal;1;559.6;581.6;415.5;361.8;600.0;503.7
3070;Japaraíba;MG;Estadual;21;501.33;522.42;492.36;522.35;480.0;503.69
3071;Três de Maio;RS;Estadual;156;516.18;523.21;475.93;481.04;522.05;503.68
3072;Novo Cabrais;RS;Estadual;11;514.34;501.01;463.78;482.91;556.36;503.68
3073;Pombal;PB;Estadual;264;503.67;516.06;461.19;474.48;562.8;503.64
3074;Praia Grande;SP;Estadual;1547;524.75;531.99;466.89;474.83;519.74;503.64
3075;União da Vitória;PR;Estadual;364;514.18;534.94;466.55;479.18;523.24;503.62
3076;Pio XII;MA;Privada;12;486.11;528.07;493.28;468.98;541.67;503.62
3077;Santa Rita do Sapucaí;MG;Estadual;185;521.4;520.72;465.5;480.86;529.62;503.62
3078;Poá;SP;Estadual;1019;528.39;530.33;459.65;477.25;522.34;503.59
3079;Ituporanga;SC;Estadual;202;513.94;526.2;459.49;486.93;531.32;503.58
3080;Salgueiro;PE;Estadual;581;507.33;519.54;470.01;477.15;543.85;503.57
3081;Contagem;MG;Estadual;3042;517.56;528.88;468.16;480.2;522.97;503.56
3082;Presidente Prudente;SP;Estadual;1563;517.97;527.38;462.65;477.6;532.17;503.56
3083;Santana do Piauí;PI;Estadual;31;488.31;538.77;468.09;442.42;580.0;503.52
3084;Santa Luzia;MA;Municipal;1;530.8;573.3;469.6;343.8;600.0;503.5
3085;Caxambu do Sul;SC;Estadual;30;506.97;506.65;472.45;481.88;549.33;503.46
3086;Iraí;RS;Estadual;36;529.21;530.09;476.2;452.33;529.44;503.45
3087;Américo de Campos;SP;Municipal;19;519.15;509.53;458.75;477.17;552.63;503.45
3088;Vespasiano;MG;Estadual;817;519.35;530.59;467.02;479.19;520.98;503.43
3089;Funilândia;MG;Estadual;17;517.01;527.58;477.56;471.46;523.53;503.43
3090;Barra do Piraí;RJ;Estadual;300;516.01;533.1;465.41;454.13;548.47;503.42
3091;Sapucaia;RJ;Estadual;107;516.48;522.42;463.87;473.09;541.21;503.42
3092;São Thomé das Letras;MG;Estadual;41;525.74;534.66;462.78;476.29;517.56;503.41
3093;União;PI;Municipal;2;498.8;543.3;471.95;473.0;530.0;503.41
3094;Pintadas;BA;Estadual;45;515.77;519.09;458.19;456.39;567.56;503.4
3095;Urandi;BA;Estadual;63;510.55;523.99;470.93;467.09;544.44;503.4
3096;Capão Bonito;SP;Estadual;314;519.37;530.29;466.33;480.84;520.06;503.38
3097;Itapagipe;MG;Estadual;72;518.31;517.05;483.25;485.99;512.22;503.37
3098;Guapimirim;RJ;Estadual;210;514.75;531.65;466.72;471.59;532.1;503.36
3099;Olho d'Água das Flores;AL;Privada;24;501.54;518.28;465.77;478.66;552.5;503.35
3100;Guareí;SP;Estadual;56;520.51;533.53;456.17;471.89;534.64;503.35
3101;Taparuba;MG;Estadual;9;526.31;511.27;492.19;489.18;497.78;503.34
3102;Iguaba Grande;RJ;Estadual;175;515.36;521.55;462.81;466.53;550.4;503.33
3103;Iúna;ES;Estadual;177;511.54;520.38;478.51;491.28;514.92;503.33
3104;Bandeirante;SC;Estadual;33;515.95;536.47;470.48;466.36;527.27;503.31
3105;Cajamar;SP;Estadual;522;523.33;533.08;462.58;468.54;529.04;503.31
3106;São Gotardo;MG;Estadual;220;516.07;522.05;468.2;478.93;531.18;503.29
3107;Fátima do Sul;MS;Estadual;145;506.51;526.59;473.02;471.84;538.48;503.29
3108;Paraisópolis;MG;Estadual;82;528.08;520.03;469.15;491.35;507.8;503.28
3109;Uruará;PA;Privada;42;507.05;527.93;463.46;461.77;556.19;503.28
3110;Muriaé;MG;Estadual;566;517.29;520.98;465.12;483.37;529.38;503.23
3111;Silveira Martins;RS;Estadual;23;519.38;549.93;478.37;490.98;477.39;503.21
3112;Campos do Jordão;SP;Estadual;256;520.78;532.59;459.73;477.43;525.47;503.2
3113;Capim Grosso;BA;Estadual;125;504.29;528.26;465.55;470.59;547.2;503.18
3114;Maceió;AL;Municipal;4;536.45;526.5;435.9;487.02;530.0;503.17
3115;São José do Ouro;RS;Estadual;50;518.5;514.15;458.5;463.74;560.92;503.16
3116;Catiguá;SP;Estadual;21;527.92;519.97;465.81;458.31;543.81;503.16
3117;Ribeirão Vermelho;MG;Estadual;19;520.21;535.73;466.74;466.84;526.32;503.16
3118;Tambaú;SP;Estadual;100;524.27;523.37;469.62;477.92;520.6;503.16
3119;Goiânia;GO;Estadual;8103;514.45;526.64;466.77;474.06;533.85;503.15
3120;Mampituba;RS;Estadual;9;505.61;499.82;453.63;458.92;597.78;503.15
3121;Matinhos;PR;Estadual;242;517.61;530.09;467.43;471.05;529.59;503.15
3122;Mandaguari;PR;Estadual;208;518.08;523.87;466.89;480.42;526.44;503.14
3123;Mariópolis;PR;Estadual;29;512.62;525.71;475.78;488.37;513.1;503.12
3124;Patos;PB;Municipal;20;511.92;526.1;472.36;476.14;529.0;503.1
3125;Ribeirão do Sul;SP;Estadual;44;516.78;516.09;461.46;497.82;523.18;503.07
3126;Três Pontas;MG;Estadual;370;514.65;523.04;467.8;480.76;529.03;503.05
3127;Xavantina;SC;Estadual;30;491.49;528.09;437.72;493.83;564.0;503.03
3128;Motuca;SP;Estadual;15;513.73;522.63;476.81;477.98;524.0;503.03
3129;Três Fronteiras;SP;Estadual;34;510.82;522.59;475.23;484.17;522.35;503.03
3130;Araguari;MG;Estadual;630;517.85;524.85;468.13;478.28;525.94;503.01
3131;Carambeí;PR;Estadual;79;519.82;541.62;470.68;473.02;509.87;503.0
3132;Minas do Leão;RS;Estadual;42;523.53;531.3;464.84;475.33;520.0;503.0
3133;Siderópolis;SC;Privada;16;510.75;526.64;464.84;497.66;515.0;502.98
3134;Araucária;PR;Estadual;823;519.68;532.83;466.02;479.44;516.94;502.98
3135;Mostardas;RS;Estadual;61;508.86;528.33;469.61;471.97;536.07;502.97
3136;Anchieta;SC;Estadual;53;510.65;500.7;479.62;487.58;536.23;502.95
3137;Borebi;SP;Estadual;10;534.22;505.29;451.31;489.7;534.0;502.9
3138;Recife;PE;Estadual;9312;512.56;525.05;469.11;466.71;541.07;502.9
3139;Varginha;MG;Estadual;705;522.91;526.29;464.17;477.65;523.43;502.89
3140;Paiçandu;PR;Estadual;210;517.7;531.63;459.27;470.1;535.62;502.86
3141;Ribamar Fiquene;MA;Municipal;1;534.2;546.4;420.4;432.8;580.0;502.76
3142;Três Lagoas;MS;Municipal;1;478.7;535.3;489.9;409.9;600.0;502.76
3143;Nova Guataporanga;SP;Estadual;11;508.8;517.08;470.6;477.12;540.0;502.72
3144;Ituverava;SP;Estadual;229;508.19;522.92;459.42;472.13;550.92;502.72
3145;Lucas do Rio Verde;MT;Estadual;388;515.23;532.0;470.7;481.0;514.61;502.71
3146;Rosário do Sul;RS;Estadual;196;515.05;519.79;470.53;469.9;538.27;502.71
3147;Jumirim;SP;Estadual;10;518.98;510.32;471.4;526.8;486.0;502.7
3148;Bodoquena;MS;Estadual;46;508.97;533.08;479.13;474.0;518.26;502.69
3149;Lindoeste;PR;Estadual;36;508.68;519.68;472.54;481.91;530.56;502.68
3150;Simão Dias;SE;Estadual;288;504.54;517.72;474.73;471.1;545.28;502.67
3151;Ouro;SC;Estadual;57;512.18;513.4;466.89;467.83;552.98;502.66
3152;Votorantim;SP;Estadual;563;527.98;530.34;458.54;478.53;517.9;502.66
3153;São Desidério;BA;Estadual;118;512.26;532.39;458.64;459.58;550.3;502.63
3154;Sertão Santana;RS;Estadual;64;509.32;535.61;462.86;487.79;517.5;502.62
3155;Macuco;RJ;Estadual;38;521.03;528.01;464.27;464.42;535.26;502.6
3156;Pongaí;SP;Estadual;11;493.94;553.33;473.4;454.15;538.18;502.6
3157;São Geraldo da Piedade;MG;Estadual;21;501.27;527.0;465.6;475.24;543.81;502.58
3158;Várzea;PB;Estadual;29;517.59;502.61;460.84;491.85;540.0;502.58
3159;Água Doce;SC;Estadual;77;502.26;503.61;478.6;486.55;541.82;502.57
3160;Caetité;BA;Estadual;420;502.04;521.45;463.46;470.88;554.86;502.54
3161;Itabirito;MG;Estadual;267;514.29;522.85;468.02;484.58;522.85;502.52
3162;Lagamar;MG;Estadual;53;517.69;530.66;477.7;477.88;508.68;502.52
3163;Vargem;SP;Estadual;21;526.23;553.68;473.87;452.01;506.67;502.49
3164;Candiba;BA;Estadual;105;498.44;516.45;469.98;454.08;573.52;502.49
3165;Terra Rica;PR;Estadual;85;517.87;523.42;477.18;472.1;521.88;502.49
3166;Coronel Fabriciano;MG;Estadual;575;518.04;530.0;462.95;474.86;526.61;502.49
3167;Registro;SP;Estadual;607;519.06;528.0;467.39;481.53;516.41;502.48
3168;Bonfinópolis de Minas;MG;Estadual;46;492.64;525.57;474.97;482.21;536.96;502.47
3169;Xinguara;PA;Privada;47;498.04;516.62;467.9;479.93;549.79;502.46
3170;Sud Mennucci;SP;Estadual;66;518.7;525.91;468.95;476.32;522.42;502.46
3171;Criciúma;SC;Estadual;923;518.43;527.21;459.81;478.42;528.4;502.45
3172;Alto Rio Doce;MG;Estadual;73;511.92;527.07;472.56;491.83;508.77;502.43
3173;Cunhataí;SC;Estadual;20;497.14;518.31;478.29;502.24;516.0;502.4
3174;Arenápolis;MT;Estadual;73;514.95;525.87;472.3;474.78;524.11;502.4
3175;Caruaru;PE;Municipal;3;523.03;535.1;475.5;478.33;500.0;502.39
3176;São Francisco de Itabapoana;RJ;Estadual;164;509.6;526.01;468.06;461.7;546.46;502.37
3177;Olaria;MG;Estadual;18;508.13;532.28;470.86;475.94;524.44;502.33
3178;Floreal;SP;Estadual;22;514.62;500.92;467.49;465.82;562.73;502.32
3179;Bragança Paulista;SP;Estadual;794;521.76;530.38;461.55;480.9;517.0;502.32
3180;João Lisboa;MA;Municipal;1;548.1;561.4;458.9;483.2;460.0;502.32
3181;Ipiranga do Norte;MT;Estadual;56;507.83;520.31;475.25;483.51;524.64;502.31
3182;Palmitinho;RS;Estadual;54;509.93;513.43;486.61;460.11;541.48;502.31
3183;Anchieta;ES;Estadual;240;509.3;522.15;472.93;477.89;529.25;502.3
3184;Vale do Sol;RS;Privada;8;494.36;532.08;463.16;524.34;497.5;502.29
3185;Corbélia;PR;Estadual;98;508.27;516.39;469.19;483.84;533.67;502.27
3186;Jequié;BA;Estadual;846;505.46;529.03;466.7;466.15;543.85;502.24
3187;Jacaraci;BA;Municipal;3;534.43;547.43;494.8;507.73;426.67;502.21
3188;Gandu;BA;Estadual;205;503.83;524.3;458.98;453.99;569.95;502.21
3189;Monsenhor Hipólito;PI;Estadual;48;502.68;523.18;476.92;451.96;556.25;502.2
3190;Itumirim;MG;Estadual;49;504.85;509.89;479.06;471.45;545.71;502.19
3191;Guararema;SP;Estadual;192;526.17;522.62;464.18;465.44;532.5;502.18
3192;Mormaço;RS;Estadual;32;509.5;519.61;484.98;477.96;518.75;502.16
3193;São Joaquim de Bicas;MG;Estadual;112;513.64;521.89;460.79;485.12;529.29;502.15
3194;Eusébio;CE;Estadual;413;506.6;523.13;478.35;476.83;525.8;502.14
3195;Lajedo;PE;Estadual;318;504.57;518.34;465.42;472.78;549.56;502.13
3196;Tabuleiro do Norte;CE;Estadual;276;501.95;517.05;470.46;476.2;545.0;502.13
3197;Pirajuí;SP;Estadual;118;521.62;519.25;476.08;484.48;509.15;502.12
3198;Major Vieira;SC;Estadual;43;511.53;520.59;472.88;477.24;528.37;502.12
3199;Santa Fé do Sul;SP;Estadual;131;521.23;522.44;470.6;483.84;512.52;502.12
3200;Piacatu;SP;Estadual;43;517.62;525.96;467.53;473.43;526.05;502.12
3201;Vale do Sol;RS;Estadual;34;505.41;515.66;471.96;483.74;533.53;502.06
3202;Santa Cruz;RN;Municipal;1;538.8;573.1;447.5;370.9;580.0;502.06
3203;Carpina;PE;Estadual;672;508.21;523.49;472.94;465.46;540.21;502.06
3204;Horizonte;CE;Estadual;586;509.51;521.02;472.47;474.29;532.94;502.05
3205;Aracaju;SE;Estadual;2881;505.42;525.65;472.31;465.2;541.63;502.04
3206;Altônia;PR;Estadual;132;510.7;525.84;458.56;474.01;541.06;502.04
3207;Riozinho;RS;Estadual;28;522.08;527.52;446.09;492.23;522.14;502.01
3208;Querência do Norte;PR;Estadual;50;528.35;528.04;463.33;488.28;502.0;502.0
3209;Fernando Prestes;SP;Estadual;25;515.24;521.48;466.23;519.04;488.0;502.0
3210;Barra de São Francisco;ES;Municipal;29;512.41;541.8;479.03;470.42;506.21;501.97
3211;Ilópolis;RS;Estadual;24;500.76;503.38;471.43;528.3;505.83;501.94
3212;Montes Claros;MG;Estadual;2704;515.28;526.48;462.89;473.45;531.57;501.93
3213;Quatá;SP;Estadual;85;519.4;526.26;475.64;472.31;516.0;501.92
3214;Capão da Canoa;RS;Estadual;297;517.33;531.01;458.69;473.35;529.16;501.91
3215;São José de Ubá;RJ;Estadual;42;513.19;513.94;470.25;484.97;527.14;501.9
3216;Pato Branco;PR;Municipal;7;527.06;545.31;472.36;444.79;520.0;501.9
3217;Jardinópolis;SC;Estadual;27;492.21;518.9;467.92;497.87;532.59;501.9
3218;Sebastião Laranjeiras;BA;Estadual;43;500.23;526.15;463.27;471.02;548.84;501.9
3219;Jacinto Machado;SC;Estadual;55;512.15;531.62;472.15;481.85;511.64;501.88
3220;Nazareno;MG;Municipal;2;530.35;572.75;492.5;413.7;500.0;501.86
3221;João Câmara;RN;Privada;50;503.95;530.28;469.59;456.99;548.4;501.84
3222;Vacaria;RS;Estadual;314;516.17;523.44;463.7;467.99;537.83;501.83
3223;Pains;MG;Estadual;32;513.33;525.98;465.29;480.16;524.38;501.82
3224;Rio dos Índios;RS;Estadual;18;507.73;500.83;474.83;473.47;552.22;501.82
3225;Silveiras;SP;Estadual;12;512.85;500.48;431.36;511.01;553.33;501.8
3226;Santo Antônio de Pádua;RJ;Estadual;285;512.49;524.07;463.58;464.24;544.56;501.79
3227;Major Gercino;SC;Estadual;12;515.21;511.75;460.53;484.78;536.67;501.79
3228;Andradina;SP;Estadual;367;514.5;525.22;467.86;476.35;524.85;501.76
3229;Caçapava;SP;Estadual;459;524.6;530.93;462.04;477.8;513.46;501.76
3230;Itaperuna;RJ;Municipal;1;551.2;482.0;475.1;460.5;540.0;501.76
3231;Casimiro de Abreu;RJ;Estadual;258;517.69;525.41;460.58;471.14;533.95;501.76
3232;São Pedro da Aldeia;RJ;Estadual;382;516.72;529.66;464.23;472.29;525.86;501.75
3233;Barretos;SP;Estadual;695;516.02;526.53;465.88;477.27;522.99;501.74
3234;Alto Alegre dos Parecis;RO;Estadual;77;514.38;524.21;470.29;480.17;519.48;501.7
3235;Bom Jesus;SC;Estadual;15;502.42;513.58;483.6;471.59;537.33;501.7
3236;Macaúbas;BA;Estadual;222;496.74;515.07;465.3;459.42;571.89;501.69
3237;Barão de Antonina;SP;Estadual;19;503.5;515.99;459.93;485.89;543.16;501.69
3238;Santo Antônio de Pádua;RJ;Municipal;49;519.24;525.39;452.91;454.11;556.73;501.68
3239;Divino das Laranjeiras;MG;Estadual;28;514.22;525.99;456.18;478.4;533.57;501.67
3240;Três Coroas;RS;Estadual;115;519.12;521.13;460.8;471.6;535.65;501.66
3241;Lucrécia;RN;Estadual;34;486.78;528.61;465.51;488.54;538.82;501.65
3242;Panelas;PE;Estadual;259;497.62;510.34;463.69;462.26;574.36;501.65
3243;Arroio do Padre;RS;Estadual;36;498.78;526.73;468.83;463.92;550.0;501.65
3244;Governador Celso Ramos;SC;Estadual;79;507.78;510.58;468.06;473.94;547.85;501.64
3245;Comendador Levy Gasparian;RJ;Estadual;36;512.73;514.13;455.55;467.89;557.78;501.62
3246;Sandovalina;SP;Estadual;47;511.28;516.86;467.83;470.4;541.7;501.61
3247;Jacaraci;BA;Estadual;97;509.05;516.34;474.62;473.0;535.05;501.61
3248;Monte Belo;MG;Estadual;48;515.68;520.7;451.48;485.58;534.58;501.6
3249;Porto Firme;MG;Estadual;73;511.83;516.32;467.01;472.84;540.0;501.6
3250;Meleiro;SC;Estadual;53;504.05;521.16;482.0;493.95;506.79;501.59
3251;Tamarana;PR;Estadual;45;513.36;528.44;471.33;481.91;512.89;501.59
3252;Barão de Cocais;MG;Estadual;213;509.77;527.37;473.62;484.1;513.05;501.58
3253;Alto Jequitibá;MG;Estadual;53;509.85;528.58;469.21;477.26;523.02;501.58
3254;Nova Lima;MG;Estadual;449;514.04;526.35;468.78;480.85;517.91;501.58
3255;Dracena;SP;Estadual;241;515.37;522.55;461.38;483.75;524.81;501.57
3256;Ibirataia;BA;Estadual;78;509.66;527.44;471.49;447.78;551.28;501.53
3257;Jaguapitã;PR;Estadual;72;506.92;517.36;456.22;482.94;544.17;501.52
3258;Araripina;PE;Estadual;341;509.24;521.8;469.91;472.74;533.9;501.52
3259;Montanha;ES;Privada;14;512.04;532.01;476.84;485.28;501.43;501.52
3260;Ibirama;SC;Estadual;94;507.35;523.36;466.22;472.12;538.51;501.51
3261;Caculé;BA;Estadual;146;498.34;527.17;471.12;472.58;538.22;501.49
3262;Toledo;MG;Estadual;29;519.29;507.31;469.23;481.91;529.66;501.48
3263;Videira;SC;Estadual;311;511.8;521.73;460.83;479.12;533.86;501.47
3264;Tijucas do Sul;PR;Estadual;59;510.23;531.67;473.94;481.36;510.0;501.44
3265;Canguçu;RS;Estadual;248;512.18;523.39;462.43;474.21;535.0;501.44
3266;Caracaraí;RR;Federal;71;506.06;509.45;481.19;483.19;527.32;501.44
3267;Itabaiana;PB;Municipal;4;521.17;533.85;454.88;472.22;525.0;501.42
3268;Cruz das Almas;BA;Municipal;1;506.6;560.7;429.0;490.7;520.0;501.4
3269;São Simão;SP;Estadual;109;512.52;524.74;474.47;473.09;522.2;501.4
3270;Nova Santa Rita;RS;Estadual;89;523.23;528.13;458.46;473.32;523.82;501.39
3271;Bom Jardim de Goiás;GO;Estadual;78;506.23;524.84;460.17;461.24;554.36;501.37
3272;Carnaíba;PE;Estadual;134;501.32;513.21;466.16;478.28;547.76;501.35
3273;Jaguaré;ES;Municipal;1;545.3;561.2;440.5;399.5;560.0;501.3
3274;Quedas do Iguaçu;PR;Estadual;210;514.51;526.22;467.35;482.51;515.92;501.3
3275;Almino Afonso;RN;Estadual;25;513.99;509.65;475.83;472.58;534.4;501.29
3276;Pocrane;MG;Estadual;35;512.2;524.58;464.07;482.17;523.43;501.29
3277;Baependi;MG;Estadual;91;514.61;529.16;462.97;482.53;517.14;501.28
3278;Itueta;MG;Estadual;28;504.25;516.37;478.51;494.24;512.86;501.25
3279;Ibiúna;SP;Estadual;434;521.06;528.65;461.78;479.92;514.76;501.24
3280;Ernestina;RS;Estadual;22;488.58;523.12;472.32;471.27;550.91;501.24
3281;São José do Mantimento;MG;Estadual;13;526.84;537.05;479.52;484.3;478.46;501.23
3282;Piraí;RJ;Estadual;108;518.43;530.59;456.53;461.9;538.7;501.23
3283;Canela;RS;Estadual;154;517.99;527.53;462.11;474.72;523.77;501.22
3284;Ipiaçu;MG;Estadual;22;500.96;513.09;469.34;484.54;538.18;501.22
3285;Nossa Senhora da Glória;SE;Estadual;262;501.23;523.79;469.29;473.82;537.94;501.21
3286;Paial;SC;Estadual;14;512.48;503.63;488.21;481.74;520.0;501.21
3287;Cristina;MG;Estadual;56;515.35;524.47;483.0;458.96;524.29;501.21
3288;Taquarivaí;SP;Estadual;83;523.32;518.62;463.58;483.61;516.87;501.2
3289;Ubaitaba;BA;Estadual;90;497.46;525.22;466.7;463.49;553.11;501.2
3290;Cambé;PR;Estadual;651;512.42;530.57;459.8;475.86;527.34;501.2
3291;Bandeira do Sul;MG;Estadual;28;519.35;532.89;461.18;468.27;524.29;501.19
3292;Rancho Alegre;PR;Estadual;16;527.25;507.62;472.28;455.02;543.75;501.18
3293;Imigrante;RS;Estadual;14;507.76;526.74;480.61;499.36;491.43;501.18
3294;São José da Boa Vista;PR;Estadual;39;524.24;519.41;449.16;486.87;526.15;501.17
3295;Cachoeira do Sul;RS;Estadual;394;514.95;518.61;465.89;475.17;531.12;501.15
3296;Douradina;PR;Estadual;54;509.14;508.93;471.25;489.0;527.41;501.14
3297;Hidrolina;GO;Estadual;37;525.88;524.65;481.66;464.29;509.19;501.14
3298;Arraial do Cabo;RJ;Estadual;130;523.86;535.83;456.24;474.05;515.69;501.13
3299;Jaboticabal;SP;Estadual;302;515.31;520.75;472.06;475.17;522.32;501.12
3300;Bodocó;PE;Estadual;134;505.81;521.6;469.64;467.03;541.49;501.11
3301;Rio Pardo;RS;Estadual;233;514.81;517.67;464.6;476.32;531.93;501.07
3302;Mairi;BA;Estadual;50;507.28;525.28;467.17;470.36;535.2;501.06
3303;Mariana;MG;Estadual;345;514.19;529.7;460.58;469.22;531.59;501.06
3304;Rodeio;SC;Estadual;33;511.06;518.26;471.22;470.22;534.55;501.06
3305;Vassouras;RJ;Estadual;141;513.25;531.44;475.03;475.34;510.21;501.05
3306;Brejo Alegre;SP;Estadual;16;518.64;534.55;451.82;475.21;525.0;501.04
3307;Itaiópolis;SC;Estadual;114;510.88;522.89;478.25;478.19;514.91;501.02
3308;Alagoa Nova;PB;Estadual;134;505.61;519.25;458.08;446.93;575.07;500.99
3309;Balneário Arroio do Silva;SC;Estadual;53;510.62;530.08;478.14;468.68;517.36;500.97
3310;Getúlio Vargas;RS;Estadual;87;508.25;520.97;464.09;483.52;528.05;500.97
3311;Itaverava;MG;Estadual;26;518.02;525.13;471.75;472.22;517.69;500.96
3312;Delfim Moreira;MG;Estadual;58;525.74;511.84;470.3;478.63;518.28;500.96
3313;Roque Gonzales;RS;Estadual;62;501.45;535.76;471.94;485.29;510.32;500.95
3314;São Luís do Paraitinga;SP;Estadual;80;514.18;534.95;467.02;467.07;521.5;500.94
3315;Campos Novos;SC;Estadual;232;512.86;518.92;469.38;475.46;527.81;500.89
3316;Prata;MG;Estadual;82;509.01;511.23;461.98;463.47;558.78;500.89
3317;Pacoti;CE;Estadual;150;505.98;520.5;466.86;454.81;556.27;500.88
3318;Camaquã;RS;Estadual;347;513.1;520.22;460.4;475.06;535.5;500.86
3319;Crucilândia;MG;Estadual;26;514.66;523.48;456.44;466.48;543.08;500.83
3320;Guanambi;BA;Estadual;549;511.83;522.24;465.51;469.2;535.34;500.82
3321;Presidente Getúlio;SC;Estadual;105;508.75;520.28;469.06;478.34;527.62;500.81
3322;Nova Serrana;MG;Estadual;428;521.19;523.96;460.71;490.81;507.34;500.8
3323;Limeira do Oeste;MG;Estadual;33;515.2;514.0;469.53;485.91;519.39;500.8
3324;Trabiju;SP;Estadual;6;545.2;526.75;423.6;515.13;493.33;500.8
3325;Santa Bárbara;MG;Estadual;159;517.2;525.52;465.27;492.01;503.77;500.75
3326;São João do Oriente;MG;Estadual;52;503.92;524.71;458.85;493.17;523.08;500.75
3327;Dormentes;PE;Estadual;105;504.81;516.37;474.56;466.87;541.14;500.75
3328;São Pedro do Turvo;SP;Estadual;36;514.79;527.3;455.91;463.97;541.67;500.73
3329;Vitorino;PR;Estadual;42;512.8;523.11;470.04;487.21;510.48;500.73
3330;Chuvisca;RS;Estadual;18;513.82;530.11;467.75;472.97;518.89;500.71
3331;Caçu;GO;Estadual;78;506.64;516.77;465.5;456.58;557.95;500.69
3332;Leoberto Leal;SC;Estadual;38;494.16;501.63;464.76;497.65;545.18;500.68
3333;Varjão;GO;Estadual;29;521.69;530.86;469.91;482.74;497.93;500.63
3334;Minduri;MG;Estadual;24;502.65;517.23;488.51;458.12;536.67;500.63
3335;Valinhos;SP;Municipal;1;539.6;433.2;458.7;551.6;520.0;500.62
3336;Nova Santa Helena;MT;Municipal;1;508.9;512.5;429.0;412.6;640.0;500.6
3337;Juatuba;MG;Estadual;174;513.78;531.62;473.39;479.73;504.48;500.6
3338;Sagrada Família;RS;Estadual;23;517.05;535.75;448.46;479.07;522.61;500.59
3339;Pingo-d'Água;MG;Estadual;32;499.1;525.59;462.77;459.12;556.25;500.57
3340;Guimarânia;MG;Estadual;50;513.43;526.39;464.89;484.79;513.2;500.54
3341;Vicente Dutra;RS;Estadual;34;501.84;504.89;468.22;461.29;566.47;500.54
3342;Cambira;PR;Estadual;41;507.37;517.93;475.56;484.25;517.56;500.53
3343;Itaiçaba;CE;Estadual;97;504.76;516.37;482.08;473.07;526.39;500.53
3344;Morungaba;SP;Estadual;46;524.01;520.81;456.53;461.24;540.0;500.52
3345;Colíder;MT;Estadual;247;506.69;518.82;460.29;472.08;544.7;500.51
3346;Mafra;SC;Estadual;336;508.82;520.79;468.15;479.9;524.82;500.5
3347;Guiratinga;MT;Estadual;87;497.92;523.11;466.48;455.23;559.77;500.5
3348;Licínio de Almeida;BA;Estadual;76;506.85;521.45;455.75;468.91;549.55;500.5
3349;Galvão;SC;Estadual;25;507.36;515.7;451.51;470.29;557.6;500.49
3350;Guapé;MG;Estadual;75;513.81;520.73;466.94;481.49;519.47;500.49
3351;Guaranésia;MG;Estadual;76;511.9;516.12;462.62;490.73;521.05;500.48
3352;Paraguaçu Paulista;SP;Estadual;238;516.42;528.21;460.19;474.92;522.52;500.45
3353;Cumari;GO;Estadual;14;516.54;498.3;445.28;470.6;571.43;500.43
3354;Caeté;MG;Estadual;251;516.47;525.44;460.01;484.63;515.54;500.42
3355;Botuverá;SC;Estadual;17;516.84;524.54;472.87;456.04;531.76;500.41
3356;Alumínio;SP;Estadual;97;524.25;526.73;450.39;480.89;519.79;500.41
3357;Iraí de Minas;MG;Estadual;32;507.97;507.82;469.0;493.52;523.75;500.41
3358;Boa Esperança;MG;Estadual;254;517.75;524.91;469.83;485.49;504.02;500.4
3359;Conceição do Castelo;ES;Estadual;85;506.2;522.14;475.97;473.45;524.24;500.4
3360;Jaguarão;RS;Municipal;9;509.71;533.18;492.41;455.53;511.11;500.39
3361;Rondon;PR;Estadual;55;499.08;514.73;454.75;484.26;549.09;500.38
3362;Tremembé;SP;Municipal;9;520.34;503.87;474.49;485.31;517.78;500.36
3363;Manhumirim;MG;Estadual;66;506.31;510.74;466.27;486.25;532.12;500.34
3364;Vitor Meireles;SC;Estadual;33;493.63;509.11;468.31;473.45;556.97;500.3
3365;Pinhais;PR;Estadual;766;514.81;531.26;462.53;475.77;516.87;500.25
3366;Bom Sucesso do Sul;PR;Estadual;28;510.65;529.08;475.45;488.14;497.86;500.24
3367;Bom Jesus do Galho;MG;Estadual;70;512.65;521.53;472.83;486.77;507.43;500.24
3368;Sapucaia do Sul;RS;Estadual;508;517.6;527.33;458.13;476.39;521.61;500.21
3369;Campina Verde;MG;Federal;1;436.2;408.1;455.9;620.8;580.0;500.2
3370;Tuparetama;PE;Estadual;34;502.16;517.62;467.12;476.32;537.65;500.17
3371;Joinville;SC;Municipal;7;530.31;524.83;450.0;461.37;534.29;500.16
3372;Paulínia;SP;Estadual;429;520.03;524.84;466.89;475.38;513.61;500.15
3373;Goioerê;PR;Estadual;207;514.33;523.49;462.13;485.04;515.75;500.15
3374;Guarantã do Norte;MT;Estadual;192;510.69;526.98;479.56;473.12;510.42;500.15
3375;Ocauçu;SP;Estadual;25;515.32;512.29;460.44;485.47;527.2;500.14
3376;Cerro Grande;RS;Estadual;21;499.01;506.92;482.4;479.92;532.38;500.13
3377;Agudos;SP;Estadual;179;515.58;526.03;465.36;467.56;525.92;500.09
3378;Muqui;ES;Estadual;104;506.79;516.49;473.14;472.81;531.15;500.08
3379;Caruaru;PE;Estadual;1656;514.72;522.9;463.28;469.0;530.48;500.08
3380;Serranos;MG;Estadual;13;521.59;510.88;492.69;461.26;513.85;500.06
3381;Alto Piquiri;PR;Estadual;58;509.44;517.78;454.22;472.32;546.55;500.06
3382;Pradópolis;SP;Estadual;97;528.12;520.03;455.26;472.69;524.12;500.04
3383;Cândido Mota;SP;Estadual;236;508.94;522.7;471.65;476.28;520.51;500.02
3384;Dourados;MS;Estadual;1532;510.28;524.91;468.14;476.61;520.04;500.0
3385;Rondon do Pará;PA;Privada;18;491.83;520.93;470.52;467.73;548.89;499.98
3386;Mata;RS;Estadual;39;498.7;501.96;473.74;481.33;544.1;499.97
3387;Garruchos;RS;Estadual;19;516.75;527.42;476.49;486.53;492.63;499.96
3388;Resplendor;MG;Estadual;78;507.71;520.92;478.77;478.26;514.1;499.95
3389;São José do Cedro;SC;Estadual;100;503.62;515.53;464.86;494.15;521.6;499.95
3390;Ibaté;SP;Estadual;219;523.77;525.02;463.83;472.64;514.43;499.94
3391;David Canabarro;RS;Estadual;53;492.72;511.34;470.55;493.4;531.7;499.94
3392;Juiz de Fora;MG;Municipal;163;517.01;528.24;463.42;478.11;512.88;499.93
3393;São Gonçalo do Pará;MG;Estadual;39;518.48;522.04;455.89;498.61;504.62;499.93
3394;Japira;PR;Estadual;14;514.29;510.86;453.57;482.25;538.57;499.91
3395;Campestre de Goiás;GO;Estadual;23;531.92;524.17;452.29;478.97;512.17;499.91
3396;Rio Brilhante;MS;Estadual;205;515.4;532.93;467.31;475.29;508.59;499.9
3397;Serra Negra;SP;Estadual;91;522.46;520.99;458.86;489.46;507.69;499.89
3398;Reserva;PR;Estadual;94;512.6;522.19;470.02;484.63;510.0;499.89
3399;Canoinhas;SC;Estadual;470;510.84;517.23;471.89;482.1;517.4;499.89
3400;Córrego Danta;MG;Estadual;14;524.29;537.9;462.59;457.49;517.14;499.88
3401;Siqueira Campos;PR;Estadual;126;514.57;522.24;459.0;470.68;532.86;499.87
3402;Itapuranga;GO;Estadual;174;510.45;521.16;468.16;477.94;521.61;499.86
3403;Arcoverde;PE;Estadual;432;511.63;524.21;467.48;469.41;526.4;499.83
3404;Nova Olímpia;PR;Estadual;60;505.19;529.99;453.37;474.55;536.0;499.82
3405;João Neiva;ES;Estadual;102;500.28;522.78;474.4;475.13;526.47;499.81
3406;Mato Queimado;RS;Estadual;12;510.44;498.88;474.73;469.89;545.0;499.79
3407;Itaobim;MG;Estadual;128;508.89;529.78;467.77;470.02;522.5;499.79
3408;Sabáudia;PR;Estadual;46;511.2;537.83;463.37;468.68;517.83;499.78
3409;Manhumirim;MG;Municipal;82;507.04;527.71;456.67;474.2;533.17;499.76
3410;Amorinópolis;GO;Estadual;32;505.8;527.24;475.12;469.32;521.25;499.75
3411;Guaraciaba do Norte;CE;Municipal;4;516.1;531.12;475.38;471.0;505.0;499.72
3412;Várzea Alegre;CE;Privada;9;511.58;535.59;464.01;445.2;542.22;499.72
3413;Cândido Mota;SP;Municipal;7;537.73;545.44;438.74;453.79;522.86;499.71
3414;Tanque Novo;BA;Estadual;108;500.23;512.31;469.53;462.78;553.7;499.71
3415;Porto Feliz;SP;Estadual;285;517.53;525.54;461.46;482.36;511.65;499.71
3416;Palma Sola;SC;Estadual;72;508.38;514.08;471.47;475.14;529.44;499.7
3417;Saquarema;RJ;Municipal;1;476.9;556.0;459.7;565.9;440.0;499.7
3418;Mondaí;SC;Estadual;69;500.7;515.95;471.51;477.21;533.04;499.68
3419;Umuarama;PR;Federal;1;389.5;492.0;474.5;422.3;720.0;499.66
3420;Buritizal;SP;Estadual;19;516.51;518.62;448.55;484.11;530.53;499.66
3421;São Gonçalo do Abaeté;MG;Estadual;46;493.97;514.71;473.57;472.32;543.48;499.61
3422;Santa Luzia;MG;Municipal;1;511.9;581.9;500.7;563.4;340.0;499.58
3423;Uruana;GO;Privada;9;502.82;515.02;504.54;459.94;515.56;499.58
3424;Capitão Leônidas Marques;PR;Estadual;104;501.28;524.13;477.67;477.29;517.5;499.57
3425;Cascalho Rico;MG;Estadual;17;512.45;544.71;458.47;477.54;504.71;499.57
3426;Carlópolis;PR;Estadual;78;514.59;522.3;466.01;475.36;519.49;499.55
3427;Morro Grande;SC;Estadual;20;510.37;519.04;446.89;482.4;539.0;499.54
3428;Silvianópolis;MG;Estadual;15;512.33;544.62;483.64;465.09;492.0;499.54
3429;Ijaci;MG;Estadual;30;523.88;528.42;475.06;456.98;513.33;499.54
3430;Tijucas;SC;Estadual;183;512.11;522.11;459.31;466.19;537.92;499.53
3431;Fortaleza;CE;Estadual;18848;508.83;522.95;466.3;463.67;535.78;499.51
3432;Itagimirim;BA;Estadual;10;514.89;547.87;468.31;468.46;498.0;499.51
3433;Campo Florido;MG;Estadual;18;519.14;522.23;471.16;487.24;497.78;499.51
3434;Franco da Rocha;SP;Estadual;1035;519.87;529.9;459.13;470.66;517.93;499.5
3435;Eugenópolis;MG;Estadual;50;508.57;515.69;474.99;485.48;512.8;499.5
3436;Laranjal Paulista;SP;Estadual;105;523.52;522.79;464.53;476.02;510.48;499.47
3437;Rio Bananal;ES;Estadual;107;500.99;515.86;469.84;491.09;519.44;499.44
3438;Palmares Paulista;SP;Estadual;78;517.69;519.27;460.23;464.84;535.13;499.43
3439;Cruzeiro do Sul;AC;Federal;28;499.32;527.16;475.02;467.03;528.57;499.42
3440;Santa Fé;PR;Estadual;51;516.88;521.31;466.71;452.96;539.22;499.42
3441;Campina da Lagoa;PR;Estadual;75;518.0;522.38;455.42;487.85;513.33;499.4
3442;Barbosa Ferraz;PR;Estadual;63;502.28;532.97;468.96;468.37;524.44;499.4
3443;Ilha Comprida;SP;Estadual;50;532.64;533.38;454.97;473.88;502.0;499.38
3444;São Pedro da União;MG;Estadual;20;514.79;536.9;464.73;476.47;504.0;499.38
3445;Raposos;MG;Estadual;66;505.81;523.6;453.99;466.76;546.67;499.36
3446;Coqueiral;MG;Estadual;74;499.73;500.78;467.39;472.37;556.49;499.35
3447;Lago do Junco;MA;Privada;22;499.9;529.93;488.62;492.81;485.45;499.35
3448;Morada Nova;CE;Privada;11;495.02;511.81;486.64;419.58;583.64;499.34
3449;Bom Sucesso;PB;Estadual;29;497.11;495.26;463.67;481.88;558.62;499.31
3450;Taquari;RS;Estadual;131;512.11;522.75;465.29;481.57;514.81;499.31
3451;Porto da Folha;SE;Privada;12;512.01;517.41;469.82;460.59;536.67;499.3
3452;São Domingos das Dores;MG;Estadual;38;514.59;518.36;463.18;470.87;529.47;499.29
3453;Patrocínio;MG;Estadual;508;509.25;522.13;467.03;476.01;522.01;499.29
3454;Santa Rosa de Viterbo;SP;Estadual;140;513.48;518.99;462.9;473.33;527.57;499.26
3455;Lagoa Vermelha;RS;Estadual;165;505.52;517.55;460.72;480.93;531.52;499.25
3456;Itutinga;MG;Estadual;22;511.68;527.61;456.9;493.63;506.36;499.24
3457;Charqueadas;RS;Estadual;192;515.66;525.17;457.8;478.61;518.96;499.24
3458;Várzea Paulista;SP;Estadual;483;526.41;525.48;453.1;479.86;511.26;499.22
3459;São João de Meriti;RJ;Estadual;2328;513.08;524.53;457.9;458.42;542.0;499.19
3460;Parecis;RO;Estadual;14;495.14;504.75;469.35;441.0;585.71;499.19
3461;São Sebastião;SP;Estadual;596;523.48;532.7;462.96;471.45;505.37;499.19
3462;São Félix do Xingu;PA;Privada;27;524.15;510.64;475.58;454.48;531.11;499.19
3463;Condor;RS;Estadual;36;493.22;526.34;467.42;478.9;530.0;499.18
3464;Xangri-lá;RS;Estadual;43;514.97;527.33;464.83;476.23;512.56;499.18
3465;Agronômica;SC;Estadual;31;499.93;524.23;472.65;481.63;517.42;499.17
3466;Sem-Peixe;MG;Estadual;22;512.33;512.53;477.94;474.83;518.18;499.16
3467;Frutal;MG;Municipal;15;512.77;555.27;459.77;487.99;480.0;499.16
3468;São Mateus do Sul;PR;Estadual;247;515.05;527.42;464.0;482.37;506.96;499.16
3469;Nilópolis;RJ;Estadual;945;516.11;525.13;457.52;459.54;537.5;499.16
3470;Candelária;RS;Estadual;101;511.69;525.84;460.68;476.21;521.39;499.16
3471;Armação dos Búzios;RJ;Estadual;65;508.88;531.31;450.09;467.62;537.85;499.15
3472;Igaraçu do Tietê;SP;Municipal;5;521.88;517.74;458.4;489.72;508.0;499.15
3473;Luís Eduardo Magalhães;BA;Estadual;451;509.42;520.83;463.92;471.02;530.47;499.13
3474;Matias Barbosa;MG;Estadual;96;517.97;521.39;461.62;477.89;516.67;499.11
3475;Buriti de Goiás;GO;Estadual;40;508.88;518.58;492.77;459.77;515.5;499.1
3476;Diadema;SP;Estadual;2670;524.58;528.07;453.97;474.0;514.8;499.08
3477;Tupaciguara;MG;Estadual;164;507.51;518.74;464.52;483.04;521.59;499.08
3478;Caetés;PE;Municipal;3;498.37;536.8;476.37;503.67;480.0;499.04
3479;Iapu;MG;Estadual;55;504.6;518.58;456.12;477.59;538.18;499.01
3480;São José da Lapa;MG;Estadual;238;515.8;530.01;469.48;478.35;501.43;499.01
3481;Juazeiro do Norte;CE;Estadual;2525;502.69;518.34;460.7;464.74;548.53;499.0
3482;Pirapozinho;SP;Estadual;237;509.92;518.92;451.3;460.88;553.92;498.99
3483;Veredinha;MG;Estadual;28;514.11;547.36;462.32;489.02;482.14;498.99
3484;Embu das Artes;SP;Estadual;1926;519.58;529.15;455.7;466.98;523.52;498.98
3485;Guaçuí;ES;Estadual;154;507.74;515.61;484.37;474.89;512.31;498.98
3486;Pompéu;MG;Estadual;186;506.69;509.63;466.61;471.84;540.11;498.97
3487;Sobrália;MG;Estadual;22;502.08;524.62;458.53;484.9;524.55;498.94
3488;Canápolis;MG;Estadual;58;517.09;515.87;466.23;468.57;526.9;498.93
3489;Antonina do Norte;CE;Estadual;75;503.1;517.2;464.62;472.3;537.33;498.91
3490;Forquilhinha;SC;Estadual;123;508.2;520.53;455.16;474.24;536.42;498.91
3491;Vale do Anari;RO;Estadual;41;507.48;509.51;462.88;470.73;543.9;498.9
3492;Morrinhos;CE;Privada;2;497.85;536.45;432.15;477.95;550.0;498.88
3493;Sarandi;PR;Estadual;435;509.86;533.72;463.83;466.05;520.92;498.88
3494;Bela Vista de Minas;MG;Estadual;73;511.08;524.62;460.93;482.13;515.62;498.88
3495;Cravinhos;SP;Estadual;179;518.14;519.11;458.16;466.47;532.4;498.86
3496;Mamborê;PR;Estadual;74;513.58;523.47;456.61;464.44;536.22;498.86
3497;Mirim Doce;SC;Estadual;33;502.22;511.87;459.48;474.63;546.06;498.85
3498;Armazém;SC;Estadual;51;517.88;522.71;469.48;488.47;495.69;498.85
3499;Içara;SC;Estadual;458;504.33;524.66;459.94;473.16;532.18;498.85
3500;Governador Mangabeira;BA;Municipal;1;525.2;545.0;440.0;464.0;520.0;498.84
3501;Sertãozinho;SP;Estadual;639;517.39;522.28;463.49;481.74;509.23;498.83
3502;Currais Novos;RN;Municipal;1;481.2;533.1;457.7;422.1;600.0;498.82
3503;São José do Barreiro;SP;Estadual;11;518.31;535.1;456.0;468.33;516.36;498.82
3504;Colômbia;SP;Estadual;34;508.7;513.16;467.7;472.72;531.76;498.81
3505;Teotônio Vilela;AL;Municipal;1;431.7;437.9;522.7;521.7;580.0;498.8
3506;Recreio;MG;Estadual;37;512.26;530.13;463.3;481.21;507.03;498.79
3507;Patrocínio do Muriaé;MG;Estadual;31;508.71;517.22;470.08;459.24;538.71;498.79
3508;Guarani d'Oeste;SP;Estadual;11;500.99;499.9;493.06;520.02;480.0;498.79
3509;Itaituba;PA;Federal;30;509.18;527.66;464.9;444.19;548.0;498.79
3510;Serra Talhada;PE;Estadual;616;504.01;516.01;465.16;465.88;542.86;498.78
3511;Paim Filho;RS;Estadual;39;501.64;515.95;471.05;483.72;521.54;498.78
3512;Ipira;SC;Estadual;31;498.25;518.38;460.98;502.12;514.19;498.78
3513;Taboão da Serra;SP;Estadual;1926;524.48;529.92;455.93;467.87;515.72;498.78
3514;Itararé;SP;Estadual;326;519.09;525.0;457.57;479.11;513.13;498.78
3515;Bela Vista da Caroba;PR;Estadual;27;508.85;538.52;467.23;470.33;508.89;498.76
3516;Curvelo;MG;Estadual;430;514.5;523.86;460.57;474.75;520.0;498.74
3517;Nazaré Paulista;SP;Estadual;108;522.18;531.63;452.4;475.84;511.67;498.74
3518;Juara;MT;Estadual;210;506.73;525.02;465.72;471.34;524.86;498.73
3519;Areial;PB;Municipal;8;534.29;526.01;472.51;445.82;515.0;498.73
3520;Coroaci;MG;Estadual;68;522.38;522.53;465.39;479.47;503.82;498.72
3521;Rio Grande;RS;Estadual;1343;513.6;526.47;459.46;470.71;523.34;498.72
3522;Taiúva;SP;Estadual;24;520.43;530.51;458.74;478.04;505.83;498.71
3523;Condeúba;BA;Estadual;98;502.41;516.59;456.67;455.38;562.45;498.7
3524;Ceará-Mirim;RN;Privada;49;504.45;510.5;476.34;457.67;544.49;498.69
3525;Mata de São João;BA;Privada;39;506.07;533.51;467.1;460.58;526.15;498.68
3526;Cambuquira;MG;Estadual;69;517.5;516.61;468.82;461.14;529.28;498.67
3527;Passa Sete;RS;Estadual;27;492.2;510.43;456.85;459.0;574.81;498.66
3528;Sete Barras;SP;Estadual;75;525.83;524.29;453.25;473.35;516.53;498.65
3529;Antônio Dias;MG;Estadual;50;519.44;536.53;455.95;465.3;516.0;498.64
3530;Conceição de Ipanema;MG;Estadual;27;521.27;517.89;472.8;473.03;508.15;498.63
3531;Santana de Pirapama;MG;Estadual;24;514.55;527.04;477.03;470.2;504.17;498.6
3532;Alto Alegre;RS;Estadual;19;505.14;505.83;475.99;449.18;556.84;498.6
3533;Engenheiro Caldas;MG;Estadual;47;501.04;515.3;477.28;493.32;505.96;498.58
3534;Ouroeste;SP;Estadual;56;503.59;512.8;450.62;482.6;543.21;498.56
3535;Santa Rita do Trivelato;MT;Estadual;14;502.63;524.75;476.02;455.09;534.29;498.55
3536;Nova Iguaçu;RJ;Estadual;3583;510.95;522.49;460.89;462.86;535.57;498.55
3537;Caxambu;MG;Estadual;113;515.83;522.99;454.79;483.41;515.75;498.55
3538;Imaculada;PB;Municipal;1;473.2;508.8;461.2;429.5;620.0;498.54
3539;Igarapé;MG;Estadual;340;513.42;522.48;465.04;481.88;509.86;498.54
3540;Alfredo Chaves;ES;Estadual;66;511.68;515.65;478.28;484.62;502.42;498.53
3541;Pedreira;SP;Estadual;218;525.2;530.63;458.76;475.97;502.02;498.52
3542;Viamão;RS;Estadual;1014;515.21;528.34;460.8;470.22;517.95;498.51
3543;Japurá;PR;Estadual;48;504.71;513.16;469.71;491.95;512.92;498.49
3544;Buriticupu;MA;Federal;112;505.99;532.95;472.62;467.45;513.39;498.48
3545;São Bonifácio;SC;Estadual;24;495.8;514.13;469.09;472.48;540.83;498.47
3546;Grão Pará;SC;Estadual;61;497.04;508.49;470.57;481.48;534.75;498.47
3547;Piedade dos Gerais;MG;Estadual;25;511.7;532.59;464.73;470.5;512.8;498.47
3548;Carangola;MG;Estadual;174;502.49;524.06;464.69;467.51;533.56;498.46
3549;Cidreira;RS;Estadual;60;512.97;525.53;450.29;471.31;532.0;498.42
3550;São Bentinho;PB;Municipal;1;591.1;535.3;410.1;375.6;580.0;498.42
3551;Quilombo;SC;Estadual;107;507.26;513.76;463.4;466.14;541.5;498.41
3552;São Gabriel da Cachoeira;AM;Federal;69;509.86;529.61;462.93;460.89;528.7;498.4
3553;Álvares Florence;SP;Estadual;23;506.98;513.22;457.74;487.09;526.96;498.4
3554;Claro dos Poções;MG;Estadual;45;518.81;526.36;467.94;459.33;519.56;498.4
3555;Arapongas;PR;Estadual;673;512.22;520.69;460.25;479.85;518.93;498.39
3556;Itaberaba;BA;Municipal;5;501.58;526.86;452.76;498.7;512.0;498.38
3557;Iturama;MG;Estadual;237;510.35;519.29;465.67;479.04;517.45;498.36
3558;São João da Serra;PI;Estadual;44;485.78;511.15;473.8;442.85;578.18;498.35
3559;Apiúna;SC;Estadual;38;507.03;501.24;467.99;489.63;525.79;498.34
3560;São Fidélis;RJ;Estadual;223;513.7;524.62;464.38;465.16;523.86;498.34
3561;Osasco;SP;Estadual;3854;521.56;527.77;455.97;468.77;517.63;498.34
3562;Itajaí;SC;Municipal;5;498.6;555.06;467.38;486.62;484.0;498.33
3563;Rio do Oeste;SC;Estadual;38;508.53;512.72;466.3;479.35;524.74;498.33
3564;Cana Verde;MG;Estadual;28;507.23;510.5;454.32;472.42;547.14;498.32
3565;Alpestre;RS;Estadual;56;518.38;520.16;462.24;474.33;516.43;498.31
3566;Parnamirim;RN;Estadual;920;510.11;520.98;467.48;463.71;529.22;498.3
3567;Taguaí;SP;Estadual;85;522.69;520.75;466.52;495.17;486.35;498.3
3568;Jambeiro;SP;Estadual;39;530.64;532.89;461.61;464.32;502.05;498.3
3569;Alcântara;MA;Federal;35;506.96;516.76;472.73;457.91;537.14;498.3
3570;Guarujá;SP;Estadual;1863;521.29;525.38;459.52;468.82;516.4;498.28
3571;Heliodora;MG;Estadual;37;508.99;512.95;485.75;478.3;505.41;498.28
3572;Faxinal;PR;Municipal;2;497.75;545.75;467.3;490.5;490.0;498.26
3573;Vale de São Domingos;MT;Estadual;13;508.98;516.82;453.95;462.25;549.23;498.25
3574;Capim Branco;MG;Estadual;61;516.85;526.95;466.43;484.98;496.07;498.25
3575;Buriti;MA;Privada;2;522.95;494.25;498.35;475.65;500.0;498.24
3576;Alpinópolis;MG;Estadual;118;509.24;517.67;469.12;501.86;493.22;498.22
3577;Tocos do Moji;MG;Estadual;23;509.32;518.53;475.12;478.52;509.57;498.21
3578;Itapeva;SP;Estadual;760;517.56;521.67;461.98;483.09;506.74;498.21
3579;Edéia;GO;Estadual;74;505.36;528.7;468.0;471.98;517.03;498.21
3580;Dois Vizinhos;PR;Estadual;365;514.78;524.23;462.48;488.86;500.66;498.2
3581;Brotas;SP;Estadual;86;519.4;522.32;456.38;484.77;508.14;498.2
3582;Tangará;SC;Estadual;51;499.6;517.48;467.16;481.91;524.71;498.17
3583;São Tomás de Aquino;MG;Estadual;59;514.3;519.13;463.52;491.51;502.37;498.16
3584;Duque de Caxias;RJ;Estadual;3761;510.98;521.97;460.57;461.32;535.89;498.15
3585;Cordisburgo;MG;Estadual;49;521.03;517.28;454.01;488.19;510.2;498.14
3586;Cumbe;SE;Estadual;17;517.22;517.77;466.49;469.19;520.0;498.13
3587;Vila Nova do Sul;RS;Estadual;23;514.75;519.64;480.72;469.48;506.09;498.13
3588;Santo Antônio da Alegria;SP;Estadual;32;500.92;520.22;467.9;489.07;512.5;498.12
3589;Cruz Machado;PR;Estadual;109;512.14;523.55;470.7;468.81;515.23;498.09
3590;Lima Duarte;MG;Estadual;118;509.49;526.97;456.67;476.35;520.85;498.07
3591;Campina Grande;PB;Estadual;2417;507.99;520.51;459.14;459.71;543.03;498.07
3592;São Geraldo;MG;Estadual;32;514.52;526.58;461.61;476.28;511.25;498.05
3593;Vista Alegre;RS;Estadual;15;502.31;507.18;465.55;485.74;529.33;498.02
3594;Antonina;PR;Estadual;100;508.85;528.1;466.09;473.24;513.8;498.02
3595;Itaíba;PE;Estadual;81;508.03;520.11;465.9;458.24;537.78;498.01
3596;Santa Terezinha;SC;Estadual;93;502.93;512.09;473.18;467.6;534.19;498.0
3597;Urupá;RO;Estadual;69;516.61;511.94;459.86;478.38;523.19;498.0
3598;Itirapuã;SP;Estadual;31;506.95;528.11;470.43;457.43;527.1;498.0
3599;Presidente Juscelino;MG;Estadual;22;525.83;521.35;465.97;481.28;495.45;497.98
3600;Morro da Fumaça;SC;Estadual;113;506.01;520.42;465.64;474.07;523.72;497.97
3601;Ibiam;SC;Estadual;20;508.08;516.74;470.4;465.62;529.0;497.97
3602;Tupaciguara;MG;Municipal;5;536.26;516.98;438.86;425.74;572.0;497.97
3603;Planaltina;GO;Municipal;1;531.7;541.5;447.0;409.6;560.0;497.96
3604;Triunfo;RS;Municipal;134;508.15;532.9;458.38;475.65;514.63;497.94
3605;Embu-Guaçu;SP;Municipal;7;535.0;536.97;434.61;488.77;494.29;497.93
3606;Pontal do Paraná;PR;Estadual;156;508.55;527.74;465.46;480.51;507.31;497.92
3607;Américo Brasiliense;SP;Estadual;190;514.76;517.01;460.46;474.75;522.63;497.92
3608;Princesa;SC;Estadual;29;497.73;518.75;479.66;478.22;515.17;497.91
3609;Valente;BA;Estadual;157;501.95;521.27;458.07;461.98;546.24;497.9
3610;São José dos Campos;SP;Municipal;1;567.5;579.6;419.3;403.1;520.0;497.9
3611;Cabrália Paulista;SP;Estadual;64;519.12;518.6;483.67;480.63;487.5;497.9
3612;Paraibuna;SP;Estadual;98;518.27;520.35;463.85;485.52;501.43;497.88
3613;Nova Aurora;GO;Estadual;8;527.25;541.31;471.45;471.91;477.5;497.88
3614;Gravatá;PE;Estadual;597;509.26;519.28;468.99;465.95;525.9;497.88
3615;Medeiros;MG;Estadual;14;518.53;526.01;456.37;455.61;532.86;497.88
3616;Pato Branco;PR;Estadual;642;515.05;520.95;464.19;473.05;516.11;497.87
3617;Garça;SP;Estadual;275;513.02;521.02;464.31;471.45;519.49;497.86
3618;Vitória da Conquista;BA;Estadual;2154;504.24;522.52;462.52;464.57;535.4;497.85
3619;Piedade do Rio Grande;MG;Estadual;28;500.38;501.6;450.69;461.46;575.0;497.83
3620;Igaporã;BA;Estadual;58;496.1;508.0;460.37;468.07;556.55;497.82
3621;Mineiros do Tietê;SP;Estadual;76;524.13;523.36;446.7;473.28;521.58;497.81
3622;Piquete;SP;Estadual;59;503.74;523.84;468.92;470.08;522.37;497.79
3623;Fronteira;MG;Estadual;42;517.71;502.04;473.21;481.7;514.29;497.79
3624;Sumaré;SP;Estadual;1203;521.14;524.26;457.58;469.47;516.38;497.77
3625;Camanducaia;MG;Estadual;104;517.06;526.68;461.75;481.45;501.73;497.73
3626;Cianorte;PR;Estadual;547;513.89;525.35;466.45;469.25;513.73;497.73
3627;Rio das Pedras;SP;Estadual;152;523.34;527.29;462.42;462.25;513.29;497.72
3628;Araranguá;SC;Estadual;496;511.03;520.59;466.93;476.08;513.95;497.71
3629;Pouso Redondo;SC;Estadual;91;502.85;527.56;466.05;490.55;501.54;497.71
3630;Conquista;MG;Estadual;13;501.15;512.28;464.15;466.21;544.62;497.68
3631;Castilho;SP;Estadual;117;517.88;518.91;460.47;462.19;528.89;497.67
3632;Santa Albertina;SP;Estadual;27;511.97;527.39;447.82;495.99;505.19;497.67
3633;Orindiúva;SP;Estadual;46;511.96;520.93;464.47;474.06;516.96;497.67
3634;Curvelândia;MT;Municipal;1;443.1;540.1;385.3;599.8;520.0;497.66
3635;Teixeira de Freitas;BA;Estadual;800;505.87;522.81;464.3;455.69;539.63;497.66
3636;São João do Pau d'Alho;SP;Estadual;16;512.87;515.18;464.91;490.32;505.0;497.66
3637;Uniflor;PR;Estadual;7;519.26;530.07;446.13;455.69;537.14;497.66
3638;Nova América;GO;Estadual;22;489.0;528.94;461.85;455.75;552.73;497.65
3639;Jarinu;SP;Estadual;161;513.55;527.36;463.55;471.98;511.8;497.65
3640;Arujá;SP;Estadual;661;521.09;528.54;457.1;466.72;514.7;497.63
3641;Colombo;PR;Estadual;1146;512.28;528.12;460.63;472.23;514.87;497.63
3642;Soledade de Minas;MG;Estadual;28;516.84;524.54;471.95;466.8;507.86;497.6
3643;Sena Madureira;AC;Federal;15;508.25;533.6;474.08;446.71;525.33;497.59
3644;Santa Luzia;MG;Estadual;1174;516.05;523.59;460.15;472.71;515.38;497.58
3645;Apucarana;PR;Estadual;827;515.82;523.12;463.01;473.67;512.24;497.57
3646;Russas;CE;Estadual;629;503.61;517.95;467.79;474.34;524.13;497.56
3647;Milagres;CE;Estadual;277;499.77;515.02;470.39;455.98;546.57;497.55
3648;Itapebi;BA;Estadual;28;509.94;512.24;441.75;445.16;578.57;497.53
3649;Aquiraz;CE;Estadual;552;502.76;517.99;464.84;459.56;542.5;497.53
3650;Senador Cortes;MG;Estadual;14;510.21;527.04;460.45;455.63;534.29;497.52
3651;Jupi;PE;Estadual;107;509.19;513.98;457.78;459.32;547.29;497.51
3652;Gurinhatã;MG;Estadual;21;506.59;515.31;464.03;492.98;508.57;497.5
3653;Rianápolis;GO;Estadual;40;509.02;522.98;461.11;466.88;527.5;497.5
3654;São Sebastião da Bela Vista;MG;Estadual;42;516.86;519.87;458.69;473.51;518.57;497.5
3655;Buritis;MG;Municipal;3;536.67;496.17;482.4;505.53;466.67;497.49
3656;Marilac;MG;Estadual;31;495.94;504.62;484.19;467.86;534.84;497.49
3657;Durandé;MG;Estadual;30;509.62;518.24;457.83;473.09;528.67;497.49
3658;Salete;SC;Estadual;64;500.46;507.71;474.01;480.87;524.38;497.48
3659;Divisa Alegre;MG;Estadual;47;503.97;527.08;451.93;471.64;532.77;497.48
3660;Santa Isabel;GO;Estadual;20;515.94;524.1;478.83;485.12;483.0;497.4
3661;Teófilo Otoni;MG;Estadual;920;511.61;517.19;463.61;472.72;521.83;497.39
3662;Ouro Preto do Oeste;RO;Estadual;293;508.16;522.56;469.75;472.76;513.72;497.39
3663;Canarana;MT;Estadual;100;502.05;518.21;466.16;480.5;520.0;497.38
3664;Biritiba-Mirim;SP;Estadual;151;523.01;523.95;457.98;465.39;516.56;497.38
3665;Desterro do Melo;MG;Estadual;15;514.89;514.62;446.8;490.6;520.0;497.38
3666;Carmésia;MG;Municipal;2;519.8;570.45;474.6;382.0;540.0;497.37
3667;Ewbank da Câmara;MG;Estadual;25;508.84;518.18;454.0;480.21;525.6;497.37
3668;Piúma;ES;Estadual;149;512.71;526.13;463.47;466.76;517.72;497.36
3669;Penha;SC;Estadual;224;512.73;521.42;450.97;472.31;529.2;497.33
3670;Jari;RS;Estadual;19;528.45;520.61;461.59;470.72;505.26;497.33
3671;Pérola;PR;Estadual;58;520.47;524.84;451.55;466.17;523.45;497.3
3672;São Mamede;PB;Estadual;58;508.12;521.8;457.38;470.17;528.97;497.29
3673;Cachoeira Paulista;SP;Estadual;158;521.82;527.79;454.8;464.17;517.85;497.29
3674;Manduri;SP;Estadual;31;512.26;505.5;463.2;485.41;520.0;497.28
3675;Balneário Pinhal;RS;Estadual;39;520.52;532.13;459.78;459.61;514.36;497.28
3676;Nova Laranjeiras;PR;Estadual;72;498.65;521.2;474.34;485.52;506.67;497.27
3677;Ponte Nova;MG;Estadual;314;511.39;521.91;463.26;465.92;523.82;497.26
3678;Camaragibe;PE;Estadual;1324;508.58;519.77;465.95;458.95;533.01;497.25
3679;Conselheiro Mairinck;PR;Estadual;30;500.39;525.42;451.28;463.14;546.0;497.24
3680;Barueri;SP;Estadual;1244;518.05;524.36;455.35;473.45;514.9;497.22
3681;Iporanga;SP;Municipal;1;590.2;558.8;421.4;435.7;480.0;497.22
3682;Carlópolis;PR;Municipal;1;507.7;542.4;456.8;379.0;600.0;497.18
3683;Maravilhas;MG;Estadual;44;497.86;529.26;467.95;474.93;515.91;497.18
3684;Louveira;SP;Estadual;262;523.7;520.23;460.92;472.05;508.93;497.17
3685;Campo Verde;MT;Estadual;274;509.53;517.65;466.46;475.96;516.28;497.17
3686;Alpercata;MG;Estadual;57;513.93;523.75;463.85;473.74;510.53;497.16
3687;Cachoeiro de Itapemirim;ES;Estadual;1160;506.87;520.0;465.28;468.19;525.47;497.16
3688;Itaquiraí;MS;Privada;11;506.08;524.85;505.33;471.27;478.18;497.14
3689;Itumbiara;GO;Estadual;590;511.97;522.14;461.71;466.6;523.22;497.13
3690;Imaruí;SC;Estadual;75;515.02;524.97;459.37;456.25;530.05;497.13
3691;Machados;PE;Estadual;81;504.07;523.21;465.74;443.0;549.63;497.13
3692;Buriti Alegre;GO;Estadual;86;509.34;512.92;459.19;470.45;533.72;497.12
3693;São Luís de Montes Belos;GO;Estadual;207;513.37;517.17;462.38;470.67;521.93;497.1
3694;Bagé;RS;Estadual;487;511.12;522.57;471.2;471.64;508.95;497.1
3695;Canindé;CE;Estadual;725;501.06;515.7;462.54;466.87;539.28;497.09
3696;Cruz Alta;RS;Estadual;351;511.91;520.93;463.96;464.41;524.12;497.07
3697;São João da Boa Vista;SP;Estadual;310;521.76;521.11;460.61;474.76;507.1;497.07
3698;Rio Manso;MG;Estadual;29;508.53;512.87;474.77;469.11;520.0;497.06
3699;Rio Maria;PA;Privada;7;488.46;520.46;464.01;472.31;540.0;497.05
3700;Lages;SC;Estadual;836;512.42;519.52;462.09;470.27;520.98;497.05
3701;São João da Barra;RJ;Estadual;117;507.31;521.33;462.95;470.51;523.08;497.03
3702;João Ramalho;SP;Estadual;17;514.69;518.25;444.48;460.67;547.06;497.03
3703;Inácio Martins;PR;Estadual;51;497.94;513.37;462.27;464.86;546.67;497.02
3704;Borda da Mata;MG;Estadual;77;508.89;510.92;459.18;493.1;512.99;497.02
3705;Esperança Nova;PR;Estadual;11;481.65;524.84;445.68;491.11;541.82;497.02
3706;Baldim;MG;Estadual;31;507.97;531.35;456.79;458.6;530.32;497.01
3707;Pé de Serra;BA;Estadual;82;505.19;523.86;477.35;455.26;523.41;497.01
3708;Divisa Nova;MG;Estadual;36;529.57;512.83;470.31;460.03;512.22;496.99
3709;Livramento de Nossa Senhora;BA;Estadual;189;503.23;516.53;465.08;465.25;534.81;496.98
3710;Severiano de Almeida;RS;Estadual;27;492.74;496.83;460.78;459.74;574.81;496.98
3711;Mercês;MG;Estadual;30;508.7;519.69;448.24;486.91;521.33;496.97
3712;São João do Sabugi;RN;Estadual;28;508.23;518.34;454.77;479.19;524.29;496.96
3713;Doutor Pedrinho;SC;Estadual;20;512.21;515.71;462.8;478.06;516.0;496.96
3714;São João da Paraúna;GO;Estadual;8;492.86;529.1;479.11;488.68;495.0;496.95
3715;São José do Alegre;MG;Estadual;25;506.52;508.03;454.7;490.66;524.8;496.94
3716;São Lourenço do Oeste;SC;Estadual;232;511.52;526.43;458.57;471.54;516.64;496.94
3717;Nova Era;MG;Estadual;122;515.7;523.06;459.72;473.88;512.3;496.93
3718;Adelândia;GO;Estadual;15;508.93;532.63;477.86;461.13;504.0;496.91
3719;Bozano;RS;Estadual;13;510.29;525.89;482.48;471.91;493.85;496.88
3720;Ibituruna;MG;Estadual;26;498.16;512.09;477.47;487.44;509.23;496.88
3721;Tangará da Serra;MT;Estadual;717;504.56;515.28;462.05;465.2;537.33;496.88
3722;São João do Triunfo;PR;Estadual;79;519.11;524.6;457.38;476.16;507.09;496.87
3723;João Alfredo;PE;Estadual;194;495.82;513.83;466.2;460.14;548.35;496.87
3724;Esperança do Sul;RS;Estadual;24;493.8;518.73;479.38;468.12;524.17;496.84
3725;Lagoão;RS;Estadual;28;490.16;516.82;463.1;484.82;529.29;496.84
3726;São Roque do Canaã;ES;Estadual;106;494.82;505.93;470.09;471.03;542.26;496.83
3727;São João do Paraíso;MG;Estadual;140;516.67;513.99;460.84;475.86;516.71;496.81
3728;Rio Novo do Sul;ES;Estadual;95;496.1;513.48;471.42;469.76;533.26;496.81
3729;Datas;MG;Estadual;52;504.91;520.12;463.91;444.34;550.77;496.81
3730;Itaqui;RS;Privada;20;513.61;522.48;456.42;459.48;532.0;496.8
3731;Itaú de Minas;MG;Estadual;65;512.5;522.28;471.68;482.47;495.08;496.8
3732;Petrolândia;SC;Estadual;72;493.19;510.88;478.39;466.51;535.0;496.8
3733;Cabo Frio;RJ;Estadual;404;514.72;521.34;455.53;464.84;527.57;496.8
3734;Araçoiaba da Serra;SP;Estadual;121;518.76;527.14;455.33;470.43;512.23;496.78
3735;Santa Maria de Itabira;MG;Estadual;50;512.85;522.01;457.1;479.89;512.0;496.77
3736;São José do Goiabal;MG;Estadual;28;514.88;519.39;468.8;490.74;490.0;496.76
3737;Salto;SP;Estadual;780;521.27;519.1;454.8;476.44;512.18;496.76
3738;Ibirajuba;PE;Estadual;40;513.58;515.36;443.43;466.45;545.0;496.76
3739;Jequitaí;MG;Estadual;32;518.28;529.27;457.57;464.26;514.38;496.75
3740;São José dos Ausentes;RS;Estadual;19;503.51;501.69;451.26;473.62;553.68;496.75
3741;Indiaporã;SP;Estadual;28;519.5;517.69;453.41;480.31;512.86;496.75
3742;Carnaúba dos Dantas;RN;Estadual;34;496.98;515.36;459.36;503.7;508.24;496.73
3743;Mauá;SP;Estadual;2462;522.99;526.18;454.8;468.87;510.72;496.71
3744;Serra;ES;Estadual;3111;503.44;527.07;463.99;466.82;522.19;496.7
3745;Alegrete;RS;Estadual;533;509.35;520.28;464.02;465.95;523.83;496.69
3746;Parobé;RS;Estadual;304;510.87;527.41;454.28;476.52;514.34;496.68
3747;Capivari de Baixo;SC;Estadual;119;501.77;520.51;449.66;462.15;549.24;496.67
3748;Pedras Grandes;SC;Estadual;19;521.6;525.49;457.65;440.73;537.89;496.67
3749;Rio Verde;GO;Estadual;1065;514.17;515.37;462.71;474.39;516.69;496.67
3750;Novo Oriente;CE;Estadual;285;497.28;508.45;462.35;468.65;546.46;496.64
3751;Icém;SP;Estadual;29;512.26;525.04;464.29;468.47;513.1;496.63
3752;Guaramirim;SC;Estadual;193;510.89;515.33;470.98;470.38;515.34;496.58
3753;Biquinhas;MG;Estadual;27;510.54;513.11;487.06;469.21;502.96;496.58
3754;Severínia;SP;Estadual;86;506.29;516.24;456.51;484.23;519.53;496.56
3755;Campina Grande do Sul;PR;Estadual;280;514.72;522.86;459.84;472.65;512.71;496.56
3756;Leopoldina;MG;Estadual;203;511.54;525.13;458.02;475.21;512.91;496.56
3757;Itaqui;RS;Estadual;319;508.7;519.9;462.33;468.04;523.51;496.5
3758;Santo Antônio do Palma;RS;Estadual;13;505.31;528.68;466.0;462.46;520.0;496.49
3759;Aimorés;MG;Estadual;131;509.7;515.87;463.74;481.19;511.91;496.48
3760;Contenda;PR;Estadual;83;507.9;514.11;467.47;483.97;508.92;496.47
3761;São João da Urtiga;RS;Estadual;24;485.15;506.02;454.05;477.98;559.17;496.47
3762;Arroio dos Ratos;RS;Estadual;79;511.34;524.43;450.09;473.96;522.53;496.47
3763;José Bonifácio;SP;Estadual;176;517.41;520.25;460.02;475.35;509.2;496.45
3764;Ibiporã;PR;Estadual;306;512.88;525.25;456.56;470.99;516.54;496.44
3765;Leme do Prado;MG;Estadual;49;499.77;514.69;473.0;465.38;529.39;496.44
3766;Capela do Alto;SP;Estadual;106;518.38;512.28;458.82;487.62;505.09;496.44
3767;Estrela do Norte;SP;Estadual;26;521.07;521.58;452.49;453.91;533.08;496.43
3768;Janiópolis;PR;Estadual;38;504.77;507.83;458.06;476.12;535.26;496.41
3769;Piranga;MG;Estadual;96;503.53;516.62;467.11;477.57;517.08;496.38
3770;Macaubal;SP;Estadual;27;513.92;522.97;469.02;471.53;504.44;496.38
3771;São Jorge do Ivaí;PR;Estadual;23;499.18;517.12;453.76;486.62;525.22;496.38
3772;Abre Campo;MG;Estadual;80;501.04;511.9;467.76;476.03;525.06;496.36
3773;Marquinho;PR;Estadual;30;506.39;531.07;455.08;459.25;530.0;496.36
3774;Independência;CE;Privada;11;497.95;535.01;502.07;430.4;516.36;496.36
3775;Dores do Indaiá;MG;Municipal;7;491.7;530.6;451.43;508.0;500.0;496.35
3776;Ferraz de Vasconcelos;SP;Estadual;1079;519.73;524.22;454.52;468.66;514.61;496.35
3777;Caldas;MG;Estadual;48;503.93;522.5;458.1;476.22;520.83;496.32
3778;Anhumas;SP;Estadual;28;520.84;537.73;466.78;438.36;517.86;496.31
3779;Clevelândia;PR;Estadual;172;500.39;517.42;466.52;468.69;528.37;496.28
3780;Fraiburgo;SC;Estadual;300;507.11;516.27;456.86;473.88;527.22;496.27
3781;Coxilha;RS;Estadual;16;515.52;516.12;452.59;470.84;526.25;496.27
3782;Macieira;SC;Estadual;16;504.67;524.57;485.29;450.51;516.25;496.26
3783;Cajati;SP;Estadual;140;520.55;519.21;450.49;483.04;508.0;496.26
3784;Cruzaltense;RS;Estadual;12;510.44;495.21;443.3;455.68;576.67;496.26
3785;Cabeceiras;GO;Estadual;39;514.65;533.67;452.81;464.29;515.9;496.26
3786;Campos Novos Paulista;SP;Estadual;17;509.9;523.32;471.88;492.63;483.53;496.25
3787;Iguaraçu;PR;Estadual;21;505.43;544.77;441.13;447.03;542.86;496.24
3788;Presidente Castello Branco;SC;Estadual;13;507.79;523.19;450.25;447.66;552.31;496.24
3789;Cacique Doble;RS;Estadual;31;512.58;509.3;468.29;487.79;503.23;496.24
3790;Cornélio Procópio;PR;Estadual;407;510.63;522.27;457.89;466.57;523.73;496.22
3791;Três Rios;RJ;Estadual;439;508.17;524.72;456.79;458.63;532.76;496.21
3792;Ipeúna;SP;Estadual;32;513.89;517.45;464.14;482.37;503.12;496.2
3793;Rubiácea;SP;Estadual;22;525.25;516.1;472.02;483.99;483.64;496.2
3794;Massaranduba;SC;Estadual;110;512.26;516.39;467.67;480.97;503.64;496.19
3795;Dezesseis de Novembro;RS;Estadual;13;504.33;513.75;462.23;494.42;506.15;496.18
3796;Caldas Novas;GO;Estadual;360;513.41;523.58;462.59;472.51;508.78;496.17
3797;São Vendelino;RS;Estadual;24;505.89;525.56;441.23;487.26;520.83;496.16
3798;Aramina;SP;Estadual;26;504.1;503.6;460.11;479.84;533.08;496.15
3799;Passo de Torres;SC;Estadual;70;512.64;528.94;459.77;471.14;508.29;496.15
3800;Alcinópolis;MS;Estadual;19;501.59;545.06;443.66;471.42;518.95;496.14
3801;Campanha;MG;Estadual;106;509.05;520.94;462.07;482.6;506.04;496.14
3802;Vila Pavão;ES;Estadual;85;502.79;510.25;482.15;494.56;490.82;496.12
3803;Adustina;BA;Estadual;51;517.0;518.17;446.07;444.3;554.9;496.09
3804;Cruzeiro da Fortaleza;MG;Estadual;18;504.51;507.82;445.02;473.02;550.0;496.07
3805;Campos Belos;GO;Estadual;188;511.45;520.49;456.71;463.55;528.09;496.06
3806;Piau;MG;Estadual;10;525.44;530.0;438.57;434.24;552.0;496.05
3807;Itatinga;SP;Estadual;56;510.06;522.16;453.23;469.8;525.0;496.05
3808;Pantano Grande;RS;Estadual;41;519.43;527.96;442.67;450.1;540.0;496.03
3809;Capela do Alto Alegre;BA;Estadual;49;500.33;514.13;457.66;465.44;542.45;496.0
3810;Treze Tílias;SC;Estadual;34;507.68;511.43;469.54;481.24;510.0;495.98
3811;Formoso;GO;Estadual;27;515.91;528.3;486.0;470.34;479.26;495.96
3812;Caturama;BA;Estadual;49;496.19;508.61;460.33;470.57;544.08;495.96
3813;Tapejara;PR;Estadual;87;505.56;520.11;460.79;475.87;517.47;495.96
3814;Salto do Lontra;PR;Estadual;121;508.46;522.48;458.94;462.93;526.94;495.95
3815;Sertão;RS;Estadual;34;511.98;527.65;464.16;454.73;521.18;495.94
3816;Ibiracatu;MG;Estadual;19;508.91;517.62;446.55;450.67;555.79;495.91
3817;Sapucaí-Mirim;MG;Estadual;38;504.0;507.76;457.27;481.05;529.47;495.91
3818;Machadinho;RS;Estadual;34;512.3;517.09;462.13;473.2;514.71;495.89
3819;Centro Novo do Maranhão;MA;Municipal;2;536.95;533.15;403.35;445.95;560.0;495.88
3820;Sertânia;PE;Municipal;1;562.3;531.6;472.2;413.3;500.0;495.88
3821;Caparaó;MG;Estadual;32;513.01;530.03;474.82;458.99;502.5;495.87
3822;Presidente Nereu;SC;Estadual;15;493.45;503.07;462.66;469.39;550.67;495.85
3823;São Sebastião do Anta;MG;Estadual;33;490.76;520.54;475.84;479.95;512.12;495.84
3824;Sericita;MG;Estadual;30;506.52;504.91;475.59;477.51;514.67;495.84
3825;Brotas de Macaúbas;BA;Estadual;39;504.13;507.59;463.67;459.51;544.1;495.8
3826;Cedro de São João;SE;Estadual;42;487.25;509.56;461.05;442.5;578.57;495.79
3827;Santiago do Sul;SC;Estadual;16;510.55;494.06;454.29;496.21;523.75;495.77
3828;Paraguaçu;MG;Estadual;126;508.41;517.19;455.18;481.34;516.67;495.76
3829;Estiva Gerbi;SP;Estadual;63;525.56;513.67;451.33;468.55;519.68;495.76
3830;Junqueirópolis;SP;Estadual;63;507.36;512.11;459.75;493.58;506.03;495.76
3831;São João do Caiuá;PR;Estadual;23;503.22;523.62;441.26;465.42;545.22;495.75
3832;Dores do Indaiá;MG;Estadual;54;507.77;512.12;466.19;485.22;507.41;495.74
3833;Serrinha dos Pintos;RN;Estadual;21;506.3;517.21;467.97;442.4;544.76;495.73
3834;Boa Esperança do Sul;SP;Estadual;55;512.7;523.41;464.08;460.27;518.18;495.73
3835;Peruíbe;SP;Estadual;436;517.45;523.62;463.64;469.98;503.85;495.71
3836;Alta Floresta;MT;Estadual;356;507.52;521.76;463.69;467.76;517.81;495.71
3837;Sardoá;MG;Estadual;54;493.51;528.03;462.29;477.92;516.67;495.68
3838;Camalaú;PB;Estadual;34;502.14;521.27;460.84;458.2;535.88;495.67
3839;Avanhandava;SP;Estadual;69;520.5;518.03;463.55;450.44;525.8;495.66
3840;Araçu;GO;Estadual;29;502.01;516.97;446.46;469.3;543.45;495.64
3841;Turuçu;RS;Estadual;20;507.1;523.21;464.47;485.42;498.0;495.64
3842;Conceição do Pará;MG;Estadual;29;518.29;522.73;456.05;468.63;512.41;495.62
3843;Mineiros;GO;Estadual;483;511.4;519.9;463.19;463.97;519.63;495.62
3844;Alvorada do Sul;PR;Estadual;64;512.1;509.81;469.4;470.81;515.94;495.61
3845;Bocaina do Sul;SC;Estadual;18;496.17;517.06;464.96;459.87;540.0;495.61
3846;Ribeirão do Largo;BA;Estadual;30;507.86;520.15;477.55;449.02;523.33;495.58
3847;Pontão;RS;Estadual;22;506.48;519.93;468.98;456.13;526.36;495.58
3848;Florianópolis;SC;Municipal;4;507.15;536.93;472.35;421.45;540.0;495.58
3849;Gravatal;SC;Estadual;75;498.96;519.1;456.54;461.32;541.79;495.54
3850;Upanema;RN;Estadual;65;502.67;514.4;467.04;463.15;530.46;495.54
3851;Prudente de Morais;MG;Estadual;59;512.96;514.36;465.79;470.28;514.24;495.53
3852;Porto Rico;PR;Estadual;11;519.12;554.24;429.04;469.79;505.45;495.53
3853;Santana de Parnaíba;SP;Municipal;766;516.36;517.63;457.34;465.89;520.44;495.53
3854;Maragogipe;BA;Privada;7;491.93;501.01;448.0;519.51;517.14;495.52
3855;Feira de Santana;BA;Estadual;3318;502.35;520.78;462.93;460.54;530.93;495.51
3856;Nova Esperança;PR;Estadual;110;506.67;517.91;455.84;464.76;532.36;495.51
3857;Alvinópolis;MG;Estadual;107;519.17;517.03;461.87;457.37;522.06;495.5
3858;Apiacá;ES;Estadual;43;509.36;519.31;464.31;483.5;500.93;495.48
3859;Teodoro Sampaio;SP;Estadual;206;512.46;521.35;462.63;478.75;502.04;495.45
3860;Borda da Mata;MG;Municipal;1;526.0;507.7;488.4;455.1;500.0;495.44
3861;Turvolândia;MG;Estadual;25;497.34;518.23;467.77;501.87;492.0;495.44
3862;Taiobeiras;MG;Estadual;192;509.79;517.36;459.82;478.49;511.77;495.44
3863;Campo do Brito;SE;Estadual;142;490.71;507.05;465.78;465.84;547.75;495.43
3864;Junqueiro;AL;Estadual;207;491.6;516.81;456.07;461.54;551.11;495.43
3865;Heitoraí;GO;Estadual;32;496.89;508.87;452.31;462.21;556.88;495.43
3866;Vila Valério;ES;Estadual;163;503.47;519.35;467.1;470.35;516.81;495.41
3867;Vitória do Xingu;PA;Privada;15;505.89;527.97;459.01;429.49;554.67;495.41
3868;São Sebastião da Grama;SP;Estadual;32;515.0;490.45;464.2;491.15;516.25;495.41
3869;Araruama;RJ;Municipal;5;542.9;545.56;462.78;449.82;476.0;495.41
3870;Rondon do Pará;PA;Municipal;2;511.25;552.75;400.8;492.25;520.0;495.41
3871;São Sebastião da Vargem Alegre;MG;Estadual;27;497.61;527.28;461.78;483.66;506.67;495.4
3872;Pompéia;SP;Estadual;99;514.75;519.77;456.17;479.63;506.67;495.4
3873;Potim;SP;Estadual;42;516.32;510.87;462.19;477.5;510.0;495.38
3874;Baraúna;RN;Privada;16;498.86;515.98;460.27;470.54;531.25;495.38
3875;Moema;MG;Estadual;36;520.66;511.81;464.11;481.88;498.33;495.36
3876;Ouro Fino;MG;Estadual;120;514.66;518.23;463.36;471.62;508.83;495.34
3877;Porto Real;RJ;Municipal;4;472.67;510.2;435.25;473.58;585.0;495.34
3878;Alfredo Marcondes;SP;Estadual;32;499.03;517.39;461.78;482.82;515.62;495.33
3879;Faro;PA;Estadual;41;498.46;517.39;455.73;449.95;555.12;495.33
3880;Lindóia;SP;Estadual;28;509.28;526.44;453.84;483.4;503.57;495.31
3881;São Francisco do Guaporé;RO;Privada;8;496.06;513.84;516.34;497.8;452.5;495.31
3882;Novo Horizonte;BA;Estadual;31;491.01;498.73;483.57;463.83;539.35;495.3
3883;Campos Sales;CE;Estadual;246;490.56;503.42;455.25;456.79;570.41;495.29
3884;Promissão;SP;Estadual;189;516.38;524.81;449.79;459.94;525.5;495.28
3885;Martinho Campos;MG;Estadual;53;517.23;525.58;459.91;477.8;495.85;495.27
3886;Gurjão;PB;Estadual;12;485.37;489.56;448.03;441.68;611.67;495.26
3887;Chopinzinho;PR;Estadual;131;505.7;528.16;464.85;476.06;501.53;495.26
3888;Vargem Grande Paulista;SP;Estadual;379;515.17;527.27;452.09;468.78;512.88;495.24
3889;Santa Cruz de Monte Castelo;PR;Estadual;36;504.65;525.84;454.61;464.93;526.11;495.23
3890;Jussara;GO;Estadual;151;505.12;514.74;467.82;472.71;515.76;495.23
3891;Santa Rita;MA;Municipal;1;468.9;556.0;451.9;459.3;540.0;495.22
3892;Treze de Maio;SC;Estadual;61;501.84;504.74;455.1;462.88;551.48;495.21
3893;Bom Jesus do Itabapoana;RJ;Estadual;288;510.36;520.8;463.4;457.18;524.27;495.2
3894;Ribeirão Cascalheira;MT;Estadual;43;500.77;510.76;455.9;478.79;529.77;495.2
3895;Palmópolis;MG;Estadual;17;515.39;508.04;442.44;461.91;548.24;495.2
3896;Itupeva;SP;Estadual;280;511.85;520.52;454.94;475.96;512.64;495.18
3897;Nova Esperança do Piriá;PA;Municipal;5;496.48;506.28;467.04;486.08;520.0;495.18
3898;Américo de Campos;SP;Estadual;43;499.28;514.39;456.24;480.84;525.12;495.17
3899;Goioxim;PR;Estadual;46;502.08;526.56;466.35;467.37;513.48;495.17
3900;Varjão de Minas;MG;Estadual;47;504.89;508.9;469.39;507.42;485.11;495.14
3901;Ferros;MG;Estadual;55;502.91;516.07;460.63;467.24;528.73;495.12
3902;Cândido Rodrigues;SP;Estadual;10;493.16;496.0;479.29;479.12;528.0;495.11
3903;Petrolina de Goiás;GO;Privada;23;508.68;524.42;469.17;458.48;514.78;495.11
3904;Viadutos;RS;Estadual;27;505.67;505.74;471.17;466.3;526.67;495.11
3905;São Vicente;SP;Municipal;71;518.54;531.42;464.05;457.23;504.23;495.09
3906;Lindóia do Sul;SC;Estadual;32;502.59;504.83;461.94;477.32;528.75;495.09
3907;São José da Barra;MG;Estadual;54;512.87;526.16;464.72;483.88;487.78;495.08
3908;Putinga;RS;Estadual;20;491.84;495.1;455.44;461.93;571.0;495.06
3909;Petrolina;PE;Estadual;2486;502.96;516.72;461.94;466.51;526.99;495.02
3910;Mutum;MG;Estadual;180;507.32;512.37;459.62;481.03;514.78;495.02
3911;Itabuna;BA;Estadual;1256;506.73;520.62;458.23;457.39;532.05;495.01
3912;Adolfo;SP;Estadual;33;511.47;525.46;451.28;461.99;524.85;495.01
3913;Guzolândia;SP;Estadual;33;514.27;526.61;457.01;469.25;507.88;495.0
3914;Itapejara d'Oeste;PR;Estadual;68;506.57;517.65;457.84;476.78;516.18;495.0
3915;Tuiuti;SP;Estadual;27;518.84;528.5;453.95;462.6;511.11;495.0
3916;Tarabai;SP;Estadual;39;511.36;512.52;452.03;465.19;533.85;494.99
3917;Vista Gaúcha;RS;Estadual;30;498.47;502.9;481.76;483.76;508.0;494.98
3918;Butiá;RS;Estadual;105;507.81;520.89;444.23;468.52;533.33;494.96
3919;Catas Altas da Noruega;MG;Estadual;15;516.09;513.82;456.08;496.79;492.0;494.96
3920;Senador José Bento;MG;Estadual;14;501.54;511.26;463.79;506.66;491.43;494.94
3921;São José;SC;Municipal;89;510.45;527.69;453.07;468.36;515.06;494.93
3922;João Pessoa;PB;Estadual;4037;505.79;518.19;458.81;457.46;534.37;494.92
3923;Garuva;SC;Estadual;95;505.2;518.99;464.78;459.31;526.32;494.92
3924;Mário Campos;MG;Estadual;68;508.23;519.27;457.66;478.5;510.88;494.91
3925;Igaratá;SP;Estadual;110;514.18;522.93;454.09;452.01;531.27;494.9
3926;Itapecerica da Serra;SP;Estadual;1118;519.37;527.49;453.99;462.28;511.32;494.89
3927;Penápolis;SP;Estadual;283;517.27;516.87;455.9;476.3;508.06;494.88
3928;Três Forquilhas;RS;Estadual;21;494.03;523.33;450.27;464.82;541.9;494.87
3929;Pedro Osório;RS;Estadual;35;514.85;530.64;458.76;453.55;516.57;494.87
3930;Otacílio Costa;SC;Estadual;88;509.91;514.6;447.61;463.79;538.41;494.86
3931;Santa Branca;SP;Estadual;72;511.72;517.76;459.01;466.09;519.72;494.86
3932;Figueira;PR;Estadual;42;510.27;512.63;467.35;466.84;517.14;494.85
3933;Areal;RJ;Estadual;57;519.03;523.81;464.95;441.52;524.91;494.84
3934;Casca;RS;Estadual;72;498.38;516.16;460.04;460.17;539.44;494.84
3935;Entre-Ijuís;RS;Estadual;43;511.9;511.77;461.17;482.81;506.51;494.83
3936;Ibirité;MG;Estadual;968;511.74;521.88;458.03;468.99;513.43;494.81
3937;Paranaiguara;GO;Estadual;67;509.86;520.03;463.93;462.61;517.61;494.81
3938;Marabá;PA;Federal;14;485.74;520.74;507.74;464.09;495.71;494.8
3939;Pedro Leopoldo;MG;Estadual;353;513.12;521.88;460.11;469.9;509.01;494.8
3940;Itapetininga;SP;Federal;1;535.7;552.5;527.7;417.9;440.0;494.76
3941;Arapoti;PR;Estadual;138;510.99;521.91;464.2;467.17;509.42;494.74
3942;Bom Jardim;PE;Estadual;246;502.11;508.84;463.87;459.69;539.09;494.72
3943;Tabira;PE;Estadual;205;498.35;505.72;457.18;463.85;548.49;494.72
3944;Itinga do Maranhão;MA;Privada;16;482.82;506.49;486.49;501.56;496.25;494.72
3945;Guaraqueçaba;PR;Estadual;25;499.24;521.35;494.74;458.2;500.0;494.71
3946;Wenceslau Braz;PR;Estadual;117;511.01;516.13;457.84;461.91;526.67;494.71
3947;Tabatinga;SP;Estadual;71;516.58;514.64;467.37;471.75;503.1;494.69
3948;Marmelópolis;MG;Estadual;23;509.88;510.63;473.16;459.79;520.0;494.69
3949;Goiatuba;GO;Estadual;186;508.95;516.26;469.26;475.94;503.01;494.68
3950;Guarapari;ES;Estadual;914;502.52;517.5;468.27;471.08;513.97;494.67
3951;Fernandes Tourinho;MG;Estadual;17;504.38;530.11;470.79;462.17;505.88;494.67
3952;Horizontina;RS;Estadual;52;515.55;512.21;464.75;480.0;500.77;494.65
3953;Astorga;PR;Estadual;126;509.79;518.91;457.39;461.86;525.24;494.64
3954;Jandira;SP;Estadual;692;516.99;523.91;454.63;465.16;512.46;494.63
3955;Delfinópolis;MG;Estadual;53;512.76;513.12;461.36;459.77;526.04;494.61
3956;Tobias Barreto;SE;Estadual;329;498.44;515.02;461.21;465.11;533.25;494.61
3957;Belo Jardim;PE;Estadual;393;507.37;516.46;461.49;471.32;516.39;494.61
3958;Vera Cruz do Oeste;PR;Estadual;63;506.99;514.26;463.23;468.79;519.68;494.59
3959;Pancas;ES;Estadual;162;504.6;508.18;462.13;459.75;538.27;494.59
3960;Marema;SC;Estadual;16;483.76;492.17;474.01;469.21;553.75;494.58
3961;Ivaiporã;PR;Estadual;147;511.0;521.8;457.26;460.59;522.24;494.58
3962;Campos Gerais;MG;Estadual;188;503.78;514.28;464.61;477.61;512.55;494.57
3963;Peritiba;SC;Estadual;20;492.68;511.78;466.48;463.85;538.0;494.56
3964;Santo Antônio do Descoberto;GO;Municipal;3;525.6;535.37;439.73;445.37;526.67;494.55
3965;Braço do Norte;SC;Estadual;252;503.42;510.86;463.37;480.47;514.62;494.55
3966;Laguna;SC;Estadual;282;506.93;520.38;457.64;465.97;521.77;494.54
3967;Treviso;SC;Estadual;17;525.45;518.19;447.94;444.66;536.47;494.54
3968;Taquaraçu de Minas;MG;Estadual;37;514.52;507.92;476.44;473.2;500.54;494.53
3969;Pombos;PE;Estadual;102;494.6;506.85;457.4;458.05;555.69;494.52
3970;Salto de Pirapora;SP;Estadual;233;518.06;528.7;456.34;464.66;504.72;494.5
3971;Santo Antônio do Grama;MG;Estadual;31;502.81;507.48;452.25;477.03;532.9;494.49
3972;Itapetim;PE;Estadual;66;498.09;502.79;479.17;463.61;528.79;494.49
3973;Cachoeira Dourada;MG;Estadual;15;520.14;522.31;448.24;441.7;540.0;494.48
3974;Nonoai;RS;Estadual;55;506.56;508.12;464.18;481.88;511.64;494.48
3975;São Bernardino;SC;Estadual;29;493.79;511.31;485.4;466.67;515.17;494.47
3976;Piatã;BA;Estadual;120;496.18;513.71;460.72;456.04;545.67;494.46
3977;Guarulhos;SP;Estadual;7534;518.93;522.14;452.78;465.68;512.78;494.46
3978;São Jerônimo;RS;Estadual;118;511.09;518.34;446.42;469.48;526.95;494.45
3979;Inúbia Paulista;SP;Estadual;13;504.86;513.69;460.89;449.74;543.08;494.45
3980;Alegrete;RS;Municipal;22;504.25;515.7;468.58;479.98;503.64;494.43
3981;Feira Nova;PE;Estadual;222;491.85;507.17;468.5;459.96;544.68;494.43
3982;Diamantino;MT;Estadual;157;503.73;517.46;456.99;473.75;520.13;494.41
3983;Martins;RN;Estadual;47;505.04;515.77;462.24;453.27;535.74;494.41
3984;Santa Terezinha do Progresso;SC;Estadual;33;502.19;515.87;473.92;459.94;520.0;494.39
3985;Gonzaga;MG;Estadual;57;509.82;512.23;458.53;481.83;509.47;494.38
3986;Paraíso;SP;Estadual;26;507.66;515.71;463.67;487.78;496.92;494.35
3987;Palmares;PE;Estadual;418;505.7;510.1;464.53;457.92;533.49;494.35
3988;Nova Luzitânia;SP;Estadual;15;516.64;540.19;467.78;465.71;481.33;494.33
3989;São Ludgero;SC;Estadual;88;507.55;506.85;474.13;478.73;504.32;494.32
3990;Marilândia do Sul;PR;Estadual;49;506.95;519.47;450.82;476.42;517.96;494.32
3991;Tenório;PB;Estadual;17;483.24;495.24;445.47;451.18;596.47;494.32
3992;Pedro Canário;ES;Estadual;170;498.97;518.06;467.38;471.14;516.0;494.31
3993;Bela Vista do Paraíso;PR;Estadual;102;507.86;519.32;463.51;470.3;510.49;494.3
3994;Itanhangá;MT;Estadual;32;504.67;530.77;477.17;467.02;491.88;494.3
3995;Elísio Medrado;BA;Estadual;40;487.01;528.91;456.12;475.41;524.0;494.29
3996;Jaú do Tocantins;TO;Estadual;22;498.26;518.85;467.1;479.97;507.27;494.29
3997;Quixabeira;BA;Estadual;26;486.32;522.65;447.21;465.19;550.0;494.28
3998;Carmo do Rio Claro;MG;Estadual;112;508.07;516.35;456.58;471.99;518.39;494.28
3999;Novo Tiradentes;RS;Estadual;12;492.08;519.47;469.28;477.22;513.33;494.28
4000;Porciúncula;RJ;Estadual;56;511.27;509.89;456.26;445.72;548.21;494.27
4001;Pirapetinga;MG;Estadual;33;505.87;509.32;450.52;460.16;545.45;494.26
4002;Dom Basílio;BA;Estadual;65;501.75;512.63;463.18;469.63;524.0;494.24
4003;Tabapuã;SP;Estadual;59;505.01;515.49;455.47;484.21;510.85;494.21
4004;Ipameri;GO;Estadual;152;505.89;519.36;458.37;471.21;516.18;494.2
4005;Angical;BA;Privada;10;483.89;530.07;458.57;506.45;492.0;494.2
4006;Irineópolis;SC;Estadual;82;507.63;516.71;463.68;479.81;503.17;494.2
4007;Salto do Céu;MT;Estadual;36;496.9;516.09;455.32;452.09;550.56;494.19
4008;Cantagalo;PR;Estadual;68;502.56;517.04;460.69;462.42;528.24;494.19
4009;Itirapina;SP;Estadual;62;516.58;514.7;474.42;466.18;499.03;494.18
4010;Três Lagoas;MS;Estadual;686;507.94;520.43;459.27;467.08;516.17;494.18
4011;Campos de Júlio;MT;Estadual;49;499.83;510.19;462.7;476.52;521.63;494.17
4012;São José do Belmonte;PE;Estadual;251;502.49;511.33;467.48;463.36;526.14;494.16
4013;Marialva;PR;Estadual;175;506.83;521.38;462.16;473.36;507.09;494.16
4014;Altamira do Paraná;PR;Estadual;18;505.53;514.93;450.0;450.32;550.0;494.16
4015;Porto Velho;RO;Estadual;3901;502.75;514.3;460.79;461.4;531.47;494.14
4016;Barreiras;BA;Estadual;927;497.56;513.31;458.61;459.32;541.88;494.14
4017;Marituba;PA;Privada;37;509.92;531.26;468.4;448.59;512.43;494.12
4018;Vanini;RS;Estadual;21;490.26;503.45;463.28;481.08;532.38;494.09
4019;Quissamã;RJ;Privada;14;504.91;510.5;473.92;455.35;525.71;494.08
4020;Maracanaú;CE;Estadual;2384;503.81;516.93;461.13;460.48;528.04;494.08
4021;São João do Manteninha;MG;Estadual;17;497.78;515.01;468.09;448.28;541.18;494.07
4022;Cipotânea;MG;Estadual;22;495.89;499.15;468.26;465.98;540.91;494.04
4023;Fortuna;MA;Estadual;88;493.4;516.71;473.13;467.88;519.09;494.04
4024;Coxim;MS;Estadual;204;514.81;521.68;467.48;475.31;490.88;494.03
4025;Visconde do Rio Branco;MG;Estadual;84;506.23;515.31;471.85;475.53;501.19;494.02
4026;Turvo;PR;Estadual;96;497.09;522.25;470.93;464.99;514.79;494.01
4027;São Mateus;ES;Estadual;972;500.97;520.52;464.76;465.95;517.8;494.0
4028;Ibertioga;MG;Estadual;30;523.59;509.21;467.26;452.51;517.33;493.98
4029;Itaguaí;RJ;Estadual;593;509.36;523.57;457.83;458.43;520.69;493.98
4030;Conchal;SP;Estadual;135;515.51;518.02;458.88;469.56;507.85;493.96
4031;Terra Roxa;PR;Estadual;117;502.28;522.31;462.56;478.78;503.76;493.94
4032;Dona Inês;PB;Estadual;70;503.75;516.42;449.07;451.28;549.14;493.93
4033;Estrela do Sul;MG;Estadual;48;506.84;505.27;467.85;470.51;519.17;493.93
4034;Malhada de Pedras;BA;Estadual;44;495.2;523.81;461.93;456.75;531.82;493.9
4035;Solânea;PB;Estadual;136;500.43;509.72;462.04;449.54;547.79;493.9
4036;Coronel Pacheco;MG;Estadual;24;513.15;519.92;475.94;455.52;505.0;493.9
4037;Coité do Nóia;AL;Estadual;94;495.75;516.92;458.32;449.37;549.15;493.9
4038;Bertópolis;MG;Estadual;27;504.15;516.73;451.26;461.09;536.3;493.9
4039;Caravelas;BA;Estadual;95;501.23;512.62;465.56;472.56;517.47;493.89
4040;Cosmópolis;SP;Municipal;1;551.8;586.5;391.4;439.7;500.0;493.88
4041;Orobó;PE;Estadual;211;502.57;508.84;457.57;453.72;546.64;493.87
4042;Campo Novo do Parecis;MT;Estadual;139;509.34;521.81;462.1;461.06;514.96;493.86
4043;Nipoã;SP;Estadual;23;520.98;502.42;453.93;487.64;504.35;493.86
4044;Ubiretama;RS;Estadual;23;503.92;509.25;467.4;480.86;507.83;493.85
4045;Liberdade;MG;Estadual;47;507.22;516.54;468.14;458.43;518.72;493.81
4046;Ivinhema;MS;Estadual;164;503.0;513.88;468.72;470.63;512.8;493.81
4047;Santo Antônio de Jesus;BA;Estadual;600;503.54;514.58;463.22;463.21;524.5;493.81
4048;Serrana;SP;Estadual;236;511.57;520.11;454.63;463.45;519.24;493.8
4049;Fagundes Varela;RS;Estadual;18;492.36;506.19;479.26;488.91;502.22;493.79
4050;Alta Floresta;MT;Municipal;3;493.17;526.17;466.37;476.57;506.67;493.79
4051;Bertioga;SP;Estadual;313;520.63;520.03;454.5;463.51;510.29;493.79
4052;Itaguaçu;ES;Estadual;105;493.65;514.66;471.35;478.78;510.48;493.78
4053;Santa Mercedes;SP;Estadual;14;505.5;537.56;454.31;482.81;488.57;493.75
4054;Coronel Vivida;PR;Estadual;143;500.97;512.53;454.23;468.84;532.17;493.75
4055;Pratápolis;MG;Estadual;57;511.4;526.4;451.59;472.71;506.67;493.75
4056;Umuarama;PR;Estadual;529;513.83;518.19;456.78;466.47;513.47;493.75
4057;Rio Azul;PR;Estadual;62;501.32;514.06;468.21;464.07;520.97;493.73
4058;Mossâmedes;GO;Estadual;46;495.18;521.87;464.99;463.08;523.48;493.72
4059;Santa Maria do Cambucá;PE;Estadual;53;510.32;514.09;464.09;477.0;503.02;493.71
4060;Poté;MG;Estadual;45;507.9;514.86;453.07;459.24;533.33;493.68
4061;Conceição de Macabu;RJ;Estadual;97;506.29;511.61;455.64;449.87;544.95;493.67
4062;Marapoama;SP;Estadual;13;499.58;535.32;463.43;471.46;498.46;493.65
4063;Áurea;RS;Estadual;26;512.24;502.96;463.69;489.3;500.0;493.64
4064;Coremas;PB;Estadual;85;487.56;508.71;469.52;448.92;553.41;493.63
4065;Nova Monte Verde;MT;Estadual;35;494.12;516.55;480.45;485.52;491.43;493.61
4066;Itarana;ES;Estadual;95;499.41;508.44;479.61;470.5;510.11;493.61
4067;Bálsamo;SP;Estadual;41;506.2;512.37;457.63;490.33;501.46;493.6
4068;Francisco Badaró;MG;Estadual;54;498.4;511.83;454.93;460.65;542.22;493.6
4069;Itapuí;SP;Estadual;26;519.88;517.61;463.1;463.56;503.85;493.6
4070;Claraval;MG;Estadual;15;521.65;513.23;442.91;464.9;525.33;493.6
4071;Engenheiro Coelho;SP;Municipal;1;393.4;468.9;448.5;437.2;720.0;493.6
4072;Garanhuns;PE;Estadual;1060;509.93;517.38;463.59;457.91;519.21;493.6
4073;Salgado;SE;Estadual;98;489.8;516.47;465.03;465.02;531.63;493.59
4074;Botucatu;SP;Municipal;9;520.11;517.63;444.88;456.43;528.89;493.59
4075;Palmeiras;BA;Municipal;1;576.4;553.6;414.3;463.6;460.0;493.58
4076;Urucânia;MG;Estadual;53;508.05;524.66;455.71;470.06;509.43;493.58
4077;Paramirim;BA;Estadual;114;498.24;513.31;465.9;464.74;525.61;493.56
4078;Paraopeba;MG;Estadual;130;504.08;515.48;456.28;484.77;507.08;493.54
4079;Luz;MG;Estadual;93;511.2;516.23;471.35;476.78;492.04;493.52
4080;Carneirinho;MG;Estadual;40;513.94;512.38;459.47;471.81;510.0;493.52
4081;Espírito Santo do Turvo;SP;Estadual;19;508.12;509.31;478.24;467.66;504.21;493.51
4082;Jataúba;PE;Estadual;66;505.12;515.53;450.5;467.63;528.79;493.51
4083;Estrela do Indaiá;MG;Estadual;33;511.25;501.66;457.41;492.92;504.24;493.5
4084;Indiara;GO;Privada;4;455.08;542.2;441.15;464.0;565.0;493.48
4085;Mesquita;RJ;Estadual;811;509.78;522.41;454.3;457.26;523.63;493.47
4086;Fazenda Rio Grande;PR;Estadual;772;510.98;520.98;457.16;462.71;515.47;493.46
4087;Munhoz de Melo;PR;Estadual;32;507.49;520.56;463.95;471.53;503.75;493.46
4088;Pão de Açúcar;AL;Privada;29;497.68;492.02;457.99;448.52;571.03;493.45
4089;Caldeirão Grande do Piauí;PI;Estadual;21;489.79;508.65;456.84;473.84;538.1;493.44
4090;Álvaro de Carvalho;SP;Estadual;18;507.85;538.88;467.34;440.88;512.22;493.43
4091;Nova Andradina;MS;Estadual;382;510.42;521.23;459.76;470.1;505.55;493.41
4092;Magé;RJ;Estadual;1274;505.29;523.67;460.16;457.81;520.11;493.41
4093;Paranavaí;PR;Estadual;462;508.1;518.72;459.09;461.26;519.87;493.41
4094;Nova América da Colina;PR;Estadual;20;497.69;520.39;457.82;484.12;507.0;493.4
4095;Massaranduba;PB;Estadual;54;494.19;523.74;456.99;460.23;531.85;493.4
4096;Frutal;MG;Estadual;270;507.34;515.75;462.51;471.8;509.41;493.36
4097;Paranacity;PR;Estadual;70;496.4;516.71;460.77;468.94;524.0;493.36
4098;Mandirituba;PR;Estadual;149;504.06;521.06;459.97;469.13;512.48;493.34
4099;Paulista;PE;Estadual;1732;506.01;517.38;462.62;456.29;524.35;493.33
4100;Pontal do Araguaia;MT;Estadual;31;514.49;527.76;439.83;434.25;550.32;493.33
4101;Tibau;RN;Estadual;24;499.17;521.05;466.97;446.87;532.5;493.31
4102;Tomazina;PR;Estadual;32;509.27;520.98;461.41;460.45;514.38;493.29
4103;Nanuque;MG;Estadual;188;506.97;514.61;460.4;464.32;520.11;493.28
4104;Lagoa do Ouro;PE;Estadual;79;502.48;521.72;463.55;450.54;528.1;493.28
4105;Porto Vitória;PR;Estadual;30;509.47;525.26;465.8;477.13;488.67;493.27
4106;Tarumã;SP;Estadual;77;509.68;515.84;457.19;457.94;525.71;493.27
4107;Brejo da Madre de Deus;PE;Estadual;156;500.17;512.61;459.76;461.59;532.18;493.26
4108;Chalé;MG;Estadual;21;512.36;504.85;456.55;497.3;495.24;493.26
4109;Jaguaraçu;MG;Estadual;7;512.47;481.47;455.07;442.96;574.29;493.25
4110;Nova Cantu;PR;Estadual;46;499.67;500.46;468.42;481.57;516.09;493.24
4111;Anicuns;GO;Estadual;126;515.4;525.23;450.87;463.91;510.79;493.24
4112;Campinaçu;GO;Estadual;18;517.53;508.61;457.29;465.01;517.78;493.24
4113;Terra Roxa;SP;Estadual;20;512.34;524.69;456.74;468.42;504.0;493.24
4114;Belford Roxo;RJ;Estadual;1679;507.82;518.18;452.58;455.4;532.17;493.23
4115;Santana do Deserto;MG;Estadual;10;504.98;490.41;467.5;487.22;516.0;493.22
4116;Álvares Machado;SP;Estadual;119;502.53;519.38;456.1;464.68;523.36;493.21
4117;Palmital;PR;Estadual;77;507.59;517.96;468.78;468.61;503.12;493.21
4118;Professor Jamil;GO;Estadual;37;502.44;508.26;462.22;462.8;530.27;493.2
4119;Humaitá;AM;Privada;9;546.22;530.1;454.39;475.27;460.0;493.2
4120;Floraí;PR;Estadual;28;497.5;516.45;455.09;461.92;535.0;493.19
4121;Novo Mundo;MT;Estadual;47;501.81;520.35;469.01;463.24;511.49;493.18
4122;Dores de Guanhães;MG;Estadual;23;522.48;511.77;452.82;476.2;502.61;493.18
4123;Baixio;CE;Estadual;47;509.0;504.67;460.41;463.31;528.51;493.18
4124;Caldazinha;GO;Estadual;31;503.94;512.03;457.12;481.81;510.97;493.17
4125;Boituva;SP;Estadual;247;513.28;517.0;456.49;481.94;497.09;493.16
4126;Ceres;GO;Estadual;157;500.31;509.8;462.55;475.19;517.96;493.16
4127;Rio Bonito;RJ;Municipal;14;501.94;526.05;469.34;452.69;515.71;493.14
4128;Vargem Bonita;SC;Estadual;43;505.62;502.03;462.24;477.22;518.6;493.14
4129;Jussiape;BA;Estadual;34;489.49;497.08;467.99;469.85;541.18;493.12
4130;Barros Cassal;RS;Estadual;47;518.76;516.12;459.26;462.88;508.51;493.11
4131;Magé;RJ;Municipal;5;512.78;504.74;472.68;491.3;484.0;493.1
4132;São Bento do Trairí;RN;Estadual;16;499.32;503.51;487.21;457.94;517.5;493.1
4133;Passos Maia;SC;Estadual;45;492.04;512.01;460.15;465.32;536.0;493.1
4134;Piquerobi;SP;Estadual;24;509.24;519.24;461.02;480.13;495.83;493.09
4135;Sonora;MS;Estadual;97;507.11;511.87;467.11;478.11;501.24;493.09
4136;Teixeira Soares;PR;Estadual;53;502.21;525.44;468.8;461.78;507.17;493.08
4137;Barra Velha;SC;Estadual;183;510.07;512.3;457.78;460.45;524.81;493.08
4138;Ribeirão das Neves;MG;Estadual;1927;509.78;523.28;458.34;466.4;507.54;493.07
4139;Catuti;MG;Estadual;40;499.9;513.26;461.8;465.86;524.5;493.06
4140;Queiroz;SP;Estadual;9;525.02;516.14;454.6;442.82;526.67;493.05
4141;Itapagé;CE;Estadual;558;495.35;508.03;460.26;464.62;536.85;493.02
4142;Oratórios;MG;Estadual;24;517.06;528.46;451.79;452.76;515.0;493.02
4143;Orizona;GO;Estadual;96;509.72;505.26;472.26;462.82;515.0;493.01
4144;Vermelho Novo;MG;Estadual;44;510.42;514.64;474.27;453.35;512.27;492.99
4145;Tanabi;SP;Estadual;90;507.91;506.47;466.15;465.53;518.89;492.99
4146;Nova Venécia;ES;Estadual;381;503.68;511.83;464.6;467.69;517.11;492.98
4147;Picuí;PB;Estadual;144;501.66;516.98;468.43;458.45;519.31;492.97
4148;Cambuci;RJ;Municipal;34;503.45;503.12;453.46;484.17;520.59;492.96
4149;Santana dos Montes;MG;Estadual;18;495.42;499.75;442.69;488.01;538.89;492.95
4150;Piratini;RS;Estadual;85;508.15;515.88;459.39;463.67;517.65;492.95
4151;Jardim do Seridó;RN;Estadual;76;504.21;511.82;458.95;461.0;528.68;492.93
4152;Bernardino Batista;PB;Estadual;11;500.09;514.22;445.95;458.92;545.45;492.93
4153;São Jorge d'Oeste;PR;Estadual;70;501.01;512.1;469.05;480.52;502.0;492.93
4154;Barroquinha;CE;Estadual;190;497.17;511.29;466.79;457.11;532.32;492.93
4155;Mari;PB;Estadual;102;500.52;514.78;456.45;470.61;522.16;492.91
4156;São Pedro das Missões;RS;Estadual;16;482.23;510.45;462.72;481.6;527.5;492.9
4157;Sulina;PR;Estadual;26;509.53;510.1;458.01;465.96;520.77;492.87
4158;Vargeão;SC;Estadual;28;514.51;508.41;466.22;461.62;513.57;492.87
4159;Várzea da Roça;BA;Estadual;73;501.44;507.15;454.41;454.18;547.12;492.86
4160;Barra do Garças;MT;Estadual;558;505.71;518.85;460.8;468.75;510.14;492.85
4161;Gameleira de Goiás;GO;Estadual;22;505.04;524.95;456.73;448.39;529.09;492.84
4162;Campo Alegre de Goiás;GO;Estadual;39;510.14;520.7;462.0;467.77;503.59;492.84
4163;São Bento;PB;Estadual;181;500.44;504.6;457.06;468.22;533.81;492.83
4164;São Gabriel da Palha;ES;Estadual;227;502.61;519.62;460.68;476.74;504.49;492.83
4165;Nova Itaberaba;SC;Estadual;37;502.17;511.7;467.42;466.64;516.22;492.83
4166;Frei Paulo;SE;Estadual;78;490.53;523.64;458.23;458.93;532.82;492.83
4167;Doresópolis;MG;Estadual;8;500.59;532.1;477.22;504.16;450.0;492.82
4168;Jundiaí do Sul;PR;Estadual;25;502.63;526.52;453.82;475.45;505.6;492.81
4169;Pedrinópolis;MG;Estadual;21;502.44;515.46;461.04;488.85;496.19;492.8
4170;Poço Verde;SE;Estadual;182;497.05;506.99;463.79;454.86;541.32;492.8
4171;São Luíz do Norte;GO;Estadual;34;513.14;529.14;465.53;448.47;507.65;492.79
4172;Guaraciaba do Norte;CE;Estadual;496;487.2;497.84;464.28;459.52;555.12;492.79
4173;Sousa;PB;Estadual;515;499.65;512.19;461.1;458.49;532.35;492.76
4174;Floresta Azul;BA;Estadual;48;500.71;509.18;460.27;446.93;546.67;492.75
4175;Nova Mutum;MT;Estadual;332;505.34;512.73;459.77;477.96;507.89;492.74
4176;Querência;MT;Estadual;114;490.56;508.43;465.61;469.4;529.65;492.73
4177;Derrubadas;RS;Estadual;21;513.42;504.8;476.08;474.02;495.24;492.71
4178;Águas Frias;SC;Estadual;34;504.16;509.41;456.7;475.64;517.65;492.71
4179;Pedras de Maria da Cruz;MG;Municipal;1;540.3;522.4;441.5;359.3;600.0;492.7
4180;Antônio Carlos;MG;Estadual;38;514.42;503.62;455.68;468.72;521.05;492.7
4181;Caieiras;SP;Estadual;623;516.21;524.56;454.4;468.44;499.84;492.69
4182;Jacobina;BA;Estadual;389;502.06;521.44;458.23;458.81;522.93;492.69
4183;Cachoeira de Pajeú;MG;Estadual;49;505.14;515.78;461.87;470.87;509.8;492.69
4184;São Vicente;RN;Estadual;26;516.54;512.92;442.84;456.52;534.62;492.69
4185;Alto Araguaia;MT;Municipal;1;526.2;497.5;500.5;519.2;420.0;492.68
4186;Imperatriz;MA;Estadual;2349;498.56;512.68;462.83;452.37;536.82;492.65
4187;Natal;RN;Estadual;4334;507.37;517.92;461.75;459.37;516.8;492.64
4188;Rio das Flores;RJ;Estadual;59;500.52;514.8;456.71;454.87;536.27;492.63
4189;Porto União;SC;Estadual;271;501.63;512.32;461.21;473.66;514.24;492.61
4190;Abelardo Luz;SC;Estadual;106;508.67;509.26;457.49;479.6;507.92;492.59
4191;Santa Cruz da Esperança;SP;Estadual;15;500.64;489.55;460.21;489.88;522.67;492.59
4192;Tupãssi;PR;Estadual;39;503.21;517.98;463.93;482.2;495.38;492.54
4193;Oriximiná;PA;Municipal;1;510.8;553.8;432.3;485.8;480.0;492.54
4194;São Carlos do Ivaí;PR;Estadual;27;484.36;512.3;469.81;460.65;535.56;492.54
4195;Alvorada;RS;Estadual;871;512.2;523.24;451.98;466.52;508.73;492.53
4196;Sombrio;SC;Estadual;255;505.18;513.49;459.02;474.74;510.2;492.53
4197;Bonito;MS;Estadual;100;500.85;513.65;464.12;460.18;523.75;492.51
4198;Hidrolândia;GO;Estadual;80;505.63;515.44;460.03;478.6;502.75;492.49
4199;Sarzedo;MG;Estadual;156;515.0;518.17;454.64;468.71;505.9;492.48
4200;Faxinal dos Guedes;SC;Estadual;82;506.09;504.45;469.86;470.53;511.46;492.48
4201;Planalto;BA;Estadual;139;499.03;508.28;455.51;457.29;542.3;492.48
4202;Ariranha do Ivaí;PR;Estadual;3;510.77;507.07;462.0;422.53;560.0;492.47
4203;Tietê;SP;Estadual;227;510.9;515.44;458.93;469.09;507.93;492.46
4204;Trindade;GO;Estadual;757;507.93;512.59;457.96;463.25;520.59;492.46
4205;Piripá;BA;Estadual;61;492.88;508.1;459.9;465.01;536.39;492.46
4206;Salgadinho;PE;Estadual;49;485.47;510.89;461.35;456.71;547.76;492.43
4207;Gabriel Monteiro;SP;Estadual;21;504.31;493.41;462.0;502.37;500.0;492.42
4208;Venturosa;PE;Estadual;99;499.57;509.38;461.16;461.47;530.51;492.42
4209;Limoeiro do Norte;CE;Estadual;545;500.92;512.13;463.2;460.44;525.36;492.41
4210;Itaboraí;RJ;Estadual;985;507.29;517.9;458.62;452.91;525.3;492.4
4211;Matozinhos;MG;Estadual;255;511.97;520.21;452.88;477.32;499.61;492.4
4212;Mogi Guaçu;SP;Estadual;120;511.69;521.42;455.22;476.31;497.33;492.4
4213;Maribondo;AL;Estadual;78;491.85;504.41;454.93;464.27;546.41;492.37
4214;Japeri;RJ;Estadual;400;504.47;514.82;458.2;458.88;525.4;492.35
4215;Lindolfo Collor;RS;Estadual;34;505.88;503.01;449.29;482.99;520.59;492.35
4216;Conceição do Mato Dentro;MG;Estadual;99;500.7;516.29;456.18;475.45;513.13;492.35
4217;Cajuri;MG;Estadual;18;493.14;540.81;445.14;472.54;510.0;492.33
4218;Camboriú;SC;Estadual;340;509.37;519.14;451.18;474.34;507.59;492.32
4219;Prado;BA;Municipal;31;496.77;522.52;466.94;464.41;510.97;492.32
4220;Irapuru;SP;Estadual;44;507.3;518.58;455.51;477.01;503.18;492.32
4221;Santana de Cataguases;MG;Estadual;21;509.91;497.76;439.71;511.24;502.86;492.3
4222;Uibaí;BA;Estadual;85;498.95;514.97;471.0;469.95;506.59;492.29
4223;Rosana;SP;Estadual;150;511.6;516.83;456.53;465.94;510.53;492.29
4224;Lagarto;SE;Estadual;634;499.4;511.9;462.42;457.12;530.54;492.28
4225;Herculândia;SP;Estadual;26;519.15;505.73;442.51;460.94;533.08;492.28
4226;Sapopema;PR;Estadual;44;497.68;518.19;471.48;486.24;487.73;492.26
4227;Rio Grande da Serra;SP;Estadual;266;515.4;523.23;453.62;457.63;511.35;492.25
4228;Nova Esperança do Sudoeste;PR;Estadual;44;503.34;508.17;464.16;490.6;495.0;492.25
4229;Inhacorá;RS;Estadual;12;531.19;506.2;439.67;455.88;528.33;492.25
4230;Jaguaquara;BA;Estadual;181;505.82;522.9;466.66;462.45;503.43;492.25
4231;Conchas;SP;Estadual;76;517.45;522.93;450.66;468.86;501.32;492.24
4232;São Gabriel do Oeste;MS;Municipal;1;550.1;570.5;374.7;445.8;520.0;492.22
4233;Macatuba;SP;Estadual;96;515.72;516.81;463.08;479.42;486.04;492.22
4234;Prado Ferreira;PR;Estadual;25;523.02;516.41;464.82;483.18;473.6;492.21
4235;Gramado dos Loureiros;RS;Estadual;13;492.71;505.92;460.16;471.44;530.77;492.2
4236;Ribeirão Grande;SP;Estadual;39;506.77;534.22;451.54;465.31;503.08;492.18
4237;Caputira;MG;Estadual;54;504.29;508.33;472.55;487.52;488.15;492.17
4238;Siderópolis;SC;Municipal;2;498.05;556.95;453.5;472.3;480.0;492.16
4239;Pescaria Brava;SC;Estadual;43;481.89;504.7;465.92;462.25;546.05;492.16
4240;Monteiro Lobato;SP;Estadual;34;515.14;501.62;456.67;450.21;537.06;492.14
4241;Placas;PA;Municipal;10;504.03;514.82;471.0;498.82;472.0;492.13
4242;Machado;MG;Estadual;181;513.01;517.88;456.22;465.84;507.72;492.13
4243;São Francisco do Sul;SC;Estadual;236;508.74;522.81;455.3;464.96;508.73;492.11
4244;Barrinha;SP;Privada;8;509.55;454.55;480.5;445.95;570.0;492.11
4245;Paripiranga;BA;Estadual;237;499.78;511.28;462.29;454.94;532.24;492.11
4246;Mata Verde;MG;Estadual;76;501.27;509.78;469.8;464.95;514.74;492.11
4247;Castanhal;PA;Estadual;1310;500.4;517.06;459.57;455.84;527.53;492.08
4248;Cruzeiro do Oeste;PR;Estadual;124;514.24;519.04;449.5;457.09;520.48;492.07
4249;Riacho das Almas;PE;Estadual;115;506.01;514.57;463.52;459.47;516.7;492.06
4250;Mauá da Serra;PR;Estadual;58;507.34;508.35;449.04;457.97;537.59;492.06
4251;Imbuia;SC;Estadual;38;491.91;502.75;453.43;482.61;529.47;492.04
4252;Rio Negro;PR;Estadual;198;507.22;516.6;456.0;481.61;498.74;492.03
4253;Cunha Porã;SC;Estadual;66;493.65;499.99;459.5;481.2;525.76;492.02
4254;Jesúpolis;GO;Estadual;26;500.87;512.7;462.54;467.84;516.15;492.02
4255;Catalão;GO;Estadual;503;510.79;516.7;453.21;463.93;515.43;492.01
4256;Brejo;MA;Privada;64;493.97;514.0;458.71;458.84;534.38;491.98
4257;Itá;SC;Estadual;38;491.88;518.32;463.82;478.0;507.89;491.98
4258;Cesário Lange;SP;Estadual;88;516.13;518.47;466.93;463.83;494.55;491.98
4259;São Miguel da Boa Vista;SC;Estadual;24;483.92;506.7;474.25;484.16;510.83;491.97
4260;Belém;PA;Municipal;64;494.05;518.68;455.12;451.7;540.31;491.97
4261;Nova Fátima;PR;Estadual;67;498.66;506.92;458.97;463.58;531.64;491.96
4262;Goianira;GO;Estadual;320;506.87;512.42;454.94;463.66;521.88;491.95
4263;Casa Branca;SP;Estadual;172;514.5;510.79;459.53;467.74;507.21;491.95
4264;Paula Freitas;PR;Estadual;35;497.43;515.03;462.49;481.32;503.43;491.94
4265;Jijoca de Jericoacoara;CE;Estadual;59;504.85;506.07;451.0;459.82;537.97;491.94
4266;Capão do Leão;RS;Estadual;97;514.0;521.74;445.64;468.97;509.28;491.93
4267;São Domingos do Azeitão;MA;Estadual;38;496.18;515.72;460.53;455.91;531.05;491.88
4268;Itambé;PE;Estadual;285;498.87;507.88;462.54;457.82;532.28;491.88
4269;Rodelas;BA;Estadual;43;494.78;501.43;446.99;472.84;543.26;491.86
4270;Vitória das Missões;RS;Estadual;21;495.16;511.49;448.19;455.88;548.57;491.86
4271;Santa Rita do Sapucaí;MG;Municipal;4;522.22;528.2;466.42;527.42;415.0;491.86
4272;Segredo;RS;Estadual;44;504.65;501.79;456.47;469.6;526.82;491.86
4273;Campos Borges;RS;Estadual;16;488.7;496.38;462.21;460.78;551.25;491.86
4274;Canguaretama;RN;Privada;19;490.86;509.71;483.48;464.62;510.53;491.84
4275;Jardim;MS;Estadual;198;506.73;516.09;457.25;457.12;521.92;491.82
4276;Cristal;RS;Estadual;57;502.92;509.99;465.62;465.47;515.09;491.82
4277;Santa Maria da Vitória;BA;Estadual;153;500.8;517.29;460.5;462.6;517.91;491.82
4278;Cafeara;PR;Estadual;19;498.42;503.87;456.07;470.19;530.53;491.81
4279;Major Vieira;SC;Municipal;1;499.7;563.4;459.9;436.0;500.0;491.8
4280;Rio Acima;MG;Estadual;31;508.05;521.91;466.35;446.09;516.61;491.8
4281;São José do Rio Claro;MT;Estadual;111;494.26;509.85;464.21;471.23;519.46;491.8
4282;General Câmara;RS;Estadual;43;516.2;525.8;452.95;464.01;500.0;491.79
4283;Jundiaí;SP;Municipal;33;517.69;519.31;452.09;468.51;501.21;491.76
4284;Rio Bom;PR;Estadual;21;501.75;501.71;462.92;447.66;544.76;491.76
4285;Almirante Tamandaré;PR;Estadual;417;503.42;524.89;460.26;461.53;508.68;491.76
4286;Juruena;MT;Estadual;54;501.91;509.5;469.34;456.49;521.48;491.75
4287;Dom Feliciano;RS;Estadual;60;498.37;511.0;466.38;463.96;519.0;491.74
4288;Acaiaca;MG;Privada;4;525.67;530.6;483.65;403.6;515.0;491.7
4289;Morada Nova;CE;Estadual;599;488.05;503.73;460.53;465.64;540.53;491.7
4290;Presidente Médici;RO;Estadual;197;499.88;514.54;463.12;471.87;509.04;491.69
4291;Rondonópolis;MT;Estadual;1437;501.45;517.01;458.17;463.68;518.09;491.68
4292;Cajuru;SP;Estadual;153;517.08;515.22;450.7;460.08;515.29;491.68
4293;Olindina;BA;Estadual;82;497.2;518.42;450.79;456.44;535.37;491.64
4294;Seropédica;RJ;Estadual;551;507.66;520.25;455.94;452.99;521.23;491.61
4295;Várzea do Poço;BA;Estadual;31;502.26;516.31;461.04;451.91;526.45;491.59
4296;Queluzito;MG;Estadual;17;497.28;514.06;467.11;474.78;504.71;491.59
4297;Santo Hipólito;MG;Estadual;16;510.09;520.78;468.02;456.48;502.5;491.57
4298;Nova Olinda;CE;Estadual;289;491.69;505.41;461.37;456.33;543.04;491.57
4299;Mandaguaçu;PR;Estadual;69;503.59;520.17;452.7;453.53;527.83;491.56
4300;Laranja da Terra;ES;Estadual;111;501.58;509.3;464.26;476.15;506.49;491.56
4301;Itabirinha;MG;Estadual;57;502.44;512.02;463.51;472.44;507.37;491.56
4302;Serra Alta;SC;Estadual;28;484.27;506.62;467.52;480.04;519.29;491.55
4303;São Simão;GO;Estadual;55;502.31;515.03;462.91;475.69;501.82;491.55
4304;Imbituva;PR;Estadual;85;505.34;522.31;460.22;470.58;499.29;491.55
4305;Campo Magro;PR;Estadual;143;504.48;524.38;461.43;461.24;506.15;491.54
4306;Sarapuí;SP;Estadual;51;513.87;519.6;461.13;473.67;489.41;491.54
4307;Rio Pomba;MG;Estadual;48;515.18;532.93;455.79;474.13;479.58;491.52
4308;Navegantes;SC;Estadual;376;505.85;519.04;459.46;463.6;509.63;491.52
4309;Aparecida de Goiânia;GO;Estadual;2954;507.5;516.36;458.56;462.72;512.3;491.49
4310;Ramilândia;PR;Estadual;21;485.01;508.03;443.24;469.73;551.43;491.49
4311;Feliz Natal;MT;Estadual;69;500.41;512.2;474.82;470.03;500.0;491.49
4312;Petrolândia;PE;Estadual;246;504.59;516.68;460.98;451.81;523.33;491.48
4313;Jaguaruana;CE;Estadual;363;497.11;513.69;466.2;468.79;511.61;491.48
4314;Bonito;PE;Estadual;294;501.38;517.1;461.96;463.21;513.74;491.48
4315;Martinópolis;SP;Estadual;158;509.18;515.22;454.56;467.77;510.63;491.47
4316;São Miguel das Matas;BA;Estadual;64;491.77;514.89;461.0;448.44;541.25;491.47
4317;Linhares;ES;Estadual;1114;501.06;517.58;465.71;463.59;509.37;491.46
4318;Tapes;RS;Estadual;71;520.01;524.57;460.17;477.05;475.49;491.46
4319;Sabará;MG;Estadual;732;511.23;520.59;460.92;464.22;500.27;491.45
4320;Japaratuba;SE;Estadual;87;486.3;497.39;465.23;455.24;553.1;491.45
4321;Porteirinha;MG;Estadual;236;503.31;510.63;461.27;470.78;511.19;491.44
4322;Aspásia;SP;Estadual;16;493.91;503.12;463.21;488.16;508.75;491.43
4323;Pederneiras;SP;Estadual;208;518.56;521.48;449.23;462.37;505.48;491.42
4324;Anagé;BA;Estadual;76;498.71;513.87;454.44;458.44;531.58;491.41
4325;Onda Verde;SP;Estadual;24;514.15;521.35;451.87;465.42;504.17;491.39
4326;Rubiataba;GO;Estadual;151;510.49;518.83;451.66;459.65;516.29;491.38
4327;Mangaratiba;RJ;Estadual;139;509.71;517.57;458.02;463.93;507.63;491.37
4328;Romaria;MG;Estadual;35;505.91;510.2;456.92;468.98;514.86;491.37
4329;Pirapora;MG;Estadual;297;509.65;514.96;454.39;462.35;515.5;491.37
4330;Santo Anastácio;SP;Estadual;104;507.76;512.16;461.21;468.89;506.83;491.37
4331;Juquitiba;SP;Estadual;241;515.96;515.07;452.32;472.79;500.66;491.36
4332;Cumaru;PE;Estadual;82;505.32;506.98;473.14;465.5;505.85;491.36
4333;Bastos;SP;Estadual;106;517.56;519.27;450.96;453.47;515.47;491.35
4334;Caiabu;SP;Estadual;27;491.03;513.43;451.5;470.34;530.37;491.34
4335;Sinop;MT;Estadual;1057;505.62;514.58;455.07;468.98;512.41;491.33
4336;Palestina;SP;Estadual;55;515.1;508.02;462.8;459.44;511.27;491.33
4337;Araquari;SC;Estadual;88;516.92;512.65;456.91;473.13;497.05;491.33
4338;Ipupiara;BA;Estadual;66;502.59;510.86;452.48;459.77;530.91;491.32
4339;Carapicuíba;SP;Estadual;2443;516.74;520.3;448.63;460.82;510.11;491.32
4340;Rolador;RS;Estadual;13;494.67;506.23;470.86;500.11;484.62;491.3
4341;Águas da Prata;SP;Estadual;22;531.02;514.48;449.17;456.4;505.45;491.3
4342;Capitão;RS;Estadual;12;505.39;497.47;440.53;494.68;518.33;491.28
4343;Riacho de Santana;BA;Privada;78;485.67;506.88;464.79;477.2;521.79;491.27
4344;Indiavaí;MT;Estadual;12;472.46;529.3;428.91;469.01;556.67;491.27
4345;Caicó;RN;Estadual;359;499.67;515.64;459.26;462.83;518.89;491.26
4346;Alagoa Grande;PB;Estadual;139;497.02;510.38;460.86;456.92;531.11;491.26
4347;Catuji;MG;Estadual;39;503.62;496.85;448.97;454.51;552.31;491.25
4348;Pilar;AL;Privada;46;496.88;514.19;453.79;445.7;545.65;491.24
4349;Botuporã;BA;Estadual;110;487.23;514.31;464.45;456.21;534.0;491.24
4350;Rafael Fernandes;RN;Estadual;27;505.63;519.9;442.27;437.99;550.37;491.23
4351;Cândido de Abreu;PR;Estadual;84;499.3;512.62;462.76;471.89;509.52;491.22
4352;Esmeraldas;MG;Estadual;334;509.63;519.02;460.71;464.72;501.92;491.2
4353;Boa Vista das Missões;RS;Estadual;18;505.14;500.42;455.36;449.51;545.56;491.2
4354;Francisco Morato;SP;Estadual;1311;514.59;521.77;450.53;457.94;511.14;491.19
4355;Bela Vista de Goiás;GO;Estadual;120;505.98;519.1;457.95;462.22;510.67;491.18
4356;Pescador;MG;Estadual;20;503.7;506.12;466.31;448.62;531.0;491.15
4357;Capela de Santana;RS;Estadual;19;495.09;537.76;449.49;464.95;508.42;491.14
4358;Araricá;RS;Estadual;42;499.49;520.99;450.93;474.75;509.52;491.14
4359;Hidrolândia;CE;Estadual;200;488.19;502.42;463.4;457.25;544.4;491.13
4360;Pereiras;SP;Estadual;26;524.75;522.98;446.56;447.5;513.85;491.13
4361;Douradina;PR;Municipal;1;544.0;500.4;429.0;482.2;500.0;491.12
4362;Ibiassucê;BA;Estadual;97;491.55;509.97;451.52;473.37;529.07;491.1
4363;Coronel Macedo;SP;Estadual;37;507.98;516.6;457.62;465.69;507.57;491.09
4364;Rancharia;SP;Estadual;213;513.09;524.27;461.54;459.76;496.81;491.09
4365;Divinolândia de Minas;MG;Estadual;41;506.28;510.08;449.53;480.3;509.27;491.09
4366;Jerônimo Monteiro;ES;Estadual;62;501.59;517.72;465.99;463.7;506.45;491.09
4367;São João do Sul;SC;Estadual;59;503.39;511.8;461.49;462.14;516.61;491.09
4368;Frei Inocêncio;MG;Estadual;37;499.78;512.63;448.42;492.89;501.62;491.07
4369;São João Nepomuceno;MG;Estadual;96;499.04;510.52;461.51;469.87;514.38;491.06
4370;Bilac;SP;Estadual;29;518.4;512.0;442.68;458.71;523.45;491.05
4371;Vassouras;RJ;Municipal;26;516.61;534.14;458.42;429.86;516.15;491.04
4372;Pinhão;SE;Estadual;24;487.73;512.63;479.96;462.31;512.5;491.03
4373;Reduto;MG;Estadual;35;510.44;519.02;455.9;468.58;501.14;491.02
4374;Carandaí;MG;Estadual;114;513.4;522.94;457.36;465.76;495.61;491.01
4375;Nova Canaã do Norte;MT;Estadual;85;493.28;512.18;462.49;472.28;514.82;491.01
4376;Tarumirim;MG;Estadual;85;497.28;513.61;468.7;477.34;498.12;491.01
4377;Espigão D'Oeste;RO;Estadual;240;501.06;513.41;460.48;471.28;508.78;491.0
4378;Mozarlândia;GO;Estadual;82;509.1;530.35;463.6;466.53;485.37;490.99
4379;Ituiutaba;MG;Estadual;503;505.32;516.75;459.63;467.27;505.81;490.96
4380;Bernardo do Mearim;MA;Estadual;41;491.84;511.25;458.55;461.91;531.22;490.95
4381;Canavieiras;BA;Estadual;146;502.53;520.96;461.35;455.94;513.97;490.95
4382;Pato Bragado;PR;Estadual;31;498.4;531.9;479.04;488.64;456.77;490.95
4383;Assis Chateaubriand;PR;Estadual;216;503.42;513.23;457.17;463.79;517.16;490.95
4384;Aracruz;ES;Estadual;577;502.47;519.47;462.79;462.08;507.94;490.95
4385;Patu;RN;Estadual;96;496.82;509.88;458.61;465.68;523.75;490.95
4386;Piraquara;PR;Estadual;365;504.03;521.09;455.82;472.23;501.53;490.94
4387;Goianápolis;GO;Estadual;71;505.83;514.53;446.67;460.27;527.32;490.93
4388;Santa Maria do Pará;PA;Estadual;176;497.39;522.29;458.28;450.88;525.65;490.9
4389;Jaguarari;BA;Municipal;1;445.8;574.1;427.2;487.4;520.0;490.9
4390;Gentio do Ouro;BA;Municipal;2;527.95;505.25;419.2;472.05;530.0;490.89
4391;Ouro Verde;SP;Estadual;43;518.66;523.02;445.6;470.87;496.28;490.88
4392;Betânia do Piauí;PI;Estadual;27;494.12;497.18;461.02;460.55;541.48;490.87
4393;Unistalda;RS;Estadual;27;509.69;513.6;448.8;495.5;486.67;490.85
4394;Palmas;TO;Estadual;2230;509.77;514.56;459.39;463.75;506.68;490.83
4395;Poção;PE;Estadual;74;494.23;504.53;464.64;465.34;525.41;490.83
4396;Miraselva;PR;Estadual;19;495.45;522.02;477.33;465.62;493.68;490.82
4397;Tanguá;RJ;Estadual;132;506.43;515.31;454.7;457.38;520.3;490.82
4398;Braganey;PR;Estadual;58;494.25;513.34;455.31;456.04;535.17;490.82
4399;Ribeirão Branco;SP;Estadual;131;500.87;513.38;450.74;484.49;504.58;490.81
4400;Luís Eduardo Magalhães;BA;Municipal;4;522.62;542.08;494.15;425.2;470.0;490.81
4401;Santo Antônio da Platina;PR;Estadual;234;502.14;511.63;453.47;466.61;520.17;490.8
4402;Queimados;RJ;Estadual;815;503.8;516.53;453.38;453.73;526.53;490.79
4403;Cosmorama;SP;Estadual;39;512.66;509.39;448.35;478.93;504.62;490.79
4404;Novo Horizonte;SC;Estadual;36;512.94;518.5;467.89;457.89;496.67;490.78
4405;Assaí;PR;Estadual;111;514.32;518.12;455.89;465.59;499.82;490.75
4406;Vertente do Lério;PE;Estadual;38;498.93;521.87;458.41;457.17;517.37;490.75
4407;Engenheiro Coelho;SP;Estadual;47;512.24;512.53;456.04;486.96;485.96;490.75
4408;Rancho Alegre D'Oeste;PR;Estadual;11;491.57;532.0;460.05;462.65;507.27;490.71
4409;Porto Vera Cruz;RS;Estadual;14;495.69;485.59;482.37;452.69;537.14;490.7
4410;Bom Conselho;PE;Municipal;1;493.6;552.3;460.7;386.8;560.0;490.68
4411;Brasilândia de Minas;MG;Estadual;113;504.04;513.04;461.44;464.86;509.91;490.66
4412;São Caitano;PE;Estadual;171;513.18;506.12;459.93;462.03;512.05;490.66
4413;Divino;MG;Estadual;78;500.96;513.13;446.83;462.7;529.49;490.62
4414;Indiana;SP;Estadual;33;497.51;527.52;458.81;476.53;492.73;490.62
4415;Estrela Dalva;MG;Estadual;6;518.62;518.95;462.43;459.7;493.33;490.61
4416;São Felipe;BA;Privada;18;492.32;524.46;477.29;463.41;495.56;490.61
4417;São José do Seridó;RN;Estadual;28;473.78;495.08;460.25;462.52;561.43;490.61
4418;Embu-Guaçu;SP;Estadual;459;514.87;521.33;455.91;465.07;495.86;490.61
4419;Miradouro;MG;Municipal;1;518.4;421.6;390.9;622.1;500.0;490.6
4420;Lidianópolis;PR;Estadual;28;494.31;494.84;450.34;456.34;557.14;490.6
4421;Caraá;RS;Estadual;29;518.35;519.6;454.31;450.33;510.34;490.59
4422;Tapurah;MT;Estadual;98;505.91;519.34;462.23;476.21;489.18;490.58
4423;Candói;PR;Estadual;89;499.15;517.77;458.48;464.65;512.81;490.57
4424;Guapó;GO;Estadual;85;502.36;509.72;450.75;464.8;525.18;490.56
4425;Peçanha;MG;Estadual;42;507.8;511.57;446.92;472.68;513.81;490.56
4426;Igrapiúna;BA;Privada;20;493.81;504.01;471.08;434.74;549.0;490.53
4427;Rio Bonito do Iguaçu;PR;Estadual;101;501.24;523.2;464.97;469.85;493.27;490.51
4428;Santa Margarida;MG;Estadual;63;501.33;516.66;468.7;467.46;498.41;490.51
4429;Tapauá;AM;Estadual;70;495.83;504.7;449.89;464.35;537.71;490.5
4430;São Bentinho;PB;Estadual;16;503.49;500.48;464.37;472.91;511.25;490.5
4431;Santa Rita do Araguaia;GO;Estadual;53;507.94;518.88;464.33;461.68;499.62;490.49
4432;Arambaré;RS;Estadual;17;492.98;512.86;461.19;446.61;538.82;490.49
4433;Chiapetta;RS;Estadual;27;492.77;505.83;451.94;478.1;523.7;490.47
4434;Franca;SP;Municipal;155;513.34;519.62;454.23;470.59;494.58;490.47
4435;Chapadão do Sul;MS;Estadual;170;508.16;512.61;456.03;479.07;496.47;490.47
4436;Guaíra;PR;Estadual;211;506.36;518.2;458.02;471.39;498.32;490.46
4437;Itaberaí;GO;Estadual;255;506.35;514.67;457.67;463.48;510.04;490.44
4438;Guariba;SP;Estadual;212;511.44;521.19;451.03;465.28;503.21;490.43
4439;Tunas;RS;Estadual;19;502.13;525.23;438.59;457.73;528.42;490.42
4440;Vera Cruz;SP;Estadual;77;505.94;508.71;450.94;463.41;523.12;490.42
4441;Lourdes;SP;Estadual;9;512.88;511.87;457.17;483.44;486.67;490.4
4442;Quintana;SP;Estadual;21;502.35;515.22;451.44;462.86;520.0;490.37
4443;Veredinha;MG;Privada;18;491.03;525.55;450.98;482.05;502.22;490.37
4444;Iretama;PR;Estadual;52;500.77;506.2;454.92;471.89;518.08;490.37
4445;Congonhas;MG;Estadual;272;509.36;515.95;459.37;466.68;500.44;490.36
4446;Crato;CE;Estadual;1058;497.36;513.56;462.05;453.82;525.01;490.36
4447;Santa Cruz do Escalvado;MG;Estadual;29;488.77;511.76;460.12;449.79;541.38;490.36
4448;São Pedro dos Ferros;MG;Estadual;54;506.45;509.73;466.52;456.14;512.96;490.36
4449;Sanharó;PE;Estadual;109;505.18;511.69;463.31;446.73;524.77;490.34
4450;Caiapônia;GO;Estadual;92;500.67;506.22;471.52;471.98;501.3;490.34
4451;Guaíra;SP;Estadual;190;516.95;515.36;455.07;470.47;493.79;490.33
4452;Alto Garças;MT;Estadual;73;500.31;507.89;446.88;462.3;534.25;490.33
4453;Uruguaiana;RS;Estadual;931;502.75;514.88;457.02;462.96;513.96;490.31
4454;Cerro Grande do Sul;RS;Estadual;80;501.94;513.19;453.86;461.49;521.0;490.3
4455;Itaparica;BA;Estadual;119;491.51;521.7;472.92;451.35;513.95;490.29
4456;Pontes Gestal;SP;Estadual;6;490.33;506.0;452.37;502.68;500.0;490.28
4457;Santa Adélia;SP;Estadual;37;510.27;513.87;455.01;469.54;502.7;490.28
4458;Lençóis;BA;Estadual;20;496.66;513.88;467.53;465.34;508.0;490.28
4459;Caçapava do Sul;RS;Estadual;195;510.59;515.06;459.86;475.17;490.67;490.27
4460;Dois Córregos;SP;Estadual;81;515.98;514.1;454.81;473.53;492.84;490.25
4461;Campo Maior;PI;Estadual;473;493.66;509.43;462.37;460.21;525.58;490.25
4462;Panorama;SP;Estadual;88;500.99;514.86;456.16;472.8;506.36;490.24
4463;São Sebastião da Amoreira;PR;Estadual;71;512.64;522.42;452.71;458.06;505.35;490.24
4464;Itaí;SP;Estadual;133;514.75;513.97;449.8;468.55;504.06;490.23
4465;Jucati;PE;Estadual;94;493.66;519.25;467.57;463.11;507.45;490.21
4466;São Gonçalo do Sapucaí;MG;Estadual;174;507.1;513.83;462.46;465.68;501.95;490.21
4467;Maracajá;SC;Estadual;32;497.72;506.0;467.02;472.08;508.12;490.19
4468;Turvo;SC;Privada;2;455.75;486.5;443.7;474.85;590.0;490.16
4469;São José do Norte;RS;Estadual;109;513.74;519.2;444.91;460.87;512.11;490.16
4470;Arvorezinha;RS;Estadual;56;494.17;512.14;451.26;482.44;510.71;490.15
4471;Ibaiti;PR;Estadual;132;506.89;520.81;457.37;462.07;503.64;490.15
4472;Nhandeara;SP;Municipal;1;518.4;580.6;438.8;452.9;460.0;490.14
4473;Icaraíma;PR;Estadual;45;506.01;514.25;459.59;479.98;490.67;490.1
4474;Jaci;SP;Estadual;32;523.13;504.91;452.79;470.88;498.75;490.09
4475;Piratuba;SC;Estadual;71;496.05;501.49;457.08;486.65;509.01;490.06
4476;Baixo Guandu;ES;Estadual;155;504.47;507.53;462.56;465.74;509.94;490.05
4477;Cachoeira do Piriá;PA;Estadual;24;504.0;526.01;451.32;441.37;527.5;490.04
4478;Itarumã;GO;Estadual;21;503.32;514.59;474.3;477.06;480.95;490.04
4479;Conceição do Coité;BA;Estadual;341;496.21;515.11;457.12;453.04;528.68;490.03
4480;Cristal do Sul;RS;Estadual;30;493.8;512.8;451.63;461.27;530.67;490.03
4481;Itapirapuã Paulista;SP;Estadual;24;523.28;520.72;455.12;458.42;492.5;490.01
4482;Bom Jesus do Amparo;MG;Estadual;29;501.44;491.03;477.35;459.53;520.69;490.01
4483;Amaporã;PR;Estadual;25;495.74;510.04;437.55;463.44;543.2;489.99
4484;Barra do Rocha;BA;Municipal;1;478.9;513.9;459.6;437.5;560.0;489.98
4485;Apuarema;BA;Estadual;29;521.22;511.15;449.1;453.98;514.48;489.98
4486;Bagé;RS;Municipal;1;486.6;482.1;492.4;428.8;560.0;489.98
4487;Quitandinha;PR;Estadual;83;508.86;521.04;448.39;469.04;502.41;489.95
4488;Lajinha;MG;Estadual;85;506.28;517.93;455.23;466.51;503.76;489.94
4489;Águas Formosas;MG;Estadual;97;507.6;505.82;453.39;473.15;509.69;489.93
4490;Iguatu;CE;Estadual;809;498.98;511.19;460.83;461.92;516.71;489.93
4491;Arapeí;SP;Estadual;13;494.85;514.49;449.7;481.38;509.23;489.93
4492;Caiana;MG;Estadual;33;503.38;521.02;462.92;470.21;492.12;489.93
4493;Bocaiúva do Sul;PR;Estadual;56;501.93;515.0;460.38;462.3;510.0;489.92
4494;Piritiba;BA;Estadual;65;498.78;506.76;450.16;462.82;531.08;489.92
4495;Montalvânia;MG;Estadual;82;507.51;509.72;461.56;465.45;505.37;489.92
4496;Itaúba;MT;Estadual;32;498.48;525.63;453.19;456.0;516.25;489.91
4497;Balsa Nova;PR;Estadual;93;509.85;514.71;460.83;447.55;516.56;489.9
4498;Ituaçu;BA;Estadual;100;505.71;521.28;455.3;461.37;505.8;489.89
4499;Águas de São Pedro;SP;Estadual;18;503.08;530.91;440.29;481.73;493.33;489.87
4500;Porto Alegre;RS;Municipal;73;516.74;537.78;446.11;455.56;493.15;489.87
4501;Pinheiro Preto;SC;Estadual;27;512.47;515.51;459.36;466.45;495.56;489.87
4502;Presidente Epitácio;SP;Estadual;236;513.1;517.24;452.41;472.79;493.73;489.86
4503;Rio do Prado;MG;Estadual;19;488.03;507.27;451.08;469.16;533.68;489.85
4504;Cruzeta;RN;Estadual;29;498.56;497.93;444.37;449.71;558.62;489.84
4505;Ijuí;RS;Municipal;48;496.12;498.31;474.4;485.31;495.0;489.83
4506;Santa Cruz das Palmeiras;SP;Estadual;185;511.24;519.09;452.51;465.75;500.58;489.83
4507;Jatobá;PE;Estadual;92;506.79;508.34;455.47;451.81;526.74;489.83
4508;Valentim Gentil;SP;Estadual;56;505.44;504.43;455.87;458.74;524.64;489.82
4509;Arco-Íris;SP;Estadual;3;498.47;556.37;447.97;466.2;480.0;489.8
4510;Cajazeirinhas;PB;Estadual;21;497.77;512.92;453.22;440.36;544.76;489.8
4511;Santa Quitéria do Maranhão;MA;Privada;36;487.03;504.08;475.3;465.33;517.22;489.79
4512;Progresso;RS;Estadual;28;490.44;508.02;473.55;463.27;513.57;489.77
4513;Santo Antônio da Barra;GO;Estadual;19;503.71;490.64;468.29;476.68;509.47;489.76
4514;Espinosa;MG;Estadual;145;502.97;516.5;461.82;456.62;510.9;489.76
4515;Camocim de São Félix;PE;Estadual;75;503.07;513.0;462.43;449.45;520.8;489.75
4516;Miguel Calmon;BA;Estadual;160;498.58;522.48;457.82;447.9;521.88;489.73
4517;Serrania;MG;Estadual;43;508.08;506.26;456.72;476.16;501.4;489.72
4518;Nova Maringá;MT;Estadual;46;501.87;517.8;469.9;444.94;513.91;489.69
4519;Urbano Santos;MA;Privada;46;489.83;505.53;462.25;447.38;543.48;489.69
4520;Alto Rio Novo;ES;Estadual;49;506.16;511.57;455.91;436.82;537.96;489.68
4521;Arealva;SP;Estadual;40;504.19;505.19;459.14;457.4;522.5;489.68
4522;Umarizal;RN;Estadual;76;497.21;508.86;454.52;454.64;533.16;489.68
4523;Pirenópolis;GO;Estadual;137;499.25;511.48;458.53;472.87;506.28;489.68
4524;Salvador;BA;Estadual;13275;503.09;518.88;457.94;454.76;513.64;489.66
4525;Juazeirinho;PB;Estadual;83;497.0;511.89;443.65;460.25;535.42;489.64
4526;Mairiporã;SP;Estadual;573;517.43;520.71;449.94;460.62;499.48;489.63
4527;Bernardino de Campos;SP;Estadual;51;505.66;532.31;452.34;458.15;499.61;489.61
4528;Iturama;MG;Municipal;22;506.38;514.13;470.6;483.2;473.64;489.59
4529;Maringá;PR;Municipal;17;509.19;527.79;477.61;433.32;500.0;489.58
4530;Luziânia;GO;Municipal;3;553.7;506.4;477.5;476.97;433.33;489.58
4531;Amambai;MS;Estadual;240;500.34;508.7;464.85;473.22;500.75;489.57
4532;Sertaneja;PR;Estadual;56;505.65;505.11;447.21;474.51;515.36;489.57
4533;Patos;PB;Estadual;545;498.83;507.89;456.7;454.22;530.13;489.55
4534;Livramento;PB;Estadual;54;494.26;510.66;455.48;465.77;521.48;489.53
4535;Frei Miguelinho;PE;Estadual;76;505.08;500.43;455.72;467.14;519.21;489.52
4536;Barra de São Miguel;PB;Estadual;31;510.97;506.66;456.85;448.58;524.52;489.51
4537;Damolândia;GO;Estadual;28;508.16;509.66;465.69;455.48;508.57;489.51
4538;Santo Antônio do Pinhal;SP;Estadual;45;511.57;518.41;447.12;460.63;509.78;489.5
4539;Soure;PA;Municipal;9;482.71;497.69;479.94;440.48;546.67;489.5
4540;Aral Moreira;MS;Estadual;46;502.37;508.17;454.85;460.8;521.3;489.5
4541;Narandiba;SP;Estadual;51;501.19;526.78;449.75;430.5;539.22;489.49
4542;Engenheiro Beltrão;PR;Estadual;80;503.28;521.97;456.76;466.34;499.0;489.47
4543;João Pinheiro;MG;Estadual;350;508.12;508.96;458.15;472.77;499.37;489.47
4544;São Fernando;RN;Estadual;25;486.5;485.52;453.67;445.63;576.0;489.46
4545;Duartina;SP;Estadual;49;509.0;509.84;462.98;465.44;500.0;489.45
4546;Monte Negro;RO;Estadual;87;502.22;517.82;461.52;468.59;497.01;489.43
4547;Alvinlândia;SP;Estadual;22;511.84;521.69;455.94;450.42;507.27;489.43
4548;Quirinópolis;GO;Estadual;141;499.89;508.59;449.89;461.6;527.09;489.41
4549;Senador Canedo;GO;Estadual;600;506.93;517.77;455.15;458.64;508.56;489.41
4550;Araripe;CE;Estadual;247;493.17;501.13;453.65;448.56;550.45;489.39
4551;Botumirim;MG;Estadual;42;499.67;517.92;462.7;470.77;495.71;489.36
4552;Redenção;CE;Estadual;386;494.55;502.0;457.58;452.72;539.9;489.35
4553;Lebon Régis;SC;Estadual;87;495.0;516.94;450.82;457.04;526.9;489.34
4554;Queimadas;PB;Estadual;264;500.07;503.59;456.16;452.73;534.17;489.34
4555;Bocaina;SP;Estadual;59;496.42;504.03;450.79;477.44;517.97;489.33
4556;Bofete;SP;Estadual;44;511.51;519.42;465.65;450.45;499.55;489.32
4557;Paraúna;GO;Estadual;56;508.46;506.63;461.74;472.21;497.5;489.31
4558;Prata;PB;Estadual;19;489.57;522.23;466.86;459.48;508.42;489.31
4559;São José do Peixe;PI;Estadual;10;498.34;527.19;444.81;426.16;550.0;489.3
4560;Jequeri;MG;Estadual;34;505.56;498.12;454.72;458.09;530.0;489.3
4561;São Francisco do Sul;SC;Municipal;5;536.3;493.04;484.44;464.56;468.0;489.27
4562;Modelo;SC;Estadual;33;497.93;518.17;472.98;485.16;472.12;489.27
4563;Balneário Gaivota;SC;Estadual;47;508.83;514.56;449.91;470.01;502.98;489.26
4564;Alta Floresta D'Oeste;RO;Estadual;175;507.32;509.42;465.48;464.94;499.09;489.25
4565;Sant'Ana do Livramento;RS;Estadual;514;503.96;512.51;453.98;465.38;510.31;489.23
4566;Guia Lopes da Laguna;MS;Estadual;72;501.77;523.36;454.79;448.44;517.78;489.23
4567;Itajobi;SP;Estadual;40;505.9;502.41;456.09;486.75;495.0;489.23
4568;Catanduvas;PR;Estadual;43;508.69;505.3;459.53;467.0;505.58;489.22
4569;Teixeira;PB;Estadual;66;500.02;515.07;444.57;456.63;529.7;489.2
4570;Sales;SP;Estadual;42;500.49;522.6;449.23;476.02;497.62;489.19
4571;Ladainha;MG;Estadual;49;499.89;514.4;453.72;470.56;507.35;489.18
4572;Bocaina de Minas;MG;Estadual;13;500.51;525.54;450.65;458.38;510.77;489.17
4573;Paracambi;RJ;Estadual;176;502.52;513.9;453.39;452.07;523.98;489.17
4574;Campinas;SP;Municipal;8;527.11;496.14;447.98;439.55;535.0;489.16
4575;Taiaçu;SP;Estadual;30;512.54;530.04;445.18;469.22;488.67;489.13
4576;Águas de Santa Bárbara;SP;Estadual;29;507.95;503.78;459.0;469.34;505.52;489.12
4577;Arroio Grande;RS;Estadual;118;512.07;506.34;448.28;466.68;512.2;489.11
4578;Maçambará;RS;Estadual;43;494.62;505.06;454.94;481.63;509.3;489.11
4579;Soledade;RS;Estadual;190;498.29;510.4;452.15;459.53;525.16;489.11
4580;Fortaleza de Minas;MG;Estadual;26;499.82;512.12;466.97;466.61;500.0;489.1
4581;Cupira;PE;Estadual;171;489.28;503.07;454.48;465.21;533.45;489.1
4582;Perobal;PR;Estadual;40;499.64;517.29;453.45;463.64;511.5;489.1
4583;Anapurus;MA;Privada;1;483.1;556.4;402.9;403.1;600.0;489.1
4584;Cassilândia;MS;Estadual;164;502.25;516.36;454.12;463.37;509.39;489.1
4585;Rio Branco;MT;Estadual;26;499.16;507.03;463.65;459.45;516.15;489.09
4586;Caconde;SP;Estadual;139;508.91;510.85;451.63;466.73;507.34;489.09
4587;Ribeirão Claro;PR;Municipal;1;516.0;457.2;436.8;475.4;560.0;489.08
4588;Tupanciretã;RS;Estadual;117;508.32;521.37;459.1;463.74;492.82;489.07
4589;Sairé;PE;Estadual;77;505.59;507.73;458.53;442.08;531.43;489.07
4590;Oliveira de Fátima;TO;Estadual;12;461.95;528.54;450.48;436.01;568.33;489.06
4591;Serranópolis;GO;Estadual;49;501.38;507.07;445.91;448.03;542.86;489.05
4592;General Carneiro;PR;Estadual;57;497.34;528.0;457.45;449.1;513.33;489.04
4593;Santa Maria do Suaçuí;MG;Estadual;125;500.87;520.16;452.37;463.89;507.84;489.03
4594;Paulo de Faria;SP;Estadual;40;496.56;506.62;450.74;471.66;519.5;489.02
4595;Clementina;SP;Estadual;39;510.25;510.25;454.8;472.85;496.92;489.02
4596;Capitão Poço;PA;Estadual;365;489.54;512.85;459.95;460.08;522.58;489.0
4597;Pacaembu;SP;Estadual;49;501.28;506.98;459.81;468.63;508.29;489.0
4598;Nova Bréscia;RS;Estadual;19;488.99;515.95;462.14;490.53;487.37;489.0
4599;Paramoti;CE;Estadual;84;496.61;505.83;467.68;452.68;522.14;488.99
4600;Pacatuba;CE;Estadual;437;496.15;510.25;456.66;458.71;523.2;488.99
4601;Naviraí;MS;Estadual;336;506.42;513.58;462.77;469.87;492.2;488.97
4602;Senador Pompeu;CE;Estadual;262;498.94;507.13;460.24;457.0;521.45;488.95
4603;Pinhão;PR;Estadual;235;501.29;514.54;452.71;459.55;516.6;488.94
4604;Santa Tereza;RS;Estadual;1;513.3;501.4;426.1;563.9;440.0;488.94
4605;São João do Pacuí;MG;Estadual;18;497.06;511.19;466.86;471.79;497.78;488.93
4606;Lastro;PB;Estadual;32;490.84;497.54;443.3;440.44;572.5;488.92
4607;Urupês;SP;Estadual;40;509.96;506.43;447.31;480.39;500.5;488.92
4608;Cocalzinho de Goiás;GO;Estadual;115;505.11;510.67;460.8;462.39;505.57;488.91
4609;São João do Manhuaçu;MG;Estadual;61;491.14;495.94;455.66;467.69;534.1;488.91
4610;Tabaí;RS;Municipal;8;504.14;506.96;456.78;489.14;487.5;488.9
4611;Guapirama;PR;Estadual;31;510.25;507.64;461.69;476.53;488.39;488.9
4612;Pedra Dourada;MG;Estadual;27;505.24;518.8;462.74;433.95;523.7;488.89
4613;Prudentópolis;PR;Estadual;316;500.96;519.23;461.32;461.6;501.14;488.85
4614;Paragominas;PA;Estadual;684;500.81;514.85;454.37;453.06;521.14;488.85
4615;Beberibe;CE;Estadual;721;489.5;502.14;464.78;458.33;529.51;488.85
4616;Santa Maria Madalena;RJ;Estadual;34;498.96;525.4;458.61;437.71;523.53;488.84
4617;Ponta Porã;MS;Estadual;596;507.51;517.55;461.37;465.51;492.25;488.84
4618;Primavera do Leste;MT;Estadual;370;495.95;511.42;457.74;457.31;521.73;488.83
4619;Coronel Freitas;SC;Estadual;57;515.42;516.35;463.83;474.81;473.68;488.82
4620;Jardim de Piranhas;RN;Estadual;74;491.93;511.86;456.38;453.1;530.81;488.82
4621;Aperibé;RJ;Estadual;69;505.53;510.0;451.75;455.83;520.87;488.8
4622;Boca do Acre;AM;Estadual;194;494.36;505.88;450.51;461.48;531.75;488.79
4623;Elisiário;SP;Estadual;22;514.16;512.86;455.03;501.88;460.0;488.78
4624;Ji-Paraná;RO;Estadual;1064;499.08;511.21;458.67;469.56;505.36;488.78
4625;Cariri do Tocantins;TO;Estadual;29;502.33;528.48;450.33;461.21;501.38;488.75
4626;Malacacheta;MG;Municipal;1;431.7;559.7;466.9;525.4;460.0;488.74
4627;Santa Helena;PB;Estadual;62;499.24;505.84;467.13;441.44;530.0;488.73
4628;São João da Ponte;MG;Municipal;5;499.32;517.84;466.32;452.1;508.0;488.72
4629;São Miguel do Araguaia;GO;Estadual;156;494.88;510.02;451.72;455.08;531.92;488.72
4630;Cândido Sales;BA;Estadual;125;488.36;505.0;453.4;460.32;536.48;488.71
4631;Caibi;SC;Estadual;44;507.3;515.76;451.69;479.2;489.55;488.7
4632;Jacaraú;PB;Estadual;103;494.14;510.64;456.7;450.74;531.26;488.7
4633;Monte Aprazível;SP;Estadual;129;509.0;510.89;462.18;471.78;489.61;488.69
4634;São Francisco do Oeste;RN;Estadual;23;492.56;493.53;451.61;432.72;573.04;488.69
4635;Tumiritinga;MG;Estadual;47;508.19;528.2;456.19;461.51;489.36;488.69
4636;Santa Maria;RN;Estadual;7;532.9;525.37;467.41;440.57;477.14;488.68
4637;Luís Antônio;SP;Estadual;66;503.51;512.89;459.35;468.65;498.79;488.64
4638;Nova Iguaçu de Goiás;GO;Estadual;17;520.76;531.58;456.51;454.25;480.0;488.62
4639;Presidente Bernardes;SP;Estadual;98;513.18;517.78;448.78;454.2;509.18;488.62
4640;Conceição das Alagoas;MG;Estadual;122;506.39;516.17;461.35;457.21;501.97;488.62
4641;Esmeralda;RS;Estadual;10;517.0;508.05;458.55;479.43;480.0;488.61
4642;Palmeirópolis;TO;Estadual;66;492.41;518.48;454.88;460.89;516.36;488.6
4643;Torrinha;SP;Estadual;64;499.52;506.57;465.21;468.23;503.44;488.59
4644;Sapezal;MT;Estadual;120;504.38;507.37;466.08;462.3;502.83;488.59
4645;Cordeiros;BA;Estadual;78;500.97;505.65;455.71;464.74;515.9;488.59
4646;Tenente Portela;RS;Estadual;85;509.55;506.37;463.47;462.79;500.71;488.58
4647;Natividade;RJ;Estadual;85;497.7;508.74;455.4;461.24;519.76;488.57
4648;Guanhães;MG;Estadual;201;503.45;513.11;459.86;465.82;500.6;488.57
4649;Bom Progresso;RS;Estadual;33;511.46;512.59;473.06;464.49;481.21;488.56
4650;Várzea Grande;MT;Municipal;1;478.2;483.2;443.2;478.2;560.0;488.56
4651;Anhanguera;GO;Estadual;4;526.52;523.22;426.9;446.12;520.0;488.55
4652;Santo Antônio da Patrulha;RS;Estadual;246;507.71;517.58;451.16;460.73;505.45;488.53
4653;Santa Luzia;MA;Privada;15;487.35;487.72;456.45;457.75;553.33;488.52
4654;Martinho Campos;MG;Municipal;12;498.05;520.12;453.71;440.59;530.0;488.5
4655;Timburi;SP;Estadual;24;493.72;505.44;467.15;470.24;505.83;488.48
4656;Suzanápolis;SP;Estadual;22;496.41;513.89;467.58;452.66;511.82;488.47
4657;Jenipapo de Minas;MG;Estadual;57;506.22;512.11;455.24;441.76;527.02;488.47
4658;Utinga;BA;Estadual;83;501.36;512.43;466.5;456.47;505.54;488.46
4659;Wagner;BA;Estadual;50;485.23;512.89;453.98;458.62;531.6;488.46
4660;Ibiá;MG;Estadual;72;511.07;516.24;460.43;463.94;490.56;488.45
4661;Cerejeiras;RO;Estadual;114;501.65;511.94;464.45;461.41;502.81;488.45
4662;Rolim de Moura;RO;Estadual;566;504.63;515.64;465.3;467.2;489.43;488.44
4663;Lobato;PR;Estadual;33;490.71;503.28;474.72;469.23;504.24;488.44
4664;Três Pontas;MG;Municipal;10;513.35;536.04;453.9;454.84;484.0;488.43
4665;Itaberaba;BA;Estadual;309;498.68;516.22;452.4;447.27;527.51;488.42
4666;Reginópolis;SP;Estadual;17;516.74;517.18;467.59;435.86;504.71;488.41
4667;Gurupi;TO;Estadual;443;501.28;510.41;453.15;467.12;510.0;488.39
4668;Potengi;CE;Estadual;92;498.43;512.74;458.73;443.66;528.26;488.36
4669;Pitangueiras;SP;Estadual;158;510.96;516.78;452.57;470.05;491.39;488.35
4670;Taquaritinga do Norte;PE;Estadual;109;503.36;506.97;454.38;463.45;513.58;488.35
4671;Mulungu;CE;Estadual;105;487.45;501.4;455.01;440.9;556.95;488.34
4672;Aparecida do Taboado;MS;Estadual;131;504.16;514.25;462.3;470.77;490.23;488.34
4673;Nova Londrina;PR;Estadual;77;503.51;515.84;463.74;454.63;503.9;488.32
4674;Lavandeira;TO;Estadual;14;500.81;494.81;459.67;473.43;512.86;488.32
4675;Jaguariaíva;PR;Estadual;133;510.47;514.0;450.37;464.25;502.41;488.3
4676;Muliterno;RS;Estadual;14;492.2;528.33;426.84;482.66;511.43;488.29
4677;Rincão;SP;Estadual;30;520.89;512.21;451.11;451.87;505.33;488.28
4678;Santa Mariana;PR;Estadual;56;495.43;508.55;464.44;450.83;522.14;488.28
4679;Piripiri;PI;Estadual;585;499.38;511.22;459.32;449.21;522.22;488.27
4680;Caririaçu;CE;Estadual;291;494.66;507.23;463.19;452.79;523.37;488.25
4681;Três Palmeiras;RS;Estadual;33;505.45;519.96;458.49;457.26;500.0;488.23
4682;Quinze de Novembro;RS;Estadual;8;491.79;508.49;487.91;470.45;482.5;488.23
4683;Serra Branca;PB;Estadual;89;490.05;516.17;451.79;438.43;544.72;488.23
4684;Casimiro de Abreu;RJ;Municipal;13;482.85;503.98;440.96;487.14;526.15;488.22
4685;Monte Azul Paulista;SP;Estadual;86;507.0;510.26;455.23;473.02;495.58;488.22
4686;Alagoinhas;BA;Estadual;704;499.35;519.27;461.72;454.48;506.25;488.21
4687;Riachão do Jacuípe;BA;Estadual;184;494.16;512.79;463.0;448.26;522.83;488.21
4688;São Miguel do Aleixo;SE;Estadual;16;480.59;483.39;433.9;465.61;577.5;488.2
4689;Caucaia;CE;Estadual;2265;499.11;512.49;460.26;456.59;512.49;488.19
4690;Novo Horizonte do Oeste;RO;Estadual;72;495.54;515.77;468.41;467.56;493.61;488.18
4691;João Monlevade;MG;Municipal;11;508.15;515.41;471.94;458.07;487.27;488.17
4692;São Sebastião do Maranhão;MG;Estadual;37;496.43;525.58;464.14;461.61;492.97;488.15
4693;Santo Antônio do Rio Abaixo;MG;Estadual;16;496.57;516.14;436.94;427.3;563.75;488.14
4694;Jaboti;PR;Estadual;31;486.17;509.76;446.15;484.44;514.19;488.14
4695;Orizânia;MG;Municipal;42;493.63;501.12;466.79;464.89;514.29;488.14
4696;Lapa;PR;Estadual;410;500.22;505.73;457.39;477.62;499.67;488.13
4697;Paulista;PB;Estadual;59;485.9;497.43;460.71;448.33;548.14;488.1
4698;Rio Doce;MG;Estadual;21;517.23;512.43;450.99;457.0;502.86;488.1
4699;Alto Paraíso de Goiás;GO;Privada;4;489.3;508.58;466.52;506.05;470.0;488.09
4700;Cacimba de Dentro;PB;Estadual;93;492.35;500.03;444.22;448.76;555.05;488.08
4701;Rio do Antônio;BA;Estadual;121;492.37;516.93;451.76;447.88;531.4;488.07
4702;São Francisco do Piauí;PI;Estadual;41;493.85;506.61;451.84;437.28;550.73;488.06
4703;Santana do Itararé;PR;Estadual;59;500.98;511.11;469.22;457.64;501.25;488.04
4704;Jaçanã;RN;Estadual;59;503.3;503.13;454.76;448.81;530.17;488.03
4705;Pedro Gomes;MS;Estadual;50;507.83;520.72;472.49;451.47;487.6;488.02
4706;Regente Feijó;SP;Estadual;110;513.84;513.24;453.86;453.67;505.45;488.01
4707;Arapiraca;AL;Estadual;1321;493.79;510.94;452.76;454.78;527.8;488.01
4708;Sobral;CE;Estadual;2369;499.96;509.22;460.52;460.48;509.83;488.0
4709;Bento de Abreu;SP;Estadual;14;513.18;506.41;444.21;447.61;528.57;488.0
4710;São Valério;TO;Estadual;16;490.51;517.86;467.22;443.16;521.25;488.0
4711;Cerro Azul;PR;Estadual;62;503.19;507.38;461.3;465.81;502.26;487.99
4712;Brazabrantes;GO;Estadual;23;520.02;513.72;454.97;465.12;486.09;487.98
4713;Primeiro de Maio;PR;Estadual;67;499.47;512.35;449.96;466.17;511.94;487.98
4714;Tacaratu;PE;Estadual;138;495.41;500.32;460.24;447.77;536.09;487.97
4715;Itatiaia;RJ;Estadual;73;507.46;507.86;457.18;468.95;498.36;487.96
4716;Chapadão do Lageado;SC;Estadual;31;480.53;501.62;453.33;466.92;537.42;487.96
4717;Eldorado do Sul;RS;Estadual;131;511.98;518.7;458.43;470.6;480.0;487.94
4718;Manaus;AM;Estadual;16029;501.26;512.49;454.42;452.46;519.05;487.94
4719;Praia Grande;SC;Estadual;50;499.89;507.26;465.71;447.2;519.6;487.93
4720;Comercinho;MG;Privada;2;495.65;498.7;412.25;423.05;610.0;487.93
4721;Nova Granada;SP;Estadual;69;514.55;507.6;451.77;465.99;499.71;487.92
4722;São Valentim do Sul;RS;Estadual;9;500.67;509.21;430.37;423.78;575.56;487.92
4723;Lagoa dos Gatos;PE;Estadual;99;490.02;503.68;450.22;461.44;534.14;487.9
4724;Nantes;SP;Estadual;25;510.94;514.52;448.44;459.9;505.6;487.88
4725;Canhotinho;PE;Estadual;114;498.85;515.29;453.5;449.12;522.63;487.88
4726;São Geraldo do Araguaia;PA;Municipal;2;536.55;555.3;477.05;410.5;460.0;487.88
4727;Cantagalo;MG;Estadual;11;510.05;497.32;440.66;453.12;538.18;487.87
4728;Ubirajara;SP;Estadual;18;507.33;503.04;465.66;461.12;502.22;487.87
4729;Uruaçu;GO;Estadual;260;497.18;510.85;456.7;455.31;519.23;487.85
4730;Lauro Muller;SC;Estadual;75;494.51;509.63;454.37;457.98;522.67;487.83
4731;Matelândia;PR;Estadual;80;495.45;513.53;465.96;475.44;488.5;487.78
4732;Nova Porteirinha;MG;Estadual;29;490.53;518.83;442.77;478.48;508.28;487.78
4733;Malacacheta;MG;Estadual;137;501.68;516.17;458.37;468.81;493.87;487.78
4734;Reserva do Iguaçu;PR;Estadual;32;497.64;518.8;460.93;443.92;517.5;487.76
4735;Mossoró;RN;Estadual;1532;502.0;509.14;454.8;459.33;513.42;487.74
4736;Paulo Lopes;SC;Estadual;26;503.36;521.69;460.18;475.02;478.46;487.74
4737;Barra do Mendes;BA;Estadual;54;503.66;521.24;464.18;456.55;492.96;487.72
4738;Itaguaru;GO;Estadual;62;486.26;503.17;454.16;464.05;530.97;487.72
4739;São Raimundo das Mangabeiras;MA;Federal;48;488.39;506.23;480.98;456.71;506.25;487.71
4740;Cocal;PI;Estadual;104;494.38;514.33;462.98;462.85;504.04;487.71
4741;Piraí do Sul;PR;Estadual;72;513.62;516.58;458.23;456.97;493.06;487.69
4742;Granjeiro;CE;Estadual;40;496.15;504.91;465.26;472.74;499.35;487.68
4743;Jaboatão dos Guararapes;PE;Estadual;2805;505.26;512.92;458.34;451.9;509.91;487.67
4744;São Pedro do Iguaçu;PR;Estadual;33;496.41;518.44;464.1;455.14;504.24;487.67
4745;Santa Cruz;PE;Estadual;50;499.21;512.84;456.53;454.56;515.2;487.67
4746;Jaru;RO;Estadual;388;502.21;510.64;458.06;468.63;498.76;487.66
4747;Ribeirópolis;SE;Municipal;1;443.0;494.3;497.1;483.9;520.0;487.66
4748;São José da Tapera;AL;Privada;26;502.15;495.25;462.69;449.68;528.46;487.65
4749;Trajano de Moraes;RJ;Estadual;66;494.4;506.51;459.07;447.02;531.21;487.64
4750;Jandira;SP;Municipal;8;522.54;500.46;444.58;465.56;505.0;487.63
4751;Ouro Verde de Goiás;GO;Estadual;19;507.13;504.87;455.28;468.72;502.11;487.62
4752;Eunápolis;BA;Estadual;435;503.82;513.91;452.72;455.62;511.95;487.61
4753;Nova Guarita;MT;Estadual;40;510.92;515.62;460.32;443.21;508.0;487.61
4754;São Miguel do Guaporé;RO;Estadual;187;493.31;499.33;458.14;468.6;518.61;487.6
4755;Pesqueira;PE;Estadual;386;501.4;509.84;460.99;452.88;512.86;487.6
4756;Triunfo;RS;Estadual;21;501.42;516.17;455.47;481.09;483.81;487.59
4757;Ventania;PR;Estadual;50;497.3;522.27;448.91;451.46;518.0;487.59
4758;Ametista do Sul;RS;Estadual;53;509.92;509.32;463.95;452.89;501.89;487.59
4759;Mirante da Serra;RO;Estadual;99;496.68;508.03;459.12;467.4;506.67;487.58
4760;Aparecida;PB;Estadual;34;491.78;498.92;472.68;450.9;523.53;487.56
4761;Braúnas;MG;Estadual;18;511.76;489.59;469.84;488.84;477.78;487.56
4762;Peabiru;PR;Estadual;80;507.08;519.15;455.48;441.73;514.25;487.54
4763;Cocal de Telha;PI;Estadual;49;499.29;514.51;463.3;458.57;502.04;487.54
4764;Guarda-Mor;MG;Estadual;22;501.55;506.39;480.3;473.93;475.45;487.53
4765;Tanque do Piauí;PI;Estadual;23;490.2;520.36;467.75;420.06;539.13;487.5
4766;Juquiá;SP;Estadual;136;508.51;515.32;454.09;462.17;497.35;487.49
4767;Igarapava;SP;Estadual;113;496.02;514.55;465.36;452.28;509.2;487.48
4768;Sanclerlândia;GO;Estadual;74;500.88;517.24;459.17;455.75;504.32;487.47
4769;Buriticupu;MA;Privada;5;514.96;521.02;466.48;506.78;428.0;487.45
4770;Paulo Afonso;BA;Estadual;553;499.16;513.42;453.21;453.09;518.27;487.43
4771;Paraíso do Norte;PR;Estadual;51;500.63;509.36;465.67;465.04;496.47;487.43
4772;Três Barras do Paraná;PR;Estadual;65;499.64;510.78;451.42;466.02;509.23;487.42
4773;Dom Pedro de Alcântara;RS;Estadual;18;504.74;507.78;449.74;455.92;518.89;487.42
4774;Rinópolis;SP;Estadual;28;499.54;521.93;453.93;443.12;518.57;487.42
4775;Santa Rita do Itueto;MG;Estadual;40;509.31;522.0;455.37;463.9;486.5;487.42
4776;Valparaíso de Goiás;GO;Estadual;860;506.79;513.39;451.6;459.29;505.98;487.41
4777;Bananeiras;PB;Estadual;153;485.29;507.6;458.55;440.2;545.36;487.4
4778;Marinópolis;SP;Estadual;19;520.94;518.02;453.08;462.82;482.11;487.39
4779;Nortelândia;MT;Estadual;42;494.45;505.44;448.52;460.92;527.62;487.39
4780;Coluna;MG;Estadual;60;495.24;513.79;467.52;450.89;509.33;487.35
4781;Diamante D'Oeste;PR;Estadual;42;486.92;507.32;451.94;471.04;519.52;487.35
4782;Pajeú do Piauí;PI;Estadual;29;483.4;510.39;461.72;449.53;531.72;487.35
4783;Icapuí;CE;Estadual;140;491.14;506.28;464.01;453.4;521.86;487.34
4784;Guaraçaí;SP;Estadual;37;500.05;502.3;464.57;450.29;519.46;487.33
4785;Papanduva;SC;Estadual;166;494.13;501.44;451.2;461.07;528.8;487.33
4786;Braúna;SP;Estadual;20;503.02;503.69;455.94;451.86;522.0;487.3
4787;Bom Jesus de Goiás;GO;Estadual;146;497.08;507.83;463.46;462.66;505.48;487.3
4788;Barão de Monte Alto;MG;Estadual;39;484.3;506.69;451.81;450.04;543.59;487.28
4789;Ilhéus;BA;Estadual;1009;495.5;516.84;458.33;453.42;512.29;487.28
4790;Aricanduva;MG;Estadual;44;507.09;508.32;462.33;470.9;487.73;487.27
4791;Descalvado;SP;Estadual;77;512.89;504.91;454.21;458.68;505.45;487.23
4792;Ponte Alta;SC;Estadual;37;495.53;516.42;448.35;465.58;510.27;487.23
4793;Jacupiranga;SP;Estadual;115;503.18;508.2;451.4;479.3;494.09;487.23
4794;Itaitinga;CE;Estadual;424;494.4;503.01;455.34;468.14;515.24;487.22
4795;Amargosa;BA;Estadual;210;488.73;516.12;456.34;441.32;533.52;487.21
4796;Caraúbas;PB;Estadual;33;495.28;511.17;446.15;434.29;549.09;487.2
4797;Pacaraima;RR;Estadual;23;509.16;502.99;436.14;448.38;539.13;487.16
4798;Eldorado;SP;Estadual;91;508.09;510.07;455.88;467.2;494.51;487.15
4799;Peixoto de Azevedo;MT;Privada;1;508.8;508.2;410.8;427.9;580.0;487.14
4800;Novo Progresso;PA;Estadual;95;496.12;515.48;452.76;473.48;497.89;487.14
4801;Aurora do Tocantins;TO;Estadual;23;505.43;531.29;455.33;461.06;482.61;487.14
4802;São Salvador do Tocantins;TO;Estadual;22;492.99;495.72;451.01;459.52;536.36;487.12
4803;Buenópolis;MG;Estadual;51;502.01;508.11;460.15;457.85;507.45;487.11
4804;Belém;PA;Estadual;10550;496.84;515.15;458.93;451.41;513.25;487.11
4805;Caturaí;GO;Estadual;39;490.91;519.77;453.04;459.5;512.31;487.1
4806;Santa Filomena;PI;Estadual;30;497.22;502.08;460.43;452.43;523.33;487.1
4807;Itaquaquecetuba;SP;Estadual;1980;510.13;515.81;448.94;458.64;501.89;487.08
4808;Ilhabela;SP;Estadual;127;512.69;521.39;457.45;462.78;481.1;487.08
4809;Alagoinha do Piauí;PI;Estadual;32;501.56;509.61;461.95;452.86;509.38;487.07
4810;Alagoinhas;BA;Municipal;3;512.3;536.87;417.73;441.7;526.67;487.05
4811;Santo Antônio do Amparo;MG;Estadual;97;505.19;510.12;462.98;451.61;505.3;487.04
4812;Arapuã;PR;Estadual;15;499.79;512.28;474.48;439.29;509.33;487.03
4813;Pardinho;SP;Estadual;3;496.27;523.7;440.5;487.93;486.67;487.01
4814;Ecoporanga;ES;Estadual;181;496.9;504.85;463.8;466.37;503.09;487.0
4815;Planura;MG;Estadual;34;514.5;525.21;465.19;460.68;469.41;487.0
4816;Zé Doca;MA;Privada;15;482.27;517.56;465.05;418.14;552.0;487.0
4817;Passo de Torres;SC;Municipal;8;484.29;476.15;470.56;506.45;497.5;486.99
4818;Atalaia;PR;Estadual;35;500.94;513.09;472.86;449.16;498.86;486.98
4819;Tefé;AM;Estadual;506;493.82;510.92;451.21;443.53;535.38;486.97
4820;Nova Xavantina;MT;Estadual;175;493.69;509.91;454.15;461.68;515.43;486.97
4821;São Gonçalo dos Campos;BA;Estadual;96;493.9;509.67;461.14;455.33;514.79;486.97
4822;Japonvar;MG;Estadual;60;501.33;515.88;452.53;444.04;521.0;486.96
4823;Ubatuba;SP;Estadual;311;512.42;515.78;457.84;456.85;491.9;486.96
4824;Juruá;AM;Estadual;31;497.67;520.85;442.88;432.73;540.65;486.96
4825;São João do Ivaí;PR;Estadual;66;496.92;513.23;445.74;453.15;525.45;486.9
4826;Curitibanos;SC;Municipal;13;497.36;513.28;465.65;445.92;512.31;486.9
4827;São Domingos;SE;Estadual;98;484.72;500.92;466.12;459.5;523.27;486.9
4828;Paranavaí;PR;Municipal;1;522.9;484.1;452.2;535.3;440.0;486.9
4829;Cananéia;SP;Estadual;75;509.66;506.12;467.98;448.55;502.13;486.89
4830;Abreu e Lima;PE;Estadual;573;504.59;512.66;456.0;448.39;512.81;486.89
4831;Conceição do Jacuípe;BA;Estadual;170;500.15;514.63;456.81;448.79;514.0;486.88
4832;Acopiara;CE;Estadual;418;495.41;504.33;459.43;459.89;515.31;486.88
4833;Ouro Verde;SC;Estadual;26;477.23;512.5;457.05;454.53;533.08;486.88
4834;Deodápolis;MS;Estadual;91;491.08;508.91;453.64;468.2;512.53;486.87
4835;Primavera de Rondônia;RO;Estadual;22;500.59;516.83;454.62;469.54;492.73;486.86
4836;Encanto;RN;Estadual;27;502.82;515.63;451.08;424.04;540.74;486.86
4837;Cariré;CE;Municipal;2;509.85;473.6;435.2;445.6;570.0;486.85
4838;Nossa Senhora das Dores;SE;Estadual;164;489.69;506.24;459.26;447.65;531.22;486.81
4839;Malhada dos Bois;SE;Estadual;24;475.1;514.87;476.01;441.2;526.67;486.77
4840;Itapetinga;BA;Estadual;331;490.95;512.65;450.01;454.24;525.98;486.77
4841;Tavares;RS;Estadual;27;503.57;497.14;452.16;476.56;504.44;486.77
4842;Ribeira;SP;Estadual;21;494.08;508.43;455.0;475.36;500.95;486.76
4843;Vila Nova do Piauí;PI;Estadual;16;503.52;499.68;452.34;433.24;545.0;486.76
4844;Queimadas;BA;Estadual;79;503.94;508.26;449.42;467.36;504.81;486.76
4845;Sertãozinho;PB;Estadual;44;513.17;495.84;461.1;456.32;507.27;486.74
4846;Quatiguá;PR;Estadual;33;506.57;509.05;453.48;470.58;493.94;486.73
4847;Itu;SP;Municipal;47;504.14;527.76;454.98;478.25;468.51;486.73
4848;Joaçaba;SC;Estadual;104;494.97;507.23;458.33;469.37;503.65;486.71
4849;Ouro Verde do Oeste;PR;Estadual;31;497.81;521.38;452.03;458.43;503.87;486.7
4850;Vitória de Santo Antão;PE;Estadual;541;501.74;506.44;454.6;449.68;521.0;486.69
4851;Riacho de Santana;BA;Estadual;176;497.18;513.89;460.48;457.74;504.09;486.68
4852;Campo Erê;SC;Estadual;129;494.7;503.38;470.94;483.7;480.62;486.67
4853;Sorriso;MT;Estadual;538;500.85;509.41;458.75;468.84;495.43;486.66
4854;Vista Serrana;PB;Estadual;25;480.38;504.38;453.18;470.49;524.8;486.65
4855;Barra Mansa;RJ;Municipal;1;549.1;555.6;445.8;462.7;420.0;486.64
4856;Brunópolis;SC;Estadual;23;473.85;489.81;457.69;464.86;546.96;486.63
4857;Iperó;SP;Estadual;137;516.16;518.88;445.63;457.13;495.33;486.62
4858;Tejupá;SP;Estadual;29;495.57;502.57;452.23;480.59;502.07;486.61
4859;Corumbá de Goiás;GO;Estadual;60;490.73;508.71;451.15;462.45;520.0;486.61
4860;Campina Verde;MG;Estadual;103;500.9;516.25;460.24;460.52;495.15;486.61
4861;Cidade Ocidental;GO;Estadual;381;508.39;509.98;449.31;455.89;509.4;486.59
4862;Moraújo;CE;Estadual;111;490.77;499.75;457.75;454.39;530.27;486.59
4863;Maria da Fé;MG;Estadual;85;501.82;506.03;451.54;468.8;504.71;486.58
4864;São Luís;MA;Estadual;9194;497.76;511.29;460.18;448.25;515.4;486.58
4865;Vicentina;MS;Estadual;57;491.28;505.9;455.53;446.85;533.33;486.58
4866;Irupi;ES;Estadual;72;500.98;512.68;454.38;469.21;495.56;486.56
4867;Pontal;SP;Estadual;221;505.59;516.07;450.88;465.49;494.75;486.56
4868;São Francisco do Brejão;MA;Estadual;29;512.96;511.84;451.1;457.6;499.31;486.56
4869;Quevedos;RS;Estadual;22;497.55;517.62;450.29;474.63;492.73;486.56
4870;Santarém;PA;Estadual;3102;491.66;507.34;455.74;448.38;529.51;486.53
4871;Roseira;SP;Estadual;45;505.81;520.54;459.54;456.54;490.22;486.53
4872;Brejinho;PE;Estadual;52;501.15;505.81;466.11;459.92;499.62;486.52
4873;Mimoso do Sul;ES;Estadual;153;489.99;506.74;463.47;458.0;514.38;486.52
4874;Fazenda Vilanova;RS;Estadual;17;503.15;510.95;455.82;474.29;488.24;486.49
4875;Godoy Moreira;PR;Estadual;14;481.67;500.21;455.29;460.89;534.29;486.47
4876;Lucélia;SP;Estadual;50;518.09;512.53;457.11;461.73;482.8;486.45
4877;Água Boa;MT;Estadual;112;493.97;511.5;464.55;466.45;495.71;486.44
4878;Guatapará;SP;Municipal;1;531.7;550.7;418.4;451.4;480.0;486.44
4879;Campo Novo;RS;Estadual;18;509.94;509.33;439.2;485.89;487.78;486.43
4880;Ibitiúra de Minas;MG;Estadual;20;502.4;509.1;454.79;463.88;502.0;486.43
4881;Ichu;BA;Estadual;41;487.57;512.7;449.77;458.17;523.9;486.42
4882;Parisi;SP;Estadual;12;508.08;520.37;450.12;478.54;475.0;486.42
4883;Japaratuba;SE;Municipal;1;505.3;556.0;527.0;443.7;400.0;486.4
4884;Guarabira;PB;Estadual;287;496.44;505.11;453.11;451.14;526.13;486.39
4885;Terra Nova;PE;Estadual;73;486.22;498.23;453.36;463.39;530.68;486.38
4886;Itaara;RS;Estadual;33;489.25;524.23;456.76;455.57;506.06;486.37
4887;Capitão Andrade;MG;Estadual;34;499.95;505.26;454.88;485.23;486.47;486.36
4888;Cabo Verde;MG;Estadual;48;517.51;507.18;442.66;454.36;510.0;486.34
4889;Santo Amaro das Brotas;SE;Estadual;55;496.59;512.02;455.0;454.98;513.09;486.34
4890;Tapiraí;SP;Estadual;57;511.86;515.08;445.52;473.97;485.26;486.34
4891;Pinhal da Serra;RS;Estadual;23;491.85;508.46;459.9;458.14;513.04;486.28
4892;Brasnorte;MT;Municipal;2;526.35;503.45;509.2;422.3;470.0;486.26
4893;Ipirá;BA;Estadual;242;494.67;515.64;452.03;447.24;521.74;486.26
4894;Santa Terezinha;MT;Estadual;18;485.28;498.61;454.39;460.82;532.22;486.26
4895;São Joaquim;SC;Estadual;127;497.75;509.39;448.19;457.16;518.74;486.25
4896;São Cristóvão;SE;Estadual;270;483.83;517.85;451.74;437.14;540.67;486.25
4897;Bom Jesus;RS;Estadual;37;503.99;502.0;463.16;462.59;499.46;486.24
4898;Borborema;SP;Municipal;1;538.7;548.5;518.9;365.1;460.0;486.24
4899;Santa Mônica;PR;Estadual;11;505.62;510.85;454.69;438.13;521.82;486.22
4900;Ilhota;SC;Estadual;45;506.93;510.39;455.24;458.98;499.56;486.22
4901;São Salvador do Tocantins;TO;Privada;15;477.85;516.02;457.35;430.51;549.33;486.21
4902;Santo Antônio do Aventureiro;MG;Estadual;15;498.81;504.11;448.9;480.5;498.67;486.2
4903;Dário Meira;BA;Estadual;32;499.64;504.57;460.07;450.94;515.62;486.17
4904;São Gabriel;RS;Municipal;10;501.52;498.34;443.8;467.11;520.0;486.15
4905;Colinas do Tocantins;TO;Estadual;248;494.56;505.0;456.94;457.42;516.77;486.14
4906;Envira;AM;Estadual;70;494.98;497.99;438.72;448.05;550.86;486.12
4907;Brasília de Minas;MG;Estadual;258;503.06;509.05;448.56;457.03;512.87;486.11
4908;Pedra Preta;MT;Estadual;115;495.19;500.44;456.78;469.72;508.35;486.09
4909;Guará;SP;Estadual;89;498.49;501.91;451.9;473.83;504.27;486.08
4910;Piedade de Ponte Nova;MG;Estadual;21;479.03;507.64;469.32;475.28;499.05;486.06
4911;Carvalhópolis;MG;Estadual;25;493.88;531.4;458.85;440.56;505.6;486.06
4912;Pirapora do Bom Jesus;SP;Estadual;71;503.33;516.23;446.85;471.21;492.68;486.06
4913;Érico Cardoso;BA;Estadual;36;494.64;499.67;464.28;461.67;510.0;486.05
4914;Mantenópolis;ES;Estadual;135;489.42;501.84;463.79;478.61;496.59;486.05
4915;Xinguara;PA;Estadual;296;493.56;506.13;452.8;458.65;518.99;486.03
4916;Borborema;SP;Estadual;57;503.94;502.51;448.62;456.07;518.95;486.02
4917;Maetinga;BA;Estadual;30;505.07;497.57;444.91;448.5;534.0;486.01
4918;Camutanga;PE;Estadual;40;496.23;514.75;460.23;441.29;517.5;486.0
4919;Canindé de São Francisco;SE;Municipal;1;506.4;505.7;428.1;469.8;520.0;486.0
4920;São José da Varginha;MG;Estadual;20;494.08;519.64;450.52;458.67;507.0;485.98
4921;Itaara;RS;Municipal;1;540.6;503.5;389.8;475.9;520.0;485.96
4922;Joaquim Pires;PI;Estadual;88;490.37;500.0;467.2;452.01;520.23;485.96
4923;Simonésia;MG;Estadual;75;498.01;510.1;456.71;463.85;501.07;485.95
4924;Tapiratiba;SP;Estadual;41;499.83;501.92;453.86;472.63;501.46;485.94
4925;Camaçari;BA;Estadual;1392;500.26;514.23;455.99;454.52;504.61;485.92
4926;São Pedro do Paraná;PR;Estadual;11;519.19;517.75;450.16;477.0;465.45;485.91
4927;Boa Nova;BA;Estadual;71;488.38;519.29;454.04;455.44;512.39;485.91
4928;Barra do Corda;MA;Privada;11;508.94;514.85;441.4;438.85;525.45;485.9
4929;Ponte Serrada;SC;Estadual;67;485.12;504.94;454.87;444.15;540.36;485.89
4930;Campo Grande;MS;Municipal;29;493.12;502.67;468.39;489.33;475.86;485.87
4931;Jauru;MT;Estadual;67;507.95;508.12;455.92;447.21;510.15;485.87
4932;Boqueirão;PB;Estadual;115;494.96;502.98;456.1;463.59;511.65;485.86
4933;Santa Maria da Serra;SP;Estadual;34;514.86;507.84;455.48;462.13;488.82;485.83
4934;Farol;PR;Estadual;18;501.64;505.33;438.53;470.3;513.33;485.83
4935;Carolina;MA;Estadual;158;491.66;511.09;458.58;453.15;514.68;485.83
4936;Santa Rosa de Lima;SE;Estadual;29;493.39;507.8;460.0;421.04;546.9;485.82
4937;Inaciolândia;GO;Estadual;37;497.43;507.96;453.01;455.02;515.68;485.82
4938;Pedra Azul;MG;Estadual;87;505.44;507.46;452.34;463.1;500.69;485.81
4939;São Sebastião do Rio Verde;MG;Estadual;11;506.05;495.86;453.32;459.22;514.55;485.8
4940;Paranatinga;MT;Estadual;111;497.28;504.73;460.68;463.35;502.88;485.79
4941;Júlio Mesquita;SP;Estadual;15;497.08;512.98;447.02;475.84;496.0;485.78
4942;Brodowski;SP;Estadual;105;511.76;509.11;457.38;455.48;495.05;485.76
4943;Sales Oliveira;SP;Estadual;29;501.86;511.04;446.06;459.48;510.34;485.76
4944;São Sebastião de Lagoa de Roça;PB;Estadual;85;491.99;510.75;449.4;443.37;533.18;485.74
4945;Glória D'Oeste;MT;Estadual;25;490.01;518.44;450.79;459.79;509.6;485.73
4946;Crateús;CE;Estadual;793;490.75;502.65;458.31;455.91;520.96;485.72
4947;Buritama;SP;Estadual;114;508.69;507.19;454.4;459.14;499.12;485.71
4948;Ariquemes;RO;Estadual;677;501.26;511.72;461.13;460.37;494.03;485.7
4949;Sertânia;PE;Estadual;251;497.01;504.26;458.74;454.9;513.63;485.7
4950;Cruz;CE;Estadual;67;492.83;497.29;455.52;471.02;511.64;485.66
4951;Gaúcha do Norte;MT;Estadual;27;494.39;495.24;476.25;478.65;483.7;485.65
4952;Montadas;PB;Estadual;42;500.48;497.91;464.24;444.56;520.95;485.63
4953;Santa Helena de Goiás;GO;Estadual;220;503.45;507.84;453.98;465.54;497.27;485.62
4954;Irapuã;SP;Estadual;38;506.49;518.32;445.73;458.62;498.95;485.62
4955;Inhaúma;MG;Estadual;31;502.65;518.09;462.77;460.69;483.87;485.61
4956;Ubajara;CE;Estadual;359;487.85;501.42;460.26;458.75;519.78;485.61
4957;Guaraciaba;SC;Estadual;89;492.12;505.98;443.56;465.43;520.9;485.6
4958;Gália;SP;Estadual;24;497.02;500.25;448.54;470.54;511.67;485.6
4959;Reriutaba;CE;Estadual;270;491.0;502.78;461.57;457.71;514.96;485.6
4960;Buritis;MG;Estadual;144;509.46;505.9;452.22;467.33;493.06;485.59
4961;Passira;PE;Estadual;240;498.44;502.31;461.67;458.58;506.92;485.58
4962;Berizal;MG;Estadual;18;513.16;509.29;436.13;466.01;503.33;485.58
4963;Davinópolis;GO;Estadual;12;473.6;512.62;445.18;488.11;508.33;485.57
4964;Guapiara;SP;Estadual;111;510.3;514.96;444.09;457.56;500.9;485.56
4965;Poções;BA;Estadual;296;492.24;513.17;453.9;447.36;521.08;485.55
4966;Glicério;SP;Estadual;22;505.36;518.1;466.36;447.01;490.91;485.55
4967;Indianópolis;PR;Estadual;26;503.29;506.66;451.54;457.82;508.46;485.55
4968;Lajedo do Tabocal;BA;Estadual;20;498.94;498.64;447.07;454.04;529.0;485.54
4969;Ipiaú;BA;Estadual;226;498.54;510.45;457.91;447.22;513.59;485.54
4970;Tucano;BA;Estadual;200;500.03;511.08;453.95;462.5;500.1;485.53
4971;Arataca;BA;Estadual;49;488.6;513.39;454.69;449.7;521.22;485.52
4972;Pimenta Bueno;RO;Estadual;330;497.83;505.01;459.47;464.39;500.89;485.52
4973;Luziânia;GO;Estadual;1267;506.27;513.83;451.18;460.17;496.1;485.51
4974;Mombuca;SP;Estadual;13;502.94;500.89;466.25;475.86;481.54;485.5
4975;Vilhena;RO;Estadual;617;498.34;511.52;458.56;460.65;498.44;485.5
4976;Morro Agudo;SP;Estadual;88;511.83;517.09;439.85;452.58;506.14;485.5
4977;Piraí;RJ;Municipal;4;531.95;520.83;440.35;449.35;485.0;485.49
4978;Campinas do Sul;RS;Estadual;44;487.67;515.14;452.68;479.13;492.73;485.47
4979;Colorado do Oeste;RO;Estadual;142;502.52;509.0;457.55;470.83;487.32;485.44
4980;São Gabriel;BA;Estadual;92;497.83;509.26;441.24;466.4;512.39;485.43
4981;Dionísio Cerqueira;SC;Estadual;104;486.89;501.14;451.9;463.01;524.23;485.43
4982;Nepomuceno;MG;Estadual;90;505.3;504.84;457.75;454.82;504.44;485.43
4983;Pirpirituba;PB;Estadual;37;493.19;504.88;458.74;454.07;516.22;485.42
4984;Doutor Camargo;PR;Estadual;41;484.42;516.3;466.78;458.63;500.98;485.42
4985;Ipubi;PE;Estadual;172;493.89;503.44;458.39;465.8;505.47;485.4
4986;Cordilheira Alta;SC;Estadual;83;489.85;505.87;457.73;453.97;519.52;485.39
4987;Boa Vista;RR;Estadual;2486;497.93;510.96;456.0;453.79;508.27;485.39
4988;Porto Seguro;BA;Estadual;638;497.32;513.51;457.61;456.49;501.97;485.38
4989;Jacuizinho;RS;Estadual;14;479.89;497.04;451.69;428.19;570.0;485.36
4990;São Sebastião da Grama;SP;Municipal;1;514.1;460.5;455.9;396.3;600.0;485.36
4991;Araruna;PR;Estadual;99;494.83;511.44;449.04;466.13;505.25;485.34
4992;Saltinho;SC;Estadual;47;491.63;500.57;467.09;473.3;494.04;485.33
4993;Senhora dos Remédios;MG;Estadual;55;506.76;504.9;461.32;474.3;479.27;485.31
4994;Jussara;PR;Estadual;48;499.44;520.02;447.56;466.18;493.33;485.31
4995;Boa Vista da Aparecida;PR;Estadual;54;492.63;508.47;456.21;468.89;500.37;485.31
4996;Água Comprida;MG;Estadual;8;494.98;516.69;466.45;438.32;510.0;485.29
4997;Salinas;MG;Estadual;204;502.14;510.25;449.39;464.86;499.8;485.29
4998;Itapevi;SP;Municipal;1;512.7;472.5;468.7;452.5;520.0;485.28
4999;Serra do Mel;RN;Estadual;53;495.64;497.7;459.66;461.32;512.08;485.28
5000;Águia Branca;ES;Estadual;121;493.23;504.41;464.82;466.92;497.02;485.28
5001;São Domingos do Norte;ES;Estadual;92;483.0;502.78;457.83;472.48;510.22;485.26
5002;Oeiras;PI;Estadual;433;485.93;506.47;457.64;453.53;522.73;485.26
5003;Tacaimbó;PE;Estadual;53;491.67;503.3;448.34;450.51;532.45;485.26
5004;Tamboara;PR;Estadual;30;508.77;507.91;451.09;466.49;492.0;485.25
5005;Cajazeiras;PB;Estadual;340;496.97;501.29;453.28;453.25;521.47;485.25
5006;Palmas;TO;Municipal;4;514.1;530.02;449.95;462.12;470.0;485.24
5007;Campina do Monte Alegre;SP;Estadual;35;495.46;520.42;449.85;460.44;500.0;485.24
5008;Nova Araçá;RS;Estadual;15;492.38;501.82;469.43;470.51;492.0;485.23
5009;Erebango;RS;Estadual;10;488.58;524.72;443.41;471.41;498.0;485.22
5010;Ouro Branco;RN;Estadual;20;471.88;498.6;453.29;474.29;528.0;485.21
5011;São Vicente do Sul;RS;Estadual;51;497.23;505.73;465.92;462.62;494.51;485.2
5012;Ibiraçu;ES;Estadual;58;503.64;511.68;456.36;452.95;501.38;485.2
5013;Formosa;GO;Estadual;547;499.85;512.38;455.89;457.23;500.62;485.19
5014;Pedras Altas;RS;Estadual;3;494.53;523.83;454.97;485.93;466.67;485.19
5015;Sentinela do Sul;RS;Estadual;23;504.67;503.98;444.2;439.07;533.91;485.17
5016;Careaçu;MG;Estadual;36;504.79;509.88;447.93;477.1;486.11;485.16
5017;Água Clara;MS;Estadual;73;496.21;504.85;449.35;467.93;507.4;485.15
5018;Santa Amélia;PR;Estadual;28;494.56;510.4;451.53;452.14;517.14;485.15
5019;Esmeraldas;MG;Municipal;2;446.3;539.9;437.15;442.35;560.0;485.14
5020;Una;BA;Estadual;90;496.75;503.57;472.73;451.02;501.56;485.13
5021;Costa Rica;MS;Estadual;149;508.39;507.32;453.72;472.73;483.49;485.13
5022;Nerópolis;GO;Estadual;178;499.66;513.9;460.53;452.58;498.99;485.13
5023;Jaguaré;ES;Estadual;192;492.98;510.4;467.54;457.02;497.71;485.13
5024;Liberato Salzano;RS;Estadual;36;495.04;496.63;455.04;467.24;511.67;485.12
5025;Tucuruí;PA;Estadual;771;495.15;512.12;456.33;446.03;515.95;485.12
5026;Santa Vitória do Palmar;RS;Estadual;197;501.95;505.42;455.9;455.45;506.8;485.11
5027;Tavares;PB;Estadual;60;480.82;504.4;451.55;464.7;524.0;485.1
5028;Pinhalão;PR;Estadual;41;501.73;505.03;456.61;458.7;503.41;485.1
5029;Itacambira;MG;Estadual;43;497.6;501.83;463.48;455.61;506.98;485.1
5030;Arenópolis;GO;Estadual;13;504.32;520.48;471.75;465.82;463.08;485.09
5031;Iguatemi;MS;Estadual;89;503.22;513.77;459.61;454.26;494.61;485.09
5032;Senador Amaral;MG;Estadual;33;491.96;510.08;457.98;449.02;516.36;485.08
5033;Bom Conselho;PE;Estadual;285;499.65;504.0;453.21;449.17;519.37;485.08
5034;Medina;MG;Estadual;92;508.03;502.54;446.34;449.16;519.35;485.08
5035;Guaraciama;MG;Estadual;20;501.18;509.72;455.34;450.16;509.0;485.08
5036;Amélia Rodrigues;BA;Estadual;139;486.41;519.33;458.34;444.86;516.4;485.07
5037;Paranaguá;PR;Estadual;835;498.77;511.68;455.17;459.06;500.69;485.07
5038;Fervedouro;MG;Estadual;57;490.83;506.65;447.67;465.38;514.74;485.05
5039;Água Boa;MG;Estadual;63;498.41;515.99;448.29;467.96;494.6;485.05
5040;Padre Paraíso;MG;Estadual;108;502.57;511.38;450.11;467.13;494.07;485.05
5041;Cachoeira Alta;GO;Estadual;37;495.17;516.53;457.67;444.49;511.35;485.04
5042;Rio Bananal;ES;Privada;6;476.2;523.33;462.73;422.92;540.0;485.04
5043;Lontra;MG;Estadual;53;495.01;506.45;463.78;468.13;491.7;485.01
5044;Fagundes;PB;Estadual;62;498.88;517.16;453.08;443.22;512.58;484.98
5045;Novo Airão;AM;Estadual;80;483.05;494.66;450.87;458.83;537.5;484.98
5046;Diogo de Vasconcelos;MG;Estadual;13;486.3;509.57;449.07;464.54;515.38;484.97
5047;Sumidouro;RJ;Municipal;15;498.25;516.7;438.69;433.85;537.33;484.97
5048;São Tomé;PR;Estadual;31;507.01;506.94;455.38;461.2;494.19;484.95
5049;Itajuípe;BA;Estadual;77;484.22;509.69;454.69;451.4;524.68;484.94
5050;Paracatu;MG;Estadual;457;505.78;505.28;451.75;455.7;506.13;484.93
5051;Barro Alto;GO;Estadual;55;497.05;508.9;453.75;468.91;496.0;484.92
5052;Camocim;CE;Estadual;771;493.73;506.66;463.97;455.26;504.9;484.9
5053;Piquet Carneiro;CE;Estadual;75;496.83;498.35;467.29;465.44;496.53;484.89
5054;Central;BA;Estadual;49;500.7;514.83;458.21;453.97;496.73;484.89
5055;Paramirim;BA;Municipal;1;521.1;538.4;419.8;445.1;500.0;484.88
5056;Rifaina;SP;Estadual;25;516.69;507.46;435.54;463.04;501.6;484.87
5057;Dores do Rio Preto;ES;Estadual;85;494.26;509.35;464.19;456.3;500.24;484.87
5058;Itaperuçu;PR;Estadual;71;496.2;511.52;449.48;467.66;499.44;484.86
5059;Giruá;RS;Estadual;93;502.69;503.89;449.74;474.42;493.55;484.86
5060;Jeceaba;MG;Estadual;17;516.76;524.16;436.69;459.56;487.06;484.85
5061;Nova Timboteua;PA;Estadual;85;476.5;502.21;460.8;435.3;549.41;484.85
5062;Belmiro Braga;MG;Estadual;21;502.11;498.11;444.6;464.04;515.24;484.82
5063;São Miguel das Missões;RS;Estadual;39;512.52;503.63;449.23;445.35;513.33;484.81
5064;Pirapó;RS;Estadual;16;497.66;507.9;447.68;454.58;516.25;484.81
5065;Tarrafas;CE;Estadual;75;489.53;487.47;457.01;476.17;513.87;484.81
5066;Caaporã;PB;Privada;18;494.39;489.84;448.08;448.34;543.33;484.8
5067;Eldorado;MS;Estadual;74;493.06;511.8;460.97;481.68;476.49;484.8
5068;Irani;SC;Estadual;65;501.84;499.05;460.88;464.01;498.15;484.79
5069;Terra Nova do Norte;MT;Estadual;130;495.13;514.66;455.81;464.11;494.15;484.77
5070;Santa Cruz Cabrália;BA;Estadual;81;497.62;514.4;459.49;446.05;506.17;484.75
5071;Porto Murtinho;MS;Estadual;92;506.04;512.89;448.56;444.08;512.17;484.75
5072;Uruana;GO;Estadual;88;499.71;498.32;458.33;486.46;480.91;484.75
5073;Lunardelli;PR;Estadual;17;496.84;517.72;457.19;444.88;507.06;484.74
5074;Irati;SC;Estadual;21;495.65;493.05;457.45;474.62;502.86;484.73
5075;Santa Bárbara do Leste;MG;Estadual;33;494.48;505.49;461.4;456.17;506.06;484.72
5076;Indiara;GO;Estadual;136;496.33;502.8;451.88;460.95;511.62;484.72
5077;Rio Branco;AC;Estadual;3994;500.82;510.51;454.7;449.0;508.57;484.72
5078;Mesquita;MG;Estadual;20;489.58;505.39;451.43;456.93;520.0;484.67
5079;Itariri;SP;Estadual;81;512.87;514.88;438.58;460.24;496.79;484.67
5080;Parelhas;RN;Estadual;147;487.5;502.4;451.66;457.08;524.63;484.65
5081;Ourilândia do Norte;PA;Estadual;113;493.14;510.72;458.68;457.54;503.19;484.65
5082;Palmeiras de Goiás;GO;Estadual;164;502.2;497.28;454.98;471.5;497.32;484.65
5083;Arroio Trinta;SC;Estadual;38;482.6;497.89;453.92;438.79;550.0;484.64
5084;Acajutiba;BA;Estadual;81;491.22;512.74;457.21;441.02;520.99;484.64
5085;Cuparaque;MG;Estadual;25;499.36;520.66;449.94;462.0;491.2;484.63
5086;Imperatriz;MA;Municipal;1;531.7;485.3;440.5;405.6;560.0;484.62
5087;Dobrada;SP;Estadual;26;508.88;518.55;452.85;470.3;472.31;484.58
5088;Bias Fortes;MG;Estadual;4;539.5;532.52;418.8;397.0;535.0;484.57
5089;Maquiné;RS;Estadual;43;488.95;502.96;457.55;457.14;516.28;484.57
5090;Iati;PE;Estadual;89;504.8;514.23;456.22;452.02;495.51;484.56
5091;Cidade Gaúcha;PR;Estadual;66;497.96;496.36;464.15;450.4;513.94;484.56
5092;Couto de Magalhães de Minas;MG;Estadual;30;521.19;514.45;459.66;447.42;480.0;484.55
5093;Itapevi;SP;Estadual;1226;511.39;513.6;444.79;457.26;495.69;484.55
5094;Imbaú;PR;Estadual;22;501.42;511.78;458.36;453.85;497.27;484.54
5095;Santa Teresinha;PB;Estadual;21;509.53;508.83;460.4;436.26;507.62;484.53
5096;Encruzilhada;BA;Estadual;39;490.29;503.15;452.63;443.19;533.33;484.52
5097;Guajeru;BA;Estadual;50;498.47;504.23;461.65;452.59;505.6;484.51
5098;Floresta;PE;Estadual;191;492.06;501.72;449.33;451.66;527.75;484.5
5099;Marabá Paulista;SP;Estadual;28;494.08;509.6;456.94;442.54;519.29;484.49
5100;Alcântaras;CE;Estadual;110;498.71;500.45;457.17;447.77;518.36;484.49
5101;Água Doce do Norte;ES;Estadual;95;499.37;505.1;458.91;459.88;499.16;484.49
5102;Alexânia;GO;Estadual;120;504.5;498.85;445.58;466.65;506.83;484.48
5103;José Boiteux;SC;Estadual;36;496.24;506.93;460.7;472.98;485.56;484.48
5104;Itabi;SE;Estadual;41;500.91;494.79;468.69;469.1;488.78;484.45
5105;Além Paraíba;MG;Estadual;103;500.97;507.61;454.26;458.5;500.78;484.42
5106;Uruoca;CE;Estadual;108;495.91;508.98;462.84;449.94;504.44;484.42
5107;Aliança do Tocantins;TO;Estadual;42;496.22;504.33;465.34;449.89;506.19;484.39
5108;Calçado;PE;Estadual;66;485.21;503.16;450.98;468.07;514.55;484.39
5109;Moreira Sales;PR;Estadual;62;496.54;509.25;460.2;458.5;497.42;484.38
5110;Cruzeiro do Sul;PR;Estadual;29;493.07;498.71;444.81;473.57;511.72;484.38
5111;Cícero Dantas;BA;Estadual;136;495.03;505.55;450.36;457.56;513.38;484.38
5112;Breves;PA;Privada;18;480.54;514.67;461.89;453.6;511.11;484.36
5113;Boa Esperança;ES;Estadual;105;497.84;511.37;456.88;453.26;502.48;484.36
5114;Dom Pedrito;RS;Estadual;213;501.33;505.0;456.52;455.28;503.66;484.36
5115;São José das Missões;RS;Estadual;16;503.85;514.11;442.88;474.68;486.25;484.35
5116;Ângulo;PR;Estadual;20;482.21;495.88;454.11;467.46;522.0;484.34
5117;São Borja;RS;Estadual;360;501.66;510.81;452.4;459.59;497.26;484.34
5118;Brejo dos Santos;PB;Estadual;23;500.79;498.83;435.4;471.78;514.78;484.32
5119;Marzagão;GO;Estadual;24;506.34;514.03;450.97;457.79;492.5;484.32
5120;São Francisco de Paula;RS;Estadual;59;512.43;518.24;438.97;442.09;509.83;484.31
5121;Serra Azul;SP;Estadual;48;513.83;515.11;448.9;462.02;481.67;484.31
5122;Andirá;PR;Estadual;180;502.34;508.76;446.86;462.8;500.78;484.31
5123;Aragoiânia;GO;Estadual;39;497.25;507.87;446.72;471.77;497.95;484.31
5124;Pedro de Toledo;SP;Estadual;59;502.75;508.0;446.53;443.61;520.68;484.31
5125;Brasileira;PI;Estadual;60;487.5;502.5;461.57;434.58;535.33;484.3
5126;Itatim;BA;Estadual;54;494.48;518.59;452.94;457.36;498.15;484.3
5127;Faxinal;PR;Estadual;58;489.54;502.36;447.97;473.31;508.28;484.29
5128;Prado;BA;Estadual;97;493.84;508.98;461.25;454.87;502.47;484.28
5129;Paranapanema;SP;Estadual;110;500.33;501.04;449.96;468.98;501.09;484.28
5130;Colorado;PR;Municipal;1;498.5;526.1;482.6;394.2;520.0;484.28
5131;Valparaíso;SP;Estadual;60;504.91;521.89;454.71;464.23;475.67;484.28
5132;São José do Calçado;ES;Estadual;58;498.04;513.01;454.93;457.09;498.28;484.27
5133;Ananindeua;PA;Estadual;3470;496.94;513.61;456.99;449.03;504.5;484.21
5134;Paraipaba;CE;Estadual;357;490.61;500.68;461.69;461.36;506.55;484.18
5135;Jaraguá;GO;Estadual;349;497.53;509.96;450.07;458.35;504.92;484.17
5136;São Francisco do Pará;PA;Estadual;89;486.7;511.75;447.88;446.0;528.54;484.17
5137;Itambé;PR;Estadual;24;507.54;518.02;463.86;448.0;483.33;484.15
5138;Teixeira de Freitas;BA;Municipal;2;469.75;495.8;414.3;470.8;570.0;484.13
5139;Santa Luzia D'Oeste;RO;Estadual;63;504.32;514.88;457.78;454.8;488.89;484.13
5140;Serrinha;BA;Estadual;366;493.71;515.23;452.38;445.62;513.61;484.11
5141;Caracol;MS;Estadual;29;489.41;510.0;456.45;438.49;526.21;484.11
5142;Bom Jesus da Lapa;BA;Estadual;437;494.7;508.93;450.3;447.4;519.22;484.11
5143;Britânia;GO;Estadual;36;510.48;494.31;452.74;452.38;510.56;484.09
5144;Pedro II;PI;Estadual;319;494.96;511.55;457.79;447.82;508.34;484.09
5145;Grão Mogol;MG;Estadual;91;502.36;500.66;458.83;458.29;500.22;484.07
5146;Bocaina;PI;Estadual;24;494.92;501.99;443.48;471.62;508.33;484.07
5147;Juazeiro;BA;Estadual;1383;493.83;511.33;455.01;452.52;507.62;484.06
5148;Bocaiúva;MG;Estadual;305;504.13;513.18;454.64;451.09;497.25;484.06
5149;Rosário do Catete;SE;Estadual;47;481.01;499.92;459.92;438.93;540.43;484.04
5150;Jandaia do Sul;PR;Estadual;123;500.53;496.64;451.88;451.9;519.19;484.03
5151;Riqueza;SC;Estadual;57;494.17;499.14;468.28;462.75;495.79;484.03
5152;Aquidauana;MS;Estadual;377;500.13;512.6;454.55;454.84;497.98;484.02
5153;Santa Bárbara do Sul;RS;Estadual;58;499.57;494.63;456.37;454.66;514.83;484.01
5154;Santa Lúcia;SP;Estadual;22;496.5;518.67;454.69;469.29;480.91;484.01
5155;Toropi;RS;Estadual;27;497.71;489.37;461.23;480.64;491.11;484.01
5156;Palmeirândia;MA;Municipal;1;482.2;469.0;439.3;509.5;520.0;484.0
5157;São Benedito;CE;Estadual;488;489.34;499.42;466.77;452.56;511.84;483.99
5158;Guaimbê;SP;Estadual;34;498.97;500.29;447.71;486.86;485.88;483.94
5159;Diorama;GO;Estadual;19;494.25;489.96;454.76;442.82;537.89;483.93
5160;Cajueiro da Praia;PI;Estadual;48;501.07;517.88;471.24;436.89;492.5;483.92
5161;Jesuânia;MG;Estadual;47;492.02;508.26;464.77;456.69;497.87;483.92
5162;Araguaçu;TO;Estadual;67;490.97;505.96;452.03;460.78;509.85;483.92
5163;Capanema;PA;Estadual;483;487.53;513.13;456.8;445.54;516.56;483.91
5164;Currais Novos;RN;Estadual;252;496.84;506.56;452.41;455.69;508.02;483.91
5165;Buritis;RO;Estadual;185;506.55;513.81;456.71;458.73;483.68;483.89
5166;Rio Verde de Mato Grosso;MS;Estadual;106;503.22;516.73;462.91;445.1;491.32;483.86
5167;Itaporã;MS;Estadual;115;491.55;506.85;457.45;454.37;509.04;483.85
5168;General Carneiro;MT;Estadual;25;476.17;502.02;446.0;458.26;536.8;483.85
5169;Rochedo;MS;Estadual;26;492.02;492.32;465.0;452.8;516.92;483.81
5170;Santo Antônio do Leste;MT;Estadual;18;499.39;499.44;474.07;457.24;488.89;483.81
5171;Pojuca;BA;Estadual;145;493.34;504.54;460.04;450.05;511.03;483.8
5172;Jussari;BA;Estadual;16;486.23;490.69;453.32;448.77;540.0;483.8
5173;São João;PE;Estadual;117;498.67;501.31;462.68;449.85;506.5;483.8
5174;Olinda;PE;Estadual;1572;499.29;509.32;457.44;449.42;503.5;483.79
5175;Bela Cruz;CE;Estadual;324;482.82;505.86;455.6;462.52;512.16;483.79
5176;Barrinha;SP;Estadual;219;506.7;512.18;443.78;461.67;494.61;483.79
5177;Barra de São Francisco;ES;Estadual;316;495.91;508.6;459.23;461.68;493.42;483.77
5178;São Luis do Piauí;PI;Estadual;13;480.0;513.2;455.75;468.16;501.54;483.73
5179;Jardinópolis;SP;Estadual;173;508.18;512.14;451.72;472.49;474.1;483.73
5180;Altamira;PA;Estadual;726;494.35;506.16;454.39;446.45;517.25;483.72
5181;Euclides da Cunha;BA;Estadual;231;506.6;515.2;448.73;443.74;504.33;483.72
5182;Israelândia;GO;Estadual;31;479.41;509.27;464.32;460.4;505.16;483.71
5183;Chapadão do Céu;GO;Estadual;62;510.65;505.13;460.38;481.39;460.97;483.7
5184;Parnamirim;PE;Estadual;121;497.28;501.67;459.08;453.36;507.11;483.7
5185;Córrego do Ouro;GO;Estadual;17;492.6;500.85;444.41;502.96;477.65;483.69
5186;Pedra Bonita;MG;Estadual;18;491.08;516.58;459.66;454.36;496.67;483.67
5187;Mucuri;BA;Estadual;189;495.52;504.91;459.23;463.07;495.56;483.66
5188;Anhembi;SP;Estadual;15;504.71;509.84;435.44;473.67;494.67;483.66
5189;Lábrea;AM;Federal;57;495.31;486.95;453.9;452.58;529.47;483.64
5190;Cururupu;MA;Estadual;194;489.77;502.55;451.89;442.69;531.24;483.63
5191;Tanhaçu;BA;Estadual;85;484.2;509.4;460.69;442.61;521.18;483.62
5192;Canoas;RS;Municipal;2;469.7;520.55;479.25;438.6;510.0;483.62
5193;Trombas;GO;Estadual;15;481.4;508.79;466.37;448.23;513.33;483.62
5194;Cuiabá;MT;Estadual;3296;495.34;511.78;450.27;455.67;504.94;483.6
5195;Ouro Verde de Minas;MG;Estadual;35;492.43;498.18;442.24;443.95;541.14;483.59
5196;Abaíra;BA;Estadual;34;492.88;511.69;466.49;452.76;494.12;483.59
5197;Santa Cecília;SC;Estadual;103;497.47;502.16;453.66;463.07;501.55;483.58
5198;Juscimeira;MT;Estadual;115;482.48;510.13;449.97;455.52;519.83;483.58
5199;Bom Sucesso de Itararé;SP;Estadual;38;517.55;507.72;450.26;476.51;465.79;483.57
5200;Cruz das Almas;BA;Estadual;392;491.01;510.7;453.1;450.15;512.86;483.56
5201;Jericó;PB;Estadual;42;482.68;502.5;439.24;440.92;552.38;483.55
5202;Jaraguari;MS;Estadual;41;502.6;504.25;442.66;461.34;506.83;483.54
5203;Centralina;MG;Estadual;38;484.45;511.23;452.89;466.39;502.63;483.52
5204;Taperoá;PB;Estadual;90;489.54;489.86;456.13;445.09;536.89;483.5
5205;Protásio Alves;RS;Estadual;14;492.71;501.58;425.86;444.51;552.86;483.5
5206;Boa Esperança do Iguaçu;PR;Estadual;24;496.68;505.24;461.09;463.6;490.83;483.49
5207;Condado;PB;Estadual;25;493.67;530.21;439.98;443.12;510.4;483.48
5208;Santa Cruz;PB;Estadual;48;492.41;499.88;447.75;472.09;505.0;483.43
5209;Dom Bosco;MG;Estadual;32;508.62;503.64;455.68;435.38;513.75;483.42
5210;Cotriguaçu;MT;Estadual;54;492.94;508.31;462.31;470.11;483.33;483.4
5211;Altinho;PE;Estadual;144;482.17;502.19;452.83;461.7;518.06;483.39
5212;Iepê;SP;Estadual;71;507.25;507.54;454.58;456.16;491.27;483.36
5213;Santa Rita;PB;Municipal;2;515.1;516.85;432.4;462.4;490.0;483.35
5214;Inajá;PR;Estadual;22;491.97;518.1;452.78;463.92;490.0;483.35
5215;Restinga;SP;Estadual;43;511.37;517.18;436.4;455.9;495.81;483.33
5216;Rio de Contas;BA;Estadual;62;491.9;499.13;456.62;461.2;507.74;483.32
5217;Boa Esperança;PR;Estadual;29;499.44;493.98;469.25;470.44;483.45;483.31
5218;Oriximiná;PA;Estadual;424;491.48;509.32;451.94;440.35;523.35;483.29
5219;Miracatu;SP;Estadual;110;511.34;508.7;449.34;453.27;493.82;483.29
5220;Firminópolis;GO;Estadual;85;501.4;503.05;444.61;459.88;507.53;483.29
5221;Boquim;SE;Estadual;214;485.8;497.97;448.97;439.61;544.11;483.29
5222;Vera;MT;Estadual;72;494.48;508.4;462.55;471.82;479.17;483.28
5223;Água Branca;PB;Estadual;49;480.44;490.58;451.32;488.27;505.71;483.27
5224;Douradina;MS;Estadual;33;488.28;500.92;460.86;478.43;487.88;483.27
5225;Nísia Floresta;RN;Estadual;92;502.4;504.8;461.89;450.91;496.3;483.26
5226;Irecê;BA;Estadual;505;491.49;508.24;458.8;455.47;502.31;483.26
5227;Ibimirim;PE;Estadual;125;499.85;500.7;453.63;453.49;508.64;483.26
5228;Tupanatinga;PE;Estadual;97;495.49;505.97;454.62;442.88;517.32;483.26
5229;Cariré;CE;Estadual;242;493.97;498.52;456.0;457.4;510.25;483.23
5230;Francisco Dumont;MG;Estadual;30;499.48;514.92;455.44;449.66;496.67;483.23
5231;Aroeiras do Itaim;PI;Estadual;10;508.52;501.5;436.24;427.86;542.0;483.22
5232;Belterra;PA;Estadual;75;493.8;497.28;450.95;438.54;535.47;483.21
5233;Pilar do Sul;SP;Municipal;1;453.6;528.0;426.0;428.4;580.0;483.2
5234;Telêmaco Borba;PR;Estadual;234;502.61;515.33;452.12;454.29;491.62;483.19
5235;Bataguassu;MS;Estadual;151;500.81;506.58;451.97;456.28;500.26;483.18
5236;Coribe;BA;Estadual;74;488.7;502.02;454.94;441.86;528.38;483.18
5237;Maria Helena;PR;Estadual;37;486.13;509.07;462.27;452.98;505.41;483.17
5238;Corguinho;MS;Estadual;29;497.24;514.48;466.96;455.11;482.07;483.17
5239;Igaraçu do Tietê;SP;Estadual;79;509.88;507.73;442.21;455.22;500.76;483.16
5240;Itapissuma;PE;Estadual;150;495.08;509.39;470.86;445.54;494.8;483.13
5241;Taquara;RS;Municipal;38;488.31;517.1;448.56;466.91;494.74;483.12
5242;Alvorada;TO;Estadual;65;507.1;495.5;450.27;456.52;506.15;483.11
5243;Cláudia;MT;Estadual;63;499.45;517.58;458.86;459.04;480.63;483.11
5244;Madre de Deus;BA;Estadual;127;496.84;501.45;458.1;441.63;517.48;483.1
5245;Nova Brasilândia D'Oeste;RO;Estadual;151;488.71;506.64;465.11;474.46;480.53;483.09
5246;Alexandria;RN;Estadual;59;498.96;498.15;451.26;439.22;527.8;483.08
5247;Nazarezinho;PB;Estadual;33;472.05;498.05;450.23;464.16;530.91;483.08
5248;Cristalina;GO;Estadual;247;502.52;514.5;450.86;446.07;501.38;483.06
5249;Paranaíba;MS;Estadual;257;493.07;509.41;453.95;452.72;506.15;483.06
5250;Ipiranga de Goiás;GO;Estadual;20;514.34;485.47;477.91;501.52;436.0;483.05
5251;Pitanga;PR;Estadual;210;490.23;505.69;457.92;467.05;494.29;483.04
5252;Riacho de Santo Antônio;PB;Estadual;16;489.82;499.47;446.78;447.81;531.25;483.02
5253;São Borja;RS;Municipal;1;514.9;609.2;432.6;438.4;420.0;483.02
5254;Sidrolândia;MS;Estadual;265;496.08;508.3;452.62;456.35;501.77;483.02
5255;Poço Dantas;PB;Estadual;19;480.07;499.02;430.17;459.54;546.32;483.02
5256;Maracaju;MS;Estadual;222;499.13;508.29;457.51;454.02;496.04;483.0
5257;Itaberá;SP;Estadual;135;505.49;505.66;450.6;464.32;488.89;482.99
5258;Princesa Isabel;PB;Estadual;92;492.28;496.18;447.18;462.78;516.52;482.99
5259;Cerro Branco;RS;Estadual;29;490.41;506.28;444.73;476.27;497.24;482.99
5260;Matipó;MG;Estadual;111;503.83;507.95;453.33;466.91;482.88;482.98
5261;Pinheiros;ES;Estadual;201;494.74;509.54;453.82;448.51;508.26;482.97
5262;Brejão;PE;Estadual;69;490.11;509.76;445.48;438.47;531.01;482.97
5263;Diamante do Norte;PR;Estadual;87;490.05;495.04;474.58;477.25;477.93;482.97
5264;Itamaraju;BA;Estadual;335;497.92;507.28;454.29;454.24;501.13;482.97
5265;Combinado;TO;Estadual;32;507.3;517.77;453.82;452.79;483.12;482.96
5266;Atilio Vivacqua;ES;Estadual;91;489.96;500.21;451.7;450.3;522.64;482.96
5267;Cariacica;ES;Estadual;2366;495.42;510.11;455.33;452.43;501.53;482.96
5268;Santos;SP;Municipal;1;525.4;572.7;420.7;375.9;520.0;482.94
5269;Pedregulho;SP;Estadual;110;504.93;500.2;442.26;446.76;520.55;482.94
5270;Araguaína;TO;Estadual;1314;493.12;505.41;453.59;454.95;507.6;482.93
5271;Mundo Novo;MS;Estadual;112;510.29;508.92;447.85;467.6;480.0;482.93
5272;São Cristovão do Sul;SC;Estadual;30;498.41;515.68;441.93;453.15;505.33;482.9
5273;Balneário Barra do Sul;SC;Estadual;47;489.93;494.67;452.19;453.76;523.83;482.87
5274;Mutunópolis;GO;Estadual;38;501.51;514.23;464.31;462.71;471.58;482.87
5275;Benevides;PA;Estadual;445;491.81;507.96;458.57;442.56;513.47;482.87
5276;Alambari;SP;Estadual;46;514.05;512.3;448.24;458.36;481.3;482.85
5277;Mirassolândia;SP;Estadual;9;502.67;497.93;435.94;491.03;486.67;482.85
5278;Barreiros;PE;Estadual;272;490.95;502.56;462.49;450.13;508.01;482.83
5279;Biritinga;BA;Estadual;44;488.81;511.76;450.48;448.09;515.0;482.83
5280;Charqueada;SP;Estadual;46;513.35;518.46;444.81;467.48;470.0;482.82
5281;Paes Landim;PI;Estadual;24;498.45;498.97;454.31;452.38;510.0;482.82
5282;Luzilândia;PI;Municipal;1;548.2;588.1;409.0;468.8;400.0;482.82
5283;São Miguel do Passa Quatro;GO;Estadual;22;510.41;509.38;435.74;474.72;483.64;482.78
5284;São João de Iracema;SP;Estadual;4;500.38;507.38;473.0;438.15;495.0;482.78
5285;Unaí;MG;Estadual;469;492.1;506.28;456.64;454.77;504.05;482.77
5286;Canas;SP;Estadual;20;502.04;499.81;457.22;468.71;486.0;482.76
5287;Silvânia;GO;Estadual;78;498.99;504.68;443.48;452.36;514.28;482.76
5288;Lajeado;TO;Estadual;31;492.11;504.59;456.55;442.46;518.06;482.76
5289;Jaguarari;BA;Estadual;152;490.7;502.94;454.99;442.54;522.63;482.76
5290;Pereira Barreto;SP;Estadual;136;503.77;509.33;456.35;472.25;472.06;482.75
5291;Itanhém;BA;Estadual;89;499.47;503.48;456.5;451.14;503.15;482.75
5292;Camacan;BA;Estadual;138;480.6;506.87;458.13;465.54;502.61;482.75
5293;Mangueirinha;PR;Estadual;96;494.53;498.74;448.87;473.08;498.54;482.75
5294;Goiana;PE;Estadual;549;495.03;504.54;458.03;443.94;512.06;482.72
5295;Queimada Nova;PI;Estadual;24;498.7;503.15;448.9;444.52;518.33;482.72
5296;Marituba;PA;Estadual;804;495.78;512.75;456.73;450.02;498.23;482.71
5297;Teresina;PI;Estadual;7204;495.54;507.91;456.13;452.38;501.55;482.7
5298;Monte Carlo;SC;Estadual;44;499.22;508.09;447.52;449.55;509.09;482.69
5299;Várzea da Palma;MG;Estadual;202;498.9;508.06;453.68;461.93;490.89;482.69
5300;Correntes;PE;Estadual;83;483.38;507.54;459.71;443.51;519.28;482.68
5301;Wanderley;BA;Estadual;66;482.81;502.03;454.66;463.01;510.91;482.68
5302;Maracaí;SP;Estadual;77;505.36;508.29;448.59;460.61;490.39;482.65
5303;Santa Ernestina;SP;Estadual;30;510.38;518.5;424.17;462.8;497.33;482.64
5304;Siderópolis;SC;Estadual;53;499.34;505.98;447.38;463.91;496.6;482.64
5305;Tapira;PR;Estadual;39;491.55;497.54;456.11;467.43;500.51;482.63
5306;Nova Redenção;BA;Estadual;15;491.41;504.82;445.85;439.09;532.0;482.63
5307;São José dos Quatro Marcos;MT;Estadual;156;489.82;509.88;460.38;463.73;489.23;482.61
5308;Santo Antônio do Caiuá;PR;Estadual;17;486.73;490.34;455.08;464.36;516.47;482.6
5309;Umbaúba;SE;Estadual;220;487.43;490.69;455.75;453.54;525.55;482.59
5310;Buerarema;BA;Estadual;68;494.37;513.37;449.82;445.41;510.0;482.59
5311;Avaí;SP;Estadual;16;493.58;520.12;438.26;430.96;530.0;482.58
5312;Antônio Gonçalves;BA;Estadual;42;477.79;518.48;458.08;448.58;510.0;482.58
5313;Roncador;PR;Estadual;46;498.03;504.78;454.74;457.97;497.39;482.58
5314;Turmalina;MG;Municipal;4;485.38;485.05;450.55;496.95;495.0;482.58
5315;Chiador;MG;Estadual;10;502.43;512.56;467.99;479.91;450.0;482.58
5316;Santana;AP;Estadual;1495;487.89;506.76;448.17;445.9;523.98;482.54
5317;Cacoal;RO;Estadual;779;498.89;508.75;457.56;459.72;487.78;482.54
5318;Itapemirim;ES;Estadual;293;494.34;507.61;458.02;453.3;499.39;482.53
5319;Cubati;PB;Estadual;50;500.97;497.97;445.46;448.19;520.0;482.52
5320;Natuba;PB;Estadual;27;487.93;508.34;446.81;449.52;520.0;482.52
5321;São João Nepomuceno;MG;Municipal;1;566.6;500.4;398.8;446.7;500.0;482.5
5322;Serra Redonda;PB;Estadual;26;480.0;503.7;447.31;439.93;541.54;482.49
5323;Governador Dix-Sept Rosado;RN;Estadual;76;494.08;498.09;452.59;454.67;512.89;482.47
5324;Cabo de Santo Agostinho;PE;Estadual;1550;500.88;509.01;457.37;448.71;496.36;482.46
5325;Igaratinga;MG;Municipal;1;569.6;473.4;385.1;464.2;520.0;482.46
5326;Campo Alegre;SC;Estadual;38;503.84;511.49;441.93;447.02;507.89;482.44
5327;Ibicuí;BA;Estadual;37;473.09;510.75;467.54;445.64;515.14;482.43
5328;Maranguape;CE;Estadual;745;487.99;499.09;456.25;454.4;514.39;482.43
5329;Barra do Mendes;BA;Municipal;2;456.0;499.6;478.85;517.65;460.0;482.42
5330;Extremoz;RN;Estadual;177;502.56;506.96;462.87;453.08;486.55;482.41
5331;Presidente Kubitschek;MG;Estadual;22;496.11;505.91;458.01;444.66;507.27;482.39
5332;Teolândia;BA;Estadual;75;488.27;515.48;451.93;449.29;506.93;482.38
5333;Montanha;ES;Estadual;92;491.16;497.82;454.23;456.51;512.17;482.38
5334;Pirangi;SP;Estadual;48;493.66;492.79;453.08;472.75;499.58;482.37
5335;Nova Canaã;BA;Municipal;3;479.53;529.8;448.93;420.27;533.33;482.37
5336;Alegria;RS;Estadual;31;494.77;494.59;444.81;450.28;527.1;482.31
5337;Barão do Triunfo;RS;Estadual;35;500.55;520.47;453.66;449.35;487.43;482.29
5338;Salto Grande;SP;Estadual;52;498.89;510.13;444.52;460.97;496.92;482.29
5339;Mato Castelhano;RS;Estadual;20;503.44;508.14;457.5;446.29;496.0;482.27
5340;Nova Bandeirantes;MT;Estadual;70;492.83;504.37;466.54;477.92;469.71;482.27
5341;São Lourenço da Mata;PE;Estadual;550;494.88;503.66;457.06;444.59;511.09;482.26
5342;Águas Belas;PE;Estadual;221;495.4;502.73;452.5;452.02;508.6;482.25
5343;Neves Paulista;SP;Estadual;48;512.21;499.4;458.76;470.44;470.42;482.25
5344;Tomé-Açu;PA;Privada;1;513.3;450.8;433.6;513.5;500.0;482.24
5345;Olhos-d'Água;MG;Estadual;48;498.53;507.9;451.61;453.03;500.0;482.22
5346;Aripuanã;MT;Estadual;92;492.87;508.16;463.99;467.81;478.26;482.22
5347;Dom Cavati;MG;Estadual;37;499.08;496.71;454.44;463.52;497.3;482.21
5348;Juazeiro do Norte;CE;Municipal;4;499.75;464.68;456.22;450.4;540.0;482.21
5349;Canavieiras;BA;Municipal;1;583.1;497.1;428.7;422.1;480.0;482.2
5350;Itabela;BA;Estadual;97;492.24;504.62;457.31;447.88;508.87;482.18
5351;Afogados da Ingazeira;PE;Estadual;213;501.62;503.26;453.87;462.81;489.3;482.17
5352;Niquelândia;GO;Estadual;187;497.5;510.4;464.42;456.99;481.5;482.16
5353;Nova Mutum;MT;Municipal;2;447.15;510.85;492.25;510.55;450.0;482.16
5354;Ribeirão do Pinhal;PR;Estadual;91;496.58;499.92;453.11;466.83;494.29;482.15
5355;Santa Carmem;MT;Estadual;49;490.49;491.35;454.27;454.2;520.41;482.14
5356;Francisco Sá;MG;Estadual;123;499.23;499.46;450.28;457.17;504.55;482.14
5357;Santanópolis;BA;Estadual;40;496.58;510.37;450.39;435.76;517.5;482.12
5358;Itaguari;GO;Estadual;40;506.94;494.44;459.54;468.92;480.5;482.07
5359;Piranhas;GO;Estadual;73;484.07;509.39;452.61;456.57;507.67;482.06
5360;Vitorino Freire;MA;Estadual;248;480.35;506.5;458.34;449.52;515.48;482.04
5361;Acreúna;GO;Estadual;93;495.61;505.78;450.37;471.11;487.31;482.04
5362;Escada;PE;Estadual;339;496.99;505.32;455.06;438.1;514.57;482.01
5363;Curvelândia;MT;Estadual;35;493.8;511.77;449.53;466.97;488.0;482.01
5364;Varzelândia;MG;Estadual;114;495.42;501.31;449.46;466.6;497.19;482.0
5365;Ouro Preto;MG;Estadual;408;487.82;510.62;453.11;452.41;505.93;481.98
5366;Santa Bárbara;MG;Municipal;1;535.3;465.2;498.1;351.3;560.0;481.98
5367;Porto Alegre do Piauí;PI;Municipal;1;493.6;366.5;501.2;488.6;560.0;481.98
5368;Pirajuba;MG;Estadual;23;496.0;499.63;477.04;439.74;497.39;481.96
5369;Ipojuca;PE;Estadual;399;502.09;504.1;461.86;446.22;495.49;481.95
5370;São Bento do Norte;RN;Estadual;29;484.21;509.59;454.52;433.15;528.28;481.95
5371;Herveiras;RS;Estadual;22;481.03;514.03;438.91;466.69;509.09;481.95
5372;Miracema do Tocantins;TO;Estadual;210;497.82;508.47;450.9;450.24;502.29;481.94
5373;Trairi;CE;Municipal;6;496.35;547.47;463.65;398.88;503.33;481.94
5374;Amaralina;GO;Estadual;25;500.48;507.73;455.71;456.98;488.8;481.94
5375;Barra do Turvo;SP;Estadual;52;508.49;508.89;455.9;458.66;477.69;481.92
5376;Analândia;SP;Estadual;17;510.21;503.03;458.62;454.22;483.53;481.92
5377;Berilo;MG;Estadual;91;495.49;504.14;456.87;471.04;481.98;481.9
5378;Getulina;SP;Estadual;37;501.58;501.98;439.44;469.74;496.76;481.9
5379;Pentecoste;CE;Estadual;390;489.11;503.49;464.69;458.66;493.5;481.89
5380;Dom Pedro;MA;Estadual;144;483.22;500.42;457.19;460.64;507.92;481.88
5381;Alto Araguaia;MT;Estadual;88;493.99;510.33;448.88;451.39;504.77;481.87
5382;Araputanga;MT;Municipal;1;472.8;541.9;461.6;493.0;440.0;481.86
5383;Pau dos Ferros;RN;Estadual;217;490.56;507.71;445.75;438.46;526.77;481.85
5384;Gracho Cardoso;SE;Estadual;48;480.77;494.33;451.33;438.61;544.17;481.84
5385;Formosa do Oeste;PR;Estadual;47;489.16;483.84;456.12;476.68;503.4;481.84
5386;Aguaí;SP;Municipal;2;465.2;540.75;454.7;488.55;460.0;481.84
5387;Carapebus;RJ;Estadual;54;514.8;503.33;449.24;445.5;496.3;481.83
5388;Jaboticabal;SP;Municipal;2;445.05;499.55;459.05;515.4;490.0;481.81
5389;Lauro de Freitas;BA;Estadual;995;500.03;512.44;449.77;450.3;496.4;481.79
5390;Palmas de Monte Alto;BA;Estadual;109;497.11;513.45;456.56;451.58;490.09;481.76
5391;Esperança;PB;Estadual;205;500.19;499.49;446.4;455.54;507.02;481.73
5392;Miguel Alves;PI;Municipal;1;496.7;469.6;433.4;428.9;580.0;481.72
5393;São Vicente Ferrer;PE;Estadual;113;501.23;507.09;455.51;438.4;506.37;481.72
5394;Codajás;AM;Estadual;103;487.99;506.81;439.83;451.38;522.52;481.71
5395;Janduís;RN;Estadual;28;494.95;499.5;452.67;431.41;530.0;481.71
5396;Nossa Senhora do Socorro;SE;Estadual;603;492.54;505.91;455.42;445.54;509.09;481.7
5397;Cabeceira Grande;MG;Estadual;34;491.95;504.71;453.73;464.49;493.53;481.68
5398;Acaiaca;MG;Estadual;20;515.54;496.79;461.84;450.19;484.0;481.68
5399;Cássia dos Coqueiros;SP;Estadual;22;498.45;519.35;462.47;449.84;478.18;481.66
5400;Caarapó;MS;Estadual;192;495.72;505.64;453.04;456.32;497.6;481.66
5401;Jandaia;GO;Estadual;41;488.67;517.78;457.67;468.6;475.61;481.66
5402;União do Oeste;SC;Estadual;30;484.46;493.96;461.53;482.27;486.0;481.65
5403;Rialma;GO;Estadual;55;495.4;507.92;450.29;465.59;489.07;481.65
5404;Santana do Garambéu;MG;Estadual;18;512.36;505.29;447.63;439.57;503.33;481.64
5405;Pratânia;SP;Estadual;27;500.06;500.71;474.45;449.96;482.96;481.63
5406;Novo Santo Antônio;PI;Estadual;11;491.02;502.95;439.56;423.68;550.91;481.62
5407;Nova Campina;SP;Estadual;57;517.76;515.65;444.81;450.57;479.3;481.62
5408;Saboeiro;CE;Estadual;140;491.67;484.69;457.15;447.33;527.29;481.62
5409;Belém do São Francisco;PE;Estadual;178;492.09;500.87;457.68;453.14;504.27;481.61
5410;Araputanga;MT;Estadual;132;493.41;503.43;452.67;461.52;496.97;481.6
5411;Mamonas;MG;Estadual;34;499.53;491.55;443.2;453.65;520.0;481.59
5412;Tauá;CE;Estadual;543;494.44;499.85;460.63;451.01;502.03;481.59
5413;Ouricuri;PE;Estadual;349;497.56;504.8;449.23;452.35;504.01;481.59
5414;Santa Tereza do Oeste;PR;Estadual;34;507.79;498.66;439.81;479.31;482.35;481.58
5415;Campinápolis;MT;Estadual;70;490.21;505.41;447.18;458.76;506.29;481.57
5416;Varre-Sai;RJ;Estadual;44;493.68;499.12;456.18;455.64;503.18;481.56
5417;Vitória da Conquista;BA;Municipal;1;551.1;543.5;411.6;361.6;540.0;481.56
5418;Barra do Quaraí;RS;Estadual;26;483.01;517.95;448.81;457.98;500.0;481.55
5419;Acaraú;CE;Estadual;598;486.29;495.66;462.16;457.96;505.65;481.54
5420;Itiquira;MT;Estadual;78;498.88;513.05;455.65;450.49;489.64;481.54
5421;Periquito;MG;Estadual;30;493.03;491.75;442.93;456.56;523.33;481.52
5422;Maceió;AL;Estadual;3608;491.5;504.77;451.07;448.29;511.9;481.51
5423;Pequeri;MG;Estadual;17;508.02;503.15;446.98;457.62;491.76;481.51
5424;João Dias;RN;Estadual;11;484.59;487.56;446.11;454.72;534.55;481.51
5425;Coreaú;CE;Estadual;262;488.04;497.62;453.63;462.55;505.73;481.51
5426;Lavras do Sul;RS;Estadual;42;485.04;505.6;452.54;453.87;510.48;481.5
5427;Materlândia;MG;Estadual;41;494.8;501.49;460.12;460.25;490.73;481.48
5428;Redenção da Serra;SP;Estadual;21;513.87;520.58;445.54;449.46;477.81;481.45
5429;Nova Fátima;BA;Estadual;46;497.46;506.02;452.79;445.34;505.65;481.45
5430;Davinópolis;MA;Municipal;1;528.7;450.7;440.6;407.2;580.0;481.44
5431;Tabuleiro;MG;Estadual;17;492.87;502.76;435.69;441.39;534.47;481.44
5432;Dom Aquino;MT;Estadual;48;484.86;499.59;453.38;445.59;523.75;481.43
5433;Fortaleza dos Nogueiras;MA;Estadual;132;470.36;491.53;458.54;458.5;528.18;481.42
5434;Itaúna do Sul;PR;Estadual;18;490.03;502.04;467.5;448.62;498.89;481.41
5435;Seringueiras;RO;Estadual;84;489.71;512.25;458.27;460.7;485.95;481.37
5436;Espírito Santo do Dourado;MG;Estadual;21;494.41;494.96;445.71;460.33;511.43;481.37
5437;Jardim;CE;Estadual;225;496.02;502.27;457.95;449.78;500.8;481.36
5438;Iraquara;BA;Estadual;112;493.41;502.96;452.06;442.88;515.36;481.33
5439;Echaporã;SP;Estadual;29;506.81;514.53;442.41;444.18;498.62;481.31
5440;Nova Glória;GO;Estadual;64;483.55;501.57;445.57;460.52;515.31;481.3
5441;Apodi;RN;Estadual;171;487.88;506.1;449.11;455.23;508.19;481.3
5442;Montes Claros de Goiás;GO;Estadual;83;501.32;504.94;451.06;466.47;482.65;481.29
5443;José da Penha;RN;Estadual;34;491.97;494.26;437.49;438.04;544.71;481.29
5444;Varzedo;BA;Estadual;57;488.24;512.96;449.23;439.09;516.84;481.27
5445;Canindé de São Francisco;SE;Estadual;181;482.18;506.25;457.49;440.88;519.56;481.27
5446;Osório;RS;Municipal;1;498.2;490.4;418.5;479.2;520.0;481.26
5447;União do Sul;MT;Estadual;15;476.7;483.62;442.8;476.45;526.67;481.25
5448;Presidente Figueiredo;AM;Municipal;1;447.8;411.2;491.0;496.2;560.0;481.24
5449;Nova Russas;CE;Estadual;314;490.81;498.42;458.43;452.5;505.99;481.23
5450;Maiquinique;BA;Estadual;31;487.04;497.98;453.67;442.23;525.16;481.22
5451;Açucena;MG;Estadual;53;495.04;501.71;447.45;456.2;505.66;481.21
5452;São João do Triunfo;PR;Municipal;1;530.5;526.5;447.0;461.9;440.0;481.18
5453;Chapada dos Guimarães;MT;Estadual;126;488.19;502.73;449.6;455.07;510.32;481.18
5454;Pindamonhangaba;SP;Municipal;1;489.7;512.4;419.4;424.4;560.0;481.18
5455;Uauá;BA;Estadual;132;496.14;517.33;450.31;447.11;495.0;481.18
5456;Quixeré;CE;Estadual;163;493.27;492.03;461.2;456.91;502.45;481.17
5457;Pacajus;CE;Municipal;1;485.4;504.0;446.0;470.4;500.0;481.16
5458;São José do Sabugi;PB;Estadual;26;493.42;492.57;439.88;456.09;523.85;481.16
5459;Barra dos Coqueiros;SE;Estadual;76;492.51;498.77;455.01;446.62;512.89;481.16
5460;Lagoa Bonita do Sul;RS;Estadual;13;484.56;487.18;461.92;452.13;520.0;481.16
5461;Serrolândia;BA;Estadual;52;492.62;507.9;448.66;437.79;518.85;481.16
5462;Carmópolis;SE;Estadual;90;476.39;502.5;452.26;458.32;516.22;481.14
5463;Curral de Dentro;MG;Estadual;49;511.41;507.54;445.47;454.23;486.94;481.12
5464;Gavião Peixoto;SP;Estadual;32;503.7;518.43;450.47;451.72;481.25;481.12
5465;Floresta;PR;Estadual;38;495.71;527.22;435.94;457.76;488.95;481.11
5466;Guaiúba;CE;Estadual;299;491.07;496.6;463.87;453.7;500.27;481.1
5467;Simões Filho;BA;Estadual;574;496.44;510.58;452.91;446.38;499.16;481.09
5468;Sul Brasil;SC;Estadual;15;489.21;503.15;460.68;449.67;502.67;481.08
5469;Ipirá;BA;Municipal;1;501.4;589.9;452.8;401.2;460.0;481.06
5470;São Sebastião do Umbuzeiro;PB;Estadual;20;498.96;498.29;457.57;455.48;495.0;481.06
5471;Jandaíra;RN;Estadual;20;500.05;495.94;444.84;446.44;518.0;481.05
5472;Penaforte;CE;Estadual;98;497.65;503.97;447.02;454.36;502.24;481.05
5473;Bossoroca;RS;Estadual;31;507.44;498.49;464.87;437.6;496.77;481.03
5474;Eldorado;MS;Municipal;1;540.8;542.5;533.3;348.5;440.0;481.02
5475;Afrânio;PE;Estadual;172;484.58;499.91;457.69;451.3;511.51;481.0
5476;Barra do Bugres;MT;Estadual;217;489.37;502.56;450.57;455.69;506.82;481.0
5477;Morretes;PR;Estadual;55;493.51;512.6;461.11;451.75;485.82;480.96
5478;Bom Retiro;SC;Estadual;70;498.05;489.73;450.12;454.6;512.29;480.96
5479;Altinópolis;SP;Estadual;109;505.45;502.1;441.02;476.39;479.85;480.96
5480;Guaiçara;SP;Estadual;54;510.41;513.39;444.93;459.3;476.67;480.94
5481;Campina do Simão;PR;Estadual;37;491.0;514.11;458.64;438.79;502.16;480.94
5482;São Gabriel;BA;Municipal;7;457.64;500.56;461.06;471.09;514.29;480.93
5483;Itaueira;PI;Estadual;57;485.74;489.34;456.34;453.23;520.0;480.93
5484;São João da Canabrava;PI;Estadual;27;481.44;493.63;459.15;460.75;509.63;480.92
5485;Formosa do Rio Preto;BA;Municipal;3;467.6;497.0;502.6;444.07;493.33;480.92
5486;Aveiro;PA;Estadual;26;474.47;510.36;454.54;432.91;532.31;480.92
5487;Euclides da Cunha Paulista;SP;Estadual;86;488.32;500.89;450.88;451.97;512.56;480.92
5488;Mirante do Paranapanema;SP;Estadual;140;495.86;506.53;448.28;452.02;501.87;480.91
5489;Feira da Mata;BA;Estadual;30;502.31;526.44;439.7;426.73;509.33;480.9
5490;Bujaru;PA;Municipal;5;476.7;506.94;483.44;429.42;508.0;480.9
5491;Amaraji;PE;Estadual;110;500.45;490.07;447.3;441.19;525.45;480.89
5492;Moreno;PE;Estadual;328;497.76;505.43;453.52;449.59;498.11;480.88
5493;Brejões;BA;Estadual;94;487.18;496.77;451.28;446.36;522.77;480.87
5494;Anita Garibaldi;SC;Estadual;74;503.39;509.47;453.72;458.83;478.92;480.87
5495;Jacarezinho;PR;Estadual;201;490.32;506.03;450.1;444.18;513.73;480.87
5496;Miguelópolis;SP;Estadual;160;503.38;508.81;447.56;457.7;486.75;480.84
5497;Cezarina;GO;Estadual;64;498.28;502.37;447.37;459.87;496.25;480.83
5498;Conceição do Rio Verde;MG;Estadual;76;499.4;501.37;441.11;455.67;506.58;480.83
5499;Congonhinhas;PR;Estadual;43;494.1;516.32;436.58;460.29;496.74;480.81
5500;Floresta do Piauí;PI;Estadual;14;476.43;492.67;462.29;441.17;531.43;480.8
5501;Juruti;PA;Municipal;9;489.78;469.99;452.63;440.43;551.11;480.79
5502;Capoeiras;PE;Estadual;109;491.89;492.83;457.1;462.63;499.45;480.78
5503;Nova Independência;SP;Estadual;27;510.69;504.52;464.33;468.0;456.3;480.77
5504;Primavera;PA;Estadual;58;484.39;514.87;461.81;445.49;497.24;480.76
5505;São Bento Abade;MG;Estadual;28;501.27;516.14;445.06;451.33;490.0;480.76
5506;Brasiléia;AC;Estadual;161;495.71;503.18;461.67;446.44;496.77;480.75
5507;Janaúba;MG;Estadual;466;495.46;505.35;452.23;458.23;492.4;480.73
5508;Caroebe;RR;Estadual;47;487.41;498.32;455.76;447.63;514.47;480.72
5509;Cambará;PR;Estadual;143;493.11;500.95;446.99;461.94;500.56;480.71
5510;Embaúba;SP;Estadual;9;498.91;504.03;442.18;460.66;497.78;480.71
5511;Juína;MT;Estadual;193;489.83;506.14;457.76;454.12;495.65;480.7
5512;São João do Rio do Peixe;PB;Estadual;76;476.79;497.59;450.01;447.02;532.11;480.7
5513;Anchieta;ES;Municipal;7;508.46;524.57;443.37;467.03;460.0;480.69
5514;Guimarães;MA;Municipal;1;516.9;477.3;436.5;432.7;540.0;480.68
5515;Manoel Vitorino;BA;Estadual;50;486.03;505.26;458.48;459.99;493.6;480.67
5516;Itinga;MG;Estadual;86;500.35;504.03;448.77;454.15;496.05;480.67
5517;São José da Coroa Grande;PE;Estadual;129;495.58;497.49;459.68;454.79;495.81;480.67
5518;Maracanaú;CE;Municipal;99;501.71;508.43;448.03;455.02;490.1;480.66
5519;Senador Salgado Filho;RS;Estadual;21;473.6;508.28;453.14;444.47;523.81;480.66
5520;Novo Oriente de Minas;MG;Estadual;43;494.18;506.69;465.2;458.54;478.6;480.64
5521;Ouvidor;GO;Estadual;32;504.87;505.32;434.11;475.1;483.75;480.63
5522;Irará;BA;Estadual;139;487.6;505.02;437.51;444.39;528.63;480.63
5523;Cascavel;CE;Estadual;694;491.47;492.65;458.74;457.0;503.29;480.63
5524;Açailândia;MA;Estadual;589;493.98;508.19;453.24;454.51;493.17;480.62
5525;Ibitiara;BA;Estadual;83;493.74;508.77;444.4;448.26;507.95;480.62
5526;Querência;MT;Municipal;2;472.65;509.9;476.75;413.75;530.0;480.61
5527;Aliança;PE;Municipal;7;489.19;509.89;421.63;408.0;574.29;480.6
5528;Parauapebas;PA;Estadual;1165;494.91;507.34;450.3;451.54;498.83;480.58
5529;Catende;PE;Estadual;205;502.0;503.08;445.69;447.86;504.2;480.57
5530;Coração de Jesus;MG;Estadual;146;497.01;500.34;447.86;457.01;500.55;480.55
5531;São Francisco do Pará;PA;Municipal;2;522.95;542.95;449.0;377.7;510.0;480.52
5532;Conquista D'Oeste;MT;Estadual;25;504.2;501.98;465.6;454.84;476.0;480.52
5533;Camapuã;MS;Estadual;99;498.83;505.91;459.61;456.71;481.45;480.5
5534;Desterro;PB;Estadual;65;490.25;509.32;437.92;430.48;534.46;480.49
5535;Tarauacá;AC;Estadual;173;496.18;501.71;448.38;443.68;512.49;480.49
5536;Itatuba;PB;Estadual;53;489.45;504.33;452.35;450.24;506.04;480.48
5537;Santana do Jacaré;MG;Estadual;41;499.95;485.05;450.27;468.49;498.54;480.46
5538;Indaiabira;MG;Estadual;53;485.31;505.64;460.85;467.42;483.02;480.45
5539;Santo Inácio;PR;Estadual;27;491.51;501.79;458.5;464.53;485.93;480.45
5540;São Manoel do Paraná;PR;Estadual;23;499.42;509.27;465.67;457.42;470.43;480.44
5541;Mauá;SP;Municipal;32;509.17;527.61;441.67;455.58;468.12;480.43
5542;Nobres;MT;Estadual;109;483.91;505.63;459.77;462.81;489.91;480.41
5543;Pratinha;MG;Estadual;33;495.24;504.11;460.87;487.7;453.94;480.37
5544;São Pedro do Ivaí;PR;Estadual;48;488.74;498.04;441.76;442.32;530.83;480.34
5545;Neópolis;SE;Estadual;96;492.94;511.12;439.76;452.87;505.0;480.34
5546;Tianguá;CE;Estadual;785;488.07;498.71;459.72;454.81;500.23;480.31
5547;Chavantes;SP;Estadual;71;486.81;505.24;446.35;460.55;502.54;480.3
5548;Breves;PA;Estadual;710;488.18;507.28;447.44;447.25;511.18;480.27
5549;Florânia;RN;Estadual;42;477.35;495.85;461.18;456.95;510.0;480.27
5550;Bandeirantes;PR;Estadual;176;491.33;497.69;447.18;464.33;500.8;480.26
5551;Esperantinópolis;MA;Estadual;96;481.79;500.29;466.65;440.49;512.08;480.26
5552;Tio Hugo;RS;Municipal;1;533.5;551.9;377.2;458.6;480.0;480.24
5553;Caatiba;BA;Estadual;36;486.71;521.09;457.8;425.59;510.0;480.24
5554;Jataizinho;PR;Estadual;69;489.82;500.07;454.4;474.81;482.03;480.23
5555;Sumé;PB;Estadual;104;476.47;504.51;443.84;435.88;540.38;480.22
5556;Jataí;GO;Municipal;3;530.1;529.47;411.2;483.67;446.67;480.22
5557;Pilar;PB;Estadual;50;492.08;503.74;445.88;441.35;518.0;480.21
5558;Venha-Ver;RN;Estadual;8;462.44;495.91;447.24;440.38;555.0;480.19
5559;Presidente Dutra;MA;Estadual;297;490.73;503.68;456.85;448.85;500.67;480.16
5560;São João d'Aliança;GO;Estadual;51;495.08;509.04;453.31;448.86;494.51;480.16
5561;Araçuaí;MG;Estadual;192;497.54;503.74;450.33;448.73;500.42;480.15
5562;Belo Campo;BA;Estadual;91;485.07;505.88;452.97;444.96;511.87;480.15
5563;Contendas do Sincorá;BA;Estadual;28;495.48;499.28;443.31;434.11;528.57;480.15
5564;Araçagi;PB;Estadual;92;491.75;498.35;454.82;449.25;506.52;480.14
5565;Santa Terezinha;PE;Estadual;87;490.98;500.56;448.73;447.92;512.41;480.12
5566;Salgadinho;PB;Estadual;21;500.63;508.58;445.49;432.56;513.33;480.12
5567;Dilermando de Aguiar;RS;Estadual;17;497.32;512.55;443.05;451.09;496.47;480.1
5568;Barro;CE;Estadual;216;492.49;500.61;457.13;449.73;500.46;480.08
5569;Congonhas do Norte;MG;Estadual;45;493.85;501.99;455.64;457.81;491.11;480.08
5570;Goianinha;RN;Estadual;97;496.72;509.26;448.66;444.91;500.82;480.08
5571;Areia;PB;Estadual;107;481.79;504.15;450.18;438.3;525.98;480.08
5572;São João da Ponta;PA;Estadual;8;511.46;491.38;441.28;423.7;532.5;480.06
5573;Santa Filomena;PE;Estadual;45;493.24;490.82;451.06;445.61;519.56;480.06
5574;Brotas de Macaúbas;BA;Municipal;3;462.5;501.6;463.33;479.47;493.33;480.05
5575;Itarantim;BA;Estadual;47;467.24;488.7;461.78;454.46;528.09;480.05
5576;Caiçara;PB;Estadual;46;493.68;502.55;436.98;460.48;506.52;480.04
5577;Araporã;MG;Estadual;39;506.02;503.27;453.34;469.84;467.69;480.03
5578;Jaguaripe;BA;Estadual;41;483.61;504.35;465.63;444.6;501.95;480.03
5579;Porto dos Gaúchos;MT;Estadual;56;489.77;502.74;459.86;454.22;493.57;480.03
5580;Perolândia;GO;Estadual;33;493.88;510.94;449.19;441.24;504.85;480.02
5581;Duque de Caxias;RJ;Municipal;4;508.2;501.7;434.78;445.4;510.0;480.02
5582;Telêmaco Borba;PR;Municipal;4;464.92;514.1;456.42;489.55;475.0;480.0
5583;Madalena;CE;Estadual;138;487.71;494.16;451.99;441.16;524.93;479.99
5584;Nova Mamoré;RO;Estadual;132;488.0;503.33;462.2;458.72;487.58;479.97
5585;Seabra;BA;Estadual;293;493.97;508.44;450.46;451.26;495.7;479.97
5586;Paraíso do Tocantins;TO;Estadual;324;497.51;499.8;448.24;457.01;497.28;479.97
5587;Corinto;MG;Estadual;92;500.36;496.02;448.89;452.58;501.96;479.96
5588;Inimutaba;MG;Estadual;20;509.52;506.4;451.9;439.98;492.0;479.96
5589;Tracunhaém;PE;Estadual;80;490.82;493.29;461.13;437.97;516.5;479.94
5590;Itaguajé;PR;Municipal;1;494.6;536.9;481.2;406.9;480.0;479.92
5591;Monções;SP;Estadual;10;505.65;464.41;432.46;491.01;506.0;479.91
5592;Abadiânia;GO;Estadual;78;493.4;507.18;445.04;454.16;499.74;479.9
5593;Nicolau Vergueiro;RS;Estadual;15;510.17;487.19;441.16;478.31;482.67;479.9
5594;Doutor Ulysses;PR;Estadual;28;485.18;502.52;444.6;451.41;515.71;479.89
5595;Itapipoca;CE;Estadual;1590;486.33;498.24;456.81;453.22;504.84;479.89
5596;Mira Estrela;SP;Estadual;16;492.79;507.02;450.04;457.11;492.5;479.89
5597;Medicilândia;PA;Estadual;81;489.82;501.5;442.63;456.05;509.38;479.88
5598;Minaçu;GO;Estadual;195;492.43;504.54;451.61;462.58;488.21;479.87
5599;Nova Olinda do Maranhão;MA;Estadual;130;482.49;508.1;459.35;438.29;511.08;479.86
5600;Siriri;SE;Estadual;66;484.79;502.22;463.18;440.16;508.79;479.83
5601;Presidente Figueiredo;AM;Estadual;183;498.64;500.64;440.7;443.11;516.07;479.83
5602;Porto Belo;SC;Municipal;1;569.3;545.4;436.5;367.9;480.0;479.82
5603;Tijucas do Sul;PR;Municipal;1;478.1;520.3;519.2;441.5;440.0;479.82
5604;Brejetuba;ES;Estadual;154;486.17;502.83;457.11;460.23;492.73;479.81
5605;São Sebastião do Rio Preto;MG;Estadual;19;490.69;514.6;436.67;447.6;509.47;479.81
5606;Cravolândia;BA;Estadual;36;482.35;506.71;436.97;450.82;522.22;479.81
5607;Mucugê;BA;Estadual;47;493.91;493.39;448.89;462.36;500.43;479.8
5608;Calmon;SC;Estadual;31;484.25;496.89;467.51;463.85;486.45;479.79
5609;Ibirá;SP;Estadual;17;515.07;494.66;457.55;438.71;492.94;479.79
5610;Senador Modestino Gonçalves;MG;Estadual;29;487.37;518.02;477.9;434.3;481.38;479.79
5611;São Domingos;PB;Estadual;23;508.5;496.59;444.8;449.0;500.0;479.78
5612;Aracati;CE;Estadual;424;491.43;498.99;454.66;449.5;504.34;479.78
5613;Barbalha;CE;Estadual;547;492.26;499.35;462.97;449.72;494.56;479.77
5614;Garrafão do Norte;PA;Estadual;117;489.32;506.57;461.38;448.19;493.33;479.76
5615;Bela Vista;MS;Estadual;163;493.56;502.95;452.83;460.01;489.33;479.74
5616;Paulo Bento;RS;Estadual;9;487.77;496.3;454.28;469.19;491.11;479.73
5617;Jardim Alegre;PR;Estadual;53;496.97;510.85;456.83;459.59;474.34;479.72
5618;Tibagi;PR;Estadual;91;504.28;509.39;454.31;452.35;478.24;479.72
5619;Itambacuri;MG;Estadual;120;497.96;497.22;444.36;454.01;505.0;479.71
5620;Alegre;ES;Estadual;214;485.96;504.52;462.85;451.83;493.36;479.71
5621;Planaltino;BA;Estadual;22;493.5;505.0;445.06;443.18;511.82;479.71
5622;Viana;MA;Municipal;1;497.4;555.2;415.9;410.0;520.0;479.7
5623;Tamandaré;PE;Estadual;93;498.12;487.9;459.06;454.51;498.92;479.7
5624;Tomar do Geru;SE;Estadual;64;478.9;493.69;444.2;444.84;536.88;479.7
5625;Piratininga;SP;Estadual;51;513.97;507.47;434.23;453.78;489.02;479.7
5626;Remígio;PB;Estadual;118;486.71;499.14;451.82;439.98;520.85;479.7
5627;Pontes e Lacerda;MT;Estadual;238;488.66;510.42;446.98;453.13;499.24;479.69
5628;São Julião;PI;Estadual;26;479.2;496.7;453.12;455.49;513.85;479.67
5629;Santa Juliana;MG;Estadual;53;505.17;496.09;454.19;470.47;472.45;479.67
5630;Iaçu;BA;Estadual;84;489.13;512.62;438.63;450.96;506.9;479.65
5631;São Miguel dos Campos;AL;Estadual;340;489.43;497.41;449.54;444.69;517.12;479.64
5632;Santa Maria do Salto;MG;Estadual;8;489.74;502.16;442.48;448.82;515.0;479.64
5633;Antônio Martins;RN;Estadual;42;487.13;494.06;443.84;453.1;520.0;479.63
5634;Lagoa de Dentro;PB;Estadual;39;491.61;504.7;448.38;427.2;526.15;479.61
5635;Paranatama;PE;Estadual;76;487.14;499.38;456.31;442.21;512.89;479.59
5636;Lagoa Seca;PB;Estadual;148;499.5;506.96;442.42;438.14;510.95;479.59
5637;Fronteiras;PI;Estadual;82;490.04;494.14;454.03;444.38;515.37;479.59
5638;Uruburetama;CE;Estadual;273;480.82;490.14;458.88;448.29;519.78;479.58
5639;Cotegipe;BA;Estadual;59;479.95;501.54;455.92;449.88;510.51;479.56
5640;Campo do Tenente;PR;Estadual;31;487.37;498.39;440.87;461.46;509.68;479.55
5641;Itacurubi;RS;Estadual;22;491.3;512.36;442.03;440.19;511.82;479.54
5642;Ivaté;PR;Estadual;54;492.64;509.04;450.34;458.65;487.04;479.54
5643;Pitangueiras;PR;Estadual;18;499.02;507.64;452.45;456.34;482.22;479.53
5644;Ipaba;MG;Estadual;100;498.0;506.66;454.77;467.44;470.8;479.53
5645;Veríssimo;MG;Estadual;22;493.48;486.12;459.19;443.39;515.45;479.53
5646;Itapiúna;CE;Estadual;171;486.74;495.72;452.46;442.35;520.35;479.52
5647;Delmiro Gouveia;AL;Estadual;256;489.68;506.46;452.25;454.27;494.92;479.51
5648;Flórida;PR;Estadual;18;501.28;507.04;458.27;453.19;477.78;479.51
5649;Jaíba;MG;Estadual;167;491.93;499.24;456.13;456.46;493.77;479.51
5650;Anguera;BA;Estadual;30;474.92;515.19;445.42;436.66;525.33;479.5
5651;Natalândia;MG;Estadual;17;491.57;510.82;464.86;428.76;501.18;479.44
5652;Dias d'Ávila;BA;Estadual;313;498.3;513.06;446.17;445.8;493.87;479.44
5653;Três Ranchos;GO;Estadual;19;510.95;528.02;443.8;435.47;478.95;479.44
5654;Jucás;CE;Estadual;199;489.35;498.86;451.55;463.32;494.07;479.43
5655;Figueirão;MS;Estadual;16;491.91;496.08;449.39;460.91;498.75;479.41
5656;Curral de Cima;PB;Estadual;32;502.56;512.53;459.64;445.99;476.25;479.4
5657;Serra de São Bento;RN;Estadual;15;486.33;528.65;447.75;407.61;526.67;479.4
5658;Lajedão;BA;Estadual;35;490.07;498.96;453.41;473.41;481.14;479.4
5659;Bela Vista do Piauí;PI;Estadual;22;485.94;499.71;448.89;449.69;512.73;479.39
5660;Belmonte;SC;Estadual;21;482.12;486.75;460.77;473.85;493.33;479.36
5661;Simonésia;MG;Privada;8;479.72;534.49;466.02;461.41;455.0;479.33
5662;Tabocas do Brejo Velho;BA;Estadual;55;483.86;497.08;453.22;445.25;517.09;479.3
5663;Barcarena;PA;Estadual;715;491.28;509.29;457.55;444.12;494.22;479.29
5664;Confins;MG;Estadual;46;496.21;503.11;445.35;457.4;494.35;479.28
5665;Engenho Velho;RS;Estadual;10;481.1;482.15;456.09;466.99;510.0;479.27
5666;Jequitibá;MG;Estadual;25;507.56;498.3;462.45;452.81;475.2;479.26
5667;Pacajá;PA;Estadual;126;487.32;500.98;453.78;446.33;507.62;479.21
5668;Corumbaíba;GO;Estadual;48;494.41;503.7;458.22;447.25;492.5;479.21
5669;Deputado Irapuan Pinheiro;CE;Estadual;102;493.36;492.23;453.84;459.56;497.06;479.21
5670;Aloândia;GO;Estadual;16;483.21;505.39;480.52;465.67;461.25;479.21
5671;Acari;RN;Estadual;64;477.98;505.51;445.42;438.66;528.44;479.2
5672;Arcoverde;PE;Municipal;5;519.98;511.24;449.1;427.7;488.0;479.2
5673;Muitos Capões;RS;Estadual;13;515.17;497.24;445.01;455.42;483.08;479.18
5674;Diamante do Sul;PR;Estadual;20;481.11;508.62;456.94;456.23;493.0;479.18
5675;Catu;BA;Estadual;172;490.22;504.12;448.63;443.78;509.07;479.17
5676;Novo Horizonte do Sul;MS;Estadual;24;500.8;491.12;461.55;454.07;488.33;479.17
5677;Araguapaz;GO;Estadual;39;504.77;503.68;448.17;453.07;486.15;479.17
5678;Ariquemes;RO;Municipal;6;502.17;512.93;469.82;434.15;476.67;479.15
5679;São Francisco do Conde;BA;Municipal;1;504.1;525.1;547.4;459.1;360.0;479.14
5680;Luiziânia;SP;Estadual;17;508.24;522.12;440.27;470.97;454.12;479.14
5681;Ribeirão Bonito;SP;Estadual;43;507.66;503.83;444.67;458.17;481.4;479.14
5682;Barrocas;BA;Estadual;87;491.7;502.2;441.13;449.64;511.03;479.14
5683;Inconfidentes;MG;Estadual;24;496.61;512.98;434.94;455.29;495.83;479.13
5684;Anaurilândia;MS;Estadual;34;486.92;497.74;462.76;454.09;494.12;479.13
5685;Macapá;AP;Estadual;4736;488.22;502.62;450.54;443.01;511.2;479.12
5686;Santo Antônio do Descoberto;GO;Estadual;348;492.27;503.08;447.26;454.62;498.35;479.12
5687;Abaetetuba;PA;Estadual;1281;484.03;504.55;454.54;440.54;511.94;479.12
5688;Vila Rica;MT;Estadual;60;494.85;497.61;463.08;461.29;478.67;479.1
5689;Aparecida do Rio Doce;GO;Estadual;21;485.35;491.38;450.14;444.79;523.81;479.09
5690;Nioaque;MS;Estadual;96;495.96;504.26;458.37;446.63;490.21;479.09
5691;Cáceres;MT;Estadual;680;488.4;507.36;448.44;447.49;503.72;479.08
5692;Macajuba;BA;Estadual;52;489.18;502.35;457.62;440.88;505.38;479.08
5693;Pontalina;GO;Estadual;145;487.47;495.35;453.44;457.08;502.07;479.08
5694;Garanhuns;PE;Municipal;3;499.67;537.73;419.6;438.4;500.0;479.08
5695;Balneário Rincão;SC;Estadual;10;486.27;526.72;436.49;447.85;498.0;479.07
5696;Campos dos Goytacazes;RJ;Municipal;10;493.36;522.53;447.81;421.58;510.0;479.06
5697;Jacutinga;MG;Municipal;6;500.28;501.2;459.13;454.68;480.0;479.06
5698;Mirante;BA;Estadual;30;490.19;519.73;447.33;450.07;488.0;479.06
5699;Abreulândia;TO;Estadual;12;488.47;504.57;452.54;424.52;525.0;479.02
5700;Sertãozinho;SP;Municipal;1;525.6;504.6;484.3;440.6;440.0;479.02
5701;Araruna;PB;Estadual;108;490.75;499.68;450.81;441.98;511.85;479.02
5702;Bom Jardim da Serra;SC;Estadual;29;498.6;507.68;448.68;448.44;491.72;479.02
5703;Petrolina de Goiás;GO;Estadual;22;498.5;503.83;452.89;461.68;478.18;479.02
5704;Bonfim;RR;Estadual;41;504.38;503.6;451.72;432.87;502.44;479.0
5705;Ibirapitanga;BA;Estadual;61;492.4;513.69;448.25;442.97;497.7;479.0
5706;Marcelino Vieira;RN;Estadual;51;476.51;513.39;456.85;433.23;514.9;478.98
5707;Rochedo de Minas;MG;Estadual;22;492.06;488.65;464.48;471.55;478.18;478.98
5708;Caém;BA;Estadual;64;485.78;504.74;451.13;447.6;505.62;478.97
5709;Angélica;MS;Estadual;60;486.88;505.93;465.51;458.11;478.33;478.96
5710;Belém de Maria;PE;Estadual;77;490.86;495.64;458.84;450.01;499.48;478.96
5711;Mococa;SP;Municipal;40;496.36;484.57;449.61;459.74;504.5;478.96
5712;Frutuoso Gomes;RN;Estadual;17;481.53;492.33;449.35;465.61;505.88;478.94
5713;Itapaci;GO;Estadual;101;493.21;501.19;452.4;465.8;481.98;478.92
5714;Mucurici;ES;Estadual;58;486.52;505.72;460.66;442.32;499.31;478.91
5715;Planaltina;GO;Estadual;634;497.79;503.32;445.7;454.63;493.12;478.91
5716;Aragarças;GO;Estadual;112;503.14;501.9;457.21;458.86;473.39;478.9
5717;Lagoa dos Três Cantos;RS;Estadual;10;491.3;469.44;451.67;494.01;488.0;478.88
5718;Teixeirópolis;RO;Estadual;40;488.0;494.45;445.22;452.68;514.0;478.87
5719;Baraúna;RN;Estadual;123;494.71;500.64;448.0;451.68;499.19;478.84
5720;Cafarnaum;BA;Estadual;63;482.17;497.58;439.77;455.85;518.73;478.82
5721;Santana dos Garrotes;PB;Estadual;32;478.18;493.35;460.14;456.17;506.25;478.82
5722;Candiota;RS;Estadual;76;492.65;501.17;449.92;448.71;501.58;478.81
5723;Sooretama;ES;Estadual;207;490.75;499.57;453.39;438.76;511.5;478.8
5724;Jurema;PE;Estadual;70;482.93;501.73;440.78;443.94;524.57;478.79
5725;Alcantil;PB;Estadual;37;483.33;500.44;445.12;472.64;492.43;478.79
5726;Viçosa do Ceará;CE;Estadual;692;486.46;490.2;451.49;450.82;514.97;478.79
5727;Mato Verde;MG;Estadual;91;491.76;501.03;445.28;451.29;504.62;478.79
5728;Davinópolis;MA;Estadual;83;482.09;496.08;458.76;449.79;507.23;478.79
5729;Antas;BA;Estadual;33;494.47;502.68;455.3;471.08;470.3;478.77
5730;Dois Irmãos das Missões;RS;Estadual;10;481.4;496.54;467.38;456.47;492.0;478.76
5731;José Raydan;MG;Estadual;12;492.7;497.7;445.1;486.52;471.67;478.74
5732;Itaquiraí;MS;Estadual;102;500.2;505.67;455.46;470.17;462.16;478.73
5733;Conceição da Barra;ES;Estadual;256;486.64;502.95;461.32;449.78;492.89;478.72
5734;Vera Cruz;BA;Estadual;152;490.55;507.24;454.6;435.19;506.05;478.72
5735;Presidente Médici;MA;Estadual;29;477.78;503.08;439.12;434.96;538.62;478.71
5736;Nova Floresta;PB;Estadual;64;489.63;494.29;457.92;449.8;501.88;478.7
5737;Caldas Brandão;PB;Estadual;31;490.76;497.58;439.98;421.29;543.87;478.7
5738;Pequi;MG;Estadual;15;488.75;482.95;446.84;478.96;496.0;478.7
5739;Chupinguaia;RO;Estadual;42;491.82;508.96;450.74;452.94;489.05;478.7
5740;Corumbataí do Sul;PR;Estadual;18;487.07;496.91;452.41;438.17;518.89;478.69
5741;Águas Vermelhas;MG;Estadual;69;491.92;495.88;448.34;448.89;508.41;478.69
5742;Castelo do Piauí;PI;Municipal;1;518.5;498.3;421.5;455.1;500.0;478.68
5743;Itapirapuã;GO;Estadual;50;492.64;507.56;462.64;458.54;472.0;478.67
5744;Ribeira do Pombal;BA;Estadual;236;493.26;506.07;442.39;451.04;500.51;478.65
5745;Angico;TO;Estadual;24;487.18;512.9;457.03;449.49;486.67;478.65
5746;Ipiranga do Sul;RS;Estadual;14;497.39;507.76;458.76;486.27;442.86;478.61
5747;Terenos;MS;Estadual;88;500.98;499.48;445.0;460.88;486.59;478.59
5748;Tamboril;CE;Estadual;258;482.03;487.41;459.34;452.9;511.16;478.57
5749;Filadélfia;BA;Estadual;71;485.5;496.42;461.0;450.09;499.85;478.57
5750;Presidente Epitácio;SP;Municipal;10;477.71;517.19;447.27;480.51;470.0;478.54
5751;Salinas da Margarida;BA;Estadual;69;497.06;507.38;446.06;429.54;512.46;478.5
5752;São Domingos do Cariri;PB;Estadual;14;504.86;505.82;453.05;428.7;500.0;478.49
5753;Uberaba;MG;Municipal;2;496.35;540.45;423.1;452.5;480.0;478.48
5754;Itanhaém;SP;Municipal;1;490.3;520.4;439.1;402.6;540.0;478.48
5755;Taciba;SP;Estadual;40;492.29;496.6;448.56;456.43;498.5;478.47
5756;Presidente Castelo Branco;PR;Estadual;27;476.28;510.52;459.04;464.63;481.48;478.39
5757;Curuçá;PA;Estadual;224;490.22;500.91;451.11;435.76;513.93;478.39
5758;Mãe d'Água;PB;Estadual;24;484.3;497.49;459.14;444.35;506.67;478.39
5759;Paulicéia;SP;Estadual;43;498.77;497.92;451.47;455.39;488.37;478.38
5760;Canapi;AL;Estadual;62;481.46;505.46;431.25;437.61;536.13;478.38
5761;Mariápolis;SP;Estadual;19;498.43;497.08;464.12;470.17;462.11;478.38
5762;São João Batista;SC;Municipal;2;467.25;513.3;472.95;458.3;480.0;478.36
5763;Domingos Mourão;PI;Estadual;37;494.71;493.94;445.88;429.12;528.11;478.35
5764;Felixlândia;MG;Estadual;88;497.36;503.35;469.02;457.95;464.09;478.35
5765;Comodoro;MT;Estadual;107;488.05;504.98;456.6;457.02;485.05;478.34
5766;Granito;PE;Estadual;50;481.78;500.5;463.2;454.61;491.6;478.34
5767;Marianópolis do Tocantins;TO;Estadual;21;490.42;491.5;449.75;461.86;498.1;478.32
5768;Nossa Senhora dos Remédios;PI;Estadual;26;496.88;502.13;455.37;440.27;496.92;478.31
5769;Posse;GO;Estadual;207;495.76;502.74;444.89;454.27;493.72;478.28
5770;Correia Pinto;SC;Estadual;113;493.68;491.36;444.54;448.3;513.45;478.27
5771;Bandeirantes;MS;Estadual;61;492.58;504.28;450.78;471.55;472.13;478.26
5772;Boa Vista do Gurupi;MA;Estadual;30;483.51;497.73;454.2;441.85;514.0;478.26
5773;Toritama;PE;Estadual;178;496.08;501.89;448.72;457.43;487.19;478.26
5774;Itacaré;BA;Estadual;70;490.53;507.95;446.98;443.27;502.57;478.26
5775;Martinópole;CE;Estadual;133;489.96;483.97;461.82;457.16;498.35;478.25
5776;Barra Longa;MG;Estadual;22;483.94;504.25;466.66;442.71;493.64;478.24
5777;Paraú;RN;Estadual;18;489.67;515.11;442.72;444.79;498.89;478.24
5778;Dom Eliseu;PA;Estadual;159;491.77;510.87;446.97;454.05;487.55;478.24
5779;Milagres;BA;Municipal;48;502.04;497.51;454.09;445.5;492.08;478.24
5780;Ipu;CE;Estadual;381;487.9;493.87;458.14;451.7;499.53;478.23
5781;Carutapera;MA;Estadual;134;491.22;493.85;453.98;434.96;517.01;478.21
5782;Oeiras do Pará;PA;Municipal;5;516.84;522.54;469.66;494.02;388.0;478.21
5783;Godofredo Viana;MA;Estadual;45;480.82;497.63;449.27;449.97;513.33;478.2
5784;Cipó;BA;Estadual;103;492.83;500.92;455.94;441.44;499.81;478.19
5785;Ribeirão;PE;Estadual;225;491.24;502.3;456.3;451.61;489.51;478.19
5786;Silveiras;SP;Municipal;4;510.42;486.1;456.15;483.28;455.0;478.19
5787;Tocantinópolis;TO;Estadual;167;493.74;505.58;454.2;447.49;489.94;478.19
5788;Iguatama;MG;Estadual;36;489.27;488.0;466.91;463.41;483.33;478.18
5789;Buritirama;BA;Municipal;2;473.85;527.25;447.7;392.1;550.0;478.18
5790;Mirangaba;BA;Estadual;22;488.46;513.5;444.84;435.01;509.09;478.18
5791;Minas Novas;MG;Estadual;248;492.43;506.02;459.35;451.29;481.77;478.17
5792;Nova Castilho;SP;Estadual;8;522.39;497.62;435.76;415.0;520.0;478.16
5793;São Sebastião do Alto;RJ;Estadual;39;496.42;497.21;455.88;458.18;483.08;478.15
5794;Itacuruba;PE;Estadual;30;499.72;493.0;455.44;450.6;492.0;478.15
5795;Novo Gama;GO;Estadual;337;494.63;505.04;441.62;449.58;499.88;478.15
5796;Ibiaí;MG;Estadual;25;492.49;494.42;443.96;446.22;513.6;478.14
5797;Riacho de Santana;RN;Estadual;25;475.4;501.45;439.22;434.62;540.0;478.14
5798;Peixoto de Azevedo;MT;Estadual;168;488.98;505.87;456.62;456.18;482.98;478.13
5799;Quatro Irmãos;RS;Estadual;10;497.8;499.31;433.3;493.98;466.0;478.08
5800;Santa Maria do Oeste;PR;Estadual;78;495.63;495.46;448.1;462.24;488.97;478.08
5801;Guaraí;TO;Estadual;199;497.45;497.24;456.22;455.56;483.82;478.06
5802;Ponte Alta do Norte;SC;Estadual;31;480.71;497.92;459.28;452.32;500.0;478.05
5803;Catolé do Rocha;PB;Estadual;156;485.2;499.93;450.38;448.48;506.28;478.05
5804;Natividade da Serra;SP;Estadual;37;503.79;517.37;464.91;446.33;457.84;478.05
5805;Coronel Barros;RS;Estadual;15;488.47;493.97;479.27;469.71;458.67;478.02
5806;Brasil Novo;PA;Estadual;130;485.9;506.09;451.57;440.15;506.31;478.0
5807;Parnaíba;PI;Estadual;984;489.48;505.14;455.14;441.76;498.46;477.99
5808;Barão de Grajaú;MA;Municipal;4;462.52;468.25;460.0;434.18;565.0;477.99
5809;Caraúbas;RN;Estadual;144;483.75;492.67;454.99;449.5;509.03;477.99
5810;Vereda;BA;Estadual;21;484.87;489.98;431.07;453.58;530.48;477.99
5811;Iguaracy;PE;Estadual;68;489.3;505.23;445.14;439.61;510.59;477.98
5812;Água Doce do Maranhão;MA;Municipal;1;520.9;538.2;387.9;442.9;500.0;477.98
5813;Trairão;PA;Estadual;40;485.0;513.0;458.0;441.32;492.5;477.96
5814;Rio Vermelho;MG;Estadual;85;497.38;503.92;455.94;450.33;482.12;477.94
5815;Central de Minas;MG;Estadual;25;497.71;509.84;444.52;452.86;484.8;477.94
5816;Caetité;BA;Municipal;17;486.72;498.11;444.88;449.42;510.59;477.94
5817;Campos Lindos;TO;Estadual;28;484.63;508.06;452.62;440.76;503.57;477.93
5818;Xique-Xique;BA;Estadual;129;490.4;499.39;455.96;449.35;494.57;477.93
5819;Mombaça;CE;Estadual;400;487.63;495.26;449.97;461.07;495.65;477.92
5820;Carlos Chagas;MG;Estadual;93;494.52;497.3;449.85;450.53;497.42;477.92
5821;Vale Verde;RS;Estadual;17;504.77;490.96;448.49;464.18;481.18;477.92
5822;Bandeira;MG;Estadual;16;503.13;515.59;458.28;435.05;477.5;477.91
5823;São Valério do Sul;RS;Estadual;8;488.88;496.41;478.38;488.34;437.5;477.9
5824;Pindorama;SP;Estadual;58;491.47;495.98;444.22;463.51;494.14;477.86
5825;Tutóia;MA;Municipal;14;472.59;496.5;473.54;456.67;490.0;477.86
5826;Pacajus;CE;Estadual;920;489.47;498.93;452.54;453.3;494.91;477.83
5827;Santana do São Francisco;SE;Estadual;34;499.32;497.37;442.41;430.44;519.41;477.79
5828;Andaraí;BA;Estadual;52;494.46;493.9;458.06;451.69;490.77;477.78
5829;Marcelândia;MT;Estadual;72;492.79;507.26;460.65;457.6;470.56;477.77
5830;Forquilha;CE;Estadual;284;485.98;490.84;458.8;459.94;493.31;477.77
5831;Itambaracá;PR;Estadual;28;493.21;513.11;452.27;454.53;475.71;477.77
5832;Morro do Pilar;MG;Estadual;28;483.82;508.52;452.48;441.9;502.14;477.77
5833;Nova Aliança do Ivaí;PR;Estadual;5;498.16;494.26;447.76;468.64;480.0;477.76
5834;Tuneiras do Oeste;PR;Estadual;51;486.66;491.4;443.63;452.98;514.12;477.76
5835;Tabaporã;MT;Estadual;59;491.14;493.05;451.13;445.59;507.8;477.74
5836;Monsenhor Gil;PI;Estadual;82;493.05;508.11;453.14;459.52;474.88;477.74
5837;Várzea Grande;MT;Estadual;1816;491.58;507.95;448.37;450.01;490.79;477.74
5838;Quinta do Sol;PR;Estadual;28;482.24;510.94;455.51;450.61;489.29;477.72
5839;Castelo do Piauí;PI;Estadual;154;488.35;497.95;456.01;450.35;495.84;477.7
5840;Anapu;PA;Privada;8;510.72;496.76;471.16;447.32;462.5;477.7
5841;Iacri;SP;Estadual;27;497.08;510.94;443.52;440.54;496.3;477.68
5842;Bacabal;MA;Estadual;748;487.97;499.94;455.04;447.46;497.99;477.68
5843;Nova Cruz;RN;Estadual;155;487.37;499.92;448.97;436.23;515.87;477.67
5844;Medeiros Neto;BA;Estadual;101;496.12;506.52;448.78;442.15;494.65;477.64
5845;Assis Brasil;AC;Estadual;39;485.56;499.75;457.12;451.09;494.36;477.58
5846;Cabedelo;PB;Estadual;190;496.91;506.29;449.33;449.31;486.0;477.57
5847;Salvaterra;PA;Estadual;206;484.32;506.34;457.02;438.73;501.46;477.57
5848;Moreilândia;PE;Estadual;89;475.33;501.24;460.2;441.86;509.21;477.57
5849;Morro do Chapéu;BA;Estadual;141;492.25;500.78;446.82;449.76;498.16;477.55
5850;Santa Luzia;PB;Estadual;147;491.56;502.73;448.07;457.49;487.76;477.52
5851;São José do Herval;RS;Estadual;14;501.51;487.29;468.96;445.51;484.29;477.51
5852;Parobé;RS;Municipal;19;505.34;521.8;452.03;438.9;469.47;477.51
5853;Ferreiros;PE;Estadual;93;491.41;493.68;448.6;447.36;506.45;477.5
5854;São Bento do Una;PE;Estadual;241;493.57;496.6;453.85;447.23;496.18;477.49
5855;Licínio de Almeida;BA;Municipal;1;534.3;488.7;456.0;428.3;480.0;477.46
5856;Canarana;BA;Estadual;104;490.63;495.85;446.99;458.44;495.38;477.46
5857;Carnaubais;RN;Estadual;39;483.51;489.88;450.51;452.09;511.28;477.45
5858;Vieirópolis;PB;Estadual;40;489.58;496.08;456.1;453.5;492.0;477.45
5859;Picos;PI;Estadual;617;489.26;499.91;451.1;441.78;505.12;477.44
5860;Parelhas;RN;Municipal;4;496.45;519.62;454.95;461.15;455.0;477.44
5861;Alvorada D'Oeste;RO;Estadual;134;486.94;507.35;451.16;460.26;481.37;477.42
5862;América Dourada;BA;Estadual;54;480.06;493.29;453.92;453.46;506.3;477.41
5863;Guaraciaba;MG;Estadual;45;491.12;505.28;444.53;464.27;481.78;477.4
5864;Lagoa Alegre;PI;Estadual;55;476.81;506.77;440.17;432.7;530.55;477.4
5865;Água Nova;RN;Estadual;20;507.26;495.08;445.46;433.14;506.0;477.39
5866;Tejuçuoca;CE;Estadual;222;482.99;494.22;452.37;445.98;511.26;477.36
5867;Santa Izabel do Pará;PA;Estadual;435;488.86;503.66;453.67;437.94;502.57;477.34
5868;Feijó;AC;Estadual;158;494.5;504.33;443.78;433.33;510.76;477.34
5869;Baturité;CE;Estadual;364;492.3;493.78;450.75;449.16;500.71;477.34
5870;Várzea Branca;PI;Estadual;22;472.06;506.76;438.76;439.92;529.09;477.32
5871;Sabino;SP;Estadual;22;509.06;503.07;439.16;435.2;500.0;477.3
5872;Umari;CE;Estadual;52;486.5;502.38;449.55;439.25;508.85;477.3
5873;Buenos Aires;PE;Estadual;73;494.05;501.81;454.83;441.26;494.52;477.29
5874;Salto do Itararé;PR;Estadual;19;508.61;517.62;450.2;461.58;448.42;477.29
5875;Riacho dos Cavalos;PB;Estadual;41;483.06;506.86;444.16;447.96;504.39;477.29
5876;Apiacás;MT;Estadual;31;489.28;479.7;468.48;463.05;485.81;477.26
5877;Jitaúna;BA;Estadual;37;495.14;498.05;465.1;437.21;490.81;477.26
5878;São Francisco;PB;Estadual;32;497.0;497.82;437.3;438.52;515.62;477.25
5879;São Miguel do Guamá;PA;Estadual;381;489.47;504.6;449.98;439.94;502.25;477.25
5880;Dom Expedito Lopes;PI;Estadual;63;495.45;492.13;454.74;450.27;493.65;477.25
5881;Porangaba;SP;Estadual;55;496.19;500.49;454.32;453.36;481.82;477.24
5882;Itapiranga;SC;Municipal;1;442.3;489.8;526.7;647.4;280.0;477.24
5883;Torixoréu;MT;Estadual;34;489.53;502.66;447.24;443.25;503.53;477.24
5884;Campo Novo de Rondônia;RO;Estadual;47;489.53;504.69;448.91;442.61;500.43;477.23
5885;Ibitirama;ES;Estadual;64;488.77;497.29;460.89;449.44;489.69;477.21
5886;Senhor do Bonfim;BA;Estadual;367;490.9;506.94;448.89;451.14;488.17;477.21
5887;Iporanga;SP;Estadual;23;491.07;505.57;453.54;458.42;477.39;477.2
5888;Brejinho;RN;Estadual;69;484.79;496.46;449.49;468.53;486.67;477.19
5889;Itapé;BA;Estadual;53;480.13;492.89;450.41;448.53;513.96;477.18
5890;João Câmara;RN;Estadual;164;487.56;501.26;452.66;446.64;497.8;477.18
5891;Arneiroz;CE;Estadual;73;476.7;491.83;462.2;466.92;488.22;477.18
5892;Nordestina;BA;Estadual;35;489.41;495.06;452.83;445.17;503.43;477.18
5893;Teofilândia;BA;Estadual;61;488.29;505.19;456.84;436.59;499.02;477.18
5894;Marabá;PA;Estadual;1859;488.05;505.29;449.13;446.11;497.34;477.18
5895;Araçaí;MG;Estadual;13;498.62;496.59;443.93;459.05;487.69;477.18
5896;Pontal do Paraná;PR;Privada;11;495.55;503.0;480.47;441.29;465.45;477.15
5897;Barbosa;SP;Estadual;13;503.75;487.58;439.17;476.75;478.46;477.14
5898;Monteirópolis;AL;Estadual;11;502.26;488.08;426.87;435.74;532.73;477.14
5899;Areia Branca;SE;Estadual;86;486.57;500.19;455.13;441.73;502.09;477.14
5900;Alagoinha;PE;Estadual;81;492.45;500.87;446.8;447.28;498.27;477.13
5901;Lages;SC;Municipal;18;477.54;503.04;440.95;438.54;525.56;477.13
5902;Jateí;MS;Estadual;46;491.77;501.33;458.61;450.45;483.48;477.13
5903;Itaipé;MG;Privada;8;509.84;508.09;450.48;444.69;472.5;477.12
5904;Ataléia;MG;Estadual;74;493.53;491.44;454.87;438.16;507.57;477.11
5905;Itanhém;BA;Municipal;1;519.8;493.1;449.5;383.1;540.0;477.1
5906;Ituberá;BA;Estadual;97;487.28;500.31;452.72;440.6;504.54;477.09
5907;Itacajá;TO;Estadual;76;488.8;492.92;452.58;437.47;513.68;477.09
5908;Igarassu;PE;Estadual;551;491.84;501.22;459.21;445.37;487.7;477.07
5909;Bela Vista do Toldo;SC;Estadual;33;483.03;498.08;459.88;452.18;492.12;477.06
5910;Guamaré;RN;Municipal;3;414.17;545.3;459.4;366.43;600.0;477.06
5911;Capão do Leão;RS;Municipal;3;494.9;489.1;460.33;460.9;480.0;477.05
5912;Cardoso;SP;Estadual;41;500.84;499.03;451.18;469.77;464.39;477.04
5913;Itagi;BA;Estadual;40;486.68;500.92;457.18;433.9;506.5;477.04
5914;Jaciara;MT;Estadual;227;491.11;497.37;454.66;448.9;493.13;477.03
5915;Fontoura Xavier;RS;Estadual;39;496.02;490.66;444.49;445.8;508.21;477.03
5916;Witmarsum;SC;Estadual;41;480.45;495.31;450.45;468.62;490.24;477.02
5917;Itapura;SP;Estadual;30;512.35;516.01;451.58;437.07;468.0;477.0
5918;São José de Piranhas;PB;Estadual;86;480.43;490.72;459.81;463.04;490.93;476.99
5919;Jaguaquara;BA;Municipal;1;476.8;478.5;393.9;395.7;640.0;476.98
5920;Quadra;SP;Estadual;21;499.04;511.18;451.0;458.9;464.76;476.98
5921;Zabelê;PB;Estadual;6;500.87;475.68;444.17;497.5;466.67;476.98
5922;Itinga;MG;Privada;7;483.39;501.11;468.26;457.81;474.29;476.97
5923;Ibiara;PB;Estadual;41;478.54;491.41;468.57;455.1;491.22;476.97
5924;Cruzeiro do Sul;AC;Estadual;1076;488.45;497.8;446.52;436.4;515.58;476.95
5925;Cabixi;RO;Estadual;28;498.46;487.51;455.62;458.88;484.29;476.95
5926;Corumbá;MS;Estadual;714;493.06;503.94;448.2;449.01;490.48;476.94
5927;Santa Cruz de Goiás;GO;Estadual;16;478.88;496.5;460.33;463.9;485.0;476.92
5928;Manga;MG;Estadual;110;500.16;509.8;442.87;437.72;494.0;476.91
5929;São José da Safira;MG;Estadual;24;492.16;514.11;441.84;455.37;480.83;476.86
5930;São Patrício;GO;Estadual;19;507.25;489.53;450.39;463.25;473.68;476.82
5931;Santa Cruz da Baixa Verde;PE;Estadual;101;490.99;499.39;446.94;443.94;502.77;476.81
5932;Chã de Alegria;PE;Estadual;68;482.05;495.32;455.56;449.6;501.47;476.8
5933;Estância;SE;Estadual;322;486.45;496.42;448.52;437.2;515.42;476.8
5934;Sobradinho;BA;Estadual;111;488.13;497.48;447.27;451.58;499.46;476.78
5935;Jaborandi;SP;Estadual;40;493.12;504.24;446.86;460.7;479.0;476.78
5936;Macaíba;RN;Estadual;316;493.07;502.46;449.74;449.3;489.3;476.77
5937;Jupiá;SC;Estadual;13;490.28;503.18;451.26;454.52;484.62;476.77
5938;Sapé;PB;Estadual;242;489.87;499.84;450.82;439.61;503.72;476.77
5939;Itabaiana;PB;Estadual;73;498.52;498.22;449.59;446.18;491.23;476.75
5940;Lupionópolis;PR;Estadual;22;500.35;491.07;448.95;443.35;500.0;476.74
5941;Frei Martinho;PB;Estadual;23;484.06;504.11;453.08;431.03;511.3;476.72
5942;Aratuba;CE;Estadual;163;487.27;495.56;457.03;449.15;494.48;476.7
5943;Gramado Xavier;RS;Estadual;32;486.67;500.54;436.18;440.67;519.38;476.69
5944;Caraí;MG;Estadual;82;493.19;498.03;465.44;445.25;481.46;476.68
5945;São Francisco de Assis;RS;Estadual;106;490.31;499.88;457.08;456.34;479.81;476.68
5946;Nova Esperança do Sul;RS;Estadual;28;502.68;506.79;451.84;453.46;468.57;476.67
5947;Balneário Piçarras;SC;Estadual;139;491.93;499.55;455.34;448.82;487.63;476.66
5948;Mutuípe;BA;Estadual;116;488.23;504.13;449.55;449.91;491.38;476.64
5949;Corumbaíba;GO;Municipal;2;541.75;545.8;482.05;393.6;420.0;476.64
5950;Theobroma;RO;Estadual;48;501.54;499.37;446.28;438.81;497.08;476.61
5951;Maruim;SE;Privada;26;484.77;499.67;460.78;450.1;487.69;476.6
5952;Itajá;GO;Estadual;32;490.88;512.52;455.96;448.64;475.0;476.6
5953;Rorainópolis;RR;Estadual;71;483.25;508.13;454.3;433.83;503.38;476.58
5954;Parintins;AM;Estadual;1155;483.67;500.5;451.06;439.71;507.94;476.58
5955;Ibititá;BA;Estadual;87;489.07;498.61;449.04;449.18;497.01;476.58
5956;Arara;PB;Estadual;67;486.49;498.62;444.99;434.56;518.21;476.57
5957;Serra dos Aimorés;MG;Estadual;51;484.61;492.55;445.48;447.66;512.55;476.57
5958;Felisburgo;MG;Estadual;25;478.18;494.07;457.27;466.89;486.4;476.56
5959;Itaquaquecetuba;SP;Municipal;2;533.55;470.1;472.95;526.15;380.0;476.55
5960;Barra de Santana;PB;Estadual;47;482.91;491.13;440.45;447.41;520.85;476.55
5961;Araxá;MG;Municipal;10;480.75;516.87;471.83;471.24;442.0;476.54
5962;Porteirinha;MG;Municipal;1;486.8;535.2;403.0;597.7;360.0;476.54
5963;Ortigueira;PR;Estadual;83;491.0;509.26;455.16;440.53;486.75;476.54
5964;Viradouro;SP;Estadual;71;497.72;499.13;453.06;462.3;470.42;476.53
5965;Itaporanga;PB;Estadual;114;482.8;492.74;451.02;457.11;498.95;476.52
5966;Palmas;PR;Estadual;169;490.95;499.35;447.16;453.81;491.36;476.52
5967;Lagoa Grande;PE;Estadual;150;487.56;491.23;455.06;454.81;493.87;476.51
5968;Teotônio Vilela;AL;Estadual;421;487.55;496.81;447.32;438.7;512.16;476.51
5969;Pontalinda;SP;Estadual;12;488.96;498.62;453.47;444.66;496.67;476.48
5970;Lagoa Santa;GO;Estadual;19;501.99;510.74;447.58;462.08;460.0;476.48
5971;Tailândia;PA;Estadual;366;488.4;500.33;451.78;451.19;490.6;476.46
5972;Cairu;BA;Estadual;22;483.29;494.97;461.52;420.72;521.82;476.46
5973;Alvorada do Norte;GO;Estadual;76;500.42;503.77;446.58;427.53;503.95;476.45
5974;Balneário Arroio do Silva;SC;Municipal;3;517.33;481.0;438.0;452.57;493.33;476.45
5975;Uirapuru;GO;Privada;11;484.25;484.42;441.73;471.67;500.0;476.41
5976;Nísia Floresta;RN;Municipal;36;483.15;498.59;454.62;461.26;484.44;476.41
5977;Potiraguá;BA;Estadual;33;484.86;516.17;448.53;433.65;498.79;476.4
5978;Papagaios;MG;Estadual;74;486.07;501.28;454.11;463.77;476.76;476.4
5979;Puxinanã;PB;Estadual;70;496.96;501.41;440.62;442.7;500.29;476.4
5980;Primavera;PE;Estadual;62;483.04;488.82;443.54;453.65;512.9;476.39
5981;Piracuruca;PI;Estadual;226;483.79;495.49;454.13;445.16;503.36;476.39
5982;Paranaguá;PR;Municipal;2;443.7;539.4;474.1;514.75;410.0;476.39
5983;Divinópolis do Tocantins;TO;Estadual;43;486.61;494.9;449.15;447.51;503.72;476.38
5984;Amarante do Maranhão;MA;Privada;3;469.73;489.47;476.57;446.1;500.0;476.37
5985;Quipapá;PE;Estadual;83;487.55;498.18;453.57;438.17;504.34;476.36
5986;Colina;SP;Estadual;64;494.5;505.58;442.63;448.44;490.62;476.36
5987;Emas;PB;Estadual;14;474.89;466.48;444.21;456.25;540.0;476.36
5988;Araguacema;TO;Estadual;28;487.45;498.66;446.75;449.55;499.29;476.34
5989;Limoeiro de Anadia;AL;Estadual;113;483.85;494.81;445.95;444.65;512.39;476.33
5990;Aceguá;RS;Estadual;31;490.91;501.04;441.35;445.13;503.23;476.33
5991;Amajari;RR;Federal;27;488.14;500.9;463.93;435.35;493.33;476.33
5992;Diamante;PB;Estadual;29;475.78;500.38;448.85;438.66;517.93;476.32
5993;Candeias;BA;Estadual;447;489.11;497.33;453.95;445.58;495.53;476.3
5994;Cacimbas;PB;Estadual;23;474.31;485.41;444.1;445.48;532.17;476.3
5995;Bodó;RN;Estadual;6;484.62;469.75;453.75;439.93;533.33;476.28
5996;Epitaciolândia;AC;Estadual;110;490.6;502.06;449.69;452.78;486.18;476.26
5997;Arandu;SP;Estadual;36;499.29;498.4;449.7;461.12;472.78;476.26
5998;Bom Jesus do Tocantins;PA;Estadual;58;503.0;496.59;445.93;445.44;490.34;476.26
5999;Ilha de Itamaracá;PE;Estadual;101;494.48;506.77;456.68;439.48;483.76;476.24
6000;Buriti dos Lopes;PI;Estadual;160;482.69;501.07;451.56;438.15;507.75;476.24
6001;Rurópolis;PA;Estadual;86;484.88;492.23;463.74;435.92;504.42;476.24
6002;Serra Negra do Norte;RN;Estadual;37;502.15;502.65;465.78;441.91;468.65;476.23
6003;Batayporã;MS;Estadual;80;497.01;499.6;448.62;448.14;487.75;476.22
6004;Rio Real;BA;Estadual;224;489.61;503.78;450.31;441.3;495.98;476.2
6005;Peixe-Boi;PA;Estadual;35;474.56;502.83;454.52;432.54;516.57;476.2
6006;Ladário;MS;Estadual;154;487.86;500.21;452.02;447.21;493.64;476.19
6007;Crisópolis;BA;Estadual;98;474.62;487.39;450.32;448.23;520.41;476.19
6008;Novo Cruzeiro;MG;Estadual;235;493.67;504.84;451.82;445.08;485.53;476.19
6009;Pedro Velho;RN;Estadual;75;485.39;495.03;446.22;444.32;509.92;476.18
6010;Engenheiro Paulo de Frontin;RJ;Municipal;19;499.33;509.76;433.79;442.2;495.79;476.17
6011;Juranda;PR;Estadual;49;486.07;489.55;445.41;454.07;505.71;476.16
6012;Bom Princípio do Piauí;PI;Estadual;34;473.18;497.44;448.28;449.57;512.35;476.16
6013;Alta Floresta D'Oeste;RO;Municipal;10;492.88;492.88;450.63;464.43;480.0;476.16
6014;Viana;ES;Estadual;502;494.18;505.42;449.66;446.6;484.9;476.15
6015;Custódia;PE;Estadual;225;491.36;493.51;454.66;457.01;484.18;476.14
6016;Sabinópolis;MG;Estadual;78;494.47;503.23;440.89;465.95;476.15;476.14
6017;Triunfo;PB;Estadual;45;477.83;492.05;438.23;459.22;513.33;476.13
6018;Ubaíra;BA;Estadual;86;489.22;502.87;456.04;441.32;491.16;476.12
6019;Ibitinga;SP;Municipal;8;490.94;519.45;442.59;455.12;472.5;476.12
6020;Piçarra;PA;Estadual;51;474.69;503.74;454.5;453.88;493.73;476.11
6021;Juramento;MG;Estadual;23;500.27;512.04;444.62;437.46;486.09;476.09
6022;Ituaçu;BA;Municipal;5;483.44;498.62;432.2;454.2;512.0;476.09
6023;Doutor Severiano;RN;Estadual;45;482.08;491.11;456.08;432.53;518.67;476.09
6024;Itauçu;GO;Estadual;48;486.87;509.45;445.03;454.9;484.17;476.08
6025;Santa Cruz do Piauí;PI;Estadual;60;481.24;497.26;450.91;444.67;506.33;476.08
6026;Presidente Dutra;MA;Municipal;1;480.9;388.8;440.6;550.1;520.0;476.08
6027;Vicência;PE;Estadual;184;486.5;497.57;452.05;442.98;501.2;476.06
6028;Barcelos;AM;Estadual;112;484.69;500.32;455.85;439.25;500.18;476.06
6029;Divisópolis;MG;Estadual;54;484.59;499.72;452.28;457.77;485.93;476.06
6030;Castanheira;MT;Estadual;27;486.52;498.41;448.85;450.96;495.56;476.06
6031;Canudos;BA;Estadual;65;486.05;503.06;451.42;450.16;489.54;476.04
6032;Santana do Maranhão;MA;Estadual;56;483.72;507.1;456.44;440.77;492.14;476.03
6033;Santo Antônio;RN;Estadual;80;500.93;499.04;444.97;457.44;477.75;476.03
6034;Fazenda Rio Grande;PR;Municipal;27;498.57;506.53;469.1;440.65;465.19;476.01
6035;Glória do Goitá;PE;Estadual;217;486.95;494.45;447.23;442.17;509.22;476.0
6036;Fátima;BA;Estadual;136;487.62;497.3;446.51;439.51;508.97;475.98
6037;Nilo Peçanha;BA;Privada;21;481.39;503.32;449.23;434.53;511.43;475.98
6038;Barro Alto;BA;Estadual;58;484.05;494.52;443.24;440.16;517.93;475.98
6039;Cacequi;RS;Estadual;32;483.24;503.87;445.98;441.71;505.0;475.96
6040;Colméia;TO;Estadual;89;484.23;493.26;446.68;441.69;513.93;475.96
6041;Comercinho;MG;Estadual;41;479.82;504.4;455.23;444.75;495.61;475.96
6042;Belmonte;BA;Estadual;25;498.38;487.56;453.38;437.98;502.4;475.94
6043;Santa Bárbara de Goiás;GO;Estadual;48;496.83;510.17;445.45;460.58;466.67;475.94
6044;Chaval;CE;Estadual;137;487.71;500.15;457.4;438.54;495.91;475.94
6045;São José das Palmeiras;PR;Estadual;15;487.59;510.09;456.4;458.94;466.67;475.94
6046;Sirinhaém;PE;Estadual;163;489.92;495.72;455.41;441.92;496.69;475.93
6047;Valença do Piauí;PI;Estadual;170;483.44;498.46;455.96;443.01;498.71;475.92
6048;Xambrê;PR;Estadual;38;482.01;492.97;446.19;446.24;512.11;475.9
6049;Óbidos;PA;Estadual;292;486.35;492.63;446.64;437.8;516.1;475.9
6050;Passabém;MG;Estadual;17;485.87;499.49;454.18;457.61;482.35;475.9
6051;São João do Jaguaribe;CE;Estadual;30;485.05;494.89;446.13;445.3;508.0;475.87
6052;Santa Rosa de Goiás;GO;Estadual;22;495.02;493.83;448.13;448.64;493.64;475.85
6053;Luiziana;PR;Estadual;35;496.61;491.24;444.07;457.59;489.71;475.85
6054;Itacoatiara;AM;Estadual;888;486.11;498.17;446.74;435.5;512.66;475.84
6055;Timbé do Sul;SC;Estadual;28;486.28;494.31;456.89;442.47;499.29;475.84
6056;Parari;PB;Estadual;5;495.78;492.02;435.48;455.92;500.0;475.84
6057;Nilo Peçanha;BA;Estadual;30;484.83;508.58;456.62;438.47;490.67;475.83
6058;Presidente Tancredo Neves;BA;Estadual;126;485.91;495.61;447.27;450.22;500.16;475.83
6059;Marajá do Sena;MA;Estadual;7;494.86;489.56;470.34;441.47;482.86;475.82
6060;Pires do Rio;GO;Estadual;137;491.71;500.48;448.73;449.38;488.76;475.81
6061;Pracuúba;AP;Estadual;18;492.53;513.68;448.02;435.87;488.89;475.8
6062;Santa Fé de Minas;MG;Estadual;20;504.9;502.45;433.0;443.6;495.0;475.79
6063;Livramento de Nossa Senhora;BA;Municipal;8;485.56;487.59;460.94;507.21;437.5;475.76
6064;São Jerônimo da Serra;PR;Estadual;57;485.58;497.41;454.26;454.89;486.67;475.76
6065;São Nicolau;RS;Estadual;42;486.37;483.32;448.15;461.41;499.52;475.76
6066;Ibateguara;AL;Estadual;64;473.17;483.32;453.21;442.46;526.56;475.74
6067;Ibirarema;SP;Estadual;34;499.36;509.29;435.57;436.83;497.65;475.74
6068;Três Barras;SC;Estadual;92;495.03;484.69;446.74;465.61;486.52;475.72
6069;São Sebastião do Passé;BA;Municipal;3;501.7;489.97;421.73;485.13;480.0;475.71
6070;Soure;PA;Estadual;168;479.33;494.03;456.34;435.76;513.1;475.71
6071;Porto Franco;MA;Estadual;197;484.73;497.78;451.95;446.07;497.87;475.68
6072;Marcelino Ramos;RS;Estadual;22;502.04;505.2;460.14;451.04;460.0;475.68
6073;Juripiranga;PB;Estadual;63;485.61;484.81;445.94;439.51;522.54;475.68
6074;Teresópolis;RJ;Municipal;3;485.37;533.77;463.77;468.8;426.67;475.67
6075;Lagoinha do Piauí;PI;Municipal;1;463.9;530.0;441.1;423.3;520.0;475.66
6076;Leandro Ferreira;MG;Estadual;8;506.21;484.15;447.8;477.61;462.5;475.66
6077;Crixás;GO;Estadual;81;489.54;500.26;445.86;457.4;485.19;475.65
6078;Marcação;PB;Estadual;16;485.22;496.55;458.19;440.8;497.5;475.65
6079;Careiro;AM;Estadual;145;486.12;498.8;449.92;451.34;492.0;475.64
6080;Santa Tereza de Goiás;GO;Estadual;22;495.21;505.54;465.89;455.22;456.36;475.64
6081;Cristianópolis;GO;Estadual;27;496.72;511.89;450.64;462.62;456.3;475.63
6082;Riachão do Dantas;SE;Estadual;98;484.64;492.51;446.77;437.92;516.33;475.63
6083;Gentio do Ouro;BA;Estadual;43;483.87;482.17;440.83;434.51;536.74;475.62
6084;São José do Cerrito;SC;Estadual;77;489.41;494.82;450.52;454.46;488.83;475.61
6085;Pirambu;SE;Estadual;39;475.55;508.73;459.86;433.75;500.0;475.58
6086;Ibotirama;BA;Estadual;139;485.71;496.21;447.77;447.52;500.72;475.58
6087;Chapada Gaúcha;MG;Estadual;68;498.25;499.52;449.66;449.22;481.18;475.57
6088;Cachoeira Dourada;GO;Estadual;51;492.93;493.08;464.54;442.85;484.31;475.54
6089;Paranaíta;MT;Estadual;80;490.44;503.59;439.76;455.62;488.25;475.53
6090;Ibicoara;BA;Estadual;57;497.02;491.73;434.98;452.47;501.4;475.52
6091;Santo Antônio das Missões;RS;Estadual;72;493.02;497.71;447.57;443.95;495.28;475.51
6092;Almenara;MG;Estadual;201;496.36;499.02;446.24;449.15;486.77;475.51
6093;Glória de Dourados;MS;Estadual;74;485.1;501.18;451.58;465.17;474.51;475.51
6094;São José da Vitória;BA;Estadual;20;475.61;506.0;438.81;436.06;521.0;475.5
6095;Equador;RN;Estadual;33;498.43;492.43;443.04;433.89;509.7;475.5
6096;Novo São Joaquim;MT;Estadual;28;471.26;509.22;460.1;461.8;475.0;475.48
6097;Vitória Brasil;SP;Estadual;8;474.12;512.49;451.88;423.91;515.0;475.48
6098;Cambuci;RJ;Estadual;29;493.87;493.07;442.13;444.12;504.14;475.46
6099;Cristópolis;BA;Estadual;55;481.93;488.12;446.99;437.0;523.27;475.46
6100;Coaraci;BA;Estadual;87;487.43;496.59;445.13;445.34;502.76;475.45
6101;Vale do Paraíso;RO;Estadual;46;492.94;506.79;457.69;462.69;456.96;475.41
6102;Iracema;CE;Estadual;125;490.02;496.2;452.53;452.3;485.92;475.4
6103;Guaramiranga;CE;Estadual;50;493.46;485.86;449.49;442.51;505.6;475.38
6104;Rio Pardo de Minas;MG;Estadual;195;497.89;498.65;451.25;451.43;477.64;475.37
6105;Monte Santo;BA;Estadual;163;484.54;499.96;445.65;448.8;497.91;475.37
6106;Várzea Alegre;CE;Estadual;443;479.24;488.4;452.09;451.76;505.37;475.37
6107;Flores;PE;Estadual;106;492.73;497.38;452.97;453.12;480.57;475.36
6108;Uiraúna;PB;Estadual;109;484.7;482.13;447.3;449.74;512.66;475.31
6109;Nova Alvorada do Sul;MS;Estadual;117;500.41;507.06;448.41;440.6;480.0;475.3
6110;Banabuiú;CE;Estadual;128;481.33;498.49;451.42;452.46;492.81;475.3
6111;Vieiras;MG;Estadual;28;485.79;503.64;449.59;440.34;497.14;475.3
6112;Parnarama;MA;Privada;1;411.4;504.4;486.0;434.7;540.0;475.3
6113;Guairaçá;PR;Estadual;33;489.93;496.23;459.79;445.71;484.85;475.3
6114;Vargem Bonita;MG;Estadual;14;492.96;500.44;441.54;458.66;482.86;475.29
6115;Lambari D'Oeste;MT;Estadual;36;493.42;496.45;429.28;456.19;501.11;475.29
6116;Nova Olímpia;MT;Estadual;140;494.96;513.21;444.15;443.64;480.43;475.28
6117;Aporá;BA;Estadual;96;492.47;505.33;443.77;440.2;494.58;475.27
6118;Buritizeiro;MG;Estadual;100;496.0;507.82;442.81;452.3;477.4;475.27
6119;Itaeté;BA;Estadual;33;485.18;499.46;429.78;438.3;523.64;475.27
6120;Japi;RN;Estadual;22;481.63;492.58;455.35;450.39;496.36;475.26
6121;Santo Estêvão;BA;Estadual;272;488.18;500.32;449.2;447.61;490.98;475.26
6122;Macambira;SE;Estadual;57;470.08;484.33;463.52;441.73;516.49;475.23
6123;Areia de Baraúnas;PB;Estadual;8;466.65;503.09;485.22;511.08;410.0;475.21
6124;Santo Expedito;SP;Estadual;26;475.24;509.7;453.12;428.67;509.23;475.19
6125;Brejo Santo;CE;Estadual;445;484.07;489.42;451.25;448.95;502.2;475.18
6126;Foz do Jordão;PR;Estadual;27;496.9;498.93;453.77;456.54;469.63;475.15
6127;Hulha Negra;RS;Estadual;34;489.25;511.43;451.89;437.27;485.88;475.14
6128;Itaúna;MG;Municipal;30;495.82;500.21;439.53;470.13;470.0;475.14
6129;Ponto dos Volantes;MG;Estadual;37;496.88;503.9;440.29;450.8;483.78;475.13
6130;Nova Esperança do Piriá;PA;Estadual;64;477.5;498.08;442.34;458.35;499.38;475.13
6131;Altair;SP;Estadual;18;499.56;506.22;454.97;439.23;475.56;475.11
6132;Macau;RN;Estadual;81;486.55;493.47;447.65;447.4;500.49;475.11
6133;Itiruçu;BA;Estadual;55;493.92;502.54;440.61;435.17;503.27;475.1
6134;Santana do Acaraú;CE;Estadual;261;486.24;497.51;450.48;448.55;492.72;475.1
6135;Sátiro Dias;BA;Estadual;47;489.64;497.96;453.27;443.99;490.64;475.1
6136;Lapão;BA;Estadual;116;483.21;497.62;446.15;437.88;510.52;475.08
6137;Zacarias;SP;Estadual;12;487.36;502.37;445.74;443.1;496.67;475.05
6138;Guatambú;SC;Estadual;33;488.13;483.7;440.24;488.6;474.55;475.04
6139;Pindaí;BA;Estadual;76;482.85;492.59;445.16;437.91;516.58;475.02
6140;São Francisco;MG;Estadual;328;492.71;504.98;454.79;448.35;474.19;475.0
6141;Padre Bernardo;GO;Estadual;123;491.38;499.26;446.75;453.86;483.74;475.0
6142;Canto do Buriti;PI;Estadual;145;484.67;493.76;459.64;440.81;496.14;475.0
6143;Calumbi;PE;Estadual;35;482.75;493.9;444.79;448.37;505.14;474.99
6144;Lagoa do Barro do Piauí;PI;Estadual;23;485.05;492.89;440.37;448.82;507.83;474.99
6145;Iranduba;AM;Estadual;313;486.31;500.12;441.39;442.84;504.22;474.98
6146;Gavião;BA;Estadual;21;484.1;490.3;463.65;461.59;475.24;474.98
6147;Dois Vizinhos;PR;Municipal;3;485.1;555.9;457.17;443.37;433.33;474.97
6148;Acrelândia;AC;Estadual;104;484.53;500.63;446.61;454.94;488.08;474.96
6149;Guarujá;SP;Municipal;1;501.5;545.5;466.9;460.7;400.0;474.92
6150;Bom Jesus;PB;Estadual;21;479.94;496.2;455.84;427.35;515.24;474.91
6151;Japoatã;SE;Estadual;59;475.66;498.53;453.45;442.08;504.75;474.89
6152;Caraíbas;BA;Estadual;61;481.51;503.41;447.81;455.15;486.56;474.89
6153;Belo Horizonte;MG;Municipal;90;495.86;512.15;445.56;452.22;468.67;474.89
6154;Bragança;PA;Estadual;817;479.04;496.68;455.67;440.81;502.2;474.88
6155;São Felipe D'Oeste;RO;Estadual;54;485.79;504.6;452.41;465.1;466.3;474.84
6156;Glaucilândia;MG;Estadual;14;487.9;485.83;435.79;458.88;505.71;474.82
6157;Paracuru;CE;Estadual;472;482.03;495.02;458.85;452.9;485.25;474.81
6158;Itaíba;PE;Municipal;6;510.08;480.97;438.33;437.95;506.67;474.8
6159;Pai Pedro;MG;Estadual;28;486.2;510.98;456.92;449.86;470.0;474.79
6160;Batalha;AL;Estadual;102;488.56;489.03;448.63;448.92;498.82;474.79
6161;Maranhãozinho;MA;Municipal;1;406.2;502.5;374.9;470.3;620.0;474.78
6162;Luislândia;MG;Estadual;39;497.94;496.02;444.11;442.48;493.33;474.78
6163;Rio Largo;AL;Estadual;452;485.62;496.72;446.61;440.76;504.16;474.77
6164;Muniz Ferreira;BA;Estadual;32;487.91;494.42;431.56;426.23;533.75;474.77
6165;Nova Soure;BA;Estadual;83;494.99;497.81;442.62;439.75;498.55;474.75
6166;Tutóia;MA;Estadual;174;482.43;499.7;454.91;445.91;490.8;474.75
6167;Areia Branca;RN;Estadual;146;490.0;491.31;448.14;445.11;499.18;474.75
6168;Carrapateira;PB;Estadual;25;486.7;496.87;455.04;448.7;486.4;474.74
6169;Engenheiro Navarro;MG;Estadual;24;502.7;488.5;442.23;464.43;475.83;474.74
6170;Mara Rosa;GO;Estadual;93;482.33;499.01;448.06;463.34;480.86;474.72
6171;Luís Gomes;RN;Estadual;30;506.73;500.35;439.04;447.48;480.0;474.72
6172;Santana;BA;Estadual;157;483.56;490.98;450.23;450.1;498.73;474.72
6173;Onça de Pitangui;MG;Estadual;16;505.61;498.71;452.53;446.61;470.0;474.69
6174;São Luiz;RR;Estadual;15;481.47;490.89;446.36;458.69;496.0;474.68
6175;Boqueirão do Piauí;PI;Estadual;46;492.88;493.37;458.63;444.5;483.91;474.66
6176;Conde;BA;Estadual;108;483.04;494.76;452.47;440.15;502.78;474.64
6177;Belmonte;BA;Municipal;16;485.92;501.7;441.18;445.62;498.75;474.63
6178;Quixeramobim;CE;Estadual;673;484.65;488.44;451.69;446.64;501.69;474.62
6179;Baixa Grande;BA;Estadual;106;486.4;500.6;452.54;438.27;495.28;474.62
6180;Boquira;BA;Estadual;121;481.47;488.96;451.88;444.74;505.95;474.6
6181;São Miguel;RN;Estadual;132;485.64;494.42;446.7;444.87;501.36;474.6
6182;Cabaceiras do Paraguaçu;BA;Estadual;75;480.02;499.06;442.46;429.8;521.6;474.59
6183;Itaguaí;RJ;Municipal;3;480.73;529.5;410.73;445.3;506.67;474.59
6184;Domingos Martins;ES;Municipal;12;487.41;515.76;432.38;464.03;473.33;474.58
6185;Rio Verde;GO;Federal;4;484.42;534.9;471.92;426.55;455.0;474.56
6186;Paranapanema;SP;Municipal;1;524.2;536.4;444.8;487.4;380.0;474.56
6187;Santo Inácio do Piauí;PI;Estadual;21;496.98;496.54;439.03;456.19;483.81;474.51
6188;Rio da Conceição;TO;Estadual;11;499.95;515.89;428.55;457.22;470.91;474.51
6189;Pindaré-Mirim;MA;Privada;4;509.98;494.3;471.98;401.3;495.0;474.51
6190;Rubim;MG;Estadual;28;498.8;507.57;437.03;455.42;473.57;474.48
6191;Joaquim Felício;MG;Estadual;39;490.43;499.55;446.94;444.1;491.28;474.46
6192;Manhuaçu;MG;Municipal;4;519.42;504.82;447.18;415.82;485.0;474.45
6193;Alto Paraná;PR;Estadual;48;481.42;498.71;456.74;459.08;476.25;474.44
6194;Curaçá;BA;Municipal;2;506.1;507.4;394.35;434.35;530.0;474.44
6195;Saúde;BA;Estadual;60;491.06;491.47;448.75;439.22;501.67;474.43
6196;Cujubim;RO;Estadual;79;486.11;496.58;450.36;458.57;480.51;474.42
6197;Catingueira;PB;Estadual;26;497.6;495.4;442.32;442.15;494.62;474.42
6198;Santaluz;BA;Estadual;165;486.88;493.17;437.28;452.66;502.06;474.41
6199;Boa Viagem;CE;Estadual;607;489.63;489.71;450.3;449.63;492.62;474.38
6200;Ulianópolis;PA;Estadual;89;491.95;499.5;449.26;440.59;490.56;474.38
6201;Varjota;CE;Estadual;198;481.7;488.03;454.21;441.61;506.28;474.37
6202;Carira;SE;Estadual;114;485.55;500.27;453.12;451.71;481.23;474.37
6203;Timbó Grande;SC;Estadual;63;487.81;505.67;450.41;438.68;489.21;474.36
6204;São Félix do Coribe;BA;Estadual;77;488.4;503.72;446.83;427.84;504.94;474.34
6205;Jaguaribe;CE;Estadual;354;486.44;495.77;457.66;451.62;480.17;474.33
6206;Araci;BA;Estadual;147;484.47;495.62;444.63;444.84;502.04;474.32
6207;São Francisco do Guaporé;RO;Estadual;116;490.36;501.01;461.32;448.71;470.17;474.31
6208;Ribeirãozinho;MT;Estadual;28;481.68;493.58;438.02;443.89;514.29;474.29
6209;Paulistânia;SP;Estadual;11;479.09;502.56;471.58;460.01;458.18;474.29
6210;Taquarussu;MS;Estadual;33;487.94;487.51;442.32;468.83;484.85;474.29
6211;Lagoa de Itaenga;PE;Estadual;207;482.15;493.29;450.57;441.85;503.38;474.25
6212;Monte Alegre dos Campos;RS;Estadual;13;489.56;492.09;435.01;489.96;464.62;474.25
6213;Machadinho D'Oeste;RO;Estadual;169;489.01;505.49;457.61;453.49;465.56;474.23
6214;São José da Bela Vista;SP;Estadual;31;501.18;513.67;444.17;444.34;467.74;474.22
6215;Pedra Mole;SE;Estadual;24;475.19;496.62;451.46;444.5;503.33;474.22
6216;Taquarana;AL;Estadual;129;485.03;498.71;449.87;433.71;503.72;474.21
6217;Bonito de Santa Fé;PB;Estadual;49;486.99;501.36;443.99;449.67;488.98;474.2
6218;São Joaquim do Monte;PE;Estadual;116;489.34;500.14;458.96;446.63;475.86;474.19
6219;Curionópolis;PA;Estadual;98;489.51;500.07;446.27;452.06;483.06;474.19
6220;Condado;PE;Estadual;146;489.79;498.89;456.83;435.05;490.41;474.19
6221;Candeias do Jamari;RO;Estadual;121;487.93;506.6;455.24;453.99;467.11;474.17
6222;Marumbi;PR;Estadual;12;487.4;506.11;433.51;457.12;486.67;474.16
6223;Agricolândia;PI;Estadual;50;474.1;486.51;451.65;439.73;518.8;474.16
6224;Sítio do Quinto;BA;Estadual;65;483.37;498.57;450.33;453.22;485.23;474.15
6225;Porto da Folha;SE;Estadual;165;480.7;493.88;453.82;450.97;491.39;474.15
6226;Morro Agudo de Goiás;GO;Estadual;23;496.1;497.09;448.9;433.82;494.78;474.14
6227;Paraíso das Águas;MS;Estadual;33;499.97;503.95;446.88;470.74;449.09;474.13
6228;Luzilândia;PI;Estadual;158;485.87;496.03;454.46;443.88;490.38;474.12
6229;Rondon do Pará;PA;Estadual;253;488.01;499.54;448.31;457.03;477.63;474.11
6230;Angelândia;MG;Estadual;41;501.04;498.84;443.9;438.49;488.29;474.11
6231;Plácido de Castro;AC;Estadual;147;489.8;499.29;448.22;439.31;493.88;474.1
6232;Seropédica;RJ;Municipal;2;518.05;483.0;460.95;398.5;510.0;474.1
6233;Doverlândia;GO;Estadual;35;504.1;503.01;455.54;451.75;456.0;474.08
6234;Mogeiro;PB;Estadual;80;485.52;497.88;451.66;442.79;492.5;474.07
6235;Buriti dos Montes;PI;Estadual;48;485.77;501.53;466.95;441.92;474.17;474.07
6236;Itinga do Maranhão;MA;Estadual;96;478.94;503.16;455.06;453.14;480.0;474.06
6237;Tamboril do Piauí;PI;Estadual;22;473.62;499.36;458.2;432.7;506.36;474.05
6238;Agrestina;PE;Estadual;175;491.2;509.54;443.6;435.97;489.94;474.05
6239;Paudalho;PE;Estadual;360;483.16;496.46;452.62;450.1;487.88;474.05
6240;Divina Pastora;SE;Estadual;23;484.39;494.2;433.6;446.66;511.3;474.03
6241;Campinorte;GO;Estadual;68;489.29;501.21;459.32;445.56;474.71;474.02
6242;Barra do Jacaré;PR;Estadual;25;506.6;501.06;434.51;440.74;487.2;474.02
6243;Águas Lindas de Goiás;GO;Estadual;733;495.07;498.44;440.87;445.23;490.45;474.01
6244;Boninal;BA;Estadual;66;488.22;496.67;443.47;438.9;502.73;474.0
6245;Galiléia;MG;Estadual;41;497.55;491.84;450.47;453.08;477.07;474.0
6246;Exu;PE;Estadual;251;486.78;489.32;453.83;445.18;494.9;474.0
6247;Porto Acre;AC;Estadual;137;485.56;493.8;448.09;439.31;503.07;473.97
6248;Urubici;SC;Estadual;51;482.55;488.32;451.1;447.04;500.78;473.96
6249;Barra de Santo Antônio;AL;Estadual;74;484.53;498.26;457.64;447.93;481.35;473.94
6250;Almirante Tamandaré do Sul;RS;Estadual;8;476.56;516.48;468.22;473.46;435.0;473.94
6251;Maranguape;CE;Municipal;16;493.92;520.56;459.34;452.16;443.75;473.94
6252;Vila Nova dos Martírios;MA;Estadual;20;494.95;500.21;435.83;434.6;504.0;473.92
6253;Cordislândia;MG;Estadual;4;489.75;499.82;434.25;465.8;480.0;473.92
6254;Serro;MG;Estadual;132;492.47;496.84;457.72;446.82;475.76;473.92
6255;Jacinto;MG;Estadual;55;494.23;492.35;445.61;439.19;498.18;473.91
6256;Jucurutu;RN;Estadual;80;488.41;491.02;441.85;448.27;500.0;473.91
6257;São José da Lagoa Tapada;PB;Estadual;14;479.27;485.21;468.22;429.63;507.14;473.9
6258;Praia Grande;SP;Municipal;35;491.87;506.32;454.25;448.38;468.57;473.88
6259;Curral Novo do Piauí;PI;Estadual;13;491.23;504.55;446.37;444.15;483.08;473.88
6260;Irituia;PA;Estadual;182;476.94;504.28;451.18;439.67;497.25;473.87
6261;Frei Lagonegro;MG;Estadual;14;482.53;508.17;449.24;438.01;491.43;473.87
6262;Umburatiba;MG;Estadual;16;493.73;491.57;444.87;436.63;502.5;473.86
6263;Fronteira dos Vales;MG;Estadual;14;484.63;510.05;421.59;451.51;501.43;473.84
6264;Maracanã;PA;Municipal;3;477.0;506.83;454.87;483.73;446.67;473.82
6265;Baianópolis;BA;Estadual;54;467.52;484.64;439.67;461.37;515.93;473.82
6266;Planalto;SP;Estadual;30;501.59;505.25;440.94;443.23;478.0;473.8
6267;Rio de Janeiro;RJ;Municipal;248;493.94;503.31;446.53;452.69;472.42;473.78
6268;João Dourado;BA;Estadual;94;486.03;487.61;451.51;451.77;491.91;473.77
6269;Santa Luzia;BA;Estadual;42;474.22;490.91;439.81;458.17;505.71;473.77
6270;Itororó;BA;Estadual;53;491.34;509.22;442.78;433.41;492.08;473.76
6271;Urupema;SC;Estadual;23;478.91;502.48;459.37;458.45;469.57;473.76
6272;Barras;PI;Estadual;368;482.58;499.38;457.93;442.34;486.58;473.76
6273;Juarez Távora;PB;Estadual;38;475.35;494.05;449.52;452.47;497.37;473.75
6274;São Vicente do Seridó;PB;Estadual;63;482.49;493.15;451.11;440.1;501.9;473.75
6275;Mirassol d'Oeste;MT;Estadual;215;488.19;498.98;448.35;453.74;479.44;473.74
6276;Matinha;MA;Estadual;155;483.58;500.18;448.35;438.22;498.32;473.73
6277;Aroeiras;PB;Estadual;111;492.01;493.04;447.1;438.83;497.66;473.73
6278;Turilândia;MA;Estadual;32;481.26;507.12;439.33;453.36;487.5;473.72
6279;Meruoca;CE;Estadual;172;483.68;497.0;448.54;443.12;496.28;473.72
6280;Porto do Mangue;RN;Estadual;20;479.94;488.39;446.72;441.49;512.0;473.71
6281;Cachoeira dos Índios;PB;Estadual;51;491.81;495.82;450.33;438.04;492.55;473.71
6282;São Félix do Piauí;PI;Estadual;23;477.95;500.09;454.74;458.4;477.39;473.71
6283;Palmelo;GO;Estadual;11;484.94;501.7;445.77;419.75;516.36;473.7
6284;Maiquinique;BA;Municipal;1;503.1;486.7;388.2;550.5;440.0;473.7
6285;Garopaba;SC;Municipal;10;508.19;488.44;452.01;433.76;486.0;473.68
6286;Cafezal do Sul;PR;Estadual;20;488.69;489.63;448.76;478.28;463.0;473.67
6287;Nuporanga;SP;Estadual;18;504.06;491.78;457.39;436.2;478.89;473.66
6288;São Gonçalo do Amarante;RN;Estadual;225;492.24;496.28;449.83;447.4;482.49;473.65
6289;Costa Marques;RO;Estadual;94;489.12;496.84;447.98;456.85;477.45;473.65
6290;Anastácio;MS;Estadual;128;492.8;496.72;442.45;450.43;485.78;473.64
6291;Capinópolis;MG;Estadual;105;486.34;497.51;456.27;450.67;477.33;473.62
6292;Almadina;BA;Estadual;32;486.87;496.7;437.21;431.6;515.62;473.6
6293;Couto Magalhães;TO;Estadual;46;476.21;491.08;438.69;439.86;522.17;473.6
6294;Floresta do Araguaia;PA;Estadual;65;486.83;501.62;447.14;451.67;480.62;473.58
6295;Presidente Alves;SP;Estadual;22;480.31;499.13;463.27;453.39;471.82;473.58
6296;Loanda;PR;Estadual;79;500.8;496.85;443.96;447.75;478.48;473.57
6297;Abatiá;PR;Estadual;49;484.12;512.96;441.55;436.52;492.65;473.56
6298;São Tomé;RN;Estadual;30;486.27;494.04;455.27;449.55;482.67;473.56
6299;Faria Lemos;MG;Estadual;12;461.74;509.37;457.63;458.94;480.0;473.54
6300;São José do Rio Preto;SP;Municipal;1;544.1;519.5;469.8;414.2;420.0;473.52
6301;Eliseu Martins;PI;Estadual;35;476.32;501.58;441.04;441.23;507.43;473.52
6302;Riacho de Santana;BA;Municipal;2;507.0;463.7;426.1;380.7;590.0;473.5
6303;Campo Belo do Sul;SC;Estadual;32;477.16;495.72;442.85;440.48;511.25;473.49
6304;Quijingue;BA;Estadual;35;483.08;490.38;452.01;445.92;496.0;473.48
6305;Benedito Leite;MA;Estadual;26;485.77;483.23;437.77;438.23;522.31;473.46
6306;São José do Jacuri;MG;Estadual;35;496.49;499.05;453.35;454.27;464.0;473.43
6307;Santa Rita do Itueto;MG;Municipal;1;498.5;485.4;448.0;495.2;440.0;473.42
6308;Boa Ventura;PB;Municipal;26;484.23;486.83;448.28;449.98;497.69;473.4
6309;Lucas do Rio Verde;MT;Municipal;1;562.7;493.8;450.3;500.2;360.0;473.4
6310;Rancho Queimado;SC;Estadual;19;479.89;498.47;463.34;465.25;460.0;473.39
6311;São Paulo do Potengi;RN;Estadual;86;480.02;484.56;461.16;434.95;506.28;473.39
6312;Rio das Antas;SC;Estadual;27;493.8;500.15;458.14;460.01;454.81;473.38
6313;Xaxim;SC;Privada;3;503.17;517.8;458.43;407.5;480.0;473.38
6314;Wenceslau Guimarães;BA;Estadual;58;479.52;496.16;434.57;429.76;526.9;473.38
6315;Miranda;MS;Estadual;125;486.26;497.83;448.6;456.7;477.44;473.37
6316;Santa Cruz da Vitória;BA;Estadual;29;472.15;499.82;433.47;456.5;504.83;473.35
6317;Glória;BA;Estadual;75;487.08;492.53;451.15;437.59;498.4;473.35
6318;Quissamã;RJ;Estadual;88;490.21;491.46;452.21;447.89;484.77;473.31
6319;Taquaral;SP;Estadual;17;506.11;509.61;435.37;433.04;482.35;473.3
6320;Vespasiano;MG;Municipal;4;525.08;515.33;428.4;452.7;445.0;473.3
6321;Palmares do Sul;RS;Estadual;33;500.99;495.9;446.56;449.05;473.94;473.29
6322;Nova Colinas;MA;Estadual;61;476.32;492.99;455.7;447.31;494.1;473.28
6323;Aiuaba;CE;Estadual;90;494.26;491.4;452.79;451.89;476.0;473.27
6324;Campos do Jordão;SP;Municipal;3;468.43;546.47;440.93;437.1;473.33;473.25
6325;Ipuaçu;SC;Estadual;36;474.15;483.12;449.39;447.31;512.22;473.24
6326;Areias;SP;Estadual;26;489.33;494.69;423.0;457.65;501.54;473.24
6327;Turvânia;GO;Estadual;41;497.01;496.66;449.04;441.0;482.44;473.23
6328;Flórida Paulista;SP;Estadual;49;489.27;500.31;430.68;437.17;508.57;473.2
6329;Monte Castelo;SC;Estadual;73;481.18;486.68;444.95;454.69;498.36;473.17
6330;Nossa Senhora de Lourdes;SE;Estadual;99;486.26;500.85;445.31;443.11;490.3;473.17
6331;Araripina;PE;Municipal;1;488.3;512.1;453.5;391.9;520.0;473.16
6332;Santa Isabel do Ivaí;PR;Estadual;59;493.7;495.62;448.88;442.36;485.08;473.13
6333;Utinga;BA;Municipal;1;537.2;459.7;429.0;419.7;520.0;473.12
6334;Joanésia;MG;Estadual;17;498.23;500.48;432.15;446.46;488.24;473.11
6335;Delta;MG;Estadual;36;498.89;493.94;454.78;441.73;476.11;473.09
6336;Maranhãozinho;MA;Estadual;32;483.26;488.45;442.62;444.19;506.88;473.08
6337;Rio Formoso;PE;Estadual;127;480.76;498.97;454.06;443.27;488.35;473.08
6338;São Raimundo Nonato;PI;Estadual;310;480.8;491.05;449.1;447.04;497.35;473.07
6339;Cariús;CE;Estadual;88;483.52;494.67;444.91;425.66;516.59;473.07
6340;São Gonçalo do Amarante;CE;Estadual;538;487.31;492.84;451.05;454.29;479.85;473.07
6341;Guimarães;MA;Estadual;77;477.78;498.29;445.3;434.64;509.35;473.07
6342;Lavrinhas;SP;Estadual;29;493.66;500.74;433.74;469.6;467.59;473.06
6343;Mata de São João;BA;Estadual;213;492.42;504.8;446.19;439.34;482.54;473.06
6344;Acarape;CE;Estadual;110;491.3;494.7;445.09;431.97;502.18;473.05
6345;Rio do Pires;BA;Estadual;84;477.12;488.54;450.23;451.5;497.86;473.05
6346;Groaíras;CE;Estadual;145;486.26;486.09;451.63;452.06;489.1;473.03
6347;Itaobim;MG;Privada;18;513.35;495.97;453.33;441.33;461.11;473.02
6348;Aliança;PE;Estadual;199;488.44;489.08;446.99;438.5;502.11;473.02
6349;Saubara;BA;Estadual;42;479.84;497.19;446.7;440.37;500.95;473.01
6350;Guarapuava;PR;Municipal;2;549.05;504.2;487.35;434.45;390.0;473.01
6351;Breves;PA;Municipal;85;478.41;500.15;450.94;426.07;509.41;473.0
6352;Apicum-Açu;MA;Estadual;71;479.31;491.9;451.37;435.19;507.04;472.96
6353;Marituba;PA;Municipal;98;481.1;501.35;447.29;437.29;497.76;472.96
6354;Serra Preta;BA;Estadual;93;481.25;497.94;446.47;440.65;498.49;472.96
6355;Viçosa;AL;Estadual;124;478.03;491.41;445.01;432.74;517.58;472.95
6356;Sertanópolis;PR;Estadual;106;487.86;493.67;447.79;461.07;474.34;472.95
6357;Chaves;PA;Estadual;32;479.82;507.57;443.33;438.92;495.0;472.93
6358;Aramari;BA;Estadual;25;485.53;499.34;443.88;441.42;494.4;472.91
6359;Novorizonte;MG;Estadual;23;499.1;512.91;428.17;455.59;468.7;472.89
6360;Santana de Mangueira;PB;Estadual;25;483.72;495.52;453.64;453.98;477.6;472.89
6361;Cerro Corá;RN;Estadual;43;499.37;493.99;453.85;427.81;489.3;472.87
6362;Caseara;TO;Estadual;11;492.68;495.37;439.95;454.55;481.82;472.87
6363;Espírito Santo;RN;Estadual;47;489.08;490.06;452.0;439.07;494.04;472.85
6364;Coruripe;AL;Estadual;175;490.28;494.64;441.61;436.8;500.91;472.85
6365;Caxias;MA;Estadual;1194;481.9;495.92;450.86;441.87;493.68;472.85
6366;Itabaianinha;SE;Estadual;296;473.88;492.83;450.56;448.94;497.97;472.84
6367;Ingá;PB;Estadual;47;486.07;484.04;441.51;442.81;509.79;472.84
6368;Craíbas;AL;Estadual;131;476.33;489.73;440.35;447.72;510.08;472.84
6369;Lassance;MG;Estadual;25;494.74;491.7;442.06;458.11;477.6;472.84
6370;Cacimba de Areia;PB;Estadual;15;476.59;480.25;448.81;453.16;505.33;472.83
6371;Mãe do Rio;PA;Estadual;278;489.07;495.79;447.31;439.31;492.66;472.83
6372;Quixadá;CE;Estadual;724;484.31;497.48;449.37;445.31;487.6;472.81
6373;São José de Espinharas;PB;Estadual;20;492.28;470.54;470.44;452.72;478.0;472.8
6374;Icaraí de Minas;MG;Estadual;67;487.41;498.04;443.17;448.19;487.16;472.79
6375;Ninheira;MG;Municipal;1;489.4;411.3;518.4;484.8;460.0;472.78
6376;Manaíra;PB;Estadual;31;482.53;502.16;442.95;454.91;481.29;472.77
6377;Aracoiaba;CE;Estadual;265;488.32;491.97;455.49;442.13;485.89;472.76
6378;Valença do Piauí;PI;Federal;1;454.4;512.9;556.1;440.4;400.0;472.76
6379;Guanambi;BA;Municipal;1;482.5;478.0;463.2;440.0;500.0;472.74
6380;Icó;CE;Estadual;569;485.37;495.0;451.32;447.09;484.69;472.7
6381;Arapongas;PR;Municipal;1;480.7;395.1;428.2;499.4;560.0;472.68
6382;Nova Lacerda;MT;Estadual;42;476.46;488.9;445.01;447.75;505.24;472.67
6383;São João de Pirabas;PA;Estadual;117;486.24;499.58;449.9;434.25;493.33;472.66
6384;São Sebastião;AL;Estadual;116;478.98;501.86;449.77;447.18;485.52;472.66
6385;São José dos Ramos;PB;Estadual;20;482.34;496.0;438.94;433.98;512.0;472.65
6386;Araças;BA;Estadual;48;496.51;502.86;448.6;439.79;475.42;472.64
6387;Honório Serpa;PR;Estadual;30;484.46;500.05;441.99;443.31;493.33;472.63
6388;Aurora;CE;Estadual;237;475.68;489.85;454.23;443.81;499.49;472.61
6389;Uruçuca;BA;Estadual;106;489.23;496.63;449.84;435.79;491.51;472.6
6390;Ribas do Rio Pardo;MS;Estadual;137;497.04;505.19;446.87;442.46;471.39;472.59
6391;Jaramataia;AL;Estadual;22;468.11;488.01;435.77;438.15;532.73;472.55
6392;Campo Limpo de Goiás;GO;Estadual;27;504.41;493.36;430.74;431.99;502.22;472.55
6393;Barra do Choça;BA;Estadual;140;490.74;503.67;451.58;440.53;476.14;472.54
6394;Arraias;TO;Estadual;115;484.91;488.14;442.61;448.57;498.43;472.53
6395;Alto Paraíso;PR;Estadual;19;492.4;495.83;458.21;434.01;482.11;472.51
6396;Miguel Pereira;RJ;Municipal;7;441.33;508.93;470.67;438.76;502.86;472.51
6397;Sete Quedas;MS;Estadual;55;494.49;493.45;444.16;452.19;478.18;472.49
6398;Goiatins;TO;Municipal;1;528.4;502.1;400.1;431.8;500.0;472.48
6399;Crixás do Tocantins;TO;Estadual;7;469.41;503.46;442.09;455.99;491.43;472.47
6400;Barra de Santa Rosa;PB;Estadual;67;477.42;489.9;436.3;451.86;506.87;472.47
6401;Baião;PA;Municipal;2;482.3;476.95;440.4;452.65;510.0;472.46
6402;Uruana de Minas;MG;Estadual;35;488.56;490.25;439.19;444.83;499.43;472.45
6403;Tacima;PB;Estadual;35;483.61;493.37;452.63;430.93;501.71;472.45
6404;Cansanção;BA;Estadual;101;482.96;503.26;447.97;444.99;482.97;472.43
6405;Maués;AM;Estadual;174;482.67;491.4;448.23;440.85;498.97;472.42
6406;Lavras da Mangabeira;CE;Estadual;255;478.69;492.63;451.15;447.87;491.69;472.41
6407;Santo Antônio do Monte;MG;Privada;1;426.0;500.0;500.8;415.2;520.0;472.4
6408;Francisco Santos;PI;Estadual;55;480.95;497.85;442.49;444.32;496.36;472.39
6409;Governador Edison Lobão;MA;Estadual;88;490.68;495.66;448.54;438.16;488.86;472.38
6410;Rio Rufino;SC;Estadual;23;482.7;497.83;445.73;451.16;484.35;472.36
6411;São Pedro da Cipa;MT;Estadual;27;490.14;493.4;438.67;454.42;485.19;472.36
6412;Porto Rico do Maranhão;MA;Estadual;57;469.8;482.83;455.28;450.38;503.51;472.36
6413;Aracatu;BA;Estadual;46;481.33;490.26;458.19;457.02;474.78;472.32
6414;Rafael Jambeiro;BA;Estadual;103;484.27;488.56;448.37;438.39;501.94;472.31
6415;Monte Azul;MG;Estadual;110;485.57;495.69;440.42;446.84;492.91;472.29
6416;André da Rocha;RS;Estadual;2;538.75;482.25;436.1;414.35;490.0;472.29
6417;Ladário;MS;Municipal;1;522.9;579.6;412.9;346.0;500.0;472.28
6418;Serrita;PE;Estadual;103;484.1;492.11;449.3;425.32;510.49;472.26
6419;Frei Gaspar;MG;Estadual;20;479.04;502.04;443.26;439.83;497.0;472.24
6420;Capitão Enéas;MG;Estadual;69;493.67;497.79;451.5;448.95;469.28;472.24
6421;Salinópolis;PA;Estadual;296;484.16;503.82;452.49;438.04;482.64;472.23
6422;Laje;BA;Estadual;81;480.29;497.81;447.8;433.04;502.22;472.23
6423;Damião;PB;Estadual;39;476.37;473.14;448.52;445.12;517.95;472.22
6424;Boa Vista;RR;Municipal;2;482.95;523.65;414.45;479.85;460.0;472.18
6425;Coronel Sapucaia;MS;Estadual;110;481.7;498.15;448.96;457.25;474.73;472.16
6426;Rio Branco do Sul;PR;Estadual;185;492.99;497.75;439.84;457.41;472.76;472.15
6427;Chã Grande;PE;Estadual;80;496.07;501.69;453.18;441.52;468.25;472.14
6428;Santana do Manhuaçu;MG;Estadual;20;509.98;498.42;436.56;459.68;456.0;472.13
6429;Ipanguaçu;RN;Estadual;62;487.15;502.97;439.3;442.51;488.71;472.13
6430;Várzea Nova;BA;Estadual;74;480.96;490.8;439.17;445.06;504.59;472.12
6431;Pedra Branca;CE;Estadual;558;485.28;493.54;457.19;445.63;478.85;472.1
6432;Junco do Seridó;PB;Estadual;23;485.51;482.03;442.14;458.62;492.17;472.1
6433;Santa Helena de Minas;MG;Estadual;34;491.2;503.4;461.1;449.95;454.71;472.07
6434;Nova Canaã;BA;Estadual;54;480.89;493.04;443.23;451.67;491.48;472.06
6435;Senador Guiomard;AC;Estadual;196;488.94;497.71;446.36;445.14;482.04;472.04
6436;São Pedro dos Crentes;MA;Estadual;26;471.03;486.45;467.4;450.66;484.62;472.03
6437;Igarapé-Açu;PA;Estadual;232;483.99;493.97;451.06;436.87;494.22;472.02
6438;Entre Rios;BA;Estadual;219;490.49;503.34;445.63;434.07;486.58;472.02
6439;Barra de São Miguel;AL;Estadual;30;473.87;475.18;455.9;455.15;500.0;472.02
6440;Guaraíta;GO;Estadual;7;476.74;525.91;442.0;466.89;448.57;472.02
6441;Chapada do Norte;MG;Estadual;126;479.55;496.87;453.96;448.6;481.11;472.02
6442;Itapiranga;AM;Estadual;81;484.84;488.83;443.06;434.96;508.4;472.02
6443;Poxeréu;MT;Estadual;124;479.89;496.19;444.56;439.09;500.32;472.01
6444;Jordânia;MG;Estadual;29;476.35;460.55;456.38;477.8;488.97;472.01
6445;Nova Viçosa;BA;Estadual;180;485.46;497.22;451.39;441.71;484.22;472.0
6446;Divino de São Lourenço;ES;Estadual;32;485.39;499.14;454.46;450.93;470.0;471.98
6447;Maxaranguape;RN;Estadual;35;495.7;493.22;457.14;445.15;468.57;471.96
6448;Penedo;AL;Estadual;299;486.51;497.74;443.21;438.25;494.05;471.95
6449;Campo Formoso;BA;Estadual;289;481.06;490.97;443.11;440.98;503.53;471.93
6450;Paratinga;BA;Estadual;76;481.48;495.55;442.55;446.33;493.68;471.92
6451;Pio IX;PI;Estadual;111;488.67;496.51;452.44;433.83;488.11;471.91
6452;Figueirópolis D'Oeste;MT;Estadual;16;477.14;490.87;445.53;449.74;496.25;471.91
6453;Moiporá;GO;Estadual;9;495.29;502.38;429.06;455.07;477.78;471.91
6454;Dias d'Ávila;BA;Municipal;4;529.92;499.08;433.78;401.75;495.0;471.9
6455;Cacaulândia;RO;Estadual;25;484.1;514.35;451.26;429.8;480.0;471.9
6456;Congo;PB;Estadual;46;483.38;500.68;447.79;426.32;501.3;471.89
6457;Medicilândia;PA;Municipal;9;482.09;515.51;443.29;454.02;464.44;471.87
6458;Barão de Grajaú;MA;Estadual;149;480.72;490.62;451.97;435.36;500.67;471.87
6459;Trairão;PA;Municipal;3;447.4;505.07;454.53;478.97;473.33;471.86
6460;Maravilha;AL;Estadual;44;471.5;493.3;442.01;442.0;510.45;471.85
6461;Santa Bárbara;BA;Estadual;101;472.98;492.89;448.57;453.94;490.89;471.85
6462;Eldorado do Carajás;PA;Estadual;105;484.13;502.06;447.01;437.62;488.38;471.84
6463;Senador José Porfírio;PA;Estadual;38;487.79;511.75;451.06;428.05;480.53;471.83
6464;Goianésia do Pará;PA;Municipal;4;472.52;476.32;443.72;471.52;495.0;471.82
6465;Palminópolis;GO;Estadual;29;483.6;486.71;454.77;440.88;493.1;471.81
6466;Japeri;RJ;Municipal;20;458.33;502.4;432.94;457.28;508.0;471.79
6467;Redentora;RS;Estadual;32;482.32;497.42;437.47;466.06;475.62;471.78
6468;São Bento;MA;Estadual;174;482.16;492.23;452.64;446.13;485.75;471.78
6469;Itamaraju;BA;Municipal;3;436.73;529.93;505.2;433.63;453.33;471.77
6470;Felício dos Santos;MG;Estadual;38;492.67;493.16;443.39;431.16;498.42;471.76
6471;São Sebastião do Passé;BA;Estadual;144;488.27;496.61;441.27;439.1;493.47;471.74
6472;José Gonçalves de Minas;MG;Estadual;37;476.34;490.99;440.55;447.59;503.24;471.74
6473;Iramaia;BA;Estadual;22;482.51;498.84;432.33;443.18;501.82;471.74
6474;Esperantina;PI;Estadual;193;484.89;494.9;448.36;443.68;486.84;471.73
6475;Santa Luzia do Pará;PA;Estadual;81;477.86;498.27;458.19;434.67;489.63;471.72
6476;Bonfinópolis;GO;Estadual;52;494.91;495.32;441.07;438.38;488.85;471.71
6477;Presidente Dutra;BA;Estadual;92;485.03;492.76;436.12;452.12;492.39;471.69
6478;Coelho Neto;MA;Municipal;1;494.3;437.7;432.9;513.5;480.0;471.68
6479;Júlio Borges;PI;Estadual;27;473.03;477.72;441.8;448.09;517.78;471.68
6480;Pindoba;AL;Estadual;14;489.46;493.21;430.35;468.17;477.14;471.67
6481;Fênix;PR;Estadual;16;489.86;492.82;443.14;473.72;458.75;471.66
6482;Carnaubal;CE;Estadual;160;479.74;490.05;448.7;430.0;509.75;471.65
6483;Iuiú;BA;Estadual;43;489.55;496.44;457.5;443.1;471.63;471.65
6484;Taguatinga;TO;Estadual;73;492.0;495.95;460.15;439.48;470.68;471.65
6485;Monteiro;PB;Estadual;162;488.52;493.07;444.9;439.36;492.35;471.64
6486;Paço do Lumiar;MA;Estadual;673;483.59;500.59;448.32;436.5;489.23;471.64
6487;Valença;BA;Estadual;295;482.67;502.39;449.89;432.02;491.05;471.6
6488;Vitória do Xingu;PA;Estadual;100;481.46;496.33;455.14;437.02;488.0;471.59
6489;Maurilândia;GO;Estadual;63;483.86;489.51;452.01;457.62;474.92;471.59
6490;Santo Amaro;BA;Estadual;199;485.85;502.53;446.83;438.35;484.32;471.58
6491;Centenário do Sul;PR;Estadual;54;490.75;503.39;446.02;436.51;481.11;471.56
6492;Pinhais;PR;Municipal;8;519.71;495.2;441.94;438.48;462.5;471.56
6493;Pilões;RN;Estadual;20;475.72;488.76;434.06;430.16;529.0;471.54
6494;Igaci;AL;Estadual;92;486.54;491.37;440.28;445.85;493.7;471.54
6495;Guaraci;SP;Estadual;50;488.57;488.86;451.82;450.39;478.0;471.53
6496;Vespasiano Correa;RS;Estadual;10;490.92;520.15;445.76;444.67;456.0;471.5
6497;Belém do Piauí;PI;Estadual;20;474.81;479.52;454.12;440.98;508.0;471.48
6498;Ourém;PA;Estadual;175;479.9;489.3;453.4;438.36;496.46;471.48
6499;Muribeca;SE;Estadual;69;479.5;490.05;452.81;441.9;493.04;471.46
6500;José de Freitas;PI;Estadual;254;486.55;497.97;449.94;442.48;480.39;471.46
6501;Tremedal;BA;Estadual;54;477.53;510.4;458.95;420.36;490.0;471.45
6502;Darcinópolis;TO;Estadual;27;491.13;503.02;443.24;444.99;474.81;471.44
6503;São Francisco;SE;Estadual;26;481.99;491.16;438.24;425.77;520.0;471.43
6504;Ipueiras;CE;Estadual;345;478.67;489.46;448.79;442.37;497.86;471.43
6505;Palhoça;SC;Municipal;3;487.0;534.47;447.57;461.33;426.67;471.41
6506;Porto Esperidião;MT;Estadual;70;479.19;486.7;439.93;459.73;491.43;471.4
6507;Santo Antônio do Retiro;MG;Estadual;37;477.8;494.31;454.65;433.46;496.76;471.39
6508;Guajará-Mirim;RO;Estadual;443;489.16;496.29;449.41;447.16;474.94;471.39
6509;Governador Archer;MA;Estadual;53;486.1;485.4;451.54;431.6;502.26;471.38
6510;Pedra Branca;PB;Estadual;35;480.49;486.98;444.09;463.57;481.71;471.37
6511;Piranhas;AL;Estadual;103;477.84;488.49;447.03;448.83;494.56;471.35
6512;Tunas do Paraná;PR;Estadual;29;474.44;507.32;451.88;437.52;485.52;471.34
6513;Casserengue;PB;Estadual;22;484.94;488.51;440.26;448.42;494.55;471.34
6514;Itagibá;BA;Estadual;54;477.88;490.67;435.19;420.62;532.22;471.32
6515;Ipixuna do Pará;PA;Estadual;148;488.6;493.65;444.58;433.26;496.35;471.29
6516;Jiquiriçá;BA;Estadual;59;474.75;494.08;457.58;436.81;493.22;471.29
6517;Massapê do Piauí;PI;Estadual;26;472.34;512.7;456.96;425.19;489.23;471.28
6518;Nova Itarana;BA;Estadual;24;474.05;493.75;450.5;434.68;503.33;471.26
6519;Inajá;PE;Estadual;40;491.29;502.8;440.71;444.0;477.5;471.26
6520;Nova Belém;MG;Estadual;18;506.18;486.07;448.77;459.73;455.56;471.26
6521;Independência;CE;Estadual;308;476.61;494.02;460.51;443.03;482.14;471.26
6522;Taboleiro Grande;RN;Estadual;17;487.76;487.81;425.92;438.24;516.47;471.24
6523;Monte Alegre;PA;Estadual;548;474.81;490.45;442.49;436.07;512.41;471.24
6524;Monjolos;MG;Estadual;27;493.4;502.36;445.78;453.94;460.74;471.24
6525;Anísio de Abreu;PI;Estadual;65;483.16;494.93;451.7;457.99;468.31;471.22
6526;Santa Luzia do Paruá;MA;Estadual;92;480.66;495.56;446.8;449.35;483.7;471.21
6527;Lagoa Real;BA;Estadual;48;487.06;501.43;443.61;430.21;493.75;471.21
6528;Bacabal;MA;Municipal;5;482.86;502.22;499.9;427.04;444.0;471.2
6529;Nova Nazaré;MT;Estadual;11;466.94;487.82;448.58;492.62;460.0;471.19
6530;Saloá;PE;Estadual;82;478.11;484.97;450.64;436.84;505.37;471.19
6531;Tucumã;PA;Estadual;143;489.88;495.1;448.59;446.03;476.22;471.16
6532;Corupá;SC;Municipal;2;503.1;446.1;470.8;475.75;460.0;471.15
6533;Nova Brasilândia;MT;Estadual;33;485.77;492.89;463.57;438.36;475.15;471.15
6534;Olivedos;PB;Estadual;6;480.53;508.75;503.93;412.55;450.0;471.15
6535;Angicos;RN;Estadual;64;484.03;498.64;449.94;431.9;491.25;471.15
6536;Santa Terezinha de Goiás;GO;Estadual;67;495.31;496.05;453.06;446.82;464.48;471.14
6537;Vila Propício;GO;Estadual;34;485.49;499.83;448.32;450.11;471.76;471.1
6538;Aruanã;GO;Estadual;45;487.64;513.62;447.93;443.54;462.67;471.08
6539;Sangão;SC;Estadual;67;473.71;492.69;440.53;443.88;504.48;471.06
6540;Cristália;MG;Estadual;36;491.91;494.12;435.23;434.51;499.44;471.04
6541;Governador Edison Lobão;MA;Municipal;4;464.8;456.45;426.75;507.08;500.0;471.02
6542;Pindorama do Tocantins;TO;Estadual;29;489.36;480.43;441.18;447.55;496.55;471.01
6543;Olho d'Água das Cunhãs;MA;Privada;5;484.58;534.22;436.82;415.4;484.0;471.0
6544;Cedro;PE;Estadual;81;487.39;494.98;450.25;444.84;477.53;471.0
6545;Colônia do Gurguéia;PI;Estadual;61;474.63;492.34;452.51;444.35;491.15;471.0
6546;Mairipotaba;GO;Estadual;19;500.96;507.47;435.61;453.04;457.89;470.99
6547;Luislândia;MG;Municipal;2;490.15;542.15;410.2;382.4;530.0;470.98
6548;Itambé;BA;Estadual;124;482.31;496.24;443.14;450.37;482.74;470.96
6549;Palestina do Pará;PA;Municipal;4;473.15;498.48;442.82;455.3;485.0;470.95
6550;Açu;RN;Estadual;286;484.59;494.33;446.74;441.38;487.48;470.91
6551;Pesqueira;PE;Municipal;2;497.65;515.95;398.1;412.8;530.0;470.9
6552;Curitiba;PR;Municipal;34;490.09;510.28;449.97;451.21;452.94;470.9
6553;Goianésia do Pará;PA;Estadual;124;480.18;493.32;447.53;444.02;489.35;470.88
6554;Senhora do Porto;MG;Estadual;16;492.32;473.28;445.01;428.62;515.0;470.85
6555;Graça Aranha;MA;Estadual;56;473.73;490.86;448.04;438.73;502.86;470.84
6556;Barra do Guarita;RS;Estadual;19;487.6;488.42;461.18;425.34;491.58;470.82
6557;Mojuí dos Campos;PA;Estadual;48;478.23;507.22;448.69;437.42;482.5;470.81
6558;São Félix do Araguaia;MT;Estadual;56;477.4;500.19;445.51;445.21;485.71;470.8
6559;João Lisboa;MA;Estadual;173;479.75;493.27;447.69;444.28;489.02;470.8
6560;Água Limpa;GO;Estadual;24;492.84;496.4;438.76;445.06;480.83;470.78
6561;Maracanã;PA;Estadual;178;478.29;494.24;455.37;433.01;492.92;470.77
6562;Miranda do Norte;MA;Estadual;92;490.01;488.23;444.39;442.65;488.48;470.75
6563;Juru;PB;Estadual;42;488.28;492.0;449.13;461.97;462.38;470.75
6564;Ipiranga do Piauí;PI;Estadual;91;486.0;496.39;464.27;429.72;477.36;470.75
6565;Olho d'Água das Cunhãs;MA;Municipal;2;519.45;543.7;400.05;430.45;460.0;470.73
6566;Porto Grande;AP;Estadual;166;485.35;492.47;436.03;435.23;504.46;470.71
6567;Novo Progresso;PA;Municipal;2;460.8;502.75;480.05;539.9;370.0;470.7
6568;Talismã;TO;Estadual;20;486.39;519.86;457.61;433.64;456.0;470.7
6569;Biguaçu;SC;Municipal;5;473.08;502.12;434.54;443.78;500.0;470.7
6570;Itaqui;RS;Municipal;1;485.6;407.6;430.7;509.5;520.0;470.68
6571;Tenente Ananias;RN;Estadual;49;476.65;485.67;443.53;446.19;501.22;470.65
6572;São Rafael;RN;Estadual;34;478.72;496.32;436.22;443.1;498.82;470.64
6573;Itacarambi;MG;Estadual;113;495.82;498.12;442.43;440.98;475.75;470.62
6574;Cachoeira de Goiás;GO;Estadual;18;484.05;487.88;443.84;433.96;503.33;470.61
6575;Caridade;CE;Estadual;146;476.26;497.93;447.18;432.93;498.77;470.61
6576;Nova Europa;SP;Estadual;46;504.75;498.32;433.8;434.76;481.3;470.59
6577;Carnaubeira da Penha;PE;Estadual;96;481.97;498.9;442.05;433.86;496.04;470.56
6578;Araucária;PR;Municipal;5;480.34;471.26;420.86;492.32;488.0;470.56
6579;União dos Palmares;AL;Estadual;376;481.43;491.98;441.34;433.62;504.4;470.55
6580;São Félix do Xingu;PA;Estadual;111;476.73;492.64;444.45;458.59;480.36;470.55
6581;Herval;RS;Estadual;27;495.79;497.52;435.8;451.7;471.85;470.53
6582;Santo Antônio do Planalto;RS;Estadual;9;479.29;505.97;444.0;432.23;491.11;470.52
6583;Mulungu;PB;Estadual;30;488.5;499.97;443.62;438.49;482.0;470.52
6584;Graça;CE;Estadual;93;487.83;486.96;444.83;441.25;491.61;470.5
6585;Vigia;PA;Estadual;330;484.82;500.3;446.53;439.69;481.09;470.49
6586;Itapicuru;BA;Estadual;70;484.27;504.2;441.78;444.71;477.43;470.48
6587;Campo Alegre;AL;Estadual;183;476.48;494.23;444.2;444.65;492.79;470.47
6588;Formoso do Araguaia;TO;Estadual;91;481.47;493.94;446.04;445.35;485.49;470.46
6589;Mirandiba;PE;Estadual;86;480.56;489.11;448.77;453.56;480.23;470.45
6590;Nova Venécia;ES;Privada;17;465.76;509.14;484.49;457.51;435.29;470.44
6591;Trindade;GO;Municipal;4;490.68;493.72;463.65;424.1;480.0;470.43
6592;Pedrinhas Paulista;SP;Estadual;23;478.84;485.72;440.67;478.23;468.7;470.43
6593;Itaipé;MG;Estadual;85;482.02;487.68;452.11;442.78;487.53;470.42
6594;Camamu;BA;Estadual;138;478.4;494.11;450.23;436.31;493.04;470.42
6595;Porteirão;GO;Estadual;20;484.64;496.74;447.66;464.02;459.0;470.41
6596;Luís Correia;PI;Estadual;146;481.79;499.42;451.56;430.54;488.77;470.41
6597;Capinzal do Norte;MA;Estadual;51;468.7;481.78;459.44;443.26;498.82;470.4
6598;Parazinho;RN;Estadual;13;488.15;494.32;440.08;437.09;492.31;470.39
6599;Alto Paraíso;RO;Estadual;91;489.7;495.42;446.9;441.44;478.46;470.38
6600;Montividiu;GO;Estadual;82;492.12;489.31;444.64;445.77;480.0;470.37
6601;Barreira;CE;Estadual;172;485.45;496.42;442.31;440.93;486.74;470.37
6602;Icatu;MA;Municipal;1;468.1;525.7;465.1;452.9;440.0;470.36
6603;Palestina do Pará;PA;Estadual;18;472.9;495.78;453.7;443.74;485.56;470.34
6604;Ererê;CE;Estadual;66;482.06;481.34;447.33;432.11;508.79;470.33
6605;São Bernardo;MA;Municipal;1;486.4;575.0;384.1;406.1;500.0;470.32
6606;Santo Antônio de Goiás;GO;Estadual;46;489.45;496.93;442.79;433.68;488.7;470.31
6607;Amarante do Maranhão;MA;Estadual;129;478.96;488.5;447.52;461.07;475.5;470.31
6608;Portelândia;GO;Estadual;35;494.14;491.71;446.18;465.78;453.71;470.3
6609;Eldorado do Carajás;PA;Municipal;10;499.53;493.11;452.79;440.02;466.0;470.29
6610;Alenquer;PA;Estadual;320;480.77;495.57;444.47;436.6;493.95;470.27
6611;Teodoro Sampaio;BA;Estadual;31;477.23;500.24;459.97;435.17;478.71;470.26
6612;Gararu;SE;Estadual;79;470.25;479.68;448.79;436.1;516.46;470.26
6613;Paulistas;MG;Estadual;34;499.13;502.75;453.94;437.76;457.65;470.25
6614;Luís Domingues;MA;Estadual;32;482.86;485.95;446.49;442.21;493.75;470.25
6615;São Luís do Curu;CE;Estadual;98;490.28;490.23;452.83;430.92;486.94;470.24
6616;Uruará;PA;Estadual;161;485.68;494.63;446.9;446.41;477.52;470.23
6617;Pauini;AM;Municipal;1;505.7;509.1;504.0;392.2;440.0;470.2
6618;Placas;PA;Estadual;42;471.51;499.87;457.45;444.98;477.14;470.19
6619;Araguanã;TO;Estadual;55;486.52;495.93;448.55;432.23;487.64;470.18
6620;Boa Vista;PB;Estadual;45;467.76;488.01;432.59;438.56;524.0;470.18
6621;Trizidela do Vale;MA;Estadual;162;478.93;500.07;452.14;441.16;478.4;470.14
6622;Santa Vitória do Palmar;RS;Municipal;13;495.04;485.38;438.75;451.52;480.0;470.14
6623;Ibipitanga;BA;Estadual;77;474.39;492.79;450.44;452.31;480.78;470.14
6624;Itabuna;BA;Municipal;5;492.86;490.56;419.08;452.04;496.0;470.11
6625;Baliza;GO;Estadual;15;477.37;500.08;455.29;452.43;465.33;470.1
6626;Porangatu;GO;Estadual;290;485.89;498.27;446.2;447.02;473.1;470.09
6627;Itaju do Colônia;BA;Estadual;26;492.25;503.78;431.13;437.92;485.38;470.09
6628;Pedra Preta;RN;Estadual;11;469.71;495.95;436.3;457.42;490.91;470.06
6629;Castanheiras;RO;Estadual;34;480.49;490.29;441.96;445.68;491.76;470.04
6630;Palmácia;CE;Estadual;110;484.32;493.64;457.43;443.33;471.45;470.03
6631;Castro Alves;BA;Estadual;81;477.53;496.69;450.27;438.06;487.41;469.99
6632;São José do Piauí;PI;Estadual;51;471.29;491.03;449.38;431.97;506.27;469.99
6633;Rafael Godeiro;RN;Estadual;38;485.3;499.75;437.88;440.17;486.84;469.99
6634;Santa Cruz;RN;Estadual;172;489.91;496.36;448.94;437.95;476.74;469.98
6635;Terezópolis de Goiás;GO;Estadual;38;490.06;487.95;453.37;443.76;474.74;469.98
6636;Pinhalzinho;SP;Municipal;1;531.9;440.7;393.8;483.4;500.0;469.96
6637;Ecoporanga;ES;Municipal;1;510.7;534.7;407.2;377.2;520.0;469.96
6638;Jeremoabo;BA;Municipal;1;448.4;493.6;491.8;456.0;460.0;469.96
6639;Campos Verdes;GO;Estadual;31;491.55;496.5;432.52;441.4;487.74;469.94
6640;Venturosa;PE;Municipal;2;514.45;503.35;428.55;363.3;540.0;469.93
6641;Santana do Ipanema;AL;Estadual;234;478.88;493.22;441.04;431.74;504.7;469.92
6642;Manicoré;AM;Estadual;190;482.28;491.91;440.75;439.85;494.74;469.91
6643;São José de Princesa;PB;Estadual;6;510.15;442.45;407.18;459.72;530.0;469.9
6644;Rio Crespo;RO;Estadual;18;498.27;496.46;432.5;444.47;477.78;469.89
6645;Nova Veneza;GO;Estadual;53;490.08;493.65;443.83;459.24;462.64;469.89
6646;Bandeirantes do Tocantins;TO;Estadual;21;498.62;500.76;439.82;437.87;472.38;469.89
6647;Cerro Negro;SC;Estadual;24;494.98;489.43;452.88;434.68;477.5;469.89
6648;Amontada;CE;Estadual;387;481.57;487.21;456.8;458.0;465.84;469.88
6649;Santa Rita do Tocantins;TO;Estadual;21;479.38;490.99;445.94;428.36;504.76;469.88
6650;Riacho dos Machados;MG;Estadual;41;480.82;496.04;449.71;447.66;475.12;469.87
6651;Maragogi;AL;Privada;8;470.85;508.24;448.95;423.78;497.5;469.86
6652;Corumbiara;RO;Estadual;62;478.05;484.59;455.86;444.37;486.45;469.86
6653;Estreito;MA;Estadual;215;481.22;489.04;447.89;448.47;482.65;469.85
6654;São Gonçalo dos Campos;BA;Municipal;65;475.8;491.76;449.33;427.41;504.92;469.84
6655;Santa Leopoldina;ES;Estadual;43;494.28;492.77;451.7;432.79;477.67;469.84
6656;Feira Grande;AL;Estadual;113;479.07;492.43;445.57;441.59;490.44;469.82
6657;Coração de Maria;BA;Estadual;152;482.19;501.57;441.29;434.43;489.61;469.82
6658;Serra Nova Dourada;MT;Municipal;1;462.2;483.4;441.5;442.0;520.0;469.82
6659;Itaituba;PA;Estadual;652;481.91;495.92;442.86;436.13;492.21;469.81
6660;Pontal;SP;Municipal;8;490.9;484.81;442.38;443.41;487.5;469.8
6661;Santa Rita;PB;Estadual;484;488.42;493.02;442.7;437.56;487.31;469.8
6662;São Domingos do Araguaia;PA;Estadual;104;480.63;491.94;448.56;440.92;486.92;469.8
6663;Coronel Bicaco;RS;Estadual;19;476.31;479.78;444.01;450.89;497.89;469.78
6664;Inhambupe;BA;Estadual;88;491.8;502.68;444.17;430.64;479.55;469.77
6665;Pimenteiras;PI;Estadual;56;481.36;486.47;450.08;450.6;480.36;469.77
6666;Santa Rita de Cássia;BA;Estadual;153;470.91;489.75;440.8;449.15;498.17;469.75
6667;Baía Formosa;RN;Estadual;33;491.23;495.08;454.04;438.11;470.3;469.75
6668;Lagoa dos Patos;MG;Estadual;17;472.11;502.18;438.41;457.15;478.82;469.74
6669;Painel;SC;Estadual;4;477.62;509.55;418.55;413.0;530.0;469.74
6670;Lupércio;SP;Estadual;23;502.33;505.96;439.68;441.56;459.13;469.73
6671;Beneditinos;PI;Estadual;64;475.39;486.22;441.27;446.32;499.38;469.72
6672;Palmas;PR;Municipal;1;450.7;495.7;487.5;414.7;500.0;469.72
6673;São Gabriel da Cachoeira;AM;Estadual;229;480.58;497.59;438.5;437.36;494.59;469.72
6674;Angelim;PE;Estadual;66;479.52;499.39;445.12;433.07;491.52;469.72
6675;Jaborandi;SP;Municipal;2;514.65;504.95;416.25;462.65;450.0;469.7
6676;Selvíria;MS;Estadual;28;481.14;486.77;462.41;443.82;474.29;469.68
6677;Santo Antônio do Jacinto;MG;Estadual;38;476.07;508.32;452.97;442.03;468.95;469.67
6678;Curuá;PA;Municipal;5;464.32;483.02;428.82;428.16;544.0;469.66
6679;Bayeux;PB;Estadual;341;487.01;494.55;442.3;438.26;486.16;469.66
6680;Matinhas;PB;Estadual;24;481.06;506.12;430.04;431.04;500.0;469.65
6681;Nova Ipixuna;PA;Estadual;62;490.45;493.2;446.84;448.33;469.35;469.64
6682;Gouvelândia;GO;Estadual;18;504.31;476.34;419.58;466.87;481.11;469.64
6683;Xique-Xique;BA;Municipal;31;487.25;496.62;429.78;433.87;500.65;469.63
6684;Caturité;PB;Estadual;28;461.92;478.59;445.51;451.4;510.71;469.62
6685;Novo Planalto;GO;Estadual;38;475.64;494.91;444.87;462.66;470.0;469.62
6686;Heliópolis;BA;Estadual;96;487.42;489.83;448.99;439.54;482.29;469.62
6687;Mamanguape;PB;Estadual;195;486.7;497.32;445.3;437.47;481.33;469.62
6688;Alhandra;PB;Estadual;119;481.28;486.55;447.39;442.99;489.92;469.62
6689;Peixe;TO;Estadual;55;487.38;491.81;441.85;447.41;479.64;469.62
6690;Manacapuru;AM;Estadual;663;484.06;493.7;447.41;440.36;482.5;469.61
6691;Vitor Meireles;SC;Municipal;1;446.3;471.0;417.6;453.1;560.0;469.6
6692;Capixaba;AC;Estadual;88;497.1;499.98;440.46;436.62;473.86;469.6
6693;Birigui;SP;Municipal;1;495.4;567.4;440.4;384.7;460.0;469.58
6694;Josenópolis;MG;Estadual;24;491.25;473.92;436.72;441.82;504.17;469.58
6695;Belo Monte;AL;Estadual;5;485.96;499.88;451.68;446.36;464.0;469.58
6696;Natalândia;MG;Privada;10;477.54;508.09;446.81;463.47;452.0;469.58
6697;Curiúva;PR;Estadual;68;492.93;500.8;436.12;448.01;470.0;469.57
6698;Ouro Branco;AL;Estadual;43;488.45;493.26;440.47;429.8;495.81;469.56
6699;Chorozinho;CE;Estadual;205;484.18;490.51;438.92;437.31;496.88;469.56
6700;General Maynard;SE;Estadual;28;469.81;461.82;459.7;434.22;522.14;469.54
6701;Terra Nova;BA;Estadual;58;485.52;495.65;442.46;421.22;502.76;469.52
6702;Alto Santo;CE;Estadual;93;477.21;488.42;444.69;446.22;490.97;469.5
6703;Santa Maria da Boa Vista;PE;Estadual;275;483.54;489.57;451.66;436.3;486.33;469.48
6704;Quebrangulo;AL;Estadual;49;480.76;494.58;438.62;421.91;511.43;469.46
6705;Pedreiras;MA;Estadual;255;479.65;489.66;445.6;443.8;488.55;469.45
6706;Carmolândia;TO;Estadual;11;486.54;484.81;448.62;461.8;465.45;469.44
6707;Fortim;CE;Estadual;113;468.06;487.0;450.34;452.43;489.38;469.44
6708;Ribeirão dos Índios;SP;Estadual;14;493.78;473.03;456.62;439.51;484.29;469.44
6709;Carlinda;MT;Estadual;75;491.32;496.68;439.97;444.58;474.67;469.44
6710;Novo Gama;GO;Municipal;1;475.4;419.1;405.4;487.0;560.0;469.38
6711;Amaral Ferrador;RS;Estadual;21;489.64;467.5;447.85;460.97;480.95;469.38
6712;Almeirim;PA;Estadual;161;473.92;494.67;446.24;446.29;485.71;469.37
6713;Serraria;PB;Estadual;19;475.77;506.49;434.87;424.42;505.26;469.36
6714;Boa Vista do Incra;RS;Estadual;12;482.02;495.52;434.44;454.78;480.0;469.35
6715;Mimoso do Sul;ES;Privada;12;495.5;502.37;431.81;448.67;468.33;469.34
6716;Santarém;PA;Municipal;34;474.56;498.91;445.19;452.1;475.88;469.33
6717;Araçuaí;MG;Municipal;5;484.92;519.06;480.88;433.8;428.0;469.33
6718;Ananás;TO;Estadual;81;488.09;488.6;439.44;433.18;497.28;469.32
6719;Poranga;CE;Estadual;123;472.71;488.7;451.48;447.82;485.85;469.31
6720;Patos do Piauí;PI;Estadual;29;480.18;490.44;439.43;437.18;499.31;469.31
6721;Pimenteiras do Oeste;RO;Estadual;8;503.24;509.0;429.21;422.49;482.5;469.29
6722;Recife;PE;Municipal;6;465.52;499.95;437.73;459.83;483.33;469.27
6723;Gurinhém;PB;Estadual;71;487.24;493.47;444.62;439.87;481.13;469.27
6724;Maraú;BA;Estadual;56;484.38;496.19;446.16;452.38;467.14;469.25
6725;Humaitá;AM;Estadual;318;482.16;488.69;439.75;440.82;494.78;469.24
6726;Bonópolis;GO;Estadual;23;476.77;490.96;441.83;461.72;474.78;469.21
6727;Matina;BA;Estadual;44;482.11;503.57;446.62;429.12;484.55;469.19
6728;Poço Branco;RN;Estadual;68;482.94;490.4;436.92;436.51;499.12;469.18
6729;São João do Tigre;PB;Estadual;9;468.03;507.48;426.47;419.46;524.44;469.18
6730;Canaã dos Carajás;PA;Estadual;217;485.41;497.31;444.03;446.87;472.26;469.18
6731;Pendências;RN;Estadual;64;489.37;489.95;441.66;439.61;485.31;469.18
6732;Bom Jesus das Selvas;MA;Privada;11;471.07;500.45;465.04;452.97;456.36;469.18
6733;Bom Sucesso;PR;Estadual;37;472.36;479.72;449.18;458.23;486.38;469.17
6734;União;PI;Estadual;335;480.53;487.24;448.58;429.79;499.64;469.16
6735;Guararema;SP;Municipal;1;529.6;504.8;424.2;427.1;460.0;469.14
6736;Riachinho;MG;Estadual;61;481.37;488.78;450.08;444.44;480.98;469.13
6737;Santana do Araguaia;PA;Estadual;82;480.26;493.73;438.25;452.95;480.49;469.13
6738;Conceição da Feira;BA;Estadual;123;489.33;503.58;443.22;432.69;476.75;469.11
6739;Monte Alegre de Goiás;GO;Estadual;64;473.34;486.7;453.03;449.67;482.81;469.11
6740;Leópolis;PR;Estadual;26;486.62;481.02;454.57;447.9;475.38;469.1
6741;Coelho Neto;MA;Estadual;239;479.97;497.2;447.82;440.33;480.16;469.1
6742;Lagoa do Carro;PE;Municipal;3;448.8;450.07;404.13;515.83;526.67;469.1
6743;São Vicente do Seridó;PB;Municipal;4;457.95;514.4;448.5;464.52;460.0;469.08
6744;Lagoa de São Francisco;PI;Estadual;29;461.92;514.59;449.61;431.7;487.59;469.08
6745;Terra Alta;PA;Estadual;77;485.62;490.14;442.64;430.09;496.88;469.07
6746;Reserva do Cabaçal;MT;Estadual;16;505.69;499.56;434.73;449.09;456.25;469.06
6747;Taquaral de Goiás;GO;Estadual;27;483.32;489.3;454.28;446.49;471.85;469.05
6748;Avelinópolis;GO;Estadual;19;496.91;493.31;423.39;437.93;493.68;469.04
6749;Vinhedo;SP;Municipal;13;505.65;486.62;448.46;458.18;446.15;469.01
6750;Natividade;RJ;Municipal;9;500.82;509.68;423.6;430.91;480.0;469.0
6751;Quixeramobim;CE;Municipal;2;497.3;516.1;438.65;412.9;480.0;468.99
6752;Santa Luzia do Pará;PA;Municipal;35;473.51;493.98;449.27;445.27;482.86;468.98
6753;João Pessoa;PB;Municipal;1;497.4;505.4;380.6;441.5;520.0;468.98
6754;Jaguaripe;BA;Municipal;15;481.86;501.18;434.39;426.07;501.33;468.97
6755;Caaporã;PB;Estadual;86;474.35;485.06;440.37;433.56;511.4;468.95
6756;Porto Nacional;TO;Estadual;448;480.72;492.94;443.83;441.5;485.71;468.94
6757;Adrianópolis;PR;Estadual;46;492.7;496.53;436.22;443.16;476.09;468.94
6758;Campo Alegre de Lourdes;BA;Estadual;50;472.58;490.19;449.59;442.31;490.0;468.93
6759;Propriá;SE;Estadual;139;484.4;486.42;443.12;441.9;488.78;468.92
6760;Manfrinópolis;PR;Estadual;33;485.84;487.64;439.57;451.55;480.0;468.92
6761;Messias;AL;Estadual;71;472.84;491.31;438.21;441.06;501.13;468.91
6762;Serra;ES;Municipal;5;442.7;490.24;456.86;438.76;516.0;468.91
6763;Vargem Grande do Rio Pardo;MG;Estadual;55;491.42;495.79;447.25;447.87;462.18;468.9
6764;Senador La Rocque;MA;Estadual;81;473.91;489.34;448.75;427.02;505.43;468.89
6765;Carinhanha;BA;Estadual;135;484.74;489.01;440.36;440.71;489.63;468.89
6766;Caetés;PE;Estadual;181;476.24;498.75;442.77;444.69;481.88;468.87
6767;Ponto Belo;ES;Estadual;47;495.26;502.33;447.39;440.24;459.15;468.87
6768;Mirabela;MG;Estadual;68;499.84;498.68;439.8;427.8;478.24;468.87
6769;São João da Fronteira;PI;Estadual;55;475.83;483.07;439.99;450.19;495.27;468.87
6770;Bujari;AC;Estadual;75;494.71;488.36;445.6;443.11;472.53;468.86
6771;Manaus;AM;Municipal;31;480.97;491.68;444.62;436.62;490.32;468.84
6772;Tracuateua;PA;Estadual;83;481.48;492.53;446.79;431.07;492.29;468.83
6773;Massapê;CE;Estadual;520;478.92;489.99;456.11;442.6;476.46;468.82
6774;Paulo Jacinto;AL;Estadual;57;468.58;485.49;455.34;436.02;498.6;468.81
6775;Palmeira dos Índios;AL;Estadual;364;482.57;492.63;441.38;435.34;492.14;468.81
6776;Carneiros;AL;Estadual;29;471.81;491.15;441.92;427.47;511.72;468.81
6777;São Francisco;MG;Privada;18;468.67;477.37;469.75;449.34;478.89;468.8
6778;Água Branca;AL;Estadual;114;468.3;488.8;442.29;432.97;511.58;468.79
6779;Cametá;PA;Estadual;1161;472.43;492.84;447.41;437.89;493.35;468.78
6780;Porto de Pedras;AL;Estadual;37;473.61;496.53;451.69;443.63;478.38;468.77
6781;Palhano;CE;Estadual;75;479.99;483.46;451.44;447.5;481.33;468.75
6782;Moju;PA;Estadual;359;481.85;495.24;446.35;438.07;482.23;468.75
6783;Timbaúba dos Batistas;RN;Estadual;23;491.26;471.0;437.81;438.4;505.22;468.74
6784;Candeal;BA;Estadual;26;495.24;492.29;440.24;438.23;477.69;468.74
6785;Caldeirão Grande;BA;Estadual;31;486.04;504.77;448.09;440.2;464.52;468.72
6786;Tomé-Açu;PA;Estadual;470;483.52;499.6;448.56;441.04;470.85;468.71
6787;Paraibano;MA;Estadual;117;470.56;483.2;459.21;446.46;484.1;468.71
6788;São José dos Cordeiros;PB;Estadual;20;474.01;485.84;436.56;419.11;528.0;468.7
6789;Riachão das Neves;BA;Estadual;82;480.15;492.19;436.34;443.31;491.46;468.69
6790;Guaporema;PR;Estadual;10;489.9;504.93;440.83;429.77;478.0;468.69
6791;Paranhos;MS;Estadual;39;485.86;498.69;457.87;459.9;441.03;468.67
6792;Arari;MA;Estadual;135;476.75;490.87;445.35;437.11;493.27;468.67
6793;Santa Inês;MA;Estadual;713;480.61;490.26;448.85;442.02;481.63;468.67
6794;Santa Inês;BA;Estadual;61;482.34;486.03;449.69;441.61;483.61;468.66
6795;Araguaiana;MT;Estadual;17;489.58;486.51;458.74;462.62;445.88;468.66
6796;Bonito;BA;Estadual;50;477.15;475.37;449.8;451.71;489.2;468.65
6797;Ibicuitinga;CE;Estadual;116;471.26;489.97;442.92;445.18;493.79;468.63
6798;Poço Redondo;SE;Estadual;130;479.15;493.77;450.09;437.84;482.31;468.63
6799;Porto Walter;AC;Estadual;47;475.9;494.82;442.54;423.44;506.38;468.62
6800;Grandes Rios;PR;Estadual;55;489.81;505.96;456.25;428.5;462.55;468.61
6801;Carinhanha;BA;Municipal;14;490.76;495.11;456.13;446.71;454.29;468.6
6802;Gonçalves Dias;MA;Estadual;45;478.93;492.54;451.98;431.48;488.0;468.59
6803;Porto Alegre do Tocantins;TO;Estadual;21;461.79;497.24;443.2;437.85;502.86;468.59
6804;Ibiapina;CE;Estadual;223;482.56;487.59;451.23;443.41;478.12;468.58
6805;Jequitinhonha;MG;Estadual;105;496.96;498.63;436.12;438.24;472.95;468.58
6806;Brasnorte;MT;Estadual;75;484.87;479.05;431.44;460.17;487.2;468.54
6807;Correntina;BA;Estadual;132;474.84;492.27;447.54;438.15;489.85;468.53
6808;Esplanada;BA;Estadual;151;485.47;486.04;451.0;443.43;476.69;468.52
6809;Girau do Ponciano;AL;Estadual;240;468.64;492.59;437.31;427.56;516.5;468.52
6810;Bento Fernandes;RN;Estadual;32;470.21;492.22;441.81;435.86;502.5;468.52
6811;Touros;RN;Estadual;124;477.39;491.5;444.63;440.67;488.39;468.52
6812;Cocos;BA;Estadual;82;482.73;500.56;447.36;440.4;471.46;468.5
6813;Antônio Martins;RN;Municipal;2;492.9;456.75;433.5;459.25;500.0;468.48
6814;São Francisco do Maranhão;MA;Municipal;1;492.4;549.3;386.9;433.7;480.0;468.46
6815;Cambará do Sul;RS;Estadual;11;496.37;481.6;437.04;448.99;478.18;468.44
6816;Bertolínia;PI;Estadual;66;474.22;490.12;463.58;437.85;476.36;468.43
6817;Parnarama;MA;Estadual;190;477.61;482.86;445.65;442.97;493.05;468.43
6818;Igarapé-Miri;PA;Estadual;455;476.31;489.18;446.61;437.1;492.88;468.42
6819;Augustinópolis;TO;Estadual;82;487.48;483.16;444.38;450.44;476.59;468.41
6820;Dianópolis;TO;Estadual;127;480.9;486.98;445.67;443.31;485.19;468.41
6821;Dom Macedo Costa;BA;Estadual;37;464.94;490.25;443.54;443.27;500.0;468.4
6822;Pilar de Goiás;GO;Estadual;15;479.27;493.81;432.89;438.67;497.33;468.39
6823;Joaquim Nabuco;PE;Estadual;82;483.79;480.89;452.08;442.57;482.44;468.35
6824;Canitar;SP;Estadual;22;499.49;490.74;430.55;461.85;459.09;468.34
6825;Riachão;PB;Estadual;15;474.47;478.75;441.66;418.57;528.0;468.29
6826;Tenente Laurentino Cruz;RN;Estadual;31;493.96;494.85;456.1;421.04;475.48;468.29
6827;Igaracy;PB;Estadual;38;475.8;480.18;447.53;458.99;478.95;468.29
6828;Bragança;PA;Municipal;8;490.45;451.68;462.01;459.74;477.5;468.28
6829;Afuá;PA;Estadual;80;489.8;493.04;429.81;442.49;486.25;468.28
6830;Inhangapi;PA;Estadual;36;472.26;489.03;444.51;435.57;500.0;468.27
6831;Ipaumirim;CE;Estadual;108;474.51;489.19;450.26;449.36;477.96;468.26
6832;Bom Jardim;MA;Municipal;1;543.6;455.0;378.4;464.3;500.0;468.26
6833;Cedral;MA;Estadual;71;476.26;486.48;449.51;435.55;493.52;468.26
6834;Simões;PI;Estadual;100;470.35;488.82;442.67;448.85;490.6;468.26
6835;Cruzália;SP;Estadual;19;470.63;495.77;446.99;453.16;474.74;468.26
6836;Coroatá;MA;Estadual;308;477.56;489.51;442.87;435.13;496.17;468.25
6837;Tibau do Sul;RN;Estadual;52;487.89;492.14;453.34;451.23;456.54;468.23
6838;Carrancas;MG;Estadual;21;474.2;492.66;466.9;441.56;465.71;468.21
6839;Lagoa da Canoa;AL;Estadual;85;463.11;487.19;440.58;449.13;500.94;468.19
6840;Montes Altos;MA;Estadual;66;480.01;478.7;447.77;432.34;502.12;468.19
6841;Rio Preto;MG;Municipal;1;508.8;544.2;405.4;382.5;500.0;468.18
6842;Geminiano;PI;Estadual;52;481.43;486.04;446.07;441.22;486.15;468.18
6843;Governador Newton Bello;MA;Estadual;35;471.07;490.3;442.65;454.03;482.86;468.18
6844;Primeira Cruz;MA;Municipal;1;416.5;512.1;444.1;468.1;500.0;468.16
6845;São Benedito do Sul;PE;Estadual;34;492.33;489.02;442.52;418.63;498.24;468.15
6846;Toledo;PR;Municipal;3;505.43;491.2;409.77;480.97;453.33;468.14
6847;Indiaroba;SE;Estadual;72;480.73;491.17;440.72;443.28;484.72;468.12
6848;Riachão do Poço;PB;Estadual;36;487.48;494.94;434.39;425.95;497.78;468.11
6849;Formoso;MG;Estadual;41;485.35;488.42;444.83;431.65;490.24;468.1
6850;Júlio Borges;PI;Municipal;2;500.15;486.4;417.15;396.7;540.0;468.08
6851;Carmo do Rio Verde;GO;Estadual;20;494.68;486.77;422.64;446.29;490.0;468.08
6852;Aquidabã;SE;Estadual;168;485.74;485.37;444.71;438.28;486.19;468.06
6853;Viana;MA;Estadual;374;480.14;491.56;447.51;431.43;489.63;468.05
6854;Amapá;AP;Estadual;63;468.17;487.52;448.56;439.38;496.51;468.03
6855;Muritiba;BA;Estadual;138;476.43;491.76;447.22;437.86;486.81;468.02
6856;Mâncio Lima;AC;Estadual;183;479.85;487.9;436.05;431.18;505.14;468.02
6857;Breu Branco;PA;Estadual;183;486.68;496.85;443.66;440.41;472.46;468.01
6858;Americano do Brasil;GO;Estadual;40;493.5;475.84;448.21;446.38;476.0;467.99
6859;Brejo do Cruz;PB;Estadual;56;479.28;492.68;451.88;437.88;478.21;467.99
6860;São José da Laje;AL;Estadual;150;471.02;482.11;442.32;439.91;504.53;467.98
6861;São João da Ponte;MG;Estadual;126;479.45;493.5;444.8;441.65;480.48;467.98
6862;Ubá;MG;Municipal;15;497.15;527.74;441.52;446.83;426.67;467.98
6863;Entre Rios;SC;Estadual;19;493.24;503.11;448.24;426.82;468.42;467.97
6864;Aurelino Leal;BA;Estadual;40;475.57;497.17;440.56;450.57;476.0;467.97
6865;Caiçara do Rio do Vento;RN;Estadual;25;467.0;475.62;439.02;437.34;520.8;467.96
6866;Estrela do Norte;GO;Estadual;25;466.25;494.12;451.98;434.6;492.8;467.95
6867;Jaborandi;BA;Estadual;48;469.36;484.78;449.97;458.0;477.5;467.92
6868;Vicentinópolis;GO;Estadual;48;477.07;492.98;454.5;457.9;457.08;467.91
6869;Novo Oriente do Piauí;PI;Estadual;38;466.51;473.44;445.38;432.11;522.11;467.91
6870;Palmeira do Piauí;PI;Estadual;30;470.01;496.55;450.06;424.76;498.0;467.88
6871;Palmeirante;TO;Estadual;16;469.63;489.09;461.31;444.31;475.0;467.87
6872;Goianinha;RN;Municipal;1;524.2;469.7;407.7;377.7;560.0;467.86
6873;Salgueiro;PE;Municipal;2;498.55;545.35;430.95;364.45;500.0;467.86
6874;Mundo Novo;BA;Estadual;68;488.01;484.26;445.46;440.34;481.18;467.85
6875;Itatira;CE;Estadual;266;484.95;490.92;444.74;439.08;479.55;467.85
6876;Triunfo Potiguar;RN;Estadual;19;475.72;487.29;427.97;439.79;508.42;467.84
6877;Granja;CE;Estadual;736;478.46;484.91;448.66;441.38;485.65;467.81
6878;Guatapará;SP;Estadual;32;492.85;500.2;444.85;437.98;463.12;467.8
6879;Joaíma;MG;Estadual;54;497.54;488.62;446.81;455.98;450.0;467.79
6880;Itaquara;BA;Estadual;32;479.34;487.0;442.64;444.91;485.0;467.78
6881;Matos Costa;SC;Estadual;7;473.47;501.43;464.11;454.1;445.71;467.77
6882;Riachuelo;SE;Estadual;62;474.59;478.53;439.54;429.65;516.45;467.75
6883;São João Evangelista;MG;Estadual;74;484.67;502.45;443.51;440.28;467.84;467.75
6884;Canguaretama;RN;Estadual;153;490.55;488.6;453.6;438.48;467.45;467.74
6885;Várzea Grande;PI;Estadual;40;473.48;484.93;446.6;441.63;492.0;467.73
6886;Inhuma;PI;Estadual;104;471.29;492.51;439.44;439.19;496.15;467.72
6887;Caxingó;PI;Estadual;49;486.08;504.16;439.93;429.26;479.18;467.72
6888;Porto Feliz;SP;Municipal;1;509.3;489.8;391.2;428.3;520.0;467.72
6889;Rosário do Ivaí;PR;Estadual;60;484.6;480.78;441.84;446.66;484.67;467.71
6890;Maragogipe;BA;Estadual;180;470.49;491.46;457.49;444.02;475.11;467.71
6891;Taipu;RN;Estadual;31;478.98;508.12;447.34;443.48;460.65;467.71
6892;Terra Santa;PA;Estadual;99;469.33;483.84;441.47;431.93;511.92;467.7
6893;Floriano;PI;Estadual;726;478.6;490.94;448.2;440.71;479.99;467.69
6894;Lagoa de Velhos;RN;Estadual;15;468.74;495.59;443.4;426.55;504.0;467.66
6895;Muricilândia;TO;Estadual;24;491.0;491.27;429.96;435.25;490.83;467.66
6896;Sena Madureira;AC;Estadual;260;477.77;493.04;443.66;435.5;488.31;467.66
6897;Nova Tebas;PR;Estadual;48;474.65;494.14;449.05;462.56;457.92;467.66
6898;Poção de Pedras;MA;Estadual;130;475.54;483.64;452.15;449.83;477.08;467.65
6899;Santa Cecília;PB;Estadual;23;478.83;489.95;439.36;439.4;490.43;467.59
6900;São Carlos;SP;Municipal;2;493.2;520.25;435.8;448.6;440.0;467.57
6901;Matupá;MT;Estadual;114;489.75;491.29;442.3;454.67;459.82;467.57
6902;Bom Jesus da Serra;BA;Estadual;54;471.03;489.71;430.04;438.14;508.89;467.56
6903;Ponto Novo;BA;Estadual;49;479.15;500.13;430.63;439.21;488.57;467.54
6904;Regeneração;PI;Estadual;128;484.27;490.6;446.7;435.34;480.78;467.54
6905;Barras;PI;Municipal;4;449.48;526.12;409.68;437.3;515.0;467.52
6906;Manoel Urbano;AC;Estadual;47;482.22;479.24;441.56;431.92;502.55;467.5
6907;Timon;MA;Estadual;846;479.85;493.04;444.99;438.31;481.3;467.5
6908;Lagoa Dourada;MG;Municipal;8;485.52;488.66;441.11;442.22;480.0;467.5
6909;Amparo de São Francisco;SE;Estadual;17;457.92;491.05;440.31;441.05;507.06;467.48
6910;Buri;SP;Estadual;99;484.9;495.55;446.1;438.46;472.32;467.47
6911;Riachão;MA;Estadual;156;473.54;488.87;445.14;438.67;491.15;467.47
6912;Sapucaia;PA;Estadual;12;493.28;502.21;432.92;435.48;473.33;467.44
6913;Retirolândia;BA;Estadual;58;477.42;490.54;445.31;433.24;490.69;467.44
6914;Jaguaribara;CE;Estadual;71;487.22;488.08;441.07;441.62;479.15;467.43
6915;Brejolândia;BA;Estadual;39;480.88;491.8;439.61;428.34;496.41;467.41
6916;Cidelândia;MA;Estadual;41;483.05;499.94;451.67;439.47;462.93;467.41
6917;Serra Dourada;BA;Estadual;78;475.84;488.78;444.37;446.49;481.54;467.4
6918;Ilha Grande;PI;Estadual;57;481.59;498.25;442.35;423.49;491.23;467.38
6919;Demerval Lobão;PI;Estadual;106;482.27;493.68;450.84;434.79;475.28;467.37
6920;São Francisco do Conde;BA;Estadual;179;482.34;485.92;448.71;436.77;483.13;467.37
6921;Rio dos Bois;TO;Estadual;14;473.13;461.84;448.65;458.92;494.29;467.37
6922;Rolândia;PR;Municipal;1;417.6;412.3;411.9;594.6;500.0;467.28
6923;Boa Nova;BA;Municipal;4;454.82;464.32;431.2;476.02;510.0;467.28
6924;Quixelô;CE;Estadual;63;486.27;487.41;434.04;446.71;481.9;467.27
6925;Córrego Novo;MG;Estadual;18;471.94;481.34;442.86;456.76;483.33;467.25
6926;São Gonçalo;RJ;Municipal;5;463.3;491.9;474.82;518.16;388.0;467.24
6927;Riacho das Almas;PE;Municipal;2;532.1;495.6;410.25;458.25;440.0;467.24
6928;Trairi;CE;Estadual;465;480.64;484.2;454.06;444.84;472.43;467.23
6929;São Sebastião da Boa Vista;PA;Estadual;187;469.94;485.52;441.14;436.25;503.32;467.23
6930;Aratuípe;BA;Estadual;45;482.26;494.46;434.65;427.28;497.33;467.2
6931;Ibipeba;BA;Estadual;74;474.7;491.03;433.29;430.13;506.76;467.18
6932;Sapeaçu;BA;Estadual;128;476.88;489.6;448.43;441.16;479.84;467.18
6933;Conceição das Alagoas;MG;Municipal;1;480.7;523.9;396.0;435.2;500.0;467.16
6934;Almas;TO;Estadual;62;469.19;480.57;450.58;456.11;479.35;467.16
6935;Macururé;BA;Estadual;23;490.77;493.24;447.38;435.66;468.7;467.15
6936;Rio Tinto;PB;Estadual;112;479.39;493.77;441.82;433.56;487.14;467.14
6937;Horizonte;CE;Municipal;13;500.73;504.4;436.37;455.75;438.46;467.14
6938;Itupiranga;PA;Estadual;223;482.21;495.34;447.02;438.69;472.47;467.14
6939;Caldas Novas;GO;Municipal;19;494.05;502.57;432.59;455.89;450.53;467.13
6940;Tabatinga;AM;Estadual;314;480.68;487.81;441.36;429.0;496.75;467.12
6941;Rio Brilhante;MS;Municipal;2;489.8;469.95;402.25;433.6;540.0;467.12
6942;Boa Ventura de São Roque;PR;Estadual;44;487.97;494.84;445.05;441.75;465.91;467.1
6943;Alcobaça;BA;Estadual;82;474.33;483.12;445.33;437.35;495.37;467.1
6944;Aurora do Pará;PA;Estadual;78;481.38;490.41;443.08;439.86;480.77;467.1
6945;Piaçabuçu;AL;Estadual;53;473.19;485.26;456.61;449.47;470.94;467.09
6946;Confresa;MT;Estadual;159;474.75;491.75;445.04;451.33;472.58;467.09
6947;Carauari;AM;Estadual;158;471.71;481.25;439.16;430.78;512.53;467.08
6948;Algodão de Jandaíra;PB;Estadual;12;478.97;463.92;449.6;461.2;481.67;467.07
6949;Salgado de São Félix;PB;Estadual;32;486.19;499.68;444.5;433.65;471.25;467.06
6950;Ponta de Pedras;PA;Estadual;189;475.12;491.43;451.38;438.3;479.05;467.06
6951;Nossa Senhora dos Remédios;PI;Municipal;10;468.56;496.03;446.19;420.43;504.0;467.04
6952;Major Sales;RN;Estadual;19;477.16;492.98;433.25;436.03;495.79;467.04
6953;Santa Maria das Barreiras;PA;Privada;3;451.83;494.93;483.47;404.9;500.0;467.03
6954;Senador Canedo;GO;Municipal;5;476.36;512.06;475.02;439.64;432.0;467.02
6955;Mascote;BA;Estadual;46;489.89;485.44;429.22;446.98;483.48;467.0
6956;Prata do Piauí;PI;Estadual;21;478.52;483.2;450.91;443.26;479.05;466.99
6957;Belterra;PA;Municipal;5;483.62;470.58;420.72;455.96;504.0;466.98
6958;Balsas;MA;Estadual;529;479.85;491.17;446.47;437.19;480.19;466.97
6959;Jucuruçu;BA;Estadual;25;473.36;484.08;425.44;445.57;506.4;466.97
6960;Laranjeiras;SE;Estadual;92;482.52;480.05;442.42;441.02;488.7;466.94
6961;Juti;MS;Estadual;30;488.25;492.19;437.53;450.72;466.0;466.94
6962;Wanderlândia;TO;Estadual;101;474.17;484.1;449.19;452.34;474.85;466.93
6963;Portel;PA;Estadual;335;474.56;492.82;439.61;433.46;494.21;466.93
6964;Cairu;BA;Municipal;11;454.75;510.13;435.27;421.75;512.73;466.93
6965;Redenção;PA;Estadual;546;482.61;492.29;444.23;440.92;474.58;466.93
6966;Nazaré;TO;Estadual;29;494.18;491.17;440.37;441.26;467.59;466.91
6967;Penalva;MA;Estadual;86;472.65;497.93;443.53;433.45;486.74;466.86
6968;Novo Horizonte do Norte;MT;Estadual;24;472.98;492.47;444.84;441.47;482.5;466.85
6969;Brasilândia;MS;Estadual;68;485.53;498.81;449.11;438.94;461.76;466.83
6970;Afogados da Ingazeira;PE;Municipal;12;505.96;483.3;445.91;438.83;460.0;466.8
6971;Angical;BA;Estadual;80;471.12;481.06;444.13;438.17;499.5;466.8
6972;Sento Sé;BA;Estadual;92;483.26;500.19;431.72;439.64;479.13;466.79
6973;Ubaí;MG;Estadual;47;496.23;496.34;441.74;445.56;454.04;466.78
6974;Vitória de Santo Antão;PE;Municipal;15;475.34;501.59;461.35;431.61;464.0;466.78
6975;Água Branca;PI;Estadual;139;484.13;489.31;450.53;451.31;458.56;466.77
6976;Alvarães;AM;Estadual;102;481.07;491.14;442.77;427.08;491.76;466.77
6977;Jussara;BA;Estadual;69;477.31;489.08;443.38;447.25;476.81;466.77
6978;Santa Quitéria;CE;Estadual;462;479.15;480.71;452.38;447.68;473.85;466.76
6979;Valença;RJ;Municipal;2;517.2;488.7;398.65;399.15;530.0;466.74
6980;Curimatá;PI;Estadual;78;473.61;495.06;453.9;438.67;472.31;466.71
6981;Juarina;TO;Estadual;15;483.13;472.83;462.04;410.23;505.33;466.71
6982;Pariconha;AL;Estadual;55;461.85;489.58;450.78;437.46;493.82;466.7
6983;Bom Jesus das Selvas;MA;Estadual;62;486.62;482.48;444.85;443.36;476.13;466.69
6984;Sinop;MT;Municipal;12;479.27;493.17;444.12;458.58;458.33;466.69
6985;Santa Luzia do Itanhy;SE;Estadual;24;481.07;495.88;436.34;433.51;486.67;466.69
6986;Paiva;MG;Estadual;7;491.9;496.24;406.06;436.33;502.86;466.68
6987;Passo de Camaragibe;AL;Estadual;48;468.05;475.38;447.21;436.49;506.25;466.68
6988;Itainópolis;PI;Estadual;62;470.04;480.05;450.55;447.21;485.48;466.67
6989;Araruna;PB;Municipal;2;513.4;460.85;423.85;375.1;560.0;466.64
6990;Inhapi;AL;Estadual;38;467.8;497.36;436.26;429.54;502.11;466.61
6991;Marechal Thaumaturgo;AC;Municipal;5;506.84;484.44;432.54;445.14;464.0;466.59
6992;Presidente Kennedy;ES;Estadual;114;479.63;489.3;441.93;445.09;477.02;466.59
6993;Miranorte;TO;Estadual;89;482.17;492.58;441.92;433.86;482.25;466.56
6994;Avelino Lopes;PI;Estadual;36;475.2;484.44;456.83;422.44;493.89;466.56
6995;Nossa Senhora das Graças;PR;Estadual;19;490.99;476.15;442.39;430.61;492.63;466.55
6996;Jaquirana;RS;Estadual;21;467.99;481.08;434.96;459.81;488.86;466.54
6997;Novo Repartimento;PA;Estadual;245;478.26;486.26;443.91;447.0;477.22;466.53
6998;Umbuzeiro;PB;Estadual;44;479.73;481.93;441.39;438.94;490.45;466.49
6999;Planaltina do Paraná;PR;Estadual;24;480.83;478.82;442.32;456.2;474.17;466.47
7000;Águas Belas;PE;Municipal;2;510.4;516.95;436.75;388.2;480.0;466.46
7001;Barrolândia;TO;Estadual;37;488.82;478.64;432.73;450.97;481.08;466.45
7002;Cansanção;BA;Municipal;3;507.07;502.67;482.53;459.93;380.0;466.44
7003;Porto Alegre do Piauí;PI;Estadual;12;463.72;482.63;457.06;418.59;510.0;466.4
7004;Itapororoca;PB;Estadual;78;480.54;487.79;441.42;446.56;475.64;466.39
7005;Souto Soares;BA;Estadual;45;489.87;505.77;437.06;427.61;471.56;466.38
7006;Serra Grande;PB;Estadual;25;487.09;492.36;440.36;436.79;475.2;466.36
7007;Santa Cruz dos Milagres;PI;Estadual;28;464.54;489.08;434.24;431.06;512.86;466.35
7008;Pedrinhas;SE;Estadual;86;468.28;491.12;443.45;437.39;491.4;466.33
7009;Santo Afonso;MT;Estadual;15;471.32;497.36;448.29;438.55;476.0;466.3
7010;Goiatuba;GO;Municipal;2;518.65;468.5;442.4;461.95;440.0;466.3
7011;São Caetano de Odivelas;PA;Estadual;100;475.04;486.58;456.95;434.26;478.6;466.29
7012;Frecheirinha;CE;Estadual;160;479.81;484.58;454.92;445.26;466.88;466.29
7013;Rio Preto da Eva;AM;Estadual;118;482.05;487.74;446.75;439.61;475.25;466.28
7014;Acorizal;MT;Estadual;54;468.39;479.1;434.56;441.51;507.78;466.27
7015;Itapuã do Oeste;RO;Estadual;32;472.25;484.14;450.18;444.72;480.0;466.26
7016;Irauçuba;CE;Estadual;315;482.63;484.48;449.0;440.19;474.92;466.24
7017;Careiro da Várzea;AM;Estadual;115;475.03;488.51;438.4;442.62;486.61;466.23
7018;Lagoa Salgada;RN;Estadual;59;481.79;496.36;441.92;449.71;461.36;466.23
7019;Coxixola;PB;Estadual;10;475.9;512.86;442.49;429.76;470.0;466.2
7020;Itaguaçu da Bahia;BA;Estadual;32;469.91;493.37;443.31;440.0;484.38;466.19
7021;Tabatinga;SP;Municipal;1;525.7;467.1;370.7;487.4;480.0;466.18
7022;Pedra Branca do Amapari;AP;Privada;7;464.03;495.14;441.17;441.96;488.57;466.17
7023;Rosário;MA;Estadual;257;480.36;492.58;445.33;434.95;477.59;466.16
7024;Faina;GO;Estadual;47;472.92;508.81;453.61;443.52;451.91;466.15
7025;Piraquê;TO;Estadual;17;475.98;483.58;459.65;445.59;465.88;466.14
7026;Farias Brito;CE;Estadual;155;473.55;489.27;451.84;450.71;465.29;466.13
7027;Jandaíra;BA;Estadual;32;478.0;485.37;451.04;437.49;478.75;466.13
7028;Canutama;AM;Estadual;38;469.52;486.12;447.88;433.92;493.16;466.12
7029;Manaquiri;AM;Estadual;64;474.31;495.03;438.58;431.64;490.94;466.1
7030;Cabrobó;PE;Estadual;262;480.48;483.86;443.22;437.2;485.65;466.08
7031;Laranjal;PR;Estadual;31;486.11;498.54;438.88;443.63;463.23;466.08
7032;Viamão;RS;Municipal;3;468.83;514.4;389.73;457.4;500.0;466.07
7033;São João do Paraíso;MA;Estadual;53;481.02;487.73;448.2;440.32;472.83;466.02
7034;Porto de Moz;PA;Municipal;9;479.16;490.81;469.72;414.73;475.56;466.0
7035;Jacaré dos Homens;AL;Estadual;25;487.23;469.58;439.96;439.56;493.6;465.98
7036;Maruim;SE;Estadual;51;487.31;502.93;436.71;447.28;455.69;465.98
7037;São Sebastião do Uatumã;AM;Estadual;58;476.14;492.07;438.53;431.41;491.72;465.98
7038;Aurilândia;GO;Estadual;16;481.59;470.63;448.34;438.04;491.25;465.97
7039;Presidente Jânio Quadros;BA;Estadual;61;482.24;494.46;445.17;428.88;479.02;465.95
7040;Piraquara;PR;Municipal;5;501.44;537.18;443.58;431.54;416.0;465.95
7041;Guajará;AM;Estadual;80;466.04;480.17;428.0;436.93;518.5;465.93
7042;Taipas do Tocantins;TO;Estadual;13;461.03;481.65;440.7;421.62;524.62;465.92
7043;Bacabeira;MA;Estadual;69;475.11;488.05;443.05;437.01;486.38;465.92
7044;Ibaretama;CE;Estadual;107;475.61;492.91;447.46;437.05;476.45;465.9
7045;Petrolina;PE;Municipal;8;495.45;470.82;453.09;457.5;452.5;465.87
7046;Alvorada de Minas;MG;Estadual;21;478.15;485.6;438.01;453.24;474.29;465.86
7047;São Paulo de Olivença;AM;Estadual;204;471.88;482.09;440.46;428.94;505.78;465.83
7048;Manoel Vitorino;BA;Municipal;13;465.83;491.85;450.65;453.12;467.69;465.83
7049;Lagoa do Carro;PE;Estadual;100;490.62;497.63;442.22;424.86;473.8;465.83
7050;Capão Bonito do Sul;RS;Estadual;11;483.03;502.87;426.16;446.13;470.91;465.82
7051;Santa Rita do Pardo;MS;Estadual;41;486.03;489.59;441.63;444.51;467.32;465.81
7052;Santa Helena;MA;Estadual;228;473.02;487.08;440.23;432.69;496.05;465.81
7053;Brasil Novo;PA;Privada;3;463.53;464.37;434.97;486.1;480.0;465.79
7054;Marabá;PA;Municipal;192;481.59;494.9;442.77;444.86;464.79;465.78
7055;Lizarda;TO;Estadual;28;466.34;461.05;435.43;441.81;524.29;465.78
7056;Aguiarnópolis;TO;Estadual;38;476.76;475.87;449.68;436.0;490.53;465.77
7057;Catas Altas da Noruega;MG;Privada;6;494.43;500.48;454.93;452.35;426.67;465.77
7058;Murici dos Portelas;PI;Estadual;33;478.87;502.51;438.56;422.16;486.67;465.76
7059;São Miguel dos Milagres;AL;Estadual;26;473.77;481.22;442.72;435.73;495.38;465.76
7060;Francisco Macedo;PI;Estadual;10;475.06;489.64;423.83;432.14;508.0;465.73
7061;Campo Azul;MG;Estadual;23;489.07;484.59;449.02;460.76;445.22;465.73
7062;São Miguel do Guamá;PA;Municipal;1;417.1;546.4;447.1;418.0;500.0;465.72
7063;Mirinzal;MA;Estadual;123;473.69;483.02;449.95;433.15;488.78;465.72
7064;Landri Sales;PI;Estadual;21;470.41;478.0;459.55;436.76;483.81;465.71
7065;Serra Nova Dourada;MT;Estadual;14;475.59;484.54;437.93;433.37;497.14;465.71
7066;Bom Jesus;RN;Estadual;38;488.31;489.5;436.82;428.13;485.79;465.71
7067;Anhembi;SP;Municipal;1;515.8;454.8;408.3;489.6;460.0;465.7
7068;Sítio Novo do Tocantins;TO;Estadual;49;480.78;484.94;445.54;444.13;473.06;465.69
7069;Orós;CE;Estadual;147;473.13;477.37;445.95;432.49;499.46;465.68
7070;Monsenhor Tabosa;CE;Estadual;189;479.19;485.04;449.05;439.46;475.66;465.68
7071;Parambu;CE;Estadual;253;482.49;490.9;451.51;432.35;471.07;465.66
7072;Alto Paraguai;MT;Estadual;34;471.34;491.77;422.4;455.13;487.65;465.66
7073;Serra Negra do Norte;RN;Municipal;1;405.7;501.9;408.0;492.6;520.0;465.64
7074;Lago da Pedra;MA;Estadual;239;476.98;490.15;443.83;447.6;469.54;465.62
7075;Minas Novas;MG;Municipal;4;455.95;503.85;444.25;444.0;480.0;465.61
7076;Maturéia;PB;Estadual;43;489.9;490.82;433.77;444.71;468.84;465.61
7077;Monte Horebe;PB;Estadual;23;481.63;456.82;441.63;436.64;511.3;465.61
7078;Taperoá;BA;Estadual;80;468.78;497.45;437.81;413.46;510.5;465.6
7079;Belo Jardim;PE;Municipal;2;495.6;460.35;437.35;414.7;520.0;465.6
7080;Mansidão;BA;Estadual;45;473.98;483.54;439.06;433.58;497.78;465.59
7081;Mangaratiba;RJ;Municipal;5;490.18;496.38;412.92;456.44;472.0;465.58
7082;Augusto Corrêa;PA;Estadual;220;475.73;486.55;453.08;433.07;479.36;465.56
7083;Tanquinho;BA;Estadual;30;480.39;485.97;443.93;423.53;494.0;465.56
7084;Borba;AM;Estadual;133;488.8;487.92;441.07;434.67;475.34;465.56
7085;Quarto Centenário;PR;Estadual;21;479.32;477.55;442.55;439.8;488.57;465.56
7086;Formosa do Rio Preto;BA;Estadual;127;465.2;482.41;438.74;440.93;500.47;465.55
7087;Miguel Alves;PI;Estadual;83;486.76;489.98;441.02;439.45;470.36;465.52
7088;Marechal Thaumaturgo;AC;Estadual;93;477.44;490.92;441.93;429.02;488.17;465.5
7089;São Lourenço do Piauí;PI;Estadual;31;470.45;489.98;431.62;443.84;491.61;465.5
7090;Juazeiro do Piauí;PI;Estadual;44;472.27;496.76;447.93;428.73;481.82;465.5
7091;Serra do Ramalho;BA;Estadual;76;483.48;474.79;445.59;452.26;471.32;465.49
7092;Belém do Brejo do Cruz;PB;Estadual;37;463.07;481.82;436.98;448.27;497.3;465.49
7093;Vila Flor;RN;Estadual;19;478.35;488.43;452.68;457.32;450.53;465.46
7094;Logradouro;PB;Estadual;20;478.5;485.39;437.54;432.9;493.0;465.46
7095;Santo Antônio do Itambé;MG;Estadual;25;493.04;487.06;462.13;447.49;437.6;465.46
7096;Igrapiúna;BA;Estadual;57;472.78;488.16;443.32;442.29;480.7;465.45
7097;Vera Cruz;RN;Estadual;67;491.84;483.76;448.09;438.1;465.37;465.43
7098;Francisco Dantas;RN;Estadual;8;465.19;490.36;444.75;414.3;512.5;465.42
7099;Campo Belo do Sul;SC;Municipal;12;481.72;484.7;425.7;446.58;488.33;465.41
7100;Ingazeira;PE;Estadual;18;474.98;470.01;434.94;457.04;490.0;465.4
7101;Pedrão;BA;Estadual;26;482.35;495.89;451.19;429.89;467.69;465.4
7102;Barra do Rocha;BA;Estadual;27;480.06;475.28;440.9;445.56;485.19;465.4
7103;Baião;PA;Estadual;170;468.72;478.11;445.14;436.41;498.59;465.39
7104;Cortês;PE;Estadual;71;479.57;483.1;450.99;433.8;479.44;465.38
7105;Croatá;CE;Estadual;161;479.03;487.24;450.96;437.36;472.17;465.35
7106;Januária;MG;Estadual;391;486.95;492.2;438.42;435.69;473.45;465.34
7107;Mimoso de Goiás;GO;Estadual;17;481.76;479.94;432.56;447.69;484.71;465.33
7108;São João dos Patos;MA;Estadual;227;481.8;483.62;448.01;441.67;471.54;465.33
7109;Belém;PB;Estadual;67;476.55;491.21;433.64;420.72;504.48;465.32
7110;Major Isidoro;AL;Estadual;57;474.96;476.51;439.82;437.36;497.89;465.31
7111;Nova Ubiratã;MT;Estadual;58;482.73;486.11;446.29;453.85;457.59;465.31
7112;Guadalupe;PI;Estadual;44;480.86;499.65;449.02;433.28;463.64;465.29
7113;Sussuapara;PI;Estadual;56;477.81;498.31;446.1;429.24;475.0;465.29
7114;Florestópolis;PR;Estadual;49;482.27;503.79;437.93;446.34;455.92;465.25
7115;Mathias Lobato;MG;Estadual;13;481.92;478.59;422.92;448.9;493.85;465.23
7116;Caracol;PI;Estadual;45;482.54;475.44;452.03;453.92;462.22;465.23
7117;Itaporanga d'Ajuda;SE;Estadual;159;466.28;490.36;455.03;428.52;485.79;465.2
7118;Comodoro;MT;Municipal;3;470.43;514.1;420.77;434.0;486.67;465.19
7119;São José de Mipibu;RN;Estadual;113;480.25;491.68;442.69;445.11;466.19;465.19
7120;Novo Alegre;TO;Estadual;11;486.06;480.26;438.92;404.27;516.36;465.18
7121;Paracambi;RJ;Municipal;17;477.01;490.05;445.88;414.13;498.82;465.18
7122;Antônio João;MS;Estadual;53;472.95;483.21;452.87;448.59;468.3;465.18
7123;Turvelândia;GO;Estadual;29;475.65;484.93;450.23;432.31;482.76;465.18
7124;Montanhas;RN;Estadual;62;483.78;495.2;434.89;432.37;479.68;465.18
7125;Xinguara;PA;Municipal;23;475.14;498.63;429.31;421.08;501.74;465.18
7126;Indaial;SC;Municipal;17;480.76;490.21;445.77;456.18;452.94;465.17
7127;Parauapebas;PA;Municipal;122;485.11;495.23;444.45;443.68;457.38;465.17
7128;Naque;MG;Estadual;42;481.85;487.59;437.18;440.12;479.05;465.16
7129;Conceição do Coité;BA;Municipal;4;473.5;492.4;450.88;413.98;495.0;465.15
7130;Urucará;AM;Estadual;148;467.22;483.15;432.58;438.0;504.73;465.14
7131;Betânia;PE;Estadual;30;488.04;490.94;446.86;446.55;453.33;465.14
7132;Guaratinga;BA;Estadual;47;485.54;490.36;441.27;438.26;470.21;465.13
7133;Gilbués;PI;Estadual;68;472.75;484.15;456.51;441.24;470.88;465.1
7134;Grossos;RN;Estadual;47;472.98;490.26;437.76;436.75;487.66;465.08
7135;Edéia;GO;Municipal;2;507.65;508.95;450.15;488.55;370.0;465.06
7136;Buriti Bravo;MA;Estadual;129;475.13;482.02;448.85;436.42;482.79;465.04
7137;Juruti;PA;Estadual;249;469.47;491.01;447.28;434.69;482.73;465.04
7138;Miravânia;MG;Estadual;19;492.56;500.11;434.68;443.97;453.68;465.0
7139;Mucajaí;RR;Estadual;95;476.54;495.35;440.93;433.44;478.74;465.0
7140;Conceição do Almeida;BA;Estadual;67;472.48;491.8;442.91;421.04;496.72;464.99
7141;Inocência;MS;Estadual;54;475.65;478.86;454.82;439.61;475.93;464.98
7142;Palestina;AL;Estadual;47;473.36;477.0;445.87;434.62;494.04;464.98
7143;Macaíba;RN;Municipal;10;492.04;474.41;444.27;428.04;486.0;464.95
7144;Platina;SP;Estadual;7;489.49;497.37;419.97;452.13;465.71;464.93
7145;Coronel Ezequiel;RN;Estadual;19;490.22;477.86;452.67;416.51;487.37;464.93
7146;Ocara;CE;Estadual;236;478.9;482.91;447.2;439.12;476.44;464.91
7147;Santa Cruz do Arari;PA;Estadual;26;468.93;482.71;425.73;440.08;506.92;464.87
7148;São José de Ribamar;MA;Estadual;651;477.11;490.73;447.33;435.26;473.92;464.87
7149;Nova Santa Bárbara;PR;Estadual;27;484.82;484.39;449.3;456.92;448.89;464.86
7150;Serra do Navio;AP;Estadual;23;477.2;486.3;425.83;421.88;513.04;464.85
7151;Bannach;PA;Estadual;9;460.72;486.53;442.22;450.31;484.44;464.85
7152;São João do Sul;SC;Municipal;8;463.64;491.2;412.96;496.41;460.0;464.84
7153;Lagoa de Pedras;RN;Estadual;39;473.14;487.1;468.34;435.52;460.0;464.82
7154;Fonte Boa;AM;Estadual;109;473.08;477.02;443.65;428.27;502.02;464.81
7155;Tombos;MG;Estadual;42;481.94;483.23;437.43;426.15;495.24;464.8
7156;Pinheiro;MA;Estadual;524;471.22;488.1;440.28;431.14;493.2;464.79
7157;Paragominas;PA;Municipal;18;484.71;501.41;459.88;432.36;445.56;464.78
7158;Lajinha;MG;Municipal;2;480.4;475.35;432.7;395.45;540.0;464.78
7159;Ibicaraí;BA;Estadual;98;470.74;494.73;443.85;438.84;475.71;464.77
7160;Cedro;CE;Estadual;269;476.74;484.18;443.38;442.93;476.51;464.75
7161;Água Fria de Goiás;GO;Estadual;18;483.67;481.96;429.04;423.54;505.56;464.75
7162;Santa Cruz do Xingu;MT;Estadual;9;495.37;490.9;447.16;459.04;431.11;464.72
7163;Manoel Emídio;PI;Estadual;29;476.97;498.93;447.88;446.66;453.1;464.71
7164;Iracema;RR;Estadual;38;483.42;485.24;442.5;419.75;492.63;464.71
7165;Boa Vista do Ramos;AM;Estadual;125;470.74;491.74;436.64;430.82;493.6;464.71
7166;Tangará;RN;Estadual;55;487.92;491.52;445.27;430.36;468.36;464.69
7167;Serra Azul de Minas;MG;Estadual;22;486.98;482.71;431.67;468.29;453.64;464.66
7168;Banzaê;BA;Estadual;61;475.16;494.42;443.11;431.59;479.02;464.66
7169;Água Doce do Maranhão;MA;Estadual;91;470.06;480.73;443.34;444.08;485.05;464.65
7170;Pedro Régis;PB;Estadual;30;496.84;503.99;429.3;430.38;462.67;464.64
7171;Araioses;MA;Estadual;173;477.08;494.39;445.71;427.43;478.38;464.6
7172;Bom Jesus do Norte;ES;Estadual;11;493.83;486.47;435.85;437.75;469.09;464.6
7173;Solidão;PE;Estadual;23;480.04;489.42;429.84;432.28;491.3;464.58
7174;São José da Lapa;MG;Municipal;8;485.6;499.36;438.14;452.21;447.5;464.56
7175;Itapecuru Mirim;MA;Estadual;315;478.57;499.16;441.27;432.9;470.79;464.54
7176;Nossa Senhora de Nazaré;PI;Estadual;23;471.95;488.97;443.87;426.57;491.3;464.53
7177;Palestina de Goiás;GO;Estadual;17;480.47;488.45;466.11;441.71;445.88;464.52
7178;Pio XII;MA;Estadual;164;472.03;488.78;440.04;437.13;484.63;464.52
7179;Franciscópolis;MG;Estadual;31;488.13;491.54;452.57;437.29;452.9;464.49
7180;Iguaí;BA;Estadual;53;482.41;493.37;441.89;435.34;469.43;464.49
7181;Porto Alegre do Norte;MT;Estadual;33;492.03;490.5;453.82;422.97;463.03;464.47
7182;Ibirapuã;BA;Estadual;35;482.3;490.75;454.43;450.18;444.57;464.45
7183;Santa Luzia do Norte;AL;Estadual;49;467.71;484.29;435.63;434.96;499.59;464.44
7184;Pacatuba;SE;Estadual;71;468.62;476.29;450.76;423.57;502.82;464.41
7185;Baía da Traição;PB;Estadual;61;477.51;486.79;452.86;424.9;480.0;464.41
7186;Vila Bela da Santíssima Trindade;MT;Estadual;68;477.27;484.05;446.81;438.58;475.34;464.41
7187;Laranjal do Jari;AP;Estadual;304;475.46;482.33;442.71;438.5;482.89;464.38
7188;Brumadinho;MG;Municipal;12;483.77;501.78;427.02;427.62;481.67;464.37
7189;Santo Antônio do Tauá;PA;Estadual;166;477.55;493.65;445.54;437.26;467.83;464.37
7190;Tasso Fragoso;MA;Estadual;61;458.87;481.37;446.08;431.79;503.61;464.34
7191;Pará de Minas;MG;Municipal;2;482.0;463.55;447.9;388.1;540.0;464.31
7192;Paulistana;PI;Estadual;86;477.84;483.56;443.13;442.75;474.19;464.29
7193;Chapadinha;MA;Estadual;469;473.3;486.39;446.63;431.81;483.33;464.29
7194;Amarante;PI;Estadual;130;472.17;488.2;445.78;437.33;477.85;464.27
7195;Porto Real do Colégio;AL;Estadual;74;479.99;492.78;446.44;429.72;472.43;464.27
7196;Ponte Alta do Tocantins;TO;Estadual;47;475.04;486.7;445.16;444.17;470.21;464.26
7197;Apuí;AM;Estadual;109;482.36;491.69;445.6;437.76;463.67;464.21
7198;Palmeiras;BA;Estadual;37;473.91;492.59;438.86;441.08;474.59;464.21
7199;São João do Piauí;PI;Estadual;103;478.4;488.09;439.31;436.2;479.03;464.21
7200;Santo André;PB;Estadual;24;466.78;474.56;444.09;444.65;490.83;464.18
7201;Vitória do Mearim;MA;Estadual;115;474.06;484.47;441.19;434.37;486.78;464.17
7202;Lagoa;PB;Estadual;19;472.97;480.55;431.78;430.23;505.26;464.16
7203;Mucambo;CE;Estadual;93;478.53;476.27;457.09;437.06;471.83;464.16
7204;Caracaraí;RR;Estadual;33;476.35;481.94;446.94;437.3;478.18;464.14
7205;Marizópolis;PB;Estadual;41;477.58;471.63;437.69;444.79;488.78;464.09
7206;Jati;CE;Estadual;57;478.41;495.29;442.37;452.08;452.28;464.09
7207;Trindade;PE;Estadual;138;471.99;485.34;448.73;444.88;469.42;464.07
7208;Cabeceiras do Piauí;PI;Estadual;87;475.1;490.27;446.8;435.46;472.64;464.06
7209;Bela Vista do Maranhão;MA;Estadual;31;473.96;487.3;446.63;443.3;469.03;464.05
7210;Assaré;CE;Estadual;255;471.71;470.61;441.48;436.02;500.31;464.03
7211;Ipaporanga;CE;Estadual;87;483.74;476.28;446.68;436.34;477.01;464.01
7212;Ouro Velho;PB;Estadual;11;477.95;487.72;433.11;417.62;503.64;464.01
7213;Cuité de Mamanguape;PB;Estadual;41;472.08;495.81;447.92;438.75;465.37;463.99
7214;Barra D'Alcântara;PI;Estadual;33;484.23;472.23;459.55;423.23;480.61;463.97
7215;Salmourão;SP;Estadual;20;491.09;485.24;447.26;422.22;474.0;463.96
7216;Miracatu;SP;Municipal;1;479.3;488.0;427.1;445.4;480.0;463.96
7217;Cuitegi;PB;Estadual;35;474.57;494.62;444.12;427.35;478.86;463.9
7218;Magalhães Barata;PA;Estadual;35;468.41;496.6;461.51;436.76;456.0;463.85
7219;Mulungu do Morro;BA;Estadual;57;479.2;491.66;430.12;437.54;480.7;463.84
7220;Rosana;SP;Municipal;1;464.9;527.9;497.2;389.1;440.0;463.82
7221;Viseu;PA;Estadual;84;473.49;483.36;443.27;433.72;485.24;463.82
7222;Cruzmaltina;PR;Estadual;13;454.91;488.13;459.85;430.06;486.15;463.82
7223;Lago dos Rodrigues;MA;Estadual;93;471.54;479.75;444.74;435.26;487.74;463.81
7224;Fraiburgo;SC;Municipal;9;475.49;481.53;435.99;414.87;511.11;463.8
7225;Cruz do Espírito Santo;PB;Estadual;25;472.86;483.88;428.26;433.84;500.0;463.77
7226;Coronel João Sá;BA;Estadual;101;465.02;485.56;443.22;440.43;484.55;463.76
7227;Coari;AM;Estadual;566;475.33;487.42;442.27;430.75;482.83;463.72
7228;Pedras de Fogo;PB;Estadual;71;483.24;490.65;444.92;429.31;470.42;463.71
7229;Bom Jesus do Araguaia;MT;Estadual;19;499.03;485.69;433.61;430.67;469.47;463.69
7230;Ribas do Rio Pardo;MS;Privada;4;458.68;487.9;466.85;435.02;470.0;463.69
7231;Pindoretama;CE;Estadual;169;473.58;488.23;442.59;434.57;479.41;463.68
7232;Jeremoabo;BA;Estadual;145;476.94;488.49;438.7;433.83;480.41;463.68
7233;Barra Bonita;SP;Municipal;11;505.03;495.23;426.6;433.3;458.18;463.67
7234;São Desidério;BA;Municipal;21;478.88;475.45;439.21;448.64;476.19;463.67
7235;Conde;PB;Estadual;108;484.52;485.36;443.75;432.25;472.41;463.66
7236;Lucena;PB;Estadual;39;470.83;484.52;449.32;430.01;483.59;463.65
7237;Poço de José de Moura;PB;Estadual;34;479.89;493.37;437.07;421.98;485.88;463.64
7238;Rurópolis;PA;Municipal;36;474.4;480.84;436.81;441.1;485.0;463.63
7239;Santa Inês;MA;Municipal;4;465.1;482.75;478.95;441.25;450.0;463.61
7240;São Bento do Tocantins;TO;Estadual;25;478.96;475.54;436.7;448.36;478.4;463.59
7241;Placas;PA;Privada;1;507.9;462.4;468.2;539.4;340.0;463.58
7242;Santa Tereza do Tocantins;TO;Estadual;28;477.83;483.82;442.62;434.96;478.57;463.56
7243;Duas Estradas;PB;Estadual;15;501.45;477.09;436.09;420.47;482.67;463.55
7244;Palmeiras do Tocantins;TO;Estadual;39;463.73;492.53;440.6;435.23;485.64;463.55
7245;Buíque;PE;Estadual;152;483.55;488.64;452.78;443.4;449.34;463.54
7246;Araguatins;TO;Estadual;212;483.36;488.25;440.79;433.88;471.42;463.54
7247;Bujaru;PA;Estadual;141;474.64;486.86;439.49;439.06;477.59;463.53
7248;Jacundá;PA;Estadual;184;479.35;497.05;439.05;439.59;462.39;463.49
7249;São José do Norte;RS;Municipal;1;428.6;517.7;451.2;399.9;520.0;463.48
7250;Campestre do Maranhão;MA;Estadual;116;476.9;482.0;438.42;433.53;486.38;463.45
7251;Imaculada;PB;Estadual;30;471.87;493.34;428.3;435.01;488.67;463.44
7252;Abelardo Luz;SC;Municipal;1;567.6;560.3;446.3;343.0;400.0;463.44
7253;Anadia;AL;Estadual;89;474.58;478.26;439.34;430.47;494.38;463.41
7254;Umbaúba;SE;Municipal;6;476.12;521.42;430.32;449.2;440.0;463.41
7255;Boa Vista do Tupim;BA;Estadual;51;477.59;493.62;439.28;431.98;474.51;463.4
7256;Borba;AM;Municipal;38;474.47;481.96;439.91;427.48;493.16;463.4
7257;Pedra;PE;Estadual;54;490.51;478.73;431.28;439.7;476.67;463.38
7258;Oiapoque;AP;Privada;2;471.15;532.1;481.8;421.75;410.0;463.36
7259;São Domingos do Maranhão;MA;Estadual;248;476.81;484.57;442.57;441.26;471.53;463.35
7260;Oeiras do Pará;PA;Estadual;175;470.22;484.84;443.22;440.99;477.37;463.33
7261;São Pedro da Água Branca;MA;Estadual;25;480.75;494.45;437.94;439.48;464.0;463.32
7262;Santana do Mundaú;AL;Estadual;89;473.27;488.5;440.97;424.4;489.44;463.32
7263;Alto do Rodrigues;RN;Estadual;57;486.68;472.42;447.56;447.5;462.46;463.32
7264;Patis;MG;Estadual;17;487.09;503.21;433.76;433.65;458.82;463.31
7265;Coivaras;PI;Estadual;29;472.91;483.76;448.71;442.22;468.97;463.31
7266;Nova Olinda do Norte;AM;Estadual;142;472.96;484.46;430.32;426.84;501.97;463.31
7267;Axixá do Tocantins;TO;Municipal;1;550.0;441.8;481.5;423.2;420.0;463.3
7268;Lagoinha do Piauí;PI;Estadual;34;476.35;489.28;457.76;448.42;444.71;463.3
7269;Olho d'Água das Flores;AL;Estadual;105;481.62;475.41;437.26;421.4;500.76;463.29
7270;Colombo;PR;Municipal;3;503.33;521.53;463.53;427.83;400.0;463.25
7271;Matias Olímpio;PI;Estadual;33;476.09;476.01;451.74;423.12;489.09;463.21
7272;Ortigueira;PR;Municipal;11;466.7;483.87;450.14;449.8;465.45;463.19
7273;Pilão Arcado;BA;Estadual;61;475.06;488.04;437.57;455.81;459.34;463.17
7274;Serranópolis de Minas;MG;Estadual;18;491.83;500.23;449.14;440.22;434.44;463.17
7275;Morrinhos;CE;Estadual;210;471.57;480.18;452.32;435.92;475.81;463.16
7276;Denise;MT;Estadual;72;476.21;492.0;431.12;439.92;476.39;463.13
7277;Capão do Cipó;RS;Estadual;10;486.37;504.04;454.51;422.75;448.0;463.13
7278;São Braz do Piauí;PI;Estadual;17;484.09;479.96;435.59;458.28;457.65;463.11
7279;Sossêgo;PB;Estadual;22;486.7;478.85;439.62;457.6;452.73;463.1
7280;Missão Velha;CE;Estadual;303;471.87;482.08;451.8;437.28;472.41;463.09
7281;Mataraca;PB;Estadual;40;475.52;485.81;453.38;450.73;450.0;463.09
7282;Coqueiro Seco;AL;Estadual;20;474.16;487.65;459.07;447.5;447.0;463.08
7283;Augusto Severo;RN;Estadual;36;466.78;493.99;440.84;441.01;472.78;463.08
7284;Feira Nova;SE;Estadual;50;466.41;503.72;440.03;440.83;464.4;463.08
7285;Dois Riachos;AL;Estadual;33;470.33;490.92;430.57;450.8;472.73;463.07
7286;Arari;MA;Municipal;2;533.65;455.95;421.3;434.45;470.0;463.07
7287;São Raimundo das Mangabeiras;MA;Estadual;138;473.17;481.04;447.62;438.85;474.64;463.06
7288;Camboriú;SC;Municipal;11;510.81;484.47;431.05;443.45;445.45;463.05
7289;Xexéu;PE;Estadual;67;490.54;485.03;445.73;430.95;462.99;463.05
7290;Acopiara;CE;Municipal;3;443.47;436.23;429.7;498.93;506.67;463.0
7291;Rio Maria;PA;Municipal;7;470.6;461.9;426.84;444.14;511.43;462.98
7292;Araçu;GO;Municipal;3;513.13;499.77;423.03;425.5;453.33;462.95
7293;Pau Brasil;BA;Estadual;56;483.95;496.14;436.29;433.72;464.64;462.95
7294;Cachoeirinha;TO;Estadual;16;479.54;483.94;442.24;437.69;471.25;462.93
7295;Fortaleza do Tabocão;TO;Estadual;34;475.3;483.19;446.03;429.49;480.59;462.92
7296;Turiúba;SP;Estadual;7;504.9;462.67;454.7;489.49;402.86;462.92
7297;Nazário;GO;Estadual;45;491.66;489.44;452.95;448.49;432.0;462.91
7298;Cachoeira;BA;Estadual;153;469.33;493.65;438.97;436.81;475.82;462.91
7299;Dois Irmãos do Buriti;MS;Estadual;69;481.32;484.93;444.42;455.46;448.41;462.91
7300;Arinos;MG;Estadual;53;480.11;497.29;445.8;435.04;456.23;462.89
7301;Massaranduba;PB;Municipal;11;471.46;487.88;425.46;440.44;489.09;462.87
7302;São Carlos;SC;Privada;1;558.3;514.6;466.0;415.4;360.0;462.86
7303;Barra do Corda;MA;Estadual;468;478.52;487.92;441.81;437.53;468.5;462.86
7304;Acauã;PI;Estadual;22;463.19;473.93;444.68;441.56;490.91;462.85
7305;Rio Quente;GO;Estadual;20;482.66;479.5;427.24;450.82;474.0;462.85
7306;Curaçá;BA;Estadual;167;481.44;491.07;441.57;433.43;466.59;462.82
7307;Pilar;AL;Estadual;120;476.77;488.43;442.12;423.92;482.68;462.78
7308;Água Fria;BA;Estadual;41;472.67;487.79;435.22;424.0;494.15;462.77
7309;Altaneira;CE;Estadual;47;475.89;479.39;439.6;436.79;482.13;462.76
7310;Santo Antônio dos Lopes;MA;Estadual;63;470.99;478.11;454.34;433.67;476.51;462.73
7311;Miraguaí;RS;Estadual;44;483.44;489.31;444.02;442.74;454.09;462.72
7312;Ilha das Flores;SE;Estadual;49;474.87;489.99;433.63;439.61;475.51;462.72
7313;Tucuruí;PA;Municipal;28;490.82;500.94;442.14;424.59;455.0;462.7
7314;Xambioá;TO;Estadual;94;480.03;494.42;450.26;436.35;452.34;462.68
7315;Colares;PA;Estadual;98;474.71;490.75;443.84;431.01;473.06;462.68
7316;Jacundá;PA;Municipal;34;489.14;494.54;436.21;437.57;455.88;462.67
7317;Santa Rita do Novo Destino;GO;Estadual;25;496.83;491.94;438.05;421.52;464.96;462.66
7318;Jangada;MT;Estadual;84;470.28;475.46;437.93;436.72;492.86;462.65
7319;Anajatuba;MA;Estadual;116;477.45;485.46;444.66;440.78;464.83;462.64
7320;Ceará-Mirim;RN;Estadual;252;480.9;489.73;442.89;438.28;461.19;462.6
7321;Vitória do Xingu;PA;Municipal;9;516.6;480.74;440.51;426.22;448.89;462.59
7322;São Miguel do Gostoso;RN;Estadual;24;486.74;493.26;430.92;441.13;460.83;462.58
7323;Governador Eugênio Barros;MA;Estadual;90;459.78;465.03;452.41;443.43;492.22;462.58
7324;Boa Hora;PI;Estadual;73;466.16;480.79;452.2;449.85;463.84;462.57
7325;Rio Grande;RS;Municipal;1;527.6;416.6;493.1;455.5;420.0;462.56
7326;Pindaré-Mirim;MA;Estadual;198;473.55;485.06;446.88;432.93;474.34;462.55
7327;Morpará;BA;Municipal;18;467.0;481.89;428.72;398.35;536.67;462.52
7328;Rio Negro;MS;Estadual;26;475.94;498.05;450.9;427.62;460.0;462.5
7329;Elesbão Veloso;PI;Estadual;71;472.33;484.19;439.59;438.09;478.31;462.5
7330;Lamarão;BA;Estadual;28;477.79;483.52;435.14;445.81;470.0;462.45
7331;Barro Preto;BA;Estadual;28;476.54;480.61;440.61;423.79;490.71;462.45
7332;Aguiar;PB;Estadual;38;463.71;467.89;449.23;432.3;498.95;462.41
7333;Presidente Juscelino;MA;Estadual;97;467.63;480.93;439.1;427.45;496.91;462.4
7334;Bonito;PA;Estadual;71;471.51;484.78;435.02;426.22;494.37;462.38
7335;Casa Nova;BA;Estadual;249;480.61;493.11;444.26;431.51;462.33;462.37
7336;Colinas do Sul;GO;Estadual;30;481.41;492.57;440.08;441.8;456.0;462.37
7337;Mazagão;AP;Privada;26;451.88;474.14;436.47;434.72;514.62;462.36
7338;São Pedro do Piauí;PI;Estadual;85;479.61;480.69;445.4;444.46;461.65;462.36
7339;Coronel Domingos Soares;PR;Estadual;38;482.83;490.32;442.53;432.98;463.16;462.36
7340;Água Preta;PE;Estadual;180;481.26;484.63;438.09;433.32;474.44;462.35
7341;Pirapemas;MA;Estadual;80;466.71;475.97;433.66;433.4;502.0;462.35
7342;Pinhal de São Bento;PR;Estadual;18;479.62;473.39;456.11;435.88;466.67;462.33
7343;Riolândia;SP;Estadual;39;480.26;469.89;427.4;470.48;463.59;462.32
7344;Santa Inês;PR;Estadual;15;479.57;475.61;439.03;434.73;482.67;462.32
7345;Marcolândia;PI;Estadual;49;482.13;478.65;437.66;433.95;479.18;462.31
7346;Normandia;RR;Estadual;26;458.99;491.13;436.82;424.56;500.0;462.3
7347;Andorinha;BA;Estadual;44;468.76;481.26;426.82;434.18;500.45;462.3
7348;Nova Santa Rita;PI;Estadual;31;476.31;486.2;430.93;428.12;489.68;462.25
7349;Nova Olinda;PB;Estadual;49;460.25;490.7;448.18;424.24;487.76;462.23
7350;Nazaré;BA;Estadual;118;473.82;491.26;441.7;437.36;466.78;462.18
7351;Campinas do Piauí;PI;Estadual;27;486.52;480.28;437.62;448.66;457.78;462.17
7352;Malta;PB;Municipal;1;466.3;492.0;449.7;402.8;500.0;462.16
7353;Autazes;AM;Estadual;174;472.65;480.0;438.88;436.8;482.18;462.1
7354;Barão de Melgaço;MT;Estadual;30;478.16;489.07;431.25;432.64;479.33;462.09
7355;Uirapuru;GO;Estadual;19;494.38;490.34;436.18;439.96;449.47;462.07
7356;Governador Eugênio Barros;MA;Municipal;14;480.17;507.01;436.15;402.71;484.29;462.07
7357;Barra de Guabiraba;PE;Estadual;68;483.14;482.97;439.2;423.54;481.47;462.06
7358;Caridade do Piauí;PI;Estadual;10;489.74;454.84;430.86;430.74;504.0;462.04
7359;Morro do Chapéu do Piauí;PI;Estadual;21;481.63;486.92;448.3;437.1;456.19;462.03
7360;Joaquim Gomes;AL;Estadual;66;474.3;487.31;436.08;420.8;491.52;462.0
7361;Estrela de Alagoas;AL;Estadual;51;474.94;479.59;435.94;439.73;479.61;461.96
7362;Oliveira dos Brejinhos;BA;Estadual;68;460.94;480.64;443.3;442.14;482.66;461.94
7363;Cerrito;RS;Municipal;3;463.17;478.87;455.73;405.23;506.67;461.93
7364;Grão Pará;SC;Privada;7;437.33;477.21;497.21;429.21;468.57;461.91
7365;Tuntum;MA;Estadual;209;480.45;489.73;446.86;432.92;459.43;461.88
7366;São Miguel de Taipu;PB;Estadual;29;476.1;480.93;449.48;444.2;458.62;461.87
7367;Conceição;PB;Estadual;94;464.8;476.03;443.29;447.87;477.23;461.84
7368;Itamari;BA;Estadual;38;471.68;490.83;434.95;417.95;493.68;461.82
7369;Santo Antônio do Paraíso;PR;Estadual;16;483.76;480.96;447.26;429.6;467.5;461.82
7370;Ruy Barbosa;BA;Estadual;95;478.47;487.17;447.76;426.61;468.84;461.77
7371;Mambaí;GO;Estadual;50;482.42;483.22;440.72;430.48;472.0;461.77
7372;Paranapoema;PR;Estadual;15;494.63;481.69;422.45;440.71;469.33;461.76
7373;Campo Grande do Piauí;PI;Estadual;39;468.09;476.96;448.78;432.85;482.05;461.75
7374;São Miguel do Tocantins;TO;Estadual;61;468.41;483.02;438.95;446.55;471.8;461.75
7375;São Domingos;GO;Estadual;69;487.17;485.5;438.06;442.29;455.65;461.74
7376;Muaná;PA;Estadual;150;468.96;485.02;444.58;438.48;471.6;461.73
7377;Sigefredo Pacheco;PI;Estadual;48;474.92;482.04;440.98;445.67;465.0;461.72
7378;Cajari;MA;Estadual;68;460.23;485.81;438.9;444.65;478.82;461.68
7379;Riacho Frio;PI;Estadual;13;467.48;465.3;442.52;432.89;500.0;461.64
7380;Anapu;PA;Estadual;86;473.55;489.88;438.36;433.96;472.33;461.61
7381;Urutaí;GO;Estadual;22;478.72;489.6;448.45;444.9;446.36;461.61
7382;Arauá;SE;Estadual;73;462.75;459.28;434.26;444.8;506.85;461.59
7383;São Francisco de Goiás;GO;Estadual;55;490.52;492.65;441.27;439.48;444.0;461.59
7384;Ninheira;MG;Estadual;43;489.97;485.34;440.7;440.19;451.63;461.57
7385;Aveiro;PA;Municipal;6;468.78;454.25;433.75;457.67;493.33;461.56
7386;São Roberto;MA;Estadual;25;468.62;481.34;454.26;441.2;462.4;461.56
7387;Campestre;AL;Estadual;17;487.98;474.09;428.6;434.7;482.35;461.54
7388;São João do Arraial;PI;Estadual;65;475.84;484.53;454.21;424.82;468.31;461.54
7389;Matriz de Camaragibe;AL;Estadual;96;475.03;480.62;437.26;431.76;482.92;461.52
7390;Santana do Matos;RN;Estadual;48;483.65;468.89;448.16;441.88;465.0;461.52
7391;Rosário Oeste;MT;Estadual;128;472.64;484.31;439.91;447.57;462.97;461.48
7392;Serrinha;BA;Municipal;4;500.65;464.72;430.82;461.22;450.0;461.48
7393;Santa Brígida;BA;Estadual;60;474.44;481.58;444.22;426.11;481.0;461.47
7394;Mãe do Rio;PA;Municipal;4;465.6;464.8;452.8;424.1;500.0;461.46
7395;Presidente Tancredo Neves;BA;Privada;4;459.38;472.88;438.6;401.42;535.0;461.45
7396;Arapoema;TO;Estadual;26;487.39;491.46;428.18;416.3;483.85;461.44
7397;Monte Santo;BA;Municipal;6;468.52;451.72;438.35;451.88;496.67;461.43
7398;Senador Elói de Souza;RN;Estadual;17;474.95;466.48;439.44;441.51;484.71;461.42
7399;Barro Alto;GO;Privada;3;508.07;474.17;456.07;482.07;386.67;461.41
7400;Erval Seco;RS;Estadual;34;477.71;468.78;439.92;444.13;476.47;461.4
7401;Conceição do Araguaia;PA;Estadual;364;474.99;486.93;444.3;437.39;463.41;461.4
7402;Pauini;AM;Estadual;63;477.54;482.46;447.05;426.75;473.02;461.36
7403;São João da Baliza;RR;Estadual;47;471.32;471.39;447.16;430.94;485.96;461.35
7404;Itaubal;AP;Estadual;42;454.16;478.18;431.03;434.67;508.57;461.32
7405;São Domingos do Capim;PA;Estadual;142;477.31;487.81;450.16;439.09;452.25;461.32
7406;Itaguajé;PR;Estadual;23;467.04;469.95;444.44;448.54;476.52;461.3
7407;Divinópolis de Goiás;GO;Estadual;39;486.29;481.21;429.64;425.23;484.1;461.29
7408;São Mateus do Maranhão;MA;Estadual;130;471.32;484.86;443.25;434.48;472.51;461.28
7409;Cardeal da Silva;BA;Estadual;59;480.94;492.14;444.11;438.29;450.85;461.27
7410;Murici;AL;Estadual;116;474.71;483.48;443.63;432.17;472.24;461.25
7411;Vitória do Jari;AP;Estadual;84;464.71;480.48;434.61;445.38;480.95;461.23
7412;Jampruca;MG;Estadual;20;481.02;489.65;444.86;435.56;455.0;461.22
7413;Camacan;BA;Municipal;2;484.25;449.05;430.65;452.15;490.0;461.22
7414;Santa Luzia;MA;Estadual;282;476.18;482.13;444.52;438.94;463.99;461.15
7415;Piancó;PB;Estadual;70;472.83;472.12;436.74;435.46;488.57;461.14
7416;Buritirama;BA;Estadual;79;476.64;493.96;444.92;425.45;464.3;461.06
7417;Brejo Grande do Araguaia;PA;Estadual;33;471.59;466.2;436.78;448.91;481.82;461.06
7418;Cajazeiras do Piauí;PI;Estadual;28;481.59;478.42;459.04;426.2;460.0;461.05
7419;Mar Vermelho;AL;Estadual;29;471.1;482.31;443.23;418.22;490.34;461.04
7420;Castanhal;PA;Municipal;28;474.07;485.82;440.08;447.95;457.14;461.01
7421;Concórdia do Pará;PA;Estadual;187;480.73;487.39;437.01;427.08;472.73;460.99
7422;Tucano;BA;Municipal;1;504.5;411.3;473.3;415.8;500.0;460.98
7423;Abel Figueiredo;PA;Estadual;38;476.03;473.19;431.21;443.3;481.05;460.96
7424;Nova União;RO;Estadual;43;485.23;482.06;452.57;442.64;442.33;460.96
7425;Ferreira Gomes;AP;Estadual;49;483.86;487.99;441.52;433.84;457.55;460.95
7426;Amarante do Maranhão;MA;Municipal;18;466.27;484.2;439.88;426.58;487.78;460.94
7427;Natividade;TO;Estadual;73;472.98;487.28;441.96;430.43;472.05;460.94
7428;Tururu;CE;Estadual;187;477.66;475.83;449.88;433.93;467.38;460.94
7429;Coronel Murta;MG;Estadual;51;480.01;493.82;444.99;415.84;469.8;460.89
7430;Magalhães de Almeida;MA;Estadual;100;468.47;487.21;433.97;429.21;485.6;460.89
7431;Anapurus;MA;Estadual;77;470.01;482.02;440.13;429.46;482.6;460.84
7432;Capela;AL;Estadual;82;470.8;469.08;439.1;427.8;497.32;460.82
7433;Ielmo Marinho;RN;Estadual;33;470.82;476.81;442.47;438.83;475.15;460.82
7434;Ipuã;SP;Estadual;66;490.33;480.46;439.46;439.03;454.85;460.82
7435;Padre Paraíso;MG;Municipal;1;367.6;469.7;414.5;492.2;560.0;460.8
7436;Satuba;AL;Estadual;44;475.88;476.1;443.96;418.0;490.0;460.79
7437;Alagoinha;PB;Estadual;81;472.61;483.55;443.01;426.23;478.52;460.78
7438;Santa Quitéria;CE;Municipal;6;464.6;494.8;432.45;418.7;493.33;460.78
7439;Rondonópolis;MT;Municipal;1;431.8;421.5;458.8;431.8;560.0;460.78
7440;Olho-d'Água do Borges;RN;Estadual;44;476.83;478.72;439.94;433.27;475.0;460.75
7441;Raposa;MA;Estadual;184;470.3;490.13;444.88;434.12;464.22;460.73
7442;Umburanas;BA;Estadual;44;471.76;480.06;428.79;428.51;494.55;460.73
7443;Aparecida do Rio Negro;TO;Estadual;43;463.97;481.17;434.71;422.35;501.4;460.72
7444;Padre Marcos;PI;Estadual;36;464.3;479.8;444.56;435.51;479.44;460.72
7445;Rio Grande do Piauí;PI;Estadual;16;461.43;488.58;458.79;442.27;452.5;460.71
7446;Ubatã;BA;Estadual;65;474.35;497.65;440.87;429.1;461.54;460.7
7447;Santo Antônio do Leverger;MT;Estadual;97;467.41;489.91;438.5;432.55;475.05;460.69
7448;Milhã;CE;Estadual;137;478.91;478.41;451.84;444.24;450.07;460.69
7449;Tesouro;MT;Estadual;14;466.89;473.96;442.89;472.54;447.14;460.68
7450;Anapurus;MA;Municipal;1;494.9;496.9;385.9;445.6;480.0;460.66
7451;Olho d'Água do Casado;AL;Estadual;36;468.42;468.1;426.16;438.3;502.22;460.64
7452;Monte Alegre;RN;Estadual;66;482.58;483.11;435.63;436.74;465.15;460.64
7453;Sampaio;TO;Estadual;32;477.43;472.81;442.91;451.32;458.75;460.64
7454;Ourolândia;BA;Estadual;56;482.62;482.85;435.58;422.63;479.29;460.59
7455;Sorriso;MT;Municipal;4;482.1;501.55;459.9;439.32;420.0;460.58
7456;Axixá do Tocantins;TO;Estadual;73;464.39;474.11;437.61;444.85;481.92;460.57
7457;Lagoa Nova;RN;Estadual;80;478.39;476.78;437.79;437.29;472.5;460.55
7458;Pugmil;TO;Estadual;26;480.48;472.95;434.14;460.49;454.62;460.54
7459;Luciara;MT;Estadual;15;462.76;496.0;445.77;428.83;469.33;460.54
7460;Poconé;MT;Estadual;180;476.26;494.47;441.67;432.63;457.67;460.54
7461;Governador Nunes Freire;MA;Estadual;100;477.64;484.55;441.99;437.89;460.6;460.53
7462;Pedro do Rosário;MA;Estadual;66;473.21;491.33;435.5;426.23;476.36;460.53
7463;Itaú;RN;Estadual;28;464.67;489.64;436.54;408.2;503.57;460.52
7464;Lago da Pedra;MA;Municipal;2;477.15;446.15;452.45;456.85;470.0;460.52
7465;Cristino Castro;PI;Estadual;75;466.0;485.97;442.06;432.28;476.27;460.52
7466;Bugre;MG;Estadual;5;510.82;494.92;444.78;407.92;444.0;460.49
7467;Acará;PA;Municipal;18;488.46;483.03;440.0;412.03;478.89;460.48
7468;Cantá;RR;Estadual;56;477.92;479.14;435.04;429.47;480.71;460.46
7469;Ribeira do Amparo;BA;Estadual;49;475.84;486.19;441.2;444.35;454.69;460.46
7470;Barreirinha;AM;Estadual;209;468.95;483.26;440.4;429.25;480.29;460.43
7471;Capitão de Campos;PI;Estadual;137;468.42;484.14;450.82;440.98;457.81;460.43
7472;Catolândia;BA;Estadual;20;459.31;484.36;444.37;452.1;462.0;460.43
7473;Itamarati;AM;Estadual;50;461.25;472.19;445.54;440.71;482.4;460.42
7474;Jaicós;PI;Estadual;67;480.93;489.34;434.57;433.05;464.18;460.42
7475;Igarapé Grande;MA;Estadual;77;469.29;472.13;446.71;438.85;475.06;460.41
7476;Ribeirão das Neves;MG;Municipal;2;526.45;491.2;406.05;408.3;470.0;460.4
7477;Ipixuna;AM;Estadual;57;467.05;479.95;429.69;428.1;497.19;460.4
7478;Jacareacanga;PA;Estadual;23;474.45;484.18;437.67;436.0;469.57;460.37
7479;Lagoa do Sítio;PI;Estadual;31;477.45;476.97;446.04;456.21;445.16;460.37
7480;Melgaço;PA;Estadual;100;469.41;491.91;439.45;427.78;473.2;460.35
7481;Gameleiras;MG;Estadual;31;469.29;479.81;443.0;425.04;484.52;460.33
7482;Ararendá;CE;Estadual;98;466.82;476.57;447.25;429.55;481.43;460.32
7483;Montividiu do Norte;GO;Estadual;35;498.3;477.71;444.96;438.03;442.29;460.26
7484;Araguainha;MT;Estadual;5;487.28;476.7;451.68;433.58;452.0;460.25
7485;Sagres;SP;Estadual;8;499.66;470.08;409.89;446.58;475.0;460.24
7486;Japurá;AM;Estadual;39;476.59;487.21;443.66;442.42;451.28;460.23
7487;Ipixuna do Pará;PA;Municipal;10;472.65;490.96;445.13;472.35;420.0;460.22
7488;Alto Alegre;RR;Estadual;99;463.33;472.47;446.47;441.39;477.37;460.21
7489;Macapá;AP;Municipal;1;485.3;501.8;449.4;444.4;420.0;460.18
7490;Maragogi;AL;Estadual;40;473.28;473.94;432.71;443.9;477.0;460.17
7491;Limoeiro do Ajuru;PA;Estadual;181;468.56;481.24;448.74;434.09;468.18;460.16
7492;Colniza;MT;Estadual;82;470.67;487.88;440.24;443.73;458.29;460.16
7493;Bom Jesus do Tocantins;PA;Municipal;5;498.52;452.68;433.7;455.84;460.0;460.15
7494;São Félix de Minas;MG;Estadual;26;478.65;478.78;453.42;442.91;446.92;460.14
7495;São Felipe;BA;Estadual;109;466.16;487.77;441.89;438.24;466.61;460.13
7496;Francisco Morato;SP;Municipal;2;488.2;537.0;425.1;380.3;470.0;460.12
7497;Castelândia;GO;Estadual;20;497.22;497.36;432.3;426.72;447.0;460.12
7498;Brejo da Madre de Deus;PE;Municipal;1;524.8;502.8;388.1;384.9;500.0;460.12
7499;Nhamundá;AM;Estadual;183;462.13;476.36;441.29;426.49;494.32;460.12
7500;Nova Marilândia;MT;Estadual;26;464.55;488.38;449.36;463.66;434.62;460.11
7501;Bagre;PA;Estadual;129;465.67;483.24;433.18;422.31;496.12;460.1
7502;Nhamundá;AM;Municipal;1;391.5;396.9;408.5;583.5;520.0;460.08
7503;Coronel Pacheco;MG;Municipal;1;456.8;522.5;440.4;380.6;500.0;460.06
7504;Curuá;PA;Estadual;67;474.83;491.1;438.15;431.44;464.78;460.06
7505;Eirunepé;AM;Municipal;1;501.8;361.8;422.0;454.7;560.0;460.06
7506;Prainha;PA;Estadual;150;467.92;478.95;447.37;436.31;469.73;460.06
7507;Itaquitinga;PE;Estadual;94;477.23;476.52;444.89;434.48;467.12;460.05
7508;Mauriti;CE;Estadual;584;471.83;478.92;446.38;445.56;457.51;460.04
7509;Flexeiras;AL;Municipal;21;505.11;485.12;438.64;427.44;443.81;460.03
7510;Dirce Reis;SP;Estadual;7;479.1;492.23;417.11;423.11;488.57;460.03
7511;São Pedro do Suaçuí;MG;Estadual;49;487.75;479.16;427.94;425.86;479.39;460.02
7512;Olinda Nova do Maranhão;MA;Estadual;72;466.26;467.92;438.57;433.64;493.61;460.0
7513;Colônia do Piauí;PI;Estadual;65;470.86;479.69;449.58;425.65;474.15;459.99
7514;Santa Fé do Araguaia;TO;Estadual;49;471.72;486.37;432.32;447.48;462.04;459.99
7515;Pão de Açúcar;AL;Estadual;164;462.5;480.03;441.62;437.64;478.05;459.97
7516;Governador Jorge Teixeira;RO;Estadual;49;478.22;486.22;449.76;441.48;444.08;459.95
7517;Itiúba;BA;Estadual;93;464.11;492.38;439.67;429.71;473.76;459.93
7518;Poá;SP;Municipal;2;526.8;493.65;440.15;419.0;420.0;459.92
7519;Cocalzinho de Goiás;GO;Municipal;1;512.5;474.2;446.1;366.7;500.0;459.9
7520;Olho d'Água das Cunhãs;MA;Estadual;97;473.36;478.47;437.53;435.23;474.85;459.89
7521;Goiatins;TO;Estadual;30;477.29;494.59;431.29;452.9;443.33;459.88
7522;Cabo de Santo Agostinho;PE;Municipal;3;483.7;500.8;465.13;403.1;446.67;459.88
7523;Feliz;RS;Municipal;6;463.17;473.03;431.23;491.95;440.0;459.88
7524;Angical do Piauí;PI;Estadual;63;471.29;478.75;449.87;425.99;473.33;459.85
7525;Orocó;PE;Estadual;130;482.3;474.86;441.56;433.26;467.08;459.81
7526;Ponto Chique;MG;Estadual;24;465.58;489.53;436.59;459.01;448.33;459.81
7527;Marapanim;PA;Estadual;92;468.07;479.97;440.79;434.57;475.65;459.81
7528;Pilões;PB;Estadual;61;467.44;477.88;440.76;446.66;466.23;459.8
7529;Peixe-Boi;PA;Municipal;14;465.14;494.8;433.03;448.89;457.14;459.8
7530;Morpará;BA;Estadual;14;470.96;479.54;424.4;446.94;477.14;459.8
7531;Solânea;PB;Municipal;1;406.1;515.7;397.6;519.4;460.0;459.76
7532;Serra Caiada;RN;Estadual;23;475.37;477.81;444.65;437.5;463.48;459.76
7533;Oiapoque;AP;Estadual;211;471.09;481.7;442.44;437.31;466.16;459.74
7534;São Romão;MG;Estadual;52;481.64;488.43;427.75;426.65;474.23;459.74
7535;Alexandria;RN;Municipal;1;470.0;429.1;453.2;426.4;520.0;459.74
7536;Buritinópolis;GO;Estadual;16;467.68;490.76;427.32;451.49;461.25;459.7
7537;Flores do Piauí;PI;Estadual;15;488.41;485.75;426.25;418.07;480.0;459.69
7538;Setubinha;MG;Estadual;58;482.61;470.89;444.44;432.53;467.93;459.68
7539;Campo Redondo;RN;Estadual;33;466.87;503.95;432.56;431.4;463.64;459.68
7540;Itapitanga;BA;Estadual;31;486.04;493.9;430.81;432.77;454.84;459.67
7541;Santa Rita;MA;Estadual;193;476.6;489.77;439.25;428.41;464.25;459.66
7542;Novo Acordo;TO;Estadual;43;470.93;479.44;433.5;438.55;475.81;459.65
7543;Ipiaú;BA;Municipal;12;479.77;482.58;436.08;426.38;473.33;459.63
7544;Barreiras;BA;Municipal;11;468.75;471.52;443.22;416.44;498.18;459.62
7545;Novo Triunfo;BA;Estadual;46;480.03;480.55;427.56;434.19;475.65;459.6
7546;Mucugê;BA;Municipal;4;468.2;494.6;469.12;446.0;420.0;459.58
7547;Anapu;PA;Municipal;8;496.06;473.16;449.15;401.96;477.5;459.57
7548;Poço das Trincheiras;AL;Estadual;16;475.54;492.76;419.12;446.68;463.75;459.57
7549;Araci;BA;Municipal;3;473.13;492.77;436.2;435.6;460.0;459.54
7550;Esperantina;TO;Estadual;64;482.22;482.63;433.94;435.05;463.75;459.52
7551;Tacuru;MS;Estadual;35;473.56;486.29;438.35;450.04;449.14;459.48
7552;Fartura do Piauí;PI;Estadual;29;471.5;469.34;439.61;425.21;491.72;459.48
7553;Bom Jesus;PI;Estadual;237;464.94;481.7;441.41;430.71;478.48;459.45
7554;Jardim de Angicos;RN;Estadual;11;485.66;476.94;424.57;424.63;485.45;459.45
7555;Guarapari;ES;Municipal;1;487.3;486.5;440.8;462.6;420.0;459.44
7556;Igreja Nova;AL;Estadual;69;465.69;481.24;435.97;430.74;483.48;459.42
7557;Santa Cecília do Pavão;PR;Estadual;19;480.14;484.17;454.14;435.49;443.16;459.42
7558;Anori;AM;Estadual;116;473.96;483.29;438.88;431.41;469.48;459.4
7559;Viçosa;RN;Estadual;17;467.08;477.12;431.55;428.33;492.94;459.4
7560;Zé Doca;MA;Estadual;276;473.19;485.45;436.55;437.53;464.22;459.39
7561;Figueirópolis;TO;Estadual;36;480.59;482.13;445.32;441.7;447.22;459.39
7562;Maraial;PE;Estadual;41;486.85;479.28;422.84;430.44;477.56;459.39
7563;Fruta de Leite;MG;Estadual;26;468.57;494.89;433.87;450.1;449.23;459.33
7564;Nova Rosalândia;TO;Estadual;19;456.73;484.33;449.22;435.74;470.53;459.31
7565;Monção;MA;Estadual;96;465.83;488.56;437.6;430.79;473.75;459.3
7566;Alto Alegre do Pindaré;MA;Estadual;149;471.45;480.4;444.81;443.86;455.97;459.3
7567;Abaré;BA;Estadual;97;462.67;482.76;442.65;434.75;473.61;459.29
7568;Serra da Raiz;PB;Estadual;14;475.91;472.08;447.35;420.89;480.0;459.25
7569;São Geraldo do Baixio;MG;Estadual;24;491.33;482.71;437.75;459.42;425.0;459.24
7570;Casinhas;PE;Estadual;41;482.81;487.37;444.27;426.36;455.12;459.19
7571;Verdejante;PE;Estadual;56;467.84;480.05;438.24;446.97;462.86;459.19
7572;Itaituba;PA;Municipal;3;469.73;509.43;440.83;435.93;440.0;459.19
7573;Lima Campos;MA;Estadual;100;470.98;478.28;440.95;437.52;468.2;459.19
7574;Alto Alegre;SP;Estadual;19;492.07;479.23;445.28;458.02;421.05;459.13
7575;Muquém de São Francisco;BA;Estadual;28;476.92;483.4;425.43;452.68;457.14;459.12
7576;Pacajá;PA;Municipal;5;491.24;492.28;420.72;431.34;460.0;459.12
7577;Matões;MA;Estadual;118;466.37;478.76;441.9;427.35;481.19;459.11
7578;Portel;PA;Municipal;9;466.49;497.37;432.11;401.64;497.78;459.08
7579;Riachinho;TO;Estadual;39;464.2;494.28;442.21;431.64;463.08;459.08
7580;Passagem Franca;MA;Estadual;93;465.25;475.79;455.58;435.97;462.8;459.08
7581;Conceição do Tocantins;TO;Estadual;29;479.0;482.55;441.65;425.84;466.21;459.05
7582;Irajuba;BA;Estadual;23;483.38;489.3;443.79;430.92;447.83;459.04
7583;Santa Bárbara do Pará;PA;Estadual;139;480.02;495.16;433.24;432.33;454.24;459.0
7584;Marapanim;PA;Municipal;21;452.68;467.79;460.1;442.98;471.43;459.0
7585;Piripiri;PI;Municipal;2;466.35;487.0;470.8;360.75;510.0;458.98
7586;São José de Ribamar;MA;Municipal;10;473.66;521.44;448.39;423.42;428.0;458.98
7587;Bom Jesus das Selvas;MA;Municipal;3;492.67;498.7;419.07;451.1;433.33;458.97
7588;Tapiramutá;BA;Estadual;117;474.35;486.69;435.25;435.81;462.74;458.97
7589;Barra do Ouro;TO;Estadual;32;479.84;480.68;454.82;435.65;443.75;458.95
7590;Simolândia;GO;Estadual;33;481.89;479.4;437.22;445.27;450.91;458.94
7591;Axixá;MA;Estadual;126;472.36;478.92;448.44;428.11;466.83;458.93
7592;Naviraí;MS;Municipal;3;526.73;515.33;454.33;438.13;360.0;458.91
7593;Aroazes;PI;Estadual;46;464.43;482.1;445.15;434.6;468.26;458.91
7594;Areiópolis;SP;Estadual;20;487.06;499.38;431.48;415.47;461.0;458.88
7595;Solonópole;CE;Estadual;140;474.23;479.27;449.65;442.79;448.43;458.87
7596;Sobrado;PB;Estadual;43;475.29;486.9;433.92;425.99;472.09;458.84
7597;Gentil;RS;Estadual;10;483.57;476.5;426.99;451.13;456.0;458.84
7598;Piatã;BA;Municipal;1;503.1;465.7;416.0;509.4;400.0;458.84
7599;Barro Duro;PI;Estadual;25;468.54;476.67;447.26;432.67;468.8;458.79
7600;Jutaí;AM;Estadual;60;464.1;487.02;442.85;434.81;465.0;458.76
7601;Monte do Carmo;TO;Estadual;30;466.53;481.03;429.43;423.38;493.33;458.74
7602;Santa Cruz de Salinas;MG;Estadual;27;473.88;490.85;435.39;440.78;452.59;458.7
7603;Alto Longá;PI;Estadual;80;472.48;482.92;438.0;426.64;473.25;458.66
7604;Governador Mangabeira;BA;Estadual;148;472.21;487.28;444.46;435.52;453.78;458.65
7605;Cristinápolis;SE;Estadual;64;470.69;468.51;442.32;439.1;472.5;458.63
7606;Acará;PA;Estadual;238;472.93;483.55;436.73;434.72;465.08;458.6
7607;Rodrigues Alves;AC;Estadual;87;471.17;482.59;433.9;424.77;480.46;458.58
7608;Guarani de Goiás;GO;Estadual;39;481.09;474.77;433.65;431.55;471.79;458.57
7609;Xapuri;AC;Estadual;54;479.29;484.94;435.72;431.26;461.48;458.54
7610;Feliz Deserto;AL;Estadual;13;458.73;457.54;434.18;439.15;503.08;458.54
7611;Rio Maria;PA;Estadual;107;478.75;483.66;430.08;441.44;458.69;458.53
7612;Remanso;BA;Estadual;144;472.08;487.17;436.67;435.04;461.67;458.53
7613;Codó;MA;Estadual;608;469.91;479.54;439.09;432.09;471.91;458.51
7614;Sebastião Leal;PI;Estadual;11;480.98;473.96;446.2;449.55;441.82;458.5
7615;Monte Formoso;MG;Estadual;31;467.66;493.94;418.97;422.87;489.03;458.5
7616;Salitre;CE;Estadual;145;470.91;475.27;446.82;442.28;456.97;458.45
7617;Viseu;PA;Municipal;42;478.12;495.37;445.19;425.98;447.62;458.45
7618;Passa e Fica;RN;Estadual;89;474.64;477.3;446.02;432.73;461.57;458.45
7619;Timbiras;MA;Municipal;1;501.6;500.5;422.9;467.2;400.0;458.44
7620;Sítio d'Abadia;GO;Estadual;19;481.12;463.31;452.41;411.94;483.16;458.39
7621;Borá;SP;Estadual;9;483.98;515.01;421.1;431.71;440.0;458.36
7622;Altamira;PA;Municipal;31;482.13;488.07;430.4;437.59;453.55;458.35
7623;Marcos Parente;PI;Estadual;28;475.99;491.2;437.79;426.01;460.71;458.34
7624;Canhoba;SE;Estadual;23;463.73;481.07;424.52;424.87;497.39;458.32
7625;Timon;MA;Municipal;14;463.14;467.67;438.89;450.36;471.43;458.3
7626;Belterra;PA;Privada;11;455.25;466.05;446.38;440.1;483.64;458.28
7627;São José do Brejo do Cruz;PB;Estadual;15;470.91;485.79;426.9;422.32;485.33;458.25
7628;Mariana;MG;Municipal;29;481.86;491.33;433.69;418.09;466.21;458.24
7629;Cajueiro;AL;Estadual;85;483.65;471.71;428.84;427.2;479.76;458.23
7630;São Raimundo do Doca Bezerra;MA;Estadual;15;460.33;480.93;448.06;457.85;444.0;458.23
7631;Nova Olinda;TO;Municipal;1;423.9;556.2;442.8;388.2;480.0;458.22
7632;Matias Cardoso;MG;Estadual;31;479.99;482.43;436.11;438.98;453.55;458.21
7633;Pinheiro;MA;Municipal;8;455.79;494.91;442.58;402.78;495.0;458.21
7634;Barra da Estiva;BA;Municipal;5;454.92;432.1;466.8;417.08;520.0;458.18
7635;São José do Bonfim;PB;Estadual;18;479.05;468.53;447.02;446.26;450.0;458.17
7636;Japorã;MS;Municipal;1;441.6;502.0;460.3;406.9;480.0;458.16
7637;Machacalis;MG;Estadual;27;480.24;486.64;447.91;444.11;431.85;458.15
7638;Brasilândia do Tocantins;TO;Estadual;10;492.55;474.01;438.11;424.02;462.0;458.14
7639;Damianópolis;GO;Estadual;22;473.72;500.43;451.46;438.62;426.36;458.12
7640;Altos;PI;Estadual;334;474.71;482.2;440.27;431.63;461.68;458.1
7641;Francinópolis;PI;Estadual;28;482.25;486.31;432.41;444.27;445.0;458.05
7642;São Geraldo do Araguaia;PA;Estadual;183;467.94;481.14;442.26;429.98;468.85;458.04
7643;Mazagão;AP;Estadual;146;469.3;472.7;440.44;427.35;480.41;458.04
7644;Santa Maria das Barreiras;PA;Estadual;25;471.77;473.3;446.44;452.29;446.4;458.04
7645;Cambuí;MG;Municipal;1;484.3;427.3;401.1;477.5;500.0;458.04
7646;Pires Ferreira;CE;Estadual;92;467.54;480.34;437.25;433.47;471.52;458.03
7647;Silves;AM;Estadual;53;468.91;476.74;427.61;436.77;480.0;458.01
7648;Barra;BA;Estadual;210;474.49;488.53;436.13;427.01;463.81;457.99
7649;Olho D'Água do Piauí;PI;Estadual;26;470.34;476.57;440.96;419.62;482.31;457.96
7650;Coronel José Dias;PI;Estadual;16;484.94;485.36;428.39;417.38;473.75;457.96
7651;Fagundes;PB;Municipal;6;453.95;486.33;447.43;451.97;450.0;457.94
7652;Bequimão;MA;Estadual;130;469.99;475.27;442.99;426.68;474.46;457.88
7653;Lago Verde;MA;Estadual;87;466.56;480.21;435.07;444.05;463.45;457.87
7654;Sarutaiá;SP;Estadual;9;484.5;461.97;448.19;456.8;437.78;457.85
7655;Lajedo;PE;Municipal;2;499.95;484.9;439.45;374.9;490.0;457.84
7656;Pedra Branca do Amapari;AP;Estadual;94;472.97;483.41;438.17;431.26;463.4;457.84
7657;Marechal Deodoro;AL;Estadual;104;469.86;482.88;438.35;431.74;466.35;457.83
7658;Urucurituba;AM;Estadual;172;461.51;480.36;436.14;425.35;485.81;457.83
7659;Martins Soares;MG;Municipal;1;356.3;501.0;498.6;433.1;500.0;457.8
7660;Lagoa do Mato;MA;Estadual;51;464.87;477.49;451.06;423.76;471.76;457.79
7661;Pedras de Maria da Cruz;MG;Estadual;42;483.06;493.75;446.69;428.14;437.14;457.76
7662;Loreto;MA;Estadual;67;463.23;476.7;441.43;422.6;484.78;457.75
7663;Itaguaçu da Bahia;BA;Municipal;1;458.5;453.6;460.4;396.2;520.0;457.74
7664;Ipecaetá;BA;Estadual;32;470.78;470.72;443.32;443.21;460.62;457.73
7665;Jaguaretama;CE;Estadual;149;482.23;485.67;442.47;426.7;451.41;457.7
7666;São Bento;MA;Municipal;89;475.43;478.12;437.33;432.59;464.72;457.64
7667;São Miguel do Tapuio;PI;Estadual;84;472.01;490.53;443.28;422.82;459.52;457.63
7668;Porto;PI;Estadual;74;471.4;489.69;444.81;422.43;459.46;457.56
7669;Cachoeira do Arari;PA;Estadual;119;468.35;481.17;435.68;437.5;465.04;457.55
7670;Santo Amaro;BA;Municipal;17;465.55;469.82;448.06;425.41;478.82;457.53
7671;Dom Inocêncio;PI;Estadual;28;482.16;453.3;430.65;446.3;475.0;457.48
7672;João Dourado;BA;Municipal;6;486.67;512.08;435.28;393.37;460.0;457.48
7673;Capinzal;SC;Privada;4;466.12;482.2;436.92;451.95;450.0;457.44
7674;Olho d'Água Grande;AL;Estadual;14;461.27;463.6;436.76;432.68;492.86;457.43
7675;Joselândia;MA;Estadual;56;468.93;477.76;448.01;440.28;452.14;457.42
7676;Água Azul do Norte;PA;Estadual;55;471.38;483.37;433.27;446.1;452.73;457.37
7677;Primeira Cruz;MA;Estadual;22;453.84;453.9;455.07;445.89;478.18;457.37
7678;Florínia;SP;Estadual;14;478.94;468.84;418.76;473.06;447.14;457.35
7679;Bernardo Sayão;TO;Estadual;33;468.26;470.57;431.96;457.1;458.79;457.34
7680;Barreiras do Piauí;PI;Estadual;21;474.38;474.39;435.9;439.12;462.86;457.33
7681;Choró;CE;Estadual;81;474.32;469.78;452.14;424.7;465.68;457.32
7682;Piraí do Norte;BA;Estadual;20;471.72;477.64;443.71;442.39;451.0;457.29
7683;Santa Helena;MA;Municipal;3;467.77;454.7;407.67;476.23;480.0;457.27
7684;Iapu;MG;Municipal;1;472.1;445.1;403.8;425.3;540.0;457.26
7685;Resende;RJ;Municipal;7;468.61;449.21;414.63;405.11;548.57;457.23
7686;Pedro Alexandre;BA;Estadual;76;468.01;485.62;440.77;437.62;453.95;457.19
7687;Ouriçangas;BA;Estadual;20;465.36;501.44;446.01;404.88;468.0;457.14
7688;Pau D'Arco do Piauí;PI;Estadual;30;456.68;488.85;444.14;429.92;466.0;457.12
7689;Concórdia do Pará;PA;Municipal;16;478.31;495.15;424.07;430.46;457.5;457.1
7690;Jardim do Mulato;PI;Estadual;18;461.39;487.74;452.48;443.59;440.0;457.04
7691;Cocalinho;MT;Estadual;14;460.79;461.86;422.9;441.01;498.57;457.03
7692;São Félix;BA;Estadual;59;469.75;476.09;440.33;425.89;472.88;456.99
7693;Quatipuru;PA;Estadual;44;450.94;464.61;448.36;431.4;489.55;456.97
7694;Capela;SE;Estadual;162;469.93;478.24;439.67;430.04;466.91;456.96
7695;Tomé-Açu;PA;Municipal;23;489.53;491.79;431.34;441.48;430.43;456.92
7696;Tartarugalzinho;AP;Estadual;78;465.63;479.65;431.57;426.15;481.03;456.81
7697;Cícero Dantas;BA;Municipal;1;389.4;447.4;476.7;530.4;440.0;456.78
7698;Rio do Fogo;RN;Municipal;1;486.2;529.3;400.7;387.5;480.0;456.74
7699;Pracinha;SP;Estadual;5;459.3;490.78;420.44;440.96;472.0;456.7
7700;Governador Luiz Rocha;MA;Estadual;53;466.86;478.75;447.57;449.83;440.38;456.68
7701;Coari;AM;Municipal;2;448.1;535.5;473.95;455.8;370.0;456.67
7702;Minador do Negrão;AL;Estadual;38;475.88;481.12;437.49;416.24;472.63;456.67
7703;Lago do Junco;MA;Estadual;61;475.78;479.07;443.6;437.05;447.87;456.67
7704;Jaboatão dos Guararapes;PE;Federal;1;469.8;422.1;420.2;411.2;560.0;456.66
7705;Gameleira;PE;Estadual;85;479.87;477.09;438.87;426.44;460.94;456.64
7706;Salto da Divisa;MG;Estadual;24;474.34;470.35;442.46;430.98;465.0;456.63
7707;Novo Aripuanã;AM;Estadual;114;470.16;469.77;432.94;426.53;483.68;456.62
7708;São Sebastião do Tocantins;TO;Estadual;19;466.07;485.52;443.42;420.54;467.37;456.58
7709;Felipe Guerra;RN;Estadual;35;465.81;476.78;441.04;450.65;448.57;456.57
7710;Lagoa da Confusão;TO;Estadual;53;474.73;475.64;442.22;435.15;455.09;456.56
7711;General Sampaio;CE;Estadual;83;468.7;474.08;441.9;431.05;466.99;456.54
7712;Urucuia;MG;Estadual;59;481.52;480.07;437.8;425.64;457.63;456.53
7713;Rio Verde;GO;Municipal;6;473.32;438.37;410.05;460.9;500.0;456.53
7714;Pacajá;PA;Privada;2;443.05;542.3;432.4;444.9;420.0;456.53
7715;Grupiara;MG;Estadual;8;455.18;484.79;444.51;430.39;467.5;456.47
7716;Mundo Novo;GO;Estadual;37;470.23;493.51;435.88;438.97;443.78;456.47
7717;Caraúbas do Piauí;PI;Estadual;25;470.82;479.8;449.9;442.63;439.2;456.47
7718;Chorrochó;BA;Estadual;67;457.09;473.2;439.41;439.08;473.43;456.44
7719;Gado Bravo;PB;Estadual;56;475.79;481.44;453.79;433.53;437.5;456.41
7720;Jatobá do Piauí;PI;Estadual;68;468.32;478.91;448.37;430.59;455.88;456.41
7721;Motuca;SP;Municipal;2;474.55;481.6;455.15;400.75;470.0;456.41
7722;Goianorte;TO;Estadual;43;477.56;478.33;430.36;419.63;475.81;456.34
7723;Alto Horizonte;GO;Estadual;30;481.07;473.82;443.86;443.53;439.33;456.32
7724;Simplício Mendes;PI;Estadual;75;469.9;478.21;447.03;440.77;445.6;456.3
7725;Natal;RN;Municipal;4;467.62;468.05;423.72;442.08;480.0;456.3
7726;Mata Grande;AL;Estadual;68;455.37;479.74;424.36;421.17;500.88;456.3
7727;Alegrete do Piauí;PI;Estadual;23;465.02;467.5;413.87;434.06;500.87;456.26
7728;Cachoeiro de Itapemirim;ES;Municipal;3;461.03;457.93;431.43;457.43;473.33;456.23
7729;Senador La Rocque;MA;Municipal;3;460.77;489.13;409.07;455.47;466.67;456.22
7730;Exu;PE;Municipal;23;470.82;467.87;427.34;431.52;483.48;456.21
7731;Santa Cruz do Capibaribe;PE;Municipal;8;490.62;494.06;419.79;464.0;412.5;456.2
7732;Senador Alexandre Costa;MA;Estadual;60;462.58;492.42;447.45;425.73;452.67;456.17
7733;Amapá do Maranhão;MA;Estadual;45;458.32;460.37;460.58;438.21;463.11;456.12
7734;Riachão do Bacamarte;PB;Estadual;20;475.86;475.26;415.12;444.35;470.0;456.12
7735;Nossa Senhora do Livramento;MT;Estadual;58;474.03;489.48;437.76;427.22;452.07;456.11
7736;Brejo do Piauí;PI;Estadual;27;469.39;480.96;441.16;425.05;463.7;456.05
7737;Guajará-Mirim;RO;Municipal;1;437.2;452.3;376.7;434.0;580.0;456.04
7738;Santo Antônio do Içá;AM;Estadual;134;462.81;475.36;435.26;426.62;480.0;456.01
7739;Novo Lino;AL;Estadual;57;476.09;473.0;437.22;437.94;455.79;456.01
7740;Bom Jardim;MA;Estadual;193;474.02;485.43;439.46;436.46;444.61;456.0
7741;Riachuelo;RN;Estadual;31;470.91;470.33;431.88;441.06;465.81;456.0
7742;Neópolis;SE;Privada;12;466.11;459.68;428.92;440.2;485.0;455.98
7743;Bacuri;MA;Estadual;110;460.41;480.94;445.59;422.61;470.36;455.98
7744;Calçoene;AP;Estadual;67;469.64;476.02;439.78;421.33;473.13;455.98
7745;Jacobina do Piauí;PI;Estadual;21;468.8;467.38;453.2;441.76;448.57;455.94
7746;Juvenília;MG;Estadual;34;476.79;487.94;448.14;430.28;436.47;455.92
7747;Humberto de Campos;MA;Estadual;139;465.36;478.55;448.62;432.04;454.99;455.91
7748;Ponte Branca;MT;Estadual;6;478.38;458.92;445.28;450.12;446.67;455.87
7749;Mocajuba;PA;Estadual;325;463.99;479.58;434.27;435.21;466.09;455.83
7750;Palmeirândia;MA;Estadual;92;465.02;483.7;441.76;425.18;463.48;455.83
7751;Portalegre;RN;Estadual;18;467.89;474.69;452.06;412.24;472.22;455.82
7752;Japorã;MS;Estadual;34;459.91;477.49;445.58;453.03;442.94;455.79
7753;Antônio Cardoso;BA;Estadual;32;461.77;480.71;436.61;443.47;456.25;455.76
7754;Igarapé do Meio;MA;Estadual;58;475.08;476.72;435.19;434.77;456.9;455.73
7755;São Gonçalo do Gurguéia;PI;Estadual;13;445.21;468.85;458.05;431.0;475.38;455.7
7756;Itobi;SP;Estadual;20;478.96;465.33;432.29;427.8;474.0;455.68
7757;Passagem;RN;Estadual;26;471.4;493.46;450.31;422.47;440.77;455.68
7758;Alfenas;MG;Municipal;3;498.6;433.53;423.5;436.0;486.67;455.66
7759;Cajapió;MA;Estadual;11;467.05;483.75;443.11;408.0;476.36;455.65
7760;Malhada;BA;Estadual;64;464.49;473.25;448.63;432.52;459.38;455.65
7761;Capitão Enéas;MG;Municipal;1;485.6;515.9;367.1;389.5;520.0;455.62
7762;Vila Boa;GO;Estadual;18;482.3;476.76;439.38;440.72;438.89;455.61
7763;Barreirinhas;MA;Privada;1;508.9;508.0;444.5;396.6;420.0;455.6
7764;Três Marias;MG;Municipal;8;487.54;484.54;454.31;446.56;405.0;455.59
7765;Traipu;AL;Estadual;86;475.36;475.83;427.65;433.26;465.81;455.58
7766;Indianópolis;MG;Municipal;1;470.9;457.6;459.6;349.6;540.0;455.54
7767;Uruará;PA;Municipal;12;454.32;464.59;432.16;431.53;495.0;455.52
7768;Santa Fé de Goiás;GO;Estadual;36;467.58;467.69;427.46;444.81;470.0;455.51
7769;São Bernardo do Campo;SP;Municipal;4;464.68;508.15;421.58;493.12;390.0;455.5
7770;Itanagra;BA;Estadual;20;468.44;485.33;440.29;424.44;459.0;455.5
7771;Nazaré do Piauí;PI;Estadual;81;475.54;477.29;441.77;423.58;459.26;455.49
7772;Mansidão;BA;Municipal;1;484.0;527.5;424.1;421.8;420.0;455.48
7773;Aragominas;TO;Estadual;39;469.38;479.99;436.09;441.12;450.77;455.47
7774;Itaporã do Tocantins;TO;Estadual;15;459.64;473.49;428.32;433.25;482.67;455.47
7775;Arame;MA;Estadual;156;468.69;477.48;437.05;427.62;466.54;455.47
7776;Colinas;MA;Estadual;211;464.64;469.84;436.51;429.93;476.3;455.44
7777;Serrinha;RN;Estadual;25;483.05;465.06;438.65;425.6;464.8;455.43
7778;Santa Rosa do Tocantins;TO;Estadual;22;469.18;473.84;431.61;433.43;469.09;455.43
7779;Porto Calvo;AL;Estadual;142;466.91;469.63;436.33;434.54;469.72;455.42
7780;Nova Ibiá;BA;Estadual;22;449.87;487.36;442.71;434.42;462.73;455.42
7781;Bossoroca;RS;Municipal;9;506.66;472.93;443.12;440.93;413.33;455.4
7782;Aldeias Altas;MA;Estadual;110;462.88;479.56;434.11;430.79;469.45;455.36
7783;São Gonçalo do Piauí;PI;Estadual;52;472.19;469.33;450.35;418.22;466.71;455.36
7784;Palmeirina;PE;Estadual;48;475.98;488.98;442.25;421.63;447.92;455.35
7785;Paiçandu;PR;Municipal;1;499.7;466.2;409.1;521.6;380.0;455.32
7786;Lábrea;AM;Estadual;170;465.75;475.65;436.55;435.21;463.18;455.27
7787;Itarema;CE;Estadual;476;472.58;472.62;445.3;433.84;451.85;455.24
7788;Passagem;PB;Estadual;17;455.72;462.97;450.98;419.29;487.06;455.2
7789;Itapema;SC;Municipal;1;491.3;496.6;418.4;429.7;440.0;455.2
7790;Centro do Guilherme;MA;Estadual;24;454.26;482.82;440.42;433.41;465.0;455.18
7791;Amparo;PB;Estadual;15;462.79;475.55;429.69;449.17;458.67;455.17
7792;Rio Sono;TO;Estadual;26;469.43;481.41;442.75;410.66;471.54;455.16
7793;Benjamin Constant do Sul;RS;Estadual;18;458.64;491.12;443.51;471.18;411.11;455.11
7794;Guamaré;RN;Estadual;74;459.86;471.33;445.92;435.39;462.97;455.09
7795;Cametá;PA;Municipal;16;475.03;500.81;427.08;431.18;441.25;455.07
7796;Santo Amaro do Maranhão;MA;Estadual;36;472.07;476.02;430.33;427.41;469.44;455.06
7797;Anamã;AM;Estadual;62;470.33;480.22;436.36;433.96;454.19;455.01
7798;Theobroma;RO;Municipal;3;471.07;481.5;509.0;413.5;400.0;455.01
7799;Sucupira do Riachão;MA;Estadual;19;481.91;465.86;424.73;440.41;462.11;455.0
7800;Sucupira do Norte;MA;Estadual;57;461.63;474.05;446.4;433.62;459.3;455.0
7801;Timbiras;MA;Estadual;211;467.66;477.28;441.8;428.83;459.43;455.0
7802;Barreirinhas;MA;Estadual;284;469.14;476.08;448.51;430.91;450.14;454.96
7803;Rio do Fogo;RN;Estadual;82;473.11;481.69;441.68;427.74;450.49;454.94
7804;Pontão;RS;Federal;2;511.1;529.65;413.8;410.1;410.0;454.93
7805;Santa Rosa do Purus;AC;Estadual;26;463.21;497.4;437.31;429.68;446.92;454.9
7806;Messias Targino;RN;Estadual;34;461.07;473.74;441.96;430.01;467.65;454.88
7807;Paripueira;AL;Estadual;70;470.95;475.9;445.46;422.63;459.43;454.87
7808;Careiro;AM;Municipal;4;469.4;469.6;465.68;474.58;395.0;454.85
7809;Piracanjuba;GO;Municipal;11;469.58;481.75;417.62;439.85;465.45;454.85
7810;Feira de Santana;BA;Municipal;6;434.28;469.55;446.95;476.73;446.67;454.84
7811;Curralinho;PA;Estadual;197;462.05;478.94;435.81;432.61;464.67;454.81
7812;Atalaia;AL;Estadual;176;464.81;475.63;434.63;422.28;476.59;454.79
7813;São Bernardo;MA;Estadual;160;463.79;477.28;432.84;433.48;466.5;454.78
7814;São João do Soter;MA;Estadual;80;460.68;486.98;441.79;431.69;452.75;454.78
7815;Quartel Geral;MG;Estadual;15;481.81;482.61;440.47;430.31;438.67;454.77
7816;Sambaíba;MA;Estadual;11;475.81;463.05;443.99;421.93;469.09;454.77
7817;Riacho da Cruz;RN;Estadual;14;466.52;484.46;446.76;418.97;457.14;454.77
7818;Uru;SP;Estadual;6;481.6;448.53;434.37;419.05;490.0;454.71
7819;Sítio Novo;MA;Estadual;105;465.01;474.34;442.37;438.04;453.71;454.69
7820;Santa Terezinha do Tocantins;TO;Estadual;22;471.98;498.12;440.1;414.09;449.09;454.68
7821;Brejinho de Nazaré;TO;Estadual;80;477.63;487.42;437.57;438.29;432.5;454.68
7822;Cardoso;SP;Municipal;2;518.3;517.8;406.0;401.25;430.0;454.67
7823;São José do Campestre;RN;Estadual;34;461.75;470.34;443.05;441.58;456.47;454.64
7824;Gastão Vidigal;SP;Estadual;16;475.76;479.81;433.21;405.33;478.75;454.57
7825;Socorro do Piauí;PI;Estadual;14;467.22;468.51;450.2;439.79;447.14;454.57
7826;Boca da Mata;AL;Estadual;110;464.88;476.81;442.11;429.59;459.45;454.57
7827;Capão Alto;SC;Estadual;7;481.04;506.96;397.86;424.09;462.86;454.56
7828;Batalha;PI;Estadual;161;464.83;472.72;446.18;430.93;458.14;454.56
7829;Canaã dos Carajás;PA;Municipal;37;462.61;472.74;436.82;447.47;452.97;454.52
7830;Crisólita;MG;Estadual;32;486.25;482.78;429.92;440.49;433.12;454.51
7831;São Pedro;RN;Estadual;17;459.69;463.74;427.96;429.18;491.76;454.47
7832;Conceição do Lago-Açu;MA;Estadual;32;464.53;472.47;427.38;436.44;471.25;454.41
7833;Passagem Franca do Piauí;PI;Estadual;24;469.82;472.43;436.62;438.83;454.17;454.37
7834;Satubinha;MA;Estadual;61;459.78;481.7;438.97;425.07;466.23;454.35
7835;Betim;MG;Municipal;3;461.43;483.07;429.53;464.37;433.33;454.35
7836;Senador Rui Palmeira;AL;Estadual;26;474.47;478.37;439.43;423.48;455.38;454.23
7837;Santana do Cariri;CE;Estadual;103;463.23;477.09;437.32;431.75;461.55;454.19
7838;Jundiá;RN;Estadual;15;454.19;472.43;456.91;448.54;438.67;454.15
7839;Porto de Moz;PA;Estadual;82;469.79;477.85;433.13;422.91;467.07;454.15
7840;Parnaíba;PI;Municipal;4;456.08;494.38;435.02;440.1;445.0;454.12
7841;Caapiranga;AM;Estadual;56;473.61;478.38;431.88;423.83;462.86;454.11
7842;Presidente Kennedy;TO;Estadual;42;479.25;472.5;443.86;436.5;438.1;454.04
7843;Santo Amaro da Imperatriz;SC;Municipal;1;475.8;493.7;405.4;395.3;500.0;454.04
7844;Icatu;MA;Estadual;119;466.39;474.75;436.86;427.34;464.71;454.01
7845;Peri Mirim;MA;Estadual;88;465.55;471.35;438.93;420.6;473.64;454.01
7846;Santa Rita de Cássia;BA;Municipal;3;499.0;445.33;431.3;447.73;446.67;454.01
7847;Pindobaçu;BA;Estadual;66;466.81;479.65;431.82;425.65;466.06;454.0
7848;Ervália;MG;Municipal;10;490.18;491.37;416.23;432.13;440.0;453.98
7849;Redenção do Gurguéia;PI;Estadual;67;452.87;472.54;443.39;432.09;468.96;453.97
7850;Santa Isabel do Rio Negro;AM;Estadual;51;457.76;475.79;432.43;431.33;472.55;453.97
7851;Presidente Vargas;MA;Estadual;29;470.31;478.77;421.33;420.01;479.31;453.95
7852;Itaguatins;TO;Estadual;38;475.57;465.44;449.44;436.04;443.16;453.93
7853;Sucupira;TO;Estadual;17;486.58;468.66;444.51;415.66;454.12;453.91
7854;Abaiara;CE;Estadual;90;473.16;471.86;448.57;439.45;436.44;453.9
7855;São José do Jacuípe;BA;Estadual;34;472.46;483.87;434.56;414.31;464.12;453.86
7856;Várzea;RN;Estadual;31;477.79;486.54;443.54;419.44;441.94;453.85
7857;Pedranópolis;SP;Estadual;4;462.9;466.0;447.88;492.4;400.0;453.84
7858;Pirajuí;SP;Municipal;2;451.7;513.95;408.35;465.2;430.0;453.84
7859;Pitimbu;PB;Estadual;29;475.71;476.73;431.59;443.77;441.38;453.84
7860;Ibiquera;BA;Estadual;4;441.7;487.38;444.08;421.0;475.0;453.83
7861;Campos Belos;GO;Municipal;4;484.3;470.62;428.38;455.78;430.0;453.82
7862;Fernando Falcão;MA;Estadual;11;465.32;479.06;436.21;428.45;460.0;453.81
7863;Pau D'Arco;PA;Estadual;45;464.5;471.56;436.96;437.75;458.22;453.8
7864;Quiterianópolis;CE;Estadual;150;475.05;468.35;444.11;439.59;441.87;453.79
7865;São João do Araguaia;PA;Estadual;29;435.21;478.51;433.9;447.44;473.79;453.77
7866;Morro Cabeça no Tempo;PI;Estadual;9;439.56;490.48;433.59;438.49;466.67;453.76
7867;Junco do Seridó;PB;Municipal;7;481.26;470.23;415.23;430.3;471.43;453.69
7868;São João da Varjota;PI;Estadual;37;450.99;466.93;443.42;432.5;474.59;453.69
7869;Iaciara;GO;Estadual;77;488.1;473.51;434.03;435.61;437.14;453.68
7870;Pedra Grande;RN;Estadual;24;474.55;470.72;427.18;443.24;452.5;453.64
7871;Serra Talhada;PE;Municipal;1;431.3;443.4;420.0;433.4;540.0;453.62
7872;Santarém Novo;PA;Estadual;43;466.68;475.05;438.69;435.49;452.09;453.6
7873;Alto Alegre do Maranhão;MA;Estadual;92;466.32;486.99;439.66;433.05;441.96;453.59
7874;Capitão Gervásio Oliveira;PI;Estadual;22;455.82;487.89;432.64;415.2;476.36;453.58
7875;Cachoeira Grande;MA;Estadual;28;456.23;470.83;441.32;422.39;477.14;453.58
7876;Firmino Alves;BA;Estadual;29;462.44;479.08;418.74;415.89;491.72;453.57
7877;Confresa;MT;Municipal;3;477.67;436.87;433.37;413.17;506.67;453.55
7878;Nazária;PI;Municipal;1;457.4;492.8;396.8;440.6;480.0;453.52
7879;Jaqueira;PE;Estadual;85;463.0;467.31;427.76;428.28;481.18;453.5
7880;Bragança Paulista;SP;Municipal;2;500.9;473.3;402.85;480.3;410.0;453.47
7881;Guarantã;SP;Estadual;8;478.38;476.34;421.71;443.39;447.5;453.46
7882;Itaocara;RJ;Municipal;2;470.5;496.55;442.3;397.75;460.0;453.42
7883;Bezerros;PE;Municipal;2;465.6;459.35;419.85;432.3;490.0;453.42
7884;Tracuateua;PA;Municipal;29;463.84;496.23;434.28;429.27;443.45;453.42
7885;Brejo;MA;Estadual;168;463.86;476.13;441.3;425.86;459.76;453.38
7886;Ribeiro Gonçalves;PI;Estadual;34;467.95;462.86;434.37;442.91;458.82;453.38
7887;Porto Velho;RO;Municipal;12;483.38;478.73;438.05;423.35;443.33;453.37
7888;Bom Lugar;MA;Estadual;45;468.0;480.8;429.1;426.63;462.22;453.35
7889;Conceição do Canindé;PI;Estadual;37;468.38;464.74;446.92;429.68;456.76;453.3
7890;Rio Preto da Eva;AM;Municipal;1;470.5;476.4;507.6;471.9;340.0;453.28
7891;São Vicente Ferrer;MA;Estadual;99;463.73;472.9;442.62;421.02;466.06;453.27
7892;Branquinha;AL;Estadual;50;463.48;477.48;430.04;416.06;479.2;453.25
7893;Campo Alegre de Goiás;GO;Municipal;1;475.2;462.0;492.6;376.4;460.0;453.24
7894;Potiretama;CE;Estadual;70;455.6;480.88;438.23;436.89;454.57;453.23
7895;Pintópolis;MG;Estadual;64;473.21;485.54;434.5;417.75;455.0;453.2
7896;São José do Xingu;MT;Estadual;35;459.71;485.12;441.93;442.45;436.57;453.16
7897;Cacimbinhas;AL;Estadual;46;468.73;485.98;429.07;404.41;477.39;453.12
7898;Conceição do Araguaia;PA;Municipal;8;469.1;478.91;453.59;413.96;450.0;453.11
7899;Orleans;SC;Municipal;7;488.0;466.1;423.26;453.89;434.29;453.11
7900;Coronel João Pessoa;RN;Estadual;24;458.58;446.96;435.95;420.64;503.33;453.09
7901;Monção;MA;Municipal;1;405.7;498.8;502.8;397.9;460.0;453.04
7902;São Sebastião do Umbuzeiro;PB;Municipal;3;462.23;490.6;451.77;393.8;466.67;453.01
7903;Caetanos;BA;Estadual;28;463.4;484.16;438.11;427.92;451.43;453.01
7904;Paratinga;BA;Municipal;42;469.86;457.86;435.8;418.63;482.86;453.0
7905;Bombinhas;SC;Municipal;5;495.92;525.7;429.82;429.16;384.0;452.92
7906;Senador Sá;CE;Estadual;73;476.73;466.5;440.4;438.73;441.92;452.86
7907;Nova Crixás;GO;Estadual;56;475.89;477.24;421.25;441.21;448.57;452.83
7908;Gurupá;PA;Estadual;56;457.78;471.41;430.92;430.09;473.93;452.82
7909;Buriti;MA;Estadual;114;462.39;476.81;437.57;424.31;462.98;452.81
7910;Lagoa d'Anta;RN;Estadual;17;459.56;491.49;433.64;444.06;435.29;452.81
7911;Cônego Marinho;MG;Estadual;40;460.54;489.43;436.89;422.65;454.5;452.8
7912;Maçambará;RS;Municipal;6;447.82;479.55;456.97;459.58;420.0;452.78
7913;Buriti do Tocantins;TO;Estadual;66;468.81;476.48;432.36;435.54;450.61;452.76
7914;Salvador;BA;Municipal;14;471.31;478.16;425.11;420.49;468.57;452.73
7915;Arês;RN;Estadual;27;467.69;469.38;427.34;436.89;462.22;452.71
7916;Irituia;PA;Municipal;13;457.33;490.49;427.45;432.89;455.38;452.71
7917;Alto Boa Vista;MT;Estadual;45;468.53;474.1;428.32;438.14;454.22;452.66
7918;Sucupira do Norte;MA;Privada;5;480.92;481.78;444.28;440.2;416.0;452.64
7919;Caiuá;SP;Estadual;21;471.27;479.94;432.79;426.72;452.38;452.62
7920;Jatobá;MA;Estadual;36;465.24;465.79;432.52;421.62;477.78;452.59
7921;Pedro Afonso;TO;Estadual;123;475.34;479.46;434.74;434.02;439.35;452.58
7922;Chapada da Natividade;TO;Estadual;20;467.63;499.86;454.82;424.4;416.0;452.54
7923;São Luís do Quitunde;AL;Estadual;86;475.73;478.55;433.57;421.27;453.26;452.48
7924;São José de Caiana;PB;Estadual;28;452.97;481.41;436.36;424.91;466.43;452.42
7925;Cavalcante;GO;Estadual;79;470.05;480.41;432.16;437.68;441.77;452.41
7926;Urbano Santos;MA;Estadual;114;457.44;475.39;432.05;438.29;458.77;452.39
7927;Mirador;MA;Municipal;3;432.37;461.57;454.23;433.7;480.0;452.37
7928;Batalha;AL;Federal;1;447.5;513.3;395.0;406.0;500.0;452.36
7929;Isaías Coelho;PI;Estadual;25;470.33;463.09;424.81;424.38;479.2;452.36
7930;Rio Branco do Ivaí;PR;Estadual;15;470.85;446.52;448.41;437.21;458.67;452.33
7931;Jauru;MT;Municipal;2;460.85;513.25;459.4;387.85;440.0;452.27
7932;São Félix do Xingu;PA;Municipal;11;450.45;477.95;420.99;419.16;492.73;452.26
7933;Altamira do Maranhão;MA;Estadual;25;473.6;463.85;425.59;430.14;468.0;452.24
7934;Benjamin Constant;AM;Estadual;201;461.89;466.6;438.28;430.44;463.78;452.2
7935;Eirunepé;AM;Estadual;113;473.46;476.88;436.9;424.2;449.56;452.2
7936;Assunção;PB;Municipal;1;458.7;429.1;483.3;489.7;400.0;452.16
7937;Macururé;BA;Municipal;1;518.6;439.9;486.2;376.0;440.0;452.14
7938;Paulo Ramos;MA;Estadual;70;469.89;475.6;435.51;427.62;452.0;452.12
7939;Serrano do Maranhão;MA;Estadual;31;470.7;480.18;444.37;424.69;440.65;452.12
7940;Poções;BA;Municipal;6;491.1;472.87;410.7;445.72;440.0;452.08
7941;São José dos Pinhais;PR;Municipal;5;473.7;485.78;443.2;421.74;436.0;452.08
7942;João Pinheiro;MG;Municipal;1;461.9;483.9;543.7;410.8;360.0;452.06
7943;Marcionílio Souza;BA;Estadual;59;458.33;477.26;434.84;415.17;474.58;452.03
7944;Turiaçu;MA;Estadual;127;463.29;476.91;440.93;422.22;456.54;451.98
7945;Belém;AL;Estadual;29;469.51;464.19;441.04;428.61;456.55;451.98
7946;Érico Cardoso;BA;Municipal;1;555.1;447.0;498.3;499.4;260.0;451.96
7947;Cândido Mendes;MA;Estadual;95;470.18;472.77;443.06;429.37;444.42;451.96
7948;Barra Velha;SC;Municipal;9;483.88;474.91;437.86;465.3;397.78;451.94
7949;São José dos Basílios;MA;Estadual;37;466.94;467.17;436.14;435.19;454.05;451.9
7950;Pirapora;MG;Municipal;1;484.2;397.3;391.3;466.7;520.0;451.9
7951;São Félix do Tocantins;TO;Estadual;24;481.93;483.65;435.71;421.4;436.67;451.87
7952;Olivença;AL;Estadual;50;456.16;481.46;426.06;422.83;472.8;451.86
7953;Campo Limpo Paulista;SP;Municipal;1;459.6;407.2;536.3;416.2;440.0;451.86
7954;Pirapora do Bom Jesus;SP;Municipal;1;515.5;461.9;437.5;444.3;400.0;451.84
7955;Iramaia;BA;Municipal;2;444.65;500.65;405.55;448.25;460.0;451.82
7956;Santa Luz;PI;Estadual;30;470.03;482.99;424.04;432.05;450.0;451.82
7957;Grajaú;MA;Estadual;644;463.96;475.78;436.65;430.65;451.58;451.72
7958;Porteiras;CE;Estadual;86;469.98;467.36;445.9;435.81;439.53;451.72
7959;Buriticupu;MA;Estadual;257;467.32;480.3;439.66;430.05;441.17;451.7
7960;Planalto;BA;Municipal;1;528.8;453.6;481.7;394.4;400.0;451.7
7961;Bacurituba;MA;Estadual;24;469.95;480.3;444.0;424.92;439.17;451.67
7962;Rodolfo Fernandes;RN;Estadual;29;467.21;468.81;429.24;432.31;460.69;451.65
7963;Sandolândia;TO;Estadual;21;462.71;471.49;440.16;448.54;435.24;451.63
7964;São Miguel da Baixa Grande;PI;Estadual;7;450.46;478.91;461.94;423.91;442.86;451.62
7965;Óbidos;PA;Privada;7;456.71;480.74;447.73;452.76;420.0;451.59
7966;Areia Branca;SE;Municipal;1;530.6;441.7;446.5;439.1;400.0;451.58
7967;Piumhi;MG;Federal;1;520.8;484.7;417.2;395.1;440.0;451.56
7968;Mirador;MA;Estadual;137;460.34;463.25;437.77;425.54;470.66;451.51
7969;Pires Ferreira;CE;Municipal;1;469.9;463.5;421.8;342.3;560.0;451.5
7970;São Luís Gonzaga do Maranhão;MA;Estadual;107;462.64;478.84;441.17;425.98;448.6;451.45
7971;Dois Irmãos do Tocantins;TO;Estadual;34;474.92;479.1;439.62;425.28;438.24;451.43
7972;Uruçuí;PI;Estadual;202;461.95;474.35;444.34;432.57;443.86;451.41
7973;São José da Tapera;AL;Estadual;152;466.43;471.69;430.88;423.69;464.34;451.41
7974;Sebastião Barros;PI;Estadual;26;448.31;476.14;434.37;448.17;450.0;451.4
7975;Miraíma;CE;Estadual;150;463.72;464.5;445.99;431.02;451.47;451.34
7976;Pedro II;PI;Municipal;3;472.93;470.0;415.9;371.2;526.67;451.34
7977;Pedro Laurentino;PI;Estadual;10;451.35;478.96;446.06;398.33;482.0;451.34
7978;Nossa Senhora do Livramento;MT;Municipal;2;479.85;529.8;444.65;392.15;410.0;451.29
7979;Chapada dos Guimarães;MT;Municipal;2;455.85;538.25;401.05;411.05;450.0;451.24
7980;Goiânia;GO;Municipal;5;474.84;479.74;441.0;432.52;428.0;451.22
7981;Nova Serrana;MG;Municipal;2;509.15;464.75;464.7;457.35;360.0;451.19
7982;São José dos Cordeiros;PB;Municipal;6;447.9;478.7;416.6;402.67;510.0;451.17
7983;Centenário;TO;Estadual;28;473.62;463.58;444.57;418.33;455.71;451.16
7984;Jerumenha;PI;Estadual;29;460.56;468.0;440.42;426.59;460.0;451.11
7985;Anajás;PA;Estadual;99;465.01;495.35;428.68;430.98;435.56;451.11
7986;Rio Quente;GO;Municipal;16;482.02;473.66;436.32;417.21;446.25;451.09
7987;Selvíria;MS;Municipal;4;455.68;475.8;428.38;430.42;465.0;451.06
7988;Rubelita;MG;Estadual;46;476.6;467.78;439.99;428.7;441.74;450.96
7989;Pequizeiro;TO;Estadual;58;465.41;475.2;439.16;423.25;451.72;450.95
7990;Catunda;CE;Estadual;79;473.94;462.11;441.26;433.2;443.29;450.76
7991;Mogi das Cruzes;SP;Municipal;2;467.05;478.9;398.05;369.6;540.0;450.72
7992;Matões do Norte;MA;Estadual;46;469.45;479.98;434.39;431.91;437.83;450.71
7993;Colônia Leopoldina;AL;Estadual;51;467.43;476.21;434.31;429.15;446.27;450.68
7994;Santa Cruz de Minas;MG;Estadual;8;483.18;478.72;453.01;420.48;417.5;450.58
7995;Corrente;PI;Estadual;236;458.41;472.64;440.22;428.85;452.71;450.57
7996;Pium;TO;Estadual;26;465.25;493.41;424.54;420.99;448.46;450.53
7997;Nova Ipixuna;PA;Municipal;6;432.08;483.85;461.47;411.77;463.33;450.5
7998;Peritoró;MA;Estadual;63;463.48;470.7;436.71;423.8;457.78;450.49
7999;São João Batista;MA;Estadual;126;462.97;475.79;433.91;426.14;453.49;450.46
8000;Matrinchã;GO;Estadual;33;472.28;472.85;430.32;440.57;435.76;450.36
8001;Santana do Araguaia;PA;Municipal;10;458.05;458.93;440.92;433.76;460.0;450.33
8002;Toritama;PE;Municipal;2;495.75;468.35;445.7;421.8;420.0;450.32
8003;João Costa;PI;Estadual;19;471.67;473.37;431.88;421.91;452.63;450.29
8004;Cáceres;MT;Municipal;3;451.2;465.97;451.3;422.8;460.0;450.25
8005;Vazante;MG;Municipal;1;456.8;500.0;463.2;351.2;480.0;450.24
8006;Brasilândia do Sul;PR;Estadual;9;480.39;459.13;460.94;410.61;440.0;450.22
8007;Aiquara;BA;Estadual;16;449.95;459.84;440.88;409.06;491.25;450.2
8008;Fátima;TO;Estadual;38;468.37;478.79;430.39;413.95;459.47;450.2
8009;Ipojuca;PE;Municipal;2;446.65;494.8;422.95;426.4;460.0;450.16
8010;Muritiba;BA;Municipal;3;475.23;478.77;410.1;453.1;433.33;450.11
8011;Curralinho;PA;Municipal;4;458.22;442.68;457.52;407.08;485.0;450.1
8012;Capim;PB;Estadual;31;475.74;467.37;441.23;415.78;450.32;450.09
8013;Paulino Neves;MA;Estadual;51;455.18;483.99;431.77;421.36;458.04;450.07
8014;Indiara;GO;Municipal;4;488.05;500.58;429.65;451.88;380.0;450.03
8015;Umirim;CE;Estadual;151;465.97;468.71;442.63;429.91;442.65;449.98
8016;Vargem;SC;Estadual;15;459.17;469.31;431.77;453.47;436.0;449.95
8017;São João do Carú;MA;Estadual;46;456.85;464.22;442.07;431.98;454.35;449.89
8018;Araguanã;MA;Estadual;37;457.34;466.87;443.91;423.92;457.3;449.87
8019;Santa Rosa do Piauí;PI;Estadual;34;460.99;475.44;434.97;449.48;428.24;449.82
8020;Vera Mendes;PI;Estadual;20;456.7;458.23;434.58;433.23;466.0;449.75
8021;Curralinhos;PI;Estadual;26;460.53;465.12;429.83;419.99;473.08;449.71
8022;Formosa da Serra Negra;MA;Estadual;155;458.98;462.16;441.79;440.28;445.29;449.7
8023;Castro Alves;BA;Municipal;16;464.12;463.43;421.85;409.09;490.0;449.7
8024;Gongogi;BA;Estadual;17;469.22;459.76;443.3;419.65;456.47;449.68
8025;São Luís;MA;Municipal;8;483.56;452.31;413.76;438.5;460.0;449.63
8026;Sarandi;PR;Municipal;2;480.35;507.95;456.5;413.25;390.0;449.61
8027;Canabrava do Norte;MT;Estadual;30;472.16;463.72;438.5;438.95;434.67;449.6
8028;Praia Norte;TO;Estadual;69;474.01;472.03;432.79;417.89;451.3;449.6
8029;Colatina;ES;Municipal;1;525.8;512.4;465.6;343.9;400.0;449.54
8030;Milton Brandão;PI;Estadual;34;479.47;469.4;440.61;438.21;420.0;449.54
8031;São João da Varjota;PI;Municipal;7;459.57;488.66;421.53;392.23;485.71;449.54
8032;Alto Parnaíba;MA;Estadual;40;466.2;469.81;442.84;426.72;442.0;449.51
8033;Dirceu Arcoverde;PI;Estadual;24;466.67;473.21;442.41;425.12;440.0;449.48
8034;Francisco Sá;MG;Municipal;1;513.3;510.1;434.0;409.9;380.0;449.46
8035;Wall Ferraz;PI;Estadual;32;465.18;471.22;433.93;417.5;459.38;449.44
8036;Lajeado do Bugre;RS;Estadual;18;470.96;457.93;443.81;425.51;448.89;449.42
8037;Lajes Pintadas;RN;Estadual;15;474.05;465.29;430.17;412.21;465.33;449.41
8038;São Brás;AL;Estadual;30;469.03;478.25;435.36;417.05;447.33;449.4
8039;São João de Meriti;RJ;Municipal;1;427.3;494.0;397.3;488.3;440.0;449.38
8040;Japaratinga;AL;Estadual;28;466.22;459.89;441.9;435.95;442.86;449.36
8041;Mata Roma;MA;Estadual;70;457.47;467.27;437.52;428.3;456.0;449.31
8042;Beruri;AM;Estadual;94;467.0;476.36;427.91;428.49;446.81;449.31
8043;Jacuípe;AL;Estadual;33;460.0;458.47;440.22;438.65;449.09;449.29
8044;Iraquara;BA;Municipal;24;481.24;484.54;426.8;416.28;437.5;449.27
8045;Sítio do Mato;BA;Estadual;47;458.73;473.09;429.22;438.27;446.81;449.22
8046;Apuiarés;CE;Estadual;117;461.97;470.58;446.05;429.12;438.29;449.2
8047;Mojuí dos Campos;PA;Municipal;7;487.74;500.51;438.69;373.23;445.71;449.18
8048;Currais;PI;Estadual;19;473.95;472.48;450.32;437.09;411.58;449.09
8049;Roteiro;AL;Municipal;1;404.0;426.7;455.6;419.1;540.0;449.08
8050;Cantanhede;MA;Estadual;78;465.6;463.71;434.29;427.87;453.85;449.06
8051;Maurilândia do Tocantins;TO;Estadual;26;465.19;466.98;428.92;426.34;457.69;449.03
8052;São João do Carú;MA;Municipal;6;456.67;506.0;448.63;396.98;436.67;448.99
8053;Casa Nova;BA;Municipal;4;461.52;439.22;440.2;433.7;470.0;448.93
8054;Chã Preta;AL;Estadual;44;463.21;471.04;432.63;426.19;451.36;448.89
8055;Maués;AM;Municipal;1;377.2;475.8;434.0;417.4;540.0;448.88
8056;Candeias;BA;Municipal;8;486.48;490.28;422.89;427.19;417.5;448.86
8057;Assunção do Piauí;PI;Estadual;23;443.53;471.25;431.79;428.0;469.57;448.83
8058;Jundiá;AL;Estadual;35;458.65;459.2;435.21;435.23;455.43;448.74
8059;Curral Velho;PB;Estadual;20;459.18;479.24;419.14;411.91;474.0;448.69
8060;Coremas;PB;Municipal;4;489.48;479.25;442.55;422.12;410.0;448.68
8061;Nazaré da Mata;PE;Municipal;1;438.6;332.5;402.3;549.7;520.0;448.62
8062;Campina Grande;PB;Municipal;3;466.87;490.0;433.03;473.03;380.0;448.59
8063;Sant'Ana do Livramento;RS;Municipal;1;444.6;510.6;456.0;431.6;400.0;448.56
8064;Cumaru do Norte;PA;Estadual;17;460.28;466.76;434.49;422.45;458.82;448.56
8065;Santa Terezinha;PE;Municipal;1;498.1;451.4;442.8;430.3;420.0;448.52
8066;Nova Londrina;PR;Municipal;2;436.6;489.75;429.7;476.5;410.0;448.51
8067;Dois Irmãos do Buriti;MS;Municipal;1;502.3;503.6;502.2;374.3;360.0;448.48
8068;Jardim do Seridó;RN;Federal;1;479.1;498.2;368.9;476.2;420.0;448.48
8069;Hugo Napoleão;PI;Estadual;29;458.02;465.4;436.02;411.18;471.72;448.47
8070;Lajes;RN;Estadual;63;472.81;466.98;431.45;426.5;444.44;448.44
8071;Barrinha;SP;Municipal;8;482.8;452.82;446.76;419.59;440.0;448.4
8072;Flora Rica;SP;Estadual;8;500.29;457.31;419.74;431.82;432.5;448.33
8073;Miguel Leão;PI;Estadual;6;455.68;496.28;465.67;390.5;433.33;448.29
8074;Andaraí;BA;Municipal;5;438.98;485.12;454.92;446.32;416.0;448.27
8075;Anahy;PR;Estadual;24;449.87;475.88;438.52;417.07;460.0;448.27
8076;Cristalândia do Piauí;PI;Estadual;23;457.71;472.83;433.54;415.49;461.74;448.26
8077;Barcarena;PA;Municipal;1;501.0;524.3;404.6;351.3;460.0;448.24
8078;Maracaçumé;MA;Estadual;138;464.59;472.58;433.16;424.47;446.23;448.21
8079;Itapagé;CE;Municipal;17;474.41;470.82;449.76;422.51;423.53;448.21
8080;Tremedal;BA;Municipal;9;453.82;474.33;451.42;425.72;435.56;448.17
8081;Luzinópolis;TO;Estadual;21;462.2;474.44;438.63;425.14;440.0;448.08
8082;Telha;SE;Estadual;16;473.92;472.71;448.62;423.84;421.25;448.07
8083;Barbacena;MG;Municipal;2;475.85;440.05;382.05;412.35;530.0;448.06
8084;Januário Cicco;RN;Estadual;30;460.35;468.82;433.02;432.73;445.33;448.05
8085;São João das Missões;MG;Estadual;38;473.11;485.82;430.6;420.58;430.0;448.02
8086;Morros;MA;Estadual;139;462.93;476.61;430.49;425.12;444.89;448.01
8087;Amajari;RR;Municipal;1;424.1;523.3;408.0;384.6;500.0;448.0
8088;Itajuípe;BA;Municipal;1;414.8;533.1;395.9;456.1;440.0;447.98
8089;Moju;PA;Privada;4;445.95;478.38;409.45;486.08;420.0;447.97
8090;Maraã;AM;Estadual;42;471.65;465.21;442.76;428.26;431.9;447.96
8091;Monte Alegre do Piauí;PI;Estadual;66;461.74;465.2;430.61;425.38;456.36;447.86
8092;Guarani;MG;Municipal;1;492.3;513.0;380.9;432.9;420.0;447.82
8093;Schroeder;SC;Privada;2;522.55;542.1;483.25;401.05;290.0;447.79
8094;Indiaroba;SE;Municipal;2;470.25;408.8;462.7;407.05;490.0;447.76
8095;Santa Quitéria do Maranhão;MA;Estadual;112;451.36;481.02;432.32;413.0;461.07;447.76
8096;Joca Marques;PI;Estadual;21;449.96;485.42;436.86;423.61;442.86;447.74
8097;Teresina;PI;Municipal;89;468.47;485.36;432.47;430.1;422.25;447.73
8098;Campo Largo do Piauí;PI;Estadual;34;458.8;483.87;426.97;431.76;437.06;447.69
8099;Campo Alegre do Fidalgo;PI;Estadual;13;490.49;474.66;441.05;427.6;404.62;447.68
8100;Jordão;AC;Estadual;52;453.06;470.77;432.57;420.05;461.92;447.67
8101;Junco do Maranhão;MA;Estadual;48;451.65;463.87;433.52;441.46;447.5;447.6
8102;Cutias;AP;Estadual;34;461.78;476.42;433.16;423.36;442.94;447.53
8103;Bonito;PE;Municipal;36;470.14;480.13;435.12;425.51;426.67;447.52
8104;Consolação;MG;Estadual;8;471.31;445.86;434.12;453.78;432.5;447.52
8105;Olho d'Água;PB;Estadual;43;453.61;468.96;426.8;436.08;452.09;447.51
8106;Santa Maria do Tocantins;TO;Estadual;14;453.14;468.33;423.76;443.14;448.57;447.39
8107;Tuparetama;PE;Municipal;9;480.34;462.71;420.52;451.08;422.22;447.38
8108;Brumado;BA;Municipal;1;394.2;448.2;464.9;409.3;520.0;447.32
8109;Borborema;PB;Estadual;15;444.53;472.37;429.05;423.59;466.67;447.24
8110;Itajá;RN;Estadual;37;450.03;465.68;447.2;438.47;434.59;447.2
8111;Colônia do Gurguéia;PI;Municipal;1;486.8;503.7;416.2;449.0;380.0;447.14
8112;Mato Grosso;PB;Estadual;13;453.08;486.52;436.81;416.12;443.08;447.12
8113;Jeriquara;SP;Estadual;15;482.36;462.75;419.7;465.39;405.33;447.11
8114;Duque Bacelar;MA;Estadual;56;454.04;461.46;430.07;429.72;460.0;447.06
8115;Jacobina do Piauí;PI;Municipal;4;463.55;461.15;453.38;422.2;435.0;447.05
8116;Centro Novo do Maranhão;MA;Estadual;79;463.94;470.07;433.85;429.59;437.72;447.04
8117;Vargem Grande;MA;Estadual;331;460.39;471.33;433.48;433.0;436.92;447.02
8118;Fonte Boa;AM;Municipal;1;409.2;412.7;436.9;436.2;540.0;447.0
8119;Nova Olinda;PB;Municipal;4;453.18;420.92;434.28;446.32;480.0;446.94
8120;Maracás;BA;Municipal;13;483.92;477.0;447.12;426.65;400.0;446.94
8121;Catarina;CE;Estadual;106;461.64;457.0;440.66;432.58;442.64;446.9
8122;Tonantins;AM;Estadual;108;452.12;460.19;434.95;419.84;467.41;446.9
8123;Pedro Avelino;RN;Estadual;7;452.8;455.47;446.3;434.16;445.71;446.89
8124;Santa Quitéria do Maranhão;MA;Municipal;2;459.1;527.4;411.25;456.45;380.0;446.84
8125;Itapiranga;AM;Municipal;1;459.1;458.0;410.8;406.1;500.0;446.8
8126;Madeiro;PI;Estadual;55;461.1;468.88;435.88;427.73;440.36;446.79
8127;Wanderlândia;TO;Municipal;2;443.05;502.6;370.6;387.5;530.0;446.75
8128;Viçosa do Ceará;CE;Municipal;13;471.02;482.39;421.97;424.26;433.85;446.7
8129;Tanque d'Arca;AL;Estadual;25;441.38;470.16;429.02;419.96;472.8;446.66
8130;Nova Iguaçu;RJ;Municipal;1;511.1;485.9;400.9;415.2;420.0;446.62
8131;Barcelona;RN;Estadual;25;455.92;475.92;433.86;415.23;452.0;446.59
8132;Belágua;MA;Estadual;41;440.32;472.62;432.43;423.74;463.41;446.51
8133;Ponte Alta do Bom Jesus;TO;Estadual;27;459.45;464.34;435.66;421.84;451.11;446.48
8134;Pastos Bons;MA;Estadual;92;470.76;474.47;438.78;419.2;428.91;446.42
8135;Ribamar Fiquene;MA;Estadual;15;472.25;478.43;406.79;423.87;450.67;446.4
8136;Arraial;PI;Estadual;48;466.78;469.39;429.94;431.29;434.58;446.4
8137;Boninal;BA;Municipal;8;453.75;471.11;417.68;466.71;422.5;446.35
8138;Santa Inês;PB;Estadual;14;471.11;469.01;421.96;416.81;452.86;446.35
8139;Mato Rico;PR;Estadual;19;461.03;457.57;441.25;438.95;432.63;446.29
8140;Itapiratins;TO;Estadual;17;470.72;480.05;428.64;422.58;429.41;446.28
8141;Porto Estrela;MT;Estadual;22;461.57;465.75;431.95;433.4;438.18;446.17
8142;Brejo de Areia;MA;Estadual;11;470.36;456.08;407.2;446.05;450.91;446.12
8143;Entre Rios;BA;Municipal;5;476.3;452.58;430.7;426.98;444.0;446.11
8144;Capistrano;CE;Estadual;119;473.95;468.0;438.82;429.45;419.83;446.01
8145;Pedro Afonso;TO;Federal;1;425.4;480.3;430.1;392.7;500.0;445.7
8146;Amaturá;AM;Estadual;100;445.82;465.26;435.42;417.8;464.2;445.7
8147;Irecê;BA;Municipal;1;475.9;456.8;389.8;386.0;520.0;445.7
8148;São Francisco de Assis do Piauí;PI;Estadual;30;449.99;471.84;424.43;434.16;448.0;445.69
8149;Comendador Gomes;MG;Estadual;13;455.2;470.36;447.46;416.76;438.46;445.65
8150;Ubarana;SP;Municipal;2;511.2;397.4;481.8;447.75;390.0;445.63
8151;Brejo da Madre de Deus;PE;Privada;1;463.8;444.5;426.8;393.0;500.0;445.62
8152;Buritirana;MA;Estadual;42;465.31;474.28;438.41;423.15;426.67;445.56
8153;Santo Antônio dos Milagres;PI;Estadual;10;442.12;457.23;450.27;410.12;468.0;445.55
8154;Paraúna;GO;Municipal;6;466.92;471.67;454.37;444.57;390.0;445.5
8155;Medeiros Neto;BA;Municipal;1;495.0;382.1;426.6;463.4;460.0;445.42
8156;Palmeirais;PI;Estadual;65;462.88;456.82;431.86;423.11;452.31;445.4
8157;Montes Claros;MG;Municipal;6;471.3;478.08;421.95;405.07;450.0;445.28
8158;Manari;PE;Estadual;34;456.57;472.17;431.35;428.82;437.06;445.19
8159;Campo Mourão;PR;Municipal;1;528.7;438.7;401.8;436.1;420.0;445.06
8160;Cachoeirinha;RS;Municipal;6;472.88;476.98;427.18;454.52;393.33;444.98
8161;Atalaia do Norte;AM;Estadual;57;460.39;467.68;427.25;423.71;445.61;444.93
8162;São Francisco do Maranhão;MA;Estadual;53;456.45;459.42;437.47;415.81;455.09;444.85
8163;Alcântara;MA;Estadual;72;452.9;470.96;444.21;424.82;431.11;444.8
8164;Nova Roma;GO;Estadual;28;470.36;465.49;422.75;434.34;430.71;444.73
8165;Igarapé-Miri;PA;Municipal;57;457.65;464.15;434.62;422.26;444.91;444.72
8166;São José do Povo;MT;Estadual;13;466.58;476.02;421.42;450.08;409.23;444.66
8167;Afuá;PA;Municipal;4;458.5;434.05;444.18;451.38;435.0;444.62
8168;Lagoa Grande do Maranhão;MA;Estadual;17;464.46;469.72;425.31;442.43;421.18;444.62
8169;Mirador;PR;Estadual;9;470.32;479.03;422.48;437.72;413.33;444.58
8170;Lajedinho;BA;Estadual;10;444.84;492.24;412.0;425.43;448.0;444.5
8171;Flores de Goiás;GO;Estadual;41;462.25;478.75;426.7;427.8;426.83;444.46
8172;Silvanópolis;TO;Estadual;28;469.71;459.13;433.38;407.05;452.86;444.43
8173;Ferraz de Vasconcelos;SP;Municipal;1;469.7;466.4;475.2;390.8;420.0;444.42
8174;Paraná;RN;Estadual;20;445.56;464.69;436.91;442.64;432.0;444.36
8175;Canavieira;PI;Estadual;7;445.34;474.07;411.97;444.49;445.71;444.32
8176;Augusto Corrêa;PA;Municipal;6;462.53;433.37;448.92;449.75;426.67;444.25
8177;Alto do Rodrigues;RN;Municipal;4;427.62;494.9;436.2;432.45;430.0;444.24
8178;Barra;BA;Municipal;14;456.76;465.71;441.21;410.09;447.14;444.18
8179;Porto União;SC;Municipal;2;507.95;465.25;417.75;389.85;440.0;444.16
8180;Nova Olinda;TO;Estadual;42;453.1;461.49;434.33;423.98;447.62;444.1
8181;Londrina;PR;Municipal;1;513.0;489.4;485.8;432.1;300.0;444.06
8182;Ponta de Pedras;PA;Municipal;9;465.91;482.34;434.99;447.01;388.89;443.83
8183;Plácido de Castro;AC;Municipal;1;433.2;473.7;504.0;528.2;280.0;443.82
8184;Amajari;RR;Estadual;12;454.27;485.98;434.6;405.79;438.33;443.8
8185;Milagres do Maranhão;MA;Estadual;14;474.11;465.53;429.07;430.07;420.0;443.76
8186;Novais;SP;Estadual;5;472.0;458.22;443.8;472.64;372.0;443.73
8187;Abaetetuba;PA;Municipal;25;459.21;469.55;435.52;415.16;439.2;443.73
8188;Brasil Novo;PA;Municipal;9;449.79;476.31;415.84;418.73;457.78;443.69
8189;Araçoiaba;PE;Estadual;144;465.8;472.29;441.8;419.68;418.75;443.66
8190;Pedras de Fogo;PB;Municipal;4;458.6;490.6;466.0;408.0;395.0;443.64
8191;Passa Tempo;MG;Municipal;2;490.75;440.2;482.1;424.85;380.0;443.58
8192;Presidente Sarney;MA;Estadual;32;469.65;458.92;438.0;429.34;421.88;443.56
8193;Caxias do Sul;RS;Municipal;1;434.2;478.6;496.9;508.0;300.0;443.54
8194;Hortolândia;SP;Municipal;1;450.0;474.4;422.8;450.5;420.0;443.54
8195;Tupirama;TO;Estadual;6;480.3;482.08;438.68;416.63;400.0;443.54
8196;Niquelândia;GO;Municipal;1;480.9;508.8;367.0;420.5;440.0;443.44
8197;Bom Jesus do Tocantins;TO;Estadual;13;463.18;475.59;430.02;414.53;433.85;443.43
8198;Lajeado Novo;MA;Estadual;96;448.07;472.72;437.38;428.09;430.21;443.29
8199;Quixelô;CE;Municipal;14;459.16;480.52;444.34;438.9;392.86;443.16
8200;Sena Madureira;AC;Municipal;2;482.7;480.0;418.3;444.65;390.0;443.13
8201;Eusébio;CE;Municipal;1;434.1;475.5;407.1;438.4;460.0;443.02
8202;São José do Belmonte;PE;Municipal;1;443.2;477.5;453.8;440.5;400.0;443.0
8203;Pau D'Arco;TO;Estadual;32;465.21;452.47;441.3;430.96;425.0;442.99
8204;Água Branca;PB;Municipal;1;398.9;425.2;482.1;388.4;520.0;442.92
8205;Barretos;SP;Municipal;9;486.68;482.14;418.26;429.62;397.78;442.9
8206;Mineiros;GO;Municipal;1;452.8;499.1;395.5;386.9;480.0;442.86
8207;Pau D'Arco do Piauí;PI;Municipal;1;507.0;518.1;473.6;375.6;340.0;442.86
8208;Francisco Ayres;PI;Estadual;33;452.24;464.44;445.55;419.15;432.12;442.7
8209;Monte Alegre;PA;Municipal;2;479.85;474.7;420.35;358.25;480.0;442.63
8210;Central do Maranhão;MA;Estadual;52;461.56;471.16;435.92;428.7;415.77;442.62
8211;São Domingos do Capim;PA;Municipal;5;462.76;462.52;429.2;434.48;424.0;442.59
8212;Uarini;AM;Estadual;50;455.82;465.62;434.1;425.5;431.6;442.53
8213;Alvorada do Gurguéia;PI;Estadual;30;446.58;475.81;435.99;424.25;430.0;442.53
8214;Sidrolândia;MS;Municipal;3;490.87;505.47;465.47;424.07;326.67;442.51
8215;Itiúba;BA;Municipal;1;433.9;507.2;423.4;468.0;380.0;442.5
8216;Pureza;RN;Estadual;29;461.81;464.54;423.71;429.85;432.41;442.47
8217;Volta Grande;MG;Estadual;9;498.31;443.5;444.72;403.12;422.22;442.38
8218;Santa Luzia do Paruá;MA;Municipal;8;444.9;468.62;449.55;401.08;447.5;442.33
8219;Marco;CE;Estadual;145;462.34;464.69;434.51;441.33;408.55;442.28
8220;Ruy Barbosa;RN;Estadual;18;471.42;444.04;441.12;409.62;444.44;442.13
8221;Urucará;AM;Municipal;1;500.5;483.4;429.2;397.3;400.0;442.08
8222;São João do Araguaia;PA;Municipal;4;470.3;490.7;399.22;420.08;430.0;442.06
8223;Turiaçu;MA;Municipal;7;443.03;466.04;454.29;435.04;411.43;441.97
8224;Januária;MG;Municipal;1;398.0;425.9;467.8;437.3;480.0;441.8
8225;Pojuca;BA;Municipal;3;502.2;462.03;412.13;465.93;366.67;441.79
8226;São Benedito do Rio Preto;MA;Estadual;83;455.98;467.74;434.46;427.71;422.89;441.76
8227;Babaçulândia;TO;Estadual;64;451.05;460.83;430.27;417.78;448.75;441.74
8228;Pio IX;PI;Municipal;1;471.1;413.6;411.9;412.1;500.0;441.74
8229;Picos;PI;Municipal;4;457.98;495.52;417.4;412.72;425.0;441.72
8230;Padre Carvalho;MG;Estadual;30;469.23;466.13;426.32;437.29;409.33;441.66
8231;Porto Calvo;AL;Municipal;1;495.8;390.1;495.7;386.6;440.0;441.64
8232;Groaíras;CE;Municipal;2;492.2;433.5;450.95;441.55;390.0;441.64
8233;Coronel José Dias;PI;Municipal;1;428.6;450.8;422.8;545.9;360.0;441.62
8234;Currais;PI;Municipal;2;451.75;429.35;472.5;434.5;420.0;441.62
8235;Mandirituba;PR;Municipal;3;472.87;485.8;391.73;404.33;453.33;441.61
8236;Nazária;PI;Estadual;31;450.26;455.88;426.33;443.84;430.97;441.46
8237;Porto Grande;AP;Municipal;1;462.3;401.6;419.4;404.0;520.0;441.46
8238;Caravelas;BA;Municipal;1;515.2;483.8;408.2;400.1;400.0;441.46
8239;Presidente Tancredo Neves;BA;Municipal;2;426.0;464.85;391.8;434.2;490.0;441.37
8240;Brejo Grande;SE;Estadual;40;453.64;470.81;437.74;419.02;425.5;441.34
8241;Bonito;BA;Municipal;25;449.34;472.22;435.71;422.23;427.2;441.34
8242;Tefé;AM;Privada;1;409.1;455.3;402.6;419.4;520.0;441.28
8243;Serra do Ramalho;BA;Municipal;1;456.3;449.3;394.2;446.6;460.0;441.28
8244;Fernando Pedroza;RN;Estadual;2;442.65;467.35;419.75;496.4;380.0;441.23
8245;Galinhos;RN;Estadual;9;444.61;439.33;423.7;418.44;480.0;441.22
8246;Tarauacá;AC;Federal;3;422.87;433.43;426.8;402.7;520.0;441.16
8247;Itariri;SP;Municipal;3;449.0;456.83;401.77;424.77;473.33;441.14
8248;Itapeva;SP;Municipal;2;469.45;459.15;393.35;513.45;370.0;441.08
8249;Campo Alegre de Lourdes;BA;Municipal;5;449.18;461.18;421.86;441.14;432.0;441.07
8250;Poxeréu;MT;Municipal;1;516.4;483.8;437.5;367.6;400.0;441.06
8251;Oeiras;PI;Municipal;3;412.17;507.83;443.2;501.37;340.0;440.91
8252;Malacacheta;MG;Privada;2;437.25;490.15;462.7;464.4;350.0;440.9
8253;Redenção;PA;Municipal;51;461.76;469.15;432.77;429.1;411.37;440.83
8254;Carrasco Bonito;TO;Estadual;20;450.71;461.5;429.78;429.52;432.0;440.7
8255;Antônio Almeida;PI;Estadual;20;452.08;453.9;437.08;415.19;445.0;440.65
8256;Pradópolis;SP;Municipal;1;489.8;524.1;447.1;382.2;360.0;440.64
8257;Ibirité;MG;Municipal;2;440.3;501.55;415.65;364.45;480.0;440.39
8258;São Félix de Balsas;MA;Estadual;6;442.85;469.7;434.92;420.85;433.33;440.33
8259;Rio Branco;AC;Municipal;1;457.3;491.6;385.5;466.6;400.0;440.2
8260;São José do Cerrito;SC;Municipal;14;456.04;452.06;431.31;429.99;431.43;440.17
8261;Baixa Grande do Ribeiro;PI;Estadual;50;459.55;464.84;426.98;425.29;424.0;440.14
8262;Jenipapo dos Vieiras;MA;Estadual;25;454.43;448.62;452.07;422.15;423.2;440.1
8263;Terenos;MS;Municipal;1;466.6;418.0;450.1;525.6;340.0;440.06
8264;Feira Nova do Maranhão;MA;Estadual;35;455.44;457.48;422.41;408.76;456.0;440.02
8265;Cariús;CE;Municipal;1;531.8;430.9;446.1;431.0;360.0;439.96
8266;Teresina de Goiás;GO;Estadual;21;469.32;453.02;420.47;430.72;425.71;439.85
8267;Fartura do Piauí;PI;Municipal;2;465.95;429.85;411.4;421.8;470.0;439.8
8268;Verdelândia;MG;Estadual;40;464.14;470.02;428.95;426.54;408.5;439.63
8269;Itaipava do Grajaú;MA;Estadual;65;448.48;474.56;438.16;422.1;414.15;439.49
8270;Monte das Gameleiras;RN;Estadual;10;460.73;457.83;415.26;421.51;442.0;439.47
8271;Poço Fundo;MG;Municipal;3;431.67;484.8;426.9;407.0;446.67;439.41
8272;Bonfim do Piauí;PI;Estadual;8;447.06;466.15;431.7;386.76;465.0;439.34
8273;Alenquer;PA;Municipal;8;463.54;463.45;418.49;441.18;410.0;439.33
8274;Caxias;MA;Municipal;2;473.95;496.1;408.7;417.65;400.0;439.28
8275;Camaçari;BA;Municipal;7;463.24;480.43;435.96;416.79;400.0;439.28
8276;Jurema;PI;Estadual;11;450.11;459.69;451.19;457.09;378.18;439.25
8277;Ipueiras;TO;Estadual;11;458.83;454.85;415.53;419.58;447.27;439.21
8278;Buritizeiro;MG;Municipal;2;469.7;468.8;379.25;368.25;510.0;439.2
8279;Bonito de Minas;MG;Estadual;55;469.85;465.62;421.6;413.42;424.73;439.04
8280;Nina Rodrigues;MA;Estadual;61;446.78;458.36;428.26;431.01;430.49;438.98
8281;Cocos;BA;Municipal;1;487.7;379.2;385.6;382.4;560.0;438.98
8282;Nova Iorque;MA;Estadual;22;457.58;458.15;439.16;418.8;420.91;438.92
8283;Monte Negro;RO;Municipal;4;467.08;485.38;457.0;400.0;385.0;438.89
8284;Fortaleza;CE;Municipal;8;472.98;479.35;424.26;412.25;405.0;438.77
8285;Porto Seguro;BA;Municipal;8;462.61;477.71;421.2;394.69;437.5;438.74
8286;Leopoldo de Bulhões;GO;Municipal;3;501.27;476.73;431.83;383.73;400.0;438.71
8287;Monte Negro;RO;Privada;2;514.05;457.6;383.3;437.75;400.0;438.54
8288;Santa Izabel do Pará;PA;Municipal;16;461.86;477.6;443.37;436.0;373.75;438.52
8289;Buritis;RO;Municipal;1;450.5;530.8;381.7;388.9;440.0;438.38
8290;Barra do Choça;BA;Municipal;1;364.5;481.3;428.9;376.7;540.0;438.28
8291;Novo Repartimento;PA;Municipal;1;425.4;462.0;412.2;410.5;480.0;438.02
8292;Limoeiro do Ajuru;PA;Municipal;27;441.25;459.18;428.22;413.26;448.15;438.01
8293;Monte Mor;SP;Municipal;2;483.55;484.65;450.85;380.85;390.0;437.98
8294;Valparaíso de Goiás;GO;Municipal;8;439.0;424.82;431.01;459.88;435.0;437.94
8295;Filadélfia;TO;Estadual;39;454.26;457.23;430.97;427.45;419.49;437.88
8296;Itupiranga;PA;Municipal;2;436.65;439.35;409.6;433.2;470.0;437.76
8297;Pilõezinhos;PB;Estadual;12;459.94;456.72;432.33;406.28;433.33;437.72
8298;Formosa da Serra Negra;MA;Municipal;2;406.15;531.1;416.25;454.65;380.0;437.63
8299;Quixabá;PB;Estadual;4;467.65;480.45;425.18;369.28;445.0;437.51
8300;Montividiu;GO;Privada;3;452.93;475.83;440.3;404.67;413.33;437.41
8301;Novo Jardim;TO;Estadual;13;470.12;454.76;468.22;413.87;380.0;437.4
8302;Jaraguá do Sul;SC;Municipal;1;389.0;516.8;415.2;405.9;460.0;437.38
8303;Guaribas;PI;Estadual;17;450.36;467.99;420.63;423.09;424.71;437.36
8304;São Luíz do Norte;GO;Municipal;1;528.2;450.2;436.9;371.3;400.0;437.32
8305;Tupiratins;TO;Estadual;15;431.13;455.3;423.09;422.17;454.67;437.27
8306;Mazagão;AP;Municipal;6;455.03;454.78;399.72;385.42;490.0;436.99
8307;Senador Guiomard;AC;Privada;1;394.0;483.8;372.3;434.8;500.0;436.98
8308;Vera Mendes;PI;Municipal;1;505.7;463.3;416.7;479.1;320.0;436.96
8309;Guarabira;PB;Municipal;3;441.07;472.83;427.4;436.53;406.67;436.9
8310;Taboão da Serra;SP;Municipal;1;519.3;517.6;389.4;477.8;280.0;436.82
8311;Cuiabá;MT;Municipal;10;453.71;466.47;439.74;395.98;428.0;436.78
8312;Condado;PE;Municipal;1;407.4;481.1;510.2;385.0;400.0;436.74
8313;São Gonçalo do Amarante;CE;Privada;1;478.8;437.7;507.9;439.1;320.0;436.7
8314;Lagoa do Piauí;PI;Estadual;9;437.7;484.63;432.91;411.99;415.56;436.56
8315;Macaúbas;BA;Municipal;3;406.1;461.47;434.97;486.83;393.33;436.54
8316;Tufilândia;MA;Estadual;12;425.78;474.01;439.58;418.95;423.33;436.33
8317;Jaboatão dos Guararapes;PE;Municipal;2;448.9;468.4;422.6;391.75;450.0;436.33
8318;Jaíba;MG;Privada;1;460.6;418.9;447.1;415.0;440.0;436.32
8319;Breu Branco;PA;Municipal;13;451.42;467.55;424.31;419.74;418.46;436.3
8320;Lauro de Freitas;BA;Municipal;4;468.9;429.22;425.08;433.08;425.0;436.26
8321;Tomar do Geru;SE;Privada;1;444.4;466.9;522.5;467.0;280.0;436.16
8322;Cezarina;GO;Municipal;1;442.9;508.2;415.1;374.2;440.0;436.08
8323;Boituva;SP;Federal;2;474.7;463.8;406.1;445.7;390.0;436.06
8324;Parnaguá;PI;Estadual;52;451.62;453.03;441.56;431.84;401.92;436.0
8325;Cássia dos Coqueiros;SP;Municipal;1;484.6;438.3;404.3;412.7;440.0;435.98
8326;Mangaratiba;RJ;Privada;1;436.2;377.1;437.6;348.6;580.0;435.9
8327;Murici dos Portelas;PI;Municipal;3;467.7;449.5;423.47;365.27;473.33;435.85
8328;Santa Teresinha;PB;Municipal;1;431.2;482.3;499.7;385.9;380.0;435.82
8329;Coqueiro Baixo;RS;Estadual;3;453.73;430.63;429.77;397.43;466.67;435.65
8330;Tuntum;MA;Municipal;1;419.4;513.5;448.6;416.6;380.0;435.62
8331;Urbano Santos;MA;Municipal;3;451.17;449.83;433.37;437.0;406.67;435.61
8332;Iaras;SP;Municipal;2;410.15;451.35;449.55;486.85;380.0;435.58
8333;Ceará-Mirim;RN;Municipal;4;459.88;420.22;435.25;436.92;425.0;435.46
8334;Recursolândia;TO;Estadual;15;451.8;439.96;417.86;430.21;437.33;435.43
8335;Conceição do Lago-Açu;MA;Municipal;2;420.75;467.5;426.8;431.65;430.0;435.34
8336;Arês;RN;Municipal;1;375.7;457.7;468.5;434.0;440.0;435.18
8337;Altamira do Maranhão;MA;Municipal;3;417.97;456.73;427.47;420.2;453.33;435.14
8338;Afonso Cunha;MA;Estadual;29;448.86;468.61;437.55;399.25;421.38;435.13
8339;Anajás;PA;Municipal;1;383.1;530.8;413.6;448.0;400.0;435.1
8340;Juazeiro;BA;Municipal;5;447.46;435.1;450.7;400.08;441.8;435.03
8341;Juripiranga;PB;Municipal;3;467.97;458.6;440.97;413.8;393.33;434.93
8342;Miranda do Norte;MA;Privada;1;493.4;498.3;390.7;412.0;380.0;434.88
8343;Alto Horizonte;GO;Municipal;3;461.33;438.57;421.9;365.83;486.67;434.86
8344;Vitória;ES;Municipal;2;448.05;468.7;392.7;524.25;340.0;434.74
8345;Canápolis;BA;Estadual;31;445.75;451.81;434.79;429.43;411.61;434.68
8346;Moju;PA;Municipal;15;462.65;457.56;411.72;428.05;413.33;434.66
8347;Ribeira do Piauí;PI;Estadual;23;430.07;453.17;440.79;417.29;431.3;434.53
8348;Rio de Contas;BA;Municipal;1;461.4;440.2;375.3;375.7;520.0;434.52
8349;Estreito;MA;Municipal;3;444.0;393.5;421.73;472.77;440.0;434.4
8350;Ibimirim;PE;Municipal;1;449.2;499.8;416.7;446.0;360.0;434.34
8351;Boca do Acre;AM;Municipal;3;487.1;481.57;482.1;513.6;206.67;434.21
8352;Sítio Novo;RN;Estadual;9;445.26;453.18;440.79;434.04;397.78;434.21
8353;Balsas;MA;Municipal;7;479.23;455.71;419.46;404.91;411.43;434.15
8354;Carutapera;MA;Municipal;5;430.2;466.72;430.9;394.16;448.0;434.0
8355;Lagoa do Tocantins;TO;Estadual;26;447.71;458.82;427.72;426.85;408.46;433.91
8356;São Miguel do Fidalgo;PI;Estadual;17;445.82;464.81;420.06;406.48;431.76;433.79
8357;Nilópolis;RJ;Municipal;1;442.7;351.7;400.6;511.8;460.0;433.36
8358;Sobral;CE;Municipal;1;474.5;438.3;420.5;473.3;360.0;433.32
8359;Regente Feijó;SP;Municipal;3;441.33;486.17;407.57;383.53;446.67;433.05
8360;Paranã;TO;Estadual;71;461.33;461.23;425.54;416.84;400.28;433.04
8361;Beberibe;CE;Municipal;1;376.0;371.0;441.7;415.7;560.0;432.88
8362;Paudalho;PE;Municipal;1;396.3;491.2;397.4;539.4;340.0;432.86
8363;Senador José Porfírio;PA;Municipal;1;432.4;510.5;453.0;348.3;420.0;432.84
8364;Belford Roxo;RJ;Municipal;4;474.28;452.7;411.35;440.68;385.0;432.8
8365;Boa Vista do Ramos;AM;Municipal;5;459.36;490.76;402.06;415.1;396.0;432.66
8366;Mucuri;BA;Municipal;2;442.4;449.75;422.1;428.6;420.0;432.57
8367;Mâncio Lima;AC;Municipal;2;477.4;462.05;428.5;354.25;440.0;432.44
8368;Itamonte;MG;Municipal;1;469.0;430.0;409.6;433.5;420.0;432.42
8369;Presidente Médici;MA;Municipal;1;521.3;360.0;437.0;363.8;480.0;432.42
8370;Timóteo;MG;Municipal;2;429.5;515.95;400.0;415.95;400.0;432.28
8371;Mulungu;PB;Municipal;1;512.1;415.5;400.9;392.4;440.0;432.18
8372;Mateiros;TO;Estadual;4;422.0;437.82;431.88;448.55;420.0;432.05
8373;Tabocas do Brejo Velho;BA;Municipal;1;536.9;526.0;367.3;449.7;280.0;431.98
8374;Santa Filomena do Maranhão;MA;Estadual;6;431.6;467.97;429.45;429.85;400.0;431.77
8375;Afonso Bezerra;RN;Estadual;21;463.09;448.86;416.07;428.88;401.9;431.76
8376;Melgaço;PA;Municipal;1;490.6;463.7;389.2;414.5;400.0;431.6
8377;Cajapió;MA;Municipal;1;416.4;468.6;450.1;381.7;440.0;431.36
8378;Várzea da Palma;MG;Municipal;1;451.2;435.8;382.9;406.4;480.0;431.26
8379;São Gonçalo do Amarante;CE;Municipal;5;460.74;433.36;429.0;447.74;384.0;430.97
8380;Senador Georgino Avelino;RN;Estadual;14;463.29;450.89;437.42;435.09;367.14;430.77
8381;São Lourenço da Mata;PE;Municipal;1;481.5;520.0;431.3;360.9;360.0;430.74
8382;Dom Bosco;MG;Municipal;2;393.55;431.55;426.65;491.45;410.0;430.64
8383;Novo Santo Antônio;MT;Estadual;11;444.55;472.71;418.22;419.21;398.18;430.57
8384;São Manuel;SP;Municipal;1;411.1;481.5;381.1;377.2;500.0;430.18
8385;Santana do Acaraú;CE;Municipal;7;445.3;476.0;429.04;403.01;397.14;430.1
8386;Tocantínia;TO;Estadual;54;447.61;465.27;430.89;413.95;392.22;429.99
8387;Ji-Paraná;RO;Municipal;1;421.1;445.0;422.0;479.6;380.0;429.54
8388;Redenção;CE;Municipal;2;447.35;469.9;434.2;446.25;350.0;429.54
8389;Remanso;BA;Municipal;5;448.12;458.92;410.56;440.24;388.0;429.17
8390;Riachão do Jacuípe;BA;Municipal;1;424.9;455.6;454.1;410.5;400.0;429.02
8391;Itacoatiara;AM;Municipal;12;454.2;448.24;429.43;422.56;390.0;428.89
8392;Elesbão Veloso;PI;Municipal;1;524.2;508.6;390.3;400.9;320.0;428.8
8393;Paço do Lumiar;MA;Municipal;1;450.8;335.4;445.0;392.3;520.0;428.7
8394;Alto Parnaíba;MA;Municipal;1;435.2;392.5;398.8;376.0;540.0;428.5
8395;Manacapuru;AM;Municipal;3;484.43;426.23;410.47;461.3;360.0;428.49
8396;Carmo do Rio Verde;GO;Municipal;1;403.6;447.1;471.9;419.1;400.0;428.34
8397;Formosa;GO;Municipal;1;421.4;470.1;480.4;389.8;380.0;428.34
8398;São Gonçalo do Amarante;RN;Municipal;6;437.02;459.25;417.6;400.43;426.67;428.19
8399;Gonçalves Dias;MA;Municipal;1;452.3;475.3;366.0;427.0;420.0;428.12
8400;São João da Barra;RJ;Municipal;1;446.6;417.5;438.6;396.9;440.0;427.92
8401;João Câmara;RN;Municipal;2;451.3;448.55;412.7;476.95;350.0;427.9
8402;Floriano;PI;Municipal;3;442.17;429.53;414.33;498.4;353.33;427.55
8403;Centro do Guilherme;MA;Municipal;2;427.6;441.8;423.2;384.05;460.0;427.33
8404;Parintins;AM;Municipal;30;439.51;446.95;429.68;409.4;410.67;427.24
8405;Maxaranguape;RN;Municipal;1;511.3;468.5;442.0;374.2;340.0;427.2
8406;Santa Filomena do Maranhão;MA;Municipal;6;464.22;448.6;427.57;431.68;363.33;427.08
8407;Apicum-Açu;MA;Municipal;3;454.37;479.5;457.6;395.23;346.67;426.67
8408;Itaueira;PI;Municipal;16;459.12;436.75;433.55;411.26;392.5;426.64
8409;Barra do Chapéu;SP;Municipal;1;467.1;492.0;426.7;427.4;320.0;426.64
8410;Cotriguaçu;MT;Municipal;1;435.0;425.0;404.6;427.7;440.0;426.46
8411;Vitorino Freire;MA;Municipal;3;495.73;438.03;438.77;359.3;400.0;426.37
8412;Eldorado;SP;Municipal;1;463.5;434.6;408.5;404.0;420.0;426.12
8413;Santa Maria das Barreiras;PA;Municipal;3;441.73;453.53;440.53;408.13;386.67;426.12
8414;Curionópolis;PA;Municipal;1;453.3;459.7;447.8;509.2;260.0;426.0
8415;Igarapé;MG;Municipal;1;575.8;476.6;436.5;380.3;260.0;425.84
8416;Dueré;TO;Estadual;35;442.66;449.0;424.88;404.97;407.43;425.79
8417;Piçarra;PA;Municipal;1;421.9;482.1;452.3;371.6;400.0;425.58
8418;Grajaú;MA;Municipal;8;494.98;473.39;421.1;410.35;327.5;425.46
8419;Quirinópolis;GO;Municipal;1;403.6;545.8;508.3;348.9;320.0;425.32
8420;Colniza;MT;Municipal;1;467.8;523.2;366.3;409.0;360.0;425.26
8421;São Francisco do Guaporé;RO;Municipal;3;483.87;461.5;445.77;440.43;293.33;424.98
8422;Monte Alegre do Piauí;PI;Municipal;2;416.1;463.1;425.9;419.15;400.0;424.85
8423;Anápolis;GO;Municipal;3;441.07;510.07;423.87;395.0;353.33;424.67
8424;Prainha;PA;Municipal;7;464.14;437.43;427.21;401.99;391.43;424.44
8425;Muaná;PA;Municipal;2;489.0;439.75;442.95;448.5;300.0;424.04
8426;Laranjal do Jari;AP;Privada;1;410.0;459.2;382.9;447.6;420.0;423.94
8427;Humaitá;AM;Municipal;4;464.5;445.68;432.2;381.75;395.0;423.82
8428;Joca Claudino;PB;Estadual;5;455.94;417.96;441.28;435.48;368.0;423.73
8429;Carnaubeira da Penha;PE;Municipal;1;455.5;462.9;366.5;433.5;400.0;423.68
8430;Santa Lúcia;SP;Municipal;1;471.1;422.9;388.0;435.8;400.0;423.56
8431;Capão da Canoa;RS;Municipal;2;417.4;411.3;475.6;451.95;360.0;423.25
8432;Pavussu;PI;Estadual;14;435.71;436.59;418.51;418.2;407.14;423.23
8433;Igarapé do Meio;MA;Municipal;1;382.7;425.9;414.1;373.0;520.0;423.14
8434;Paquetá;PI;Estadual;14;412.81;454.93;447.71;421.5;378.57;423.1
8435;São Raimundo das Mangabeiras;MA;Municipal;3;475.63;411.67;394.6;412.93;420.0;422.97
8436;Sapiranga;RS;Municipal;1;515.5;502.2;400.5;496.1;200.0;422.86
8437;Envira;AM;Municipal;3;423.17;436.17;382.87;397.97;473.33;422.7
8438;Riachão do Poço;PB;Municipal;2;439.65;464.25;412.05;397.1;400.0;422.61
8439;Água Preta;PE;Municipal;1;503.7;359.7;386.3;422.7;440.0;422.48
8440;Arvoredo;SC;Municipal;1;458.3;443.2;471.0;379.9;360.0;422.48
8441;Iguaracy;PE;Municipal;2;428.65;435.5;434.85;463.25;350.0;422.45
8442;São José da Lagoa Tapada;PB;Municipal;3;425.37;433.83;448.2;390.97;413.33;422.34
8443;Campo Maior;PI;Municipal;3;406.7;448.7;456.87;479.43;320.0;422.34
8444;Sombrio;SC;Municipal;1;436.2;463.2;440.3;369.0;400.0;421.74
8445;Campo Formoso;BA;Municipal;1;476.3;399.9;405.6;366.5;460.0;421.66
8446;Alhandra;PB;Municipal;1;468.9;430.5;402.9;405.5;400.0;421.56
8447;Bacabeira;MA;Municipal;1;406.4;458.9;444.8;377.2;420.0;421.46
8448;Ribeiro Gonçalves;PI;Municipal;1;515.5;400.9;441.7;368.7;380.0;421.36
8449;São Gotardo;MG;Municipal;1;417.1;427.5;429.0;492.0;340.0;421.12
8451;Araguapaz;GO;Municipal;1;407.0;475.2;489.7;392.4;340.0;420.86
8452;Ipatinga;MG;Municipal;1;388.5;500.6;413.1;501.2;300.0;420.68
8453;Nuporanga;SP;Municipal;1;393.0;436.9;514.9;378.3;380.0;420.62
8454;Carpina;PE;Municipal;3;462.33;440.73;426.4;425.57;346.67;420.34
8455;Ibipitanga;BA;Municipal;2;406.45;419.4;472.0;453.85;350.0;420.34
8456;Iranduba;AM;Municipal;1;518.2;438.1;399.8;365.3;380.0;420.28
8457;Poconé;MT;Municipal;2;446.3;492.35;410.55;371.4;380.0;420.12
8458;Tabuleiro do Norte;CE;Municipal;1;468.0;416.7;412.4;382.9;420.0;420.0
8459;Sítio Novo;MA;Municipal;1;419.6;477.0;425.8;437.6;340.0;420.0
8460;Manicoré;AM;Municipal;5;412.44;426.56;417.48;396.98;444.0;419.49
8461;Olho d'Água das Flores;AL;Municipal;1;509.9;474.1;393.2;377.5;340.0;418.94
8462;Esplanada;BA;Municipal;1;425.9;469.7;423.5;413.9;360.0;418.6
8463;Linhares;ES;Municipal;2;418.55;429.75;449.0;414.25;380.0;418.31
8464;Guarulhos;SP;Municipal;1;482.2;432.3;482.8;413.9;280.0;418.24
8465;Aracaju;SE;Municipal;1;408.0;463.5;475.2;464.1;280.0;418.16
8466;Cuité de Mamanguape;PB;Municipal;1;453.8;393.7;367.3;352.3;520.0;417.42
8467;Uiramutã;RR;Municipal;1;442.2;401.4;391.1;411.5;440.0;417.24
8468;Passira;PE;Municipal;1;484.0;432.2;367.6;441.9;360.0;417.14
8469;Canarana;MT;Municipal;1;476.9;513.9;404.1;390.6;300.0;417.1
8470;Primavera;PA;Municipal;2;437.75;421.4;469.8;465.7;290.0;416.93
8471;Capitão Poço;PA;Municipal;1;363.8;403.1;476.9;520.5;320.0;416.86
8472;Cacimbinhas;AL;Municipal;1;443.9;510.2;366.2;363.7;400.0;416.8
8473;Pontes e Lacerda;MT;Municipal;1;425.9;381.3;414.9;540.6;320.0;416.54
8474;Matões;MA;Municipal;1;512.7;402.0;388.9;477.5;300.0;416.22
8475;São Pedro do Piauí;PI;Municipal;1;454.3;373.8;452.5;419.5;380.0;416.02
8476;Rio Claro;SP;Municipal;1;452.6;435.9;436.2;434.2;320.0;415.78
8477;Muquém de São Francisco;BA;Municipal;1;478.5;452.4;383.5;404.3;360.0;415.74
8478;Barra do Corda;MA;Municipal;1;477.6;393.0;406.1;381.3;420.0;415.6
8479;Maiquinique;BA;Privada;2;470.1;484.25;391.6;411.35;320.0;415.46
8480;Araguaína;TO;Municipal;1;418.8;473.4;425.7;357.5;400.0;415.08
8481;Queimadas;BA;Municipal;1;418.0;446.1;503.3;347.9;360.0;415.06
8482;Lagoa de Itaenga;PE;Municipal;1;361.8;448.3;425.2;417.7;420.0;414.6
8483;Martinópolis;SP;Municipal;1;457.2;462.6;379.3;352.3;420.0;414.28
8484;Campo Novo;RS;Municipal;1;402.7;449.0;382.5;456.0;380.0;414.04
8485;Cururupu;MA;Municipal;3;426.87;440.63;424.07;404.63;373.33;413.91
8486;Lagarto;SE;Municipal;1;513.3;511.5;374.3;350.0;320.0;413.82
8487;Careiro da Várzea;AM;Municipal;1;433.9;374.3;478.7;420.5;360.0;413.48
8488;Bayeux;PB;Municipal;1;423.6;427.9;438.1;376.5;400.0;413.22
8489;Buíque;PE;Municipal;1;450.4;508.5;432.5;433.6;240.0;413.0
8490;São Manoel do Paraná;PR;Municipal;1;491.7;370.0;418.1;380.1;400.0;411.98
8491;Marema;SC;Municipal;1;443.5;357.8;522.4;454.3;280.0;411.6
8492;Corumbá;MS;Municipal;4;482.32;418.15;460.82;381.3;315.0;411.52
8493;Cachoeira Paulista;SP;Municipal;1;364.1;381.0;447.5;502.9;360.0;411.1
8494;Pindobaçu;BA;Municipal;1;421.6;407.1;499.8;386.7;340.0;411.04
8495;Vera;MT;Municipal;1;391.3;458.8;369.5;415.3;420.0;410.98
8496;Mata de São João;BA;Municipal;1;374.5;432.4;399.5;385.7;460.0;410.42
8497;Goiana;PE;Municipal;3;406.23;422.63;459.8;482.63;280.0;410.26
8498;Governador Jorge Teixeira;RO;Municipal;1;421.4;346.4;385.5;456.7;440.0;410.0
8499;Ourilândia do Norte;PA;Municipal;1;456.6;447.2;363.8;462.4;320.0;410.0
8500;São Leopoldo;RS;Municipal;2;387.95;436.1;431.15;384.3;410.0;409.9
8501;São Vicente Ferrer;MA;Municipal;1;443.1;390.3;460.4;375.5;380.0;409.86
8502;Ponta Porã;MS;Municipal;1;425.1;487.1;434.1;340.8;360.0;409.42
8503;Valença do Piauí;PI;Municipal;1;392.1;347.7;477.4;448.4;380.0;409.12
8504;Maruim;SE;Municipal;1;468.1;372.2;398.4;385.4;420.0;408.82
8505;Buriti dos Montes;PI;Municipal;1;415.2;436.4;413.1;418.6;360.0;408.66
8506;Morros;MA;Privada;1;566.3;457.9;403.4;372.6;240.0;408.04
8507;São Raimundo Nonato;PI;Municipal;2;364.25;424.2;428.4;373.1;450.0;407.99
8508;Correntina;BA;Municipal;1;353.4;443.7;379.6;461.2;400.0;407.58
8509;Governador Valadares;MG;Municipal;2;484.8;381.55;432.2;441.15;298.0;407.54
8510;Autazes;AM;Municipal;1;404.4;490.7;524.0;417.8;200.0;407.38
8511;Tonantins;AM;Municipal;3;380.93;426.27;411.8;397.8;420.0;407.36
8512;Afonso Bezerra;RN;Municipal;1;465.9;501.4;380.7;368.1;320.0;407.22
8513;Uruguaiana;RS;Municipal;1;412.9;454.1;527.3;441.2;200.0;407.1
8514;Cidade Ocidental;GO;Municipal;2;394.6;460.0;447.1;462.75;270.0;406.89
8515;Barra de São Miguel;PB;Municipal;1;380.2;384.4;410.5;516.6;340.0;406.34
8516;São Sebastião;SP;Municipal;1;394.1;489.6;376.9;467.8;300.0;405.68
8517;Itapecuru Mirim;MA;Municipal;3;448.53;490.7;404.37;396.67;286.67;405.39
8518;Uiramutã;RR;Estadual;1;414.7;346.2;465.9;430.6;360.0;403.48
8519;Faxinal dos Guedes;SC;Municipal;1;405.1;409.0;411.6;468.9;320.0;402.92
8520;Garrafão do Norte;PA;Municipal;1;453.5;451.2;391.3;516.3;200.0;402.46
8521;Campo Maior;PI;Federal;1;438.3;380.6;421.8;450.4;320.0;402.22
8522;Barreirinha;AM;Municipal;1;413.8;433.7;428.7;371.1;360.0;401.46
8523;América Dourada;BA;Municipal;1;459.3;382.5;449.7;394.8;320.0;401.26
8524;Lábrea;AM;Municipal;1;378.3;455.2;403.0;405.2;360.0;400.34
8525;Floresta do Araguaia;PA;Municipal;2;458.05;354.45;410.6;425.8;350.0;399.78
8526;Feira Nova do Maranhão;MA;Municipal;1;416.5;474.8;397.5;426.9;280.0;399.14
8527;Santa Carmem;MT;Municipal;1;407.9;410.8;392.2;424.7;360.0;399.12
8528;Cabedelo;PB;Municipal;1;402.5;431.1;412.8;409.0;340.0;399.08
8529;Uberlândia;MG;Municipal;2;456.2;419.75;453.05;385.4;280.0;398.88
8530;Bom Jesus da Lapa;BA;Municipal;4;396.9;424.3;453.98;417.38;300.0;398.51
8531;Porto Esperidião;MT;Municipal;1;385.4;369.4;470.4;443.8;320.0;397.8
8532;Amparo;PB;Municipal;1;453.7;410.1;388.5;394.3;340.0;397.32
8533;Araioses;MA;Municipal;1;459.3;381.8;400.0;364.9;380.0;397.2
8534;Novo Oriente do Piauí;PI;Municipal;1;367.6;404.2;417.9;394.7;400.0;396.88
8535;São Francisco do Brejão;MA;Municipal;1;449.7;338.9;447.6;388.2;360.0;396.88
8536;Nova Olinda do Norte;AM;Municipal;7;401.54;422.41;429.54;410.41;320.0;396.78
8537;Tabatinga;AM;Municipal;2;407.8;417.55;462.25;432.85;260.0;396.09
8538;São José dos Basílios;MA;Municipal;1;404.6;367.8;431.0;388.0;380.0;394.28
8539;Ipanguaçu;RN;Municipal;1;380.8;361.5;379.0;384.8;460.0;393.22
8540;Humberto de Campos;MA;Municipal;1;419.9;386.7;406.5;385.4;360.0;391.7
8541;Bom Jesus;PI;Municipal;1;468.3;373.9;401.2;343.8;360.0;389.44
8542;Itaipava do Grajaú;MA;Municipal;1;365.3;457.0;374.6;349.0;400.0;389.18
8543;Águas Lindas de Goiás;GO;Municipal;2;407.85;410.85;410.1;369.6;340.0;387.68
8544;Amambai;MS;Municipal;1;453.9;414.1;386.7;362.1;300.0;383.36
8545;São Mateus do Maranhão;MA;Municipal;1;515.6;421.1;428.9;408.1;140.0;382.74
8546;Alto Alegre do Maranhão;MA;Privada;1;406.0;465.6;396.5;424.4;220.0;382.5
8547;Mutuípe;BA;Municipal;1;384.8;385.5;389.4;406.3;340.0;381.2
8548;Santo Antônio do Retiro;MG;Municipal;1;377.8;423.9;377.5;362.5;360.0;380.34
8549;Corrente;PI;Municipal;1;461.3;421.6;482.3;351.8;180.0;379.4
8550;Lago do Junco;MA;Municipal;1;393.7;386.5;402.5;410.3;300.0;378.6
8551;Umuarama;PR;Municipal;1;394.8;377.9;376.1;370.8;360.0;375.92
8552;São Miguel do Guaporé;RO;Municipal;1;427.1;479.0;426.7;365.5;180.0;375.66
8553;Bom Jesus do Itabapoana;RJ;Municipal;1;379.0;385.1;428.4;350.5;300.0;368.6
8554;Igrejinha;RS;Municipal;1;396.6;376.4;415.2;493.0;160.0;368.24
8555;Teodoro Sampaio;BA;Municipal;1;361.0;448.1;437.9;429.4;160.0;367.28
8556;Unaí;MG;Municipal;1;326.1;365.7;413.2;400.3;240.0;349.06
