POSICAO;NO_MUNICIPIO_ESC;SG_UF_ESC;DEPENDENCIA;ALUNOS;LC;CH;CN;MT;RD;MEDIA
1;Morro da Garça;MG;Estadual;1;625.8;704.3;678.2;807.1;940.0;751.08
2;Viçosa;MG;Federal;145;628.61;678.95;652.34;776.47;884.0;724.08
3;Palmas;TO;Municipal;1;679.1;704.6;604.7;704.6;920.0;722.6
4;Bom Jesus do Norte;ES;Estadual;1;608.4;667.2;622.6;697.5;840.0;687.14
5;Siqueira Campos;PR;Privada;1;624.2;587.8;609.6;707.7;900.0;685.86
6;Angra dos Reis;RJ;Federal;19;613.39;679.35;640.74;779.43;715.79;685.74
7;Antônio Cardoso;BA;Municipal;1;610.0;638.5;610.5;673.4;880.0;682.48
8;Divinópolis;MG;Federal;72;601.58;644.68;605.59;714.95;832.5;679.86
9;Vitória;ES;Federal;241;600.51;637.88;621.63;722.48;806.06;677.71
10;Vila Velha;ES;Federal;98;599.68;636.42;614.07;690.73;822.86;672.75
11;Timóteo;MG;Federal;65;601.71;641.39;614.71;693.9;810.46;672.43
12;Venâncio Aires;RS;Privada;50;593.56;613.22;579.91;695.13;871.6;670.68
13;Estrela;RS;Privada;27;591.83;618.54;628.63;715.19;796.3;670.09
14;Acopiara;CE;Privada;9;560.91;632.41;590.67;673.21;884.44;668.33
15;Ipatinga;MG;Privada;376;579.38;612.28;592.91;688.13;863.78;667.3
16;Belo Horizonte;MG;Federal;604;597.02;638.8;609.38;707.52;772.19;664.98
17;Santa Rosa;RS;Federal;18;617.43;633.58;604.5;692.97;768.89;663.47
18;Paraguaçu;MG;Privada;1;540.7;648.2;551.1;695.3;880.0;663.06
19;Porteirinha;MG;Privada;2;629.45;653.3;603.95;696.6;730.0;662.66
20;Rio Tinto;PB;Privada;10;601.79;642.74;577.27;634.33;852.0;661.63
21;Juruti;PA;Privada;10;608.92;624.43;580.47;625.13;860.0;659.79
22;Saudade do Iguaçu;PR;Estadual;1;597.3;632.2;611.4;697.2;760.0;659.62
23;Cachoeiro de Itapemirim;ES;Federal;75;593.54;625.84;614.07;694.6;768.8;659.37
24;Giruá;RS;Privada;1;586.3;647.9;555.8;626.6;880.0;659.32
25;Guarapari;ES;Federal;98;593.57;622.84;587.7;696.48;789.59;658.04
26;Nova Era;MG;Privada;13;579.57;628.25;602.15;683.21;795.38;657.71
27;Santa Maria;RS;Federal;162;589.19;626.07;594.6;685.45;792.59;657.58
28;Papagaios;MG;Privada;5;573.8;620.44;594.4;670.1;828.0;657.35
29;Montes Claros;MG;Federal;65;580.52;608.79;594.77;685.08;815.38;656.91
30;Ivinhema;MS;Privada;2;599.4;603.45;582.4;646.6;850.0;656.37
31;Medianeira;PR;Privada;30;579.49;635.7;580.95;693.67;791.33;656.23
32;São Carlos;SP;Municipal;1;569.7;607.8;553.0;646.0;900.0;655.3
33;Paraisópolis;MG;Privada;35;583.01;613.05;570.34;688.51;819.43;654.87
34;Contagem;MG;Federal;67;587.61;627.37;596.06;675.02;786.27;654.47
35;Campo Bom;RS;Municipal;2;597.45;628.9;582.55;741.35;720.0;654.05
36;Canoas;RS;Municipal;1;575.0;630.1;579.3;684.4;800.0;653.76
37;Sidrolândia;MS;Privada;9;596.78;597.01;586.78;672.32;815.56;653.69
38;Teutônia;RS;Privada;27;589.04;617.45;597.67;671.43;791.85;653.49
39;Ervália;MG;Privada;16;557.17;590.73;571.68;652.63;895.0;653.44
40;Paverama;RS;Estadual;4;586.38;642.12;585.72;662.0;785.0;652.24
41;Novo Tiradentes;RS;Estadual;3;568.23;609.97;646.27;676.33;760.0;652.16
42;Barroso;MG;Privada;13;571.24;599.16;583.09;654.41;850.77;651.73
43;Conselheiro Lafaiete;MG;Federal;61;572.73;614.44;574.22;672.83;822.95;651.43
44;Colorado;PR;Privada;20;564.76;596.74;573.25;640.68;881.0;651.29
45;Florestal;MG;Federal;58;577.91;616.89;587.18;688.06;785.86;651.18
46;Governador Valadares;MG;Federal;81;593.0;628.13;575.72;681.94;776.05;650.97
47;Barbacena;MG;Federal;121;587.72;626.12;586.88;689.85;761.98;650.51
48;Nacip Raydan;MG;Estadual;2;554.45;623.55;504.1;628.55;940.0;650.13
49;São João del Rei;MG;Privada;160;574.77;605.92;572.18;667.74;827.5;649.62
50;Esmeraldas;MG;Privada;3;543.27;626.03;539.83;631.33;906.67;649.43
51;Três de Maio;RS;Privada;53;581.38;605.37;577.45;668.48;813.58;649.25
52;Quixeramobim;CE;Privada;22;571.82;602.38;566.97;665.58;837.27;648.81
53;Junqueirópolis;SP;Privada;20;573.92;589.9;569.34;673.66;837.0;648.76
54;Encantado;RS;Privada;10;587.72;596.84;571.37;686.39;800.0;648.46
55;Serra;ES;Federal;83;601.63;630.77;584.66;698.49;726.27;648.36
56;São Geraldo da Piedade;MG;Estadual;2;598.1;633.4;528.9;641.1;840.0;648.3
57;Recife;PE;Federal;587;588.7;620.38;582.46;681.19;768.69;648.29
58;Cariacica;ES;Federal;91;590.79;621.93;579.25;674.85;774.51;648.27
59;Malhador;SE;Privada;19;554.5;589.21;570.63;655.43;871.58;648.27
60;São Mateus;ES;Federal;52;588.91;611.9;582.47;674.57;782.31;648.03
61;Piracuruca;PI;Privada;6;555.45;586.17;577.92;638.35;880.0;647.58
62;Campo Mourão;PR;Municipal;1;574.4;570.2;579.1;674.0;840.0;647.54
63;Itaúna;MG;Privada;104;578.97;604.62;581.21;680.47;791.73;647.4
64;Sacramento;MG;Privada;10;567.67;608.64;587.86;677.91;792.0;646.82
65;Piau;MG;Estadual;3;592.0;645.5;571.33;685.17;740.0;646.8
66;Caxambu;MG;Privada;65;571.46;605.32;568.51;664.44;823.69;646.68
67;Belo Horizonte;MG;Privada;4752;580.18;611.95;578.65;668.71;793.8;646.66
68;Rio Pomba;MG;Privada;11;584.88;612.26;569.88;664.48;800.0;646.3
69;Nova Lima;MG;Privada;209;577.51;607.63;572.83;676.57;794.83;645.87
70;Arroio do Meio;RS;Privada;19;574.38;612.37;558.97;666.25;816.84;645.76
71;Matozinhos;MG;Privada;10;574.78;609.81;600.93;663.97;778.0;645.5
72;São Pedro dos Crentes;MA;Municipal;1;558.2;612.9;502.9;673.4;880.0;645.48
73;Santa Cruz do Sul;RS;Privada;143;580.57;607.94;573.03;651.45;814.13;645.42
74;São Gonçalo do Sapucaí;MG;Privada;30;566.83;600.32;567.92;684.04;807.33;645.29
75;Portão;RS;Privada;26;597.32;618.71;592.53;693.52;723.08;645.03
76;Osório;RS;Privada;30;563.41;594.36;563.22;641.89;860.67;644.71
77;Brazópolis;MG;Privada;15;572.76;637.82;566.77;668.23;774.67;644.05
78;Sarzedo;MG;Privada;2;594.9;623.15;591.2;708.25;700.0;643.5
79;Caetité;BA;Privada;53;570.53;602.74;549.55;637.08;856.98;643.38
80;Betim;MG;Federal;113;578.81;616.05;587.35;680.23;752.92;643.07
81;Limoeiro do Norte;CE;Privada;125;553.34;588.03;563.8;647.13;862.4;642.94
82;Janaúba;MG;Federal;49;573.51;605.35;559.56;664.9;809.8;642.62
83;Sarandi;RS;Privada;16;594.83;606.31;590.3;648.67;772.5;642.52
84;Ubá;MG;Privada;166;562.38;600.99;570.93;663.59;813.98;642.37
85;Ouro Branco;MG;Federal;104;579.35;618.32;559.55;671.85;780.0;641.81
86;São Leopoldo;RS;Privada;153;577.8;613.69;570.58;670.74;775.16;641.59
87;Pompéu;MG;Privada;9;548.24;603.2;547.48;643.58;862.22;640.94
88;Timóteo;MG;Privada;128;562.71;594.41;564.29;642.68;840.0;640.82
89;Divinópolis;MG;Privada;233;563.85;595.33;558.61;663.58;822.06;640.69
90;Volta Redonda;RJ;Federal;59;578.26;613.51;579.85;692.59;738.31;640.5
91;Pará de Minas;MG;Privada;87;561.92;584.54;564.2;660.17;830.34;640.24
92;Varginha;MG;Federal;89;573.03;608.97;556.72;669.57;791.91;640.04
93;Pinhalzinho;SC;Privada;18;560.82;605.63;558.52;661.21;813.33;639.9
94;Capelinha;MG;Privada;13;556.06;596.18;554.82;642.22;849.23;639.7
95;São Sebastião do Paraíso;MG;Privada;57;557.19;592.76;556.41;647.81;844.21;639.68
96;Valinhos;SP;Privada;376;580.32;607.55;591.29;677.21;741.91;639.66
97;Minaçu;GO;Privada;16;553.73;580.8;551.62;663.31;848.75;639.64
98;Monte Sião;MG;Privada;33;567.82;610.3;559.06;649.7;810.3;639.44
99;Arcos;MG;Privada;45;566.8;594.91;549.07;677.12;808.0;639.18
100;Nilópolis;RJ;Federal;102;579.71;619.39;589.19;667.93;739.02;639.05
101;Nova Friburgo;RJ;Federal;30;584.99;611.88;549.63;668.34;778.0;638.57
102;Porto União;SC;Privada;38;578.64;605.65;584.18;656.31;767.89;638.53
103;Mineiros;GO;Privada;47;561.49;594.49;564.36;641.69;830.21;638.45
104;Pato Branco;PR;Federal;25;574.07;625.58;560.71;670.22;761.6;638.43
105;Petrópolis;RJ;Federal;33;590.55;633.33;571.45;690.34;706.06;638.35
106;Curitiba;PR;Federal;271;584.22;614.88;585.06;681.07;726.05;638.26
107;Santa Teresa;ES;Privada;8;572.92;619.72;585.94;657.44;755.0;638.21
108;Mossoró;RN;Federal;147;577.44;605.53;561.3;655.42;791.29;638.19
109;Joinville;SC;Federal;81;588.41;620.8;579.37;687.25;712.35;637.64
110;São Félix de Balsas;MA;Estadual;1;508.6;543.2;462.2;734.1;940.0;637.62
111;Uberaba;MG;Privada;401;568.84;597.21;564.42;642.5;814.06;637.41
112;Aracruz;ES;Federal;71;573.78;618.64;574.31;665.85;753.8;637.28
113;Diamantina;MG;Privada;34;556.55;589.83;559.19;638.59;840.59;636.95
114;Viçosa;MG;Privada;187;558.77;588.35;565.17;644.91;825.88;636.62
115;Sapucaia;RJ;Privada;2;576.4;604.1;523.85;658.05;820.0;636.48
116;Muriaé;MG;Federal;91;566.29;597.68;564.23;658.77;795.38;636.47
117;Araxá;MG;Privada;78;562.78;594.76;558.18;640.51;825.9;636.43
118;Bocaina de Minas;MG;Estadual;2;596.0;667.2;575.85;682.95;660.0;636.4
119;Itapoá;SC;Privada;5;575.64;601.64;602.54;648.88;752.0;636.14
120;Canoas;RS;Federal;62;594.16;617.83;574.5;688.29;705.48;636.05
121;Carmo do Rio Claro;MG;Privada;24;557.38;588.32;556.8;644.18;833.33;636.0
122;Xaxim;SC;Privada;7;575.33;580.2;607.73;690.74;725.71;635.94
123;Piraju;SP;Privada;16;583.93;602.59;559.01;678.99;755.0;635.9
124;Campo Belo;MG;Privada;70;548.58;592.48;561.38;660.06;816.86;635.87
125;Raul Soares;MG;Privada;13;562.98;613.3;557.42;600.78;843.08;635.51
126;Vera Cruz;RS;Privada;25;579.9;596.48;562.02;650.32;788.8;635.5
127;Vitória;ES;Privada;952;564.79;592.05;567.63;643.29;809.18;635.39
128;Lagoa Vermelha;RS;Privada;25;576.82;599.87;551.1;648.96;799.2;635.19
129;Itaparica;BA;Privada;6;573.55;609.07;557.63;627.93;806.67;634.97
130;Jaguaruana;CE;Privada;10;565.37;613.16;570.62;639.59;786.0;634.95
131;Osório;RS;Federal;77;584.04;625.82;569.11;666.11;729.61;634.94
132;Uberlândia;MG;Privada;896;565.3;594.73;561.97;634.32;817.68;634.8
133;Poços de Caldas;MG;Privada;231;569.3;593.61;563.4;652.62;794.55;634.69
134;Sabará;MG;Federal;69;577.53;611.18;571.76;657.1;755.65;634.64
135;Bozano;RS;Estadual;3;499.07;624.3;581.13;635.33;833.33;634.63
136;Dom Pedro;MA;Privada;17;571.92;605.95;556.13;627.86;810.59;634.49
137;Timbó;SC;Privada;21;567.35;588.72;579.71;668.41;767.62;634.36
138;Lajeado;RS;Privada;132;566.51;600.43;571.36;653.45;779.85;634.32
139;Nova Venécia;ES;Federal;66;563.67;604.25;573.51;653.13;775.76;634.06
140;Pouso Alegre;MG;Privada;239;563.64;590.55;570.34;647.6;797.99;634.03
141;Carmo de Minas;MG;Federal;25;575.16;585.47;576.75;662.95;769.6;633.98
142;Leopoldina;MG;Federal;58;568.3;607.88;575.29;671.57;745.17;633.64
143;Governador Valadares;MG;Privada;275;562.06;581.59;556.76;649.79;817.16;633.47
144;Nova Candelária;RS;Estadual;1;610.5;627.2;593.5;695.8;640.0;633.4
145;Nova Prata;RS;Privada;17;561.78;567.05;542.46;600.18;895.29;633.35
146;Sete Lagoas;MG;Privada;339;564.77;592.06;559.21;648.76;801.65;633.29
147;Pouso Alegre;MG;Federal;58;580.65;605.33;533.57;660.98;785.86;633.28
148;Teofilândia;BA;Privada;37;561.67;581.7;545.35;635.86;841.08;633.13
149;Santa Luzia;MG;Federal;46;583.89;609.13;555.12;656.67;760.43;633.05
150;Congonhas;MG;Federal;82;570.14;602.34;573.55;664.46;754.15;632.93
151;Ribeirão das Neves;MG;Federal;78;569.94;602.86;565.13;642.01;784.62;632.91
152;Maravilha;SC;Privada;7;590.07;621.39;610.56;664.86;677.14;632.8
153;Marechal Cândido Rondon;PR;Privada;100;559.08;579.51;567.68;653.81;802.4;632.5
154;Guapimirim;RJ;Privada;17;556.81;569.57;558.75;657.19;820.0;632.46
155;João Monlevade;MG;Privada;100;552.83;583.03;569.57;650.44;805.8;632.33
156;Bataguassu;MS;Privada;1;633.9;709.7;585.4;632.6;600.0;632.32
157;Espera Feliz;MG;Privada;20;574.74;615.01;554.69;636.03;781.0;632.29
158;São Lourenço;MG;Privada;83;568.82;593.09;558.8;644.67;795.66;632.21
159;Três Corações;MG;Privada;76;567.94;583.6;557.43;635.97;815.26;632.04
160;Bento Gonçalves;RS;Federal;101;582.78;605.49;565.51;649.35;756.24;631.87
161;Piracicaba;SP;Federal;44;576.5;606.3;567.01;635.25;773.18;631.65
162;Aricanduva;MG;Estadual;2;565.55;569.15;592.7;529.15;900.0;631.31
163;Comodoro;MT;Privada;2;621.75;546.3;606.8;601.2;780.0;631.21
164;Lavras;MG;Privada;252;560.91;593.53;557.74;639.5;804.21;631.18
165;Cerro Largo;RS;Privada;28;559.16;585.43;578.55;647.97;784.29;631.08
166;Itabira;MG;Privada;106;565.82;590.52;555.36;652.44;791.13;631.05
167;Tucano;BA;Privada;24;575.38;596.23;571.51;641.38;768.33;630.57
168;Formiga;MG;Privada;80;558.08;589.43;552.68;645.17;806.0;630.27
169;Santa Cruz das Palmeiras;SP;Privada;43;558.68;587.19;587.84;636.84;779.53;630.02
170;Colíder;MT;Privada;5;530.56;568.52;598.76;691.98;760.0;629.96
171;Bady Bassitt;SP;Privada;6;566.57;571.87;601.57;632.27;776.67;629.79
172;Ponte Nova;MG;Federal;65;579.54;613.72;557.85;653.5;744.0;629.72
173;Três Marias;MG;Privada;8;550.08;575.05;570.38;635.54;817.5;629.71
174;São Miguel Arcanjo;SP;Privada;7;579.26;566.49;574.16;625.03;802.86;629.56
175;Manhuaçu;MG;Privada;103;554.85;582.71;568.4;642.4;799.42;629.55
176;Batalha;PI;Privada;4;537.58;555.08;559.5;643.35;850.0;629.1
177;Guaratuba;PR;Privada;14;583.53;614.69;568.41;646.04;732.86;629.1
178;Lagoa Santa;MG;Privada;81;565.23;591.96;551.9;649.14;787.16;629.08
179;Caruaru;PE;Federal;90;567.07;609.32;563.64;659.37;745.78;629.04
180;Macaé;RJ;Federal;122;580.53;606.24;576.32;648.36;732.95;628.88
181;Luz;MG;Privada;28;547.91;590.05;562.43;638.45;805.0;628.77
182;Amparo;SP;Privada;102;570.69;589.53;583.99;658.05;741.37;628.73
183;Varginha;MG;Privada;210;562.85;585.8;548.13;635.74;810.67;628.64
184;Seropédica;RJ;Federal;40;579.11;604.58;574.24;646.78;738.5;628.64
185;Muzambinho;MG;Privada;11;581.06;571.09;579.97;615.91;794.55;628.52
186;Arapiraca;AL;Federal;142;564.75;588.38;557.79;663.29;766.2;628.08
187;Florianópolis;SC;Federal;300;578.99;602.88;574.67;662.53;721.2;628.05
188;Itajubá;MG;Privada;212;566.52;585.58;561.48;641.49;783.87;627.79
189;Roca Sales;RS;Privada;22;558.42;590.67;533.05;658.61;798.18;627.79
190;Lagoa da Prata;MG;Privada;57;553.99;577.83;544.77;647.18;814.74;627.7
191;São Gonçalo;RJ;Federal;88;564.66;591.98;561.06;648.22;772.05;627.6
192;Guanhães;MG;Privada;19;547.18;591.13;526.08;673.02;798.95;627.27
193;Alto Bela Vista;SC;Estadual;2;574.45;572.85;555.2;633.05;800.0;627.11
194;Salvador;BA;Federal;550;578.25;613.63;561.32;644.85;736.87;626.99
195;Viana;ES;Federal;56;549.91;578.26;566.19;642.27;797.86;626.9
196;Valente;BA;Privada;9;566.54;595.51;544.66;602.68;824.44;626.77
197;Tupi Paulista;SP;Privada;25;554.46;580.26;568.33;643.98;786.4;626.69
198;Juazeiro do Norte;CE;Privada;301;552.19;582.95;550.56;628.08;819.67;626.69
199;Sertãozinho;SP;Federal;55;570.12;597.54;576.24;663.33;725.82;626.61
200;Caxias do Sul;RS;Federal;127;579.81;616.13;580.42;648.31;708.19;626.57
201;Itaocara;RJ;Privada;34;548.31;580.91;544.62;632.08;826.47;626.48
202;Goioerê;PR;Municipal;1;522.4;568.0;569.5;692.1;780.0;626.4
203;Rio de Janeiro;RJ;Federal;1695;575.54;604.76;562.52;646.52;742.27;626.32
204;Amargosa;BA;Privada;34;569.56;603.56;545.54;630.8;781.76;626.24
205;Ascurra;SC;Privada;4;553.22;581.0;576.0;615.45;805.0;626.14
206;Colatina;ES;Federal;220;556.82;588.81;568.1;647.3;769.64;626.13
207;Farroupilha;RS;Federal;25;568.46;604.33;566.07;683.46;708.0;626.07
208;Araxá;MG;Federal;92;556.86;573.5;544.55;620.41;834.78;626.02
209;Guarulhos;SP;Federal;2;587.2;622.7;547.0;583.1;790.0;626.0
210;Poço Fundo;MG;Privada;9;572.97;613.1;552.04;633.63;757.78;625.9
211;Monte Mor;SP;Privada;11;557.85;605.42;601.28;668.55;696.36;625.89
212;Manhumirim;MG;Privada;24;558.76;604.3;570.21;654.23;741.67;625.83
213;Passos;MG;Municipal;1;548.0;563.6;485.3;691.3;840.0;625.64
214;Águas Formosas;MG;Privada;9;572.98;598.59;552.2;628.84;775.56;625.63
215;Cândido Mota;SP;Privada;8;530.29;566.67;569.65;643.74;817.5;625.57
216;São Gabriel do Oeste;MS;Privada;12;564.17;572.78;571.36;671.91;746.67;625.38
217;Oliveira;MG;Privada;49;553.48;577.16;558.35;640.07;797.55;625.32
218;Patrocínio;MG;Federal;62;556.76;575.87;546.33;623.15;822.9;625.0
219;Patos de Minas;MG;Privada;232;560.33;581.55;556.27;633.02;792.84;624.8
220;Carlos Barbosa;RS;Privada;15;582.77;603.6;548.14;649.12;740.0;624.73
221;Curvelo;MG;Federal;79;563.32;603.37;565.48;643.55;747.59;624.66
222;São José dos Campos;SP;Privada;1615;566.42;592.78;566.81;650.34;746.84;624.64
223;Bom Despacho;MG;Privada;38;560.25;580.7;565.49;649.5;766.84;624.56
224;Ipatinga;MG;Federal;70;570.03;592.92;565.36;653.57;740.86;624.55
225;Ipuiúna;MG;Privada;6;534.05;569.88;548.97;652.47;816.67;624.41
226;Caratinga;MG;Privada;52;566.97;583.17;546.12;644.85;780.77;624.38
227;Brusque;SC;Privada;93;564.74;592.04;563.17;643.38;757.85;624.24
228;Niterói;RJ;Federal;178;576.84;602.46;550.26;629.37;762.13;624.21
229;Agudos;SP;Privada;27;576.23;589.24;546.39;649.89;759.26;624.2
230;São João da Boa Vista;SP;Privada;212;559.51;589.38;564.15;640.56;766.51;624.02
231;Porto Alegre;RS;Federal;202;575.32;601.96;574.33;651.93;716.53;624.02
232;Juiz de Fora;MG;Federal;263;567.29;598.28;564.12;646.67;741.9;623.65
233;Presidente Bernardes;SP;Privada;16;566.87;586.43;556.66;626.96;781.25;623.64
234;Montes Claros;MG;Privada;681;555.83;581.96;553.96;620.09;805.43;623.45
235;Adamantina;SP;Privada;56;551.35;586.75;576.16;657.9;745.0;623.43
236;Itamonte;MG;Municipal;1;602.1;637.1;583.8;672.7;620.0;623.14
237;Juiz de Fora;MG;Privada;1133;564.95;590.48;553.96;636.02;769.51;622.99
238;Cláudio;MG;Privada;14;560.26;607.49;561.89;621.64;762.86;622.83
239;Nova Friburgo;RJ;Privada;367;558.16;584.51;545.88;627.0;797.55;622.62
240;Areado;MG;Privada;17;556.11;574.56;558.91;642.82;780.0;622.48
241;Serafina Corrêa;RS;Privada;6;562.18;593.9;569.17;646.88;740.0;622.43
242;Brejo de Areia;MA;Estadual;1;547.5;616.5;554.2;653.8;740.0;622.4
243;Crato;CE;Privada;92;556.41;582.02;554.28;621.72;797.39;622.37
244;Primavera do Leste;MT;Municipal;1;554.8;658.0;470.6;648.4;780.0;622.36
245;São Carlos;SP;Privada;467;558.25;586.03;565.1;638.33;764.03;622.35
246;Campinas;SP;Federal;45;571.13;606.26;554.59;658.21;721.33;622.31
247;Novo Horizonte;SP;Privada;42;536.89;565.72;554.61;618.36;834.76;622.07
248;Ouro Fino;MG;Privada;35;561.53;576.34;559.77;639.44;772.57;621.93
249;Limoeiro;PE;Privada;179;549.38;580.23;557.5;631.86;790.5;621.89
250;Feliz;RS;Federal;47;556.67;608.26;574.02;657.39;712.77;621.82
251;Vacaria;RS;Privada;43;571.25;585.8;560.33;652.4;738.6;621.68
252;Cidade Gaúcha;PR;Privada;3;584.4;620.03;608.57;621.83;673.33;621.63
253;Crateús;CE;Privada;43;546.54;573.91;541.25;616.23;828.84;621.35
254;Boa Esperança;MG;Privada;58;548.7;584.37;574.18;652.47;746.9;621.32
255;Barueri;SP;Privada;216;565.55;585.03;567.68;645.36;741.85;621.09
256;Sombrio;SC;Privada;7;540.07;579.19;542.24;612.5;831.43;621.09
257;Votuporanga;SP;Privada;133;556.41;578.7;561.33;635.97;771.28;620.74
258;Teresópolis;RJ;Privada;183;568.18;584.98;549.97;626.72;773.55;620.68
259;Resende;RJ;Privada;201;558.34;580.7;553.13;632.85;777.91;620.59
260;Itanhandu;MG;Privada;33;556.08;599.73;549.19;622.65;775.15;620.56
261;Passo Fundo;RS;Federal;17;568.93;602.19;559.34;679.26;692.94;620.53
262;Lambari;MG;Privada;6;541.92;569.22;547.08;627.35;816.67;620.45
263;Luziânia;GO;Federal;61;569.31;600.56;550.94;616.38;764.92;620.42
264;Goiânia;GO;Privada;3646;558.99;583.91;554.01;623.32;781.84;620.41
265;Macaúbas;BA;Privada;23;549.51;575.15;535.41;601.83;840.0;620.38
266;Lajeado;RS;Federal;15;575.78;592.26;573.21;648.43;712.0;620.34
267;Ibirubá;RS;Federal;71;566.12;602.57;554.13;632.48;745.92;620.25
268;Natal;RN;Federal;541;570.86;597.71;551.32;632.4;748.35;620.13
269;São Domingos do Maranhão;MA;Privada;8;556.28;582.71;523.88;675.21;762.5;620.12
270;Veranópolis;RS;Privada;49;536.77;564.59;546.8;614.37;837.55;620.02
271;Ibirité;MG;Privada;1;570.7;626.3;571.5;671.6;660.0;620.02
272;Bambuí;MG;Privada;21;546.22;584.8;549.51;634.03;784.76;619.87
273;Campo Grande;MS;Federal;274;564.72;590.25;568.46;655.06;720.51;619.8
274;Linhares;ES;Federal;100;557.79;590.01;558.31;636.65;756.0;619.75
275;Goianésia;GO;Privada;39;550.14;583.16;556.23;628.67;780.51;619.74
276;Eusébio;CE;Privada;24;554.21;585.5;545.3;644.39;769.17;619.71
277;Andradas;MG;Privada;42;546.22;577.8;566.6;611.61;796.19;619.68
278;Serra Negra;SP;Privada;22;562.85;596.76;583.9;640.86;713.64;619.6
279;Pereira Barreto;SP;Privada;19;560.51;595.16;572.55;631.83;737.89;619.59
280;Ariquemes;RO;Privada;20;561.1;581.0;544.36;605.38;806.0;619.57
281;Matão;SP;Municipal;44;580.6;598.36;582.19;645.03;691.36;619.51
282;Governador Mangabeira;BA;Privada;4;534.9;571.12;552.38;568.4;870.0;619.36
283;Pirangi;SP;Privada;15;564.67;584.12;570.63;651.99;725.33;619.35
284;Duque de Caxias;RJ;Federal;146;570.33;596.79;567.55;623.74;737.81;619.24
285;São João Nepomuceno;MG;Privada;40;557.94;585.09;541.54;621.73;788.5;618.96
286;Jaguaruana;CE;Municipal;1;579.1;595.2;562.2;698.2;660.0;618.94
287;Cachoeiro de Itapemirim;ES;Privada;214;539.98;564.01;554.22;632.8;802.8;618.76
288;Potirendaba;SP;Privada;6;572.78;590.72;566.17;600.8;763.33;618.76
289;Luzerna;SC;Federal;49;570.26;605.5;555.4;636.53;725.71;618.68
290;Abaeté;MG;Privada;17;563.75;576.59;542.69;651.41;758.82;618.65
291;Valença;RJ;Privada;37;548.49;581.08;535.56;622.6;805.41;618.63
292;Santiago;RS;Privada;40;572.72;594.31;548.91;622.24;754.5;618.54
293;Erechim;RS;Privada;112;557.29;574.3;561.79;647.41;751.61;618.48
294;Porto Alegre;RS;Privada;2540;570.46;593.33;549.73;633.38;745.03;618.39
295;Brasilândia do Sul;PR;Estadual;1;535.8;506.0;490.0;679.8;880.0;618.32
296;São José do Rio Pardo;SP;Privada;82;554.31;578.21;556.5;626.22;776.1;618.27
297;Alpinópolis;MG;Privada;27;537.5;548.37;548.36;615.27;841.48;618.2
298;Ibitinga;SP;Privada;36;570.71;577.27;568.84;620.72;753.33;618.18
299;Campo Largo;PR;Federal;47;570.49;605.97;567.9;642.06;704.26;618.13
300;Jaraguá do Sul;SC;Privada;244;551.28;576.0;562.37;641.57;759.34;618.11
301;Pirassununga;SP;Privada;97;559.05;585.7;561.52;618.12;765.57;617.99
302;Monte Azul Paulista;SP;Privada;1;577.3;623.7;559.4;649.5;680.0;617.98
303;Toledo;PR;Privada;158;554.97;582.72;558.02;641.07;752.91;617.94
304;Teresina;PI;Privada;2599;549.72;573.1;545.89;618.76;801.92;617.88
305;Piumhi;MG;Federal;30;554.53;578.15;572.41;647.63;736.67;617.87
306;Ipameri;GO;Privada;11;544.58;572.89;538.47;629.25;803.64;617.77
307;Sobral;CE;Privada;384;543.71;578.26;548.15;628.43;789.9;617.69
308;Florianópolis;SC;Privada;1351;565.18;592.27;562.59;641.15;726.69;617.58
309;Mucuri;BA;Privada;57;542.41;565.2;542.22;637.56;800.0;617.48
310;Niterói;RJ;Privada;1669;555.43;580.24;543.16;630.01;778.44;617.46
311;Teófilo Otoni;MG;Privada;93;554.72;587.79;544.18;638.28;762.15;617.42
312;Jataí;GO;Privada;143;542.06;577.45;549.59;631.61;786.15;617.37
313;Patos de Minas;MG;Federal;70;557.35;587.44;549.77;633.06;759.14;617.35
314;Guaporé;RS;Privada;22;578.1;590.24;558.9;619.97;739.09;617.26
315;Passos;MG;Privada;128;551.44;576.89;544.51;634.25;779.06;617.23
316;Aquidauana;MS;Privada;7;548.64;591.33;577.63;650.81;717.14;617.11
317;Pedro Leopoldo;MG;Privada;51;556.54;586.54;548.54;634.62;759.22;617.09
318;Jacutinga;MG;Privada;23;544.51;588.81;576.93;668.16;706.96;617.07
319;São Valentim do Sul;RS;Estadual;4;569.55;601.4;542.62;611.33;760.0;616.98
320;Morrinhos;GO;Privada;7;578.21;560.06;566.1;608.73;771.43;616.91
321;Poços de Caldas;MG;Federal;34;573.02;596.31;549.16;660.12;705.88;616.9
322;Monte Santo de Minas;MG;Privada;9;560.64;580.52;534.62;564.21;844.44;616.89
323;Volta Redonda;RJ;Privada;372;558.6;579.78;546.72;624.66;774.68;616.89
324;Coari;AM;Privada;1;573.4;626.0;567.6;557.4;760.0;616.88
325;Pacajus;CE;Privada;69;548.57;583.27;548.87;610.24;793.04;616.8
326;Jaú;SP;Privada;228;561.02;580.81;561.15;625.01;755.96;616.79
327;São Bento do Sul;SC;Federal;74;557.4;597.59;559.87;642.46;726.49;616.76
328;Fortaleza;CE;Federal;360;563.84;592.27;555.0;638.2;734.33;616.73
329;Pedra Bela;SP;Estadual;1;616.4;558.7;518.6;649.9;740.0;616.72
330;Atibaia;SP;Privada;211;562.28;583.64;562.58;644.4;730.33;616.65
331;São Miguel do Guamá;PA;Privada;18;531.12;546.31;544.07;592.71;868.89;616.62
332;Engenheiro Paulo de Frontin;RJ;Federal;14;563.76;591.41;549.96;627.86;750.0;616.6
333;João Pinheiro;MG;Privada;38;555.82;572.18;563.36;615.74;775.79;616.58
334;Itabaiana;SE;Privada;218;540.94;570.31;537.39;617.38;816.88;616.58
335;Itapipoca;CE;Privada;22;535.94;578.27;558.31;657.46;752.73;616.54
336;Parnamirim;RN;Federal;109;557.85;594.67;559.08;644.52;726.61;616.54
337;Caçu;GO;Privada;9;559.77;588.76;542.71;602.06;788.89;616.44
338;Conselheiro Lafaiete;MG;Privada;59;559.58;573.38;552.11;617.02;779.66;616.35
339;Passo Fundo;RS;Privada;201;569.77;576.84;551.66;616.24;766.67;616.24
340;Lima Duarte;MG;Privada;6;563.37;618.47;546.47;625.55;726.67;616.1
341;Realeza;PR;Privada;11;553.71;588.93;574.24;594.15;769.09;616.02
342;Bom Jardim;RJ;Privada;37;549.87;567.44;537.15;608.27;817.3;616.01
343;Paraguaçu Paulista;SP;Privada;35;567.16;592.27;543.1;624.28;753.14;615.99
344;Pombal;PB;Privada;19;537.36;575.29;521.36;625.75;820.0;615.95
345;Barreiras;BA;Privada;180;543.93;569.78;550.47;603.51;811.67;615.87
346;Quatá;SP;Privada;15;556.75;561.69;573.33;639.27;748.0;615.81
347;Santa Rita do Passa Quatro;SP;Privada;48;543.09;575.2;553.35;626.02;781.25;615.78
348;Americana;SP;Privada;411;562.24;584.48;558.8;629.69;743.6;615.76
349;Pitangui;MG;Privada;19;545.59;570.18;527.78;637.71;796.84;615.62
350;Carmo;RJ;Privada;17;538.36;570.69;532.93;617.04;818.82;615.57
351;Braço do Norte;SC;Privada;26;557.72;584.77;556.76;628.72;749.23;615.44
352;Nossa Senhora da Glória;SE;Privada;32;540.87;592.85;539.86;599.12;804.38;615.41
353;Ouro Branco;MG;Privada;56;563.99;581.21;551.92;594.69;785.0;615.36
354;São Paulo;SP;Federal;270;566.87;601.04;550.2;643.24;715.19;615.31
355;Tigrinhos;SC;Estadual;4;547.0;608.7;568.92;606.17;745.0;615.16
356;Fortaleza;CE;Privada;4874;548.88;578.14;548.12;628.18;772.45;615.16
357;Jaguarão;RS;Privada;2;606.5;649.5;541.5;638.15;640.0;615.13
358;Monte Castelo;SP;Estadual;1;611.4;604.9;540.2;678.9;640.0;615.08
359;Alfenas;MG;Privada;113;550.56;573.71;553.58;618.89;778.58;615.06
360;Caraguatatuba;SP;Federal;21;568.73;590.38;534.18;640.21;740.95;614.89
361;Apodi;RN;Federal;128;556.45;586.5;548.37;612.56;770.47;614.87
362;Irecê;BA;Federal;58;551.44;582.33;538.41;622.33;779.31;614.76
363;Rincão;SP;Privada;7;579.47;602.61;541.34;595.63;754.29;614.67
364;Conselheiro Pena;MG;Privada;12;534.53;567.3;547.74;641.9;781.67;614.63
365;Ipanguaçu;RN;Federal;98;558.43;593.8;549.01;608.76;762.24;614.45
366;Caxias do Sul;RS;Privada;399;559.09;583.18;550.24;625.86;753.78;614.43
367;Ipaussu;SP;Privada;11;578.74;581.32;578.45;608.07;725.45;614.41
368;Guaraí;TO;Privada;10;547.37;583.11;534.27;585.14;822.0;614.38
369;Itu;SP;Privada;196;562.98;590.62;561.89;635.16;721.22;614.37
370;Paudalho;PE;Privada;8;597.26;585.26;576.38;630.3;682.5;614.34
371;Piracicaba;SP;Privada;634;561.74;582.68;558.98;636.27;731.55;614.24
372;Cafelândia;SP;Privada;5;587.44;595.7;563.72;616.3;708.0;614.23
373;Taquara;RS;Privada;91;568.59;585.21;532.28;611.4;773.63;614.22
374;Conceição do Mato Dentro;MG;Privada;28;538.88;585.75;531.51;652.48;762.14;614.15
375;Panambi;RS;Federal;33;555.04;584.77;561.02;641.2;728.48;614.1
376;Contagem;MG;Privada;513;555.72;584.39;546.44;625.33;757.86;613.95
377;Assis Chateaubriand;PR;Privada;7;556.14;564.73;524.16;627.13;797.14;613.86
378;Anápolis;GO;Privada;385;546.5;571.91;550.04;617.3;783.38;613.83
379;Guaçuí;ES;Privada;13;565.55;581.9;564.86;650.54;706.15;613.8
380;Betim;MG;Privada;143;562.09;582.7;553.19;610.31;760.56;613.77
381;Surubim;PE;Privada;73;538.87;552.12;526.72;605.8;845.21;613.74
382;Paraopeba;MG;Privada;21;521.49;560.99;534.9;611.34;840.0;613.74
383;Primavera do Leste;MT;Privada;49;547.09;572.02;551.42;622.19;775.92;613.73
384;Lauro de Freitas;BA;Privada;447;553.81;583.85;546.94;610.45;773.38;613.68
385;Panorama;SP;Privada;7;543.96;595.66;536.97;617.21;774.29;613.62
386;Santa Bárbara;MG;Privada;20;561.26;587.96;540.27;621.35;757.0;613.57
387;Milagres;CE;Privada;10;533.48;547.39;551.58;621.19;814.0;613.53
388;Salto;SP;Privada;101;565.24;586.45;558.75;626.19;730.69;613.46
389;Vitória da Conquista;BA;Federal;120;559.25;591.34;537.0;634.65;745.0;613.45
390;Blumenau;SC;Federal;69;567.03;602.09;556.53;644.95;696.52;613.42
391;Matelândia;PR;Privada;4;570.5;613.0;567.52;610.78;705.0;613.36
392;Vassouras;RJ;Privada;33;566.76;572.64;532.05;576.43;818.79;613.34
393;Jales;SP;Privada;58;557.0;571.12;557.59;627.4;753.1;613.24
394;Trindade;GO;Privada;51;547.27;574.14;551.16;598.18;794.9;613.13
395;Mogi Guaçu;SP;Privada;130;558.85;582.17;558.4;631.63;733.69;612.95
396;Rio Brilhante;MS;Privada;9;556.9;567.24;544.36;558.16;837.78;612.89
397;Cesário Lange;SP;Privada;2;541.6;600.7;528.45;643.6;750.0;612.87
398;Cachoeira do Sul;RS;Privada;97;563.9;586.21;541.15;615.97;757.11;612.87
399;São José do Rio Preto;SP;Privada;978;557.28;577.85;559.37;621.39;748.12;612.8
400;Japaraíba;MG;Estadual;7;521.39;546.06;540.71;670.01;785.71;612.78
401;Maria da Fé;MG;Privada;17;548.49;564.99;545.49;644.8;760.0;612.76
402;Iguatu;CE;Privada;119;543.8;578.93;545.47;627.16;768.24;612.72
403;Rio Branco do Ivaí;PR;Municipal;1;558.9;676.2;556.6;671.9;600.0;612.72
404;Ibirubá;RS;Privada;24;571.87;589.89;548.88;651.82;700.83;612.66
405;Chapecó;SC;Privada;223;554.27;581.67;554.05;634.21;739.1;612.66
406;Inhumas;GO;Privada;67;553.77;567.32;550.12;625.15;766.87;612.64
407;Juazeiro do Norte;CE;Federal;62;548.21;581.43;537.93;624.31;770.32;612.44
408;Dracena;SP;Privada;72;569.41;590.34;557.99;635.72;708.33;612.36
409;Currais Novos;RN;Federal;108;557.09;590.48;551.24;625.14;737.78;612.34
410;Aracati;CE;Privada;34;540.35;569.45;537.28;625.04;789.41;612.31
411;Londrina;PR;Federal;46;575.62;607.49;561.82;635.49;680.87;612.26
412;Vacaria;RS;Federal;17;588.84;617.12;553.78;650.85;650.59;612.23
413;Orleans;SC;Privada;15;566.81;565.93;552.92;605.89;769.33;612.18
414;São Carlos;SP;Federal;54;565.15;590.55;548.96;650.03;705.93;612.12
415;Cerqueira César;SP;Privada;6;563.03;582.85;559.17;674.93;680.0;612.0
416;Barra Mansa;RJ;Privada;160;542.41;561.63;535.04;613.44;807.38;611.98
417;Boquim;SE;Privada;38;540.83;556.68;545.78;602.38;813.68;611.87
418;Vargem Grande Paulista;SP;Privada;52;566.01;590.49;576.17;631.59;695.0;611.85
419;Palmas;TO;Privada;371;552.25;578.51;548.43;609.36;770.4;611.79
420;Campo Mourão;PR;Federal;33;587.18;587.02;546.07;660.98;677.58;611.77
421;Coromandel;MG;Privada;8;572.09;575.81;533.55;617.05;760.0;611.7
422;Barra do Piraí;RJ;Privada;106;552.76;570.96;538.96;616.04;779.25;611.59
423;Criciúma;SC;Federal;70;553.3;582.64;542.71;656.37;722.86;611.58
424;Cambuí;MG;Privada;21;534.44;564.27;551.1;630.31;776.19;611.26
425;Formiga;MG;Federal;51;559.02;584.59;541.46;625.1;745.88;611.21
426;São Manuel;SP;Privada;49;566.81;575.77;554.67;639.91;717.96;611.02
427;Picos;PI;Privada;205;537.41;570.26;541.77;608.79;796.39;610.93
428;Barreiras;BA;Federal;137;554.23;584.32;552.77;612.44;750.36;610.83
429;São Ludgero;SC;Privada;10;546.39;574.2;566.51;624.87;742.0;610.79
430;Monte Carmelo;MG;Privada;21;550.01;580.22;559.2;604.49;760.0;610.78
431;Caçador;SC;Privada;34;575.21;590.65;565.21;639.84;682.94;610.77
432;Joinville;SC;Privada;822;556.66;580.01;552.36;627.78;736.93;610.75
433;Criciúma;SC;Privada;431;556.94;568.16;558.37;628.52;741.76;610.75
434;Janaúba;MG;Privada;69;530.85;547.85;534.75;622.06;817.97;610.7
435;Blumenau;SC;Privada;344;563.58;579.48;555.1;624.47;730.41;610.61
436;Ourinhos;SP;Privada;166;560.72;579.69;559.04;635.77;717.23;610.49
437;Catolé do Rocha;PB;Federal;63;539.27;561.39;537.42;603.42;810.16;610.33
438;Ribeirão Preto;SP;Privada;1611;554.45;574.98;555.57;619.97;746.57;610.31
439;Recife;PE;Privada;3449;551.66;573.55;540.92;629.59;755.85;610.31
440;Sapiranga;RS;Privada;16;563.99;586.44;532.88;652.81;715.0;610.22
441;Palmeira das Missões;RS;Privada;13;538.29;550.89;521.06;640.3;800.0;610.11
442;Pirapetinga;MG;Privada;7;538.09;538.53;535.79;682.94;754.29;609.93
443;Santa Maria;RS;Privada;452;560.81;582.13;543.52;610.31;752.88;609.93
444;Esperança;PB;Federal;46;546.25;572.67;523.27;605.21;802.17;609.91
445;Alegrete;RS;Privada;48;551.95;566.07;529.51;596.66;805.0;609.84
446;Ijuí;RS;Privada;74;553.86;591.32;550.18;604.56;748.92;609.77
447;São Miguel do Oeste;SC;Privada;65;561.55;590.48;538.76;609.22;748.0;609.6
448;Londrina;PR;Privada;1010;562.41;589.49;559.35;638.43;696.99;609.34
449;Natal;RN;Privada;1842;548.08;574.11;544.35;611.66;768.39;609.32
450;Ivoti;RS;Privada;42;566.67;571.64;535.91;637.7;734.29;609.24
451;Pato Branco;PR;Privada;213;544.7;572.67;544.06;635.5;749.2;609.23
452;Posse;GO;Privada;10;577.65;613.8;578.08;592.36;684.0;609.18
453;São Francisco do Piauí;PI;Municipal;1;535.1;594.5;463.1;533.1;920.0;609.16
454;São Caetano do Sul;SP;Privada;420;556.06;571.14;554.68;631.67;732.14;609.14
455;Xanxerê;SC;Federal;66;564.39;589.16;547.12;620.13;724.24;609.01
456;Frederico Westphalen;RS;Privada;36;545.49;576.69;543.41;597.09;782.22;608.98
457;Carazinho;RS;Privada;71;568.87;591.98;560.47;621.0;702.25;608.92
458;Pomerode;SC;Privada;13;555.07;565.19;567.7;604.04;752.31;608.86
459;Matão;SP;Privada;49;557.91;569.63;545.0;634.28;737.14;608.79
460;Guaxupé;MG;Privada;72;546.38;576.42;553.03;637.98;729.72;608.71
461;Sabinópolis;MG;Privada;25;533.54;560.73;539.37;606.53;803.2;608.67
462;Pinheiral;RJ;Privada;6;561.25;588.77;546.68;649.77;696.67;608.63
463;Jequitinhonha;MG;Privada;8;580.17;569.34;541.15;617.31;735.0;608.6
464;Tietê;SP;Privada;68;548.1;571.66;548.14;619.7;754.71;608.46
465;Riacho de Santana;BA;Privada;6;526.73;589.8;545.4;578.9;800.0;608.17
466;Venda Nova do Imigrante;ES;Federal;95;555.74;573.36;560.32;628.43;722.95;608.16
467;Taubaté;SP;Privada;499;559.74;582.7;551.74;620.89;725.69;608.15
468;Pau dos Ferros;RN;Federal;169;556.05;575.11;539.26;610.25;760.0;608.13
469;Paulínia;SP;Municipal;84;560.65;587.01;571.12;631.64;690.24;608.13
470;Leme;SP;Privada;105;543.24;572.31;559.33;614.69;751.05;608.12
471;Santa Rosa;RS;Privada;126;548.98;563.01;547.41;609.15;771.9;608.09
472;Vera;MT;Privada;4;578.98;600.65;555.85;619.83;685.0;608.06
473;Linhares;ES;Privada;110;538.91;561.88;549.97;616.13;773.09;608.0
474;Corinto;MG;Privada;9;560.1;559.28;555.57;631.69;733.33;607.99
475;Caicó;RN;Federal;150;554.99;573.26;538.05;624.11;749.2;607.92
476;Jequié;BA;Privada;97;552.54;575.52;532.22;591.86;787.42;607.91
477;Santo Antônio de Jesus;BA;Privada;98;547.13;574.66;545.11;620.36;752.24;607.9
478;Laranjal Paulista;SP;Privada;17;554.91;572.26;533.24;617.9;761.18;607.9
479;São Pedro;SP;Privada;19;569.05;570.17;542.55;597.74;760.0;607.9
480;Marabá;PA;Privada;234;533.2;566.88;533.46;596.43;809.4;607.87
481;Barbacena;MG;Privada;175;551.57;573.94;534.18;622.2;756.8;607.74
482;Macaé;RJ;Municipal;60;564.38;583.41;534.02;604.82;752.0;607.73
483;Santa Cruz do Rio Pardo;SP;Privada;58;555.87;588.11;556.86;631.01;706.55;607.68
484;Piraquara;PR;Privada;9;585.19;600.78;581.17;615.59;655.56;607.66
485;Brusque;SC;Federal;79;557.34;587.05;550.39;621.74;721.77;607.66
486;Maricá;RJ;Federal;46;559.38;576.06;540.63;599.64;762.61;607.66
487;Jundiaí;SP;Privada;809;555.46;577.94;555.04;630.79;718.54;607.55
488;Nepomuceno;MG;Federal;46;551.53;575.97;544.71;610.56;754.78;607.51
489;Porto Ferreira;SP;Privada;43;545.5;573.2;547.87;618.21;752.56;607.47
490;Santo Ângelo;RS;Privada;82;559.81;584.92;533.28;614.18;745.12;607.46
491;São Gotardo;MG;Privada;19;547.17;566.56;533.08;600.91;789.47;607.44
492;Campinas;SP;Privada;1791;556.87;581.13;555.01;624.5;719.49;607.4
493;São Bento do Sul;SC;Privada;91;546.26;578.63;554.64;627.37;730.11;607.4
494;Campina Grande;PB;Privada;909;539.17;571.65;537.17;609.79;778.94;607.34
495;Tapiraí;MG;Estadual;1;576.8;556.8;425.0;597.9;880.0;607.3
496;Garanhuns;PE;Federal;124;563.94;588.23;548.08;612.6;723.55;607.28
497;Mairinque;SP;Privada;11;566.77;596.75;568.34;606.13;698.18;607.23
498;Coremas;PB;Privada;15;540.71;560.21;520.42;601.05;812.0;606.88
499;João Pessoa;PB;Privada;2087;541.18;569.57;539.3;610.75;773.53;606.87
500;Itatiba;SP;Privada;154;561.62;576.47;562.3;632.52;701.04;606.79
501;Arroio dos Ratos;RS;Privada;7;538.46;569.8;553.41;583.7;788.57;606.79
502;Taquari;RS;Privada;8;548.78;551.83;532.52;620.8;780.0;606.78
503;Água Boa;MT;Privada;27;538.96;560.31;557.09;622.69;754.07;606.62
504;São Mateus;ES;Privada;59;539.21;558.8;532.69;618.88;783.05;606.53
505;Varre-Sai;RJ;Privada;3;571.07;557.23;530.7;613.43;760.0;606.49
506;Morretes;PR;Privada;8;563.31;579.85;548.36;642.34;697.5;606.27
507;Caeté;MG;Privada;20;530.22;569.94;537.5;616.57;777.0;606.25
508;Bragança Paulista;SP;Privada;258;550.49;568.98;550.0;624.95;736.74;606.23
509;Caconde;SP;Privada;7;547.97;592.31;568.17;602.6;720.0;606.21
510;Nova Iguaçu;RJ;Federal;94;571.05;589.09;541.81;624.8;704.26;606.2
511;Petrópolis;RJ;Privada;495;546.52;573.1;542.89;613.44;754.51;606.09
512;Guanambi;BA;Privada;51;534.64;562.54;528.4;602.76;801.57;605.98
513;Passos;MG;Federal;69;552.73;582.3;525.89;620.65;748.12;605.94
514;Santarém;PA;Privada;180;542.23;567.42;540.82;581.99;796.78;605.85
515;Araras;SP;Privada;136;547.4;571.54;548.85;628.21;732.94;605.79
516;Aracaju;SE;Federal;107;554.63;586.26;541.02;618.72;728.04;605.73
517;São Miguel do Oeste;SC;Federal;59;540.32;570.45;551.93;616.1;749.49;605.66
518;Venda Nova do Imigrante;ES;Privada;5;554.62;583.48;565.4;556.56;768.0;605.61
519;Mococa;SP;Privada;115;541.75;559.24;547.77;607.68;771.3;605.55
520;Wenceslau Braz;PR;Privada;27;563.53;574.53;559.12;622.6;706.67;605.29
521;São João da Boa Vista;SP;Federal;36;560.37;574.06;543.78;636.94;711.11;605.25
522;Caçapava do Sul;RS;Privada;10;538.27;580.05;557.8;622.85;726.0;604.99
523;Campo Grande;MS;Privada;1266;545.34;567.42;544.54;618.64;748.96;604.98
524;Cerquilho;SP;Privada;59;555.33;571.01;546.99;624.67;726.1;604.82
525;Bastos;SP;Privada;11;564.67;569.73;552.08;670.35;667.27;604.82
526;Parelhas;RN;Federal;47;531.05;561.06;535.06;638.6;758.3;604.81
527;Pacaembu;SP;Privada;15;540.07;553.3;499.19;616.73;814.67;604.79
528;Sorriso;MT;Privada;91;538.88;564.44;545.82;620.33;754.29;604.75
529;São Bernardo do Campo;SP;Privada;1340;556.74;575.27;546.63;625.55;719.52;604.74
530;Rio Claro;SP;Privada;263;547.93;572.96;560.72;628.49;713.46;604.71
531;Lagarto;SE;Federal;57;538.47;579.67;543.69;609.46;752.28;604.71
532;Poções;BA;Privada;19;518.34;550.16;515.03;593.54;846.32;604.68
533;Jataí;GO;Federal;42;552.7;580.55;536.05;625.28;728.57;604.63
534;Morro Agudo;SP;Privada;9;514.98;514.0;536.59;617.2;840.0;604.55
535;Itajobi;SP;Privada;13;522.68;569.68;525.38;589.28;815.38;604.48
536;Teófilo Otoni;MG;Federal;55;542.63;575.83;535.43;621.4;746.91;604.44
537;Tangará da Serra;MT;Privada;81;532.44;551.75;535.79;606.08;796.05;604.42
538;Bento Gonçalves;RS;Privada;103;563.68;580.22;546.52;612.93;718.25;604.32
539;São Mateus do Sul;PR;Privada;19;547.82;570.24;566.22;645.33;691.58;604.24
540;Piripiri;PI;Privada;44;523.04;527.69;535.67;604.15;830.45;604.2
541;Alto do Rodrigues;RN;Privada;1;526.7;573.0;443.6;617.5;860.0;604.16
542;Panorama;SP;Estadual;4;586.78;632.25;523.7;618.02;660.0;604.15
543;Congonhas;MG;Privada;48;539.4;568.08;524.56;613.65;775.0;604.14
544;Itapira;SP;Privada;69;551.05;570.81;557.24;619.19;722.32;604.12
545;Paulo Afonso;BA;Federal;68;549.61;583.46;546.04;595.28;746.18;604.11
546;Tianguá;CE;Privada;39;536.94;549.64;538.26;591.54;804.1;604.1
547;Bariri;SP;Privada;32;536.7;565.78;551.68;623.18;743.12;604.09
548;Espírito Santo do Pinhal;SP;Privada;20;557.53;553.87;514.54;631.5;763.0;604.09
549;Barão de Cocais;MG;Privada;47;542.44;560.43;540.24;612.84;764.26;604.04
550;Suzano;SP;Federal;75;560.72;588.54;521.28;622.93;726.4;603.97
551;Diamantina;MG;Federal;63;552.51;565.99;545.24;603.02;752.7;603.89
552;Pindamonhangaba;SP;Privada;142;551.46;570.0;544.35;620.08;733.52;603.88
553;Alta Floresta;MT;Privada;16;532.78;540.41;536.31;595.29;813.75;603.71
554;Paracambi;RJ;Privada;22;580.63;574.38;528.02;570.09;765.45;603.71
555;Dourados;MS;Privada;271;542.2;562.77;545.98;621.82;745.61;603.68
556;Descalvado;SP;Privada;57;544.45;560.64;537.75;604.73;770.53;603.62
557;Bom Jesus;PI;Federal;18;544.12;557.1;539.23;622.04;755.56;603.61
558;Andrelândia;MG;Privada;10;545.82;579.74;533.03;641.35;718.0;603.59
559;Nova Granada;SP;Privada;34;545.29;575.56;549.99;607.63;738.82;603.46
560;Carangola;MG;Privada;39;539.4;565.57;537.95;607.12;767.18;603.44
561;Santo Antônio de Pádua;RJ;Privada;52;542.58;562.71;530.92;585.81;795.0;603.4
562;Arapongas;PR;Privada;111;562.45;578.67;540.4;624.04;711.35;603.38
563;Nepomuceno;MG;Privada;14;540.08;541.91;536.09;635.41;762.86;603.27
564;Brasília;DF;Privada;5697;558.83;576.87;549.33;610.62;720.2;603.17
565;Itabaianinha;SE;Privada;36;527.05;536.26;510.17;568.38;873.89;603.15
566;Presidente Nereu;SC;Estadual;1;540.1;537.6;565.7;692.2;680.0;603.12
567;Camaçari;BA;Federal;79;562.54;596.65;532.29;614.19;709.87;603.11
568;Muriaé;MG;Privada;82;541.58;548.44;535.47;598.16;791.71;603.07
569;Canoas;RS;Privada;313;555.02;575.43;539.91;620.31;724.6;603.06
570;São Francisco de Paula;RS;Privada;6;582.47;610.57;509.58;626.03;686.67;603.06
571;Balneário Camboriú;SC;Privada;227;545.99;576.95;552.19;617.51;722.47;603.02
572;Astorga;PR;Federal;4;562.05;625.28;544.17;622.85;660.0;602.87
573;Feira de Santana;BA;Privada;862;549.39;570.86;537.88;602.57;753.62;602.86
574;Bicas;MG;Privada;8;537.48;548.85;540.88;639.46;747.5;602.83
575;Salto de Pirapora;SP;Privada;16;551.26;572.69;534.88;631.29;723.75;602.78
576;Passa Quatro;MG;Privada;18;564.5;557.93;542.02;625.82;723.33;602.72
577;Itapecerica;MG;Privada;12;515.28;547.74;547.42;604.72;798.33;602.7
578;Carmo da Mata;MG;Privada;11;547.41;559.55;534.01;601.46;770.91;602.67
579;Rolândia;PR;Privada;53;559.98;578.44;549.26;624.37;701.13;602.64
580;Araranguá;SC;Privada;74;556.17;566.55;535.3;614.67;740.27;602.59
581;Araranguá;SC;Federal;34;562.26;591.77;557.21;611.68;690.0;602.58
582;Pilar do Sul;SP;Privada;17;549.45;580.64;553.61;631.31;697.65;602.53
583;José de Freitas;PI;Privada;14;551.52;569.2;535.26;556.66;800.0;602.53
584;Pinheiral;RJ;Federal;94;548.41;580.81;542.66;603.63;737.02;602.51
585;Mantena;MG;Privada;6;541.6;511.68;525.07;620.67;813.33;602.47
586;Conchas;SP;Privada;24;537.75;550.86;543.72;626.47;753.33;602.43
587;Maracás;BA;Privada;3;549.13;579.73;537.83;558.7;786.67;602.41
588;Vila Velha;ES;Privada;814;543.75;569.32;541.38;604.96;752.43;602.37
589;Mogi das Cruzes;SP;Privada;593;548.71;567.28;541.29;619.06;735.41;602.35
590;Tobias Barreto;SE;Privada;29;546.72;556.01;534.31;590.23;783.45;602.14
591;Rio Grande;RS;Federal;68;557.98;579.7;541.88;620.89;710.0;602.09
592;Nova Cruz;RN;Federal;129;541.49;566.42;524.3;615.03;763.1;602.07
593;Capivari;SP;Privada;40;561.36;567.84;553.67;613.31;714.0;602.04
594;Anta Gorda;RS;Privada;9;541.31;560.07;503.11;567.69;837.78;601.99
595;Uberlândia;MG;Federal;176;556.97;582.42;540.07;606.66;722.95;601.82
596;Vespasiano;MG;Privada;31;554.98;573.52;556.67;597.36;726.45;601.8
597;Nova Serrana;MG;Privada;35;542.17;565.26;545.24;623.07;733.14;601.78
598;Indaiatuba;SP;Privada;375;551.69;568.64;550.69;613.17;724.43;601.72
599;Itumbiara;GO;Federal;32;542.37;569.12;549.86;618.38;728.12;601.57
600;Marília;SP;Privada;436;546.18;560.66;544.62;612.45;743.81;601.54
601;Rio de Janeiro;RJ;Privada;11840;548.63;571.84;536.88;612.31;737.92;601.52
602;Porto Franco;MA;Privada;13;526.03;564.78;538.75;593.36;784.62;601.51
603;Formosa;GO;Federal;46;570.86;592.71;548.25;585.75;710.0;601.51
604;Curitiba;PR;Privada;4485;554.59;576.67;548.49;620.23;706.76;601.35
605;Nova Petrópolis;RS;Privada;34;540.65;560.93;552.37;605.0;747.65;601.32
606;São Luiz Gonzaga;RS;Privada;9;548.41;582.21;588.29;594.04;693.33;601.26
607;Jundiaí;SP;Federal;20;564.34;586.56;519.87;595.48;740.0;601.25
608;Francisco Sá;MG;Privada;18;535.07;534.1;535.46;589.4;812.22;601.25
609;Itapetinga;BA;Privada;35;538.67;557.24;510.1;631.99;768.0;601.2
610;Catanduva;SP;Federal;82;554.59;569.03;536.47;612.43;733.41;601.19
611;Virgínia;MG;Estadual;1;643.1;602.7;575.4;564.7;620.0;601.18
612;Maracás;BA;Municipal;1;487.9;579.5;521.9;596.5;820.0;601.16
613;Armação dos Búzios;RJ;Privada;20;550.6;574.72;518.22;598.21;764.0;601.15
614;Ibirité;MG;Federal;68;549.73;572.43;553.55;618.74;711.18;601.13
615;Itápolis;SP;Privada;39;534.15;556.8;552.35;609.69;752.31;601.06
616;Cruz das Almas;BA;Privada;110;544.94;572.61;534.1;598.91;754.73;601.06
617;Castelo;ES;Privada;15;526.72;558.53;557.08;606.87;756.0;601.04
618;Torres;RS;Privada;18;564.66;577.68;538.31;576.44;747.78;600.97
619;Itaguaí;RJ;Federal;38;555.16;570.26;537.55;625.71;715.79;600.9
620;Horizonte;CE;Privada;7;551.73;570.9;527.87;593.87;760.0;600.87
621;Cabo Frio;RJ;Federal;94;563.94;582.99;532.96;617.25;707.23;600.87
622;Pirapora;MG;Federal;78;552.97;586.4;529.67;610.35;724.62;600.8
623;Goiânia;GO;Federal;238;557.77;587.91;536.09;603.1;719.08;600.79
624;Sorocaba;SP;Privada;1030;552.87;570.51;549.55;620.59;710.33;600.77
625;Guaraciaba do Norte;CE;Privada;17;532.54;552.11;548.11;621.48;749.41;600.73
626;Macaé;RJ;Privada;293;542.09;561.44;535.87;601.84;762.05;600.66
627;Holambra;SP;Privada;33;544.7;570.93;571.69;629.24;686.67;600.65
628;Carmo do Paranaíba;MG;Privada;22;540.52;573.54;532.3;612.3;744.55;600.64
629;Macaíba;RN;Federal;52;543.14;574.09;541.21;598.6;746.15;600.64
630;Cosmópolis;SP;Privada;20;531.66;565.34;553.74;620.38;732.0;600.62
631;Santa Maria;RS;Municipal;1;575.9;629.4;560.4;617.3;620.0;600.6
632;Arcoverde;PE;Privada;77;542.84;562.42;527.09;611.1;759.22;600.54
633;Itabirito;MG;Federal;38;547.59;566.81;548.07;634.81;705.26;600.51
634;Serrana;SP;Privada;14;535.36;541.97;550.91;609.94;764.29;600.49
635;Sossêgo;PB;Estadual;6;539.35;547.73;493.63;614.6;806.67;600.4
636;Aracruz;ES;Privada;120;545.83;565.2;546.14;607.63;737.0;600.36
637;Foz do Iguaçu;PR;Federal;82;567.91;589.31;548.23;609.78;686.1;600.26
638;Cuité;PB;Privada;9;533.24;524.21;526.93;625.82;791.11;600.26
639;Franca;SP;Privada;437;544.54;563.02;538.74;609.96;744.67;600.18
640;Aracati;CE;Federal;20;567.76;574.16;542.28;621.61;695.0;600.16
641;Nhandeara;SP;Privada;12;538.92;584.14;509.8;612.75;755.0;600.12
642;Cachoeirinha;RS;Privada;87;553.05;574.9;540.61;604.0;728.05;600.12
643;Camaquã;RS;Federal;75;554.83;563.75;552.04;620.09;709.6;600.06
644;Limoeiro do Norte;CE;Federal;24;554.86;556.22;543.33;614.99;730.83;600.05
645;Correntina;BA;Privada;9;550.97;562.0;574.19;588.63;724.44;600.05
646;Joaçaba;SC;Privada;89;553.15;572.36;537.07;606.83;730.79;600.04
647;Três Passos;RS;Privada;24;549.26;553.7;537.76;605.33;754.17;600.04
648;Ribeirão Bonito;SP;Privada;14;558.42;591.75;543.55;604.52;701.43;599.93
649;Umuarama;PR;Federal;59;562.97;579.07;555.44;616.41;684.41;599.66
650;Jaraguá do Sul;SC;Federal;56;563.95;586.1;550.63;593.91;703.57;599.63
651;São Paulo;SP;Privada;16619;554.53;574.52;545.7;621.24;702.16;599.63
652;Coimbra;MG;Estadual;13;551.15;565.45;533.01;553.05;795.38;599.61
653;Tramandaí;RS;Privada;18;563.81;555.77;551.47;612.53;714.44;599.61
654;Conceição do Coité;BA;Privada;42;536.77;557.26;538.32;620.32;745.24;599.58
655;Barbalha;CE;Privada;41;543.25;551.29;525.6;613.73;763.9;599.55
656;Unaí;MG;Privada;82;545.61;552.96;533.14;607.99;758.05;599.55
657;Bezerros;PE;Privada;29;536.1;554.47;518.06;594.22;794.48;599.47
658;São Gonçalo do Amarante;RN;Federal;109;555.3;580.04;522.88;620.22;718.9;599.47
659;Saquarema;RJ;Privada;57;541.93;574.27;531.65;605.29;743.86;599.4
660;Sobrália;MG;Estadual;2;543.15;554.25;454.55;665.0;780.0;599.39
661;Canela;RS;Privada;53;557.25;580.25;535.13;612.67;711.32;599.32
662;Jacarezinho;PR;Federal;53;557.66;576.95;535.09;608.93;717.74;599.27
663;Candelária;RS;Privada;45;547.6;564.67;522.64;600.05;761.33;599.26
664;Araruama;RJ;Privada;166;545.32;573.71;539.14;604.82;733.01;599.2
665;Aracaju;SE;Privada;1793;538.5;562.36;533.06;593.18;768.86;599.19
666;Pontal;SP;Privada;23;527.34;538.59;547.19;633.89;748.7;599.14
667;Caicó;RN;Privada;120;531.01;557.24;532.09;579.97;795.33;599.13
668;Tauá;CE;Privada;9;538.54;559.72;516.63;625.0;755.56;599.09
669;Campo Verde;MT;Privada;51;551.22;570.6;531.57;602.29;739.61;599.06
670;Ibiporã;PR;Privada;39;553.0;568.2;564.27;632.55;676.92;598.99
671;Avaré;SP;Privada;98;556.75;569.79;551.46;608.09;708.78;598.97
672;Irecê;BA;Privada;163;537.85;565.81;527.8;593.28;770.06;598.96
673;Seabra;BA;Federal;82;553.2;569.93;527.8;583.83;760.0;598.95
674;Itabirito;MG;Privada;18;532.68;555.35;538.39;604.59;763.33;598.87
675;Lamim;MG;Estadual;5;552.42;557.68;541.4;602.72;740.0;598.84
676;Santana de Parnaíba;SP;Privada;180;553.65;566.06;549.56;627.6;697.33;598.84
677;Serra;ES;Privada;258;537.18;562.74;539.65;597.22;757.13;598.79
678;Novo Horizonte;SP;Municipal;2;556.35;581.65;470.75;575.1;810.0;598.77
679;Campo Bom;RS;Privada;33;547.93;558.88;536.22;609.63;741.21;598.77
680;Campo Maior;PI;Privada;34;532.42;553.5;526.39;595.62;785.88;598.76
681;Canoinhas;SC;Federal;43;556.33;584.38;540.17;600.67;712.09;598.73
682;Araraquara;SP;Privada;384;544.66;570.16;545.66;607.45;725.73;598.73
683;Jacareí;SP;Federal;49;562.36;572.77;529.89;613.44;714.69;598.63
684;Ituverava;SP;Privada;68;544.05;559.97;537.32;585.48;766.18;598.6
685;Santa Fé do Sul;SP;Privada;30;546.95;557.41;538.4;631.5;718.67;598.59
686;Remanso;BA;Privada;38;521.94;546.19;532.86;590.59;801.05;598.53
687;Rio do Sul;SC;Privada;140;540.99;561.84;533.12;613.89;742.43;598.45
688;Taiobeiras;MG;Privada;31;543.39;561.45;529.59;611.31;746.45;598.44
689;Santo Antônio do Monte;MG;Privada;8;532.11;585.84;499.3;559.72;815.0;598.4
690;Itaperuna;RJ;Privada;63;545.61;555.64;528.59;620.77;741.27;598.38
691;Araguari;MG;Privada;161;545.06;562.9;537.94;604.06;741.86;598.37
692;Pompéia;SP;Privada;45;541.89;561.47;547.1;626.64;714.67;598.36
693;Araçatuba;SP;Privada;286;544.74;569.13;544.04;618.33;715.03;598.25
694;Cascavel;PR;Federal;55;561.41;577.61;552.01;595.02;705.09;598.23
695;Tubarão;SC;Privada;206;546.42;564.62;536.02;599.21;744.85;598.23
696;Ibatiba;ES;Federal;76;539.77;574.41;545.18;591.86;739.47;598.14
697;Lagoa Dourada;MG;Municipal;2;594.2;543.05;514.8;548.25;790.0;598.06
698;Santa Inês;MA;Privada;65;529.65;551.63;521.94;591.53;795.38;598.02
699;Relvado;RS;Estadual;8;588.89;612.84;532.11;611.28;645.0;598.02
700;Rio Verde;GO;Privada;199;543.34;559.72;535.05;605.22;746.63;597.99
701;Feira de Santana;BA;Federal;56;555.36;579.89;535.06;596.73;722.86;597.98
702;Rio Branco;AC;Privada;316;544.58;561.34;528.85;577.68;777.15;597.92
703;Vinhedo;SP;Privada;148;550.07;575.04;540.12;610.64;713.65;597.9
704;Dois Córregos;SP;Privada;22;537.35;542.51;541.07;627.49;740.91;597.87
705;Porto Vera Cruz;RS;Estadual;2;520.0;586.2;538.7;594.4;750.0;597.86
706;Gravataí;RS;Federal;29;569.77;589.84;551.93;625.3;652.41;597.85
707;Oeiras;PI;Privada;44;530.44;541.16;510.41;595.33;811.82;597.83
708;Campos Gerais;MG;Privada;17;525.1;568.54;537.82;618.83;738.82;597.82
709;Lençóis Paulista;SP;Privada;68;543.6;558.2;544.4;612.89;730.0;597.82
710;Piedade;SP;Privada;32;553.84;558.07;535.17;618.23;723.75;597.81
711;Batatais;SP;Privada;69;544.43;561.95;543.53;618.26;720.87;597.81
712;Palmeira dos Índios;AL;Federal;159;540.24;564.37;519.45;607.97;756.6;597.73
713;Iporá;GO;Federal;45;538.94;569.5;540.37;612.7;727.11;597.72
714;Cametá;PA;Privada;87;526.7;539.62;517.5;586.12;817.93;597.57
715;Quirinópolis;GO;Privada;47;530.53;547.24;524.51;579.87;805.53;597.54
716;Mafra;SC;Privada;50;544.63;577.96;561.58;631.47;671.6;597.45
717;Ponte Branca;MT;Estadual;2;578.2;630.35;567.35;641.1;570.0;597.4
718;Francisco Badaró;MG;Estadual;2;523.35;590.3;493.8;589.55;790.0;597.4
719;Osvaldo Cruz;SP;Privada;18;550.69;555.51;536.92;625.89;717.78;597.36
720;Cáceres;MT;Privada;84;537.33;559.2;527.44;577.18;785.48;597.33
721;São José do Sul;RS;Estadual;2;611.45;655.25;587.0;652.9;480.0;597.32
722;Tupaciguara;MG;Privada;9;550.36;556.23;545.42;607.59;726.67;597.25
723;João Pessoa;PB;Federal;302;545.47;576.4;522.86;603.92;737.48;597.23
724;Caldas Novas;GO;Privada;53;553.17;567.3;546.39;602.58;716.23;597.13
725;Bragança Paulista;SP;Federal;52;561.33;568.66;532.31;620.2;703.08;597.11
726;São Roque;SP;Federal;48;544.97;584.53;533.72;599.41;722.92;597.11
727;Garça;SP;Privada;65;548.24;563.47;531.3;607.07;735.38;597.09
728;Central;BA;Privada;10;532.39;571.76;525.02;608.12;748.0;597.06
729;Mogi Mirim;SP;Privada;114;548.56;570.58;550.63;607.64;707.72;597.03
730;Presidente Dutra;MA;Federal;15;532.57;543.44;542.61;619.67;746.67;596.99
731;Sinop;MT;Privada;239;530.42;557.52;542.22;613.54;741.09;596.96
732;Chapecó;SC;Federal;45;564.18;596.63;530.32;614.62;678.67;596.89
733;Quatro Barras;PR;Privada;17;560.27;570.01;545.66;559.07;749.41;596.89
734;Cataguases;MG;Privada;62;536.04;564.0;531.89;588.6;763.87;596.88
735;Paraipaba;CE;Privada;5;543.46;517.2;500.46;570.96;852.0;596.82
736;Assis;SP;Privada;164;548.42;566.08;535.81;599.78;733.9;596.8
737;Rondonópolis;MT;Privada;124;538.31;559.15;536.75;614.16;735.48;596.77
738;Catanduva;SP;Privada;208;545.09;565.01;541.07;597.77;734.9;596.77
739;São Borja;RS;Privada;11;563.56;550.62;548.19;586.75;734.55;596.73
740;Limeira;SP;Privada;327;546.61;563.8;542.64;612.76;717.74;596.71
741;Araucária;PR;Privada;157;545.45;568.17;541.25;605.44;723.18;596.7
742;Além Paraíba;MG;Privada;43;535.36;552.37;532.46;608.75;754.42;596.67
743;Porto Real;RJ;Privada;5;571.94;556.1;615.48;567.64;672.0;596.63
744;Três Lagoas;MS;Privada;106;548.83;565.52;531.15;582.99;754.34;596.57
745;Campos dos Goytacazes;RJ;Federal;270;555.47;577.92;537.09;615.65;696.67;596.56
746;Botucatu;SP;Privada;293;551.43;571.86;550.07;615.16;694.27;596.56
747;Coronel Vivida;PR;Privada;5;545.92;544.94;547.64;644.02;700.0;596.5
748;São Luís;MA;Privada;1627;535.02;563.48;522.84;594.01;767.03;596.48
749;Palhoça;SC;Privada;123;552.52;577.7;543.69;612.96;695.45;596.46
750;São Mateus do Maranhão;MA;Privada;5;560.12;590.5;509.9;553.72;768.0;596.45
751;São Fidélis;RJ;Privada;14;550.76;562.51;565.63;613.25;690.0;596.43
752;Santa Rita do Sapucaí;MG;Privada;92;545.82;562.75;553.35;626.1;694.13;596.43
753;Guararapes;SP;Privada;66;547.25;564.4;544.9;598.68;726.06;596.26
754;Sinop;MT;Federal;23;551.02;572.7;550.5;618.7;687.83;596.15
755;Nova Palma;RS;Estadual;23;519.9;561.32;531.13;573.35;794.78;596.1
756;Orlândia;SP;Privada;81;527.11;555.26;540.05;593.21;764.69;596.06
757;Pelotas;RS;Privada;380;549.53;568.8;539.45;601.51;720.95;596.05
758;Tutóia;MA;Privada;10;539.43;542.49;566.98;609.3;722.0;596.04
759;Imperatriz;MA;Federal;160;535.18;565.54;528.85;604.31;746.25;596.03
760;Viçosa do Ceará;CE;Privada;7;535.19;562.96;549.49;583.87;748.57;596.01
761;São José de Ribamar;MA;Privada;52;535.46;557.91;516.77;576.44;792.69;595.85
762;Russas;CE;Privada;33;532.02;559.53;539.99;589.87;757.58;595.8
763;Santo Antônio da Patrulha;RS;Privada;9;559.13;597.0;551.2;618.11;653.33;595.76
764;Lapa;PR;Privada;3;581.6;608.33;577.03;591.77;620.0;595.75
765;Camaquã;RS;Privada;47;541.09;566.76;533.35;621.74;715.74;595.73
766;Sousa;PB;Privada;112;519.56;549.3;522.57;590.99;795.89;595.66
767;Xanxerê;SC;Privada;79;538.5;565.66;552.67;586.12;735.19;595.63
768;Patrocínio;MG;Privada;103;528.87;540.31;509.02;584.62;815.15;595.59
769;Itarema;CE;Privada;21;520.52;559.25;533.8;585.21;779.05;595.57
770;Cuiabá;MT;Federal;350;546.64;572.16;528.59;598.21;732.0;595.52
771;São Joaquim da Barra;SP;Privada;38;542.91;561.6;523.62;587.27;762.11;595.5
772;Ouro Preto;MG;Privada;29;549.79;555.93;524.63;593.98;753.1;595.49
773;Porto Seguro;BA;Federal;60;558.05;575.41;547.35;601.31;695.33;595.49
774;Lajedo;PE;Privada;36;533.42;561.97;531.21;576.9;773.89;595.48
775;Palotina;PR;Privada;39;544.11;569.64;541.78;609.43;712.31;595.45
776;Parnamirim;RN;Privada;438;535.88;564.96;529.77;593.85;752.79;595.45
777;Itupeva;SP;Privada;66;553.91;571.25;548.86;625.85;677.27;595.43
778;Vazante;MG;Privada;20;538.21;562.87;531.84;592.19;752.0;595.42
779;Espigão D'Oeste;RO;Privada;9;528.67;554.54;550.49;611.91;731.11;595.34
780;Santo Augusto;RS;Federal;54;535.59;579.2;532.64;606.5;721.85;595.16
781;Capivari;SP;Federal;38;562.55;571.86;544.3;618.54;678.42;595.13
782;Faxinalzinho;RS;Estadual;2;538.2;546.05;514.3;627.05;750.0;595.12
783;Socorro;SP;Privada;50;552.42;570.61;542.33;610.13;698.8;594.86
784;Salvador;BA;Privada;4378;545.23;564.36;531.97;591.14;741.19;594.78
785;Santos Dumont;MG;Federal;35;555.39;573.72;531.21;613.36;700.0;594.74
786;Itatiaia;RJ;Privada;4;542.67;557.08;544.48;624.22;705.0;594.69
787;Cuiabá;MT;Privada;1356;535.13;563.96;529.93;595.72;748.6;594.67
788;Ponte Nova;MG;Privada;87;531.21;558.99;533.46;592.81;756.78;594.65
789;Francisco Beltrão;PR;Privada;148;541.43;570.06;541.49;613.59;706.35;594.58
790;Rio Espera;MG;Estadual;5;543.38;600.1;531.72;593.7;704.0;594.58
791;Guaíra;SP;Privada;59;535.34;547.06;536.2;619.32;734.92;594.57
792;Santo Antônio de Pádua;RJ;Federal;54;550.86;566.88;522.02;588.3;743.33;594.28
793;Coronel Fabriciano;MG;Privada;94;519.63;541.68;511.56;593.07;805.32;594.25
794;Gandu;BA;Privada;35;539.21;550.89;524.25;569.77;786.86;594.2
795;Indaial;SC;Privada;18;561.59;566.77;553.84;610.88;677.78;594.17
796;Ubajara;CE;Privada;15;545.37;567.08;526.26;605.33;726.67;594.14
797;Rolim de Moura;RO;Privada;16;540.99;575.86;549.38;629.15;675.0;594.08
798;Teixeira de Freitas;BA;Privada;123;524.85;544.38;516.3;592.81;791.71;594.01
799;Gaspar;SC;Federal;55;551.19;582.07;546.69;594.73;695.27;593.99
800;Colinas do Tocantins;TO;Privada;29;521.63;541.71;539.52;571.1;795.86;593.97
801;Extrema;MG;Privada;39;540.08;571.08;537.09;589.58;731.79;593.93
802;Salto;SP;Federal;45;560.25;574.26;533.45;614.0;687.56;593.9
803;Guaratinguetá;SP;Privada;136;546.72;568.86;545.78;605.21;702.94;593.9
804;Santa Teresa;ES;Federal;80;549.1;575.38;541.93;596.39;706.0;593.76
805;São José;SC;Federal;69;555.06;583.84;546.97;619.74;663.19;593.76
806;Garopaba;SC;Federal;42;564.7;589.95;524.27;600.1;689.52;593.71
807;Alpestre;RS;Privada;1;557.1;569.7;501.2;680.3;660.0;593.66
808;Perdões;MG;Privada;19;527.85;544.06;533.3;620.97;742.11;593.66
809;Araquari;SC;Federal;107;551.53;582.76;543.92;605.99;684.11;593.66
810;Belém;PA;Federal;297;539.01;566.7;535.04;597.94;729.63;593.66
811;Concórdia;SC;Privada;72;530.76;554.48;522.64;597.35;762.78;593.6
812;Brasília de Minas;MG;Privada;14;552.53;535.56;513.19;596.15;770.0;593.49
813;Paracambi;RJ;Federal;83;555.43;579.53;531.54;614.75;685.78;593.41
814;Campos dos Goytacazes;RJ;Privada;480;544.23;567.08;531.26;593.33;731.17;593.41
815;Astorga;PR;Privada;7;570.86;521.99;502.39;574.46;797.14;593.37
816;Barretos;SP;Privada;148;539.06;556.7;536.29;599.62;735.0;593.33
817;Palmas;TO;Federal;130;540.14;563.55;525.97;605.97;729.08;592.94
818;Santa Fé;PR;Privada;2;534.75;567.75;508.6;623.5;730.0;592.92
819;Flórida;PR;Estadual;2;582.25;609.85;572.65;559.8;640.0;592.91
820;Almirante Tamandaré;PR;Privada;8;524.19;581.65;536.01;559.89;762.5;592.85
821;João Dourado;BA;Privada;16;525.84;545.51;514.78;593.11;785.0;592.85
822;Barras;PI;Privada;38;533.51;545.04;519.15;574.29;792.11;592.82
823;Bueno Brandão;MG;Estadual;7;550.89;584.76;528.11;574.64;725.71;592.82
824;Ribeirão do Pinhal;PR;Privada;2;492.05;563.2;552.0;666.65;690.0;592.78
825;Brumadinho;MG;Privada;31;540.62;551.79;542.36;605.75;722.58;592.62
826;Campanha;MG;Privada;34;526.49;553.22;526.76;598.32;757.65;592.49
827;Ipu;CE;Privada;28;528.05;545.59;525.37;572.02;791.43;592.49
828;Frutal;MG;Privada;42;533.07;560.33;529.28;595.41;744.29;592.48
829;Itaberá;SP;Privada;2;578.35;600.75;589.6;613.7;580.0;592.48
830;Três Corações;MG;Federal;33;550.53;557.29;534.75;612.45;707.27;592.46
831;Salinas;MG;Privada;18;525.63;560.62;520.49;598.83;756.67;592.45
832;Pinhais;PR;Federal;40;562.08;587.24;530.12;600.25;682.5;592.44
833;Miguel Pereira;RJ;Privada;28;536.77;568.3;515.37;589.62;752.14;592.44
834;Itaituba;PA;Privada;88;506.84;538.2;493.08;569.8;853.64;592.31
835;Angra dos Reis;RJ;Privada;134;542.46;566.39;538.47;597.29;716.72;592.26
836;Tijucas;SC;Privada;39;548.55;565.51;534.66;596.69;715.9;592.26
837;Pitanga;PR;Federal;15;544.47;582.99;514.11;567.63;752.0;592.24
838;Pirapozinho;SP;Privada;30;539.9;568.17;539.84;625.9;687.33;592.23
839;Ouro Preto;MG;Federal;279;545.15;569.38;522.6;602.25;721.65;592.21
840;Bocaiúva;MG;Privada;60;531.76;540.02;530.52;590.54;768.0;592.17
841;Monte Alto;SP;Privada;52;537.54;549.94;533.51;601.02;738.85;592.17
842;Lagarto;SE;Privada;52;518.82;557.62;523.93;591.59;768.85;592.16
843;Ouro Preto do Oeste;RO;Privada;3;553.87;542.6;502.8;588.13;773.33;592.15
844;Maringá;PR;Privada;1022;544.19;566.17;543.19;596.67;710.43;592.13
845;São Benedito;CE;Privada;19;528.46;547.21;520.95;595.56;768.42;592.12
846;Gramado;RS;Privada;20;552.7;582.64;541.96;624.26;659.0;592.11
847;Anapurus;MA;Privada;18;507.86;554.77;501.23;593.26;803.33;592.09
848;Bebedouro;SP;Privada;127;533.09;556.99;546.85;605.55;717.8;592.05
849;São José;SC;Privada;585;540.9;565.46;540.9;612.03;700.89;592.04
850;Nova Esperança;PR;Privada;20;553.22;568.17;533.6;605.16;700.0;592.03
851;Dores do Indaiá;MG;Privada;22;526.4;560.22;530.4;584.4;758.18;591.92
852;Tapiratiba;SP;Privada;7;559.39;580.43;527.81;637.46;654.29;591.87
853;Guarapari;ES;Privada;57;539.57;565.65;544.79;583.24;725.96;591.84
854;São Tomás de Aquino;MG;Estadual;6;546.17;537.77;548.07;590.4;736.67;591.81
855;Álvares Machado;SP;Privada;50;539.5;570.62;533.37;613.36;702.0;591.77
856;São Luís de Montes Belos;GO;Privada;38;537.05;536.13;513.19;581.85;790.53;591.75
857;Itamaraju;BA;Privada;24;534.54;545.11;506.15;591.72;780.83;591.67
858;Itapetininga;SP;Federal;37;551.31;586.7;541.25;614.21;664.86;591.67
859;Araçuaí;MG;Federal;82;536.14;567.76;541.64;592.33;720.49;591.67
860;Canoinhas;SC;Privada;18;548.79;565.16;557.44;611.69;674.44;591.51
861;São João do Manteninha;MG;Estadual;1;576.5;633.7;540.9;626.2;580.0;591.46
862;Alvinlândia;SP;Estadual;3;590.7;568.03;544.97;633.5;620.0;591.44
863;Cachoeiras de Macacu;RJ;Privada;34;542.26;556.23;543.77;591.21;723.53;591.4
864;Boa Vista do Sul;RS;Estadual;3;528.57;554.47;502.77;564.3;806.67;591.35
865;Guanambi;BA;Federal;126;527.67;558.72;517.45;587.53;765.4;591.35
866;São João Evangelista;MG;Federal;116;543.24;563.04;528.35;597.91;723.45;591.2
867;Almenara;MG;Federal;62;539.68;554.83;524.6;593.24;742.9;591.05
868;Imperatriz;MA;Privada;270;527.52;541.77;519.28;583.2;783.41;591.03
869;Sapucaia do Sul;RS;Federal;82;568.39;583.28;533.58;606.26;663.66;591.03
870;Caraguatatuba;SP;Privada;75;541.47;551.28;529.95;594.01;738.13;590.97
871;Vitória da Conquista;BA;Privada;511;542.39;560.11;522.21;592.2;737.96;590.97
872;Camboriú;SC;Federal;132;552.44;578.86;544.47;598.42;680.61;590.96
873;Petrolina;PE;Privada;422;533.5;557.58;531.28;599.34;733.03;590.95
874;Tomé-Açu;PA;Privada;13;488.36;513.34;511.62;565.53;875.38;590.85
875;Rio Fortuna;SC;Estadual;4;566.2;600.9;533.3;608.8;645.0;590.84
876;Novo Hamburgo;RS;Federal;14;530.92;558.1;538.79;633.39;692.86;590.81
877;Videira;SC;Privada;35;546.21;552.85;539.49;608.58;706.86;590.8
878;Umuarama;PR;Privada;199;535.8;561.87;536.74;595.71;723.82;590.79
879;Machado;MG;Privada;36;508.62;525.01;523.32;605.67;791.11;590.75
880;Jardim;MS;Privada;12;554.71;572.88;499.63;579.43;746.67;590.66
881;Urubici;SC;Privada;9;554.86;601.59;574.73;621.99;600.0;590.63
882;Marau;RS;Privada;32;528.18;552.78;529.23;575.95;766.88;590.61
883;Itajaí;SC;Privada;320;546.19;566.48;535.4;599.15;705.75;590.59
884;Tabuleiro do Norte;CE;Privada;9;528.53;556.83;536.79;568.07;762.22;590.49
885;Cascavel;PR;Privada;367;541.88;558.04;535.69;599.98;716.84;590.49
886;Muzambinho;MG;Federal;95;553.15;568.4;538.7;611.49;680.63;590.48
887;Curitibanos;SC;Privada;41;546.64;560.71;520.29;592.98;731.71;590.46
888;Serrinha;BA;Privada;55;538.59;546.45;522.86;572.61;771.64;590.43
889;Santa Luzia;MG;Privada;79;544.12;567.22;527.53;584.54;728.61;590.4
890;Pedreiras;MA;Federal;47;534.29;546.99;506.3;561.93;802.13;590.33
891;Belém;PA;Privada;3139;532.43;559.88;522.69;572.77;763.24;590.2
892;Capela Nova;MG;Estadual;8;527.0;546.92;521.74;597.7;757.5;590.17
893;Caruaru;PE;Privada;525;535.0;555.32;525.1;598.53;736.76;590.14
894;Arraial do Cabo;RJ;Federal;62;559.95;575.67;532.07;612.23;670.65;590.12
895;Meridiano;SP;Estadual;2;563.35;584.2;505.05;538.0;760.0;590.12
896;Três Rios;RJ;Privada;185;543.75;558.99;524.92;592.82;729.84;590.06
897;Cruz Alta;RS;Privada;30;547.8;569.82;526.57;570.09;736.0;590.06
898;Maceió;AL;Federal;509;538.14;566.01;525.35;606.3;714.03;589.97
899;Soledade;RS;Privada;12;545.69;545.31;536.9;623.31;698.33;589.91
900;Presidente Prudente;SP;Privada;362;544.11;558.64;537.39;603.46;705.69;589.86
901;Baependi;MG;Privada;16;554.18;555.29;534.14;583.93;721.25;589.76
902;Foz do Iguaçu;PR;Municipal;1;563.7;569.2;552.0;583.7;680.0;589.72
903;Penápolis;SP;Privada;105;547.07;565.06;538.44;593.55;704.38;589.7
904;Cotia;SP;Privada;432;546.52;562.42;538.01;607.31;693.47;589.55
905;Anápolis;GO;Federal;46;542.25;580.02;525.05;608.2;692.17;589.54
906;Sombrio;SC;Federal;72;546.89;578.85;533.03;615.8;673.06;589.53
907;Birigui;SP;Privada;121;542.3;570.93;545.16;611.52;677.36;589.45
908;Barra do Garças;MT;Privada;86;536.22;553.08;529.28;586.63;741.63;589.37
909;Buriti;MA;Privada;6;555.85;567.2;527.38;522.97;773.33;589.35
910;Juína;MT;Privada;9;537.18;571.27;571.99;563.72;702.22;589.28
911;Carmópolis de Minas;MG;Privada;9;533.14;560.44;508.28;530.83;813.33;589.21
912;Resende;RJ;Federal;18;552.01;565.29;512.17;594.28;722.22;589.19
913;Sapezal;MT;Privada;16;539.13;578.42;555.71;602.62;670.0;589.18
914;Jequié;BA;Federal;109;538.33;560.99;515.19;602.31;728.81;589.12
915;Diogo de Vasconcelos;MG;Estadual;6;527.02;562.43;484.77;561.3;810.0;589.1
916;Witmarsum;SC;Estadual;1;584.3;585.1;554.2;581.7;640.0;589.06
917;Ceres;GO;Privada;44;535.43;541.67;518.87;573.38;775.91;589.05
918;São Sebastião;SP;Privada;34;538.09;569.86;542.49;625.54;668.82;588.96
919;Cunha;SP;Privada;3;569.0;591.63;537.93;639.13;606.67;588.87
920;Vilhena;RO;Privada;60;542.26;570.06;537.76;589.49;704.67;588.85
921;Lorena;SP;Privada;142;539.61;564.58;532.49;594.12;713.1;588.78
922;São Roque de Minas;MG;Privada;7;545.4;578.57;559.73;579.71;680.0;588.68
923;Canarana;MT;Privada;21;531.8;546.69;539.54;589.71;735.24;588.6
924;Charqueadas;RS;Federal;72;557.92;585.24;523.37;603.98;672.5;588.6
925;Floriano;PI;Federal;135;533.7;553.22;521.07;583.62;751.11;588.54
926;Parauapebas;PA;Federal;71;536.29;570.78;531.02;594.19;710.42;588.54
927;Rio das Ostras;RJ;Privada;264;538.68;556.89;531.35;592.8;722.05;588.35
928;Santo Amaro da Imperatriz;SC;Privada;29;550.36;570.48;547.88;595.07;677.93;588.34
929;Paranapanema;SP;Privada;18;530.4;548.59;518.55;609.01;734.44;588.2
930;Gurupi;TO;Privada;92;529.06;556.68;538.38;596.96;719.78;588.17
931;Aparecida do Taboado;MS;Privada;26;543.4;544.96;533.71;595.59;723.08;588.15
932;Paracatu;MG;Privada;90;537.87;552.02;527.93;610.68;711.78;588.05
933;Panambi;RS;Privada;22;538.18;566.55;538.5;585.11;711.82;588.03
934;Santo Amaro;BA;Federal;58;555.2;589.65;520.14;582.72;692.07;587.96
935;Lucas do Rio Verde;MT;Privada;78;541.27;553.64;539.53;597.6;707.44;587.9
936;Cruz Alta;RS;Municipal;1;528.8;536.3;444.9;649.3;780.0;587.86
937;Gravatá;PE;Privada;48;527.04;548.8;516.9;589.0;757.5;587.85
938;Campos Novos;SC;Privada;11;533.49;598.77;565.31;565.29;676.36;587.85
939;Tambaú;SP;Privada;37;534.87;563.16;537.03;607.16;696.76;587.8
940;Santo André;SP;Privada;1446;544.3;563.6;535.44;608.96;686.65;587.79
941;Piúma;ES;Federal;90;552.05;577.34;543.89;583.21;682.22;587.74
942;Alvorada;RS;Federal;39;567.34;608.99;531.19;584.68;646.15;587.67
943;Águas de Lindóia;SP;Privada;5;533.34;540.3;515.24;649.2;700.0;587.62
944;Laguna;SC;Privada;37;546.37;568.37;522.53;598.92;701.62;587.56
945;Fraiburgo;SC;Federal;37;536.1;558.47;513.46;613.45;716.22;587.54
946;Jaguaribe;CE;Privada;15;517.71;540.6;501.63;554.73;822.67;587.47
947;Gonçalves;MG;Estadual;2;517.2;572.15;527.55;580.1;740.0;587.4
948;Itaberaí;GO;Privada;52;515.54;536.83;506.7;570.64;807.31;587.4
949;Jacobina;BA;Federal;112;540.08;563.48;523.22;582.77;727.32;587.37
950;Cruzeiro;SP;Privada;125;542.2;562.3;521.87;602.4;707.52;587.26
951;Lins;SP;Privada;88;555.58;559.41;531.57;587.64;701.82;587.2
952;Clevelândia;PR;Municipal;1;553.7;607.0;602.3;612.9;560.0;587.18
953;Piumhi;MG;Privada;62;527.25;557.45;524.48;605.99;720.32;587.1
954;Aquiraz;CE;Privada;42;534.5;536.42;510.0;565.52;789.05;587.1
955;Ubatuba;SP;Privada;60;546.16;569.53;541.5;608.1;670.0;587.06
956;Foz do Iguaçu;PR;Privada;405;540.03;558.58;530.97;611.81;693.48;586.98
957;Bugre;MG;Estadual;3;524.93;542.43;459.4;621.47;786.67;586.98
958;Santos;SP;Privada;965;541.75;557.59;530.45;603.1;701.95;586.97
959;José Bonifácio;SP;Privada;54;517.88;530.97;537.75;578.33;769.63;586.91
960;Araçaí;MG;Estadual;1;526.2;620.4;487.7;620.2;680.0;586.9
961;Balsas;MA;Privada;148;525.47;536.38;524.99;590.15;756.89;586.78
962;Piracanjuba;GO;Privada;10;509.56;570.54;506.81;594.95;752.0;586.77
963;Itapetininga;SP;Privada;213;553.98;570.63;540.18;606.87;661.88;586.71
964;Cabo Frio;RJ;Privada;284;533.62;547.38;528.01;585.61;738.8;586.68
965;Água Branca;PI;Privada;26;524.6;550.39;499.76;566.14;792.31;586.64
966;Jacutinga;RS;Estadual;5;545.2;552.88;532.7;558.2;744.0;586.6
967;Brejo Santo;CE;Privada;39;520.74;541.44;537.22;575.63;757.95;586.59
968;Jaguaquara;BA;Privada;64;535.78;548.22;523.26;561.29;764.06;586.52
969;Novo Hamburgo;RS;Estadual;452;551.77;572.97;537.49;612.69;657.43;586.47
970;Nazaré da Mata;PE;Privada;40;525.9;562.99;522.85;576.04;744.5;586.46
971;Novo Hamburgo;RS;Privada;166;549.85;560.01;529.42;595.17;697.35;586.36
972;Mariana;MG;Privada;46;552.11;584.45;524.78;575.61;694.78;586.35
973;Granja;CE;Privada;6;518.88;548.23;506.92;594.22;763.33;586.32
974;Fernandópolis;SP;Privada;76;536.36;542.94;528.99;594.08;728.95;586.26
975;Bela Vista do Paraíso;PR;Privada;10;533.37;561.46;525.75;616.63;694.0;586.24
976;Gravataí;RS;Privada;270;547.77;566.78;530.76;593.36;692.07;586.15
977;Cícero Dantas;BA;Privada;12;526.98;560.62;481.22;571.81;790.0;586.12
978;Porto Belo;SC;Privada;14;548.45;544.75;554.73;585.36;697.14;586.09
979;Maricá;RJ;Privada;184;536.18;558.13;524.77;579.67;731.63;586.07
980;São Miguel do Iguaçu;PR;Privada;32;541.21;560.14;537.97;619.48;671.25;586.01
981;Parnaíba;PI;Privada;367;532.8;538.32;518.73;572.33;767.25;585.89
982;Imbituba;SC;Privada;17;517.26;552.52;507.24;626.55;725.88;585.89
983;Bela Cruz;CE;Privada;10;551.79;536.47;523.29;591.77;726.0;585.86
984;Tupanci do Sul;RS;Estadual;3;566.67;574.33;498.33;623.2;666.67;585.84
985;Fartura;SP;Privada;16;564.27;583.38;548.0;622.19;611.25;585.82
986;Itapeva;SP;Privada;58;547.0;563.67;542.45;597.67;678.28;585.81
987;Laranjeiras do Sul;PR;Privada;22;540.86;564.79;557.13;585.87;680.0;585.73
988;Araraquara;SP;Federal;45;545.08;578.73;536.97;600.76;667.11;585.73
989;Cubatão;SP;Federal;99;556.46;574.0;508.0;596.87;693.13;585.69
990;São José da Varginha;MG;Estadual;3;528.63;601.2;503.57;561.47;733.33;585.64
991;Concórdia;SC;Federal;95;527.97;569.44;531.9;594.29;704.21;585.56
992;Itambacuri;MG;Privada;4;539.15;576.55;537.5;599.45;675.0;585.53
993;Ilhéus;BA;Privada;265;539.3;558.92;522.82;571.76;734.49;585.46
994;Taquaritinga;SP;Privada;65;529.64;533.65;527.27;595.52;741.23;585.46
995;Cambuci;RJ;Federal;17;537.48;559.18;538.98;573.95;717.65;585.45
996;Pesqueira;PE;Federal;48;536.7;548.38;538.9;599.29;703.75;585.4
997;Olinda;PE;Privada;607;531.51;549.7;521.64;582.6;741.29;585.35
998;Livramento de Nossa Senhora;BA;Privada;18;535.43;554.11;503.97;562.04;771.11;585.33
999;Colatina;ES;Privada;68;532.49;554.28;527.64;586.77;725.29;585.3
1000;Ipiaú;BA;Privada;82;532.16;544.76;522.95;577.54;749.02;585.29
1001;Tucunduva;RS;Estadual;14;517.07;546.69;544.11;597.13;721.43;585.28
1002;Tocantins;MG;Privada;8;513.55;542.72;523.65;566.06;780.0;585.2
1003;Santa Cruz;RN;Federal;102;540.81;557.12;521.91;598.27;707.84;585.19
1004;Mossoró;RN;Privada;562;526.56;547.52;517.6;579.33;754.23;585.05
1005;Vargem Grande do Sul;SP;Privada;7;553.87;588.13;539.34;612.2;631.43;584.99
1006;Abadiânia;GO;Privada;65;525.42;541.64;511.76;583.8;762.15;584.96
1007;Simões Filho;BA;Federal;89;546.45;569.04;527.33;582.78;699.1;584.94
1008;Itaberaba;BA;Privada;30;544.86;544.45;502.87;595.82;736.67;584.93
1009;Paraty;RJ;Privada;56;540.11;572.61;540.46;599.69;671.79;584.93
1010;Piraí do Sul;PR;Privada;12;542.37;557.38;530.35;561.57;731.67;584.67
1011;Santa Rosa da Serra;MG;Estadual;3;535.33;560.53;541.03;632.77;653.33;584.6
1012;Cajazeiras;PB;Federal;138;525.92;562.87;517.33;578.99;737.83;584.59
1013;Iturama;MG;Privada;31;523.37;538.08;522.49;601.43;737.42;584.56
1014;Lages;SC;Privada;224;540.09;557.89;539.98;596.88;687.86;584.54
1015;Gurupi;TO;Federal;45;543.02;563.26;530.95;589.82;695.56;584.52
1016;Barra do Bugres;MT;Privada;20;523.58;542.56;502.56;589.83;764.0;584.51
1017;Horizontina;RS;Privada;40;548.22;568.71;544.18;607.77;653.5;584.48
1018;Campo Mourão;PR;Privada;137;535.39;560.16;534.92;589.72;702.19;584.48
1019;Valença;BA;Privada;50;536.42;555.29;505.66;592.85;732.0;584.44
1020;Mutum;MG;Privada;9;528.53;554.87;513.99;575.92;748.89;584.44
1021;Itamonte;MG;Privada;7;540.11;581.89;560.6;639.51;600.0;584.42
1022;Guarantã do Norte;MT;Federal;24;545.52;559.38;541.02;586.25;689.17;584.27
1023;Mirassol;SP;Privada;38;543.94;559.15;531.83;601.61;684.74;584.25
1024;Aparecida de Goiânia;GO;Federal;54;543.11;577.6;530.92;585.02;684.44;584.22
1025;Floresta;PE;Federal;44;531.42;544.16;507.22;536.04;802.27;584.22
1026;Salgueiro;PE;Privada;28;538.1;543.28;518.46;600.11;720.71;584.13
1027;Paulínia;SP;Privada;80;540.55;554.22;538.39;592.6;694.75;584.1
1028;Santa Bárbara d'Oeste;SP;Privada;81;537.23;553.66;533.04;598.48;697.78;584.04
1029;Bauru;SP;Privada;535;537.29;554.41;530.86;601.73;695.93;584.04
1030;Petrolina;PE;Federal;113;533.92;573.56;530.87;598.28;683.36;584.0
1031;Eunápolis;BA;Federal;112;553.35;564.12;518.12;572.57;711.61;583.95
1032;Abaetetuba;PA;Privada;132;525.38;540.57;522.1;546.53;785.15;583.94
1033;Quissamã;RJ;Privada;4;564.17;561.55;528.62;570.35;695.0;583.94
1034;Castanhal;PA;Privada;339;517.83;544.18;511.06;560.22;786.14;583.88
1035;Cabreúva;SP;Privada;19;533.43;562.6;549.66;619.96;653.68;583.87
1036;Moeda;MG;Municipal;1;514.8;553.7;498.2;732.4;620.0;583.82
1037;Ibiapina;CE;Privada;15;516.25;542.65;505.28;564.05;790.67;583.78
1038;Tupã;SP;Privada;35;539.81;548.67;542.04;611.64;676.57;583.75
1039;Brumado;BA;Privada;58;535.29;570.85;514.18;595.32;703.1;583.75
1040;Cassilândia;MS;Privada;17;529.68;559.69;550.35;579.64;698.82;583.64
1041;Curvelo;MG;Privada;35;528.75;544.99;515.46;570.53;758.29;583.61
1042;São Roque;SP;Privada;163;536.75;556.64;538.02;604.64;681.96;583.6
1043;Batalha;AL;Federal;29;532.51;549.17;507.65;571.11;757.24;583.54
1044;Colombo;PR;Privada;71;540.54;549.08;530.76;595.63;701.41;583.48
1045;Maranguape;CE;Privada;65;531.05;539.97;517.61;568.42;760.31;583.47
1046;Serro;MG;Privada;13;527.85;561.0;539.91;585.46;703.08;583.46
1047;Eldorado;MS;Privada;4;543.98;573.15;500.08;635.02;665.0;583.44
1048;Umbaúba;SE;Privada;27;518.53;535.31;518.19;565.77;779.26;583.41
1049;Birigui;SP;Federal;52;546.99;549.01;529.73;610.1;681.15;583.4
1050;Guaíba;RS;Privada;29;553.99;584.13;529.96;582.56;666.21;583.37
1051;Guarapuava;PR;Privada;255;540.42;556.98;531.78;591.09;696.55;583.36
1052;Farroupilha;RS;Privada;19;540.67;562.22;537.29;621.77;654.74;583.34
1053;Tanhaçu;BA;Privada;9;519.19;553.17;527.59;589.83;726.67;583.29
1054;Goianinha;RN;Privada;16;527.45;566.57;507.85;570.78;743.75;583.28
1055;Itaboraí;RJ;Privada;140;530.15;537.52;509.93;560.37;778.29;583.25
1056;Milhã;CE;Privada;20;527.74;529.36;519.6;604.98;734.0;583.14
1057;Uberaba;MG;Federal;164;542.7;559.82;530.32;595.32;687.56;583.14
1058;Jucurutu;RN;Privada;5;545.18;570.26;509.08;567.0;724.0;583.1
1059;Rondonópolis;MT;Federal;82;545.71;571.28;516.22;582.99;699.02;583.04
1060;Queluzito;MG;Estadual;1;563.8;593.9;577.5;619.6;560.0;582.96
1061;Pires do Rio;GO;Privada;51;524.5;542.44;528.55;571.25;747.84;582.92
1062;Brumado;BA;Federal;44;535.46;560.13;539.11;583.18;696.36;582.85
1063;Paty do Alferes;RJ;Privada;6;526.47;536.82;543.5;540.78;766.67;582.85
1064;Sumaré;SP;Privada;86;540.63;566.38;534.71;597.48;674.88;582.82
1065;Aparecida;SP;Privada;1;549.7;581.7;528.3;654.1;600.0;582.76
1066;Ribeira do Pombal;BA;Privada;45;527.88;546.21;512.23;591.97;735.11;582.68
1067;Araguaína;TO;Privada;169;529.68;545.46;524.21;576.32;737.51;582.64
1068;Serra Talhada;PE;Privada;62;523.33;545.17;528.85;569.98;745.16;582.5
1069;Manaus;AM;Privada;1485;543.69;560.66;524.55;577.15;706.38;582.49
1070;Santa Isabel;SP;Privada;15;524.51;553.21;512.17;603.44;718.67;582.4
1071;Cravinhos;SP;Privada;15;532.43;569.76;552.21;563.95;693.33;582.34
1072;Prados;MG;Estadual;11;533.09;544.42;528.69;583.58;721.82;582.32
1073;Capão da Canoa;RS;Privada;31;536.23;554.18;512.93;582.35;725.16;582.17
1074;Pelotas;RS;Federal;280;550.74;568.67;532.35;585.95;673.07;582.15
1075;Jaboticabal;SP;Privada;174;532.62;545.82;529.6;584.92;717.59;582.11
1076;Taquarituba;SP;Privada;7;562.69;533.07;535.17;679.57;600.0;582.1
1077;Garanhuns;PE;Privada;182;531.73;547.71;520.17;580.33;730.44;582.08
1078;Tunápolis;SC;Estadual;10;538.58;553.01;537.38;597.3;684.0;582.05
1079;Ituiutaba;MG;Privada;84;532.61;554.3;510.04;588.0;725.24;582.04
1080;Presidente Dutra;MA;Privada;12;531.36;544.17;503.23;578.08;753.33;582.04
1081;Prudentópolis;PR;Privada;42;537.75;568.35;560.09;621.08;622.86;582.02
1082;Piancó;PB;Privada;38;480.26;534.01;490.72;561.84;843.16;582.0
1083;Uruguaiana;RS;Privada;84;544.04;550.96;521.1;593.2;700.48;581.96
1084;Jaguariúna;SP;Privada;30;535.3;542.76;536.31;594.7;700.67;581.95
1085;Igarapava;SP;Privada;29;527.79;543.97;524.8;587.6;725.52;581.94
1086;Bom Jesus do Itabapoana;RJ;Privada;11;535.73;562.79;544.16;606.93;660.0;581.92
1087;Carlos Chagas;MG;Privada;10;557.11;552.51;513.99;579.94;706.0;581.91
1088;Nova Mutum;MT;Privada;32;520.51;541.48;551.11;608.78;687.5;581.88
1089;Escada;PE;Privada;35;532.57;530.11;509.27;589.99;747.43;581.87
1090;Itabuna;BA;Privada;295;535.03;549.34;524.0;560.48;740.27;581.82
1091;Campina Grande do Sul;PR;Privada;24;541.42;550.45;523.29;589.75;704.17;581.81
1092;Valença;RJ;Federal;35;534.02;544.1;523.96;583.39;723.43;581.78
1093;Catalão;GO;Privada;209;526.49;550.33;523.34;583.73;724.69;581.72
1094;Simão Dias;SE;Privada;26;546.56;557.78;533.53;551.27;719.23;581.68
1095;São Gabriel da Palha;ES;Privada;2;558.9;584.5;506.8;538.15;720.0;581.67
1096;Cambé;PR;Privada;14;547.66;562.63;528.29;612.64;657.14;581.67
1097;Viamão;RS;Privada;166;542.61;563.53;526.97;580.36;694.7;581.63
1098;Teixeira de Freitas;BA;Federal;60;541.95;562.12;510.4;557.29;736.0;581.55
1099;União da Vitória;PR;Federal;51;549.13;589.55;528.51;583.06;657.25;581.5
1100;Anitápolis;SC;Estadual;2;533.15;540.3;559.95;614.05;660.0;581.49
1101;Magé;RJ;Privada;100;540.44;563.84;535.48;575.1;692.6;581.49
1102;Cacoal;RO;Privada;114;529.63;531.68;523.18;570.1;752.81;581.48
1103;Arari;MA;Municipal;3;554.43;522.9;522.47;560.83;746.67;581.46
1104;Pedreiras;MA;Privada;33;518.01;553.52;507.51;546.46;781.82;581.46
1105;Acreúna;GO;Privada;3;576.1;523.73;530.47;583.6;693.33;581.45
1106;Campina Grande;PB;Federal;318;525.49;556.9;513.44;576.95;734.4;581.44
1107;Passa e Fica;RN;Privada;7;513.04;555.47;526.2;543.83;768.57;581.42
1108;Pederneiras;SP;Privada;46;539.3;553.37;528.81;607.42;677.83;581.34
1109;Canguaretama;RN;Federal;89;537.77;557.85;512.97;586.58;711.46;581.33
1110;Terra Rica;PR;Privada;7;535.77;535.81;521.56;607.73;705.71;581.32
1111;Osasco;SP;Privada;1139;541.92;561.73;528.02;588.95;685.88;581.3
1112;Patos;PB;Federal;109;521.41;539.1;512.01;583.12;750.46;581.22
1113;Bento de Abreu;SP;Estadual;2;560.25;563.65;531.6;550.55;700.0;581.21
1114;Gaspar;SC;Privada;18;538.14;555.63;534.25;582.15;695.56;581.14
1115;Alagoinhas;BA;Privada;153;537.2;557.57;524.38;578.22;707.58;580.99
1116;Palmeira;PR;Privada;27;538.31;574.24;548.13;575.75;668.15;580.92
1117;São Paulo do Potengi;RN;Federal;114;529.42;547.26;528.02;566.37;732.98;580.81
1118;Casimiro de Abreu;RJ;Privada;43;533.39;562.75;521.24;564.3;722.33;580.8
1119;Goiás;GO;Privada;11;526.03;567.59;542.75;574.84;692.73;580.79
1120;Palhoça;SC;Federal;31;547.16;566.09;525.89;603.22;661.29;580.73
1121;Avanhandava;SP;Privada;13;513.85;544.6;525.34;559.65;760.0;580.69
1122;Altos;PI;Privada;1;525.7;560.0;530.1;547.0;740.0;580.56
1123;Rancharia;SP;Privada;22;532.0;559.36;525.39;585.16;700.91;580.56
1124;Arujá;SP;Privada;74;538.91;561.41;528.68;586.34;687.03;580.47
1125;São José dos Pinhais;PR;Privada;344;545.35;562.94;530.03;597.02;666.86;580.44
1126;Inconfidentes;MG;Federal;74;534.83;555.31;517.78;593.86;700.0;580.36
1127;Senador Canedo;GO;Federal;18;543.14;564.52;523.99;582.22;687.78;580.33
1128;Campos do Jordão;SP;Federal;37;569.15;572.79;519.09;591.36;649.19;580.32
1129;Sant'Ana do Livramento;RS;Federal;34;541.55;559.99;534.28;605.64;660.0;580.29
1130;Porto Mauá;RS;Estadual;1;559.6;625.5;512.3;483.9;720.0;580.26
1131;Apiaí;SP;Privada;9;569.21;564.99;525.18;583.93;657.78;580.22
1132;Caçapava;SP;Privada;92;541.54;561.2;529.38;605.02;663.91;580.21
1133;Apucarana;PR;Privada;201;542.59;560.68;533.23;605.99;658.51;580.2
1134;Montanha;ES;Federal;96;529.9;548.85;516.81;596.35;708.54;580.09
1135;Viamão;RS;Federal;23;544.4;576.11;537.98;572.42;669.57;580.09
1136;Novo Alegre;TO;Estadual;1;387.8;531.7;544.2;516.7;920.0;580.08
1137;Artur Nogueira;SP;Privada;17;534.29;578.92;549.77;591.32;645.88;580.04
1138;Duartina;SP;Privada;7;503.8;527.61;531.04;603.23;734.29;579.99
1139;Dores de Campos;MG;Privada;2;506.45;523.0;580.6;679.5;610.0;579.91
1140;Catolé do Rocha;PB;Privada;47;505.33;512.19;516.17;570.02;795.74;579.89
1141;Porto Rico;PR;Estadual;4;545.6;593.12;537.75;597.85;625.0;579.86
1142;Sumé;PB;Privada;12;511.86;546.06;507.29;612.32;721.67;579.84
1143;Morada Nova de Minas;MG;Estadual;8;513.66;550.26;512.5;605.12;717.5;579.81
1144;Ponta Grossa;PR;Privada;589;545.55;568.2;544.49;593.02;647.74;579.8
1145;Biguaçu;SC;Privada;60;538.72;559.47;518.46;590.32;692.0;579.8
1146;Muritiba;BA;Privada;45;534.7;558.32;518.36;565.77;721.78;579.79
1147;Itajaí;SC;Federal;47;544.44;563.81;518.2;593.2;679.15;579.76
1148;Santo Ângelo;RS;Federal;48;538.3;572.38;517.67;579.98;690.42;579.75
1149;Leopoldina;MG;Privada;62;522.85;542.88;510.3;594.98;727.42;579.68
1150;Rosana;SP;Privada;12;533.07;549.39;534.36;586.5;695.0;579.66
1151;Itapema;SC;Privada;45;535.38;553.42;536.44;586.22;686.67;579.63
1152;Guarulhos;SP;Privada;1302;539.76;554.77;526.03;594.81;682.43;579.56
1153;Suzano;SP;Privada;250;531.99;547.88;521.32;583.83;712.8;579.56
1154;Uruaçu;GO;Privada;38;527.38;552.72;520.56;561.26;735.79;579.54
1155;Brasília;DF;Federal;714;545.59;563.6;534.9;594.3;659.27;579.53
1156;Rodeiro;MG;Estadual;4;523.75;530.25;545.78;577.12;720.0;579.38
1157;Humaitá;AM;Privada;6;523.18;517.42;517.78;604.7;733.33;579.28
1158;Inhumas;GO;Federal;52;521.67;551.1;515.19;554.11;754.23;579.26
1159;Porto Velho;RO;Privada;372;530.03;545.39;520.6;574.02;726.24;579.25
1160;São Bento do Sapucaí;SP;Privada;10;526.87;535.1;508.72;567.46;758.0;579.23
1161;Peçanha;MG;Privada;14;522.96;534.66;515.16;611.51;711.43;579.14
1162;São José dos Campos;SP;Federal;49;535.91;543.09;499.84;597.36;719.18;579.08
1163;Estância Velha;RS;Privada;12;535.05;567.87;552.36;581.75;658.33;579.07
1164;Monte Aprazível;SP;Privada;31;528.29;548.35;532.74;618.02;667.74;579.03
1165;Três Pontas;MG;Privada;53;530.88;541.69;517.78;573.65;730.94;578.99
1166;Riachão do Jacuípe;BA;Privada;38;535.67;548.98;515.92;568.08;726.32;578.99
1167;Itueta;MG;Estadual;4;526.92;573.28;520.62;619.02;655.0;578.97
1168;Cruzeiro do Sul;AC;Privada;27;541.74;551.28;504.07;552.48;745.19;578.95
1169;Veranópolis;RS;Federal;22;532.95;568.53;536.18;566.01;690.91;578.92
1170;Tangará da Serra;MT;Federal;57;538.49;559.45;504.41;587.29;704.91;578.91
1171;Camacan;BA;Privada;9;515.49;544.84;483.39;581.43;768.89;578.81
1172;Navegantes;SC;Privada;61;530.72;565.89;527.12;580.78;689.51;578.8
1173;Paragominas;PA;Privada;101;522.66;540.17;522.6;569.96;738.61;578.8
1174;Claro dos Poções;MG;Municipal;1;544.5;504.5;480.5;503.9;860.0;578.68
1175;Piedade de Caratinga;MG;Estadual;6;531.48;553.62;533.2;628.38;646.67;578.67
1176;Ituiutaba;MG;Federal;97;534.52;564.91;519.67;593.97;680.21;578.66
1177;Santo Antônio;RN;Privada;29;513.42;536.77;507.63;565.63;769.66;578.62
1178;Pesqueira;PE;Privada;21;526.04;537.88;502.4;594.01;732.38;578.54
1179;Eunápolis;BA;Privada;78;531.89;549.37;519.97;559.03;732.31;578.51
1180;Contagem;MG;Municipal;241;543.54;562.54;520.37;585.82;680.17;578.49
1181;Matipó;MG;Privada;6;530.02;498.57;520.53;526.33;816.67;578.42
1182;Sapiranga;RS;Federal;10;539.96;571.7;502.12;619.46;658.0;578.25
1183;São Borja;RS;Federal;23;563.75;556.92;528.16;589.18;653.04;578.21
1184;Bagé;RS;Privada;110;538.71;548.06;520.87;580.62;702.73;578.2
1185;Arapiraca;AL;Privada;413;518.87;540.98;513.37;568.89;748.81;578.18
1186;Cajuru;SP;Privada;8;523.43;538.78;477.36;568.67;782.5;578.15
1187;Auriflama;SP;Privada;20;530.79;552.67;510.86;571.38;725.0;578.14
1188;Quixadá;CE;Privada;34;532.28;557.36;524.67;593.16;682.94;578.08
1189;Benevides;PA;Privada;34;517.84;541.87;521.91;570.32;738.24;578.04
1190;Araripina;PE;Privada;34;505.24;518.36;488.08;609.71;768.82;578.04
1191;Lago da Pedra;MA;Privada;47;513.06;527.07;485.67;545.26;819.15;578.04
1192;Caçador;SC;Federal;34;544.54;571.69;539.29;572.81;661.76;578.02
1193;Iporã;PR;Privada;15;527.18;556.37;526.59;591.91;688.0;578.01
1194;Benedito Novo;SC;Estadual;5;544.9;553.38;541.6;613.9;636.0;577.96
1195;Avaré;SP;Federal;56;545.24;563.44;523.61;614.44;642.5;577.85
1196;Jaguarão;RS;Federal;14;568.67;584.24;515.71;594.87;625.71;577.84
1197;Urupês;SP;Privada;16;528.17;529.99;527.81;595.02;707.5;577.7
1198;Tanabi;SP;Privada;32;532.59;546.82;535.37;583.16;690.0;577.59
1199;Buritis;MG;Privada;10;548.79;559.15;511.86;593.98;674.0;577.56
1200;Juazeiro do Piauí;PI;Estadual;2;511.65;555.5;528.65;551.35;740.0;577.43
1201;Limeira;SP;Estadual;539;542.93;563.95;526.2;600.19;653.73;577.4
1202;Blumenau;SC;Municipal;29;542.7;566.41;549.55;589.3;638.62;577.32
1203;Brotas;SP;Privada;25;539.06;545.7;539.62;596.52;665.6;577.3
1204;Montenegro;RS;Privada;76;531.19;551.56;520.67;586.31;696.32;577.21
1205;Acaraú;CE;Privada;15;525.31;530.15;498.67;550.55;781.33;577.2
1206;Biquinhas;MG;Estadual;4;539.05;554.92;545.33;611.38;635.0;577.14
1207;Parelhas;RN;Privada;10;515.53;546.68;513.83;583.53;726.0;577.11
1208;Taboão da Serra;SP;Privada;263;531.41;547.09;510.96;582.0;713.84;577.06
1209;Parauapebas;PA;Privada;150;524.88;546.71;518.71;563.27;731.73;577.06
1210;Redenção;CE;Privada;3;534.1;550.9;496.63;549.9;753.33;576.97
1211;Peruíbe;SP;Privada;68;542.66;554.17;538.56;591.97;657.06;576.88
1212;Quedas do Iguaçu;PR;Federal;27;546.5;576.76;549.33;607.26;604.44;576.86
1213;União da Vitória;PR;Privada;36;539.19;562.76;530.45;595.66;656.11;576.83
1214;Luís Eduardo Magalhães;BA;Privada;137;519.01;540.56;523.58;569.79;731.09;576.81
1215;Goioerê;PR;Federal;29;553.9;560.16;506.13;578.13;685.52;576.77
1216;São Francisco do Sul;SC;Municipal;1;545.7;472.9;542.4;662.8;660.0;576.76
1217;Bagé;RS;Federal;41;543.05;567.15;532.14;586.23;655.12;576.74
1218;Campo Limpo Paulista;SP;Privada;70;542.98;554.87;529.83;586.97;668.57;576.64
1219;São Geraldo do Baixio;MG;Estadual;4;546.65;558.53;488.1;594.62;695.0;576.58
1220;Timbaúba;PE;Privada;30;533.21;538.86;502.6;606.73;701.33;576.55
1221;Sabará;MG;Privada;13;547.56;521.55;524.1;569.44;720.0;576.53
1222;Coaraci;BA;Privada;36;524.25;542.67;528.14;557.94;729.44;576.49
1223;Balneário Piçarras;SC;Privada;28;541.29;570.51;513.01;618.41;638.57;576.36
1224;Vitória de Santo Antão;PE;Privada;193;524.89;542.19;510.24;563.59;740.73;576.33
1225;União da Serra;RS;Estadual;4;531.83;560.17;539.8;594.45;655.0;576.25
1226;São João de Meriti;RJ;Privada;329;531.17;550.79;510.45;575.78;713.01;576.24
1227;Maracaju;MS;Privada;43;518.69;529.37;518.45;563.37;751.16;576.21
1228;Capanema;PR;Federal;35;527.82;564.31;520.16;584.67;684.0;576.19
1229;Engenheiro Coelho;SP;Privada;42;550.92;538.51;533.83;592.68;664.76;576.14
1230;Ji-Paraná;RO;Privada;42;530.5;568.19;514.19;584.71;682.86;576.09
1231;Jacobina;BA;Privada;80;532.75;548.85;496.67;553.23;748.75;576.05
1232;Santana do Acaraú;CE;Privada;16;549.34;532.48;499.68;567.53;731.25;576.05
1233;Paracatu;MG;Federal;102;543.88;564.17;520.53;577.9;673.73;576.04
1234;Cubati;PB;Estadual;6;548.02;554.9;495.1;525.07;756.67;575.95
1235;Porecatu;PR;Privada;16;540.88;554.97;547.69;584.67;651.25;575.89
1236;Delfim Moreira;MG;Estadual;8;532.8;541.91;510.92;598.78;695.0;575.88
1237;Tupã;SP;Federal;45;539.08;576.54;513.57;583.68;666.22;575.82
1238;Cordeiro;RJ;Privada;24;532.45;549.8;523.93;556.68;715.83;575.74
1239;Rio Bonito;RJ;Privada;54;532.66;549.57;510.83;585.23;700.0;575.66
1240;Viradouro;SP;Privada;28;530.0;539.05;532.93;620.95;655.0;575.59
1241;Santa Cruz do Capibaribe;PE;Privada;89;520.76;536.54;518.11;572.2;730.11;575.54
1242;Treze de Maio;SC;Estadual;9;517.27;570.36;530.24;537.4;722.22;575.5
1243;Alumínio;SP;Privada;30;540.01;556.73;538.08;602.62;640.0;575.49
1244;São Lourenço da Mata;PE;Municipal;1;530.7;511.4;493.9;721.4;620.0;575.48
1245;Alvorada;RS;Privada;32;537.02;545.56;519.16;589.9;685.62;575.45
1246;Castro;PR;Privada;66;541.7;564.61;554.32;602.62;613.94;575.44
1247;Fartura do Piauí;PI;Estadual;1;541.5;567.6;489.8;598.2;680.0;575.42
1248;Cornélio Procópio;PR;Privada;64;539.79;544.44;534.58;596.93;661.25;575.4
1249;Rio Bom;PR;Estadual;1;541.9;572.1;556.1;546.9;660.0;575.4
1250;Guarabira;PB;Privada;194;513.73;533.15;511.03;565.5;753.61;575.4
1251;Itaperuna;RJ;Federal;112;537.03;552.9;518.88;575.17;692.68;575.33
1252;Piçarra;PA;Municipal;1;549.3;645.6;502.4;539.0;640.0;575.26
1253;Ourilândia do Norte;PA;Privada;9;511.71;510.2;474.66;572.81;806.67;575.21
1254;Casa Branca;SP;Privada;30;528.21;545.86;519.01;574.94;708.0;575.2
1255;Teresina;PI;Federal;317;531.88;546.6;507.92;582.43;706.94;575.15
1256;Araquari;SC;Privada;46;530.3;558.06;523.35;587.0;676.96;575.13
1257;Alegre;ES;Federal;130;521.57;546.63;530.71;571.04;705.69;575.13
1258;Cariacica;ES;Privada;185;529.21;548.77;518.05;584.6;694.59;575.04
1259;Palmital;SP;Privada;18;522.28;541.78;478.58;580.18;752.22;575.01
1260;Ampére;PR;Privada;14;508.13;534.13;500.14;591.17;741.43;575.0
1261;Boituva;SP;Federal;32;542.93;555.37;522.67;582.33;671.25;574.91
1262;Coroaci;MG;Estadual;7;526.47;501.67;488.17;583.39;774.29;574.8
1263;Nova Bréscia;RS;Estadual;8;524.94;559.94;537.59;614.06;637.5;574.8
1264;Piripiri;PI;Federal;49;511.86;522.08;493.52;561.01;785.31;574.76
1265;Pirajuí;SP;Privada;19;533.41;538.24;518.81;596.77;686.32;574.71
1266;Boa Viagem;CE;Privada;1;480.3;571.0;504.9;537.2;780.0;574.68
1267;Promissão;SP;Privada;35;519.5;527.75;526.4;577.93;721.71;574.66
1268;Regente Feijó;SP;Privada;40;543.6;566.31;511.29;598.08;654.0;574.66
1269;Ruy Barbosa;BA;Privada;17;535.7;575.42;530.93;568.69;662.35;574.62
1270;Ermo;SC;Estadual;8;532.25;560.16;479.76;568.05;732.5;574.54
1271;Campina das Missões;RS;Estadual;5;510.54;543.18;506.4;596.58;716.0;574.54
1272;Sapé;PB;Privada;38;508.71;524.56;506.16;548.37;784.74;574.51
1273;Ilha Solteira;SP;Federal;35;525.06;554.67;524.2;585.58;682.86;574.47
1274;Presidente Bernardes;MG;Estadual;9;532.48;554.53;512.58;581.67;691.11;574.47
1275;Caxias;MA;Privada;41;513.26;545.6;521.69;542.96;748.78;574.46
1276;Senhora de Oliveira;MG;Estadual;6;530.12;495.78;476.88;639.32;730.0;574.42
1277;Getúlio Vargas;RS;Privada;7;527.2;540.89;511.39;543.97;748.57;574.4
1278;Canaã dos Carajás;PA;Privada;92;529.1;546.1;523.21;556.51;716.74;574.33
1279;Barreiros;PE;Privada;11;533.34;538.99;495.44;558.38;745.45;574.32
1280;Jacareí;SP;Privada;308;538.97;554.87;528.14;589.95;659.48;574.28
1281;Quissamã;RJ;Federal;42;544.72;573.8;518.49;568.07;666.19;574.26
1282;Santana do Ipanema;AL;Federal;77;528.86;550.29;520.98;561.73;709.09;574.19
1283;Porto Nacional;TO;Privada;48;522.99;546.66;519.87;566.15;715.0;574.14
1284;Riversul;SP;Estadual;1;537.2;539.4;523.1;590.5;680.0;574.04
1285;Porto Alegre;RS;Municipal;7;540.19;599.86;510.77;556.41;662.86;574.02
1286;Aparecida d'Oeste;SP;Estadual;3;530.27;551.67;516.97;537.77;733.33;574.0
1287;Nova Londrina;PR;Privada;7;533.96;537.57;553.83;596.03;648.57;573.99
1288;Paranaguá;PR;Federal;65;551.04;561.12;545.09;581.54;631.08;573.97
1289;São Vicente do Sul;RS;Federal;84;530.24;557.02;522.83;584.93;674.76;573.96
1290;Andradina;SP;Privada;72;538.91;540.94;523.45;590.61;675.83;573.95
1291;Canaã;MG;Estadual;6;544.0;590.55;556.33;585.43;593.33;573.93
1292;Picos;PI;Federal;96;513.18;543.64;487.4;587.12;737.92;573.85
1293;Macapá;AP;Privada;490;531.23;550.16;513.23;553.2;721.35;573.83
1294;Ibiam;SC;Estadual;1;501.3;603.5;550.7;573.3;640.0;573.76
1295;Senhor do Bonfim;BA;Privada;114;527.73;540.41;513.43;561.9;724.91;573.68
1296;Salinas;MG;Federal;162;522.45;546.93;515.45;579.7;703.83;573.67
1297;Maracaí;SP;Privada;10;502.25;501.53;541.5;600.58;722.0;573.57
1298;Jaguaripe;BA;Estadual;2;520.3;574.55;457.15;585.8;730.0;573.56
1299;Videira;SC;Federal;74;533.63;566.53;521.7;584.8;661.08;573.55
1300;Rio Grande;RS;Privada;230;536.13;550.61;502.48;568.77;709.39;573.48
1301;Tailândia;PA;Privada;27;518.46;519.39;512.67;564.18;752.59;573.46
1302;Sertãozinho;SP;Privada;171;529.58;544.78;531.0;582.32;679.53;573.44
1303;Miracema;RJ;Privada;13;515.95;562.73;504.42;570.17;713.85;573.42
1304;Extrema;MG;Municipal;1;560.8;622.4;588.4;454.6;640.0;573.24
1305;Aparecida de Goiânia;GO;Privada;477;525.64;547.39;513.82;567.91;711.4;573.23
1306;Itaquaquecetuba;SP;Federal;30;536.7;562.83;505.05;576.12;685.33;573.21
1307;Santa Clara do Sul;RS;Estadual;8;539.88;552.67;525.42;582.8;665.0;573.16
1308;Uruaçu;GO;Federal;51;540.54;552.35;498.95;585.37;688.24;573.09
1309;Santana de Parnaíba;SP;Estadual;84;544.52;568.73;515.98;598.23;637.62;573.01
1310;Presidente Alves;SP;Estadual;1;640.6;450.4;450.3;503.6;820.0;572.98
1311;Novo Oriente de Minas;MG;Privada;6;515.08;526.7;512.22;570.47;740.0;572.89
1312;Ceará-Mirim;RN;Federal;130;538.33;549.42;514.18;587.3;675.08;572.86
1313;Natividade;RJ;Privada;7;554.41;499.37;519.71;593.5;697.14;572.83
1314;Rio Real;BA;Privada;35;522.59;530.69;504.76;545.98;760.0;572.8
1315;Bacabal;MA;Federal;75;535.79;548.29;502.73;560.57;716.53;572.78
1316;Areia;PB;Privada;30;523.19;540.7;505.59;528.02;766.0;572.7
1317;Chapadão do Sul;MS;Privada;27;541.23;544.06;534.8;572.26;671.11;572.69
1318;Naviraí;MS;Privada;44;528.2;547.82;514.18;566.38;706.82;572.68
1319;Barbosa Ferraz;PR;Privada;6;508.62;555.0;524.53;561.83;713.33;572.66
1320;Nova Russas;CE;Privada;13;500.48;557.16;530.67;568.74;706.15;572.64
1321;Embu-Guaçu;SP;Privada;70;545.41;551.07;522.46;587.5;656.57;572.6
1322;Frederico Westphalen;RS;Federal;58;524.47;556.86;529.47;580.64;671.38;572.56
1323;Pariquera-Açu;SP;Privada;9;559.37;561.68;515.56;554.88;671.11;572.52
1324;Boituva;SP;Privada;87;538.53;544.8;509.52;597.05;672.64;572.51
1325;Várzea Paulista;SP;Privada;9;539.82;559.1;519.01;589.08;655.56;572.51
1326;Monte Azul;MG;Privada;18;511.38;517.0;526.63;561.81;745.56;572.47
1327;Porto Seguro;BA;Privada;116;530.03;538.0;523.2;567.02;703.79;572.41
1328;Charqueadas;RS;Privada;2;552.55;560.5;498.15;549.3;700.0;572.1
1329;Imbé de Minas;MG;Estadual;5;539.5;511.32;527.22;602.28;680.0;572.06
1330;Leandro Ferreira;MG;Estadual;1;430.9;470.6;538.7;579.9;840.0;572.02
1331;Bom Jesus da Lapa;BA;Privada;32;511.94;550.57;515.25;589.74;692.5;572.0
1332;Itapecerica da Serra;SP;Privada;108;533.26;547.74;513.87;581.56;683.52;571.99
1333;Colinas;MA;Privada;9;505.97;534.97;528.73;548.02;742.22;571.98
1334;Corumbá;MS;Federal;66;542.56;556.34;521.81;576.73;662.42;571.97
1335;Guaratinguetá;SP;Estadual;186;542.57;560.93;520.8;599.39;636.13;571.96
1336;Mirandópolis;SP;Privada;35;523.77;540.59;510.84;586.8;697.71;571.94
1337;Volta Redonda;RJ;Municipal;33;526.5;567.51;520.62;575.32;669.7;571.93
1338;São Luís;MA;Federal;546;526.23;549.51;509.27;572.13;702.53;571.93
1339;Nova Ramada;RS;Estadual;5;513.08;538.36;515.3;560.86;732.0;571.92
1340;Zé Doca;MA;Federal;36;522.73;555.93;509.95;551.39;719.44;571.89
1341;Itapiranga;SC;Privada;11;509.17;539.06;515.52;573.64;721.82;571.84
1342;Guarabira;PB;Federal;59;519.72;538.13;500.78;569.39;730.51;571.71
1343;Japaratuba;SE;Privada;12;527.29;525.69;499.56;537.33;768.33;571.64
1344;Santa Maria da Vitória;BA;Privada;22;533.57;555.75;531.57;575.96;660.91;571.55
1345;Doutor Ricardo;RS;Estadual;1;528.5;614.9;564.8;589.4;560.0;571.52
1346;Canelinha;SC;Municipal;2;543.45;567.55;503.3;583.2;660.0;571.5
1347;Irati;PR;Federal;89;535.74;560.44;517.05;577.0;667.19;571.48
1348;Itapevi;SP;Privada;37;540.28;567.22;537.98;576.54;635.14;571.43
1349;Mairiporã;SP;Privada;54;546.18;549.25;533.05;586.44;641.48;571.28
1350;Catalão;GO;Federal;39;531.86;556.34;517.3;581.56;669.23;571.26
1351;Ivatuba;PR;Privada;33;513.9;542.64;499.57;549.3;750.3;571.14
1352;Santaluz;BA;Privada;10;530.14;563.76;496.58;562.92;702.0;571.08
1353;Hortolândia;SP;Privada;181;529.14;536.61;517.22;573.3;699.01;571.05
1354;Patos;PB;Privada;152;519.72;542.57;516.54;572.26;703.95;571.01
1355;Guaíra;PR;Privada;10;541.29;557.13;496.28;528.36;732.0;571.01
1356;Cumbe;SE;Estadual;1;476.7;521.2;457.7;559.4;840.0;571.0
1357;Altinópolis;SP;Privada;11;514.21;546.69;514.53;603.12;676.36;570.98
1358;Carpina;PE;Privada;56;512.49;532.22;500.76;569.65;739.64;570.95
1359;Pirapó;RS;Estadual;5;526.92;547.3;469.46;566.96;744.0;570.93
1360;São Marcos;RS;Privada;6;547.08;549.43;497.52;549.83;710.0;570.77
1361;Bonito;MS;Privada;5;532.02;575.96;535.44;566.32;644.0;570.75
1362;Itaberaba;BA;Federal;29;528.89;536.01;516.05;555.38;717.24;570.72
1363;Brodowski;SP;Privada;9;511.03;535.44;546.08;529.57;731.11;570.65
1364;Boa Vista;RR;Privada;190;530.19;548.82;518.33;556.39;699.47;570.64
1365;João Câmara;RN;Federal;75;523.48;538.68;504.45;590.51;696.0;570.62
1366;Mamanguape;PB;Privada;51;523.15;540.61;523.15;564.07;701.96;570.59
1367;Ipirá;BA;Privada;17;516.01;555.62;513.89;554.49;712.94;570.59
1368;Ilhéus;BA;Federal;137;537.73;559.72;512.07;567.7;675.18;570.48
1369;Salinópolis;PA;Privada;13;506.88;514.25;527.65;587.83;715.38;570.4
1370;Cocal do Sul;SC;Privada;19;537.34;554.27;534.44;606.99;618.95;570.4
1371;Barra Bonita;SP;Privada;43;527.29;541.64;516.22;588.5;678.14;570.36
1372;Sertão;RS;Federal;70;522.98;544.55;533.21;587.8;663.14;570.34
1373;Paulo Afonso;BA;Privada;130;514.78;526.91;509.18;562.86;738.0;570.34
1374;Maceió;AL;Privada;2128;520.74;539.62;508.73;570.57;711.93;570.32
1375;Lagoinha;SP;Estadual;8;540.84;590.17;519.22;613.74;587.5;570.29
1376;Pedralva;MG;Privada;5;522.08;537.64;515.18;552.46;724.0;570.27
1377;Propriá;SE;Privada;53;520.71;539.5;491.42;560.23;738.49;570.07
1378;Amparo;SP;Estadual;156;534.25;557.2;521.28;595.47;642.05;570.05
1379;Santa Cruz;RN;Privada;40;514.94;522.77;515.96;566.06;730.5;570.04
1380;Parapuã;SP;Estadual;1;540.6;597.5;465.2;686.7;560.0;570.0
1381;Guarujá;SP;Privada;147;536.19;547.83;516.8;586.0;663.13;569.99
1382;Terra Boa;PR;Privada;9;537.98;554.86;499.46;590.52;666.67;569.9
1383;Presidente Epitácio;SP;Federal;34;545.46;542.89;510.08;597.92;652.94;569.86
1384;Cândido Godói;RS;Estadual;17;500.46;542.14;498.35;578.82;729.41;569.84
1385;Entre Rios;BA;Privada;5;544.22;536.58;495.42;556.74;716.0;569.79
1386;Rio do Sul;SC;Federal;53;528.34;554.25;537.54;577.11;650.94;569.64
1387;Cianorte;PR;Privada;103;528.8;542.25;512.87;569.88;694.37;569.63
1388;Palmares;PE;Privada;57;524.14;558.47;509.51;539.83;716.14;569.62
1389;Aurora;SC;Estadual;15;485.16;564.28;548.19;599.64;650.67;569.59
1390;Arroio do Sal;RS;Estadual;16;526.81;541.45;501.73;613.86;663.75;569.52
1391;Ananindeua;PA;Privada;749;518.75;543.56;508.1;550.05;727.16;569.52
1392;Ceres;GO;Federal;83;523.08;545.41;510.83;567.73;700.48;569.51
1393;Aroeiras;PB;Privada;8;516.41;545.2;453.84;574.46;757.5;569.48
1394;Crisólita;MG;Estadual;2;539.75;557.1;502.85;557.6;690.0;569.46
1395;Votuporanga;SP;Federal;64;531.27;532.77;506.69;604.44;671.88;569.41
1396;Sant'Ana do Livramento;RS;Privada;62;543.63;555.11;503.4;558.96;685.81;569.38
1397;Piratininga;SP;Privada;9;537.46;565.68;532.47;575.77;635.56;569.38
1398;São Gonçalo;RJ;Privada;842;524.96;544.77;507.26;562.15;707.7;569.37
1399;Acaiaca;MG;Estadual;4;553.17;566.83;509.5;511.67;705.0;569.24
1400;Caucaia;CE;Privada;52;532.27;548.6;505.05;562.79;696.92;569.13
1401;Santa Bárbara do Leste;MG;Estadual;5;501.04;536.52;510.9;605.1;692.0;569.11
1402;Morrinhos;GO;Federal;27;532.03;557.53;510.89;572.41;672.59;569.09
1403;Lucas do Rio Verde;MT;Federal;32;544.45;567.51;546.48;574.47;612.5;569.08
1404;Jardinópolis;SP;Privada;50;533.53;554.95;522.43;574.06;660.0;568.99
1405;Capanema;PR;Privada;13;511.04;543.26;505.65;577.08;707.69;568.94
1406;São Pedro da Aldeia;RJ;Privada;90;531.87;540.66;525.44;565.34;681.33;568.93
1407;Angical do Piauí;PI;Federal;52;511.78;532.7;492.27;556.24;751.54;568.91
1408;Jaciara;MT;Privada;26;513.41;530.59;515.62;570.28;714.62;568.9
1409;Romelândia;SC;Estadual;2;520.75;525.45;472.75;624.55;700.0;568.7
1410;Juazeiro;BA;Privada;137;518.94;533.16;509.19;554.83;727.15;568.65
1411;Bom Jesus do Itabapoana;RJ;Federal;96;524.71;536.48;521.69;571.55;688.54;568.59
1412;Matipó;MG;Estadual;22;520.05;529.33;490.32;565.44;737.27;568.48
1413;Barracão;PR;Federal;42;536.04;557.34;512.41;563.36;672.86;568.4
1414;Guariba;SP;Privada;27;534.27;528.27;516.85;593.54;668.89;568.37
1415;Campo Formoso;BA;Privada;26;510.17;532.54;514.09;560.3;724.62;568.34
1416;Palmeiras de Goiás;GO;Privada;30;516.76;515.05;506.01;572.39;731.33;568.31
1417;Murici;AL;Federal;36;525.48;541.57;514.39;587.07;672.78;568.26
1418;Ijuí;RS;Estadual;202;529.72;553.2;516.08;576.28;665.84;568.23
1419;Palmas;PR;Federal;43;527.5;549.64;510.23;552.91;700.47;568.15
1420;São Francisco do Sul;SC;Federal;42;537.42;565.73;521.71;584.95;630.95;568.15
1421;Diadema;SP;Privada;245;530.71;541.12;513.65;576.56;678.29;568.06
1422;Igaraçu do Tietê;SP;Privada;7;533.6;571.13;511.97;537.51;685.71;567.99
1423;Valparaíso;SP;Privada;8;541.85;547.54;525.78;589.75;635.0;567.98
1424;Itaguaí;RJ;Privada;79;531.91;541.45;514.31;552.41;699.75;567.97
1425;Nossa Senhora do Socorro;SE;Privada;88;501.98;525.88;499.67;544.83;767.5;567.97
1426;Olímpia;SP;Privada;31;539.39;542.24;528.2;562.92;667.1;567.97
1427;Rio Negro;PR;Privada;99;524.08;564.47;526.23;594.21;630.51;567.9
1428;São Caitano;PE;Privada;13;510.79;553.08;494.85;563.61;716.92;567.85
1429;Baraúna;RN;Privada;8;492.18;493.55;481.84;558.51;812.5;567.72
1430;Itaú de Minas;MG;Privada;24;531.39;542.99;502.07;586.34;675.83;567.72
1431;Pau dos Ferros;RN;Privada;30;507.63;526.92;503.31;540.43;760.0;567.66
1432;Guararema;SP;Privada;7;530.17;552.4;535.9;599.69;620.0;567.63
1433;Bambuí;MG;Federal;65;530.16;547.6;513.12;563.83;683.08;567.56
1434;Boa Viagem;CE;Federal;14;525.52;533.54;496.79;573.32;708.57;567.55
1435;Bom Jesus do Amparo;MG;Estadual;6;523.67;552.43;483.87;557.77;720.0;567.55
1436;Presidente Venceslau;SP;Privada;45;527.18;527.53;514.36;556.95;711.56;567.52
1437;Urussanga;SC;Privada;7;535.11;551.74;519.43;611.13;620.0;567.48
1438;Rubiácea;SP;Estadual;1;543.7;538.8;504.0;470.4;780.0;567.38
1439;Cantagalo;RJ;Privada;14;529.12;530.62;502.61;560.08;714.29;567.34
1440;Pirapora;MG;Privada;18;529.45;545.99;516.21;572.82;672.22;567.34
1441;Registro;SP;Federal;58;534.7;545.29;508.87;591.44;655.86;567.23
1442;Ponta Porã;MS;Privada;56;518.56;521.85;522.12;569.24;704.29;567.21
1443;Venâncio Aires;RS;Federal;54;540.35;557.93;504.77;585.23;647.78;567.21
1444;Ribeirão das Neves;MG;Privada;9;532.31;542.32;509.8;562.66;688.89;567.2
1445;Dois Vizinhos;PR;Privada;61;526.44;542.0;526.29;588.23;652.46;567.09
1446;Cássia;MG;Estadual;29;504.56;520.89;499.64;570.07;740.0;567.03
1447;Guabiruba;SC;Estadual;7;540.46;567.79;537.63;651.97;537.14;567.0
1448;Açailândia;MA;Privada;32;500.73;533.45;487.22;567.31;746.25;566.99
1449;Marituba;PA;Privada;17;544.29;547.63;518.35;524.4;700.0;566.93
1450;São Cristóvão;SE;Privada;44;519.21;534.09;479.8;530.44;770.91;566.89
1451;Campina Verde;MG;Privada;10;513.57;569.42;537.54;565.84;648.0;566.87
1452;Colombo;PR;Federal;47;546.88;565.74;526.07;573.54;622.13;566.87
1453;Viçosa;AL;Privada;19;514.92;529.79;475.45;551.79;762.11;566.81
1454;Eldorado do Sul;RS;Privada;6;536.15;562.37;544.13;578.05;613.33;566.81
1455;Sairé;PE;Privada;28;529.85;553.83;505.54;567.54;677.14;566.78
1456;Cruz;CE;Privada;13;524.84;507.0;497.98;573.17;730.77;566.75
1457;Florestal;MG;Estadual;75;530.19;543.21;515.75;580.57;664.0;566.74
1458;Nova Monte Verde;MT;Estadual;13;519.42;532.61;501.19;600.39;680.0;566.72
1459;Barra Bonita;SP;Municipal;1;547.2;562.4;528.1;535.3;660.0;566.6
1460;Uruguaiana;RS;Federal;36;549.94;563.05;499.33;582.64;637.78;566.55
1461;Valparaíso de Goiás;GO;Federal;36;546.94;565.51;506.05;550.88;663.33;566.54
1462;João Monlevade;MG;Estadual;153;529.32;551.51;513.13;564.75;673.73;566.49
1463;Motuca;SP;Estadual;1;520.6;579.6;522.1;610.0;600.0;566.46
1464;Planalto da Serra;MT;Estadual;5;528.9;541.3;516.28;536.72;708.0;566.24
1465;Araguaína;TO;Federal;55;538.19;564.83;518.64;562.99;646.18;566.17
1466;São José de Ribamar;MA;Federal;52;525.6;546.88;503.44;560.84;693.85;566.12
1467;Barra do Garças;MT;Federal;73;526.96;548.37;507.75;559.63;687.67;566.08
1468;Lajes;RN;Federal;47;525.74;538.67;509.46;586.12;670.21;566.04
1469;Januária;MG;Federal;116;528.25;534.22;512.12;549.05;706.38;566.0
1470;Arapoti;PR;Privada;29;538.18;556.45;526.09;594.61;614.48;565.96
1471;Afogados da Ingazeira;PE;Federal;42;527.77;568.72;522.5;579.8;630.48;565.85
1472;Cacoal;RO;Federal;97;512.38;538.64;508.91;565.78;703.51;565.84
1473;Conceição do Jacuípe;BA;Privada;40;521.13;532.25;496.6;556.87;722.0;565.77
1474;Jandaia do Sul;PR;Privada;20;511.8;538.64;513.82;551.34;713.0;565.72
1475;Visconde do Rio Branco;MG;Municipal;79;517.76;526.09;517.32;573.49;693.67;565.67
1476;Maratá;RS;Estadual;3;488.9;511.27;536.63;557.97;733.33;565.62
1477;São Gabriel;RS;Privada;10;537.89;572.96;493.7;575.44;648.0;565.6
1478;Conceição do Araguaia;PA;Privada;38;514.19;540.57;496.42;554.41;721.58;565.43
1479;Carapicuíba;SP;Privada;122;534.68;549.85;506.06;572.37;663.93;565.38
1480;Itamogi;MG;Privada;4;493.0;506.45;507.15;574.88;745.0;565.3
1481;Tabaí;RS;Estadual;19;531.33;553.87;513.56;562.26;665.26;565.26
1482;Pinhalzinho;SP;Municipal;1;577.7;482.9;465.5;640.2;660.0;565.26
1483;Jandira;SP;Privada;63;537.19;554.13;506.57;574.35;653.97;565.24
1484;Ituporanga;SC;Privada;7;532.59;518.13;520.67;586.09;668.57;565.21
1485;Tatuí;SP;Privada;104;535.83;544.08;520.95;583.54;641.54;565.19
1486;Coronel Vivida;PR;Federal;36;525.79;557.03;514.95;584.81;643.33;565.18
1487;Santana da Ponte Pensa;SP;Estadual;3;536.57;534.47;529.73;551.7;673.33;565.16
1488;Serra Talhada;PE;Federal;28;521.64;521.96;500.45;575.88;705.71;565.13
1489;Mundo Novo;BA;Privada;15;532.39;534.57;496.67;568.56;693.33;565.1
1490;Itaituba;PA;Municipal;9;500.32;515.22;493.9;511.18;804.44;565.01
1491;Águas de Santa Bárbara;SP;Estadual;2;577.65;516.25;531.05;619.95;580.0;564.98
1492;Abreulândia;TO;Estadual;2;475.3;518.9;486.7;593.85;750.0;564.95
1493;São Joaquim;SC;Privada;16;526.36;575.0;517.15;589.67;616.25;564.88
1494;Igarapé;MG;Privada;18;531.26;566.66;532.17;533.04;661.11;564.85
1495;Sorocaba;SP;Federal;29;549.37;562.92;514.51;573.2;624.14;564.83
1496;Manaus;AM;Federal;444;527.07;543.66;514.02;562.52;676.8;564.82
1497;Sena Madureira;AC;Federal;29;517.3;548.52;503.84;541.88;712.41;564.79
1498;Santa Maria de Jetibá;ES;Federal;47;522.62;547.01;510.64;564.49;679.15;564.78
1499;Jarinu;SP;Privada;11;517.08;537.39;526.27;577.71;665.45;564.78
1500;Votorantim;SP;Privada;83;527.23;545.13;512.33;582.95;656.14;564.76
1501;Humaitá;RS;Estadual;14;511.13;538.46;521.35;532.69;720.0;564.73
1502;Piracicaba;SP;Municipal;47;548.41;558.38;529.04;564.85;622.98;564.73
1503;Hortolândia;SP;Federal;48;529.71;554.39;517.21;580.4;641.67;564.68
1504;São Félix do Coribe;BA;Privada;2;524.45;512.3;531.9;604.45;650.0;564.62
1505;Euclides da Cunha;BA;Privada;21;523.5;520.06;480.55;548.9;749.52;564.51
1506;Sumidouro;RJ;Estadual;14;525.06;568.43;497.01;535.25;695.71;564.29
1507;Capitão de Campos;PI;Privada;28;483.97;505.03;508.52;544.55;779.29;564.27
1508;Pojuca;BA;Privada;73;513.15;529.06;506.29;560.38;712.05;564.19
1509;Silvianópolis;MG;Estadual;5;544.8;516.68;503.4;567.46;688.0;564.07
1510;Itapipoca;CE;Federal;49;514.98;545.75;505.2;570.89;683.27;564.02
1511;Sagrada Família;RS;Estadual;6;522.3;550.2;503.58;554.0;690.0;564.02
1512;São José do Ouro;RS;Estadual;11;530.56;536.73;486.67;567.86;698.18;564.0
1513;Floriano;PI;Privada;80;508.81;521.35;504.13;542.16;743.5;563.99
1514;Registro;SP;Estadual;108;535.71;549.14;502.61;587.01;645.19;563.93
1515;Senador José Bento;MG;Estadual;2;561.0;519.0;489.5;600.05;650.0;563.91
1516;Brejo do Cruz;PB;Privada;7;500.29;484.37;480.2;500.09;854.29;563.85
1517;Marialva;PR;Privada;46;519.86;524.97;531.61;561.01;681.74;563.84
1518;Condado;PE;Privada;3;530.23;575.83;461.97;597.83;653.33;563.84
1519;Paranavaí;PR;Federal;47;543.0;543.19;510.08;564.39;658.3;563.79
1520;Sertânia;PE;Municipal;1;537.3;614.4;573.1;514.1;580.0;563.78
1521;Areial;PB;Municipal;1;508.3;553.1;578.7;538.7;640.0;563.76
1522;Porangatu;GO;Privada;28;507.56;518.1;504.79;581.13;707.14;563.74
1523;Esplanada;BA;Privada;16;498.73;530.42;499.59;545.96;743.75;563.69
1524;Alpercata;MG;Estadual;8;536.92;540.38;497.6;568.48;675.0;563.67
1525;Pontalina;GO;Privada;3;489.97;536.23;487.37;471.47;833.33;563.67
1526;Santarém;PA;Federal;65;533.98;548.27;519.29;552.46;664.31;563.66
1527;Canguaretama;RN;Privada;4;552.3;570.6;495.18;575.1;625.0;563.64
1528;Santo Antônio do Descoberto;GO;Privada;7;544.86;548.19;499.96;527.96;697.14;563.62
1529;Luminárias;MG;Estadual;12;521.74;541.37;501.36;548.57;705.0;563.61
1530;Mangaratiba;RJ;Privada;11;516.62;536.6;550.78;581.28;632.73;563.6
1531;Garibaldi;RS;Privada;16;519.42;494.31;499.19;559.97;745.0;563.58
1532;Florínea;SP;Estadual;1;577.3;566.0;455.8;578.6;640.0;563.54
1533;Morro Reuter;RS;Estadual;7;515.57;566.81;513.91;578.34;642.86;563.5
1534;Paulistana;PI;Federal;54;503.16;504.74;483.66;536.64;789.26;563.49
1535;Fraiburgo;SC;Privada;33;516.79;543.15;525.74;547.69;683.64;563.4
1536;Altônia;PR;Privada;8;548.39;542.19;481.21;530.22;715.0;563.4
1537;Itacoatiara;AM;Privada;26;539.2;532.91;521.01;546.83;676.92;563.38
1538;Várzea Grande;MT;Federal;94;523.36;548.32;490.87;566.2;687.87;563.32
1539;Santa Rosa de Viterbo;SP;Privada;27;506.11;546.52;522.07;567.54;674.07;563.26
1540;Serafina Corrêa;RS;Estadual;47;523.25;554.08;529.23;557.36;652.34;563.25
1541;Nova Prata;RS;Estadual;47;521.25;545.34;511.36;560.24;677.87;563.21
1542;Boa Vista da Aparecida;PR;Estadual;10;526.43;557.68;530.48;581.46;620.0;563.21
1543;Araponga;MG;Privada;1;485.3;527.7;594.4;568.5;640.0;563.18
1544;Rio Doce;MG;Estadual;3;529.27;503.6;467.77;581.9;733.33;563.17
1545;Porto Ferreira;SP;Estadual;35;537.95;545.18;517.84;593.51;621.14;563.13
1546;Santana dos Montes;MG;Estadual;3;468.13;545.13;499.4;549.6;753.33;563.12
1547;Pirassununga;SP;Estadual;73;538.42;560.73;524.26;582.13;609.86;563.08
1548;Itaporanga;PB;Privada;27;507.81;507.66;488.88;555.32;755.56;563.05
1549;Tanque Novo;BA;Estadual;42;496.71;509.76;494.32;579.02;735.24;563.01
1550;Jaboatão dos Guararapes;PE;Privada;413;525.22;539.17;509.2;566.46;674.92;562.99
1551;Sertanópolis;PR;Privada;22;518.95;554.57;522.17;541.47;677.27;562.89
1552;Glaucilândia;MG;Estadual;4;536.6;521.75;499.35;531.45;725.0;562.83
1553;Tucuruí;PA;Federal;153;525.06;540.42;500.36;572.12;676.08;562.81
1554;Cruzaltense;RS;Estadual;4;468.62;600.95;502.12;542.22;700.0;562.79
1555;Ibiassucê;BA;Estadual;19;503.41;523.1;502.33;551.93;732.63;562.68
1556;São José dos Campos;SP;Municipal;2;535.7;560.4;579.65;587.55;550.0;562.66
1557;São Domingos do Cariri;PB;Municipal;3;537.6;576.73;531.17;560.43;606.67;562.52
1558;Catanduvas;SC;Privada;7;525.17;547.44;502.1;503.59;734.29;562.52
1559;Casa Grande;MG;Estadual;4;542.0;559.6;486.98;528.5;695.0;562.42
1560;Bom Jesus dos Perdões;SP;Privada;3;521.57;536.6;552.57;654.5;546.67;562.38
1561;Itanhomi;MG;Estadual;17;514.03;513.24;500.43;552.34;731.76;562.36
1562;Paramirim;BA;Privada;1;465.0;586.4;475.4;644.5;640.0;562.26
1563;Cajati;SP;Privada;12;554.28;566.47;516.69;558.7;615.0;562.23
1564;Ilha Solteira;SP;Privada;34;531.72;555.22;520.78;573.27;630.0;562.2
1565;Jaci;SP;Estadual;2;551.6;584.05;526.8;578.2;570.0;562.13
1566;Florânia;RN;Municipal;1;529.7;526.6;500.0;674.3;580.0;562.12
1567;Iguape;SP;Privada;29;528.99;537.69;510.49;564.21;668.97;562.07
1568;Ibema;PR;Privada;10;516.0;533.12;479.37;477.42;804.0;561.98
1569;Catu;BA;Privada;9;541.31;548.57;512.11;521.27;686.67;561.98
1570;Bragança;PA;Privada;91;506.51;519.86;495.27;541.14;747.03;561.96
1571;Três Lagoas;MS;Federal;69;529.62;555.31;505.92;566.13;652.75;561.95
1572;Bom Jesus da Lapa;BA;Federal;63;505.42;542.79;506.91;550.54;703.81;561.9
1573;Tocos do Moji;MG;Estadual;8;500.66;537.29;503.55;607.79;660.0;561.86
1574;Piracema;MG;Estadual;10;540.95;566.9;479.19;554.21;668.0;561.85
1575;Granito;PE;Estadual;15;504.91;514.55;526.86;545.57;717.33;561.84
1576;Nova Iguaçu;RJ;Privada;728;521.96;538.27;505.39;559.08;684.42;561.82
1577;São Francisco de Paula;MG;Estadual;5;527.24;536.06;528.46;565.1;652.0;561.77
1578;Araci;BA;Privada;22;512.5;531.3;491.37;526.29;747.27;561.75
1579;Tomazina;PR;Privada;9;518.01;557.7;514.27;567.34;651.11;561.69
1580;Quixaba;PE;Estadual;102;502.14;526.13;486.47;579.89;713.53;561.63
1581;Bom Repouso;MG;Estadual;6;486.77;542.53;499.72;572.2;706.67;561.58
1582;Torrinha;SP;Estadual;11;529.69;539.2;513.65;610.55;614.55;561.53
1583;Ponta Porã;MS;Federal;60;537.61;546.06;519.12;572.89;631.67;561.47
1584;Teixeiras;MG;Estadual;16;519.99;541.57;501.87;521.32;722.5;561.45
1585;Arambaré;RS;Estadual;2;503.4;598.0;482.0;603.85;620.0;561.45
1586;Alta Floresta;MT;Federal;64;506.78;515.17;502.09;545.27;737.5;561.36
1587;Santo Expedito do Sul;RS;Estadual;10;501.15;509.33;521.77;562.5;712.0;561.35
1588;Telêmaco Borba;PR;Privada;67;531.76;552.98;518.37;565.27;638.21;561.32
1589;São Gonçalo do Amarante;RN;Privada;45;504.67;541.49;510.3;555.66;694.22;561.27
1590;Rosário do Sul;RS;Privada;5;510.22;557.88;544.86;493.26;700.0;561.24
1591;Estrela Velha;RS;Estadual;6;511.23;535.72;484.58;577.95;696.67;561.23
1592;São Félix do Piauí;PI;Estadual;8;502.11;547.64;511.71;511.96;732.5;561.19
1593;Itaquaquecetuba;SP;Privada;75;530.11;543.12;509.59;559.09;664.0;561.18
1594;Mogi Guaçu;SP;Municipal;42;525.13;545.08;505.2;567.02;662.86;561.06
1595;Luziânia;GO;Privada;62;522.87;545.63;514.61;554.06;668.06;561.05
1596;Assis Chateaubriand;PR;Federal;62;522.32;541.07;523.1;571.58;647.1;561.03
1597;Jacobina do Piauí;PI;Estadual;3;510.93;516.4;469.9;514.13;793.33;560.94
1598;Descoberto;MG;Estadual;14;519.06;517.33;492.86;575.46;700.0;560.94
1599;Fazenda Rio Grande;PR;Privada;34;528.13;564.79;520.78;560.2;630.59;560.9
1600;Portão;RS;Estadual;42;531.68;558.79;500.97;571.98;640.95;560.88
1601;Teixeiras;MG;Privada;2;441.35;525.4;481.75;515.7;840.0;560.84
1602;Guaporé;RS;Estadual;43;521.99;535.44;517.01;552.83;676.74;560.8
1603;Ivaiporã;PR;Privada;60;522.99;543.1;506.06;549.66;682.0;560.76
1604;Anchieta;ES;Privada;4;505.1;559.95;532.25;611.33;595.0;560.72
1605;Maracanaú;CE;Privada;73;513.41;538.17;491.32;538.97;721.64;560.7
1606;Pio XII;MA;Privada;3;510.77;432.63;476.4;630.33;753.33;560.69
1607;Monteiro;PB;Privada;15;521.83;547.85;501.39;519.05;713.33;560.69
1608;Governador Lindenberg;ES;Estadual;22;516.35;537.77;517.98;561.24;670.0;560.67
1609;Mercês;MG;Estadual;5;520.2;490.06;491.68;545.22;756.0;560.63
1610;Pompéu;MG;Estadual;51;506.61;511.85;496.78;544.33;743.53;560.62
1611;Arco-Íris;SP;Estadual;1;602.2;630.3;403.6;586.9;580.0;560.6
1612;Caldas;MG;Estadual;16;526.26;506.51;488.57;591.54;690.0;560.58
1613;Coelho Neto;MA;Federal;45;515.9;520.47;508.77;555.46;702.22;560.56
1614;Piracaia;SP;Privada;15;513.43;533.47;503.16;574.94;677.33;560.47
1615;Antônio Carlos;SC;Estadual;58;506.41;543.19;519.42;573.29;660.0;560.46
1616;Jaú;SP;Estadual;268;518.02;530.18;496.55;567.94;689.55;560.45
1617;Ouricuri;PE;Privada;8;514.1;526.65;508.69;560.25;692.5;560.44
1618;Prado Ferreira;PR;Estadual;2;498.85;577.45;486.1;619.75;620.0;560.43
1619;Guará;SP;Privada;3;498.23;557.27;481.3;591.97;673.33;560.42
1620;Cesário Lange;SP;Estadual;10;551.78;555.55;492.17;564.5;638.0;560.4
1621;Urucuia;MG;Municipal;1;547.2;560.8;424.0;509.6;760.0;560.32
1622;Bauru;SP;Estadual;560;530.95;549.3;507.94;576.82;636.29;560.26
1623;Tabatinga;SP;Privada;9;518.26;517.16;515.79;534.51;715.56;560.25
1624;Irapuru;SP;Estadual;2;540.25;548.6;519.45;632.85;560.0;560.23
1625;Oliveira Fortes;MG;Estadual;4;507.92;507.18;494.5;526.17;765.0;560.16
1626;Jeremoabo;BA;Privada;16;503.92;517.09;513.79;577.26;688.75;560.16
1627;Mauá;SP;Privada;279;526.73;541.2;506.4;575.32;650.9;560.11
1628;Simões Filho;BA;Privada;40;512.64;527.72;491.72;544.4;724.0;560.1
1629;Ibateguara;AL;Privada;1;552.7;513.6;450.9;542.9;740.0;560.02
1630;Cajamar;SP;Privada;35;545.33;550.12;504.29;571.1;629.14;560.0
1631;Cruzília;MG;Estadual;21;498.83;529.48;505.25;575.94;690.48;560.0
1632;Queimadas;PB;Privada;19;519.97;555.5;505.28;548.46;670.53;559.95
1633;Crateús;CE;Federal;8;501.95;529.65;532.35;560.59;675.0;559.91
1634;Santa Maria do Herval;RS;Estadual;9;541.22;552.66;506.14;550.61;648.89;559.9
1635;Rolante;RS;Federal;24;537.08;570.25;530.91;570.15;590.83;559.85
1636;Picada Café;RS;Estadual;8;527.11;574.21;512.44;570.22;615.0;559.8
1637;Ichu;BA;Estadual;5;531.18;545.54;467.02;563.28;692.0;559.8
1638;Duque de Caxias;RJ;Privada;651;517.33;534.73;503.79;550.71;692.14;559.74
1639;Altamira;PA;Privada;88;503.68;527.31;497.61;540.43;729.55;559.72
1640;Coqueiros do Sul;RS;Estadual;4;568.98;574.92;506.45;558.08;590.0;559.69
1641;Formosa;GO;Privada;72;521.3;534.96;515.58;568.11;658.33;559.66
1642;São João do Sul;SC;Estadual;10;535.4;591.56;522.82;548.45;600.0;559.65
1643;Tauá;CE;Federal;38;518.97;549.84;491.2;557.41;680.53;559.59
1644;Franco da Rocha;SP;Privada;26;524.51;551.93;502.25;571.23;647.69;559.52
1645;Muliterno;RS;Estadual;1;482.9;538.9;519.8;455.9;800.0;559.5
1646;Piranhas;AL;Privada;6;482.83;519.75;488.92;575.85;730.0;559.47
1647;Embu das Artes;SP;Privada;31;547.78;570.88;516.73;562.27;599.35;559.41
1648;Dobrada;SP;Estadual;1;508.1;563.6;562.2;402.9;760.0;559.36
1649;Nova Araçá;RS;Privada;14;529.59;517.24;492.81;528.07;728.57;559.26
1650;Mesquita;RJ;Privada;58;530.05;532.17;498.99;550.86;684.14;559.24
1651;Jaguariaíva;PR;Federal;22;526.69;563.94;525.2;556.58;623.64;559.21
1652;Santa Inês;BA;Federal;71;509.65;544.76;519.02;544.07;678.31;559.16
1653;Itaquaquecetuba;SP;Municipal;1;564.2;578.0;547.1;446.5;660.0;559.16
1654;Aquidauana;MS;Federal;66;532.82;538.57;509.15;558.86;656.36;559.15
1655;Porto Velho;RO;Federal;173;519.52;537.28;500.07;556.61;681.73;559.04
1656;Trindade;GO;Federal;80;525.55;539.34;504.8;568.91;656.5;559.02
1657;Rio Pomba;MG;Federal;66;511.99;546.5;515.43;580.71;640.3;558.99
1658;Rio Pardo;RS;Privada;14;536.36;559.42;512.54;581.96;604.29;558.91
1659;Jacarezinho;PR;Privada;42;533.22;540.0;525.59;553.62;641.9;558.87
1660;Paranapanema;SP;Municipal;1;536.9;429.1;496.5;550.9;780.0;558.68
1661;Pedreira;SP;Privada;17;519.15;534.19;504.69;562.09;672.94;558.61
1662;Paranavaí;PR;Privada;187;522.25;533.73;513.9;561.7;661.18;558.55
1663;Conceição do Mato Dentro;MG;Estadual;7;554.56;504.71;468.64;584.84;680.0;558.55
1664;Corumbá;MS;Privada;132;526.47;530.92;500.7;561.4;673.18;558.54
1665;Nova Pádua;RS;Estadual;6;510.98;546.03;583.05;552.42;600.0;558.5
1666;Veredinha;MG;Estadual;2;451.3;603.2;443.85;583.9;710.0;558.45
1667;Goioerê;PR;Privada;25;528.77;564.06;522.51;548.08;628.8;558.44
1668;Oeiras;PI;Federal;27;504.67;538.56;497.19;561.66;689.63;558.34
1669;Novo Machado;RS;Estadual;14;511.79;542.85;520.6;570.71;645.71;558.33
1670;Osvaldo Cruz;SP;Estadual;64;523.85;539.34;500.49;571.91;655.94;558.31
1671;Marataízes;ES;Privada;9;519.2;527.09;509.47;551.06;684.44;558.25
1672;Barra Velha;SC;Privada;1;562.5;632.9;489.4;606.2;500.0;558.2
1673;Antônio Prado;RS;Estadual;21;515.79;553.31;533.24;547.68;640.95;558.19
1674;Porto Vitória;PR;Estadual;4;538.53;524.98;468.88;528.5;730.0;558.17
1675;Campos do Jordão;SP;Privada;36;517.92;539.4;515.69;573.91;643.89;558.16
1676;Major Gercino;SC;Estadual;7;523.5;544.27;512.73;553.13;657.14;558.15
1677;Serrinha;BA;Federal;14;511.96;529.17;505.6;543.91;700.0;558.13
1678;Borá;SP;Estadual;3;536.47;516.03;493.83;657.47;586.67;558.09
1679;Treze Tílias;SC;Estadual;7;544.23;549.86;530.39;585.94;580.0;558.08
1680;Martinópolis;SP;Privada;23;510.74;535.08;538.18;598.5;607.83;558.07
1681;Taubaté;SP;Municipal;99;532.3;556.64;496.79;570.75;633.54;558.0
1682;Nova Petrópolis;RS;Estadual;17;506.2;537.66;539.85;553.12;652.94;557.95
1683;Novo Santo Antônio;PI;Estadual;4;505.8;544.3;454.25;540.4;745.0;557.95
1684;Júlio de Castilhos;RS;Federal;51;526.2;556.36;501.55;573.05;632.55;557.94
1685;Campinas;SP;Estadual;1446;529.44;548.23;509.67;574.64;626.89;557.77
1686;Dourados;MS;Federal;78;527.16;541.9;506.2;552.96;660.51;557.75
1687;Riacho Frio;PI;Municipal;1;496.2;417.5;531.2;583.8;760.0;557.74
1688;Prata;MG;Privada;6;505.57;539.98;522.73;553.5;666.67;557.69
1689;Ibarama;RS;Estadual;10;481.21;505.54;476.21;525.43;800.0;557.68
1690;Santa Vitória do Palmar;RS;Privada;18;536.09;542.0;494.73;563.31;652.22;557.67
1691;Olímpia;SP;Estadual;141;532.0;540.49;509.51;578.24;627.94;557.64
1692;Ipameri;GO;Federal;22;531.3;509.59;496.85;554.07;696.36;557.63
1693;Santa Izabel do Pará;PA;Privada;50;495.92;512.73;494.02;522.71;762.4;557.56
1694;Esteio;RS;Privada;51;522.52;531.36;491.53;559.6;682.75;557.55
1695;Alto Araguaia;MT;Privada;5;494.58;521.0;543.62;560.52;668.0;557.54
1696;Salvador das Missões;RS;Estadual;10;510.09;537.21;482.01;624.13;634.0;557.49
1697;Cachoeira;BA;Privada;29;510.14;518.33;487.44;542.57;728.97;557.49
1698;Resplendor;MG;Estadual;21;530.39;533.17;517.98;569.01;636.19;557.35
1699;Jitaúna;BA;Privada;17;493.96;527.34;488.97;549.28;727.06;557.32
1700;Barra Funda;RS;Estadual;5;507.78;520.0;468.58;553.74;736.0;557.22
1701;Biritiba Mirim;SP;Privada;7;500.17;538.54;513.73;579.24;654.29;557.19
1702;Registro;SP;Privada;76;531.65;532.03;506.49;573.12;642.63;557.18
1703;Ilhabela;SP;Privada;22;528.32;542.39;522.18;548.42;644.55;557.17
1704;Santa Terezinha de Itaipu;PR;Privada;9;506.41;537.26;508.93;544.23;688.89;557.14
1705;Conselheiro Lafaiete;MG;Municipal;21;528.92;532.34;501.03;558.43;664.76;557.1
1706;Jaboticatubas;MG;Estadual;27;513.29;528.63;508.76;566.61;668.15;557.09
1707;Aloândia;GO;Estadual;4;538.62;534.0;525.48;512.33;675.0;557.08
1708;Santa Rosa do Sul;SC;Federal;89;524.8;546.3;513.93;566.32;633.93;557.06
1709;Elisiário;SP;Estadual;1;560.1;603.2;493.9;528.1;600.0;557.06
1710;Santa Rita;PB;Privada;43;501.5;542.93;493.87;547.94;698.6;556.97
1711;Diamante D'Oeste;PR;Estadual;7;510.2;526.6;523.4;567.46;657.14;556.96
1712;Martinho Campos;MG;Estadual;16;494.86;515.81;465.81;588.29;720.0;556.95
1713;Itiúba;BA;Municipal;1;472.4;471.2;526.3;494.8;820.0;556.94
1714;Januária;MG;Privada;8;518.55;522.58;509.61;533.78;700.0;556.9
1715;Maragogi;AL;Federal;38;509.1;520.68;497.71;550.31;706.32;556.82
1716;Iguaba Grande;RJ;Privada;22;514.58;529.25;504.75;580.07;655.45;556.82
1717;Tupã;SP;Estadual;111;522.33;539.05;496.07;569.46;657.12;556.81
1718;Jaraguá;GO;Privada;22;521.04;529.74;485.85;564.56;682.73;556.78
1719;Planaltina;GO;Privada;26;525.41;549.97;513.2;553.72;641.54;556.77
1720;Morro do Chapéu;BA;Privada;9;521.33;552.94;479.7;540.84;688.89;556.74
1721;Coxim;MS;Privada;12;519.98;533.38;528.32;565.3;636.67;556.73
1722;Craíbas;AL;Privada;12;521.24;530.38;500.79;536.11;695.0;556.71
1723;Itaporanga;SP;Privada;11;519.95;539.26;505.72;545.54;672.73;556.64
1724;Chapadão do Céu;GO;Privada;6;513.72;562.9;506.03;573.88;626.67;556.64
1725;Sapiranga;RS;Municipal;2;529.35;588.2;522.35;573.05;570.0;556.59
1726;Nova Santa Rita;RS;Municipal;2;523.6;513.8;518.1;627.35;600.0;556.57
1727;Colorado do Oeste;RO;Federal;65;514.32;531.19;500.26;559.66;677.23;556.53
1728;Padre Paraíso;MG;Estadual;9;470.42;503.14;522.04;595.84;691.11;556.51
1729;Angelândia;MG;Estadual;5;529.4;548.42;474.54;521.96;708.0;556.46
1730;Ananindeua;PA;Federal;40;512.9;540.44;514.2;522.95;691.5;556.4
1731;Itapetinga;BA;Federal;97;514.09;529.67;508.02;524.45;705.57;556.36
1732;Campo Largo;PR;Privada;63;526.35;543.17;515.27;565.8;631.11;556.34
1733;Castanhal;PA;Federal;37;521.03;534.16;503.63;527.18;695.68;556.34
1734;Paulista;PE;Privada;452;515.77;526.89;500.35;552.62;686.02;556.33
1735;Nova Aliança;SP;Estadual;3;515.83;537.37;488.43;646.63;593.33;556.32
1736;Governador Mangabeira;BA;Federal;43;514.08;533.95;517.7;532.47;683.26;556.29
1737;Nova Cruz;RN;Privada;45;507.82;521.96;487.53;545.77;718.22;556.26
1738;Bocaiúva do Sul;PR;Estadual;8;532.65;555.62;474.61;535.81;682.5;556.24
1739;Lambari;MG;Estadual;33;523.97;531.98;494.82;557.89;672.12;556.16
1740;Marechal Floriano;ES;Estadual;67;505.25;533.09;509.92;560.56;671.94;556.15
1741;Entre Rios de Minas;MG;Estadual;41;518.7;533.35;515.44;562.27;650.73;556.1
1742;Victor Graeff;RS;Estadual;6;533.93;533.85;498.85;586.87;626.67;556.03
1743;Taquara;RS;Estadual;113;529.67;545.71;508.9;571.13;624.6;556.0
1744;São Miguel dos Campos;AL;Privada;57;502.7;494.94;468.84;557.23;756.14;555.97
1745;Conceição das Pedras;MG;Estadual;5;527.76;491.84;529.5;570.72;660.0;555.96
1746;Mandaguaçu;PR;Privada;5;526.44;558.02;526.3;536.84;632.0;555.92
1747;Alto Feliz;RS;Estadual;3;529.43;569.17;488.87;618.5;573.33;555.86
1748;Niquelândia;GO;Privada;34;513.98;538.61;494.34;558.5;673.53;555.79
1749;Paraíso do Sul;RS;Estadual;11;486.34;541.51;518.9;539.35;692.73;555.76
1750;Cajueiro;AL;Privada;8;522.78;547.55;456.55;511.51;740.0;555.68
1751;Jaguariaíva;PR;Privada;21;539.17;557.53;506.25;584.97;590.48;555.68
1752;Jaçanã;RN;Estadual;10;515.3;550.38;503.39;531.02;678.0;555.62
1753;Santa Helena;SC;Estadual;4;509.35;550.6;518.3;539.42;660.0;555.54
1754;São José da Tapera;AL;Privada;5;489.94;581.52;493.64;556.48;656.0;555.52
1755;Jenipapo dos Vieiras;MA;Estadual;5;523.84;510.58;531.8;519.32;692.0;555.51
1756;Nazaré da Mata;PE;Estadual;181;503.4;527.16;499.66;545.28;701.88;555.48
1757;Ibiraiaras;RS;Estadual;16;500.28;523.76;498.02;554.01;701.25;555.46
1758;Adustina;BA;Municipal;2;491.15;459.95;509.1;596.85;720.0;555.41
1759;Cristal do Sul;RS;Estadual;3;482.77;494.5;510.73;535.67;753.33;555.4
1760;Jussara;GO;Privada;8;517.35;542.11;508.19;571.67;637.5;555.36
1761;Angra dos Reis;RJ;Municipal;1;511.2;571.3;533.8;560.0;600.0;555.26
1762;Piranguçu;MG;Estadual;16;514.04;529.59;498.92;585.87;647.5;555.18
1763;Nanuque;MG;Privada;16;497.87;513.92;480.48;562.33;721.25;555.17
1764;Juína;MT;Federal;86;515.31;534.87;497.94;543.03;684.19;555.07
1765;Santos Dumont;MG;Privada;11;511.31;557.27;473.64;529.45;703.64;555.06
1766;Machado;MG;Federal;95;513.79;530.91;500.75;567.37;662.32;555.03
1767;Virmond;PR;Estadual;16;513.71;558.06;522.98;534.89;645.0;554.93
1768;Redenção;PA;Privada;25;506.58;518.69;507.42;569.92;672.0;554.92
1769;Vilhena;RO;Federal;80;527.17;538.82;509.05;565.37;634.0;554.88
1770;Mortugaba;BA;Estadual;16;489.46;515.74;483.31;542.02;743.75;554.86
1771;Porciúncula;RJ;Estadual;18;520.51;537.94;509.79;556.03;650.0;554.85
1772;Glória D'Oeste;MT;Estadual;5;527.66;529.3;476.76;536.38;704.0;554.82
1773;Caraúbas;RN;Privada;4;523.15;530.17;480.88;489.83;750.0;554.81
1774;Satuba;AL;Federal;81;512.7;535.97;498.49;542.52;683.95;554.73
1775;Cajazeiras;PB;Privada;101;501.21;514.09;497.85;550.52;709.5;554.64
1776;Itatiba do Sul;RS;Estadual;5;516.64;532.44;507.46;524.68;692.0;554.64
1777;Macau;RN;Federal;88;517.99;534.24;495.47;549.27;675.91;554.57
1778;Cambira;PR;Estadual;14;531.79;560.29;524.4;557.76;598.57;554.56
1779;Inhuma;PI;Privada;6;523.35;525.27;445.7;551.7;726.67;554.54
1780;Presidente Epitácio;SP;Privada;47;522.86;507.23;514.16;582.46;645.96;554.53
1781;Dois Irmãos;RS;Estadual;63;523.3;549.85;511.39;556.33;631.75;554.52
1782;Amparo do Serra;MG;Estadual;3;499.1;523.43;519.1;584.2;646.67;554.5
1783;Formosa do Rio Preto;BA;Privada;4;514.22;516.38;511.62;555.2;675.0;554.48
1784;Juazeiro;BA;Federal;39;518.73;545.17;497.18;539.64;671.28;554.4
1785;Praia Grande;SP;Privada;212;526.13;539.39;508.7;561.27;636.04;554.31
1786;Pedralva;MG;Estadual;16;516.04;553.89;521.69;543.24;636.25;554.22
1787;Desterro do Melo;MG;Estadual;3;526.37;534.47;495.1;574.63;640.0;554.11
1788;Jaguaré;ES;Privada;5;526.58;589.32;548.34;522.22;584.0;554.09
1789;Ivaiporã;PR;Federal;36;522.93;556.65;515.12;558.53;616.67;553.98
1790;Maringá;PR;Municipal;4;499.12;543.3;536.35;601.1;590.0;553.98
1791;Nossa Senhora da Glória;SE;Federal;10;492.89;529.66;511.25;539.83;696.0;553.93
1792;Ibiúna;SP;Privada;50;517.4;540.19;514.24;566.53;631.2;553.91
1793;Santana;AP;Privada;60;517.57;537.32;500.69;540.84;673.0;553.88
1794;Iporá;GO;Privada;10;500.9;499.94;507.71;578.56;682.0;553.82
1795;São Caetano do Sul;SP;Municipal;306;530.68;540.99;504.81;573.18;619.22;553.78
1796;Piraju;SP;Estadual;76;522.2;545.49;499.84;568.71;632.11;553.67
1797;Ibiraci;MG;Estadual;11;540.26;556.45;502.16;538.53;630.91;553.66
1798;São Carlos;SC;Federal;22;516.21;545.76;518.66;567.57;620.0;553.64
1799;Coruripe;AL;Federal;94;504.06;521.05;495.06;562.86;684.68;553.54
1800;Jumirim;SP;Estadual;3;515.77;573.37;472.4;592.67;613.33;553.51
1801;Oriximiná;PA;Privada;41;489.2;526.22;491.57;530.18;730.24;553.48
1802;Pinhais;PR;Privada;121;525.2;530.07;509.67;560.37;641.98;553.46
1803;Paço do Lumiar;MA;Privada;19;512.09;543.81;505.07;539.94;666.32;553.45
1804;Barra do Chapéu;SP;Estadual;4;524.98;484.58;493.9;508.48;755.0;553.38
1805;Timon;MA;Federal;71;502.62;528.02;487.65;543.67;704.79;553.35
1806;Açailândia;MA;Federal;105;513.77;525.95;492.68;549.34;684.95;553.34
1807;Jaguarari;BA;Privada;29;518.88;526.77;495.87;534.64;690.34;553.3
1808;Camaçari;BA;Privada;111;508.86;528.81;491.67;539.76;697.12;553.24
1809;Igrapiúna;BA;Privada;2;477.15;568.9;531.1;528.6;660.0;553.15
1810;Teutônia;RS;Estadual;57;533.79;548.7;503.19;546.39;633.68;553.15
1811;Conceição;PB;Privada;14;497.11;513.94;472.06;549.74;732.86;553.14
1812;Caieiras;SP;Privada;84;523.36;534.96;512.7;561.04;633.57;553.13
1813;Divinésia;MG;Estadual;7;475.7;522.47;501.71;596.89;668.57;553.07
1814;Serra Azul de Minas;MG;Estadual;2;536.35;491.75;480.45;566.7;690.0;553.05
1815;Taquarituba;SP;Estadual;50;538.65;552.58;511.87;547.64;614.4;553.03
1816;Boa Vista;RR;Federal;171;524.19;534.1;497.26;551.78;657.54;552.97
1817;São Raimundo Nonato;PI;Federal;74;520.64;514.95;488.86;552.1;688.11;552.93
1818;São José do Rio Pardo;SP;Estadual;82;515.7;528.07;510.19;564.55;646.1;552.92
1819;São Pedro das Missões;RS;Estadual;2;506.5;491.5;475.6;590.8;700.0;552.88
1820;Paranaíba;MS;Privada;39;515.45;528.03;496.24;552.28;671.79;552.76
1821;Bento Gonçalves;RS;Municipal;12;539.77;559.35;505.99;556.97;601.67;552.75
1822;Cabaceiras;PB;Estadual;13;521.38;543.14;460.15;537.31;701.54;552.7
1823;Catu;BA;Federal;69;516.86;539.54;511.61;531.32;664.06;552.68
1824;Utinga;BA;Privada;9;511.61;524.82;525.27;563.87;637.78;552.67
1825;Grajaú;MA;Federal;57;504.71;528.02;491.84;537.26;701.4;552.65
1826;Pilão Arcado;BA;Privada;3;510.53;526.03;468.43;491.17;766.67;552.57
1827;Santo Anastácio;SP;Privada;34;516.87;543.25;514.69;552.16;635.88;552.57
1828;Cristalina;GO;Federal;25;511.91;527.81;504.29;561.94;656.8;552.55
1829;Vitória do Mearim;MA;Privada;11;519.19;488.81;477.75;500.62;776.36;552.55
1830;Ipiranga;PR;Estadual;8;531.04;555.55;492.15;581.51;602.5;552.55
1831;Catiguá;SP;Estadual;4;513.92;546.45;507.18;600.15;595.0;552.54
1832;Ferraz de Vasconcelos;SP;Privada;56;532.05;548.54;504.88;548.9;628.21;552.52
1833;Malhador;SE;Estadual;14;486.5;519.2;468.34;535.45;752.86;552.47
1834;Altamira;PA;Federal;34;518.74;535.8;463.85;535.44;708.24;552.41
1835;Araguanã;MA;Estadual;2;517.3;534.0;487.3;553.35;670.0;552.39
1836;Araputanga;MT;Privada;8;514.06;532.24;478.01;585.11;652.5;552.38
1837;Santa Rita;PB;Federal;35;516.78;538.83;489.9;543.21;673.14;552.37
1838;Barueri;SP;Municipal;812;525.38;538.3;499.62;565.29;633.2;552.36
1839;Paranaguá;PR;Privada;128;523.03;528.68;510.97;560.22;638.91;552.36
1840;Itiúba;BA;Privada;4;546.55;515.65;479.42;480.15;740.0;552.36
1841;Ribeirão;PE;Privada;41;495.4;499.37;488.02;540.3;738.54;552.33
1842;Santana;AP;Federal;4;539.33;595.17;514.17;502.78;610.0;552.29
1843;Quixabeira;BA;Privada;2;511.95;561.65;491.7;525.85;670.0;552.23
1844;Faxinal;PR;Privada;19;517.87;539.99;512.62;568.65;621.05;552.04
1845;Serra Azul;SP;Estadual;10;505.52;563.26;497.8;579.04;614.0;551.92
1846;Nova Boa Vista;RS;Estadual;20;514.86;546.46;501.74;537.36;659.0;551.88
1847;Estância;SE;Privada;94;504.71;523.59;498.53;542.5;689.57;551.78
1848;Barbacena;MG;Estadual;199;524.99;534.31;504.56;560.3;634.67;551.77
1849;União dos Palmares;AL;Privada;42;495.41;515.99;496.22;550.21;700.95;551.76
1850;Mateus Leme;MG;Estadual;27;519.87;531.27;487.34;563.11;657.04;551.72
1851;Cabo de Santo Agostinho;PE;Privada;143;509.19;523.65;494.1;555.16;676.36;551.69
1852;Açucena;MG;Estadual;5;521.48;567.48;494.78;542.5;632.0;551.65
1853;Assunção do Piauí;PI;Estadual;3;484.63;493.23;504.8;588.87;686.67;551.64
1854;Rio Novo;MG;Estadual;13;495.85;522.39;471.31;582.36;686.15;551.61
1855;Francisco Morato;SP;Privada;10;521.49;563.7;531.74;554.81;586.0;551.55
1856;Caucaia;CE;Federal;64;514.77;540.06;497.64;543.76;661.25;551.5
1857;Barcarena;PA;Privada;52;505.74;524.92;488.61;542.31;695.77;551.47
1858;Antônio Olinto;PR;Estadual;3;532.83;555.37;548.47;500.4;620.0;551.41
1859;Santo Ângelo;RS;Estadual;151;524.52;527.43;503.58;543.68;657.48;551.34
1860;Coronel Bicaco;RS;Estadual;7;527.67;504.49;500.86;537.73;685.71;551.29
1861;Bandeirantes;PR;Privada;37;517.44;529.0;504.56;561.53;643.78;551.26
1862;São Gonçalo do Rio Abaixo;MG;Estadual;26;517.93;550.31;506.02;552.75;629.23;551.25
1863;Iporã do Oeste;SC;Estadual;44;496.66;527.02;518.09;547.32;666.82;551.18
1864;Barra Bonita;SP;Estadual;96;523.88;525.52;501.44;559.35;645.62;551.16
1865;Piranhas;AL;Federal;47;507.53;520.05;499.8;521.95;706.38;551.14
1866;Cabedelo;PB;Federal;96;509.74;528.33;493.42;534.46;689.38;551.06
1867;Sorriso;MT;Federal;60;520.96;541.46;509.12;537.38;646.33;551.05
1868;Barra de São Francisco;ES;Privada;2;505.8;527.8;491.3;600.25;630.0;551.03
1869;Vertentes;PE;Estadual;27;515.98;524.43;487.65;568.29;658.52;550.97
1870;Jaguaribe;CE;Federal;23;508.61;484.55;489.97;537.83;733.91;550.97
1871;Morungaba;SP;Estadual;4;537.42;531.88;510.25;505.25;670.0;550.96
1872;Entre Rios do Oeste;PR;Estadual;12;495.8;554.2;517.53;615.43;571.67;550.93
1873;Ouricuri;PE;Federal;53;504.96;509.75;495.52;565.04;678.87;550.83
1874;Nazaré;BA;Privada;40;510.35;527.64;479.81;543.84;692.5;550.83
1875;Currais Novos;RN;Privada;51;502.17;529.98;496.38;531.04;694.51;550.82
1876;Monteiro;PB;Federal;62;518.38;521.2;487.28;529.7;697.42;550.8
1877;Parnamirim;RN;Municipal;2;559.95;524.6;514.2;564.9;590.0;550.73
1878;Ibirama;SC;Federal;42;516.27;544.67;518.48;547.01;627.14;550.72
1879;Coronel Barros;RS;Estadual;2;533.9;533.1;469.75;566.85;650.0;550.72
1880;Pareci Novo;RS;Estadual;5;546.5;549.72;502.16;583.1;572.0;550.7
1881;Barão de Cocais;MG;Estadual;37;508.05;541.42;496.83;556.83;650.27;550.68
1882;Sapucaia do Sul;RS;Privada;58;522.99;530.71;494.77;561.06;643.79;550.67
1883;Parnaíba;PI;Federal;60;514.12;516.19;489.09;548.19;685.67;550.65
1884;Santa Inês;MA;Federal;108;507.4;523.81;485.03;549.06;687.96;550.65
1885;Goiatuba;GO;Privada;11;530.92;544.21;489.85;546.42;641.82;550.64
1886;Posse;GO;Federal;27;511.61;539.46;515.8;552.09;634.07;550.61
1887;Cristiano Otoni;MG;Estadual;5;516.3;544.36;511.86;532.34;648.0;550.57
1888;São Domingos do Araguaia;PA;Privada;9;502.17;549.01;490.63;531.04;680.0;550.57
1889;Santa Helena de Goiás;GO;Privada;48;524.32;529.79;494.82;554.27;649.58;550.56
1890;Nova Odessa;SP;Estadual;117;519.1;529.96;497.79;556.88;648.72;550.49
1891;Ciríaco;RS;Estadual;11;534.55;550.55;496.29;554.42;616.36;550.44
1892;Coelho Neto;MA;Privada;1;428.4;633.9;545.2;624.7;520.0;550.44
1893;Rio Largo;AL;Privada;50;501.33;518.06;482.71;543.59;706.4;550.42
1894;Cristianópolis;GO;Estadual;1;538.7;628.1;500.8;584.4;500.0;550.4
1895;Derrubadas;RS;Estadual;4;440.58;551.83;508.3;576.12;675.0;550.36
1896;Nilópolis;RJ;Privada;206;518.4;525.79;492.03;545.31;670.0;550.31
1897;Vargem Bonita;MG;Estadual;6;522.97;570.18;497.05;544.18;616.67;550.21
1898;Marilândia;ES;Estadual;27;499.64;517.71;483.03;534.33;716.3;550.2
1899;Arari;MA;Privada;13;505.85;521.85;480.65;567.24;675.38;550.19
1900;Macapá;AP;Federal;19;528.96;552.04;487.84;527.12;654.74;550.14
1901;Igaratinga;MG;Estadual;7;491.0;483.31;491.33;545.06;740.0;550.14
1902;Gabriel Monteiro;SP;Estadual;1;550.6;594.8;419.5;605.8;580.0;550.14
1903;Frederico Westphalen;RS;Estadual;59;499.53;521.67;480.7;548.69;700.0;550.12
1904;Silvânia;GO;Privada;51;500.15;512.83;503.81;546.13;687.45;550.07
1905;Euclides da Cunha;BA;Federal;50;511.11;531.17;480.81;536.78;690.4;550.05
1906;Salinas da Margarida;BA;Privada;4;519.4;558.17;512.95;549.6;610.0;550.03
1907;Itararé;SP;Privada;22;525.38;526.08;502.81;560.02;635.45;549.95
1908;Bom Despacho;MG;Estadual;69;521.35;532.75;499.31;549.9;645.8;549.82
1909;Mãe do Rio;PA;Privada;6;504.37;497.5;498.4;572.12;676.67;549.81
1910;Vale do Sol;RS;Estadual;26;504.48;536.76;498.79;547.43;661.54;549.8
1911;Bayeux;PB;Privada;146;508.84;523.47;498.4;532.86;685.21;549.75
1912;Holambra;SP;Estadual;2;488.75;544.45;509.45;626.1;580.0;549.75
1913;Feliz Natal;MT;Privada;5;503.7;533.3;537.66;550.02;624.0;549.74
1914;Itaguajé;PR;Estadual;7;518.2;526.99;496.34;532.8;674.29;549.72
1915;Ipatinga;MG;Estadual;400;516.85;525.96;491.51;544.45;669.85;549.72
1916;Riachão do Poço;PB;Estadual;8;484.8;525.61;499.7;533.39;705.0;549.7
1917;Águas Lindas de Goiás;GO;Privada;103;510.27;516.09;501.0;541.46;679.61;549.69
1918;Calçado;PE;Estadual;15;521.48;525.38;486.99;551.71;662.67;549.65
1919;Pedro II;PI;Federal;47;492.63;511.03;490.8;541.39;712.34;549.64
1920;Ribeirão Pires;SP;Privada;101;519.56;521.56;500.09;556.45;650.5;549.63
1921;Belém;PB;Privada;23;491.18;491.75;464.97;545.34;754.78;549.61
1922;Tabuleiro do Norte;CE;Federal;19;509.43;514.15;489.56;559.02;675.79;549.59
1923;Esperantina;PI;Privada;11;502.04;482.23;502.08;512.51;749.09;549.59
1924;Pontes e Lacerda;MT;Privada;7;511.89;500.39;495.04;546.09;694.29;549.54
1925;Canelinha;SC;Privada;3;547.83;518.7;500.87;553.6;626.67;549.53
1926;Luzerna;SC;Estadual;43;519.51;546.23;511.69;562.18;607.91;549.51
1927;Paulo Lopes;SC;Estadual;4;489.55;541.28;501.75;534.6;680.0;549.43
1928;Fagundes Varela;RS;Estadual;10;507.02;535.33;539.22;567.53;598.0;549.42
1929;Capim Grosso;BA;Privada;23;511.21;530.67;483.73;551.76;669.57;549.39
1930;Águas de São Pedro;SP;Estadual;3;543.07;580.87;501.8;501.23;620.0;549.39
1931;Campestre da Serra;RS;Estadual;6;518.43;526.72;496.52;555.13;650.0;549.36
1932;Augusto Pestana;RS;Estadual;16;521.48;525.46;490.64;559.23;650.0;549.36
1933;Pitangueiras;SP;Privada;16;499.05;519.83;507.02;534.59;686.25;549.35
1934;Colíder;MT;Estadual;62;494.58;507.34;478.23;538.15;728.39;549.34
1935;Resende Costa;MG;Estadual;19;503.39;532.72;510.63;545.16;654.74;549.33
1936;Bela Vista da Caroba;PR;Estadual;2;480.1;538.9;474.25;503.3;750.0;549.31
1937;Cambará;PR;Privada;26;497.64;531.77;507.98;562.12;646.92;549.29
1938;São Miguel da Boa Vista;SC;Estadual;8;500.79;542.05;547.92;560.61;595.0;549.28
1939;Mantena;MG;Estadual;30;525.02;548.9;487.01;554.11;631.33;549.27
1940;Jaboticaba;RS;Estadual;9;523.2;544.21;496.73;495.11;686.67;549.18
1941;Lençóis Paulista;SP;Estadual;112;519.8;539.39;503.54;547.21;635.89;549.17
1942;Bela Vista de Goiás;GO;Privada;25;497.86;510.26;488.0;548.87;700.8;549.16
1943;São Martinho;SC;Estadual;5;519.46;535.34;481.5;561.3;648.0;549.12
1944;Alta Floresta D'Oeste;RO;Estadual;38;496.68;512.31;503.52;549.43;683.16;549.02
1945;Juara;MT;Privada;8;497.66;530.85;511.85;524.65;680.0;549.0
1946;São Félix de Balsas;MA;Municipal;1;466.3;483.9;519.5;555.0;720.0;548.94
1947;Timon;MA;Privada;27;495.5;497.23;489.5;518.78;743.7;548.94
1948;Serra de São Bento;RN;Estadual;3;495.03;483.2;537.97;548.47;680.0;548.93
1949;Uru;SP;Estadual;2;509.45;492.95;481.65;570.25;690.0;548.86
1950;Amambai;MS;Privada;6;502.23;536.12;523.87;525.38;656.67;548.85
1951;São Vicente de Minas;MG;Estadual;17;488.59;517.41;491.58;541.61;704.71;548.78
1952;Chopinzinho;PR;Privada;4;499.3;548.1;509.2;557.17;630.0;548.76
1953;Alexânia;GO;Privada;8;538.25;550.41;516.86;500.72;637.5;548.75
1954;Laranjal do Jari;AP;Federal;6;544.12;552.77;491.37;561.85;593.33;548.69
1955;Picuí;PB;Federal;85;502.93;514.8;499.08;542.29;684.24;548.67
1956;Xique-Xique;BA;Privada;17;508.76;498.81;474.01;510.95;750.59;548.62
1957;Ibiá;MG;Privada;16;514.02;518.09;495.52;551.4;663.75;548.55
1958;Itaporanga;PB;Federal;57;500.04;528.25;478.28;526.27;709.82;548.53
1959;Itabaiana;SE;Federal;46;504.21;522.45;509.38;540.51;666.09;548.53
1960;Selbach;RS;Estadual;10;504.18;529.5;491.07;567.86;650.0;548.52
1961;São José das Missões;RS;Estadual;4;472.05;508.35;495.33;526.9;740.0;548.52
1962;Alagoinha do Piauí;PI;Estadual;9;502.08;528.33;487.17;560.28;664.44;548.46
1963;Lagoa dos Três Cantos;RS;Estadual;2;504.8;526.05;481.9;599.5;630.0;548.45
1964;São João do Oeste;SC;Estadual;25;517.24;540.82;517.84;551.77;614.4;548.41
1965;Ipaussu;SP;Estadual;35;517.08;548.32;483.53;557.62;635.43;548.39
1966;Ipê;RS;Estadual;11;513.19;516.72;505.69;546.22;660.0;548.36
1967;Aratiba;RS;Estadual;18;502.74;509.33;509.18;573.39;646.67;548.26
1968;Indaiabira;MG;Estadual;7;525.6;527.79;516.27;528.54;642.86;548.21
1969;Aguaí;SP;Privada;9;511.68;513.67;485.26;532.47;697.78;548.17
1970;Alfredo Vasconcelos;MG;Estadual;7;498.44;525.14;519.73;546.01;651.43;548.15
1971;Ubirajara;SP;Estadual;2;516.85;543.85;516.6;573.3;590.0;548.12
1972;Três Fronteiras;SP;Estadual;2;531.8;534.75;526.05;537.75;610.0;548.07
1973;Ouro Verde de Minas;MG;Estadual;2;526.55;474.35;518.55;550.85;670.0;548.06
1974;Rincão;SP;Estadual;8;525.29;533.95;488.65;549.76;642.5;548.03
1975;Paraíso do Tocantins;TO;Privada;10;500.07;498.87;499.8;569.01;672.0;547.95
1976;Rubinéia;SP;Estadual;3;521.47;492.23;532.83;513.03;680.0;547.91
1977;Mercês;MG;Privada;2;514.9;570.1;468.65;565.85;620.0;547.9
1978;Mário Campos;MG;Estadual;3;482.3;562.93;517.37;563.57;613.33;547.9
1979;São Vicente;SP;Privada;172;520.5;530.4;502.24;555.73;630.47;547.87
1980;Ourizona;PR;Estadual;8;545.93;537.55;508.58;509.8;637.5;547.87
1981;Rio Piracicaba;MG;Estadual;14;528.36;535.36;513.57;562.05;600.0;547.87
1982;Guarantã do Norte;MT;Privada;4;436.1;482.12;577.5;603.38;640.0;547.82
1983;Rio Claro;SP;Estadual;271;531.15;546.19;502.18;549.18;609.82;547.71
1984;Veredinha;MG;Privada;2;540.0;571.35;526.1;510.85;590.0;547.66
1985;Corupá;SC;Estadual;19;505.18;539.35;518.1;547.16;628.42;547.64
1986;Liberdade;MG;Estadual;5;497.3;532.62;519.74;572.4;616.0;547.61
1987;Mandaguari;PR;Privada;20;504.92;523.63;500.82;545.64;663.0;547.6
1988;São Paulo das Missões;RS;Estadual;17;501.44;544.5;490.51;576.82;624.71;547.59
1989;Nova Odessa;SP;Privada;36;521.56;530.88;507.79;557.63;620.0;547.57
1990;Dois Lajeados;RS;Estadual;7;518.76;514.0;521.64;523.29;660.0;547.54
1991;Salgueiro;PE;Federal;38;516.85;528.91;508.47;555.92;627.37;547.5
1992;Tiradentes;MG;Estadual;4;466.65;555.12;498.28;547.33;670.0;547.47
1993;Jales;SP;Estadual;71;517.17;524.22;492.23;555.21;648.45;547.46
1994;São Gabriel da Palha;ES;Municipal;5;511.1;533.12;508.76;492.24;692.0;547.44
1995;Rio Branco;AC;Federal;138;511.33;523.06;481.79;541.34;679.42;547.39
1996;Fernandópolis;SP;Estadual;138;514.68;514.99;487.91;569.23;649.86;547.33
1997;Itaí;SP;Privada;12;503.66;530.47;501.38;574.47;626.67;547.33
1998;Águas de Lindóia;SP;Estadual;33;530.87;519.49;478.94;549.74;657.58;547.32
1999;Vila Maria;RS;Estadual;14;498.67;513.48;486.49;556.49;681.43;547.31
2000;São João del Rei;MG;Estadual;149;511.2;533.83;494.86;541.88;654.63;547.28
2001;Assis;SP;Estadual;220;527.07;537.38;493.24;551.98;626.73;547.28
2002;Piratuba;SC;Estadual;13;501.69;539.65;502.21;574.33;618.46;547.27
2003;Chapada dos Guimarães;MT;Privada;8;540.24;537.12;474.86;504.12;680.0;547.27
2004;Ivorá;RS;Estadual;6;502.02;553.85;510.73;566.33;603.33;547.25
2005;Bonfim;MG;Estadual;14;513.11;530.16;526.23;555.25;611.43;547.23
2006;Roncador;PR;Estadual;14;513.74;541.45;512.12;553.12;615.71;547.23
2007;Conceição de Macabu;RJ;Privada;15;519.45;529.13;506.35;553.03;628.0;547.19
2008;Porto Feliz;SP;Privada;27;526.91;540.26;502.39;573.61;592.59;547.16
2009;Inhapim;MG;Estadual;25;504.19;530.86;496.26;569.94;634.4;547.13
2010;Valença;BA;Federal;206;510.76;527.71;491.0;525.51;680.29;547.06
2011;Itapaci;GO;Privada;16;515.47;528.87;474.45;542.65;673.75;547.04
2012;Itapira;SP;Estadual;74;521.08;540.61;511.82;561.92;599.73;547.03
2013;Ji-Paraná;RO;Federal;106;518.8;532.01;502.81;547.49;633.77;546.98
2014;Santo Estêvão;BA;Privada;25;519.8;498.32;459.4;551.45;705.6;546.91
2015;Telêmaco Borba;PR;Federal;40;531.72;551.08;503.83;547.33;600.5;546.89
2016;Chapadinha;MA;Privada;29;483.57;528.34;498.98;550.37;673.1;546.87
2017;Palmeira dos Índios;AL;Privada;92;497.92;494.28;489.91;532.61;719.35;546.81
2018;Joanópolis;SP;Estadual;10;518.26;527.39;490.61;581.81;616.0;546.81
2019;Campo Novo do Parecis;MT;Federal;64;513.21;520.21;491.77;554.07;654.69;546.79
2020;Jundiaí;SP;Estadual;648;523.64;538.83;496.3;561.88;613.06;546.74
2021;Valença do Piauí;PI;Federal;43;509.38;513.88;483.71;557.91;668.37;546.65
2022;São Mateus do Sul;PR;Estadual;40;508.89;547.28;493.98;545.6;637.5;546.65
2023;Carlos Barbosa;RS;Estadual;50;509.09;528.66;499.8;563.57;632.0;546.62
2024;Corrente;PI;Privada;21;477.97;493.63;485.97;499.17;776.19;546.59
2025;Iraceminha;SC;Estadual;18;500.77;528.57;517.97;541.98;643.33;546.53
2026;Sede Nova;RS;Estadual;5;527.68;541.88;477.86;453.24;732.0;546.53
2027;Queimados;RJ;Privada;77;514.79;532.81;490.09;556.63;637.92;546.45
2028;Bragança;PA;Federal;66;505.26;536.01;487.34;520.23;683.33;546.43
2029;Itabaiana;PB;Federal;60;487.04;518.8;496.19;524.07;706.0;546.42
2030;Lagoa da Prata;MG;Estadual;78;518.93;531.08;495.67;550.66;635.64;546.39
2031;Itambé do Mato Dentro;MG;Estadual;3;509.73;557.83;495.43;541.87;626.67;546.31
2032;Wagner;BA;Estadual;3;556.83;554.07;458.17;555.8;606.67;546.31
2033;Tapejara;RS;Estadual;44;508.59;517.89;494.95;545.73;664.09;546.25
2034;São Felipe;BA;Privada;8;508.82;529.0;468.7;487.14;737.5;546.23
2035;Bom Jesus;PI;Privada;7;535.56;520.4;516.01;530.46;628.57;546.2
2036;Paragominas;PA;Federal;80;504.4;525.08;486.17;520.52;694.5;546.13
2037;Camaragibe;PE;Privada;105;517.95;536.05;494.27;539.15;643.05;546.09
2038;Bertioga;SP;Privada;41;528.19;519.14;518.53;570.7;593.66;546.05
2039;Sumaré;SP;Municipal;72;531.92;542.49;487.11;548.07;620.56;546.03
2040;Santiago do Sul;SC;Municipal;1;542.9;571.7;576.9;378.6;660.0;546.02
2041;Iúna;ES;Municipal;1;491.5;506.9;517.4;574.3;640.0;546.02
2042;Alto Paraíso;PR;Estadual;5;489.64;511.0;499.5;565.92;664.0;546.01
2043;Seara;SC;Estadual;47;509.93;539.13;517.44;533.21;630.21;545.98
2044;Centenário;RS;Estadual;7;481.63;532.46;535.43;554.69;625.71;545.98
2045;Severiano de Almeida;RS;Estadual;10;474.04;530.52;505.05;514.31;706.0;545.98
2046;Protásio Alves;RS;Estadual;6;495.02;527.87;514.13;559.45;633.33;545.96
2047;Pinhal Grande;RS;Estadual;10;492.4;530.51;494.9;523.84;688.0;545.93
2048;Santa Luzia;PB;Federal;16;502.88;506.08;459.32;538.67;722.5;545.89
2049;Iaras;SP;Estadual;3;526.9;522.27;499.93;533.53;646.67;545.86
2050;São Caetano do Sul;SP;Estadual;305;519.97;532.62;491.92;569.4;615.41;545.86
2051;Inhaúma;MG;Estadual;7;515.46;557.76;500.91;572.17;582.86;545.83
2052;Mogi das Cruzes;SP;Estadual;772;520.48;536.12;492.47;557.74;622.1;545.78
2053;Bom Jesus de Goiás;GO;Privada;1;571.3;552.7;515.4;489.2;600.0;545.72
2054;Seabra;BA;Privada;11;500.75;534.56;502.67;548.16;641.82;545.59
2055;São José do Barreiro;SP;Estadual;2;517.05;583.65;496.2;470.85;660.0;545.55
2056;Piracaia;SP;Estadual;30;530.33;527.03;484.59;564.93;620.67;545.51
2057;Itabira;MG;Estadual;134;513.2;522.53;484.34;548.83;658.51;545.48
2058;Senhor do Bonfim;BA;Federal;66;499.75;512.81;512.1;550.55;652.12;545.47
2059;Boca da Mata;AL;Privada;21;478.59;505.46;484.59;520.62;738.1;545.47
2060;Edéia;GO;Privada;3;494.63;524.5;506.53;515.03;686.67;545.47
2061;Gramado;RS;Estadual;45;517.81;539.8;490.64;528.84;650.22;545.46
2062;Bicas;MG;Estadual;12;520.23;514.75;499.29;540.96;651.67;545.38
2063;Alagoinhas;BA;Federal;32;517.64;525.95;490.73;531.88;660.62;545.37
2064;Santa Clara d'Oeste;SP;Estadual;1;554.9;551.3;458.8;581.7;580.0;545.34
2065;Angatuba;SP;Estadual;37;514.39;535.11;488.96;559.17;628.65;545.26
2066;Fortuna de Minas;MG;Estadual;3;511.0;511.13;472.63;564.17;666.67;545.12
2067;Santana de Pirapama;MG;Estadual;3;505.23;472.9;500.9;606.43;640.0;545.09
2068;Jequitibá;MG;Estadual;2;523.9;486.35;498.6;596.3;620.0;545.03
2069;Abaetetuba;PA;Federal;63;498.95;524.13;490.06;528.15;683.81;545.02
2070;Caetanos;BA;Municipal;2;486.3;505.1;473.9;529.75;730.0;545.01
2071;Santana do Ipanema;AL;Privada;34;493.61;504.9;472.93;520.01;733.53;544.99
2072;Artur Nogueira;SP;Estadual;64;525.58;545.92;490.7;546.36;616.25;544.96
2073;Laurentino;SC;Estadual;4;529.15;540.28;527.22;523.08;605.0;544.95
2074;Crixás;GO;Privada;13;526.81;518.48;503.3;529.89;646.15;544.93
2075;Palmeira d'Oeste;SP;Privada;4;521.55;468.7;503.08;521.25;710.0;544.92
2076;Turmalina;MG;Estadual;30;518.13;530.73;510.71;559.68;605.33;544.91
2077;Capanema;PA;Privada;71;486.67;512.41;481.55;512.34;731.55;544.9
2078;Belo Vale;MG;Estadual;16;504.45;527.04;485.48;512.09;695.0;544.81
2079;Ibicaraí;BA;Privada;15;495.83;506.52;490.02;500.49;730.67;544.71
2080;São Pedro dos Ferros;MG;Estadual;7;480.27;506.11;483.5;544.77;708.57;544.65
2081;Santa Cruz do Sul;RS;Estadual;208;513.9;525.59;491.43;549.36;642.79;544.62
2082;Rafard;SP;Estadual;9;530.77;551.76;492.26;530.51;617.78;544.61
2083;São Bento;PB;Privada;15;507.96;451.39;495.89;550.27;717.33;544.57
2084;Lagoa Formosa;MG;Estadual;51;506.92;507.72;496.93;550.07;661.18;544.56
2085;São João Batista;SC;Estadual;29;513.44;536.82;481.75;532.17;658.62;544.56
2086;Juquiá;SP;Privada;5;517.16;531.86;488.46;548.82;636.0;544.46
2087;Alvorada do Sul;PR;Privada;13;521.42;533.9;491.26;540.08;635.38;544.41
2088;Diamantino;MT;Federal;33;514.68;518.97;499.12;545.97;643.03;544.36
2089;Belo Jardim;PE;Privada;40;514.64;512.29;491.49;546.42;656.5;544.27
2090;Gavião Peixoto;SP;Estadual;1;496.4;514.5;504.6;625.4;580.0;544.18
2091;Monsenhor Paulo;MG;Estadual;8;493.36;555.33;476.72;537.83;657.5;544.15
2092;Piedade do Rio Grande;MG;Estadual;1;404.7;530.7;432.0;653.3;700.0;544.14
2093;Taparuba;MG;Estadual;4;535.6;567.08;515.12;507.75;595.0;544.11
2094;Lacerdópolis;SC;Estadual;7;495.5;509.6;514.76;563.54;637.14;544.11
2095;Ernestina;RS;Estadual;3;532.7;542.4;540.2;505.27;600.0;544.11
2096;São Bernardo do Campo;SP;Estadual;1108;523.23;535.8;491.16;554.17;616.1;544.09
2097;Júlio Mesquita;SP;Estadual;4;532.35;571.4;519.6;537.08;560.0;544.08
2098;Cerro Branco;RS;Estadual;5;452.96;529.56;480.54;552.88;704.0;543.99
2099;Pilar do Sul;SP;Estadual;44;507.29;526.1;483.66;560.3;642.27;543.92
2100;Araçatuba;SP;Estadual;186;519.49;529.19;500.63;563.88;606.34;543.91
2101;Paulistânia;SP;Estadual;2;535.45;527.0;528.0;549.0;580.0;543.89
2102;Manhuaçu;MG;Estadual;108;513.4;530.41;497.06;532.99;645.56;543.88
2103;Não-Me-Toque;RS;Privada;9;500.71;546.26;511.53;558.58;602.22;543.86
2104;Bom Retiro do Sul;RS;Estadual;13;507.22;556.55;492.82;524.21;638.46;543.85
2105;Brazópolis;MG;Estadual;50;512.18;531.68;485.68;554.46;635.2;543.84
2106;Encantado;RS;Estadual;30;499.89;521.53;484.52;565.1;648.0;543.81
2107;Araioses;MA;Federal;15;501.12;546.45;497.87;506.9;666.67;543.8
2108;Cocal dos Alves;PI;Estadual;39;502.17;514.41;494.2;543.34;664.62;543.75
2109;Jesuânia;MG;Estadual;2;532.9;482.6;491.7;451.45;760.0;543.73
2110;Belo Jardim;PE;Estadual;125;501.46;500.74;473.74;527.77;714.72;543.68
2111;Divisa Alegre;MG;Estadual;9;514.41;545.67;472.09;503.87;682.22;543.65
2112;Capela;SE;Privada;29;469.83;495.09;471.76;501.55;780.0;543.65
2113;São Pedro do Butiá;RS;Estadual;7;502.77;489.7;465.57;562.91;697.14;543.62
2114;Vargem Alta;ES;Estadual;67;498.65;515.72;487.02;563.15;652.84;543.48
2115;Abaeté;MG;Estadual;32;515.69;528.53;495.46;542.08;635.62;543.48
2116;Barra;BA;Privada;17;505.58;507.8;451.96;523.84;728.24;543.48
2117;Ipuã;SP;Privada;17;521.02;526.97;504.96;540.86;623.53;543.47
2118;Massaranduba;SC;Estadual;23;518.96;547.27;495.01;544.79;611.3;543.47
2119;Propriá;SE;Estadual;32;508.21;522.29;490.92;529.03;666.88;543.47
2120;Borda da Mata;MG;Estadual;15;512.27;551.4;478.23;568.7;606.67;543.45
2121;Coroatá;MA;Privada;32;480.76;482.75;474.34;506.3;773.12;543.45
2122;Lorena;SP;Estadual;119;520.6;533.36;499.18;538.04;626.05;543.44
2123;Mendes Pimentel;MG;Estadual;4;527.95;475.92;484.7;543.58;685.0;543.43
2124;Leme;SP;Estadual;133;517.61;526.52;489.07;556.05;627.67;543.38
2125;Camboriú;SC;Privada;34;501.51;511.01;492.74;544.39;667.06;543.34
2126;Guatambú;SC;Estadual;8;521.48;529.35;517.9;557.66;590.0;543.28
2127;Miraselva;PR;Estadual;3;509.3;547.2;516.07;523.57;620.0;543.23
2128;Itaúna;MG;Estadual;108;519.44;534.48;488.86;552.25;621.11;543.23
2129;Jardim;MS;Federal;35;509.95;528.14;487.7;550.91;638.86;543.11
2130;São José do Rio Preto;SP;Estadual;559;519.03;527.75;495.99;551.79;620.72;543.06
2131;Mesquita;MG;Estadual;4;509.0;509.25;470.68;531.25;695.0;543.04
2132;Antônio Prado de Minas;MG;Estadual;9;532.52;534.06;498.28;545.87;604.44;543.03
2133;Tanabi;SP;Estadual;8;532.84;549.5;469.25;558.5;605.0;543.02
2134;Cotiporã;RS;Estadual;4;497.25;582.58;505.68;504.22;625.0;542.94
2135;Buriticupu;MA;Federal;67;496.15;521.18;503.36;537.25;656.72;542.93
2136;Águas Lindas de Goiás;GO;Federal;52;522.11;548.82;502.75;529.41;611.54;542.92
2137;Novo Horizonte do Sul;MS;Estadual;4;521.15;532.88;497.75;612.83;550.0;542.92
2138;Nova Trento;SC;Estadual;17;526.59;543.94;497.11;570.34;576.47;542.89
2139;Prado;BA;Municipal;5;508.72;521.84;496.04;507.76;680.0;542.87
2140;Tatuí;SP;Estadual;117;513.87;534.76;494.29;553.93;617.44;542.86
2141;Entre Folhas;MG;Estadual;25;478.36;522.95;494.22;556.23;662.4;542.83
2142;Guaraniaçu;PR;Estadual;14;482.2;526.18;483.94;538.76;682.86;542.79
2143;Esperança;PB;Privada;7;489.11;523.51;528.13;564.51;608.57;542.77
2144;Caeté;MG;Estadual;60;513.5;510.07;477.59;541.54;671.0;542.74
2145;Estrela d'Oeste;SP;Privada;2;547.85;507.8;588.35;549.6;520.0;542.72
2146;Belford Roxo;RJ;Privada;74;511.76;532.57;493.87;531.22;643.78;542.64
2147;Mirante da Serra;RO;Privada;17;492.57;510.11;505.21;568.7;636.47;542.61
2148;Agrolândia;SC;Estadual;19;508.55;543.58;491.6;568.05;601.05;542.57
2149;Goiana;PE;Privada;81;489.7;508.13;492.05;542.46;680.49;542.57
2150;Candeias;BA;Privada;21;537.22;551.03;478.86;525.7;620.0;542.56
2151;São José do Hortêncio;RS;Estadual;4;466.6;543.12;525.62;542.33;635.0;542.54
2152;Rio dos Cedros;SC;Estadual;13;513.79;531.49;491.35;551.02;624.62;542.46
2153;Araçoiaba da Serra;SP;Privada;7;515.41;512.81;504.13;536.93;642.86;542.43
2154;Ivatuba;PR;Estadual;10;516.03;537.56;502.23;532.35;624.0;542.43
2155;Bom Jardim;RJ;Estadual;41;510.89;512.48;488.36;536.98;663.41;542.42
2156;Venda Nova do Imigrante;ES;Estadual;73;494.33;513.69;504.76;554.94;644.38;542.42
2157;Palmas;PR;Privada;30;523.52;529.17;495.51;551.84;612.0;542.41
2158;Miracema;RJ;Estadual;47;505.7;502.99;483.26;538.24;681.7;542.38
2159;Neves Paulista;SP;Estadual;4;515.45;557.55;517.08;496.48;625.0;542.31
2160;Lagoa do Ouro;PE;Estadual;27;496.43;509.5;473.94;507.94;723.7;542.3
2161;Vera Cruz;BA;Privada;6;496.07;488.13;489.85;493.83;743.33;542.24
2162;Bento Gonçalves;RS;Estadual;143;513.25;532.3;503.5;548.95;613.01;542.2
2163;Igarassu;PE;Privada;44;516.49;534.52;493.6;546.39;620.0;542.2
2164;São Simão;SP;Privada;17;525.01;518.86;517.16;562.72;587.06;542.16
2165;Alegrete;RS;Federal;16;511.33;532.06;517.86;528.12;621.25;542.12
2166;Vera;MT;Estadual;8;503.11;521.01;508.64;565.31;612.5;542.12
2167;Itaquiraí;MS;Privada;1;505.1;520.7;549.2;515.3;620.0;542.06
2168;São João da Barra;RJ;Privada;4;489.62;556.3;433.78;530.22;700.0;541.98
2169;Quatro Barras;PR;Estadual;35;527.16;539.46;494.88;540.37;607.43;541.86
2170;Santa Cruz do Xingu;MT;Estadual;6;534.17;537.4;469.88;511.0;656.67;541.82
2171;Vila Pavão;ES;Estadual;28;495.68;524.58;498.3;553.98;636.43;541.79
2172;Piracicaba;SP;Estadual;479;520.1;536.26;495.56;551.16;605.51;541.72
2173;São João do Paraíso;MG;Estadual;30;508.45;521.78;490.03;575.02;613.33;541.72
2174;Timbó;SC;Estadual;57;511.24;538.18;514.66;568.62;575.79;541.7
2175;Boa Vista do Buricá;RS;Estadual;27;495.24;516.63;473.41;508.16;714.81;541.65
2176;Chapada;RS;Estadual;6;515.03;525.2;493.9;497.38;676.67;541.64
2177;Novo Progresso;PA;Privada;21;495.8;504.04;495.47;516.36;696.19;541.57
2178;Pedrão;BA;Estadual;4;520.12;518.45;493.67;510.28;665.0;541.5
2179;Coronel Xavier Chaves;MG;Estadual;6;498.48;541.75;485.17;555.1;626.67;541.43
2180;Piedade;SP;Estadual;81;515.21;538.63;498.67;558.28;596.3;541.42
2181;São Gonçalo do Pará;MG;Estadual;7;524.74;523.99;468.91;569.46;620.0;541.42
2182;Pouso Redondo;SC;Estadual;13;493.84;529.18;489.48;516.0;678.46;541.39
2183;Nova Lima;MG;Estadual;69;520.82;531.13;485.6;545.79;623.48;541.36
2184;Matão;SP;Federal;51;512.98;520.78;500.03;547.57;625.1;541.29
2185;Novo Horizonte;SP;Estadual;114;503.75;502.93;481.08;542.51;676.14;541.28
2186;Caxias;MA;Federal;64;502.84;521.56;497.36;506.7;677.81;541.25
2187;Uruará;PA;Privada;19;472.15;507.91;477.65;539.99;708.42;541.22
2188;Manari;PE;Estadual;5;478.34;497.02;452.56;478.14;800.0;541.21
2189;Santa Maria da Serra;SP;Estadual;2;547.25;532.9;513.8;541.8;570.0;541.15
2190;Santana da Vargem;MG;Estadual;6;515.35;534.85;501.8;583.7;570.0;541.14
2191;Paula Cândido;MG;Estadual;11;512.31;508.07;480.83;555.33;649.09;541.13
2192;Primavera do Leste;MT;Federal;101;507.25;526.85;495.51;530.19;645.74;541.11
2193;Vila Rica;MT;Privada;2;493.05;430.05;494.95;557.5;730.0;541.11
2194;São Francisco de Itabapoana;RJ;Privada;6;514.68;548.87;500.82;511.03;630.0;541.08
2195;Enéas Marques;PR;Estadual;18;505.31;529.56;492.64;555.55;622.22;541.06
2196;Mogi Mirim;SP;Estadual;150;523.49;532.74;505.03;559.81;584.0;541.01
2197;São Miguel do Anta;MG;Estadual;13;514.8;500.68;483.31;543.15;663.08;541.0
2198;Ataléia;MG;Estadual;8;518.04;529.71;475.01;484.65;697.5;540.98
2199;Capitão Leônidas Marques;PR;Estadual;19;521.0;554.77;514.12;542.34;572.63;540.97
2200;Ribeirão Pires;SP;Estadual;281;519.31;528.53;491.54;546.61;618.51;540.9
2201;Pontes e Lacerda;MT;Federal;52;502.17;532.33;497.19;535.37;637.31;540.88
2202;Assaí;PR;Estadual;83;506.15;523.36;504.84;546.56;623.37;540.86
2203;São João da Barra;RJ;Federal;21;491.82;557.3;495.66;543.25;616.19;540.84
2204;Dias d'Ávila;BA;Privada;36;508.05;511.69;500.57;541.02;642.78;540.82
2205;Penedo;AL;Federal;111;509.38;520.28;493.42;537.56;643.42;540.81
2206;Casca;RS;Estadual;26;491.39;525.62;492.78;531.84;662.31;540.79
2207;Camaquã;RS;Municipal;1;510.2;569.9;537.0;526.7;560.0;540.76
2208;Dom Viçoso;MG;Estadual;1;519.8;560.0;449.8;594.0;580.0;540.72
2209;Rochedo;MS;Estadual;7;511.81;554.77;517.74;533.46;585.71;540.7
2210;Mendes;RJ;Estadual;5;488.6;517.56;499.76;553.6;644.0;540.7
2211;Camanducaia;MG;Privada;17;498.73;507.66;501.95;538.62;656.47;540.69
2212;Itatiba;SP;Estadual;223;521.61;530.57;490.28;549.11;611.66;540.65
2213;Lucianópolis;SP;Estadual;2;544.4;521.55;547.95;509.0;580.0;540.58
2214;Tarabai;SP;Estadual;10;508.44;517.24;479.45;535.73;662.0;540.57
2215;Itariri;SP;Estadual;8;501.64;538.05;494.25;516.17;652.5;540.52
2216;Bebedouro;SP;Estadual;92;512.45;529.32;493.25;544.47;623.04;540.51
2217;Jaguari;RS;Estadual;20;501.31;523.06;494.47;537.64;646.0;540.5
2218;Jaru;RO;Federal;50;494.97;525.68;489.92;520.55;671.2;540.46
2219;Porteirinha;MG;Estadual;72;500.91;517.46;474.71;536.05;673.06;540.44
2220;Pejuçara;RS;Estadual;9;521.79;545.3;471.72;521.1;642.22;540.43
2221;São João do Polêsine;RS;Estadual;12;496.49;489.43;525.02;536.22;655.0;540.43
2222;Avanhandava;SP;Estadual;11;523.62;550.69;469.88;526.92;630.91;540.4
2223;Palmital;SP;Estadual;43;510.89;524.36;481.44;551.04;633.95;540.34
2224;Urbano Santos;MA;Privada;10;464.97;515.41;503.5;483.8;734.0;540.34
2225;São José do Vale do Rio Preto;RJ;Estadual;42;506.7;528.67;502.44;530.94;632.86;540.32
2226;Manoel Vitorino;BA;Municipal;4;484.9;481.28;471.08;549.15;715.0;540.28
2227;Major Vieira;SC;Estadual;9;481.38;485.46;516.89;539.57;677.78;540.21
2228;Alagoa Grande;PB;Privada;26;494.96;501.38;494.07;551.36;659.23;540.2
2229;Ribeirópolis;SE;Estadual;81;481.11;501.84;480.02;520.36;717.53;540.17
2230;Ervália;MG;Estadual;25;494.93;526.65;493.92;542.93;642.4;540.17
2231;Caraguatatuba;SP;Estadual;174;526.75;530.99;491.87;554.47;596.67;540.15
2232;Augusto de Lima;MG;Estadual;4;513.17;534.75;480.67;547.12;625.0;540.14
2233;Itumbiara;GO;Privada;167;511.49;516.29;492.03;543.44;637.25;540.1
2234;Caxambu;MG;Estadual;23;492.93;518.94;468.67;540.73;679.13;540.08
2235;Divino das Laranjeiras;MG;Estadual;6;506.22;485.03;497.33;577.57;633.33;539.9
2236;Mar Vermelho;AL;Estadual;5;475.14;554.94;455.54;489.56;724.0;539.84
2237;São Bernardino;SC;Estadual;3;497.0;571.8;533.2;523.73;573.33;539.81
2238;Roca Sales;RS;Estadual;5;533.52;548.62;484.34;548.38;584.0;539.77
2239;Cristais;MG;Estadual;18;503.31;515.77;490.99;562.02;626.67;539.75
2240;Franciscópolis;MG;Estadual;5;497.62;538.52;483.26;551.14;628.0;539.71
2241;Lagoa da Confusão;TO;Privada;6;485.42;508.25;514.48;533.68;656.67;539.7
2242;Itaberaba;BA;Municipal;1;433.2;549.5;548.9;486.9;680.0;539.7
2243;São Francisco;SP;Estadual;2;521.75;475.05;463.85;557.85;680.0;539.7
2244;Timóteo;MG;Estadual;151;504.05;520.02;488.2;539.45;646.62;539.67
2245;Araras;SP;Estadual;205;512.2;529.9;500.04;554.98;601.07;539.64
2246;Cametá;PA;Federal;12;498.3;491.17;493.02;515.67;700.0;539.63
2247;Santos;SP;Estadual;621;521.63;533.67;487.26;547.54;607.76;539.57
2248;Segredo;RS;Estadual;11;495.31;503.68;486.99;546.18;665.45;539.52
2249;Jaborandi;BA;Estadual;4;478.72;522.4;458.58;532.92;705.0;539.52
2250;Doresópolis;MG;Estadual;1;554.1;539.1;434.1;510.3;660.0;539.52
2251;Umarizal;RN;Privada;3;527.27;544.27;457.13;515.43;653.33;539.49
2252;Vale do Paraíso;RO;Estadual;9;525.41;532.09;489.93;516.64;633.33;539.48
2253;Mirassolândia;SP;Estadual;3;524.07;488.1;562.97;448.9;673.33;539.47
2254;Urutaí;GO;Federal;74;508.9;527.9;503.42;541.41;615.68;539.46
2255;Loanda;PR;Privada;52;513.49;517.24;500.88;551.84;613.85;539.46
2256;Pratápolis;MG;Estadual;5;492.04;461.38;513.2;534.6;696.0;539.44
2257;Formigueiro;RS;Estadual;8;513.84;541.94;504.8;494.01;642.5;539.42
2258;Floriano Peixoto;RS;Estadual;8;491.12;547.4;511.84;531.42;615.0;539.36
2259;Lidianópolis;PR;Estadual;4;500.85;542.25;472.38;546.2;635.0;539.34
2260;Jaraguari;MS;Estadual;11;490.36;509.89;477.24;522.75;696.36;539.32
2261;Porciúncula;RJ;Privada;8;506.72;470.74;454.42;574.49;690.0;539.28
2262;Abaíra;BA;Estadual;5;484.18;496.52;463.54;548.0;704.0;539.25
2263;São Sebastião da Grama;SP;Privada;3;487.27;536.3;475.93;430.07;766.67;539.25
2264;Ubá;MG;Estadual;171;505.38;518.48;488.55;539.75;643.74;539.18
2265;Nova Andradina;MS;Federal;49;514.97;524.16;488.71;535.35;632.65;539.17
2266;Marechal Deodoro;AL;Federal;79;509.32;516.71;493.78;514.7;661.27;539.16
2267;Arinos;MG;Federal;80;507.52;508.91;501.94;539.1;638.25;539.14
2268;Encruzilhada do Sul;RS;Estadual;40;526.92;538.12;492.77;528.33;609.5;539.13
2269;Passo Fundo;RS;Estadual;326;507.07;522.57;486.78;543.7;635.4;539.1
2270;Irati;PR;Privada;54;509.33;530.46;515.17;551.35;588.89;539.04
2271;Quatro Pontes;PR;Estadual;12;494.31;523.89;503.42;538.58;635.0;539.04
2272;São Domingos do Sul;RS;Estadual;9;486.53;504.91;510.11;518.03;675.56;539.03
2273;Itu;SP;Estadual;287;524.49;529.73;488.35;533.02;619.44;539.01
2274;Ribeirão do Sul;SP;Estadual;14;519.09;540.06;486.04;561.06;588.57;538.96
2275;Curvelo;MG;Estadual;106;504.22;513.72;482.74;519.37;674.53;538.92
2276;Américo Brasiliense;SP;Privada;6;499.72;475.03;482.58;583.87;653.33;538.91
2277;Coxixola;PB;Estadual;5;497.78;472.02;487.2;533.16;704.0;538.83
2278;Divinópolis;MG;Estadual;517;508.5;522.24;488.05;539.49;635.74;538.8
2279;Ipuiúna;MG;Estadual;8;512.49;542.2;495.4;511.26;632.5;538.77
2280;Carrapateira;PB;Estadual;5;506.0;482.38;496.26;585.14;624.0;538.76
2281;Urânia;SP;Estadual;6;531.98;499.25;514.73;547.63;600.0;538.72
2282;São Sebastião do Anta;MG;Estadual;4;521.83;542.25;497.98;536.45;595.0;538.7
2283;Ipecaetá;BA;Estadual;1;581.2;599.6;540.6;452.0;520.0;538.68
2284;São José do Egito;PE;Estadual;149;505.08;505.3;484.74;544.05;654.23;538.68
2285;Novo Horizonte;SC;Estadual;15;482.05;529.61;487.93;519.14;674.67;538.68
2286;Capanema;PR;Estadual;30;503.27;538.04;482.38;540.96;628.67;538.66
2287;Codó;MA;Privada;28;499.48;501.13;467.84;494.59;730.0;538.61
2288;Santa Cruz das Palmeiras;SP;Estadual;23;510.65;534.62;484.29;552.16;611.3;538.6
2289;Domingos Martins;ES;Estadual;167;488.75;510.27;492.41;525.52;676.05;538.6
2290;Itabaiana;PB;Privada;50;487.83;513.46;483.42;520.99;687.2;538.58
2291;Cordilheira Alta;SC;Estadual;9;510.03;513.76;478.54;519.3;671.11;538.55
2292;Americana;SP;Estadual;451;517.94;532.96;487.45;551.83;602.22;538.48
2293;Atibaia;SP;Estadual;176;519.4;531.06;491.66;553.89;596.36;538.47
2294;Senador Salgado Filho;RS;Estadual;8;505.01;534.49;489.18;558.5;605.0;538.44
2295;Ubatuba;SP;Municipal;47;512.47;533.93;488.0;544.91;612.77;538.41
2296;Viçosa;AL;Federal;30;510.61;534.31;480.7;516.25;650.0;538.37
2297;Bacabal;MA;Privada;74;487.99;506.34;476.39;517.86;702.97;538.31
2298;Araçuaí;MG;Municipal;1;560.6;526.0;457.0;487.8;660.0;538.28
2299;Coxim;MS;Federal;66;511.91;524.85;488.49;548.15;617.88;538.25
2300;Martins;RN;Estadual;19;491.54;523.86;481.97;511.79;682.11;538.25
2301;Farol;PR;Estadual;8;522.6;543.19;525.1;522.85;577.5;538.25
2302;Pedra Dourada;MG;Estadual;12;499.22;511.23;482.68;516.36;681.67;538.23
2303;Bom Jesus do Oeste;SC;Estadual;6;515.23;531.87;545.27;552.1;546.67;538.23
2304;Porto Feliz;SP;Estadual;61;517.79;532.76;481.77;538.63;620.0;538.19
2305;Ibitinga;SP;Estadual;73;515.2;527.93;475.42;549.02;623.29;538.17
2306;Conselheiro Lafaiete;MG;Estadual;186;521.2;523.47;484.9;541.33;619.78;538.13
2307;Contenda;PR;Estadual;11;510.15;528.16;467.25;537.6;647.27;538.09
2308;Floresta do Piauí;PI;Estadual;2;494.8;462.6;460.5;462.5;810.0;538.08
2309;Elói Mendes;MG;Estadual;39;503.43;532.36;498.58;527.74;628.21;538.06
2310;Conceição da Barra de Minas;MG;Estadual;4;526.2;540.55;509.38;509.05;605.0;538.04
2311;Sinimbu;RS;Estadual;19;505.81;526.83;486.37;541.62;629.47;538.02
2312;Ariquemes;RO;Municipal;1;559.2;578.1;563.7;489.0;500.0;538.0
2313;São Luiz do Paraitinga;SP;Estadual;16;514.67;532.14;493.16;533.37;616.25;537.92
2314;Pitanga;PR;Privada;15;497.01;499.7;500.3;583.04;609.33;537.88
2315;Cacimbas;PB;Estadual;2;506.75;519.05;477.4;486.15;700.0;537.87
2316;Peruíbe;SP;Estadual;140;515.69;526.5;492.54;547.77;606.86;537.87
2317;Cachoeira Paulista;SP;Privada;34;517.72;530.0;492.86;513.46;635.29;537.87
2318;Ariquemes;RO;Federal;79;496.07;517.31;478.6;540.42;656.71;537.82
2319;Ortigueira;PR;Privada;9;490.97;485.04;481.4;582.81;648.89;537.82
2320;Uruçuca;BA;Federal;25;508.78;516.32;490.81;510.72;662.4;537.81
2321;Imbituva;PR;Privada;7;522.83;524.9;504.11;534.11;602.86;537.76
2322;Perdigão;MG;Estadual;9;489.48;514.59;483.66;512.11;688.89;537.74
2323;São José das Palmeiras;PR;Estadual;6;481.73;501.35;485.2;533.73;686.67;537.74
2324;São João do Oriente;MG;Estadual;13;500.28;508.77;499.25;534.11;646.15;537.71
2325;Salvador do Sul;RS;Estadual;8;496.81;510.34;499.09;554.38;627.5;537.62
2326;Alagoinha;PE;Estadual;14;505.69;495.51;493.98;538.51;654.29;537.6
2327;Tucuruí;PA;Privada;44;492.85;509.64;495.89;546.37;643.18;537.59
2328;Tocantins;MG;Estadual;15;503.19;487.41;487.63;518.91;690.67;537.56
2329;Córrego do Bom Jesus;MG;Estadual;6;491.77;512.15;512.98;610.87;560.0;537.55
2330;Miguel Pereira;RJ;Estadual;22;527.28;530.5;467.0;531.1;631.82;537.54
2331;União;PI;Privada;13;451.18;477.01;496.05;507.85;755.38;537.5
2332;Nova União;RO;Estadual;11;481.65;511.99;500.81;507.52;685.45;537.49
2333;São Gabriel;RS;Estadual;131;509.19;522.62;476.24;538.35;641.07;537.49
2334;Aiuruoca;MG;Estadual;11;514.12;519.75;505.18;530.05;618.18;537.46
2335;Paraíso do Tocantins;TO;Federal;58;502.09;511.83;486.62;546.69;640.0;537.45
2336;Catuípe;RS;Estadual;5;509.44;535.86;511.68;514.18;616.0;537.43
2337;Marabá;PA;Federal;69;491.74;528.25;492.52;519.28;655.36;537.43
2338;São Pedro;SP;Estadual;82;516.04;529.91;497.95;533.9;609.27;537.41
2339;Porto Franco;MA;Federal;41;502.79;526.43;482.99;525.99;648.78;537.4
2340;Jacareí;SP;Estadual;288;519.64;526.01;492.66;542.23;606.18;537.34
2341;Xavantina;SC;Estadual;3;506.1;557.9;477.37;572.0;573.33;537.34
2342;Mato Queimado;RS;Estadual;4;451.17;504.68;480.1;590.7;660.0;537.33
2343;Guaporema;PR;Estadual;4;510.52;542.08;469.15;504.72;660.0;537.3
2344;Presidente Kubitschek;MG;Estadual;1;475.4;444.1;399.5;507.2;860.0;537.24
2345;Apiaí;SP;Estadual;35;532.36;539.3;492.59;518.49;603.43;537.23
2346;Cunhataí;SC;Estadual;8;474.15;536.81;529.72;552.91;592.5;537.22
2347;Estância;SE;Federal;26;502.1;501.37;498.56;540.97;643.08;537.22
2348;Belo Horizonte;MG;Estadual;3463;513.54;527.96;487.83;535.35;621.42;537.22
2349;Santo Antônio da Platina;PR;Privada;30;516.66;523.71;500.64;545.39;599.33;537.15
2350;Franca;SP;Estadual;380;513.47;519.46;482.88;544.97;624.95;537.14
2351;Paulo Frontin;PR;Estadual;12;502.48;537.4;502.79;539.28;603.33;537.06
2352;Nova Palmeira;PB;Estadual;21;495.97;489.09;475.23;521.19;703.81;537.06
2353;Tremembé;SP;Privada;27;509.94;518.06;493.3;539.49;624.44;537.05
2354;Cravinhos;SP;Estadual;38;507.5;524.99;479.68;552.96;620.0;537.03
2355;Belo Horizonte;MG;Municipal;6;523.15;523.98;508.38;582.58;546.67;536.95
2356;Gracho Cardoso;SE;Estadual;11;493.93;517.35;499.8;526.24;647.27;536.92
2357;Barra do Corda;MA;Privada;20;501.04;513.76;493.26;544.44;632.0;536.9
2358;Valparaíso;SP;Estadual;12;495.08;504.25;483.69;553.02;648.33;536.88
2359;Quatiguá;PR;Estadual;8;509.28;538.66;480.2;583.75;572.5;536.88
2360;Posse;GO;Municipal;26;496.91;511.29;479.98;506.8;689.23;536.84
2361;Maravilha;SC;Estadual;83;495.3;505.68;501.74;533.46;647.95;536.83
2362;Guaiçara;SP;Estadual;7;507.46;545.0;488.0;523.57;620.0;536.81
2363;Morrinhos;CE;Privada;8;488.29;482.01;469.71;564.05;680.0;536.81
2364;Lajeado;RS;Estadual;32;517.6;532.23;486.69;539.37;608.12;536.8
2365;Monte Santo;BA;Privada;7;498.07;516.9;499.33;532.16;637.14;536.72
2366;Lagoa Dourada;MG;Estadual;33;490.4;512.9;498.18;537.35;644.24;536.61
2367;Planalto;RS;Estadual;7;464.54;555.83;492.91;564.03;605.71;536.61
2368;Josenópolis;MG;Estadual;3;486.8;494.83;441.37;473.27;786.67;536.59
2369;Panelas;PE;Estadual;84;479.24;490.45;476.2;531.61;705.48;536.59
2370;Mongaguá;SP;Estadual;75;521.18;522.24;483.55;528.34;627.47;536.56
2371;Várzea;RN;Estadual;5;460.42;530.36;517.9;534.04;640.0;536.54
2372;Guarará;MG;Estadual;24;500.64;517.46;497.25;535.32;631.67;536.47
2373;Coroados;SP;Estadual;4;517.88;501.12;505.7;567.33;590.0;536.4
2374;Botucatu;SP;Municipal;5;506.8;511.9;485.04;498.12;680.0;536.37
2375;Medianeira;PR;Estadual;143;511.71;527.85;499.74;536.41;606.15;536.37
2376;Várzea Grande;MT;Privada;123;500.47;512.5;485.84;542.94;640.0;536.35
2377;Inconfidentes;MG;Estadual;6;512.03;520.42;489.3;533.35;626.67;536.35
2378;Potirendaba;SP;Estadual;17;507.2;517.16;482.77;535.76;638.82;536.34
2379;Poá;SP;Privada;19;522.01;524.68;516.11;554.68;564.21;536.34
2380;Cruzeiro do Sul;AC;Federal;44;499.52;502.0;486.55;516.82;676.82;536.34
2381;Santo Cristo;RS;Estadual;27;487.91;510.44;490.3;555.14;637.78;536.31
2382;Açu;RN;Privada;122;482.12;497.27;481.97;517.51;702.62;536.3
2383;Capitão Andrade;MG;Estadual;4;457.82;453.62;553.65;536.3;680.0;536.28
2384;Medeiros;MG;Estadual;2;474.45;542.5;494.75;489.65;680.0;536.27
2385;Baixo Guandu;ES;Estadual;80;505.0;521.48;482.77;548.84;623.25;536.27
2386;Taiaçu;SP;Estadual;4;514.22;520.62;476.35;550.02;620.0;536.24
2387;Bananeiras;PB;Privada;27;507.87;496.44;478.43;513.92;684.44;536.22
2388;Santa Margarida do Sul;RS;Estadual;6;519.6;538.13;487.32;499.33;636.67;536.21
2389;Nova Veneza;SC;Estadual;11;488.71;510.31;498.12;530.75;652.73;536.12
2390;Boa Vista;PB;Estadual;5;501.26;497.44;504.24;525.6;652.0;536.11
2391;Joviânia;GO;Estadual;12;510.5;517.43;497.28;566.97;588.33;536.1
2392;Italva;RJ;Estadual;33;499.85;512.34;475.22;525.19;667.88;536.09
2393;Mococa;SP;Estadual;129;506.26;517.99;485.17;550.68;620.16;536.05
2394;Flor do Sertão;SC;Estadual;8;510.24;536.75;512.1;536.1;585.0;536.04
2395;Campos Belos;GO;Federal;49;496.49;512.44;489.78;506.38;675.1;536.04
2396;São José da Lagoa Tapada;PB;Estadual;8;492.39;498.91;479.08;522.35;687.5;536.04
2397;Manacapuru;AM;Federal;14;508.76;521.46;511.22;508.78;630.0;536.04
2398;Catanduva;SP;Estadual;146;513.2;523.63;493.92;539.53;609.86;536.03
2399;Glorinha;RS;Estadual;14;504.72;549.55;508.34;537.45;580.0;536.01
2400;Santa Isabel;SP;Estadual;92;515.78;528.03;486.42;539.1;610.65;536.0
2401;Novo Gama;GO;Privada;21;506.8;521.84;474.8;550.87;625.71;536.0
2402;Marco;CE;Privada;1;509.4;543.9;432.6;494.1;700.0;536.0
2403;Pacatuba;CE;Estadual;353;507.8;513.98;468.78;519.75;669.29;535.92
2404;Cubatão;SP;Privada;46;510.37;507.2;500.06;535.83;626.09;535.91
2405;Parisi;SP;Estadual;1;533.5;514.7;465.7;505.6;660.0;535.9
2406;Cruzeiro da Fortaleza;MG;Estadual;6;504.82;536.63;503.17;568.18;566.67;535.89
2407;Junqueiro;AL;Estadual;65;479.63;500.46;472.6;515.63;711.08;535.88
2408;Carnaíba;PE;Estadual;75;492.39;502.39;477.88;526.79;679.73;535.84
2409;Coruripe;AL;Privada;3;494.03;500.07;465.67;599.37;620.0;535.83
2410;Santo André;SP;Estadual;963;518.76;526.08;486.81;544.54;602.76;535.79
2411;São Carlos;SP;Estadual;305;514.91;520.3;478.95;544.95;619.67;535.76
2412;Silveirânia;MG;Estadual;8;496.26;527.67;490.66;539.21;625.0;535.76
2413;Atalaia;AL;Privada;28;495.77;501.91;470.0;503.84;707.14;535.73
2414;Pará de Minas;MG;Estadual;123;509.04;521.57;480.54;544.65;622.76;535.71
2415;Rio Bananal;ES;Privada;2;463.45;564.55;493.5;477.0;680.0;535.7
2416;Paraí;RS;Estadual;26;478.83;505.91;495.38;540.45;657.69;535.65
2417;Boa Hora;PI;Estadual;28;475.41;465.81;439.83;499.89;797.14;535.62
2418;Raposa;MA;Municipal;1;458.2;476.5;490.5;412.8;840.0;535.6
2419;Batatais;SP;Estadual;139;509.99;525.18;487.41;536.84;618.56;535.6
2420;Seropédica;RJ;Privada;45;500.32;514.88;488.53;523.7;650.22;535.53
2421;Barra do Rocha;BA;Estadual;3;509.47;497.07;446.2;578.17;646.67;535.51
2422;Guaçuí;ES;Estadual;78;493.45;511.85;491.97;545.54;634.62;535.48
2423;Vera Cruz;RS;Estadual;27;506.96;512.77;486.76;527.97;642.96;535.48
2424;Orizânia;MG;Municipal;12;488.99;513.02;498.05;547.08;630.0;535.43
2425;Paulista;PB;Estadual;21;476.56;510.03;490.87;521.47;678.1;535.4
2426;Nova Alvorada;RS;Estadual;11;496.02;535.15;482.67;508.58;654.55;535.39
2427;São José do Cedro;SC;Estadual;29;492.05;502.47;505.1;536.97;640.0;535.32
2428;Campo Alegre;AL;Privada;4;487.7;530.02;482.88;580.7;595.0;535.26
2429;Feira Grande;AL;Estadual;26;499.92;501.07;490.51;496.33;688.46;535.26
2430;Flores da Cunha;RS;Estadual;65;498.65;517.18;482.45;540.03;637.85;535.23
2431;Santa Bárbara d'Oeste;SP;Estadual;249;517.29;523.33;483.36;542.44;609.64;535.21
2432;Feliz;RS;Estadual;15;517.31;543.6;493.07;531.43;590.67;535.21
2433;Torres;RS;Estadual;65;509.84;524.76;488.41;528.06;624.92;535.2
2434;Anápolis;GO;Estadual;1227;504.44;519.03;484.77;530.86;636.79;535.18
2435;Severiano Melo;RN;Estadual;8;502.85;533.42;475.59;453.92;710.0;535.16
2436;Ilha Solteira;SP;Estadual;44;518.41;533.44;479.46;557.19;587.27;535.15
2437;Santa Isabel do Ivaí;PR;Privada;3;501.67;536.1;522.33;508.77;606.67;535.11
2438;Santa Bárbara do Sul;RS;Estadual;10;493.58;502.39;493.39;532.1;654.0;535.09
2439;Turvo;SC;Municipal;1;555.2;544.8;450.4;604.8;520.0;535.04
2440;Itamonte;MG;Estadual;30;500.55;512.96;507.84;555.1;598.67;535.03
2441;Ceará-Mirim;RN;Privada;7;509.69;528.09;479.33;540.61;617.14;534.97
2442;Bonito;BA;Estadual;7;495.14;516.47;464.23;558.97;640.0;534.96
2443;Petrópolis;RJ;Municipal;28;510.5;523.7;494.52;538.21;607.86;534.96
2444;São José de Piranhas;PB;Privada;5;485.94;527.76;472.3;568.74;620.0;534.95
2445;Extremoz;RN;Privada;23;491.37;495.11;495.01;526.95;666.09;534.91
2446;Tapera;RS;Estadual;18;488.78;503.77;475.63;538.61;667.78;534.91
2447;São Francisco de Assis do Piauí;PI;Estadual;2;409.55;535.95;538.5;500.45;690.0;534.89
2448;Moita Bonita;SE;Estadual;22;465.99;481.88;478.63;519.73;728.18;534.88
2449;Pinhal de São Bento;PR;Estadual;2;483.2;532.55;408.05;530.55;720.0;534.87
2450;Ibaiti;PR;Privada;12;510.58;530.14;460.6;531.27;641.67;534.85
2451;Nova América da Colina;PR;Estadual;4;520.83;517.72;516.45;564.25;555.0;534.85
2452;Barra do Corda;MA;Federal;62;495.25;516.42;483.77;521.59;657.1;534.83
2453;Colinas do Tocantins;TO;Federal;32;514.33;526.42;479.38;533.25;620.62;534.8
2454;Princesa Isabel;PB;Federal;34;499.67;518.03;490.3;519.44;646.47;534.78
2455;Patos de Minas;MG;Estadual;260;504.31;516.7;489.45;532.86;630.54;534.77
2456;Itaguara;MG;Estadual;14;494.07;521.25;495.98;536.5;625.71;534.7
2457;Pouso Alegre;MG;Estadual;133;510.11;530.71;489.07;535.09;608.27;534.65
2458;São Bento do Trairí;RN;Estadual;3;515.33;556.23;495.17;479.8;626.67;534.64
2459;Mogi Guaçu;SP;Estadual;144;506.84;532.93;493.77;548.1;591.53;534.64
2460;Sorocaba;SP;Estadual;1119;516.6;530.31;483.98;540.68;601.57;534.63
2461;Belmiro Braga;MG;Estadual;3;533.93;519.77;537.3;522.0;560.0;534.6
2462;São Francisco do Sul;SC;Privada;35;512.59;524.71;496.64;550.36;588.57;534.57
2463;Iracema;RR;Estadual;4;505.15;514.0;498.55;490.15;665.0;534.57
2464;São Joaquim de Bicas;MG;Estadual;37;503.24;525.01;467.5;545.61;631.35;534.54
2465;Cordeirópolis;SP;Estadual;17;505.96;532.45;484.32;568.77;581.18;534.53
2466;São João da Serra;PI;Estadual;4;469.18;516.48;464.72;537.12;685.0;534.5
2467;Valentim Gentil;SP;Estadual;3;525.6;522.3;497.1;527.2;600.0;534.44
2468;Florianópolis;SC;Estadual;556;512.71;530.09;492.96;533.18;602.99;534.39
2469;São Sebastião do Paraíso;MG;Estadual;119;510.37;519.61;477.56;544.07;620.0;534.32
2470;Ipojuca;PE;Privada;29;490.57;513.21;482.77;519.47;665.52;534.31
2471;Conceição dos Ouros;MG;Estadual;7;507.86;501.81;465.74;587.41;608.57;534.28
2472;Tiradentes do Sul;RS;Estadual;5;491.12;516.66;499.88;495.68;668.0;534.27
2473;Paranaguá;PR;Municipal;1;549.7;547.0;475.3;419.3;680.0;534.26
2474;Catas Altas;MG;Estadual;9;492.53;527.04;481.07;521.73;648.89;534.25
2475;Roque Gonzales;RS;Estadual;7;499.87;518.79;489.36;508.77;654.29;534.21
2476;Passa Sete;RS;Estadual;20;480.1;512.94;484.44;523.49;670.0;534.19
2477;Barra dos Coqueiros;SE;Privada;8;480.0;502.12;452.96;530.84;705.0;534.19
2478;Boracéia;SP;Estadual;9;509.24;520.3;482.19;509.96;648.89;534.12
2479;Virginópolis;MG;Estadual;5;523.82;551.76;449.78;529.18;616.0;534.11
2480;Itapecuru Mirim;MA;Federal;45;504.99;513.93;484.5;514.16;652.89;534.09
2481;São Lourenço da Mata;PE;Federal;39;496.56;511.55;477.81;511.15;673.33;534.08
2482;Realeza;PR;Estadual;42;507.06;528.79;484.77;532.55;617.14;534.06
2483;Erechim;RS;Estadual;287;501.92;523.16;489.14;535.03;620.91;534.03
2484;Sete Lagoas;MG;Estadual;287;510.4;514.75;484.77;537.52;622.72;534.03
2485;Casserengue;PB;Estadual;16;485.99;506.46;460.62;528.27;688.75;534.02
2486;Catuti;MG;Estadual;2;517.55;506.35;479.8;496.3;670.0;534.0
2487;Caiçara;RS;Estadual;9;478.54;518.93;513.18;539.24;620.0;533.98
2488;Nova Friburgo;RJ;Estadual;242;503.71;523.57;480.2;526.39;635.87;533.95
2489;São Pedro de Alcântara;SC;Estadual;31;500.11;526.97;489.44;542.89;610.32;533.95
2490;Rosário do Sul;RS;Estadual;37;498.01;528.64;458.62;541.68;642.7;533.93
2491;Sul Brasil;SC;Estadual;4;497.95;553.45;498.58;484.58;635.0;533.91
2492;Urubici;SC;Estadual;11;496.36;540.97;497.39;509.25;625.45;533.89
2493;Valparaíso de Goiás;GO;Privada;95;509.33;526.29;489.48;540.54;603.58;533.84
2494;Dracena;SP;Estadual;68;506.34;513.31;473.77;557.76;617.94;533.83
2495;Putinga;RS;Estadual;3;485.53;564.97;450.67;494.57;673.33;533.81
2496;Mutum;MG;Estadual;41;492.68;514.12;471.38;540.0;650.73;533.78
2497;Ouro;SC;Estadual;15;489.09;532.89;501.64;547.76;597.33;533.74
2498;Guaraciaba;SC;Estadual;21;495.44;531.75;492.19;506.37;642.86;533.72
2499;Cruzeiro;SP;Estadual;81;515.3;518.99;486.54;548.43;599.01;533.65
2500;Mercedes;PR;Estadual;6;485.65;497.43;499.23;589.17;596.67;533.63
2501;Marinópolis;SP;Estadual;3;490.03;530.7;510.77;556.47;580.0;533.59
2502;Barracão;PR;Estadual;11;507.59;526.49;485.64;520.89;627.27;533.58
2503;Frecheirinha;CE;Estadual;26;497.96;512.6;459.08;515.89;682.31;533.57
2504;Ibituruna;MG;Estadual;8;499.75;507.72;482.49;475.16;702.5;533.52
2505;São Lourenço do Oeste;SC;Estadual;62;495.75;523.94;485.77;545.22;616.77;533.49
2506;Itaipulândia;PR;Estadual;17;503.12;489.13;486.95;538.74;649.41;533.47
2507;Aguanil;MG;Estadual;8;515.02;494.19;457.05;583.55;617.5;533.46
2508;Camargo;RS;Estadual;3;497.1;568.57;480.63;554.3;566.67;533.45
2509;Mairinque;SP;Estadual;82;519.01;534.61;489.9;535.82;587.8;533.43
2510;Carmo;RJ;Estadual;41;487.37;512.69;480.56;521.06;665.37;533.41
2511;Manoel Ribas;PR;Estadual;26;509.53;505.76;487.44;536.59;627.69;533.4
2512;Cunha;SP;Estadual;13;524.68;529.69;488.87;502.15;621.54;533.39
2513;Teotônio Vilela;AL;Estadual;105;487.82;481.66;475.34;518.29;703.81;533.38
2514;Alpinópolis;MG;Estadual;25;494.02;516.03;481.72;548.67;626.4;533.37
2515;Orlândia;SP;Estadual;127;507.89;514.57;480.65;525.06;638.58;533.35
2516;Pitangui;MG;Estadual;56;498.15;521.8;472.42;546.62;627.5;533.3
2517;Mamborê;PR;Privada;1;500.1;591.1;488.4;426.9;660.0;533.3
2518;Jardinópolis;SC;Estadual;9;464.03;498.79;481.12;546.8;675.56;533.26
2519;Teixeira;PB;Privada;7;508.17;542.21;461.86;496.84;657.14;533.25
2520;Garibaldi;RS;Estadual;58;487.75;499.34;494.69;545.08;639.31;533.23
2521;Mongaguá;SP;Privada;15;517.96;506.54;495.35;536.86;609.33;533.21
2522;Moreno;PE;Privada;18;483.87;506.57;486.5;523.57;665.56;533.21
2523;Jari;RS;Estadual;8;507.69;511.36;490.64;515.96;640.0;533.13
2524;Araújos;MG;Estadual;9;521.99;533.06;486.94;552.5;571.11;533.12
2525;Arraial do Cabo;RJ;Municipal;1;391.5;365.3;506.7;482.0;920.0;533.1
2526;Quixadá;CE;Federal;37;496.85;504.53;497.05;546.73;620.0;533.03
2527;Riolândia;SP;Privada;10;489.26;486.33;483.26;554.27;652.0;533.02
2528;Guarujá;SP;Estadual;288;516.29;524.32;477.82;535.04;611.53;533.0
2529;Taubaté;SP;Estadual;248;518.19;529.8;484.03;543.47;589.27;532.95
2530;São Sepé;RS;Estadual;35;504.11;530.57;479.06;527.57;623.43;532.95
2531;Alcinópolis;MS;Estadual;6;489.0;509.53;509.22;450.25;706.67;532.93
2532;Junqueirópolis;SP;Estadual;18;510.33;525.36;465.83;554.12;608.89;532.91
2533;Comendador Gomes;MG;Estadual;3;504.23;538.8;507.0;480.9;633.33;532.85
2534;Vila Flores;RS;Estadual;7;478.44;500.91;532.94;537.63;614.29;532.84
2535;União do Oeste;SC;Estadual;4;456.12;530.52;538.83;533.65;605.0;532.83
2536;Vargem Bonita;SC;Estadual;5;525.72;548.5;488.38;513.5;588.0;532.82
2537;São Tomé das Letras;MG;Estadual;7;495.51;510.27;467.17;576.86;614.29;532.82
2538;Araxá;MG;Estadual;112;505.24;513.05;483.56;533.42;628.75;532.8
2539;Carbonita;MG;Estadual;19;494.51;498.21;466.44;540.51;664.21;532.78
2540;Mocajuba;PA;Privada;17;486.39;488.76;463.82;488.34;736.47;532.76
2541;Rio Casca;MG;Estadual;17;498.99;519.16;470.32;528.06;647.06;532.72
2542;Guajará-Mirim;RO;Federal;58;507.83;514.18;483.23;521.11;636.9;532.65
2543;Santa Rita do Passa Quatro;SP;Estadual;22;522.05;516.6;479.75;524.75;620.0;532.63
2544;Ubiretama;RS;Estadual;11;498.77;517.45;485.24;519.83;641.82;532.62
2545;Restinga Sêca;RS;Estadual;18;501.53;545.87;496.41;498.14;621.11;532.61
2546;Ubiratã;PR;Municipal;1;454.5;544.9;558.5;505.0;600.0;532.58
2547;Sangão;SC;Estadual;6;519.73;507.35;514.5;474.67;646.67;532.58
2548;Pedrinhas;SE;Estadual;9;473.68;482.56;516.03;537.13;653.33;532.55
2549;Caxias do Sul;RS;Estadual;488;510.17;528.13;481.12;529.49;613.65;532.51
2550;Bilac;SP;Estadual;5;528.74;511.72;476.22;505.8;640.0;532.5
2551;Barroso;MG;Estadual;28;508.71;519.04;486.74;552.2;595.71;532.48
2552;Campo Limpo Paulista;SP;Estadual;78;504.33;519.3;490.66;540.15;607.95;532.48
2553;Buriti Bravo;MA;Privada;8;480.49;454.58;479.45;505.22;742.5;532.45
2554;Riacho das Almas;PE;Estadual;33;489.24;505.88;474.34;534.55;658.18;532.44
2555;Cáceres;MT;Federal;78;492.54;517.14;483.78;529.21;639.49;532.43
2556;Alegrete;RS;Municipal;3;486.5;478.03;499.07;551.5;646.67;532.35
2557;Indianópolis;MG;Estadual;8;490.39;511.36;474.99;540.02;645.0;532.35
2558;São Paulo;SP;Estadual;14058;515.54;526.19;480.94;536.26;602.73;532.33
2559;Castelo;ES;Estadual;69;493.46;517.57;481.69;538.2;630.72;532.33
2560;Fronteira;MG;Estadual;5;481.0;505.12;496.36;491.02;688.0;532.3
2561;Mar de Espanha;MG;Estadual;27;512.75;530.3;491.49;512.09;614.81;532.29
2562;Paraisópolis;MG;Estadual;13;515.59;525.75;468.19;536.45;615.38;532.27
2563;Pinheiro;MA;Privada;57;491.74;510.84;491.92;517.66;649.12;532.26
2564;Engenheiro Navarro;MG;Estadual;6;503.45;511.07;497.27;542.8;606.67;532.25
2565;Mirassol d'Oeste;MT;Privada;13;484.47;503.73;491.64;516.64;664.62;532.22
2566;Miradouro;MG;Estadual;4;543.42;533.28;482.98;486.38;615.0;532.21
2567;Tremembé;SP;Estadual;12;526.3;500.93;503.01;557.48;573.33;532.21
2568;Cândido Mota;SP;Estadual;50;506.47;529.32;479.98;514.07;631.2;532.21
2569;Santa Teresa;ES;Estadual;65;492.56;522.41;492.12;542.59;611.38;532.21
2570;Ampére;PR;Estadual;32;510.73;541.88;483.2;523.91;601.25;532.19
2571;Araraquara;SP;Estadual;230;515.34;517.62;477.4;546.86;603.57;532.16
2572;Piratini;RS;Estadual;26;499.98;516.11;494.47;534.87;615.38;532.16
2573;Curitiba;PR;Estadual;3192;509.86;526.47;489.45;536.94;598.09;532.16
2574;Naviraí;MS;Federal;64;498.74;522.69;481.7;534.68;622.5;532.06
2575;Breves;PA;Federal;46;483.17;528.84;484.83;499.87;663.48;532.04
2576;Garuva;SC;Estadual;16;503.45;518.59;483.09;521.18;633.75;532.01
2577;Adamantina;SP;Estadual;49;502.78;527.2;484.7;552.66;592.24;531.92
2578;Condor;RS;Estadual;14;494.61;532.99;518.98;540.09;572.86;531.9
2579;Cachoeirinha;RS;Estadual;237;512.9;526.0;486.29;525.86;608.44;531.9
2580;São Francisco do Glória;MG;Estadual;6;510.5;515.97;474.02;485.43;673.33;531.85
2581;Ingá;PB;Privada;16;472.74;496.73;483.15;532.86;673.75;531.85
2582;Armação dos Búzios;RJ;Municipal;42;512.85;531.72;495.57;526.68;592.38;531.84
2583;Governador Valadares;MG;Estadual;348;503.92;514.14;480.08;533.53;627.41;531.82
2584;São Sebastião da Grama;SP;Estadual;4;551.5;570.6;457.48;524.48;555.0;531.81
2585;Divinolândia de Minas;MG;Estadual;11;519.3;510.23;482.22;525.37;621.82;531.79
2586;Casa Nova;BA;Municipal;1;450.0;542.7;455.3;450.6;760.0;531.72
2587;Monteiro Lobato;SP;Estadual;4;524.3;506.15;464.92;543.22;620.0;531.72
2588;Toritama;PE;Privada;22;493.26;500.21;461.89;533.15;670.0;531.7
2589;São Tiago;MG;Estadual;20;508.99;525.55;460.51;541.4;622.0;531.69
2590;Marau;RS;Estadual;78;484.66;500.82;486.61;525.72;660.51;531.66
2591;Uchoa;SP;Estadual;19;493.68;523.51;495.28;556.32;589.47;531.65
2592;Bezerros;PE;Estadual;158;495.13;499.1;482.43;522.29;659.11;531.61
2593;Engenheiro Caldas;MG;Estadual;9;466.18;512.49;477.6;528.18;673.33;531.56
2594;Goioerê;PR;Estadual;44;512.44;539.63;486.8;521.61;597.27;531.55
2595;Montes Claros;MG;Estadual;629;502.28;516.82;479.64;528.97;629.95;531.53
2596;Casa Nova;BA;Privada;5;473.84;505.22;489.04;497.42;692.0;531.5
2597;Pavão;MG;Estadual;8;480.91;507.24;499.8;537.02;632.5;531.5
2598;Santa Rita de Jacutinga;MG;Estadual;10;500.36;503.75;509.31;516.03;628.0;531.49
2599;Santo Antônio do Sudoeste;PR;Estadual;28;505.48;516.36;479.91;524.89;630.71;531.47
2600;Monte Santo de Minas;MG;Estadual;8;504.85;518.15;469.98;551.86;612.5;531.47
2601;Alto Rio Doce;MG;Estadual;19;486.56;499.88;494.11;568.34;608.42;531.46
2602;Rosário;MA;Federal;19;496.36;519.67;482.29;493.63;665.26;531.44
2603;Capela do Alto;SP;Estadual;19;517.25;504.69;486.15;566.94;582.11;531.43
2604;Santa Fé do Sul;SP;Estadual;31;510.92;510.0;490.25;549.85;596.13;531.43
2605;Nova Xavantina;MT;Privada;12;478.15;484.92;476.1;517.93;700.0;531.42
2606;Joaquim Távora;PR;Estadual;38;515.28;517.52;475.22;547.98;601.05;531.41
2607;Estrela;RS;Estadual;38;510.8;509.2;495.49;544.71;596.84;531.41
2608;Marema;SC;Estadual;1;485.9;530.0;456.6;524.3;660.0;531.36
2609;Abadia dos Dourados;MG;Estadual;10;488.0;499.64;468.25;528.85;672.0;531.35
2610;Rolândia;PR;Estadual;105;501.7;521.47;485.49;538.77;609.14;531.31
2611;Aveiro;PA;Estadual;2;524.9;491.75;523.7;406.15;710.0;531.3
2612;Resende Costa;MG;Municipal;7;510.9;505.67;498.53;521.36;620.0;531.29
2613;Garanhuns;PE;Estadual;337;498.12;511.73;479.95;528.14;638.4;531.27
2614;Indaial;SC;Estadual;125;500.36;529.64;498.87;547.0;580.48;531.27
2615;Praia Grande;SP;Estadual;492;517.63;527.5;484.36;533.58;593.17;531.25
2616;Bom Jesus da Penha;MG;Estadual;14;480.22;519.52;512.37;538.43;605.71;531.25
2617;Barra do Ribeiro;RS;Estadual;16;499.76;525.31;485.47;516.92;628.75;531.24
2618;Vila Flor;RN;Estadual;1;472.9;488.3;546.5;448.4;700.0;531.22
2619;Dom Pedrito;RS;Privada;20;496.54;530.38;482.52;501.68;645.0;531.22
2620;Nova Fátima;BA;Estadual;5;488.16;482.22;475.78;509.92;700.0;531.22
2621;Raul Soares;MG;Estadual;43;516.77;500.78;479.46;534.83;624.19;531.2
2622;Palotina;PR;Estadual;82;496.91;517.61;488.45;533.57;619.27;531.16
2623;Extrema;MG;Estadual;44;502.46;526.94;469.97;549.62;606.82;531.16
2624;Carmo do Paranaíba;MG;Estadual;46;506.22;516.29;480.04;538.85;614.35;531.15
2625;Londrina;PR;Estadual;1049;514.03;535.0;487.89;533.16;585.66;531.15
2626;Pindaré-Mirim;MA;Estadual;98;490.11;494.28;477.75;513.78;679.8;531.14
2627;Afogados da Ingazeira;PE;Privada;3;488.8;489.4;435.63;541.5;700.0;531.07
2628;Fartura;SP;Estadual;29;516.46;526.13;472.92;516.27;623.45;531.05
2629;Bela Vista;MS;Privada;15;487.25;505.31;487.73;550.97;624.0;531.05
2630;Itatim;BA;Privada;4;531.3;529.9;499.48;519.38;575.0;531.01
2631;São Jorge do Ivaí;PR;Estadual;9;486.47;520.46;490.33;546.64;611.11;531.0
2632;São Joaquim da Barra;SP;Estadual;123;499.59;503.33;480.22;528.75;642.93;530.96
2633;Paineiras;MG;Estadual;7;483.33;528.31;469.69;516.29;657.14;530.95
2634;Arroio do Meio;RS;Estadual;33;511.75;521.23;483.2;540.33;598.18;530.94
2635;Sarandi;PR;Privada;7;507.93;514.37;482.19;527.31;622.86;530.93
2636;Rio Paranaíba;MG;Estadual;29;504.86;520.8;494.79;547.28;586.9;530.92
2637;Rio Manso;MG;Estadual;10;492.13;502.4;508.35;531.68;620.0;530.91
2638;João Pinheiro;MG;Estadual;71;507.6;518.34;482.22;531.12;615.21;530.9
2639;Santa Rita de Minas;MG;Estadual;2;543.1;521.15;508.65;471.5;610.0;530.88
2640;Atalanta;SC;Estadual;14;494.92;514.86;513.24;496.79;634.29;530.82
2641;Arcos;MG;Estadual;77;501.64;517.95;482.65;533.88;617.92;530.81
2642;São Gonçalo do Abaeté;MG;Estadual;4;509.7;537.48;476.05;545.67;585.0;530.78
2643;Caetanópolis;MG;Estadual;7;498.29;534.76;478.43;536.73;605.71;530.78
2644;Santo Antônio do Tauá;PA;Privada;24;482.03;502.13;475.73;509.77;684.17;530.77
2645;Lindóia do Sul;SC;Estadual;4;513.2;562.78;462.85;519.88;595.0;530.74
2646;Laranjeiras do Sul;PR;Estadual;100;504.72;529.48;491.28;535.63;592.4;530.7
2647;Xangri-lá;RS;Estadual;8;503.18;499.41;493.18;505.2;652.5;530.69
2648;Vila Lângaro;RS;Estadual;3;476.87;504.57;539.7;545.5;586.67;530.66
2649;Gravatal;SC;Estadual;13;486.76;521.67;489.22;534.08;621.54;530.65
2650;Iracemápolis;SP;Estadual;41;514.93;520.43;487.0;532.65;598.05;530.61
2651;Sobradinho;RS;Estadual;43;480.82;510.32;482.86;531.21;647.44;530.53
2652;Cascavel;PR;Municipal;3;500.8;505.03;446.4;486.93;713.33;530.5
2653;Espumoso;RS;Estadual;50;500.89;508.79;473.79;527.02;642.0;530.5
2654;Franco da Rocha;SP;Estadual;253;516.95;529.33;480.95;531.22;593.99;530.49
2655;Indaiatuba;SP;Estadual;293;513.1;519.46;482.82;542.84;594.2;530.48
2656;São João do Caiuá;PR;Estadual;3;534.03;539.7;453.67;538.23;586.67;530.46
2657;Herveiras;RS;Estadual;5;486.58;489.68;506.38;561.66;608.0;530.46
2658;Hortolândia;SP;Estadual;314;516.27;524.0;482.62;535.48;593.63;530.4
2659;Zé Doca;MA;Privada;10;499.69;509.11;471.02;508.02;664.0;530.37
2660;Poá;SP;Estadual;286;516.0;530.34;480.19;531.63;593.57;530.34
2661;São Miguel do Araguaia;GO;Estadual;86;493.68;507.02;468.43;516.47;666.05;530.33
2662;Arroio do Tigre;RS;Estadual;32;470.12;499.12;477.25;512.0;693.12;530.33
2663;Esmeralda;RS;Estadual;8;517.59;476.64;482.7;534.65;640.0;530.32
2664;Itajubá;MG;Estadual;110;509.55;511.16;475.85;531.41;623.64;530.32
2665;Salto do Jacuí;RS;Estadual;26;495.22;524.62;477.95;530.67;623.08;530.31
2666;Caratinga;MG;Estadual;166;499.94;512.36;484.19;531.28;623.73;530.3
2667;Canela;RS;Estadual;42;512.72;523.71;486.65;525.42;602.86;530.27
2668;Codó;MA;Federal;74;491.84;496.8;480.23;525.14;657.3;530.26
2669;Delmiro Gouveia;AL;Privada;31;494.85;509.03;471.48;526.85;649.03;530.25
2670;Abreu e Lima;PE;Municipal;1;494.2;472.8;503.1;521.1;660.0;530.24
2671;Bady Bassitt;SP;Estadual;18;516.46;524.05;481.41;529.29;600.0;530.24
2672;Mairiporã;SP;Estadual;106;511.53;526.21;488.54;530.25;594.34;530.17
2673;São José da Barra;MG;Estadual;8;499.71;503.75;516.61;545.72;585.0;530.16
2674;Quinta do Sol;PR;Estadual;9;524.48;522.2;498.73;525.36;580.0;530.15
2675;Belo Oriente;MG;Estadual;19;488.28;487.98;497.7;494.47;682.11;530.11
2676;Pitangueiras;SP;Estadual;24;501.82;523.36;476.14;552.5;596.67;530.1
2677;Doutor Pedrinho;SC;Estadual;5;510.58;534.96;470.3;546.54;588.0;530.08
2678;Santa Maria;RS;Estadual;595;506.59;523.61;483.68;526.54;609.71;530.03
2679;Dom Pedro de Alcântara;RS;Estadual;6;523.68;530.45;505.75;573.62;516.67;530.03
2680;Sousa;PB;Federal;40;481.12;516.56;492.09;522.35;638.0;530.03
2681;Teodoro Sampaio;SP;Privada;6;523.03;546.13;481.68;519.18;580.0;530.01
2682;Tenente Portela;RS;Estadual;22;490.87;506.71;479.21;549.63;623.64;530.01
2683;Abel Figueiredo;PA;Estadual;2;487.3;516.7;481.6;564.45;600.0;530.01
2684;Itajobi;SP;Estadual;2;473.7;482.35;463.8;570.15;660.0;530.0
2685;Canguçu;RS;Estadual;116;498.91;517.77;484.32;517.81;631.03;529.97
2686;Nova Andradina;MS;Privada;10;478.47;508.55;518.76;575.99;568.0;529.95
2687;Monte Alegre de Sergipe;SE;Estadual;25;494.44;490.6;484.2;513.23;667.2;529.93
2688;Bom Jesus dos Perdões;SP;Estadual;14;505.33;548.74;497.28;528.2;570.0;529.91
2689;Japeri;RJ;Privada;12;505.98;519.85;469.42;537.55;616.67;529.9
2690;Itaverava;MG;Estadual;3;477.47;478.7;453.9;512.7;726.67;529.89
2691;Avaré;SP;Estadual;77;511.59;519.82;485.79;544.74;587.53;529.89
2692;Visconde do Rio Branco;MG;Privada;8;486.31;493.3;482.19;522.59;665.0;529.88
2693;Itanhaém;SP;Privada;34;503.56;503.07;492.71;512.95;637.06;529.87
2694;Araripina;PE;Estadual;196;478.59;497.24;475.59;517.66;680.1;529.84
2695;Prata;MG;Estadual;18;491.09;474.83;461.88;534.65;686.67;529.82
2696;Maués;AM;Federal;55;509.07;511.94;472.51;510.09;645.45;529.81
2697;Ferraz de Vasconcelos;SP;Estadual;232;510.06;520.41;477.42;530.41;610.78;529.81
2698;Espírito Santo do Pinhal;SP;Estadual;92;506.67;519.74;483.81;548.61;590.0;529.77
2699;Osório;RS;Estadual;128;503.0;505.64;483.46;524.42;632.19;529.74
2700;Teresópolis;RJ;Estadual;248;510.68;521.09;472.74;523.11;620.65;529.65
2701;Soledade;RS;Estadual;37;509.51;519.12;463.31;521.67;634.59;529.64
2702;Blumenau;SC;Estadual;407;505.05;522.31;486.49;525.18;609.14;529.63
2703;Taboão da Serra;SP;Estadual;456;516.84;524.44;474.3;526.22;606.27;529.62
2704;Perolândia;GO;Estadual;7;505.36;517.69;479.0;537.09;608.57;529.54
2705;Pequi;MG;Estadual;5;514.56;501.16;459.68;504.22;668.0;529.52
2706;Pelotas;RS;Estadual;512;508.03;522.33;478.29;527.58;611.25;529.5
2707;Martins Soares;MG;Estadual;2;542.1;522.7;487.0;545.6;550.0;529.48
2708;Montauri;RS;Estadual;2;480.95;478.3;510.95;587.15;590.0;529.47
2709;Cerquilho;SP;Estadual;64;521.94;526.39;478.7;526.85;593.44;529.46
2710;Peritoró;MA;Privada;5;519.36;491.02;466.7;538.0;632.0;529.42
2711;Taquaral de Goiás;GO;Estadual;5;478.38;491.44;464.78;520.36;692.0;529.39
2712;Arroio Trinta;SC;Estadual;10;506.53;527.56;483.83;483.05;646.0;529.39
2713;Pantano Grande;RS;Estadual;18;516.28;499.26;474.35;529.25;627.78;529.38
2714;Dom Eliseu;PA;Privada;19;480.55;485.88;480.78;536.49;663.16;529.37
2715;São Bento do Sapucaí;SP;Estadual;7;539.67;515.69;490.53;532.41;568.57;529.37
2716;Itararé;SP;Estadual;119;522.29;524.7;470.62;526.02;603.03;529.33
2717;Campos Altos;MG;Estadual;28;495.84;497.54;460.4;545.72;647.14;529.33
2718;Louveira;SP;Estadual;49;508.0;524.42;481.3;534.84;597.55;529.22
2719;Araranguá;SC;Estadual;137;490.97;513.16;495.42;527.89;618.54;529.2
2720;Lavras;MG;Estadual;235;505.68;515.81;482.4;534.8;607.23;529.18
2721;Caibi;SC;Estadual;21;491.56;517.75;504.74;546.08;585.71;529.17
2722;Pouso Alto;MG;Estadual;3;500.67;575.07;439.47;557.2;573.33;529.15
2723;Jupi;PE;Estadual;38;482.51;492.88;487.3;518.87;664.21;529.15
2724;Guarapari;ES;Estadual;270;507.13;512.7;483.13;522.95;619.85;529.15
2725;Muqui;ES;Estadual;32;497.59;495.61;478.45;525.91;648.12;529.14
2726;São Raimundo Nonato;PI;Privada;4;482.32;506.78;475.95;505.62;675.0;529.14
2727;Benjamin Constant do Sul;RS;Estadual;5;494.98;517.1;516.52;472.94;644.0;529.11
2728;Capitólio;MG;Estadual;15;510.04;494.62;472.52;569.48;598.67;529.07
2729;Laje do Muriaé;RJ;Estadual;15;489.98;506.75;492.89;531.71;624.0;529.07
2730;Lins;SP;Estadual;64;504.2;525.78;475.23;528.22;611.88;529.06
2731;Deodápolis;MS;Estadual;29;488.67;509.47;483.94;529.88;633.1;529.01
2732;Cacaulândia;RO;Estadual;13;473.84;497.32;492.39;516.74;664.62;528.98
2733;Itatiaia;RJ;Estadual;13;513.62;509.89;446.55;523.69;650.77;528.9
2734;Elias Fausto;SP;Estadual;11;518.15;547.5;478.17;520.55;580.0;528.87
2735;Luisburgo;MG;Estadual;10;491.78;480.42;495.91;522.22;654.0;528.87
2736;Uberlândia;MG;Estadual;1203;500.87;516.97;474.31;531.28;620.76;528.84
2737;Pacujá;CE;Estadual;126;498.53;517.82;470.19;530.32;627.3;528.83
2738;Santa Salete;SP;Estadual;4;505.95;522.1;481.08;499.9;635.0;528.81
2739;Gravataí;RS;Municipal;14;514.28;539.51;484.64;541.23;564.29;528.79
2740;São José dos Campos;SP;Estadual;799;511.23;522.08;480.58;535.17;594.84;528.78
2741;Bossoroca;RS;Estadual;5;495.96;538.84;507.6;549.52;552.0;528.78
2742;Guarujá do Sul;SC;Estadual;8;507.51;493.54;497.71;502.59;642.5;528.77
2743;São Roque;SP;Estadual;62;519.14;519.95;484.77;534.36;585.48;528.74
2744;Quaraí;RS;Estadual;52;511.31;508.16;472.12;532.91;618.85;528.67
2745;Corbélia;PR;Estadual;25;492.18;524.4;492.55;557.33;576.8;528.65
2746;Vitória;ES;Estadual;1072;501.62;516.37;482.24;522.42;620.56;528.64
2747;Perdões;MG;Estadual;50;501.09;508.55;484.8;527.89;620.8;528.63
2748;Bombinhas;SC;Estadual;49;510.64;529.42;501.08;548.07;553.88;528.62
2749;Santa Maria de Jetibá;ES;Estadual;87;487.33;514.77;493.66;533.09;614.02;528.57
2750;São José da Safira;MG;Estadual;1;458.9;571.9;373.9;557.9;680.0;528.52
2751;Cabrália Paulista;SP;Estadual;21;503.91;516.46;484.93;553.33;583.81;528.49
2752;Cedro do Abaeté;MG;Estadual;1;431.2;500.2;524.3;446.6;740.0;528.46
2753;São Luís do Quitunde;AL;Privada;15;474.74;492.83;444.58;501.95;728.0;528.42
2754;São Leopoldo;RS;Municipal;1;573.7;445.7;556.3;586.2;480.0;528.38
2755;Três Passos;RS;Estadual;39;499.57;511.93;475.85;529.91;624.62;528.38
2756;Quilombo;SC;Estadual;20;479.9;517.71;506.32;533.92;604.0;528.37
2757;João Alfredo;PE;Estadual;100;484.26;496.67;480.72;501.88;678.0;528.31
2758;Braga;RS;Estadual;11;513.06;493.84;485.53;529.13;620.0;528.31
2759;Ribeirão Preto;SP;Estadual;642;507.77;520.89;481.55;530.39;600.78;528.27
2760;Pedro II;PI;Privada;14;477.09;498.58;483.59;504.89;677.14;528.26
2761;Querência;MT;Privada;3;507.8;473.2;502.67;510.83;646.67;528.23
2762;Saquarema;RJ;Estadual;205;497.52;514.04;482.0;518.88;628.59;528.2
2763;Itapuranga;GO;Estadual;73;490.4;507.83;472.21;526.45;644.11;528.2
2764;Caldas Brandão;PB;Estadual;9;498.0;533.96;456.7;467.86;684.44;528.19
2765;Porto Alegre;RS;Estadual;1476;508.93;525.44;479.73;527.54;599.3;528.19
2766;São Leopoldo;RS;Estadual;264;509.9;524.96;484.41;535.8;585.83;528.18
2767;Barra do Rio Azul;RS;Estadual;6;485.27;490.9;457.45;500.58;706.67;528.17
2768;Rancharia;SP;Estadual;54;500.5;514.81;488.15;537.8;599.26;528.1
2769;Munhoz;MG;Estadual;7;529.69;532.97;466.89;530.97;580.0;528.1
2770;Campestre;MG;Estadual;23;501.6;526.18;473.91;538.67;600.0;528.07
2771;Ibertioga;MG;Estadual;4;539.95;503.85;474.58;471.92;650.0;528.06
2772;São Manuel;SP;Estadual;99;504.24;518.19;489.04;531.14;597.58;528.04
2773;João Ramalho;SP;Estadual;4;518.92;508.25;453.25;529.72;630.0;528.03
2774;São João do Pau d'Alho;SP;Estadual;8;482.39;481.49;486.68;532.11;657.5;528.03
2775;Tubarão;SC;Estadual;191;499.87;517.12;487.25;519.61;616.23;528.02
2776;Brejo da Madre de Deus;PE;Estadual;25;493.97;485.76;460.68;536.51;663.2;528.02
2777;Pinhão;PR;Privada;5;527.32;484.66;516.46;555.5;556.0;527.99
2778;Cordisburgo;MG;Estadual;9;478.0;510.04;465.83;503.6;682.22;527.94
2779;Ibiá;MG;Estadual;14;492.19;514.22;479.26;535.36;618.57;527.92
2780;Santa Teresa;ES;Municipal;1;454.2;528.2;463.4;593.7;600.0;527.9
2781;São Lourenço;MG;Estadual;58;506.47;509.15;476.92;526.97;620.0;527.9
2782;Diamantina;MG;Estadual;93;490.27;503.53;479.06;521.39;645.16;527.88
2783;Embu das Artes;SP;Estadual;350;511.24;522.64;477.8;529.16;598.23;527.81
2784;Leme do Prado;MG;Estadual;21;496.44;510.87;474.07;519.39;638.1;527.77
2785;Santa Rosa do Sul;SC;Estadual;11;496.39;513.35;460.76;532.0;636.36;527.77
2786;Urussanga;SC;Estadual;20;510.98;527.08;502.39;532.2;566.0;527.73
2787;Pinhalzinho;SC;Estadual;51;484.12;514.56;486.91;519.83;632.94;527.67
2788;Itarana;ES;Estadual;27;481.73;500.23;471.5;535.68;648.89;527.61
2789;Arujá;SP;Estadual;165;513.33;524.66;476.14;527.03;596.48;527.53
2790;David Canabarro;RS;Estadual;8;465.56;505.05;479.19;532.8;655.0;527.52
2791;Arabutã;SC;Estadual;8;492.1;533.51;478.65;508.18;625.0;527.49
2792;Mossâmedes;GO;Estadual;12;505.18;534.01;490.57;474.35;633.33;527.49
2793;Macau;RN;Privada;24;496.72;519.71;462.83;516.49;641.67;527.48
2794;Valinhos;SP;Estadual;168;506.69;523.87;476.19;546.72;583.81;527.46
2795;Cabreúva;SP;Estadual;49;509.04;520.77;465.59;538.58;603.27;527.45
2796;Senhora dos Remédios;MG;Estadual;8;494.66;491.76;486.94;543.85;620.0;527.44
2797;Penha;SC;Estadual;39;502.83;518.33;485.89;538.29;591.79;527.43
2798;Xaxim;SC;Estadual;61;502.76;528.68;489.89;528.23;587.54;527.42
2799;Hidrolândia;GO;Federal;19;495.14;516.36;456.91;491.62;676.84;527.37
2800;Pimenta Bueno;RO;Privada;11;513.06;514.62;485.78;555.89;567.27;527.33
2801;Itanhaém;SP;Estadual;166;508.88;513.7;480.88;529.58;603.49;527.31
2802;Frei Inocêncio;MG;Estadual;5;493.32;525.96;490.9;526.28;600.0;527.29
2803;Cordislândia;MG;Estadual;4;486.35;498.52;444.4;537.0;670.0;527.26
2804;Santa Adélia;SP;Privada;13;501.61;497.95;505.21;557.67;573.85;527.26
2805;Marques de Souza;RS;Estadual;3;513.3;541.93;481.5;579.4;520.0;527.23
2806;São Roque do Canaã;ES;Estadual;50;496.94;502.3;493.06;513.24;630.4;527.19
2807;Timbaúba;PE;Estadual;269;483.68;501.63;469.29;513.9;667.43;527.19
2808;Miraí;MG;Estadual;7;477.81;486.5;461.47;541.49;668.57;527.17
2809;Santa Cecília;SC;Estadual;22;495.63;540.07;471.15;534.4;594.55;527.16
2810;Japonvar;MG;Estadual;7;493.87;513.11;468.91;508.23;651.43;527.11
2811;Pescaria Brava;SC;Estadual;17;492.4;509.05;478.59;517.88;637.65;527.11
2812;Palmeira das Missões;RS;Estadual;93;495.3;509.75;472.66;533.65;623.66;527.0
2813;Oliveira;MG;Estadual;99;499.96;499.53;470.45;510.01;654.75;526.94
2814;Iati;PE;Estadual;21;492.98;527.53;479.65;524.07;610.48;526.94
2815;Tuiuti;SP;Estadual;6;498.53;541.23;465.07;536.43;593.33;526.92
2816;Romaria;MG;Estadual;3;503.3;519.57;462.43;529.23;620.0;526.91
2817;Ituverava;SP;Estadual;76;481.51;503.59;478.55;527.98;642.89;526.9
2818;Lagoa Santa;MG;Estadual;89;511.48;520.16;479.35;520.06;603.37;526.89
2819;Iconha;ES;Estadual;52;486.22;510.43;488.3;511.81;637.69;526.89
2820;Caparaó;MG;Estadual;11;482.35;508.8;478.96;547.96;616.36;526.89
2821;São Gabriel do Oeste;MS;Estadual;46;495.72;506.08;483.17;525.41;623.91;526.86
2822;São Sebastião da Vargem Alegre;MG;Estadual;11;486.64;503.97;459.54;520.54;663.64;526.86
2823;Lagarto;SE;Estadual;230;483.22;497.69;465.64;510.88;676.78;526.84
2824;Poço Verde;SE;Estadual;40;500.67;510.77;467.95;494.78;660.0;526.83
2825;Ipanema;MG;Estadual;27;487.61;502.46;474.2;528.96;640.74;526.79
2826;Cláudio;MG;Estadual;66;503.91;505.32;477.78;541.12;605.76;526.78
2827;Coromandel;MG;Estadual;55;498.15;504.79;482.86;524.61;623.27;526.74
2828;Itaperuna;RJ;Estadual;135;503.42;510.38;469.14;523.45;627.26;526.73
2829;Vidal Ramos;SC;Estadual;25;476.4;510.05;497.87;506.86;642.4;526.72
2830;Suzano;SP;Estadual;479;513.51;522.18;477.82;528.06;592.03;526.72
2831;Pingo-d'Água;MG;Estadual;8;512.84;507.31;487.54;555.85;570.0;526.71
2832;Agudos do Sul;PR;Estadual;6;515.13;512.17;466.0;516.82;623.33;526.69
2833;Francisco Beltrão;PR;Estadual;251;500.53;525.18;493.51;529.84;584.3;526.67
2834;Canavieiras;BA;Estadual;35;505.47;516.53;474.85;515.36;621.14;526.67
2835;Ribeira;SP;Estadual;2;488.15;389.0;391.3;624.85;740.0;526.66
2836;Rio das Pedras;SP;Estadual;27;508.37;522.84;500.59;515.33;585.93;526.61
2837;Paranatama;PE;Estadual;10;492.97;476.74;447.86;523.16;692.0;526.55
2838;Monte Mor;SP;Estadual;112;513.31;516.62;478.28;528.92;595.54;526.53
2839;Salgueiro;PE;Estadual;248;490.46;501.93;477.16;531.21;631.77;526.51
2840;Camboriú;SC;Municipal;1;557.0;571.8;405.4;558.3;540.0;526.5
2841;Caçador;SC;Estadual;82;490.11;521.44;493.94;522.61;604.39;526.5
2842;Laranja da Terra;ES;Estadual;49;483.78;515.47;483.96;530.81;618.37;526.48
2843;Novo Cruzeiro;MG;Estadual;20;508.61;502.57;469.69;561.47;590.0;526.47
2844;Macaúbas;BA;Estadual;73;475.78;493.08;482.18;506.18;675.07;526.46
2845;Itaqui;RS;Estadual;92;490.15;506.42;474.31;517.47;643.91;526.45
2846;Barra de São Francisco;ES;Municipal;5;510.82;507.96;526.92;502.44;584.0;526.43
2847;Bananeiras;PB;Federal;11;479.35;496.45;498.38;510.64;647.27;526.42
2848;Igarapé;MG;Estadual;48;503.45;515.26;474.05;538.93;600.42;526.42
2849;Gaurama;RS;Estadual;11;488.15;507.54;488.32;565.99;581.82;526.36
2850;Sanclerlândia;GO;Estadual;37;483.42;495.95;460.67;502.5;689.19;526.35
2851;Santa Margarida;MG;Estadual;13;479.46;516.55;463.67;536.4;635.38;526.29
2852;Dumont;SP;Estadual;11;522.13;511.66;470.05;529.12;598.18;526.23
2853;Magda;SP;Estadual;4;522.75;512.3;500.28;560.35;535.0;526.14
2854;Bom Sucesso do Sul;PR;Estadual;16;503.0;525.77;492.34;534.54;575.0;526.13
2855;Iguape;SP;Estadual;59;514.37;517.1;487.07;526.13;585.76;526.09
2856;Bodocó;PE;Estadual;39;482.64;511.32;487.01;528.76;620.51;526.05
2857;Prado;BA;Privada;9;502.4;510.52;491.57;522.84;602.22;525.91
2858;Francisco Morato;SP;Estadual;227;512.35;527.31;481.24;521.58;587.05;525.91
2859;Cosmópolis;SP;Estadual;42;508.56;522.8;495.09;520.63;582.38;525.89
2860;Nova Serrana;MG;Estadual;82;504.44;519.91;479.33;525.52;600.24;525.89
2861;Coronel Martins;SC;Estadual;5;475.58;526.82;489.68;541.3;596.0;525.88
2862;Muniz Freire;ES;Estadual;72;489.89;512.95;501.11;514.45;610.83;525.85
2863;São José do Mantimento;MG;Estadual;5;509.22;491.72;495.62;476.58;656.0;525.83
2864;São Cristóvão;SE;Federal;39;483.66;505.14;473.82;518.81;647.69;525.82
2865;São Sebastião do Passé;BA;Privada;17;496.79;523.45;489.48;485.2;634.12;525.81
2866;Serrana;SP;Estadual;53;510.95;519.47;476.61;516.69;605.28;525.8
2867;Saltinho;SC;Estadual;12;491.01;524.91;504.88;539.77;568.33;525.78
2868;Mucurici;ES;Estadual;15;505.99;526.44;477.76;494.68;624.0;525.77
2869;Tabira;PE;Estadual;111;490.7;496.13;480.59;529.85;631.53;525.76
2870;Niterói;RJ;Estadual;837;498.78;514.08;477.75;515.1;623.06;525.75
2871;Cidade Gaúcha;PR;Estadual;17;505.28;499.6;494.79;533.76;595.29;525.74
2872;Santa Maria do Suaçuí;MG;Estadual;21;497.93;492.54;467.39;519.21;651.43;525.7
2873;Vista Alegre do Prata;RS;Estadual;5;454.36;503.86;429.02;493.1;748.0;525.67
2874;Mallet;PR;Estadual;33;492.82;513.05;480.25;521.65;620.61;525.67
2875;Cacimba de Dentro;PB;Estadual;32;493.77;493.32;484.97;515.67;640.62;525.67
2876;Toledo;PR;Estadual;344;503.37;515.84;494.48;532.1;582.56;525.67
2877;Canoas;RS;Estadual;478;505.96;521.85;473.84;523.66;603.05;525.67
2878;Poços de Caldas;MG;Estadual;142;503.96;523.05;473.92;527.32;600.0;525.65
2879;Porto Firme;MG;Estadual;9;484.48;502.07;467.84;531.58;642.22;525.64
2880;Agricolândia;PI;Estadual;10;472.15;507.56;496.54;511.95;640.0;525.64
2881;Cristalina;GO;Privada;26;488.81;502.17;493.9;530.07;613.08;525.61
2882;Tabatinga;AM;Federal;33;520.48;507.01;477.17;478.54;644.85;525.61
2883;Rio Acima;MG;Estadual;8;502.0;492.64;470.45;482.88;680.0;525.59
2884;União de Minas;MG;Estadual;3;492.0;515.13;528.6;538.7;553.33;525.55
2885;Toropi;RS;Estadual;10;495.64;502.94;475.01;518.08;636.0;525.53
2886;Bom Jardim de Minas;MG;Estadual;24;497.18;514.9;481.16;536.08;598.33;525.53
2887;Itabirito;MG;Estadual;41;492.37;496.91;464.65;536.11;637.56;525.52
2888;Harmonia;RS;Estadual;6;499.13;504.47;466.6;570.63;586.67;525.5
2889;Mirabela;MG;Estadual;12;504.32;527.69;479.63;514.18;601.67;525.5
2890;Jaru;RO;Privada;6;499.75;506.52;479.18;495.33;646.67;525.49
2891;Astorga;PR;Estadual;38;497.02;512.45;486.45;523.13;608.42;525.49
2892;Carazinho;RS;Estadual;69;502.37;519.91;481.75;520.78;602.61;525.48
2893;Tio Hugo;RS;Estadual;12;483.68;515.47;479.11;503.98;645.0;525.45
2894;São Luiz Gonzaga;RS;Estadual;86;505.21;518.51;497.6;525.9;580.0;525.44
2895;Manoel Viana;RS;Estadual;17;492.56;501.2;474.88;536.14;622.35;525.43
2896;Altônia;PR;Estadual;55;502.91;515.29;486.59;524.51;597.82;525.42
2897;Alterosa;MG;Estadual;17;495.96;520.96;476.94;535.42;597.65;525.39
2898;Dolcinópolis;SP;Estadual;3;537.77;475.2;463.07;510.8;640.0;525.37
2899;Araguatins;TO;Federal;75;491.55;505.97;489.23;521.65;618.4;525.36
2900;São João do Triunfo;PR;Estadual;26;506.0;526.36;499.82;524.48;570.0;525.33
2901;Tijucas;SC;Estadual;60;493.52;524.06;496.03;527.05;586.0;525.33
2902;Botucatu;SP;Estadual;156;504.5;517.45;485.43;528.64;590.51;525.31
2903;Iguatama;MG;Estadual;2;494.95;439.1;500.5;562.0;630.0;525.31
2904;Taquaruçu do Sul;RS;Estadual;6;449.87;507.57;507.63;474.75;686.67;525.3
2905;Areado;MG;Estadual;25;499.03;496.63;473.53;520.52;636.8;525.3
2906;Tuparendi;RS;Estadual;8;493.45;532.02;483.55;512.04;605.0;525.21
2907;Vazante;MG;Estadual;42;500.53;501.59;477.79;527.08;619.05;525.21
2908;Rio Negrinho;SC;Privada;19;497.21;499.26;490.31;530.74;608.42;525.19
2909;Afonso Cláudio;ES;Estadual;48;479.59;506.68;481.36;525.81;632.5;525.19
2910;Santa Cruz do Capibaribe;PE;Estadual;141;492.74;509.4;478.99;529.02;615.74;525.18
2911;Botuverá;SC;Estadual;1;537.8;535.5;487.7;564.8;500.0;525.16
2912;Campo Belo;MG;Estadual;75;504.8;523.15;472.18;515.81;609.87;525.16
2913;Aurora do Pará;PA;Municipal;1;492.5;489.8;453.9;489.5;700.0;525.14
2914;Nova Canaã Paulista;SP;Estadual;1;503.6;568.8;464.2;589.1;500.0;525.14
2915;Jacutinga;MG;Estadual;11;496.59;513.66;482.16;534.98;598.18;525.12
2916;Brejetuba;ES;Estadual;33;493.12;510.46;479.09;511.98;630.91;525.11
2917;Mamborê;PR;Estadual;24;494.18;510.68;484.34;533.68;602.5;525.08
2918;Figueira;PR;Estadual;10;514.87;540.65;487.57;526.31;556.0;525.08
2919;Papanduva;SC;Estadual;32;482.74;500.25;488.15;541.79;612.5;525.08
2920;Porto Barreiro;PR;Estadual;14;484.52;521.94;480.89;539.42;598.57;525.07
2921;Osasco;SP;Estadual;914;510.36;523.16;475.0;521.95;594.77;525.05
2922;Farroupilha;RS;Estadual;137;496.64;511.88;479.45;536.37;600.73;525.01
2923;Teófilo Otoni;MG;Estadual;202;497.77;505.05;472.38;528.88;620.79;524.98
2924;Juquitiba;SP;Privada;9;514.8;512.53;477.12;549.13;571.11;524.94
2925;Barão;RS;Estadual;16;506.92;516.92;488.6;535.95;576.25;524.93
2926;Nossa Senhora da Glória;SE;Estadual;128;482.28;492.75;476.33;536.04;637.19;524.92
2927;Ouro Preto do Oeste;RO;Municipal;3;482.87;502.33;484.53;501.37;653.33;524.89
2928;Timburi;SP;Estadual;9;513.86;527.22;451.92;531.47;600.0;524.89
2929;Cafelândia;PR;Estadual;27;500.08;521.69;490.09;543.71;568.89;524.89
2930;Irani;SC;Estadual;15;483.73;509.69;478.21;524.78;628.0;524.88
2931;Cambé;PR;Estadual;186;508.05;522.08;483.73;528.3;582.15;524.86
2932;Moraújo;CE;Estadual;48;480.39;496.44;472.72;518.75;655.83;524.83
2933;Torre de Pedra;SP;Estadual;5;494.86;482.56;503.24;527.36;616.0;524.8
2934;Ibirapuitã;RS;Estadual;15;486.58;526.47;493.27;517.59;600.0;524.78
2935;Braganey;PR;Privada;12;471.23;495.48;506.95;551.79;598.33;524.76
2936;Gravataí;RS;Estadual;286;502.22;518.03;475.64;513.18;614.69;524.75
2937;Pindamonhangaba;SP;Estadual;209;507.61;515.04;471.26;533.39;596.36;524.73
2938;Betim;MG;Estadual;530;506.09;515.23;473.88;522.04;606.3;524.71
2939;Agudo;RS;Estadual;30;485.33;507.57;490.73;507.21;632.67;524.7
2940;Ubiratã;PR;Estadual;53;497.15;505.94;474.34;540.42;605.66;524.7
2941;Bertópolis;MG;Estadual;6;497.57;504.93;481.87;519.08;620.0;524.69
2942;Iúna;ES;Estadual;78;492.93;508.28;485.22;525.22;611.79;524.69
2943;Cabo Verde;MG;Estadual;8;498.0;494.42;482.02;506.45;642.5;524.68
2944;Iepê;SP;Estadual;11;497.04;501.39;468.65;550.88;605.45;524.68
2945;Pedro Canário;ES;Estadual;49;483.62;494.75;474.3;511.04;659.59;524.66
2946;Bonito;MS;Estadual;15;488.08;505.85;491.05;524.99;613.33;524.66
2947;Diadema;SP;Estadual;562;511.13;521.4;473.48;525.34;591.89;524.65
2948;Dormentes;PE;Estadual;46;483.09;487.48;482.7;517.61;652.17;524.61
2949;Joinville;SC;Estadual;758;499.45;514.99;480.31;530.85;597.47;524.61
2950;Dois Córregos;SP;Estadual;6;514.5;536.45;476.62;512.12;583.33;524.6
2951;Carlos Chagas;MG;Estadual;16;524.69;525.74;493.39;506.61;572.5;524.59
2952;Divinópolis do Tocantins;TO;Municipal;1;572.0;476.8;555.0;559.1;460.0;524.58
2953;Arroio dos Ratos;RS;Estadual;13;511.19;529.12;487.22;503.02;592.31;524.57
2954;Socorro;SP;Estadual;23;506.91;532.46;485.77;528.81;568.7;524.53
2955;Óleo;SP;Estadual;6;492.43;533.27;479.0;521.17;596.67;524.51
2956;Lindoeste;PR;Estadual;5;521.42;533.78;467.22;504.12;596.0;524.51
2957;Miracatu;SP;Municipal;4;525.88;503.75;503.02;454.82;635.0;524.5
2958;Balneário Barra do Sul;SC;Estadual;7;506.46;469.7;514.47;545.89;585.71;524.45
2959;Bacabal;MA;Estadual;204;484.56;494.41;464.04;504.29;674.9;524.44
2960;Pirajuí;SP;Estadual;25;513.69;535.08;484.1;530.14;559.2;524.44
2961;Alpestre;RS;Estadual;13;495.15;490.2;489.15;527.68;620.0;524.44
2962;Faria Lemos;MG;Estadual;3;502.83;522.17;444.7;492.47;660.0;524.43
2963;Juazeiro do Norte;CE;Estadual;1208;495.01;507.29;475.49;518.89;625.45;524.42
2964;Vila Velha;ES;Estadual;865;500.45;510.92;478.59;520.36;611.63;524.39
2965;Rio dos Bois;TO;Estadual;2;491.3;537.95;500.45;472.1;620.0;524.36
2966;Fraiburgo;SC;Estadual;35;503.62;517.83;485.67;523.79;590.86;524.35
2967;Renascença;PR;Estadual;3;501.27;569.83;469.13;468.07;613.33;524.33
2968;Brasília de Minas;MG;Estadual;54;495.31;507.33;479.73;519.66;619.63;524.33
2969;Nova Luzitânia;SP;Estadual;11;503.49;486.66;467.91;543.45;620.0;524.3
2970;Crato;CE;Municipal;1;509.6;519.4;461.8;410.7;720.0;524.3
2971;Itati;RS;Estadual;4;521.38;540.08;467.18;492.82;600.0;524.29
2972;São Francisco do Guaporé;RO;Estadual;27;485.73;491.98;469.97;524.0;649.63;524.26
2973;Palmares Paulista;SP;Estadual;2;482.5;469.35;459.55;489.85;720.0;524.25
2974;Barretos;SP;Federal;63;501.31;509.39;488.27;512.4;609.84;524.24
2975;Canaã dos Carajás;PA;Municipal;5;506.8;519.06;476.16;514.94;604.0;524.19
2976;Independência;RS;Estadual;5;485.76;535.36;448.64;519.06;632.0;524.16
2977;Chapecó;SC;Estadual;463;496.96;518.27;486.32;518.0;601.04;524.12
2978;Guatapará;SP;Estadual;11;536.95;515.36;491.09;511.71;565.45;524.11
2979;Piraúba;MG;Estadual;20;489.44;496.22;476.54;512.21;646.0;524.08
2980;Porto Nacional;TO;Federal;60;495.36;492.86;471.24;514.53;646.33;524.06
2981;Água Santa;RS;Estadual;7;483.53;523.96;494.19;504.3;614.29;524.05
2982;São José da Lapa;MG;Estadual;42;503.53;522.97;472.35;518.0;603.33;524.04
2983;Colinas;RS;Estadual;6;507.55;527.78;519.53;538.53;526.67;524.01
2984;Penápolis;SP;Estadual;59;506.42;519.25;474.13;525.27;594.92;524.0
2985;Rio Pardo;RS;Municipal;1;454.4;548.1;496.1;601.2;520.0;523.96
2986;Volta Redonda;RJ;Estadual;332;495.99;508.97;478.22;517.01;619.58;523.95
2987;Cachoeiras de Macacu;RJ;Estadual;68;494.62;514.88;478.44;533.85;597.94;523.95
2988;Passos;MG;Estadual;227;486.14;501.08;475.09;533.06;624.32;523.94
2989;Santo Antônio da Patrulha;RS;Estadual;67;492.18;512.42;476.55;534.83;603.58;523.91
2990;Brejo;MA;Privada;24;487.24;486.65;470.26;502.05;673.33;523.91
2991;Miraguaí;RS;Estadual;8;479.35;568.06;489.91;504.7;577.5;523.9
2992;Upanema;RN;Estadual;18;473.46;482.11;482.44;530.4;651.11;523.9
2993;Santo Antônio dos Milagres;PI;Estadual;1;423.1;395.4;515.7;425.3;860.0;523.9
2994;Teixeira Soares;PR;Estadual;9;527.6;547.48;482.8;514.89;546.67;523.89
2995;Lima Duarte;MG;Estadual;27;499.45;505.1;479.53;541.99;593.33;523.88
2996;Morrinhos;GO;Estadual;175;484.85;498.56;466.99;516.22;652.8;523.88
2997;Rio Bananal;ES;Estadual;47;481.6;506.97;475.67;512.92;642.13;523.86
2998;Juruaia;MG;Estadual;9;482.74;510.38;467.23;581.12;577.78;523.85
2999;Monsenhor Hipólito;PI;Estadual;44;462.95;498.42;456.5;513.59;687.73;523.84
3000;Presidente Olegário;MG;Estadual;26;499.3;500.35;485.22;521.92;612.31;523.82
3001;Travesseiro;RS;Estadual;4;508.88;488.72;452.82;553.5;615.0;523.78
3002;Valença;RJ;Estadual;95;493.95;511.38;477.24;522.69;613.47;523.75
3003;Resende;RJ;Estadual;189;498.49;514.06;482.68;519.41;604.02;523.73
3004;Itapura;SP;Municipal;1;539.8;585.8;404.0;529.0;560.0;523.72
3005;General Salgado;SP;Estadual;23;484.49;510.8;462.39;546.88;613.91;523.69
3006;Canindé;CE;Federal;24;474.62;494.78;480.21;501.22;667.5;523.67
3007;Caçapava;SP;Estadual;142;506.85;515.82;479.32;528.26;588.03;523.66
3008;Terra Roxa;PR;Estadual;33;499.08;513.85;489.16;531.82;584.24;523.63
3009;Ourinhos;SP;Estadual;153;508.57;509.33;479.3;532.59;588.37;523.63
3010;Santa Helena;PB;Estadual;16;489.61;500.53;475.08;510.45;642.5;523.63
3011;Nova Esperança do Sul;RS;Estadual;4;509.18;513.95;434.42;445.48;715.0;523.6
3012;Marília;SP;Estadual;285;507.33;511.56;473.26;528.36;597.4;523.58
3013;Salgadinho;PE;Estadual;31;483.15;504.08;462.71;527.94;640.0;523.58
3014;Curral de Dentro;MG;Estadual;6;490.77;516.92;489.67;510.43;610.0;523.56
3015;Terra de Areia;RS;Estadual;9;501.49;523.32;529.63;541.16;522.22;523.56
3016;Gravatá;PE;Estadual;195;493.81;504.36;470.09;511.46;638.05;523.55
3017;Camanducaia;MG;Estadual;13;513.35;504.01;486.32;550.99;563.08;523.55
3018;Presidente Castelo Branco;PR;Estadual;8;498.39;477.94;480.59;520.44;640.0;523.47
3019;São Miguel do Aleixo;SE;Estadual;3;414.97;523.3;504.6;541.1;633.33;523.46
3020;Mato Leitão;RS;Estadual;15;473.68;490.86;473.64;551.05;628.0;523.45
3021;São Vicente do Sul;RS;Estadual;5;486.12;519.46;479.38;532.22;600.0;523.44
3022;Camacho;MG;Estadual;5;482.7;446.64;480.86;590.98;616.0;523.44
3023;Kaloré;PR;Estadual;11;500.44;508.34;508.42;565.3;534.55;523.41
3024;Tabapuã;SP;Estadual;2;476.85;456.5;483.85;569.8;630.0;523.4
3025;Catanduvas;SC;Estadual;11;494.25;534.29;485.24;475.92;627.27;523.39
3026;Rolador;RS;Estadual;8;498.34;514.14;507.76;503.99;592.5;523.34
3027;Vitória de Santo Antão;PE;Federal;97;491.2;499.85;472.54;512.66;640.41;523.33
3028;Itaobim;MG;Privada;2;500.85;493.15;540.35;532.15;550.0;523.3
3029;Cotia;SP;Estadual;372;504.58;518.39;477.16;526.33;590.05;523.3
3030;Conselheiro Pena;MG;Estadual;12;502.37;511.68;466.48;504.27;631.67;523.29
3031;Leópolis;PR;Estadual;3;479.6;526.2;502.33;501.67;606.67;523.29
3032;Belo Jardim;PE;Federal;39;476.01;484.22;489.66;530.51;635.9;523.26
3033;Cerro Azul;PR;Estadual;13;493.71;510.88;495.93;517.3;598.46;523.26
3034;Quadra;SP;Estadual;3;517.77;481.6;478.23;551.9;586.67;523.23
3035;Alta Floresta;MT;Estadual;72;481.4;504.77;481.89;513.32;634.72;523.22
3036;Cornélio Procópio;PR;Estadual;175;499.89;507.87;478.91;530.39;598.97;523.21
3037;Sarandi;RS;Estadual;46;496.55;522.41;493.55;507.25;596.09;523.17
3038;São Domingos do Prata;MG;Estadual;23;492.98;508.04;477.77;511.72;625.22;523.14
3039;Pedrinhas Paulista;SP;Estadual;2;499.4;532.1;506.4;467.7;610.0;523.12
3040;Contagem;MG;Estadual;600;500.37;513.62;478.66;522.8;600.17;523.12
3041;Santa Bárbara;MG;Estadual;23;503.88;508.78;476.39;516.87;609.57;523.1
3042;Itapeva;MG;Estadual;8;537.29;537.04;474.14;534.28;532.5;523.05
3043;Auriflama;SP;Estadual;24;500.58;506.01;462.9;540.72;605.0;523.04
3044;Lago do Junco;MA;Privada;15;478.4;516.17;475.44;512.95;632.0;522.99
3045;Boquim;SE;Estadual;75;475.06;484.49;471.45;513.23;670.67;522.98
3046;Varjão;GO;Estadual;1;527.6;537.1;432.6;477.6;640.0;522.98
3047;União do Sul;MT;Estadual;7;499.3;515.67;508.64;519.79;571.43;522.97
3048;Barra da Estiva;BA;Estadual;52;477.02;501.67;478.91;529.38;627.69;522.94
3049;Umuarama;PR;Estadual;172;503.03;518.11;481.2;524.02;588.26;522.92
3050;Sapiranga;RS;Estadual;93;502.24;519.85;465.91;518.51;607.96;522.89
3051;São João Batista do Glória;MG;Estadual;12;490.86;502.83;473.58;527.17;620.0;522.89
3052;Jaboticabal;SP;Estadual;69;503.86;513.72;481.75;523.75;591.3;522.88
3053;Almeirim;PA;Privada;14;504.02;504.33;470.56;491.05;644.29;522.85
3054;Bom Sucesso;MG;Estadual;28;472.83;516.63;468.98;546.41;609.29;522.83
3055;Jaborá;SC;Estadual;10;492.23;494.94;476.18;512.71;638.0;522.81
3056;Boa Vista do Cadeado;RS;Estadual;4;465.42;525.4;520.48;457.5;645.0;522.76
3057;Vitória Brasil;SP;Estadual;2;490.4;562.9;461.6;538.85;560.0;522.75
3058;Jequitaí;MG;Estadual;5;507.1;536.92;487.36;466.3;616.0;522.74
3059;Macieira;SC;Estadual;2;461.2;501.85;417.8;542.85;690.0;522.74
3060;Pimenta;MG;Estadual;18;493.77;518.19;494.67;528.17;578.89;522.74
3061;Macambira;SE;Estadual;19;469.9;487.92;481.23;502.98;671.58;522.72
3062;Dianópolis;TO;Federal;27;502.43;500.13;478.34;530.39;602.22;522.7
3063;Montenegro;RS;Estadual;64;502.37;517.85;484.58;528.25;580.31;522.67
3064;Capivari do Sul;RS;Estadual;14;494.44;508.22;453.67;478.41;678.57;522.66
3065;Poços de Caldas;MG;Municipal;43;499.05;512.49;464.96;533.51;603.26;522.65
3066;Caetité;BA;Estadual;119;486.92;508.06;469.23;520.7;628.24;522.63
3067;Congo;PB;Estadual;11;484.35;489.72;493.45;540.06;605.45;522.61
3068;Duas Barras;RJ;Estadual;17;511.38;540.32;490.63;503.59;567.06;522.6
3069;Içara;SC;Estadual;83;491.83;512.79;487.91;529.86;590.6;522.6
3070;Itacurubi;RS;Estadual;3;493.07;545.27;486.1;508.53;580.0;522.59
3071;Pereiras;SP;Estadual;5;514.68;518.96;482.44;556.82;540.0;522.58
3072;Saudades;SC;Estadual;34;473.36;496.41;508.69;527.77;606.47;522.54
3073;Vale Real;RS;Estadual;13;477.17;548.35;491.35;543.48;552.31;522.53
3074;Itiquira;MT;Estadual;18;512.82;530.34;481.73;495.41;592.22;522.5
3075;Cocal;PI;Federal;43;474.13;504.51;485.45;515.83;632.56;522.49
3076;Itaguaru;GO;Estadual;9;474.33;492.53;435.58;545.44;664.44;522.47
3077;Sulina;PR;Estadual;18;491.58;499.29;492.37;506.87;622.22;522.47
3078;Simonésia;MG;Estadual;18;480.68;505.78;459.98;534.7;631.11;522.45
3079;Raposos;MG;Estadual;13;493.33;519.41;485.28;529.49;584.62;522.43
3080;Jaraguá do Sul;SC;Estadual;213;492.26;517.22;494.48;532.45;575.68;522.42
3081;Vista Alegre;RS;Estadual;3;490.93;493.67;453.03;507.73;666.67;522.41
3082;Itamogi;MG;Estadual;9;506.3;475.62;482.94;547.1;600.0;522.39
3083;Cruzeiro do Sul;RS;Estadual;8;474.64;504.14;502.26;553.34;577.5;522.38
3084;Santo Augusto;RS;Estadual;13;478.55;510.36;476.32;545.12;601.54;522.38
3085;Cabedelo;PB;Privada;15;501.01;486.94;479.51;482.97;661.33;522.35
3086;Silveiras;SP;Municipal;1;537.1;545.8;471.3;477.4;580.0;522.32
3087;Guabiju;RS;Estadual;7;465.04;514.73;474.91;548.23;608.57;522.3
3088;Faxinal do Soturno;RS;Estadual;11;456.82;481.39;464.24;538.09;670.91;522.29
3089;Jarinu;SP;Estadual;21;498.65;519.59;467.62;513.16;612.38;522.28
3090;Cristinápolis;SE;Estadual;18;470.97;516.82;466.44;498.28;658.89;522.28
3091;Rio Preto da Eva;AM;Privada;11;470.23;514.55;471.95;514.67;640.0;522.28
3092;Parnamirim;RN;Estadual;382;498.77;509.34;474.66;511.84;616.75;522.27
3093;Casa Branca;SP;Estadual;25;511.6;512.99;483.36;540.93;562.4;522.26
3094;Descalvado;SP;Estadual;30;488.98;519.18;489.47;542.8;570.67;522.22
3095;São Gonçalo do Sapucaí;MG;Estadual;31;499.17;517.35;459.43;502.9;632.26;522.22
3096;Anchieta;ES;Estadual;119;488.18;500.64;477.9;519.68;624.71;522.22
3097;Acauã;PI;Estadual;1;483.0;408.3;508.0;571.7;640.0;522.2
3098;Urutaí;GO;Estadual;1;462.3;513.6;478.5;516.6;640.0;522.2
3099;Guaxupé;MG;Estadual;39;491.4;510.31;483.8;523.95;601.54;522.2
3100;São José;SC;Estadual;364;492.25;515.11;483.43;524.12;595.88;522.16
3101;Balneário Arroio do Silva;SC;Municipal;1;506.6;561.8;457.1;485.3;600.0;522.16
3102;Cambuí;MG;Estadual;22;499.0;511.15;483.79;543.17;573.64;522.15
3103;Nova Mutum;MT;Estadual;99;496.42;513.75;477.95;520.52;602.02;522.13
3104;Russas;CE;Estadual;320;487.55;500.94;476.46;520.23;625.44;522.12
3105;Panambi;RS;Estadual;90;488.67;507.97;473.26;517.8;622.89;522.12
3106;Capivari;SP;Estadual;50;493.41;503.39;477.52;516.62;619.6;522.11
3107;Pranchita;PR;Estadual;12;454.16;502.49;456.28;532.6;665.0;522.1
3108;Cubatão;SP;Estadual;192;504.21;513.46;467.44;519.64;605.73;522.1
3109;Itanhandu;MG;Estadual;30;476.31;506.67;470.04;527.86;629.33;522.04
3110;Alumínio;SP;Estadual;14;504.51;491.37;459.64;521.79;632.86;522.03
3111;Juiz de Fora;MG;Estadual;488;499.64;512.18;473.57;524.92;599.67;521.99
3112;Coqueiro Baixo;RS;Estadual;4;499.18;515.65;471.4;483.68;640.0;521.98
3113;Novo Xingu;RS;Estadual;4;527.65;507.38;429.68;520.08;625.0;521.95
3114;Imaruí;SC;Estadual;32;485.09;489.76;497.79;511.25;625.62;521.9
3115;Serrinha dos Pintos;RN;Estadual;13;502.42;499.32;481.05;486.66;640.0;521.89
3116;Rio Claro;RJ;Estadual;35;493.09;506.1;469.43;507.6;633.14;521.87
3117;Novo Cabrais;RS;Estadual;15;473.83;491.22;494.29;480.65;669.33;521.87
3118;Trabiju;SP;Estadual;4;482.48;502.92;440.15;528.72;655.0;521.86
3119;Cachoeiro de Itapemirim;ES;Estadual;483;489.36;497.0;471.92;519.12;631.88;521.86
3120;Porto Lucena;RS;Estadual;5;474.08;523.5;502.28;501.34;608.0;521.84
3121;Arapuá;MG;Estadual;6;503.83;482.9;466.1;509.57;646.67;521.81
3122;São João da Boa Vista;SP;Estadual;46;506.78;509.22;482.64;543.82;566.52;521.8
3123;Alecrim;RS;Estadual;12;465.94;515.72;473.04;487.56;666.67;521.78
3124;São Vicente;SP;Estadual;300;506.27;517.27;474.87;524.41;586.07;521.78
3125;Eldorado;MS;Estadual;8;488.85;496.66;498.12;547.29;577.5;521.68
3126;Surubim;PE;Estadual;167;481.83;480.93;470.52;511.03;664.07;521.68
3127;Bambuí;MG;Estadual;18;500.81;509.37;486.32;497.39;614.44;521.67
3128;Álvares Machado;SP;Estadual;25;499.6;513.59;464.74;506.38;624.0;521.66
3129;Santa Luzia D'Oeste;RO;Estadual;13;485.6;513.68;478.82;487.1;643.08;521.65
3130;Santa Rosa de Viterbo;SP;Estadual;38;495.26;514.06;476.26;547.81;574.74;521.62
3131;Três Coroas;RS;Estadual;14;490.54;545.14;481.74;516.39;574.29;521.62
3132;Carmo do Cajuru;MG;Estadual;29;487.5;490.21;478.59;513.03;638.62;521.59
3133;Passa Quatro;MG;Estadual;3;480.73;559.43;464.0;503.73;600.0;521.58
3134;Tiros;MG;Estadual;8;474.89;530.83;460.02;529.62;612.5;521.57
3135;Salgado Filho;PR;Estadual;5;493.86;519.24;509.92;548.76;536.0;521.56
3136;Arraial do Cabo;RJ;Privada;15;502.84;519.05;485.77;538.73;561.33;521.55
3137;Saltinho;SP;Estadual;14;500.64;508.95;477.53;546.19;574.29;521.52
3138;Franca;SP;Municipal;3;513.37;584.57;521.1;515.07;473.33;521.49
3139;Tietê;SP;Estadual;55;510.71;517.04;479.26;524.77;575.64;521.48
3140;Itapagipe;MG;Estadual;24;491.05;514.17;477.85;532.64;591.67;521.47
3141;Pereiro;CE;Estadual;129;487.28;488.18;471.8;514.25;645.74;521.45
3142;Guimarânia;MG;Estadual;4;488.62;514.3;490.6;503.58;610.0;521.42
3143;Guararema;SP;Estadual;35;501.72;522.1;479.59;520.79;582.86;521.41
3144;Barra Mansa;RJ;Estadual;200;493.79;501.78;461.89;503.8;645.8;521.41
3145;Jardim de Piranhas;RN;Privada;3;467.1;454.27;449.57;516.1;720.0;521.41
3146;Echaporã;SP;Estadual;2;498.4;528.9;500.2;459.5;620.0;521.4
3147;Vila Valério;ES;Estadual;17;487.79;515.12;493.6;511.56;598.82;521.38
3148;Senador Firmino;MG;Estadual;12;487.08;530.72;493.6;538.73;556.67;521.36
3149;Crucilândia;MG;Estadual;7;475.41;486.29;481.66;526.3;637.14;521.36
3150;São João do Piauí;PI;Federal;48;485.38;506.61;468.01;509.17;637.5;521.33
3151;Saldanha Marinho;RS;Estadual;6;502.35;498.87;458.08;517.25;630.0;521.31
3152;Icó;CE;Municipal;1;466.1;513.1;530.9;536.4;560.0;521.3
3153;Iturama;MG;Municipal;2;520.55;436.45;450.8;548.5;650.0;521.26
3154;Iguaba Grande;RJ;Estadual;52;498.37;515.91;464.9;514.98;611.92;521.22
3155;Fronteira;MG;Privada;4;500.48;485.72;483.2;551.62;585.0;521.2
3156;Brunópolis;SC;Estadual;6;473.42;482.53;441.0;475.65;733.33;521.19
3157;Campo Alegre;SC;Estadual;12;476.7;507.98;482.48;538.73;600.0;521.18
3158;Pato Branco;PR;Estadual;153;492.77;516.82;478.71;529.51;588.1;521.18
3159;Ipaba;MG;Estadual;17;492.48;510.51;472.94;521.63;608.24;521.16
3160;Monte Castelo;SC;Estadual;10;461.3;496.63;467.85;523.75;656.0;521.11
3161;Alto Alegre do Maranhão;MA;Privada;5;493.36;499.18;456.3;492.72;664.0;521.11
3162;Passo Fundo;RS;Municipal;1;507.6;564.8;435.8;557.1;540.0;521.06
3163;Campina Grande;PB;Municipal;2;539.6;524.5;497.85;483.25;560.0;521.04
3164;Guidoval;MG;Estadual;8;482.28;487.24;455.25;560.31;620.0;521.02
3165;Irará;BA;Privada;6;507.37;495.87;504.13;450.9;646.67;520.99
3166;Santa Cruz dos Milagres;PI;Estadual;5;486.64;482.14;474.2;505.96;656.0;520.99
3167;Ibirubá;RS;Estadual;32;494.73;497.96;470.06;494.09;648.12;520.99
3168;São João da Canabrava;PI;Estadual;14;471.41;529.4;441.1;497.31;665.71;520.99
3169;Bragança Paulista;SP;Estadual;158;506.24;511.61;471.67;528.54;586.71;520.95
3170;Taió;SC;Estadual;35;473.23;509.05;490.47;531.16;600.57;520.9
3171;Santo Antônio da Platina;PR;Estadual;70;493.04;501.3;473.43;528.16;608.57;520.9
3172;São Ludgero;SC;Estadual;49;479.34;494.59;501.53;515.59;613.47;520.9
3173;Arroio do Padre;RS;Estadual;11;493.84;521.85;484.28;522.63;581.82;520.88
3174;Santa Cruz do Rio Pardo;SP;Estadual;42;500.7;524.45;494.06;522.36;562.86;520.88
3175;São João dos Patos;MA;Federal;71;482.85;499.5;483.0;512.43;626.48;520.85
3176;Pomerode;SC;Estadual;38;499.08;499.89;483.31;546.64;575.26;520.84
3177;Cristais Paulista;SP;Estadual;6;495.08;498.38;477.05;560.32;573.33;520.83
3178;Santa Cruz da Baixa Verde;PE;Estadual;40;493.12;494.68;475.56;513.16;627.5;520.8
3179;São Sebastião;SP;Estadual;150;505.06;516.51;479.75;517.34;585.2;520.77
3180;Jacundá;PA;Privada;47;468.72;491.71;459.35;488.64;695.32;520.75
3181;Ouro Branco;MG;Estadual;46;498.92;505.01;458.1;536.4;605.22;520.73
3182;Campo Erê;SC;Estadual;23;490.09;525.57;480.01;527.97;580.0;520.73
3183;Brusque;SC;Estadual;132;491.09;516.24;488.16;531.12;576.82;520.69
3184;Juscimeira;MT;Estadual;27;481.59;529.02;482.53;509.58;600.74;520.69
3185;Presidente Lucena;RS;Estadual;4;493.72;541.6;505.52;517.58;545.0;520.68
3186;Macaparana;PE;Estadual;112;483.39;488.59;479.94;511.57;639.82;520.66
3187;Tucumã;PA;Privada;7;474.64;487.23;500.96;529.06;611.43;520.66
3188;São Sebastião do Caí;RS;Estadual;33;499.57;520.06;467.34;524.15;592.12;520.65
3189;Cachoeirinha;PE;Estadual;43;476.24;499.36;480.42;517.02;630.23;520.65
3190;Petrópolis;RJ;Estadual;361;498.56;509.33;479.01;514.22;602.11;520.65
3191;Guaíba;RS;Estadual;223;498.23;516.08;479.96;510.64;598.3;520.64
3192;Licínio de Almeida;BA;Estadual;24;475.59;508.81;467.28;525.69;625.83;520.64
3193;Rio Grande da Serra;SP;Estadual;64;513.91;517.58;463.42;535.7;572.5;520.62
3194;Andradas;MG;Estadual;34;492.18;523.11;475.35;524.2;588.24;520.61
3195;Capelinha;MG;Estadual;67;501.61;510.42;483.7;518.65;588.66;520.61
3196;Cerro Largo;RS;Estadual;20;485.57;512.42;473.7;525.38;606.0;520.61
3197;Sapucaia;RJ;Estadual;40;498.04;495.73;467.94;504.33;637.0;520.61
3198;São José dos Pinhais;PR;Estadual;627;503.76;517.98;481.31;520.46;579.39;520.58
3199;Campo Mourão;PR;Estadual;215;499.34;506.64;476.38;524.91;595.53;520.56
3200;Ibiracatu;MG;Estadual;2;448.5;460.05;505.9;487.9;700.0;520.47
3201;São Lourenço do Piauí;PI;Estadual;12;442.0;490.01;465.78;501.17;703.33;520.46
3202;Braganey;PR;Estadual;4;482.75;469.62;481.2;568.5;600.0;520.42
3203;Vinhedo;SP;Estadual;80;506.12;502.59;466.42;541.65;585.25;520.41
3204;Cedral;SP;Estadual;13;508.93;502.08;463.92;533.22;593.85;520.4
3205;Caieiras;SP;Estadual;174;501.79;515.79;466.73;516.11;601.61;520.4
3206;Anchieta;SC;Estadual;29;487.3;512.53;486.64;508.59;606.9;520.39
3207;Maringá;PR;Estadual;634;501.11;507.82;482.05;515.13;595.68;520.36
3208;Vargem Grande do Sul;SP;Estadual;50;490.39;512.49;483.41;525.53;590.0;520.36
3209;Santo Antônio do Aracanguá;SP;Estadual;3;471.93;543.9;442.57;543.37;600.0;520.35
3210;Guanhães;MG;Estadual;36;477.16;500.98;472.41;524.43;626.67;520.33
3211;Armazém;SC;Estadual;18;477.61;501.39;481.87;513.96;626.67;520.3
3212;Bias Fortes;MG;Estadual;4;527.1;489.45;488.4;571.15;525.0;520.22
3213;Fernão;SP;Estadual;2;519.1;522.95;508.15;520.8;530.0;520.2
3214;Tuparetama;PE;Estadual;33;486.71;488.81;483.07;521.13;621.21;520.19
3215;Balsa Nova;PR;Estadual;10;492.31;525.77;502.29;508.48;572.0;520.17
3216;Venâncio Aires;RS;Estadual;92;487.38;503.59;467.2;507.35;635.22;520.15
3217;Wenceslau Braz;PR;Estadual;43;508.8;518.64;474.51;514.58;584.19;520.15
3218;Águas Mornas;SC;Estadual;12;489.82;521.46;503.18;529.56;556.67;520.14
3219;Frei Martinho;PB;Estadual;1;517.5;543.7;437.1;402.4;700.0;520.14
3220;Dores de Guanhães;MG;Estadual;8;481.6;489.52;455.84;553.65;620.0;520.12
3221;Constantina;RS;Estadual;15;492.29;519.64;453.6;531.06;604.0;520.12
3222;Itajaí;SC;Estadual;270;497.78;512.14;471.11;518.64;600.89;520.11
3223;Ubarana;SP;Estadual;2;499.35;542.9;484.9;543.3;530.0;520.09
3224;Galvão;SC;Estadual;11;514.13;529.19;504.09;516.65;536.36;520.09
3225;Cafelândia;SP;Estadual;40;509.31;498.08;471.9;512.02;609.0;520.06
3226;Ibicaré;SC;Estadual;1;486.7;429.3;411.9;652.3;620.0;520.04
3227;Chuvisca;RS;Estadual;15;497.13;524.45;499.88;525.39;553.33;520.04
3228;Tumiritinga;MG;Estadual;7;497.81;520.57;491.27;499.07;591.43;520.03
3229;Santo Antônio do Monte;MG;Estadual;23;496.44;503.56;480.65;525.54;593.91;520.02
3230;Presidente Prudente;SP;Estadual;314;499.65;506.58;472.25;522.94;598.6;520.0
3231;Jaguaré;ES;Estadual;64;492.31;490.29;484.91;520.52;611.88;519.98
3232;Cantagalo;MG;Estadual;1;541.8;424.5;474.2;539.4;620.0;519.98
3233;Votorantim;SP;Estadual;120;505.46;515.94;476.36;524.31;577.67;519.95
3234;São Lourenço do Sul;RS;Estadual;108;501.92;516.41;472.91;523.99;584.44;519.94
3235;Ceres;GO;Estadual;86;478.47;497.86;466.75;522.32;634.19;519.92
3236;Dionísio Cerqueira;SC;Estadual;22;496.29;537.19;484.68;504.91;576.36;519.88
3237;Colorado;PR;Estadual;64;481.2;476.13;469.73;511.23;660.94;519.85
3238;Orleans;SC;Estadual;59;482.84;508.3;484.29;514.46;609.15;519.81
3239;São José do Inhacorá;RS;Estadual;10;470.18;494.27;480.66;557.94;596.0;519.81
3240;Missal;PR;Estadual;24;489.12;510.19;481.75;542.93;575.0;519.8
3241;Uibaí;BA;Estadual;11;487.45;518.65;460.57;528.63;603.64;519.79
3242;Itapetim;PE;Estadual;33;486.35;495.64;477.83;500.97;638.18;519.79
3243;Arvorezinha;RS;Estadual;15;477.43;521.59;480.63;499.24;620.0;519.78
3244;Tupanciretã;RS;Privada;3;534.1;512.13;505.43;467.1;580.0;519.75
3245;Goiás;GO;Estadual;66;493.89;517.83;479.87;514.73;592.42;519.75
3246;Alfredo Chaves;ES;Estadual;26;489.75;514.13;486.2;524.67;583.85;519.72
3247;São José do Divino;PI;Estadual;17;497.65;521.25;482.53;499.47;597.65;519.71
3248;Ipira;SC;Estadual;13;463.15;530.1;487.34;511.77;606.15;519.7
3249;Rio Real;BA;Estadual;38;482.57;488.57;464.56;494.34;668.42;519.69
3250;Batayporã;MS;Estadual;12;512.33;514.93;444.42;548.43;578.33;519.69
3251;Balneário Camboriú;SC;Estadual;174;500.17;514.14;473.94;524.82;585.4;519.69
3252;Livramento de Nossa Senhora;BA;Estadual;28;486.84;481.18;484.04;523.3;622.86;519.64
3253;Tambaú;SP;Estadual;13;490.01;503.41;481.23;543.5;580.0;519.63
3254;Piratininga;SP;Estadual;5;511.44;516.56;457.88;508.28;604.0;519.63
3255;Cumaru;PE;Estadual;9;466.03;512.22;492.64;513.83;613.33;519.61
3256;Concórdia;SC;Estadual;129;492.48;506.64;475.38;517.63;605.74;519.57
3257;Cupira;PE;Estadual;44;485.05;491.27;466.2;511.58;643.64;519.55
3258;Dom Aquino;MT;Estadual;19;478.9;521.56;446.36;533.03;617.89;519.55
3259;Mirante do Paranapanema;SP;Estadual;31;485.54;494.04;466.59;550.94;600.65;519.55
3260;Corbélia;PR;Municipal;1;535.9;492.0;509.8;460.0;600.0;519.54
3261;Santana da Boa Vista;RS;Estadual;16;486.04;517.52;489.03;531.38;573.75;519.54
3262;Itaobim;MG;Estadual;24;492.92;500.3;471.04;500.78;632.5;519.51
3263;Montanhas;RN;Estadual;8;482.08;481.5;492.41;508.99;632.5;519.5
3264;Botuporã;BA;Estadual;42;466.47;496.19;473.77;508.68;652.38;519.5
3265;Palhoça;SC;Estadual;294;499.04;516.59;484.17;521.81;575.78;519.48
3266;Estância Velha;RS;Estadual;64;505.71;518.57;475.78;514.08;583.12;519.45
3267;Catas Altas da Noruega;MG;Estadual;7;496.19;541.01;463.23;516.7;580.0;519.43
3268;Itapajé;CE;Privada;3;488.57;498.13;469.83;500.57;640.0;519.42
3269;Carrancas;MG;Estadual;7;477.33;514.21;448.67;551.13;605.71;519.41
3270;Muriaé;MG;Estadual;164;488.14;499.91;468.0;516.08;624.88;519.4
3271;Pariconha;AL;Estadual;12;469.15;494.72;444.61;553.54;635.0;519.4
3272;Piranguinho;MG;Estadual;16;501.4;533.95;468.79;487.83;605.0;519.39
3273;Turvo;SC;Estadual;11;497.92;510.55;490.77;517.62;580.0;519.37
3274;Valente;BA;Estadual;67;481.2;494.77;473.28;510.92;636.42;519.32
3275;Comendador Levy Gasparian;RJ;Estadual;4;502.68;530.45;484.42;458.98;620.0;519.31
3276;Placas;PA;Estadual;4;474.92;533.35;488.28;534.8;565.0;519.27
3277;Conchal;SP;Estadual;23;489.57;506.27;465.16;559.36;575.65;519.2
3278;Nerópolis;GO;Estadual;91;488.04;515.94;463.94;526.76;601.32;519.2
3279;Mata Grande;AL;Estadual;30;485.69;484.95;470.06;504.59;650.67;519.19
3280;Timbiras;MA;Municipal;1;435.4;472.9;467.0;580.6;640.0;519.18
3281;Guapiara;SP;Estadual;11;504.05;515.4;465.28;520.25;590.91;519.18
3282;São Lourenço da Serra;SP;Estadual;21;506.31;532.45;479.23;499.72;578.1;519.16
3283;Guapiaçu;SP;Estadual;18;493.17;508.73;466.63;528.36;598.89;519.16
3284;Ituporanga;SC;Estadual;73;483.08;507.38;480.19;506.23;618.9;519.16
3285;Euclides da Cunha Paulista;SP;Estadual;16;503.97;508.51;456.11;527.12;600.0;519.14
3286;Caseiros;RS;Estadual;2;514.55;529.6;464.9;546.6;540.0;519.13
3287;Bocaiúva;MG;Estadual;69;494.61;511.33;467.14;502.83;619.71;519.13
3288;Pirajuba;MG;Estadual;4;544.0;560.2;489.05;457.32;545.0;519.12
3289;Soledade de Minas;MG;Estadual;4;497.55;516.45;465.72;520.72;595.0;519.09
3290;Laranjal;MG;Estadual;7;516.21;508.33;463.71;512.8;594.29;519.07
3291;Corumbataí;SP;Estadual;3;525.6;554.07;454.73;434.27;626.67;519.07
3292;Patrocínio Paulista;SP;Estadual;9;503.32;500.5;474.34;528.21;588.89;519.05
3293;Coronel Fabriciano;MG;Estadual;126;491.62;505.98;465.36;507.21;625.08;519.05
3294;Espera Feliz;MG;Estadual;31;481.79;518.74;477.13;523.39;594.19;519.05
3295;Jardim de Angicos;RN;Estadual;2;483.55;552.9;477.35;511.2;570.0;519.0
3296;Forquilhinha;SC;Privada;5;509.02;510.62;490.28;517.0;568.0;518.98
3297;Gramado dos Loureiros;RS;Estadual;9;492.8;516.56;487.94;522.0;575.56;518.97
3298;Vermelho Novo;MG;Estadual;13;486.79;489.22;450.77;546.38;621.54;518.94
3299;Piranga;MG;Estadual;41;477.17;493.34;471.33;510.41;642.44;518.94
3300;Marechal Cândido Rondon;PR;Estadual;101;491.48;507.49;477.1;508.45;610.1;518.92
3301;Ipumirim;SC;Estadual;10;478.69;503.8;496.87;473.24;642.0;518.92
3302;São José de Mipibu;RN;Privada;20;483.24;485.32;474.93;499.88;651.0;518.87
3303;Santa Leopoldina;ES;Estadual;30;482.92;510.69;482.14;512.55;606.0;518.86
3304;Japira;PR;Estadual;6;485.32;465.02;466.72;590.58;586.67;518.86
3305;Ivaí;PR;Estadual;50;502.81;518.48;485.64;510.56;576.8;518.86
3306;Juvenília;MG;Estadual;4;474.45;468.45;471.22;520.05;660.0;518.84
3307;Ijuí;RS;Municipal;26;495.7;485.84;481.76;533.2;597.69;518.84
3308;Irati;PR;Estadual;89;489.27;502.28;483.35;509.32;609.89;518.82
3309;Colatina;ES;Estadual;327;492.48;505.58;477.27;516.44;602.2;518.79
3310;Alvinópolis;MG;Estadual;13;492.92;505.42;453.25;537.7;604.62;518.78
3311;Nordestina;BA;Estadual;7;499.17;511.49;482.96;480.16;620.0;518.75
3312;Salto;SP;Estadual;106;507.62;516.25;475.75;517.47;576.6;518.74
3313;Pratinha;MG;Estadual;5;486.96;505.02;480.76;508.94;612.0;518.74
3314;Conceição da Aparecida;MG;Estadual;17;478.94;505.74;483.11;505.73;620.0;518.7
3315;Rosário da Limeira;MG;Estadual;6;490.6;513.83;476.92;472.17;640.0;518.7
3316;Formiga;MG;Estadual;77;489.8;504.62;462.63;523.43;612.99;518.69
3317;Itapetininga;SP;Estadual;188;502.79;512.68;479.49;528.33;570.0;518.66
3318;São João da Mata;MG;Estadual;1;482.4;513.0;492.8;565.1;540.0;518.66
3319;Teodoro Sampaio;SP;Estadual;50;499.23;503.11;467.64;536.08;587.2;518.65
3320;Carmo do Cajuru;MG;Municipal;1;424.8;512.4;492.8;483.2;680.0;518.64
3321;Paraty;RJ;Estadual;38;503.12;520.31;485.31;508.07;576.32;518.63
3322;Murici dos Portelas;PI;Municipal;2;493.25;550.5;491.2;498.2;560.0;518.63
3323;Itapema;SC;Estadual;74;503.07;510.33;480.83;515.71;582.97;518.58
3324;Custódia;PE;Estadual;84;474.98;487.68;478.18;524.19;627.86;518.58
3325;Nova Santa Rosa;PR;Estadual;11;471.65;489.36;467.39;555.41;609.09;518.58
3326;Morro da Fumaça;SC;Estadual;23;487.83;529.8;491.53;536.68;546.96;518.56
3327;Cruz Alta;RS;Estadual;144;495.0;506.37;470.97;509.65;610.69;518.53
3328;Domingos Martins;ES;Municipal;3;465.57;501.3;453.27;479.2;693.33;518.53
3329;Rondolândia;MT;Estadual;7;519.86;473.51;477.06;502.24;620.0;518.53
3330;Bariri;SP;Estadual;33;494.24;491.18;458.26;532.0;616.97;518.53
3331;Pedras Grandes;SC;Estadual;2;455.0;539.5;484.75;523.15;590.0;518.48
3332;Tobias Barreto;SE;Estadual;109;480.6;491.71;472.1;517.78;630.09;518.46
3333;Trindade;PE;Estadual;23;456.31;467.86;451.38;511.42;705.22;518.44
3334;Guaraciaba;MG;Estadual;9;473.6;496.44;491.64;550.48;580.0;518.43
3335;Alto Araguaia;MT;Estadual;17;484.26;485.0;492.26;495.32;635.29;518.43
3336;Ilhabela;SP;Estadual;27;507.32;493.51;483.38;531.55;576.3;518.41
3337;Erval Grande;RS;Estadual;7;478.46;504.66;504.5;527.3;577.14;518.41
3338;Jaguaruana;CE;Estadual;191;487.79;495.22;476.56;502.21;630.16;518.39
3339;Palmitos;SC;Estadual;43;477.22;495.2;474.77;532.68;612.09;518.39
3340;Itumirim;MG;Estadual;14;482.22;484.04;504.84;529.29;591.43;518.37
3341;Carapebus;RJ;Estadual;14;504.61;512.06;488.73;496.36;590.0;518.35
3342;Morrinhos do Sul;RS;Estadual;9;494.29;484.92;514.18;515.98;582.22;518.32
3343;Pombal;PB;Estadual;104;480.31;494.57;463.27;499.24;654.04;518.29
3344;Guarulhos;SP;Estadual;1697;503.65;512.9;471.62;519.34;583.77;518.26
3345;Sertão;RS;Estadual;7;480.33;530.06;469.54;514.11;597.14;518.24
3346;Mata Roma;MA;Estadual;15;490.45;486.93;475.54;499.51;638.67;518.22
3347;São Jorge;RS;Estadual;7;495.06;503.66;479.53;475.67;637.14;518.21
3348;Marcelino Ramos;RS;Estadual;12;510.21;522.88;492.91;486.69;578.33;518.2
3349;Monte Belo;MG;Estadual;15;499.92;499.79;470.8;528.45;592.0;518.19
3350;Rolante;RS;Estadual;15;494.63;501.89;506.22;506.84;581.33;518.18
3351;Alfredo Wagner;SC;Estadual;21;485.11;514.91;476.07;508.06;606.67;518.16
3352;Mandaguari;PR;Estadual;47;486.4;498.74;486.94;517.8;600.85;518.15
3353;Juti;MS;Estadual;3;485.2;502.77;508.27;461.17;633.33;518.15
3354;Porto Xavier;RS;Estadual;17;490.67;491.18;462.56;521.5;624.71;518.12
3355;Três Pontas;MG;Estadual;58;487.88;506.91;468.31;512.33;615.17;518.12
3356;Sombrio;SC;Estadual;57;497.63;513.27;481.29;512.34;585.96;518.1
3357;Simão Dias;SE;Estadual;106;472.26;493.94;474.06;503.04;647.17;518.09
3358;Canguçu;RS;Privada;4;494.4;508.4;447.82;539.67;600.0;518.06
3359;Imbituva;PR;Estadual;38;497.54;512.98;474.76;529.16;575.79;518.05
3360;Biritiba Mirim;SP;Estadual;17;487.4;503.23;456.47;525.35;617.65;518.02
3361;Lapa;PR;Estadual;64;493.81;515.55;488.03;519.81;572.81;518.0
3362;Novo Horizonte;BA;Estadual;15;480.55;507.73;463.38;507.67;630.67;518.0
3363;Cachoeira do Sul;RS;Estadual;122;493.61;517.71;482.61;503.03;592.95;517.98
3364;Sacramento;MG;Estadual;39;474.33;494.89;471.32;518.04;631.28;517.97
3365;Bom Jesus;RS;Estadual;17;476.59;499.46;483.9;515.61;614.12;517.94
3366;Limoeiro;PE;Estadual;257;481.66;493.77;468.58;516.91;628.72;517.93
3367;Monjolos;MG;Estadual;1;501.7;535.1;466.3;406.5;680.0;517.92
3368;Baraúna;RN;Estadual;25;481.58;480.72;463.17;495.68;668.0;517.83
3369;Cruzália;SP;Estadual;2;475.35;466.3;503.3;514.2;630.0;517.83
3370;Dois Vizinhos;PR;Estadual;125;489.56;509.36;478.18;522.28;589.44;517.76
3371;Palestina;SP;Estadual;5;515.8;529.0;488.64;559.38;496.0;517.76
3372;Desterro de Entre Rios;MG;Estadual;10;499.88;517.85;487.35;525.61;558.0;517.74
3373;Campos Novos;SC;Estadual;71;492.27;502.89;487.59;521.88;583.94;517.71
3374;Cajamar;SP;Estadual;146;496.73;511.02;470.49;520.84;589.32;517.68
3375;Campo Bom;RS;Estadual;118;498.02;514.4;473.33;520.74;581.86;517.67
3376;São José dos Cordeiros;PB;Estadual;4;477.92;487.2;463.25;495.0;665.0;517.67
3377;Fátima;BA;Estadual;13;507.85;525.45;477.46;546.54;530.77;517.62
3378;Sud Mennucci;SP;Estadual;13;501.71;503.68;473.95;505.62;603.08;517.61
3379;Santa Mariana;PR;Estadual;14;510.34;512.31;475.19;504.24;585.71;517.56
3380;Rio Negrinho;SC;Municipal;1;526.0;587.9;526.6;447.3;500.0;517.56
3381;Taquaritinga;SP;Estadual;94;506.76;505.4;470.59;523.94;581.06;517.55
3382;Santa Cruz da Conceição;SP;Estadual;3;481.57;514.77;445.37;572.67;573.33;517.54
3383;Dom Cavati;MG;Estadual;9;522.96;503.71;476.5;477.77;606.67;517.52
3384;Birigui;SP;Estadual;147;503.85;509.21;473.74;533.07;567.76;517.52
3385;São José do Rio Claro;MT;Estadual;28;485.06;504.11;483.8;508.79;605.71;517.5
3386;Machacalis;MG;Estadual;8;477.3;503.16;465.01;499.44;642.5;517.48
3387;Santa Luzia;MG;Estadual;248;495.03;508.9;472.71;511.22;599.52;517.47
3388;Morro Agudo;SP;Municipal;46;469.82;488.84;460.62;507.63;660.43;517.47
3389;Ibiaçá;RS;Estadual;8;487.19;485.66;499.14;535.33;580.0;517.46
3390;Capitão Enéas;MG;Estadual;8;464.11;509.5;463.1;523.11;627.5;517.46
3391;Ribas do Rio Pardo;MS;Estadual;18;504.29;512.83;475.4;506.96;587.78;517.45
3392;Maricá;RJ;Municipal;1;520.0;538.3;449.0;439.9;640.0;517.44
3393;São Domingos;SC;Estadual;11;437.21;509.6;464.69;548.25;627.27;517.41
3394;Coari;AM;Federal;61;492.0;497.06;470.78;479.95;647.21;517.4
3395;Sebastião Laranjeiras;BA;Estadual;11;472.11;487.57;451.66;464.69;710.91;517.39
3396;Piedade dos Gerais;MG;Estadual;8;476.3;531.7;487.56;513.81;577.5;517.38
3397;Itaocara;RJ;Estadual;68;487.22;490.21;472.31;500.41;636.76;517.38
3398;Óbidos;PA;Federal;55;478.05;500.98;479.0;492.12;636.73;517.37
3399;São Luis do Piauí;PI;Estadual;3;478.2;525.43;461.03;468.83;653.33;517.37
3400;Unaí;MG;Estadual;149;491.85;503.26;470.03;502.57;619.06;517.36
3401;Icém;SP;Estadual;2;504.1;513.5;433.8;515.4;620.0;517.36
3402;Nova Granada;SP;Estadual;11;510.47;501.09;460.29;509.46;605.45;517.35
3403;Itapecerica;MG;Estadual;32;486.77;490.66;465.92;522.73;620.62;517.34
3404;Arcoverde;PE;Estadual;175;496.01;500.83;470.45;510.66;608.69;517.33
3405;Caraá;RS;Estadual;10;493.42;512.81;468.39;540.01;572.0;517.33
3406;Três de Maio;RS;Estadual;46;489.36;505.14;480.38;529.95;581.74;517.31
3407;Japorã;MS;Estadual;2;462.8;468.15;497.95;587.45;570.0;517.27
3408;Paraibuna;SP;Estadual;18;492.16;480.05;482.08;570.78;561.11;517.24
3409;Nova Timboteua;PA;Estadual;34;457.39;496.76;459.56;484.14;688.24;517.22
3410;Guiricema;MG;Estadual;9;474.57;498.56;456.5;483.04;673.33;517.2
3411;Linhares;ES;Estadual;374;485.42;496.32;468.78;510.06;625.4;517.2
3412;São Francisco do Pará;PA;Estadual;13;471.4;508.44;463.28;524.36;618.46;517.19
3413;Astolfo Dutra;MG;Estadual;10;491.12;497.4;484.44;522.92;590.0;517.18
3414;Reserva do Iguaçu;PR;Estadual;19;510.77;514.21;480.83;509.55;570.53;517.18
3415;São Cristóvão do Sul;SC;Estadual;4;505.48;555.22;412.5;507.65;605.0;517.17
3416;Humaitá;AM;Federal;34;486.09;488.96;473.18;504.05;633.53;517.16
3417;Entre-Ijuís;RS;Estadual;9;482.62;497.29;485.41;500.33;620.0;517.13
3418;Silva Jardim;RJ;Estadual;13;473.62;493.88;486.55;516.18;615.38;517.12
3419;Arapiraca;AL;Estadual;409;483.8;501.33;467.86;510.06;622.54;517.12
3420;Marmeleiro;PR;Estadual;22;497.34;510.74;478.92;510.35;588.18;517.11
3421;Dores de Campos;MG;Estadual;17;505.39;482.04;457.94;496.54;643.53;517.09
3422;Adustina;BA;Estadual;16;453.17;508.57;483.47;490.2;650.0;517.08
3423;Imbituba;SC;Estadual;89;493.19;510.71;485.93;512.66;582.92;517.08
3424;Varginha;MG;Estadual;156;501.87;506.09;470.37;512.83;594.23;517.08
3425;Porto União;SC;Estadual;77;484.31;510.12;476.36;506.55;608.05;517.08
3426;Nova Erechim;SC;Estadual;21;448.14;505.95;482.46;539.2;609.52;517.05
3427;Fronteira dos Vales;MG;Estadual;6;528.48;496.3;493.82;486.65;580.0;517.05
3428;São Domingos das Dores;MG;Estadual;14;488.21;503.69;471.51;524.62;597.14;517.04
3429;Itambé;PE;Estadual;126;477.65;487.78;469.0;514.9;635.71;517.01
3430;Santa Terezinha;PE;Estadual;44;483.49;489.83;461.64;511.8;638.18;516.99
3431;Monte Belo do Sul;RS;Estadual;10;463.98;465.42;445.52;517.93;692.0;516.97
3432;Sananduva;RS;Estadual;47;490.44;510.36;471.66;506.43;605.96;516.97
3433;Vassouras;RJ;Estadual;63;488.7;499.63;472.22;511.57;612.7;516.96
3434;Maximiliano de Almeida;RS;Estadual;11;473.41;501.66;481.31;490.19;638.18;516.95
3435;Alagoa Grande;PB;Estadual;25;481.95;502.51;467.98;490.66;641.6;516.94
3436;Várzea Paulista;SP;Estadual;73;499.56;512.63;478.09;511.37;583.01;516.93
3437;Arataca;BA;Estadual;8;479.78;505.36;490.81;528.5;580.0;516.89
3438;Carmópolis de Minas;MG;Estadual;38;484.41;504.04;474.29;514.28;607.37;516.88
3439;Cascavel;PR;Estadual;499;495.71;507.38;479.34;518.98;582.89;516.86
3440;Alfenas;MG;Estadual;94;484.04;499.68;462.8;530.96;606.81;516.86
3441;Três Arroios;RS;Estadual;8;468.01;496.71;494.41;560.0;565.0;516.83
3442;São Miguel das Missões;RS;Estadual;14;501.88;493.42;495.48;533.22;560.0;516.8
3443;Umarizal;RN;Estadual;35;483.77;486.74;482.7;500.51;630.29;516.8
3444;Ibirama;SC;Privada;2;476.7;506.8;503.15;607.25;490.0;516.78
3445;Olindina;BA;Estadual;29;470.86;497.69;467.08;502.06;646.21;516.78
3446;Nova Ipixuna;PA;Municipal;2;523.0;511.9;560.2;508.7;480.0;516.76
3447;Brotas;SP;Estadual;25;492.97;498.08;474.41;524.32;593.6;516.68
3448;Guanambi;BA;Estadual;265;475.96;496.53;475.65;513.61;621.51;516.65
3449;Pinheiros;ES;Estadual;40;492.1;508.54;456.96;515.15;610.5;516.65
3450;Pinheiro Preto;SC;Estadual;3;512.9;528.93;433.43;514.17;593.33;516.55
3451;Monte Alegre do Sul;SP;Estadual;34;496.0;510.43;463.29;491.77;621.18;516.53
3452;São Martinho;RS;Estadual;5;485.38;482.84;458.1;516.26;640.0;516.52
3453;Capela de Santana;RS;Estadual;4;506.18;487.9;474.3;474.1;640.0;516.5
3454;Piraí;RJ;Estadual;13;493.75;491.98;439.72;526.16;630.77;516.48
3455;Três Corações;MG;Estadual;64;499.22;506.95;465.03;521.07;590.0;516.45
3456;Formoso do Araguaia;TO;Privada;27;488.8;470.15;473.01;511.01;639.26;516.45
3457;Chalé;MG;Estadual;5;476.8;509.7;479.82;539.94;576.0;516.45
3458;Santa Maria da Boa Vista;PE;Federal;22;481.02;469.2;490.27;529.87;611.82;516.44
3459;Vitor Meireles;SC;Estadual;4;459.3;508.62;495.45;473.83;645.0;516.44
3460;Sucupira;TO;Estadual;2;508.05;540.3;475.55;488.3;570.0;516.44
3461;Campo Grande do Piauí;PI;Estadual;4;421.48;476.82;441.88;491.7;750.0;516.38
3462;Recife;PE;Estadual;3725;491.61;497.42;470.59;515.59;606.64;516.37
3463;Serrinha;BA;Municipal;3;482.57;496.1;475.63;553.97;573.33;516.32
3464;Rio Novo do Sul;ES;Estadual;52;477.74;495.79;479.33;509.05;619.62;516.31
3465;Capinzal;SC;Estadual;71;490.11;511.76;475.47;497.14;607.04;516.31
3466;Mamonas;MG;Estadual;8;460.7;511.76;439.39;542.11;627.5;516.29
3467;Dores do Indaiá;MG;Estadual;16;481.69;493.51;454.72;526.46;625.0;516.28
3468;Campos dos Goytacazes;RJ;Estadual;544;492.05;505.79;470.44;508.21;604.89;516.28
3469;Itaara;RS;Estadual;10;483.12;505.16;454.48;504.49;634.0;516.25
3470;Tavares;PB;Estadual;21;476.93;508.53;467.14;525.72;602.86;516.24
3471;Nova Soure;BA;Privada;6;472.25;506.82;449.82;552.2;600.0;516.22
3472;Minas Novas;MG;Estadual;42;488.27;497.49;481.67;528.4;585.24;516.21
3473;Cianorte;PR;Estadual;151;493.2;511.07;473.46;509.23;593.91;516.17
3474;Pé de Serra;BA;Estadual;27;476.41;507.8;479.8;500.22;616.3;516.11
3475;Progresso;RS;Estadual;7;479.37;470.73;464.27;526.17;640.0;516.11
3476;São Vicente;SP;Municipal;4;495.28;535.42;456.88;507.82;585.0;516.08
3477;Goiânia;GO;Estadual;3027;489.11;502.48;468.42;508.34;611.91;516.05
3478;Machado;MG;Estadual;44;492.99;512.11;464.79;514.43;595.91;516.04
3479;Itapuca;RS;Estadual;1;440.9;411.9;462.8;604.6;660.0;516.04
3480;São Caitano;PE;Estadual;75;472.94;478.38;473.18;515.92;639.73;516.03
3481;Campo Verde;MT;Federal;53;484.78;512.3;489.51;523.76;569.81;516.03
3482;Ponte Nova;MG;Estadual;55;487.72;514.49;467.87;502.75;607.27;516.02
3483;Itapororoca;PB;Privada;7;479.41;467.64;485.54;547.39;600.0;516.0
3484;Borrazópolis;PR;Estadual;25;500.2;502.76;480.2;531.99;564.8;515.99
3485;Conceição das Alagoas;MG;Privada;8;469.32;489.19;499.48;516.69;605.0;515.93
3486;Ilópolis;RS;Estadual;5;496.5;501.72;490.72;582.68;508.0;515.92
3487;Cabo de Santo Agostinho;PE;Estadual;418;488.79;492.14;470.14;516.26;612.2;515.91
3488;Dores do Turvo;MG;Estadual;13;482.82;503.65;484.5;531.63;576.92;515.91
3489;Sorocaba;SP;Municipal;1;488.4;451.4;450.5;569.2;620.0;515.9
3490;Uberaba;MG;Estadual;385;495.39;505.43;470.13;510.8;597.77;515.9
3491;Brasília;DF;Estadual;7764;499.12;507.54;473.37;509.0;590.42;515.89
3492;Sousa;PB;Estadual;210;473.43;487.24;461.8;508.93;648.0;515.88
3493;Areiópolis;SP;Estadual;7;475.89;519.29;455.87;488.34;640.0;515.88
3494;Imbé;RS;Estadual;34;495.05;517.42;476.8;510.03;580.0;515.86
3495;Campo Largo;PR;Estadual;208;489.0;508.61;475.85;515.23;590.58;515.85
3496;Cruzeta;RN;Estadual;15;490.15;510.87;466.89;484.61;626.67;515.84
3497;Jaguarão;RS;Estadual;35;502.08;512.08;475.37;518.75;570.86;515.83
3498;Iperó;SP;Estadual;25;491.43;497.22;467.78;526.59;596.0;515.8
3499;Tapurah;MT;Privada;10;459.96;460.78;497.59;504.5;656.0;515.77
3500;Abdon Batista;SC;Estadual;8;503.9;493.84;468.39;545.06;567.5;515.74
3501;Nova Aurora;PR;Estadual;36;488.78;502.04;483.68;521.94;582.22;515.73
3502;Lajinha;MG;Estadual;26;481.21;518.06;472.0;532.71;574.62;515.72
3503;Guiratinga;MT;Estadual;20;482.75;479.67;462.52;517.62;636.0;515.71
3504;São Paulo;SP;Municipal;187;501.03;513.37;464.77;513.46;585.88;515.7
3505;Marataízes;ES;Estadual;171;487.31;497.36;461.97;510.97;620.82;515.69
3506;Itaberaí;GO;Estadual;123;484.78;499.06;469.74;516.05;608.78;515.68
3507;Itupeva;SP;Estadual;44;499.32;517.83;480.22;532.31;548.64;515.66
3508;Maricá;RJ;Estadual;243;488.21;507.24;468.39;509.21;605.27;515.66
3509;Viçosa;MG;Estadual;164;486.61;503.6;474.56;518.65;594.88;515.66
3510;Condeúba;BA;Estadual;17;472.83;512.96;485.24;518.99;588.24;515.65
3511;Barueri;SP;Estadual;255;501.82;515.15;466.54;523.62;570.98;515.62
3512;Otacílio Costa;SC;Estadual;21;473.09;505.9;491.5;537.09;570.48;515.61
3513;Ninheira;MG;Estadual;8;486.3;479.88;478.34;500.92;632.5;515.59
3514;Ibirité;MG;Estadual;148;494.75;513.2;470.8;519.41;579.73;515.58
3515;Sapezal;MT;Estadual;39;489.51;503.45;462.77;515.43;606.67;515.56
3516;Faxinal;PR;Estadual;32;486.19;511.2;482.52;516.62;581.25;515.56
3517;Itaiçaba;CE;Estadual;57;489.15;481.94;473.38;500.67;632.63;515.55
3518;Doutor Maurício Cardoso;RS;Estadual;19;480.33;497.72;498.3;507.66;593.68;515.54
3519;Nova Castilho;SP;Estadual;3;508.8;494.33;464.87;562.97;546.67;515.53
3520;Piracuruca;PI;Estadual;88;480.57;496.0;472.07;500.54;628.41;515.52
3521;São Domingos;GO;Estadual;18;479.49;498.39;474.05;492.27;633.33;515.51
3522;Sidrolândia;MS;Estadual;62;480.4;514.67;477.52;501.02;603.87;515.5
3523;Malacacheta;MG;Estadual;28;500.99;492.32;475.85;515.31;592.86;515.46
3524;Iraquara;BA;Privada;11;446.73;480.5;462.06;518.85;669.09;515.45
3525;Modelo;SC;Estadual;5;505.38;513.16;503.26;559.4;496.0;515.44
3526;Camboriú;SC;Estadual;89;493.02;515.6;466.88;516.47;585.17;515.43
3527;Júlio de Castilhos;RS;Estadual;33;486.05;505.97;487.36;511.1;586.67;515.43
3528;Natividade da Serra;SP;Estadual;6;482.85;503.92;485.4;485.0;620.0;515.43
3529;São Fidélis;RJ;Estadual;50;486.37;500.83;461.29;512.16;616.4;515.41
3530;Cidade Ocidental;GO;Privada;5;478.84;485.06;460.98;540.1;612.0;515.4
3531;Santa Rosa;RS;Estadual;132;487.76;510.01;473.03;505.05;601.06;515.38
3532;Anhumas;SP;Estadual;2;482.9;508.5;445.2;550.15;590.0;515.35
3533;Ribeirão do Pinhal;PR;Estadual;29;503.04;510.38;460.51;497.27;605.52;515.34
3534;Sericita;MG;Estadual;16;476.85;493.9;479.7;487.52;638.75;515.34
3535;Itororó;BA;Municipal;2;461.2;555.3;459.85;500.3;600.0;515.33
3536;Matos Costa;SC;Estadual;7;488.27;532.79;467.17;499.77;588.57;515.31
3537;Ilicínea;MG;Estadual;34;479.74;483.37;465.12;518.82;629.41;515.29
3538;Guaratuba;PR;Estadual;58;497.24;513.32;465.28;513.54;586.9;515.26
3539;Balneário Gaivota;SC;Estadual;9;482.68;511.11;485.38;537.08;560.0;515.25
3540;Goianésia;GO;Estadual;239;484.07;495.15;468.92;513.4;614.48;515.2
3541;Petrolina de Goiás;GO;Privada;8;474.62;496.86;481.06;503.45;620.0;515.2
3542;Capitão;RS;Estadual;2;501.85;483.4;469.9;580.85;540.0;515.2
3543;Angico;TO;Estadual;5;462.54;517.3;442.44;485.64;668.0;515.18
3544;São Gonçalo do Rio Preto;MG;Estadual;4;499.48;466.42;483.32;521.55;605.0;515.16
3545;Conceição do Castelo;ES;Estadual;40;481.08;495.74;480.5;523.0;595.5;515.16
3546;Santa Mariana;PR;Privada;14;486.28;487.21;473.91;504.08;624.29;515.15
3547;Monte Azul Paulista;SP;Estadual;8;494.28;507.95;441.32;552.17;580.0;515.14
3548;Chuí;RS;Estadual;11;528.04;455.73;438.94;523.92;629.09;515.14
3549;Foz do Iguaçu;PR;Estadual;519;499.64;514.47;477.59;517.44;566.55;515.14
3550;Barreira;CE;Privada;2;525.0;557.7;479.4;553.6;460.0;515.14
3551;Pelotas;RS;Municipal;71;496.07;515.26;475.39;503.96;584.79;515.1
3552;Boqueirão do Leão;RS;Estadual;12;496.92;498.84;480.46;512.42;586.67;515.06
3553;Jandira;SP;Estadual;193;500.53;509.8;467.14;516.51;581.14;515.02
3554;Criciúma;SC;Estadual;293;497.55;501.76;484.02;516.21;575.56;515.02
3555;Castro;PR;Estadual;144;500.18;516.56;476.25;521.78;560.28;515.01
3556;Não-Me-Toque;RS;Estadual;19;499.57;517.14;489.81;492.7;575.79;515.0
3557;Siqueira Campos;PR;Estadual;38;510.26;510.42;469.2;531.91;553.16;514.99
3558;Barra de São Francisco;ES;Estadual;90;489.8;508.23;473.91;523.57;579.33;514.97
3559;Araçuaí;MG;Privada;7;486.27;525.01;454.13;477.87;631.43;514.94
3560;Cristal;RS;Estadual;14;499.54;512.11;492.43;462.0;608.57;514.93
3561;Triunfo;PB;Estadual;7;489.54;468.46;458.5;538.13;620.0;514.93
3562;Vespasiano;MG;Estadual;141;496.8;503.33;466.19;517.43;590.92;514.93
3563;Nova Venécia;ES;Estadual;121;489.69;488.23;481.56;517.91;597.19;514.92
3564;Pinhal;RS;Estadual;5;473.32;500.54;432.48;516.22;652.0;514.91
3565;Duartina;SP;Estadual;3;535.23;422.2;498.23;512.17;606.67;514.9
3566;Guarantã do Norte;MT;Estadual;27;481.15;493.71;468.07;522.64;608.89;514.89
3567;Água Boa;MG;Estadual;9;481.52;493.34;473.51;494.91;631.11;514.88
3568;Pindoba;AL;Estadual;3;489.3;502.1;450.03;432.97;700.0;514.88
3569;Pinheiro;MA;Federal;89;471.13;499.93;457.84;510.22;635.28;514.88
3570;Itanhangá;MT;Estadual;14;476.43;502.62;485.66;521.07;588.57;514.87
3571;Damianópolis;GO;Estadual;6;500.18;484.07;459.57;513.8;616.67;514.86
3572;Morada Nova;CE;Estadual;258;482.2;491.13;466.28;506.1;628.53;514.85
3573;Picuí;PB;Estadual;48;481.26;492.92;477.24;501.51;621.25;514.84
3574;Navegantes;SC;Estadual;139;491.95;508.22;468.64;509.86;595.4;514.81
3575;Juazeirinho;PB;Estadual;23;476.73;485.06;475.25;508.33;628.7;514.81
3576;Guaraíta;GO;Estadual;3;481.67;481.67;439.4;511.13;660.0;514.77
3577;Campos de Júlio;MT;Estadual;15;490.69;510.77;480.31;509.31;582.67;514.75
3578;Ribeirão das Neves;MG;Estadual;253;492.43;509.87;465.69;512.37;593.36;514.74
3579;Potengi;CE;Estadual;44;475.66;473.37;468.15;482.86;673.64;514.74
3580;São Lourenço da Mata;PE;Privada;31;486.7;500.24;489.35;508.98;588.39;514.73
3581;Santa Terezinha de Itaipu;PR;Estadual;67;492.17;502.02;486.72;519.56;573.13;514.72
3582;Francisco Santos;PI;Estadual;24;457.12;481.89;465.03;494.52;675.0;514.71
3583;Faxinal dos Guedes;SC;Estadual;32;485.8;502.83;490.88;505.26;588.75;514.7
3584;Pirapozinho;SP;Estadual;33;503.28;510.23;459.44;492.61;607.88;514.69
3585;Lagoa Grande;MG;Estadual;7;499.77;500.61;497.93;500.77;574.29;514.67
3586;Reduto;MG;Estadual;6;524.63;512.35;410.72;485.63;640.0;514.67
3587;Correntes;PE;Estadual;38;473.19;492.98;478.22;486.2;642.63;514.64
3588;Veranópolis;RS;Estadual;26;499.12;509.16;467.04;527.78;570.0;514.62
3589;Fortaleza dos Valos;RS;Estadual;7;480.74;477.23;494.3;523.66;597.14;514.61
3590;Carmo da Cachoeira;MG;Estadual;16;485.69;513.08;458.68;526.73;588.75;514.59
3591;Santa Rita d'Oeste;SP;Estadual;13;504.48;507.81;444.24;523.84;592.31;514.54
3592;Conceição do Rio Verde;MG;Estadual;19;491.46;485.58;444.92;530.77;620.0;514.54
3593;São Simão;GO;Municipal;20;485.64;496.29;476.16;516.51;598.0;514.52
3594;Buíque;PE;Estadual;79;484.49;494.05;468.64;531.18;594.18;514.51
3595;Brumadinho;MG;Estadual;35;502.25;498.43;463.8;518.95;589.14;514.51
3596;Ariranha;SP;Estadual;23;515.11;504.54;469.45;516.37;566.96;514.49
3597;São João;PR;Estadual;40;479.56;514.57;469.88;526.3;582.0;514.46
3598;Trairão;PA;Municipal;10;473.71;485.66;492.75;498.17;622.0;514.46
3599;Mirassol;SP;Estadual;80;497.47;512.25;469.83;523.96;568.75;514.45
3600;Cachoeira Paulista;SP;Estadual;51;487.72;504.92;480.06;510.94;588.63;514.45
3601;São Fernando;RN;Estadual;3;464.17;506.63;519.87;568.23;513.33;514.45
3602;Paranacity;PR;Estadual;27;479.0;517.1;471.5;500.96;603.7;514.45
3603;Barretos;SP;Estadual;122;495.68;501.57;483.23;520.08;571.64;514.44
3604;Mirante da Serra;RO;Estadual;23;476.37;504.38;478.63;493.61;619.13;514.43
3605;São Miguel do Oeste;SC;Estadual;70;483.86;501.62;491.39;510.45;584.86;514.43
3606;Dom Pedrito;RS;Estadual;43;497.54;500.16;462.37;505.71;606.05;514.37
3607;Santarém;PA;Estadual;704;471.53;492.62;470.04;493.91;643.78;514.37
3608;Charqueada;SP;Estadual;6;527.9;548.07;466.48;506.0;523.33;514.36
3609;Pinhais;PR;Estadual;211;504.72;512.82;472.34;505.81;576.11;514.36
3610;Água Doce;SC;Estadual;22;459.52;512.85;484.97;527.02;587.27;514.33
3611;São Bento do Sul;SC;Estadual;170;487.83;514.44;486.37;514.19;568.82;514.33
3612;Goianésia do Pará;PA;Municipal;1;476.8;571.1;439.1;484.6;600.0;514.32
3613;Andradina;SP;Estadual;66;490.07;510.43;476.18;518.83;576.06;514.32
3614;Alvorada;RS;Estadual;244;495.82;509.24;470.69;502.34;593.44;514.31
3615;Ascurra;SC;Estadual;12;480.08;496.23;485.98;524.1;585.0;514.28
3616;Clementina;SP;Estadual;4;510.5;522.78;465.2;482.88;590.0;514.27
3617;Barra D'Alcântara;PI;Estadual;12;458.01;480.48;428.15;454.64;750.0;514.26
3618;Pedro Leopoldo;MG;Estadual;72;489.69;509.34;468.96;511.62;591.67;514.25
3619;Sarzedo;MG;Estadual;31;491.22;509.39;468.38;531.95;570.32;514.25
3620;Capela do Alto Alegre;BA;Estadual;23;475.0;501.43;476.8;493.52;624.35;514.22
3621;Penedo;AL;Privada;55;474.78;482.88;466.99;499.48;646.91;514.21
3622;Ipupiara;BA;Estadual;18;490.22;501.52;469.11;498.88;611.11;514.17
3623;Mauá;SP;Estadual;325;505.02;503.32;464.6;521.56;576.12;514.12
3624;Carapicuíba;SP;Estadual;536;504.0;513.02;466.93;515.03;571.57;514.11
3625;Pedra Azul;MG;Estadual;23;488.37;499.98;465.7;512.92;603.48;514.09
3626;Tijucas do Sul;PR;Estadual;27;505.7;498.23;478.5;509.53;578.52;514.09
3627;São Sebastião do Alto;RJ;Estadual;11;471.32;501.32;480.15;475.79;641.82;514.08
3628;Taperoá;PB;Estadual;32;486.21;506.97;467.51;473.42;636.25;514.07
3629;Campo Maior;PI;Federal;63;466.19;495.48;471.69;494.07;642.86;514.06
3630;Coronel Macedo;SP;Estadual;2;515.25;491.1;486.4;517.55;560.0;514.06
3631;Trindade do Sul;RS;Estadual;12;484.88;515.69;463.68;512.68;593.33;514.05
3632;Santana do Paraíso;MG;Estadual;29;484.17;483.42;472.25;527.58;602.76;514.04
3633;Ibaté;SP;Estadual;58;496.21;508.78;470.97;504.52;589.66;514.03
3634;Taboleiro Grande;RN;Estadual;4;497.6;480.52;489.35;512.67;590.0;514.03
3635;Santa Vitória do Palmar;RS;Estadual;61;489.16;487.12;464.1;521.51;608.2;514.02
3636;Sobrado;PB;Estadual;20;462.21;499.43;471.34;508.06;629.0;514.01
3637;Virgem da Lapa;MG;Estadual;12;479.43;512.59;470.59;520.78;586.67;514.01
3638;Butiá;RS;Estadual;31;507.15;504.52;469.51;506.18;582.58;513.99
3639;Campinas do Sul;RS;Estadual;3;452.57;525.27;416.17;562.63;613.33;513.99
3640;Maripá;PR;Estadual;20;483.58;520.25;475.7;524.34;566.0;513.98
3641;Araguari;MG;Estadual;176;488.21;505.37;470.29;512.93;593.07;513.98
3642;Caridade;CE;Estadual;184;484.19;484.02;460.27;516.41;625.0;513.98
3643;Paim Filho;RS;Estadual;3;483.77;472.37;519.3;481.07;613.33;513.97
3644;Tabocas do Brejo Velho;BA;Estadual;14;455.82;478.7;467.85;515.96;651.43;513.95
3645;Assunção;PB;Estadual;3;510.03;534.73;430.6;454.4;640.0;513.95
3646;Londrina;PR;Municipal;4;546.38;549.35;467.08;441.85;565.0;513.93
3647;Itaquiraí;MS;Estadual;17;475.39;502.31;485.72;528.48;577.65;513.91
3648;Candelária;RS;Estadual;19;478.27;505.19;488.37;534.51;563.16;513.9
3649;Mococa;SP;Municipal;4;467.68;482.6;458.8;495.45;665.0;513.9
3650;Rio Verde;GO;Municipal;1;488.7;397.2;543.0;500.3;640.0;513.84
3651;Aracruz;ES;Estadual;185;484.38;495.21;471.05;505.28;613.3;513.84
3652;Votuporanga;SP;Estadual;98;495.51;501.45;473.37;517.9;580.82;513.81
3653;Palmeira d'Oeste;SP;Estadual;13;494.42;494.35;472.4;520.18;587.69;513.81
3654;Crissiumal;RS;Estadual;24;481.8;506.63;459.52;501.95;619.17;513.81
3655;Divinópolis do Tocantins;TO;Estadual;12;499.78;525.49;469.41;499.32;575.0;513.8
3656;Bauru;SP;Municipal;1;526.1;386.8;452.9;542.9;660.0;513.74
3657;Barreiros;PE;Federal;49;485.07;491.16;472.84;506.66;612.65;513.68
3658;São Gotardo;MG;Estadual;69;484.09;489.38;473.47;525.41;595.94;513.66
3659;Alegrete;RS;Estadual;120;494.78;507.94;471.4;505.71;588.33;513.63
3660;Guanambi;BA;Municipal;1;521.7;511.3;546.3;448.8;540.0;513.62
3661;Aracaju;SE;Estadual;1049;479.93;494.92;465.17;504.67;623.36;513.61
3662;Itaituba;PA;Federal;31;475.26;485.49;463.28;522.67;621.29;513.6
3663;Rio Negrinho;SC;Estadual;56;482.59;511.28;483.7;496.81;593.57;513.59
3664;São Mateus;ES;Estadual;315;486.2;500.68;468.43;509.6;602.98;513.58
3665;Apiúna;SC;Estadual;10;476.06;507.3;480.64;495.81;608.0;513.56
3666;Várzea do Poço;BA;Estadual;18;507.39;496.1;456.85;481.88;625.56;513.56
3667;Siderópolis;SC;Privada;3;468.83;519.7;524.87;534.3;520.0;513.54
3668;Doutor Camargo;PR;Estadual;12;492.43;521.54;469.1;507.91;576.67;513.53
3669;Água Branca;PB;Estadual;8;455.66;468.08;449.99;493.86;700.0;513.52
3670;Itápolis;SP;Estadual;49;491.42;513.05;469.37;513.74;580.0;513.52
3671;Rio de Janeiro;RJ;Estadual;6191;496.18;506.53;467.96;510.69;586.01;513.47
3672;Cerqueira César;SP;Estadual;8;501.25;513.61;492.26;542.7;517.5;513.46
3673;Mariana;MG;Estadual;80;479.71;495.05;469.04;499.09;624.25;513.43
3674;Quedas do Iguaçu;PR;Estadual;36;487.74;501.87;479.54;534.69;563.33;513.43
3675;Maracás;BA;Estadual;30;498.24;476.85;477.14;484.17;630.67;513.41
3676;Iguaí;BA;Privada;8;512.88;510.84;484.64;496.11;562.5;513.39
3677;Rondon do Pará;PA;Estadual;71;473.27;487.47;458.68;513.59;633.8;513.36
3678;Israelândia;GO;Estadual;5;485.44;470.38;468.28;538.72;604.0;513.36
3679;Boa Esperança;MG;Estadual;51;489.95;512.43;455.75;528.09;580.39;513.32
3680;Ijaci;MG;Estadual;9;480.97;502.99;477.36;498.59;606.67;513.31
3681;São Gabriel da Palha;ES;Estadual;96;479.35;505.03;464.43;511.42;606.25;513.3
3682;Ecoporanga;ES;Estadual;70;490.74;506.4;461.96;502.69;604.57;513.27
3683;Itapiranga;SC;Estadual;28;464.75;504.26;492.77;535.2;569.29;513.25
3684;Coité do Nóia;AL;Estadual;13;454.51;504.38;504.43;496.73;606.15;513.24
3685;Cotriguaçu;MT;Estadual;10;487.32;495.5;455.97;517.37;610.0;513.23
3686;Itapecerica da Serra;SP;Estadual;223;506.38;512.96;465.12;515.15;566.55;513.23
3687;Fortaleza de Minas;MG;Estadual;7;468.49;492.2;478.09;535.89;591.43;513.22
3688;Vista Alegre do Alto;SP;Estadual;6;511.25;504.68;479.1;541.02;530.0;513.21
3689;Cruzeiro do Sul;AC;Municipal;1;516.5;556.6;484.3;468.6;540.0;513.2
3690;Teixeira de Freitas;BA;Estadual;235;483.99;500.99;466.77;512.6;601.62;513.19
3691;Tapira;MG;Estadual;3;491.33;492.5;513.23;535.53;533.33;513.19
3692;Lages;SC;Estadual;150;489.43;510.39;476.3;509.48;580.27;513.17
3693;Quirinópolis;GO;Estadual;126;490.3;493.0;465.28;506.59;610.63;513.16
3694;Ji-Paraná;RO;Estadual;240;478.47;491.27;476.33;508.35;611.25;513.14
3695;Fazenda Rio Grande;PR;Estadual;192;494.88;515.75;469.03;507.97;578.02;513.13
3696;Guarapuava;PR;Estadual;396;494.92;510.95;480.82;504.29;574.6;513.11
3697;Cardoso Moreira;RJ;Estadual;18;483.4;497.71;470.09;510.94;603.33;513.1
3698;Maracaçumé;MA;Privada;2;461.85;442.5;425.5;535.6;700.0;513.09
3699;Santa Rita do Sapucaí;MG;Estadual;36;496.9;498.97;463.05;502.02;604.44;513.08
3700;Canoinhas;SC;Estadual;160;473.21;507.46;478.56;515.1;590.88;513.04
3701;Guaramirim;SC;Estadual;42;482.4;496.93;489.22;531.24;565.24;513.01
3702;Riachinho;TO;Estadual;3;500.03;467.57;425.17;485.4;686.67;512.97
3703;Porto Belo;SC;Estadual;10;507.42;540.99;484.67;483.61;548.0;512.94
3704;Candiba;BA;Estadual;23;439.77;476.53;458.87;478.98;710.43;512.92
3705;Matozinhos;MG;Estadual;64;492.68;508.5;462.32;510.11;590.94;512.91
3706;Laranjal;PR;Estadual;7;464.84;494.14;462.09;500.63;642.86;512.91
3707;Maracaí;SP;Municipal;2;499.7;513.55;486.15;535.1;530.0;512.9
3708;Santa Fé;PR;Estadual;10;469.2;489.19;468.43;525.58;612.0;512.88
3709;São Bento do Una;PE;Estadual;107;490.04;477.71;471.59;519.28;605.79;512.88
3710;Vitória da Conquista;BA;Estadual;788;485.96;498.33;466.8;508.27;604.97;512.86
3711;Matelândia;PR;Estadual;38;484.91;502.42;483.28;512.51;581.05;512.83
3712;Divinolândia;SP;Estadual;21;465.09;507.93;470.9;514.47;605.71;512.82
3713;Novo Horizonte do Oeste;RO;Estadual;17;470.0;529.88;486.08;528.68;549.41;512.81
3714;Trajano de Moraes;RJ;Estadual;30;471.42;498.63;462.9;509.73;621.33;512.8
3715;Alcantil;PB;Estadual;11;482.37;485.94;469.51;513.34;612.73;512.78
3716;Campo Grande;MS;Estadual;1829;489.61;499.89;468.28;509.43;596.61;512.77
3717;Jacobina do Piauí;PI;Municipal;5;462.2;420.78;428.96;475.9;776.0;512.77
3718;Lajedo;PE;Estadual;148;476.8;496.14;466.53;521.01;603.38;512.77
3719;Xanxerê;SC;Estadual;77;487.16;505.42;487.88;503.41;580.0;512.77
3720;Lagoa Bonita do Sul;RS;Estadual;7;478.33;494.36;499.21;506.17;585.71;512.76
3721;Coremas;PB;Estadual;50;449.48;491.98;457.26;496.8;668.0;512.7
3722;Itabaiana;SE;Estadual;180;472.93;494.19;462.31;504.09;630.0;512.7
3723;Luís Antônio;SP;Privada;5;522.02;473.22;497.4;554.84;516.0;512.7
3724;Anadia;AL;Estadual;21;463.12;470.11;451.28;496.04;682.86;512.68
3725;Rio Pardo;RS;Estadual;51;481.68;497.09;469.53;518.55;596.47;512.66
3726;Abre Campo;MG;Estadual;23;472.85;483.74;467.4;545.4;593.91;512.66
3727;Foz do Jordão;PR;Estadual;5;490.92;511.58;477.22;511.6;572.0;512.66
3728;Pinhalzinho;SP;Estadual;15;490.62;528.43;479.72;529.77;534.67;512.64
3729;Balneário Piçarras;SC;Estadual;34;498.98;513.5;476.07;509.73;564.71;512.6
3730;São Nicolau;RS;Estadual;7;489.73;473.0;476.63;500.63;622.86;512.57
3731;Paraíso do Norte;PR;Estadual;10;501.31;522.04;491.79;485.66;562.0;512.56
3732;Inajá;PE;Estadual;17;467.26;495.99;459.28;483.76;656.47;512.55
3733;Maria Helena;PR;Estadual;5;480.2;470.42;483.88;560.12;568.0;512.52
3734;Marialva;PR;Estadual;79;501.57;516.97;468.45;496.38;579.24;512.52
3735;Iapu;MG;Estadual;10;496.08;503.71;487.3;517.52;558.0;512.52
3736;Serra;ES;Estadual;907;487.51;500.68;466.19;509.73;598.5;512.52
3737;Schroeder;SC;Estadual;39;491.83;510.77;482.44;520.09;557.44;512.52
3738;Ipiranga do Norte;MT;Estadual;19;456.63;491.85;473.17;518.72;622.11;512.49
3739;Cuité;PB;Estadual;73;478.85;499.9;469.93;492.59;621.1;512.48
3740;São João da Urtiga;RS;Estadual;13;457.71;458.3;473.85;520.25;652.31;512.48
3741;Novo Oriente de Minas;MG;Estadual;4;506.02;498.7;462.72;504.88;590.0;512.46
3742;Pato Bragado;PR;Estadual;11;484.08;506.59;498.29;504.21;569.09;512.45
3743;Palmeiras;BA;Estadual;9;494.27;504.44;499.43;521.9;542.22;512.45
3744;Rio das Ostras;RJ;Estadual;256;491.8;500.33;467.1;508.71;594.14;512.42
3745;Garça;SP;Estadual;63;488.83;495.14;461.81;507.12;609.21;512.42
3746;Sertão Santana;RS;Estadual;22;470.88;499.06;467.19;498.54;626.36;512.41
3747;Ibiúna;SP;Estadual;62;501.45;513.09;468.99;515.37;562.9;512.36
3748;Santana;BA;Privada;3;415.67;533.37;488.97;530.4;593.33;512.35
3749;Igarassu;PE;Estadual;254;492.07;500.68;465.4;512.76;590.63;512.31
3750;Rio do Sul;SC;Estadual;87;484.64;506.57;479.18;515.5;575.63;512.31
3751;Mondaí;SC;Estadual;30;474.9;490.94;487.59;494.75;613.33;512.3
3752;Orobó;PE;Estadual;92;460.37;469.56;465.38;484.81;681.3;512.28
3753;Biguaçu;SC;Estadual;110;488.26;503.57;479.3;515.38;574.91;512.28
3754;Santo Antônio do Amparo;MG;Estadual;40;480.28;493.19;465.79;524.99;597.0;512.25
3755;Santo Antônio do Amparo;MG;Privada;12;495.88;498.54;492.22;501.23;573.33;512.24
3756;Taiobeiras;MG;Estadual;68;487.81;502.17;461.72;532.75;576.76;512.24
3757;Rosana;SP;Estadual;43;483.05;499.1;479.8;505.19;593.95;512.22
3758;Monte Carmelo;MG;Estadual;97;486.72;487.59;469.28;512.55;604.95;512.22
3759;Reserva do Cabaçal;MT;Estadual;1;528.4;557.7;577.8;417.1;480.0;512.2
3760;Itaquaquecetuba;SP;Estadual;368;499.78;510.21;461.82;508.66;580.49;512.19
3761;Itaú de Minas;MG;Estadual;17;491.41;485.84;462.46;516.43;604.71;512.17
3762;Florânia;RN;Estadual;18;473.67;479.23;499.41;505.03;603.33;512.14
3763;Bananeiras;PB;Municipal;1;481.1;449.0;550.1;480.5;600.0;512.14
3764;Petrolândia;PE;Estadual;75;482.73;494.23;474.86;496.31;612.53;512.13
3765;Mantenópolis;ES;Estadual;38;481.31;502.77;461.37;487.27;627.89;512.12
3766;Alto Alegre dos Parecis;RO;Estadual;18;471.29;484.52;482.31;503.52;618.89;512.1
3767;Esperantinópolis;MA;Estadual;16;479.2;481.19;453.88;508.61;637.5;512.08
3768;Agronômica;SC;Estadual;10;456.38;487.37;474.45;542.13;600.0;512.07
3769;Palmares;PE;Estadual;149;485.63;485.13;460.24;500.64;628.59;512.05
3770;Esperança Nova;PR;Estadual;3;470.1;475.03;478.17;483.5;653.33;512.03
3771;Santos Dumont;MG;Estadual;31;489.57;500.14;455.85;522.26;592.26;512.02
3772;Bernardo do Mearim;MA;Estadual;10;490.98;489.29;449.13;472.71;658.0;512.02
3773;Jampruca;MG;Estadual;2;510.95;508.7;428.1;472.2;640.0;511.99
3774;Aracitaba;MG;Estadual;6;493.93;506.1;495.6;534.28;530.0;511.98
3775;Natal;RN;Estadual;1064;488.81;501.92;466.27;500.61;602.26;511.97
3776;Monte Horebe;PB;Estadual;3;483.03;484.4;448.37;490.43;653.33;511.91
3777;Valença do Piauí;PI;Estadual;45;472.06;490.22;453.06;495.63;648.44;511.88
3778;Serra Alta;SC;Estadual;14;476.08;511.66;508.86;492.78;570.0;511.87
3779;Perobal;PR;Estadual;11;488.3;531.36;465.94;526.41;547.27;511.86
3780;Morretes;PR;Estadual;16;491.4;507.93;446.92;474.15;638.75;511.83
3781;Bela Vista do Paraíso;PR;Estadual;36;483.3;506.9;486.16;503.79;578.89;511.81
3782;Brochier;RS;Estadual;9;487.64;479.47;478.1;518.28;595.56;511.81
3783;Fazenda Vilanova;RS;Estadual;5;506.06;501.74;490.54;484.66;576.0;511.8
3784;Sapucaia do Sul;RS;Estadual;121;494.68;512.16;473.59;506.78;571.74;511.79
3785;São Simão;SP;Estadual;31;477.41;482.58;470.79;519.62;608.39;511.76
3786;Iacanga;SP;Estadual;6;492.6;502.0;486.93;503.92;573.33;511.76
3787;Rolim de Moura;RO;Estadual;155;472.96;496.58;477.39;509.84;601.94;511.74
3788;Caruaru;PE;Estadual;592;484.47;492.24;465.4;510.75;605.71;511.71
3789;Guapimirim;RJ;Estadual;60;493.55;501.38;477.35;505.59;580.67;511.71
3790;Bandeira do Sul;MG;Estadual;6;480.83;479.2;435.03;513.48;650.0;511.71
3791;Tabuleiro do Norte;CE;Estadual;135;484.5;499.59;472.77;516.01;585.63;511.7
3792;Barão de Antonina;SP;Estadual;4;492.02;490.4;443.3;512.78;620.0;511.7
3793;Flor da Serra do Sul;PR;Estadual;4;521.1;435.72;439.62;512.0;650.0;511.69
3794;Varzedo;BA;Estadual;8;491.3;519.62;488.06;491.91;567.5;511.68
3795;Naque;MG;Estadual;2;480.6;525.0;464.95;507.8;580.0;511.67
3796;Parobé;RS;Estadual;51;491.22;517.8;485.35;509.45;554.51;511.66
3797;Guaíra;SP;Estadual;41;502.95;492.79;465.18;513.31;583.9;511.63
3798;Santa Bárbara do Monte Verde;MG;Estadual;2;454.05;483.85;499.55;490.5;630.0;511.59
3799;Dourado;SP;Estadual;9;478.0;499.89;467.68;534.58;577.78;511.58
3800;Mimoso do Sul;ES;Estadual;37;500.78;486.85;467.8;507.36;595.14;511.58
3801;Três Lagoas;MS;Estadual;150;495.03;506.61;466.63;503.91;585.6;511.55
3802;Barra Velha;SC;Estadual;46;482.33;500.58;479.9;504.77;590.0;511.52
3803;Sooretama;ES;Estadual;55;485.0;480.11;464.09;501.81;626.55;511.51
3804;Igarapava;SP;Estadual;48;482.39;498.8;472.56;503.75;600.0;511.5
3805;Braúnas;MG;Estadual;5;480.98;493.2;493.7;453.64;636.0;511.5
3806;Itajá;GO;Estadual;8;492.36;493.38;449.46;502.25;620.0;511.49
3807;Lauro Müller;SC;Estadual;19;480.95;500.06;469.83;512.74;593.68;511.45
3808;Chapadão do Lageado;SC;Estadual;9;470.66;475.01;475.97;475.54;660.0;511.44
3809;Petrolina;PE;Estadual;823;480.55;491.26;467.42;512.27;605.71;511.44
3810;São Salvador do Tocantins;TO;Privada;4;445.18;514.45;475.75;531.83;590.0;511.44
3811;Brasnorte;MT;Estadual;11;451.63;479.58;485.46;515.03;625.45;511.43
3812;Piatã;BA;Estadual;28;456.45;483.74;461.28;504.24;651.43;511.42
3813;Biguaçu;SC;Municipal;1;545.7;556.5;405.9;489.0;560.0;511.42
3814;São Gonçalo do Amarante;RN;Estadual;146;484.92;504.51;466.15;504.42;596.99;511.4
3815;Nova Brasilândia D'Oeste;RO;Estadual;29;488.14;489.89;462.56;514.28;602.07;511.39
3816;Céu Azul;PR;Estadual;19;480.45;493.55;479.09;521.63;582.11;511.37
3817;Nova Iguaçu;RJ;Estadual;857;489.79;506.53;466.06;502.91;591.46;511.35
3818;Rio Grande;RS;Estadual;440;497.25;507.71;465.5;501.81;584.5;511.35
3819;Terra Boa;PR;Estadual;47;488.28;493.75;475.44;489.02;610.21;511.34
3820;Bananal;SP;Estadual;5;479.28;516.24;464.58;532.52;564.0;511.32
3821;Guaraci;PR;Estadual;20;486.67;498.92;483.14;502.82;585.0;511.31
3822;Rio Azul;PR;Estadual;19;483.22;510.83;480.66;491.21;590.53;511.29
3823;Araucária;PR;Estadual;248;493.67;509.26;465.54;508.92;579.03;511.29
3824;Candeias;MG;Estadual;19;485.94;485.46;483.54;518.29;583.16;511.28
3825;Ituaçu;BA;Municipal;1;468.9;546.3;458.3;482.8;600.0;511.26
3826;Quitandinha;PR;Estadual;17;486.37;506.21;471.8;490.64;601.18;511.24
3827;Nova Roma do Sul;RS;Estadual;14;483.96;501.83;487.66;514.17;568.57;511.24
3828;Pacajus;CE;Estadual;340;494.14;502.46;459.51;500.24;599.71;511.21
3829;Tramandaí;RS;Estadual;54;502.68;511.36;477.06;493.39;571.48;511.19
3830;Niquelândia;GO;Estadual;107;481.01;490.92;463.66;506.7;613.64;511.19
3831;Venha-Ver;RN;Estadual;2;498.6;501.9;465.2;530.2;560.0;511.18
3832;Piripá;BA;Estadual;12;474.1;512.16;483.18;511.48;575.0;511.18
3833;Santa Rita;MA;Municipal;1;516.3;534.2;381.2;544.2;580.0;511.18
3834;Monte Sião;MG;Estadual;28;485.58;491.45;470.29;519.2;589.29;511.16
3835;Santana do Maranhão;MA;Estadual;10;455.38;494.9;464.66;502.79;638.0;511.15
3836;Pontal;SP;Municipal;3;497.57;528.97;453.93;468.6;606.67;511.15
3837;São Romão;MG;Estadual;8;477.01;482.62;443.12;512.91;640.0;511.14
3838;Várzea;PB;Estadual;6;468.35;476.93;481.58;538.82;590.0;511.14
3839;Primavera;PE;Estadual;3;503.57;439.17;433.53;532.5;646.67;511.09
3840;São José dos Quatro Marcos;MT;Estadual;45;479.24;506.53;467.97;499.25;602.22;511.04
3841;Itabaianinha;SE;Estadual;81;456.98;474.89;450.86;494.64;677.78;511.03
3842;Tefé;AM;Federal;46;464.71;483.68;480.27;529.44;596.96;511.01
3843;Carneiros;AL;Estadual;4;507.7;472.38;481.2;468.78;625.0;511.01
3844;Rancho Queimado;SC;Estadual;14;493.34;495.86;484.41;498.55;582.86;511.0
3845;Ponta Grossa;PR;Estadual;405;499.28;516.55;474.07;512.22;552.84;510.99
3846;Tanque d'Arca;AL;Estadual;4;451.25;492.92;456.08;479.6;675.0;510.97
3847;Angical;BA;Privada;1;463.4;419.6;479.6;492.2;700.0;510.96
3848;Nilo Peçanha;BA;Estadual;8;509.7;498.91;460.32;493.35;592.5;510.96
3849;Herculândia;SP;Estadual;2;464.15;492.1;464.45;564.05;570.0;510.95
3850;Manoel Urbano;AC;Estadual;8;506.26;514.74;485.21;490.95;557.5;510.93
3851;Itaguaçu;ES;Estadual;34;487.27;497.73;477.39;510.44;581.76;510.92
3852;Porto Ferreira;SP;Municipal;14;486.5;502.01;468.76;537.22;560.0;510.9
3853;Iporã;PR;Estadual;23;481.34;499.1;470.97;527.3;575.65;510.87
3854;São José da Laje;AL;Estadual;51;480.69;497.32;455.04;493.3;627.84;510.84
3855;Guapé;MG;Estadual;14;488.53;490.17;485.24;531.71;558.57;510.84
3856;Palmeira;PR;Estadual;67;494.12;513.12;492.92;511.0;542.99;510.83
3857;Capão do Leão;RS;Estadual;20;518.56;508.01;487.22;491.38;549.0;510.83
3858;Jacaraci;BA;Estadual;23;470.55;493.3;478.0;517.33;594.78;510.79
3859;Laguna;SC;Estadual;70;487.24;512.98;478.42;508.47;566.86;510.79
3860;Gaspar;SC;Estadual;63;486.08;506.16;474.86;509.88;576.83;510.76
3861;Santo Amaro;BA;Privada;48;488.23;489.48;472.09;497.23;606.67;510.74
3862;Imbuia;SC;Estadual;18;477.53;490.97;487.14;521.34;576.67;510.73
3863;Bacabeira;MA;Estadual;46;477.42;496.47;467.82;493.6;618.26;510.72
3864;Três Palmeiras;RS;Estadual;2;468.8;494.45;470.65;519.7;600.0;510.72
3865;Dona Euzébia;MG;Estadual;11;492.47;497.15;497.5;488.25;578.18;510.71
3866;Rio Bonito do Iguaçu;PR;Estadual;23;488.46;503.95;487.91;516.72;556.52;510.71
3867;Dona Francisca;RS;Estadual;12;462.33;469.04;461.28;490.83;670.0;510.7
3868;Olímpio Noronha;MG;Estadual;9;460.84;485.37;452.81;543.32;611.11;510.69
3869;Mariópolis;PR;Estadual;10;472.77;474.4;467.59;536.59;602.0;510.67
3870;Vargem Alegre;MG;Estadual;12;505.41;489.36;459.92;515.2;583.33;510.64
3871;Paranapanema;SP;Estadual;25;499.14;505.68;465.88;509.66;572.8;510.63
3872;Lagoa;PB;Estadual;8;469.8;497.71;443.61;464.44;677.5;510.61
3873;Nazareno;MG;Estadual;15;472.74;506.05;449.17;527.73;597.33;510.61
3874;São Tomé;PR;Estadual;5;504.7;485.98;438.88;495.5;628.0;510.61
3875;Amélia Rodrigues;BA;Estadual;69;483.98;492.7;467.46;485.95;622.9;510.6
3876;Caçapava do Sul;RS;Estadual;73;493.27;501.08;469.39;503.95;585.21;510.58
3877;Coronel Vivida;PR;Estadual;39;491.63;507.54;472.99;495.57;585.13;510.57
3878;Carmolândia;TO;Estadual;3;467.7;468.27;483.93;499.63;633.33;510.57
3879;Cruz Machado;PR;Estadual;25;481.18;520.6;470.1;493.73;587.2;510.56
3880;Novo Brasil;GO;Estadual;6;483.5;475.72;473.13;537.1;583.33;510.56
3881;Itaiópolis;SC;Estadual;28;477.62;516.01;475.93;518.16;565.0;510.54
3882;Visconde do Rio Branco;MG;Estadual;17;496.4;514.28;459.24;513.26;569.41;510.52
3883;Braço do Trombudo;SC;Estadual;7;486.66;511.19;496.19;467.04;591.43;510.5
3884;Pindaí;BA;Estadual;24;464.35;498.2;452.69;496.34;640.83;510.48
3885;Chácara;MG;Estadual;3;429.03;523.63;536.07;550.3;513.33;510.47
3886;Dionísio;MG;Estadual;17;474.9;497.47;458.78;490.58;630.59;510.46
3887;Aparecida;SP;Estadual;52;507.23;513.4;463.46;512.45;555.77;510.46
3888;Luís Eduardo Magalhães;BA;Estadual;128;489.36;498.73;479.32;505.18;579.69;510.46
3889;Vitorino Freire;MA;Estadual;84;457.98;468.44;463.32;484.95;677.62;510.46
3890;Arapoti;PR;Estadual;33;499.06;490.62;479.96;512.22;570.3;510.43
3891;Itaperuçu;PR;Privada;4;489.35;488.68;445.68;508.4;620.0;510.42
3892;Itapoá;SC;Estadual;41;489.36;522.37;477.57;509.06;553.66;510.4
3893;Porto Grande;AP;Federal;4;478.6;452.92;446.7;513.75;660.0;510.4
3894;Pontão;RS;Estadual;6;474.67;495.63;456.73;521.6;603.33;510.39
3895;Guaraqueçaba;PR;Estadual;7;503.24;508.44;483.59;490.99;565.71;510.39
3896;Castro Alves;BA;Privada;1;469.1;444.6;414.2;623.9;600.0;510.36
3897;Senador Pompeu;CE;Estadual;143;487.79;500.32;463.1;497.32;603.22;510.35
3898;Pariquera-Açu;SP;Estadual;8;511.2;495.49;470.25;504.7;570.0;510.33
3899;Garopaba;SC;Estadual;56;483.27;505.65;466.88;514.38;581.43;510.32
3900;Glória de Dourados;MS;Estadual;31;479.55;487.84;472.67;498.39;612.9;510.27
3901;Formoso;MG;Estadual;8;487.79;454.62;470.28;531.16;607.5;510.27
3902;Colombo;PR;Estadual;202;493.3;507.52;470.88;505.25;574.36;510.26
3903;Campo do Brito;SE;Estadual;35;456.29;477.18;463.4;510.36;644.0;510.25
3904;Colina;SP;Estadual;4;478.18;511.2;473.02;483.67;605.0;510.22
3905;Maquiné;RS;Estadual;10;477.54;501.22;459.11;503.2;610.0;510.21
3906;Jacupiranga;SP;Estadual;16;485.11;515.91;457.34;511.38;581.25;510.2
3907;Barra do Piraí;RJ;Estadual;47;492.52;515.78;465.86;492.04;584.68;510.18
3908;São José dos Quatro Marcos;MT;Privada;3;457.27;495.03;463.7;514.87;620.0;510.17
3909;Caiapônia;GO;Estadual;32;491.29;486.89;473.55;517.26;581.88;510.17
3910;Jaguariúna;SP;Estadual;84;491.99;501.48;461.34;516.7;579.29;510.16
3911;Paraíba do Sul;RJ;Estadual;53;490.85;495.36;455.81;492.88;615.85;510.15
3912;São Félix do Xingu;PA;Privada;13;475.82;479.85;479.02;528.35;587.69;510.15
3913;Nova Independência;SP;Estadual;4;490.1;483.38;473.35;463.85;640.0;510.14
3914;Itaíba;PE;Estadual;28;478.44;486.14;481.68;507.28;597.14;510.14
3915;Riqueza;SC;Estadual;23;461.8;509.34;483.2;527.54;568.7;510.12
3916;Uruçuí;PI;Federal;34;466.41;487.89;464.81;509.72;621.76;510.12
3917;Madre de Deus de Minas;MG;Estadual;3;518.5;506.83;445.43;499.73;580.0;510.1
3918;Santo Antônio do Palma;RS;Estadual;11;468.2;491.26;468.09;482.87;640.0;510.09
3919;Santana do Manhuaçu;MG;Estadual;3;476.03;486.33;490.2;517.8;580.0;510.07
3920;Moeda;MG;Estadual;9;509.94;524.22;460.69;491.06;564.44;510.07
3921;Capim Grosso;BA;Estadual;65;486.85;490.22;466.96;500.75;605.54;510.07
3922;Passo do Sobrado;RS;Estadual;11;502.07;503.12;452.55;521.58;570.91;510.05
3923;Juiz de Fora;MG;Municipal;11;512.4;520.46;484.18;478.59;554.55;510.04
3924;Turuçu;RS;Estadual;7;505.49;513.57;443.64;544.6;542.86;510.03
3925;Marechal Deodoro;AL;Privada;1;469.5;497.9;454.6;407.7;720.0;509.94
3926;São José do Belmonte;PE;Estadual;106;471.91;479.03;458.81;506.3;633.58;509.93
3927;Iguatu;CE;Estadual;511;475.6;484.49;461.1;500.08;628.3;509.91
3928;Araquari;SC;Estadual;26;501.02;509.18;462.57;508.25;568.46;509.9
3929;Cândido Sales;BA;Estadual;39;462.75;504.63;478.86;507.37;595.9;509.9
3930;Livramento;PB;Estadual;21;474.64;494.55;478.59;506.45;595.24;509.89
3931;Nova Tebas;PR;Estadual;9;492.93;507.38;479.89;519.96;548.89;509.81
3932;Campos Borges;RS;Estadual;4;460.1;473.35;477.38;552.95;585.0;509.76
3933;Nova Canaã do Norte;MT;Estadual;30;480.37;503.21;457.16;511.9;596.0;509.73
3934;Campo Novo;RS;Estadual;2;481.65;513.25;442.25;531.4;580.0;509.71
3935;Oscar Bressane;SP;Estadual;2;431.65;492.95;482.1;521.85;620.0;509.71
3936;Itatiaiuçu;MG;Estadual;6;486.93;478.1;465.65;541.13;576.67;509.7
3937;Aramari;BA;Municipal;1;543.5;375.0;562.6;567.4;500.0;509.7
3938;Igrejinha;RS;Estadual;42;493.09;504.98;471.63;514.93;563.81;509.69
3939;Pacajá;PA;Estadual;25;462.3;478.92;456.76;465.7;684.8;509.69
3940;Fundão;ES;Estadual;23;485.82;491.71;468.18;514.9;587.83;509.69
3941;São Pedro do Ivaí;PR;Estadual;20;505.66;499.67;474.79;518.12;550.0;509.65
3942;Central de Minas;MG;Estadual;5;479.64;460.96;453.9;537.74;616.0;509.65
3943;Venturosa;PE;Estadual;22;448.05;477.42;465.18;520.3;637.27;509.64
3944;São Jerônimo;RS;Estadual;22;500.98;494.85;461.29;505.59;585.45;509.63
3945;Bom Princípio;RS;Estadual;24;471.12;510.44;473.35;519.06;574.17;509.63
3946;Santa Terezinha;BA;Estadual;30;484.49;512.92;450.72;522.71;577.33;509.63
3947;Sobral;CE;Estadual;1107;490.55;489.54;461.12;515.5;591.27;509.6
3948;Bom Jesus do Itabapoana;RJ;Estadual;53;476.02;492.46;453.25;513.42;612.83;509.6
3949;São Jorge do Patrocínio;PR;Estadual;18;491.19;472.62;460.89;531.03;592.22;509.59
3950;Palmital;PR;Estadual;34;480.81;511.36;474.85;516.67;564.12;509.56
3951;Perdizes;MG;Estadual;12;493.39;498.22;463.94;533.88;558.33;509.55
3952;Soledade;PB;Estadual;33;467.89;479.64;469.78;487.32;643.03;509.53
3953;Ribeiro Gonçalves;PI;Estadual;5;465.72;483.2;468.76;525.96;604.0;509.53
3954;Conceição do Almeida;BA;Privada;9;473.86;490.88;475.36;487.47;620.0;509.51
3955;Itinga do Maranhão;MA;Privada;11;472.43;503.28;496.02;501.3;574.55;509.51
3956;Jundiá;AL;Estadual;13;479.63;495.8;491.45;496.06;584.62;509.51
3957;Catanduvas;PR;Estadual;14;477.23;496.23;484.45;545.38;544.29;509.51
3958;Sertãozinho;SP;Estadual;201;493.29;498.64;462.86;516.41;576.32;509.5
3959;Jacareacanga;PA;Estadual;3;497.3;540.63;464.8;477.93;566.67;509.47
3960;Santo Antônio do Jacinto;MG;Estadual;4;480.25;479.18;479.08;528.65;580.0;509.43
3961;Castanhal;PA;Estadual;246;470.52;492.52;463.39;495.6;624.96;509.4
3962;Iporá;GO;Estadual;145;477.38;496.06;467.3;498.21;608.0;509.39
3963;Santiago;RS;Estadual;103;486.04;496.7;469.56;505.07;589.51;509.38
3964;Nova Europa;SP;Estadual;10;478.43;489.63;471.98;500.78;606.0;509.36
3965;Pirapetinga;MG;Estadual;4;453.25;482.55;485.52;570.5;555.0;509.36
3966;Arvoredo;SC;Estadual;8;463.18;478.8;475.28;539.5;590.0;509.35
3967;Bela Vista do Maranhão;MA;Estadual;7;476.01;495.97;458.96;524.24;591.43;509.32
3968;Tanhaçu;BA;Estadual;67;463.29;472.12;468.09;507.52;635.52;509.31
3969;Jequié;BA;Estadual;427;474.02;486.24;464.37;495.56;626.37;509.31
3970;Quixeré;CE;Estadual;73;467.61;464.16;456.77;492.55;665.48;509.31
3971;Caicó;RN;Estadual;119;473.77;492.36;469.69;492.77;617.82;509.28
3972;Água Boa;MT;Estadual;25;472.02;506.7;467.06;515.75;584.8;509.27
3973;Itagi;BA;Estadual;9;490.4;502.5;480.98;450.18;622.22;509.26
3974;Tanguá;RJ;Estadual;29;484.55;512.07;474.82;494.17;580.69;509.26
3975;Itacoatiara;AM;Federal;61;489.74;514.8;471.34;496.2;574.1;509.24
3976;Serranópolis;GO;Estadual;22;473.26;501.73;467.92;496.9;606.36;509.23
3977;Ribeirãozinho;MT;Estadual;4;509.02;509.62;489.3;448.18;590.0;509.22
3978;Cantanhede;MA;Estadual;4;482.52;512.3;457.18;483.98;610.0;509.2
3979;Governador Celso Ramos;SC;Estadual;14;494.91;507.85;473.34;498.35;571.43;509.18
3980;Cascavel;CE;Estadual;408;478.99;484.27;461.04;498.04;623.28;509.13
3981;Guaíra;PR;Estadual;65;483.75;500.48;461.66;510.21;589.54;509.13
3982;Glória do Goitá;PE;Estadual;92;462.3;476.31;476.38;494.74;635.87;509.12
3983;Honório Serpa;PR;Estadual;14;483.44;515.19;483.68;490.38;572.86;509.11
3984;Videira;SC;Estadual;50;480.32;493.04;483.18;507.8;581.2;509.11
3985;Sertanópolis;PR;Estadual;24;484.16;517.46;489.23;515.36;539.17;509.08
3986;Ubaí;MG;Estadual;26;476.49;498.46;448.65;504.88;616.92;509.08
3987;Rondinha;RS;Estadual;22;482.3;501.75;475.2;494.28;591.82;509.07
3988;Itamarandiba;MG;Estadual;43;485.76;508.26;473.88;530.4;546.98;509.06
3989;Brasiléia;AC;Estadual;37;498.58;506.47;464.18;500.89;575.14;509.05
3990;Monte Aprazível;SP;Estadual;26;491.97;488.77;472.73;519.98;571.54;509.0
3991;Vieiras;MG;Estadual;3;494.4;461.47;452.23;510.2;626.67;508.99
3992;Taquarana;AL;Estadual;29;470.27;493.82;454.59;506.25;620.0;508.99
3993;Água Comprida;MG;Estadual;3;488.67;512.97;476.87;552.87;513.33;508.94
3994;João Neiva;ES;Estadual;17;475.27;494.56;474.47;501.49;598.82;508.92
3995;Castelo do Piauí;PI;Estadual;58;472.84;492.57;464.11;487.43;627.59;508.91
3996;Paraguaçu Paulista;SP;Estadual;61;496.47;504.27;468.8;522.23;552.79;508.91
3997;Ribeirão Cascalheira;MT;Estadual;6;456.53;489.18;487.87;540.75;570.0;508.87
3998;São João do Tigre;PB;Estadual;9;467.64;483.32;427.93;463.2;702.22;508.86
3999;Matupá;MT;Estadual;12;480.53;502.34;468.99;499.06;593.33;508.85
4000;Caputira;MG;Estadual;16;469.92;487.04;459.74;508.79;618.75;508.85
4001;Almirante Tamandaré;PR;Estadual;91;487.32;510.08;474.46;524.19;548.13;508.84
4002;Vacaria;RS;Estadual;95;485.36;495.38;470.85;515.75;576.84;508.84
4003;Caracol;MS;Estadual;5;490.72;473.44;466.6;501.3;612.0;508.81
4004;Ubatuba;SP;Estadual;50;501.45;504.24;469.12;516.35;552.8;508.79
4005;Rio do Antônio;BA;Estadual;25;473.38;498.94;487.96;512.47;571.2;508.79
4006;Patu;RN;Estadual;45;463.98;483.47;454.71;476.8;664.89;508.77
4007;Cristalândia;TO;Estadual;12;479.83;474.88;465.98;513.15;610.0;508.77
4008;Camaquã;RS;Estadual;98;485.87;502.59;468.37;508.25;578.78;508.77
4009;Piquete;SP;Estadual;5;493.0;469.5;456.22;548.84;576.0;508.71
4010;Horizonte;CE;Estadual;302;490.67;499.33;459.76;502.32;591.46;508.71
4011;Joaçaba;SC;Estadual;25;488.66;505.31;479.0;496.75;573.6;508.67
4012;Canarana;BA;Municipal;1;462.2;386.5;411.1;423.2;860.0;508.6
4013;Iguatu;CE;Federal;40;469.9;482.98;466.49;502.05;621.5;508.58
4014;Ribeira do Amparo;BA;Estadual;12;466.03;499.44;476.08;492.99;608.33;508.58
4015;Matinhos;PR;Estadual;75;485.73;494.41;481.16;516.5;565.07;508.57
4016;Pancas;ES;Estadual;48;482.78;492.01;455.89;492.55;619.58;508.57
4017;Águas Formosas;MG;Estadual;17;482.25;498.81;466.75;507.71;587.06;508.52
4018;Costa Rica;MS;Estadual;55;481.2;495.21;467.43;523.45;575.27;508.51
4019;Axixá;MA;Estadual;76;459.48;478.08;462.97;487.46;654.47;508.49
4020;Presidente Bernardes;SP;Estadual;23;490.74;498.59;456.39;522.73;573.91;508.47
4021;Peabiru;PR;Estadual;52;494.6;494.48;474.85;508.0;570.38;508.46
4022;Santa Izabel do Oeste;PR;Estadual;31;485.24;498.8;470.71;495.95;591.61;508.46
4023;Barra dos Coqueiros;SE;Estadual;22;474.27;488.52;465.79;515.47;598.18;508.45
4024;São Bento;PB;Estadual;61;476.06;477.8;454.04;500.54;633.77;508.44
4025;Arraial;PI;Estadual;3;446.37;536.87;465.5;480.1;613.33;508.43
4026;Piên;PR;Estadual;29;482.28;490.73;456.31;518.35;594.48;508.43
4027;Godoy Moreira;PR;Estadual;4;456.35;500.88;459.28;445.58;680.0;508.42
4028;Santana de Parnaíba;SP;Municipal;243;489.89;498.75;462.19;510.71;580.49;508.41
4029;Corrente;PI;Federal;86;464.87;487.21;463.88;505.01;620.93;508.38
4030;Abreu e Lima;PE;Privada;44;470.72;503.09;477.95;513.73;576.36;508.37
4031;Barra do Mendes;BA;Privada;3;477.37;486.77;444.83;559.53;573.33;508.37
4032;Santa Terezinha;MT;Estadual;7;478.49;490.8;450.41;467.87;654.29;508.37
4033;Prudentópolis;PR;Estadual;89;482.78;505.1;480.07;509.5;564.27;508.34
4034;São Fidélis;RJ;Municipal;1;489.2;585.1;399.8;427.6;640.0;508.34
4035;Pilar;AL;Privada;27;485.87;500.66;449.74;482.48;622.96;508.34
4036;Itaporanga;PB;Estadual;75;464.01;479.99;451.47;515.57;630.67;508.34
4037;Juazeiro do Norte;CE;Municipal;6;475.33;511.3;456.57;468.38;630.0;508.32
4038;Confresa;MT;Federal;32;475.89;495.37;468.82;498.36;603.12;508.31
4039;Carambeí;PR;Estadual;39;496.28;502.86;484.95;514.91;542.56;508.31
4040;Guaraciama;MG;Estadual;4;517.0;479.18;471.75;508.42;565.0;508.27
4041;Itapejara d'Oeste;PR;Estadual;33;471.71;489.78;480.32;509.18;590.3;508.26
4042;Uraí;PR;Estadual;28;478.58;489.37;456.78;502.95;613.57;508.25
4043;Santo Antônio do Itambé;MG;Estadual;2;545.95;529.55;438.25;487.5;540.0;508.25
4044;Cabo Frio;RJ;Estadual;138;487.09;507.49;462.49;493.28;590.72;508.22
4045;Barra do Jacaré;PR;Estadual;8;499.52;444.61;448.84;518.15;630.0;508.22
4046;Santo Afonso;MT;Estadual;5;472.42;450.4;464.94;449.34;704.0;508.22
4047;São Mamede;PB;Estadual;20;461.19;490.48;463.93;510.45;615.0;508.21
4048;Novorizonte;MG;Estadual;2;493.0;472.45;535.5;460.05;580.0;508.2
4049;Paraguaçu;MG;Estadual;19;482.47;487.3;471.61;511.02;588.42;508.17
4050;Luiz Alves;SC;Estadual;14;482.68;494.16;488.64;506.64;568.57;508.14
4051;Salesópolis;SP;Estadual;33;489.58;487.08;465.51;533.69;564.85;508.14
4052;Mundo Novo;BA;Estadual;12;497.87;501.63;450.8;487.02;603.33;508.13
4053;Querência;MT;Estadual;41;478.49;495.63;475.72;491.3;599.51;508.13
4054;Itamarati de Minas;MG;Estadual;4;485.1;484.72;458.7;492.08;620.0;508.12
4055;Agrestina;PE;Estadual;14;493.16;504.01;467.19;486.05;590.0;508.08
4056;Congonhas;MG;Estadual;80;500.67;513.07;461.86;500.72;564.0;508.06
4057;Tauá;CE;Estadual;203;479.02;482.77;460.43;503.12;614.88;508.04
4058;Passira;PE;Estadual;113;475.9;486.79;466.28;505.88;605.31;508.03
4059;Gurjão;PB;Estadual;10;480.46;469.46;459.64;510.52;620.0;508.02
4060;Mafra;SC;Estadual;85;472.21;506.84;483.43;508.06;569.41;507.99
4061;Congonhal;MG;Estadual;13;491.65;507.15;470.45;473.7;596.92;507.98
4062;Senador Canedo;GO;Privada;7;469.56;511.23;463.77;506.7;588.57;507.97
4063;Frei Miguelinho;PE;Estadual;9;438.64;467.38;433.6;535.76;664.44;507.96
4064;Palmas;TO;Estadual;837;477.92;491.47;463.99;505.86;600.57;507.96
4065;Antônio Dias;MG;Estadual;4;479.78;506.68;485.18;493.1;575.0;507.95
4066;Currais Novos;RN;Estadual;85;475.39;487.35;460.95;494.59;621.41;507.94
4067;Feira de Santana;BA;Estadual;1081;483.66;494.72;465.4;496.54;599.33;507.93
4068;Rio dos Índios;RS;Estadual;11;494.09;512.44;448.05;495.92;589.09;507.92
4069;Maravilhas;MG;Estadual;8;460.6;474.54;476.4;508.05;620.0;507.92
4070;Milagres;BA;Estadual;7;452.66;534.77;450.1;504.83;597.14;507.9
4071;Ponto dos Volantes;MG;Estadual;9;473.77;506.27;477.54;495.2;586.67;507.89
4072;Francisco Dumont;MG;Municipal;1;492.1;510.1;500.0;397.2;640.0;507.88
4073;Pinhão;PR;Estadual;69;491.73;505.29;469.53;502.38;570.43;507.87
4074;Canindé;CE;Estadual;509;478.98;488.81;454.25;499.19;618.07;507.86
4075;Itapeva;SP;Estadual;156;490.47;500.2;466.64;508.06;573.85;507.84
4076;Santo Amaro da Imperatriz;SC;Estadual;73;486.36;489.85;484.6;515.85;562.47;507.82
4077;Estiva Gerbi;SP;Estadual;7;465.43;523.27;493.94;487.8;568.57;507.8
4078;Senador Canedo;GO;Estadual;263;478.65;492.81;456.88;495.94;614.68;507.79
4079;Caraí;MG;Estadual;7;475.07;478.11;491.34;482.83;611.43;507.76
4080;Camalaú;PB;Estadual;21;484.11;504.05;474.0;485.23;591.43;507.76
4081;Ângulo;PR;Estadual;3;474.27;490.87;431.4;482.13;660.0;507.73
4082;Cajazeirinhas;PB;Estadual;12;466.62;480.26;452.01;486.39;653.33;507.72
4083;Ibirataia;BA;Estadual;13;485.59;476.58;472.11;488.89;615.38;507.71
4084;Ajuricaba;RS;Estadual;3;432.5;517.07;487.37;494.93;606.67;507.71
4085;Capão da Canoa;RS;Estadual;83;489.64;500.1;458.78;503.85;586.02;507.68
4086;Iturama;MG;Estadual;54;489.52;494.78;466.41;506.55;581.11;507.67
4087;Corumbá de Goiás;GO;Estadual;18;487.88;495.36;456.24;528.87;570.0;507.67
4088;Angra dos Reis;RJ;Estadual;195;485.87;500.7;460.24;510.06;581.23;507.62
4089;Barrolândia;TO;Estadual;9;477.71;488.53;466.21;509.99;595.56;507.6
4090;São Miguel do Iguaçu;PR;Estadual;54;500.01;498.92;470.04;510.77;558.15;507.58
4091;Goiatuba;GO;Estadual;66;483.07;499.38;469.58;514.36;571.52;507.58
4092;Ibiá;MG;Municipal;1;505.7;468.3;562.3;561.5;440.0;507.56
4093;Fronteiras;PI;Estadual;26;464.89;475.86;439.1;464.67;693.08;507.52
4094;Unistalda;RS;Estadual;6;468.07;499.45;470.43;516.22;583.33;507.5
4095;Taciba;SP;Estadual;2;496.05;493.0;507.35;540.85;500.0;507.45
4096;Rio de Contas;BA;Estadual;17;472.52;498.83;463.74;488.02;614.12;507.45
4097;Ribeirão dos Índios;SP;Estadual;8;507.81;508.58;453.46;464.66;602.5;507.4
4098;Dilermando de Aguiar;RS;Estadual;5;458.86;502.36;455.74;480.06;640.0;507.4
4099;Paraopeba;MG;Estadual;18;493.27;481.32;445.99;488.59;627.78;507.39
4100;Nova Hartz;RS;Estadual;37;492.78;508.89;456.46;509.61;569.19;507.39
4101;Minas do Leão;RS;Estadual;10;501.8;488.89;472.07;492.13;582.0;507.38
4102;Coronel Pacheco;MG;Estadual;2;495.95;493.8;465.8;511.35;570.0;507.38
4103;Novais;SP;Estadual;2;473.35;473.25;500.0;470.25;620.0;507.37
4104;Capoeiras;PE;Estadual;15;488.68;509.07;467.91;487.09;584.0;507.35
4105;São José do Norte;RS;Estadual;36;489.84;499.17;473.22;519.44;555.0;507.33
4106;Caracaraí;RR;Federal;20;479.62;494.3;483.56;480.18;599.0;507.33
4107;Piacatu;SP;Estadual;11;483.19;488.45;449.34;510.17;605.45;507.32
4108;São Gonçalo;RJ;Estadual;754;487.24;498.79;462.85;500.35;587.35;507.32
4109;Uberlândia;MG;Municipal;1;516.1;499.8;446.0;534.7;540.0;507.32
4110;Sumaré;SP;Estadual;248;495.78;500.07;462.47;508.24;570.0;507.31
4111;Canelinha;SC;Estadual;24;477.17;500.22;483.32;483.96;591.67;507.27
4112;Braço do Norte;SC;Estadual;54;485.03;497.56;462.48;505.28;585.93;507.26
4113;Rodelas;BA;Estadual;26;484.62;488.97;459.79;507.52;595.38;507.26
4114;Ibicoara;BA;Estadual;15;469.8;474.58;478.78;453.09;660.0;507.25
4115;Taquari;RS;Estadual;49;488.2;499.5;464.37;493.34;590.61;507.21
4116;João Pessoa;PB;Estadual;1441;480.9;490.88;460.25;496.03;607.95;507.2
4117;Brasilândia de Minas;MG;Estadual;28;481.05;471.98;475.43;515.28;592.14;507.18
4118;Tupi Paulista;SP;Estadual;7;512.99;536.07;441.14;471.41;574.29;507.18
4119;Espinosa;MG;Estadual;47;465.16;480.79;471.15;508.74;609.79;507.12
4120;Janaúba;MG;Estadual;119;477.17;488.47;460.78;495.54;613.61;507.12
4121;São João da Varjota;PI;Municipal;1;490.3;548.7;438.0;438.4;620.0;507.08
4122;São Sebastião do Maranhão;MG;Estadual;8;500.98;480.59;448.69;497.49;607.5;507.05
4123;Mineiros;GO;Estadual;163;477.39;485.34;465.06;503.41;604.05;507.05
4124;Piracanjuba;GO;Estadual;39;486.64;490.78;463.89;506.48;587.18;507.0
4125;Erval Velho;SC;Estadual;10;473.18;530.64;488.24;496.87;546.0;506.99
4126;Aguaí;SP;Estadual;35;490.68;516.38;482.57;525.17;520.0;506.96
4127;Alto Caparaó;MG;Estadual;4;469.58;480.05;484.68;540.52;560.0;506.96
4128;Durandé;MG;Estadual;8;490.3;525.92;483.35;480.08;555.0;506.93
4129;Toledo;MG;Estadual;7;440.74;505.04;456.71;566.36;565.71;506.91
4130;Matão;SP;Estadual;65;492.75;482.84;474.78;507.51;576.62;506.9
4131;Corumbaíba;GO;Municipal;4;518.98;485.82;505.88;488.7;535.0;506.88
4132;Barão de Cotegipe;RS;Estadual;7;466.83;521.41;481.87;481.44;582.86;506.88
4133;Ouroeste;SP;Estadual;14;496.98;479.2;445.31;529.98;582.86;506.87
4134;Pintadas;BA;Estadual;11;472.32;492.1;476.85;498.47;594.55;506.86
4135;Barra do Rocha;BA;Municipal;1;471.9;496.1;476.6;369.7;720.0;506.86
4136;Alambari;SP;Estadual;6;502.62;452.57;468.78;500.25;610.0;506.84
4137;São Félix do Coribe;BA;Estadual;18;482.8;490.33;465.33;532.37;563.33;506.83
4138;Barra do Turvo;SP;Estadual;9;501.28;493.62;475.67;481.2;582.22;506.8
4139;Água Clara;MS;Estadual;12;469.28;500.81;488.9;474.99;600.0;506.8
4140;Apucarana;PR;Estadual;197;489.65;499.84;468.31;510.43;565.79;506.8
4141;Crateús;CE;Estadual;426;470.96;483.68;454.86;492.14;632.3;506.79
4142;Getúlio Vargas;RS;Estadual;15;469.42;491.22;490.86;522.44;560.0;506.79
4143;Condado;PB;Estadual;19;488.61;492.86;454.05;482.59;615.79;506.78
4144;Araçariguama;SP;Estadual;19;496.36;514.43;471.25;500.21;551.58;506.77
4145;Imperatriz;MA;Estadual;784;472.28;486.32;460.87;496.02;618.37;506.77
4146;Santa Rita de Cássia;BA;Estadual;40;458.77;477.53;479.56;496.44;621.5;506.76
4147;Almenara;MG;Estadual;43;488.01;484.09;473.08;521.11;567.44;506.75
4148;Pedregulho;SP;Estadual;27;489.93;497.06;457.27;496.1;593.33;506.74
4149;Santa Teresinha;PB;Estadual;5;427.16;476.76;465.16;536.6;628.0;506.74
4150;Paramirim;BA;Estadual;31;472.04;498.22;462.62;519.46;581.29;506.72
4151;Almirante Tamandaré do Sul;RS;Estadual;4;533.75;528.78;469.32;486.78;515.0;506.72
4152;Campos do Jordão;SP;Estadual;29;491.88;495.92;455.57;513.64;576.55;506.71
4153;Passa Tempo;MG;Estadual;10;465.92;506.99;465.44;495.13;600.0;506.7
4154;São Francisco;MG;Estadual;74;477.48;489.06;457.29;501.78;607.84;506.69
4155;Maria da Fé;MG;Estadual;15;488.95;486.22;480.17;507.35;570.67;506.67
4156;Três Cachoeiras;RS;Estadual;33;488.48;483.54;478.25;521.18;561.82;506.65
4157;Pedro Osório;RS;Estadual;7;505.73;512.64;482.36;498.23;534.29;506.65
4158;Jucati;PE;Estadual;45;476.22;498.43;464.65;492.61;601.33;506.65
4159;Rio Branco do Sul;PR;Estadual;41;488.78;487.69;468.36;521.01;567.32;506.63
4160;Angelina;SC;Estadual;13;481.29;518.05;478.58;492.11;563.08;506.62
4161;São Jorge d'Oeste;PR;Estadual;24;476.69;506.1;484.24;505.97;560.0;506.6
4162;Santa Filomena;PI;Estadual;5;459.78;494.1;468.76;486.14;624.0;506.56
4163;Guarani;MG;Estadual;3;508.03;464.87;486.77;473.03;600.0;506.54
4164;Itapajé;CE;Estadual;472;470.39;485.46;457.98;508.29;610.59;506.54
4165;Turvo;PR;Estadual;39;480.21;511.57;472.13;502.08;566.67;506.53
4166;Águas de Chapecó;SC;Estadual;9;487.66;508.74;474.38;519.63;542.22;506.53
4167;Tucano;BA;Estadual;68;472.48;494.91;462.27;501.48;601.47;506.52
4168;São Geraldo;MG;Estadual;9;490.37;485.73;439.98;498.68;617.78;506.51
4169;Magé;RJ;Estadual;274;487.31;495.73;467.96;494.45;586.93;506.48
4170;Santa Cecília do Sul;RS;Estadual;4;470.92;487.0;457.52;561.98;555.0;506.48
4171;Boa Vista;RR;Estadual;669;484.63;498.26;472.86;499.6;576.95;506.46
4172;Anapu;PA;Municipal;5;479.26;484.16;480.32;512.58;576.0;506.46
4173;Salgado;SE;Estadual;39;458.66;491.03;468.17;486.12;628.21;506.44
4174;Engenheiro Paulo de Frontin;RJ;Estadual;28;497.46;503.9;461.3;528.04;541.43;506.43
4175;Cambará do Sul;RS;Estadual;6;478.88;527.37;486.55;515.87;523.33;506.4
4176;Extremoz;RN;Estadual;85;479.78;492.08;461.08;493.96;604.94;506.37
4177;Santa Inês;MA;Municipal;1;479.0;496.8;413.6;462.4;680.0;506.36
4178;Cariré;CE;Estadual;157;481.75;482.38;463.52;507.86;596.31;506.36
4179;Mossoró;RN;Estadual;551;480.61;491.1;461.55;501.33;597.17;506.35
4180;São Luís de Montes Belos;GO;Estadual;85;486.67;493.45;467.73;507.79;576.0;506.33
4181;Wanderley;BA;Estadual;24;479.32;485.1;464.0;496.51;606.67;506.32
4182;Ubaporanga;MG;Estadual;16;480.33;481.54;475.46;479.15;615.0;506.3
4183;Araci;BA;Estadual;34;476.52;491.1;465.74;482.51;615.29;506.23
4184;Pedreira;SP;Estadual;47;504.17;512.16;454.48;499.86;560.43;506.22
4185;Novo Itacolomi;PR;Estadual;9;490.36;488.86;489.92;530.7;531.11;506.19
4186;Itapevi;SP;Estadual;180;494.78;500.01;459.03;503.75;573.33;506.18
4187;Paulista;PE;Estadual;645;479.2;488.88;456.51;498.77;607.47;506.17
4188;Embu-Guaçu;SP;Estadual;93;495.06;499.66;467.89;516.82;551.4;506.17
4189;Sengés;PR;Estadual;27;489.1;501.85;473.06;517.2;549.63;506.17
4190;Fênix;PR;Estadual;10;490.52;501.56;472.03;506.52;560.0;506.13
4191;Nova Resende;MG;Estadual;16;475.36;497.84;460.5;541.89;555.0;506.12
4192;Rio Grande da Serra;SP;Municipal;1;530.9;584.1;498.5;537.1;380.0;506.12
4193;Santa Bárbara do Tugúrio;MG;Estadual;5;517.64;511.18;496.88;464.78;540.0;506.1
4194;Esteio;RS;Estadual;118;490.34;504.68;467.35;507.08;561.02;506.09
4195;Cascalho Rico;MG;Estadual;7;475.16;465.89;456.8;518.21;614.29;506.07
4196;Quevedos;RS;Estadual;4;467.55;424.15;446.9;566.7;625.0;506.06
4197;Mombaça;CE;Estadual;114;470.82;491.9;463.13;510.89;593.51;506.05
4198;América Dourada;BA;Estadual;3;470.73;489.47;481.8;468.17;620.0;506.03
4199;Capão Bonito;SP;Estadual;70;492.8;495.23;465.77;509.99;566.29;506.02
4200;Machadinho;RS;Estadual;9;518.94;498.66;481.36;464.09;566.67;505.94
4201;Montadas;PB;Estadual;8;434.06;474.3;443.81;482.31;695.0;505.9
4202;José Bonifácio;SP;Estadual;17;484.26;482.05;467.14;499.46;596.47;505.88
4203;Cedro;CE;Federal;49;487.86;478.7;458.23;500.78;603.67;505.85
4204;Boa Esperança;ES;Estadual;36;472.62;496.2;476.81;506.35;577.22;505.84
4205;Santa Terezinha do Tocantins;TO;Estadual;3;480.1;466.67;441.13;507.93;633.33;505.83
4206;Nova Prata do Iguaçu;PR;Estadual;28;477.22;497.42;461.59;513.65;579.29;505.83
4207;Irapuã;SP;Estadual;7;453.23;467.07;483.26;539.8;585.71;505.81
4208;Rio do Prado;MG;Estadual;5;488.18;493.66;455.98;467.16;624.0;505.8
4209;Santo Antônio do Retiro;MG;Estadual;6;488.15;491.5;458.87;480.42;610.0;505.79
4210;Tabatinga;SP;Municipal;2;507.75;539.6;458.35;483.25;540.0;505.79
4211;Emilianópolis;SP;Estadual;7;486.8;489.03;472.0;515.33;565.71;505.77
4212;Carmo da Mata;MG;Estadual;19;497.04;496.25;476.46;508.57;550.53;505.77
4213;Pires do Rio;GO;Estadual;56;485.48;487.88;462.99;499.24;593.21;505.76
4214;Oeiras;PI;Municipal;2;463.7;487.75;450.85;436.45;690.0;505.75
4215;Ipixuna do Pará;PA;Estadual;16;456.3;472.41;439.65;490.28;670.0;505.73
4216;Vera Cruz;SP;Estadual;16;473.79;489.32;474.58;507.08;583.75;505.7
4217;Formosa;GO;Estadual;423;486.79;492.92;466.76;505.3;576.69;505.69
4218;Campina Grande;PB;Estadual;859;477.61;492.11;461.48;494.49;602.75;505.69
4219;Pirapora do Bom Jesus;SP;Municipal;4;538.9;524.75;462.7;517.1;485.0;505.69
4220;Monte Alto;SP;Estadual;35;485.29;500.3;462.43;502.09;578.29;505.68
4221;Japurá;PR;Estadual;19;491.25;502.41;474.84;509.37;550.53;505.68
4222;Orizona;GO;Estadual;17;470.63;478.94;482.62;518.51;577.65;505.67
4223;Novo Oriente;CE;Estadual;202;471.07;481.15;453.4;501.19;621.49;505.66
4224;Duque de Caxias;RJ;Estadual;883;485.93;501.62;463.09;496.54;580.95;505.63
4225;Ituiutaba;MG;Estadual;167;486.6;501.06;470.76;496.62;573.05;505.62
4226;Serra Negra do Norte;RN;Estadual;9;480.29;495.71;466.83;513.94;571.11;505.58
4227;Miranda;MS;Privada;16;456.68;480.99;479.74;504.11;606.25;505.55
4228;Santa Cecília do Pavão;PR;Estadual;2;486.8;555.8;444.0;500.9;540.0;505.5
4229;Pitanga;PR;Estadual;69;479.9;507.34;474.84;506.86;558.55;505.5
4230;Pirapora do Bom Jesus;SP;Estadual;5;472.42;518.9;440.86;519.24;576.0;505.48
4231;Campina da Lagoa;PR;Estadual;17;489.89;491.67;458.92;502.14;584.71;505.47
4232;Lindolfo Collor;RS;Estadual;9;517.43;533.73;433.26;471.8;571.11;505.47
4233;Frutuoso Gomes;RN;Estadual;14;463.21;466.36;465.46;529.46;602.86;505.47
4234;Rio Maria;PA;Privada;1;475.9;444.3;452.0;475.1;680.0;505.46
4235;Matutina;MG;Estadual;9;480.59;480.98;433.62;505.41;626.67;505.45
4236;Baturité;CE;Estadual;318;471.62;481.15;458.87;500.33;615.22;505.44
4237;Guarani das Missões;RS;Estadual;34;471.14;504.39;487.56;482.33;581.76;505.44
4238;Brasileira;PI;Estadual;14;468.88;474.55;459.99;458.07;665.71;505.44
4239;Maragogipe;BA;Privada;13;475.85;473.48;455.13;511.96;610.77;505.44
4240;Lupionópolis;PR;Estadual;6;504.13;484.43;478.53;486.77;573.33;505.44
4241;Araruna;PR;Estadual;26;476.22;502.52;466.12;527.74;554.62;505.44
4242;Paraú;RN;Estadual;8;459.26;463.96;438.5;475.35;690.0;505.42
4243;Várzea da Palma;MG;Estadual;58;485.04;494.5;462.91;506.36;578.28;505.42
4244;Lagoa Vermelha;RS;Estadual;51;488.43;489.51;454.69;501.49;592.94;505.41
4245;Santa Bárbara;MG;Municipal;1;449.1;444.9;405.3;647.7;580.0;505.4
4246;Feliz Natal;MT;Estadual;12;499.73;530.76;454.46;501.95;540.0;505.38
4247;Alto Paraná;PR;Estadual;15;463.59;493.65;468.35;482.62;618.67;505.37
4248;Itapaci;GO;Estadual;79;475.57;484.08;469.08;501.15;596.96;505.37
4249;Três Forquilhas;RS;Estadual;2;501.5;453.15;418.55;563.6;590.0;505.36
4250;Campos dos Goytacazes;RJ;Municipal;2;466.1;522.55;467.9;450.2;620.0;505.35
4251;Laranjal Paulista;SP;Estadual;17;479.16;467.52;484.52;496.72;598.82;505.35
4252;Pau dos Ferros;RN;Estadual;112;476.57;482.69;468.84;501.84;596.61;505.31
4253;Água Limpa;GO;Estadual;3;461.93;472.9;467.4;504.33;620.0;505.31
4254;Matões;MA;Municipal;1;402.3;449.8;444.0;450.4;780.0;505.3
4255;Primavera;PA;Estadual;27;468.48;473.98;448.01;479.54;656.3;505.26
4256;Regente Feijó;SP;Estadual;20;491.48;508.98;462.52;511.32;552.0;505.26
4257;Ronda Alta;RS;Estadual;16;452.78;519.38;471.01;498.16;585.0;505.26
4258;Sertânia;PE;Estadual;71;467.29;484.28;464.94;501.62;608.17;505.26
4259;Arroio Grande;RS;Estadual;34;490.3;483.08;461.86;501.53;589.41;505.24
4260;Machados;PE;Estadual;40;479.61;480.91;475.4;491.29;599.0;505.24
4261;Nova Bassano;RS;Estadual;26;478.72;494.07;472.81;513.51;566.92;505.21
4262;Tapejara;PR;Estadual;25;480.86;493.42;482.14;492.76;576.8;505.2
4263;Adolfo;SP;Estadual;5;483.84;471.96;460.34;533.88;576.0;505.2
4264;Grossos;RN;Estadual;22;480.76;515.23;453.7;485.28;590.91;505.17
4265;Colméia;TO;Estadual;27;473.32;464.27;455.42;474.28;658.52;505.16
4266;Itaporanga d'Ajuda;SE;Estadual;32;449.55;469.12;475.3;486.59;645.0;505.11
4267;Palestina;AL;Estadual;8;487.22;456.19;452.11;467.54;662.5;505.11
4268;Rubiataba;GO;Estadual;61;473.82;472.54;461.35;492.22;625.57;505.1
4269;Natividade;RJ;Estadual;21;474.84;491.04;465.19;491.54;602.86;505.09
4270;Botelhos;MG;Estadual;16;482.16;480.77;469.52;499.18;593.75;505.08
4271;Serra Talhada;PE;Estadual;146;472.28;479.32;455.5;502.84;615.48;505.08
4272;Montanha;ES;Estadual;37;467.91;477.06;454.24;479.71;646.49;505.08
4273;Araruama;RJ;Estadual;166;479.16;502.19;466.5;490.69;586.87;505.08
4274;Piraí do Sul;PR;Estadual;18;493.48;497.47;477.39;495.87;561.11;505.07
4275;Salto de Pirapora;SP;Estadual;41;490.99;492.51;462.65;503.95;575.12;505.04
4276;Careaçu;MG;Estadual;2;478.25;443.75;490.6;552.4;560.0;505.0
4277;Encruzilhada;BA;Estadual;9;515.17;518.62;453.46;482.13;555.56;504.99
4278;Viamão;RS;Estadual;193;494.25;505.2;463.12;498.52;563.83;504.98
4279;Caldas Novas;GO;Estadual;296;486.15;493.77;464.22;507.41;573.31;504.97
4280;Maracaí;SP;Estadual;17;474.71;505.35;455.8;506.64;582.35;504.97
4281;Touros;RN;Estadual;25;458.5;462.06;463.16;467.45;673.6;504.96
4282;Arraial do Cabo;RJ;Estadual;24;484.81;480.65;483.55;507.41;568.33;504.95
4283;São José do Rio Pardo;SP;Municipal;6;478.48;465.15;432.93;481.37;666.67;504.92
4284;Caconde;SP;Estadual;10;463.06;463.82;479.13;484.58;634.0;504.92
4285;Barra de São Miguel;PB;Estadual;12;488.43;504.52;472.13;482.78;576.67;504.91
4286;Miracatu;SP;Estadual;7;490.46;480.97;451.19;504.69;597.14;504.89
4287;Cerejeiras;RO;Estadual;32;474.13;492.13;479.27;480.7;598.12;504.87
4288;Jaboatão dos Guararapes;PE;Estadual;1032;482.67;490.41;461.91;501.12;588.26;504.87
4289;Piquerobi;SP;Estadual;5;512.66;514.42;475.32;477.82;544.0;504.84
4290;Cunha Porã;SC;Estadual;22;474.67;519.65;474.63;487.09;568.18;504.84
4291;Poço Dantas;PB;Estadual;11;468.35;481.0;449.39;456.32;669.09;504.83
4292;Tacaratu;PE;Estadual;51;475.35;475.17;472.28;481.73;619.61;504.83
4293;Monte Alegre;RN;Estadual;16;473.09;480.59;466.7;491.19;612.5;504.82
4294;Alcântaras;CE;Estadual;40;481.9;477.21;460.69;514.77;589.5;504.81
4295;Sarandi;PR;Estadual;167;492.76;503.74;468.98;497.03;561.44;504.79
4296;Ivoti;RS;Estadual;33;480.98;492.85;474.39;489.54;586.06;504.76
4297;Ouro Preto;MG;Estadual;78;482.27;491.41;463.15;503.87;583.08;504.76
4298;Rio Formoso;PE;Estadual;30;465.99;498.0;471.52;505.58;582.67;504.75
4299;Aliança do Tocantins;TO;Estadual;19;475.17;485.14;460.81;485.78;616.84;504.75
4300;Nova Laranjeiras;PR;Estadual;18;478.48;497.27;500.49;510.73;536.67;504.73
4301;Itabuna;BA;Estadual;295;479.6;489.78;464.08;492.33;597.83;504.72
4302;Aurora;CE;Estadual;149;463.29;467.48;450.43;490.18;652.21;504.72
4303;Passo de Torres;SC;Estadual;21;481.3;501.93;477.69;477.86;584.76;504.71
4304;Bom Jardim;PE;Estadual;111;470.2;480.11;456.9;485.63;630.63;504.69
4305;Rio do Oeste;SC;Estadual;11;458.54;504.28;490.78;469.79;600.0;504.68
4306;Camaragibe;PE;Estadual;493;481.31;489.63;462.43;496.7;593.23;504.66
4307;Boituva;SP;Estadual;32;499.97;486.81;464.69;521.2;550.62;504.66
4308;Belém do Brejo do Cruz;PB;Estadual;24;469.0;467.28;435.18;454.97;696.67;504.62
4309;Mulungu;PB;Estadual;16;486.99;484.92;425.25;467.21;658.75;504.62
4310;Santo Expedito;SP;Estadual;1;536.3;517.3;486.5;423.0;560.0;504.62
4311;Riacho de Santana;RN;Estadual;10;463.69;468.85;456.52;509.9;624.0;504.59
4312;Barro;CE;Estadual;120;468.71;480.64;460.14;485.06;628.17;504.54
4313;Alcobaça;BA;Estadual;17;478.94;479.38;461.58;499.24;603.53;504.53
4314;Campos Gerais;MG;Estadual;35;482.89;473.89;453.91;502.75;609.14;504.52
4315;São João de Meriti;RJ;Estadual;566;487.95;497.3;457.24;498.17;581.77;504.49
4316;Santa Rita do Itueto;MG;Estadual;2;492.3;452.95;455.1;492.1;630.0;504.49
4317;Alagoinhas;BA;Estadual;225;480.9;493.43;465.4;488.1;594.49;504.46
4318;Piumhi;MG;Estadual;37;482.33;491.36;462.93;522.36;563.24;504.44
4319;Itá;SC;Estadual;17;481.87;505.48;478.01;501.47;555.29;504.42
4320;Fortuna;MA;Estadual;44;476.9;491.08;473.53;492.62;587.73;504.37
4321;Cerro Corá;RN;Estadual;12;493.96;532.52;468.73;469.89;556.67;504.36
4322;Rio Verde;GO;Estadual;441;482.81;494.43;462.22;500.69;581.59;504.35
4323;Arapongas;PR;Estadual;207;490.82;499.01;465.74;506.27;559.81;504.33
4324;Forquilha;CE;Estadual;127;484.26;483.35;464.42;514.66;574.8;504.3
4325;Jaramataia;AL;Estadual;4;476.62;470.88;449.05;479.92;645.0;504.29
4326;Anajatuba;MA;Estadual;23;445.37;458.39;458.65;461.61;697.39;504.28
4327;Viana;MA;Estadual;73;467.89;468.62;458.99;484.18;641.64;504.27
4328;Alto Alegre do Pindaré;MA;Privada;1;491.6;473.8;564.4;471.5;520.0;504.26
4329;Rondon;PR;Estadual;12;491.02;468.31;462.95;487.31;611.67;504.25
4330;Uibaí;BA;Privada;5;442.76;506.6;457.18;442.62;672.0;504.23
4331;Itacaré;BA;Estadual;29;471.22;490.84;470.08;504.88;584.14;504.23
4332;São Vendelino;RS;Estadual;9;492.09;492.53;485.24;491.26;560.0;504.22
4333;Bandeirantes;PR;Estadual;67;481.59;495.43;466.39;497.39;580.3;504.22
4334;Patrocínio;MG;Estadual;100;488.04;493.75;457.27;504.13;577.8;504.2
4335;Itaberaba;BA;Estadual;129;487.24;494.65;464.63;486.72;587.75;504.2
4336;Estrela do Norte;SP;Estadual;4;512.42;494.72;463.85;494.82;555.0;504.16
4337;Cajobi;SP;Estadual;18;479.06;491.98;458.14;471.59;620.0;504.16
4338;Manhumirim;MG;Estadual;22;479.51;496.88;466.78;510.24;567.27;504.14
4339;Bom Jardim da Serra;SC;Estadual;4;498.9;482.25;499.88;544.62;495.0;504.13
4340;Aparecida de Goiânia;GO;Estadual;1067;480.71;493.63;464.15;498.24;583.84;504.11
4341;Macaé;RJ;Estadual;335;483.6;486.32;459.79;497.2;593.61;504.1
4342;Nova Esperança do Sudoeste;PR;Estadual;7;465.7;494.1;470.04;513.4;577.14;504.08
4343;Ariquemes;RO;Estadual;185;479.39;491.98;466.98;501.8;580.22;504.07
4344;Curitibanos;SC;Estadual;100;474.06;509.97;474.16;506.72;555.4;504.06
4345;Ingaí;MG;Estadual;10;490.95;528.86;483.56;524.9;492.0;504.05
4346;Sabará;MG;Estadual;90;486.31;499.29;456.64;495.57;582.44;504.05
4347;Riozinho;RS;Estadual;5;492.92;472.06;472.36;446.9;636.0;504.05
4348;Itatim;BA;Estadual;13;466.16;467.94;466.08;484.7;635.38;504.05
4349;Bom Conselho;PE;Estadual;92;477.09;482.18;461.58;507.34;591.96;504.03
4350;Maravilha;AL;Estadual;2;549.6;477.3;459.8;453.45;580.0;504.03
4351;Teresina;PI;Estadual;1701;475.78;487.97;456.58;490.52;609.27;504.02
4352;Descanso;SC;Estadual;5;471.5;476.28;493.0;539.26;540.0;504.01
4353;Andorinha;BA;Privada;11;440.55;473.3;482.5;509.07;614.55;503.99
4354;Grão-Pará;SC;Estadual;20;454.78;474.07;455.78;500.34;635.0;503.99
4355;Ivinhema;MS;Estadual;57;474.52;484.1;465.01;487.15;609.12;503.98
4356;Catalão;GO;Estadual;189;476.82;492.27;462.56;488.35;599.89;503.98
4357;Santo Inácio do Piauí;PI;Estadual;4;471.82;472.72;466.58;513.65;595.0;503.96
4358;Igrapiúna;BA;Municipal;3;508.6;509.7;446.63;454.7;600.0;503.93
4359;São Sebastião do Oeste;MG;Estadual;9;489.11;490.68;490.76;466.84;582.22;503.92
4360;Cabo Frio;RJ;Municipal;45;476.71;479.36;467.83;494.73;600.89;503.9
4361;Rio do Fogo;RN;Estadual;12;486.71;494.49;439.6;511.81;586.67;503.86
4362;Triunfo;PE;Estadual;70;477.71;479.22;463.25;504.43;594.57;503.84
4363;Sertaneja;PR;Estadual;10;467.14;471.92;490.04;504.06;586.0;503.83
4364;Três Ranchos;GO;Estadual;5;468.0;490.1;406.48;506.56;648.0;503.83
4365;Campo Grande;MS;Municipal;8;488.91;446.22;485.4;498.51;600.0;503.81
4366;Paulo Bento;RS;Estadual;9;466.49;467.39;475.53;509.52;600.0;503.79
4367;Sonora;MS;Estadual;28;486.54;480.33;456.69;510.4;585.0;503.79
4368;Ibirajuba;PE;Estadual;11;462.7;484.5;466.15;485.54;620.0;503.78
4369;Aparecida do Taboado;MS;Estadual;27;472.21;485.36;472.74;507.09;581.48;503.78
4370;São Sebastião do Tocantins;TO;Estadual;5;459.0;453.48;454.0;484.38;668.0;503.77
4371;Crato;CE;Estadual;618;481.15;487.47;459.09;489.64;601.46;503.76
4372;Dom Pedro;MA;Estadual;65;462.63;486.09;465.72;483.33;620.92;503.74
4373;Arara;PB;Estadual;21;469.6;492.9;462.43;483.19;610.48;503.72
4374;Ipiranga do Piauí;PI;Estadual;19;452.42;479.36;459.84;489.08;637.89;503.72
4375;Santa Tereza do Tocantins;TO;Estadual;1;457.9;534.0;456.6;470.1;600.0;503.72
4376;Caturité;PB;Estadual;6;430.3;475.33;444.78;511.47;656.67;503.71
4377;Onda Verde;SP;Estadual;5;483.22;507.48;477.46;462.12;588.0;503.66
4378;Seberi;RS;Estadual;19;483.3;496.53;474.55;494.37;569.47;503.65
4379;Solânea;PB;Estadual;52;467.56;487.08;467.55;485.23;610.77;503.64
4380;Macatuba;SP;Estadual;17;495.34;513.71;451.64;482.21;575.29;503.64
4381;Cajazeiras;PB;Estadual;189;471.54;486.01;460.02;494.12;606.24;503.59
4382;Jardim;MS;Estadual;41;476.2;507.89;462.81;503.19;567.8;503.58
4383;Tomazina;PR;Estadual;8;503.96;510.65;458.22;479.98;565.0;503.56
4384;Jaqueira;PE;Estadual;23;489.35;477.54;436.55;515.92;598.26;503.53
4385;Redenção;PA;Estadual;174;464.66;475.81;461.92;490.27;624.83;503.5
4386;Tenente Laurentino Cruz;RN;Estadual;8;449.2;467.64;462.11;530.96;607.5;503.48
4387;Patos;PB;Municipal;2;450.45;467.2;463.8;425.9;710.0;503.47
4388;Graça Aranha;MA;Estadual;12;468.79;492.22;449.76;468.19;638.33;503.46
4389;Nossa Senhora das Dores;SE;Estadual;65;458.52;476.99;450.28;491.06;640.31;503.43
4390;Terra Rica;PR;Estadual;28;468.8;494.56;483.56;482.38;587.86;503.43
4391;Alagoa;MG;Estadual;9;485.83;484.69;449.39;495.01;602.22;503.43
4392;Uauá;BA;Estadual;44;471.2;499.03;468.96;488.69;589.09;503.39
4393;Santo Antônio do Rio Abaixo;MG;Estadual;3;507.3;495.0;452.97;481.3;580.0;503.31
4394;Nova Marilândia;MT;Estadual;9;485.31;498.82;446.04;504.09;582.22;503.3
4395;Verê;PR;Estadual;33;476.48;488.55;470.33;502.34;578.79;503.3
4396;Piúma;ES;Estadual;34;492.0;488.16;495.44;503.2;537.65;503.29
4397;Solidão;PE;Estadual;32;478.73;478.9;463.71;509.35;585.62;503.26
4398;Maracanã;PA;Municipal;15;470.29;471.99;479.98;506.01;588.0;503.26
4399;Governador Dix-Sept Rosado;RN;Estadual;22;467.1;486.42;458.16;503.71;600.91;503.26
4400;Fátima do Sul;MS;Estadual;62;480.56;488.31;470.63;495.81;580.97;503.26
4401;Baixio;CE;Estadual;19;450.34;483.13;459.12;476.14;647.37;503.22
4402;Presidente Venceslau;SP;Estadual;60;490.54;506.1;465.54;506.27;547.67;503.22
4403;São Domingos;SE;Estadual;15;446.54;467.98;464.83;475.27;661.33;503.19
4404;Campo do Meio;MG;Estadual;18;484.48;495.66;467.12;498.61;570.0;503.17
4405;Paty do Alferes;RJ;Estadual;32;481.58;499.19;459.92;491.33;583.75;503.16
4406;São João da Ponte;MG;Estadual;25;456.55;481.19;477.06;496.17;604.8;503.15
4407;Vilhena;RO;Estadual;151;479.06;496.55;459.84;499.92;580.26;503.13
4408;Pirambu;SE;Estadual;4;456.32;515.78;485.92;437.45;620.0;503.1
4409;São Lourenço da Mata;PE;Estadual;218;481.32;490.37;467.75;499.61;576.42;503.09
4410;Iguaracy;PE;Estadual;17;458.27;473.85;448.88;495.53;638.82;503.07
4411;Marcelino Vieira;RN;Estadual;18;445.13;478.28;454.32;483.11;654.44;503.06
4412;Água Fria de Goiás;GO;Estadual;15;487.97;468.85;462.4;513.25;582.67;503.03
4413;Ibaiti;PR;Estadual;45;478.75;501.46;468.95;508.52;557.33;503.0
4414;Jaboti;PR;Estadual;16;486.33;478.16;469.21;481.21;600.0;502.98
4415;Ferros;MG;Estadual;7;489.19;510.24;449.74;485.69;580.0;502.97
4416;Vera Cruz;RN;Estadual;12;479.38;484.84;466.72;510.52;573.33;502.96
4417;Uruará;PA;Municipal;16;459.31;515.81;478.76;492.06;568.75;502.94
4418;Pontal;SP;Estadual;59;474.58;494.43;448.11;501.51;595.93;502.91
4419;Cerro Negro;SC;Estadual;7;447.96;496.5;476.8;493.3;600.0;502.91
4420;São Sebastião de Lagoa de Roça;PB;Estadual;21;478.53;484.87;462.11;463.29;625.71;502.9
4421;Porto Real do Colégio;AL;Estadual;28;453.36;468.31;448.15;462.56;682.14;502.9
4422;Santa Rita do Araguaia;GO;Estadual;26;470.97;501.88;466.61;505.79;569.23;502.9
4423;Pesqueira;PE;Estadual;101;483.76;482.94;467.74;506.4;573.66;502.9
4424;Ibiporã;PR;Estadual;71;487.59;507.32;466.82;497.24;555.49;502.89
4425;Dourados;MS;Estadual;510;478.76;490.1;461.45;501.29;582.82;502.88
4426;Xapuri;AC;Federal;30;476.95;494.82;481.47;490.41;570.67;502.87
4427;Bagé;RS;Estadual;174;490.52;497.81;466.67;503.33;555.98;502.86
4428;Cajuru;SP;Estadual;39;484.13;484.7;462.64;500.22;582.56;502.85
4429;Campina do Monte Alegre;SP;Estadual;12;487.7;480.81;466.85;471.97;606.67;502.8
4430;Feira Nova;PE;Estadual;82;471.33;474.89;463.48;487.7;616.59;502.8
4431;Belém do São Francisco;PE;Estadual;45;476.42;471.16;457.35;503.08;605.78;502.76
4432;Serra do Navio;AP;Estadual;7;478.67;466.44;478.3;518.94;571.43;502.76
4433;Gurinhatã;MG;Estadual;10;472.35;492.29;461.36;535.77;552.0;502.75
4434;Porto Velho;RO;Estadual;1233;471.59;485.71;458.6;489.19;608.65;502.75
4435;Divisópolis;MG;Estadual;7;475.39;500.26;479.04;493.2;565.71;502.72
4436;São Francisco de Paula;RS;Estadual;12;473.31;509.54;473.96;505.09;551.67;502.71
4437;Natalândia;MG;Estadual;4;501.62;496.82;463.1;491.98;560.0;502.71
4438;São Miguel do Tapuio;PI;Estadual;42;468.15;506.38;452.96;485.99;600.0;502.7
4439;Carpina;PE;Estadual;273;466.14;474.62;460.98;499.38;612.38;502.7
4440;Salto do Itararé;PR;Estadual;6;464.7;464.43;462.82;494.82;626.67;502.69
4441;Santa Branca;SP;Estadual;15;499.52;502.24;480.97;496.03;534.67;502.69
4442;Dores do Rio Preto;ES;Estadual;20;470.42;495.66;492.56;501.8;553.0;502.69
4443;Rio Branco;AC;Estadual;902;479.69;495.4;461.02;495.07;582.22;502.68
4444;Correia Pinto;SC;Privada;4;515.33;475.12;468.25;499.72;555.0;502.68
4445;Bonito;PE;Estadual;126;473.99;483.71;443.0;489.75;622.86;502.66
4446;Lebon Régis;SC;Estadual;14;459.29;481.56;475.18;518.7;578.57;502.66
4447;Jaru;RO;Estadual;73;474.38;492.18;460.9;501.66;584.11;502.65
4448;Wenceslau Guimarães;BA;Estadual;11;475.25;504.88;449.85;492.29;590.91;502.64
4449;Barão de Monte Alto;MG;Estadual;12;467.68;486.19;465.42;485.58;608.33;502.64
4450;Estrela do Sul;MG;Estadual;13;489.14;492.78;455.01;482.42;593.85;502.64
4451;Santa Helena;PR;Estadual;42;489.23;490.61;471.29;499.11;562.86;502.62
4452;Pirapora;MG;Estadual;79;476.48;492.35;464.5;506.81;572.91;502.61
4453;Presidente Figueiredo;AM;Federal;38;484.2;492.26;459.83;490.41;586.32;502.6
4454;Caculé;BA;Estadual;27;456.24;493.8;460.71;502.88;599.26;502.58
4455;Santana de Cataguases;MG;Estadual;3;440.27;508.83;392.33;418.13;753.33;502.58
4456;Boqueirão;PB;Estadual;37;472.36;486.13;465.86;489.53;598.92;502.56
4457;Porto Esperidião;MT;Estadual;24;476.23;489.98;468.18;507.59;570.83;502.56
4458;Juru;PB;Estadual;15;466.41;475.11;474.13;517.09;580.0;502.55
4459;Ouro Verde do Oeste;PR;Estadual;1;496.2;505.6;421.7;509.2;580.0;502.54
4460;Santo Antônio das Missões;RS;Estadual;15;490.87;488.71;466.49;502.46;564.0;502.51
4461;Central;BA;Estadual;7;457.44;460.63;466.74;487.7;640.0;502.5
4462;Crato;CE;Federal;34;468.6;492.47;461.24;514.85;575.29;502.49
4463;Fontoura Xavier;RS;Estadual;13;463.12;496.38;458.8;511.05;583.08;502.48
4464;Rodrigues Alves;AC;Estadual;12;456.21;484.73;457.38;484.06;630.0;502.48
4465;Nossa Senhora Aparecida;SE;Estadual;11;467.24;472.03;469.74;508.75;594.55;502.46
4466;Nova Santa Helena;MT;Estadual;6;451.77;503.4;482.78;510.93;563.33;502.44
4467;Paraíso das Águas;MS;Estadual;7;468.43;483.19;475.34;465.1;620.0;502.41
4468;Queimados;RJ;Estadual;161;482.78;493.96;454.02;494.22;586.96;502.39
4469;Jussara;GO;Estadual;80;471.0;477.75;466.58;499.34;597.25;502.38
4470;Serra do Mel;RN;Estadual;13;455.56;502.25;453.98;497.05;603.08;502.38
4471;São Luís;MA;Municipal;1;381.4;528.6;560.0;561.9;480.0;502.38
4472;Itirapuã;SP;Estadual;5;490.12;506.28;462.56;512.88;540.0;502.37
4473;Camaçari;BA;Estadual;433;483.17;494.87;465.53;495.85;572.29;502.34
4474;Lagoinha do Piauí;PI;Estadual;9;469.56;468.78;447.97;496.44;628.89;502.33
4475;Miracema do Tocantins;TO;Estadual;48;473.1;490.59;456.86;499.42;591.67;502.33
4476;Silveira Martins;RS;Estadual;10;471.97;488.79;487.96;524.95;538.0;502.33
4477;Areia Branca;RN;Privada;14;480.25;470.88;451.61;524.63;584.29;502.33
4478;São Vicente do Seridó;PB;Estadual;14;454.58;489.93;469.34;512.06;585.71;502.32
4479;São Pedro da Aldeia;RJ;Estadual;114;489.55;504.51;456.96;495.6;564.91;502.31
4480;Fernando Prestes;SP;Estadual;7;472.76;491.71;478.67;505.56;562.86;502.31
4481;Paranavaí;PR;Estadual;99;482.48;491.78;460.8;495.69;580.81;502.31
4482;Girau do Ponciano;AL;Privada;10;461.66;501.13;436.81;511.89;600.0;502.3
4483;Córrego Danta;MG;Estadual;1;505.1;469.6;444.0;572.8;520.0;502.3
4484;Paranaguá;PR;Estadual;164;485.89;496.01;465.12;498.32;566.1;502.29
4485;Paranapuã;SP;Estadual;3;473.03;448.47;440.03;529.93;620.0;502.29
4486;Santo Antônio do Aventureiro;MG;Estadual;8;465.7;489.38;455.25;531.01;570.0;502.27
4487;Barra Longa;MG;Estadual;3;494.47;509.5;464.93;469.0;573.33;502.25
4488;Pedra Lavrada;PB;Estadual;10;478.11;503.58;481.54;485.88;562.0;502.22
4489;Frei Paulo;SE;Estadual;19;461.32;492.65;460.07;485.38;611.58;502.2
4490;Mairi;BA;Estadual;13;463.95;473.12;466.82;483.97;623.08;502.19
4491;São José da Coroa Grande;PE;Estadual;50;469.22;472.93;476.57;500.53;591.6;502.17
4492;Alcântara;MA;Federal;19;478.39;482.67;466.7;493.53;589.47;502.15
4493;Mãe d'Água;PB;Estadual;8;449.35;460.78;426.75;538.88;635.0;502.15
4494;Pacajá;PA;Municipal;3;477.1;454.5;474.03;538.33;566.67;502.13
4495;Altamira;PA;Estadual;246;466.45;489.99;460.16;494.88;599.02;502.1
4496;São João do Sabugi;RN;Estadual;8;427.7;482.94;457.69;479.65;662.5;502.1
4497;Diamantino;MT;Privada;7;446.94;510.03;467.23;486.31;600.0;502.1
4498;Trairão;PA;Estadual;5;468.56;516.4;452.7;524.82;548.0;502.1
4499;Orindiúva;SP;Estadual;7;470.33;494.66;459.61;505.86;580.0;502.09
4500;Pradópolis;SP;Estadual;29;486.92;505.16;466.78;513.56;537.93;502.07
4501;Rio Vermelho;MG;Estadual;9;496.99;492.04;453.74;483.06;584.44;502.06
4502;Américo de Campos;SP;Municipal;7;484.34;505.29;468.41;506.4;545.71;502.03
4503;Riacho de Santo Antônio;PB;Estadual;2;465.25;495.2;440.75;468.95;640.0;502.03
4504;Itaiópolis;SC;Privada;4;479.22;498.18;493.6;479.15;560.0;502.03
4505;Caçu;GO;Estadual;24;482.74;476.75;464.47;493.67;592.5;502.02
4506;São Luís;MA;Estadual;2451;474.87;487.83;457.32;489.47;600.56;502.01
4507;Áurea;RS;Estadual;6;491.58;516.25;489.62;465.9;546.67;502.0
4508;Vargem Grande;MA;Municipal;11;447.77;461.59;459.17;506.72;634.55;501.96
4509;São Raimundo das Mangabeiras;MA;Federal;37;457.47;470.81;458.33;494.43;628.65;501.94
4510;Lagoa dos Gatos;PE;Estadual;28;454.37;467.4;453.91;493.32;640.71;501.94
4511;Igarapé-Açu;PA;Privada;16;477.91;485.2;461.31;442.73;642.5;501.93
4512;São Roque de Minas;MG;Estadual;11;472.07;500.89;480.85;486.49;569.09;501.88
4513;Rondonópolis;MT;Estadual;452;474.03;489.42;462.58;501.25;582.08;501.87
4514;Capivari de Baixo;SC;Estadual;19;467.19;477.57;483.77;491.12;589.47;501.82
4515;Santa Rita de Ibitipoca;MG;Estadual;10;460.57;475.28;451.74;491.51;630.0;501.82
4516;Santa Vitória do Palmar;RS;Municipal;4;456.05;485.45;450.38;522.25;595.0;501.82
4517;Vila Nova do Sul;RS;Estadual;8;466.72;497.39;480.51;491.94;572.5;501.81
4518;Itaboraí;RJ;Estadual;213;477.26;487.75;454.07;494.57;595.31;501.79
4519;Juquitiba;SP;Estadual;49;490.17;488.18;465.67;488.55;576.33;501.78
4520;Nossa Senhora do Socorro;SE;Estadual;157;472.35;490.27;449.0;476.66;620.64;501.78
4521;Mendonça;SP;Estadual;6;514.13;447.98;455.58;504.47;586.67;501.77
4522;Assunção do Piauí;PI;Municipal;1;484.6;440.3;424.2;459.7;700.0;501.76
4523;Rodeio;SC;Estadual;6;487.55;510.53;508.15;509.23;493.33;501.76
4524;Três Marias;MG;Estadual;37;483.66;476.99;455.71;502.07;590.27;501.74
4525;Vitória das Missões;RS;Estadual;2;495.2;491.05;453.8;508.65;560.0;501.74
4526;Rafael Godeiro;RN;Estadual;19;449.23;462.62;433.26;479.36;684.21;501.73
4527;Salvador;BA;Estadual;3615;481.94;493.52;460.02;493.79;579.41;501.73
4528;Ibimirim;PE;Estadual;35;476.21;469.51;458.03;500.26;604.57;501.72
4529;Triunfo;RS;Municipal;39;475.23;485.06;477.22;520.83;550.26;501.72
4530;Barreirinhas;MA;Federal;78;469.72;469.3;465.13;489.56;614.87;501.72
4531;Ulianópolis;PA;Estadual;19;457.58;479.25;453.74;502.22;615.79;501.71
4532;Alto Rio Novo;ES;Estadual;20;474.86;482.93;445.3;501.42;604.0;501.7
4533;Malta;PB;Estadual;11;474.48;492.25;472.3;505.73;563.64;501.68
4534;Itutinga;MG;Estadual;9;485.41;483.61;459.62;508.6;571.11;501.67
4535;Campo Maior;PI;Estadual;134;461.4;480.64;452.19;490.2;623.88;501.66
4536;Berilo;MG;Estadual;14;481.67;494.81;468.09;473.71;590.0;501.65
4537;Cuiabá;MT;Estadual;1028;473.66;491.43;460.41;495.76;586.87;501.63
4538;São José do Alegre;MG;Estadual;4;482.28;451.42;452.82;516.48;605.0;501.6
4539;Ametista do Sul;RS;Estadual;4;482.22;445.38;458.6;506.8;615.0;501.6
4540;São Pedro do Paraná;PR;Estadual;4;483.12;519.52;481.55;528.78;495.0;501.6
4541;Ouro Preto do Oeste;RO;Estadual;57;472.4;478.01;454.82;505.19;597.54;501.59
4542;Santa Luzia do Norte;AL;Estadual;3;435.23;496.03;501.57;501.63;573.33;501.56
4543;Casinhas;PE;Estadual;15;441.78;463.34;449.37;450.57;702.67;501.55
4544;Caraúbas;PB;Estadual;8;436.45;486.05;454.09;498.59;632.5;501.54
4545;Catende;PE;Estadual;51;474.11;471.3;442.84;506.05;613.33;501.53
4546;São Brás do Suaçuí;MG;Estadual;9;471.21;487.57;438.22;519.52;591.11;501.53
4547;Parauapebas;PA;Estadual;311;470.35;483.11;458.88;491.41;603.79;501.51
4548;Águas Frias;SC;Estadual;5;487.22;500.96;486.64;512.68;520.0;501.5
4549;Crisópolis;BA;Estadual;25;465.43;479.04;459.98;477.25;625.6;501.46
4550;Bocaina;SP;Estadual;8;450.7;504.35;448.55;513.54;590.0;501.43
4551;Cerro Grande do Sul;RS;Estadual;26;477.32;484.45;472.15;492.39;580.77;501.42
4552;Oriente;SP;Estadual;2;535.8;505.0;500.55;515.55;450.0;501.38
4553;Nova Xavantina;MT;Estadual;40;452.86;487.1;463.88;494.58;608.5;501.38
4554;Amambai;MS;Estadual;68;478.83;484.49;464.54;504.82;574.12;501.36
4555;Caturama;BA;Estadual;11;445.01;487.15;474.07;500.5;600.0;501.35
4556;Goianápolis;GO;Estadual;33;466.05;492.06;469.85;480.6;598.18;501.35
4557;Bom Retiro;SC;Estadual;25;486.69;483.46;479.6;508.2;548.8;501.35
4558;Sabino;SP;Estadual;1;500.6;411.9;411.4;582.8;600.0;501.34
4559;Jaguaribe;CE;Estadual;155;471.62;481.38;450.58;490.51;612.52;501.32
4560;São Sebastião do Passé;BA;Estadual;45;487.79;497.57;465.4;478.92;576.89;501.31
4561;Belém de Maria;PE;Municipal;1;429.0;522.2;397.7;497.6;660.0;501.3
4562;Reserva;PR;Estadual;17;487.87;510.85;467.55;481.31;558.82;501.28
4563;Araçoiaba da Serra;SP;Estadual;31;484.66;487.79;465.11;508.74;560.0;501.26
4564;Prudente de Morais;MG;Estadual;4;472.05;476.3;470.4;517.57;570.0;501.26
4565;Santo Antônio do Leste;MT;Estadual;3;457.23;495.0;458.33;488.97;606.67;501.24
4566;Bocaina;PI;Estadual;11;463.98;493.45;444.95;471.06;632.73;501.23
4567;Lago dos Rodrigues;MA;Estadual;22;472.16;494.8;441.38;479.59;618.18;501.22
4568;Pirangi;SP;Estadual;10;492.47;503.6;425.68;510.28;574.0;501.21
4569;Peixe-Boi;PA;Municipal;6;502.95;468.98;442.72;434.62;656.67;501.19
4570;Sebastião Leal;PI;Estadual;8;456.32;501.54;451.72;486.36;610.0;501.19
4571;Pinheiral;RJ;Estadual;32;466.92;479.77;444.24;477.37;637.5;501.16
4572;Camamu;BA;Privada;11;484.55;488.28;460.96;464.61;607.27;501.13
4573;Anísio de Abreu;PI;Estadual;19;455.6;497.19;464.75;513.39;574.74;501.13
4574;Itapiúna;CE;Estadual;42;484.4;492.45;454.61;491.73;582.38;501.12
4575;Santana do Riacho;MG;Estadual;12;468.05;481.38;473.87;490.61;591.67;501.12
4576;Cariri do Tocantins;TO;Estadual;4;440.85;443.95;403.45;507.35;710.0;501.12
4577;São João do Manhuaçu;MG;Estadual;19;469.98;487.48;457.43;499.94;590.53;501.07
4578;Cipó;BA;Estadual;44;474.7;490.58;453.71;500.83;585.45;501.05
4579;Três Rios;RJ;Estadual;96;479.66;489.54;457.2;490.24;588.54;501.04
4580;Paulínia;SP;Estadual;68;491.81;483.97;466.98;502.43;560.0;501.04
4581;Bandeirantes;MS;Estadual;18;475.64;504.41;456.66;493.99;574.44;501.03
4582;Xinguara;PA;Privada;12;446.43;480.82;481.63;501.11;595.0;501.0
4583;Sanharó;PE;Municipal;1;539.3;427.0;391.0;567.6;580.0;500.98
4584;Liberato Salzano;RS;Estadual;8;469.85;480.8;466.31;482.89;605.0;500.97
4585;São João do Cariri;PB;Estadual;22;461.96;458.82;458.63;475.28;650.0;500.94
4586;Anahy;PR;Estadual;1;509.8;549.9;464.9;420.0;560.0;500.92
4587;Maracanaú;CE;Estadual;860;480.85;488.4;458.25;489.2;587.7;500.88
4588;Pouso Novo;RS;Estadual;1;413.9;489.8;471.4;509.2;620.0;500.86
4589;Jatobá;PE;Estadual;23;457.82;485.34;467.1;491.34;602.61;500.84
4590;Itumbiara;GO;Estadual;198;474.96;491.57;460.35;507.87;569.39;500.83
4591;Douradoquara;MG;Estadual;4;464.72;492.6;449.98;491.78;605.0;500.82
4592;Piripiri;PI;Estadual;151;466.49;472.27;455.25;492.13;617.88;500.81
4593;Casimiro de Abreu;RJ;Estadual;63;480.26;482.01;460.47;494.61;586.67;500.8
4594;Cuitegi;PB;Estadual;3;488.73;526.33;436.03;499.53;553.33;500.79
4595;Teixeira;PB;Estadual;23;473.52;496.82;459.36;491.58;582.61;500.78
4596;Santo Antônio de Posse;SP;Estadual;17;498.18;480.88;462.36;500.09;562.35;500.77
4597;Marilac;MG;Estadual;4;496.15;482.38;485.72;529.58;510.0;500.77
4598;Paraíso do Tocantins;TO;Estadual;114;474.41;480.43;453.36;498.58;597.02;500.76
4599;Irecê;BA;Estadual;104;467.4;479.43;467.17;501.48;588.27;500.75
4600;Cariacica;ES;Estadual;637;479.46;487.29;458.98;499.44;578.52;500.74
4601;Angélica;MS;Estadual;14;467.18;469.31;431.02;468.94;667.14;500.72
4602;Goiás;GO;Federal;19;481.73;497.76;463.63;486.76;573.68;500.71
4603;Paragominas;PA;Estadual;154;470.01;479.88;452.89;481.92;618.83;500.71
4604;Quinze de Novembro;RS;Estadual;6;443.93;473.18;457.53;492.17;636.67;500.7
4605;Juarez Távora;PB;Estadual;8;456.39;471.86;467.35;520.29;587.5;500.68
4606;Gurupá;PA;Estadual;16;449.44;447.72;445.89;493.92;666.25;500.64
4607;Coronel Freitas;SC;Estadual;23;465.24;488.7;482.77;495.19;571.3;500.64
4608;Santana de Mangueira;PB;Estadual;5;481.76;493.26;449.94;505.96;572.0;500.58
4609;Lauro de Freitas;BA;Estadual;283;479.94;492.95;459.48;498.1;572.37;500.57
4610;Rio Negro;PR;Estadual;36;472.11;505.9;462.67;511.04;551.11;500.57
4611;Presidente Dutra;MA;Estadual;76;466.78;481.7;461.58;489.82;602.89;500.56
4612;Campina Grande do Sul;PR;Estadual;50;485.11;495.21;457.98;501.72;562.8;500.56
4613;Charqueadas;RS;Estadual;67;490.82;487.07;474.72;484.84;565.37;500.56
4614;Presidente Kennedy;TO;Estadual;11;473.51;479.27;442.19;509.44;598.18;500.52
4615;Júlio Borges;PI;Municipal;1;440.3;391.1;467.9;603.2;600.0;500.5
4616;Talismã;TO;Estadual;6;498.1;503.52;457.27;473.63;570.0;500.5
4617;Amaral Ferrador;RS;Estadual;11;485.35;508.5;453.58;487.75;567.27;500.49
4618;Canápolis;MG;Estadual;9;469.07;487.41;462.4;494.6;588.89;500.47
4619;Conceição do Canindé;PI;Estadual;7;421.34;438.43;453.9;480.11;708.57;500.47
4620;Taguaí;SP;Estadual;11;487.19;511.89;455.32;518.88;529.09;500.47
4621;Herval d'Oeste;SC;Estadual;37;470.63;507.18;454.73;514.06;555.68;500.46
4622;Porto Real;RJ;Estadual;5;459.72;487.2;455.78;487.5;612.0;500.44
4623;Timon;MA;Estadual;434;467.09;475.01;452.4;484.94;622.67;500.43
4624;Várzea Alegre;CE;Estadual;270;466.41;479.2;453.0;497.56;605.93;500.42
4625;Vianópolis;GO;Estadual;37;474.92;488.49;449.95;516.19;572.43;500.4
4626;Araputanga;MT;Estadual;18;472.34;471.6;444.97;459.62;653.33;500.37
4627;Jerônimo Monteiro;ES;Estadual;11;475.92;501.91;453.58;526.64;543.64;500.34
4628;Mato Verde;MG;Estadual;22;475.59;470.55;465.3;522.01;568.18;500.33
4629;Carneirinho;MG;Estadual;5;476.22;519.3;463.2;470.72;572.0;500.29
4630;Santa Juliana;MG;Estadual;3;480.67;450.4;438.43;465.2;666.67;500.27
4631;Sales;SP;Estadual;8;500.1;474.16;424.24;460.24;642.5;500.25
4632;Marilândia do Sul;PR;Estadual;6;451.83;465.85;442.83;480.57;660.0;500.22
4633;Coronel Pilar;RS;Estadual;2;501.65;490.05;431.95;497.4;580.0;500.21
4634;Conchas;SP;Estadual;9;472.33;482.33;442.07;537.51;566.67;500.18
4635;Camocim;CE;Estadual;410;482.09;488.47;456.65;499.2;574.49;500.18
4636;Mundo Novo;MS;Privada;10;469.77;469.43;448.71;510.88;602.0;500.16
4637;Caririaçu;CE;Estadual;149;467.54;482.5;460.19;494.59;595.97;500.16
4638;Araruna;PB;Estadual;53;459.92;473.01;451.59;491.38;624.91;500.16
4639;Sinop;MT;Estadual;215;471.59;491.77;466.35;491.76;579.26;500.15
4640;José da Penha;RN;Estadual;4;477.42;476.5;451.62;465.15;630.0;500.14
4641;Arenápolis;MT;Estadual;17;454.65;489.21;471.85;502.62;582.35;500.14
4642;Olinda;PE;Estadual;586;477.38;483.9;455.6;498.85;584.91;500.13
4643;Saloá;PE;Estadual;16;452.96;465.78;452.36;492.04;637.5;500.13
4644;Campo do Tenente;PR;Estadual;2;471.5;438.0;427.35;593.75;570.0;500.12
4645;Dom Silvério;MG;Estadual;10;469.99;463.92;469.17;497.33;600.0;500.08
4646;Caetés;PE;Estadual;49;482.99;480.01;442.97;515.27;579.18;500.08
4647;Araporã;MG;Estadual;9;501.83;462.42;448.4;509.92;577.78;500.07
4648;Guia Lopes da Laguna;MS;Estadual;21;457.2;478.8;469.74;513.54;580.95;500.05
4649;Senador Modestino Gonçalves;MG;Estadual;7;472.34;479.73;477.54;484.94;585.71;500.05
4650;Cascavel;CE;Privada;12;497.52;459.3;420.56;512.83;610.0;500.04
4651;Pentecoste;CE;Estadual;261;472.18;483.96;458.4;498.4;587.28;500.04
4652;Mucuri;BA;Estadual;37;457.53;494.72;461.62;499.68;586.49;500.01
4653;Barrocas;BA;Estadual;9;471.4;489.29;468.28;488.79;582.22;500.0
4654;Jataúba;PE;Estadual;19;457.35;459.97;444.35;475.08;663.16;499.98
4655;Eusébio;CE;Estadual;244;483.32;486.57;461.9;498.25;569.84;499.98
4656;Cairu;BA;Estadual;15;486.01;488.23;457.95;470.21;597.33;499.95
4657;Anicuns;GO;Estadual;67;466.68;477.63;461.55;502.83;591.04;499.95
4658;Divino;MG;Estadual;27;457.16;484.81;467.53;503.12;586.67;499.86
4659;Uruará;PA;Estadual;16;459.69;506.19;456.19;473.42;603.75;499.85
4660;Taquarussu;MS;Estadual;18;464.69;470.24;462.76;497.08;604.44;499.84
4661;Araçagi;PB;Estadual;35;462.97;477.53;454.45;489.38;614.86;499.84
4662;Juara;MT;Estadual;70;473.19;483.5;465.32;492.0;585.14;499.83
4663;Água Doce do Norte;ES;Estadual;24;478.71;487.28;461.48;509.97;561.67;499.82
4664;Ilhéus;BA;Estadual;265;473.52;482.66;464.94;495.29;582.64;499.81
4665;Tamboril;CE;Estadual;144;476.83;487.18;450.3;483.63;601.11;499.81
4666;Santo Antônio de Pádua;RJ;Estadual;64;470.89;474.97;440.02;493.49;619.69;499.81
4667;Correia Pinto;SC;Estadual;9;445.61;504.94;475.99;499.13;573.33;499.8
4668;Cruzeiro do Oeste;PR;Estadual;35;483.49;499.37;454.48;480.45;581.14;499.79
4669;Centenário do Sul;PR;Estadual;9;490.82;493.83;470.19;501.82;542.22;499.78
4670;Xinguara;PA;Estadual;90;458.74;482.71;460.96;491.69;604.67;499.76
4671;Presidente Getúlio;SC;Estadual;10;450.16;497.37;475.82;497.46;578.0;499.76
4672;Jardim de Piranhas;RN;Estadual;18;460.39;481.43;438.84;460.37;657.78;499.76
4673;Ibatiba;ES;Estadual;29;480.5;481.08;473.27;503.76;560.0;499.72
4674;São Pedro do Iguaçu;PR;Estadual;11;484.84;501.58;469.16;495.75;547.27;499.72
4675;Messias Targino;RN;Estadual;7;430.34;440.17;419.03;489.07;720.0;499.72
4676;Cambuci;RJ;Estadual;8;484.96;480.95;447.54;515.1;570.0;499.71
4677;Vargeão;SC;Estadual;9;486.92;497.36;457.24;472.6;584.44;499.71
4678;Pains;MG;Estadual;11;473.35;469.05;460.76;502.58;592.73;499.69
4679;Wenceslau Braz;MG;Estadual;13;474.78;500.11;461.63;504.98;556.92;499.68
4680;Ibipeba;BA;Estadual;9;441.58;486.38;478.11;514.57;577.78;499.68
4681;Barão de Melgaço;MT;Estadual;3;489.8;477.17;457.83;440.13;633.33;499.65
4682;São João;PE;Estadual;17;479.98;499.69;464.42;481.16;572.94;499.64
4683;Milagres;CE;Estadual;162;465.48;479.13;457.24;480.24;615.93;499.6
4684;Nova Rosalândia;TO;Estadual;1;425.4;392.5;457.1;383.0;840.0;499.6
4685;Porto Grande;AP;Estadual;18;454.93;474.48;461.81;507.86;598.89;499.59
4686;Sapopema;PR;Estadual;11;477.35;505.8;481.41;478.75;554.55;499.57
4687;Nazaré Paulista;SP;Estadual;13;483.64;486.18;479.1;504.21;544.62;499.55
4688;Pinto Bandeira;RS;Estadual;7;454.61;515.39;461.03;540.96;525.71;499.54
4689;Fartura;SP;Municipal;1;487.6;411.4;460.3;538.3;600.0;499.52
4690;Linha Nova;RS;Estadual;6;474.0;511.03;461.22;521.37;530.0;499.52
4691;Sant'Ana do Livramento;RS;Estadual;99;487.25;486.57;455.07;497.56;571.11;499.51
4692;Mandirituba;PR;Estadual;23;497.75;501.16;473.99;483.73;540.87;499.5
4693;Planalto;BA;Estadual;9;496.27;493.66;452.79;479.23;575.56;499.5
4694;Goianá;MG;Estadual;7;468.07;483.47;473.37;492.53;580.0;499.49
4695;Fortaleza;CE;Estadual;10863;479.41;489.38;455.93;492.25;580.4;499.47
4696;Acari;RN;Estadual;7;475.21;481.87;444.69;495.57;600.0;499.47
4697;Alexânia;GO;Estadual;66;474.64;506.95;458.2;490.18;567.27;499.45
4698;Uruguaiana;RS;Estadual;238;475.67;483.72;449.5;500.01;588.32;499.44
4699;Barra do Garças;MT;Estadual;129;475.04;484.43;465.18;496.13;576.43;499.44
4700;Itaituba;PA;Estadual;126;468.66;490.81;452.74;479.46;605.56;499.44
4701;Salete;SC;Estadual;7;464.07;502.19;477.19;505.16;548.57;499.43
4702;Medina;MG;Estadual;11;483.99;501.22;475.98;506.86;529.09;499.43
4703;Bálsamo;SP;Estadual;8;502.64;507.15;427.9;509.41;550.0;499.42
4704;Armação dos Búzios;RJ;Estadual;12;469.82;496.35;474.82;507.8;548.33;499.42
4705;Cerrito;RS;Municipal;1;484.1;456.5;521.9;474.6;560.0;499.42
4706;Pederneiras;SP;Estadual;41;487.33;486.4;448.35;498.76;576.1;499.39
4707;Barbalha;CE;Estadual;215;474.25;484.85;464.96;485.37;587.53;499.39
4708;Damião;PB;Estadual;15;462.31;464.8;435.06;497.27;637.33;499.36
4709;Lagoa de Pedras;RN;Estadual;13;468.0;488.42;461.65;464.82;613.85;499.35
4710;Mesquita;RJ;Estadual;162;481.75;495.78;455.93;487.74;575.56;499.35
4711;Conceição;PB;Estadual;31;460.34;458.67;438.34;495.54;643.87;499.35
4712;Assis Chateaubriand;PR;Estadual;40;479.89;486.96;458.43;496.94;574.5;499.34
4713;Baraúna;PB;Estadual;4;464.68;488.85;471.08;537.08;535.0;499.34
4714;Nossa Senhora dos Remédios;PI;Estadual;13;466.78;476.68;447.38;475.09;630.77;499.34
4715;Varzelândia;MG;Estadual;19;474.5;499.97;461.5;492.25;568.42;499.33
4716;Umirim;CE;Federal;33;481.03;488.21;452.96;497.43;576.97;499.32
4717;Cassilândia;MS;Estadual;38;472.46;483.92;461.86;521.38;556.84;499.29
4718;Marliéria;MG;Estadual;10;472.03;453.58;464.39;514.39;592.0;499.28
4719;Altinho;PE;Estadual;71;468.25;492.09;460.5;487.64;587.89;499.27
4720;Serraria;PB;Estadual;10;428.46;445.05;460.25;500.49;662.0;499.25
4721;Sítio Novo;MA;Estadual;28;472.47;490.6;466.05;494.21;572.86;499.24
4722;Bituruna;PR;Estadual;14;475.39;503.71;462.46;526.06;528.57;499.24
4723;Japaratinga;AL;Estadual;5;501.28;483.2;466.58;477.12;568.0;499.24
4724;Pontal do Paraná;PR;Estadual;37;483.77;499.59;472.0;519.68;521.08;499.22
4725;Esmeraldas;MG;Estadual;49;473.64;494.28;469.67;498.88;559.59;499.21
4726;Igarapava;SP;Municipal;9;481.91;464.37;430.9;527.6;591.11;499.18
4727;Guamaré;RN;Estadual;13;481.75;500.13;459.8;486.46;567.69;499.17
4728;Américo Brasiliense;SP;Estadual;28;489.4;482.43;474.86;497.0;552.14;499.17
4729;Limoeiro de Anadia;AL;Estadual;23;484.24;496.1;435.69;492.82;586.96;499.16
4730;Brumado;BA;Estadual;96;470.05;485.49;464.71;500.43;575.0;499.14
4731;Jaguaruna;SC;Estadual;23;466.18;488.57;467.84;498.25;574.78;499.12
4732;Santa Vitória;MG;Estadual;34;473.88;486.42;467.93;512.1;555.29;499.12
4733;Paranatinga;MT;Estadual;43;470.82;486.21;464.83;501.59;572.09;499.11
4734;Marabá;PA;Estadual;500;458.3;479.19;452.44;481.71;623.92;499.11
4735;Jacarezinho;PR;Estadual;46;477.48;487.25;458.55;508.72;563.48;499.1
4736;São Francisco do Sul;SC;Estadual;41;478.52;487.89;461.13;499.13;568.78;499.09
4737;Dom Expedito Lopes;PI;Estadual;8;454.86;489.58;446.78;478.96;625.0;499.04
4738;Exu;PE;Estadual;52;463.12;477.66;450.67;482.45;621.15;499.01
4739;Canto do Buriti;PI;Estadual;58;465.42;481.97;458.47;483.67;605.17;498.94
4740;General Carneiro;PR;Estadual;7;475.17;477.11;454.07;488.36;600.0;498.94
4741;Peixoto de Azevedo;MT;Estadual;30;465.0;486.61;466.97;495.36;580.67;498.92
4742;Campo Magro;PR;Estadual;41;492.73;494.84;454.08;489.43;563.41;498.9
4743;Vale do Anari;RO;Estadual;13;450.17;509.55;463.75;509.34;561.54;498.87
4744;Itapebi;BA;Estadual;12;491.42;498.13;457.57;478.64;568.33;498.82
4745;Camocim de São Félix;PE;Estadual;35;471.3;481.98;460.82;510.27;569.71;498.82
4746;Barreiros;PE;Estadual;90;462.66;458.59;445.34;481.46;646.0;498.81
4747;Redenção da Serra;SP;Estadual;2;463.7;557.2;448.3;534.85;490.0;498.81
4748;Carangola;MG;Estadual;34;472.09;494.3;445.28;494.66;587.65;498.8
4749;Nova Londrina;PR;Estadual;14;483.06;470.66;457.68;513.98;568.57;498.79
4750;Martinópolis;SP;Estadual;22;474.04;505.28;469.1;486.39;559.09;498.78
4751;Itainópolis;PI;Municipal;1;472.6;525.1;393.7;462.5;640.0;498.78
4752;Apodi;RN;Estadual;94;464.08;476.86;449.46;493.45;610.0;498.77
4753;Guariba;SP;Estadual;68;481.23;485.46;476.7;502.97;547.35;498.74
4754;Ladainha;MG;Estadual;9;474.69;490.11;462.36;484.32;582.22;498.74
4755;Salto do Lontra;PR;Estadual;12;494.06;497.23;459.6;484.37;558.33;498.72
4756;Alegre;ES;Estadual;76;466.35;495.41;459.28;491.17;581.32;498.71
4757;São Domingos do Araguaia;PA;Estadual;26;459.29;480.76;448.28;478.25;626.92;498.7
4758;Tamarana;PR;Estadual;15;494.23;478.88;472.65;506.37;541.33;498.69
4759;Itanhém;BA;Estadual;17;467.52;506.39;448.92;463.57;607.06;498.69
4760;Altamira do Paraná;PR;Estadual;9;487.13;508.61;456.76;480.97;560.0;498.69
4761;Horizontina;RS;Estadual;21;473.04;491.79;455.52;499.65;573.33;498.67
4762;Nepomuceno;MG;Estadual;22;480.85;493.28;462.54;478.48;578.18;498.67
4763;Cristópolis;BA;Estadual;15;481.85;489.51;444.11;479.05;598.67;498.64
4764;Balneário Pinhal;RS;Estadual;13;495.01;490.81;465.33;498.9;543.08;498.62
4765;Ipiaçu;MG;Estadual;8;484.1;498.24;461.54;484.24;565.0;498.62
4766;Pereira Barreto;SP;Estadual;31;487.93;498.96;449.28;499.48;557.42;498.61
4767;Sorriso;MT;Estadual;122;469.11;492.74;469.21;503.14;558.85;498.61
4768;São José do Seridó;RN;Estadual;13;464.75;499.62;474.63;461.68;592.31;498.6
4769;Bofete;SP;Estadual;8;500.36;465.79;438.06;511.05;577.5;498.55
4770;São João da Barra;RJ;Estadual;25;469.97;469.13;455.73;499.36;598.4;498.52
4771;Luís Domingues;MA;Estadual;24;479.09;500.43;462.27;469.14;581.67;498.52
4772;Buritizal;SP;Estadual;5;466.1;512.16;477.6;480.62;556.0;498.5
4773;Presidente Kennedy;ES;Estadual;20;479.72;472.07;448.1;494.63;598.0;498.5
4774;Pau D'Arco;TO;Estadual;11;460.93;474.18;450.67;468.48;638.18;498.49
4775;Cataguases;MG;Estadual;55;491.91;483.13;451.47;481.11;584.73;498.47
4776;Simonésia;MG;Privada;5;455.22;529.92;478.18;477.02;552.0;498.47
4777;Ribeira do Piauí;PI;Estadual;8;431.64;486.22;458.69;498.26;617.5;498.46
4778;Lucas do Rio Verde;MT;Estadual;109;474.33;485.66;464.09;505.59;562.57;498.45
4779;Pirenópolis;GO;Estadual;71;476.25;489.3;455.4;489.07;582.25;498.45
4780;Atílio Vivácqua;ES;Estadual;27;475.74;479.71;443.61;499.81;593.33;498.44
4781;Confresa;MT;Estadual;44;470.54;487.05;462.91;499.84;571.82;498.43
4782;Guaraciaba do Norte;CE;Estadual;372;465.93;474.4;451.24;491.07;609.52;498.43
4783;Camapuã;MS;Privada;4;456.58;496.05;521.0;458.42;560.0;498.41
4784;Nova Itaberaba;SC;Estadual;11;479.07;505.65;478.79;495.81;532.73;498.41
4785;Ibotirama;BA;Estadual;43;446.24;466.42;457.1;503.15;619.07;498.4
4786;Engenheiro Coelho;SP;Estadual;14;491.77;505.1;458.77;496.31;540.0;498.39
4787;Riolândia;SP;Estadual;9;470.61;469.31;464.86;504.96;582.22;498.39
4788;Maruim;SE;Privada;13;457.88;502.47;458.02;470.42;603.08;498.37
4789;Elísio Medrado;BA;Estadual;22;472.24;471.83;463.68;480.35;603.64;498.35
4790;Venâncio Aires;RS;Municipal;1;470.5;475.7;453.8;451.6;640.0;498.32
4791;Felipe Guerra;RN;Estadual;12;468.28;464.08;449.13;483.38;626.67;498.31
4792;Murutinga do Sul;SP;Estadual;7;488.4;477.0;489.3;499.7;537.14;498.31
4793;Muitos Capões;RS;Estadual;3;472.3;496.47;491.77;557.43;473.33;498.26
4794;Araguaína;TO;Estadual;406;462.68;474.45;457.0;491.71;605.37;498.24
4795;Redenção;CE;Estadual;316;470.81;472.42;457.82;488.33;601.84;498.24
4796;Hidrolândia;CE;Estadual;121;472.96;481.72;465.06;483.98;587.44;498.23
4797;Aripuanã;MT;Estadual;9;465.32;499.03;480.69;466.06;580.0;498.22
4798;Itiruçu;BA;Estadual;9;469.97;476.79;464.13;471.29;608.89;498.21
4799;Cerrito;RS;Estadual;3;464.83;477.1;465.07;510.6;573.33;498.19
4800;Três Barras;SC;Estadual;11;448.61;477.93;473.51;501.7;589.09;498.17
4801;Santa Rita;PB;Estadual;167;471.31;480.37;459.6;487.36;591.98;498.12
4802;Marituba;PA;Estadual;129;466.66;477.94;460.27;481.61;604.03;498.1
4803;Gouveia;MG;Estadual;16;470.16;493.09;459.9;453.44;613.75;498.07
4804;Boa Ventura de São Roque;PR;Estadual;7;463.26;523.69;470.66;495.54;537.14;498.06
4805;Tapiratiba;SP;Estadual;5;490.86;510.74;491.78;472.7;524.0;498.02
4806;Lobato;PR;Estadual;4;472.8;500.5;426.42;470.32;620.0;498.01
4807;Irupi;ES;Estadual;33;470.85;478.25;452.31;501.86;586.67;497.99
4808;América Dourada;BA;Municipal;2;499.6;473.0;518.45;438.9;560.0;497.99
4809;Chapada da Natividade;TO;Estadual;5;435.8;459.66;443.12;455.34;696.0;497.98
4810;Tangará da Serra;MT;Estadual;223;464.87;482.84;462.87;491.61;587.35;497.91
4811;Alvorada do Sul;PR;Estadual;15;468.78;479.27;450.21;469.81;621.33;497.88
4812;São Sebastião do Rio Verde;MG;Estadual;6;470.22;498.23;443.75;550.32;526.67;497.84
4813;Assaré;CE;Estadual;133;468.66;481.26;452.44;490.3;596.54;497.84
4814;Juquiá;SP;Estadual;24;491.69;484.04;452.31;504.49;556.67;497.84
4815;Ipaumirim;CE;Estadual;51;470.29;473.98;461.47;475.58;607.84;497.83
4816;Nipoã;SP;Estadual;3;436.43;517.67;451.57;496.73;586.67;497.81
4817;Reginópolis;SP;Estadual;12;467.48;465.82;478.48;488.9;588.33;497.8
4818;São João do Soter;MA;Privada;2;479.1;521.1;462.3;416.45;610.0;497.79
4819;São Félix do Araguaia;MT;Estadual;15;455.19;477.77;433.1;494.88;628.0;497.79
4820;Cajati;SP;Estadual;24;496.11;507.04;460.9;519.0;505.83;497.78
4821;Guarda-Mor;MG;Estadual;11;459.34;463.15;457.95;486.18;621.82;497.69
4822;Jacobina;BA;Estadual;113;479.51;484.17;454.18;485.56;584.96;497.67
4823;Guaraí;TO;Estadual;66;463.92;467.06;452.73;497.3;607.27;497.66
4824;Itaúba;MT;Estadual;8;474.92;476.81;486.42;460.16;590.0;497.66
4825;Cícero Dantas;BA;Estadual;49;475.84;483.92;464.91;492.57;571.02;497.65
4826;Nova Olinda;CE;Estadual;123;472.62;485.29;459.5;497.03;573.66;497.62
4827;Caroebe;RR;Estadual;6;457.58;476.3;442.72;491.45;620.0;497.61
4828;Cidreira;RS;Estadual;18;483.86;499.2;465.85;501.33;537.78;497.6
4829;Poxoréu;MT;Estadual;19;456.17;480.07;445.61;471.43;634.74;497.6
4830;Ramilândia;PR;Estadual;7;469.0;444.5;453.74;543.51;577.14;497.58
4831;Eirunepé;AM;Federal;54;469.68;478.92;452.31;500.66;586.3;497.57
4832;Tabatinga;SP;Estadual;11;493.66;488.38;451.79;501.27;552.73;497.57
4833;Iguatu;PR;Estadual;7;483.73;460.71;478.06;482.46;582.86;497.56
4834;Limoeiro do Norte;CE;Estadual;211;471.75;472.57;448.78;490.16;604.55;497.56
4835;Piranhas;GO;Estadual;30;472.81;487.9;455.81;493.97;577.33;497.56
4836;Vereda;BA;Municipal;1;444.4;459.2;499.5;504.5;580.0;497.52
4837;Juruena;MT;Estadual;9;445.79;484.91;469.7;491.58;595.56;497.51
4838;Remígio;PB;Estadual;59;459.02;472.38;452.78;484.01;619.32;497.5
4839;Feijó;AC;Estadual;27;481.96;492.7;447.22;472.26;593.33;497.49
4840;Socorro do Piauí;PI;Estadual;4;492.32;441.12;436.38;532.62;585.0;497.49
4841;Santana do Deserto;MG;Estadual;7;487.64;521.61;459.33;493.11;525.71;497.48
4842;Paiva;MG;Estadual;4;445.48;508.08;464.18;529.58;540.0;497.46
4843;Santo Antônio de Jesus;BA;Estadual;251;476.01;483.39;458.85;490.91;578.09;497.45
4844;Santo Antônio do Planalto;RS;Estadual;8;470.11;507.69;463.55;493.38;552.5;497.44
4845;Itabela;BA;Estadual;10;462.84;489.08;456.55;498.67;580.0;497.43
4846;Amajari;RR;Estadual;3;509.33;521.67;479.8;456.13;520.0;497.39
4847;Macau;RN;Estadual;38;468.8;485.25;464.34;481.71;586.84;497.39
4848;Ibiraçu;ES;Estadual;16;472.7;492.06;460.06;494.59;567.5;497.38
4849;Frutal;MG;Estadual;89;475.05;474.8;453.19;505.59;578.2;497.37
4850;Serrinha;BA;Estadual;205;467.25;485.37;466.64;492.38;575.02;497.33
4851;Salto Grande;SP;Estadual;11;487.6;505.37;445.7;502.36;545.45;497.3
4852;Santo Anastácio;SP;Estadual;9;477.46;497.59;468.5;469.63;573.33;497.3
4853;Pedro Teixeira;MG;Municipal;1;474.2;587.7;445.9;458.7;520.0;497.3
4854;Olaria;MG;Estadual;3;443.7;511.13;448.0;530.3;553.33;497.29
4855;Patos do Piauí;PI;Estadual;10;471.7;464.77;431.88;477.95;640.0;497.26
4856;Nova Cruz;RN;Estadual;41;464.93;472.23;449.77;486.57;612.68;497.24
4857;Carlópolis;PR;Estadual;48;475.49;484.23;467.52;490.96;567.92;497.22
4858;Palmácia;CE;Estadual;121;473.97;482.73;451.33;479.81;598.18;497.21
4859;São Félix do Xingu;PA;Municipal;9;456.89;474.7;451.99;504.62;597.78;497.2
4860;Ibitirama;ES;Estadual;26;463.17;488.3;473.19;498.95;562.31;497.19
4861;Papagaios;MG;Estadual;20;468.16;469.04;440.31;472.13;636.0;497.13
4862;Nilópolis;RJ;Estadual;272;477.98;481.2;450.94;495.77;579.71;497.12
4863;Mariana Pimentel;RS;Estadual;3;499.53;452.73;498.57;474.73;560.0;497.11
4864;Vicentina;MS;Estadual;15;453.54;488.05;444.13;493.0;606.67;497.08
4865;Chopinzinho;PR;Estadual;34;482.34;500.1;473.0;499.3;530.59;497.07
4866;Jóia;RS;Estadual;11;474.08;492.19;452.05;501.57;565.45;497.07
4867;Itapemirim;ES;Estadual;81;475.49;470.62;467.51;498.13;573.58;497.07
4868;Ivaté;PR;Estadual;14;497.16;491.83;462.76;517.88;515.71;497.07
4869;Pedra Branca do Amapari;AP;Estadual;10;469.5;464.61;402.61;488.46;660.0;497.04
4870;Amargosa;BA;Estadual;109;470.75;484.48;459.34;480.91;589.54;497.0
4871;Seritinga;MG;Estadual;7;456.91;466.99;475.61;519.77;565.71;497.0
4872;Sentinela do Sul;RS;Estadual;9;477.23;489.14;451.1;502.98;564.44;496.98
4873;Jaicós;PI;Estadual;10;484.29;480.94;444.24;503.31;572.0;496.96
4874;Nova Alvorada do Sul;MS;Estadual;30;468.47;485.89;465.11;501.23;564.0;496.94
4875;São Francisco;PB;Estadual;10;435.2;452.45;440.36;470.55;686.0;496.91
4876;Mateiros;TO;Estadual;3;468.13;488.13;406.67;468.23;653.33;496.9
4877;Janiópolis;PR;Estadual;10;483.35;472.09;482.16;520.76;526.0;496.87
4878;Paulo Afonso;BA;Estadual;331;471.04;486.62;457.04;490.14;579.4;496.85
4879;Santa Isabel do Ivaí;PR;Estadual;10;484.89;500.65;469.16;511.56;518.0;496.85
4880;Jatobá do Piauí;PI;Estadual;11;457.78;486.35;452.57;480.08;607.27;496.81
4881;Brejinho;PE;Estadual;23;484.27;484.58;453.3;483.5;578.26;496.78
4882;Urbano Santos;MA;Estadual;17;454.32;493.55;452.91;483.07;600.0;496.77
4883;União da Vitória;PR;Estadual;54;486.86;497.06;469.91;499.64;530.37;496.77
4884;Santana do Ipanema;AL;Estadual;56;466.22;482.26;462.65;474.02;598.57;496.75
4885;Jandaia do Sul;PR;Estadual;35;481.81;491.36;456.06;504.77;549.71;496.74
4886;Madre de Deus;BA;Privada;21;476.02;471.56;477.11;497.06;561.9;496.73
4887;Juripiranga;PB;Estadual;14;470.88;460.16;446.06;476.45;630.0;496.71
4888;Jiquiriçá;BA;Estadual;25;467.48;479.75;449.46;480.46;606.4;496.71
4889;Brotas de Macaúbas;BA;Estadual;7;464.44;488.73;462.34;493.77;574.29;496.71
4890;Maribondo;AL;Estadual;24;462.78;480.67;456.44;487.78;595.83;496.7
4891;Patos;PB;Estadual;181;467.27;475.67;448.27;488.59;603.65;496.69
4892;Lontras;SC;Estadual;12;488.3;523.62;461.7;473.17;536.67;496.69
4893;Forquilhinha;SC;Estadual;22;477.45;493.33;480.98;488.0;543.64;496.68
4894;Indiavaí;MT;Estadual;3;489.0;490.27;445.3;552.13;506.67;496.67
4895;Amapá do Maranhão;MA;Estadual;2;460.75;455.75;529.15;477.65;560.0;496.66
4896;Jandaia;GO;Estadual;10;481.99;487.11;470.31;499.87;544.0;496.66
4897;Urandi;BA;Estadual;20;469.14;467.69;461.21;467.13;618.0;496.63
4898;Arari;MA;Estadual;50;467.97;487.73;461.07;482.34;584.0;496.62
4899;Afrânio;PE;Estadual;61;452.13;469.0;448.89;496.69;616.39;496.62
4900;Gandu;BA;Estadual;76;474.41;479.14;449.56;486.64;593.16;496.58
4901;Chaves;PA;Estadual;5;437.08;477.88;479.32;460.58;628.0;496.57
4902;Cáceres;MT;Estadual;119;463.98;486.06;452.96;482.57;597.31;496.57
4903;Brejo Santo;CE;Estadual;286;471.07;474.13;451.15;489.25;597.06;496.53
4904;Petrolândia;SC;Estadual;6;442.57;494.23;473.25;499.22;573.33;496.52
4905;Pato Branco;PR;Municipal;1;486.9;440.3;481.1;374.3;700.0;496.52
4906;Taquaritinga do Norte;PE;Estadual;21;472.24;480.91;474.73;471.46;582.86;496.44
4907;São Desidério;BA;Estadual;36;474.21;468.92;462.94;486.07;590.0;496.43
4908;Califórnia;PR;Estadual;12;475.32;480.42;461.72;496.31;568.33;496.42
4909;Porto dos Gaúchos;MT;Estadual;10;474.57;503.2;476.33;491.89;536.0;496.4
4910;Morro Redondo;RS;Estadual;16;470.17;484.53;456.02;494.99;576.25;496.39
4911;Palmópolis;MG;Estadual;4;450.78;510.38;473.18;482.58;565.0;496.38
4912;Ponte Serrada;SC;Estadual;21;469.58;487.27;459.42;456.07;609.52;496.37
4913;Itaberá;SP;Estadual;18;488.21;470.46;451.02;503.27;568.89;496.37
4914;Taquarivaí;SP;Estadual;6;483.2;513.43;482.12;499.68;503.33;496.35
4915;Candeias;BA;Estadual;139;473.82;491.47;457.91;485.02;573.53;496.35
4916;Edéia;GO;Estadual;21;468.0;491.36;459.7;506.33;556.19;496.32
4917;Monte Alegre;PA;Estadual;115;451.49;470.09;455.35;480.05;624.52;496.3
4918;Quatis;RJ;Estadual;8;446.29;493.79;461.5;489.95;590.0;496.3
4919;Rio do Pires;BA;Estadual;28;461.06;471.11;434.43;489.89;625.0;496.3
4920;Darcinópolis;TO;Estadual;4;444.9;442.25;472.7;506.6;615.0;496.29
4921;Itatuba;PB;Estadual;16;479.69;471.62;455.52;468.32;606.25;496.28
4922;Santa Cruz;PE;Estadual;14;463.08;487.4;461.46;475.07;594.29;496.26
4923;Santa Gertrudes;SP;Estadual;14;485.95;467.28;488.49;510.91;528.57;496.24
4924;Córrego Fundo;MG;Estadual;11;459.26;459.5;468.0;519.83;574.55;496.23
4925;Bayeux;PB;Estadual;82;461.62;481.42;460.77;484.65;592.68;496.23
4926;Palma Sola;SC;Estadual;11;475.45;480.34;455.75;464.18;605.45;496.23
4927;Uirapuru;GO;Privada;1;446.3;519.1;539.0;436.7;540.0;496.22
4928;Coluna;MG;Estadual;4;444.62;467.7;481.08;502.65;585.0;496.21
4929;Tarauacá;AC;Federal;30;468.65;486.51;457.85;485.99;582.0;496.2
4930;Naviraí;MS;Estadual;45;475.27;495.66;468.55;493.97;547.56;496.2
4931;Rio Pardo de Minas;MG;Estadual;42;468.67;479.72;445.17;505.52;581.9;496.2
4932;Floresta;PR;Estadual;3;516.3;492.23;496.73;482.27;493.33;496.17
4933;Bela Vista;MS;Estadual;40;475.4;477.13;446.81;496.03;585.5;496.17
4934;Paes Landim;PI;Estadual;6;433.93;455.78;480.1;447.63;663.33;496.16
4935;Belém;PA;Estadual;2735;464.74;483.58;452.55;478.91;601.02;496.16
4936;Ribeira do Pombal;BA;Estadual;98;472.47;482.83;461.0;487.31;576.94;496.11
4937;Planalto;PR;Estadual;14;450.6;482.41;456.35;525.42;565.71;496.1
4938;Ipiranga de Goiás;GO;Estadual;6;479.08;474.73;492.57;534.05;500.0;496.09
4939;Itamaraju;BA;Estadual;85;462.0;494.35;451.89;493.2;578.82;496.05
4940;Miranorte;TO;Estadual;27;458.55;475.19;452.35;499.99;594.07;496.03
4941;Santa Rita do Tocantins;TO;Estadual;7;477.14;504.57;444.21;474.19;580.0;496.02
4942;Santa Cruz;RN;Estadual;48;456.99;491.45;463.24;489.68;578.75;496.02
4943;Piraquara;PR;Estadual;67;481.74;497.15;459.16;499.85;542.09;496.0
4944;Muzambinho;MG;Estadual;25;478.73;485.94;445.12;503.61;566.4;495.96
4945;Verdejante;PE;Estadual;16;462.96;493.36;477.44;478.56;567.5;495.96
4946;Juatuba;MG;Estadual;27;477.81;509.86;457.49;488.67;545.93;495.95
4947;Tunas;RS;Estadual;2;509.1;493.95;436.4;450.2;590.0;495.93
4948;Pirapemas;MA;Estadual;15;435.11;464.67;450.3;474.85;654.67;495.92
4949;Jandaíra;RN;Estadual;4;460.1;475.33;453.68;430.5;660.0;495.92
4950;Japaratuba;SE;Estadual;32;457.56;445.23;432.55;477.9;666.25;495.9
4951;Santa Filomena;PE;Estadual;18;464.83;472.86;438.56;480.98;622.22;495.89
4952;Nova Santa Rita;PI;Estadual;6;466.97;484.58;459.13;472.03;596.67;495.88
4953;Rodeio Bonito;RS;Estadual;17;462.85;505.69;449.77;475.15;585.88;495.87
4954;Marechal Thaumaturgo;AC;Estadual;14;488.91;511.24;449.13;467.1;562.86;495.85
4955;Delmiro Gouveia;AL;Estadual;116;472.93;491.44;460.12;480.57;574.14;495.84
4956;Bertioga;SP;Estadual;51;482.58;499.57;462.04;485.59;549.41;495.84
4957;Porto Seguro;BA;Estadual;137;474.14;491.72;461.17;486.91;565.11;495.81
4958;Santa Bárbara de Goiás;GO;Estadual;9;466.6;498.58;446.33;494.13;573.33;495.8
4959;Anguera;BA;Estadual;10;506.09;489.13;460.71;431.08;592.0;495.8
4960;São José da Vitória;BA;Estadual;17;456.04;497.62;441.35;474.59;609.41;495.8
4961;Pocrane;MG;Estadual;14;474.34;453.04;429.33;516.39;605.71;495.76
4962;Nova União;MG;Estadual;4;480.9;495.4;457.5;514.9;530.0;495.74
4963;Feira de Santana;BA;Municipal;1;478.8;452.5;400.9;626.5;520.0;495.74
4964;Nova Bandeirantes;MT;Estadual;24;462.26;481.23;473.3;486.83;575.0;495.72
4965;São Joaquim da Barra;SP;Municipal;1;486.5;439.7;480.8;531.6;540.0;495.72
4966;Caraíbas;BA;Estadual;4;460.45;488.0;457.18;502.95;570.0;495.72
4967;Montezuma;MG;Estadual;6;485.77;500.6;454.82;480.67;556.67;495.7
4968;Pombos;PE;Estadual;12;461.51;442.62;448.87;505.39;620.0;495.68
4969;Nova Guataporanga;SP;Estadual;3;476.07;449.5;440.2;485.93;626.67;495.67
4970;Borborema;SP;Estadual;13;467.25;478.24;471.69;488.68;572.31;495.64
4971;Cametá;PA;Municipal;1;451.5;471.5;464.4;610.8;480.0;495.64
4972;Tapes;RS;Estadual;10;478.01;489.76;450.05;484.33;576.0;495.63
4973;Caturaí;GO;Estadual;6;467.12;523.0;475.05;499.53;513.33;495.61
4974;Santa Luzia do Paruá;MA;Estadual;37;465.26;448.05;470.6;492.48;601.62;495.6
4975;João Dourado;BA;Estadual;34;457.27;488.41;451.41;489.75;591.18;495.6
4976;Goiandira;GO;Estadual;5;465.08;528.94;472.28;491.66;520.0;495.59
4977;Boa Vista das Missões;RS;Estadual;8;469.06;491.56;448.5;491.26;577.5;495.58
4978;Tombos;MG;Estadual;10;462.35;453.34;455.18;504.94;602.0;495.56
4979;Bananeiras;PB;Estadual;49;459.99;473.01;454.18;476.3;614.29;495.55
4980;Pedra do Anta;MG;Estadual;3;469.5;517.73;473.83;496.57;520.0;495.53
4981;Anta Gorda;RS;Estadual;14;456.79;477.43;441.84;495.81;605.71;495.52
4982;Itaú;RN;Estadual;6;437.93;430.4;443.4;519.18;646.67;495.52
4983;Nova Santa Rita;RS;Estadual;26;494.45;506.97;472.54;482.77;520.77;495.5
4984;João Pessoa;PB;Municipal;1;385.3;565.8;409.8;516.5;600.0;495.48
4985;Guzolândia;SP;Estadual;5;479.82;487.04;461.78;480.6;568.0;495.45
4986;Matias Barbosa;MG;Estadual;10;475.27;472.84;478.29;530.54;520.0;495.39
4987;São José da Boa Vista;PR;Estadual;3;528.47;492.27;494.17;448.67;513.33;495.38
4988;Conceição do Jacuípe;BA;Estadual;36;464.38;494.1;461.46;472.52;584.44;495.38
4989;Tupãssi;PR;Estadual;21;477.85;479.14;443.93;488.32;587.62;495.37
4990;Heliodora;MG;Estadual;1;461.9;436.8;466.4;491.7;620.0;495.36
4991;Capitão Poço;PA;Estadual;75;453.32;489.32;455.02;488.75;590.4;495.36
4992;Viana;ES;Estadual;113;476.18;481.01;458.38;493.57;567.61;495.35
4993;Arceburgo;MG;Estadual;2;491.9;486.1;450.75;448.0;600.0;495.35
4994;Parintins;AM;Federal;40;476.89;484.96;453.3;475.06;586.5;495.34
4995;Porecatu;PR;Estadual;50;477.46;480.61;454.18;474.86;589.6;495.34
4996;Condado;PE;Estadual;56;463.9;471.22;451.3;472.79;617.5;495.34
4997;Ipirá;BA;Estadual;103;463.25;475.67;455.7;479.28;602.72;495.33
4998;Trindade;GO;Estadual;330;469.89;482.08;456.67;490.45;577.58;495.33
4999;Barreiras;BA;Estadual;309;460.57;475.11;459.77;481.29;599.74;495.3
5000;São Domingos;BA;Estadual;13;447.65;492.98;464.38;492.94;578.46;495.28
5001;Nova Era;MG;Estadual;16;484.79;469.92;449.52;513.44;558.75;495.28
5002;Ouro Verde;SP;Estadual;17;478.88;480.11;461.15;509.13;547.06;495.27
5003;Maxaranguape;RN;Estadual;5;475.34;465.74;441.08;530.18;564.0;495.27
5004;Bertolínia;PI;Estadual;13;463.33;490.36;467.38;449.15;606.15;495.27
5005;Eldorado do Sul;RS;Estadual;37;481.7;486.65;448.52;494.48;564.86;495.24
5006;São Marcos;RS;Estadual;27;473.12;503.37;455.23;479.93;564.44;495.22
5007;Campo Verde;MT;Estadual;81;474.07;491.59;459.34;483.31;567.65;495.19
5008;Guarabira;PB;Estadual;130;460.79;472.05;447.11;477.15;618.77;495.18
5009;Agudos;SP;Estadual;15;496.13;494.36;428.75;496.54;560.0;495.15
5010;Canarana;MT;Estadual;29;473.02;497.68;463.6;488.24;553.1;495.13
5011;Luziânia;GO;Estadual;407;478.21;485.76;460.03;496.93;554.69;495.12
5012;Gurupi;TO;Estadual;137;469.83;479.8;459.83;482.03;584.09;495.12
5013;Maceió;AL;Estadual;965;469.71;481.84;451.67;486.2;586.2;495.12
5014;Várzea da Roça;BA;Estadual;8;477.04;469.8;445.15;513.52;570.0;495.1
5015;Bela Vista do Toldo;SC;Estadual;18;463.89;494.5;455.59;465.92;595.56;495.09
5016;Epitaciolândia;AC;Estadual;31;489.15;469.77;465.9;476.38;574.19;495.08
5017;Pacaembu;SP;Estadual;2;481.2;498.25;464.9;410.95;620.0;495.06
5018;Moreilândia;PE;Estadual;30;473.41;482.43;446.99;473.81;598.67;495.06
5019;Inhumas;GO;Estadual;143;462.62;478.53;448.36;496.07;589.65;495.05
5020;Carnaúba dos Dantas;RN;Estadual;1;469.2;490.9;599.5;575.6;340.0;495.04
5021;Jataí;GO;Estadual;402;472.37;487.95;455.52;488.86;570.45;495.03
5022;Palmeira do Piauí;PI;Estadual;3;428.8;498.47;492.97;494.9;560.0;495.03
5023;Poço Redondo;SE;Municipal;2;393.85;397.2;460.75;473.35;750.0;495.03
5024;Umbaúba;SE;Estadual;33;471.91;479.99;460.79;473.36;589.09;495.03
5025;Floreal;SP;Estadual;6;462.53;450.43;453.3;538.85;570.0;495.02
5026;Jardinópolis;SP;Estadual;27;469.11;480.34;444.11;516.38;565.19;495.02
5027;Gentil;RS;Estadual;7;446.57;488.16;432.87;521.71;585.71;495.01
5028;Manaíra;PB;Estadual;10;448.08;459.09;464.88;504.9;598.0;494.99
5029;Flores;PE;Estadual;43;480.11;473.24;449.03;490.23;582.33;494.99
5030;Tucumã;PA;Estadual;23;466.47;462.5;479.19;471.85;594.78;494.96
5031;Ipubi;PE;Estadual;65;440.85;479.01;445.45;488.59;620.92;494.96
5032;Nina Rodrigues;MA;Estadual;14;457.79;490.79;448.2;465.16;612.86;494.96
5033;Carmo do Rio Claro;MG;Estadual;22;473.61;471.96;431.22;501.6;596.36;494.95
5034;Piquet Carneiro;CE;Estadual;20;467.38;479.64;461.94;474.7;591.0;494.93
5035;Patrocínio do Muriaé;MG;Estadual;1;527.7;445.7;425.2;476.0;600.0;494.92
5036;Paraíso;SC;Estadual;8;458.65;494.68;480.92;500.29;540.0;494.91
5037;Vargem Grande do Rio Pardo;MG;Estadual;7;465.3;485.11;451.96;452.2;620.0;494.91
5038;Ouro Branco;RN;Estadual;15;438.63;499.39;468.54;490.57;577.33;494.89
5039;Palestina do Pará;PA;Estadual;4;464.75;480.4;445.7;533.45;550.0;494.86
5040;Pedreiras;MA;Estadual;93;456.44;466.01;443.86;470.73;637.2;494.85
5041;Colorado;RS;Estadual;3;427.1;477.93;465.13;524.1;580.0;494.85
5042;Chapadão do Sul;MS;Estadual;73;476.2;490.81;456.28;499.25;551.51;494.81
5043;Mariano Moro;RS;Estadual;6;474.65;464.95;465.67;528.75;540.0;494.8
5044;Francisco Dumont;MG;Estadual;4;456.72;483.42;462.58;481.25;590.0;494.79
5045;Sanharó;PE;Estadual;11;464.09;478.0;472.16;494.22;565.45;494.79
5046;Santana do Itararé;PR;Estadual;11;506.96;491.45;468.2;507.27;500.0;494.78
5047;Nova Colinas;MA;Estadual;17;456.86;464.14;459.12;489.98;603.53;494.72
5048;Lagoa de Dentro;PB;Estadual;11;464.73;479.02;456.09;493.72;580.0;494.71
5049;Peritiba;SC;Estadual;1;501.2;549.2;496.1;387.0;540.0;494.7
5050;Pimenta Bueno;RO;Estadual;88;471.97;481.46;467.89;481.67;570.45;494.69
5051;Nobres;MT;Privada;8;460.99;466.19;470.46;510.6;565.0;494.65
5052;Parnaíba;PI;Estadual;294;469.58;479.67;451.76;482.88;589.39;494.65
5053;Lizarda;TO;Estadual;2;499.4;508.15;407.1;498.4;560.0;494.61
5054;Caibaté;RS;Estadual;9;458.86;501.98;475.1;494.77;542.22;494.58
5055;Brejão;PE;Estadual;17;455.67;484.42;459.46;496.78;576.47;494.56
5056;Igarapé do Meio;MA;Municipal;1;432.8;507.1;433.3;479.6;620.0;494.56
5057;Conceição de Macabu;RJ;Estadual;34;483.77;479.31;452.04;501.11;556.47;494.54
5058;Baliza;GO;Estadual;7;464.94;471.51;445.44;518.97;571.43;494.46
5059;Bom Jesus de Goiás;GO;Estadual;69;476.33;489.56;459.5;499.3;547.54;494.45
5060;Cândido de Abreu;PR;Estadual;22;489.37;481.83;462.98;472.45;565.45;494.42
5061;Mandaguaçu;PR;Estadual;36;475.54;479.49;461.99;489.46;565.56;494.41
5062;Santana;AP;Estadual;279;463.79;483.41;451.73;477.89;595.2;494.4
5063;Jacaraú;PB;Estadual;47;469.26;468.14;450.83;487.5;596.17;494.38
5064;Catolé do Rocha;PB;Estadual;91;454.11;459.6;444.97;469.74;643.3;494.34
5065;Campinas;SP;Municipal;4;498.5;527.4;470.0;495.82;480.0;494.34
5066;Simões Filho;BA;Estadual;147;466.69;477.98;458.84;492.85;575.24;494.32
5067;Centro Novo do Maranhão;MA;Estadual;20;464.08;460.58;460.35;507.54;579.0;494.31
5068;Xambrê;PR;Estadual;6;478.68;512.15;445.6;531.75;503.33;494.3
5069;Passa e Fica;RN;Estadual;19;465.53;458.13;451.72;486.66;609.47;494.3
5070;Acaraú;CE;Estadual;570;467.35;468.33;447.36;493.13;595.3;494.3
5071;Santa Rita do Novo Destino;GO;Estadual;16;455.42;475.61;460.38;509.75;570.0;494.23
5072;Sapé;PB;Estadual;81;463.5;475.72;451.72;462.32;617.78;494.21
5073;Araripe;CE;Estadual;124;462.47;471.73;457.34;488.16;591.29;494.2
5074;São Francisco do Piauí;PI;Estadual;7;477.39;480.41;446.53;458.03;608.57;494.19
5075;Buenópolis;MG;Estadual;20;468.15;496.56;437.22;511.0;558.0;494.18
5076;Jussiape;BA;Estadual;6;463.23;488.48;429.05;466.77;623.33;494.17
5077;Curaçá;BA;Estadual;24;462.43;465.24;472.27;494.22;576.67;494.16
5078;Ibirama;SC;Estadual;46;468.87;498.43;489.46;497.41;516.52;494.14
5079;São Miguel dos Campos;AL;Estadual;135;464.81;473.15;440.83;481.1;610.81;494.14
5080;Lapão;BA;Estadual;46;457.37;474.4;462.42;476.01;600.43;494.13
5081;Várzea Grande;MT;Estadual;347;470.52;489.23;456.01;487.24;567.67;494.13
5082;Puxinanã;PB;Estadual;39;461.58;477.92;461.2;482.2;587.69;494.12
5083;Mangaratiba;RJ;Estadual;47;480.0;493.88;469.83;482.49;544.26;494.09
5084;Pedra Bonita;MG;Estadual;5;457.4;456.52;454.52;489.88;612.0;494.06
5085;Mairipotaba;GO;Estadual;11;475.6;497.28;457.48;481.76;558.18;494.06
5086;Sardoá;MG;Estadual;5;503.7;490.52;451.04;476.9;548.0;494.03
5087;Iaçu;BA;Estadual;38;470.87;485.0;460.52;493.61;560.0;494.0
5088;Carlinda;MT;Estadual;18;455.05;502.7;478.39;484.88;548.89;493.98
5089;Cantá;RR;Estadual;6;465.2;493.65;440.5;507.15;563.33;493.97
5090;Rio Branco do Ivaí;PR;Estadual;7;467.74;481.33;446.89;468.11;605.71;493.96
5091;Baependi;MG;Estadual;11;444.13;472.12;452.26;502.99;598.18;493.94
5092;Valparaíso de Goiás;GO;Estadual;309;475.6;479.45;459.07;494.5;561.1;493.94
5093;Ananindeua;PA;Estadual;911;465.94;485.4;450.17;475.1;593.02;493.93
5094;Rio Bonito;RJ;Estadual;100;476.05;482.76;457.18;475.84;577.6;493.89
5095;Altamira do Maranhão;MA;Estadual;5;462.64;492.94;466.1;451.78;596.0;493.89
5096;Conceição do Pará;MG;Estadual;5;455.28;461.76;478.28;506.06;568.0;493.88
5097;Caculé;BA;Privada;3;402.73;514.3;449.07;536.27;566.67;493.81
5098;Santana do Jacaré;MG;Estadual;5;495.94;485.12;498.14;521.8;468.0;493.8
5099;Itaguaí;RJ;Estadual;141;475.1;477.55;454.1;486.78;575.32;493.77
5100;Nova Glória;GO;Estadual;8;478.71;495.76;456.19;473.12;565.0;493.76
5101;Carmo de Minas;MG;Estadual;17;486.46;450.65;456.37;494.12;581.18;493.75
5102;Candiota;RS;Estadual;11;485.4;467.33;461.45;498.21;556.36;493.75
5103;Nanuque;MG;Estadual;42;471.87;487.31;454.49;493.1;561.9;493.74
5104;Caraúbas;RN;Estadual;37;461.45;492.54;464.75;467.26;582.7;493.74
5105;Ivaiporã;PR;Estadual;34;488.9;494.89;449.98;506.02;528.82;493.72
5106;Porangatu;GO;Estadual;144;467.83;478.79;465.81;490.49;565.69;493.72
5107;Cachoeira de Pajeú;MG;Estadual;11;456.08;450.27;454.91;488.75;618.18;493.64
5108;Cantagalo;RJ;Estadual;21;450.48;481.63;442.66;480.09;613.33;493.64
5109;Granjeiro;CE;Estadual;26;458.78;456.38;438.15;478.76;636.15;493.64
5110;Caetanos;BA;Estadual;6;455.77;481.23;462.37;445.43;623.33;493.63
5111;Grão Mogol;MG;Estadual;11;483.57;471.21;452.1;473.9;587.27;493.61
5112;Terra Santa;PA;Estadual;17;447.05;507.28;439.41;473.08;601.18;493.6
5113;Altair;SP;Estadual;3;432.17;499.53;484.93;484.63;566.67;493.59
5114;Pirpirituba;PB;Estadual;26;456.98;489.03;460.41;482.18;579.23;493.57
5115;Farias Brito;CE;Estadual;105;469.64;483.11;455.64;494.47;564.95;493.56
5116;Rianápolis;GO;Estadual;16;465.91;479.25;471.08;499.09;552.5;493.56
5117;Santa Helena de Minas;MG;Estadual;6;478.17;488.27;439.55;471.73;590.0;493.54
5118;Anagé;BA;Estadual;11;464.4;463.85;444.25;444.28;650.91;493.54
5119;Monte Carlo;SC;Estadual;11;471.37;508.99;449.24;463.48;574.55;493.53
5120;Altos;PI;Estadual;102;455.62;475.16;452.75;478.58;605.49;493.52
5121;Passagem;RN;Estadual;4;453.35;482.9;471.75;494.48;565.0;493.5
5122;Santa Carmem;MT;Estadual;4;449.15;513.45;433.3;476.6;595.0;493.5
5123;Bom Sucesso;PB;Estadual;8;453.66;453.64;480.32;494.84;585.0;493.49
5124;Lagoa Real;BA;Estadual;16;467.76;466.35;439.71;482.36;611.25;493.49
5125;Jeriquara;SP;Estadual;1;455.8;416.6;459.3;575.7;560.0;493.48
5126;Amarante;PI;Estadual;35;461.44;491.17;454.47;492.32;568.0;493.48
5127;Lagoa do Tocantins;TO;Estadual;8;453.6;453.36;433.46;474.5;652.5;493.48
5128;Barra do Bugres;MT;Estadual;55;469.84;475.8;457.93;499.77;564.0;493.47
5129;União dos Palmares;AL;Estadual;100;460.1;477.44;451.79;470.6;607.4;493.47
5130;São Sebastião;AL;Estadual;31;445.08;473.59;459.9;470.7;618.06;493.47
5131;Pocinhos;PB;Estadual;30;465.02;463.53;454.95;485.17;598.67;493.47
5132;Chapadão do Céu;GO;Estadual;43;491.43;491.38;466.18;476.91;541.4;493.46
5133;Tomar do Geru;SE;Estadual;17;470.69;487.65;440.92;451.58;616.47;493.46
5134;Faina;GO;Estadual;12;464.62;477.71;440.45;494.48;590.0;493.45
5135;Quissamã;RJ;Estadual;20;475.21;486.21;462.72;452.11;591.0;493.45
5136;Barra do Mendes;BA;Estadual;9;478.39;490.44;460.09;497.96;540.0;493.38
5137;Comodoro;MT;Estadual;19;456.75;466.41;459.99;501.52;582.11;493.35
5138;Conselheiro Mairinck;PR;Estadual;4;452.1;485.6;454.52;524.48;550.0;493.34
5139;Miguel Calmon;BA;Estadual;77;452.29;469.86;464.81;479.9;599.74;493.32
5140;Jaraguá;GO;Estadual;91;465.47;484.23;466.75;499.91;550.11;493.29
5141;Datas;MG;Estadual;9;467.7;452.47;467.62;471.98;606.67;493.29
5142;São Miguel Arcanjo;SP;Estadual;38;484.49;488.2;456.75;491.03;545.79;493.25
5143;Machadinho D'Oeste;RO;Estadual;51;475.89;487.14;463.11;488.75;551.37;493.25
5144;Normandia;RR;Estadual;2;483.95;409.25;419.0;434.0;720.0;493.24
5145;Várzea Alegre;CE;Privada;7;443.37;435.3;430.69;471.03;685.71;493.22
5146;Miguelópolis;SP;Estadual;23;480.65;472.53;451.3;479.88;581.74;493.22
5147;Senador Guiomard;AC;Estadual;38;462.66;486.52;457.38;490.04;569.47;493.21
5148;São José de Ubá;RJ;Estadual;6;472.67;486.87;473.67;509.48;523.33;493.2
5149;Restinga;SP;Estadual;3;482.07;466.9;401.9;488.43;626.67;493.19
5150;Serra da Raiz;PB;Estadual;8;439.6;501.32;438.22;466.75;620.0;493.18
5151;Pinhalão;PR;Estadual;19;473.54;491.35;470.02;460.35;570.53;493.16
5152;Lima Campos;MA;Estadual;11;461.48;488.84;443.46;488.4;583.64;493.16
5153;Passos Maia;SC;Estadual;6;436.02;442.58;488.65;498.48;600.0;493.15
5154;São Miguel de Taipu;PB;Estadual;14;446.49;471.08;467.41;445.03;635.71;493.14
5155;Sarapuí;SP;Estadual;15;464.99;490.32;460.42;492.57;557.33;493.13
5156;Sairé;PE;Estadual;20;466.18;463.01;476.7;461.65;598.0;493.11
5157;Presidente Tancredo Neves;BA;Estadual;26;465.24;469.78;445.12;488.47;596.92;493.1
5158;Vargem Grande Paulista;SP;Estadual;59;479.03;488.24;462.81;489.24;546.1;493.09
5159;Seropédica;RJ;Estadual;135;469.12;491.46;457.06;486.63;561.19;493.09
5160;Candói;PR;Estadual;20;495.73;487.22;436.94;492.5;553.0;493.08
5161;Angicos;RN;Estadual;29;448.39;465.14;440.15;498.31;613.1;493.02
5162;Alto Jequitibá;MG;Estadual;14;465.06;515.3;457.36;471.66;555.71;493.02
5163;Vila Rica;MT;Estadual;24;456.96;502.74;453.63;473.36;578.33;493.01
5164;Antônio João;MS;Estadual;16;466.02;455.71;444.92;509.66;588.75;493.01
5165;Campo Florido;MG;Estadual;8;451.56;472.85;450.66;499.99;590.0;493.01
5166;Campo Alegre de Lourdes;BA;Municipal;1;448.6;463.4;493.7;599.3;460.0;493.0
5167;Poções;BA;Estadual;94;471.21;481.61;453.17;485.65;573.19;492.97
5168;São José do Jacuípe;BA;Estadual;11;478.08;491.23;457.7;475.92;561.82;492.95
5169;Icaraíma;PR;Estadual;17;490.92;484.95;473.59;495.21;520.0;492.93
5170;Aracoiaba;CE;Estadual;233;465.14;471.72;449.32;485.33;593.13;492.93
5171;Cruzeiro do Sul;AC;Estadual;259;469.78;485.11;450.44;482.85;576.29;492.9
5172;Abaiara;CE;Estadual;33;468.84;466.95;463.94;444.01;620.61;492.87
5173;São Paulo do Potengi;RN;Privada;9;465.88;474.69;454.46;455.82;613.33;492.84
5174;Promissão;SP;Estadual;31;481.52;484.25;461.91;493.13;543.23;492.81
5175;Vicentinópolis;GO;Estadual;27;460.7;470.67;452.11;505.75;574.81;492.81
5176;Lavandeira;TO;Estadual;4;458.05;437.02;482.55;531.42;555.0;492.81
5177;São Geraldo do Araguaia;PA;Estadual;36;452.1;479.33;448.3;473.72;610.56;492.8
5178;São Pedro do Turvo;SP;Estadual;7;454.81;492.44;444.81;471.81;600.0;492.78
5179;Nhandeara;SP;Estadual;4;481.02;511.0;486.35;525.48;460.0;492.77
5180;Florianópolis;SC;Municipal;3;480.1;535.73;477.03;484.2;486.67;492.75
5181;Santa Maria da Vitória;BA;Estadual;66;449.82;474.26;457.25;490.82;591.52;492.73
5182;Inhacorá;RS;Estadual;3;470.43;503.7;445.03;497.83;546.67;492.73
5183;Pinheirinho do Vale;RS;Estadual;16;455.67;456.22;470.96;493.18;587.5;492.71
5184;Piaçabuçu;AL;Estadual;23;463.78;484.0;465.31;479.13;571.3;492.7
5185;Campo Formoso;BA;Estadual;99;462.84;474.41;454.09;489.31;582.63;492.66
5186;Palhano;CE;Estadual;35;460.57;476.07;450.6;496.03;580.0;492.65
5187;Timbó Grande;SC;Estadual;11;464.79;477.65;432.75;504.44;583.64;492.65
5188;Pedra Branca;CE;Estadual;255;466.11;478.06;453.7;489.37;576.0;492.65
5189;Betânia;PE;Estadual;14;466.11;471.14;441.16;501.9;582.86;492.63
5190;Barras;PI;Estadual;138;455.57;473.23;447.41;476.6;610.29;492.62
5191;Estação;RS;Estadual;16;448.76;488.44;471.74;485.36;568.75;492.61
5192;Pedro Velho;RN;Estadual;12;424.54;472.8;450.27;513.67;601.67;492.59
5193;Santana;BA;Estadual;45;459.65;491.92;452.16;484.96;574.22;492.58
5194;Cordeiros;BA;Estadual;17;472.66;483.71;471.34;478.71;556.47;492.58
5195;Rio de Janeiro;RJ;Municipal;106;483.5;496.67;450.44;489.86;542.45;492.58
5196;Jacinto;MG;Estadual;14;460.1;468.33;437.7;486.7;610.0;492.57
5197;Santo Inácio;PR;Estadual;7;484.96;449.96;458.91;514.73;554.29;492.57
5198;Olho d'Água do Borges;RN;Estadual;8;452.52;456.18;446.62;480.02;627.5;492.57
5199;Vicente Dutra;RS;Estadual;12;494.68;460.94;431.61;483.88;591.67;492.56
5200;Santa Luzia do Pará;PA;Estadual;12;462.59;469.88;450.18;476.81;603.33;492.56
5201;Bom Jesus da Lapa;BA;Estadual;117;466.99;471.91;457.18;482.54;584.1;492.55
5202;Caldazinha;GO;Estadual;13;473.3;487.35;451.35;509.19;541.54;492.55
5203;Juazeiro;BA;Estadual;492;465.37;476.22;459.74;489.08;572.28;492.54
5204;Matias Cardoso;MG;Estadual;5;521.22;449.06;477.36;471.0;544.0;492.53
5205;João Câmara;RN;Estadual;42;468.21;473.46;454.27;465.68;600.95;492.51
5206;Presidente Prudente;SP;Municipal;2;477.55;493.25;505.45;466.25;520.0;492.5
5207;Conceição das Alagoas;MG;Estadual;27;460.8;470.53;448.65;479.36;602.96;492.46
5208;Vertente do Lério;PE;Estadual;16;466.32;461.62;450.71;494.72;588.75;492.42
5209;Campo Alegre;AL;Estadual;71;462.27;473.64;447.4;471.46;607.32;492.42
5210;Saboeiro;CE;Estadual;48;466.39;481.16;456.57;492.92;565.0;492.41
5211;Serra do Salitre;MG;Estadual;19;482.36;487.22;454.77;498.62;538.95;492.39
5212;Nortelândia;MT;Estadual;6;461.75;481.83;447.78;473.92;596.67;492.39
5213;Jucás;CE;Estadual;163;467.9;473.03;460.5;501.9;558.4;492.35
5214;Coração de Jesus;MG;Estadual;31;463.64;504.17;448.28;496.61;549.03;492.35
5215;Ponta Porã;MS;Estadual;141;477.84;490.75;454.66;487.74;550.78;492.35
5216;Ipojuca;PE;Estadual;130;465.75;468.86;451.72;490.52;584.62;492.29
5217;Giruá;RS;Estadual;16;477.3;475.97;457.86;503.99;546.25;492.27
5218;Tamandaré;PE;Estadual;25;475.69;465.69;472.72;490.31;556.8;492.24
5219;Coribe;BA;Estadual;21;439.15;460.48;453.18;487.33;620.95;492.22
5220;Novo São Joaquim;MT;Estadual;10;466.96;485.64;482.82;487.65;538.0;492.21
5221;Vigia;PA;Estadual;128;447.95;476.54;450.53;478.45;607.5;492.19
5222;Santa Maria Madalena;RJ;Estadual;12;470.08;466.88;479.7;472.57;571.67;492.18
5223;Caravelas;BA;Estadual;27;479.29;477.74;472.82;490.86;540.0;492.14
5224;Cananéia;SP;Estadual;17;487.24;494.44;463.51;494.29;521.18;492.13
5225;Paula Freitas;PR;Estadual;4;465.85;472.22;453.2;484.08;585.0;492.07
5226;Colinas;MA;Estadual;35;454.87;476.71;449.56;494.11;584.57;491.96
5227;Mato Rico;PR;Estadual;1;468.0;543.6;451.5;496.7;500.0;491.96
5228;Teofilândia;BA;Estadual;1;450.5;577.0;432.4;459.9;540.0;491.96
5229;Porto Estrela;MT;Estadual;5;472.38;511.64;463.34;460.38;552.0;491.95
5230;Canhotinho;PE;Estadual;51;465.31;473.11;442.7;502.17;576.47;491.95
5231;Paulo Ramos;MA;Estadual;14;438.19;456.5;441.21;488.04;635.71;491.93
5232;Itapicuru;BA;Estadual;25;463.51;472.48;443.91;455.7;624.0;491.92
5233;Quixadá;CE;Estadual;317;470.59;483.97;454.3;489.32;561.39;491.91
5234;Bonfinópolis de Minas;MG;Estadual;14;450.34;483.7;463.15;475.18;587.14;491.9
5235;Santa Inês;MA;Estadual;160;460.59;460.96;444.48;485.21;608.25;491.89
5236;Queimadas;PB;Estadual;55;464.02;480.01;455.58;486.58;573.09;491.86
5237;Meleiro;SC;Estadual;10;459.1;482.34;489.64;476.05;552.0;491.83
5238;Pedro II;PI;Estadual;62;454.49;484.38;456.49;479.85;583.87;491.82
5239;Santa Luzia;PB;Privada;14;455.89;486.33;474.41;489.56;552.86;491.81
5240;Mamanguape;PB;Estadual;106;472.9;486.29;455.71;477.06;566.98;491.79
5241;Jandaíra;BA;Estadual;3;443.97;482.5;484.63;487.8;560.0;491.78
5242;Cocal;PI;Estadual;11;449.35;467.3;470.15;510.25;561.82;491.77
5243;Bragança;PA;Estadual;160;450.44;475.65;451.27;469.44;612.0;491.76
5244;Ipu;CE;Estadual;281;465.13;475.81;451.35;482.02;584.48;491.76
5245;Iretama;PR;Estadual;20;471.28;477.44;473.54;509.5;527.0;491.75
5246;Ibicuí;BA;Estadual;19;455.81;434.98;459.8;476.59;631.58;491.75
5247;Ivolândia;GO;Estadual;5;456.42;479.4;470.1;492.76;560.0;491.74
5248;Maranguape;CE;Estadual;446;471.12;479.06;448.63;485.05;574.71;491.71
5249;Conceição do Coité;BA;Estadual;128;462.82;482.41;465.43;490.56;557.34;491.71
5250;Primavera de Rondônia;RO;Estadual;6;462.55;497.33;450.95;461.0;586.67;491.7
5251;Lábrea;AM;Federal;45;466.98;484.93;450.16;463.06;593.33;491.69
5252;Claro dos Poções;MG;Estadual;7;464.7;484.57;469.37;491.26;548.57;491.69
5253;Antas;BA;Estadual;31;471.26;485.12;448.67;484.39;569.03;491.69
5254;Barra Bonita;SC;Estadual;6;451.82;500.55;449.27;496.77;560.0;491.68
5255;Amaralina;GO;Estadual;7;449.87;495.1;483.5;475.63;554.29;491.68
5256;Santa Maria do Pará;PA;Estadual;41;455.81;466.85;451.61;470.86;613.17;491.66
5257;Sabáudia;PR;Estadual;32;476.97;490.98;457.41;494.71;538.12;491.64
5258;Paracambi;RJ;Estadual;66;471.95;479.64;446.06;483.24;577.27;491.63
5259;Morro Agudo;SP;Estadual;12;453.1;483.74;460.59;490.69;570.0;491.62
5260;Novo Triunfo;BA;Estadual;6;481.02;487.27;463.63;492.82;533.33;491.61
5261;Nova Olímpia;MT;Estadual;38;449.24;470.2;458.03;485.29;595.26;491.6
5262;Rio Preto;MG;Estadual;3;441.4;436.57;430.0;503.33;646.67;491.59
5263;Amaporã;PR;Estadual;7;461.06;517.43;442.36;474.19;562.86;491.58
5264;Estância;SE;Estadual;61;451.44;470.79;448.79;476.31;610.49;491.57
5265;Eugenópolis;MG;Estadual;2;508.75;525.85;474.55;448.6;500.0;491.55
5266;Jacuí;MG;Estadual;11;473.38;475.32;438.25;468.82;601.82;491.52
5267;Paranaíta;MT;Estadual;14;474.12;460.95;436.44;487.38;598.57;491.49
5268;Florestópolis;PR;Estadual;9;455.9;476.2;468.71;509.99;546.67;491.49
5269;Itarantim;BA;Estadual;22;469.79;489.55;452.25;471.29;574.55;491.49
5270;Jacundá;PA;Estadual;55;457.55;472.37;438.21;474.77;614.55;491.49
5271;Luís Antônio;SP;Estadual;12;453.89;478.08;466.31;505.86;553.33;491.49
5272;Macapá;AP;Estadual;961;463.18;480.46;452.27;477.85;583.64;491.48
5273;Ourilândia do Norte;PA;Estadual;53;466.51;476.29;453.32;475.99;585.28;491.48
5274;Novo Gama;GO;Estadual;125;474.28;484.02;451.53;486.24;561.28;491.47
5275;Cotegipe;BA;Estadual;17;446.19;467.69;441.53;475.98;625.88;491.46
5276;Carmópolis;SE;Estadual;35;469.53;489.06;453.54;470.87;574.29;491.46
5277;São José de Piranhas;PB;Estadual;14;457.34;466.94;462.47;499.14;571.43;491.46
5278;Canaã dos Carajás;PA;Estadual;33;473.54;482.91;456.9;463.88;580.0;491.44
5279;São Miguel do Guamá;PA;Estadual;83;451.11;472.2;457.01;472.08;604.82;491.44
5280;Santo Antônio do Descoberto;GO;Estadual;93;477.49;486.33;443.38;481.35;568.6;491.43
5281;Carolina;MA;Estadual;36;460.26;459.58;460.12;483.77;593.33;491.41
5282;Goioxim;PR;Estadual;17;468.25;496.28;477.07;480.13;535.29;491.41
5283;Palmas de Monte Alto;BA;Estadual;19;457.1;483.42;471.36;472.33;572.63;491.37
5284;Belém;PB;Estadual;32;472.02;471.09;459.65;482.87;571.25;491.37
5285;Acopiara;CE;Estadual;325;467.92;470.08;443.08;493.07;582.65;491.36
5286;Santa Rosa de Goiás;GO;Estadual;9;460.58;528.77;432.43;488.31;546.67;491.35
5287;Areial;PB;Estadual;14;452.04;473.19;449.32;456.47;625.71;491.35
5288;Quatá;SP;Estadual;13;472.56;464.19;453.92;479.87;586.15;491.34
5289;Macaíba;RN;Privada;18;466.03;472.09;456.63;495.02;566.67;491.29
5290;Santana do Mundaú;AL;Estadual;30;458.95;482.76;454.5;504.94;555.33;491.29
5291;Novo Horizonte do Oeste;RO;Privada;7;454.99;496.64;473.77;482.49;548.57;491.29
5292;Breves;PA;Estadual;205;458.91;481.73;454.91;473.56;587.22;491.27
5293;Massapê do Piauí;PI;Estadual;9;461.12;456.78;433.41;480.49;624.44;491.25
5294;Aceguá;RS;Estadual;3;464.23;496.87;481.27;567.0;446.67;491.21
5295;Francisco Morato;SP;Municipal;1;498.4;455.0;472.4;590.2;440.0;491.2
5296;Nova Andradina;MS;Estadual;85;478.67;485.9;461.39;493.77;536.24;491.19
5297;Rurópolis;PA;Municipal;9;440.76;486.04;442.07;480.43;606.67;491.19
5298;Pratânia;SP;Estadual;8;497.28;481.52;429.71;499.9;547.5;491.18
5299;Pequizeiro;TO;Estadual;13;459.77;490.41;431.79;492.36;581.54;491.17
5300;Terra Roxa;SP;Estadual;3;464.2;432.7;416.23;515.93;626.67;491.15
5301;Siderópolis;SC;Estadual;8;488.5;508.19;447.39;504.12;507.5;491.14
5302;Craíbas;AL;Estadual;22;445.94;465.25;444.84;493.31;606.36;491.14
5303;Seabra;BA;Estadual;78;459.29;482.32;458.02;475.51;580.51;491.13
5304;Telêmaco Borba;PR;Estadual;41;480.9;483.8;462.69;479.98;548.29;491.13
5305;Cipotânea;MG;Estadual;2;475.05;451.25;464.25;465.1;600.0;491.13
5306;Rio Largo;AL;Estadual;189;458.68;469.45;451.46;480.56;595.45;491.12
5307;São Sebastião do Rio Preto;MG;Estadual;7;468.57;496.43;501.94;471.53;517.14;491.12
5308;Paiçandu;PR;Estadual;29;479.84;494.43;458.91;477.53;544.83;491.11
5309;Colônia Leopoldina;AL;Estadual;23;480.01;479.47;442.58;486.51;566.96;491.1
5310;Rurópolis;PA;Estadual;21;470.93;479.63;463.4;470.91;570.48;491.07
5311;Ubajara;CE;Estadual;304;469.36;478.7;457.4;492.86;557.04;491.07
5312;Presidente Epitácio;SP;Estadual;36;492.56;502.69;449.11;478.67;532.22;491.05
5313;Alto do Rodrigues;RN;Estadual;53;447.01;466.55;459.93;494.58;587.17;491.05
5314;Cabedelo;PB;Estadual;31;453.7;470.13;469.85;490.62;570.97;491.05
5315;Bela Vista de Goiás;GO;Estadual;76;467.95;481.84;464.4;479.98;561.05;491.04
5316;Araricá;RS;Estadual;5;470.6;500.36;452.58;483.42;548.0;490.99
5317;Felício dos Santos;MG;Estadual;6;452.27;458.57;468.25;469.12;606.67;490.97
5318;Brejo do Cruz;PB;Estadual;17;450.67;466.52;467.21;471.59;598.82;490.96
5319;Joaquim Felício;MG;Estadual;4;481.02;457.5;422.32;523.7;570.0;490.91
5320;Missão Velha;CE;Privada;7;434.39;486.33;435.46;489.74;608.57;490.9
5321;Santa Albertina;SP;Estadual;7;469.04;486.49;463.44;524.04;511.43;490.89
5322;São Bonifácio;SC;Estadual;5;467.94;494.74;500.26;455.44;536.0;490.88
5323;Buenos Aires;PE;Estadual;28;471.21;463.42;447.16;479.0;593.57;490.87
5324;Colônia do Gurguéia;PI;Estadual;23;440.72;461.75;440.58;496.48;614.78;490.86
5325;Estrela d'Oeste;SP;Estadual;8;477.14;480.05;455.18;496.95;545.0;490.86
5326;Nova Redenção;BA;Estadual;12;445.37;470.9;450.66;482.38;605.0;490.86
5327;Dias d'Ávila;BA;Estadual;114;475.8;493.22;453.06;486.87;545.26;490.84
5328;Rebouças;PR;Estadual;30;476.85;490.34;455.18;483.76;548.0;490.83
5329;São José do Bonfim;PB;Estadual;13;464.24;462.62;448.22;503.66;575.38;490.82
5330;Maçambará;RS;Estadual;11;476.67;480.07;464.52;474.63;558.18;490.81
5331;São Luiz do Norte;GO;Estadual;10;481.54;479.93;475.26;471.25;546.0;490.8
5332;Baixa Grande;BA;Estadual;13;457.7;460.35;435.26;502.15;598.46;490.79
5333;Clevelândia;PR;Estadual;69;472.61;483.68;464.23;484.54;548.7;490.75
5334;Alto Alegre do Maranhão;MA;Estadual;8;458.71;472.38;468.68;506.45;547.5;490.74
5335;Salvaterra;PA;Estadual;30;451.27;486.98;456.65;480.75;578.0;490.73
5336;Poção de Pedras;MA;Estadual;50;447.48;451.39;449.65;475.14;630.0;490.73
5337;Itinga;MG;Estadual;4;437.35;514.52;463.6;478.15;560.0;490.72
5338;Carira;SE;Estadual;41;455.87;471.93;454.65;486.24;584.88;490.71
5339;Rondon do Pará;PA;Privada;7;482.09;452.43;482.07;482.69;554.29;490.71
5340;Vale Verde;RS;Estadual;9;475.88;493.19;462.57;461.88;560.0;490.7
5341;Capixaba;AC;Estadual;13;473.62;499.12;452.88;481.72;546.15;490.7
5342;Centralina;MG;Estadual;7;469.79;481.96;451.6;478.7;571.43;490.69
5343;Minador do Negrão;AL;Estadual;7;437.74;470.66;462.9;444.94;637.14;490.68
5344;Santa Tereza;RS;Estadual;4;450.12;466.5;508.35;493.3;535.0;490.66
5345;Tibagi;PR;Estadual;11;470.75;467.76;478.55;510.75;525.45;490.66
5346;Jaguari;RS;Federal;17;476.32;489.75;473.3;476.21;537.65;490.65
5347;Zabelê;PB;Estadual;2;460.7;490.5;452.35;479.55;570.0;490.62
5348;Belo Monte;AL;Estadual;2;506.35;462.15;433.95;490.6;560.0;490.61
5349;Areia Branca;RN;Estadual;54;475.62;480.38;443.13;482.75;571.11;490.6
5350;São Vicente do Seridó;PB;Municipal;1;513.4;559.4;416.8;403.4;560.0;490.6
5351;Varjão de Minas;MG;Estadual;12;465.38;431.08;450.44;517.71;588.33;490.59
5352;Pimenteiras;PI;Estadual;10;461.14;469.01;454.95;469.79;598.0;490.58
5353;Palma;MG;Estadual;8;471.0;466.61;434.85;500.38;580.0;490.57
5354;Escada;PE;Estadual;102;467.77;469.13;454.55;488.68;572.75;490.57
5355;Itororó;BA;Estadual;39;474.89;483.76;448.5;471.8;573.85;490.56
5356;Jaíba;MG;Estadual;35;470.87;479.49;458.22;492.72;551.43;490.55
5357;Gonçalves Dias;MA;Estadual;21;465.87;469.69;436.5;488.29;592.38;490.54
5358;Acreúna;GO;Estadual;51;479.01;492.81;451.13;483.09;546.67;490.54
5359;Poço das Antas;RS;Estadual;3;459.0;456.43;442.5;468.07;626.67;490.53
5360;Paranaíba;MS;Estadual;73;488.41;467.88;457.9;478.63;559.73;490.51
5361;Angelim;PE;Estadual;42;471.59;476.95;459.33;496.12;548.57;490.51
5362;Uruburetama;CE;Estadual;239;470.78;477.08;450.18;483.66;570.79;490.5
5363;Alto Alegre;RS;Estadual;2;471.0;468.05;476.8;426.6;610.0;490.49
5364;Vila Nova do Piauí;PI;Estadual;3;442.07;468.93;436.77;484.53;620.0;490.46
5365;Cururupu;MA;Estadual;87;455.18;477.56;451.25;466.37;601.84;490.44
5366;Tangará;SC;Estadual;13;460.05;471.98;454.52;520.88;544.62;490.41
5367;Gameleira de Goiás;GO;Estadual;11;459.67;466.87;469.55;510.42;545.45;490.39
5368;São José do Herval;RS;Estadual;1;508.6;416.3;478.8;448.2;600.0;490.38
5369;Guapirama;PR;Estadual;10;472.82;483.01;475.05;482.85;538.0;490.35
5370;Alhandra;PB;Estadual;36;459.4;466.98;446.31;479.56;599.44;490.34
5371;Rio Branco;MT;Estadual;12;468.96;476.6;485.18;484.24;536.67;490.33
5372;Breves;PA;Municipal;41;458.68;481.1;441.99;468.78;600.98;490.3
5373;Carandaí;MG;Estadual;22;487.24;496.97;446.9;475.76;544.55;490.28
5374;São Raimundo Nonato;PI;Estadual;122;452.98;466.4;451.24;482.21;598.52;490.27
5375;Jenipapo de Minas;MG;Estadual;9;453.26;467.39;461.71;495.59;573.33;490.26
5376;Brejo dos Santos;PB;Estadual;6;431.5;478.62;432.6;511.87;596.67;490.25
5377;Tarumã;SP;Estadual;15;468.44;491.89;460.69;504.73;525.33;490.22
5378;Prado;BA;Estadual;32;483.87;479.3;459.05;473.28;555.62;490.22
5379;Estiva Gerbi;SP;Municipal;1;461.7;496.6;444.2;548.6;500.0;490.22
5380;Curuá;PA;Estadual;28;436.19;469.23;447.64;463.64;634.29;490.2
5381;Itapororoca;PB;Estadual;46;449.62;476.25;450.57;486.64;587.83;490.18
5382;São Miguel;RN;Estadual;29;452.79;482.55;449.1;484.26;582.07;490.15
5383;Suzanápolis;SP;Estadual;2;477.7;482.5;443.45;537.05;510.0;490.14
5384;Tejupá;SP;Estadual;7;496.86;514.64;459.73;505.13;474.29;490.13
5385;Paulicéia;SP;Estadual;3;482.13;509.37;477.43;461.7;520.0;490.13
5386;Leopoldina;MG;Estadual;55;464.21;477.54;450.59;496.73;561.45;490.11
5387;Eunápolis;BA;Estadual;139;473.56;481.69;451.45;481.39;562.3;490.08
5388;Mata de São João;BA;Estadual;30;477.14;474.9;458.01;472.29;568.0;490.07
5389;Tucuruí;PA;Municipal;19;450.73;506.46;434.82;501.44;556.84;490.06
5390;Arandu;SP;Estadual;4;458.15;493.25;465.48;488.3;545.0;490.04
5391;Jaguariaíva;PR;Estadual;20;482.6;500.34;458.54;498.69;510.0;490.03
5392;Santa Maria do Oeste;PR;Estadual;13;459.82;468.52;444.44;498.84;578.46;490.02
5393;Bragança;PA;Municipal;1;469.3;422.1;433.3;525.4;600.0;490.02
5394;Pavussu;PI;Estadual;2;437.7;556.8;398.8;426.7;630.0;490.0
5395;Santa Juliana;MG;Municipal;1;547.8;422.1;410.0;450.1;620.0;490.0
5396;Mogeiro;PB;Estadual;12;488.92;486.27;453.57;454.52;566.67;489.99
5397;Oeiras;PI;Estadual;118;465.07;473.38;448.46;481.38;581.53;489.96
5398;Lajes Pintadas;RN;Estadual;4;460.92;510.35;451.85;461.45;565.0;489.92
5399;Santo Antônio do Paraíso;PR;Estadual;5;461.58;483.66;462.74;453.6;588.0;489.92
5400;Paraibano;MA;Estadual;24;445.13;476.63;432.63;468.53;626.67;489.92
5401;Luz;MG;Estadual;13;445.11;490.55;475.84;490.3;547.69;489.9
5402;Santa Bárbara;BA;Estadual;18;465.6;466.51;431.1;503.99;582.22;489.88
5403;Abreu e Lima;PE;Estadual;205;467.5;477.17;458.54;477.83;568.29;489.87
5404;Cachoeira da Prata;MG;Estadual;12;471.55;469.85;461.99;497.55;548.33;489.86
5405;Capão Alto;SC;Estadual;8;463.82;496.09;477.39;486.94;525.0;489.85
5406;Santana do Matos;RN;Estadual;14;434.86;458.2;441.06;512.26;602.86;489.85
5407;Jupiá;SC;Estadual;11;452.74;454.94;467.2;516.16;558.18;489.84
5408;Fernando Falcão;MA;Estadual;3;457.8;507.5;449.2;434.7;600.0;489.84
5409;Amajari;RR;Federal;2;524.35;479.9;535.2;449.75;460.0;489.84
5410;Tucumã;PA;Municipal;7;464.73;498.99;431.31;491.29;562.86;489.83
5411;Nova Araçá;RS;Estadual;10;476.83;477.34;448.98;461.98;584.0;489.83
5412;Grandes Rios;PR;Estadual;7;474.53;510.36;456.13;479.4;528.57;489.8
5413;Chã de Alegria;PE;Estadual;31;458.64;468.54;453.88;471.6;596.13;489.76
5414;Tucuruí;PA;Estadual;176;459.53;473.79;452.19;477.75;585.23;489.7
5415;Primavera do Leste;MT;Estadual;74;466.51;480.39;453.17;478.57;569.73;489.67
5416;Goiana;PE;Estadual;147;463.77;462.96;451.55;485.89;584.08;489.65
5417;Formoso do Araguaia;TO;Estadual;24;462.8;472.5;454.88;499.71;558.33;489.64
5418;Irineópolis;SC;Estadual;9;478.29;524.93;441.48;479.08;524.44;489.64
5419;Nova Nazaré;MT;Estadual;3;471.3;475.63;438.1;523.1;540.0;489.63
5420;Guaraci;SP;Estadual;5;492.42;506.72;458.8;510.12;480.0;489.61
5421;Poranga;CE;Estadual;47;469.38;471.71;449.62;485.43;571.91;489.61
5422;Santa Maria de Itabira;MG;Estadual;10;462.13;468.3;443.4;486.09;588.0;489.58
5423;Parambu;CE;Estadual;156;473.15;482.95;462.05;480.35;549.23;489.54
5424;Santa Rita de Cássia;BA;Privada;1;475.4;597.7;442.3;392.3;540.0;489.54
5425;Dom Feliciano;RS;Estadual;14;466.38;488.1;445.86;503.09;544.29;489.54
5426;Cafezal do Sul;PR;Estadual;4;488.28;471.42;458.42;534.25;495.0;489.48
5427;Coroatá;MA;Estadual;57;452.45;459.35;445.16;473.2;617.19;489.47
5428;Nilo Peçanha;BA;Privada;3;467.07;458.2;453.2;455.5;613.33;489.46
5429;Reriutaba;CE;Estadual;193;472.34;471.13;456.41;502.22;545.18;489.46
5430;Quintana;SP;Estadual;3;482.6;483.63;455.27;459.0;566.67;489.43
5431;Fazenda Nova;GO;Estadual;24;456.11;470.78;459.06;488.67;572.5;489.42
5432;Espigão D'Oeste;RO;Estadual;73;462.98;462.76;454.78;489.07;577.53;489.42
5433;Acará;PA;Estadual;31;461.79;482.69;461.3;468.93;572.26;489.39
5434;Campo Novo do Parecis;MT;Estadual;49;454.96;475.55;446.92;493.52;575.92;489.37
5435;Croatá;CE;Estadual;92;458.13;470.87;450.02;487.38;580.43;489.37
5436;Cruz das Almas;BA;Estadual;150;455.58;476.22;451.75;483.35;579.87;489.35
5437;Barra do Corda;MA;Estadual;121;451.19;479.22;451.16;476.63;588.43;489.33
5438;Marmelópolis;MG;Estadual;10;468.12;473.33;470.24;490.84;544.0;489.31
5439;Floresta do Araguaia;PA;Estadual;27;450.96;461.65;449.96;494.34;589.63;489.31
5440;Toritama;PE;Estadual;51;466.13;478.18;436.95;490.76;574.51;489.31
5441;Monteiro;PB;Estadual;73;461.17;467.78;447.62;473.55;596.44;489.31
5442;Campanário;MG;Estadual;5;499.94;467.46;455.62;487.52;536.0;489.31
5443;Quixelô;CE;Estadual;52;459.3;469.71;460.48;490.09;566.92;489.3
5444;Padre Marcos;PI;Estadual;7;439.47;483.8;453.64;478.09;591.43;489.29
5445;Água Branca;AL;Estadual;35;453.74;468.55;449.65;474.98;599.43;489.27
5446;Quixabeira;BA;Estadual;5;482.16;522.74;453.0;492.24;496.0;489.23
5447;São Gonçalo do Amarante;CE;Estadual;506;468.96;468.39;451.79;489.31;567.63;489.22
5448;Tarauacá;AC;Estadual;37;461.07;466.93;445.26;487.84;584.86;489.19
5449;Cantagalo;PR;Estadual;28;468.98;487.63;457.65;492.25;539.29;489.16
5450;Itaí;SP;Estadual;16;476.09;473.21;448.29;485.68;562.5;489.15
5451;Guararapes;SP;Estadual;31;485.21;475.85;450.23;500.18;534.19;489.13
5452;Campo Belo do Sul;SC;Municipal;1;482.5;493.0;467.2;422.9;580.0;489.12
5453;Belém de Maria;PE;Estadual;19;470.01;486.12;448.38;499.94;541.05;489.1
5454;Botumirim;MG;Estadual;12;432.25;477.58;467.35;521.54;546.67;489.08
5455;Conceição de Ipanema;MG;Estadual;2;486.65;461.95;502.1;514.2;480.0;488.98
5456;Fernandes Tourinho;MG;Estadual;5;487.34;484.62;479.22;489.72;504.0;488.98
5457;Senador Amaral;MG;Estadual;7;439.94;469.03;459.39;536.56;540.0;488.98
5458;São José dos Ausentes;RS;Estadual;7;485.81;476.14;460.73;459.3;562.86;488.97
5459;Canapi;AL;Estadual;17;461.4;493.78;429.33;473.25;587.06;488.96
5460;Imaculada;PB;Estadual;12;447.45;499.82;467.66;464.88;565.0;488.96
5461;Açu;RN;Estadual;76;456.41;469.62;446.48;478.04;594.21;488.95
5462;Sebastianópolis do Sul;SP;Estadual;2;468.8;504.15;436.15;485.65;550.0;488.95
5463;Nísia Floresta;RN;Estadual;19;459.08;478.34;468.66;480.65;557.89;488.93
5464;Arealva;SP;Estadual;16;468.28;481.42;467.85;483.24;543.75;488.91
5465;Cajueiro;AL;Estadual;30;460.14;477.79;443.25;472.67;590.67;488.9
5466;Diamantino;MT;Estadual;35;448.05;475.26;465.11;478.28;577.71;488.88
5467;Demerval Lobão;PI;Estadual;26;461.34;480.08;465.27;490.74;546.92;488.87
5468;Cruzeiro do Iguaçu;PR;Estadual;6;468.52;454.15;448.6;516.42;556.67;488.87
5469;Porangaba;SP;Estadual;9;479.1;504.92;443.9;496.36;520.0;488.86
5470;Mauriti;CE;Estadual;289;459.75;469.81;450.39;470.77;593.56;488.86
5471;Moreno;PE;Estadual;112;464.07;474.23;448.02;479.76;578.21;488.86
5472;Abelardo Luz;SC;Estadual;18;475.03;498.33;466.4;465.67;538.89;488.86
5473;São Gonçalo do Piauí;PI;Estadual;6;464.45;462.2;449.15;495.1;573.33;488.85
5474;Serrinha;RN;Estadual;4;464.2;480.75;438.22;460.95;600.0;488.82
5475;Pequeri;MG;Estadual;3;473.47;503.07;456.4;471.07;540.0;488.8
5476;Banabuiú;CE;Estadual;78;475.12;476.01;455.08;490.76;546.92;488.78
5477;Açailândia;MA;Estadual;196;464.32;476.62;448.2;477.92;576.73;488.76
5478;Chapadinha;MA;Estadual;148;445.97;469.36;449.6;478.99;599.73;488.73
5479;Chapada do Norte;MG;Estadual;18;458.33;477.84;431.26;507.35;568.89;488.73
5480;Ruy Barbosa;BA;Estadual;49;458.37;478.0;461.49;483.76;562.04;488.73
5481;Bom Jesus da Serra;BA;Estadual;12;424.45;452.98;452.48;487.02;626.67;488.72
5482;Morro do Chapéu do Piauí;PI;Estadual;16;481.19;484.22;443.54;479.61;555.0;488.72
5483;Itabaiana;PB;Estadual;34;467.46;474.92;455.72;470.67;574.71;488.7
5484;Tanque do Piauí;PI;Estadual;2;467.25;435.6;481.6;509.0;550.0;488.69
5485;Japoatã;SE;Estadual;14;457.44;462.98;443.89;476.16;602.86;488.66
5486;Beneditinos;PI;Estadual;22;456.89;440.21;441.97;477.75;626.36;488.64
5487;Parauapebas;PA;Municipal;35;470.83;479.59;438.18;469.95;584.57;488.63
5488;Senador La Rocque;MA;Estadual;23;455.19;480.63;454.59;467.51;585.22;488.63
5489;Dois Irmãos do Tocantins;TO;Estadual;11;467.55;485.3;459.55;467.0;563.64;488.61
5490;Ipuaçu;SC;Estadual;6;455.63;466.4;464.98;492.68;563.33;488.61
5491;Lassance;MG;Estadual;5;471.3;510.74;405.96;466.74;588.0;488.55
5492;Limeira do Oeste;MG;Estadual;13;458.79;476.79;449.72;494.31;563.08;488.54
5493;Prata do Piauí;PI;Estadual;15;466.24;480.79;439.36;476.25;580.0;488.53
5494;Jericó;PB;Estadual;14;457.38;444.96;460.19;488.65;591.43;488.52
5495;Marcelândia;MT;Estadual;21;443.18;478.56;448.31;510.43;561.9;488.48
5496;São Valentim;RS;Estadual;12;422.97;463.48;456.26;464.69;635.0;488.48
5497;Tianguá;CE;Estadual;532;465.1;471.78;450.13;486.7;568.65;488.47
5498;Caucaia;CE;Estadual;1016;466.68;477.16;449.09;481.52;567.91;488.47
5499;São Borja;RS;Estadual;99;481.45;478.11;449.56;487.26;545.86;488.45
5500;Ibicuitinga;CE;Estadual;64;475.83;474.07;448.98;483.31;560.0;488.44
5501;Sena Madureira;AC;Estadual;40;468.98;478.8;438.43;477.32;578.5;488.4
5502;Betânia do Piauí;PI;Estadual;2;432.0;423.1;371.2;525.7;690.0;488.4
5503;Antonina;PR;Estadual;27;469.5;483.64;469.84;477.46;541.48;488.39
5504;Tenório;PB;Estadual;5;435.4;485.6;448.38;492.54;580.0;488.38
5505;Jesuítas;PR;Estadual;9;460.4;462.16;447.27;514.3;557.78;488.38
5506;Santa Luz;PI;Estadual;11;455.43;463.45;458.01;459.56;605.45;488.38
5507;Filadélfia;BA;Municipal;1;447.9;513.9;397.0;443.0;640.0;488.36
5508;Cedro de São João;SE;Estadual;7;442.51;457.19;457.54;475.97;608.57;488.36
5509;Mirassol d'Oeste;MT;Estadual;61;468.2;486.38;468.29;489.39;529.51;488.35
5510;Tupandi;RS;Estadual;5;449.7;500.28;432.48;539.06;520.0;488.3
5511;Cacoal;RO;Estadual;145;467.5;480.66;457.78;491.12;544.41;488.3
5512;Rio Brilhante;MS;Estadual;75;475.61;484.51;449.5;486.23;545.6;488.29
5513;Sete Quedas;MS;Estadual;11;460.72;476.55;439.45;542.89;521.82;488.28
5514;Alagoinhas;BA;Municipal;1;535.9;483.0;441.5;501.0;480.0;488.28
5515;Augustinópolis;TO;Estadual;15;467.25;469.97;454.74;457.45;592.0;488.28
5516;Iracema;CE;Estadual;76;466.81;471.45;432.04;484.25;586.58;488.22
5517;Andrelândia;MG;Estadual;18;474.89;473.53;464.67;473.56;554.44;488.22
5518;Tacaimbó;PE;Estadual;25;484.28;460.61;438.99;469.94;587.2;488.21
5519;Silvânia;GO;Estadual;56;466.83;479.55;462.38;492.9;539.29;488.19
5520;Vargem;SP;Estadual;5;479.56;476.86;465.06;459.42;560.0;488.18
5521;Bacabal;MA;Municipal;1;435.1;420.7;492.0;513.0;580.0;488.16
5522;Vitória de Santo Antão;PE;Estadual;162;463.06;468.81;444.69;480.8;583.46;488.16
5523;Oriximiná;PA;Estadual;124;452.46;478.73;446.95;477.27;585.32;488.15
5524;Coronel José Dias;PI;Estadual;9;479.17;474.32;447.59;468.26;571.11;488.09
5525;Caxias;MA;Estadual;388;459.69;468.36;455.86;478.93;577.63;488.09
5526;Rio Verde de Mato Grosso;MS;Estadual;29;468.54;473.33;460.54;502.76;535.17;488.07
5527;Guaiúba;CE;Estadual;214;464.73;471.35;453.89;480.42;569.91;488.06
5528;Juranda;PR;Estadual;17;461.68;483.6;468.22;492.64;534.12;488.05
5529;Cristina;MG;Estadual;7;477.46;477.66;456.14;471.84;557.14;488.05
5530;São João do Itaperiú;SC;Estadual;3;437.57;537.03;475.87;423.13;566.67;488.05
5531;Monte Azul;MG;Estadual;28;465.0;473.01;457.88;484.36;560.0;488.05
5532;Palmeiras do Tocantins;TO;Estadual;10;471.22;461.41;460.4;459.21;588.0;488.05
5533;Curuçá;PA;Municipal;1;432.2;378.2;462.6;587.2;580.0;488.04
5534;Leoberto Leal;SC;Estadual;17;447.99;473.43;465.99;472.78;580.0;488.04
5535;Luzinópolis;TO;Estadual;12;463.36;455.52;431.54;457.88;631.67;487.99
5536;Cocos;BA;Estadual;35;442.69;466.34;460.47;485.85;584.57;487.99
5537;Pinheiro Machado;RS;Estadual;9;471.89;481.28;443.49;463.28;580.0;487.99
5538;Macaíba;RN;Estadual;102;459.36;483.79;460.1;485.29;551.37;487.98
5539;Fernando de Noronha;PE;Estadual;11;472.78;470.39;461.31;482.69;552.73;487.98
5540;Pérola d'Oeste;PR;Estadual;13;464.51;488.43;451.9;479.52;555.38;487.95
5541;Vargem;SC;Estadual;3;531.1;472.07;466.23;470.37;500.0;487.95
5542;Ipiaú;BA;Estadual;43;468.53;487.95;452.86;468.06;562.33;487.94
5543;Serra Dourada;BA;Estadual;18;459.81;458.95;459.73;495.51;565.56;487.91
5544;Chapada dos Guimarães;MT;Estadual;28;469.95;471.69;455.52;478.04;564.29;487.9
5545;Itaperuçu;PR;Estadual;10;448.85;488.82;470.49;497.28;534.0;487.89
5546;Santa Terezinha de Goiás;GO;Estadual;30;486.57;486.16;460.13;473.21;533.33;487.88
5547;Santa Cecília;PB;Estadual;4;432.65;494.08;490.85;461.8;560.0;487.88
5548;Querência do Norte;PR;Estadual;24;474.46;482.68;451.38;495.85;535.0;487.87
5549;Fortaleza dos Nogueiras;MA;Estadual;37;449.92;441.65;438.22;454.94;654.59;487.86
5550;Corguinho;MS;Estadual;8;467.1;447.4;460.74;499.06;565.0;487.86
5551;Brasnorte;MT;Municipal;1;461.4;467.0;462.1;508.7;540.0;487.84
5552;Cardoso;SP;Privada;6;454.68;524.18;473.13;530.33;456.67;487.8
5553;Bom Jesus do Sul;PR;Estadual;1;413.5;510.4;460.1;475.0;580.0;487.8
5554;Pão de Açúcar;AL;Estadual;13;466.38;498.9;441.02;475.65;556.92;487.77
5555;Pontal do Paraná;PR;Privada;6;484.68;472.93;461.62;542.78;476.67;487.74
5556;Ponte Alta;SC;Estadual;6;463.6;467.13;455.37;485.77;566.67;487.71
5557;Jequeri;MG;Estadual;12;466.13;483.77;496.98;479.87;511.67;487.68
5558;Lagoa da Canoa;AL;Estadual;22;451.69;447.66;451.77;483.65;603.64;487.68
5559;Santa Cruz de Salinas;MG;Estadual;3;448.7;463.8;495.0;524.17;506.67;487.67
5560;Santa Maria de Jetibá;ES;Privada;4;426.32;495.62;468.35;468.05;580.0;487.67
5561;São João Nepomuceno;MG;Estadual;14;471.79;489.87;455.83;477.95;542.86;487.66
5562;Buritizeiro;MG;Estadual;14;495.28;491.19;453.8;452.2;545.71;487.64
5563;Campos Sales;CE;Estadual;243;461.52;474.45;453.23;475.53;573.5;487.64
5564;Iguatemi;MS;Estadual;20;454.94;455.96;472.9;518.36;536.0;487.63
5565;Tupanciretã;RS;Estadual;37;466.62;478.77;458.19;497.59;536.76;487.59
5566;Anapurus;MA;Estadual;27;463.82;469.86;461.73;469.95;572.59;487.59
5567;Salinas;MG;Estadual;43;459.15;486.14;443.54;490.92;558.14;487.58
5568;Carmópolis;SE;Privada;4;471.65;474.88;476.08;485.2;530.0;487.56
5569;Entre Rios;SC;Estadual;5;457.2;482.76;445.52;484.32;568.0;487.56
5570;Nova Guarita;MT;Estadual;5;474.12;508.74;495.3;427.48;532.0;487.53
5571;Buritis;RO;Estadual;40;451.1;456.34;446.99;485.67;597.5;487.52
5572;Fortaleza;CE;Municipal;1;514.2;510.2;422.4;430.7;560.0;487.5
5573;Picos;PI;Estadual;129;461.71;470.04;438.89;487.1;579.69;487.49
5574;Concórdia do Pará;PA;Municipal;6;434.83;459.13;451.28;475.52;616.67;487.49
5575;Alegrete do Piauí;PI;Estadual;4;469.42;468.45;451.88;432.45;615.0;487.44
5576;Hortolândia;SP;Municipal;1;491.9;528.2;478.5;438.4;500.0;487.4
5577;Itauçu;GO;Estadual;25;444.41;471.17;457.78;502.74;560.8;487.38
5578;Itapuí;SP;Estadual;3;497.93;518.0;442.53;451.57;526.67;487.34
5579;Conceição do Araguaia;PA;Municipal;6;482.67;498.4;473.8;441.83;540.0;487.34
5580;Sítio do Quinto;BA;Estadual;9;449.87;461.54;468.23;479.26;577.78;487.34
5581;Macuco;RJ;Estadual;14;478.06;492.55;424.55;478.69;562.86;487.34
5582;São Gabriel da Cachoeira;AM;Federal;34;474.66;484.45;442.98;484.02;550.59;487.34
5583;Várzea Grande;PI;Estadual;7;441.99;454.23;445.26;466.39;628.57;487.29
5584;Diorama;GO;Estadual;6;415.87;481.28;453.6;492.1;593.33;487.24
5585;Barros Cassal;RS;Estadual;13;472.72;484.2;451.53;507.71;520.0;487.23
5586;Paudalho;PE;Estadual;124;457.7;463.69;457.19;476.27;581.29;487.23
5587;Belford Roxo;RJ;Estadual;314;467.16;478.48;447.46;470.32;572.74;487.23
5588;Floriano;PI;Estadual;185;457.16;477.96;454.68;477.45;568.86;487.22
5589;Candeal;BA;Estadual;7;469.73;499.73;459.01;498.94;508.57;487.2
5590;Marapoama;SP;Estadual;4;478.45;512.72;434.12;450.72;560.0;487.2
5591;Esperantina;PI;Estadual;116;460.39;493.52;447.44;475.19;559.48;487.2
5592;Alvorada D'Oeste;RO;Estadual;27;454.46;476.97;441.43;480.11;582.96;487.19
5593;Fruta de Leite;MG;Estadual;3;429.7;470.27;448.53;520.67;566.67;487.17
5594;Cachoeira de Minas;MG;Estadual;4;485.78;456.65;438.22;450.1;605.0;487.15
5595;Palmeirópolis;TO;Estadual;19;473.67;475.85;465.64;486.7;533.68;487.11
5596;Matias Olímpio;PI;Estadual;9;430.79;456.4;457.78;530.56;560.0;487.1
5597;Cocal do Sul;SC;Estadual;17;471.96;501.55;463.16;485.89;512.94;487.1
5598;Indiana;SP;Estadual;10;477.04;471.77;457.18;465.42;564.0;487.08
5599;Aracruz;ES;Municipal;1;465.6;464.2;344.6;541.0;620.0;487.08
5600;Paraíso;SP;Estadual;4;454.72;471.62;434.72;544.17;530.0;487.05
5601;Camutanga;PE;Estadual;26;455.15;463.96;439.24;498.3;578.46;487.02
5602;Independência;CE;Estadual;172;459.49;472.16;448.46;493.52;561.28;486.98
5603;Cajueiro da Praia;PI;Estadual;7;478.4;443.47;444.46;454.23;614.29;486.97
5604;Ingá;PB;Estadual;31;457.64;457.7;440.34;459.0;620.0;486.94
5605;Rio das Antas;SC;Estadual;4;446.4;488.95;463.22;476.02;560.0;486.92
5606;Aquiraz;CE;Estadual;443;467.08;471.38;443.69;479.09;573.36;486.92
5607;Campanha;MG;Estadual;10;490.12;470.0;463.87;460.57;550.0;486.91
5608;Ji-Paraná;RO;Municipal;1;539.3;453.7;452.7;388.8;600.0;486.9
5609;São Sebastião;SP;Municipal;2;484.7;492.15;465.35;462.25;530.0;486.89
5610;Guamiranga;PR;Estadual;15;468.91;482.39;465.41;476.19;541.33;486.85
5611;Serranópolis de Minas;MG;Estadual;9;461.8;460.24;429.83;460.1;622.22;486.84
5612;Itaju do Colônia;BA;Estadual;5;438.9;452.9;451.52;482.88;608.0;486.84
5613;Novo Repartimento;PA;Privada;9;438.7;431.39;451.03;450.73;662.22;486.82
5614;Choró;CE;Estadual;41;474.88;499.96;465.94;461.11;532.2;486.82
5615;Monte Alegre de Minas;MG;Estadual;16;467.7;471.89;425.5;458.98;610.0;486.82
5616;Mormaço;RS;Estadual;6;450.22;449.73;436.52;470.92;626.67;486.81
5617;São Pedro dos Crentes;MA;Estadual;7;439.63;472.39;440.63;504.23;577.14;486.8
5618;Iraquara;BA;Estadual;24;452.07;475.02;434.46;483.3;589.17;486.8
5619;Satuba;AL;Estadual;16;464.62;485.99;452.3;474.74;556.25;486.78
5620;Trizidela do Vale;MA;Municipal;1;502.7;422.0;523.1;466.1;520.0;486.78
5621;Santa Maria das Barreiras;PA;Privada;1;462.3;496.6;489.2;405.7;580.0;486.76
5622;Itambé;BA;Estadual;26;456.55;474.26;441.27;481.74;580.0;486.76
5623;Ielmo Marinho;RN;Estadual;6;496.3;424.75;487.82;451.6;573.33;486.76
5624;Manaus;AM;Estadual;7221;468.75;476.03;449.96;481.11;557.89;486.75
5625;Janduís;RN;Estadual;6;449.43;450.52;445.98;477.67;610.0;486.72
5626;Tutóia;MA;Estadual;81;460.51;473.76;458.03;476.6;564.69;486.72
5627;São Miguel do Gostoso;RN;Estadual;6;493.95;499.65;448.97;470.83;520.0;486.68
5628;Umari;CE;Estadual;18;463.4;469.29;433.14;483.13;584.44;486.68
5629;Luislândia;MG;Estadual;9;476.63;484.16;428.34;479.79;564.44;486.67
5630;Santo Antônio de Pádua;RJ;Municipal;3;398.27;460.77;437.67;469.97;666.67;486.67
5631;Pirajuba;MG;Municipal;1;491.0;567.7;445.4;469.2;460.0;486.66
5632;Lagoa Alegre;PI;Estadual;37;442.66;474.98;433.0;477.14;605.41;486.64
5633;Colorado do Oeste;RO;Estadual;31;452.48;477.46;446.05;499.11;558.06;486.63
5634;Camacan;BA;Estadual;31;457.55;472.02;447.96;490.47;565.16;486.63
5635;Muçum;RS;Estadual;3;455.4;526.87;454.6;489.63;506.67;486.63
5636;Capinzal do Norte;MA;Estadual;12;462.02;470.76;453.38;438.57;608.33;486.61
5637;Abaetetuba;PA;Estadual;314;445.14;464.95;448.91;472.69;601.34;486.61
5638;Mutuípe;BA;Estadual;39;442.78;463.65;459.11;471.62;595.9;486.61
5639;Jussara;PR;Estadual;12;469.9;483.0;428.2;471.88;580.0;486.6
5640;Platina;SP;Estadual;2;472.6;439.05;433.85;527.5;560.0;486.6
5641;Laje;BA;Estadual;29;455.46;457.43;457.47;479.16;583.45;486.59
5642;São Francisco de Itabapoana;RJ;Estadual;49;461.93;482.64;452.23;469.12;566.94;486.57
5643;São Pedro do Sul;RS;Estadual;24;465.75;470.88;435.29;474.22;586.67;486.56
5644;São Desidério;BA;Privada;12;454.52;461.88;435.21;482.63;598.33;486.52
5645;Estiva;MG;Estadual;9;464.62;487.26;464.38;476.19;540.0;486.49
5646;Quixadá;CE;Municipal;2;457.2;469.5;436.1;429.55;640.0;486.47
5647;Caiana;MG;Estadual;6;436.2;473.72;463.43;508.92;550.0;486.45
5648;Tapurah;MT;Estadual;39;453.82;452.94;459.21;484.7;581.54;486.44
5649;Monte Alegre do Piauí;PI;Estadual;8;427.95;463.19;483.39;490.02;567.5;486.41
5650;Fervedouro;MG;Estadual;5;453.5;453.0;486.36;471.18;568.0;486.41
5651;Oratórios;MG;Estadual;3;445.0;471.63;502.23;446.5;566.67;486.41
5652;Batalha;PI;Estadual;57;457.02;471.08;446.15;479.84;577.89;486.39
5653;Ministro Andreazza;RO;Estadual;20;431.78;469.08;464.44;481.59;585.0;486.38
5654;São Miguel da Baixa Grande;PI;Estadual;4;472.35;460.82;442.68;451.08;605.0;486.38
5655;Lagoa do Barro do Piauí;PI;Estadual;12;474.05;466.1;449.66;433.75;608.33;486.38
5656;Nova Itarana;BA;Estadual;9;468.3;461.91;438.04;521.41;542.22;486.38
5657;Álvares Florence;SP;Estadual;4;447.62;472.85;425.68;510.52;575.0;486.34
5658;Santa Rosa de Lima;SE;Estadual;20;457.48;468.34;453.61;472.24;580.0;486.33
5659;Independência;CE;Privada;5;467.0;513.44;438.02;453.16;560.0;486.32
5660;Chiapetta;RS;Estadual;13;465.35;477.48;468.78;492.22;527.69;486.3
5661;Santa Luzia do Itanhy;SE;Estadual;8;473.02;446.58;458.02;463.66;590.0;486.26
5662;Massapê;CE;Estadual;259;463.99;473.57;444.91;477.54;571.12;486.23
5663;Miranda do Norte;MA;Estadual;14;471.77;483.61;469.59;496.07;510.0;486.21
5664;Engenheiro Beltrão;PR;Estadual;10;477.13;467.1;430.53;496.29;560.0;486.21
5665;Nova Olímpia;PR;Estadual;4;465.88;484.42;473.2;492.48;515.0;486.2
5666;Santa Maria do Cambucá;PE;Estadual;30;454.11;449.91;436.05;484.23;606.67;486.19
5667;Pão de Açúcar;AL;Privada;4;442.88;455.8;452.38;549.9;530.0;486.19
5668;Saúde;BA;Estadual;28;448.59;479.51;449.08;464.44;589.29;486.18
5669;Ibitiara;BA;Estadual;9;465.37;476.18;435.51;469.4;584.44;486.18
5670;Formosa do Oeste;PR;Estadual;16;460.89;466.44;456.56;476.96;570.0;486.17
5671;Indiaporã;SP;Estadual;6;478.75;495.5;437.8;492.05;526.67;486.15
5672;Alto Garças;MT;Estadual;15;454.12;488.6;459.99;498.6;529.33;486.13
5673;São José do Povo;MT;Estadual;6;476.02;506.38;465.67;495.93;486.67;486.13
5674;Conceição do Araguaia;PA;Estadual;55;451.48;478.74;455.38;466.79;578.18;486.11
5675;Turvolândia;MG;Estadual;3;488.63;450.67;433.17;524.73;533.33;486.11
5676;Buritama;SP;Estadual;19;463.07;484.19;448.96;505.93;528.42;486.11
5677;Cachoeira do Arari;PA;Municipal;1;450.1;468.4;400.2;491.7;620.0;486.08
5678;Piritiba;BA;Estadual;24;450.37;463.55;448.6;498.68;569.17;486.07
5679;Riachão do Jacuípe;BA;Estadual;82;456.89;473.68;457.87;484.31;557.56;486.06
5680;São Miguel das Matas;BA;Estadual;12;458.91;475.06;453.48;454.46;588.33;486.05
5681;Mato Castelhano;RS;Estadual;2;458.9;405.7;506.15;559.45;500.0;486.04
5682;Castanheiras;RO;Estadual;6;439.1;469.37;462.42;482.5;576.67;486.01
5683;Seara;SC;Municipal;1;409.8;525.4;452.4;422.4;620.0;486.0
5684;Andirá;PR;Estadual;79;451.23;472.82;455.5;491.41;558.99;485.99
5685;Tracunhaém;PE;Estadual;59;444.53;465.58;440.04;469.12;610.51;485.96
5686;Paranhos;MS;Estadual;16;457.39;483.22;456.61;475.08;557.5;485.96
5687;Boa Ventura;PB;Estadual;7;445.61;420.79;435.19;471.0;657.14;485.95
5688;Confins;MG;Estadual;5;453.08;495.36;447.62;477.68;556.0;485.95
5689;Quipapá;PE;Estadual;39;447.65;468.79;435.99;479.78;597.44;485.93
5690;Tuneiras do Oeste;PR;Estadual;19;457.05;467.06;462.56;485.02;557.89;485.92
5691;Baianópolis;BA;Estadual;15;427.73;483.07;454.79;463.95;600.0;485.91
5692;São João dos Patos;MA;Estadual;80;452.19;460.12;436.15;468.16;612.75;485.88
5693;Marabá;PA;Municipal;75;451.61;463.34;452.14;479.86;582.4;485.87
5694;São Cristóvão;SE;Estadual;81;459.4;466.64;454.59;481.79;566.91;485.87
5695;Calçoene;AP;Estadual;14;452.71;495.71;467.83;453.07;560.0;485.86
5696;São Joaquim;SC;Estadual;19;470.88;494.81;446.88;474.58;542.11;485.85
5697;Tomé-Açu;PA;Municipal;5;461.94;457.66;448.94;484.72;576.0;485.85
5698;Carutapera;MA;Estadual;28;460.62;485.18;446.33;485.58;551.43;485.83
5699;Presidente Médici;RO;Estadual;53;461.04;457.68;462.26;486.78;561.13;485.78
5700;Santa Cruz do Piauí;PI;Estadual;31;455.35;483.58;449.23;460.58;580.0;485.75
5701;São João da Ponta;PA;Estadual;3;461.87;457.33;447.23;442.2;620.0;485.73
5702;Cutias;AP;Estadual;3;498.57;457.93;447.17;484.97;540.0;485.73
5703;Paço do Lumiar;MA;Estadual;197;458.82;471.93;441.95;471.14;584.77;485.72
5704;Valença do Piauí;PI;Privada;4;477.1;469.33;413.72;483.38;585.0;485.71
5705;Virgolândia;MG;Estadual;13;460.22;448.84;437.45;481.86;600.0;485.67
5706;Anastácio;MS;Estadual;39;458.87;474.21;448.67;477.66;568.72;485.63
5707;Maracanaú;CE;Municipal;8;455.38;475.99;463.28;495.9;537.5;485.61
5708;Afogados da Ingazeira;PE;Estadual;53;465.87;462.33;440.91;502.73;556.23;485.61
5709;Presidente Castello Branco;SC;Estadual;3;463.57;482.43;442.37;493.03;546.67;485.61
5710;Paramoti;CE;Estadual;44;464.56;464.32;445.88;479.22;574.09;485.61
5711;Atalaia;AL;Estadual;33;462.98;489.32;437.25;466.95;571.52;485.6
5712;Governador Jorge Teixeira;RO;Estadual;18;461.78;447.65;446.06;479.15;593.33;485.6
5713;Mulungu;CE;Estadual;58;459.43;477.79;452.8;466.24;571.72;485.6
5714;Montes Altos;MA;Estadual;21;445.89;449.6;450.74;458.71;622.86;485.56
5715;Santópolis do Aguapeí;SP;Estadual;2;492.9;483.55;489.0;502.3;460.0;485.55
5716;Jandira;SP;Municipal;5;470.26;462.7;430.56;496.22;568.0;485.55
5717;Colinas do Tocantins;TO;Estadual;82;452.46;479.3;443.5;486.81;565.37;485.49
5718;Joaíma;MG;Estadual;5;466.54;502.84;432.18;469.9;556.0;485.49
5719;Aracati;CE;Estadual;444;465.12;471.28;447.76;483.93;559.23;485.47
5720;Feira da Mata;BA;Estadual;17;446.06;458.61;463.95;507.88;550.59;485.42
5721;São José de Mipibu;RN;Estadual;21;453.28;479.12;467.68;473.6;553.33;485.4
5722;Novo Repartimento;PA;Estadual;62;455.98;474.32;446.4;477.21;572.9;485.36
5723;Coronel João Sá;BA;Estadual;34;435.95;464.04;446.09;458.05;622.35;485.3
5724;Bom Jesus do Araguaia;MT;Estadual;9;447.89;504.83;467.51;475.0;531.11;485.27
5725;Esperança;PB;Estadual;49;452.89;467.1;448.41;475.36;582.45;485.24
5726;Tabaí;RS;Municipal;2;454.75;472.85;489.05;499.45;510.0;485.22
5727;Tailândia;PA;Estadual;74;458.69;475.38;446.69;477.65;567.57;485.2
5728;Muniz Ferreira;BA;Estadual;6;445.98;476.15;471.68;462.18;570.0;485.2
5729;Congonhinhas;PR;Estadual;10;473.07;470.48;434.93;435.44;612.0;485.18
5730;Nova Canaã;BA;Estadual;11;474.31;465.22;460.75;478.32;547.27;485.17
5731;Crixás;GO;Estadual;29;460.2;468.56;456.18;495.32;545.52;485.15
5732;Remanso;BA;Estadual;28;469.77;468.68;456.48;482.15;548.57;485.13
5733;Cerro Grande;RS;Estadual;1;401.3;548.0;512.2;404.1;560.0;485.12
5734;Materlândia;MG;Estadual;3;434.1;463.57;396.8;557.63;573.33;485.09
5735;Ponto Belo;ES;Estadual;16;469.76;474.25;468.05;449.66;563.75;485.09
5736;Uiraúna;PB;Estadual;21;460.93;469.45;464.12;460.41;570.48;485.08
5737;Cocalzinho de Goiás;GO;Estadual;50;467.7;471.04;449.01;463.59;574.0;485.07
5738;Palmares do Sul;RS;Estadual;14;457.12;456.79;456.39;459.3;595.71;485.06
5739;Irati;SC;Estadual;8;403.26;432.1;491.45;498.36;600.0;485.04
5740;Utinga;BA;Estadual;28;473.97;455.57;457.71;482.18;555.71;485.03
5741;Alexandria;RN;Estadual;33;460.72;465.64;456.16;480.81;561.82;485.03
5742;Nuporanga;SP;Municipal;1;479.8;542.6;438.5;464.1;500.0;485.0
5743;Coqueiral;MG;Estadual;16;451.22;443.06;418.33;487.4;625.0;485.0
5744;Conceição do Araguaia;PA;Federal;14;421.54;469.66;457.22;472.07;604.29;484.96
5745;São Félix de Minas;MG;Estadual;3;453.23;483.1;479.43;515.67;493.33;484.95
5746;São João do Ivaí;PR;Estadual;15;455.36;474.81;437.87;468.74;588.0;484.95
5747;Floresta;PE;Estadual;41;459.9;468.31;454.43;469.88;572.2;484.94
5748;Junco do Seridó;PB;Estadual;15;449.25;483.01;471.57;492.9;528.0;484.94
5749;Apiacás;MT;Estadual;14;449.3;460.96;429.72;510.36;574.29;484.92
5750;Ressaquinha;MG;Estadual;8;482.09;457.55;455.96;478.69;550.0;484.86
5751;Alagoa Nova;PB;Estadual;35;451.94;482.36;439.65;465.15;585.14;484.85
5752;Natércia;MG;Estadual;5;453.34;504.62;435.14;507.12;524.0;484.84
5753;Nova Brasilândia;MT;Estadual;7;456.01;483.89;458.16;483.3;542.86;484.84
5754;São Bentinho;PB;Estadual;11;447.56;430.17;432.92;478.91;634.55;484.82
5755;Frei Lagonegro;MG;Estadual;3;465.03;457.93;413.8;487.13;600.0;484.78
5756;Itajuípe;BA;Estadual;17;466.28;493.99;465.0;469.1;529.41;484.76
5757;Belo Campo;BA;Estadual;28;467.85;477.28;439.9;483.07;555.71;484.76
5758;Pau D'Arco do Piauí;PI;Estadual;1;469.7;459.5;406.9;407.6;680.0;484.74
5759;Paripiranga;BA;Estadual;87;448.51;474.48;452.07;482.86;565.52;484.69
5760;São José da Bela Vista;SP;Estadual;4;457.62;483.12;462.68;485.02;535.0;484.69
5761;São Domingos do Capim;PA;Estadual;53;456.74;452.11;439.09;476.55;598.87;484.67
5762;Boa Viagem;CE;Estadual;245;465.28;467.16;446.29;475.78;568.73;484.65
5763;Castelândia;GO;Estadual;11;462.65;466.07;448.43;444.21;601.82;484.63
5764;Sabinópolis;MG;Estadual;4;451.4;403.95;450.15;497.62;620.0;484.62
5765;Sapucaia;PA;Estadual;9;458.97;502.32;426.48;488.69;546.67;484.62
5766;Bom Jesus das Selvas;MA;Estadual;12;463.17;453.68;455.22;467.57;583.33;484.6
5767;Itainópolis;PI;Estadual;8;440.96;475.22;435.58;498.69;572.5;484.59
5768;Terezópolis de Goiás;GO;Estadual;19;452.21;480.2;441.15;512.56;536.84;484.59
5769;Águas Belas;PE;Estadual;89;459.28;469.55;446.89;478.41;568.76;484.58
5770;Francisco Alves;PR;Estadual;11;460.55;451.18;434.87;496.18;580.0;484.56
5771;Montes Claros de Goiás;GO;Estadual;23;472.38;469.01;451.44;481.21;548.7;484.55
5772;Beberibe;CE;Estadual;511;466.01;470.48;443.65;477.6;565.01;484.55
5773;Itirapina;SP;Estadual;11;480.41;460.77;458.26;486.89;536.36;484.54
5774;Mirador;PR;Estadual;2;488.35;518.1;481.75;444.45;490.0;484.53
5775;Alvarenga;MG;Estadual;4;482.7;480.98;417.18;506.8;535.0;484.53
5776;Alto Taquari;MT;Estadual;23;454.47;473.51;473.83;480.7;540.0;484.5
5777;Pindorama do Tocantins;TO;Estadual;3;488.13;500.2;434.13;446.7;553.33;484.5
5778;Tunas do Paraná;PR;Estadual;6;454.95;492.2;456.13;489.17;530.0;484.49
5779;Terra Nova do Norte;MT;Estadual;24;452.1;477.92;467.6;489.02;535.83;484.49
5780;Acará;PA;Municipal;29;434.26;466.89;437.99;470.87;612.41;484.49
5781;José de Freitas;PI;Estadual;82;455.38;465.97;449.12;470.21;581.71;484.48
5782;Buriti Bravo;MA;Estadual;56;457.96;479.06;446.82;470.09;568.21;484.43
5783;Aquidabã;SE;Estadual;48;442.34;460.52;457.38;485.98;575.83;484.41
5784;Quixeramobim;CE;Estadual;481;468.99;470.22;444.37;483.93;554.39;484.38
5785;Aragarças;GO;Estadual;23;467.22;475.69;448.12;479.45;551.3;484.36
5786;Tejuçuoca;CE;Estadual;98;461.2;466.72;448.13;472.98;572.65;484.34
5787;Cacique Doble;RS;Estadual;14;440.8;485.37;478.46;477.01;540.0;484.33
5788;Brasilândia;MS;Estadual;28;466.2;477.26;447.78;476.86;553.57;484.33
5789;Passagem;PB;Estadual;7;451.84;485.3;461.9;491.17;531.43;484.33
5790;Pontalina;GO;Estadual;39;469.54;475.39;433.01;492.25;551.28;484.29
5791;Bastos;SP;Estadual;18;469.22;458.78;448.76;483.45;561.11;484.27
5792;Maracaju;MS;Estadual;51;465.07;484.68;451.99;488.95;530.59;484.26
5793;Piedade de Ponte Nova;MG;Estadual;7;474.37;476.37;455.44;503.66;511.43;484.25
5794;São João do Rio do Peixe;PB;Estadual;44;448.25;458.79;453.41;470.28;590.45;484.24
5795;Nova Petrópolis;RS;Municipal;3;464.63;421.9;406.77;474.5;653.33;484.23
5796;São Mateus do Maranhão;MA;Estadual;54;450.79;465.77;449.83;476.93;577.78;484.22
5797;João Câmara;RN;Privada;12;427.18;455.75;450.49;491.0;596.67;484.22
5798;Alagoinha;PB;Estadual;31;453.03;470.26;453.89;483.22;560.65;484.21
5799;São Francisco de Assis;RS;Estadual;18;474.62;472.68;447.43;467.37;558.89;484.2
5800;Iracema do Oeste;PR;Estadual;6;483.52;450.97;447.75;462.08;576.67;484.2
5801;Ibema;PR;Estadual;9;459.99;448.1;467.31;501.09;544.44;484.19
5802;Riacho de Santana;BA;Estadual;30;457.25;481.39;459.88;492.44;530.0;484.19
5803;São José do Brejo do Cruz;PB;Estadual;11;445.19;428.53;429.13;474.48;643.64;484.19
5804;Iraí;RS;Estadual;7;448.0;475.43;424.7;501.17;571.43;484.15
5805;Theobroma;RO;Estadual;9;459.71;483.02;479.3;496.42;502.22;484.14
5806;Boa Esperança;PR;Estadual;13;473.82;456.1;457.25;491.94;541.54;484.13
5807;Queimadas;BA;Estadual;23;456.0;480.2;449.7;477.37;557.39;484.13
5808;Luzilândia;PI;Estadual;48;454.74;465.73;436.48;466.99;596.67;484.12
5809;Aliança;PE;Estadual;111;457.01;452.33;441.31;474.01;595.86;484.1
5810;Espírito Santo;RN;Estadual;2;458.55;516.0;469.1;436.8;540.0;484.09
5811;Ceará-Mirim;RN;Estadual;97;465.65;478.32;457.71;477.32;541.44;484.09
5812;Glória;BA;Estadual;14;451.19;462.21;442.72;474.26;590.0;484.08
5813;Jatobá;MA;Estadual;6;457.3;461.43;446.6;435.05;620.0;484.08
5814;Laguna Carapã;MS;Estadual;2;468.0;465.35;433.2;503.85;550.0;484.08
5815;Caarapó;MS;Estadual;57;454.71;480.65;450.8;495.28;538.95;484.08
5816;Pedrinópolis;MG;Estadual;2;467.0;473.3;435.0;524.95;520.0;484.05
5817;Itaporanga;SP;Estadual;11;476.57;463.55;453.47;473.94;552.73;484.05
5818;Erval Seco;RS;Estadual;5;446.16;490.1;470.6;461.38;552.0;484.05
5819;Parari;PB;Estadual;7;457.91;460.53;421.03;495.09;585.71;484.05
5820;Damolândia;GO;Estadual;8;471.95;457.81;439.6;515.86;535.0;484.04
5821;Triunfo Potiguar;RN;Estadual;12;449.55;431.4;426.94;447.32;665.0;484.04
5822;Irará;BA;Estadual;40;459.74;468.63;457.49;467.68;566.5;484.01
5823;Pendências;RN;Estadual;21;463.5;480.31;436.51;493.88;545.71;483.98
5824;Araguaçu;TO;Estadual;6;419.58;435.1;436.77;485.1;643.33;483.98
5825;Cristalina;GO;Estadual;113;465.05;478.16;455.61;477.71;543.36;483.98
5826;Luiziana;PR;Estadual;7;447.84;479.54;444.83;507.61;540.0;483.97
5827;Indiara;GO;Estadual;47;465.57;488.34;447.67;481.22;537.02;483.97
5828;Guaraçaí;SP;Estadual;18;462.16;489.7;432.75;484.08;551.11;483.96
5829;São Luiz;RR;Estadual;3;472.13;474.2;388.7;531.43;553.33;483.96
5830;Guaranésia;MG;Estadual;10;465.06;470.78;432.24;485.69;566.0;483.95
5831;Jaciara;MT;Estadual;57;462.58;473.52;451.35;470.79;561.4;483.93
5832;Ribeirão;PE;Estadual;46;465.66;475.98;446.93;466.25;564.78;483.92
5833;Palestina do Pará;PA;Municipal;1;409.6;465.5;467.9;436.6;640.0;483.92
5834;Ouro Verde de Goiás;GO;Estadual;7;481.3;456.1;441.59;480.5;560.0;483.9
5835;Zé Doca;MA;Estadual;40;447.51;477.75;441.61;473.45;579.0;483.86
5836;Jequitinhonha;MG;Estadual;17;472.54;498.95;444.54;461.97;541.18;483.84
5837;Canápolis;BA;Estadual;17;433.14;445.52;458.87;474.57;607.06;483.83
5838;Estrela Dalva;MG;Estadual;2;502.45;517.55;449.65;459.5;490.0;483.83
5839;Goianira;GO;Estadual;122;465.22;474.86;451.58;478.89;548.52;483.81
5840;Serra Negra;SP;Estadual;12;456.54;469.48;452.18;522.52;518.33;483.81
5841;Concórdia do Pará;PA;Estadual;50;444.09;468.83;446.84;464.43;594.8;483.8
5842;Barcarena;PA;Estadual;157;450.43;470.88;452.74;474.33;570.57;483.79
5843;Conceição da Barra;ES;Estadual;66;469.08;464.77;448.52;482.32;554.24;483.78
5844;Mariluz;PR;Estadual;10;475.25;466.42;466.46;502.72;508.0;483.77
5845;São José do Sabugi;PB;Estadual;7;433.71;461.4;430.24;482.03;611.43;483.76
5846;Ubá;MG;Municipal;2;508.9;552.45;440.4;527.0;390.0;483.75
5847;Juína;MT;Estadual;34;467.51;477.37;468.78;487.97;517.06;483.74
5848;São Patrício;GO;Estadual;16;453.05;472.14;455.15;485.82;552.5;483.73
5849;Pontal do Araguaia;MT;Estadual;3;465.57;423.23;452.1;411.0;666.67;483.71
5850;São João de Pirabas;PA;Estadual;31;452.02;472.83;456.57;465.48;571.61;483.71
5851;Arneiroz;CE;Estadual;38;459.55;465.86;458.38;486.78;547.89;483.69
5852;Mimoso do Sul;ES;Privada;1;470.1;497.4;442.2;428.7;580.0;483.68
5853;Duas Estradas;PB;Estadual;15;486.2;477.58;435.81;453.45;565.33;483.67
5854;São Gabriel;BA;Estadual;6;449.25;460.8;458.07;483.45;566.67;483.65
5855;Cabixi;RO;Estadual;6;448.8;499.3;477.27;522.88;470.0;483.65
5856;São Miguel do Guaporé;RO;Estadual;39;449.49;483.83;450.1;475.79;558.97;483.64
5857;Belterra;PA;Estadual;13;460.3;485.76;447.07;455.58;569.23;483.59
5858;Pio XII;MA;Estadual;36;458.02;468.19;458.08;463.97;569.44;483.54
5859;Poconé;MT;Estadual;33;453.98;476.46;452.32;483.98;550.91;483.53
5860;Alto Boa Vista;MT;Estadual;7;477.4;487.0;488.51;473.19;491.43;483.51
5861;Sumé;PB;Estadual;39;457.35;481.56;457.24;480.84;540.51;483.5
5862;Dom Basílio;BA;Estadual;12;439.05;473.43;465.68;495.98;543.33;483.49
5863;Itabi;SE;Estadual;18;451.47;460.02;440.71;477.24;587.78;483.44
5864;Groaíras;CE;Estadual;33;478.6;470.79;438.93;474.3;554.55;483.43
5865;Fortim;CE;Estadual;32;473.36;471.52;442.58;467.14;562.5;483.42
5866;Madalena;CE;Estadual;82;459.16;478.92;439.36;475.93;563.66;483.41
5867;Santa Adélia;SP;Estadual;6;471.98;494.47;467.02;430.22;553.33;483.4
5868;Timbiras;MA;Estadual;52;443.46;457.23;452.25;465.28;598.46;483.33
5869;Santo Antônio do Grama;MG;Estadual;1;468.6;455.5;483.9;448.6;560.0;483.32
5870;Eldorado;SP;Estadual;16;470.48;469.0;443.33;481.18;552.5;483.3
5871;Serra dos Aimorés;MG;Estadual;15;450.47;465.91;440.28;486.52;573.33;483.3
5872;Paulino Neves;MA;Estadual;15;440.26;469.81;439.44;469.62;597.33;483.29
5873;Carvalhópolis;MG;Estadual;4;479.78;479.0;470.38;487.32;500.0;483.29
5874;Porto Franco;MA;Estadual;59;448.09;480.32;447.0;474.78;566.1;483.26
5875;Entre Rios;BA;Estadual;81;465.31;479.74;464.73;472.94;533.58;483.26
5876;Abadia de Goiás;GO;Estadual;29;476.22;495.33;442.96;476.29;525.52;483.26
5877;Panamá;GO;Estadual;8;489.01;492.34;491.81;438.1;505.0;483.25
5878;José Raydan;MG;Estadual;7;475.84;463.37;427.8;474.8;574.29;483.22
5879;Santa Tereza do Oeste;PR;Estadual;15;449.93;481.71;443.79;481.95;558.67;483.21
5880;Turilândia;MA;Estadual;3;426.3;467.8;418.93;422.9;680.0;483.19
5881;Bandeirantes do Tocantins;TO;Estadual;12;461.8;457.85;446.63;459.46;590.0;483.15
5882;Nova Soure;BA;Estadual;24;458.19;470.92;441.92;456.32;588.33;483.14
5883;Xambioá;TO;Estadual;43;450.67;470.39;444.77;472.21;577.67;483.14
5884;Tacima;PB;Estadual;11;432.06;440.87;459.42;479.61;603.64;483.12
5885;Lajeado do Bugre;RS;Estadual;5;460.24;469.62;445.82;451.78;588.0;483.09
5886;Treviso;SC;Estadual;7;468.66;482.43;428.84;449.66;585.71;483.06
5887;Caranaíba;MG;Estadual;3;470.7;495.23;443.83;458.77;546.67;483.04
5888;Guareí;SP;Estadual;6;478.73;495.8;449.22;454.67;536.67;483.02
5889;Mozarlândia;GO;Estadual;35;459.71;468.16;441.36;473.29;572.57;483.02
5890;Serrita;PE;Estadual;23;460.04;462.07;464.3;453.84;574.78;483.01
5891;Águas Vermelhas;MG;Estadual;13;455.6;479.9;443.72;471.22;564.62;483.01
5892;Pilar;AL;Estadual;37;446.54;461.79;436.6;453.77;616.22;482.98
5893;Riachinho;MG;Estadual;5;457.38;512.9;437.76;462.76;544.0;482.96
5894;Cametá;PA;Estadual;278;445.06;465.54;440.26;462.42;601.37;482.93
5895;Quebrangulo;AL;Estadual;8;460.76;436.71;462.01;467.42;587.5;482.88
5896;Macedônia;SP;Estadual;3;490.9;456.97;443.93;435.9;586.67;482.87
5897;Lagoa de São Francisco;PI;Estadual;16;450.52;475.12;458.32;485.35;545.0;482.86
5898;Marzagão;GO;Estadual;16;457.65;459.44;430.89;486.32;580.0;482.86
5899;Nova América;GO;Estadual;2;455.35;489.1;510.35;419.4;540.0;482.84
5900;Cacequi;RS;Estadual;13;422.18;457.18;454.05;510.02;570.77;482.84
5901;Carvalhos;MG;Estadual;6;474.62;477.55;430.85;481.15;550.0;482.83
5902;Alto Paraíso de Goiás;GO;Estadual;18;468.78;466.84;435.68;486.2;556.67;482.83
5903;São Félix do Tocantins;TO;Estadual;4;416.38;460.05;454.58;448.1;635.0;482.82
5904;São José do Piauí;PI;Estadual;4;430.42;411.72;415.7;486.25;670.0;482.82
5905;Luís Correia;PI;Estadual;21;458.11;472.07;455.78;458.61;569.52;482.82
5906;Nova Russas;CE;Estadual;223;457.76;471.91;448.55;486.1;549.51;482.77
5907;Ibicaraí;BA;Estadual;9;452.27;488.88;432.3;467.04;573.33;482.76
5908;Mojuí dos Campos;PA;Estadual;12;448.12;458.51;459.66;469.18;578.33;482.76
5909;Nova Veneza;GO;Estadual;15;469.17;477.88;456.71;475.33;534.67;482.75
5910;Nova Ponte;MG;Estadual;15;456.1;460.15;455.42;505.96;536.0;482.73
5911;Santa Rita do Trivelato;MT;Estadual;7;452.57;445.54;443.54;491.97;580.0;482.73
5912;Montividiu;GO;Estadual;28;453.51;480.54;454.19;474.64;550.71;482.72
5913;Igaporã;BA;Estadual;20;437.02;479.21;454.61;453.74;589.0;482.72
5914;Nova Mamoré;RO;Estadual;48;441.99;466.35;451.72;477.08;576.25;482.68
5915;Santa Izabel do Pará;PA;Estadual;121;450.33;471.37;449.25;457.78;584.63;482.67
5916;Dom Inocêncio;PI;Estadual;1;499.5;440.9;452.4;460.5;560.0;482.66
5917;Uruaçu;GO;Estadual;103;470.59;470.65;453.38;484.13;534.56;482.66
5918;Itaguari;GO;Estadual;12;453.84;433.86;444.85;522.4;558.33;482.66
5919;Simão Pereira;MG;Estadual;4;465.9;479.85;458.85;498.62;510.0;482.65
5920;Tupaciguara;MG;Estadual;41;458.67;472.21;443.14;469.95;569.27;482.65
5921;Bom Jesus do Tocantins;PA;Estadual;19;479.34;498.32;427.91;462.3;545.26;482.63
5922;Paranaiguara;GO;Estadual;16;469.26;473.19;446.48;481.62;542.5;482.61
5923;Olho d'Água Grande;AL;Estadual;3;465.57;470.27;408.93;461.63;606.67;482.61
5924;Maracanã;PA;Estadual;11;451.22;498.23;405.13;483.84;574.55;482.59
5925;Vera Cruz do Oeste;PR;Estadual;18;466.49;478.24;430.18;472.47;565.56;482.59
5926;Itaipé;MG;Estadual;4;488.2;498.3;426.22;425.2;575.0;482.58
5927;Pontes e Lacerda;MT;Estadual;62;461.46;475.69;454.77;472.46;548.39;482.55
5928;Aral Moreira;MS;Estadual;15;464.47;475.73;438.39;467.46;566.67;482.54
5929;Teixeirópolis;RO;Estadual;15;449.82;473.5;439.54;456.47;593.33;482.53
5930;Estrela do Indaiá;MG;Estadual;1;361.3;534.2;396.5;480.5;640.0;482.5
5931;Barcelos;AM;Estadual;57;446.96;483.78;452.71;464.79;564.21;482.49
5932;Sítio Novo do Tocantins;TO;Estadual;10;428.72;476.91;451.61;453.16;602.0;482.48
5933;Curvelândia;MT;Estadual;4;474.55;497.88;468.35;441.6;530.0;482.48
5934;Itacuruba;PE;Estadual;17;470.59;444.45;442.24;473.81;581.18;482.45
5935;Caiçara;PB;Estadual;12;476.81;448.48;459.09;442.83;585.0;482.44
5936;Águas Lindas de Goiás;GO;Estadual;233;464.46;479.17;447.98;477.61;543.0;482.44
5937;Matões;MA;Estadual;59;450.51;457.37;433.24;449.28;621.69;482.42
5938;Planaltina;GO;Estadual;275;468.95;475.11;443.45;481.06;543.49;482.41
5939;Emas;PB;Estadual;14;441.94;454.74;440.56;454.75;620.0;482.4
5940;Ipameri;GO;Estadual;55;468.29;474.13;450.66;475.96;542.91;482.39
5941;Guairaçá;PR;Estadual;13;461.98;490.67;457.61;489.3;512.31;482.37
5942;Guapó;GO;Estadual;47;455.53;467.17;453.41;495.27;540.43;482.36
5943;Leopoldo de Bulhões;GO;Estadual;16;466.59;460.68;444.42;477.63;562.5;482.36
5944;Ouro Branco;AL;Estadual;11;447.39;478.36;443.75;449.52;592.73;482.35
5945;Salinópolis;PA;Estadual;73;455.52;464.78;443.09;480.65;567.67;482.34
5946;Ritápolis;MG;Estadual;13;447.82;464.65;445.62;496.56;556.92;482.32
5947;Divino de São Lourenço;ES;Estadual;10;463.38;492.91;440.98;480.27;534.0;482.31
5948;Firmino Alves;BA;Estadual;27;462.81;470.63;447.05;449.46;581.48;482.28
5949;Coreaú;CE;Estadual;90;457.29;449.72;440.54;502.07;561.78;482.28
5950;Itaitinga;CE;Estadual;277;468.96;467.54;449.83;482.86;542.17;482.27
5951;Igaratá;SP;Estadual;10;498.57;470.78;473.82;475.89;492.0;482.21
5952;Taquara;RS;Municipal;7;460.69;494.37;469.51;500.69;485.71;482.19
5953;Palmeirina;PE;Estadual;25;449.78;440.56;449.5;475.86;595.2;482.18
5954;Ocara;CE;Estadual;162;464.87;470.12;444.81;472.9;558.15;482.17
5955;Serrolândia;BA;Estadual;10;478.77;477.12;465.88;451.06;538.0;482.17
5956;São Miguel do Tocantins;TO;Estadual;12;462.92;478.54;451.54;461.08;556.67;482.15
5957;Goianésia do Pará;PA;Estadual;40;462.8;470.1;439.28;479.51;559.0;482.14
5958;Piçarra;PA;Estadual;6;438.07;474.13;436.67;491.77;570.0;482.13
5959;Itagibá;BA;Estadual;12;445.97;460.89;441.02;469.39;593.33;482.12
5960;Herval;RS;Estadual;9;464.56;497.31;473.12;482.26;493.33;482.12
5961;Curimatá;PI;Estadual;20;469.86;459.22;444.98;484.51;552.0;482.11
5962;Ortigueira;PR;Estadual;42;464.48;476.51;458.65;477.87;532.86;482.07
5963;Massaranduba;PB;Estadual;11;461.19;459.03;434.55;471.88;583.64;482.06
5964;Palestina de Goiás;GO;Estadual;8;450.44;474.08;436.92;488.84;560.0;482.06
5965;Aimorés;MG;Estadual;18;462.65;469.49;452.38;489.06;536.67;482.05
5966;Trombudo Central;SC;Estadual;3;474.3;488.4;451.53;442.63;553.33;482.04
5967;Morro do Chapéu;BA;Estadual;26;456.56;482.32;450.42;486.28;534.62;482.04
5968;Ibateguara;AL;Estadual;20;425.84;461.7;443.89;508.72;570.0;482.03
5969;Rio Negro;MS;Estadual;12;464.87;477.32;451.89;469.32;546.67;482.01
5970;Amaraji;PE;Estadual;51;454.99;470.16;446.01;462.74;576.08;482.0
5971;Benevides;PA;Estadual;128;453.69;470.22;454.1;466.32;565.62;481.99
5972;Parnamirim;PE;Estadual;27;462.64;465.78;437.95;485.01;558.52;481.98
5973;Timbé do Sul;SC;Estadual;6;474.92;465.53;433.07;492.98;543.33;481.97
5974;Água Preta;PE;Estadual;29;466.84;469.16;446.68;465.06;562.07;481.96
5975;Dois Riachos;AL;Estadual;6;470.15;483.03;467.87;478.55;510.0;481.92
5976;Cotia;SP;Municipal;2;497.45;561.4;414.4;426.15;510.0;481.88
5977;Riachão do Dantas;SE;Estadual;21;437.63;441.85;430.6;455.51;643.81;481.88
5978;Barão do Triunfo;RS;Estadual;8;449.62;515.61;443.91;455.22;545.0;481.88
5979;Barrinha;SP;Estadual;15;462.81;455.73;465.22;456.24;569.33;481.87
5980;Jaguaquara;BA;Estadual;122;461.32;470.22;458.82;466.99;551.97;481.86
5981;Ouro Fino;MG;Estadual;19;453.25;464.72;441.79;498.96;550.53;481.85
5982;Santa Quitéria do Maranhão;MA;Privada;4;432.45;456.25;455.98;479.42;585.0;481.82
5983;Castilho;SP;Estadual;25;455.52;470.76;466.7;508.86;507.2;481.81
5984;Araponga;MG;Estadual;12;459.46;490.62;459.68;479.26;520.0;481.8
5985;Palmas;PR;Estadual;39;474.82;474.37;443.42;468.69;547.69;481.8
5986;Lagoa de Itaenga;PE;Estadual;54;450.75;471.43;446.54;462.06;578.15;481.78
5987;Pérola;PR;Estadual;15;442.35;455.87;460.79;493.91;556.0;481.78
5988;Santa Isabel;GO;Estadual;4;455.08;458.5;504.1;496.08;495.0;481.75
5989;Mirandópolis;SP;Estadual;15;466.91;486.71;443.51;511.5;500.0;481.73
5990;Peritoró;MA;Municipal;1;504.0;493.1;358.0;413.5;640.0;481.72
5991;Uruçuca;BA;Estadual;15;453.18;475.4;438.5;464.17;577.33;481.72
5992;Buriti dos Lopes;PI;Estadual;55;453.58;456.58;445.36;473.83;579.27;481.72
5993;Serra Preta;BA;Estadual;19;423.74;463.8;457.61;474.97;588.42;481.71
5994;Japeri;RJ;Estadual;78;469.69;475.06;443.69;483.11;536.92;481.7
5995;Mampituba;RS;Estadual;8;460.79;486.38;465.61;455.68;540.0;481.69
5996;Vieirópolis;PB;Estadual;10;436.63;438.75;460.25;476.72;596.0;481.67
5997;Vale do Sol;RS;Privada;3;455.97;520.2;443.97;501.4;486.67;481.64
5998;Brejões;BA;Estadual;19;438.32;483.12;451.75;466.51;568.42;481.62
5999;Jurema;PE;Estadual;21;453.24;458.61;435.4;462.7;598.1;481.61
6000;Andorinha;BA;Estadual;9;453.92;472.8;486.19;470.67;524.44;481.6
6001;Abelardo Luz;SC;Federal;2;460.15;478.9;405.95;483.0;580.0;481.6
6002;Itaipé;MG;Privada;2;425.95;455.65;450.8;465.55;610.0;481.59
6003;Muaná;PA;Estadual;30;446.43;463.43;435.33;482.73;580.0;481.58
6004;Francisco Macedo;PI;Estadual;8;422.74;472.34;397.86;457.24;657.5;481.54
6005;Dom Eliseu;PA;Estadual;43;451.89;471.47;454.37;487.61;542.33;481.53
6006;Teolândia;BA;Estadual;7;443.69;481.09;412.31;467.63;602.86;481.51
6007;Senhor do Bonfim;BA;Estadual;131;455.47;464.59;453.31;483.31;550.69;481.47
6008;Igarapé-Açu;PA;Estadual;58;441.23;457.56;443.13;472.3;593.1;481.46
6009;Santa Luzia;PB;Estadual;15;446.75;452.13;448.6;461.1;598.67;481.45
6010;Ilha Grande;PI;Estadual;13;456.3;457.06;439.61;494.18;560.0;481.43
6011;Sirinhaém;PE;Estadual;46;455.12;473.78;436.07;481.71;560.43;481.42
6012;Nova Ibiá;BA;Estadual;6;469.37;416.05;458.52;469.77;593.33;481.41
6013;Águia Branca;ES;Estadual;20;436.42;466.96;433.12;499.47;571.0;481.4
6014;Nova Esperança;PR;Estadual;38;469.63;471.88;437.04;469.43;558.95;481.39
6015;Belém;AL;Estadual;14;447.04;485.54;448.11;484.74;541.43;481.37
6016;Jaguapitã;PR;Estadual;26;472.08;473.8;453.11;473.99;533.85;481.36
6017;Itapecuru Mirim;MA;Privada;10;440.24;477.58;447.33;453.65;588.0;481.36
6018;Pugmil;TO;Estadual;3;487.37;442.47;457.57;439.33;580.0;481.35
6019;Urucuia;MG;Estadual;1;457.3;528.0;371.3;510.1;540.0;481.34
6020;Rio das Flores;RJ;Estadual;9;452.52;458.87;436.23;487.96;571.11;481.34
6021;Porto da Folha;SE;Estadual;52;433.06;459.94;460.1;472.02;581.54;481.33
6022;Luiziânia;SP;Estadual;2;500.15;501.85;437.35;417.25;550.0;481.32
6023;Mãe do Rio;PA;Estadual;84;450.49;467.07;453.82;473.52;561.67;481.32
6024;Brás Pires;MG;Estadual;4;478.68;486.85;388.08;492.92;560.0;481.3
6025;Cássia dos Coqueiros;SP;Estadual;6;452.72;487.53;454.88;491.33;520.0;481.29
6026;Nova Porteirinha;MG;Estadual;5;465.3;434.5;433.16;473.36;600.0;481.26
6027;Corumbaíba;GO;Estadual;21;471.28;477.64;451.75;482.74;522.86;481.25
6028;Apuarema;BA;Estadual;30;455.11;445.53;438.64;472.3;594.67;481.25
6029;Roseira;SP;Estadual;5;491.88;443.88;485.2;489.04;496.0;481.2
6030;Alto Paraíso;RO;Estadual;21;435.45;465.51;468.8;503.65;532.38;481.16
6031;Parelhas;RN;Estadual;19;465.28;473.35;447.65;448.87;570.53;481.13
6032;Ibiaí;MG;Estadual;11;469.46;471.45;471.95;461.74;530.91;481.1
6033;São Francisco de Goiás;GO;Estadual;13;460.09;467.71;446.98;487.67;543.08;481.1
6034;Salto Veloso;SC;Estadual;5;457.94;459.86;472.0;519.66;496.0;481.09
6035;Terenos;MS;Estadual;25;461.95;494.52;440.38;478.14;530.4;481.08
6036;Palmitinho;RS;Estadual;13;459.97;438.12;450.41;499.85;556.92;481.05
6037;Miracema;RJ;Municipal;5;438.28;467.34;424.52;431.04;644.0;481.04
6038;Correntina;BA;Estadual;56;446.54;467.88;454.35;484.66;551.79;481.04
6039;Irituia;PA;Municipal;7;440.73;473.71;446.96;475.14;568.57;481.02
6040;Tocantinópolis;TO;Estadual;72;448.86;467.61;447.36;477.06;564.17;481.01
6041;Monte Alegre dos Campos;RS;Estadual;1;423.3;494.3;408.8;438.6;640.0;481.0
6042;Varre-Sai;RJ;Estadual;7;472.23;486.26;438.81;436.29;571.43;481.0
6043;Anita Garibaldi;SC;Estadual;7;445.01;460.21;442.34;491.56;565.71;480.97
6044;Nova Esperança do Piriá;PA;Estadual;21;450.76;469.63;440.42;465.85;578.1;480.95
6045;Maraial;PE;Estadual;9;466.94;457.89;426.06;464.92;588.89;480.94
6046;Soure;PA;Estadual;34;425.03;455.94;451.64;467.93;604.12;480.93
6047;Coelho Neto;MA;Estadual;69;453.22;464.73;444.27;470.96;571.3;480.9
6048;Mambaí;GO;Estadual;34;452.29;487.38;442.86;479.05;542.94;480.9
6049;Nossa Senhora das Graças;PR;Estadual;3;477.67;457.37;429.77;572.93;466.67;480.88
6050;Formosa do Sul;SC;Estadual;6;436.78;475.38;473.15;485.75;533.33;480.88
6051;Lauro de Freitas;BA;Municipal;3;503.93;472.7;471.43;469.67;486.67;480.88
6052;Indianópolis;PR;Estadual;25;455.5;463.9;447.93;481.08;556.0;480.88
6053;Conceição do Lago-Açu;MA;Municipal;1;438.2;483.9;493.8;468.4;520.0;480.86
6054;Catuji;MG;Municipal;1;413.3;452.3;390.3;628.2;520.0;480.82
6055;Icó;CE;Estadual;300;458.48;466.75;445.57;481.67;551.6;480.81
6056;Santa Cruz;RN;Municipal;1;442.5;521.1;388.7;451.6;600.0;480.78
6057;Goianorte;TO;Estadual;6;425.22;456.2;432.53;482.98;606.67;480.72
6058;Galiléia;MG;Estadual;5;453.7;502.74;436.02;483.16;528.0;480.72
6059;Miguel Alves;PI;Estadual;13;470.38;469.82;437.83;463.96;561.54;480.71
6060;Nossa Senhora da Glória;SE;Municipal;2;494.15;463.0;409.05;497.35;540.0;480.71
6061;Campos Belos;GO;Estadual;36;455.48;486.46;442.86;463.15;555.56;480.7
6062;Aporá;BA;Estadual;24;445.96;453.95;450.9;476.05;576.67;480.7
6063;Aroeiras;PB;Estadual;32;437.68;449.1;449.24;473.09;594.38;480.7
6064;Córrego do Ouro;GO;Estadual;7;470.56;480.23;437.76;449.16;565.71;480.68
6065;Novo Progresso;PA;Estadual;25;466.68;462.03;451.94;472.3;550.4;480.67
6066;Parnarama;MA;Estadual;38;444.45;454.34;437.56;463.09;603.68;480.63
6067;Itapitanga;BA;Estadual;13;452.56;487.9;451.23;462.24;549.23;480.63
6068;Pracuúba;AP;Estadual;4;468.08;423.25;447.8;478.95;585.0;480.62
6069;Miranda;MS;Estadual;33;459.62;477.67;455.09;496.09;514.55;480.6
6070;Cachoeira do Sul;RS;Municipal;1;438.8;462.5;554.3;447.3;500.0;480.58
6071;São Benedito;CE;Estadual;350;452.49;464.91;444.03;476.15;565.2;480.56
6072;Araçuaí;MG;Estadual;28;469.71;474.18;434.19;489.72;535.0;480.56
6073;Fagundes;PB;Estadual;25;445.05;445.19;437.27;466.91;608.0;480.48
6074;São Felipe D'Oeste;RO;Estadual;10;449.18;482.04;445.16;475.96;550.0;480.47
6075;General Câmara;RS;Estadual;7;459.29;494.19;437.36;468.67;542.86;480.47
6076;Barão de Grajaú;MA;Estadual;46;452.23;467.64;452.92;470.43;559.13;480.47
6077;Alegria;RS;Estadual;10;426.7;506.24;465.35;491.75;512.0;480.41
6078;São Julião;PI;Estadual;11;426.04;461.46;426.48;460.7;627.27;480.39
6079;Xapuri;AC;Estadual;7;441.47;478.79;463.97;434.79;582.86;480.37
6080;Coxim;MS;Estadual;76;457.07;474.74;454.57;480.95;534.47;480.36
6081;Monte Negro;RO;Estadual;20;455.33;461.17;438.08;460.01;587.0;480.32
6082;Manga;MG;Estadual;39;462.52;469.06;440.09;463.73;566.15;480.31
6083;Mucugê;BA;Municipal;1;370.5;542.2;428.7;460.0;600.0;480.28
6084;São José dos Basílios;MA;Municipal;1;416.6;362.8;601.0;401.0;620.0;480.28
6085;Conquista D'Oeste;MT;Estadual;9;433.31;456.08;428.47;483.39;600.0;480.25
6086;Ilhota;SC;Estadual;4;500.3;449.55;459.08;462.28;530.0;480.24
6087;Ituaçu;BA;Estadual;21;454.13;469.7;442.13;470.3;564.76;480.2
6088;Vera Cruz;BA;Estadual;47;457.5;471.94;456.7;469.76;545.11;480.2
6089;Cidade Ocidental;GO;Estadual;146;469.62;472.77;447.65;478.65;532.33;480.2
6090;Tacuru;MS;Estadual;15;462.16;443.99;465.39;494.76;534.67;480.19
6091;Recursolândia;TO;Estadual;9;478.28;464.58;431.16;446.82;580.0;480.17
6092;Aruanã;GO;Estadual;11;470.55;460.5;428.67;484.75;556.36;480.17
6093;São Sebastião da Boa Vista;PA;Estadual;53;455.85;481.86;445.98;460.14;556.98;480.16
6094;Santaluz;BA;Estadual;57;449.28;468.57;439.48;480.32;563.16;480.16
6095;Barra;BA;Estadual;68;453.79;453.18;447.79;468.6;577.35;480.14
6096;Seringueiras;RO;Estadual;25;464.55;462.95;457.87;483.92;531.2;480.1
6097;Canas;SP;Estadual;2;455.1;506.25;436.0;492.9;510.0;480.05
6098;São Carlos;SC;Estadual;5;436.04;516.48;473.18;462.5;512.0;480.04
6099;Encanto;RN;Estadual;19;463.86;475.21;440.06;456.81;564.21;480.03
6100;Corinto;MG;Estadual;18;485.83;476.27;446.07;471.99;520.0;480.03
6101;Matupá;MT;Privada;5;456.52;500.62;435.94;487.02;520.0;480.02
6102;Santa Terezinha;SC;Estadual;26;421.58;474.46;464.07;488.38;551.54;480.01
6103;Uberaba;MG;Municipal;1;518.7;448.3;501.8;511.2;420.0;480.0
6104;Passagem Franca do Piauí;PI;Estadual;9;439.34;469.39;443.39;467.68;580.0;479.96
6105;Palmeiras de Goiás;GO;Estadual;110;455.63;466.29;455.74;478.82;543.27;479.95
6106;Campo Bonito;PR;Estadual;6;462.72;499.32;432.5;488.43;516.67;479.93
6107;Plácido de Castro;AC;Estadual;24;459.16;466.31;434.92;476.73;562.5;479.93
6108;Ibititá;BA;Estadual;9;457.3;451.71;419.24;473.59;597.78;479.92
6109;Júlio Borges;PI;Estadual;8;459.48;442.44;464.71;485.46;547.5;479.92
6110;Colinas do Sul;GO;Estadual;7;472.14;466.47;458.2;491.3;511.43;479.91
6111;Guaratinga;BA;Estadual;24;440.9;443.04;430.4;468.45;616.67;479.89
6112;Campina Verde;MG;Estadual;22;476.49;481.5;468.46;468.43;504.55;479.89
6113;Caracaraí;RR;Estadual;17;473.36;460.95;445.85;463.96;555.29;479.88
6114;Casimiro de Abreu;RJ;Municipal;6;465.22;440.78;420.12;463.17;610.0;479.86
6115;Santa Brígida;BA;Estadual;9;462.73;492.47;424.81;468.03;551.11;479.83
6116;Salmourão;SP;Estadual;5;474.42;472.44;435.88;492.34;524.0;479.82
6117;Rio Maria;PA;Estadual;17;460.45;471.71;447.42;471.18;548.24;479.8
6118;Santa Maria da Boa Vista;PE;Estadual;54;448.97;450.59;439.7;483.79;575.93;479.8
6119;Mundo Novo;MS;Estadual;35;472.53;458.81;454.52;483.35;529.71;479.79
6120;Sussuapara;PI;Estadual;18;449.94;468.26;431.28;463.93;585.56;479.79
6121;Bonfinópolis;GO;Estadual;23;457.23;469.57;442.2;468.16;561.74;479.78
6122;Cafarnaum;BA;Municipal;1;473.8;383.2;453.7;448.2;640.0;479.78
6123;Iguaraçu;PR;Estadual;4;496.38;466.12;453.08;448.25;535.0;479.76
6124;Aparecida do Rio Negro;TO;Estadual;23;451.25;448.7;447.6;489.02;561.74;479.66
6125;Iramaia;BA;Estadual;1;506.2;460.8;421.7;489.5;520.0;479.64
6126;Ilha de Itamaracá;PE;Estadual;45;462.9;475.65;433.69;474.34;551.56;479.63
6127;Canutama;AM;Municipal;2;488.45;477.0;372.35;500.35;560.0;479.63
6128;Pedro de Toledo;SP;Estadual;15;451.2;447.07;448.16;488.61;562.67;479.54
6129;Aperibé;RJ;Estadual;13;475.39;481.12;453.16;447.85;540.0;479.51
6130;Jardim;CE;Estadual;138;457.78;478.43;444.5;474.35;542.46;479.5
6131;Goianinha;RN;Estadual;9;456.53;490.6;434.37;482.63;533.33;479.49
6132;Dueré;TO;Estadual;5;439.76;491.9;411.58;530.18;524.0;479.48
6133;Governador Newton Bello;MA;Estadual;5;437.84;464.12;465.2;422.18;608.0;479.47
6134;Comercinho;MG;Estadual;18;457.24;475.88;452.93;467.93;543.33;479.46
6135;Monção;MA;Estadual;13;453.66;464.6;435.04;493.16;550.77;479.45
6136;Missão Velha;CE;Estadual;144;444.75;458.52;444.79;465.97;583.19;479.44
6137;Barcelona;RN;Estadual;2;436.75;428.6;481.05;470.8;580.0;479.44
6138;Várzea Branca;PI;Estadual;8;457.96;509.51;438.51;446.02;545.0;479.4
6139;Nova Olinda do Maranhão;MA;Estadual;34;439.47;466.43;437.23;474.97;578.82;479.38
6140;Princesa Isabel;PB;Estadual;19;463.77;462.54;461.97;459.02;549.47;479.36
6141;Xique-Xique;BA;Municipal;7;423.13;447.63;435.04;479.5;611.43;479.35
6142;Wanderlândia;TO;Estadual;5;465.2;459.82;442.4;461.18;568.0;479.32
6143;Fátima;TO;Estadual;6;443.68;466.68;435.95;486.93;563.33;479.32
6144;São José dos Ramos;PB;Estadual;2;440.1;434.0;417.35;475.15;630.0;479.32
6145;Trizidela do Vale;MA;Estadual;17;472.66;462.72;444.82;469.19;547.06;479.29
6146;Amarante do Maranhão;MA;Estadual;24;442.91;467.8;441.77;448.16;595.83;479.29
6147;São Bento;MA;Estadual;89;450.12;461.22;447.54;470.8;566.74;479.29
6148;Cacimbinhas;AL;Privada;2;423.2;372.0;438.95;582.25;580.0;479.28
6149;Tanquinho;BA;Estadual;7;446.5;477.83;452.39;485.37;534.29;479.27
6150;Pompéia;SP;Estadual;10;484.01;481.63;432.48;464.16;534.0;479.26
6151;Curiúva;PR;Estadual;8;458.82;476.72;444.18;486.45;530.0;479.24
6152;Denise;MT;Estadual;17;443.17;458.09;440.43;514.45;540.0;479.23
6153;Palmeira dos Índios;AL;Estadual;129;449.88;453.9;446.84;455.08;590.39;479.22
6154;São Raimundo do Doca Bezerra;MA;Estadual;7;430.3;426.34;430.7;471.57;637.14;479.21
6155;Ubaitaba;BA;Estadual;20;462.23;486.19;445.34;438.27;564.0;479.21
6156;Capanema;PA;Estadual;96;444.2;466.43;440.3;462.48;582.29;479.14
6157;Portel;PA;Estadual;110;443.55;480.26;436.85;464.85;570.0;479.1
6158;Afuá;PA;Estadual;19;439.84;454.22;436.0;475.9;589.47;479.09
6159;Palmeira;SC;Estadual;4;449.68;486.8;429.42;474.5;555.0;479.08
6160;São José do Calçado;ES;Estadual;17;452.29;466.07;481.56;488.42;507.06;479.08
6161;Cabaceiras do Paraguaçu;BA;Estadual;18;435.13;459.42;450.93;463.19;586.67;479.07
6162;Aguiarnópolis;TO;Estadual;11;456.79;472.59;440.89;474.12;550.91;479.06
6163;Tapiraí;SP;Estadual;2;479.25;414.45;430.25;571.3;500.0;479.05
6164;Boninal;BA;Estadual;25;461.66;465.87;438.92;477.56;551.2;479.04
6165;Gonzaga;MG;Estadual;3;487.9;469.8;487.97;462.87;486.67;479.04
6166;Altamira;PA;Municipal;10;437.31;470.59;443.51;495.61;548.0;479.0
6167;Alto Alegre do Pindaré;MA;Estadual;33;454.36;471.32;434.17;474.5;560.61;478.99
6168;Curral Novo do Piauí;PI;Estadual;2;481.65;476.55;365.75;530.9;540.0;478.97
6169;Cajari;MA;Estadual;21;440.32;460.66;445.33;465.66;582.86;478.96
6170;Vigia;PA;Municipal;1;427.7;465.1;421.3;440.7;640.0;478.96
6171;São João da Lagoa;MG;Estadual;5;469.84;459.24;449.62;463.98;552.0;478.94
6172;Marianópolis do Tocantins;TO;Estadual;7;447.59;458.66;462.9;485.53;540.0;478.93
6173;Montalvânia;MG;Estadual;21;466.89;456.01;438.74;495.71;537.14;478.9
6174;Buritis;MG;Estadual;42;455.35;459.65;446.57;489.36;543.33;478.85
6175;Jordânia;MG;Estadual;11;462.75;481.39;422.04;533.35;494.55;478.82
6176;Presidente Dutra;BA;Estadual;10;467.16;435.27;469.31;490.32;532.0;478.81
6177;Tupanatinga;PE;Estadual;26;456.43;457.55;445.25;459.37;575.38;478.8
6178;Gentio do Ouro;BA;Estadual;6;474.55;462.18;426.05;504.55;526.67;478.8
6179;Formosa da Serra Negra;MA;Estadual;46;440.12;459.07;449.63;476.45;568.7;478.79
6180;Lagoa Salgada;RN;Estadual;21;470.4;486.68;435.53;462.17;539.05;478.77
6181;Combinado;TO;Estadual;7;437.11;441.04;442.91;492.8;580.0;478.77
6182;Caldeirão Grande do Piauí;PI;Estadual;4;459.22;509.78;445.22;469.42;510.0;478.73
6183;Ipueiras;CE;Estadual;294;449.42;466.55;446.31;474.06;557.28;478.72
6184;São Bento Abade;MG;Estadual;2;488.4;456.85;459.5;488.8;500.0;478.71
6185;Madre de Deus;BA;Estadual;31;457.1;454.7;449.3;475.0;557.42;478.7
6186;Jordão;AC;Estadual;4;410.22;448.45;442.72;497.05;595.0;478.69
6187;Francisco Dantas;RN;Estadual;6;458.65;475.5;452.72;483.22;523.33;478.68
6188;Taipu;RN;Estadual;8;454.15;446.98;449.6;450.12;592.5;478.67
6189;Soure;PA;Municipal;29;436.64;438.52;445.65;456.62;615.86;478.66
6190;Nova Santa Bárbara;PR;Estadual;1;514.1;411.2;431.1;516.9;520.0;478.66
6191;Jeremoabo;BA;Estadual;58;449.57;450.68;441.21;461.42;590.34;478.65
6192;São Félix do Xingu;PA;Estadual;26;444.11;459.73;432.17;478.78;578.46;478.65
6193;Santo Antônio de Lisboa;PI;Estadual;22;421.02;452.7;446.05;491.51;581.82;478.62
6194;Onça de Pitangui;MG;Estadual;7;466.37;466.69;425.9;477.01;557.14;478.62
6195;Xique-Xique;BA;Estadual;72;444.45;464.87;442.99;478.37;562.22;478.58
6196;Várzea Paulista;SP;Municipal;1;472.9;444.5;519.4;416.1;540.0;478.58
6197;Santa Luzia;MA;Estadual;80;454.55;465.64;446.01;480.22;546.5;478.58
6198;Itupiranga;PA;Estadual;50;440.29;464.33;441.7;453.71;592.8;478.57
6199;Porto Nacional;TO;Estadual;110;457.4;460.39;448.82;473.07;553.09;478.56
6200;Prata;PB;Estadual;10;458.59;457.18;453.4;461.49;562.0;478.53
6201;Nonoai;RS;Estadual;19;468.34;454.69;447.08;484.5;537.89;478.5
6202;Rio do Campo;SC;Estadual;21;453.24;484.11;464.94;455.0;535.24;478.5
6203;Paraná;RN;Municipal;1;571.3;516.9;517.6;386.6;400.0;478.48
6204;Campina do Simão;PR;Estadual;13;476.09;494.83;444.42;472.4;504.62;478.47
6205;Pio IX;PI;Estadual;25;444.16;471.86;442.27;474.08;560.0;478.47
6206;Mirador;MA;Estadual;13;433.62;491.72;461.96;446.53;558.46;478.46
6207;Coronel Sapucaia;MS;Estadual;21;453.25;467.01;442.42;485.81;543.81;478.46
6208;Itambé;PR;Estadual;13;459.71;476.05;449.79;479.02;527.69;478.45
6209;Lago do Junco;MA;Estadual;13;448.95;466.37;444.21;477.24;555.38;478.43
6210;Trairi;CE;Estadual;387;456.48;461.64;447.59;482.21;544.19;478.42
6211;Oliveira dos Brejinhos;BA;Estadual;16;449.08;453.51;454.9;482.13;552.5;478.42
6212;Gaúcha do Norte;MT;Estadual;2;442.95;476.9;450.65;481.6;540.0;478.42
6213;Garanhuns;PE;Municipal;1;520.4;416.5;410.2;604.9;440.0;478.4
6214;Murici;AL;Estadual;13;443.19;451.18;430.93;472.71;593.85;478.37
6215;Balsas;MA;Estadual;138;449.95;463.56;448.93;464.36;565.07;478.37
6216;Água Azul do Norte;PA;Estadual;16;437.15;475.19;427.48;479.5;572.5;478.36
6217;Barra de Santana;PB;Estadual;13;442.5;463.27;432.48;470.3;583.08;478.33
6218;Igaracy;PB;Estadual;18;440.12;428.82;431.61;491.07;600.0;478.32
6219;Santa Maria das Barreiras;PA;Municipal;1;482.4;534.1;439.8;435.1;500.0;478.28
6220;Aquidauana;MS;Estadual;62;445.05;462.26;442.6;471.19;570.32;478.28
6221;Nova Viçosa;BA;Estadual;67;463.48;468.88;441.2;476.66;541.19;478.28
6222;Neópolis;SE;Estadual;34;454.23;460.64;446.77;457.32;572.35;478.26
6223;Santa Terezinha do Progresso;SC;Estadual;7;445.47;473.96;445.57;483.3;542.86;478.23
6224;Novo Oriente do Piauí;PI;Estadual;7;449.11;437.93;418.41;457.14;628.57;478.23
6225;Mundo Novo;GO;Estadual;8;442.3;440.12;420.15;468.39;620.0;478.19
6226;Barrinha;SP;Municipal;1;425.3;493.7;463.2;448.7;560.0;478.18
6227;Cambará;PR;Estadual;58;456.11;479.07;445.76;479.45;530.34;478.15
6228;Tuparetama;PE;Municipal;2;470.35;428.55;444.15;427.65;620.0;478.14
6229;Vitória do Mearim;MA;Estadual;34;449.04;474.45;455.8;458.93;552.35;478.12
6230;Simões;PI;Estadual;14;446.53;447.84;444.61;474.2;577.14;478.06
6231;Bocaina do Sul;SC;Estadual;8;450.29;469.24;458.1;467.68;545.0;478.06
6232;Afonso Bezerra;RN;Estadual;9;426.16;469.38;455.94;503.14;535.56;478.04
6233;Leopoldo de Bulhões;GO;Municipal;2;468.25;469.8;456.3;425.8;570.0;478.03
6234;Gararu;SE;Estadual;16;459.54;493.62;447.59;463.06;526.25;478.01
6235;Jucurutu;RN;Estadual;19;449.55;461.89;452.4;467.25;558.95;478.01
6236;Peixe-Boi;PA;Estadual;10;457.32;479.13;449.1;436.38;568.0;477.99
6237;Cabeceiras;GO;Estadual;19;458.69;479.96;434.24;482.25;534.74;477.98
6238;Diamante do Norte;PR;Estadual;32;458.02;455.37;463.08;496.56;516.88;477.98
6239;Colômbia;SP;Estadual;6;464.42;461.68;485.82;521.3;456.67;477.98
6240;Além Paraíba;MG;Estadual;28;444.56;460.37;465.0;490.53;529.29;477.95
6241;Nova Venécia;ES;Privada;3;406.6;525.63;507.67;443.17;506.67;477.95
6242;Morros;MA;Estadual;12;453.16;471.28;435.37;458.1;571.67;477.91
6243;São Domingos do Norte;ES;Estadual;8;464.89;480.19;439.48;454.95;550.0;477.9
6244;São Francisco do Maranhão;MA;Estadual;5;436.22;449.28;457.48;494.52;552.0;477.9
6245;Feira Nova do Maranhão;MA;Estadual;10;467.16;474.98;445.65;485.61;516.0;477.88
6246;Gameleira;PE;Estadual;13;466.75;468.37;443.17;454.09;556.92;477.86
6247;Novo Planalto;GO;Estadual;18;481.18;469.45;430.59;452.5;555.56;477.86
6248;São Joaquim do Monte;PE;Estadual;50;462.94;444.68;441.94;460.16;579.6;477.86
6249;Capela;AL;Estadual;15;453.04;461.61;426.04;447.29;601.33;477.86
6250;São Domingos;PB;Estadual;6;471.25;489.32;461.95;430.0;536.67;477.84
6251;Ouricuri;PE;Estadual;82;451.27;460.99;443.35;474.73;558.78;477.82
6252;São Felipe;BA;Municipal;1;546.5;443.2;493.2;366.2;540.0;477.82
6253;Urupá;RO;Estadual;14;463.72;469.73;435.57;488.58;531.43;477.81
6254;Nossa Senhora de Lourdes;SE;Estadual;27;455.69;462.13;458.1;456.64;556.3;477.77
6255;Quijingue;BA;Estadual;19;441.22;453.54;437.88;473.06;583.16;477.77
6256;Cajuri;MG;Estadual;2;433.75;441.35;458.05;455.65;600.0;477.76
6257;Paracuru;CE;Estadual;370;464.39;473.13;451.07;480.48;519.62;477.74
6258;Corumbá;MS;Estadual;169;460.11;473.1;441.55;470.03;543.91;477.74
6259;Rochedo de Minas;MG;Estadual;5;467.96;483.96;463.02;457.72;516.0;477.73
6260;Santo Antônio;RN;Estadual;22;458.88;456.6;434.54;462.28;576.36;477.73
6261;Cortês;PE;Estadual;27;453.67;467.74;430.48;464.54;571.85;477.66
6262;Irauçuba;CE;Municipal;1;461.5;419.8;404.9;482.1;620.0;477.66
6263;Taquaraçu de Minas;MG;Estadual;3;406.57;482.8;438.07;460.73;600.0;477.63
6264;Paulista;PE;Municipal;1;463.0;465.9;385.0;474.2;600.0;477.62
6265;Presidente Vargas;MA;Estadual;16;457.96;469.36;435.27;465.48;560.0;477.61
6266;Areia;PB;Estadual;47;433.76;467.99;451.09;470.06;565.11;477.6
6267;Esplanada;BA;Estadual;64;460.81;463.16;452.35;468.85;542.81;477.6
6268;Turiúba;SP;Estadual;6;461.4;475.33;459.07;468.55;523.33;477.54
6269;São Martinho da Serra;RS;Estadual;6;462.67;499.58;463.47;435.25;526.67;477.53
6270;Coribe;BA;Municipal;1;472.8;435.0;465.9;533.8;480.0;477.5
6271;Planaltino;BA;Estadual;2;410.8;456.2;448.75;431.75;640.0;477.5
6272;Vanini;RS;Estadual;1;497.9;483.8;445.0;600.7;360.0;477.48
6273;Belém;PA;Municipal;16;471.86;469.0;430.09;451.36;565.0;477.46
6274;São João do Jaguaribe;CE;Estadual;34;458.13;455.91;448.68;475.14;549.41;477.45
6275;Santa Rosa de Lima;SC;Estadual;2;448.15;460.1;513.1;465.85;500.0;477.44
6276;Guará;SP;Estadual;14;436.53;495.08;430.99;488.82;535.71;477.43
6277;Nova Campina;SP;Estadual;12;477.71;499.38;424.98;445.01;540.0;477.42
6278;Filadélfia;TO;Estadual;3;442.3;433.4;469.17;475.4;566.67;477.39
6279;Santo Estêvão;BA;Estadual;108;459.19;462.05;442.96;470.64;552.04;477.38
6280;Balneário Arroio do Silva;SC;Estadual;7;458.69;470.84;492.86;441.47;522.86;477.34
6281;Senador José Porfírio;PA;Estadual;37;433.5;448.42;454.67;456.44;593.51;477.31
6282;Lago da Pedra;MA;Estadual;91;449.97;464.07;448.04;457.67;566.81;477.31
6283;Xexéu;PE;Estadual;4;456.98;454.48;465.25;474.58;535.0;477.26
6284;Igarapé;MG;Municipal;1;493.7;497.9;481.3;373.3;540.0;477.24
6285;Santana do Garambéu;MG;Estadual;3;429.97;439.07;429.47;541.0;546.67;477.23
6286;Bom Jesus do Galho;MG;Estadual;13;449.35;452.82;467.42;483.95;532.31;477.17
6287;Prainha;PA;Municipal;4;404.15;452.98;448.72;444.62;635.0;477.1
6288;Lajes;RN;Estadual;18;440.02;467.63;450.79;461.48;565.56;477.09
6289;Alta Floresta;MT;Municipal;2;472.85;468.4;448.7;465.5;530.0;477.09
6290;Campo Grande;RN;Estadual;11;426.88;455.67;438.91;436.64;627.27;477.07
6291;Lagamar;MG;Estadual;12;455.49;467.62;440.01;472.04;550.0;477.03
6292;Domingos Mourão;PI;Estadual;6;473.87;430.32;444.85;462.75;573.33;477.02
6293;Água Nova;RN;Estadual;5;432.56;493.12;436.06;431.3;592.0;477.01
6294;Coruripe;AL;Estadual;87;455.96;464.48;447.36;461.13;556.09;477.0
6295;Pilões;PB;Estadual;15;436.68;469.5;428.73;510.06;540.0;476.99
6296;Souto Soares;BA;Estadual;10;450.35;454.99;437.81;473.74;568.0;476.98
6297;Santa Tereza de Goiás;GO;Estadual;8;428.95;430.25;444.25;503.85;577.5;476.96
6298;Lindóia;SP;Estadual;6;457.3;482.72;438.9;489.03;516.67;476.92
6299;Aroazes;PI;Estadual;16;447.94;438.59;424.22;445.04;628.75;476.91
6300;Luciara;MT;Estadual;5;441.12;466.74;428.34;432.28;616.0;476.9
6301;Cafelândia;PR;Privada;3;478.27;467.73;446.6;498.43;493.33;476.87
6302;Francisco Sá;MG;Estadual;30;446.8;454.7;447.02;487.05;548.67;476.85
6303;Nicolau Vergueiro;RS;Estadual;8;437.72;468.61;451.76;508.62;517.5;476.84
6304;Brasil Novo;PA;Estadual;30;455.31;479.9;443.86;466.18;538.67;476.78
6305;Itapipoca;CE;Estadual;1051;454.3;459.06;441.7;472.18;556.67;476.78
6306;Floresta Azul;BA;Estadual;12;437.94;403.16;440.19;482.45;620.0;476.75
6307;Juripiranga;PB;Municipal;1;406.0;559.0;457.4;441.3;520.0;476.74
6308;Jijoca de Jericoacoara;CE;Estadual;172;460.33;456.3;443.99;494.04;528.84;476.7
6309;Tomé-Açu;PA;Estadual;95;439.16;453.68;440.71;470.97;578.95;476.7
6310;Aragominas;TO;Estadual;7;415.8;438.64;463.49;442.57;622.86;476.67
6311;Cristino Castro;PI;Estadual;20;452.72;466.84;469.3;448.36;546.0;476.65
6312;Vitorino;PR;Estadual;9;437.56;463.64;448.67;488.92;544.44;476.65
6313;Ribeirão Grande;SP;Estadual;8;463.71;492.52;427.42;492.06;507.5;476.64
6314;Caém;BA;Estadual;17;457.56;488.11;464.13;470.75;502.35;476.58
6315;Carnaubais;RN;Estadual;15;448.61;460.0;442.25;459.95;572.0;476.56
6316;São Francisco;MG;Privada;6;450.83;456.62;458.6;470.07;546.67;476.56
6317;Tarrafas;CE;Estadual;17;465.01;467.17;439.24;478.43;532.94;476.56
6318;Sento Sé;BA;Estadual;22;448.63;466.68;436.8;472.49;558.18;476.55
6319;Ibitiúra de Minas;MG;Estadual;7;445.64;479.44;433.61;481.13;542.86;476.54
6320;São Carlos do Ivaí;PR;Estadual;11;475.02;450.81;433.67;474.08;549.09;476.53
6321;Delfim Moreira;MG;Privada;4;446.62;490.05;459.58;476.4;510.0;476.53
6322;Araguacema;TO;Estadual;17;454.75;468.79;442.28;470.95;545.88;476.53
6323;Ribeirão Claro;PR;Estadual;22;474.0;448.44;449.53;485.12;525.45;476.51
6324;Campo Belo do Sul;SC;Estadual;8;434.98;477.36;442.5;465.18;562.5;476.5
6325;Aramina;SP;Estadual;5;461.98;474.16;442.48;423.86;580.0;476.5
6326;Barra do Corda;MA;Municipal;1;388.6;512.4;492.4;489.0;500.0;476.48
6327;Canindé de São Francisco;SE;Estadual;55;438.85;445.77;451.9;474.96;570.91;476.48
6328;Bom Sucesso de Itararé;SP;Estadual;3;451.63;454.17;466.37;483.53;526.67;476.47
6329;Castro Alves;BA;Municipal;7;462.34;527.83;454.46;400.54;537.14;476.46
6330;Conceição do Lago-Açu;MA;Estadual;12;446.52;428.17;460.27;455.64;591.67;476.45
6331;Barracão;RS;Estadual;8;439.99;478.69;471.85;444.11;547.5;476.43
6332;Apiacá;ES;Estadual;7;438.89;488.06;449.06;451.89;554.29;476.43
6333;Boca do Acre;AM;Estadual;65;458.78;452.37;442.61;483.74;544.62;476.42
6334;Ouro Velho;PB;Estadual;7;461.74;473.56;442.03;467.59;537.14;476.41
6335;Poté;MG;Estadual;6;444.48;474.43;449.13;464.0;550.0;476.41
6336;Itaporã;MS;Estadual;51;463.09;463.43;439.93;479.04;536.47;476.39
6337;Assis Brasil;AC;Estadual;10;464.58;453.62;452.05;481.63;530.0;476.38
6338;Cairu;BA;Municipal;3;471.27;513.2;442.57;461.4;493.33;476.35
6339;São Domingos do Maranhão;MA;Estadual;55;433.82;446.15;447.05;477.14;577.45;476.32
6340;Santa Lúcia;PR;Estadual;3;456.97;461.47;452.53;497.3;513.33;476.32
6341;Varjota;CE;Estadual;63;449.69;468.69;439.14;471.33;552.7;476.31
6342;Vitória do Jari;AP;Estadual;14;432.38;467.51;460.73;463.64;557.14;476.28
6343;Pilão Arcado;BA;Estadual;16;448.37;445.24;458.26;477.01;552.5;476.28
6344;Barra do Choça;BA;Estadual;49;446.99;463.21;447.67;482.23;541.22;476.26
6345;Carlos Gomes;RS;Estadual;2;451.45;480.3;441.95;467.55;540.0;476.25
6346;Paraipaba;CE;Estadual;135;450.13;468.14;444.81;483.79;534.37;476.25
6347;Santo Antônio da Alegria;SP;Municipal;2;446.2;448.45;456.05;480.4;550.0;476.22
6348;Mari;PB;Estadual;28;437.43;465.55;439.43;466.37;572.14;476.18
6349;Olivedos;PB;Estadual;16;453.6;475.55;447.38;446.85;557.5;476.18
6350;Cachoeira do Arari;PA;Estadual;19;434.85;464.84;435.16;439.47;606.32;476.13
6351;Mocajuba;PA;Estadual;41;425.74;482.22;447.79;465.29;559.51;476.11
6352;Marco;CE;Estadual;128;462.75;458.41;440.63;480.76;537.97;476.1
6353;São José dos Basílios;MA;Estadual;25;426.13;456.3;448.8;477.23;572.0;476.09
6354;Juruti;PA;Estadual;91;442.18;467.51;439.55;465.01;566.15;476.08
6355;Araioses;MA;Estadual;11;426.01;459.68;457.06;463.07;574.55;476.07
6356;Valença;BA;Estadual;59;457.99;473.07;453.47;475.35;520.34;476.04
6357;São José do Peixe;PI;Estadual;6;447.07;459.07;445.85;468.13;560.0;476.02
6358;Inácio Martins;PR;Estadual;21;462.95;480.1;463.63;486.68;486.67;476.01
6359;Sampaio;TO;Estadual;4;509.72;496.05;435.12;459.12;480.0;476.0
6360;Antônio Carlos;MG;Estadual;4;473.55;457.1;423.48;460.7;565.0;475.96
6361;Chã Grande;PE;Estadual;12;451.41;465.85;462.22;481.84;518.33;475.93
6362;Tracuateua;PA;Municipal;12;446.07;469.05;418.5;461.01;585.0;475.92
6363;Paulo Jacinto;AL;Estadual;6;470.33;445.92;386.43;440.2;636.67;475.91
6364;Colniza;MT;Estadual;19;446.9;472.19;465.6;471.65;523.16;475.9
6365;Campinorte;GO;Estadual;45;453.58;456.5;444.74;477.1;547.56;475.9
6366;Macarani;BA;Estadual;14;441.82;448.64;425.54;454.79;608.57;475.87
6367;Xinguara;PA;Municipal;4;403.1;458.98;441.62;520.6;555.0;475.86
6368;São José do Cerrito;SC;Estadual;29;430.57;482.76;484.98;489.89;491.03;475.85
6369;Mangueirinha;PR;Estadual;38;461.66;470.34;450.71;466.03;530.53;475.85
6370;Padre Bernardo;GO;Estadual;75;459.69;458.54;444.01;490.78;526.13;475.83
6371;Cachoeira de Goiás;GO;Estadual;1;473.1;429.2;441.5;455.2;580.0;475.8
6372;Portalegre;RN;Estadual;41;456.37;464.51;436.52;463.46;558.05;475.78
6373;Bela Vista do Piauí;PI;Estadual;3;494.43;468.1;442.2;460.77;513.33;475.77
6374;Apuí;AM;Estadual;28;461.11;466.85;450.86;494.66;505.0;475.7
6375;Tabuleiro do Norte;CE;Municipal;1;395.4;339.4;485.0;558.6;600.0;475.68
6376;Populina;SP;Estadual;5;480.56;456.48;430.06;515.3;496.0;475.68
6377;Marcolândia;PI;Estadual;8;464.71;456.34;422.49;442.32;592.5;475.67
6378;Algodão de Jandaíra;PB;Estadual;3;411.6;424.6;431.97;410.2;700.0;475.67
6379;Itaparica;BA;Estadual;46;459.43;467.58;456.51;466.14;528.7;475.67
6380;Salgado de São Félix;PB;Estadual;16;449.77;443.32;452.32;476.71;556.25;475.67
6381;Itambaracá;PR;Estadual;5;479.76;495.14;398.6;408.82;596.0;475.66
6382;Jaguaraçu;MG;Estadual;2;514.65;408.5;471.85;533.25;450.0;475.65
6383;Serra Dourada;BA;Privada;1;451.7;419.2;443.0;484.3;580.0;475.64
6384;Guajará;AM;Estadual;29;429.67;452.22;442.79;470.74;582.76;475.64
6385;Cardeal da Silva;BA;Estadual;16;439.62;502.57;435.05;465.84;535.0;475.62
6386;Rosário do Catete;SE;Estadual;13;456.38;498.4;444.02;465.32;513.85;475.59
6387;Wall Ferraz;PI;Estadual;5;429.62;417.22;405.76;465.1;660.0;475.54
6388;Ipiguá;SP;Estadual;2;451.55;496.95;421.75;517.4;490.0;475.53
6389;Itatinga;SP;Estadual;9;460.49;502.33;444.09;485.98;484.44;475.47
6390;Uruana de Minas;MG;Estadual;1;549.0;527.0;423.8;417.5;460.0;475.46
6391;Parintins;AM;Estadual;469;451.07;470.04;449.26;470.63;536.25;475.45
6392;Poção;PE;Estadual;19;443.23;463.51;453.36;461.2;555.79;475.42
6393;Nova Módica;MG;Estadual;3;452.6;477.3;457.37;496.43;493.33;475.41
6394;Ponte Alta do Norte;SC;Estadual;4;453.98;444.75;449.33;463.88;565.0;475.38
6395;Serra Branca;PB;Estadual;52;441.49;447.27;442.32;471.38;574.23;475.34
6396;Saubara;BA;Estadual;3;458.63;500.67;413.87;483.53;520.0;475.34
6397;Acajutiba;BA;Estadual;22;455.53;470.29;440.73;468.29;541.82;475.33
6398;Pojuca;BA;Estadual;21;440.77;468.3;439.13;477.91;550.48;475.32
6399;Igarapé-Miri;PA;Estadual;101;433.09;461.19;436.61;469.08;576.63;475.32
6400;Alenquer;PA;Estadual;85;443.26;456.62;438.82;467.43;570.35;475.3
6401;Ouriçangas;BA;Estadual;12;438.51;461.7;450.62;460.63;565.0;475.29
6402;Anaurilândia;MS;Estadual;9;432.57;411.21;464.58;481.31;586.67;475.27
6403;João Lisboa;MA;Estadual;37;445.45;471.61;436.0;450.73;572.43;475.24
6404;Currais Novos;RN;Municipal;1;431.5;482.9;397.6;564.0;500.0;475.2
6405;Cedro;CE;Estadual;136;451.77;450.95;450.18;462.92;560.15;475.19
6406;Santa Rita de Caldas;MG;Estadual;13;444.3;472.42;459.83;490.11;509.23;475.18
6407;Iguaí;BA;Estadual;24;455.76;471.74;453.81;462.02;532.5;475.17
6408;Rosana;SP;Municipal;2;473.3;436.45;443.65;422.4;600.0;475.16
6409;Irituia;PA;Estadual;25;454.85;454.4;453.42;457.86;555.2;475.15
6410;São Gonçalo do Amarante;CE;Municipal;1;441.4;459.2;501.4;433.7;540.0;475.14
6411;Dário Meira;BA;Estadual;10;456.02;439.69;488.63;449.28;542.0;475.12
6412;Itiúba;BA;Estadual;18;452.31;479.01;450.03;470.88;523.33;475.11
6413;Padre Carvalho;MG;Estadual;11;457.65;473.27;426.41;485.45;532.73;475.1
6414;Muquém do São Francisco;BA;Estadual;11;418.07;441.35;421.03;507.76;587.27;475.1
6415;Coração de Maria;BA;Estadual;40;445.39;444.01;442.72;468.31;575.0;475.08
6416;Viçosa do Ceará;CE;Estadual;417;456.01;457.11;441.09;472.76;548.44;475.08
6417;Costa Marques;RO;Estadual;32;454.08;464.26;439.62;480.48;536.88;475.06
6418;Monsenhor Gil;PI;Estadual;18;443.67;467.86;436.51;463.89;563.33;475.05
6419;Vitória do Xingu;PA;Municipal;11;436.13;453.91;434.55;448.68;601.82;475.02
6420;Vicência;PE;Estadual;89;440.22;452.49;444.81;461.61;575.96;475.02
6421;Itapirapuã Paulista;SP;Estadual;4;437.8;481.1;457.78;448.45;550.0;475.02
6422;Santa Cruz de Monte Castelo;PR;Estadual;13;460.5;455.1;439.4;449.33;570.77;475.02
6423;São Luís Gonzaga do Maranhão;MA;Estadual;10;426.84;463.15;451.57;487.56;546.0;475.02
6424;Una;BA;Estadual;18;469.08;468.47;457.54;452.08;527.78;474.99
6425;Peixoto de Azevedo;MT;Privada;6;463.47;462.93;455.25;489.92;503.33;474.98
6426;Santa Mônica;PR;Estadual;2;461.15;472.4;438.9;452.45;550.0;474.98
6427;Jaguaribara;CE;Estadual;69;440.67;459.02;434.23;476.88;564.06;474.97
6428;Vale de São Domingos;MT;Estadual;3;442.4;466.93;485.53;459.9;520.0;474.95
6429;Porto Amazonas;PR;Estadual;4;499.6;509.55;432.35;418.25;515.0;474.95
6430;Novo Airão;AM;Estadual;76;442.6;454.14;435.38;456.94;585.53;474.92
6431;Uniflor;PR;Estadual;5;433.44;431.3;434.74;483.08;592.0;474.91
6432;São José do Jacuri;MG;Estadual;9;430.52;429.04;465.27;489.67;560.0;474.9
6433;Tartarugalzinho;AP;Estadual;13;458.65;454.8;415.26;476.53;569.23;474.89
6434;Canguaretama;RN;Estadual;47;455.84;477.12;442.46;447.5;551.49;474.88
6435;Olho d'Água das Flores;AL;Estadual;4;421.68;391.85;436.88;468.95;655.0;474.87
6436;Funilândia;MG;Estadual;3;453.37;448.17;509.4;469.97;493.33;474.85
6437;Deputado Irapuan Pinheiro;CE;Estadual;43;444.55;462.8;445.27;483.01;538.6;474.85
6438;Catu;BA;Estadual;62;452.02;468.75;453.01;463.54;536.77;474.82
6439;Campo Redondo;RN;Estadual;14;453.57;462.31;442.69;439.66;575.71;474.79
6440;Ourém;PA;Estadual;56;440.86;449.3;430.43;461.87;591.43;474.78
6441;Pedra;PE;Estadual;10;464.68;451.82;414.1;481.28;562.0;474.78
6442;Quarto Centenário;PR;Estadual;5;435.44;463.34;503.18;479.96;492.0;474.78
6443;Nioaque;MS;Estadual;30;429.14;470.48;453.24;471.68;549.33;474.77
6444;Joselândia;MA;Estadual;20;446.47;461.76;423.2;474.36;568.0;474.76
6445;Alfredo Marcondes;SP;Estadual;3;467.17;462.03;394.23;510.23;540.0;474.73
6446;Caracol;PI;Estadual;7;429.37;460.43;449.87;491.13;542.86;474.73
6447;Pescador;MG;Estadual;4;469.28;443.35;421.7;524.3;515.0;474.72
6448;Aldeias Altas;MA;Estadual;18;436.84;465.93;442.97;451.11;576.67;474.71
6449;Pedras de Fogo;PB;Estadual;33;455.53;455.27;447.62;478.57;536.36;474.67
6450;Paragominas;PA;Municipal;7;463.31;479.41;448.37;459.29;522.86;474.65
6451;Pau D'Arco;PA;Estadual;8;465.4;470.08;434.72;475.56;527.5;474.65
6452;Potim;SP;Estadual;4;455.65;426.72;471.62;539.25;480.0;474.65
6453;Jataizinho;PR;Estadual;8;490.28;471.11;459.91;459.26;492.5;474.61
6454;Porto Alegre do Tocantins;TO;Estadual;5;426.9;470.0;437.8;442.34;596.0;474.61
6455;Aratuípe;BA;Estadual;13;452.08;482.48;433.82;473.82;530.77;474.59
6456;Manduri;SP;Estadual;5;472.8;501.06;442.58;456.48;500.0;474.58
6457;São José de Espinharas;PB;Estadual;8;412.79;462.21;459.25;481.01;557.5;474.55
6458;Lastro;PB;Estadual;14;433.58;464.22;424.05;463.66;587.14;474.53
6459;Lourdes;SP;Estadual;2;432.65;529.6;444.8;435.6;530.0;474.53
6460;Barra de São Miguel;AL;Estadual;10;447.09;458.94;422.77;465.74;578.0;474.51
6461;São Sebastião da Amoreira;PR;Estadual;8;467.32;474.02;439.75;483.91;507.5;474.5
6462;São João das Missões;MG;Estadual;5;455.06;499.2;452.94;521.26;444.0;474.49
6463;Almadina;BA;Estadual;3;439.0;488.53;458.17;473.4;513.33;474.49
6464;Nova Crixás;GO;Estadual;19;447.06;470.16;441.22;470.87;543.16;474.49
6465;Araçoiaba;PE;Estadual;28;450.58;466.7;445.06;469.25;540.71;474.46
6466;Tasso Fragoso;MA;Estadual;17;445.86;439.54;441.13;458.7;587.06;474.46
6467;Umbuzeiro;PB;Estadual;24;441.35;472.2;441.62;459.5;557.5;474.43
6468;Itabaiana;PB;Municipal;7;460.26;474.23;453.89;477.96;505.71;474.41
6469;Rio Tinto;PB;Estadual;34;445.36;460.18;444.04;466.34;555.88;474.36
6470;Pedra Preta;MT;Estadual;36;460.34;464.31;439.26;469.5;538.33;474.35
6471;Corumbiara;RO;Estadual;13;436.14;472.63;439.18;445.28;578.46;474.34
6472;Itapetinga;BA;Estadual;81;457.36;477.3;444.12;465.41;527.41;474.32
6473;Juruá;AM;Estadual;14;440.14;459.85;438.47;451.69;581.43;474.31
6474;Baixa Grande do Ribeiro;PI;Estadual;22;451.65;459.89;442.4;470.28;547.27;474.3
6475;Santa Mercedes;SP;Estadual;4;448.62;468.78;408.88;455.2;590.0;474.29
6476;Joaquim Nabuco;PE;Estadual;11;435.6;428.41;447.29;472.7;587.27;474.25
6477;Bodoquena;MS;Estadual;14;440.06;447.66;462.04;482.89;538.57;474.24
6478;Paulistana;PI;Estadual;23;422.85;457.62;424.87;444.9;620.87;474.22
6479;Orocó;PE;Estadual;23;442.83;465.1;449.77;475.16;538.26;474.22
6480;Rafael Jambeiro;BA;Estadual;36;450.18;455.5;438.17;449.47;577.78;474.22
6481;Cambuquira;MG;Estadual;8;452.05;468.62;472.61;470.25;507.5;474.21
6482;Diamante;PB;Estadual;15;440.97;446.37;432.57;463.15;588.0;474.21
6483;Glicério;SP;Estadual;4;490.78;511.7;426.48;472.02;470.0;474.2
6484;Campos Novos Paulista;SP;Estadual;10;463.16;474.92;447.16;489.75;496.0;474.2
6485;Bujaru;PA;Estadual;50;442.07;446.44;443.37;462.23;576.8;474.18
6486;Icapuí;CE;Estadual;120;453.54;457.64;447.9;467.16;544.67;474.18
6487;Torixoréu;MT;Estadual;12;445.99;434.39;442.74;441.0;606.67;474.16
6488;Luís Gomes;RN;Estadual;20;445.62;461.42;439.07;458.67;566.0;474.16
6489;São José de Ribamar;MA;Estadual;103;453.95;464.63;437.83;469.27;545.05;474.15
6490;Baião;PA;Estadual;60;425.93;461.46;443.02;466.03;574.33;474.15
6491;Altinópolis;SP;Estadual;11;453.77;476.76;458.18;454.7;527.27;474.14
6492;Bonito de Minas;MG;Estadual;16;463.9;470.39;463.48;465.44;507.5;474.14
6493;Limoeiro do Ajuru;PA;Estadual;37;427.64;462.07;434.15;469.28;577.3;474.09
6494;São Miguel do Passa Quatro;GO;Estadual;5;433.76;468.18;457.7;470.78;540.0;474.08
6495;Moema;MG;Estadual;12;451.64;477.7;435.23;495.82;510.0;474.08
6496;Manicoré;AM;Estadual;63;455.27;470.85;452.85;459.52;531.75;474.05
6497;Caxingó;PI;Estadual;17;437.13;451.14;448.59;465.12;568.24;474.04
6498;Bataguassu;MS;Estadual;40;455.87;465.26;445.47;481.6;522.0;474.04
6499;Campo Limpo de Goiás;GO;Estadual;21;454.2;445.3;454.27;496.28;520.0;474.01
6500;Itapissuma;PE;Estadual;45;459.4;445.81;450.78;468.29;545.78;474.01
6501;Tarumirim;MG;Estadual;10;431.21;461.78;441.75;489.26;546.0;474.0
6502;Poloni;SP;Estadual;3;469.33;476.9;444.6;459.07;520.0;473.98
6503;Barroquinha;CE;Estadual;136;453.92;467.59;441.6;469.73;537.06;473.98
6504;Mostardas;RS;Estadual;16;452.93;474.19;431.04;476.69;535.0;473.97
6505;Santa Quitéria;CE;Estadual;338;454.78;465.6;437.62;477.17;534.32;473.9
6506;Baía Formosa;RN;Estadual;15;445.77;476.49;442.67;456.51;548.0;473.89
6507;Barro Alto;BA;Estadual;14;465.28;457.33;437.09;472.52;537.14;473.87
6508;Curralinho;PA;Estadual;47;430.6;449.97;434.85;454.78;599.15;473.87
6509;Barra de Guabiraba;PE;Estadual;20;444.9;443.02;439.76;469.52;572.0;473.84
6510;Rodolfo Fernandes;RN;Estadual;18;460.52;457.67;440.36;457.26;553.33;473.83
6511;Gado Bravo;PB;Estadual;15;439.35;430.93;437.23;476.32;585.33;473.83
6512;Moreira Sales;PR;Estadual;23;440.33;473.21;447.26;465.7;542.61;473.82
6513;João Dias;RN;Estadual;5;414.26;461.78;433.38;483.64;576.0;473.81
6514;Carmo do Rio Verde;GO;Estadual;9;439.03;477.1;448.16;460.21;544.44;473.79
6515;Chaval;CE;Estadual;81;448.78;460.71;440.65;469.88;548.89;473.78
6516;Muritiba;BA;Estadual;33;437.48;447.42;455.19;459.65;569.09;473.77
6517;Minduri;MG;Estadual;6;452.38;446.78;429.08;453.92;586.67;473.77
6518;Matriz de Camaragibe;AL;Estadual;30;433.86;443.98;451.36;474.95;564.67;473.76
6519;Caiabu;SP;Estadual;1;485.4;480.0;464.3;419.0;520.0;473.74
6520;Augusto Corrêa;PA;Municipal;4;438.55;427.75;469.72;447.62;585.0;473.73
6521;Conde;BA;Estadual;15;422.98;460.97;442.41;462.29;580.0;473.73
6522;Lafaiete Coutinho;BA;Estadual;2;434.7;437.45;468.8;477.6;550.0;473.71
6523;São José;SC;Municipal;1;459.8;498.2;443.0;407.4;560.0;473.68
6524;Santa Cruz da Vitória;BA;Estadual;10;450.7;452.7;439.74;437.26;588.0;473.68
6525;Mirador;MA;Privada;7;453.31;448.3;415.73;476.66;574.29;473.66
6526;Praia Norte;TO;Estadual;6;445.45;433.93;454.22;477.78;556.67;473.61
6527;Major Isidoro;AL;Estadual;24;421.94;442.38;426.48;450.48;626.67;473.59
6528;Cardoso;SP;Estadual;2;431.5;481.65;390.15;424.6;640.0;473.58
6529;Inhambupe;BA;Estadual;20;462.89;471.59;449.02;450.36;534.0;473.57
6530;Porto Murtinho;MS;Estadual;12;452.88;449.89;444.21;483.78;536.67;473.49
6531;Ararendá;CE;Estadual;89;450.68;460.78;448.06;470.37;537.53;473.48
6532;Quiterianópolis;CE;Estadual;65;445.59;454.96;447.86;471.94;547.08;473.48
6533;Itanagra;BA;Estadual;8;453.31;452.72;449.52;454.22;557.5;473.46
6534;Nova Belém;MG;Estadual;5;444.38;437.84;436.92;468.12;580.0;473.45
6535;Araguatins;TO;Estadual;65;445.66;468.19;446.33;464.27;542.77;473.44
6536;Celso Ramos;SC;Estadual;3;476.43;462.57;429.9;484.93;513.33;473.43
6537;Couto Magalhães;TO;Estadual;14;438.48;482.78;456.17;446.56;542.86;473.37
6538;Santana do Piauí;PI;Estadual;9;421.03;461.34;436.17;496.91;551.11;473.31
6539;Ibirarema;SP;Estadual;7;439.73;464.36;436.93;474.01;551.43;473.29
6540;Bonito;PA;Estadual;13;426.24;467.83;445.58;477.41;549.23;473.26
6541;Riacho dos Cavalos;PB;Estadual;12;423.72;463.58;422.49;472.98;583.33;473.22
6542;Floraí;PR;Estadual;13;446.81;456.95;469.94;486.26;506.15;473.22
6543;Igaci;AL;Estadual;22;431.27;451.7;438.3;483.02;561.82;473.22
6544;Minaçu;GO;Estadual;89;452.2;452.26;441.71;469.17;550.79;473.22
6545;Cônego Marinho;MG;Estadual;12;461.62;436.24;459.58;475.2;533.33;473.19
6546;Mãe do Rio;PA;Municipal;9;444.57;458.67;437.72;453.73;571.11;473.16
6547;Euclides da Cunha;BA;Estadual;75;456.54;468.84;442.39;454.03;543.73;473.11
6548;Cachoeira Dourada;GO;Estadual;10;446.66;456.78;470.39;475.73;516.0;473.11
6549;União;PI;Estadual;71;434.53;458.2;439.95;473.03;559.72;473.09
6550;Santa Helena;MA;Estadual;66;433.82;453.53;433.77;458.47;585.76;473.07
6551;Cabrobó;PE;Estadual;139;442.79;452.11;442.16;476.25;551.8;473.02
6552;Pilar;PB;Estadual;13;441.69;456.65;448.67;484.18;533.85;473.01
6553;Serra Redonda;PB;Estadual;17;451.53;440.73;429.88;466.4;576.47;473.0
6554;Batalha;AL;Estadual;34;434.49;462.08;429.37;458.81;580.0;472.95
6555;Passabém;MG;Estadual;3;482.9;434.57;448.17;485.67;513.33;472.93
6556;Ourolândia;BA;Estadual;10;461.08;463.4;437.99;472.15;530.0;472.92
6557;Várzea Nova;BA;Estadual;22;454.65;457.73;461.41;451.67;539.09;472.91
6558;Seritinga;MG;Municipal;1;428.4;402.6;523.2;410.3;600.0;472.9
6559;Humberto de Campos;MA;Estadual;33;442.56;463.68;426.74;464.76;566.67;472.88
6560;Mucugê;BA;Estadual;25;431.14;473.62;433.34;466.97;559.2;472.85
6561;Nossa Senhora de Nazaré;PI;Estadual;6;448.03;460.78;434.23;447.82;573.33;472.84
6562;Santa Rita do Pardo;MS;Estadual;4;453.82;488.72;461.95;469.6;490.0;472.82
6563;Maurilândia;GO;Estadual;32;471.37;457.69;433.42;465.32;536.25;472.81
6564;Ipiranga do Sul;RS;Estadual;4;431.95;445.52;475.05;441.48;570.0;472.8
6565;Castro Alves;BA;Estadual;27;464.16;468.45;427.39;436.59;567.41;472.8
6566;Governador Archer;MA;Estadual;17;466.16;439.54;431.69;451.31;575.29;472.8
6567;Lavras da Mangabeira;CE;Estadual;106;447.47;456.81;441.01;475.28;543.02;472.72
6568;Aiquara;BA;Estadual;3;464.67;400.47;399.37;532.17;566.67;472.67
6569;Carnaubal;CE;Estadual;118;453.05;463.86;434.07;465.82;546.44;472.65
6570;Jati;CE;Estadual;41;440.36;465.04;439.29;457.6;560.98;472.65
6571;Brejolândia;BA;Estadual;4;459.15;438.58;433.0;462.42;570.0;472.63
6572;Nova Fátima;PR;Estadual;14;454.15;465.51;436.66;465.37;541.43;472.63
6573;Campinápolis;MT;Estadual;9;432.77;485.0;434.03;482.39;528.89;472.62
6574;Lavínia;SP;Estadual;7;457.37;475.36;462.26;448.11;520.0;472.62
6575;Bela Vista de Minas;MG;Estadual;12;451.21;473.03;420.09;475.38;543.33;472.61
6576;Central de Minas;MG;Municipal;1;509.6;425.1;420.4;487.7;520.0;472.56
6577;Turmalina;SP;Estadual;1;453.7;432.9;442.6;513.6;520.0;472.56
6578;Praia Grande;SC;Estadual;6;437.7;464.15;467.67;453.23;540.0;472.55
6579;Porto Esperidião;MT;Municipal;6;454.85;437.5;418.22;465.45;586.67;472.54
6580;Pilões;RN;Estadual;8;449.36;461.19;440.96;458.59;552.5;472.52
6581;Boa Vista do Tupim;BA;Estadual;12;458.31;447.25;453.92;442.94;560.0;472.48
6582;Canarana;BA;Estadual;14;463.15;459.19;435.35;444.65;560.0;472.47
6583;Nantes;SP;Estadual;8;473.28;471.49;449.31;485.68;482.5;472.45
6584;Buriti dos Montes;PI;Estadual;8;466.79;451.49;418.58;497.79;527.5;472.43
6585;Sandovalina;SP;Estadual;15;456.26;458.18;453.36;478.3;516.0;472.42
6586;Cromínia;GO;Estadual;8;439.28;464.71;444.72;455.9;557.5;472.42
6587;Itapiranga;AM;Estadual;51;445.51;467.91;441.4;478.28;529.02;472.42
6588;Aparecida;PB;Estadual;3;425.53;429.5;462.63;457.7;586.67;472.41
6589;Bernardino Batista;PB;Estadual;5;432.44;455.76;444.44;445.34;584.0;472.4
6590;Curralinhos;PI;Estadual;4;450.42;456.5;431.7;443.15;580.0;472.36
6591;Catanduvas;PR;Municipal;1;490.6;535.3;465.5;430.3;440.0;472.34
6592;São Pedro do Piauí;PI;Estadual;23;437.84;476.87;443.59;474.72;528.7;472.34
6593;Santo Antônio do Leverger;MT;Estadual;20;432.58;467.34;430.22;478.49;553.0;472.33
6594;Caaporã;PB;Estadual;28;458.02;458.55;441.41;451.36;552.14;472.3
6595;Bonito de Santa Fé;PB;Estadual;11;422.25;462.9;440.72;479.1;556.36;472.27
6596;São Benedito do Rio Preto;MA;Estadual;14;443.15;454.36;415.21;469.93;578.57;472.25
6597;Mara Rosa;GO;Estadual;40;453.97;461.8;432.41;479.58;533.5;472.25
6598;Bom Jesus;SC;Estadual;9;444.54;485.56;457.6;455.77;517.78;472.25
6599;Mineiros do Tietê;SP;Estadual;8;465.4;453.94;436.0;515.9;490.0;472.25
6600;Nazaré;BA;Estadual;29;442.38;468.03;446.19;472.81;531.72;472.23
6601;Arame;MA;Estadual;33;437.59;438.34;451.52;472.73;560.61;472.16
6602;Ibiapina;CE;Estadual;87;451.28;458.65;445.97;458.63;545.98;472.1
6603;Umburatiba;MG;Estadual;2;427.4;469.6;473.0;440.4;550.0;472.08
6604;Matões do Norte;MA;Estadual;6;444.13;467.55;456.23;445.65;546.67;472.05
6605;Iacri;SP;Estadual;1;458.5;578.8;497.6;445.3;380.0;472.04
6606;Maturéia;PB;Estadual;4;451.55;494.68;432.02;451.98;530.0;472.04
6607;Cocal de Telha;PI;Estadual;13;434.13;448.7;436.78;457.47;583.08;472.03
6608;Belmonte;BA;Estadual;19;443.21;455.05;423.12;484.99;553.68;472.01
6609;Mulungu do Morro;BA;Estadual;8;429.34;486.72;436.01;507.95;500.0;472.0
6610;São Francisco do Conde;BA;Estadual;24;451.32;465.92;446.35;465.51;530.83;471.99
6611;Orizona;GO;Privada;7;442.31;464.31;458.74;491.69;502.86;471.98
6612;Rosário;MA;Municipal;1;467.3;435.5;346.3;530.8;580.0;471.98
6613;Pindobaçu;BA;Estadual;13;464.67;442.98;415.42;473.7;563.08;471.97
6614;Cezarina;GO;Estadual;8;456.06;454.21;437.05;452.51;560.0;471.97
6615;Traipu;AL;Estadual;21;442.14;465.99;432.31;481.3;538.1;471.97
6616;Jaguaretama;CE;Estadual;46;453.62;465.89;444.03;472.78;523.48;471.96
6617;Santa Helena de Goiás;GO;Estadual;95;460.48;464.14;439.71;469.95;525.47;471.95
6618;Arenópolis;GO;Estadual;11;444.97;455.03;462.06;484.84;512.73;471.93
6619;Governador Luiz Rocha;MA;Estadual;10;437.78;447.75;425.49;454.57;594.0;471.92
6620;Itaguatins;TO;Estadual;11;448.42;450.48;451.03;453.3;556.36;471.92
6621;Água Fria;BA;Estadual;12;440.14;455.25;428.15;474.32;561.67;471.91
6622;Placas;PA;Municipal;5;451.16;475.3;407.42;477.44;548.0;471.86
6623;Davinópolis;MA;Estadual;21;428.89;457.74;439.78;462.34;570.48;471.84
6624;Lucélia;SP;Estadual;9;456.08;466.83;473.47;449.27;513.33;471.8
6625;Tangará;RN;Estadual;11;441.62;487.75;444.51;464.85;520.0;471.75
6626;Divina Pastora;SE;Estadual;5;451.48;473.6;463.02;454.56;516.0;471.73
6627;Cidelândia;MA;Estadual;21;442.47;453.61;440.97;473.98;547.62;471.73
6628;Maragogipe;BA;Estadual;40;437.23;461.73;438.97;462.47;558.0;471.68
6629;Pedro Régis;PB;Estadual;12;458.62;466.88;439.01;442.18;551.67;471.67
6630;Anajás;PA;Estadual;34;449.1;460.36;441.11;458.97;548.82;471.67
6631;Passa Vinte;MG;Estadual;3;431.67;486.9;450.83;462.1;526.67;471.63
6632;Augusto Corrêa;PA;Estadual;43;430.08;453.11;448.71;445.17;580.93;471.6
6633;Santo Antônio dos Lopes;MA;Estadual;16;425.39;453.21;455.32;469.93;553.75;471.52
6634;José Boiteux;SC;Estadual;4;462.38;452.38;498.72;454.08;490.0;471.51
6635;Buerarema;BA;Estadual;18;442.94;462.98;452.83;444.33;554.44;471.51
6636;Santa Bárbara do Pará;PA;Estadual;19;455.75;473.32;441.53;461.64;525.26;471.5
6637;Bom Jardim de Goiás;GO;Estadual;28;462.54;457.39;446.81;463.55;527.14;471.49
6638;Januária;MG;Estadual;88;447.2;456.08;443.46;476.74;533.86;471.47
6639;Chavantes;SP;Estadual;1;500.6;398.0;477.1;401.6;580.0;471.46
6640;Painel;SC;Estadual;5;438.28;452.04;447.52;475.4;544.0;471.45
6641;Chorozinho;CE;Estadual;138;456.7;459.4;435.25;472.01;533.77;471.43
6642;Igreja Nova;AL;Estadual;25;435.91;441.41;425.43;481.4;572.8;471.39
6643;Ponto Novo;BA;Estadual;11;442.39;441.88;428.92;440.14;603.64;471.39
6644;Cariús;CE;Estadual;111;441.95;444.53;430.28;478.29;561.8;471.37
6645;Inhuma;PI;Municipal;1;424.9;400.5;499.4;572.0;460.0;471.36
6646;Sertãozinho;PB;Estadual;7;444.69;425.43;455.24;488.57;542.86;471.36
6647;Tibau do Sul;RN;Estadual;10;456.02;438.33;440.99;455.4;566.0;471.35
6648;Tavares;RS;Estadual;13;475.75;480.72;427.84;480.06;492.31;471.34
6649;Esperantina;TO;Estadual;6;437.25;458.95;443.9;453.18;563.33;471.32
6650;Porto de Pedras;AL;Estadual;13;459.27;443.07;455.08;468.4;530.77;471.32
6651;Caturité;PB;Municipal;1;422.7;523.9;462.1;407.7;540.0;471.28
6652;Milagres;BA;Municipal;4;428.98;450.0;459.52;457.92;560.0;471.28
6653;Jateí;MS;Estadual;8;432.36;450.32;440.84;480.28;552.5;471.26
6654;Poço Redondo;SE;Estadual;15;431.79;472.82;448.48;461.89;541.33;471.26
6655;Guaimbê;SP;Estadual;6;473.1;500.17;412.45;470.53;500.0;471.25
6656;Siriri;SE;Estadual;28;431.47;439.69;424.17;485.93;575.0;471.25
6657;São Bento do Tocantins;TO;Estadual;1;462.9;452.2;443.9;436.9;560.0;471.18
6658;São Pedro;RN;Estadual;5;456.22;400.58;451.46;479.58;568.0;471.17
6659;Magalhães de Almeida;MA;Estadual;21;431.26;445.56;427.08;464.3;587.62;471.16
6660;Óbidos;PA;Estadual;45;438.46;462.31;452.9;455.74;546.22;471.13
6661;Maetinga;BA;Estadual;6;440.07;461.23;450.95;476.58;526.67;471.1
6662;Vargem Grande;MA;Estadual;59;445.85;456.75;437.28;461.23;554.24;471.07
6663;Munhoz de Melo;PR;Estadual;9;463.37;477.29;466.88;451.99;495.56;471.02
6664;Vista Serrana;PB;Estadual;7;426.41;419.29;453.14;484.73;571.43;471.0
6665;Erebango;RS;Estadual;5;436.34;482.08;472.84;475.7;488.0;470.99
6666;Itarema;CE;Estadual;377;452.13;460.8;431.46;478.09;532.31;470.96
6667;Aurelino Leal;BA;Estadual;4;457.55;431.17;433.42;497.6;535.0;470.95
6668;Divisa Nova;MG;Estadual;6;464.93;450.63;464.02;488.38;486.67;470.93
6669;Medeiros Neto;BA;Estadual;31;456.46;470.48;439.71;450.57;537.42;470.93
6670;Paial;SC;Estadual;1;553.4;572.0;444.9;424.3;360.0;470.92
6671;Vila Bela da Santíssima Trindade;MT;Estadual;24;440.06;449.2;436.82;470.07;558.33;470.9
6672;Conquista;MG;Estadual;2;447.2;403.8;404.35;499.0;600.0;470.87
6673;Girau do Ponciano;AL;Estadual;47;440.66;459.4;443.79;460.68;549.79;470.86
6674;Araçás;BA;Estadual;5;449.3;472.12;473.8;450.78;508.0;470.8
6675;Matinha;MA;Estadual;58;435.69;463.5;442.37;451.41;561.03;470.8
6676;Casa Nova;BA;Estadual;27;450.28;443.73;453.79;474.32;531.85;470.79
6677;Santo Antônio do Jardim;SP;Estadual;3;468.57;467.13;406.73;491.47;520.0;470.78
6678;Santa Luzia;BA;Estadual;6;471.45;463.67;421.83;440.23;556.67;470.77
6679;Ouvidor;GO;Estadual;10;435.89;457.44;423.41;468.84;568.0;470.72
6680;Conceição do Almeida;BA;Estadual;15;449.93;454.82;441.17;448.81;558.67;470.68
6681;Santa Filomena do Maranhão;MA;Estadual;2;412.9;392.95;373.05;464.45;710.0;470.67
6682;Santo André;PB;Estadual;3;468.37;457.73;435.4;465.1;526.67;470.65
6683;Boca da Mata;AL;Estadual;37;439.62;458.35;435.87;462.11;557.3;470.65
6684;Alto Piquiri;PR;Estadual;18;465.02;472.52;438.88;471.14;505.56;470.62
6685;Maruim;SE;Estadual;32;456.72;448.05;433.89;456.31;558.12;470.62
6686;São Benedito do Sul;PE;Estadual;26;457.78;461.52;451.37;453.89;528.46;470.6
6687;Tapira;PR;Estadual;1;419.2;430.5;480.2;403.1;620.0;470.6
6688;Guadalupe;PI;Estadual;19;471.14;472.73;443.51;456.09;509.47;470.59
6689;Major Sales;RN;Estadual;5;421.0;414.82;463.48;469.58;584.0;470.58
6690;Maripá de Minas;MG;Estadual;5;478.66;450.88;434.28;477.06;512.0;470.58
6691;Monsenhor Tabosa;CE;Estadual;80;449.78;452.4;440.18;474.52;536.0;470.57
6692;Serrano do Maranhão;MA;Estadual;4;441.2;445.25;441.25;485.05;540.0;470.55
6693;Lagoa do Carro;PE;Estadual;37;448.86;459.89;431.28;473.81;538.92;470.55
6694;Itatira;CE;Estadual;189;441.24;450.47;438.44;462.36;560.21;470.54
6695;São Caetano de Odivelas;PA;Estadual;29;437.93;464.11;433.94;444.29;572.41;470.54
6696;Itaoca;SP;Estadual;2;429.95;470.95;425.5;486.3;540.0;470.54
6697;Coqueiro Seco;AL;Estadual;5;397.04;477.5;412.92;501.2;564.0;470.53
6698;Verdelândia;MG;Estadual;6;439.8;453.58;449.05;476.87;533.33;470.53
6699;Buri;SP;Estadual;16;458.41;459.34;435.7;465.36;533.75;470.51
6700;Medicilândia;PA;Municipal;14;443.41;483.56;450.26;478.07;497.14;470.49
6701;Carnaubeira da Penha;PE;Estadual;24;444.54;456.24;434.74;458.58;558.33;470.49
6702;Almino Afonso;RN;Estadual;13;459.28;448.48;448.28;484.0;512.31;470.47
6703;Itaipava do Grajaú;MA;Estadual;6;440.92;459.97;464.3;500.45;486.67;470.46
6704;Tenente Ananias;RN;Estadual;8;445.11;444.99;455.36;451.84;555.0;470.46
6705;Bom Princípio do Piauí;PI;Estadual;11;430.3;454.58;404.09;448.43;614.55;470.39
6706;Campinas do Piauí;PI;Estadual;8;438.72;471.19;439.35;452.64;550.0;470.38
6707;Acrelândia;AC;Estadual;15;457.57;476.48;421.37;472.5;524.0;470.38
6708;Lençóis;BA;Estadual;4;453.05;453.92;445.98;463.98;535.0;470.38
6709;Pintópolis;MG;Estadual;13;441.91;487.57;434.5;452.5;535.38;470.37
6710;Aurora do Pará;PA;Estadual;25;432.86;445.6;438.96;448.82;585.6;470.37
6711;Camapuã;MS;Estadual;34;453.62;458.3;448.69;461.71;529.41;470.35
6712;Araguapaz;GO;Estadual;6;468.15;499.92;448.87;448.08;486.67;470.34
6713;Igarapé Grande;MA;Estadual;23;446.34;436.47;438.43;458.23;572.17;470.33
6714;Palmeirais;PI;Estadual;4;455.6;454.92;474.62;401.28;565.0;470.28
6715;Carinhanha;BA;Municipal;2;433.4;451.9;470.25;415.8;580.0;470.27
6716;Boa Esperança do Sul;SP;Estadual;13;468.75;462.24;453.48;459.07;507.69;470.25
6717;Água Branca;PI;Estadual;44;448.5;457.2;438.45;468.88;538.18;470.24
6718;Boquira;BA;Estadual;43;441.83;459.16;441.76;468.38;540.0;470.23
6719;Paulo de Faria;SP;Estadual;6;460.42;468.1;429.82;499.3;493.33;470.19
6720;Alvorada do Gurguéia;PI;Estadual;5;426.48;404.02;453.9;470.52;596.0;470.18
6721;Eldorado do Carajás;PA;Estadual;21;454.96;475.7;443.83;468.76;507.62;470.17
6722;São João do Araguaia;PA;Municipal;1;434.6;451.8;392.0;472.3;600.0;470.14
6723;Penaforte;CE;Estadual;25;440.45;464.79;442.15;463.79;539.2;470.08
6724;Pacoti;CE;Estadual;69;450.52;460.21;432.43;454.39;552.75;470.06
6725;Parazinho;RN;Estadual;4;392.12;472.48;448.78;526.85;510.0;470.04
6726;Anapu;PA;Estadual;20;444.61;455.77;444.24;466.53;539.0;470.03
6727;Lagoa Grande;PE;Estadual;45;442.22;458.78;436.5;482.65;529.78;469.99
6728;Oeiras do Pará;PA;Municipal;2;468.9;444.25;483.4;433.35;520.0;469.98
6729;Jacinto Machado;SC;Estadual;18;446.39;455.09;444.78;475.62;527.78;469.93
6730;Marapanim;PA;Estadual;17;441.12;453.94;436.11;445.52;572.94;469.92
6731;Santana do Acaraú;CE;Estadual;134;450.66;459.82;436.6;477.01;525.52;469.92
6732;Gouvelândia;GO;Estadual;12;460.28;444.75;426.78;487.82;530.0;469.92
6733;São João Evangelista;MG;Estadual;14;458.26;482.5;440.39;476.98;491.43;469.91
6734;Piancó;PB;Estadual;25;441.06;440.88;430.23;449.94;587.2;469.86
6735;Muribeca;SE;Estadual;26;443.73;435.52;437.53;464.78;567.69;469.85
6736;São Jerônimo da Serra;PR;Estadual;14;460.32;472.66;428.63;451.71;535.71;469.81
6737;Nuporanga;SP;Estadual;2;496.5;487.3;456.25;478.95;430.0;469.8
6738;Anhembi;SP;Estadual;5;448.18;504.66;412.28;507.8;476.0;469.78
6739;Barreirinhas;MA;Estadual;87;444.78;452.25;443.8;464.85;542.99;469.73
6740;Alvorada do Norte;GO;Estadual;29;450.91;467.83;433.42;463.92;532.41;469.7
6741;Jacundá;PA;Municipal;12;449.39;471.87;421.61;462.27;543.33;469.69
6742;Porto Calvo;AL;Estadual;24;438.52;460.78;435.2;473.9;540.0;469.68
6743;Pilõezinhos;PB;Estadual;6;419.38;463.27;417.92;457.6;590.0;469.63
6744;Marcos Parente;PI;Estadual;3;476.77;455.7;459.0;476.57;480.0;469.61
6745;Rio Sono;TO;Estadual;17;451.57;473.39;417.93;462.78;542.35;469.6
6746;Cristália;MG;Estadual;5;437.14;444.72;447.3;406.8;612.0;469.59
6747;Bom Conselho;PE;Municipal;1;528.7;497.1;453.9;388.2;480.0;469.58
6748;Presidente Sarney;MA;Estadual;10;453.32;429.51;439.36;447.63;578.0;469.56
6749;Arroio do Tigre;RS;Privada;3;407.5;484.8;470.5;444.97;540.0;469.55
6750;Biritinga;BA;Estadual;29;444.18;448.6;426.74;453.01;575.17;469.54
6751;Nazarezinho;PB;Estadual;19;433.97;460.76;449.63;457.97;545.26;469.52
6752;Douradina;PR;Estadual;17;467.19;457.76;433.63;487.8;501.18;469.51
6753;São Vicente Ferrer;MA;Estadual;16;453.39;456.86;441.93;481.45;513.75;469.48
6754;Guarani de Goiás;GO;Estadual;21;432.08;454.4;433.58;491.1;536.19;469.47
6755;São Bernardo;MA;Estadual;46;431.21;448.34;445.52;459.56;562.61;469.45
6756;Viamão;RS;Municipal;3;456.13;418.7;456.97;448.73;566.67;469.44
6757;Rorainópolis;RR;Estadual;19;469.87;459.67;435.12;439.37;543.16;469.44
6758;Planalto Alegre;SC;Estadual;6;428.27;476.33;464.82;440.9;536.67;469.4
6759;Ponta de Pedras;PA;Municipal;1;344.7;497.2;459.4;485.6;560.0;469.38
6760;Acarape;CE;Estadual;35;462.26;458.75;450.15;443.01;532.57;469.35
6761;Natalândia;MG;Privada;7;444.44;432.93;454.47;472.01;542.86;469.34
6762;Itabirinha;MG;Estadual;5;420.12;381.42;462.04;502.98;580.0;469.31
6763;Nova Olinda;PB;Estadual;15;430.53;460.45;440.29;456.3;558.67;469.25
6764;Santo Antônio de Goiás;GO;Estadual;9;459.33;466.53;451.22;482.4;486.67;469.23
6765;Mocajuba;PA;Municipal;41;436.7;463.48;440.62;447.75;557.56;469.22
6766;Lagoa da Confusão;TO;Estadual;15;446.89;453.97;447.85;473.39;524.0;469.22
6767;Vitória do Xingu;PA;Estadual;25;438.96;450.86;426.9;448.42;580.8;469.19
6768;Cabeceira Grande;MG;Estadual;15;445.45;451.84;450.55;467.45;530.67;469.19
6769;Rialma;GO;Estadual;24;454.75;468.3;420.42;477.44;525.0;469.18
6770;Prainha;PA;Estadual;34;427.35;443.92;455.98;447.43;571.18;469.17
6771;Baldim;MG;Estadual;4;443.72;431.98;416.35;463.58;590.0;469.12
6772;Almeirim;PA;Estadual;32;440.68;450.2;440.55;465.88;548.12;469.09
6773;Entre Rios do Sul;RS;Estadual;6;462.73;446.55;457.23;478.88;500.0;469.08
6774;Curuçá;PA;Estadual;65;435.2;461.04;448.84;454.04;546.15;469.06
6775;Serranópolis do Iguaçu;PR;Estadual;6;408.33;443.82;450.98;448.82;593.33;469.06
6776;Cuiabá;MT;Municipal;1;527.4;502.6;421.7;413.5;480.0;469.04
6777;Olho d'Água das Cunhãs;MA;Estadual;22;431.21;470.58;439.74;471.63;531.82;469.0
6778;Eldorado do Carajás;PA;Municipal;12;451.94;430.99;439.16;466.11;556.67;468.97
6779;Paraúna;GO;Estadual;19;436.19;452.6;456.21;489.29;510.53;468.97
6780;Redenção;PA;Municipal;51;438.04;459.54;426.18;447.6;573.33;468.94
6781;São João d'Aliança;GO;Estadual;31;454.23;459.61;442.82;457.73;530.32;468.94
6782;Viseu;PA;Estadual;38;407.61;458.11;432.69;455.56;590.53;468.9
6783;Bom Progresso;RS;Estadual;6;457.05;495.08;453.95;458.35;480.0;468.89
6784;Campos Lindos;TO;Estadual;20;446.0;453.39;422.32;470.47;552.0;468.84
6785;Inhambupe;BA;Privada;7;414.29;464.03;460.33;431.19;574.29;468.82
6786;Felixlândia;MG;Estadual;14;447.22;462.24;427.93;468.13;538.57;468.82
6787;Melgaço;PA;Estadual;54;426.89;460.44;424.49;447.09;585.19;468.82
6788;Água Doce do Maranhão;MA;Estadual;49;438.01;447.92;438.41;469.53;550.2;468.81
6789;Itacambira;MG;Estadual;6;468.05;393.52;481.57;457.48;543.33;468.79
6790;Joaquim Gomes;AL;Estadual;20;436.29;470.93;437.12;441.58;558.0;468.78
6791;Raposa;MA;Estadual;39;446.86;454.87;454.24;451.46;536.41;468.77
6792;Terra Alta;PA;Estadual;10;437.28;477.3;440.34;440.89;548.0;468.76
6793;Nova Maringá;MT;Estadual;8;464.68;464.82;456.64;470.1;487.5;468.75
6794;Santa Cruz;PB;Estadual;2;397.5;507.9;477.15;521.2;440.0;468.75
6795;Amparo do São Francisco;SE;Estadual;2;428.6;416.15;440.9;398.05;660.0;468.74
6796;Cuparaque;MG;Estadual;3;475.87;439.8;432.3;489.07;506.67;468.74
6797;Barbosa Ferraz;PR;Estadual;18;472.49;468.84;442.46;468.68;491.11;468.72
6798;Santa Cruz de Goiás;GO;Estadual;12;446.98;469.79;454.93;454.95;516.67;468.66
6799;Três Barras do Paraná;PR;Estadual;19;462.06;475.11;431.68;452.33;522.11;468.66
6800;Monteirópolis;AL;Estadual;4;405.18;436.68;421.72;424.6;655.0;468.64
6801;Camamu;BA;Estadual;35;430.22;463.71;440.33;475.23;533.71;468.64
6802;Nova Iguaçu de Goiás;GO;Estadual;5;419.74;418.64;431.9;480.86;592.0;468.63
6803;Inaciolândia;GO;Estadual;27;449.19;445.51;447.09;475.87;525.19;468.57
6804;Poço Branco;RN;Estadual;11;442.07;462.76;430.25;460.26;547.27;468.53
6805;Itapecuru Mirim;MA;Estadual;63;439.99;458.31;438.9;468.14;537.14;468.5
6806;Igrapiúna;BA;Estadual;13;431.65;446.04;452.41;443.13;569.23;468.49
6807;Martinho Campos;MG;Municipal;3;460.83;492.13;458.87;430.63;500.0;468.49
6808;Lavras do Sul;RS;Estadual;9;435.17;473.77;445.09;452.78;535.56;468.47
6809;Bela Cruz;CE;Estadual;77;454.49;456.91;445.3;476.25;509.35;468.46
6810;Rio das Ostras;RJ;Municipal;1;487.1;441.2;398.7;495.2;520.0;468.44
6811;Granja;CE;Estadual;461;447.18;453.92;435.88;467.5;537.66;468.43
6812;Oiapoque;AP;Estadual;42;443.16;448.77;431.9;461.59;556.67;468.42
6813;Pium;TO;Estadual;4;417.72;459.05;420.0;455.25;590.0;468.4
6814;Alto Santo;CE;Estadual;67;455.21;460.36;438.04;466.14;522.09;468.37
6815;Santo Amaro;BA;Estadual;74;454.35;451.88;442.46;458.69;534.32;468.34
6816;Bom Jesus;RN;Estadual;7;416.16;478.59;427.26;459.71;560.0;468.34
6817;Itinga do Maranhão;MA;Estadual;16;449.16;468.38;423.24;453.42;547.5;468.34
6818;Tamboril do Piauí;PI;Estadual;3;421.2;502.07;451.93;446.47;520.0;468.33
6819;Piranhas;AL;Estadual;26;443.87;470.91;446.98;462.96;516.92;468.33
6820;São Francisco do Oeste;RN;Estadual;3;417.7;433.0;453.23;477.7;560.0;468.33
6821;Lamarão;BA;Estadual;8;434.18;425.98;447.41;451.55;582.5;468.32
6822;Severínia;SP;Estadual;10;454.04;460.77;454.22;488.48;484.0;468.3
6823;Cândido Mendes;MA;Estadual;28;443.78;441.95;435.8;457.13;562.86;468.3
6824;Jardinópolis;SP;Municipal;1;469.9;448.3;372.0;411.3;640.0;468.3
6825;Jardim Olinda;PR;Estadual;3;462.37;462.77;433.93;455.77;526.67;468.3
6826;Fernandes Pinheiro;PR;Estadual;2;473.15;489.2;455.1;394.0;530.0;468.29
6827;Serro;MG;Estadual;16;458.3;466.08;436.59;465.41;515.0;468.28
6828;Rio Crespo;RO;Estadual;6;435.82;438.18;468.28;455.72;543.33;468.27
6829;Brejo Alegre;SP;Estadual;3;477.6;487.3;428.2;461.6;486.67;468.27
6830;Retirolândia;BA;Estadual;25;444.37;451.6;435.02;454.38;556.0;468.27
6831;Nova Esperança do Piriá;PA;Municipal;12;448.58;446.44;440.01;464.36;541.67;468.21
6832;Jacuípe;AL;Estadual;8;443.11;426.79;445.72;480.25;545.0;468.18
6833;Nova Aliança do Ivaí;PR;Estadual;1;424.9;417.9;475.6;442.3;580.0;468.14
6834;Painel;SC;Municipal;1;410.6;506.9;455.7;447.4;520.0;468.12
6835;Ituberá;BA;Estadual;36;436.46;455.74;439.97;463.94;544.44;468.11
6836;Cláudia;MT;Estadual;11;442.71;453.3;479.05;494.5;470.91;468.09
6837;Januário Cicco;RN;Estadual;4;426.88;488.45;428.8;476.17;520.0;468.06
6838;Americano do Brasil;GO;Estadual;5;479.72;448.3;420.52;431.72;560.0;468.05
6839;São Gonçalo dos Campos;BA;Estadual;76;448.32;457.17;450.68;461.39;522.63;468.04
6840;Mata;RS;Estadual;11;425.75;469.64;454.34;464.95;525.45;468.03
6841;Terra Nova;PE;Estadual;19;451.38;462.3;427.94;492.09;506.32;468.01
6842;Getulina;SP;Estadual;8;439.72;448.56;429.39;497.33;525.0;468.0
6843;Imigrante;RS;Estadual;4;449.82;489.65;476.02;449.3;475.0;467.96
6844;Doutor Ulysses;PR;Estadual;2;461.25;460.8;438.05;429.55;550.0;467.93
6845;Boa Nova;BA;Estadual;24;429.77;427.92;426.12;455.61;600.0;467.89
6846;General Maynard;SE;Estadual;15;444.34;466.81;434.97;467.95;525.33;467.88
6847;Novo Horizonte;BA;Municipal;2;409.9;421.8;432.35;455.2;620.0;467.85
6848;Gastão Vidigal;SP;Estadual;16;470.95;450.44;438.48;448.02;531.25;467.83
6849;Ferreiros;PE;Estadual;28;451.31;452.07;432.54;447.42;555.71;467.81
6850;Peritoró;MA;Estadual;4;453.45;449.35;438.48;477.75;520.0;467.81
6851;Lucrécia;RN;Estadual;11;436.11;457.22;455.91;453.38;536.36;467.8
6852;Oeiras do Pará;PA;Estadual;46;433.55;455.92;441.68;454.26;553.48;467.78
6853;São Luís do Quitunde;AL;Estadual;21;415.32;466.86;432.69;447.77;576.19;467.77
6854;Garrafão do Norte;PA;Estadual;34;435.6;460.59;434.26;465.42;542.94;467.76
6855;Chorrochó;BA;Estadual;16;443.95;456.59;419.73;463.42;555.0;467.74
6856;São João do Araguaia;PA;Estadual;4;478.75;452.52;449.58;417.88;540.0;467.74
6857;Governador Edison Lobão;MA;Estadual;34;438.58;466.74;438.27;446.81;548.24;467.73
6858;Jaguarari;BA;Estadual;46;440.96;463.47;439.64;465.73;528.7;467.7
6859;Guajará-Mirim;RO;Estadual;87;456.5;455.7;433.93;469.97;522.07;467.63
6860;Marquinho;PR;Estadual;7;466.61;500.8;443.47;412.87;514.29;467.61
6861;Ubatã;BA;Estadual;8;445.22;449.02;419.7;474.06;550.0;467.6
6862;Triunfo;RS;Estadual;3;468.57;461.67;437.77;469.77;500.0;467.55
6863;Santa Rita;MA;Estadual;24;439.87;456.23;430.1;454.89;556.67;467.55
6864;Redenção do Gurguéia;PI;Estadual;8;426.69;456.72;457.51;426.68;570.0;467.52
6865;Santo Antônio da Alegria;SP;Estadual;1;413.4;493.0;423.5;567.7;440.0;467.52
6866;Embaúba;SP;Estadual;1;446.6;400.6;524.4;446.0;520.0;467.52
6867;Boqueirão do Piauí;PI;Estadual;4;467.1;456.68;483.98;419.62;510.0;467.48
6868;Porto Feliz;SP;Municipal;1;447.0;464.3;529.7;516.4;380.0;467.48
6869;Selvíria;MS;Estadual;5;448.86;442.56;469.66;480.28;496.0;467.47
6870;Sobradinho;BA;Estadual;22;440.45;445.63;444.34;486.87;520.0;467.46
6871;Iramaia;BA;Municipal;2;510.65;487.0;474.25;455.35;410.0;467.45
6872;Filadélfia;BA;Estadual;33;442.32;439.47;443.8;471.06;540.61;467.45
6873;Rafael Fernandes;RN;Estadual;4;428.17;466.5;449.22;518.08;475.0;467.4
6874;Jauru;MT;Estadual;14;448.19;472.0;443.11;459.38;514.29;467.39
6875;Paratinga;BA;Estadual;26;431.98;468.24;420.31;474.03;542.31;467.37
6876;Malhada dos Bois;SE;Estadual;9;429.4;475.19;446.6;473.98;511.11;467.26
6877;Buriti;MA;Estadual;23;449.65;454.56;459.25;464.15;508.7;467.26
6878;Frei Gaspar;MG;Estadual;4;448.4;460.45;447.7;499.7;480.0;467.25
6879;Pardinho;SP;Estadual;2;433.2;483.0;421.2;498.7;500.0;467.22
6880;São Domingos do Azeitão;MA;Estadual;20;434.18;439.5;444.58;473.67;544.0;467.19
6881;Passagem Franca;MA;Estadual;19;447.0;444.12;433.69;450.96;560.0;467.16
6882;Mauá da Serra;PR;Estadual;2;433.25;449.95;426.15;426.45;600.0;467.16
6883;Ingazeira;PE;Estadual;18;448.0;462.82;442.23;469.37;513.33;467.15
6884;Narandiba;SP;Estadual;11;489.27;433.82;449.95;486.23;476.36;467.13
6885;Conde;PB;Estadual;10;429.81;448.18;449.11;478.37;530.0;467.09
6886;Uruana;GO;Estadual;41;436.81;445.66;451.58;486.25;515.12;467.09
6887;Olinda Nova do Maranhão;MA;Estadual;10;410.65;465.25;437.32;427.97;594.0;467.04
6888;Ponto Chique;MG;Estadual;5;466.74;437.66;423.62;467.16;540.0;467.04
6889;São Rafael;RN;Estadual;9;464.92;499.52;471.73;438.81;460.0;467.0
6890;Manacapuru;AM;Municipal;7;450.36;435.59;428.84;491.63;528.57;467.0
6891;Macaubal;SP;Estadual;11;441.33;470.12;432.2;476.73;514.55;466.98
6892;Caldeirão Grande;BA;Estadual;10;424.36;459.78;421.04;499.62;530.0;466.96
6893;Cruzmaltina;PR;Estadual;2;508.4;486.75;416.85;462.8;460.0;466.96
6894;Sátiro Dias;BA;Estadual;13;444.95;460.89;454.38;448.28;526.15;466.93
6895;Ubaíra;BA;Estadual;44;439.18;453.72;440.03;456.07;545.45;466.89
6896;Codó;MA;Estadual;159;440.81;460.27;434.0;460.2;539.12;466.88
6897;Primeiro de Maio;PR;Estadual;16;459.19;469.81;426.59;471.14;507.5;466.85
6898;Jacuizinho;RS;Estadual;5;439.26;454.88;457.88;442.24;540.0;466.85
6899;Icaraí de Minas;MG;Estadual;12;426.15;471.78;442.51;471.98;521.67;466.82
6900;Cafarnaum;BA;Estadual;16;455.44;463.69;429.08;469.48;516.25;466.79
6901;Aurilândia;GO;Estadual;4;453.18;446.98;457.42;431.3;545.0;466.78
6902;Colina;SP;Municipal;4;457.82;469.52;439.15;462.22;505.0;466.74
6903;Santana do Araguaia;PA;Estadual;37;434.45;444.89;434.96;457.17;562.16;466.73
6904;Araçu;GO;Estadual;4;447.98;472.38;430.2;437.98;545.0;466.7
6905;Angical do Piauí;PI;Estadual;18;444.02;453.65;434.21;453.69;547.78;466.67
6906;Doutor Severiano;RN;Estadual;11;444.66;445.94;462.65;478.24;501.82;466.66
6907;Ruy Barbosa;RN;Estadual;5;419.36;442.42;463.42;435.9;572.0;466.62
6908;Taiúva;SP;Estadual;5;480.26;456.06;428.92;491.82;476.0;466.61
6909;Pinhão;SE;Estadual;11;428.05;445.14;408.41;460.26;590.91;466.55
6910;Campo Alegre de Lourdes;BA;Estadual;24;435.18;458.13;436.55;466.72;535.83;466.48
6911;Catarina;CE;Estadual;37;438.34;459.78;436.96;462.64;534.59;466.46
6912;Nova Ubiratã;MT;Estadual;8;470.02;450.84;436.41;475.05;500.0;466.46
6913;Firminópolis;GO;Estadual;21;461.34;461.75;440.59;481.9;486.67;466.45
6914;Lagoa Nova;RN;Estadual;16;446.9;432.89;436.77;466.81;548.75;466.42
6915;Coxilha;RS;Estadual;6;460.48;440.95;446.27;461.02;523.33;466.41
6916;Presidente Figueiredo;AM;Estadual;61;445.42;446.19;437.19;467.19;535.74;466.34
6917;Marituba;PA;Municipal;69;442.84;461.59;440.51;457.19;529.57;466.34
6918;Diamante do Sul;PR;Estadual;6;477.75;453.3;449.88;470.73;480.0;466.33
6919;Jambeiro;SP;Estadual;3;422.67;455.33;411.33;535.47;506.67;466.29
6920;Faro;PA;Estadual;19;434.35;452.09;452.86;444.75;547.37;466.29
6921;Penalva;MA;Estadual;32;450.58;468.89;438.45;461.58;511.88;466.27
6922;Sete de Setembro;RS;Estadual;2;412.8;498.65;490.8;429.1;500.0;466.27
6923;Regeneração;PI;Estadual;58;438.91;452.43;442.64;453.86;543.45;466.26
6924;Capitão Gervásio Oliveira;PI;Estadual;5;424.94;434.22;405.04;418.98;648.0;466.24
6925;Ilha Comprida;SP;Estadual;7;452.94;443.44;445.24;469.47;520.0;466.22
6926;Ipaporanga;CE;Estadual;80;447.04;457.65;443.11;469.82;513.5;466.22
6927;Formoso;GO;Estadual;25;441.63;447.79;434.98;451.2;555.2;466.16
6928;Lambari D'Oeste;MT;Estadual;8;408.09;475.15;431.98;442.96;572.5;466.14
6929;São Simão;GO;Estadual;10;444.14;446.62;420.04;471.71;548.0;466.1
6930;Tremedal;BA;Estadual;6;430.03;429.22;448.08;489.78;533.33;466.09
6931;Rio de Contas;BA;Municipal;4;433.5;402.25;397.68;461.65;635.0;466.02
6932;Douradina;MS;Estadual;11;405.54;433.29;418.56;467.22;605.45;466.01
6933;Paracatu;MG;Estadual;87;450.36;452.28;434.12;465.7;527.36;465.96
6934;Salvador;BA;Municipal;5;458.66;488.46;427.24;455.46;500.0;465.96
6935;Guaribas;PI;Estadual;4;431.02;431.55;423.25;428.88;615.0;465.94
6936;Igaraçu do Tietê;SP;Estadual;6;475.53;474.43;435.87;450.5;493.33;465.93
6937;Flores de Goiás;GO;Estadual;18;451.02;471.97;442.39;449.67;514.44;465.9
6938;Rinópolis;SP;Estadual;3;452.1;450.63;481.8;404.9;540.0;465.89
6939;Pedro Afonso;TO;Estadual;22;442.25;452.67;458.81;460.14;515.45;465.87
6940;Itapirapuã;GO;Estadual;10;447.94;463.53;460.79;453.08;504.0;465.87
6941;Cachoeira Dourada;MG;Estadual;9;446.46;430.21;458.39;443.0;551.11;465.83
6942;Pastos Bons;MA;Estadual;31;441.77;443.16;428.63;447.77;567.74;465.82
6943;Presidente Juscelino;MG;Estadual;6;467.48;469.58;425.88;489.12;476.67;465.75
6944;Santarém Novo;PA;Estadual;13;440.2;421.12;436.33;441.69;589.23;465.71
6945;Ladário;MS;Estadual;30;450.93;461.72;446.52;450.07;519.33;465.71
6946;Ananás;TO;Estadual;24;449.9;455.49;447.13;459.35;516.67;465.71
6947;Aramari;BA;Estadual;9;431.94;481.38;426.08;458.06;531.11;465.71
6948;Itacarambi;MG;Estadual;23;460.1;453.61;444.42;457.31;513.04;465.7
6949;Antônio Gonçalves;BA;Estadual;11;452.98;462.79;449.65;452.15;510.91;465.7
6950;Nova Mutum;MT;Municipal;2;408.9;460.75;440.9;437.95;580.0;465.7
6951;Pedra Preta;RN;Estadual;1;361.3;508.1;493.7;385.3;580.0;465.68
6952;Belmonte;BA;Municipal;10;449.43;453.92;444.04;443.0;538.0;465.68
6953;Alvorada;TO;Estadual;15;426.23;432.9;449.75;467.41;552.0;465.66
6954;Senador Sá;CE;Estadual;64;453.03;466.61;440.78;475.9;491.88;465.64
6955;Irauçuba;CE;Estadual;78;451.38;447.94;441.77;460.92;526.15;465.63
6956;São Miguel dos Milagres;AL;Estadual;6;454.32;439.72;438.0;486.02;510.0;465.61
6957;Santa Rosa do Tocantins;TO;Estadual;4;458.08;433.98;423.75;472.18;540.0;465.6
6958;Inhuma;PI;Estadual;16;432.94;451.38;437.26;437.68;568.75;465.6
6959;Moju;PA;Estadual;50;447.55;450.0;432.06;463.55;534.8;465.59
6960;Presidente Juscelino;MA;Estadual;13;427.7;439.16;452.12;461.2;547.69;465.58
6961;Breu Branco;PA;Estadual;40;433.16;457.63;430.2;450.36;556.5;465.57
6962;Amontada;CE;Estadual;318;443.9;449.52;436.52;463.43;534.47;465.57
6963;Miracatu;SP;Privada;1;439.5;379.9;482.1;506.3;520.0;465.56
6964;Geminiano;PI;Estadual;18;421.56;437.24;418.27;448.15;602.22;465.49
6965;Candeias do Jamari;RO;Estadual;36;443.68;439.25;446.15;462.75;535.56;465.48
6966;Silvanópolis;TO;Estadual;5;420.4;420.52;445.7;496.74;544.0;465.47
6967;Alto Longá;PI;Estadual;9;434.48;429.83;452.19;444.11;566.67;465.46
6968;Xexéu;PE;Municipal;1;477.8;464.6;444.1;420.7;520.0;465.44
6969;Boa Vista do Gurupi;MA;Estadual;2;422.15;471.2;406.7;407.1;620.0;465.43
6970;Marcionílio Souza;BA;Estadual;11;424.06;461.38;426.66;447.67;567.27;465.41
6971;Carinhanha;BA;Estadual;18;443.66;444.38;446.79;464.43;527.78;465.41
6972;Atalaia;PR;Estadual;15;459.19;472.21;432.2;431.29;532.0;465.38
6973;Posse;GO;Estadual;90;441.43;453.76;433.45;455.06;543.11;465.36
6974;Pacaraima;RR;Estadual;11;446.23;466.36;447.65;484.68;481.82;465.35
6975;Canitar;SP;Estadual;1;482.9;461.9;361.4;500.5;520.0;465.34
6976;Iraí de Minas;MG;Estadual;11;479.38;442.97;453.02;487.65;463.64;465.33
6977;Goiatins;TO;Estadual;6;431.12;451.45;437.37;449.9;556.67;465.3
6978;Arapiraca;AL;Municipal;2;446.4;438.65;419.9;531.4;490.0;465.27
6979;Jesúpolis;GO;Estadual;13;469.62;438.42;475.48;445.87;496.92;465.26
6980;Ponta de Pedras;PA;Estadual;64;436.03;463.25;431.26;440.71;555.0;465.25
6981;Santa Maria do Salto;MG;Estadual;1;482.6;504.7;439.8;439.1;460.0;465.24
6982;Itaquitinga;PE;Estadual;39;438.47;440.33;438.56;470.83;537.95;465.23
6983;Aiuaba;CE;Estadual;50;448.53;447.3;441.49;469.19;519.6;465.22
6984;Porteiras;CE;Estadual;44;441.34;454.15;449.19;458.38;522.73;465.16
6985;Telha;SE;Estadual;7;423.41;454.53;457.77;481.5;508.57;465.16
6986;Boquim;SE;Municipal;1;445.7;388.0;346.9;465.1;680.0;465.14
6987;Itapuã do Oeste;RO;Estadual;9;451.1;463.67;428.04;471.77;511.11;465.14
6988;Dom Macedo Costa;BA;Estadual;9;443.18;452.07;446.46;437.32;546.67;465.14
6989;Buriti de Goiás;GO;Estadual;3;455.77;497.07;460.73;452.03;460.0;465.12
6990;Arês;RN;Estadual;7;464.96;445.61;462.1;424.33;528.57;465.11
6991;Penedo;AL;Estadual;59;442.18;450.75;436.03;463.15;533.22;465.06
6992;Mirangaba;BA;Estadual;13;450.74;469.12;441.69;445.24;518.46;465.05
6993;Milton Brandão;PI;Estadual;4;426.5;464.5;442.52;436.7;555.0;465.04
6994;Manacapuru;AM;Estadual;279;445.4;456.79;437.37;458.51;527.1;465.03
6995;Grajaú;MA;Estadual;136;431.91;443.23;444.65;458.91;546.32;465.0
6996;Aveiro;PA;Municipal;3;415.13;435.83;438.23;449.0;586.67;464.97
6997;Monte Santo;BA;Estadual;35;445.27;461.12;427.77;458.5;532.0;464.93
6998;Catingueira;PB;Estadual;10;450.02;418.15;451.63;482.79;522.0;464.92
6999;Viçosa;AL;Estadual;40;426.35;448.86;439.49;441.29;568.5;464.9
7000;Camamu;BA;Municipal;2;429.7;441.3;424.65;418.8;610.0;464.89
7001;Tabaporã;MT;Estadual;15;443.7;451.01;449.69;478.63;501.33;464.87
7002;Capistrano;CE;Estadual;55;435.73;443.24;442.21;449.57;553.45;464.84
7003;São Felipe;BA;Estadual;24;423.49;456.81;437.51;455.52;550.83;464.83
7004;Governador Mangabeira;BA;Estadual;31;430.99;462.18;447.5;453.08;530.32;464.82
7005;Abatiá;PR;Estadual;19;460.14;442.48;437.71;461.42;522.11;464.77
7006;Santo Antônio do Tauá;PA;Estadual;24;435.53;456.95;435.14;453.69;542.5;464.76
7007;Santo Amaro das Brotas;SE;Estadual;11;420.45;469.45;460.48;469.75;503.64;464.75
7008;Cachoeira Alta;GO;Estadual;17;449.87;449.68;437.35;486.52;500.0;464.68
7009;Madeiro;PI;Estadual;12;446.63;448.87;455.72;478.6;493.33;464.63
7010;Juara;MT;Municipal;1;426.1;529.2;364.2;443.5;560.0;464.6
7011;Carauari;AM;Estadual;96;436.08;442.9;426.65;465.09;552.29;464.6
7012;Antônio Martins;RN;Estadual;19;445.24;446.93;434.43;445.85;550.53;464.59
7013;Salto do Céu;MT;Estadual;3;449.6;436.87;415.87;480.53;540.0;464.57
7014;Cruz do Espírito Santo;PB;Estadual;16;431.5;443.8;428.06;437.99;581.25;464.52
7015;Dianópolis;TO;Estadual;30;446.08;450.49;431.45;453.84;540.67;464.51
7016;Congonhas do Norte;MG;Estadual;6;474.12;424.75;429.25;500.95;493.33;464.48
7017;Tamboara;PR;Estadual;3;425.0;492.63;452.3;438.97;513.33;464.45
7018;São João da Ponte;MG;Municipal;1;477.1;412.7;412.9;399.5;620.0;464.44
7019;Garruchos;RS;Estadual;1;374.8;510.7;480.5;436.2;520.0;464.44
7020;Monte das Gameleiras;RN;Estadual;4;439.8;475.5;404.08;467.75;535.0;464.42
7021;Capinópolis;MG;Estadual;23;441.09;446.31;444.79;466.36;523.48;464.41
7022;Paratinga;BA;Municipal;8;448.46;451.42;401.29;450.78;570.0;464.39
7023;Tefé;AM;Estadual;189;444.5;454.69;430.55;457.09;534.92;464.35
7024;Caxambu do Sul;SC;Estadual;7;401.74;441.37;455.7;462.94;560.0;464.35
7025;Borborema;PB;Estadual;7;431.71;465.77;431.86;460.84;531.43;464.32
7026;Gramado Xavier;RS;Estadual;9;448.29;449.6;437.09;455.36;531.11;464.29
7027;Mazagão;AP;Estadual;35;438.15;458.54;434.51;466.26;524.0;464.29
7028;Analândia;SP;Estadual;3;433.2;450.67;466.73;497.43;473.33;464.27
7029;Ipixuna;AM;Estadual;19;442.85;429.26;441.02;463.9;544.21;464.25
7030;Ribeirão Bonito;SP;Estadual;6;468.7;495.25;449.48;457.8;450.0;464.25
7031;Periquito;MG;Estadual;6;437.08;473.25;432.92;474.6;503.33;464.24
7032;Poço Fundo;MG;Estadual;15;433.86;455.81;424.43;455.01;552.0;464.22
7033;Estreito;MA;Estadual;59;440.81;449.47;440.21;466.86;523.73;464.21
7034;São João do Piauí;PI;Estadual;32;445.06;442.92;448.74;457.42;526.88;464.2
7035;Cujubim;RO;Estadual;11;439.41;455.79;446.15;448.74;530.91;464.2
7036;Olho d'Água;PB;Estadual;7;432.51;425.5;431.67;454.1;577.14;464.19
7037;Bandeira;MG;Estadual;2;444.55;473.8;431.4;510.9;460.0;464.13
7038;Santa Amélia;PR;Estadual;6;463.72;401.55;440.07;465.33;550.0;464.13
7039;Martinópole;CE;Estadual;61;458.01;450.13;442.52;476.22;493.77;464.13
7040;Rosário do Ivaí;PR;Estadual;11;451.46;469.55;435.95;443.65;520.0;464.13
7041;Manaus;AM;Municipal;46;447.1;460.29;442.9;472.46;497.83;464.12
7042;São Francisco de Sales;MG;Estadual;10;448.01;450.15;432.31;430.1;560.0;464.11
7043;Manoel Emídio;PI;Estadual;5;454.94;493.64;422.7;449.18;500.0;464.09
7044;Pau D'Arco;PA;Municipal;2;417.7;409.9;409.85;482.95;600.0;464.08
7045;Mascote;BA;Estadual;8;420.34;454.29;432.19;463.44;550.0;464.05
7046;Iuiu;BA;Estadual;17;438.02;424.86;422.49;459.52;575.29;464.04
7047;Meruoca;CE;Estadual;69;453.23;459.03;433.5;474.31;500.0;464.02
7048;Macajuba;BA;Estadual;16;432.07;435.0;451.56;472.62;528.75;464.0
7049;Natal;RN;Municipal;3;482.07;475.3;467.77;408.03;486.67;463.97
7050;Boninal;BA;Municipal;4;424.7;452.2;437.72;480.15;525.0;463.96
7051;Nazária;PI;Estadual;3;468.7;470.17;397.8;463.0;520.0;463.93
7052;Nova Roma;GO;Estadual;8;445.3;442.94;423.71;432.61;575.0;463.91
7053;Guarani d'Oeste;SP;Estadual;1;494.0;461.7;474.4;469.3;420.0;463.88
7054;Bagre;PA;Estadual;16;417.14;463.95;423.71;461.91;552.5;463.84
7055;Inocência;MS;Estadual;12;443.4;445.96;451.32;451.8;526.67;463.83
7056;São Gabriel;RS;Municipal;2;449.75;469.75;439.6;419.85;540.0;463.79
7057;Ibipitanga;BA;Estadual;13;437.48;466.35;431.42;449.83;533.85;463.79
7058;Pedra Mole;SE;Estadual;8;417.09;458.06;443.05;463.01;537.5;463.74
7059;Francinópolis;PI;Estadual;13;422.55;417.24;415.64;461.58;601.54;463.71
7060;Heliópolis;BA;Estadual;19;432.42;460.02;417.54;478.91;529.47;463.67
7061;Brodowski;SP;Estadual;9;456.93;451.37;467.84;437.63;504.44;463.64
7062;Brejo;MA;Estadual;45;439.03;448.59;439.61;447.44;543.56;463.64
7063;Rio Pomba;MG;Estadual;7;437.94;446.69;447.56;471.51;514.29;463.6
7064;Milhã;CE;Estadual;67;447.95;453.47;434.31;477.19;505.07;463.6
7065;Poço de José de Moura;PB;Estadual;6;430.35;477.82;454.7;461.75;493.33;463.59
7066;Mirandiba;PE;Estadual;26;445.8;443.89;432.9;476.09;519.23;463.58
7067;Santana do Araguaia;PA;Privada;2;463.75;458.8;413.55;461.8;520.0;463.58
7068;Divinópolis de Goiás;GO;Estadual;19;436.85;442.23;436.52;465.11;536.84;463.51
7069;Gurinhém;PB;Estadual;17;439.05;456.66;449.64;446.26;525.88;463.5
7070;Itapura;SP;Estadual;4;462.9;456.75;450.52;417.2;530.0;463.48
7071;Santanópolis;BA;Estadual;4;455.55;386.48;468.08;472.02;535.0;463.42
7072;Heitoraí;GO;Estadual;6;432.48;423.17;456.28;468.4;536.67;463.4
7073;Urucurituba;AM;Estadual;51;439.5;449.98;438.14;440.44;548.63;463.34
7074;Sete Barras;SP;Estadual;11;459.45;458.15;430.61;481.18;487.27;463.33
7075;Malhada de Pedras;BA;Estadual;9;415.33;424.42;437.63;448.03;591.11;463.31
7076;Ventania;PR;Estadual;18;464.73;453.92;435.76;476.47;485.56;463.28
7077;Abaré;BA;Estadual;31;423.59;441.55;422.63;459.42;569.03;463.24
7078;Dois Irmãos do Buriti;MS;Estadual;16;434.58;443.91;427.52;457.64;552.5;463.23
7079;Cordeiro;RJ;Estadual;10;437.39;459.47;430.96;465.5;522.0;463.06
7080;Gilbués;PI;Estadual;15;456.93;462.15;426.25;477.88;492.0;463.04
7081;Alfredo Chaves;ES;Privada;1;352.3;455.5;476.3;551.0;480.0;463.02
7082;Itacajá;TO;Estadual;15;442.51;459.11;437.55;454.48;521.33;463.0
7083;Rio Rufino;SC;Estadual;8;441.26;457.26;454.1;454.81;507.5;462.99
7084;Delta;MG;Estadual;5;445.86;452.2;406.78;542.04;468.0;462.98
7085;Itaubal;AP;Estadual;6;423.38;484.12;418.4;448.93;540.0;462.97
7086;Itaquara;BA;Estadual;16;431.82;439.98;441.42;437.89;563.75;462.97
7087;Tapiramutá;BA;Estadual;48;442.18;451.04;456.45;471.79;493.33;462.96
7088;Tabocão;TO;Estadual;8;437.55;468.83;406.52;444.02;557.5;462.89
7089;Uruoca;CE;Estadual;108;453.95;465.64;438.88;462.31;493.33;462.82
7090;Governador Eugênio Barros;MA;Estadual;22;424.75;456.14;437.48;463.78;531.82;462.79
7091;Pacatuba;SE;Estadual;15;443.77;470.74;424.04;463.19;512.0;462.75
7092;Porto Acre;AC;Estadual;22;430.23;466.85;424.21;464.21;528.18;462.74
7093;Planura;MG;Estadual;7;454.17;453.46;447.99;463.54;494.29;462.69
7094;Terra Nova;BA;Estadual;15;450.85;467.04;436.55;448.33;510.67;462.69
7095;Santa Efigênia de Minas;MG;Estadual;5;431.34;423.44;431.24;487.36;540.0;462.68
7096;São José do Goiabal;MG;Estadual;8;442.3;442.19;437.42;463.52;527.5;462.59
7097;Santa Fé de Goiás;GO;Estadual;5;469.04;482.38;413.44;440.02;508.0;462.58
7098;Colares;PA;Estadual;39;423.13;464.89;427.2;450.23;547.18;462.53
7099;Itajá;RN;Estadual;10;459.93;434.56;442.19;439.85;536.0;462.51
7100;Cacimba de Areia;PB;Estadual;4;444.4;419.58;431.42;487.08;530.0;462.5
7101;Feliz Deserto;AL;Estadual;7;415.16;443.86;440.23;456.09;557.14;462.49
7102;Marizópolis;PB;Estadual;17;444.05;445.36;429.45;467.72;525.88;462.49
7103;Mataraca;PB;Estadual;6;446.85;467.8;394.2;466.75;536.67;462.45
7104;Avaí;SP;Estadual;4;448.78;488.12;428.48;401.78;545.0;462.43
7105;Esperança do Sul;RS;Estadual;4;437.42;445.28;434.45;449.72;545.0;462.38
7106;Governador Nunes Freire;MA;Estadual;31;442.74;448.99;421.92;447.79;550.32;462.35
7107;Princesa;SC;Estadual;4;418.05;425.33;451.52;471.55;545.0;462.29
7108;Gália;SP;Estadual;3;400.57;469.5;436.07;491.93;513.33;462.28
7109;Barro Preto;BA;Estadual;8;441.29;474.06;428.32;470.22;497.5;462.28
7110;Loanda;PR;Estadual;9;443.51;469.07;432.91;463.57;502.22;462.26
7111;Matinhas;PB;Estadual;10;415.31;458.25;435.82;473.8;528.0;462.24
7112;Belém do Piauí;PI;Estadual;7;427.49;465.43;430.93;498.73;488.57;462.23
7113;Tremedal;BA;Municipal;1;422.9;380.4;481.4;406.3;620.0;462.2
7114;São Paulo do Potengi;RN;Estadual;24;440.29;450.85;431.18;462.86;525.83;462.2
7115;Licínio de Almeida;BA;Municipal;2;430.1;471.25;385.55;393.9;630.0;462.16
7116;Monte Formoso;MG;Estadual;5;439.06;477.96;446.4;471.06;476.0;462.1
7117;Curionópolis;PA;Estadual;15;445.22;430.64;450.52;464.08;520.0;462.09
7118;Areia Branca;SE;Estadual;15;438.8;436.81;430.9;467.89;536.0;462.08
7119;Alcântara;MA;Estadual;27;437.38;441.42;435.64;460.82;534.81;462.02
7120;Castanheira;MT;Estadual;5;437.68;426.7;442.12;451.4;552.0;461.98
7121;Loreto;MA;Estadual;26;436.38;463.95;430.42;453.62;525.38;461.95
7122;Sucupira do Norte;MA;Privada;2;409.1;429.05;439.4;492.1;540.0;461.93
7123;Hidrolândia;GO;Estadual;24;454.75;445.15;441.63;444.74;523.33;461.92
7124;Lagoa Seca;PB;Estadual;24;431.72;458.25;424.99;463.76;530.83;461.91
7125;Redentora;RS;Estadual;8;435.12;429.25;444.82;477.71;522.5;461.88
7126;Coaraci;BA;Estadual;15;457.29;434.03;432.67;435.99;549.33;461.86
7127;Mansidão;BA;Estadual;16;432.38;442.62;414.68;465.89;553.75;461.86
7128;Mutunópolis;GO;Estadual;15;451.09;448.59;446.91;453.34;509.33;461.85
7129;Ibirapitanga;BA;Estadual;11;444.5;451.85;437.26;413.79;561.82;461.84
7130;Nobres;MT;Estadual;33;436.98;450.38;440.82;447.11;533.33;461.72
7131;Berizal;MG;Estadual;4;426.72;483.95;436.42;446.38;515.0;461.7
7132;Curral de Cima;PB;Estadual;11;424.31;455.75;448.2;461.79;518.18;461.65
7133;São Pedro da Água Branca;MA;Estadual;9;406.73;476.72;416.68;457.0;551.11;461.65
7134;Sambaíba;MA;Estadual;7;448.36;460.37;460.77;421.47;517.14;461.62
7135;Antônio Cardoso;BA;Estadual;6;387.1;425.92;447.87;477.05;570.0;461.59
7136;Ereré;CE;Estadual;46;446.06;446.21;438.38;462.48;514.78;461.58
7137;Vereda;BA;Estadual;2;457.05;358.95;404.7;407.0;680.0;461.54
7138;Buriti do Tocantins;TO;Estadual;5;438.22;486.56;410.06;448.8;524.0;461.53
7139;São Vicente Férrer;PE;Estadual;57;421.38;452.61;429.83;461.25;542.46;461.5
7140;Novo Hamburgo;RS;Municipal;1;471.5;464.1;371.8;440.0;560.0;461.48
7141;Umburanas;BA;Estadual;13;412.35;441.35;436.94;447.35;569.23;461.45
7142;Medicilândia;PA;Estadual;21;444.15;440.81;432.49;439.14;550.48;461.41
7143;Hidrolina;GO;Estadual;18;458.25;443.38;436.09;455.96;513.33;461.4
7144;Campo Novo do Parecis;MT;Municipal;1;457.3;493.4;426.5;409.8;520.0;461.4
7145;Santana do São Francisco;SE;Estadual;10;423.33;436.84;440.45;476.35;530.0;461.39
7146;Porto de Moz;PA;Estadual;25;438.31;426.3;444.94;455.63;541.6;461.36
7147;Mâncio Lima;AC;Estadual;27;442.25;442.71;426.06;446.9;548.89;461.36
7148;Santana do Cariri;CE;Estadual;33;445.81;446.22;445.8;464.82;503.64;461.26
7149;Pindoretama;CE;Estadual;73;442.33;453.59;424.72;459.82;525.75;461.25
7150;Parobé;RS;Municipal;3;479.53;470.37;451.43;451.53;453.33;461.24
7151;Jutaí;AM;Estadual;35;441.0;459.75;433.47;453.66;518.29;461.23
7152;Acorizal;MT;Estadual;8;419.1;478.08;434.6;471.89;502.5;461.23
7153;Jundiá;RN;Estadual;4;461.65;446.6;431.65;441.22;525.0;461.22
7154;Tabuleiro;MG;Estadual;3;453.83;437.53;439.9;501.2;473.33;461.16
7155;Buriti Alegre;GO;Estadual;20;458.46;448.95;438.31;481.04;479.0;461.15
7156;Aparecida do Rio Doce;GO;Estadual;4;411.75;471.42;420.98;476.52;525.0;461.14
7157;São José da Tapera;AL;Estadual;32;444.12;464.41;433.12;447.2;516.88;461.14
7158;Cabeceiras do Piauí;PI;Estadual;28;417.42;456.85;435.68;450.0;545.71;461.14
7159;Abadiânia;GO;Estadual;10;447.67;437.32;417.14;487.45;516.0;461.12
7160;Delfinópolis;MG;Estadual;8;470.58;475.68;430.98;453.38;475.0;461.12
7161;Caiçara do Rio do Vento;RN;Estadual;5;436.7;473.62;430.46;468.62;496.0;461.08
7162;Guaíra;SP;Municipal;1;485.9;414.3;412.8;632.3;360.0;461.06
7163;Santa Rita do Sapucaí;MG;Municipal;1;439.2;546.9;461.4;397.8;460.0;461.06
7164;Nazaré;TO;Estadual;14;442.53;445.09;421.04;445.1;551.43;461.04
7165;Campestre do Maranhão;MA;Estadual;18;438.97;451.98;425.61;455.23;533.33;461.02
7166;Cana Verde;MG;Estadual;11;450.71;446.11;419.93;448.35;540.0;461.02
7167;Pongaí;SP;Estadual;3;402.67;421.33;420.7;507.0;553.33;461.01
7168;Barbosa;SP;Estadual;2;452.2;454.85;433.95;473.75;490.0;460.95
7169;Serrania;MG;Estadual;15;445.53;469.79;428.39;466.22;494.67;460.92
7170;Cajapió;MA;Estadual;13;425.87;440.12;421.59;464.59;552.31;460.9
7171;Pinheiro;MA;Estadual;85;444.15;452.38;427.99;465.0;514.82;460.87
7172;São João da Paraúna;GO;Estadual;9;444.93;430.99;421.61;429.01;577.78;460.86
7173;Itaboraí;RJ;Municipal;1;458.4;537.1;367.9;500.5;440.0;460.78
7174;Ribeirão Vermelho;MG;Estadual;8;435.76;424.2;424.88;471.56;547.5;460.78
7175;Jardim do Seridó;RN;Estadual;10;417.36;445.27;455.88;435.33;550.0;460.77
7176;Bequimão;MA;Estadual;15;438.17;427.89;435.92;460.28;541.33;460.72
7177;Urupês;SP;Estadual;14;451.74;467.85;437.99;473.09;472.86;460.71
7178;Lagoa de Velhos;RN;Estadual;4;428.9;449.42;418.68;451.52;555.0;460.7
7179;Uruçuí;PI;Estadual;29;429.71;463.26;451.74;451.81;506.9;460.68
7180;Cruz;CE;Estadual;161;448.44;457.74;432.04;469.33;495.78;460.67
7181;Barro Alto;GO;Estadual;21;457.9;444.29;421.62;448.95;530.48;460.65
7182;Codajás;AM;Estadual;71;431.25;445.91;434.11;451.08;540.85;460.64
7183;Formosa do Rio Preto;BA;Municipal;1;429.8;469.8;441.6;441.8;520.0;460.6
7184;Senador Alexandre Costa;MA;Estadual;10;420.48;439.89;441.46;466.91;534.0;460.55
7185;Anori;AM;Estadual;74;431.99;446.39;435.99;451.03;537.03;460.49
7186;Banzaê;BA;Estadual;7;419.17;444.31;426.84;454.97;557.14;460.49
7187;Consolação;MG;Estadual;1;455.3;485.4;359.7;481.6;520.0;460.4
7188;Novo Aripuanã;AM;Estadual;60;440.27;454.03;429.88;457.75;519.67;460.32
7189;Senador Rui Palmeira;AL;Estadual;9;444.09;440.87;432.59;456.99;526.67;460.24
7190;Palminópolis;GO;Estadual;16;430.28;446.59;427.54;432.92;563.75;460.22
7191;Novo Mundo;MT;Estadual;1;436.6;398.5;511.1;454.5;500.0;460.14
7192;Cansanção;BA;Estadual;17;446.52;436.74;440.64;459.05;517.65;460.12
7193;Tonantins;AM;Municipal;3;428.8;442.27;423.3;425.77;580.0;460.03
7194;Apuiarés;CE;Estadual;76;435.1;445.05;438.39;457.67;523.95;460.03
7195;Lajeado Novo;MA;Estadual;13;438.82;456.35;433.66;466.67;504.62;460.02
7196;Botuporã;BA;Privada;1;504.4;386.2;419.8;389.6;600.0;460.0
7197;Cachoeirinha;RS;Municipal;2;407.45;482.25;413.9;456.4;540.0;460.0
7198;Novo Horizonte do Norte;MT;Estadual;5;418.32;425.6;469.3;490.72;496.0;459.99
7199;Arraias;TO;Estadual;32;441.77;455.67;421.07;458.1;523.12;459.95
7200;Logradouro;PB;Estadual;5;447.66;465.66;438.96;419.32;528.0;459.92
7201;Envira;AM;Estadual;37;429.84;448.35;419.96;449.82;550.81;459.75
7202;Mucambo;CE;Estadual;65;444.46;455.1;443.97;459.96;495.08;459.71
7203;Laranjeiras;SE;Estadual;13;431.15;461.46;411.43;457.21;536.92;459.64
7204;Jussara;BA;Estadual;4;504.5;407.38;403.65;422.4;560.0;459.58
7205;Bonfim;RR;Estadual;7;414.9;444.4;437.9;506.36;494.29;459.57
7206;Afonso Cunha;MA;Estadual;10;436.33;443.72;395.35;432.42;590.0;459.56
7207;Estrela do Norte;GO;Estadual;4;432.0;465.08;427.25;468.35;505.0;459.54
7208;Amorinópolis;GO;Estadual;7;421.04;450.34;422.17;478.36;525.71;459.53
7209;Gameleiras;MG;Estadual;17;430.59;454.2;445.45;479.06;488.24;459.51
7210;Caém;BA;Municipal;1;393.6;399.2;455.3;409.3;640.0;459.48
7211;Godofredo Viana;MA;Estadual;13;412.06;442.16;430.95;459.78;552.31;459.45
7212;Apicum-Açu;MA;Estadual;20;427.55;459.82;428.51;463.34;518.0;459.44
7213;Boa Esperança;ES;Privada;2;392.05;450.4;476.65;537.85;440.0;459.39
7214;Ocauçu;SP;Estadual;4;436.62;418.85;460.55;485.6;495.0;459.32
7215;Santa Luzia do Paruá;MA;Municipal;1;406.9;381.9;491.8;575.9;440.0;459.3
7216;Campestre;AL;Estadual;3;451.83;433.63;422.3;435.23;553.33;459.27
7217;Brejo Grande do Araguaia;PA;Estadual;3;400.5;480.9;415.93;458.93;540.0;459.25
7218;Beruri;AM;Estadual;41;419.18;443.47;434.69;461.22;537.56;459.22
7219;Barreira;CE;Estadual;66;439.37;445.43;434.65;463.28;513.33;459.21
7220;Viçosa;RN;Estadual;4;432.5;400.52;424.7;443.18;595.0;459.18
7221;Forquetinha;RS;Estadual;2;435.6;488.85;438.5;462.75;470.0;459.14
7222;Campestre de Goiás;GO;Estadual;11;428.39;463.47;450.85;452.76;500.0;459.09
7223;Santo Antônio do Retiro;MG;Municipal;1;434.1;477.0;408.4;435.7;540.0;459.04
7224;Ribeirão do Largo;BA;Estadual;7;417.89;448.94;451.5;422.34;554.29;458.99
7225;Itacoatiara;AM;Estadual;364;436.31;451.95;433.02;451.72;521.7;458.94
7226;Porto Alegre do Norte;MT;Estadual;4;466.42;488.45;468.18;421.65;450.0;458.94
7227;Lagoão;RS;Estadual;6;442.17;432.38;449.0;447.4;523.33;458.86
7228;Maracaçumé;MA;Estadual;23;422.95;427.05;416.91;453.41;573.91;458.85
7229;Belágua;MA;Estadual;6;428.18;472.97;447.13;439.27;506.67;458.84
7230;Caucaia;CE;Municipal;4;453.22;437.5;449.35;473.95;480.0;458.8
7231;Cedro;PE;Estadual;23;442.36;446.78;438.64;466.94;499.13;458.77
7232;Bagre;PA;Municipal;5;374.26;407.52;413.0;474.88;624.0;458.73
7233;Avelinópolis;GO;Estadual;9;414.19;470.19;448.44;465.1;495.56;458.7
7234;Natuba;PB;Estadual;5;453.8;423.48;409.32;478.84;528.0;458.69
7235;Fama;MG;Estadual;7;450.66;431.47;400.96;473.19;537.14;458.68
7236;Solonópole;CE;Estadual;50;437.69;451.01;441.64;469.83;493.2;458.67
7237;Chapada Gaúcha;MG;Estadual;11;449.16;458.5;442.64;446.64;496.36;458.66
7238;Jardim Alegre;PR;Estadual;7;472.34;435.4;449.86;464.13;471.43;458.63
7239;Maragogi;AL;Estadual;8;435.92;441.89;434.35;435.94;545.0;458.62
7240;Bom Lugar;MA;Estadual;9;466.5;435.21;423.96;460.73;506.67;458.61
7241;Moju;PA;Municipal;13;435.86;445.98;411.12;442.91;556.92;458.56
7242;Retirolândia;BA;Privada;2;431.7;431.8;429.2;479.8;520.0;458.5
7243;Pimenteiras do Oeste;RO;Estadual;4;400.12;449.4;428.45;449.5;565.0;458.5
7244;Portelândia;GO;Estadual;11;437.69;451.35;447.63;462.93;492.73;458.47
7245;Ibiara;PB;Estadual;8;444.52;459.39;452.41;468.41;467.5;458.45
7246;Guajeru;BA;Estadual;5;389.52;435.36;445.42;497.74;524.0;458.41
7247;Mombuca;SP;Estadual;2;449.8;429.7;399.6;452.9;560.0;458.4
7248;Lago Verde;MA;Estadual;23;410.09;445.47;426.07;454.6;555.65;458.38
7249;Aguiar;PB;Estadual;18;426.64;414.97;441.29;427.8;581.11;458.36
7250;Paulistas;MG;Estadual;3;476.57;430.87;370.87;453.43;560.0;458.35
7251;Ipanguaçu;RN;Estadual;22;440.55;448.86;416.7;439.95;545.45;458.3
7252;Pindorama;SP;Estadual;9;443.49;470.84;415.57;474.9;486.67;458.29
7253;Lontra;MG;Estadual;9;441.9;446.43;454.04;460.2;488.89;458.29
7254;Ribeirão Branco;SP;Estadual;4;464.62;448.15;424.98;473.18;480.0;458.18
7255;Muaná;PA;Municipal;1;496.4;557.2;396.4;440.5;400.0;458.1
7256;Caldas;MG;Municipal;2;425.8;494.65;464.05;405.85;500.0;458.07
7257;Fonte Boa;AM;Estadual;89;420.93;444.34;431.74;440.83;552.36;458.04
7258;Paranapoema;PR;Estadual;3;461.47;480.23;450.57;431.17;466.67;458.02
7259;Coronel Murta;MG;Estadual;5;423.24;452.38;418.06;456.32;540.0;458.0
7260;Tesouro;MT;Estadual;4;463.55;462.4;445.42;423.52;495.0;457.98
7261;Jardim do Mulato;PI;Estadual;4;450.9;432.7;434.0;422.12;550.0;457.94
7262;Brasilândia do Tocantins;TO;Estadual;4;435.95;488.55;430.22;435.0;500.0;457.94
7263;Érico Cardoso;BA;Estadual;15;400.89;437.67;429.57;446.77;574.67;457.91
7264;Igarapé-Miri;PA;Municipal;34;414.47;446.92;426.2;453.72;548.24;457.91
7265;Sales Oliveira;SP;Estadual;2;429.0;465.0;402.35;433.0;560.0;457.87
7266;Bernardino de Campos;SP;Estadual;8;448.7;437.8;431.38;468.85;502.5;457.84
7267;Abel Figueiredo;PA;Municipal;2;440.5;409.1;432.6;407.0;600.0;457.84
7268;Nossa Senhora do Livramento;MT;Estadual;13;433.7;462.04;454.95;466.0;472.31;457.8
7269;Primeira Cruz;MA;Estadual;5;431.42;443.46;412.02;462.02;540.0;457.78
7270;Araguaiana;MT;Estadual;5;426.92;468.72;436.6;440.68;516.0;457.78
7271;Cachoeirinha;TO;Estadual;4;441.35;434.05;395.88;422.52;595.0;457.76
7272;Pai Pedro;MG;Estadual;4;444.28;412.52;413.48;458.48;560.0;457.75
7273;Pureza;RN;Estadual;7;426.33;411.77;481.01;423.86;545.71;457.74
7274;Quatis;RJ;Municipal;2;451.55;440.8;405.3;421.05;570.0;457.74
7275;Mucajaí;RR;Estadual;9;415.23;439.06;432.93;436.81;564.44;457.7
7276;Divisa Alegre;MG;Municipal;1;477.0;492.7;417.8;440.9;460.0;457.68
7277;Santa Izabel do Pará;PA;Municipal;4;455.55;424.95;451.28;436.45;520.0;457.65
7278;Paraná;RN;Estadual;8;445.39;456.24;440.9;448.22;497.5;457.65
7279;Pedra Branca;PB;Estadual;7;423.73;447.86;454.66;418.79;542.86;457.58
7280;Britânia;GO;Estadual;5;433.74;464.82;449.6;451.68;488.0;457.57
7281;Joca Marques;PI;Estadual;4;410.28;439.5;418.35;399.48;620.0;457.52
7282;Mantena;MG;Municipal;1;442.9;508.3;428.7;427.5;480.0;457.48
7283;Vera Mendes;PI;Estadual;3;434.0;448.6;403.17;428.27;573.33;457.47
7284;Santa Cruz da Esperança;SP;Estadual;1;389.9;492.5;348.7;516.2;540.0;457.46
7285;Itaguaçu da Bahia;BA;Estadual;2;381.7;426.35;461.4;437.6;580.0;457.41
7286;São João do Paraíso;MA;Estadual;24;424.25;441.66;426.86;441.52;552.5;457.36
7287;Itaueira;PI;Estadual;10;435.83;417.1;448.66;451.11;534.0;457.34
7288;Balneário Rincão;SC;Estadual;2;419.8;389.75;435.55;421.5;620.0;457.32
7289;São João da Baliza;RR;Estadual;8;437.54;471.59;411.88;442.81;522.5;457.26
7290;Parnaguá;PI;Estadual;15;393.44;441.97;425.65;467.7;557.33;457.22
7291;Bom Jardim;MA;Estadual;23;446.13;453.17;425.32;450.09;511.3;457.2
7292;Mirinzal;MA;Estadual;30;434.23;450.01;420.49;457.73;523.33;457.16
7293;Itambacuri;MG;Estadual;13;452.79;424.9;424.94;506.15;476.92;457.14
7294;Capim;PB;Estadual;7;409.2;468.94;417.5;421.31;568.57;457.11
7295;Porto do Mangue;RN;Estadual;6;420.15;456.15;401.3;461.25;546.67;457.1
7296;Tuntum;MA;Estadual;18;424.97;446.23;438.81;465.42;510.0;457.08
7297;Aratuba;CE;Estadual;85;441.56;448.54;430.4;459.24;505.65;457.08
7298;Santiago do Sul;SC;Estadual;2;416.55;502.0;410.75;446.1;510.0;457.08
7299;Barra do Quaraí;RS;Estadual;9;463.82;452.84;431.49;448.08;488.89;457.02
7300;Angical;BA;Estadual;6;450.5;422.3;459.58;469.15;483.33;456.97
7301;Santa Maria das Barreiras;PA;Estadual;5;439.14;457.8;452.62;446.08;488.0;456.73
7302;Peri Mirim;MA;Estadual;13;442.7;445.1;426.21;469.54;500.0;456.71
7303;São José do Divino;MG;Estadual;2;416.0;399.3;423.7;514.55;530.0;456.71
7304;Corrente;PI;Estadual;59;425.91;439.74;435.04;444.86;537.97;456.7
7305;Capela;SE;Estadual;57;427.84;445.8;430.39;447.53;531.58;456.63
7306;Monte Negro;RO;Municipal;1;416.0;449.2;432.2;445.6;540.0;456.6
7307;Pedro Gomes;MS;Estadual;12;430.19;466.72;418.7;468.95;498.33;456.58
7308;Catuji;MG;Estadual;5;427.78;479.58;453.8;437.46;484.0;456.52
7309;Potiraguá;BA;Estadual;9;439.18;413.83;415.28;485.28;528.89;456.49
7310;Lagoa do Mato;MA;Estadual;14;420.46;432.89;450.46;429.94;548.57;456.46
7311;Itaguaí;RJ;Municipal;1;487.5;526.3;403.8;424.6;440.0;456.44
7312;Novo Barreiro;RS;Estadual;5;388.0;418.1;450.18;437.38;588.0;456.33
7313;Prudentópolis;PR;Municipal;1;379.3;499.3;417.5;465.4;520.0;456.3
7314;São Raimundo das Mangabeiras;MA;Estadual;24;437.48;437.83;417.63;455.75;532.5;456.24
7315;Doverlândia;GO;Estadual;16;426.92;464.36;440.54;481.75;467.5;456.22
7316;Caseara;TO;Estadual;5;451.06;438.02;424.38;491.32;476.0;456.16
7317;São Roberto;MA;Estadual;11;422.27;459.12;447.02;439.5;512.73;456.13
7318;Conceição da Feira;BA;Estadual;20;429.36;454.16;447.04;450.05;500.0;456.12
7319;Arinos;MG;Estadual;22;436.7;464.77;434.91;446.92;497.27;456.12
7320;Bujaru;PA;Municipal;3;435.0;454.97;439.53;430.87;520.0;456.07
7321;Riachão;MA;Estadual;26;441.74;455.18;419.78;447.43;516.15;456.06
7322;Riachão das Neves;BA;Estadual;15;450.39;440.99;441.36;443.32;504.0;456.01
7323;Recreio;MG;Estadual;3;442.6;420.5;405.07;471.8;540.0;455.99
7324;Campo Novo de Rondônia;RO;Estadual;13;421.26;426.45;412.22;468.84;550.77;455.91
7325;Uirapuru;GO;Estadual;5;494.72;418.4;408.54;529.78;428.0;455.89
7326;José Gonçalves de Minas;MG;Estadual;5;437.16;438.2;406.8;481.02;516.0;455.84
7327;Alto Alegre;RR;Estadual;14;474.44;481.52;420.52;428.43;474.29;455.84
7328;Careiro;AM;Estadual;53;436.94;446.99;436.79;451.26;507.17;455.83
7329;Juramento;MG;Estadual;4;449.62;440.12;426.02;433.3;530.0;455.82
7330;Ipeúna;SP;Estadual;7;459.71;444.06;425.01;473.14;477.14;455.81
7331;Monte do Carmo;TO;Estadual;8;452.75;467.0;419.02;437.7;502.5;455.8
7332;Piraju;SP;Municipal;1;555.4;524.9;493.7;425.0;280.0;455.8
7333;Almas;TO;Estadual;11;415.95;447.8;445.41;451.45;518.18;455.76
7334;Rosário do Ivaí;PR;Municipal;1;507.7;478.8;414.5;457.7;420.0;455.74
7335;Urupema;SC;Estadual;3;373.07;426.73;415.47;456.47;606.67;455.68
7336;Santana do Araguaia;PA;Municipal;10;410.03;432.72;421.07;450.53;564.0;455.67
7337;Buriticupu;MA;Estadual;48;426.23;443.9;428.02;459.53;520.42;455.62
7338;Arantina;MG;Estadual;7;397.74;426.64;433.99;471.09;548.57;455.61
7339;Gurupi;TO;Municipal;1;338.4;429.8;453.5;416.1;640.0;455.56
7340;Quatipuru;PA;Estadual;5;429.46;450.46;405.34;436.56;556.0;455.56
7341;Lucena;PB;Estadual;22;417.05;452.33;418.41;460.8;529.09;455.53
7342;Vila Nova dos Martírios;MA;Estadual;5;454.9;459.08;439.96;447.72;476.0;455.53
7343;Capim Branco;MG;Estadual;7;431.49;457.26;432.23;439.46;517.14;455.51
7344;Presidente Médici;MA;Estadual;10;434.37;423.34;424.02;459.76;536.0;455.5
7345;Adrianópolis;PR;Estadual;4;436.1;456.4;414.2;470.02;500.0;455.34
7346;Brejinho;RN;Estadual;14;430.83;438.29;415.51;454.74;537.14;455.3
7347;Marajá do Sena;MA;Estadual;2;411.95;394.7;395.8;444.05;630.0;455.3
7348;Matrinchã;GO;Estadual;13;431.45;415.66;444.05;457.42;527.69;455.25
7349;Rosário;MA;Estadual;63;434.42;450.17;435.22;445.52;510.79;455.23
7350;Bacuri;MA;Estadual;40;422.31;432.77;426.59;450.94;543.5;455.22
7351;Jitaúna;BA;Estadual;21;429.92;429.39;417.47;448.66;550.48;455.18
7352;Careiro da Várzea;AM;Estadual;88;430.59;449.42;428.67;447.93;519.32;455.18
7353;Landri Sales;PI;Estadual;3;428.0;459.4;467.9;413.3;506.67;455.05
7354;Sapeaçu;BA;Estadual;40;426.98;445.66;431.09;449.92;521.0;454.93
7355;Sandolândia;TO;Estadual;8;431.46;438.55;422.48;467.09;515.0;454.92
7356;Canutama;AM;Estadual;33;431.07;444.5;432.27;459.31;507.27;454.88
7357;Orós;CE;Estadual;101;442.32;440.33;432.84;451.92;506.73;454.83
7358;Rosário Oeste;MT;Estadual;20;441.57;445.22;424.42;460.92;502.0;454.82
7359;Tapauá;AM;Estadual;17;411.46;433.15;417.87;445.75;565.88;454.82
7360;Francisco Ayres;PI;Estadual;5;411.82;389.72;422.26;449.8;600.0;454.72
7361;Lagoa do Piauí;PI;Estadual;4;457.15;449.85;439.35;447.2;480.0;454.71
7362;Cristalândia do Piauí;PI;Estadual;7;460.93;458.6;406.44;441.83;505.71;454.7
7363;Olho d'Água do Casado;AL;Estadual;3;438.8;477.67;460.6;443.03;453.33;454.69
7364;Santa Quitéria do Maranhão;MA;Estadual;26;435.02;440.28;441.55;453.33;503.08;454.65
7365;Joaquim Pires;PI;Estadual;18;438.74;442.68;430.13;437.21;524.44;454.64
7366;Paripueira;AL;Estadual;17;412.64;438.07;420.16;471.69;530.59;454.63
7367;Lagoa dos Patos;MG;Estadual;4;458.25;453.12;429.82;416.9;515.0;454.62
7368;Babaçulândia;TO;Estadual;9;417.48;430.03;453.52;460.53;511.11;454.54
7369;Porto Walter;AC;Estadual;15;438.37;441.71;421.15;446.05;525.33;454.53
7370;Formosa do Rio Preto;BA;Estadual;41;428.24;452.94;433.98;455.94;501.46;454.51
7371;São João do Carú;MA;Estadual;8;447.84;435.15;424.7;422.31;542.5;454.5
7372;Barra de Santo Antônio;AL;Estadual;12;431.96;444.88;408.43;472.11;515.0;454.48
7373;Marechal Deodoro;AL;Estadual;38;444.63;453.7;421.34;450.45;502.11;454.44
7374;Nhamundá;AM;Estadual;105;428.22;453.28;431.58;450.6;508.38;454.41
7375;Maracajá;SC;Estadual;13;448.37;449.57;445.39;460.79;467.69;454.36
7376;Tabatinga;AM;Estadual;126;434.15;450.51;431.77;452.46;502.86;454.35
7377;Areal;RJ;Estadual;5;406.06;461.4;419.92;444.12;540.0;454.3
7378;Monções;SP;Estadual;3;468.5;420.1;427.0;428.9;526.67;454.23
7379;Maçambará;RS;Municipal;3;444.17;438.3;399.3;489.27;500.0;454.21
7380;Morro Grande;SC;Estadual;8;420.12;446.09;455.82;448.98;500.0;454.2
7381;Ribeira do Pombal;BA;Municipal;1;481.5;427.3;396.8;425.2;540.0;454.16
7382;Graça;CE;Estadual;33;446.16;444.08;431.27;465.43;483.64;454.12
7383;Araguanã;TO;Estadual;15;428.5;435.09;425.25;444.35;537.33;454.11
7384;Uarini;AM;Estadual;10;430.22;462.52;412.32;441.45;524.0;454.1
7385;Ferreira Gomes;AP;Estadual;5;412.48;474.7;442.9;412.36;528.0;454.09
7386;Colônia do Piauí;PI;Estadual;8;438.02;455.66;437.3;441.78;497.5;454.05
7387;Rio Grande do Piauí;PI;Estadual;16;425.16;425.92;430.22;447.68;541.25;454.05
7388;Presidente Jânio Quadros;BA;Estadual;15;411.83;447.99;446.93;466.08;497.33;454.03
7389;Ipueiras;TO;Estadual;5;425.04;433.38;425.68;461.98;524.0;454.02
7390;São Paulo de Olivença;AM;Estadual;119;436.36;452.59;431.84;444.45;504.2;453.89
7391;Ponte Preta;RS;Estadual;1;400.4;361.3;396.5;491.1;620.0;453.86
7392;São José do Xingu;MT;Estadual;4;416.55;438.18;448.22;421.35;545.0;453.86
7393;Cravolândia;BA;Estadual;2;400.75;392.85;409.3;456.2;610.0;453.82
7394;Piracanjuba;GO;Municipal;2;360.65;414.15;402.6;431.45;660.0;453.77
7395;Contendas do Sincorá;BA;Estadual;6;453.22;424.45;439.43;478.25;473.33;453.74
7396;Pitangueiras;PR;Estadual;3;442.23;482.67;404.27;459.5;480.0;453.73
7397;Viadutos;RS;Estadual;10;428.94;444.31;439.58;465.81;490.0;453.73
7398;Santa Mariana;PR;Municipal;1;439.8;453.3;400.4;495.1;480.0;453.72
7399;Humaitá;AM;Estadual;138;437.05;449.83;435.73;446.84;499.13;453.72
7400;Cambará;PR;Municipal;2;444.2;466.75;402.75;464.75;490.0;453.69
7401;Benedito Leite;MA;Estadual;13;433.08;402.63;413.85;478.28;540.0;453.57
7402;Pau Brasil;BA;Estadual;7;444.31;434.63;434.46;431.53;522.86;453.56
7403;General Carneiro;MT;Estadual;4;456.32;462.08;436.6;432.3;480.0;453.46
7404;Rio Preto da Eva;AM;Estadual;63;423.4;443.48;432.27;453.43;514.6;453.44
7405;Afuá;PA;Municipal;2;383.9;427.4;403.55;472.2;580.0;453.41
7406;Guarulhos;SP;Municipal;1;425.2;396.2;416.1;469.5;560.0;453.4
7407;Salinas da Margarida;BA;Estadual;25;435.76;455.9;447.87;436.98;490.4;453.38
7408;Desterro;PB;Estadual;31;422.21;432.7;422.49;451.68;537.42;453.3
7409;Murici dos Portelas;PI;Estadual;17;414.76;450.04;419.68;445.34;536.47;453.26
7410;Bom Jesus;PI;Estadual;70;422.04;433.69;424.9;449.63;536.0;453.25
7411;Potiretama;CE;Estadual;30;446.12;440.52;411.79;460.87;506.67;453.19
7412;Paracuru;CE;Privada;3;461.4;434.63;454.03;435.83;480.0;453.18
7413;São José de Princesa;PB;Estadual;4;417.08;430.45;410.42;457.7;550.0;453.13
7414;Paquetá;PI;Estadual;6;412.42;414.5;457.27;444.6;536.67;453.09
7415;Antonina do Norte;CE;Estadual;34;444.51;452.34;422.12;459.92;486.47;453.07
7416;Nova Ipixuna;PA;Estadual;4;419.15;384.42;414.55;477.2;570.0;453.06
7417;Icatu;MA;Estadual;22;432.12;448.27;438.59;442.56;503.64;453.04
7418;Turvelândia;GO;Estadual;12;430.08;468.49;427.42;464.17;475.0;453.03
7419;Chupinguaia;RO;Estadual;5;415.08;442.0;449.3;434.78;524.0;453.03
7420;Lagoa do Sítio;PI;Estadual;7;436.91;441.39;414.19;452.5;520.0;453.0
7421;Santa Fé do Araguaia;TO;Estadual;16;423.36;444.63;412.21;475.99;508.75;452.99
7422;Sítio do Mato;BA;Estadual;2;414.75;478.05;431.8;479.85;460.0;452.89
7423;Turiaçu;MA;Estadual;30;434.47;443.05;422.26;428.37;536.0;452.83
7424;Barreirinha;AM;Municipal;1;312.8;401.5;477.6;492.2;580.0;452.82
7425;Tremembé;SP;Municipal;2;475.5;417.85;427.6;483.0;460.0;452.79
7426;Porto;PI;Estadual;14;419.44;446.04;441.22;432.69;524.29;452.74
7427;Inhangapi;PA;Estadual;12;422.97;443.45;418.78;476.77;501.67;452.73
7428;Baía da Traição;PB;Estadual;16;419.05;446.32;440.19;440.55;517.5;452.72
7429;Cruzeiro do Sul;PR;Estadual;7;453.4;451.2;454.43;441.67;462.86;452.71
7430;Serra do Ramalho;BA;Estadual;8;423.5;416.99;436.48;448.86;537.5;452.66
7431;Matina;BA;Estadual;22;427.14;450.84;445.17;460.07;480.0;452.64
7432;Olivença;AL;Estadual;15;417.66;426.74;417.79;469.03;532.0;452.64
7433;Espírito Santo do Turvo;SP;Estadual;2;459.1;496.05;401.3;396.75;510.0;452.64
7434;São João do Soter;MA;Estadual;12;403.57;448.59;442.8;423.19;545.0;452.63
7435;Canudos;BA;Estadual;17;416.28;441.52;418.64;453.78;532.94;452.63
7436;Davinópolis;GO;Estadual;4;414.9;448.1;416.02;454.08;530.0;452.62
7437;Bossoroca;RS;Municipal;3;427.17;422.37;451.3;481.83;480.0;452.53
7438;Laranjal do Jari;AP;Estadual;33;432.83;435.9;429.31;444.42;520.0;452.49
7439;Novo Santo Antônio;MT;Estadual;2;454.6;464.4;443.35;470.0;430.0;452.47
7440;Jaú do Tocantins;TO;Estadual;7;401.67;425.59;409.44;491.1;534.29;452.42
7441;Alto Horizonte;GO;Estadual;22;436.9;432.01;433.58;465.7;493.64;452.37
7442;Igarapé do Meio;MA;Estadual;7;437.56;448.44;433.94;415.84;525.71;452.3
7443;Charrua;RS;Estadual;1;355.1;457.6;440.0;528.8;480.0;452.3
7444;Malhada;BA;Estadual;9;443.8;416.74;429.5;460.26;511.11;452.28
7445;Simplício Mendes;PI;Estadual;20;428.24;431.12;446.11;453.86;502.0;452.27
7446;Vista Gaúcha;RS;Estadual;3;433.5;452.9;443.23;431.03;500.0;452.13
7447;Caxias;MA;Municipal;1;390.3;434.4;423.3;472.6;540.0;452.12
7448;Caiuá;SP;Estadual;8;433.61;464.85;429.26;442.59;490.0;452.06
7449;Peixe;TO;Estadual;20;432.54;437.58;430.9;448.24;511.0;452.05
7450;Guaramiranga;CE;Estadual;19;435.21;452.98;426.95;451.31;493.68;452.03
7451;Queimadas;BA;Municipal;1;415.3;416.6;424.0;424.2;580.0;452.02
7452;Muritiba;BA;Municipal;1;422.4;479.7;430.6;387.2;540.0;451.98
7453;Autazes;AM;Municipal;1;395.1;394.1;436.5;533.8;500.0;451.9
7454;Cujubim;RO;Municipal;1;395.1;453.5;475.7;415.2;520.0;451.9
7455;Planalto;SP;Estadual;5;414.14;423.7;412.62;476.96;532.0;451.88
7456;Ponte Alta do Tocantins;TO;Estadual;16;421.73;454.1;422.78;441.55;518.75;451.78
7457;Abaetetuba;PA;Municipal;21;427.05;444.17;436.61;423.88;526.67;451.67
7458;Senador Elói de Souza;RN;Estadual;1;449.7;416.0;451.8;420.4;520.0;451.58
7459;Messias;AL;Estadual;22;431.02;442.77;424.1;467.13;492.73;451.55
7460;João Costa;PI;Estadual;4;421.8;447.62;432.55;455.6;500.0;451.52
7461;Morrinhos;CE;Estadual;131;442.82;443.36;422.85;461.47;486.87;451.48
7462;Miravânia;MG;Estadual;2;462.65;479.4;433.75;481.25;400.0;451.41
7463;Elesbão Veloso;PI;Estadual;44;419.68;442.17;419.51;438.2;537.27;451.36
7464;Queimada Nova;PI;Estadual;2;409.15;438.85;388.5;450.0;570.0;451.3
7465;Gongogi;BA;Estadual;8;443.28;438.8;413.99;460.41;500.0;451.29
7466;Lagoa Grande do Maranhão;MA;Estadual;3;415.3;476.2;499.87;405.0;460.0;451.27
7467;Brasil Novo;PA;Municipal;1;355.2;499.3;369.8;512.0;520.0;451.26
7468;São Desidério;BA;Municipal;9;423.52;430.01;431.98;463.34;506.67;451.1
7469;Joca Claudino;PB;Estadual;10;423.39;428.59;412.91;456.18;534.0;451.01
7470;São Gabriel da Cachoeira;AM;Estadual;65;428.91;454.52;426.03;437.29;508.0;450.95
7471;Eirunepé;AM;Estadual;76;419.14;433.72;427.24;455.19;519.47;450.95
7472;Cachoeira dos Índios;PB;Estadual;17;407.63;456.68;417.25;450.78;522.35;450.94
7473;Catunda;CE;Estadual;36;445.86;429.04;421.39;456.98;501.11;450.88
7474;Mathias Lobato;MG;Estadual;2;441.5;451.95;465.2;425.45;470.0;450.82
7475;Coari;AM;Estadual;180;425.06;440.6;425.5;450.42;512.44;450.8
7476;Itamaraju;BA;Municipal;2;410.8;437.65;412.05;403.35;590.0;450.77
7477;Sucupira do Norte;MA;Estadual;9;431.59;425.31;434.37;446.88;515.56;450.74
7478;Santo Antônio de Posse;SP;Privada;1;441.7;488.0;531.0;412.8;380.0;450.7
7479;Itarumã;GO;Estadual;8;425.29;442.44;433.9;444.02;507.5;450.63
7480;Autazes;AM;Estadual;90;420.03;442.85;426.35;434.95;528.67;450.57
7481;Pedro do Rosário;MA;Estadual;11;441.01;440.27;424.13;429.0;518.18;450.52
7482;Campos Verdes;GO;Estadual;12;444.78;440.97;417.18;480.6;468.33;450.37
7483;Arapoema;TO;Estadual;19;436.58;437.03;432.17;479.58;466.32;450.33
7484;Simolândia;GO;Estadual;13;432.03;442.82;441.69;434.69;500.0;450.25
7485;Palmeirante;TO;Estadual;7;415.53;488.61;437.23;435.44;474.29;450.22
7486;Sucupira do Riachão;MA;Estadual;3;458.63;445.27;447.13;466.6;433.33;450.19
7487;Araguainha;MT;Estadual;3;438.03;491.4;454.8;386.23;480.0;450.09
7488;Tio Hugo;RS;Municipal;1;423.0;402.5;433.3;431.4;560.0;450.04
7489;Barro Alto;BA;Municipal;1;413.5;348.0;525.5;443.0;520.0;450.0
7490;Indiaroba;SE;Estadual;38;436.52;436.12;433.69;439.43;504.21;449.99
7491;Cuité de Mamanguape;PB;Estadual;6;430.97;419.17;414.53;428.42;556.67;449.95
7492;São José de Caiana;PB;Estadual;8;410.84;452.55;418.38;462.65;505.0;449.88
7493;Senhora do Porto;MG;Estadual;2;443.65;519.55;450.7;475.45;360.0;449.87
7494;Barra do Ouro;TO;Estadual;11;416.63;423.27;425.05;418.9;565.45;449.86
7495;Cedral;MA;Estadual;11;435.71;446.05;423.38;463.85;480.0;449.8
7496;Santa Luzia do Pará;PA;Municipal;19;425.16;434.36;419.63;431.95;537.89;449.8
7497;Ibiquera;BA;Estadual;3;417.13;457.87;442.5;438.13;493.33;449.79
7498;Capitão de Campos;PI;Estadual;11;436.01;413.74;422.1;455.04;521.82;449.74
7499;Seropédica;RJ;Municipal;2;456.45;467.9;372.85;501.25;450.0;449.69
7500;Urucará;AM;Estadual;47;417.93;457.44;419.46;429.24;524.26;449.66
7501;Boa Vista do Ramos;AM;Estadual;47;426.9;443.52;427.16;432.39;518.3;449.65
7502;São João do Rio do Peixe;PB;Municipal;3;430.3;427.67;462.27;447.87;480.0;449.62
7503;Guimarães;MA;Estadual;5;442.46;438.08;410.9;459.98;496.0;449.48
7504;Estrela de Alagoas;AL;Estadual;10;432.34;409.6;431.73;443.69;530.0;449.47
7505;São João da Varjota;PI;Estadual;1;458.3;385.5;407.5;476.0;520.0;449.46
7506;Barra;BA;Municipal;1;376.9;385.2;442.5;582.7;460.0;449.46
7507;Ribeiro Gonçalves;PI;Municipal;2;391.1;403.15;471.0;381.25;600.0;449.3
7508;Axixá do Tocantins;TO;Estadual;10;419.63;414.3;428.8;469.46;514.0;449.24
7509;Barreirinha;AM;Estadual;114;428.19;453.82;426.53;439.78;497.89;449.24
7510;Aragoiânia;GO;Estadual;8;426.94;449.6;436.62;450.48;482.5;449.23
7511;Central do Maranhão;MA;Estadual;11;438.85;453.13;425.98;437.24;490.91;449.22
7512;Tracuateua;PA;Estadual;32;405.22;435.89;431.66;450.08;523.12;449.2
7513;Porto Rico do Maranhão;MA;Estadual;8;410.72;405.34;429.55;442.62;557.5;449.15
7514;Eugênio de Castro;RS;Estadual;1;418.0;356.9;495.7;415.1;560.0;449.14
7515;Urucânia;MG;Estadual;6;401.07;477.08;409.93;437.6;520.0;449.14
7516;Jacaré dos Homens;AL;Estadual;4;428.22;474.88;451.8;480.75;410.0;449.13
7517;Tufilândia;MA;Estadual;5;431.84;468.06;441.96;407.42;496.0;449.06
7518;General Sampaio;CE;Estadual;44;433.81;455.78;429.42;453.96;472.27;449.05
7519;Lunardelli;PR;Estadual;4;466.7;449.98;471.12;486.92;370.0;448.95
7520;Buritirama;BA;Estadual;15;421.67;429.84;425.35;466.11;501.33;448.86
7521;Iranduba;AM;Estadual;127;425.06;449.7;423.79;453.25;492.44;448.85
7522;Claraval;MG;Estadual;1;390.0;486.0;454.2;393.9;520.0;448.82
7523;Santana dos Garrotes;PB;Estadual;13;414.58;433.88;428.5;457.58;509.23;448.76
7524;Conceição do Tocantins;TO;Estadual;2;408.2;388.6;441.15;445.8;560.0;448.75
7525;Campinaçu;GO;Estadual;13;442.58;417.85;426.21;440.13;516.92;448.74
7526;Anamã;AM;Estadual;52;429.62;440.99;424.88;455.9;492.31;448.74
7527;Corumbataí do Sul;PR;Estadual;2;405.0;440.2;439.95;428.15;530.0;448.66
7528;Taperoá;BA;Estadual;17;421.06;420.49;443.61;432.05;525.88;448.62
7529;Santo Antônio da Barra;GO;Estadual;9;434.92;430.39;427.14;426.04;524.44;448.59
7530;Rio Quente;GO;Estadual;16;446.1;446.07;433.22;447.41;470.0;448.56
7531;Imbaú;PR;Estadual;3;447.53;432.73;407.17;468.47;486.67;448.51
7532;Bonfim do Piauí;PI;Estadual;2;398.2;392.75;445.35;426.05;580.0;448.47
7533;Presidente Dutra;BA;Municipal;1;485.5;425.0;426.4;525.1;380.0;448.4
7534;Riachuelo;RN;Estadual;3;429.8;442.93;424.83;430.93;513.33;448.37
7535;Quartel Geral;MG;Estadual;4;422.45;460.82;416.88;446.22;495.0;448.28
7536;Breves;PA;Privada;1;370.8;390.7;375.9;384.0;720.0;448.28
7537;Maués;AM;Estadual;77;421.08;455.59;425.47;438.18;501.04;448.27
7538;Marabá Paulista;SP;Estadual;2;461.2;417.2;407.9;474.85;480.0;448.23
7539;Chã Preta;AL;Estadual;7;428.73;438.19;406.9;430.13;537.14;448.22
7540;Santa Cruz Cabrália;BA;Estadual;17;442.87;436.59;414.27;442.67;504.71;448.22
7541;Sapucaí-Mirim;MG;Estadual;6;430.17;441.18;434.22;465.48;470.0;448.21
7542;Inimutaba;MG;Estadual;1;444.8;413.1;422.4;379.9;580.0;448.04
7543;Serra Grande;PB;Estadual;2;467.35;391.9;449.0;401.6;530.0;447.97
7544;Conceição do Coité;BA;Municipal;1;427.8;423.5;431.1;437.0;520.0;447.88
7545;Jaupaci;GO;Estadual;3;420.4;387.6;472.0;432.7;526.67;447.87
7546;Bujari;AC;Estadual;10;427.92;440.72;425.91;458.66;486.0;447.84
7547;Vila Boa;GO;Estadual;10;427.97;452.6;432.57;449.89;476.0;447.81
7548;Tupiratins;TO;Estadual;3;458.4;447.17;414.23;452.37;466.67;447.77
7549;Natividade;TO;Estadual;7;441.67;405.96;417.1;439.77;534.29;447.76
7550;São José do Campestre;RN;Estadual;7;426.96;432.21;390.93;431.34;557.14;447.72
7551;Guarinos;GO;Estadual;8;450.09;413.3;408.48;466.65;500.0;447.7
7552;Nazário;GO;Estadual;6;420.35;437.0;439.68;441.43;500.0;447.69
7553;Ibaretama;CE;Estadual;88;433.87;446.59;431.04;445.39;481.36;447.65
7554;Capão do Cipó;RS;Estadual;3;462.9;393.77;433.8;494.17;453.33;447.59
7555;Caapiranga;AM;Estadual;21;431.71;437.24;428.49;472.82;467.62;447.58
7556;Patis;MG;Estadual;3;416.23;446.23;452.3;476.47;446.67;447.58
7557;Santa Isabel do Rio Negro;AM;Estadual;37;433.47;456.58;428.63;424.59;494.59;447.57
7558;Araucária;PR;Municipal;2;470.05;406.65;382.05;469.0;510.0;447.55
7559;Tibau;RN;Estadual;5;431.74;444.12;431.28;474.32;456.0;447.49
7560;Jangada;MT;Estadual;13;404.85;443.53;423.04;448.72;516.92;447.41
7561;Pitimbu;PB;Estadual;12;416.48;421.91;428.82;458.11;511.67;447.4
7562;Amambai;MS;Municipal;3;451.17;402.43;484.2;465.83;433.33;447.39
7563;Nova Cantu;PR;Estadual;14;400.57;438.38;441.21;463.48;492.86;447.3
7564;Pedro Alexandre;BA;Estadual;17;415.95;455.65;426.34;446.28;491.76;447.2
7565;Sítio Novo;RN;Estadual;2;428.65;456.45;397.25;503.4;450.0;447.15
7566;Aurora do Tocantins;TO;Estadual;9;427.56;440.7;425.87;432.38;508.89;447.08
7567;Itagimirim;BA;Estadual;2;445.85;443.9;399.35;426.1;520.0;447.04
7568;Coronel Domingos Soares;PR;Estadual;8;432.55;431.3;430.39;434.9;505.0;446.83
7569;Manoel Vitorino;BA;Estadual;9;419.41;433.8;413.04;481.2;486.67;446.82
7570;Silveiras;SP;Estadual;2;442.0;421.95;459.1;440.65;470.0;446.74
7571;Dirceu Arcoverde;PI;Estadual;19;422.34;448.94;426.85;449.75;485.26;446.63
7572;São Valério;TO;Estadual;6;420.5;425.93;437.08;432.65;516.67;446.57
7573;Borba;AM;Estadual;58;423.54;438.27;412.85;447.45;510.69;446.56
7574;Feira Nova;SE;Estadual;3;427.67;407.97;410.03;466.67;520.0;446.47
7575;Maiquinique;BA;Estadual;8;427.96;434.62;416.64;432.89;520.0;446.42
7576;Petrolina de Goiás;GO;Estadual;3;444.37;444.43;435.8;440.63;466.67;446.38
7577;Goianésia do Pará;PA;Privada;1;413.3;364.5;548.1;465.9;440.0;446.36
7578;Itaberaí;GO;Municipal;1;380.1;506.6;468.5;376.6;500.0;446.36
7579;Edealina;GO;Estadual;2;413.1;387.35;454.15;456.7;520.0;446.26
7580;Cachoeira;BA;Estadual;43;428.05;447.37;429.86;449.97;475.81;446.21
7581;Tabatinga;AM;Municipal;1;421.6;515.3;419.7;433.9;440.0;446.1
7582;Ariranha do Ivaí;PR;Estadual;1;464.5;485.7;433.5;406.7;440.0;446.08
7583;Alfenas;MG;Municipal;2;444.55;396.15;374.75;464.2;550.0;445.93
7584;Goiatuba;GO;Municipal;3;359.13;404.33;415.43;457.4;593.33;445.93
7585;Canabrava do Norte;MT;Estadual;4;449.22;443.4;396.9;424.78;515.0;445.86
7586;Itaporã do Tocantins;TO;Estadual;13;412.92;428.28;393.68;477.45;516.92;445.85
7587;Taguatinga;TO;Estadual;15;419.72;445.87;436.17;453.79;473.33;445.78
7588;Capão Bonito do Sul;RS;Estadual;1;336.5;523.0;411.0;397.7;560.0;445.64
7589;Sigefredo Pacheco;PI;Estadual;9;443.19;458.31;404.63;454.76;466.67;445.51
7590;Barra de Santa Rosa;PB;Estadual;3;433.7;387.7;390.77;455.33;560.0;445.5
7591;Duque Bacelar;MA;Estadual;9;430.28;443.62;423.06;430.33;500.0;445.46
7592;Riacho dos Machados;MG;Estadual;10;458.56;440.84;440.07;439.74;448.0;445.44
7593;Santo Antônio do Içá;AM;Estadual;71;423.1;440.44;420.84;440.44;502.25;445.41
7594;Junco do Maranhão;MA;Estadual;2;438.3;450.75;456.6;441.35;440.0;445.4
7595;Manaquiri;AM;Estadual;45;419.85;439.69;430.42;452.73;484.0;445.34
7596;Riachão do Bacamarte;PB;Estadual;6;414.08;461.42;444.52;439.98;466.67;445.33
7597;Boa Esperança do Iguaçu;PR;Estadual;2;414.5;406.55;402.2;513.25;490.0;445.3
7598;Santo Antônio do Caiuá;PR;Estadual;4;417.92;411.1;476.4;435.85;485.0;445.26
7599;Barra do Guarita;RS;Estadual;4;392.9;425.6;434.32;443.32;530.0;445.23
7600;Maranhãozinho;MA;Estadual;13;413.65;424.65;410.47;450.91;526.15;445.17
7601;Novo Acordo;TO;Estadual;7;443.91;408.51;411.7;455.71;505.71;445.11
7602;Serra Caiada;RN;Estadual;4;390.3;426.55;407.08;461.5;540.0;445.08
7603;Salitre;CE;Estadual;62;430.21;441.43;434.44;443.38;475.81;445.06
7604;Alto Paraguai;MT;Estadual;8;404.64;425.42;431.04;456.51;507.5;445.02
7605;Castanhal;PA;Municipal;6;432.13;452.27;422.82;414.32;503.33;444.97
7606;Magalhães Barata;PA;Estadual;16;406.5;446.39;422.42;440.73;508.75;444.96
7607;Peruíbe;SP;Municipal;1;462.5;414.5;423.2;463.9;460.0;444.82
7608;Tururu;CE;Estadual;101;429.01;438.4;422.78;446.52;487.13;444.77
7609;Itaeté;BA;Estadual;3;403.9;413.87;394.13;505.13;506.67;444.74
7610;Satubinha;MA;Estadual;11;410.01;432.67;425.65;456.91;498.18;444.68
7611;São Brás;AL;Estadual;4;458.75;459.88;431.48;381.98;490.0;444.42
7612;Lavrinhas;SP;Estadual;7;421.37;419.49;422.57;455.76;502.86;444.41
7613;Goiânia;GO;Municipal;4;463.12;475.28;435.75;472.62;375.0;444.36
7614;São Luís do Curu;CE;Estadual;50;436.76;440.15;429.86;440.96;474.0;444.35
7615;Porto de Moz;PA;Municipal;5;466.38;411.6;436.86;434.7;472.0;444.31
7616;Cachoeira do Piriá;PA;Estadual;9;418.87;431.71;444.62;430.71;495.56;444.29
7617;Morro Cabeça no Tempo;PI;Estadual;1;423.9;373.8;452.3;431.1;540.0;444.22
7618;Amapá;AP;Estadual;11;415.05;466.05;406.72;442.25;490.91;444.2
7619;Porteirão;GO;Estadual;11;441.37;399.83;419.82;463.56;496.36;444.19
7620;Brazabrantes;GO;Estadual;10;438.82;437.95;421.52;428.34;494.0;444.13
7621;Taipas do Tocantins;TO;Estadual;5;412.24;435.04;424.7;404.5;544.0;444.1
7622;Eliseu Martins;PI;Estadual;10;417.24;437.58;423.24;450.27;492.0;444.07
7623;Queluz;SP;Estadual;4;416.6;424.22;409.22;494.67;475.0;443.94
7624;Capitão de Campos;PI;Municipal;1;363.9;419.0;426.8;429.9;580.0;443.92
7625;Rio Verde de Mato Grosso;MS;Municipal;1;399.2;363.7;447.1;529.3;480.0;443.86
7626;Nova Lacerda;MT;Estadual;20;409.74;434.72;438.69;461.94;474.0;443.82
7627;Sítio d'Abadia;GO;Estadual;7;453.3;448.63;408.4;474.27;434.29;443.78
7628;Aroeiras do Itaim;PI;Estadual;5;403.3;377.32;422.18;467.94;548.0;443.75
7629;Maraú;BA;Estadual;11;439.65;433.38;415.29;433.62;496.36;443.66
7630;Mira Estrela;SP;Estadual;2;454.85;439.8;432.1;440.7;450.0;443.49
7631;Flores do Piauí;PI;Estadual;7;419.74;448.29;409.69;436.39;502.86;443.39
7632;Lábrea;AM;Estadual;36;424.18;451.82;427.84;447.92;465.0;443.35
7633;Serra Nova Dourada;MT;Estadual;1;442.1;382.5;418.2;373.9;600.0;443.34
7634;Tupirama;TO;Estadual;3;390.47;491.33;424.0;430.6;480.0;443.28
7635;Juruti;PA;Municipal;7;407.19;452.4;418.53;424.0;514.29;443.28
7636;Lajedão;BA;Estadual;16;439.22;447.92;428.45;414.41;486.25;443.25
7637;Piraí do Norte;BA;Estadual;5;406.28;417.36;417.6;434.72;540.0;443.19
7638;Cocalinho;MT;Estadual;6;402.47;450.63;403.97;452.22;506.67;443.19
7639;Jundiaí;SP;Municipal;2;440.95;435.5;433.75;445.55;460.0;443.15
7640;Morpará;BA;Estadual;26;408.14;439.43;419.09;455.55;493.08;443.06
7641;Buritirana;MA;Estadual;9;404.01;432.2;420.41;418.09;540.0;442.94
7642;Alto Parnaíba;MA;Estadual;30;410.58;443.51;427.98;443.93;488.67;442.93
7643;Anhanguera;GO;Estadual;6;418.2;472.02;422.97;431.32;470.0;442.9
7644;Branquinha;AL;Estadual;8;444.08;409.99;416.0;444.2;500.0;442.85
7645;Iaciara;GO;Estadual;50;417.58;433.82;422.76;444.83;494.8;442.76
7646;Santarém;PA;Municipal;8;401.91;426.56;421.21;451.22;512.5;442.68
7647;Catolândia;BA;Estadual;7;415.06;461.44;425.13;473.83;437.14;442.52
7648;Barro Duro;PI;Estadual;2;412.1;473.65;434.4;422.45;470.0;442.52
7649;Bernardo Sayão;TO;Estadual;8;437.22;443.04;445.46;428.08;457.5;442.26
7650;Bonópolis;GO;Estadual;8;419.14;445.15;459.16;450.16;437.5;442.22
7651;Rubim;MG;Estadual;6;417.8;453.97;427.75;454.2;456.67;442.08
7652;São Salvador do Tocantins;TO;Estadual;7;420.53;417.44;433.63;432.29;505.71;441.92
7653;Japurá;AM;Estadual;35;429.29;438.03;416.49;452.48;473.14;441.89
7654;Maurilândia do Tocantins;TO;Estadual;22;420.92;456.19;424.65;434.79;472.73;441.85
7655;Volta Grande;MG;Estadual;4;406.02;445.78;447.22;434.92;475.0;441.79
7656;Quixaba;PB;Estadual;3;415.37;445.63;406.77;407.5;533.33;441.72
7657;Inhapi;AL;Estadual;12;419.58;434.46;422.72;489.9;441.67;441.66
7658;São Francisco do Brejão;MA;Estadual;3;420.07;474.63;405.63;453.93;453.33;441.52
7659;João Dourado;BA;Municipal;3;429.77;385.0;377.13;488.93;526.67;441.5
7660;Lagoa d'Anta;RN;Estadual;5;387.48;407.9;425.56;466.44;520.0;441.48
7661;Caridade do Piauí;PI;Estadual;4;406.88;423.72;446.62;414.92;515.0;441.43
7662;Mirim Doce;SC;Estadual;3;404.63;406.0;428.27;428.17;540.0;441.41
7663;Centro do Guilherme;MA;Estadual;4;405.3;422.5;417.92;471.22;490.0;441.39
7664;Hulha Negra;RS;Estadual;7;381.2;454.43;439.96;450.73;480.0;441.26
7665;Santa Cruz de Minas;MG;Estadual;2;392.85;437.85;382.5;442.65;550.0;441.17
7666;Ponte Alta do Bom Jesus;TO;Estadual;3;388.9;422.7;443.9;423.37;526.67;441.11
7667;Pinhal da Serra;RS;Estadual;2;466.15;413.75;456.9;428.55;440.0;441.07
7668;Amaturá;AM;Estadual;33;414.66;441.31;419.78;442.24;487.27;441.05
7669;Argirita;MG;Estadual;4;419.48;457.95;440.05;407.65;480.0;441.02
7670;Passo de Camaragibe;AL;Estadual;3;448.23;454.6;386.4;442.4;473.33;440.99
7671;Itacaré;BA;Municipal;1;423.8;478.0;428.3;454.4;420.0;440.9
7672;Boa Vista do Incra;RS;Estadual;3;425.0;409.83;448.97;413.87;506.67;440.87
7673;Pauini;AM;Estadual;45;420.61;436.41;425.24;434.91;487.11;440.86
7674;Anapu;PA;Privada;2;411.2;400.25;381.05;441.6;570.0;440.82
7675;São Manoel do Paraná;PR;Estadual;4;448.32;434.15;405.72;460.85;455.0;440.81
7676;Miraíma;CE;Estadual;110;426.02;440.11;435.09;445.81;456.55;440.71
7677;Jundiaí do Sul;PR;Estadual;7;414.5;426.33;426.87;461.39;474.29;440.67
7678;Engenheiro Paulo de Frontin;RJ;Municipal;3;409.63;441.03;412.33;459.6;480.0;440.52
7679;Crixás do Tocantins;TO;Estadual;1;386.7;466.9;398.4;390.0;560.0;440.4
7680;Cachoeira Grande;MA;Estadual;6;432.1;412.37;426.97;410.08;520.0;440.3
7681;Bacurituba;MA;Estadual;26;429.3;431.17;422.31;448.65;470.0;440.29
7682;Novo Lino;AL;Estadual;5;415.18;417.54;409.94;446.38;512.0;440.21
7683;Loreto;MA;Municipal;1;314.2;484.1;370.9;471.8;560.0;440.2
7684;Turvânia;GO;Estadual;16;421.07;422.64;421.65;446.41;488.75;440.1
7685;Rio Maria;PA;Municipal;1;388.2;422.0;406.3;463.8;520.0;440.06
7686;Brejo Grande;SE;Estadual;27;428.36;438.61;414.85;444.17;474.07;440.01
7687;Aracatu;BA;Estadual;12;424.61;438.85;409.89;448.28;478.33;439.99
7688;Teresina de Goiás;GO;Estadual;12;426.58;428.15;405.08;456.56;483.33;439.94
7689;Arauá;SE;Estadual;9;403.81;430.54;432.6;454.86;477.78;439.92
7690;Carrasco Bonito;TO;Estadual;3;394.87;413.5;366.33;471.53;553.33;439.91
7691;Luziânia;GO;Municipal;1;435.0;476.5;360.0;467.8;460.0;439.86
7692;Viradouro;SP;Estadual;5;412.9;444.6;437.86;463.88;440.0;439.85
7693;São Tomé;RN;Estadual;15;431.29;423.43;426.35;439.31;478.67;439.81
7694;Cacimbinhas;AL;Estadual;7;407.96;435.36;423.43;446.24;485.71;439.74
7695;Paranã;TO;Estadual;19;408.11;417.54;425.83;447.5;498.95;439.59
7696;Umirim;CE;Estadual;84;426.46;426.2;415.4;438.3;491.43;439.56
7697;Breu Branco;PA;Municipal;4;415.28;438.6;401.12;447.05;495.0;439.41
7698;Antônio Almeida;PI;Estadual;3;412.1;436.03;417.4;418.03;513.33;439.38
7699;Cristalina;GO;Municipal;1;389.4;480.8;467.2;399.0;460.0;439.28
7700;Brejinho de Nazaré;TO;Estadual;8;417.7;426.08;421.52;448.5;482.5;439.26
7701;Jurema;PI;Estadual;8;426.31;422.39;436.42;428.7;482.5;439.26
7702;Alvarães;AM;Estadual;65;411.87;430.8;417.16;439.34;496.31;439.1
7703;São Valério do Sul;RS;Estadual;2;427.55;402.15;398.25;487.05;480.0;439.0
7704;Campo Largo do Piauí;PI;Estadual;11;423.05;438.63;409.73;432.47;490.91;438.96
7705;Jatobá do Piauí;PI;Municipal;2;423.5;403.25;387.25;390.6;590.0;438.92
7706;Dom Inocêncio;PI;Municipal;1;423.5;417.3;347.2;424.7;580.0;438.54
7707;Terezinha;PE;Estadual;5;431.8;449.48;398.32;500.98;412.0;438.52
7708;Benjamin Constant;AM;Estadual;77;415.27;432.63;428.73;436.12;479.48;438.45
7709;Cândido Mota;SP;Municipal;1;482.1;465.9;355.8;466.8;420.0;438.12
7710;Condeúba;BA;Municipal;1;365.5;503.3;399.7;442.1;480.0;438.12
7711;Isaías Coelho;PI;Estadual;5;412.48;392.38;451.92;457.72;476.0;438.1
7712;Chaves;PA;Municipal;3;387.4;457.17;419.47;459.57;466.67;438.05
7713;Cosmorama;SP;Estadual;4;407.48;397.7;425.3;514.58;445.0;438.01
7714;Santa Inês;BA;Estadual;6;437.52;428.35;401.47;445.97;476.67;437.99
7715;Nossa Senhora dos Remédios;PI;Municipal;18;419.17;439.11;419.35;416.65;494.44;437.74
7716;Cavalcante;GO;Estadual;25;423.8;429.8;427.95;438.3;468.8;437.73
7717;São Braz do Piauí;PI;Estadual;9;412.14;399.01;423.0;429.4;524.44;437.6
7718;Morro do Pilar;MG;Estadual;4;455.55;451.35;415.5;434.3;430.0;437.34
7719;Conceição da Barra;ES;Municipal;1;317.4;375.8;398.6;454.5;640.0;437.26
7720;São Félix;BA;Estadual;22;408.69;425.02;434.13;428.2;490.0;437.21
7721;Montividiu do Norte;GO;Estadual;8;440.25;428.41;426.89;460.14;430.0;437.14
7722;Andaraí;BA;Estadual;7;418.2;434.2;429.83;448.86;454.29;437.07
7723;Jataí;GO;Municipal;4;419.98;418.4;415.05;471.05;460.0;436.9
7724;Afonso Cláudio;ES;Municipal;2;472.25;398.3;360.35;453.25;500.0;436.83
7725;Siderópolis;SC;Municipal;1;415.4;428.1;380.2;420.2;540.0;436.78
7726;Nova Olinda do Norte;AM;Estadual;97;406.78;436.66;418.95;436.15;485.15;436.74
7727;Aporé;GO;Estadual;7;428.59;450.19;416.4;439.86;448.57;436.72
7728;Calumbi;PE;Estadual;22;416.65;430.92;428.0;431.65;476.36;436.72
7729;Professor Jamil;GO;Estadual;3;390.77;407.37;460.33;418.37;506.67;436.7
7730;São Domingos do Araguaia;PA;Municipal;1;364.1;421.4;366.5;490.7;540.0;436.54
7731;Mata Verde;MG;Estadual;2;464.55;490.1;407.65;410.0;410.0;436.46
7732;São João da Fronteira;PI;Estadual;5;406.4;425.98;430.08;435.64;484.0;436.42
7733;Santo Antônio dos Milagres;PI;Municipal;1;463.7;470.9;424.2;422.3;400.0;436.22
7734;Riacho de Santana;BA;Municipal;1;437.6;448.6;407.7;406.4;480.0;436.06
7735;Marumbi;PR;Estadual;3;419.2;427.7;420.5;459.2;453.33;435.99
7736;Joaquim Gomes;AL;Municipal;1;426.0;492.1;503.6;417.1;340.0;435.76
7737;Atalaia do Norte;AM;Estadual;27;413.76;425.35;422.56;435.57;481.48;435.74
7738;Pajeú do Piauí;PI;Estadual;8;411.14;403.84;403.11;442.85;517.5;435.69
7739;Riachuelo;SE;Estadual;7;398.11;446.5;423.46;446.8;462.86;435.55
7740;Trombas;GO;Estadual;6;437.8;421.58;436.98;451.07;430.0;435.49
7741;São Sebastião do Uatumã;AM;Estadual;38;434.27;419.07;422.75;431.37;468.95;435.28
7742;São João do Pacuí;MG;Estadual;3;393.6;377.83;450.7;447.4;506.67;435.24
7743;Palmeirândia;MA;Estadual;9;411.01;432.03;393.43;444.11;495.56;435.23
7744;Altaneira;CE;Estadual;11;421.4;444.15;422.55;451.36;436.36;435.17
7745;Rubelita;MG;Estadual;6;438.98;447.58;439.62;429.62;420.0;435.16
7746;Teodoro Sampaio;BA;Estadual;1;369.0;435.9;436.6;433.4;500.0;434.98
7747;Jaborandi;SP;Estadual;2;415.9;402.6;375.85;420.3;560.0;434.93
7748;Zortéa;SC;Estadual;4;448.85;459.45;438.62;397.32;430.0;434.85
7749;Salgadinho;PB;Estadual;3;398.53;396.47;389.8;449.33;540.0;434.83
7750;Figueirópolis D'Oeste;MT;Estadual;2;434.15;413.75;441.3;454.85;430.0;434.81
7751;Maraã;AM;Estadual;36;413.98;437.45;423.54;437.41;461.11;434.7
7752;Vila Propício;GO;Estadual;18;423.62;413.28;432.06;460.82;443.33;434.62
7753;Frei Rogério;SC;Estadual;5;400.76;440.72;386.16;461.0;484.0;434.53
7754;Riacho Frio;PI;Estadual;11;386.03;446.02;418.31;425.94;496.36;434.53
7755;Bandeirante;SC;Estadual;1;418.6;446.7;452.2;415.1;440.0;434.52
7756;Rifaina;SP;Estadual;4;437.92;453.98;435.75;424.5;420.0;434.43
7757;Guarda-Mor;MG;Municipal;1;431.5;429.9;459.3;411.1;440.0;434.36
7758;Santa Rosa do Piauí;PI;Estadual;9;408.58;388.66;425.08;449.33;500.0;434.33
7759;Macururé;BA;Estadual;8;417.6;443.01;421.15;407.04;482.5;434.26
7760;São Bernardo;MA;Municipal;1;409.8;423.7;364.2;433.5;540.0;434.24
7761;Chiador;MG;Estadual;2;403.85;456.8;419.25;431.25;460.0;434.23
7762;Sabará;MG;Municipal;1;403.6;473.4;394.6;419.4;480.0;434.2
7763;Santa Cruz Cabrália;BA;Municipal;2;471.3;516.7;406.15;416.2;360.0;434.07
7764;Passo de Torres;SC;Municipal;2;407.15;462.9;414.55;495.5;390.0;434.02
7765;São João Batista;MA;Estadual;11;413.11;420.37;398.79;437.38;500.0;433.93
7766;Mazagão;AP;Privada;2;374.2;457.3;404.85;443.2;490.0;433.91
7767;Avelino Lopes;PI;Estadual;10;406.28;421.92;418.61;441.76;480.0;433.71
7768;Itamarati;AM;Estadual;40;394.14;418.92;439.65;432.56;483.0;433.65
7769;Cajazeiras do Piauí;PI;Estadual;4;376.08;398.75;454.62;413.52;525.0;433.6
7770;Felisburgo;MG;Estadual;3;421.1;397.4;426.33;482.33;440.0;433.43
7771;São Pedro do Suaçuí;MG;Estadual;5;420.96;433.44;426.74;433.64;452.0;433.36
7772;Santa Maria do Tocantins;TO;Estadual;8;416.99;436.02;412.78;453.49;447.5;433.36
7773;Planaltina do Paraná;PR;Estadual;2;392.55;347.5;456.0;490.55;480.0;433.32
7774;São Pedro da União;MG;Estadual;2;444.3;443.3;448.7;429.5;400.0;433.16
7775;Pacajá;PA;Privada;1;360.7;422.4;456.4;405.2;520.0;432.94
7776;Riacho da Cruz;RN;Estadual;6;427.53;407.02;400.17;456.52;473.33;432.91
7777;São José de Ribamar;MA;Municipal;1;329.3;419.2;361.8;453.7;600.0;432.8
7778;Brejo do Piauí;PI;Estadual;6;409.7;415.38;430.55;444.27;463.33;432.65
7779;Ibirapuã;BA;Estadual;4;399.85;429.68;458.78;414.88;460.0;432.64
7780;Santa Maria;RN;Estadual;3;441.7;406.17;383.93;424.63;506.67;432.62
7781;Lajedinho;BA;Estadual;2;450.75;422.7;428.4;460.8;400.0;432.53
7782;Alto Alegre;SP;Estadual;1;355.3;429.9;403.2;453.9;520.0;432.46
7783;Floresta do Araguaia;PA;Municipal;2;396.7;429.1;416.3;429.55;490.0;432.33
7784;Cumaru do Norte;PA;Estadual;3;390.4;436.7;423.93;450.37;460.0;432.28
7785;Nazaré do Piauí;PI;Estadual;6;393.92;431.3;431.67;444.25;460.0;432.23
7786;Curitiba;PR;Municipal;5;421.6;421.68;405.5;496.14;416.0;432.18
7787;Nova Iorque;MA;Estadual;8;414.64;416.72;431.1;413.08;485.0;432.11
7788;Itaúna do Sul;PR;Estadual;4;417.9;441.62;385.2;450.78;465.0;432.1
7789;Pedras Altas;RS;Estadual;2;375.05;405.1;406.55;482.7;490.0;431.88
7790;Lages;SC;Municipal;2;388.6;466.35;374.0;419.6;510.0;431.71
7791;Itamari;BA;Estadual;3;428.97;449.6;424.07;469.2;386.67;431.7
7792;Santa Fé de Minas;MG;Estadual;4;426.42;430.9;410.25;445.7;445.0;431.66
7793;Areia de Baraúnas;PB;Estadual;2;385.4;441.7;370.55;450.35;510.0;431.6
7794;Cururupu;MA;Municipal;1;425.8;386.2;403.5;422.5;520.0;431.6
7795;Veríssimo;MG;Estadual;1;416.6;405.4;450.1;425.5;460.0;431.52
7796;Jucuruçu;BA;Estadual;3;393.77;419.97;416.83;439.47;486.67;431.34
7797;Salto da Divisa;MG;Estadual;5;413.32;387.72;424.16;419.28;512.0;431.3
7798;Cacoal;RO;Municipal;1;461.1;394.1;398.8;462.0;440.0;431.2
7799;Currais;PI;Estadual;2;379.1;408.4;461.15;415.3;490.0;430.79
7800;Tefé;AM;Municipal;1;369.8;396.9;467.7;379.0;540.0;430.68
7801;Senador Cortes;MG;Estadual;2;447.45;453.15;405.2;446.8;400.0;430.52
7802;Nova Aurora;GO;Estadual;4;407.48;466.58;404.5;444.05;430.0;430.52
7803;Silves;AM;Estadual;46;401.43;415.08;415.77;454.56;465.65;430.5
7804;Ilha das Flores;SE;Estadual;6;410.1;410.57;399.03;428.92;503.33;430.39
7805;Almeirim;PA;Municipal;1;441.2;393.2;417.7;479.6;420.0;430.34
7806;Hugo Napoleão;PI;Estadual;6;435.82;410.67;385.95;455.53;463.33;430.26
7807;Morpará;BA;Municipal;2;411.55;452.4;417.0;399.55;470.0;430.1
7808;Marcação;PB;Estadual;8;424.19;429.28;431.06;422.48;442.5;429.9
7809;Lajedo do Tabocal;BA;Estadual;4;367.0;441.9;408.0;427.28;505.0;429.84
7810;Guaraciaba do Norte;CE;Municipal;1;343.4;436.1;395.4;494.1;480.0;429.8
7811;Capinzal;SC;Privada;1;442.7;359.6;440.7;485.9;420.0;429.78
7812;Santa Cruz do Escalvado;MG;Estadual;1;370.0;379.8;370.6;488.4;540.0;429.76
7813;Nobres;MT;Municipal;1;420.2;458.9;422.1;466.3;380.0;429.5
7814;Capetinga;MG;Estadual;1;396.9;396.6;421.2;412.6;520.0;429.46
7815;Valença;BA;Municipal;2;381.2;504.85;393.95;446.85;420.0;429.37
7816;Jussari;BA;Estadual;3;415.53;378.23;448.97;423.47;480.0;429.24
7817;Itajá;GO;Municipal;1;422.4;448.4;354.5;440.8;480.0;429.22
7818;Nipoã;SP;Municipal;1;437.1;377.9;441.9;468.3;420.0;429.04
7819;Dona Emma;SC;Estadual;8;423.79;428.34;412.06;435.8;445.0;429.0
7820;Teresina;PI;Municipal;5;363.0;436.2;415.16;413.84;516.0;428.84
7821;Centenário;TO;Estadual;7;412.83;413.09;376.8;477.8;462.86;428.67
7822;Morro Agudo de Goiás;GO;Estadual;9;396.38;436.1;406.28;417.83;486.67;428.65
7823;Limoeiro do Ajuru;PA;Municipal;3;378.67;455.93;417.13;443.57;446.67;428.39
7824;Brejo Santo;CE;Municipal;1;349.4;450.1;349.7;532.6;460.0;428.36
7825;Curral Velho;PB;Estadual;10;424.79;403.82;412.21;454.73;446.0;428.31
7826;Ribamar Fiquene;MA;Estadual;5;437.08;407.98;401.86;413.86;480.0;428.16
7827;Nova Floresta;PB;Estadual;1;422.9;398.5;390.3;408.8;520.0;428.1
7828;Cumari;GO;Estadual;4;428.08;424.2;393.5;449.48;445.0;428.05
7829;Tonantins;AM;Estadual;39;407.23;425.29;412.79;432.07;462.05;427.89
7830;Camaçari;BA;Municipal;2;407.4;462.25;398.65;440.85;430.0;427.83
7831;Santa Rita de Cássia;BA;Municipal;1;361.5;490.1;440.1;406.8;440.0;427.7
7832;Bom Jesus;PB;Estadual;1;434.2;368.0;353.0;402.4;580.0;427.52
7833;Resende;RJ;Municipal;2;506.45;399.8;468.25;393.05;370.0;427.51
7834;Equador;RN;Estadual;2;415.35;431.55;404.9;405.65;480.0;427.49
7835;Nova Olinda;TO;Estadual;13;403.32;421.35;419.89;448.14;444.62;427.46
7836;Barreiras do Piauí;PI;Estadual;6;373.97;442.53;402.57;454.72;463.33;427.42
7837;Anchieta;ES;Municipal;1;358.0;427.3;391.0;400.8;560.0;427.42
7838;Vitória;ES;Municipal;2;436.7;432.35;426.55;420.4;420.0;427.2
7839;Itaipava do Grajaú;MA;Municipal;1;371.3;402.2;416.8;462.8;480.0;426.62
7840;Ibirá;SP;Estadual;3;403.63;418.17;397.1;486.97;426.67;426.51
7841;Nova Iguaçu;RJ;Municipal;2;393.0;457.9;415.45;375.4;490.0;426.35
7842;Paracuru;CE;Municipal;1;395.6;479.6;463.9;372.0;420.0;426.22
7843;Jacobina;BA;Municipal;1;466.2;353.7;426.6;404.5;480.0;426.2
7844;Tocantínia;TO;Estadual;6;387.72;439.8;427.22;405.43;470.0;426.03
7845;Massaranduba;PB;Municipal;1;354.8;434.9;456.3;483.6;400.0;425.92
7846;Irajuba;BA;Estadual;7;415.37;415.89;409.34;420.4;468.57;425.91
7847;Jaguarão;RS;Municipal;2;466.3;383.5;406.3;423.05;450.0;425.83
7848;Monte do Carmo;TO;Municipal;1;362.4;425.1;485.6;415.4;440.0;425.7
7849;São Francisco;SE;Estadual;2;362.45;426.45;392.3;417.05;530.0;425.65
7850;Caatiba;BA;Estadual;1;471.4;409.0;386.7;400.7;460.0;425.56
7851;Iranduba;AM;Municipal;1;380.0;376.6;432.4;498.3;440.0;425.46
7852;Bujari;AC;Municipal;1;445.2;349.9;473.2;478.4;380.0;425.34
7853;São Sebastião do Oeste;MG;Municipal;1;400.2;377.8;439.4;428.4;480.0;425.16
7854;Iporanga;SP;Estadual;5;405.28;439.18;407.16;441.48;432.0;425.02
7855;Santa Inês;PR;Estadual;1;462.4;399.9;369.1;453.5;440.0;424.98
7856;Japi;RN;Estadual;4;395.35;404.4;445.02;443.85;435.0;424.72
7857;Buritinópolis;GO;Estadual;4;402.18;393.2;433.22;429.48;465.0;424.62
7858;Piraquê;TO;Estadual;5;387.36;425.12;411.04;455.5;444.0;424.6
7859;Bom Jesus do Tocantins;TO;Estadual;4;385.22;419.38;417.7;455.35;445.0;424.53
7860;Coivaras;PI;Estadual;6;400.13;398.63;388.65;454.7;480.0;424.42
7861;Barra do Choça;BA;Municipal;1;414.3;511.2;373.9;402.3;420.0;424.34
7862;São João da Ponta;PA;Municipal;2;354.85;463.5;414.1;439.25;450.0;424.34
7863;Parintins;AM;Municipal;15;372.38;442.47;432.91;436.96;436.0;424.15
7864;Álvaro de Carvalho;SP;Estadual;2;424.85;423.25;434.85;457.0;380.0;423.99
7865;São João do Arraial;PI;Estadual;10;401.24;420.53;441.03;437.07;420.0;423.97
7866;Serrita;PE;Municipal;1;376.9;452.4;425.7;484.2;380.0;423.84
7867;Peçanha;MG;Estadual;5;397.1;401.66;381.46;453.92;484.0;423.63
7868;Pilar de Goiás;GO;Estadual;4;377.8;398.1;453.65;407.92;480.0;423.5
7869;Santa Rosa do Purus;AC;Estadual;2;375.3;376.4;429.95;424.45;510.0;423.22
7870;Ilhéus;BA;Municipal;1;371.7;377.5;422.1;424.0;520.0;423.06
7871;Campo Alegre de Goiás;GO;Estadual;8;384.89;413.78;396.01;464.64;455.0;422.86
7872;Olho D'Água do Piauí;PI;Estadual;1;432.8;411.9;454.0;374.5;440.0;422.64
7873;Itapiratins;TO;Estadual;13;413.42;412.88;412.05;443.73;430.77;422.57
7874;São Raimundo Nonato;PI;Municipal;1;405.9;484.3;390.5;452.1;380.0;422.56
7875;Careaçu;MG;Municipal;1;466.4;410.2;427.2;447.5;360.0;422.26
7876;Senador Georgino Avelino;RN;Estadual;3;394.83;438.17;400.27;410.0;466.67;421.99
7877;Dona Inês;PB;Estadual;5;414.4;412.82;390.48;427.08;464.0;421.76
7878;Pitangueiras;SP;Municipal;1;364.5;424.1;437.8;401.9;480.0;421.66
7879;Forquilhinha;SC;Municipal;1;395.3;475.2;419.1;438.6;380.0;421.64
7880;Porto Seguro;BA;Municipal;1;452.4;355.2;362.4;397.4;540.0;421.48
7881;Sebastião Barros;PI;Estadual;10;401.49;407.38;406.5;417.34;474.0;421.34
7882;Pedras de Maria da Cruz;MG;Estadual;4;399.58;419.65;413.98;447.0;425.0;421.04
7883;Muricilândia;TO;Estadual;4;371.82;418.25;419.92;440.15;455.0;421.03
7884;Pilão Arcado;BA;Municipal;3;407.8;426.27;380.93;490.03;400.0;421.01
7885;Grupiara;MG;Estadual;3;384.9;371.33;435.8;477.3;433.33;420.53
7886;Coari;AM;Municipal;1;488.6;483.7;361.7;388.4;380.0;420.48
7887;Canhoba;SE;Estadual;1;395.0;433.5;476.7;377.0;420.0;420.44
7888;Ribeirão Corrente;SP;Estadual;1;354.3;389.0;413.6;465.1;480.0;420.4
7889;Parecis;RO;Estadual;3;411.93;369.63;422.1;423.07;473.33;420.01
7890;Cruzília;MG;Privada;1;391.6;449.3;403.8;413.3;440.0;419.6
7891;Ocara;CE;Municipal;2;444.5;404.8;434.7;423.8;390.0;419.56
7892;Vitória da Conquista;BA;Municipal;1;438.2;372.0;370.1;416.9;500.0;419.44
7893;Mirante;BA;Estadual;4;380.02;382.62;409.88;434.1;490.0;419.32
7894;Santa Rosa do Sul;SC;Municipal;1;355.1;381.6;429.5;448.4;480.0;418.92
7895;Milagres do Maranhão;MA;Estadual;3;393.1;418.73;396.37;412.97;473.33;418.9
7896;Nazaré da Mata;PE;Municipal;1;380.9;407.0;393.7;391.9;520.0;418.7
7897;Recife;PE;Municipal;1;388.4;421.0;413.3;429.1;440.0;418.36
7898;Pires Ferreira;CE;Estadual;42;410.24;418.5;416.11;433.78;411.9;418.11
7899;São Miguel do Fidalgo;PI;Estadual;2;397.75;406.7;416.35;419.7;450.0;418.1
7900;Dom Bosco;MG;Estadual;1;456.0;369.7;401.3;423.3;440.0;418.06
7901;André da Rocha;RS;Estadual;1;361.8;360.9;513.5;411.5;440.0;417.54
7902;Cidade Ocidental;GO;Municipal;1;386.2;417.9;410.3;430.7;440.0;417.02
7903;Santo Antônio do Pinhal;SP;Estadual;2;397.8;387.5;393.3;446.15;460.0;416.95
7904;Ewbank da Câmara;MG;Estadual;1;432.7;409.1;431.7;411.0;400.0;416.9
7905;São Gonçalo do Gurguéia;PI;Estadual;3;386.67;421.57;411.6;417.57;446.67;416.81
7906;Monte Alegre de Goiás;GO;Estadual;15;414.6;423.94;407.69;418.03;417.33;416.32
7907;Coronel Ezequiel;RN;Estadual;3;391.77;461.97;394.4;389.57;440.0;415.54
7908;Oliveira dos Brejinhos;BA;Municipal;1;387.0;407.0;404.2;419.1;460.0;415.46
7909;Mariana;MG;Municipal;2;395.05;366.8;470.7;394.05;450.0;415.32
7910;Olhos-d'Água;MG;Estadual;2;420.35;377.6;442.25;395.85;440.0;415.21
7911;Bento Fernandes;RN;Estadual;3;406.03;449.67;391.17;422.13;406.67;415.13
7912;Boa Viagem;CE;Municipal;1;351.0;393.6;360.8;410.0;560.0;415.08
7913;Fernando Pedroza;RN;Estadual;2;378.95;397.6;384.4;434.15;480.0;415.02
7914;Itacoatiara;AM;Municipal;4;406.3;449.1;384.4;435.05;400.0;414.97
7915;São Gonçalo do Amarante;RN;Municipal;1;408.4;396.9;382.1;446.9;440.0;414.86
7916;Juazeiro;BA;Municipal;1;371.6;379.3;371.5;391.5;560.0;414.78
7917;Presidente Tancredo Neves;BA;Privada;3;368.53;404.1;409.2;437.17;453.33;414.47
7918;Ipuã;SP;Estadual;4;410.95;394.52;394.32;442.17;430.0;414.4
7919;Canudos do Vale;RS;Estadual;1;354.6;401.9;435.5;418.6;460.0;414.12
7920;Arapeí;SP;Estadual;2;398.9;454.4;363.0;454.25;400.0;414.11
7921;Campo Azul;MG;Estadual;3;457.17;427.1;434.0;412.07;340.0;414.07
7922;Córrego Novo;MG;Estadual;2;373.0;418.55;399.55;478.45;400.0;413.91
7923;Santa Maria do Pará;PA;Municipal;1;404.7;473.5;361.5;469.4;360.0;413.82
7924;Rondonópolis;MT;Municipal;1;425.6;443.0;460.7;479.2;260.0;413.7
7925;Amparo;PB;Municipal;1;361.9;501.6;394.5;390.3;420.0;413.66
7926;Prata;MG;Municipal;1;336.5;378.6;411.3;461.9;480.0;413.66
7927;Monte Alegre do Piauí;PI;Municipal;3;380.17;446.8;400.37;425.17;413.33;413.17
7928;Dois Irmãos das Missões;RS;Estadual;4;407.38;377.75;399.05;444.52;435.0;412.74
7929;Nova Olinda do Norte;AM;Municipal;2;436.9;379.5;397.05;459.25;390.0;412.54
7930;Jaíba;MG;Municipal;2;365.2;397.7;367.05;502.05;430.0;412.4
7931;Oliveira de Fátima;TO;Estadual;1;359.9;459.7;398.4;442.7;400.0;412.14
7932;Alenquer;PA;Municipal;6;383.75;402.22;391.35;439.7;443.33;412.07
7933;Portel;PA;Privada;1;363.7;407.3;381.7;426.9;480.0;411.92
7934;Porto Alegre do Piauí;PI;Estadual;2;382.95;409.1;446.45;379.6;440.0;411.62
7935;Canavieira;PI;Estadual;8;404.79;396.8;402.54;411.21;442.5;411.57
7936;Pedra Grande;RN;Estadual;1;393.5;386.1;395.2;401.6;480.0;411.28
7937;Timon;MA;Municipal;2;366.55;418.15;386.8;422.4;460.0;410.78
7938;Malacacheta;MG;Privada;2;409.45;427.45;423.7;371.85;420.0;410.49
7939;Carmésia;MG;Municipal;1;522.6;388.0;408.0;392.6;340.0;410.24
7940;Palmelo;GO;Estadual;2;409.15;379.85;417.3;424.4;420.0;410.14
7941;Nhamundá;AM;Municipal;3;384.7;416.97;399.83;459.63;386.67;409.56
7942;Maranguape;CE;Municipal;1;415.5;424.5;420.1;444.1;340.0;408.84
7943;Mato Grosso;PB;Estadual;5;400.92;403.2;362.82;452.14;424.0;408.62
7944;Nova Iorque;MA;Municipal;2;342.55;457.65;353.55;418.65;470.0;408.48
7945;Manicoré;AM;Municipal;1;331.0;435.1;383.7;491.4;400.0;408.24
7946;Campo Novo de Rondônia;RO;Municipal;1;381.2;380.0;370.5;383.5;520.0;407.04
7947;Carmésia;MG;Estadual;1;427.0;417.8;348.4;460.2;380.0;406.68
7948;São Pedro da Cipa;MT;Estadual;1;394.1;475.0;425.9;437.9;300.0;406.58
7949;São Sebastião da Boa Vista;PA;Municipal;2;359.3;433.1;435.15;385.0;420.0;406.51
7950;Mimoso de Goiás;GO;Estadual;4;398.25;398.12;392.7;443.2;400.0;406.46
7951;Flexeiras;AL;Municipal;2;436.6;412.5;365.0;385.8;430.0;405.98
7952;Candeias;BA;Municipal;1;385.3;442.4;378.2;361.0;460.0;405.38
7953;Poço das Trincheiras;AL;Estadual;2;349.35;434.6;389.9;440.3;410.0;404.83
7954;Joanésia;MG;Estadual;4;422.65;408.35;379.58;423.42;385.0;403.8
7955;Pedro Avelino;RN;Estadual;1;410.2;346.6;472.8;447.5;340.0;403.42
7956;Fama;MG;Municipal;1;422.2;413.7;391.1;369.5;420.0;403.3
7957;Itinga;MG;Privada;1;423.7;338.5;473.4;439.8;340.0;403.08
7958;Rio da Conceição;TO;Estadual;2;347.45;448.85;355.5;441.7;420.0;402.7
7959;Arenápolis;MT;Municipal;1;397.7;363.7;432.8;437.6;380.0;402.36
7960;Itaju;SP;Estadual;1;405.2;366.3;461.1;417.2;360.0;401.96
7961;Melgaço;PA;Municipal;1;335.0;441.7;433.7;377.5;420.0;401.58
7962;Figueirão;MS;Estadual;1;319.8;438.9;429.9;398.1;420.0;401.34
7963;Guaratinguetá;SP;Municipal;1;370.4;434.9;400.1;397.9;400.0;400.66
7964;Mangaratiba;RJ;Municipal;1;380.4;387.7;467.9;366.6;400.0;400.52
7965;Penápolis;SP;Municipal;1;427.3;337.2;413.5;379.9;440.0;399.58
7966;Novo Jardim;TO;Estadual;1;394.7;439.8;399.9;442.5;320.0;399.38
7967;Floriano;PI;Municipal;2;401.6;411.6;401.75;444.6;330.0;397.91
7968;Codajás;AM;Municipal;1;307.4;467.2;419.1;454.7;340.0;397.68
7969;Juarina;TO;Estadual;4;388.95;385.68;395.32;414.18;400.0;396.83
7970;Pontes Gestal;SP;Estadual;1;378.2;407.6;407.6;408.9;380.0;396.46
7971;Japorã;MS;Municipal;1;422.2;368.8;409.8;414.1;360.0;394.98
7972;Baião;PA;Municipal;1;320.1;456.8;448.5;376.3;360.0;392.34
7973;Morros;MA;Privada;1;344.3;416.0;370.6;385.0;440.0;391.18
7974;São Domingos do Capim;PA;Municipal;2;359.15;380.25;378.75;410.4;420.0;389.71
7975;Silves;AM;Municipal;2;340.15;387.35;399.0;387.6;430.0;388.82
7976;Rosário Oeste;MT;Municipal;1;366.2;396.6;466.8;365.3;340.0;386.98
7977;Água Boa;MT;Municipal;1;373.5;433.5;388.3;408.3;320.0;384.72
7978;São Francisco do Conde;BA;Municipal;1;387.8;344.6;345.6;436.6;400.0;382.92
7979;Umburanas;BA;Municipal;1;404.9;365.6;402.9;400.8;320.0;378.84
7980;São João do Soter;MA;Municipal;1;376.3;372.5;404.9;385.2;320.0;371.78
7981;Campo Formoso;BA;Municipal;1;358.8;355.5;379.2;394.0;360.0;369.5
7982;Careiro da Várzea;AM;Municipal;3;348.57;350.1;387.37;400.63;333.33;364.0
7983;Luís Eduardo Magalhães;BA;Municipal;1;410.3;363.8;468.2;394.5;180.0;363.36
