POSICAO;NO_MUNICIPIO_ESC;SG_UF_ESC;DEPENDENCIA;ALUNOS;LC;CH;CN;MT;RD;MEDIA
1;Viçosa;MG;Federal;153;631.29;686.78;646.75;789.59;910.59;733.0
2;Mantena;MG;Privada;3;664.47;696.5;654.17;713.43;906.67;727.05
3;Brazópolis;MG;Privada;6;648.72;699.42;634.87;797.97;846.67;725.53
4;Vila Velha;ES;Federal;40;624.32;667.68;663.09;764.01;846.5;713.12
5;Santana do Manhuaçu;MG;Estadual;1;651.1;730.3;591.2;720.2;840.0;706.56
6;Novo Xingu;RS;Estadual;1;616.2;705.0;647.2;836.1;720.0;704.9
7;Divinópolis;MG;Federal;81;621.85;643.84;622.62;727.9;874.32;698.11
8;Coqueiros do Sul;RS;Estadual;1;599.1;651.4;649.7;787.4;780.0;693.52
9;Novo Itacolomi;PR;Estadual;1;674.6;779.6;586.1;823.2;600.0;692.7
10;Pirangi;SP;Privada;5;635.42;665.04;605.32;688.84;860.0;690.92
11;Porteirinha;MG;Privada;1;633.0;657.3;590.4;780.8;780.0;688.3
12;Vitória;ES;Federal;242;615.5;649.56;621.79;737.73;811.16;687.15
13;Biquinhas;MG;Estadual;1;649.0;684.4;670.6;784.2;640.0;685.64
14;Ipatinga;MG;Privada;331;602.52;632.23;596.95;706.88;881.51;684.02
15;Cachoeiro de Itapemirim;ES;Federal;68;611.44;645.79;620.28;716.69;816.47;682.13
16;Passa Vinte;MG;Estadual;2;628.15;660.2;621.4;688.95;810.0;681.74
17;Angra dos Reis;RJ;Federal;16;621.24;662.09;617.86;774.92;717.5;678.72
18;Belo Horizonte;MG;Federal;648;618.01;642.05;615.17;724.1;791.23;678.11
19;Maracás;BA;Privada;1;639.0;682.6;578.9;649.8;840.0;678.06
20;Encantado;RS;Privada;6;615.75;632.92;603.52;690.73;836.67;675.92
21;Cássia;MG;Privada;10;570.16;641.23;619.11;696.48;846.0;674.6
22;Santa Maria;RS;Federal;131;609.52;631.45;602.78;692.71;831.3;673.55
23;Timóteo;MG;Federal;73;608.28;646.11;603.74;705.85;801.37;673.07
24;São Mateus;ES;Federal;40;606.62;625.91;602.81;692.94;835.0;672.66
25;Betim;MG;Federal;121;605.48;633.64;602.48;704.8;808.26;670.93
26;Santo Antônio do Aventureiro;MG;Estadual;1;592.5;644.0;614.3;603.2;900.0;670.8
27;Nova Prata;RS;Privada;11;618.55;629.1;563.86;724.14;809.09;668.95
28;Vargem Grande do Rio Pardo;MG;Estadual;3;604.33;635.93;605.77;691.17;806.67;668.77
29;Santa Bárbara;BA;Privada;8;579.6;611.72;584.49;658.14;907.5;668.29
30;Limoeiro do Norte;CE;Privada;101;587.73;613.44;586.69;662.0;884.75;666.92
31;Itaúna;MG;Privada;125;601.82;624.81;590.27;688.97;823.84;665.94
32;Teutônia;RS;Privada;18;594.79;623.23;591.03;715.92;804.44;665.88
33;Coremas;PB;Privada;1;593.4;662.3;621.0;685.4;760.0;664.42
34;Florestal;MG;Federal;51;600.32;623.3;592.36;691.45;814.12;664.31
35;São Miguel Arcanjo;SP;Privada;3;616.4;642.07;599.6;719.63;740.0;663.54
36;Timóteo;MG;Privada;112;588.38;616.45;580.74;672.63;857.32;663.11
37;Guarapari;ES;Federal;101;599.22;624.29;588.21;691.41;810.3;662.69
38;Lagarto;SE;Privada;35;595.09;627.87;591.52;647.16;848.0;661.93
39;Serra;ES;Federal;54;610.17;631.63;593.37;720.51;753.33;661.81
40;Feliz;RS;Privada;4;620.88;644.95;597.28;597.3;845.0;661.08
41;Diamantina;MG;Privada;35;590.99;610.8;580.5;664.29;857.14;660.75
42;Nova Era;MG;Privada;13;585.32;604.42;576.65;671.41;864.62;660.48
43;Tabuleiro do Norte;CE;Privada;2;543.2;627.1;597.8;632.7;900.0;660.16
44;Pato Branco;PR;Federal;32;618.28;637.94;591.57;712.12;740.0;659.98
45;Araxá;MG;Federal;72;586.87;602.01;583.44;665.61;861.94;659.97
46;Assis Chateaubriand;PR;Privada;12;589.4;633.22;609.67;679.36;785.0;659.33
47;Belo Horizonte;MG;Privada;4109;602.6;622.83;589.68;685.23;794.9;659.05
48;Ubá;MG;Privada;153;592.08;619.5;584.67;675.32;823.53;659.02
49;Caetité;BA;Privada;28;584.68;609.81;564.07;666.01;870.0;658.91
50;Águas Formosas;MG;Privada;1;604.7;685.5;598.9;683.8;720.0;658.58
51;Guanhães;MG;Privada;21;595.05;613.49;596.43;683.43;801.9;658.06
52;Valinhos;SP;Privada;318;607.26;625.01;598.01;699.14;759.62;657.81
53;Formiga;MG;Privada;65;581.43;617.74;581.93;669.06;837.85;657.6
54;Arroio do Meio;RS;Privada;10;606.56;624.21;604.75;717.03;734.0;657.31
55;Ivinhema;MS;Privada;4;601.2;623.35;575.1;653.02;830.0;656.54
56;Pedro Teixeira;MG;Estadual;1;595.2;647.1;595.1;703.4;740.0;656.16
57;Brotas;SP;Municipal;1;553.9;497.3;598.4;690.2;940.0;655.96
58;São Sebastião do Paraíso;MG;Privada;47;594.46;598.07;562.14;648.42;876.6;655.94
59;João Pessoa;PB;Municipal;1;622.0;571.8;586.1;658.2;840.0;655.62
60;Abaeté;MG;Privada;22;601.12;592.73;576.15;694.43;813.64;655.61
61;Holambra;SP;Privada;47;611.05;631.76;606.53;710.63;714.47;654.89
62;Varginha;MG;Federal;66;603.05;627.83;591.27;667.56;783.33;654.61
63;Ouro Branco;MG;Federal;71;593.03;624.26;577.65;663.15;814.08;654.44
64;Carlos Gomes;RS;Estadual;2;606.35;623.25;575.6;677.0;790.0;654.44
65;Nova Lima;MG;Privada;188;597.26;619.31;585.33;678.44;791.49;654.36
66;Campo Belo;MG;Privada;57;588.58;611.29;581.51;658.78;829.82;654.0
67;Tanhaçu;BA;Privada;4;563.78;613.1;569.08;718.78;805.0;653.94
68;Três Corações;MG;Privada;64;600.2;611.18;582.71;667.0;807.81;653.78
69;Patos de Minas;MG;Federal;51;597.9;613.39;585.85;652.49;817.25;653.38
70;Monte Sião;MG;Privada;27;602.86;606.94;568.36;699.07;789.63;653.37
71;Pombal;PB;Privada;15;593.23;630.41;558.27;614.49;869.33;653.15
72;Serro;MG;Privada;3;605.0;620.2;568.43;658.57;813.33;653.11
73;Monte Carmelo;MG;Privada;19;591.41;599.74;595.86;668.24;808.42;652.73
74;Conselheiro Pena;MG;Privada;11;577.77;601.26;592.05;685.22;807.27;652.72
75;Pinhalzinho;SC;Privada;11;608.64;621.35;581.65;660.34;790.91;652.58
76;Teresópolis;RJ;Privada;170;596.33;622.14;580.47;671.14;792.82;652.58
77;Santa Cecília do Sul;RS;Estadual;1;596.3;600.4;499.3;666.7;900.0;652.54
78;Milhã;CE;Privada;10;605.64;625.97;621.86;709.03;700.0;652.5
79;Paraisópolis;MG;Privada;41;595.37;616.42;587.65;701.01;761.95;652.48
80;Contagem;MG;Federal;68;608.3;623.29;594.36;667.6;767.94;652.3
81;Paracuru;CE;Privada;6;575.38;650.13;593.85;568.15;873.33;652.17
82;Nova Friburgo;RJ;Privada;289;599.17;611.18;570.6;654.75;824.64;652.07
83;Gramado;RS;Privada;9;625.69;641.06;630.99;661.24;700.0;651.8
84;Santa Cruz do Sul;RS;Privada;120;599.89;613.02;567.39;654.66;822.83;651.56
85;Juruti;PA;Privada;8;603.21;605.17;608.0;662.79;777.5;651.34
86;Divinópolis;MG;Privada;268;590.91;608.51;577.99;664.16;814.93;651.3
87;Serra do Ramalho;BA;Municipal;1;636.9;663.0;568.4;725.3;660.0;650.72
88;Venda Nova do Imigrante;ES;Privada;16;576.24;598.37;594.29;664.76;816.25;649.98
89;São Gonçalo do Sapucaí;MG;Privada;34;593.98;601.46;584.22;703.11;767.06;649.97
90;Aroeiras;PB;Privada;7;568.8;632.59;564.57;636.79;845.71;649.69
91;Lagoa da Prata;MG;Privada;41;583.6;597.76;568.95;655.14;842.44;649.58
92;Poços de Caldas;MG;Privada;198;597.38;614.22;578.56;656.27;800.4;649.37
93;Curvelo;MG;Federal;65;576.49;605.93;581.97;674.33;807.38;649.22
94;São Lourenço;MG;Privada;83;601.17;618.61;572.48;669.75;783.13;649.03
95;Itamogi;MG;Privada;6;588.25;630.55;569.18;666.97;790.0;648.99
96;Congonhas;MG;Federal;74;589.63;608.68;581.15;667.6;797.57;648.93
97;Sarandi;RS;Privada;9;580.58;631.59;582.6;700.94;748.89;648.92
98;Vitória;ES;Privada;929;590.59;608.83;582.41;657.95;803.77;648.71
99;Vespasiano;MG;Privada;20;598.06;613.62;595.26;689.34;747.0;648.66
100;Uberaba;MG;Privada;342;592.37;610.98;573.41;655.28;806.9;647.79
101;Guará;SP;Privada;14;581.8;597.94;567.29;683.19;808.57;647.76
102;Montes Claros;MG;Federal;41;600.49;603.36;573.95;669.7;790.24;647.55
103;Santa Teresa;ES;Privada;7;601.99;638.3;609.27;635.24;751.43;647.25
104;Viçosa;MG;Privada;211;578.72;595.1;572.29;659.03;829.0;646.83
105;Capelinha;MG;Privada;24;576.95;592.59;566.04;660.17;838.33;646.82
106;Nova Friburgo;RJ;Federal;25;600.62;599.84;553.86;662.68;816.8;646.76
107;Muriaé;MG;Federal;83;596.17;609.81;581.4;656.51;789.88;646.75
108;Ubajara;CE;Privada;11;603.73;604.57;576.77;665.67;781.82;646.51
109;Recife;PE;Federal;432;602.0;618.64;584.76;677.02;749.81;646.45
110;Aquidauana;MS;Privada;5;623.7;618.12;582.1;606.84;800.0;646.15
111;Santa Rosa;RS;Privada;96;591.81;605.42;573.92;641.28;817.92;646.07
112;Aracruz;ES;Federal;105;586.76;607.56;584.22;672.84;778.67;646.01
113;Mineiros;GO;Privada;44;584.32;589.34;575.17;614.3;866.82;645.99
114;Niterói;RJ;Federal;103;602.57;618.46;567.14;654.13;787.57;645.98
115;Gonçalves;MG;Estadual;1;559.5;609.6;608.6;530.9;920.0;645.72
116;Ubiretama;RS;Estadual;2;612.7;641.85;586.3;696.65;690.0;645.5
117;São João Nepomuceno;MG;Privada;46;583.49;596.07;561.84;653.89;831.74;645.41
118;Crateús;CE;Privada;48;578.83;585.18;547.37;640.62;874.58;645.32
119;Frederico Westphalen;RS;Privada;21;579.09;588.26;572.97;618.64;865.71;644.94
120;Governador Valadares;MG;Privada;256;588.92;605.33;565.06;648.36;816.56;644.85
121;Esperança;PB;Federal;23;569.49;603.55;559.07;627.85;862.61;644.51
122;Alto Araguaia;MT;Privada;1;636.7;661.4;633.2;611.2;680.0;644.5
123;Fernandes Tourinho;MG;Estadual;4;586.48;600.8;577.9;657.2;800.0;644.47
124;Patrocínio;MG;Federal;63;594.93;607.35;578.03;655.04;786.03;644.28
125;Porto Vera Cruz;RS;Estadual;2;556.4;600.95;608.55;655.4;800.0;644.26
126;Sete Lagoas;MG;Privada;327;588.51;610.48;571.94;654.86;794.68;644.1
127;Itaberá;SP;Privada;1;631.6;577.6;599.5;710.8;700.0;643.9
128;Urubici;SC;Privada;5;596.8;619.12;577.72;609.32;816.0;643.79
129;Patos de Minas;MG;Privada;163;589.83;605.54;578.32;652.63;791.66;643.6
130;Governador Valadares;MG;Federal;78;593.62;610.4;567.79;682.26;762.31;643.28
131;Nova Araçá;RS;Privada;4;598.72;626.8;607.9;650.5;730.0;642.79
132;Areado;MG;Privada;12;581.24;615.77;550.76;635.88;830.0;642.73
133;Lavras;MG;Privada;264;587.99;607.82;570.92;648.45;798.41;642.72
134;Ouro Preto do Oeste;RO;Privada;2;601.25;617.6;538.55;585.05;870.0;642.49
135;Mossoró;RN;Federal;135;597.78;603.79;567.41;656.97;786.52;642.49
136;Boa Esperança;MG;Privada;44;576.07;604.93;576.61;656.87;797.73;642.44
137;Juiz de Fora;MG;Privada;1028;589.78;607.67;573.62;654.07;786.87;642.4
138;Coroados;SP;Estadual;1;605.4;597.6;571.8;677.2;760.0;642.4
139;Granja;CE;Privada;8;591.11;621.67;553.94;642.04;802.5;642.25
140;Rio de Janeiro;RJ;Federal;1575;600.37;613.09;575.12;662.28;759.48;642.07
141;Valente;BA;Privada;16;597.23;597.34;579.09;630.21;805.0;641.78
142;São Miguel do Iguaçu;PR;Privada;25;595.17;603.75;581.87;611.82;816.0;641.72
143;Farroupilha;RS;Federal;16;612.27;625.04;576.69;691.48;702.5;641.6
144;São João del Rei;MG;Privada;135;586.3;602.17;573.33;662.77;782.96;641.51
145;Cerro Largo;RS;Privada;35;586.08;591.19;581.85;672.26;772.57;640.79
146;Leopoldina;MG;Federal;59;585.88;609.3;575.03;650.74;782.71;640.73
147;Lagoa Santa;MG;Privada;78;584.77;606.77;572.09;641.8;797.95;640.68
148;Floraí;PR;Estadual;2;581.8;623.45;574.65;702.7;720.0;640.52
149;Bela Vista do Paraíso;PR;Privada;5;594.34;553.86;587.7;688.76;776.0;640.13
150;Santa Luzia;MG;Federal;53;598.66;604.97;568.56;674.09;752.83;639.82
151;Amparo;SP;Privada;91;599.46;616.53;579.34;675.2;728.35;639.78
152;Cubatão;SP;Federal;96;607.39;620.04;568.86;668.49;733.75;639.71
153;Ouro Branco;MG;Privada;50;586.61;604.97;560.33;633.16;812.8;639.57
154;Cambuí;MG;Privada;13;572.75;632.09;587.53;642.25;763.08;639.54
155;Pouso Alegre;MG;Privada;209;589.74;599.24;567.66;647.55;791.96;639.23
156;Eldorado;MS;Privada;4;584.6;625.9;585.6;684.85;715.0;639.19
157;Petrópolis;RJ;Federal;18;608.54;626.01;591.73;645.8;723.33;639.08
158;Campo Mourão;PR;Federal;20;589.85;607.04;562.95;686.48;749.0;639.06
159;Veranópolis;RS;Privada;49;579.89;583.86;548.74;636.13;844.9;638.71
160;São Gonçalo;RJ;Federal;73;599.97;590.94;572.41;653.52;776.71;638.71
161;Nova Mutum;MT;Privada;15;589.6;591.77;568.33;658.16;785.33;638.64
162;Monte Formoso;MG;Estadual;1;608.2;606.3;604.8;653.6;720.0;638.58
163;Lajeado;RS;Privada;98;592.74;614.17;579.81;663.49;741.22;638.29
164;Varginha;MG;Privada;197;586.9;594.36;568.14;636.84;805.18;638.28
165;Rio Casca;MG;Privada;3;577.8;573.1;600.6;599.83;840.0;638.27
166;Salinópolis;PA;Privada;22;573.02;591.35;576.45;663.93;786.36;638.22
167;Jaraguá do Sul;SC;Federal;68;598.49;614.46;591.24;654.5;730.88;637.91
168;Forquilhinha;SC;Privada;1;653.0;668.0;624.0;584.4;660.0;637.88
169;Caçador;SC;Privada;27;590.16;611.01;579.86;673.53;734.81;637.87
170;João Monlevade;MG;Privada;89;587.33;592.34;563.46;647.9;797.08;637.62
171;Além Paraíba;MG;Privada;30;577.38;595.84;563.31;660.7;790.67;637.58
172;Uberlândia;MG;Privada;865;585.55;595.19;565.25;636.97;804.83;637.56
173;São José dos Campos;SP;Privada;1445;594.64;607.26;577.51;661.77;746.31;637.5
174;Caxambu;MG;Privada;60;586.71;606.75;576.29;645.35;772.33;637.49
175;Palmas;TO;Privada;374;583.89;605.91;569.58;637.04;790.91;637.47
176;Baependi;MG;Privada;23;601.96;595.54;571.18;629.28;788.7;637.33
177;Cajuru;SP;Privada;10;589.05;588.48;568.84;593.72;846.0;637.22
178;Ribeirão das Neves;MG;Federal;77;590.75;612.81;570.57;640.43;771.17;637.15
179;Barbacena;MG;Federal;97;595.05;607.79;571.64;665.2;745.98;637.13
180;Pouso Alegre;MG;Federal;45;606.83;612.06;564.4;637.77;763.56;636.92
181;Sabará;MG;Federal;64;598.55;590.62;553.5;639.93;801.56;636.83
182;Suzano;SP;Federal;96;601.89;613.18;572.61;653.6;742.5;636.76
183;Taquaritinga;SP;Privada;66;583.76;589.21;579.68;655.85;773.03;636.31
184;Marau;RS;Privada;29;602.35;608.65;586.35;637.55;746.21;636.22
185;Pará de Minas;MG;Privada;72;570.13;584.53;561.49;651.02;813.61;636.16
186;São João da Boa Vista;SP;Federal;40;591.86;599.84;564.35;663.25;761.5;636.16
187;Bom Jardim;RJ;Privada;33;578.41;584.08;566.59;626.17;825.45;636.14
188;General Salgado;SP;Privada;2;574.3;569.15;578.55;668.45;790.0;636.09
189;Sobrália;MG;Estadual;4;572.3;558.75;583.55;675.78;790.0;636.08
190;Alfenas;MG;Privada;133;585.5;595.02;570.1;646.19;783.16;635.99
191;Cariacica;ES;Federal;97;592.71;613.6;580.62;666.97;725.98;635.97
192;Vacaria;RS;Federal;19;590.5;611.16;575.09;637.2;765.26;635.84
193;Valença;RJ;Privada;21;601.25;586.02;538.56;629.1;823.81;635.75
194;Bom Sucesso;PR;Estadual;2;606.4;635.6;573.35;603.15;760.0;635.7
195;Itapetininga;SP;Federal;41;607.68;623.47;571.07;647.52;728.78;635.7
196;Turuçu;RS;Estadual;1;594.2;558.2;577.9;647.9;800.0;635.64
197;Colatina;ES;Federal;176;577.22;596.1;572.89;655.59;774.77;635.32
198;Correntina;BA;Privada;14;592.57;617.46;569.45;649.54;747.14;635.23
199;Itapecerica;MG;Privada;7;560.17;604.31;544.19;669.6;797.14;635.08
200;Miguel Pereira;RJ;Privada;27;590.21;579.7;564.93;656.25;783.7;634.96
201;Carmo de Minas;MG;Federal;18;583.21;612.89;559.23;628.33;791.11;634.95
202;Estrela;RS;Privada;25;583.15;603.05;584.12;653.0;750.4;634.75
203;Curitiba;PR;Federal;300;596.56;619.79;579.94;672.77;703.8;634.57
204;Sabinópolis;MG;Privada;14;579.61;565.85;554.86;655.31;817.14;634.55
205;Nova Venécia;ES;Federal;58;577.21;600.6;574.83;664.9;754.48;634.41
206;Cunha;SP;Privada;6;596.58;625.27;586.62;663.27;700.0;634.35
207;Ituverava;SP;Privada;71;585.53;595.43;560.01;632.27;798.03;634.25
208;Araras;SP;Privada;96;593.65;606.27;577.67;648.3;744.58;634.1
209;Piracuruca;PI;Privada;16;558.37;595.68;543.29;617.76;855.0;634.02
210;Medianeira;PR;Privada;22;588.13;593.67;573.75;653.36;760.91;633.96
211;Janaúba;MG;Privada;85;575.65;592.63;562.84;619.14;819.06;633.86
212;Niterói;RJ;Privada;1450;587.73;595.54;555.18;635.95;794.44;633.77
213;Tocantins;MG;Privada;9;565.03;584.43;566.72;612.46;840.0;633.73
214;Amargosa;BA;Privada;36;588.21;604.91;577.04;656.44;741.11;633.54
215;Raul Soares;MG;Privada;25;561.82;600.41;589.77;620.68;794.4;633.42
216;Caratinga;MG;Privada;55;584.69;587.87;554.61;623.54;815.64;633.27
217;Manhuaçu;MG;Privada;78;574.06;588.36;554.83;649.28;799.74;633.26
218;Juiz de Fora;MG;Federal;233;593.01;606.96;577.66;661.17;726.95;633.15
219;Barra Bonita;SP;Municipal;1;569.8;598.5;586.9;650.3;760.0;633.1
220;Salvador;BA;Federal;511;594.38;609.61;570.2;651.18;739.8;633.03
221;Itajobi;SP;Privada;15;589.61;592.96;555.0;627.18;800.0;632.95
222;Nilópolis;RJ;Federal;109;590.74;605.98;591.89;646.57;729.54;632.94
223;Guaxupé;MG;Privada;54;591.64;599.87;583.39;643.74;745.19;632.77
224;Criciúma;SC;Privada;287;587.3;587.64;571.2;646.0;771.57;632.74
225;Três de Maio;RS;Privada;43;585.09;606.8;552.1;639.99;779.07;632.61
226;Linhares;ES;Federal;116;589.95;602.02;575.16;651.51;744.31;632.59
227;Ponte Nova;MG;Federal;55;593.47;607.6;576.06;646.99;738.55;632.53
228;Três Pontas;MG;Privada;60;581.82;592.1;545.61;619.9;823.0;632.48
229;Jaú;SP;Privada;194;587.8;604.5;573.44;647.42;749.18;632.47
230;Vera Cruz;RS;Privada;20;583.28;602.02;558.31;644.66;774.0;632.45
231;Itabirito;MG;Federal;26;589.97;604.08;582.92;655.98;729.23;632.44
232;Itajubá;MG;Privada;217;583.54;591.23;569.68;650.09;767.19;632.35
233;Oliveira;MG;Privada;55;589.69;604.19;560.68;646.52;760.36;632.29
234;Paty do Alferes;RJ;Privada;11;582.88;591.7;537.98;637.92;810.91;632.28
235;Formiga;MG;Federal;80;584.72;584.78;556.41;644.99;790.0;632.18
236;Vassouras;RJ;Privada;25;581.24;585.55;564.64;628.62;800.8;632.17
237;Novo Horizonte;SP;Privada;31;570.0;561.92;550.87;606.31;871.61;632.14
238;Dracena;SP;Privada;61;583.25;607.53;580.58;683.17;705.57;632.02
239;São Leopoldo;RS;Privada;124;596.14;611.03;578.98;669.29;704.19;631.93
240;Eugenópolis;MG;Estadual;6;568.63;602.97;535.98;591.72;860.0;631.86
241;Paraty;RJ;Privada;38;585.07;610.88;576.81;649.02;735.26;631.41
242;Goiânia;GO;Privada;3566;580.98;594.56;567.49;632.01;781.97;631.4
243;Arapiraca;AL;Federal;131;583.84;599.93;556.32;651.62;764.27;631.2
244;Guarapari;ES;Privada;50;580.12;597.78;555.54;624.64;797.6;631.14
245;Passos;MG;Federal;59;581.63;598.36;553.75;634.83;784.41;630.6
246;Goianinha;RN;Privada;8;598.28;611.5;585.58;559.4;797.5;630.45
247;Quixadá;CE;Privada;30;583.82;589.92;556.04;629.64;792.67;630.42
248;Contagem;MG;Privada;460;586.98;595.6;571.25;643.07;754.39;630.26
249;Natal;RN;Federal;545;592.81;601.66;557.97;635.73;761.83;630.0
250;Barra do Piraí;RJ;Privada;84;586.52;592.18;563.13;634.2;773.81;629.97
251;Campo Grande;MS;Federal;222;595.32;600.9;575.35;657.97;720.09;629.93
252;Concórdia;SC;Privada;56;585.44;593.37;566.57;642.9;760.71;629.8
253;Volta Redonda;RJ;Privada;337;581.03;592.94;559.32;642.67;773.0;629.79
254;Cachoeiro de Itapemirim;ES;Privada;197;569.58;583.2;564.75;636.77;794.42;629.74
255;Carmópolis de Minas;MG;Privada;8;598.98;618.55;588.62;634.6;707.5;629.65
256;Roca Sales;RS;Privada;11;588.01;610.03;537.17;645.75;767.27;629.65
257;Barueri;SP;Privada;200;590.22;602.61;572.79;656.49;725.9;629.6
258;Juazeiro do Norte;CE;Privada;287;572.47;583.58;560.21;634.2;797.49;629.59
259;Sacramento;MG;Privada;7;585.41;619.66;576.77;622.49;742.86;629.44
260;Aguanil;MG;Estadual;2;590.15;620.8;594.15;661.3;680.0;629.28
261;Conselheiro Lafaiete;MG;Privada;53;588.91;594.35;566.64;630.65;764.91;629.09
262;Florianópolis;SC;Federal;298;589.17;601.07;576.07;672.32;706.85;629.09
263;Santa Rosa;RS;Federal;27;591.02;609.74;559.32;639.17;745.93;629.03
264;Montes Claros;MG;Privada;713;579.94;594.08;557.29;626.51;787.29;629.02
265;Caetanópolis;MG;Privada;8;546.4;583.76;565.55;686.71;762.5;628.98
266;Piumhi;MG;Privada;49;580.29;593.92;551.99;635.47;782.45;628.82
267;Santarém;PA;Privada;160;579.82;582.81;560.8;610.81;808.12;628.47
268;Betim;MG;Privada;124;583.35;585.84;555.47;618.22;799.35;628.45
269;Itabaiana;SE;Privada;185;572.71;592.56;552.83;601.98;821.41;628.3
270;Ervália;MG;Privada;12;559.58;573.57;544.13;626.68;836.67;628.12
271;Canoas;RS;Federal;43;604.79;602.41;576.44;672.77;683.72;628.03
272;Corinto;MG;Privada;7;615.13;620.3;571.66;578.59;754.29;627.99
273;Novo Horizonte do Oeste;RO;Privada;2;501.5;623.0;573.65;641.6;800.0;627.95
274;Bento Gonçalves;RS;Federal;79;593.85;600.3;566.69;643.88;734.94;627.93
275;Conceição do Coité;BA;Privada;37;586.55;590.31;569.18;617.97;774.05;627.61
276;Portão;RS;Privada;9;580.1;592.49;565.2;664.72;735.56;627.61
277;Santa Adélia;SP;Privada;8;611.05;625.42;569.34;689.5;642.5;627.56
278;Santa Rita do Passa Quatro;SP;Privada;50;582.76;602.51;578.13;637.52;736.8;627.54
279;Guaporé;RS;Privada;10;585.06;613.39;584.58;656.28;698.0;627.46
280;Guapimirim;RJ;Privada;19;583.81;584.01;575.75;661.9;730.53;627.2
281;Campo Largo;PR;Federal;43;589.58;614.79;575.35;656.0;700.0;627.14
282;Anchieta;ES;Privada;2;596.6;644.7;585.4;648.8;660.0;627.1
283;Bastos;SP;Privada;16;580.89;597.59;567.11;662.29;727.5;627.08
284;Jaguariúna;SP;Privada;37;586.6;606.41;572.08;645.89;723.24;626.84
285;Nova Iguaçu;RJ;Federal;77;585.12;599.17;558.41;665.01;724.16;626.37
286;Vacaria;RS;Privada;20;593.52;596.88;562.94;619.78;757.0;626.02
287;Junqueirópolis;SP;Privada;22;582.49;570.94;541.52;639.16;795.45;625.91
288;Ipaussu;SP;Privada;10;594.21;586.97;567.33;635.05;746.0;625.91
289;São Paulo;SP;Federal;263;593.25;613.79;572.31;660.71;689.43;625.9
290;Itanhandu;MG;Privada;25;589.72;596.54;560.54;639.88;742.4;625.81
291;Paraipaba;CE;Privada;10;578.45;586.84;551.81;585.94;826.0;625.81
292;Rio Brilhante;MS;Privada;7;568.83;581.76;568.29;604.37;805.71;625.79
293;Joinville;SC;Privada;643;586.52;591.66;565.65;643.79;741.28;625.78
294;Pau dos Ferros;RN;Federal;110;581.64;587.55;551.58;630.57;777.09;625.69
295;Realeza;PR;Privada;15;579.62;608.17;568.91;654.97;716.0;625.53
296;Fortaleza;CE;Privada;4548;574.12;586.26;562.05;636.61;768.16;625.44
297;Venâncio Aires;RS;Privada;39;566.99;563.48;525.18;626.93;844.62;625.44
298;São Carlos;SP;Privada;451;583.28;588.23;565.59;625.95;763.95;625.4
299;Aracaju;SE;Federal;98;587.15;596.83;571.84;624.19;746.73;625.35
300;Araxá;MG;Privada;76;581.18;585.97;551.32;621.97;785.79;625.25
301;São José do Rio Preto;SP;Privada;812;585.17;592.5;568.27;636.47;743.5;625.18
302;Brusque;SC;Privada;70;583.4;598.36;575.45;653.77;714.86;625.17
303;Passos;MG;Privada;122;576.32;584.8;550.58;624.66;789.34;625.14
304;Surubim;PE;Privada;80;570.28;583.07;548.66;607.32;815.5;624.97
305;Campos do Jordão;SP;Federal;17;588.07;599.07;548.92;659.03;729.41;624.9
306;Saldanha Marinho;RS;Estadual;4;617.52;622.62;568.02;626.22;690.0;624.88
307;Ijuí;RS;Privada;47;572.94;595.21;573.59;631.02;751.49;624.85
308;Santa Cruz das Palmeiras;SP;Privada;34;594.13;581.42;568.48;647.27;730.59;624.38
309;Morro Agudo;SP;Privada;8;578.38;600.78;572.72;607.25;762.5;624.33
310;Minaçu;GO;Privada;11;564.73;585.73;540.55;618.89;810.91;624.16
311;Lauro de Freitas;BA;Privada;431;576.6;586.54;560.97;621.35;775.27;624.15
312;Poços de Caldas;MG;Federal;34;595.22;594.09;561.82;644.62;724.71;624.09
313;Itabira;MG;Privada;107;578.62;584.54;551.72;632.85;772.52;624.05
314;Caicó;RN;Federal;163;575.22;582.64;547.03;622.42;792.88;624.04
315;Ibitinga;SP;Privada;22;592.5;602.53;575.65;634.95;714.55;624.03
316;Teófilo Otoni;MG;Privada;112;588.27;593.36;553.97;623.74;760.71;624.01
317;Itaparica;BA;Privada;2;617.8;622.9;545.15;643.55;690.0;623.88
318;Uruçuí;PI;Privada;6;606.87;570.12;567.5;631.55;743.33;623.87
319;Mucuri;BA;Privada;41;577.72;576.84;559.62;629.84;775.12;623.83
320;Alegrete;RS;Privada;35;582.38;571.15;542.59;618.44;804.57;623.83
321;Tapira;MG;Estadual;5;574.32;617.46;569.22;613.26;744.0;623.65
322;Sobral;CE;Privada;338;572.01;575.69;557.92;621.07;790.89;623.51
323;Caxias do Sul;RS;Privada;331;586.95;597.83;561.86;633.29;737.46;623.48
324;Carangola;MG;Privada;54;586.59;591.91;559.52;616.41;762.96;623.48
325;Volta Redonda;RJ;Federal;79;592.15;609.92;567.64;657.03;690.13;623.37
326;São Bento do Sul;SC;Privada;55;573.97;596.66;575.12;637.76;733.09;623.32
327;São Luiz Gonzaga;RS;Privada;17;576.52;585.27;567.12;599.69;787.06;623.13
328;Birigui;SP;Federal;45;587.09;592.05;557.15;619.27;760.0;623.11
329;Nepomuceno;MG;Privada;21;558.8;558.43;547.86;663.57;786.67;623.07
330;Rolante;RS;Federal;7;578.86;599.1;550.29;595.17;791.43;622.97
331;São João da Boa Vista;SP;Privada;232;576.22;584.13;571.65;638.68;743.45;622.83
332;Porto Ferreira;SP;Privada;54;575.24;596.14;564.26;629.88;748.15;622.73
333;Santa Bárbara;MG;Privada;15;567.99;619.39;550.03;598.11;777.33;622.57
334;Mogi Guaçu;SP;Privada;134;589.13;593.0;570.96;646.83;712.54;622.49
335;Duque de Caxias;RJ;Federal;134;590.29;587.68;562.67;635.88;735.82;622.47
336;Santa Rita do Sapucaí;MG;Privada;43;577.29;573.11;546.48;652.01;763.26;622.43
337;Chapecó;SC;Federal;52;587.92;610.43;564.31;660.24;688.85;622.35
338;Porto Alegre;RS;Privada;2072;592.35;598.12;556.06;637.34;727.36;622.24
339;Santa Maria;RS;Privada;470;584.63;589.55;561.81;612.37;762.38;622.15
340;Rio Grande;RS;Federal;89;582.19;590.75;549.56;648.3;739.1;621.98
341;Tiradentes do Sul;RS;Estadual;9;592.4;594.29;549.6;620.11;753.33;621.95
342;Macaé;RJ;Federal;100;592.09;599.9;565.68;640.52;711.0;621.84
343;Marília;SP;Privada;310;581.79;586.2;560.09;627.67;753.23;621.79
344;Vitória da Conquista;BA;Federal;136;590.11;595.31;553.54;634.08;735.88;621.78
345;Montauri;RS;Estadual;1;598.7;603.4;594.1;652.7;660.0;621.78
346;São Caetano do Sul;SP;Privada;335;583.35;591.44;560.9;652.64;720.36;621.74
347;Ourinhos;SP;Privada;130;589.84;597.7;564.08;641.46;715.08;621.63
348;Senhor do Bonfim;BA;Privada;75;568.09;574.78;560.18;594.17;810.4;621.53
349;Caruaru;PE;Federal;89;585.52;586.28;566.98;629.03;739.78;621.52
350;Jaraguá do Sul;SC;Privada;147;569.32;581.24;570.11;645.93;740.0;621.32
351;Alpinópolis;MG;Privada;25;560.56;575.5;546.6;627.86;796.0;621.3
352;Viana;ES;Federal;49;583.19;595.64;550.24;628.0;748.98;621.21
353;Palmeira das Missões;RS;Privada;7;575.81;576.73;549.87;637.93;765.71;621.21
354;Goiânia;GO;Federal;224;590.12;604.02;556.34;623.45;732.14;621.21
355;Nepomuceno;MG;Federal;38;588.24;603.0;562.49;619.12;733.16;621.2
356;Blumenau;SC;Privada;289;584.9;598.47;564.91;639.59;718.06;621.19
357;Cascavel;PR;Privada;347;579.0;589.26;569.44;637.09;730.78;621.11
358;Seropédica;RJ;Federal;80;595.22;605.84;567.73;623.45;713.25;621.1
359;Carazinho;RS;Privada;63;590.84;597.37;568.99;639.35;708.57;621.02
360;Limoeiro;PE;Privada;182;569.02;578.58;557.4;644.76;754.73;620.9
361;Araruama;RJ;Privada;153;581.59;596.04;553.79;631.37;741.31;620.82
362;Jequié;BA;Privada;101;580.38;582.64;548.7;610.06;782.18;620.79
363;Paraopeba;MG;Privada;17;574.56;577.52;542.24;633.02;776.47;620.76
364;Apodi;RN;Federal;103;572.16;581.61;544.16;620.39;785.44;620.75
365;Adamantina;SP;Privada;37;581.33;601.65;563.14;626.08;731.35;620.71
366;Barra Mansa;RJ;Privada;140;578.62;582.41;544.06;614.83;783.57;620.7
367;Conselheiro Lafaiete;MG;Federal;79;572.75;572.8;546.2;620.49;791.14;620.68
368;Arcos;MG;Privada;26;581.62;582.17;535.97;642.04;761.54;620.67
369;Monte Santo de Minas;MG;Privada;7;586.71;582.06;547.76;629.07;757.14;620.55
370;Alegria;RS;Estadual;1;578.5;579.0;577.6;607.1;760.0;620.44
371;Teresina;PI;Privada;2426;570.36;575.56;551.77;613.77;790.12;620.32
372;Armação dos Búzios;RJ;Privada;17;594.97;592.94;566.87;623.2;723.53;620.3
373;Tapiratiba;SP;Privada;4;591.15;620.6;545.98;633.52;710.0;620.25
374;Campanário;MG;Estadual;1;620.6;620.9;565.1;694.0;600.0;620.12
375;Serafina Corrêa;RS;Privada;9;582.82;569.78;539.73;621.42;786.67;620.08
376;Porto União;SC;Privada;61;598.59;601.65;572.7;633.3;694.1;620.07
377;Brodowski;SP;Privada;17;592.96;573.0;567.41;646.98;720.0;620.07
378;Resende;RJ;Privada;180;583.42;597.65;563.33;632.03;723.89;620.06
379;Vila Velha;ES;Privada;736;575.45;588.25;559.48;622.31;754.43;619.98
380;Caraguatatuba;SP;Federal;24;583.2;579.35;565.25;660.36;711.67;619.96
381;Tucano;BA;Privada;25;584.65;593.17;559.19;602.49;760.0;619.9
382;Xanxerê;SC;Federal;55;585.82;596.71;560.3;627.89;728.73;619.89
383;Carmo;RJ;Privada;12;582.32;590.55;559.35;610.46;756.67;619.87
384;Joinville;SC;Federal;89;589.46;601.79;567.93;653.93;686.07;619.84
385;Jaguaruana;CE;Privada;10;570.45;566.61;558.08;639.89;764.0;619.81
386;Cascavel;PR;Federal;78;586.6;596.58;581.34;621.38;713.08;619.8
387;Diamantina;MG;Federal;39;583.52;592.91;556.35;622.74;743.08;619.72
388;Papagaios;MG;Privada;7;579.43;569.09;548.83;586.6;814.29;619.65
389;Tupi Paulista;SP;Privada;14;569.51;586.71;556.89;642.2;742.86;619.63
390;Mariana;MG;Privada;21;575.55;609.95;567.77;594.34;750.48;619.62
391;Pedro Leopoldo;MG;Privada;57;582.62;586.69;564.98;636.25;727.02;619.51
392;Santa Fé do Sul;SP;Privada;33;574.12;578.18;568.73;652.85;723.64;619.5
393;Macaé;RJ;Privada;294;576.43;584.22;557.06;616.51;762.99;619.44
394;Orlândia;SP;Privada;63;563.06;566.93;559.78;591.56;815.56;619.38
395;Quixeramobim;CE;Privada;22;578.7;583.55;562.09;624.15;748.18;619.34
396;Tangará da Serra;MT;Privada;66;574.26;578.25;553.35;603.1;787.27;619.25
397;Bambuí;MG;Privada;10;595.0;597.7;561.71;619.59;722.0;619.2
398;Ribeirão Preto;SP;Privada;1586;582.31;587.15;563.93;627.76;734.39;619.11
399;Florianópolis;SC;Privada;1131;584.73;598.94;568.76;640.22;702.16;618.96
400;Osório;RS;Federal;62;587.23;606.73;562.88;628.15;709.68;618.93
401;Araguari;MG;Privada;113;577.68;579.29;555.07;618.53;764.07;618.93
402;Potirendaba;SP;Privada;7;560.04;604.73;570.86;650.46;708.57;618.93
403;Teófilo Otoni;MG;Federal;43;582.17;581.82;545.11;610.97;774.42;618.9
404;Ceres;GO;Privada;48;569.31;571.1;553.04;617.51;782.92;618.78
405;Carlos Chagas;MG;Privada;3;591.4;566.67;543.13;671.87;720.0;618.61
406;Taiobeiras;MG;Privada;20;567.16;572.41;529.24;631.6;792.0;618.48
407;Franca;SP;Privada;451;579.17;585.3;553.92;632.72;741.24;618.47
408;Rio das Ostras;RJ;Privada;221;577.51;581.18;552.5;615.88;765.25;618.46
409;Palmares Paulista;SP;Estadual;2;603.8;562.35;549.0;627.05;750.0;618.44
410;Nova Granada;SP;Privada;25;573.93;608.2;567.76;625.48;716.8;618.43
411;Londrina;PR;Privada;950;589.1;602.81;572.22;648.43;679.43;618.4
412;Luisburgo;MG;Estadual;5;561.46;597.58;508.42;564.34;860.0;618.36
413;Caxias do Sul;RS;Federal;67;586.5;592.36;561.61;656.27;694.93;618.33
414;Salto;SP;Privada;104;584.35;588.95;565.81;628.27;724.04;618.28
415;Três Passos;RS;Privada;22;584.23;599.01;563.63;633.98;710.0;618.17
416;Santiago;RS;Privada;48;585.11;592.45;541.85;626.83;744.58;618.16
417;São José do Rio Pardo;SP;Privada;80;578.64;588.42;566.32;603.5;753.75;618.13
418;Teixeiras;MG;Privada;1;568.1;623.1;534.5;644.9;720.0;618.12
419;Nova Serrana;MG;Privada;25;569.62;578.72;551.72;639.18;751.2;618.09
420;Machado;MG;Privada;35;566.95;574.96;553.45;633.97;761.14;618.09
421;Itapetinga;BA;Privada;52;570.55;589.33;550.78;629.63;749.23;617.9
422;Chapadão do Céu;GO;Privada;10;577.5;608.73;594.89;659.46;648.0;617.72
423;Feliz;RS;Federal;16;592.77;600.91;572.46;646.67;675.0;617.56
424;Sapiranga;RS;Privada;9;577.42;578.21;568.33;634.21;728.89;617.41
425;Três Arroios;RS;Estadual;8;556.29;566.98;522.51;637.59;802.5;617.17
426;Cruz das Almas;BA;Privada;90;581.5;585.12;562.3;611.37;744.67;616.99
427;Itu;SP;Privada;174;578.05;591.34;565.49;643.67;706.21;616.95
428;São Manuel;SP;Privada;39;587.67;608.68;570.81;632.58;684.62;616.87
429;Simão Dias;SE;Privada;24;562.84;585.24;545.52;579.72;810.83;616.83
430;Ituiutaba;MG;Privada;76;578.06;591.27;554.91;624.32;734.74;616.66
431;Mercês;MG;Privada;2;550.35;612.0;561.95;598.65;760.0;616.59
432;Porto Alegre;RS;Federal;141;599.54;593.56;561.97;638.88;688.79;616.55
433;União da Vitória;PR;Federal;62;598.56;604.94;575.01;620.44;682.58;616.31
434;Itabirito;MG;Privada;8;558.94;569.16;551.66;606.66;795.0;616.29
435;Fazenda Rio Grande;PR;Privada;31;572.29;603.62;570.05;619.78;714.84;616.12
436;Caçu;GO;Privada;10;559.34;598.99;584.79;649.21;688.0;616.07
437;Tupaciguara;MG;Privada;8;592.31;616.92;549.7;648.05;672.5;615.9
438;Muriaé;MG;Privada;72;560.22;571.28;555.54;634.0;758.33;615.87
439;Não-Me-Toque;RS;Privada;7;573.41;609.74;589.9;626.07;680.0;615.83
440;Bom Despacho;MG;Privada;38;583.06;571.7;555.74;630.16;738.42;615.82
441;Remanso;BA;Privada;28;555.33;577.3;555.48;613.86;777.14;615.82
442;Luziânia;GO;Federal;59;580.76;592.99;566.5;605.84;732.88;615.8
443;Bragança Paulista;SP;Federal;63;593.95;590.24;545.54;629.49;719.68;615.78
444;Dourados;MS;Privada;297;567.85;570.12;565.26;610.56;764.92;615.74
445;Vinhedo;SP;Privada;173;583.34;587.89;553.59;622.62;731.21;615.73
446;Petrópolis;RJ;Privada;542;577.12;588.41;556.56;624.19;731.92;615.64
447;São Carlos;SP;Federal;38;591.96;598.78;564.26;625.5;697.37;615.57
448;Pilar do Sul;SP;Privada;21;584.13;591.72;572.1;675.21;654.29;615.49
449;Brumadinho;MG;Privada;21;582.29;587.78;565.06;651.66;690.48;615.45
450;Farroupilha;RS;Privada;13;580.74;602.52;545.92;609.32;738.46;615.39
451;Bocaiúva;MG;Privada;43;555.1;572.43;540.48;606.06;802.79;615.37
452;Feira de Santana;BA;Privada;789;579.22;584.6;555.57;612.95;744.21;615.31
453;Campos Gerais;MG;Privada;20;562.68;580.56;562.62;629.16;741.0;615.21
454;Passo Fundo;RS;Privada;193;587.07;591.38;553.42;614.8;729.02;615.14
455;Brumado;BA;Privada;45;569.98;597.08;564.51;611.61;732.44;615.12
456;São Bernardo do Campo;SP;Privada;1079;583.97;593.68;564.1;638.57;694.79;615.02
457;Guarará;MG;Estadual;1;590.8;644.1;551.3;648.8;640.0;615.0
458;São Roque de Minas;MG;Privada;4;608.98;599.38;556.22;590.4;720.0;615.0
459;Curitiba;PR;Privada;3829;583.19;592.72;563.33;637.26;698.22;614.95
460;Sorocaba;SP;Privada;800;581.68;586.49;564.96;635.05;706.48;614.93
461;Recife;PE;Privada;3374;577.59;579.55;549.32;626.83;741.26;614.91
462;Araraquara;SP;Privada;349;583.99;586.03;562.31;616.76;724.87;614.79
463;Astorga;PR;Privada;13;562.94;576.31;556.54;610.28;767.69;614.75
464;Lagarto;SE;Federal;63;578.66;585.92;548.04;613.68;747.3;614.72
465;Ipanguaçu;RN;Federal;69;577.94;598.06;556.96;615.29;725.22;614.69
466;Mato Queimado;RS;Estadual;5;588.28;604.42;510.04;594.36;776.0;614.62
467;João Pinheiro;MG;Privada;33;570.6;577.17;551.0;619.75;754.55;614.61
468;Sertãozinho;SP;Federal;59;594.15;599.99;573.69;614.26;690.85;614.59
469;Campinas;SP;Federal;25;577.22;603.11;576.98;661.13;654.4;614.57
470;Barão de Cocais;MG;Privada;45;577.29;598.98;564.98;627.07;704.44;614.55
471;Igaraçu do Tietê;SP;Municipal;1;623.9;661.6;489.1;578.1;720.0;614.54
472;Jales;SP;Privada;73;574.31;590.68;562.14;633.42;711.51;614.41
473;Campo Grande;MS;Privada;1218;573.87;580.28;557.48;620.51;739.9;614.41
474;Penápolis;SP;Privada;97;587.09;598.2;577.09;628.53;681.03;614.39
475;Leme;SP;Privada;52;581.28;591.84;559.23;634.95;704.62;614.38
476;Santana de Parnaíba;SP;Privada;130;587.17;585.4;557.93;644.98;696.31;614.36
477;Cantagalo;RJ;Privada;12;596.91;591.25;548.95;606.16;728.33;614.32
478;Tanabi;SP;Privada;43;582.42;583.89;560.05;605.31;739.53;614.24
479;Rio Pomba;MG;Privada;10;575.41;597.02;539.85;598.7;760.0;614.2
480;Catanduva;SP;Privada;200;579.95;585.76;557.35;610.34;736.2;613.92
481;Barbacena;MG;Privada;161;576.18;583.15;551.82;625.2;733.17;613.9
482;Esmeraldas;MG;Privada;8;569.51;572.26;527.88;599.8;800.0;613.89
483;Colinas do Tocantins;TO;Privada;21;557.2;565.86;539.58;616.17;790.48;613.86
484;Cianorte;PR;Privada;92;576.06;596.16;561.65;629.25;706.09;613.84
485;Castelo;ES;Privada;10;578.8;586.23;542.09;593.86;768.0;613.8
486;Altônia;PR;Privada;3;556.7;572.7;553.6;639.1;746.67;613.75
487;Matão;SP;Privada;35;578.73;591.45;556.82;613.67;728.0;613.73
488;Bragança Paulista;SP;Privada;226;577.95;584.95;561.74;633.32;710.35;613.66
489;Três Corações;MG;Federal;48;575.79;570.76;535.55;593.07;792.92;613.62
490;Guaratinguetá;SP;Privada;113;581.11;592.39;561.91;623.05;708.67;613.43
491;Campina Grande;PB;Privada;937;568.8;574.83;543.18;604.8;774.98;613.32
492;Taquari;RS;Privada;10;590.62;588.77;559.5;598.86;728.0;613.15
493;Marechal Cândido Rondon;PR;Privada;104;569.26;582.1;551.31;625.73;737.31;613.14
494;Chapecó;SC;Privada;182;580.36;594.14;565.85;625.3;699.56;613.04
495;Travesseiro;RS;Estadual;1;571.0;555.3;581.6;617.1;740.0;613.0
496;Petrolina;PE;Privada;476;572.44;578.02;553.1;614.74;746.22;612.91
497;Almirante Tamandaré;PR;Privada;2;549.45;552.65;555.5;636.8;770.0;612.88
498;Itapiranga;SC;Privada;10;545.08;574.65;550.67;577.85;816.0;612.85
499;Anápolis;GO;Privada;314;575.1;578.15;555.13;612.19;743.06;612.73
500;Caconde;SP;Privada;7;566.34;566.03;544.53;666.57;720.0;612.69
501;Assis;SP;Privada;104;575.72;583.85;552.74;613.65;737.31;612.65
502;Birigui;SP;Privada;87;573.02;578.5;565.18;632.55;714.02;612.65
503;Toledo;PR;Privada;199;573.14;581.3;562.03;624.61;721.81;612.58
504;Campo Maior;PI;Privada;49;563.24;575.28;546.82;604.35;773.06;612.55
505;Monte Mor;SP;Privada;4;565.25;619.38;545.52;652.35;680.0;612.5
506;Fortaleza;CE;Federal;376;579.99;583.09;547.4;621.43;730.32;612.45
507;São Mateus;ES;Privada;62;573.51;566.08;556.57;606.04;760.0;612.44
508;Mococa;SP;Privada;89;571.85;569.55;560.66;608.18;751.69;612.39
509;Colíder;MT;Privada;8;544.65;577.17;564.96;619.94;755.0;612.34
510;Muzambinho;MG;Privada;9;588.7;583.56;550.03;592.48;746.67;612.29
511;Itumbiara;GO;Federal;34;568.35;575.77;561.65;611.57;744.12;612.29
512;Currais Novos;RN;Federal;140;576.46;578.66;553.27;614.77;738.14;612.26
513;Curvelo;MG;Privada;48;549.35;564.1;540.66;612.3;794.58;612.2
514;Barra Bonita;SP;Privada;41;580.51;580.88;559.95;646.94;692.68;612.19
515;Pirassununga;SP;Privada;148;575.98;581.61;565.16;620.32;717.7;612.15
516;Piracicaba;SP;Privada;511;578.13;588.93;558.35;630.02;704.89;612.06
517;Maricá;RJ;Federal;29;587.3;596.58;542.39;628.23;705.52;612.0
518;Rio Claro;SP;Privada;269;581.0;585.03;556.89;630.87;705.5;611.86
519;Santa Clara d'Oeste;SP;Estadual;1;582.8;623.6;514.5;738.0;600.0;611.78
520;Serra;ES;Privada;218;570.06;573.54;545.8;605.19;764.31;611.78
521;Paracambi;RJ;Federal;98;584.66;594.34;556.96;620.45;702.24;611.73
522;Carmo do Rio Claro;MG;Privada;24;565.65;572.02;551.06;604.49;765.0;611.64
523;Cachoeira do Sul;RS;Privada;95;590.13;597.07;545.62;599.97;724.84;611.53
524;Tubarão;SC;Privada;170;569.94;581.75;547.09;617.45;741.06;611.46
525;Ariquemes;RO;Privada;21;569.99;565.84;564.79;645.5;710.48;611.32
526;Vanini;RS;Estadual;1;588.4;589.8;544.8;713.4;620.0;611.28
527;Jundiaí;SP;Privada;790;581.43;589.67;558.79;637.2;689.29;611.27
528;Indaiatuba;SP;Privada;304;578.5;589.01;563.84;621.95;702.3;611.12
529;Malhador;SE;Privada;17;536.02;556.29;553.6;559.8;849.41;611.03
530;Macaé;RJ;Municipal;51;585.01;582.78;554.99;614.65;717.65;611.01
531;Tietê;SP;Privada;65;568.43;576.98;546.61;620.8;742.15;611.0
532;Vitória da Conquista;BA;Privada;467;573.99;573.93;545.75;611.55;749.59;610.96
533;Resende;RJ;Federal;7;587.44;601.43;545.76;585.73;734.29;610.93
534;Socorro;SP;Privada;42;580.25;594.91;564.46;631.03;683.81;610.89
535;Perdões;MG;Privada;20;561.58;555.13;552.14;625.55;760.0;610.88
536;Nova Soure;BA;Privada;8;586.21;590.84;581.89;590.34;705.0;610.86
537;Guimarânia;MG;Estadual;3;568.23;582.47;553.2;643.47;706.67;610.81
538;Erechim;RS;Privada;113;577.58;586.97;557.14;634.31;698.05;610.81
539;Pindamonhangaba;SP;Privada;109;574.73;584.31;556.23;613.88;724.22;610.68
540;Paracatu;MG;Privada;56;572.54;584.18;557.5;615.43;723.21;610.57
541;São Roque;SP;Federal;36;583.12;598.47;563.42;608.2;699.44;610.53
542;Espírito Santo do Pinhal;SP;Privada;25;578.97;581.94;543.6;602.54;745.6;610.53
543;Quedas do Iguaçu;PR;Federal;10;585.16;592.67;556.05;630.48;688.0;610.47
544;Atibaia;SP;Privada;229;577.69;590.93;560.19;625.38;697.73;610.38
545;Nhandeara;SP;Privada;10;575.82;585.28;549.43;577.34;764.0;610.37
546;Parnamirim;RN;Federal;118;580.73;589.53;561.92;619.7;699.83;610.34
547;Criciúma;SC;Federal;60;577.22;569.39;578.67;658.28;668.0;610.31
548;São João Evangelista;MG;Federal;101;574.61;574.17;541.62;617.77;743.17;610.27
549;Coronel Fabriciano;MG;Privada;79;558.43;547.82;518.21;615.69;810.89;610.21
550;Pirapozinho;SP;Privada;27;568.1;590.94;559.78;609.12;722.96;610.18
551;Barreiras;BA;Federal;161;577.8;573.83;549.37;606.45;743.23;610.14
552;João Pessoa;PB;Privada;2158;568.85;571.27;543.96;609.53;756.84;610.09
553;Alto Bela Vista;SC;Estadual;4;574.2;569.55;555.42;586.3;765.0;610.09
554;São Ludgero;SC;Privada;7;578.49;579.01;557.57;614.99;720.0;610.01
555;Rio Verde;GO;Privada;170;571.58;576.12;558.25;616.19;727.76;609.98
556;Jaboticaba;RS;Estadual;9;561.09;585.23;533.79;578.38;791.11;609.92
557;Pinheiral;RJ;Federal;88;582.41;597.77;551.53;605.15;712.73;609.92
558;Janaúba;MG;Federal;23;574.35;569.67;533.73;610.56;760.87;609.84
559;Garanhuns;PE;Federal;107;578.17;578.53;555.06;610.17;726.73;609.73
560;Maria da Fé;MG;Privada;20;578.54;575.98;547.17;650.92;696.0;609.72
561;Jataí;GO;Privada;137;567.71;572.08;550.45;599.86;758.25;609.67
562;Ibatiba;ES;Federal;87;561.65;577.94;568.17;601.14;739.31;609.64
563;Pompéia;SP;Privada;39;566.4;578.92;546.12;616.27;740.51;609.64
564;Catolé do Rocha;PB;Federal;50;564.95;563.66;541.94;589.21;788.4;609.63
565;Cravinhos;SP;Privada;12;574.25;584.8;583.18;639.18;666.67;609.62
566;Campinas;SP;Privada;1306;577.33;588.63;557.65;625.9;697.79;609.46
567;Itaperuna;RJ;Privada;73;575.68;576.74;553.5;617.4;723.84;609.43
568;Guariba;SP;Privada;13;560.98;579.25;572.28;615.63;718.46;609.32
569;Taubaté;SP;Privada;432;580.3;584.53;555.34;621.83;704.54;609.31
570;Cunhataí;SC;Estadual;3;560.93;588.03;564.77;626.1;706.67;609.3
571;Venda Nova do Imigrante;ES;Federal;117;571.91;583.56;558.91;638.1;693.5;609.2
572;Sorriso;MT;Privada;70;574.48;577.27;559.61;616.46;717.71;609.11
573;Arraial do Cabo;RJ;Federal;63;601.21;583.93;551.23;639.59;669.52;609.1
574;Campanha;MG;Privada;23;580.51;573.6;549.16;603.95;738.26;609.1
575;Bom Jesus;PI;Federal;11;566.49;556.36;520.65;649.19;752.73;609.08
576;Natal;RN;Privada;1847;572.27;572.99;547.47;603.48;748.96;609.03
577;Presidente Venceslau;SP;Privada;45;574.45;598.68;560.73;609.7;700.89;608.89
578;Rio de Janeiro;RJ;Privada;10795;577.82;580.72;545.85;615.23;724.83;608.89
579;Santo Augusto;RS;Federal;48;563.22;580.34;550.84;624.42;724.58;608.68
580;Piracicaba;SP;Federal;34;584.04;592.67;559.42;621.94;684.71;608.56
581;Patrocínio;MG;Privada;70;557.43;551.42;544.5;601.07;788.0;608.49
582;Botucatu;SP;Privada;301;582.87;587.64;561.89;621.92;687.97;608.46
583;Iguaí;BA;Privada;15;574.59;566.86;547.61;598.57;754.67;608.46
584;Boquim;SE;Privada;32;566.82;557.48;539.58;577.65;800.0;608.31
585;São José de Ribamar;MA;Privada;41;575.01;576.14;554.23;580.56;755.61;608.31
586;Guarulhos;SP;Federal;46;587.44;597.07;551.01;616.1;689.57;608.24
587;Descalvado;SP;Privada;34;570.8;568.0;550.38;594.78;756.47;608.09
588;Aracaju;SE;Privada;1917;565.39;568.69;543.83;596.14;766.12;608.04
589;Uberlândia;MG;Federal;149;577.23;586.73;546.07;611.35;718.79;608.04
590;Brasília;DF;Privada;5524;580.25;584.61;556.41;616.06;702.32;607.93
591;Ribeira do Pombal;BA;Privada;58;567.4;550.99;533.98;602.56;784.14;607.81
592;Votuporanga;SP;Federal;55;578.1;564.51;535.67;619.6;741.09;607.79
593;São Marcos;RS;Privada;3;643.73;621.47;547.7;585.03;640.0;607.59
594;Mafra;SC;Privada;50;576.76;591.21;576.88;631.04;661.6;607.5
595;Ijuí;RS;Estadual;175;573.22;585.57;561.73;627.6;689.37;607.5
596;Água Boa;MT;Privada;18;579.16;588.58;542.64;614.79;712.22;607.48
597;Brasília de Minas;MG;Privada;15;567.49;579.88;519.54;625.15;745.33;607.48
598;Bento Gonçalves;RS;Privada;68;576.65;587.56;550.14;625.12;697.94;607.48
599;Luzerna;SC;Federal;50;578.5;593.49;556.13;623.41;685.6;607.43
600;Jarinu;SP;Privada;6;568.8;589.92;527.48;660.75;690.0;607.39
601;Alegre;ES;Federal;118;558.79;566.67;553.07;606.36;751.36;607.25
602;Colatina;ES;Privada;79;558.76;559.49;544.27;598.94;774.68;607.23
603;Americana;SP;Privada;353;578.4;587.18;562.0;627.95;680.57;607.22
604;Jacareí;SP;Federal;54;590.73;588.99;549.47;612.39;694.44;607.21
605;Braço do Norte;SC;Privada;13;559.88;577.67;562.19;604.85;730.77;607.07
606;Balneário Camboriú;SC;Privada;203;579.3;571.49;551.31;610.88;722.36;607.07
607;Caicó;RN;Privada;117;553.96;568.49;538.19;581.98;792.31;606.99
608;Rubinéia;SP;Estadual;2;567.65;509.05;527.6;610.35;820.0;606.93
609;Russas;CE;Privada;25;564.16;567.4;523.06;603.72;776.0;606.87
610;Pato Branco;PR;Privada;219;578.58;589.37;551.46;626.42;688.49;606.86
611;Ibirubá;RS;Federal;45;579.7;591.68;551.43;618.09;693.33;606.85
612;São Borja;RS;Privada;8;580.83;550.42;518.75;596.72;787.5;606.84
613;Maringá;PR;Privada;820;575.7;581.87;556.12;608.7;711.71;606.82
614;Cajazeiras;PB;Federal;137;570.24;578.93;539.83;611.73;733.28;606.8
615;Crato;CE;Privada;112;555.2;568.67;549.55;606.25;754.29;606.79
616;Sombrio;SC;Privada;5;556.0;542.9;563.08;575.76;796.0;606.75
617;Linhares;ES;Privada;89;559.99;561.84;543.29;608.58;759.33;606.61
618;Paranaíba;MS;Privada;31;569.55;591.13;549.22;616.63;706.45;606.6
619;Itaverava;MG;Estadual;2;556.3;556.15;536.7;643.2;740.0;606.47
620;Ouro Preto;MG;Federal;210;580.98;583.12;542.63;617.46;708.1;606.46
621;Ipiaú;BA;Privada;71;568.98;575.72;549.94;602.73;734.93;606.46
622;Porto Velho;RO;Privada;257;571.49;572.55;552.97;604.32;730.89;606.45
623;Morretes;PR;Privada;3;592.4;625.07;540.4;607.2;666.67;606.35
624;Palmital;SP;Privada;6;570.27;568.0;518.1;598.58;776.67;606.32
625;Goiânia;GO;Municipal;1;612.7;629.6;528.1;641.0;620.0;606.28
626;Andradas;MG;Privada;47;577.69;562.85;560.81;620.11;708.51;605.99
627;Quixeré;CE;Privada;10;554.22;537.53;536.68;607.51;794.0;605.99
628;Joaçaba;SC;Privada;73;576.36;594.38;551.03;617.38;690.68;605.97
629;Limeira;SP;Privada;293;574.71;578.39;558.22;624.55;693.79;605.93
630;Mirassol;SP;Privada;52;580.37;578.11;556.39;614.9;699.62;605.88
631;Rio Tinto;PB;Privada;7;577.59;590.11;570.83;605.17;685.71;605.88
632;Lucas do Rio Verde;MT;Federal;45;587.68;581.04;572.91;620.89;666.67;605.84
633;Teofilândia;BA;Privada;40;551.87;569.33;525.84;595.24;786.5;605.76
634;Araçatuba;SP;Privada;209;577.15;583.61;557.92;615.33;694.74;605.75
635;Três Rios;RJ;Privada;157;571.31;581.48;549.34;600.88;724.97;605.6
636;Itapira;SP;Privada;54;575.71;581.41;556.93;615.6;698.15;605.56
637;Martinópolis;SP;Privada;17;562.56;572.91;559.75;645.34;687.06;605.52
638;Palmeira;PR;Privada;35;563.51;608.78;577.57;643.87;633.71;605.49
639;Jataí;GO;Federal;43;563.99;573.85;548.76;588.94;750.23;605.16
640;Presidente Bernardes;SP;Privada;17;554.0;584.59;542.44;586.95;757.65;605.13
641;Alta Floresta;MT;Privada;26;557.11;568.0;533.73;595.93;770.77;605.11
642;Cabo Frio;RJ;Federal;70;585.18;580.06;542.0;592.51;725.14;604.98
643;Cerqueira César;SP;Privada;14;584.12;618.01;564.67;617.86;640.0;604.93
644;Imperatriz;MA;Privada;294;555.35;551.37;534.35;595.52;788.03;604.92
645;Pontalina;GO;Privada;5;556.5;565.0;518.26;584.7;800.0;604.89
646;Timbó;SC;Privada;10;590.51;604.44;546.13;614.91;668.0;604.8
647;Imperatriz;MA;Federal;156;571.8;572.43;558.05;617.91;703.72;604.78
648;Nazaré da Mata;PE;Privada;42;566.01;571.9;539.57;572.11;774.29;604.78
649;Monte Alto;SP;Privada;73;564.8;560.6;548.39;614.96;735.07;604.76
650;Santo Antônio de Pádua;RJ;Federal;44;571.57;571.04;544.35;595.87;740.91;604.75
651;Campo Mourão;PR;Privada;88;575.17;582.74;551.95;611.37;702.05;604.65
652;Rio Branco;AC;Privada;306;568.51;563.59;541.2;570.98;778.69;604.59
653;Lagoa Vermelha;RS;Privada;21;562.89;557.88;534.6;588.11;779.05;604.51
654;Cícero Dantas;BA;Privada;6;553.85;579.77;496.85;591.52;800.0;604.4
655;Turvolândia;MG;Estadual;1;557.3;553.7;561.2;589.7;760.0;604.38
656;Bariri;SP;Privada;38;567.62;581.63;561.02;640.24;671.05;604.31
657;Auriflama;SP;Privada;13;579.45;567.97;555.02;623.19;695.38;604.2
658;Guaíra;SP;Privada;53;563.32;567.56;552.8;607.86;729.43;604.19
659;Ivoti;RS;Privada;29;597.89;569.81;529.34;613.52;710.34;604.18
660;Pelotas;RS;Privada;348;578.91;575.41;542.97;610.8;712.76;604.17
661;Pompéu;MG;Privada;8;551.83;559.06;555.09;610.95;742.5;603.88
662;Cerquilho;SP;Privada;43;578.07;571.17;558.11;625.46;686.51;603.86
663;São Paulo;SP;Privada;13498;579.05;582.88;553.04;625.94;678.4;603.86
664;Videira;SC;Privada;19;570.64;566.92;554.61;626.84;700.0;603.8
665;Japaraíba;MG;Estadual;10;537.87;572.6;518.32;641.41;748.0;603.64
666;Araguaína;TO;Federal;50;582.32;591.15;561.86;602.47;679.6;603.48
667;Itajaí;SC;Privada;202;578.4;580.91;555.32;608.72;693.76;603.42
668;Barreiras;BA;Privada;182;557.97;559.2;549.19;573.34;777.36;603.41
669;Rio do Sul;SC;Privada;107;570.92;581.84;557.11;635.46;671.21;603.31
670;Afogados da Ingazeira;PE;Federal;31;570.08;563.84;539.06;595.1;747.74;603.16
671;Ponte Nova;MG;Privada;75;566.37;558.35;538.0;583.62;769.33;603.14
672;Campos dos Goytacazes;RJ;Privada;407;573.4;577.94;543.83;604.48;716.07;603.14
673;Uberaba;MG;Federal;161;576.5;578.86;549.37;605.12;705.59;603.09
674;Pedreiras;MA;Federal;48;552.93;568.17;545.78;568.79;779.58;603.05
675;Indaial;SC;Privada;7;580.01;574.59;562.47;646.11;651.43;602.92
676;Comendador Levy Gasparian;RJ;Estadual;4;569.92;584.52;513.72;565.3;780.0;602.69
677;Fartura;SP;Privada;7;575.54;623.27;545.39;632.07;637.14;602.68
678;Congonhas;MG;Privada;43;543.53;567.27;520.55;590.83;791.16;602.67
679;São José;SC;Federal;59;571.12;583.76;556.59;637.75;663.39;602.52
680;Garibaldi;RS;Privada;8;571.64;534.8;572.58;645.98;687.5;602.5
681;Paulo Afonso;BA;Federal;62;567.57;579.56;553.61;588.64;722.9;602.46
682;São Luís;MA;Privada;1532;564.24;569.5;537.82;589.55;751.06;602.43
683;Navegantes;SC;Privada;26;593.77;599.9;540.47;613.03;664.62;602.36
684;Santa Salete;SP;Estadual;7;571.09;550.69;530.81;607.51;751.43;602.31
685;Cataguases;MG;Privada;83;570.19;565.12;545.73;603.18;726.99;602.24
686;Trindade;GO;Privada;39;559.35;569.8;554.82;587.64;739.49;602.22
687;Francisco Sá;MG;Privada;12;543.18;546.53;534.46;585.15;801.67;602.2
688;Jequitibá;MG;Estadual;2;529.8;568.35;535.25;627.55;750.0;602.19
689;Tupã;SP;Federal;20;589.42;597.28;552.51;611.43;660.0;602.13
690;Espera Feliz;MG;Privada;15;566.97;568.95;522.71;598.66;753.33;602.13
691;Serra Negra;SP;Privada;17;569.45;588.49;560.51;621.31;670.59;602.07
692;Cruzeiro;SP;Privada;136;566.89;569.38;545.43;613.78;714.71;602.04
693;Bananal;SP;Estadual;1;543.0;599.4;512.0;615.8;740.0;602.04
694;Feira de Santana;BA;Federal;81;583.08;578.52;549.85;598.34;700.25;602.01
695;Serrinha;BA;Privada;63;560.37;564.69;536.08;582.19;766.67;602.0
696;Pederneiras;SP;Privada;52;582.25;580.5;551.54;608.74;686.92;601.99
697;Marabá;PA;Privada;216;556.42;563.57;534.82;582.71;772.41;601.98
698;Batatais;SP;Privada;66;573.71;581.77;540.05;610.33;703.94;601.96
699;Pacajus;CE;Privada;65;549.61;559.2;544.65;592.01;764.31;601.95
700;Oeiras;PI;Privada;41;551.44;552.21;534.14;588.46;783.41;601.93
701;Dois Córregos;SP;Estadual;3;601.4;590.17;546.3;598.4;673.33;601.92
702;Nova Cruz;RN;Federal;134;558.95;558.39;535.31;603.54;753.13;601.87
703;Goianésia;GO;Privada;24;561.18;559.35;545.63;591.28;751.67;601.82
704;Itaguaí;RJ;Federal;78;581.06;589.84;557.82;642.39;637.69;601.76
705;Salvador;BA;Privada;3792;569.34;569.66;543.55;593.94;731.91;601.68
706;Montanha;ES;Federal;87;570.15;569.0;541.24;601.09;726.44;601.58
707;Trindade;GO;Federal;45;568.46;571.01;550.74;609.5;708.0;601.54
708;Pontal;SP;Privada;28;566.33;562.91;544.09;619.64;714.29;601.45
709;Ribeirão das Neves;MG;Privada;9;558.3;616.72;540.13;591.74;700.0;601.38
710;Santo Antônio de Jesus;BA;Privada;102;568.96;570.98;556.61;600.23;709.8;601.32
711;Nova Petrópolis;RS;Privada;34;575.94;583.46;528.76;608.88;709.41;601.29
712;Santos Dumont;MG;Federal;34;567.03;573.71;547.79;613.64;704.12;601.26
713;São Mateus do Sul;PR;Privada;21;575.28;591.69;561.85;629.83;647.62;601.25
714;Itabaianinha;SE;Privada;25;543.08;532.14;515.98;559.12;855.2;601.1
715;Umuarama;PR;Federal;53;582.35;582.39;559.72;630.44;649.81;600.94
716;Jundiaí;SP;Federal;33;574.1;586.43;531.95;586.06;726.06;600.92
717;São Gotardo;MG;Privada;38;566.58;556.28;543.69;621.35;716.32;600.84
718;Ibarama;RS;Estadual;5;551.18;511.9;509.62;599.38;832.0;600.82
719;São Miguel do Oeste;SC;Federal;65;571.69;567.21;547.99;597.06;719.69;600.73
720;Foz do Iguaçu;PR;Federal;73;574.7;585.05;562.55;606.05;674.52;600.58
721;Guaraí;TO;Privada;11;556.31;583.47;534.61;552.12;776.36;600.57
722;Francisco Beltrão;PR;Privada;130;572.92;582.75;558.91;613.04;674.92;600.51
723;Barbalha;CE;Privada;46;555.49;551.67;531.42;592.59;771.3;600.5
724;Santo Antônio de Pádua;RJ;Privada;29;551.95;536.34;541.34;591.46;781.38;600.49
725;Blumenau;SC;Federal;76;578.06;581.35;559.79;646.84;636.05;600.42
726;Santa Cruz do Rio Pardo;SP;Privada;75;582.33;587.55;550.76;626.72;654.67;600.41
727;Rincão;SP;Privada;16;581.38;588.17;551.58;573.2;707.5;600.37
728;Ouro Fino;MG;Privada;25;566.22;578.32;553.98;628.78;674.4;600.34
729;Mogi Mirim;SP;Privada;78;576.22;580.34;554.13;615.83;674.62;600.23
730;Presidente Prudente;SP;Privada;356;577.78;574.99;550.26;620.74;677.3;600.22
731;Aracruz;ES;Privada;99;561.46;566.08;548.02;603.04;722.42;600.2
732;Bebedouro;SP;Privada;127;577.27;570.33;552.37;616.61;684.25;600.17
733;Vilhena;RO;Privada;22;571.79;579.65;562.22;628.08;659.09;600.17
734;Mutum;MG;Privada;9;570.64;590.16;530.96;619.91;688.89;600.11
735;Guanambi;BA;Privada;43;565.35;568.22;530.95;601.51;734.42;600.09
736;Carvalhópolis;MG;Estadual;6;578.15;547.37;509.2;575.6;790.0;600.06
737;Santa Maria de Jetibá;ES;Federal;48;570.16;580.12;543.47;596.03;710.42;600.04
738;Itaocara;RJ;Privada;40;557.34;553.88;536.31;595.14;756.5;599.84
739;Poço Fundo;MG;Privada;8;578.51;594.89;532.25;613.35;680.0;599.8
740;Paranapanema;SP;Municipal;2;533.75;540.45;497.9;566.85;860.0;599.79
741;Iporá;GO;Privada;6;561.7;538.3;520.88;577.95;800.0;599.77
742;João Pessoa;PB;Federal;323;567.28;566.96;530.63;599.74;734.18;599.76
743;Caeté;MG;Privada;10;543.89;570.94;524.12;578.9;780.0;599.57
744;Pirapetinga;MG;Privada;10;561.58;590.87;539.89;627.27;678.0;599.52
745;Campos dos Goytacazes;RJ;Federal;151;577.72;582.64;548.98;607.88;680.4;599.52
746;Redenção;CE;Privada;4;546.2;538.17;524.7;543.52;845.0;599.52
747;Almenara;MG;Federal;69;559.89;564.41;525.63;596.22;751.3;599.49
748;Avaré;SP;Privada;79;574.33;582.15;553.38;628.27;659.24;599.47
749;Jaru;RO;Municipal;1;545.2;573.1;493.4;545.5;840.0;599.44
750;São Bento do Sul;SC;Federal;57;584.13;583.71;547.35;615.25;665.96;599.28
751;Itaberaba;BA;Privada;34;567.72;583.34;542.61;591.69;710.59;599.19
752;Rolândia;PR;Privada;72;575.38;582.68;557.72;594.0;685.83;599.12
753;Umuarama;PR;Privada;171;565.75;565.49;549.63;605.67;709.01;599.11
754;Iguatu;CE;Privada;111;566.6;567.91;546.55;595.29;718.56;598.98
755;Formosa;GO;Federal;40;571.02;575.82;549.32;586.15;712.5;598.96
756;Inhumas;GO;Privada;64;565.22;565.2;546.43;587.88;730.0;598.95
757;Sombrio;SC;Federal;51;581.18;585.96;545.54;623.22;658.82;598.94
758;Ituiutaba;MG;Federal;105;567.85;571.57;553.36;602.17;699.62;598.91
759;Wenceslau Braz;MG;Estadual;4;555.95;600.7;579.02;668.1;590.0;598.76
760;Laranjeiras do Sul;PR;Privada;24;567.52;594.36;541.32;644.68;645.83;598.74
761;Camaquã;RS;Federal;71;581.7;574.17;550.15;602.26;685.35;598.73
762;Andradina;SP;Privada;91;560.54;564.03;557.65;613.04;698.24;598.7
763;Ibiá;MG;Privada;15;570.3;592.36;534.66;589.31;706.67;598.66
764;Foz do Iguaçu;PR;Privada;359;572.72;574.16;550.9;621.03;674.43;598.65
765;Londrina;PR;Federal;36;589.76;601.28;551.03;621.16;630.0;598.65
766;Campo Largo;PR;Privada;56;563.24;585.68;552.07;614.25;677.5;598.55
767;Barretos;SP;Privada;119;565.95;562.19;542.37;606.76;715.13;598.48
768;Riachão do Jacuípe;BA;Privada;33;561.45;566.03;535.63;578.11;750.91;598.42
769;Picos;PI;Privada;241;555.13;556.01;528.28;580.55;771.7;598.33
770;Arroio dos Ratos;RS;Privada;13;575.8;586.28;547.62;607.55;673.85;598.22
771;Cruz Alta;RS;Privada;24;575.2;568.32;548.97;606.64;691.67;598.16
772;Goioerê;PR;Federal;33;579.88;580.98;519.39;568.09;742.42;598.15
773;Itatiba;SP;Privada;116;568.82;575.61;557.87;635.33;653.1;598.15
774;Piúma;ES;Federal;80;573.25;581.64;541.05;604.94;689.5;598.08
775;Gaspar;SC;Privada;12;560.95;560.21;551.72;607.09;710.0;598.0
776;Guanambi;BA;Federal;73;550.89;557.28;538.28;596.85;746.58;597.97
777;São Domingos do Maranhão;MA;Privada;6;553.32;592.05;510.75;556.97;776.67;597.95
778;Pinhais;PR;Federal;38;585.13;596.96;551.51;610.68;645.26;597.91
779;Iporá;GO;Federal;53;564.89;557.12;545.68;623.33;698.49;597.9
780;Jequié;BA;Federal;68;577.75;566.77;545.56;594.32;705.0;597.88
781;Nossa Senhora da Glória;SE;Privada;38;548.11;552.97;520.75;594.66;772.63;597.82
782;Óleo;SP;Estadual;2;596.05;555.5;514.05;653.5;670.0;597.82
783;Imbituba;SC;Privada;29;569.08;585.16;551.27;622.83;660.69;597.81
784;Santo Ângelo;RS;Privada;83;583.72;575.12;539.01;597.82;693.25;597.79
785;Luz;MG;Privada;16;541.04;551.06;564.4;632.14;700.0;597.73
786;Ananindeua;PA;Federal;15;571.35;600.37;533.11;553.11;730.67;597.72
787;Teixeira de Freitas;BA;Privada;79;564.94;557.01;521.43;581.38;763.8;597.71
788;Araucária;PR;Privada;140;575.38;578.72;549.72;603.15;681.57;597.71
789;Boituva;SP;Federal;57;579.26;579.23;536.43;615.41;677.89;597.65
790;Saquarema;RJ;Privada;51;576.6;568.7;536.77;590.3;715.29;597.53
791;Canela;RS;Privada;17;568.38;602.62;541.76;600.49;674.12;597.48
792;Viçosa do Ceará;CE;Privada;24;557.68;551.88;520.51;563.1;794.17;597.47
793;Guarani;MG;Estadual;1;511.4;612.3;558.6;664.9;640.0;597.44
794;Presidente Alves;SP;Estadual;1;569.8;403.1;521.4;572.9;920.0;597.44
795;Guaíra;PR;Privada;25;554.64;551.02;540.99;606.03;734.4;597.42
796;Cuiabá;MT;Privada;1257;561.05;561.52;533.55;588.1;742.85;597.41
797;Luís Eduardo Magalhães;BA;Privada;89;556.37;564.41;545.41;577.47;743.37;597.41
798;São José;SC;Privada;419;575.39;578.58;550.29;610.64;671.98;597.38
799;Angatuba;SP;Privada;6;570.33;570.1;536.58;639.77;670.0;597.36
800;Paracambi;RJ;Privada;10;569.26;565.7;513.55;583.31;754.0;597.16
801;Sapiranga;RS;Federal;25;581.03;574.7;536.6;617.26;676.0;597.12
802;Avaí;SP;Estadual;1;634.4;619.4;466.0;665.6;600.0;597.08
803;São José dos Campos;SP;Federal;40;577.26;574.44;548.68;627.38;657.5;597.05
804;Caldas Novas;GO;Privada;53;571.89;562.88;534.06;616.7;699.62;597.03
805;Belém;PA;Privada;2936;562.61;562.81;535.36;570.5;753.64;596.99
806;Maracaí;SP;Privada;2;536.4;515.3;600.2;612.25;720.0;596.83
807;Araquari;SC;Federal;116;579.49;580.18;554.04;602.82;667.59;596.82
808;Cachoeira de Pajeú;MG;Estadual;4;559.92;579.62;497.35;631.92;715.0;596.76
809;Itaporanga;SP;Privada;12;567.88;566.86;546.32;625.47;676.67;596.64
810;Caxias;MA;Privada;39;556.36;572.23;553.01;587.77;713.85;596.64
811;Guarantã do Norte;MT;Privada;4;566.25;573.65;510.02;648.18;685.0;596.62
812;Coari;AM;Privada;3;572.37;573.23;531.03;559.43;746.67;596.55
813;Rosana;SP;Privada;24;555.8;571.78;545.18;582.83;726.67;596.45
814;Dois Vizinhos;PR;Privada;35;566.57;583.14;551.92;606.09;674.29;596.4
815;Palotina;PR;Privada;37;572.98;576.64;549.61;612.0;670.27;596.3
816;Suzano;SP;Privada;227;569.68;559.61;540.76;596.5;714.8;596.27
817;Camaçari;BA;Federal;71;578.82;574.32;538.87;594.73;694.37;596.22
818;Barracão;PR;Federal;34;577.9;598.38;542.71;592.17;669.41;596.11
819;Ipuiúna;MG;Estadual;7;572.43;596.03;542.14;595.13;674.29;596.0
820;Leopoldina;MG;Privada;71;564.57;576.67;541.5;609.74;687.04;595.91
821;Votuporanga;SP;Privada;122;568.81;553.98;547.05;618.88;690.33;595.81
822;Sorocaba;SP;Federal;22;573.65;581.65;536.88;591.43;695.45;595.81
823;Soledade;RS;Privada;7;573.91;562.64;542.04;637.53;662.86;595.8
824;Guaratuba;PR;Privada;18;567.74;569.21;578.32;629.2;634.44;595.78
825;Arroio do Padre;RS;Estadual;4;556.25;562.53;514.7;595.12;750.0;595.72
826;Itaperuna;RJ;Federal;73;567.76;563.98;542.97;592.98;710.68;595.68
827;Conchas;SP;Privada;36;573.67;582.63;563.1;633.68;625.0;595.62
828;Floresta;PE;Federal;45;554.17;554.96;521.39;587.93;759.56;595.6
829;Piedade;SP;Privada;18;577.13;567.96;558.37;601.8;672.22;595.5
830;São Miguel do Oeste;SC;Privada;67;562.25;576.15;538.06;594.4;706.57;595.49
831;Jaguaquara;BA;Privada;59;566.02;557.7;540.11;575.53;737.97;595.47
832;Gaspar;SC;Federal;52;578.31;581.35;551.12;621.37;645.0;595.43
833;Mairinque;SP;Privada;9;562.98;559.0;544.87;630.12;680.0;595.39
834;Passa Quatro;MG;Privada;17;560.46;574.43;537.89;592.07;711.76;595.32
835;Juazeiro do Norte;CE;Federal;48;553.14;571.26;546.15;604.68;701.25;595.29
836;Gandu;BA;Privada;27;571.31;557.08;543.72;586.47;717.78;595.27
837;Araguaína;TO;Privada;145;560.29;562.52;538.92;575.32;739.17;595.24
838;Mogi das Cruzes;SP;Privada;537;572.49;562.66;540.01;611.34;689.5;595.2
839;Hortolândia;SP;Federal;49;575.9;565.28;535.71;618.89;679.59;595.08
840;Canoinhas;SC;Federal;54;574.68;575.7;550.32;608.69;665.93;595.06
841;Salvador das Missões;RS;Estadual;6;552.13;583.88;556.27;572.77;710.0;595.01
842;Anapurus;MA;Privada;2;548.15;625.55;531.45;509.6;760.0;594.95
843;São Gonçalo do Amarante;RN;Federal;127;575.08;572.56;538.78;603.18;684.88;594.9
844;Fernandópolis;SP;Privada;69;568.86;560.93;542.3;592.2;709.86;594.83
845;Vargem Grande Paulista;SP;Privada;66;583.66;579.99;553.22;617.45;639.7;594.8
846;Lençóis Paulista;SP;Privada;64;569.65;567.51;543.78;582.95;709.38;594.65
847;Igarapava;SP;Privada;29;555.91;544.82;533.59;572.44;766.21;594.6
848;Barroso;MG;Privada;13;546.4;544.9;537.32;607.48;736.92;594.6
849;Ourilândia do Norte;PA;Privada;19;566.33;556.02;537.07;590.35;723.16;594.58
850;Parnamirim;RN;Privada;512;564.73;560.32;537.6;585.84;724.22;594.54
851;Atalanta;SC;Estadual;8;576.11;610.72;539.44;613.48;632.5;594.45
852;Bom Jesus da Penha;MG;Estadual;6;559.92;561.23;543.78;603.87;703.33;594.43
853;Tatuí;SP;Privada;96;576.63;571.81;545.83;624.83;652.92;594.4
854;São Miguel do Guamá;PA;Privada;11;547.68;561.3;520.36;558.98;783.64;594.39
855;Cacoal;RO;Privada;75;568.35;554.29;533.7;584.09;731.47;594.38
856;Alagoinhas;BA;Privada;126;567.09;574.14;552.7;580.99;696.83;594.35
857;Venâncio Aires;RS;Federal;39;574.6;584.87;526.06;605.85;680.0;594.28
858;Itapipoca;CE;Privada;24;548.04;542.5;540.25;617.77;722.5;594.21
859;Bragança;PA;Privada;61;546.76;541.03;513.94;569.02;800.33;594.21
860;Capanema;PR;Federal;29;574.91;593.92;555.57;604.05;642.07;594.1
861;Matão;SP;Municipal;65;584.34;588.97;551.42;617.09;628.62;594.09
862;Colombo;PR;Privada;48;565.59;582.51;541.97;590.62;689.17;593.97
863;Nazaré;BA;Privada;30;555.61;556.21;519.96;568.57;769.33;593.94
864;Goiatuba;GO;Privada;11;558.43;579.08;540.49;600.45;690.91;593.87
865;Pesqueira;PE;Federal;69;570.13;563.15;531.47;582.54;722.03;593.87
866;Santo Anastácio;SP;Privada;40;561.46;572.06;550.5;589.73;695.5;593.85
867;Catalão;GO;Federal;18;577.63;569.92;534.32;597.25;690.0;593.82
868;Sousa;PB;Privada;131;554.44;556.55;538.3;584.77;734.66;593.75
869;Lages;SC;Privada;155;569.51;576.61;553.33;603.19;665.68;593.66
870;Valença;RJ;Federal;41;571.61;573.41;547.43;587.01;688.78;593.65
871;Frutal;MG;Privada;58;562.93;552.74;531.67;571.44;749.31;593.62
872;Santos;SP;Privada;840;572.99;570.81;540.78;607.51;675.93;593.6
873;Januária;MG;Privada;6;578.23;593.88;528.0;597.85;670.0;593.59
874;Brejo do Cruz;PB;Privada;12;527.58;531.09;474.32;572.95;861.67;593.52
875;Garça;SP;Privada;55;565.89;550.17;531.87;600.69;718.91;593.51
876;Guarantã do Norte;MT;Federal;18;568.88;574.57;543.57;633.82;646.67;593.5
877;Jaguarão;RS;Municipal;1;598.0;605.8;511.3;572.3;680.0;593.48
878;Catolé do Rocha;PB;Privada;51;538.18;533.86;521.45;552.89;820.78;593.43
879;Capivari;SP;Federal;48;578.74;579.7;544.62;589.27;674.58;593.38
880;Aracati;CE;Federal;26;574.85;544.49;543.28;603.93;700.0;593.31
881;Lucas do Rio Verde;MT;Privada;40;555.88;563.2;548.98;601.88;696.5;593.29
882;Canelinha;SC;Privada;7;580.97;597.91;542.23;605.34;640.0;593.29
883;Umbaúba;SE;Privada;22;549.96;540.36;542.71;567.9;765.45;593.28
884;Jacutinga;MG;Privada;29;558.48;579.57;554.15;632.14;642.07;593.28
885;Godoy Moreira;PR;Estadual;2;573.35;635.15;507.85;569.95;680.0;593.26
886;Seabra;BA;Federal;84;558.41;557.53;528.01;574.73;747.62;593.26
887;Milagres;CE;Privada;14;542.18;559.54;531.81;566.93;765.71;593.24
888;Carapicuíba;SP;Privada;63;579.05;584.26;539.11;602.44;661.27;593.23
889;Gurupi;TO;Federal;43;578.67;578.8;537.77;572.68;698.14;593.21
890;Itabuna;BA;Privada;228;570.21;554.92;532.15;583.45;725.26;593.2
891;Iguape;SP;Privada;22;572.68;597.66;552.44;596.55;646.36;593.14
892;Santo André;SP;Privada;1250;574.73;576.25;544.57;616.65;653.12;593.06
893;Porto Franco;MA;Federal;30;578.57;568.0;540.86;575.79;702.0;593.04
894;Livramento de Nossa Senhora;BA;Privada;15;576.75;544.93;541.35;575.33;726.67;593.01
895;Nova Andradina;MS;Privada;3;602.8;590.23;539.37;619.13;613.33;592.97
896;Franco da Rocha;SP;Privada;24;573.57;595.03;527.63;583.38;685.0;592.92
897;Canoas;RS;Privada;270;579.65;566.2;532.23;598.94;687.48;592.9
898;Uruguaiana;RS;Privada;56;566.42;568.68;534.06;607.43;687.86;592.89
899;Manaus;AM;Privada;1301;561.62;577.05;535.45;587.61;702.6;592.87
900;Taquara;RS;Privada;70;571.97;559.11;534.22;590.8;707.71;592.76
901;Ipiranga;PR;Privada;1;627.4;622.6;575.6;618.0;520.0;592.72
902;Patos;PB;Privada;217;563.01;563.54;541.26;601.73;694.01;592.71
903;Piracanjuba;GO;Privada;16;557.03;543.04;519.27;584.91;758.75;592.6
904;Macaúbas;BA;Privada;13;545.4;566.08;519.91;563.63;767.69;592.54
905;Sinop;MT;Privada;250;557.17;555.52;549.8;603.18;696.88;592.51
906;Álvares Machado;SP;Privada;42;567.71;554.87;544.15;593.85;701.9;592.5
907;Inhumas;GO;Federal;41;547.77;558.43;519.77;565.12;771.22;592.46
908;Cocal do Sul;SC;Privada;17;570.06;581.59;544.85;590.5;675.29;592.46
909;Chapadão do Sul;MS;Privada;35;569.13;562.15;550.69;616.8;663.43;592.44
910;Ipu;CE;Privada;40;547.55;535.2;532.45;559.13;787.5;592.37
911;Joviânia;GO;Estadual;8;572.05;548.85;549.35;604.06;687.5;592.36
912;Floriano;PI;Federal;120;554.51;556.09;529.04;584.35;737.67;592.33
913;Apiaí;SP;Privada;8;582.08;593.14;550.36;595.98;640.0;592.31
914;Sinop;MT;Federal;42;578.08;571.64;541.91;611.7;658.1;592.29
915;Faxinal;PR;Privada;18;569.82;590.67;567.67;625.39;607.78;592.27
916;Bezerros;PE;Privada;25;570.22;555.39;548.34;540.02;747.2;592.23
917;Tijucas;SC;Privada;31;573.49;552.25;539.46;603.37;692.26;592.17
918;Arcoverde;PE;Privada;73;564.88;562.13;526.13;593.63;713.7;592.09
919;São Martinho;SC;Estadual;3;533.27;558.07;561.83;613.67;693.33;592.03
920;Jaboticabal;SP;Privada;172;565.68;555.04;537.98;610.67;690.58;591.99
921;Lins;SP;Privada;75;561.57;562.46;541.8;603.15;690.67;591.93
922;Cruzeiro do Sul;AC;Privada;23;560.28;565.38;527.3;565.62;740.87;591.89
923;Ilha Solteira;SP;Federal;35;556.56;552.97;536.11;578.16;735.43;591.85
924;Cametá;PA;Privada;102;531.17;542.46;520.3;572.7;792.55;591.84
925;Morrinhos;GO;Privada;6;540.22;563.83;523.43;608.38;723.33;591.84
926;Coromandel;MG;Privada;10;573.72;551.32;524.73;623.38;686.0;591.83
927;Caieiras;SP;Privada;72;575.92;581.07;548.97;597.43;655.28;591.74
928;Joanésia;MG;Estadual;2;600.3;607.0;579.25;561.75;610.0;591.66
929;Belém;PA;Federal;406;563.45;566.62;536.74;578.08;713.05;591.59
930;Eunápolis;BA;Privada;84;566.54;573.68;537.58;580.39;699.76;591.59
931;Barcelona;RN;Estadual;2;571.6;550.4;508.1;597.85;730.0;591.59
932;Capivari;SP;Privada;48;572.34;588.16;556.81;610.68;629.58;591.51
933;Campo Limpo Paulista;SP;Privada;75;562.49;576.62;544.82;603.16;670.4;591.5
934;Capão da Canoa;RS;Privada;35;581.67;568.45;532.69;604.22;670.29;591.47
935;Maricá;RJ;Privada;118;570.86;562.92;532.07;582.36;708.64;591.37
936;Manhumirim;MG;Privada;6;567.65;582.83;561.08;617.9;626.67;591.23
937;Caçapava do Sul;RS;Privada;5;570.52;611.66;561.14;540.72;672.0;591.21
938;Irecê;BA;Privada;177;551.93;557.88;526.63;582.02;737.51;591.2
939;Wenceslau Braz;PR;Privada;20;562.83;585.03;547.59;615.56;645.0;591.2
940;Ituporanga;SC;Privada;5;578.0;547.5;545.38;597.14;688.0;591.2
941;Itápolis;SP;Privada;39;564.32;551.55;543.57;573.49;722.56;591.1
942;Sapezal;MT;Privada;15;565.79;560.4;540.65;584.58;704.0;591.08
943;Espigão D'Oeste;RO;Privada;5;497.28;553.3;554.06;566.66;784.0;591.06
944;Camacan;BA;Privada;16;544.76;555.56;505.69;571.24;777.5;590.95
945;Guararapes;SP;Privada;59;567.11;579.54;551.59;604.92;651.53;590.94
946;Blumenau;SC;Municipal;46;570.9;593.84;547.39;587.21;655.22;590.91
947;São Luís de Montes Belos;GO;Privada;44;552.7;552.59;518.03;547.08;784.09;590.9
948;Palmeira dos Índios;AL;Federal;148;557.7;553.07;523.69;596.74;723.24;590.89
949;Dois Córregos;SP;Privada;27;564.37;545.36;536.77;580.24;727.41;590.83
950;Garopaba;SC;Federal;35;577.75;583.18;541.45;602.01;649.71;590.82
951;Osasco;SP;Privada;1027;573.49;571.47;539.73;599.29;669.97;590.79
952;Serra Talhada;PE;Privada;48;556.39;557.5;529.55;585.93;724.17;590.71
953;Entre Rios do Oeste;PR;Estadual;5;564.42;579.02;533.32;636.72;640.0;590.7
954;Olinda;PE;Privada;521;563.55;559.5;527.8;580.18;722.34;590.68
955;Barracão;PR;Privada;3;573.7;578.93;543.47;550.6;706.67;590.67
956;Tabatinga;SP;Privada;9;564.57;551.21;569.92;602.5;664.44;590.53
957;Ibirama;SC;Privada;3;558.57;612.67;568.47;672.8;540.0;590.5
958;Cuiabá;MT;Federal;387;565.21;558.79;532.32;596.79;699.28;590.48
959;Araçuaí;MG;Federal;67;559.79;577.13;525.42;598.86;691.04;590.45
960;Videira;SC;Federal;75;572.08;586.26;546.91;615.11;631.73;590.42
961;Promissão;SP;Privada;47;575.95;565.84;550.95;602.65;656.6;590.39
962;Conceição do Mato Dentro;MG;Privada;20;562.62;553.9;534.02;618.4;683.0;590.39
963;Colorado;PR;Privada;14;552.31;549.23;538.34;573.41;738.57;590.37
964;Maracaju;MS;Privada;61;549.57;542.64;540.48;566.29;752.46;590.29
965;Jequitinhonha;MG;Privada;14;564.98;551.59;526.3;586.62;721.43;590.18
966;Irecê;BA;Federal;71;563.23;559.35;530.85;591.02;706.48;590.18
967;São José dos Pinhais;PR;Privada;235;569.19;577.39;549.43;603.63;650.98;590.12
968;Paraguaçu Paulista;SP;Privada;23;581.22;566.05;544.62;577.78;680.87;590.11
969;Boa Ventura de São Roque;PR;Estadual;3;541.37;574.87;548.5;572.43;713.33;590.1
970;Piraquara;PR;Privada;6;585.9;582.95;585.5;636.15;560.0;590.1
971;Concórdia;SC;Federal;87;569.01;578.32;547.82;612.36;642.76;590.05
972;Ponta Grossa;PR;Privada;580;572.81;585.73;556.82;607.65;626.52;589.91
973;Goiás;GO;Privada;10;567.17;559.57;533.23;569.57;720.0;589.91
974;Itapetininga;SP;Privada;216;572.19;573.25;548.97;611.72;643.33;589.89
975;Guaraciama;MG;Municipal;1;560.9;580.6;530.1;656.9;620.0;589.7
976;José Bonifácio;SP;Privada;50;556.28;541.38;545.7;592.51;712.4;589.65
977;Rolim de Moura;RO;Privada;7;586.56;596.11;522.81;593.97;648.57;589.61
978;Bauru;SP;Privada;451;567.43;569.86;541.68;598.83;670.2;589.6
979;Itapema;SC;Privada;35;571.25;584.73;539.17;596.35;656.0;589.5
980;Guarapuava;PR;Privada;191;573.7;571.66;553.18;600.71;648.17;589.48
981;Gravatá;PE;Privada;43;571.48;557.02;536.0;581.46;701.4;589.47
982;Mossoró;RN;Privada;530;555.44;550.25;529.09;584.35;728.0;589.43
983;Rio dos Índios;RS;Estadual;3;555.33;589.03;550.33;625.33;626.67;589.34
984;Ilhéus;BA;Privada;219;559.4;547.04;530.59;565.89;743.74;589.33
985;Ceres;GO;Federal;95;560.4;554.41;522.6;572.45;736.63;589.3
986;Jaguaribe;CE;Privada;18;537.72;534.52;499.97;575.42;798.89;589.3
987;Catanduva;SP;Federal;59;571.52;576.49;546.91;580.22;671.19;589.27
988;Pirapora;MG;Federal;55;571.27;573.21;534.97;593.76;673.09;589.26
989;Três Lagoas;MS;Privada;89;562.75;559.09;539.2;582.3;702.92;589.25
990;Barra do Garças;MT;Privada;52;564.94;562.57;525.87;587.37;705.38;589.23
991;Extrema;MG;Privada;31;573.18;571.87;544.14;576.74;680.0;589.19
992;Camboriú;SC;Federal;117;581.98;569.01;551.51;603.98;639.32;589.16
993;Santa Bárbara d'Oeste;SP;Privada;66;562.97;563.83;536.9;609.0;673.03;589.14
994;Cordisburgo;MG;Estadual;13;549.58;552.98;533.0;594.18;715.38;589.03
995;Muzambinho;MG;Federal;86;566.42;566.62;526.67;611.03;674.42;589.03
996;Itupeva;SP;Privada;51;580.36;571.19;541.23;623.63;628.63;589.01
997;Uruaçu;GO;Federal;57;559.11;569.3;540.08;596.81;678.95;588.85
998;Caçapava;SP;Privada;69;570.13;573.54;531.23;597.42;671.88;588.84
999;Torres;RS;Privada;20;574.26;575.12;534.3;590.38;670.0;588.81
1000;Jatobá;MA;Estadual;1;583.4;571.5;539.1;609.9;640.0;588.78
1001;Caruaru;PE;Privada;441;561.2;558.85;537.25;590.98;695.65;588.78
1002;Primavera do Leste;MT;Privada;33;549.83;568.78;542.52;599.65;683.03;588.76
1003;Macaíba;RN;Federal;72;565.42;553.83;533.51;586.03;704.17;588.59
1004;Conceição de Macabu;RJ;Privada;16;554.38;556.92;535.44;585.86;710.0;588.52
1005;Acaraú;CE;Privada;23;546.6;522.4;526.49;563.57;783.48;588.51
1006;Casimiro de Abreu;RJ;Privada;27;547.79;573.16;535.36;592.16;694.07;588.51
1007;Cordeiro;RJ;Privada;33;552.28;557.09;536.72;569.15;727.27;588.5
1008;Cachoeiras de Macacu;RJ;Privada;28;553.02;553.5;526.41;583.12;726.43;588.5
1009;Mirandópolis;SP;Privada;34;561.15;569.9;560.98;599.66;650.59;588.46
1010;Simões Filho;BA;Federal;68;570.98;568.92;533.4;567.49;701.47;588.45
1011;Irati;PR;Federal;87;567.3;579.51;529.38;603.62;662.3;588.42
1012;Maceió;AL;Federal;466;561.79;557.33;532.78;603.37;686.18;588.29
1013;Caraguatatuba;SP;Privada;81;565.32;555.72;537.78;598.35;683.95;588.23
1014;Paulínia;SP;Municipal;103;587.86;573.1;553.0;613.71;613.4;588.21
1015;Piranguinho;MG;Privada;3;558.43;551.9;494.8;575.77;760.0;588.18
1016;Mairiporã;SP;Privada;50;575.11;571.39;533.35;598.46;662.4;588.14
1017;Engenheiro Paulo de Frontin;RJ;Federal;12;580.05;591.18;556.51;585.52;626.67;587.98
1018;Piracaia;SP;Privada;10;573.89;566.71;521.7;583.07;694.0;587.87
1019;Eusébio;CE;Privada;21;545.29;573.9;544.05;595.94;680.0;587.84
1020;Campo Formoso;BA;Privada;37;545.05;566.19;524.41;595.3;708.11;587.81
1021;Palmas;TO;Federal;139;569.97;566.05;532.47;595.84;674.53;587.78
1022;Caibi;SC;Estadual;12;551.8;556.88;518.14;603.47;708.33;587.72
1023;Natividade;RJ;Privada;3;567.6;570.17;534.97;665.8;600.0;587.71
1024;Itaú de Minas;MG;Privada;30;558.34;557.85;522.42;578.57;721.33;587.7
1025;Tambaú;SP;Privada;24;550.45;555.64;533.35;570.67;728.33;587.69
1026;Visconde do Rio Branco;MG;Municipal;66;560.88;553.46;549.32;594.54;680.0;587.64
1027;Cláudio;MG;Privada;9;577.66;554.26;546.81;570.39;688.89;587.6
1028;Remanso;BA;Municipal;1;560.1;598.2;522.6;596.8;660.0;587.54
1029;Ji-Paraná;RO;Federal;99;566.72;564.08;542.45;585.65;678.18;587.42
1030;Tupã;SP;Privada;33;574.72;562.65;528.73;585.28;685.45;587.37
1031;Nova Esperança do Sul;RS;Estadual;1;546.1;593.8;542.3;614.2;640.0;587.28
1032;Campo Verde;MT;Privada;25;571.84;551.26;533.03;572.2;708.0;587.27
1033;Ribeirão Bonito;SP;Privada;16;562.01;561.25;526.63;627.51;658.75;587.23
1034;Barra do Mendes;BA;Privada;5;569.0;541.68;530.64;606.7;688.0;587.2
1035;Parnaíba;PI;Privada;319;549.71;541.37;531.83;561.56;751.47;587.19
1036;Santa Rita de Caldas;MG;Estadual;4;591.83;555.25;559.02;599.7;630.0;587.16
1037;Araújos;MG;Estadual;16;543.32;570.19;510.31;560.49;751.25;587.11
1038;São Joaquim da Barra;SP;Privada;33;549.87;548.13;505.92;569.82;761.82;587.11
1039;Pitangui;MG;Privada;18;542.78;547.92;519.84;584.49;740.0;587.01
1040;João Dourado;BA;Privada;15;530.07;524.97;534.83;570.37;774.67;586.98
1041;Bela Vista;MS;Privada;5;558.7;562.42;533.92;579.44;700.0;586.9
1042;Miracema;RJ;Privada;13;553.82;554.0;519.76;560.64;746.15;586.88
1043;Itamaraju;BA;Privada;30;559.31;566.29;516.33;597.78;694.67;586.87
1044;Luiziânia;SP;Estadual;2;560.2;594.6;542.1;617.4;620.0;586.86
1045;Porecatu;PR;Privada;14;572.47;578.94;543.12;575.43;664.29;586.85
1046;Santo Antônio do Monte;MG;Privada;13;572.12;552.02;553.34;598.08;658.46;586.8
1047;Posse;GO;Privada;21;582.92;574.04;546.19;600.37;630.48;586.8
1048;Embu-Guaçu;SP;Privada;47;578.26;568.05;520.73;593.7;673.19;586.79
1049;Barras;PI;Privada;22;550.62;546.0;527.13;564.47;745.45;586.74
1050;Jacarezinho;PR;Federal;44;585.47;582.07;551.5;596.73;617.73;586.7
1051;Coronel Pacheco;MG;Estadual;1;536.9;567.7;559.8;648.8;620.0;586.64
1052;Catalão;GO;Privada;236;554.0;549.13;532.93;585.53;711.1;586.54
1053;Ibiporã;PR;Privada;56;575.2;576.76;554.28;605.4;621.07;586.54
1054;Araranguá;SC;Federal;42;559.59;558.58;521.92;589.5;702.86;586.49
1055;Tanque do Piauí;PI;Estadual;11;531.57;571.07;500.64;505.38;823.64;586.46
1056;Garanhuns;PE;Privada;181;564.26;553.15;526.75;576.27;711.82;586.45
1057;Santo Antônio da Patrulha;RS;Privada;15;575.93;529.61;507.01;587.65;732.0;586.44
1058;Senador José Bento;MG;Estadual;1;568.3;566.5;545.3;651.9;600.0;586.4
1059;Juquitiba;SP;Privada;11;573.12;590.58;512.65;600.98;654.55;586.38
1060;Piraju;SP;Privada;16;585.89;573.43;529.79;598.73;643.75;586.32
1061;São Sebastião;SP;Privada;50;575.44;570.98;539.6;608.32;637.2;586.31
1062;Porto Nacional;TO;Privada;45;569.62;566.42;524.16;561.92;709.33;586.29
1063;Itaberaí;GO;Privada;41;554.55;539.82;525.39;559.48;752.2;586.29
1064;Estrela d'Oeste;SP;Privada;4;573.75;513.88;551.65;587.05;705.0;586.27
1065;Itambé do Mato Dentro;MG;Estadual;3;573.43;602.13;523.47;558.77;673.33;586.23
1066;Boituva;SP;Privada;62;570.07;571.36;538.07;612.21;639.03;586.15
1067;Ibicaraí;BA;Privada;14;562.28;545.24;522.5;544.01;755.71;585.95
1068;Ouro Preto;MG;Privada;21;570.19;529.6;500.41;572.13;757.14;585.9
1069;Santa Rita de Ibitipoca;MG;Estadual;6;550.22;581.52;533.73;620.68;643.33;585.9
1070;Unaí;MG;Privada;58;546.18;550.97;531.26;594.32;706.55;585.86
1071;Palhoça;SC;Privada;109;573.77;567.21;544.87;604.45;638.9;585.84
1072;Cotia;SP;Privada;347;567.14;565.43;537.19;601.68;657.75;585.84
1073;Cruz;CE;Privada;8;562.88;558.36;560.81;604.24;642.5;585.76
1074;Três Lagoas;MS;Federal;74;573.23;571.72;544.68;594.51;644.32;585.69
1075;Barrinha;SP;Privada;1;502.4;545.8;568.3;671.7;640.0;585.64
1076;Urupês;SP;Privada;21;567.58;516.11;524.29;565.69;754.29;585.59
1077;Júlio de Castilhos;RS;Federal;20;565.23;563.04;539.26;622.38;638.0;585.58
1078;Itacoatiara;AM;Privada;32;562.27;575.73;534.01;578.08;677.5;585.52
1079;Boa Vista;RR;Privada;203;562.42;565.83;537.17;580.65;681.48;585.51
1080;Salto;SP;Federal;46;573.97;575.26;529.5;601.71;646.96;585.48
1081;Paranaguá;PR;Federal;58;581.84;574.51;549.27;599.14;622.41;585.44
1082;Presidente Lucena;RS;Estadual;5;553.08;538.86;521.8;593.34;720.0;585.42
1083;Sertãozinho;SP;Privada;159;560.76;555.64;549.62;590.55;670.31;585.38
1084;Picuí;PB;Privada;8;583.66;560.56;507.55;525.15;750.0;585.38
1085;Juína;MT;Privada;11;542.06;562.1;551.15;604.26;667.27;585.37
1086;Cambuci;RJ;Federal;14;552.6;556.36;537.06;569.09;711.43;585.31
1087;Guaíba;RS;Privada;23;593.69;565.76;526.65;593.55;646.09;585.15
1088;Ibiam;SC;Estadual;1;578.4;641.7;543.5;581.7;580.0;585.06
1089;Laguna;SC;Privada;44;561.57;557.41;522.49;591.86;691.82;585.03
1090;Utinga;BA;Privada;7;571.57;537.9;530.77;561.94;722.86;585.01
1091;São Fidélis;RJ;Privada;24;573.94;571.55;545.69;584.28;649.17;584.92
1092;Planaltina;GO;Privada;19;578.72;542.17;525.82;595.76;682.11;584.91
1093;Itaituba;PA;Privada;93;536.05;518.94;502.55;548.24;818.71;584.9
1094;Pesqueira;PE;Privada;11;581.05;572.64;524.89;576.73;669.09;584.88
1095;Colinas;RS;Estadual;3;526.4;558.47;546.27;579.83;713.33;584.86
1096;Santa Cruz;RN;Federal;111;562.77;560.74;527.97;586.09;686.67;584.85
1097;Curitibanos;SC;Privada;19;574.02;588.67;524.59;583.23;653.68;584.84
1098;João Câmara;RN;Federal;79;561.77;555.53;512.0;590.95;703.8;584.81
1099;Cássia;MG;Estadual;16;581.44;552.91;516.43;575.57;697.5;584.77
1100;Crateús;CE;Federal;1;614.1;524.0;589.7;496.0;700.0;584.76
1101;Machado;MG;Federal;80;566.04;559.46;538.35;578.63;681.25;584.75
1102;Castro;PR;Privada;43;580.75;583.17;551.07;610.54;598.14;584.73
1103;Parelhas;RN;Federal;59;553.57;547.47;533.9;579.87;708.81;584.72
1104;Piripiri;PI;Privada;27;528.11;535.77;512.14;550.32;797.04;584.68
1105;Gravataí;RS;Federal;22;565.15;586.6;525.47;597.1;649.09;584.68
1106;Inhuma;PI;Privada;7;530.81;551.81;551.01;558.16;731.43;584.65
1107;Rio Pardo;RS;Privada;13;560.97;560.05;527.82;599.0;675.38;584.64
1108;Paulistânia;SP;Estadual;2;597.55;584.25;540.1;641.25;560.0;584.63
1109;Carmo do Paranaíba;MG;Privada;9;523.78;548.87;534.04;569.38;746.67;584.55
1110;Novo Hamburgo;RS;Estadual;418;575.4;564.84;538.88;612.88;630.62;584.52
1111;Analândia;SP;Municipal;1;506.2;559.1;489.4;587.9;780.0;584.52
1112;Santaluz;BA;Privada;24;562.78;554.73;531.44;564.38;709.17;584.5
1113;Pedralva;MG;Estadual;18;556.34;555.8;529.68;598.39;682.22;584.49
1114;Jaru;RO;Federal;31;559.0;551.05;527.11;549.74;735.48;584.48
1115;Botumirim;MG;Estadual;4;572.28;544.48;546.98;613.6;645.0;584.46
1116;Panambi;RS;Federal;29;558.82;551.4;547.64;630.12;633.79;584.35
1117;Campo Florido;MG;Estadual;3;602.43;536.3;564.57;551.23;666.67;584.24
1118;Viamão;RS;Federal;2;531.5;581.3;541.45;556.2;710.0;584.09
1119;Barão de Cotegipe;RS;Estadual;4;548.3;560.58;495.3;581.25;735.0;584.08
1120;Registro;SP;Federal;56;569.72;564.85;530.87;609.26;645.71;584.08
1121;Hortolândia;SP;Privada;197;562.17;551.33;525.11;588.48;693.3;584.08
1122;Palmas;PR;Federal;40;559.72;570.01;535.18;579.84;675.5;584.05
1123;Campina Grande do Sul;PR;Privada;24;567.51;575.6;533.93;584.68;658.33;584.01
1124;Xanxerê;SC;Privada;59;553.29;555.48;534.59;581.0;695.59;583.99
1125;Cáceres;MT;Privada;105;549.07;537.44;523.73;553.46;756.19;583.98
1126;Bicas;MG;Privada;10;565.32;554.02;522.57;599.92;678.0;583.97
1127;Parauapebas;PA;Privada;79;552.46;553.22;539.73;557.65;716.71;583.95
1128;Teresina;PI;Federal;306;563.5;551.71;524.99;581.1;698.43;583.95
1129;São Martinho da Serra;RS;Estadual;2;582.95;599.5;495.85;571.25;670.0;583.91
1130;Japaratuba;SE;Privada;9;527.18;510.78;544.56;565.89;771.11;583.9
1131;Correia Pinto;SC;Privada;3;578.43;620.63;580.17;560.1;580.0;583.87
1132;Buritis;MG;Privada;6;525.65;566.08;521.33;622.97;683.33;583.87
1133;Taquarituba;SP;Privada;13;581.88;565.29;554.17;582.55;635.38;583.86
1134;Brasília;DF;Federal;658;570.75;566.55;543.87;591.74;646.41;583.86
1135;Castanhal;PA;Privada;295;544.34;544.09;524.84;548.29;757.69;583.85
1136;Corumbá;MS;Federal;66;569.98;558.72;540.64;579.51;670.3;583.83
1137;Canoinhas;SC;Privada;16;581.45;579.33;556.59;574.29;627.5;583.83
1138;Araputanga;MT;Privada;4;561.1;587.35;522.08;653.5;595.0;583.81
1139;Bertópolis;MG;Estadual;2;533.05;590.8;498.85;536.0;760.0;583.74
1140;Frederico Westphalen;RS;Federal;38;559.71;565.64;527.98;571.01;694.21;583.71
1141;José de Freitas;PI;Privada;12;542.29;540.23;503.2;549.38;783.33;583.69
1142;Abadiânia;GO;Privada;35;564.21;530.83;507.32;560.51;755.43;583.66
1143;Serrana;SP;Privada;26;552.06;537.9;532.62;556.46;739.23;583.65
1144;Sant'Ana do Livramento;RS;Federal;29;567.34;572.66;510.7;581.92;685.52;583.63
1145;Rondonópolis;MT;Privada;99;554.28;550.21;533.36;573.26;706.87;583.6
1146;São Paulo do Potengi;RN;Federal;104;554.1;552.62;530.91;580.07;700.19;583.58
1147;São Raimundo Nonato;PI;Federal;35;550.01;559.18;531.32;576.09;701.14;583.55
1148;Ibaiti;PR;Privada;8;568.9;565.25;553.39;615.12;615.0;583.53
1149;Jaru;RO;Privada;3;546.4;577.9;536.9;616.03;640.0;583.45
1150;Horizontina;RS;Privada;28;561.52;557.99;528.31;593.46;675.71;583.4
1151;Fama;MG;Estadual;2;569.9;566.0;560.4;620.35;600.0;583.33
1152;Valparaíso de Goiás;GO;Federal;36;577.3;579.08;529.26;571.39;659.44;583.29
1153;Itaipulândia;PR;Estadual;11;552.6;507.71;516.15;563.63;776.36;583.29
1154;Cornélio Procópio;PR;Privada;70;566.97;556.5;551.49;605.34;635.71;583.2
1155;Presidente Castelo Branco;PR;Estadual;3;532.43;523.33;498.0;475.43;886.67;583.17
1156;Currais Novos;RN;Privada;56;540.44;555.58;523.26;565.09;731.43;583.16
1157;Juara;MT;Privada;6;545.13;555.73;540.55;601.02;673.33;583.15
1158;Vitória de Santo Antão;PE;Privada;213;553.41;545.14;524.58;562.17;729.95;583.05
1159;São Luís de Montes Belos;GO;Municipal;1;604.8;556.5;485.9;567.9;700.0;583.02
1160;Aparecida de Goiânia;GO;Privada;480;554.18;552.6;534.53;562.02;711.79;583.02
1161;Agrolândia;SC;Estadual;2;546.4;585.0;535.15;628.4;620.0;582.99
1162;Ilhéus;BA;Federal;99;570.1;574.2;527.82;559.77;683.03;582.98
1163;Paraíso do Tocantins;TO;Federal;42;561.49;539.8;528.87;588.35;696.19;582.94
1164;Correia Pinto;SC;Estadual;2;579.05;521.55;499.7;603.75;710.0;582.81
1165;Coaraci;BA;Privada;27;568.27;546.31;521.07;573.9;704.44;582.8
1166;Brotas;SP;Privada;21;555.45;556.72;538.24;587.98;675.24;582.72
1167;São José do Inhacorá;RS;Estadual;4;545.55;569.6;547.22;541.0;710.0;582.67
1168;Lorena;SP;Privada;150;557.82;549.62;532.09;574.08;699.6;582.64
1169;Novo Hamburgo;RS;Privada;164;575.53;559.88;529.53;594.88;652.8;582.53
1170;Rondonópolis;MT;Federal;102;567.83;556.75;539.39;573.41;675.1;582.5
1171;Santo Amaro;BA;Federal;62;572.38;586.01;532.63;569.29;651.61;582.38
1172;Gurupi;TO;Privada;69;547.19;544.2;535.97;595.97;688.41;582.35
1173;Goioerê;PR;Privada;10;577.79;599.49;553.71;564.72;616.0;582.34
1174;Seabra;BA;Privada;29;548.43;555.72;525.56;592.84;688.97;582.3
1175;Alto Feliz;RS;Estadual;2;516.55;502.5;505.85;596.55;790.0;582.29
1176;Agudos;SP;Privada;37;574.33;556.29;542.42;587.46;650.81;582.26
1177;Engenheiro Coelho;SP;Privada;46;566.13;561.37;538.16;591.4;653.91;582.19
1178;Pedreiras;MA;Privada;21;551.97;541.67;530.46;545.55;740.95;582.12
1179;Aparecida de Goiânia;GO;Federal;63;565.8;562.28;539.03;579.86;663.49;582.09
1180;Tutóia;MA;Privada;5;508.58;559.16;534.26;676.14;632.0;582.03
1181;Cabo Frio;RJ;Privada;213;556.96;545.55;520.89;570.87;715.68;581.99
1182;Pinhais;PR;Privada;112;573.51;569.83;543.57;601.5;621.25;581.93
1183;Tomazina;PR;Privada;5;581.72;564.62;568.02;599.2;596.0;581.91
1184;Iracema do Oeste;PR;Estadual;1;580.6;546.1;566.8;595.7;620.0;581.84
1185;Itaquaquecetuba;SP;Federal;36;572.09;567.96;534.43;591.32;643.33;581.83
1186;Araquari;SC;Privada;36;563.61;562.78;524.42;579.15;678.89;581.77
1187;Artur Nogueira;SP;Privada;16;555.77;554.03;545.06;598.93;655.0;581.76
1188;Morrinhos;GO;Federal;35;555.96;564.01;536.77;570.35;681.71;581.76
1189;Paulo Afonso;BA;Privada;108;552.46;545.5;527.85;564.93;717.96;581.74
1190;Itaboraí;RJ;Privada;154;552.85;542.8;515.51;551.27;746.1;581.71
1191;Poções;BA;Privada;20;554.69;534.2;519.6;564.98;735.0;581.69
1192;Analândia;SP;Estadual;1;604.5;546.2;543.9;613.6;600.0;581.64
1193;Coronel Vivida;PR;Federal;19;577.32;575.63;535.99;609.54;609.47;581.59
1194;Balsas;MA;Privada;140;547.66;544.79;528.44;569.88;717.14;581.58
1195;Nova Palma;RS;Estadual;19;541.22;550.18;508.71;549.54;757.89;581.51
1196;Itaí;SP;Privada;2;555.4;573.35;611.1;647.65;520.0;581.5
1197;Pomerode;SC;Privada;12;544.27;560.69;548.52;622.17;631.67;581.46
1198;Santa Quitéria do Maranhão;MA;Municipal;1;524.9;557.9;457.3;547.0;820.0;581.42
1199;Coelho Neto;MA;Privada;1;529.2;504.7;553.9;619.2;700.0;581.4
1200;Capão Bonito;SP;Privada;12;545.01;558.87;534.37;591.97;676.67;581.38
1201;Campina Grande;PB;Federal;218;556.77;555.98;525.6;565.09;703.49;581.38
1202;Bagé;RS;Privada;117;569.97;561.9;536.54;575.17;663.25;581.37
1203;Xinguara;PA;Privada;21;540.43;539.25;535.47;581.06;710.48;581.34
1204;Abaetetuba;PA;Privada;125;536.22;540.18;523.21;530.47;776.32;581.28
1205;Aiuruoca;MG;Estadual;3;570.13;572.87;520.17;616.23;626.67;581.21
1206;Sairé;PE;Privada;34;567.79;527.78;524.62;580.51;705.29;581.2
1207;Rio Grande;RS;Privada;205;560.6;552.74;519.7;577.14;695.22;581.08
1208;Gravataí;RS;Privada;230;565.96;560.33;532.61;582.24;664.17;581.07
1209;Rio Pomba;MG;Federal;78;554.0;553.54;541.56;587.7;668.46;581.05
1210;Igarapé;MG;Privada;22;561.85;561.56;527.05;584.77;670.0;581.05
1211;Vazante;MG;Privada;12;526.52;576.91;527.85;590.08;683.33;580.94
1212;Formoso;MG;Estadual;9;554.31;533.22;512.89;550.78;753.33;580.91
1213;Passa Sete;RS;Estadual;11;547.43;529.99;507.3;564.77;754.55;580.81
1214;Lapa;PR;Privada;6;584.1;612.92;565.18;608.4;533.33;580.79
1215;Torre de Pedra;SP;Estadual;1;529.0;531.1;461.8;622.0;760.0;580.78
1216;Bom Jesus do Itabapoana;RJ;Federal;112;563.0;556.22;530.2;582.22;672.14;580.76
1217;Araraquara;SP;Federal;33;572.25;572.44;547.17;576.12;635.76;580.74
1218;Fraiburgo;SC;Federal;33;576.32;564.69;526.78;601.17;634.55;580.7
1219;São Roque;SP;Privada;111;566.89;555.87;547.57;594.31;638.56;580.64
1220;Ivaiporã;PR;Privada;51;554.26;558.38;539.79;589.34;661.18;580.59
1221;Saltinho;SC;Estadual;2;547.55;560.1;537.85;607.4;650.0;580.58
1222;Porto Belo;SC;Privada;15;559.41;569.05;519.45;594.99;660.0;580.58
1223;São Domingos do Araguaia;PA;Privada;10;544.17;541.46;532.31;562.98;722.0;580.58
1224;Iporã;PR;Privada;8;527.02;519.01;518.98;562.81;775.0;580.57
1225;Pojuca;BA;Privada;61;555.42;546.68;514.79;572.51;713.44;580.57
1226;Peruíbe;SP;Privada;62;572.2;565.67;547.18;596.97;620.65;580.54
1227;Franciscópolis;MG;Estadual;5;569.04;556.26;517.7;579.52;680.0;580.5
1228;Viamão;RS;Privada;117;572.35;566.66;538.73;562.49;662.22;580.49
1229;São Pedro;SP;Privada;7;534.97;553.53;534.34;633.56;645.71;580.42
1230;Quixaba;PE;Estadual;52;536.99;522.34;510.96;599.07;732.69;580.41
1231;Treze de Maio;SC;Estadual;11;565.82;522.9;534.04;550.22;729.09;580.41
1232;Conceição das Alagoas;MG;Privada;2;551.0;551.6;529.25;580.15;690.0;580.4
1233;Magé;RJ;Privada;103;562.53;557.82;536.26;565.16;680.19;580.39
1234;Santa Terezinha de Itaipu;PR;Privada;9;557.46;551.92;542.14;559.04;691.11;580.34
1235;Ivatuba;PR;Privada;19;559.93;574.83;515.23;568.1;683.16;580.25
1236;Arapongas;PR;Privada;114;564.26;561.76;533.74;589.12;652.28;580.23
1237;Brusque;SC;Federal;68;560.98;570.61;554.64;588.65;625.88;580.15
1238;Jussara;PR;Estadual;2;555.35;538.7;606.6;669.9;530.0;580.11
1239;Pelotas;RS;Federal;253;567.24;565.19;529.78;592.83;645.45;580.1
1240;Sapucaia do Sul;RS;Federal;74;584.67;556.87;523.9;579.27;655.14;579.97
1241;Araranguá;SC;Privada;64;564.5;557.72;541.37;574.95;661.25;579.96
1242;Santana do Paraíso;MG;Estadual;16;571.94;543.66;526.54;558.81;698.75;579.94
1243;Cosmópolis;SP;Privada;25;563.13;537.36;534.67;607.69;656.8;579.93
1244;São Bento do Sapucaí;SP;Privada;3;547.83;557.9;496.0;597.9;700.0;579.93
1245;Fraiburgo;SC;Privada;18;552.49;553.96;527.63;587.76;677.78;579.92
1246;Iraquara;BA;Privada;7;548.97;520.33;537.14;544.59;748.57;579.92
1247;Porto Franco;MA;Privada;12;568.78;560.66;523.49;568.1;678.33;579.87
1248;Quirinópolis;GO;Privada;27;556.5;540.72;526.2;572.97;702.22;579.72
1249;Guarabira;PB;Privada;193;540.7;532.87;520.93;544.02;760.0;579.7
1250;Aquiraz;CE;Privada;35;546.6;541.09;512.51;560.97;737.14;579.66
1251;Tianguá;CE;Privada;53;545.19;533.07;531.81;570.74;717.36;579.63
1252;Dolcinópolis;SP;Estadual;1;621.2;554.4;551.1;711.4;460.0;579.62
1253;Pinhão;PR;Privada;2;550.65;615.0;524.5;567.5;640.0;579.53
1254;Rio Negro;PR;Privada;79;567.54;564.0;541.91;594.58;629.62;579.53
1255;Dores do Indaiá;MG;Privada;11;556.99;561.6;529.76;603.84;645.45;579.53
1256;Laranjal Paulista;SP;Privada;13;554.97;562.11;525.88;527.66;726.15;579.36
1257;Bambuí;MG;Federal;71;549.79;555.34;536.23;571.42;683.66;579.29
1258;Mogi Guaçu;SP;Municipal;45;562.72;566.58;527.71;596.39;642.22;579.13
1259;Cambará;PR;Privada;17;566.45;565.93;541.21;583.19;638.82;579.12
1260;Santa Teresa;ES;Federal;53;559.6;565.41;538.75;565.75;666.04;579.11
1261;Pirapora;MG;Privada;43;563.41;560.67;530.39;586.91;653.95;579.07
1262;Parauapebas;PA;Federal;63;560.46;556.27;541.87;586.54;650.16;579.06
1263;Angra dos Reis;RJ;Privada;137;556.18;556.72;522.98;584.32;674.89;579.02
1264;Populina;SP;Estadual;2;537.85;543.9;528.3;695.0;590.0;579.01
1265;Pontal do Paraná;PR;Privada;5;577.12;576.6;558.1;638.76;544.0;578.92
1266;Sumaré;SP;Privada;68;573.07;559.48;536.24;596.0;629.71;578.9
1267;Jacareí;SP;Privada;216;563.94;563.17;533.53;593.44;640.28;578.87
1268;São Cristóvão;SE;Privada;28;561.97;535.74;518.65;546.91;730.71;578.8
1269;Benevides;PA;Privada;33;546.93;543.52;511.78;548.56;743.03;578.76
1270;Biguaçu;SC;Privada;52;555.85;567.53;530.34;582.56;657.31;578.72
1271;Paranapuã;SP;Estadual;4;567.25;529.0;509.1;578.25;710.0;578.72
1272;Riolândia;SP;Privada;4;554.78;541.83;546.38;615.62;635.0;578.72
1273;Bom Jesus de Goiás;GO;Privada;12;578.18;560.72;536.29;583.22;635.0;578.69
1274;Taboão da Serra;SP;Privada;240;561.32;552.69;528.57;579.76;671.08;578.69
1275;Camaquã;RS;Privada;17;567.57;572.11;519.49;599.66;634.12;578.59
1276;São José do Vale do Rio Preto;RJ;Estadual;15;558.61;573.47;500.36;543.01;717.33;578.56
1277;Registro;SP;Privada;71;563.68;551.77;540.79;593.55;642.25;578.41
1278;Iguatama;MG;Estadual;10;560.89;557.77;515.48;577.84;680.0;578.4
1279;Valença;BA;Privada;37;556.23;548.43;534.31;565.71;687.03;578.34
1280;Cristalina;GO;Federal;27;574.09;572.11;528.82;581.81;634.81;578.33
1281;Ananindeua;PA;Privada;783;551.57;548.83;525.34;544.02;721.76;578.31
1282;Capela Nova;MG;Estadual;6;556.58;575.27;492.97;586.47;680.0;578.26
1283;Jacobina;BA;Privada;52;552.56;550.58;531.64;558.16;698.08;578.2
1284;Sapé;PB;Privada;38;552.99;541.53;535.68;558.13;702.11;578.09
1285;Brochier;RS;Estadual;5;567.4;551.48;510.92;564.38;696.0;578.04
1286;Sidrolândia;MS;Privada;5;542.72;530.26;541.44;635.62;640.0;578.01
1287;Angical do Piauí;PI;Federal;36;551.66;560.72;507.02;584.49;686.11;578.0
1288;Tramandaí;RS;Privada;6;561.47;559.57;517.63;594.55;656.67;577.98
1289;São Borja;RS;Federal;25;573.78;565.98;508.69;578.84;662.4;577.94
1290;Jesuânia;MG;Estadual;1;556.7;532.0;446.1;714.7;640.0;577.9
1291;Candelária;RS;Privada;25;552.68;554.58;523.4;551.41;707.2;577.85
1292;Paramirim;BA;Privada;5;554.96;553.92;528.48;611.88;640.0;577.85
1293;Jussara;GO;Privada;6;545.62;566.47;511.0;545.98;720.0;577.81
1294;Amambai;MS;Privada;10;539.59;571.38;548.7;615.05;614.0;577.74
1295;Guarulhos;SP;Privada;1271;564.44;560.49;528.99;584.5;649.94;577.67
1296;Nova Londrina;PR;Privada;5;592.78;531.22;554.3;593.96;616.0;577.65
1297;Jaciara;MT;Privada;26;544.09;572.72;535.83;557.56;677.69;577.58
1298;Charqueadas;RS;Federal;55;569.79;559.99;524.22;578.57;655.27;577.57
1299;Inconfidentes;MG;Federal;63;558.22;546.27;525.95;589.01;667.62;577.41
1300;Porto Seguro;BA;Privada;97;554.77;543.7;526.85;573.94;687.63;577.38
1301;São Gabriel do Oeste;MS;Privada;8;577.17;565.04;537.58;555.85;650.0;577.13
1302;Ipameri;GO;Privada;12;552.96;558.66;542.98;580.85;650.0;577.09
1303;Pindorama do Tocantins;TO;Estadual;4;548.15;553.1;515.98;603.2;665.0;577.08
1304;Jandaia do Sul;PR;Privada;25;543.44;559.05;544.68;563.7;674.4;577.06
1305;Paulistana;PI;Federal;42;521.67;516.85;487.62;547.71;811.43;577.06
1306;Porto Seguro;BA;Federal;65;557.94;555.01;544.47;565.04;662.77;577.04
1307;São Francisco de Itabapoana;RJ;Privada;2;510.7;574.1;534.2;596.0;670.0;577.0
1308;Maranguape;CE;Privada;41;546.88;540.65;526.66;568.3;702.44;576.98
1309;Petrolina;PE;Federal;100;558.54;551.25;530.12;596.11;648.8;576.97
1310;Jacobina;BA;Federal;121;560.39;536.85;514.1;565.11;707.93;576.88
1311;Iturama;MG;Privada;28;559.13;559.79;535.38;592.8;637.14;576.85
1312;Arapeí;SP;Estadual;2;532.5;545.85;463.0;572.5;770.0;576.77
1313;Oriximiná;PA;Privada;38;550.5;529.08;512.51;547.4;744.21;576.74
1314;Boa Vista da Aparecida;PR;Estadual;11;516.43;557.45;532.85;629.53;647.27;576.7
1315;Salinas;MG;Federal;99;553.24;539.19;519.08;577.09;694.34;576.59
1316;Cacoal;RO;Federal;89;549.65;550.48;518.32;570.65;693.48;576.52
1317;São Pedro do Butiá;RS;Estadual;6;552.93;568.28;564.37;550.3;646.67;576.51
1318;São Desidério;BA;Privada;12;548.26;561.9;509.57;589.34;673.33;576.48
1319;Liberdade;MG;Estadual;12;557.31;557.53;532.18;560.28;675.0;576.46
1320;Itapissuma;PE;Privada;3;567.5;534.87;561.83;598.03;620.0;576.45
1321;Nobres;MT;Privada;8;535.4;538.09;497.51;573.51;737.5;576.4
1322;São Pedro da Aldeia;RJ;Privada;73;554.35;562.61;535.11;586.54;643.29;576.38
1323;Ampére;PR;Privada;17;563.44;552.82;533.19;571.21;661.18;576.37
1324;Pereira Barreto;SP;Privada;21;562.56;552.69;544.27;608.07;614.29;576.37
1325;São João da Urtiga;RS;Estadual;9;517.78;545.88;545.57;545.97;726.67;576.37
1326;Paranapanema;SP;Privada;18;553.87;559.1;508.16;567.28;693.33;576.35
1327;Rancharia;SP;Privada;19;549.54;573.14;529.74;575.41;653.68;576.3
1328;Casa Branca;SP;Privada;16;543.67;551.69;539.89;568.36;677.5;576.22
1329;Boqueirão do Leão;RS;Estadual;3;559.3;575.7;567.2;625.43;553.33;576.19
1330;Apucarana;PR;Privada;201;567.31;568.97;537.3;587.66;619.7;576.19
1331;Manaus;AM;Federal;370;555.8;558.39;523.76;571.21;671.78;576.19
1332;Volta Redonda;RJ;Municipal;50;567.94;564.81;527.81;571.08;649.2;576.17
1333;Malta;PB;Estadual;3;498.7;522.3;479.23;620.3;760.0;576.11
1334;Tobias Barreto;SE;Privada;34;550.21;547.36;531.5;577.96;673.53;576.11
1335;Santo Ângelo;RS;Federal;33;564.65;565.84;537.23;574.57;638.18;576.1
1336;Bom Jesus;PI;Privada;8;540.72;535.94;507.76;580.79;715.0;576.04
1337;Presidente Bernardes;MG;Estadual;13;559.45;531.64;529.58;560.98;698.46;576.02
1338;Acreúna;GO;Privada;11;554.29;554.46;556.11;584.13;630.91;575.98
1339;Esmeralda;RS;Estadual;3;593.77;545.97;498.37;655.07;586.67;575.97
1340;Santa Rosa de Viterbo;SP;Privada;22;556.72;561.5;523.75;593.35;644.55;575.97
1341;Areia;PB;Privada;30;539.23;540.07;521.63;525.59;753.33;575.97
1342;Cariacica;ES;Privada;176;549.38;542.09;528.55;580.0;679.77;575.96
1343;Onda Verde;SP;Estadual;1;579.1;572.4;545.4;642.7;540.0;575.92
1344;Abadia dos Dourados;MG;Estadual;8;571.56;566.34;536.12;580.15;625.0;575.84
1345;Edéia;GO;Privada;3;566.73;570.6;540.9;607.43;593.33;575.8
1346;Américo Brasiliense;SP;Privada;5;554.14;511.12;519.26;586.3;708.0;575.76
1347;Florestal;MG;Estadual;87;559.28;560.42;532.95;585.2;640.92;575.75
1348;Jandira;SP;Privada;23;565.58;570.63;524.09;574.13;644.35;575.75
1349;Naviraí;MS;Privada;19;554.05;537.42;517.23;592.11;677.89;575.74
1350;Quatá;SP;Privada;15;566.71;519.54;523.67;581.87;686.67;575.69
1351;Monte Horebe;PB;Estadual;1;497.4;523.0;569.1;568.5;720.0;575.6
1352;Aguaí;SP;Privada;3;552.53;583.3;537.57;571.1;633.33;575.57
1353;Limeira;SP;Estadual;537;566.85;555.66;531.65;593.15;630.39;575.54
1354;Novo Horizonte;SP;Estadual;79;551.79;544.61;507.87;567.86;705.57;575.54
1355;Barra do Garças;MT;Federal;66;563.17;562.93;530.87;566.84;653.33;575.43
1356;Caucaia;CE;Federal;66;562.9;550.95;537.71;580.38;645.15;575.42
1357;Paracatu;MG;Federal;114;561.55;548.09;530.95;575.61;660.7;575.38
1358;Avaré;SP;Federal;44;571.19;575.34;541.16;600.08;589.09;575.37
1359;Ipirá;BA;Privada;26;539.47;559.56;539.9;606.81;630.77;575.3
1360;Amparo do Serra;MG;Estadual;4;529.9;553.9;505.42;572.3;715.0;575.3
1361;Santarém;PA;Federal;46;557.68;554.58;531.45;555.77;676.52;575.2
1362;Nova Xavantina;MT;Privada;13;528.89;551.78;513.59;559.81;721.54;575.12
1363;Itaituba;PA;Municipal;11;537.41;529.95;495.09;520.35;792.73;575.11
1364;Itaquaquecetuba;SP;Privada;59;565.45;545.07;532.38;583.98;648.47;575.07
1365;Minduri;MG;Estadual;3;555.57;534.37;544.57;600.77;640.0;575.05
1366;Conceição do Jacuípe;BA;Privada;39;550.61;559.83;509.31;533.18;722.05;575.0
1367;Campestre da Serra;RS;Estadual;7;566.89;568.77;494.17;593.43;651.43;574.94
1368;Alvorada;RS;Federal;19;586.94;582.29;501.21;583.02;621.05;574.9
1369;Bananeiras;PB;Privada;21;538.28;554.23;528.82;558.84;694.29;574.89
1370;Coroaci;MG;Estadual;13;558.54;571.52;520.68;551.28;672.31;574.86
1371;Ribeirão do Pinhal;PR;Privada;3;538.7;575.4;517.97;595.43;646.67;574.83
1372;Luís Antônio;SP;Privada;4;554.33;562.05;553.08;654.33;550.0;574.76
1373;Santa Maria da Vitória;BA;Privada;15;554.35;577.76;545.41;560.05;636.0;574.72
1374;Canguaretama;RN;Federal;74;559.26;535.81;512.36;577.63;688.38;574.69
1375;Floriano Peixoto;RS;Estadual;2;571.95;576.75;458.55;506.1;760.0;574.67
1376;Itaporanga;PB;Privada;49;527.7;527.57;501.3;567.51;748.98;574.61
1377;Paranapoema;PR;Estadual;2;561.9;574.3;479.85;586.7;670.0;574.55
1378;Paragominas;PA;Federal;65;564.06;546.34;529.33;555.71;677.23;574.53
1379;Cotiporã;RS;Estadual;5;541.34;527.14;488.92;503.14;812.0;574.51
1380;Jacobina do Piauí;PI;Municipal;1;518.2;489.3;429.4;515.5;920.0;574.48
1381;Porto Real;RJ;Privada;12;539.03;545.78;510.29;570.32;706.67;574.42
1382;Formosa;GO;Privada;64;568.2;553.77;525.22;561.04;663.75;574.4
1383;Fernandópolis;SP;Estadual;83;542.03;535.03;519.89;589.47;685.54;574.39
1384;Araripina;PE;Privada;23;546.49;538.19;514.46;564.48;707.83;574.29
1385;Itapecerica da Serra;SP;Privada;91;564.36;563.08;532.15;576.48;635.16;574.25
1386;Dumont;SP;Estadual;5;573.5;546.06;538.28;585.24;628.0;574.22
1387;Piraí do Sul;PR;Privada;12;568.55;571.61;525.43;582.18;623.33;574.22
1388;Salinas;MG;Privada;13;547.66;561.56;524.65;595.52;641.54;574.18
1389;Araci;BA;Privada;28;542.92;533.12;509.78;532.9;752.14;574.17
1390;Barretos;SP;Federal;69;555.61;563.07;528.18;575.04;648.7;574.12
1391;Piratininga;SP;Privada;20;565.98;549.92;532.66;567.04;655.0;574.12
1392;Pirajuí;SP;Privada;19;577.51;533.37;514.66;581.78;663.16;574.1
1393;Santa Luzia;PB;Privada;11;543.49;570.6;484.75;595.24;676.36;574.09
1394;Canaã dos Carajás;PA;Privada;75;538.05;527.56;515.65;550.48;738.67;574.08
1395;Guaporé;RS;Estadual;32;538.85;538.54;511.21;576.76;705.0;574.07
1396;Douradoquara;MG;Estadual;3;535.57;564.87;520.8;542.4;706.67;574.06
1397;Ipuã;SP;Privada;22;545.98;538.51;541.89;593.87;650.0;574.05
1398;Santa Luzia;MG;Privada;95;561.94;565.55;527.83;582.28;632.42;574.0
1399;Muritiba;BA;Privada;20;556.31;547.0;524.0;592.49;650.0;573.96
1400;Morada Nova de Minas;MG;Estadual;4;505.32;534.9;492.9;586.7;750.0;573.96
1401;Santo Antônio da Platina;PR;Privada;29;569.72;567.43;542.28;592.08;597.93;573.89
1402;Arujá;SP;Privada;58;554.67;548.52;546.49;590.04;629.31;573.81
1403;Teixeira de Freitas;BA;Federal;51;553.95;551.87;519.25;550.29;693.33;573.74
1404;Cássia dos Coqueiros;SP;Estadual;10;557.85;558.54;510.09;588.14;654.0;573.72
1405;Uruguaiana;RS;Federal;35;575.75;574.52;526.95;586.71;604.57;573.7
1406;Arroio do Meio;RS;Estadual;17;567.94;556.42;524.04;569.38;650.59;573.67
1407;Guaçuí;ES;Privada;8;561.5;589.21;578.99;586.05;552.5;573.65
1408;Itajaí;SC;Federal;49;562.72;544.69;525.78;597.79;637.14;573.62
1409;Morros;MA;Privada;1;516.3;547.4;460.7;643.7;700.0;573.62
1410;Porto Velho;RO;Federal;151;548.68;534.8;515.48;561.14;707.95;573.61
1411;Olaria;MG;Estadual;4;565.3;557.45;535.42;484.88;725.0;573.61
1412;Pio XII;MA;Privada;4;539.4;517.75;512.38;567.55;730.0;573.42
1413;Buritizal;SP;Estadual;1;551.4;579.5;571.8;664.3;500.0;573.4
1414;São Gonçalo;RJ;Privada;796;557.38;549.59;519.19;555.2;685.55;573.38
1415;Braganey;PR;Privada;5;567.22;598.72;538.48;562.16;600.0;573.32
1416;Rio Largo;AL;Privada;60;549.68;539.13;502.5;553.22;722.0;573.31
1417;Miranda;MS;Privada;9;532.67;570.9;523.68;528.11;711.11;573.29
1418;Três Marias;MG;Privada;8;537.76;539.02;528.91;568.17;692.5;573.28
1419;Morrinhos;CE;Privada;15;535.77;515.59;514.97;598.31;701.33;573.19
1420;Jaguariaíva;PR;Federal;14;559.25;562.79;547.11;558.11;638.57;573.17
1421;Serra Alta;SC;Estadual;4;547.85;544.48;509.9;613.58;650.0;573.16
1422;Montenegro;RS;Privada;69;561.92;548.88;516.86;579.69;658.26;573.12
1423;Mauá;SP;Privada;298;567.71;556.57;521.35;577.94;641.54;573.02
1424;Arinos;MG;Federal;39;544.49;549.71;529.6;560.65;680.51;572.99
1425;São Carlos;SC;Federal;16;550.07;547.84;516.72;580.01;670.0;572.93
1426;Ouro Verde de Minas;MG;Estadual;6;556.3;513.75;475.58;562.15;756.67;572.89
1427;Itaguara;MG;Estadual;34;539.65;559.8;515.84;597.82;650.59;572.74
1428;Colina;SP;Municipal;8;529.02;507.96;512.36;589.19;725.0;572.71
1429;Antônio Carlos;SC;Estadual;38;554.74;540.12;509.36;584.88;674.21;572.66
1430;Monte Aprazível;SP;Privada;19;551.85;562.46;535.32;547.27;666.32;572.64
1431;Guaranésia;MG;Privada;10;556.03;538.76;528.63;591.61;648.0;572.61
1432;Coruripe;AL;Federal;45;541.45;530.02;493.75;574.68;723.11;572.6
1433;Anápolis;GO;Federal;45;565.74;553.4;515.58;562.32;665.78;572.56
1434;Esperantina;PI;Privada;8;553.8;517.19;508.31;545.09;737.5;572.38
1435;Vilhena;RO;Federal;74;559.96;560.16;528.91;589.56;622.97;572.31
1436;Ubatuba;SP;Privada;40;563.38;554.86;534.2;591.16;617.5;572.22
1437;Bandeirantes;PR;Privada;55;557.28;556.97;530.84;561.75;654.18;572.2
1438;Tangará da Serra;MT;Federal;45;547.7;553.22;515.93;562.53;681.33;572.14
1439;Caraúbas;PB;Estadual;3;575.23;517.07;522.37;559.37;686.67;572.14
1440;Bauru;SP;Estadual;463;564.16;558.36;526.8;589.66;621.56;572.11
1441;Presidente Dutra;MA;Privada;14;556.53;558.9;527.76;558.5;658.57;572.05
1442;Guararema;SP;Privada;8;569.19;516.2;513.09;558.78;702.5;571.95
1443;Colombo;PR;Federal;35;549.51;561.78;541.31;585.89;620.57;571.81
1444;Rio Bananal;ES;Privada;2;556.4;566.55;548.4;557.65;630.0;571.8
1445;Comodoro;MT;Privada;5;554.2;561.12;541.88;529.68;672.0;571.78
1446;Dourados;MS;Federal;72;569.57;545.49;528.14;576.29;639.17;571.73
1447;Morro Reuter;RS;Estadual;6;552.3;574.73;490.85;567.38;673.33;571.72
1448;Santana do Acaraú;CE;Privada;10;553.29;538.26;490.48;604.41;672.0;571.69
1449;Coxim;MS;Privada;10;561.84;518.05;515.26;571.32;692.0;571.69
1450;Bom Sucesso;MG;Estadual;35;540.13;554.33;511.49;556.89;694.29;571.43
1451;Peçanha;MG;Privada;10;534.51;530.11;517.67;586.68;688.0;571.39
1452;Marialva;PR;Privada;18;562.09;533.58;524.58;568.83;667.78;571.37
1453;Cambé;PR;Privada;37;570.74;560.81;517.32;602.88;603.78;571.11
1454;Santana de Parnaíba;SP;Estadual;103;568.69;562.52;529.73;586.57;607.57;571.02
1455;Pires do Rio;GO;Privada;49;539.39;542.91;531.39;562.23;679.18;571.02
1456;Barra Bonita;SP;Estadual;106;557.29;542.91;529.98;564.19;660.0;570.87
1457;Itueta;MG;Estadual;8;579.2;554.74;500.41;584.66;635.0;570.8
1458;Barueri;SP;Municipal;832;569.47;556.75;518.32;575.41;633.49;570.69
1459;Carmo da Mata;MG;Estadual;15;546.42;537.57;519.57;579.05;670.67;570.66
1460;São Luís;MA;Federal;549;555.79;549.88;516.93;558.08;672.64;570.66
1461;Rosário da Limeira;MG;Estadual;9;533.69;532.9;513.69;597.18;675.56;570.6
1462;Arapiraca;AL;Privada;372;545.93;540.48;513.26;561.32;691.88;570.57
1463;Escada;PE;Privada;24;548.04;529.53;497.58;556.44;720.83;570.48
1464;Parelhas;RN;Privada;17;537.86;528.55;494.81;561.78;729.41;570.48
1465;Condado;PE;Privada;4;575.12;521.6;482.15;533.48;740.0;570.47
1466;Rosário do Sul;RS;Privada;8;549.12;554.9;503.78;529.49;715.0;570.46
1467;Capanema;PR;Privada;10;549.4;555.9;545.72;573.1;628.0;570.42
1468;Governador Celso Ramos;SC;Municipal;1;587.5;593.9;509.1;521.1;640.0;570.32
1469;Matupá;MT;Privada;7;520.39;572.91;510.93;558.13;688.57;570.19
1470;Ponta Porã;MS;Privada;47;550.06;549.98;516.87;549.49;684.26;570.13
1471;Campos do Jordão;SP;Privada;24;565.55;545.78;525.16;585.02;629.17;570.13
1472;São Vicente de Minas;MG;Estadual;10;551.82;559.58;541.4;567.78;630.0;570.12
1473;Bela Vista de Goiás;GO;Privada;26;543.98;526.24;514.79;553.85;711.54;570.08
1474;Macapá;AP;Privada;394;551.04;545.42;513.6;537.5;702.84;570.08
1475;Brumado;BA;Federal;30;561.77;547.63;516.24;588.67;636.0;570.06
1476;Praia Grande;SP;Privada;213;566.14;555.77;526.25;578.07;623.66;569.98
1477;Ermo;SC;Estadual;3;561.17;571.93;503.27;500.13;713.33;569.97
1478;Orleans;SC;Privada;10;547.57;555.75;540.99;569.25;636.0;569.91
1479;Antônio Prado;RS;Estadual;35;553.88;557.69;510.53;576.56;650.86;569.9
1480;Crixás;GO;Privada;23;547.07;524.08;510.3;559.36;708.7;569.9
1481;Ceará-Mirim;RN;Federal;114;561.13;543.43;509.15;568.86;666.49;569.81
1482;Alvorada do Sul;PR;Privada;7;569.0;569.1;541.4;586.29;582.86;569.73
1483;Coroatá;MA;Privada;33;538.48;516.83;496.7;530.33;766.06;569.68
1484;Presidente Epitácio;SP;Privada;48;550.95;550.94;525.6;581.04;639.58;569.62
1485;Quatro Barras;PR;Privada;72;568.95;555.03;520.25;572.06;631.67;569.59
1486;Telêmaco Borba;PR;Federal;47;562.29;564.32;533.33;561.59;626.38;569.58
1487;Mariano Moro;RS;Estadual;1;569.7;568.0;593.3;516.9;600.0;569.58
1488;São Francisco;SP;Estadual;5;551.6;519.46;495.42;593.3;688.0;569.56
1489;Jaguarão;RS;Federal;14;568.22;557.94;497.99;564.89;658.57;569.52
1490;Altinópolis;SP;Privada;11;553.8;589.07;563.71;591.68;549.09;569.47
1491;Palmeira;SC;Estadual;1;549.2;524.4;525.1;568.6;680.0;569.46
1492;Santa Cruz;RN;Municipal;1;569.4;547.4;530.2;580.2;620.0;569.44
1493;Rio Negrinho;SC;Privada;11;575.27;550.56;561.49;597.97;561.82;569.42
1494;Linha Nova;RS;Estadual;3;528.5;539.5;506.23;559.17;713.33;569.35
1495;Áurea;RS;Estadual;8;568.25;560.24;532.17;606.09;580.0;569.35
1496;Guarabira;PB;Federal;80;534.43;535.04;511.2;557.74;707.5;569.18
1497;Osvaldo Cruz;SP;Estadual;71;564.17;552.17;521.31;582.26;625.92;569.17
1498;Nova Alvorada;RS;Estadual;7;556.91;532.29;498.61;512.21;745.71;569.15
1499;Palmares;PE;Privada;38;534.02;535.62;517.84;575.93;682.11;569.1
1500;São Caetano do Sul;SP;Municipal;199;572.14;563.14;515.36;579.93;614.67;569.05
1501;Itanhaém;SP;Privada;27;553.42;558.04;511.52;576.05;645.93;568.99
1502;São Sebastião da Grama;SP;Privada;9;558.44;570.72;530.74;551.1;633.33;568.87
1503;Salto de Pirapora;SP;Privada;9;557.16;551.94;518.16;579.29;637.78;568.86
1504;Divinésia;MG;Estadual;2;587.85;573.15;521.75;561.2;600.0;568.79
1505;Delmiro Gouveia;AL;Privada;35;554.75;528.38;515.73;555.82;689.14;568.77
1506;Senador Firmino;MG;Estadual;12;539.05;579.52;506.38;590.49;628.33;568.76
1507;Cachoeirinha;RS;Privada;55;566.91;540.66;520.61;574.23;641.09;568.7
1508;Pareci Novo;RS;Estadual;5;590.18;571.34;549.8;583.86;548.0;568.64
1509;Caucaia;CE;Privada;100;546.65;543.95;517.73;555.91;678.8;568.61
1510;Barreiros;PE;Privada;12;557.73;541.04;502.42;516.72;725.0;568.58
1511;Ibiapina;CE;Privada;16;551.62;503.05;486.17;558.22;743.75;568.56
1512;Abaeté;MG;Estadual;23;556.72;556.1;526.0;577.77;626.09;568.54
1513;Tauá;CE;Federal;30;537.19;544.61;523.47;562.26;674.67;568.44
1514;Eunápolis;BA;Federal;95;567.49;550.09;516.63;555.03;652.84;568.42
1515;Taquaruçu do Sul;RS;Estadual;6;550.0;547.72;500.62;506.85;736.67;568.37
1516;São Miguel do Guamá;PA;Municipal;1;560.6;535.0;520.8;604.9;620.0;568.26
1517;Paranavaí;PR;Federal;42;565.92;549.8;528.1;545.0;651.9;568.14
1518;Santa Quitéria;CE;Privada;11;544.81;527.62;480.37;536.9;750.91;568.12
1519;Paranaguá;PR;Privada;147;561.84;546.52;526.64;563.01;642.59;568.12
1520;São Benedito;CE;Municipal;1;559.8;568.8;410.2;541.4;760.0;568.04
1521;Silveirânia;MG;Estadual;12;557.64;567.4;510.7;550.73;653.33;567.96
1522;Itapipoca;CE;Federal;33;554.0;550.2;508.22;598.26;629.09;567.95
1523;Bento Gonçalves;RS;Municipal;11;563.79;573.15;509.4;556.65;636.36;567.87
1524;Vila Rica;MT;Privada;2;520.9;487.95;498.3;581.95;750.0;567.82
1525;Fernando de Noronha;PE;Estadual;4;572.83;546.1;506.45;578.5;635.0;567.78
1526;Campo Bom;RS;Privada;18;568.86;547.64;515.49;604.69;602.22;567.78
1527;Coluna;MG;Estadual;4;549.12;573.35;520.1;580.92;615.0;567.7
1528;Guaratinguetá;SP;Estadual;160;561.88;554.52;517.05;592.85;612.0;567.66
1529;Contagem;MG;Municipal;236;567.67;550.01;517.36;568.04;634.66;567.55
1530;Bozano;RS;Estadual;1;537.8;541.2;476.4;582.3;700.0;567.54
1531;Nova Iguaçu;RJ;Privada;679;557.4;543.97;518.27;548.72;669.31;567.53
1532;Duartina;SP;Privada;7;580.8;553.99;502.11;537.37;662.86;567.43
1533;Tupã;SP;Estadual;118;550.05;542.0;515.59;568.33;661.02;567.4
1534;Campina do Simão;PR;Estadual;2;565.45;546.5;470.35;504.65;750.0;567.39
1535;Areias;SP;Estadual;3;561.27;548.53;496.63;530.33;700.0;567.35
1536;Belém;PB;Privada;26;513.37;508.73;482.41;540.65;791.54;567.34
1537;Sacramento;MG;Estadual;24;548.0;546.36;512.99;571.89;656.67;567.18
1538;Fernão;SP;Estadual;5;506.56;515.02;472.24;609.74;732.0;567.11
1539;Santa Rosa de Lima;SC;Estadual;1;561.3;525.4;488.4;600.0;660.0;567.02
1540;Olímpia;SP;Privada;28;551.48;539.68;533.35;585.59;624.29;566.88
1541;Cajati;SP;Privada;7;532.86;553.34;563.59;567.44;617.14;566.87
1542;Água Branca;PI;Privada;25;526.47;525.26;493.92;551.78;736.8;566.84
1543;Bagé;RS;Federal;46;568.93;569.77;514.49;565.58;615.22;566.8
1544;Nova Bréscia;RS;Estadual;6;555.82;561.97;516.88;575.73;623.33;566.75
1545;Morro Agudo;SP;Municipal;35;561.19;537.99;506.54;561.31;666.29;566.66
1546;Jacarezinho;PR;Privada;35;559.85;554.53;512.26;549.99;656.57;566.64
1547;Água Boa;MG;Estadual;10;533.67;548.33;508.62;556.81;684.0;566.29
1548;Botuverá;SC;Estadual;1;560.7;577.9;517.0;575.4;600.0;566.2
1549;Pitangueiras;SP;Privada;13;549.38;538.78;545.61;584.84;612.31;566.18
1550;Aparecida d'Oeste;SP;Estadual;9;544.0;550.0;490.67;601.71;644.44;566.16
1551;General Salgado;SP;Estadual;15;545.3;523.36;500.0;586.05;676.0;566.14
1552;Pontes e Lacerda;MT;Privada;6;547.7;529.58;504.68;565.25;683.33;566.11
1553;Maceió;AL;Privada;2061;544.81;532.71;511.42;556.1;685.33;566.07
1554;São João de Meriti;RJ;Privada;316;554.41;541.27;506.28;553.7;674.49;566.03
1555;Santa Inês;MA;Privada;52;541.87;524.84;515.55;534.82;713.08;566.03
1556;Santa Rita;PB;Federal;39;544.81;539.25;507.37;536.37;702.05;565.97
1557;Mandaguaçu;PR;Privada;22;554.01;547.25;531.16;558.29;639.09;565.96
1558;Biritiba Mirim;SP;Privada;3;589.87;509.57;515.43;554.63;660.0;565.9
1559;Bom Jesus do Itabapoana;RJ;Privada;10;547.44;516.12;460.95;568.73;736.0;565.85
1560;Capitólio;MG;Estadual;6;545.23;571.05;538.13;597.83;576.67;565.78
1561;Itaporanga;PB;Federal;56;539.19;539.33;488.17;533.97;727.86;565.7
1562;Montanhas;RN;Estadual;4;553.1;571.9;494.0;569.45;640.0;565.69
1563;Maragogi;AL;Federal;42;547.96;517.73;505.79;565.02;691.9;565.68
1564;São José da Barra;MG;Estadual;12;546.57;534.92;522.93;567.22;656.67;565.66
1565;Irati;PR;Privada;38;556.21;564.02;522.13;583.21;602.63;565.64
1566;Uruaçu;GO;Privada;45;537.72;543.43;508.56;558.94;679.56;565.64
1567;Santa Juliana;MG;Estadual;7;573.8;550.54;523.36;605.9;574.29;565.58
1568;Vera Cruz do Oeste;PR;Estadual;9;556.34;535.49;506.01;569.92;660.0;565.55
1569;Primavera do Leste;MT;Federal;91;554.22;545.16;514.19;560.62;653.41;565.52
1570;Paulínia;SP;Privada;102;556.72;549.49;533.23;579.41;608.63;565.49
1571;Rio Manso;MG;Estadual;9;552.87;534.12;530.87;582.77;626.67;565.46
1572;Brejo Santo;CE;Privada;47;545.01;527.94;520.78;552.19;681.28;565.44
1573;Piranguçu;MG;Estadual;9;583.58;585.49;515.74;557.56;584.44;565.36
1574;Itamogi;MG;Estadual;8;538.3;565.08;519.06;539.24;665.0;565.34
1575;Imaruí;SC;Estadual;18;550.7;573.77;497.9;550.83;653.33;565.31
1576;Cajazeiras;PB;Privada;80;533.39;532.04;515.76;554.85;689.75;565.16
1577;Regente Feijó;SP;Privada;20;554.1;531.55;521.76;574.33;644.0;565.15
1578;Lago da Pedra;MA;Privada;31;519.78;513.1;486.91;517.37;788.39;565.11
1579;Dom Pedro;MA;Privada;14;529.43;522.19;496.46;564.19;712.86;565.02
1580;Joaquim Felício;MG;Estadual;7;538.13;530.66;505.34;587.96;662.86;564.99
1581;Coxim;MS;Federal;44;550.28;549.15;515.54;555.59;654.09;564.93
1582;Murici;AL;Federal;29;553.93;542.79;511.35;578.54;637.93;564.91
1583;Santa Bárbara do Leste;MG;Estadual;10;515.73;538.21;495.29;533.16;742.0;564.88
1584;Jaú;SP;Estadual;202;552.62;534.98;513.76;569.39;653.27;564.8
1585;Jeremoabo;BA;Privada;11;530.06;544.23;502.71;539.42;707.27;564.74
1586;Presidente Epitácio;SP;Federal;31;550.48;550.96;507.31;548.9;665.81;564.69
1587;Taiaçu;SP;Estadual;2;517.2;548.35;505.65;592.0;660.0;564.64
1588;Santa Mariana;PR;Privada;18;551.45;548.18;508.81;570.21;644.44;564.62
1589;Brazópolis;MG;Estadual;36;558.43;554.79;519.83;590.18;598.89;564.43
1590;Paranavaí;PR;Privada;193;552.39;543.84;528.57;561.19;635.96;564.39
1591;Amparo;SP;Estadual;94;560.99;553.54;518.02;572.21;617.02;564.35
1592;Nova Candelária;RS;Estadual;5;541.02;580.9;509.82;581.82;608.0;564.31
1593;Sericita;MG;Estadual;5;543.16;550.42;505.36;578.56;644.0;564.3
1594;Mamanguape;PB;Privada;36;539.58;528.31;522.14;559.92;670.56;564.1
1595;Balsa Nova;PR;Municipal;1;553.6;545.1;570.6;611.0;540.0;564.06
1596;São Bento;PB;Privada;16;524.55;509.46;513.94;578.51;693.75;564.04
1597;Viadutos;RS;Estadual;4;567.95;566.7;561.4;568.7;555.0;563.95
1598;Guarujá;SP;Privada;118;560.54;545.9;516.66;572.27;624.24;563.92
1599;Mantena;MG;Estadual;30;549.77;535.06;510.9;544.37;678.67;563.75
1600;São Francisco do Sul;SC;Federal;53;556.21;550.99;521.03;590.46;600.0;563.74
1601;Pedreira;SP;Privada;29;550.14;531.13;508.2;576.84;652.41;563.74
1602;Alta Floresta;MT;Federal;59;543.17;545.29;502.53;544.97;682.71;563.74
1603;Lajedo;PE;Privada;37;536.97;534.65;502.68;538.04;705.95;563.66
1604;Pavão;MG;Estadual;6;580.47;571.22;492.38;564.18;610.0;563.65
1605;Terra Rica;PR;Privada;9;531.26;490.76;528.89;542.41;724.44;563.55
1606;Belo Jardim;PE;Privada;41;548.19;521.95;516.54;557.41;673.66;563.55
1607;Dias d'Ávila;BA;Privada;33;558.95;527.63;524.39;551.42;655.15;563.51
1608;Canarana;MT;Privada;17;545.71;553.28;525.56;569.36;623.53;563.49
1609;Marliéria;MG;Estadual;9;546.54;556.74;515.06;599.06;600.0;563.48
1610;Buriti;MA;Privada;5;519.04;521.12;480.58;536.58;760.0;563.46
1611;Porto Ferreira;SP;Estadual;46;547.8;552.08;523.74;556.98;636.52;563.42
1612;Novo Hamburgo;RS;Federal;2;552.5;553.3;543.9;557.35;610.0;563.41
1613;Santa Cruz;RN;Privada;41;543.09;542.55;509.54;560.81;660.98;563.39
1614;Senador Pompeu;CE;Privada;6;550.47;539.75;503.55;563.12;660.0;563.38
1615;Itapeva;SP;Privada;66;562.03;541.28;517.17;558.02;637.88;563.28
1616;Matozinhos;MG;Privada;9;561.23;544.3;534.84;531.5;644.44;563.26
1617;Picos;PI;Federal;68;525.58;519.82;498.45;579.17;693.24;563.25
1618;Aquidauana;MS;Federal;71;552.34;526.98;511.05;558.08;667.61;563.21
1619;Cocal dos Alves;PI;Estadual;44;532.6;524.64;516.62;575.14;666.82;563.16
1620;Itabaiana;SE;Federal;33;534.53;522.17;493.8;551.76;713.33;563.12
1621;Ibiúna;SP;Privada;57;538.86;544.2;539.17;567.8;625.26;563.06
1622;Jaíba;MG;Privada;4;561.5;550.85;539.3;593.02;570.0;562.93
1623;Tupaciguara;MG;Municipal;1;490.9;394.9;565.4;462.7;900.0;562.78
1624;São Sebastião da Amoreira;PR;Estadual;2;570.75;580.5;498.9;523.7;640.0;562.77
1625;Várzea Alegre;CE;Privada;6;547.0;489.27;507.6;563.25;706.67;562.76
1626;Uirapuru;GO;Estadual;2;577.05;510.95;518.15;587.65;620.0;562.76
1627;Diadema;SP;Privada;255;558.34;544.82;513.18;567.64;629.8;562.76
1628;Januária;MG;Federal;106;542.44;534.16;521.38;568.95;646.42;562.67
1629;Victor Graeff;RS;Estadual;5;557.24;532.0;502.3;549.82;672.0;562.67
1630;Ipiaçu;MG;Estadual;4;537.6;549.55;513.88;527.28;685.0;562.66
1631;São Francisco do Oeste;RN;Estadual;2;559.25;586.45;528.5;558.95;580.0;562.63
1632;Canas;SP;Municipal;1;594.5;539.1;451.7;567.8;660.0;562.62
1633;Pitanga;PR;Federal;25;554.26;569.94;524.73;529.79;634.4;562.62
1634;Cafelândia;SP;Privada;2;569.2;506.35;485.85;501.3;750.0;562.54
1635;Nova Esperança;PR;Privada;20;551.36;525.79;531.26;535.04;669.0;562.49
1636;Barra do Bugres;MT;Privada;7;551.61;535.79;529.29;501.43;694.29;562.48
1637;Pimenta;MG;Estadual;12;526.39;533.7;522.63;554.62;675.0;562.47
1638;Ribeirão Pires;SP;Privada;101;552.78;537.45;524.53;571.47;626.14;562.47
1639;Ibirama;SC;Federal;37;557.04;564.49;528.09;565.84;596.76;562.44
1640;Varre-Sai;RJ;Privada;5;536.14;542.46;535.04;598.46;600.0;562.42
1641;Itapecerica;MG;Estadual;30;540.97;517.87;481.76;558.81;712.67;562.42
1642;São Martinho;RS;Estadual;6;539.07;539.67;473.07;556.85;703.33;562.4
1643;Cachoeira Paulista;SP;Privada;28;564.79;546.4;505.33;563.98;631.43;562.39
1644;Senador Canedo;GO;Federal;29;550.78;539.09;501.27;561.5;658.62;562.25
1645;Missal;PR;Estadual;15;543.77;549.17;519.1;552.21;646.67;562.18
1646;Aracati;CE;Privada;62;549.55;539.09;500.43;558.89;662.9;562.17
1647;Dom Pedrito;RS;Privada;18;565.55;553.23;484.68;585.14;622.22;562.16
1648;Nova Xavantina;MT;Municipal;1;544.6;543.5;515.2;586.8;620.0;562.02
1649;Conceição da Aparecida;MG;Estadual;4;562.22;576.75;518.08;572.9;580.0;561.99
1650;Matão;SP;Federal;69;557.2;542.62;534.28;548.23;627.54;561.97
1651;Cidade Ocidental;GO;Privada;23;556.28;554.86;524.1;563.99;610.43;561.93
1652;Xavantina;SC;Estadual;2;526.95;567.85;512.25;512.55;690.0;561.92
1653;Peri Mirim;MA;Estadual;1;547.4;521.1;541.2;479.9;720.0;561.92
1654;Corrente;PI;Privada;19;548.74;532.34;509.08;521.29;697.89;561.87
1655;Santa Clara do Sul;RS;Estadual;8;536.09;567.83;513.19;567.04;625.0;561.83
1656;Centenário;RS;Estadual;12;531.38;549.22;527.96;560.57;640.0;561.83
1657;Pompéu;MG;Estadual;32;533.75;523.57;498.62;540.72;712.5;561.83
1658;Seberi;RS;Estadual;15;532.73;564.05;525.23;539.15;648.0;561.83
1659;São Benedito;CE;Privada;20;536.95;498.9;516.04;573.08;684.0;561.79
1660;Afogados da Ingazeira;PE;Privada;9;557.24;529.83;476.91;522.68;722.22;561.78
1661;Ji-Paraná;RO;Privada;33;548.79;553.93;525.65;583.38;596.97;561.75
1662;Divisa Nova;MG;Estadual;4;552.4;497.68;527.55;575.88;655.0;561.7
1663;Campina Verde;MG;Privada;5;565.14;569.14;536.6;561.34;576.0;561.64
1664;Corumbá;MS;Privada;90;547.19;543.62;520.53;544.07;652.44;561.57
1665;Rio dos Cedros;SC;Estadual;7;549.57;539.64;505.13;596.19;617.14;561.53
1666;Ilha Solteira;SP;Privada;18;555.81;581.69;546.0;571.87;552.22;561.52
1667;Igarassu;PE;Privada;51;556.76;542.52;516.18;547.03;644.71;561.44
1668;São Carlos;SC;Estadual;4;556.35;532.52;495.38;557.95;665.0;561.44
1669;Camboriú;SC;Privada;21;544.36;547.5;517.27;543.8;654.29;561.44
1670;Cardoso;SP;Privada;4;538.17;547.33;515.83;560.62;645.0;561.39
1671;Bacabal;MA;Federal;85;545.86;533.88;500.21;538.96;688.0;561.38
1672;Machadinho;RS;Estadual;10;551.65;548.25;526.75;574.07;606.0;561.34
1673;Juazeiro;BA;Privada;159;539.83;528.8;512.13;551.17;674.59;561.3
1674;Visconde do Rio Branco;MG;Privada;17;538.09;526.28;521.52;545.28;675.29;561.29
1675;Modelo;SC;Estadual;9;555.9;566.63;517.48;573.12;593.33;561.29
1676;Panambi;RS;Privada;26;542.79;549.49;525.0;580.63;608.46;561.28
1677;Horizontina;RS;Estadual;14;543.58;533.92;508.49;580.32;640.0;561.26
1678;Jaboatão dos Guararapes;PE;Privada;347;553.67;535.69;513.75;547.69;655.5;561.26
1679;Jaraguá;GO;Privada;32;515.63;516.14;507.2;564.9;701.88;561.15
1680;Putinga;RS;Estadual;2;560.3;573.0;486.9;545.3;640.0;561.1
1681;Maracanaú;CE;Privada;64;547.68;528.52;495.91;532.43;700.94;561.1
1682;Entre Folhas;MG;Estadual;11;533.32;510.45;493.36;574.92;692.73;560.96
1683;Ascurra;SC;Privada;3;574.83;563.4;541.5;571.57;553.33;560.93
1684;Francisco Morato;SP;Privada;16;563.57;568.16;523.32;549.31;600.0;560.87
1685;Guaraciaba do Norte;CE;Privada;21;537.19;517.8;499.33;528.03;721.9;560.85
1686;Andorinha;BA;Privada;11;551.41;532.19;518.32;529.63;672.73;560.85
1687;Santa Fé;PR;Privada;10;538.87;560.08;525.32;587.88;592.0;560.83
1688;Santa Fé do Sul;SP;Estadual;26;556.8;535.53;518.39;595.64;597.69;560.81
1689;Boca da Mata;AL;Privada;24;540.0;495.7;487.6;576.29;704.17;560.75
1690;Nilópolis;RJ;Privada;169;554.37;545.61;507.07;545.22;651.24;560.7
1691;Carmo do Rio Claro;MG;Estadual;16;543.34;518.69;488.68;555.15;697.5;560.67
1692;Indiana;SP;Estadual;4;595.28;565.35;504.92;547.78;590.0;560.66
1693;Capanema;PA;Privada;78;542.97;536.41;496.23;524.74;702.82;560.63
1694;Nova Cruz;RN;Privada;46;530.77;516.18;495.11;536.28;724.78;560.62
1695;Águas de Lindóia;SP;Estadual;40;552.57;537.56;495.56;566.81;650.5;560.6
1696;Itaúna;MG;Estadual;96;560.47;551.21;513.61;563.64;613.96;560.58
1697;Aparecida do Taboado;MS;Privada;23;551.09;516.11;526.05;546.9;662.61;560.55
1698;Tremembé;SP;Privada;16;566.21;506.84;514.52;537.59;677.5;560.53
1699;Rio Bonito;RJ;Privada;37;542.85;543.02;493.26;560.09;663.24;560.49
1700;Monções;SP;Estadual;1;617.5;462.7;460.2;501.4;760.0;560.36
1701;Mundo Novo;BA;Privada;12;545.9;560.17;498.02;540.8;656.67;560.31
1702;Xique-Xique;BA;Privada;8;551.08;509.38;521.84;544.22;675.0;560.3
1703;Santa Izabel do Pará;PA;Privada;65;524.81;525.56;506.82;525.3;718.77;560.25
1704;Senador Canedo;GO;Privada;10;552.91;549.24;514.53;562.14;622.0;560.16
1705;Virgolândia;MG;Estadual;5;559.84;531.68;539.28;605.58;564.0;560.08
1706;Coronel Vivida;PR;Privada;9;544.14;534.19;532.82;593.57;595.56;560.06
1707;Osório;RS;Privada;17;540.15;524.49;510.92;538.57;685.88;560.0
1708;Arroio do Tigre;RS;Estadual;28;540.24;534.02;504.0;556.5;665.0;559.95
1709;Vale Real;RS;Estadual;7;567.27;542.63;496.19;604.93;588.57;559.92
1710;Rio do Sul;SC;Federal;61;546.58;564.76;535.54;582.18;569.84;559.78
1711;Mesquita;RJ;Privada;66;558.89;555.74;504.73;561.34;618.18;559.78
1712;Vista Alegre do Alto;SP;Estadual;1;524.4;561.7;517.6;674.9;520.0;559.72
1713;Estância Velha;RS;Privada;17;553.02;561.66;507.41;573.91;602.35;559.67
1714;Santo Cristo;RS;Estadual;31;535.37;534.99;501.22;569.91;656.77;559.65
1715;Nova Andradina;MS;Federal;45;560.08;558.07;524.11;564.26;591.56;559.62
1716;Munhoz;MG;Estadual;4;503.15;523.05;500.72;546.05;725.0;559.6
1717;Saudade do Iguaçu;PR;Estadual;4;585.12;522.75;494.22;540.65;655.0;559.55
1718;Luziânia;GO;Privada;61;546.05;537.49;508.59;546.13;659.34;559.52
1719;Valença do Piauí;PI;Federal;39;547.32;520.45;494.79;542.46;692.31;559.47
1720;Lavínia;SP;Estadual;13;541.99;534.42;524.61;563.52;632.31;559.37
1721;Iomerê;SC;Estadual;3;572.0;591.03;496.93;576.83;560.0;559.36
1722;Astolfo Dutra;MG;Estadual;5;544.8;559.36;502.66;541.94;648.0;559.35
1723;São Sebastião do Passé;BA;Privada;16;540.98;524.54;501.58;521.58;707.5;559.24
1724;Pejuçara;RS;Estadual;10;546.65;528.01;513.52;553.82;654.0;559.2
1725;Itumbiara;GO;Privada;190;551.51;539.28;516.43;559.82;628.95;559.2
1726;Santana do Ipanema;AL;Federal;58;542.35;534.82;513.88;538.69;665.86;559.12
1727;Astorga;PR;Federal;10;543.2;526.81;510.0;581.46;634.0;559.09
1728;Rondon do Pará;PA;Privada;2;548.95;466.4;541.25;508.8;730.0;559.08
1729;Estrela do Indaiá;MG;Estadual;5;540.88;528.34;502.26;575.82;648.0;559.06
1730;Cabedelo;PB;Privada;20;551.91;539.98;518.2;538.9;646.0;559.0
1731;Ibiraiaras;RS;Estadual;8;520.6;502.14;467.32;557.35;747.5;558.98
1732;Euclides da Cunha;BA;Federal;26;542.24;534.6;534.92;547.71;635.38;558.97
1733;Marzagão;GO;Estadual;6;562.52;509.85;485.3;540.38;696.67;558.94
1734;Adustina;BA;Municipal;18;532.26;547.54;485.03;544.31;685.56;558.94
1735;Estância;SE;Privada;81;535.13;538.69;507.72;542.49;670.62;558.93
1736;Santa Isabel;SP;Privada;12;566.65;528.38;508.88;560.75;630.0;558.93
1737;Picuí;PB;Federal;99;531.65;520.18;500.91;559.9;682.02;558.93
1738;Novo Horizonte;SP;Municipal;3;557.9;538.63;483.77;487.57;726.67;558.91
1739;Itamonte;MG;Privada;8;562.7;538.96;522.44;567.7;602.5;558.86
1740;Boa Vista do Cadeado;RS;Estadual;1;548.2;615.9;554.2;475.8;600.0;558.82
1741;Timbaúba;PE;Privada;28;551.17;519.89;511.95;591.05;620.0;558.81
1742;Itatim;BA;Privada;1;566.8;581.8;547.1;538.2;560.0;558.78
1743;Lorena;SP;Estadual;120;559.06;541.54;512.41;561.36;619.33;558.74
1744;São João do Oeste;SC;Estadual;10;540.0;569.48;506.54;583.56;594.0;558.72
1745;Andrelândia;MG;Estadual;17;553.79;548.98;503.94;539.41;647.06;558.64
1746;São Valentim;RS;Estadual;4;507.98;543.95;492.52;558.42;690.0;558.58
1747;Prudentópolis;PR;Privada;27;553.81;539.73;529.74;583.49;585.93;558.54
1748;Mogi Mirim;SP;Estadual;151;553.14;545.28;521.15;577.82;594.97;558.47
1749;Iguaba Grande;RJ;Privada;15;576.28;545.63;507.46;544.23;618.67;558.45
1750;Macau;RN;Federal;96;539.66;524.86;515.52;549.74;662.29;558.41
1751;Piancó;PB;Privada;39;508.06;504.94;498.31;524.68;755.9;558.38
1752;Ariquemes;RO;Federal;72;549.11;552.24;505.72;544.26;640.56;558.38
1753;Santos Dumont;MG;Privada;8;550.49;515.99;510.59;549.72;665.0;558.36
1754;Jaguaribe;CE;Federal;13;532.96;530.39;503.12;553.0;672.31;558.36
1755;Paulista;PE;Privada;416;549.74;529.83;513.12;545.17;653.03;558.18
1756;Araguatins;TO;Federal;81;526.43;522.81;506.04;540.8;694.81;558.18
1757;Camanducaia;MG;Privada;9;563.13;521.47;534.53;569.2;602.22;558.11
1758;São Vicente;SP;Privada;142;558.27;542.15;511.77;565.44;612.82;558.09
1759;Armação dos Búzios;RJ;Municipal;21;557.64;556.9;520.32;595.53;560.0;558.08
1760;Jardinópolis;SP;Privada;63;545.39;547.01;524.98;562.19;610.79;558.07
1761;Santo Antônio do Palma;RS;Estadual;1;533.4;534.6;532.1;570.2;620.0;558.06
1762;Parnaíba;PI;Federal;47;537.05;538.67;509.98;554.14;650.21;558.01
1763;São Gabriel;RS;Privada;3;519.0;518.8;512.27;526.57;713.33;557.99
1764;Coimbra;MG;Estadual;22;527.77;524.51;489.38;565.5;682.73;557.98
1765;Águas de Lindóia;SP;Privada;10;526.31;543.33;536.06;600.16;584.0;557.97
1766;Piripiri;PI;Federal;33;544.67;534.87;496.37;539.98;673.94;557.97
1767;Nossa Senhora do Socorro;SE;Privada;72;524.43;515.11;478.99;497.6;773.61;557.95
1768;Nanuque;MG;Privada;7;535.7;549.49;503.94;554.83;645.71;557.93
1769;Getúlio Vargas;RS;Privada;10;551.21;536.18;540.45;545.77;616.0;557.92
1770;Assis Chateaubriand;PR;Federal;67;548.34;540.51;514.91;577.75;607.16;557.74
1771;Siqueira Campos;PR;Privada;5;555.58;544.5;517.5;598.84;572.0;557.68
1772;Ilhabela;SP;Privada;30;546.4;546.08;525.92;583.76;586.0;557.63
1773;Patos;PB;Federal;103;538.56;524.9;496.58;551.59;676.31;557.59
1774;Timbó;SC;Estadual;51;559.33;544.38;518.53;570.2;595.29;557.55
1775;Boa Vista do Buricá;RS;Estadual;6;546.05;523.93;505.5;538.95;673.33;557.55
1776;Floriano;PI;Privada;96;532.86;533.61;496.02;533.61;691.67;557.55
1777;Silva Jardim;RJ;Estadual;8;561.29;545.41;511.96;564.01;605.0;557.54
1778;Ibema;PR;Privada;11;519.95;526.54;488.67;542.95;709.09;557.44
1779;São Pedro do Paraná;PR;Estadual;1;501.5;561.9;536.7;487.1;700.0;557.44
1780;Embu das Artes;SP;Privada;44;557.72;546.48;524.55;566.02;592.27;557.41
1781;Fartura;SP;Estadual;36;543.73;553.73;509.39;561.69;618.33;557.38
1782;Forquetinha;RS;Estadual;1;585.9;599.6;547.1;694.3;360.0;557.38
1783;Alvorada;RS;Privada;37;557.38;534.65;507.75;556.28;630.81;557.37
1784;Campo Bom;RS;Municipal;2;568.0;504.1;542.5;522.1;650.0;557.34
1785;Bujari;AC;Municipal;1;527.8;589.1;550.4;499.2;620.0;557.3
1786;Mamonas;MG;Estadual;3;530.83;548.8;509.7;557.13;640.0;557.29
1787;Esperança do Sul;RS;Estadual;6;540.38;544.58;506.55;561.43;633.33;557.26
1788;Santo Ângelo;RS;Estadual;132;557.65;547.49;510.26;553.91;616.97;557.26
1789;São João del Rei;MG;Estadual;150;548.66;547.54;509.12;552.91;628.0;557.24
1790;Alterosa;MG;Estadual;24;535.21;523.62;507.0;557.87;662.5;557.24
1791;Várzea Grande;MT;Federal;115;544.15;538.43;495.05;565.05;643.48;557.23
1792;Olímpio Noronha;MG;Estadual;7;550.76;549.86;507.56;534.37;642.86;557.08
1793;Santa Vitória do Palmar;RS;Privada;16;540.99;551.71;499.86;542.49;650.0;557.01
1794;Igaraçu do Tietê;SP;Privada;4;540.58;529.62;512.0;567.78;635.0;557.0
1795;Duque de Caxias;RJ;Privada;631;547.61;533.26;503.65;537.46;662.98;556.99
1796;Onça de Pitangui;MG;Estadual;4;551.58;536.7;519.52;546.95;630.0;556.95
1797;São Vicente do Sul;RS;Federal;39;550.46;558.59;507.69;576.05;591.79;556.92
1798;Vila Lângaro;RS;Estadual;1;496.6;563.9;536.3;647.6;540.0;556.88
1799;Piracicaba;SP;Municipal;30;546.09;550.13;529.36;586.6;572.0;556.84
1800;Arantina;MG;Estadual;8;529.06;510.94;478.79;510.04;755.0;556.76
1801;Tanque Novo;BA;Estadual;42;535.02;525.71;499.6;559.62;663.81;556.75
1802;São Sebastião do Tocantins;TO;Estadual;1;532.9;546.1;437.3;427.2;840.0;556.7
1803;Lagoa Santa;MG;Estadual;84;548.73;535.02;515.0;545.62;639.05;556.68
1804;São Tiago;MG;Estadual;24;539.38;538.08;496.59;561.04;648.33;556.68
1805;Mirassol d'Oeste;MT;Privada;7;545.91;501.87;506.21;617.9;611.43;556.67
1806;Itapaci;GO;Privada;16;533.77;529.84;530.87;553.57;635.0;556.61
1807;Ipuiúna;MG;Privada;3;564.87;551.93;488.8;503.5;673.33;556.49
1808;Jundiaí;SP;Estadual;610;555.99;544.58;513.77;572.16;595.8;556.46
1809;Paraíso do Norte;PR;Estadual;2;528.1;552.7;484.75;546.5;670.0;556.41
1810;Guaranésia;MG;Estadual;15;538.17;518.26;483.77;538.97;702.67;556.37
1811;Indaiabira;MG;Estadual;9;549.22;548.81;516.4;529.37;637.78;556.32
1812;Itumirim;MG;Estadual;8;559.74;537.15;517.84;524.35;642.5;556.31
1813;São Sebastião do Caí;RS;Estadual;25;555.27;561.5;500.83;578.73;584.8;556.23
1814;Itatiaiuçu;MG;Estadual;7;541.57;546.01;484.96;505.6;702.86;556.2
1815;João Monlevade;MG;Estadual;150;540.57;534.67;506.5;565.58;633.47;556.16
1816;Lagoa Formosa;MG;Estadual;19;535.36;523.15;495.95;572.62;653.68;556.15
1817;Ipatinga;MG;Estadual;458;545.1;535.8;506.9;548.92;643.97;556.14
1818;Açailândia;MA;Federal;120;539.43;527.6;498.17;538.05;677.33;556.11
1819;Japonvar;MG;Estadual;9;545.33;534.78;490.0;543.79;666.67;556.11
1820;São José do Rio Pardo;SP;Estadual;67;546.93;523.61;516.64;563.46;629.85;556.1
1821;Teixeira;PB;Privada;8;536.05;492.41;457.3;506.8;787.5;556.01
1822;Tucunduva;RS;Estadual;9;536.11;537.63;547.84;600.66;557.78;556.0
1823;Urubici;SC;Estadual;2;542.8;535.5;508.3;563.1;630.0;555.94
1824;Pajeú do Piauí;PI;Estadual;4;542.48;551.75;471.28;569.22;645.0;555.94
1825;Estação;RS;Estadual;11;537.5;563.96;527.07;520.22;630.91;555.93
1826;Querência;MT;Privada;6;530.78;566.02;515.78;590.22;576.67;555.89
1827;Lavras do Sul;RS;Estadual;5;543.52;553.3;475.6;559.0;648.0;555.88
1828;Bento de Abreu;SP;Estadual;1;536.0;471.7;391.2;560.5;820.0;555.88
1829;Vieiras;MG;Estadual;10;544.82;515.58;484.94;513.9;720.0;555.85
1830;Tio Hugo;RS;Estadual;4;534.65;532.17;465.38;531.05;715.0;555.65
1831;Santana do Ipanema;AL;Privada;46;534.3;523.49;490.84;521.22;708.26;555.62
1832;Pratápolis;MG;Estadual;3;553.53;583.87;509.27;491.33;640.0;555.6
1833;Céu Azul;PR;Estadual;31;544.0;535.72;522.36;566.93;608.39;555.48
1834;Serra Talhada;PE;Federal;40;544.1;519.13;506.29;563.54;644.0;555.41
1835;Poços de Caldas;MG;Municipal;41;559.25;550.22;487.72;561.91;617.56;555.33
1836;Barão de Cocais;MG;Estadual;30;533.94;538.82;512.45;549.21;642.0;555.28
1837;Rio Real;BA;Privada;18;536.59;520.58;509.62;552.79;656.67;555.25
1838;Beruri;AM;Municipal;1;515.1;515.9;515.4;529.8;700.0;555.24
1839;Esteio;RS;Privada;43;561.74;535.56;493.74;540.95;644.19;555.23
1840;Coronel Barros;RS;Estadual;5;533.82;528.16;517.42;556.74;640.0;555.23
1841;Entre Rios de Minas;MG;Estadual;40;536.81;534.54;522.24;554.03;628.5;555.22
1842;Divino;MG;Estadual;19;539.11;519.4;494.84;560.48;662.11;555.19
1843;Paranatinga;MT;Privada;3;556.53;527.57;569.53;628.87;493.33;555.17
1844;Ponta Porã;MS;Federal;60;553.51;542.86;508.48;549.8;621.0;555.13
1845;Cabreúva;SP;Privada;18;553.44;517.49;506.81;571.18;626.67;555.12
1846;Piranhas;AL;Federal;48;537.37;526.0;493.7;505.58;712.92;555.11
1847;Sumé;PB;Privada;6;535.12;521.78;507.3;514.6;696.67;555.09
1848;Águas Lindas de Goiás;GO;Privada;94;537.45;517.81;502.56;524.58;692.13;554.91
1849;Cantagalo;RJ;Estadual;19;555.92;540.09;514.67;542.72;621.05;554.89
1850;Natércia;MG;Estadual;3;582.43;579.23;494.57;584.9;533.33;554.89
1851;Imbituva;PR;Privada;9;540.86;527.19;518.21;590.23;597.78;554.85
1852;Lajeado;RS;Estadual;38;555.85;540.87;505.73;549.05;622.63;554.83
1853;Itararé;SP;Privada;11;541.57;524.87;488.68;571.15;647.27;554.71
1854;Itaúna;MG;Municipal;1;564.6;558.6;574.9;515.4;560.0;554.7
1855;Altamira;PA;Privada;72;524.72;521.75;500.01;533.02;693.89;554.68
1856;São João do Polêsine;RS;Estadual;7;549.76;545.74;534.89;560.06;582.86;554.66
1857;Bacabal;MA;Privada;68;521.58;522.77;486.37;515.0;727.35;554.61
1858;Ribeirão Branco;SP;Estadual;14;559.57;526.69;507.96;584.51;594.29;554.6
1859;Cananéia;SP;Estadual;9;567.12;560.54;501.52;547.94;595.56;554.54
1860;Niquelândia;GO;Privada;32;517.26;534.77;518.02;535.53;666.88;554.49
1861;Caaporã;PB;Privada;2;564.2;549.55;495.35;563.25;600.0;554.47
1862;Santa Teresa;ES;Estadual;53;537.09;550.02;513.59;554.18;617.36;554.45
1863;Itaguaí;RJ;Privada;77;550.12;545.57;504.71;540.23;631.43;554.41
1864;Ascurra;SC;Estadual;3;573.07;522.63;522.27;553.9;600.0;554.37
1865;Votorantim;SP;Privada;64;555.7;541.4;503.98;557.67;613.12;554.37
1866;Águas da Prata;SP;Estadual;2;560.45;577.5;530.85;582.95;520.0;554.35
1867;Ipê;RS;Estadual;6;565.53;559.93;493.4;532.28;620.0;554.23
1868;Cordilheira Alta;SC;Estadual;2;518.4;501.85;479.55;611.0;660.0;554.16
1869;Marataízes;ES;Privada;4;529.8;538.35;500.55;562.02;640.0;554.14
1870;Maquiné;RS;Estadual;4;531.65;551.18;515.88;541.88;630.0;554.12
1871;Santa Maria do Herval;RS;Estadual;5;532.88;536.3;500.02;589.28;612.0;554.1
1872;Palmeiras de Goiás;GO;Privada;30;529.37;528.73;509.18;551.17;652.0;554.09
1873;Campinas;SP;Estadual;1229;552.19;539.21;513.07;565.15;600.72;554.07
1874;Santa Rosa do Sul;SC;Federal;67;549.42;545.92;517.4;551.28;606.27;554.06
1875;Capela de Santana;RS;Estadual;5;539.18;540.26;493.42;477.06;720.0;553.98
1876;Iporanga;SP;Estadual;3;594.13;502.73;499.37;546.97;626.67;553.97
1877;Corupá;SC;Estadual;10;560.21;555.92;518.44;571.23;564.0;553.96
1878;Londrina;PR;Municipal;4;568.33;546.05;498.98;581.35;575.0;553.94
1879;Domingos Martins;ES;Estadual;74;529.55;520.18;498.93;576.03;644.86;553.91
1880;Taubaté;SP;Municipal;83;554.47;547.9;512.11;556.9;597.83;553.84
1881;Porangatu;GO;Privada;27;539.52;513.92;503.74;536.4;675.56;553.83
1882;Desterro de Entre Rios;MG;Estadual;8;539.48;572.25;503.98;558.1;595.0;553.76
1883;Altos;PI;Privada;1;503.1;400.6;375.6;609.3;880.0;553.72
1884;Arari;MA;Municipal;4;536.65;582.6;482.9;541.25;625.0;553.68
1885;Virginópolis;MG;Estadual;6;539.17;562.83;522.08;526.85;616.67;553.52
1886;Rancho Alegre D'Oeste;PR;Estadual;1;580.7;519.8;492.7;454.4;720.0;553.52
1887;Arcos;MG;Federal;1;456.4;578.6;544.0;608.4;580.0;553.48
1888;Córrego do Bom Jesus;MG;Estadual;24;547.99;515.6;490.17;549.4;664.17;553.47
1889;Barra do Guarita;RS;Estadual;3;539.93;530.53;503.33;540.13;653.33;553.45
1890;Senhora de Oliveira;MG;Estadual;8;530.42;553.67;484.45;518.44;680.0;553.4
1891;Caparaó;MG;Estadual;5;544.32;551.76;478.24;512.26;680.0;553.32
1892;Camaçari;BA;Privada;100;547.63;528.42;501.87;523.95;664.4;553.25
1893;Ipameri;GO;Federal;37;540.87;528.5;491.75;541.21;663.78;553.22
1894;Leme;SP;Estadual;136;555.49;541.97;506.78;550.83;610.29;553.07
1895;Telêmaco Borba;PR;Privada;66;549.37;549.48;511.9;530.73;623.33;552.96
1896;Fênix;PR;Estadual;3;598.6;532.67;497.97;601.8;533.33;552.87
1897;Santo Antônio do Rio Abaixo;MG;Estadual;3;533.27;521.2;524.63;591.9;593.33;552.87
1898;Santo Antônio da Alegria;SP;Municipal;1;545.3;592.0;332.8;614.2;680.0;552.86
1899;Lajes;RN;Federal;42;551.1;541.89;490.94;537.92;642.38;552.85
1900;Abaíra;BA;Estadual;5;522.9;514.64;482.92;535.56;708.0;552.8
1901;Vicentina;MS;Estadual;6;528.5;560.72;533.08;538.25;603.33;552.78
1902;São José de Ubá;RJ;Estadual;2;511.85;554.95;480.85;475.85;740.0;552.7
1903;São Cristóvão;SE;Federal;53;539.92;526.65;502.68;524.82;669.06;552.63
1904;Coronel Xavier Chaves;MG;Estadual;3;543.87;540.83;516.93;521.2;640.0;552.57
1905;São Domingos do Sul;RS;Estadual;9;500.38;494.08;501.49;562.2;704.44;552.52
1906;Itararé;SP;Estadual;101;561.54;535.09;495.78;549.76;620.4;552.51
1907;Taquara;RS;Estadual;126;546.33;541.96;507.71;552.11;614.13;552.45
1908;Monsenhor Paulo;MG;Estadual;5;570.54;546.22;462.7;606.66;576.0;552.42
1909;Pedro II;PI;Federal;50;536.98;517.63;478.41;533.07;695.6;552.34
1910;Caldas;MG;Municipal;1;603.5;648.7;562.9;666.4;280.0;552.3
1911;Balneário Piçarras;SC;Privada;9;545.72;526.5;515.11;567.27;606.67;552.25
1912;Orlândia;SP;Estadual;102;545.9;528.19;503.98;539.43;643.53;552.21
1913;Macapá;AP;Federal;152;539.25;526.48;502.73;527.74;664.74;552.19
1914;Manfrinópolis;PR;Estadual;1;560.4;581.5;554.5;584.5;480.0;552.18
1915;Guamiranga;PR;Estadual;7;538.74;571.9;524.64;582.59;542.86;552.15
1916;Coronel Macedo;SP;Estadual;5;555.2;546.52;504.44;526.56;628.0;552.14
1917;Itaiópolis;SC;Privada;4;534.25;554.17;518.8;573.02;580.0;552.05
1918;Vargem Grande do Sul;SP;Privada;15;529.76;541.34;534.27;566.66;588.0;552.01
1919;Posse;GO;Municipal;43;547.44;519.19;504.73;539.62;648.84;551.96
1920;Campo Novo do Parecis;MT;Federal;54;551.68;531.06;500.64;548.24;628.15;551.95
1921;Bocaina de Minas;MG;Estadual;3;563.03;531.27;492.3;559.7;613.33;551.93
1922;Ipira;SC;Estadual;15;548.22;522.05;498.65;551.99;638.67;551.92
1923;Iapu;MG;Estadual;19;548.38;539.63;505.24;554.55;611.58;551.87
1924;Itapevi;SP;Privada;52;557.69;537.31;510.89;548.8;604.62;551.86
1925;Monteiro;PB;Federal;63;547.91;536.24;499.66;531.95;643.49;551.85
1926;Camaragibe;PE;Privada;91;544.69;520.82;511.55;544.94;637.14;551.83
1927;Itapajé;CE;Privada;6;557.75;521.6;488.73;594.13;596.67;551.78
1928;São Sebastião do Paraíso;MG;Estadual;108;546.55;533.55;496.76;562.1;619.81;551.75
1929;Goiana;PE;Privada;75;532.11;517.08;498.03;534.22;677.33;551.75
1930;Serra Azul;SP;Estadual;12;529.04;528.04;500.83;544.08;656.67;551.73
1931;Angatuba;SP;Estadual;22;557.43;525.41;510.62;549.39;615.45;551.66
1932;São João da Barra;RJ;Federal;16;519.19;519.05;513.7;558.84;647.5;551.66
1933;Belém do Piauí;PI;Estadual;5;521.36;478.5;497.52;528.62;732.0;551.6
1934;Santa Fé;PR;Estadual;4;545.4;524.17;519.9;453.35;715.0;551.57
1935;Santa Helena de Goiás;GO;Privada;34;541.66;543.71;512.22;551.35;608.82;551.55
1936;Pontes e Lacerda;MT;Federal;67;549.32;521.96;501.89;553.53;631.04;551.55
1937;Sumidouro;RJ;Estadual;15;539.91;528.97;511.37;557.35;620.0;551.52
1938;Mossâmedes;GO;Estadual;22;531.1;517.76;482.51;507.01;719.09;551.49
1939;Barbacena;MG;Estadual;151;544.87;544.89;512.44;558.88;596.29;551.48
1940;Igarapé-Açu;PA;Privada;26;511.66;511.45;491.19;489.95;753.08;551.47
1941;Pratânia;SP;Estadual;4;583.75;549.35;525.1;534.0;565.0;551.44
1942;Guareí;SP;Estadual;6;566.35;561.45;535.97;529.85;563.33;551.39
1943;Realeza;PR;Estadual;36;541.33;540.76;512.35;567.96;594.44;551.37
1944;Unistalda;RS;Estadual;7;539.1;567.41;494.59;523.86;631.43;551.28
1945;Acopiara;CE;Privada;5;546.32;495.48;448.8;533.74;732.0;551.27
1946;Meleiro;SC;Estadual;7;545.6;526.31;497.24;555.63;631.43;551.24
1947;Santa Cruz do Capibaribe;PE;Privada;93;538.51;525.28;495.31;543.53;653.33;551.19
1948;Piranhas;AL;Privada;7;527.01;538.13;520.94;604.06;565.71;551.17
1949;Bom Jesus da Lapa;BA;Privada;44;532.61;522.47;507.73;540.29;652.73;551.17
1950;Sapucaia do Sul;RS;Privada;60;560.54;528.45;508.22;541.87;616.67;551.15
1951;Cabedelo;PB;Federal;89;547.67;538.34;499.74;519.77;650.11;551.13
1952;Iúna;ES;Municipal;2;483.4;538.25;482.75;521.05;730.0;551.09
1953;Sertanópolis;PR;Privada;31;547.36;535.87;510.44;545.62;616.13;551.08
1954;Nova Odessa;SP;Privada;43;560.0;534.35;509.49;551.0;600.47;551.06
1955;Inhaúma;MG;Estadual;5;528.6;564.82;522.26;507.58;632.0;551.05
1956;Salgueiro;PE;Privada;2;567.85;520.7;516.65;569.95;580.0;551.03
1957;Osvaldo Cruz;SP;Privada;11;540.1;522.14;533.25;572.24;587.27;551.0
1958;São Domingos;SC;Estadual;12;531.67;553.12;518.22;543.67;608.33;551.0
1959;Marechal Floriano;ES;Estadual;55;528.7;549.65;505.71;556.78;614.18;551.0
1960;Sertão;RS;Federal;50;530.52;545.76;525.57;554.73;598.4;550.99
1961;Ipumirim;SC;Estadual;17;545.5;552.88;515.0;578.74;562.35;550.89
1962;São Joaquim;SC;Privada;15;537.52;550.69;520.34;538.99;606.67;550.84
1963;São Jorge d'Oeste;PR;Estadual;10;542.7;543.86;486.07;535.37;646.0;550.8
1964;Rubiácea;SP;Estadual;2;559.6;462.4;522.8;589.2;620.0;550.8
1965;Ortigueira;PR;Privada;12;562.55;548.94;498.71;563.68;580.0;550.78
1966;Pedra Bela;SP;Estadual;4;546.65;534.9;472.58;489.6;710.0;550.74
1967;Papanduva;SC;Estadual;21;530.29;537.08;477.1;560.36;648.57;550.68
1968;Douradina;PR;Estadual;10;540.72;527.96;501.15;541.39;642.0;550.64
1969;Aspásia;SP;Estadual;1;571.0;507.2;540.0;514.8;620.0;550.6
1970;Restinga Sêca;RS;Estadual;12;516.74;557.17;496.71;550.4;631.67;550.54
1971;Piracicaba;SP;Estadual;494;555.19;538.95;506.25;554.43;597.77;550.52
1972;São José de Ribamar;MA;Federal;46;545.93;538.52;501.73;533.21;633.04;550.49
1973;Tucuruí;PA;Federal;158;542.08;529.8;508.89;547.2;624.43;550.48
1974;Muitos Capões;RS;Estadual;1;582.6;494.3;513.9;561.6;600.0;550.48
1975;Santa Maria da Boa Vista;PE;Federal;15;559.58;547.43;515.65;552.35;577.33;550.47
1976;Rondonópolis;MT;Municipal;1;556.3;508.4;448.6;339.0;900.0;550.46
1977;Euclides da Cunha;BA;Privada;28;537.64;522.93;511.22;504.89;675.0;550.33
1978;Veranópolis;RS;Estadual;11;536.75;529.12;481.44;527.74;676.36;550.28
1979;Prata;MG;Privada;2;554.05;624.7;452.75;469.35;650.0;550.17
1980;Campinápolis;MT;Estadual;9;554.86;524.6;502.57;517.46;651.11;550.12
1981;Vitória de Santo Antão;PE;Federal;93;540.98;533.62;501.27;542.89;631.83;550.12
1982;Registro;SP;Estadual;131;552.18;533.28;507.09;553.04;604.58;550.04
1983;Mendes Pimentel;MG;Estadual;4;581.55;519.7;526.95;536.8;585.0;550.0
1984;Avanhandava;SP;Privada;8;520.74;520.71;492.98;565.36;650.0;549.96
1985;Alfredo Chaves;ES;Estadual;14;548.88;530.17;530.42;522.86;617.14;549.9
1986;Jardim;MS;Federal;29;558.42;543.95;502.3;542.69;602.07;549.89
1987;Ibitinga;SP;Estadual;72;562.26;532.7;505.98;551.01;597.5;549.89
1988;Araras;SP;Estadual;162;550.34;535.09;512.64;552.21;599.14;549.88
1989;Caturité;PB;Estadual;1;520.1;552.7;505.6;490.8;680.0;549.84
1990;Itá;SC;Estadual;9;529.3;538.77;511.96;562.51;606.67;549.84
1991;Indiaporã;SP;Estadual;1;540.8;584.1;441.7;642.5;540.0;549.82
1992;Jitaúna;BA;Privada;4;503.95;487.1;517.83;610.17;630.0;549.81
1993;Sorriso;MT;Federal;64;539.34;539.97;511.84;554.95;602.81;549.78
1994;Dom Feliciano;RS;Estadual;9;534.64;504.41;458.83;535.11;715.56;549.71
1995;Dona Francisca;RS;Estadual;11;526.94;525.1;492.93;512.69;690.91;549.71
1996;Santa Inês;MA;Federal;82;545.58;535.48;510.42;539.92;617.07;549.7
1997;Borebi;SP;Estadual;1;499.3;580.3;536.0;532.9;600.0;549.7
1998;Batalha;AL;Federal;36;531.67;531.98;520.86;540.55;623.33;549.68
1999;Eldorado;MS;Estadual;6;553.35;543.45;541.9;572.97;536.67;549.67
2000;Caiana;MG;Estadual;4;513.67;504.75;493.0;581.75;655.0;549.64
2001;Camamu;BA;Privada;13;551.75;548.34;479.61;514.25;653.85;549.56
2002;Angelândia;MG;Estadual;6;551.23;525.75;496.32;574.47;600.0;549.55
2003;Sulina;PR;Estadual;2;519.0;546.95;522.45;589.25;570.0;549.53
2004;Guiricema;MG;Estadual;29;524.01;504.45;513.48;550.99;654.48;549.48
2005;Itapira;SP;Estadual;82;549.34;541.84;509.77;556.82;589.02;549.36
2006;Lagoa Dourada;MG;Estadual;37;536.28;516.12;496.86;540.2;656.76;549.24
2007;Petrópolis;RJ;Municipal;40;549.12;533.42;491.64;545.17;626.5;549.17
2008;Salgueiro;PE;Federal;22;550.64;544.04;534.14;533.28;583.64;549.15
2009;Carlos Barbosa;RS;Estadual;55;541.28;540.46;495.33;547.37;621.09;549.11
2010;Carlos Barbosa;RS;Privada;6;568.12;542.35;530.47;537.6;566.67;549.04
2011;Bento Gonçalves;RS;Estadual;104;548.63;540.85;510.11;556.33;588.85;548.95
2012;Itapuranga;GO;Estadual;84;520.09;533.82;496.9;545.26;648.57;548.93
2013;Paragominas;PA;Privada;102;533.14;529.59;506.43;541.66;633.53;548.87
2014;Santa Ernestina;SP;Estadual;1;567.6;544.8;464.8;547.1;620.0;548.86
2015;Posse;GO;Federal;9;551.34;538.53;550.2;570.73;533.33;548.83
2016;Dores do Turvo;MG;Estadual;12;532.4;531.05;515.38;563.52;601.67;548.8
2017;Dracena;SP;Estadual;62;547.75;531.06;520.46;565.63;579.03;548.79
2018;Dores de Guanhães;MG;Estadual;8;549.49;533.7;494.65;543.59;622.5;548.79
2019;Esperança;PB;Privada;30;529.68;520.23;481.61;556.43;656.0;548.79
2020;São Simão;SP;Privada;19;544.78;543.24;513.19;565.81;576.84;548.77
2021;Carpina;PE;Privada;37;539.34;509.69;496.56;527.88;670.27;548.75
2022;Capetinga;MG;Estadual;2;533.25;488.4;516.85;595.2;610.0;548.74
2023;Bocaina do Sul;SC;Estadual;4;501.17;577.62;537.33;552.52;575.0;548.73
2024;São José do Herval;RS;Estadual;3;566.2;574.93;526.27;522.7;553.33;548.69
2025;Farroupilha;RS;Estadual;86;546.85;536.73;509.57;562.02;588.14;548.66
2026;Tarumirim;MG;Estadual;20;553.85;529.54;507.86;571.01;581.0;548.65
2027;Nova Santa Rosa;PR;Estadual;8;538.89;547.05;501.38;578.44;577.5;548.65
2028;São Raimundo Nonato;PI;Privada;15;530.39;518.07;502.39;537.66;654.67;548.64
2029;Mato Leitão;RS;Estadual;6;556.95;532.8;523.97;559.38;570.0;548.62
2030;Ouro;SC;Estadual;15;543.13;556.02;510.45;533.19;600.0;548.56
2031;Cocal do Sul;SC;Estadual;11;556.58;549.22;514.72;574.85;547.27;548.53
2032;Pitanga;PR;Privada;22;545.35;530.26;524.16;526.31;616.36;548.49
2033;Simões Filho;BA;Privada;46;547.12;525.38;500.03;517.63;652.17;548.47
2034;Seropédica;RJ;Privada;41;557.07;541.14;512.55;545.64;585.85;548.45
2035;Benedito Novo;SC;Estadual;7;541.4;558.89;513.74;602.26;525.71;548.4
2036;Corbélia;PR;Estadual;8;560.94;547.83;519.81;578.36;535.0;548.39
2037;Novo Progresso;PA;Privada;17;526.85;511.04;507.83;559.43;636.47;548.32
2038;Moita Bonita;SE;Estadual;25;510.5;510.02;496.1;503.26;721.6;548.3
2039;Guidoval;MG;Estadual;8;518.34;539.8;538.39;544.92;600.0;548.29
2040;União dos Palmares;AL;Privada;31;537.96;516.93;483.26;523.92;679.35;548.29
2041;Pariquera-Açu;SP;Privada;12;565.97;549.34;521.56;574.18;530.0;548.21
2042;Sant'Ana do Livramento;RS;Privada;44;552.18;536.35;493.97;506.69;651.82;548.2
2043;Rio Branco;AC;Federal;115;543.72;531.01;503.58;532.97;629.74;548.2
2044;Santana;AP;Privada;66;526.96;530.86;506.14;531.04;645.76;548.15
2045;Paraíso;SP;Estadual;4;558.05;502.45;523.25;581.52;575.0;548.06
2046;Leopoldo de Bulhões;GO;Estadual;13;553.37;534.25;491.44;485.67;675.38;548.02
2047;São João do Paraíso;MG;Estadual;32;541.31;533.02;498.59;533.05;633.75;547.94
2048;Bonito;MS;Privada;10;566.95;544.04;490.15;521.67;616.0;547.76
2049;Irará;BA;Privada;13;549.35;521.08;523.49;534.02;610.77;547.74
2050;Palhoça;SC;Federal;18;551.02;532.23;503.74;541.69;610.0;547.74
2051;Jaguari;RS;Federal;17;550.93;516.14;499.33;541.62;630.59;547.72
2052;Urbano Santos;MA;Privada;5;505.56;511.3;506.12;527.26;688.0;547.65
2053;Itabira;MG;Estadual;153;548.82;526.57;497.35;542.58;622.75;547.61
2054;Cruzaltense;RS;Estadual;7;538.01;556.69;481.54;501.74;660.0;547.6
2055;Itabaiana;PB;Privada;42;524.75;507.72;496.14;530.26;679.05;547.58
2056;Jaguarari;BA;Privada;33;539.19;527.61;508.41;547.42;615.15;547.56
2057;Sumaré;SP;Municipal;83;551.34;539.34;495.44;561.81;589.4;547.46
2058;Paial;SC;Estadual;1;521.7;535.0;570.4;590.0;520.0;547.42
2059;Arvoredo;SC;Estadual;4;547.38;580.75;487.4;516.2;605.0;547.34
2060;Sobradinho;RS;Estadual;32;541.98;537.16;493.92;542.63;620.62;547.26
2061;Pains;MG;Estadual;4;532.62;530.2;497.9;565.03;610.0;547.15
2062;São Tomé das Letras;MG;Estadual;1;531.6;574.1;514.0;515.9;600.0;547.12
2063;Campo Verde;MT;Federal;68;530.9;537.44;503.31;556.52;607.35;547.11
2064;Silvânia;GO;Privada;51;538.96;517.83;512.33;551.09;615.29;547.1
2065;Vidal Ramos;SC;Estadual;4;543.02;550.97;484.0;557.42;600.0;547.08
2066;Mariópolis;PR;Estadual;3;554.33;574.17;451.57;542.0;613.33;547.08
2067;São Lourenço do Oeste;SC;Estadual;31;537.59;536.1;506.06;574.83;580.65;547.05
2068;Mesquita;MG;Estadual;3;550.7;531.77;496.93;562.43;593.33;547.03
2069;Araçoiaba da Serra;SP;Privada;2;545.15;562.75;495.05;502.1;630.0;547.01
2070;Santo Expedito do Sul;RS;Estadual;3;521.53;514.5;519.23;539.7;640.0;546.99
2071;Manacapuru;AM;Federal;41;534.24;540.5;499.53;531.35;629.27;546.98
2072;Piraí;RJ;Municipal;1;542.5;467.0;451.6;413.7;860.0;546.96
2073;Pranchita;PR;Estadual;7;537.99;506.71;505.99;546.91;637.14;546.95
2074;Americana;SP;Estadual;342;552.78;532.52;507.15;557.83;584.44;546.95
2075;Oliveira Fortes;MG;Estadual;5;534.02;540.18;502.5;582.02;576.0;546.94
2076;Bebedouro;SP;Estadual;102;550.51;532.11;507.99;544.47;599.61;546.94
2077;Brejo;MA;Privada;13;530.8;502.31;467.24;498.85;735.38;546.92
2078;Tabaí;RS;Municipal;1;564.3;453.9;504.0;632.4;580.0;546.92
2079;Quissamã;RJ;Federal;29;542.76;534.51;517.05;553.4;586.21;546.79
2080;Frederico Westphalen;RS;Estadual;53;517.53;517.71;484.12;529.74;684.15;546.65
2081;Cidade Gaúcha;PR;Privada;1;519.5;477.8;522.1;613.7;600.0;546.62
2082;Imbaú;PR;Estadual;2;552.5;542.45;507.45;510.5;620.0;546.58
2083;Cândido Godói;RS;Estadual;7;511.17;513.04;513.56;597.83;597.14;546.55
2084;Urânia;SP;Estadual;9;547.13;502.31;485.3;562.29;635.56;546.52
2085;Barbosa;SP;Estadual;2;533.1;523.45;521.05;464.3;690.0;546.38
2086;Nova Prata;RS;Estadual;57;537.95;540.63;504.38;550.21;598.25;546.28
2087;Queimados;RJ;Privada;90;544.63;530.17;503.58;523.75;629.11;546.25
2088;Braúna;SP;Estadual;2;555.3;550.2;463.55;512.15;650.0;546.24
2089;Bom Jardim de Minas;MG;Estadual;13;541.0;535.16;522.63;510.78;621.54;546.22
2090;Caculé;BA;Privada;4;551.92;548.92;504.5;530.75;595.0;546.22
2091;Lençóis Paulista;SP;Estadual;95;545.25;533.69;509.89;538.27;604.0;546.22
2092;Santa Cruz do Sul;RS;Estadual;165;545.8;534.73;499.53;533.42;617.58;546.21
2093;Doutor Maurício Cardoso;RS;Estadual;3;518.63;555.07;533.93;510.0;613.33;546.19
2094;Taquarituba;SP;Estadual;50;549.63;512.17;498.97;547.19;622.8;546.15
2095;São Miguel da Boa Vista;SC;Estadual;1;484.9;537.8;504.8;543.1;660.0;546.12
2096;Alagoinhas;BA;Federal;14;521.62;537.97;507.94;524.36;638.57;546.09
2097;Mundo Novo;MS;Privada;4;556.98;546.22;456.9;545.15;625.0;546.05
2098;Laranjeiras do Sul;PR;Estadual;66;534.05;547.06;509.47;542.67;596.97;546.04
2099;Marema;SC;Estadual;2;520.95;552.2;526.3;550.3;580.0;545.95
2100;Mongaguá;SP;Privada;22;553.42;540.81;507.14;551.95;576.36;545.94
2101;Macatuba;SP;Estadual;17;563.27;547.11;506.59;551.56;561.18;545.94
2102;Bom Jesus do Amparo;MG;Estadual;9;543.0;533.76;501.3;516.0;635.56;545.92
2103;Sete de Setembro;RS;Estadual;5;564.1;566.26;521.64;577.58;500.0;545.92
2104;Santo Antônio do Monte;MG;Estadual;28;537.68;529.74;498.74;522.66;640.71;545.91
2105;Nova Independência;SP;Estadual;7;555.23;518.23;513.37;522.21;620.0;545.81
2106;Cascavel;CE;Privada;24;519.32;504.87;503.59;558.75;642.5;545.81
2107;Ruy Barbosa;BA;Privada;25;518.07;571.28;503.24;548.94;587.2;545.75
2108;Bayeux;PB;Privada;147;529.32;513.62;489.43;517.83;678.37;545.71
2109;Cruzeiro do Sul;RS;Estadual;8;546.14;548.25;502.25;589.34;542.5;545.7
2110;Alumínio;SP;Privada;34;546.49;531.68;513.81;568.31;568.24;545.7
2111;Luzerna;SC;Estadual;22;544.19;564.23;520.01;562.59;537.27;545.66
2112;Campo do Meio;MG;Estadual;16;520.44;517.62;481.34;532.46;676.25;545.62
2113;Pedra Dourada;MG;Estadual;10;527.06;548.19;475.2;481.57;696.0;545.6
2114;Floresta;PR;Estadual;6;538.4;565.42;516.57;537.62;570.0;545.6
2115;Nazaré da Mata;PE;Estadual;204;526.83;517.63;498.29;523.14;662.06;545.59
2116;Espumoso;RS;Estadual;26;536.22;538.77;495.75;565.64;591.54;545.58
2117;Dores de Campos;MG;Privada;3;521.57;535.87;466.8;536.8;666.67;545.54
2118;Dom Silvério;MG;Estadual;9;528.06;515.13;469.16;543.9;671.11;545.47
2119;Valparaíso;SP;Privada;15;549.74;547.23;516.69;544.09;569.33;545.42
2120;Juína;MT;Federal;58;532.42;533.76;521.38;546.29;592.76;545.32
2121;Senador Salgado Filho;RS;Estadual;5;514.52;544.1;490.48;569.38;608.0;545.3
2122;Piraju;SP;Estadual;80;550.69;536.62;503.66;546.25;589.25;545.29
2123;Crissiumal;RS;Estadual;30;528.7;521.29;504.25;556.74;615.33;545.26
2124;Campos Belos;GO;Federal;25;537.92;509.5;495.15;501.95;681.6;545.22
2125;Vila Pavão;ES;Estadual;29;527.67;538.19;511.8;548.99;599.31;545.19
2126;Raul Soares;MG;Estadual;33;529.71;524.5;482.92;524.98;663.64;545.15
2127;Palotina;PR;Estadual;63;543.72;537.18;504.94;566.73;573.02;545.12
2128;São Pedro;SP;Estadual;40;540.68;530.68;500.36;538.29;615.5;545.1
2129;Ferraz de Vasconcelos;SP;Privada;65;547.74;536.76;499.36;535.16;606.15;545.03
2130;Ipiguá;SP;Estadual;6;527.85;547.08;521.38;558.68;570.0;545.0
2131;Três Cachoeiras;RS;Estadual;27;546.97;532.42;496.0;547.37;602.22;545.0
2132;Paraisópolis;MG;Estadual;4;560.65;563.62;508.18;592.17;500.0;544.92
2133;Campo do Tenente;PR;Estadual;3;524.73;535.23;511.87;592.73;560.0;544.91
2134;Zé Doca;MA;Federal;35;525.17;514.01;505.76;544.15;635.43;544.9
2135;Anápolis;GO;Estadual;908;538.83;524.06;496.82;533.21;631.56;544.9
2136;Jacutinga;MG;Estadual;16;557.32;553.61;506.09;536.09;571.25;544.87
2137;Pará de Minas;MG;Estadual;107;546.14;525.67;501.71;547.67;602.8;544.8
2138;Ciríaco;RS;Estadual;7;552.54;530.57;493.37;533.17;614.29;544.79
2139;Redentora;RS;Estadual;2;570.35;547.55;510.6;475.45;620.0;544.79
2140;Santo Antônio do Descoberto;GO;Privada;3;532.13;524.33;471.67;449.1;746.67;544.78
2141;Frei Rogério;SC;Estadual;14;524.89;537.51;479.54;517.58;664.29;544.76
2142;Ajuricaba;RS;Estadual;9;534.7;522.09;533.8;532.98;600.0;544.71
2143;Carneirinho;MG;Estadual;12;545.22;545.82;504.87;557.65;570.0;544.71
2144;Pratinha;MG;Estadual;2;458.1;503.3;480.05;541.95;740.0;544.68
2145;Rio do Campo;SC;Estadual;10;542.86;578.23;487.94;516.25;598.0;544.66
2146;Vertentes;PE;Estadual;41;538.27;505.45;504.83;534.11;640.49;544.63
2147;São José da Safira;MG;Estadual;1;540.1;574.9;525.3;582.8;500.0;544.62
2148;Colorado do Oeste;RO;Federal;80;536.53;524.27;494.97;536.49;630.5;544.55
2149;Leandro Ferreira;MG;Estadual;1;503.4;470.5;510.5;638.3;600.0;544.54
2150;Capim Grosso;BA;Privada;16;538.42;520.88;482.34;507.09;673.75;544.5
2151;Nova Serrana;MG;Estadual;97;544.67;536.42;497.62;555.92;587.84;544.49
2152;São Marcos;RS;Estadual;28;527.33;513.39;500.89;540.86;640.0;544.49
2153;São Caetano do Sul;SP;Estadual;309;543.52;528.76;504.66;562.71;582.78;544.49
2154;Morrinhos;GO;Estadual;110;525.88;514.85;499.49;527.06;655.09;544.48
2155;Atalaia do Norte;AM;Municipal;1;543.4;499.2;491.3;628.4;560.0;544.46
2156;Ivaiporã;PR;Federal;39;527.13;527.21;518.81;550.0;598.97;544.42
2157;Redenção;PA;Privada;39;540.91;515.46;506.34;542.94;615.9;544.31
2158;Divinópolis;MG;Estadual;515;541.25;524.39;501.31;547.14;607.15;544.25
2159;Nova Russas;CE;Privada;17;523.32;504.49;530.51;516.98;645.88;544.23
2160;Cachoeira de Minas;MG;Estadual;3;539.83;491.5;483.5;586.17;620.0;544.2
2161;São Pedro das Missões;RS;Estadual;1;550.0;505.6;485.1;500.2;680.0;544.18
2162;Pinhal;RS;Estadual;3;546.37;560.53;485.13;568.87;560.0;544.18
2163;São Miguel dos Campos;AL;Privada;56;537.59;505.47;495.66;516.24;665.71;544.13
2164;São João do Piauí;PI;Federal;34;517.24;497.76;502.87;533.71;668.82;544.08
2165;Mariápolis;SP;Estadual;1;560.1;492.8;467.6;479.7;720.0;544.04
2166;Balneário Piçarras;SC;Estadual;20;543.24;539.8;507.72;554.36;575.0;544.02
2167;Carmo do Cajuru;MG;Estadual;17;519.06;512.65;488.58;533.81;665.88;544.0
2168;Barra do Corda;MA;Federal;80;520.21;535.3;493.08;535.58;635.75;543.99
2169;Salto do Céu;MT;Estadual;7;529.61;540.41;461.47;508.47;680.0;543.99
2170;Mandaguari;PR;Privada;23;543.2;541.84;516.29;507.22;611.3;543.97
2171;Açu;RN;Privada;64;515.06;507.24;497.9;523.42;676.25;543.97
2172;Ariranha;SP;Estadual;2;549.9;494.1;486.45;519.15;670.0;543.92
2173;Piên;PR;Estadual;9;526.56;515.98;479.86;560.92;635.56;543.77
2174;Santa Inês;BA;Federal;70;542.35;517.06;508.67;515.52;635.14;543.75
2175;Iepê;SP;Estadual;16;547.88;521.86;493.11;549.67;606.25;543.75
2176;Pinhal Grande;RS;Estadual;7;499.53;534.79;516.87;507.4;660.0;543.72
2177;Bom Jesus do Sul;PR;Estadual;4;534.83;534.58;478.58;590.5;580.0;543.7
2178;Porto Firme;MG;Estadual;8;508.01;512.58;500.86;574.58;622.5;543.7
2179;Conceição;PB;Privada;14;507.65;514.66;502.87;540.02;652.86;543.61
2180;União da Vitória;PR;Privada;53;552.66;530.02;500.64;550.91;583.77;543.6
2181;Monte Sião;MG;Municipal;1;523.2;553.8;459.3;581.5;600.0;543.56
2182;Hidrolândia;GO;Federal;18;532.13;526.72;486.58;518.92;653.33;543.54
2183;Carmo;RJ;Estadual;27;531.15;528.13;478.03;533.69;646.67;543.53
2184;Cruzeiro da Fortaleza;MG;Estadual;6;528.55;523.22;483.62;502.28;680.0;543.53
2185;Vera Cruz;BA;Privada;5;525.4;482.18;486.46;535.46;688.0;543.5
2186;Vitor Meireles;SC;Estadual;6;532.27;539.63;472.02;493.5;680.0;543.48
2187;Bariri;SP;Estadual;69;539.46;521.07;492.81;530.09;633.91;543.47
2188;Cajazeirinhas;PB;Estadual;9;482.73;486.27;451.56;516.66;780.0;543.44
2189;Selvíria;MS;Estadual;1;541.8;543.9;494.0;677.3;460.0;543.4
2190;Juquiá;SP;Estadual;4;558.25;541.62;495.35;546.52;575.0;543.35
2191;Ibitiúra de Minas;MG;Estadual;2;566.4;532.7;505.15;542.45;570.0;543.34
2192;Ribeiro Gonçalves;PI;Municipal;1;577.8;614.9;561.0;563.0;400.0;543.34
2193;Canudos do Vale;RS;Estadual;1;530.9;554.2;503.7;567.8;560.0;543.32
2194;Cruzeiro do Sul;AC;Federal;67;535.3;527.78;513.61;522.83;617.01;543.31
2195;Ubá;MG;Estadual;142;534.11;520.3;503.96;550.98;607.18;543.3
2196;Conceição de Ipanema;MG;Estadual;2;512.95;497.0;485.5;571.0;650.0;543.29
2197;Assis;SP;Estadual;146;550.93;527.92;495.17;546.3;595.75;543.21
2198;Garuva;SC;Estadual;23;565.7;535.9;500.78;524.53;588.7;543.12
2199;Marques de Souza;RS;Estadual;2;536.1;562.65;522.2;624.65;470.0;543.12
2200;Alexânia;GO;Privada;1;571.8;544.7;465.8;473.1;660.0;543.08
2201;Raposa;MA;Privada;1;571.0;575.0;429.8;499.5;640.0;543.06
2202;Marco;CE;Privada;7;490.96;488.61;500.69;549.04;685.71;543.0
2203;Alpercata;MG;Estadual;1;509.8;424.0;534.7;526.4;720.0;542.98
2204;Mococa;SP;Estadual;159;547.41;526.69;503.0;545.57;592.08;542.95
2205;Oliveira;MG;Estadual;76;533.93;522.2;496.12;537.49;625.0;542.95
2206;Sabará;MG;Privada;14;552.95;517.21;520.14;554.24;570.0;542.91
2207;Santo Antônio de Pádua;RJ;Estadual;58;527.35;509.92;480.69;532.73;663.79;542.9
2208;Santo Amaro da Imperatriz;SC;Privada;17;540.67;537.14;496.55;529.09;610.59;542.81
2209;Cerrito;RS;Estadual;3;520.03;493.9;481.83;511.6;706.67;542.81
2210;Trindade do Sul;RS;Estadual;8;537.02;503.86;493.82;511.78;667.5;542.8
2211;Xangri-lá;RS;Estadual;2;572.85;561.55;474.3;495.3;610.0;542.8
2212;Flores da Cunha;RS;Estadual;30;546.43;543.91;499.16;557.74;566.67;542.78
2213;Portão;RS;Estadual;34;554.86;541.92;501.73;528.81;586.47;542.76
2214;Américo Brasiliense;SP;Estadual;12;547.09;530.24;503.16;581.65;551.67;542.76
2215;Custódia;PE;Estadual;40;523.07;516.01;482.07;548.63;644.0;542.75
2216;Roseira;SP;Estadual;2;547.6;554.7;486.55;634.85;490.0;542.74
2217;Castanhal;PA;Federal;80;533.74;526.93;485.83;514.37;652.75;542.72
2218;Conquista D'Oeste;MT;Estadual;5;537.92;563.7;510.34;533.16;568.0;542.62
2219;Leme do Prado;MG;Estadual;14;522.54;541.73;484.59;542.46;621.43;542.55
2220;São Félix do Xingu;PA;Privada;11;517.72;518.97;504.22;544.5;627.27;542.54
2221;Paulista;PB;Estadual;28;515.76;503.2;474.05;500.9;718.57;542.5
2222;Nova Odessa;SP;Estadual;106;540.98;522.98;509.47;557.73;581.32;542.5
2223;São Gabriel;RS;Estadual;108;549.07;517.44;492.96;532.64;620.19;542.46
2224;Canindé;CE;Federal;19;531.22;542.34;485.61;509.88;643.16;542.44
2225;Fervedouro;MG;Estadual;13;544.95;532.21;490.06;528.02;616.92;542.43
2226;Porto Xavier;RS;Estadual;20;514.21;532.75;510.78;552.34;602.0;542.42
2227;Vila Flores;RS;Estadual;2;565.25;551.05;443.45;502.05;650.0;542.36
2228;Elói Mendes;MG;Estadual;41;534.38;516.38;489.23;546.87;624.88;542.35
2229;Manoel Viana;RS;Estadual;11;543.96;538.89;494.89;532.15;601.82;542.34
2230;Ipiranga;PR;Estadual;16;525.36;543.85;513.36;566.12;562.5;542.24
2231;Cipotânea;MG;Estadual;2;546.0;521.3;531.9;541.85;570.0;542.21
2232;Tauá;CE;Privada;5;528.32;527.48;458.8;528.18;668.0;542.16
2233;Tailândia;PA;Privada;11;526.2;515.36;490.42;475.14;703.64;542.15
2234;Mário Campos;MG;Estadual;7;557.21;549.11;489.26;526.36;588.57;542.1
2235;Nova Aurora;PR;Estadual;21;539.86;512.85;502.07;537.48;618.1;542.07
2236;Erechim;RS;Estadual;173;542.91;533.47;502.33;544.13;587.4;542.05
2237;Santa Maria;RS;Estadual;491;543.44;532.29;493.9;526.38;614.18;542.04
2238;Diamante D'Oeste;PR;Estadual;8;547.52;541.06;506.18;572.96;542.5;542.04
2239;Conquista;MG;Estadual;6;552.88;558.83;524.12;547.62;526.67;542.02
2240;Catuji;MG;Estadual;7;551.11;527.31;517.37;542.66;571.43;541.98
2241;Batatais;SP;Estadual;132;544.01;532.42;502.86;542.98;587.58;541.97
2242;Resende Costa;MG;Municipal;17;527.94;508.64;498.21;538.61;636.47;541.97
2243;Dois Irmãos;RS;Estadual;36;553.49;524.67;519.53;540.43;571.67;541.96
2244;Conselheiro Lafaiete;MG;Municipal;51;544.4;526.87;510.28;518.9;609.02;541.89
2245;Resende Costa;MG;Estadual;19;521.76;512.75;491.35;568.57;614.74;541.84
2246;Colinas do Tocantins;TO;Federal;44;534.46;526.34;497.83;537.11;613.18;541.78
2247;Itajubá;MG;Estadual;128;531.73;521.91;489.21;540.84;625.0;541.74
2248;Coelho Neto;MA;Federal;41;523.61;510.11;493.17;520.67;660.98;541.71
2249;Campo Limpo Paulista;SP;Estadual;111;546.83;524.64;498.18;548.93;589.91;541.7
2250;Dona Euzébia;MG;Estadual;10;543.92;537.82;463.91;536.8;626.0;541.69
2251;Cascalho Rico;MG;Estadual;5;521.62;483.8;487.78;551.04;664.0;541.65
2252;Boa Vista;RR;Federal;169;543.74;533.26;497.42;528.56;605.21;541.64
2253;Barra do Chapéu;SP;Estadual;6;584.32;559.02;495.28;532.83;536.67;541.62
2254;Montenegro;RS;Estadual;40;546.85;530.46;504.84;535.56;590.0;541.54
2255;Nova Pádua;RS;Estadual;3;525.03;548.53;494.63;519.47;620.0;541.53
2256;Santa Maria do Suaçuí;MG;Estadual;13;518.61;498.27;495.54;558.12;636.92;541.49
2257;Aguaí;SP;Estadual;36;555.07;529.82;505.78;540.03;576.67;541.47
2258;Arroio do Sal;RS;Estadual;5;539.96;494.66;490.16;542.5;640.0;541.46
2259;Japeri;RJ;Privada;10;525.28;535.88;515.93;554.03;576.0;541.42
2260;Olímpia;SP;Estadual;135;544.1;530.85;506.35;558.07;567.7;541.42
2261;Suzanápolis;SP;Estadual;5;517.16;496.16;497.18;540.46;656.0;541.39
2262;Capitão Gervásio Oliveira;PI;Estadual;4;531.7;479.4;479.82;475.88;740.0;541.36
2263;Catu;BA;Federal;65;537.42;521.01;502.29;522.35;623.38;541.29
2264;Indaiatuba;SP;Estadual;249;549.01;524.46;495.41;545.81;591.73;541.28
2265;Agudo;RS;Estadual;37;524.6;537.08;475.15;555.52;614.05;541.28
2266;Cubatão;SP;Privada;30;548.63;524.37;499.36;547.92;586.0;541.25
2267;Nova Friburgo;RJ;Estadual;205;538.31;523.64;495.39;526.36;622.44;541.23
2268;Rebouças;PR;Estadual;4;520.83;540.67;498.45;556.08;590.0;541.21
2269;Echaporã;SP;Estadual;6;544.42;501.93;477.52;548.82;633.33;541.2
2270;Carlópolis;PR;Estadual;36;538.53;527.72;505.98;540.7;592.78;541.14
2271;São José do Rio Preto;SP;Estadual;545;549.34;523.75;506.03;555.18;571.41;541.14
2272;Santa Bárbara d'Oeste;SP;Estadual;210;537.76;518.98;503.56;536.02;609.14;541.09
2273;Jacuí;MG;Estadual;12;537.78;501.98;485.48;546.81;633.33;541.07
2274;Rio Doce;MG;Estadual;2;558.7;593.45;518.1;525.1;510.0;541.07
2275;São João do Itaperiú;SC;Estadual;6;537.07;538.93;484.23;525.03;620.0;541.05
2276;Rianápolis;GO;Estadual;11;530.95;541.05;479.32;557.54;596.36;541.05
2277;Codó;MA;Privada;46;527.81;511.7;483.37;508.47;673.91;541.05
2278;Abaetetuba;PA;Federal;88;531.39;511.93;497.18;514.99;649.77;541.05
2279;Euclides da Cunha Paulista;SP;Estadual;22;538.54;501.26;483.02;551.53;630.91;541.05
2280;Lins;SP;Estadual;74;546.37;524.12;501.18;547.29;586.22;541.04
2281;São José dos Ausentes;RS;Estadual;1;553.1;567.5;479.2;405.2;700.0;541.0
2282;Guarani das Missões;RS;Estadual;18;529.66;537.53;519.67;578.11;540.0;540.99
2283;Manhuaçu;MG;Estadual;102;543.15;525.95;494.48;525.16;616.08;540.96
2284;Estrela;RS;Estadual;33;524.96;522.72;504.54;544.63;607.27;540.82
2285;Frei Inocêncio;MG;Estadual;2;550.0;502.35;472.9;568.55;610.0;540.76
2286;Iconha;ES;Estadual;35;521.75;508.99;497.03;535.44;640.57;540.76
2287;Porto Feliz;SP;Privada;23;525.27;521.39;513.37;568.95;574.78;540.75
2288;Timóteo;MG;Estadual;119;539.49;524.76;495.12;533.86;610.42;540.73
2289;Teixeiras;MG;Estadual;19;542.02;528.89;493.72;517.91;621.05;540.72
2290;Meridiano;SP;Estadual;2;562.3;515.45;532.7;582.95;510.0;540.68
2291;Ribeirão Claro;PR;Estadual;10;521.99;492.47;494.41;546.49;648.0;540.67
2292;Piratuba;SC;Estadual;10;538.17;551.14;507.63;564.29;542.0;540.65
2293;Cruzeiro do Iguaçu;PR;Estadual;12;544.96;521.1;524.12;533.07;580.0;540.65
2294;Buriticupu;MA;Federal;55;547.71;526.71;511.42;528.19;589.09;540.62
2295;Abre Campo;MG;Estadual;18;549.07;540.85;490.57;531.45;591.11;540.61
2296;Aurelino Leal;BA;Estadual;4;555.8;472.95;442.88;551.42;680.0;540.61
2297;Otacílio Costa;SC;Estadual;13;542.32;556.72;458.95;513.95;630.77;540.54
2298;Belo Jardim;PE;Federal;41;537.27;525.62;496.89;517.13;625.37;540.45
2299;Cidreira;RS;Estadual;14;537.89;537.26;500.62;551.88;574.29;540.39
2300;Sarandi;PR;Privada;8;538.59;528.86;506.05;528.28;600.0;540.36
2301;São Carlos;SP;Estadual;379;542.91;519.3;494.13;541.14;604.22;540.34
2302;Itaberaba;BA;Federal;14;544.79;522.73;513.74;517.36;602.86;540.29
2303;São Bernardo do Campo;SP;Estadual;998;547.36;528.45;494.23;543.39;588.0;540.28
2304;Cachoeira;BA;Privada;31;507.59;506.39;487.51;541.83;658.06;540.28
2305;Janiópolis;PR;Estadual;2;503.5;527.2;493.2;597.45;580.0;540.27
2306;Nova Boa Vista;RS;Estadual;16;538.24;535.51;488.91;517.39;621.25;540.26
2307;São Ludgero;SC;Estadual;6;542.17;562.78;500.43;545.8;550.0;540.24
2308;Vale do Anari;RO;Estadual;3;551.0;555.07;526.97;588.1;480.0;540.23
2309;Itapecuru Mirim;MA;Federal;37;533.07;527.29;495.79;529.86;615.14;540.23
2310;Juruaia;MG;Estadual;10;546.61;542.57;492.31;571.52;548.0;540.2
2311;Caçador;SC;Federal;48;541.82;531.65;505.94;548.09;573.33;540.17
2312;Porto Nacional;TO;Federal;42;543.85;521.14;490.61;526.62;618.57;540.16
2313;Teutônia;RS;Estadual;68;545.03;541.04;498.65;540.96;575.0;540.14
2314;Salto do Jacuí;RS;Estadual;27;542.1;526.9;496.63;507.65;627.41;540.14
2315;Crucilândia;MG;Estadual;3;538.57;547.87;467.37;533.4;613.33;540.11
2316;Amambai;MS;Estadual;88;531.6;528.97;497.34;552.34;590.23;540.09
2317;Timon;MA;Federal;112;537.35;519.11;491.68;523.57;628.21;539.98
2318;Guaraíta;GO;Estadual;9;522.77;495.04;487.01;539.49;655.56;539.97
2319;Tunápolis;SC;Estadual;9;505.91;538.33;522.1;540.12;593.33;539.96
2320;Patos de Minas;MG;Estadual;249;538.64;515.34;495.75;529.32;620.72;539.95
2321;São João do Sabugi;RN;Estadual;13;503.05;517.73;474.35;516.77;687.69;539.92
2322;Ribeira;SP;Estadual;5;541.42;515.76;484.84;569.5;588.0;539.9
2323;Piraí;RJ;Estadual;13;538.91;483.21;486.88;517.91;672.31;539.84
2324;Carandaí;MG;Estadual;9;552.76;547.91;489.23;509.29;600.0;539.84
2325;Vicentinópolis;GO;Estadual;11;542.68;542.78;518.01;551.95;543.64;539.81
2326;Jenipapo de Minas;MG;Estadual;9;546.06;521.96;478.84;532.14;620.0;539.8
2327;Loanda;PR;Privada;62;536.1;523.93;521.18;532.9;584.84;539.79
2328;Serafina Corrêa;RS;Estadual;36;541.21;541.07;497.02;531.27;588.33;539.78
2329;Monte Azul;MG;Privada;9;508.47;496.81;497.08;523.16;673.33;539.77
2330;Pio XII;MA;Municipal;1;550.8;555.4;594.7;557.7;440.0;539.72
2331;Nova Friburgo;RJ;Municipal;1;534.7;584.3;481.2;438.3;660.0;539.7
2332;Guia Lopes da Laguna;MS;Estadual;12;514.02;512.16;515.3;525.34;631.67;539.7
2333;Bom Despacho;MG;Estadual;83;544.11;521.07;495.4;543.09;594.7;539.67
2334;São Miguel do Araguaia;GO;Estadual;64;528.53;522.15;489.42;504.84;653.12;539.61
2335;Carmópolis;SE;Privada;7;543.57;512.01;485.56;473.94;682.86;539.59
2336;Nova Petrópolis;RS;Estadual;8;544.89;550.19;513.51;574.29;515.0;539.58
2337;Siqueira Campos;PR;Estadual;11;534.45;519.53;509.74;556.02;578.18;539.58
2338;Lagoa dos Três Cantos;RS;Estadual;4;528.98;509.2;524.7;534.95;600.0;539.56
2339;Sangão;SC;Estadual;6;528.63;542.85;489.38;470.13;666.67;539.53
2340;Novo Machado;RS;Estadual;7;531.63;542.33;501.19;542.37;580.0;539.5
2341;Socorro;SP;Estadual;28;555.18;536.27;501.42;558.71;545.71;539.46
2342;Candeias;MG;Estadual;14;536.08;549.26;487.19;527.5;597.14;539.44
2343;Passa Tempo;MG;Estadual;5;517.56;519.2;470.12;518.3;672.0;539.44
2344;Cascavel;PR;Estadual;473;539.47;532.8;496.27;546.13;582.45;539.42
2345;Monte Alegre do Sul;SP;Estadual;31;544.45;544.53;486.79;538.72;582.58;539.41
2346;Mata;RS;Estadual;10;525.61;528.6;501.58;495.21;646.0;539.4
2347;Conselheiro Lafaiete;MG;Estadual;174;540.93;527.79;496.03;529.08;603.1;539.39
2348;Joaquim Távora;PR;Estadual;14;545.06;541.86;480.06;556.96;572.86;539.36
2349;Moreno;PE;Privada;28;526.91;527.97;493.35;516.4;632.14;539.35
2350;São João do Cariri;PB;Estadual;7;546.77;522.81;534.64;541.09;551.43;539.35
2351;Vazante;MG;Estadual;39;522.99;492.87;485.46;536.42;658.97;539.34
2352;Ribeirão Pires;SP;Estadual;283;546.83;523.37;490.77;542.72;592.86;539.31
2353;Santana do Garambéu;MG;Estadual;1;505.7;529.7;481.0;540.1;640.0;539.3
2354;Fátima;TO;Estadual;1;595.1;489.2;454.6;497.3;660.0;539.24
2355;Central;BA;Privada;9;525.11;518.99;478.98;497.4;675.56;539.21
2356;Malhador;SE;Estadual;10;512.44;520.23;497.74;441.52;724.0;539.19
2357;Naviraí;MS;Federal;61;530.33;515.36;501.8;532.7;615.74;539.19
2358;Maximiliano de Almeida;RS;Estadual;10;510.62;511.29;512.54;557.43;604.0;539.18
2359;Cabo de Santo Agostinho;PE;Privada;124;534.7;515.4;495.4;539.03;611.13;539.13
2360;Entre Rios do Sul;RS;Estadual;6;529.65;537.48;490.07;561.5;576.67;539.07
2361;Belo Horizonte;MG;Estadual;3513;542.67;525.65;495.72;537.16;594.11;539.06
2362;Dionísio;MG;Estadual;11;531.99;534.48;493.76;556.78;578.18;539.04
2363;Uberlândia;MG;Estadual;1131;540.07;521.68;492.58;530.92;609.87;539.02
2364;São José do Hortêncio;RS;Estadual;3;529.83;559.23;518.57;607.03;480.0;538.93
2365;Lavras;MG;Estadual;218;536.35;520.02;500.27;537.41;600.55;538.92
2366;São Joaquim da Barra;SP;Estadual;108;536.81;516.45;491.93;539.29;610.0;538.9
2367;Cairu;BA;Municipal;1;419.4;556.7;515.2;463.1;740.0;538.88
2368;Santa Rita de Minas;MG;Estadual;13;505.77;538.81;478.32;554.57;616.92;538.88
2369;Toropi;RS;Estadual;4;530.25;530.7;483.28;620.1;530.0;538.86
2370;Santana;AP;Federal;61;533.38;513.21;494.6;518.93;634.1;538.84
2371;Teodoro Sampaio;SP;Privada;12;551.68;524.38;490.38;524.32;603.33;538.82
2372;Japurá;PR;Estadual;14;541.17;527.56;507.23;526.7;591.43;538.82
2373;Governador Mangabeira;BA;Privada;6;523.0;499.18;523.75;468.12;680.0;538.81
2374;Caranaíba;MG;Estadual;5;548.66;553.6;505.84;473.84;612.0;538.79
2375;Ubatuba;SP;Municipal;30;539.11;515.9;481.5;570.02;587.33;538.77
2376;Rio Verde;GO;Municipal;2;553.75;466.45;481.6;481.8;710.0;538.72
2377;Garibaldi;RS;Estadual;22;540.3;549.9;513.44;527.05;562.73;538.68
2378;Congonhinhas;PR;Estadual;12;533.57;516.4;490.94;537.32;615.0;538.65
2379;Itanhaém;SP;Estadual;177;546.41;523.89;493.75;533.57;595.59;538.64
2380;Guajará-Mirim;RO;Federal;57;543.8;515.53;500.39;508.84;624.56;538.62
2381;Caratinga;MG;Estadual;148;531.57;521.75;491.17;537.55;610.95;538.6
2382;Arapoti;PR;Privada;21;543.69;535.48;507.61;549.04;557.14;538.59
2383;Três Corações;MG;Estadual;50;538.78;522.69;486.83;537.03;607.6;538.59
2384;Lamim;MG;Estadual;3;502.17;508.53;451.37;464.13;766.67;538.57
2385;Araçatuba;SP;Estadual;217;538.82;514.54;496.51;545.18;597.7;538.55
2386;Mercedes;PR;Estadual;10;532.03;512.97;488.93;544.79;614.0;538.54
2387;Adolfo;SP;Estadual;2;557.1;522.95;484.45;498.15;630.0;538.53
2388;Ampére;PR;Estadual;36;536.74;535.88;495.48;565.66;558.89;538.53
2389;Prudente de Morais;MG;Estadual;7;529.41;549.89;504.21;543.24;565.71;538.49
2390;Segredo;RS;Estadual;5;549.9;549.7;509.88;530.9;552.0;538.48
2391;Guaraciaba;MG;Estadual;8;522.35;496.72;495.81;494.98;682.5;538.47
2392;Sete Lagoas;MG;Estadual;281;539.78;517.02;497.66;526.62;611.17;538.45
2393;Quixadá;CE;Federal;38;538.18;525.0;503.32;540.96;584.74;538.44
2394;São Felipe;BA;Privada;11;528.67;538.59;501.17;509.18;614.55;538.43
2395;Oscar Bressane;SP;Estadual;1;558.4;503.3;442.0;468.3;720.0;538.4
2396;Avanhandava;SP;Estadual;8;560.22;536.2;516.81;523.7;555.0;538.39
2397;Cajamar;SP;Privada;40;544.6;519.98;489.62;543.94;593.5;538.33
2398;Cotriguaçu;MT;Estadual;10;503.84;525.25;482.56;549.88;630.0;538.31
2399;Ubiratã;PR;Estadual;43;535.6;519.77;498.75;553.65;583.72;538.3
2400;Belford Roxo;RJ;Privada;55;546.12;525.82;511.11;507.91;600.36;538.27
2401;Arraial do Cabo;RJ;Privada;6;535.52;531.15;499.15;552.18;573.33;538.27
2402;Capelinha;MG;Estadual;57;534.28;516.82;500.3;546.43;593.33;538.23
2403;Nordestina;BA;Estadual;3;565.07;531.43;523.5;577.73;493.33;538.21
2404;São Luiz Gonzaga;RS;Estadual;96;543.38;538.55;488.43;526.5;594.17;538.21
2405;Morro do Chapéu;BA;Privada;7;545.5;516.04;510.09;527.91;591.43;538.19
2406;Riachão do Dantas;SE;Estadual;18;519.68;503.98;480.88;493.51;692.22;538.06
2407;Cruzília;MG;Estadual;31;525.04;520.42;499.95;548.08;596.77;538.05
2408;São Domingos das Dores;MG;Estadual;10;527.08;517.26;503.61;534.25;608.0;538.04
2409;Valparaíso de Goiás;GO;Privada;112;544.31;528.43;512.75;517.7;586.96;538.03
2410;Alagoa Grande;PB;Privada;18;513.55;533.01;513.68;495.37;634.44;538.01
2411;Bom Jesus;SC;Estadual;5;539.9;528.54;487.98;489.6;644.0;538.0
2412;Ouro Branco;MG;Estadual;59;541.33;518.08;494.44;546.57;589.49;537.98
2413;Toritama;PE;Privada;24;526.78;535.05;499.66;524.18;604.17;537.97
2414;Cáceres;MT;Federal;53;514.29;506.09;509.81;526.02;633.58;537.96
2415;Rio das Pedras;SP;Estadual;32;544.89;519.48;485.73;557.83;581.88;537.96
2416;Várzea Grande;MT;Privada;91;529.39;513.26;488.67;510.04;648.35;537.94
2417;Porteirinha;MG;Estadual;110;522.02;503.12;480.42;529.68;654.36;537.92
2418;Marabá;PA;Federal;108;530.44;518.43;490.48;520.45;629.63;537.89
2419;Augusto Pestana;RS;Estadual;6;519.53;501.2;529.38;542.57;596.67;537.87
2420;Feliz Natal;MT;Estadual;7;513.43;487.43;513.91;560.1;614.29;537.83
2421;Maravilha;SC;Estadual;53;528.64;533.47;498.83;524.8;603.4;537.83
2422;Atibaia;SP;Estadual;153;541.69;524.76;500.8;540.31;581.18;537.75
2423;Campos Novos;SC;Privada;8;518.91;543.09;526.26;545.5;555.0;537.75
2424;Caeté;MG;Estadual;24;538.13;509.9;476.86;547.15;616.67;537.74
2425;Valinhos;SP;Estadual;149;550.56;526.14;494.21;535.34;582.42;537.73
2426;Montes Claros;MG;Estadual;698;537.55;522.21;493.31;529.43;606.16;537.73
2427;Barra do Rio Azul;RS;Estadual;7;530.39;521.49;513.11;552.19;571.43;537.72
2428;Marinópolis;SP;Estadual;9;531.01;514.01;507.73;540.14;595.56;537.69
2429;Ubaporanga;MG;Estadual;22;516.31;516.58;480.29;553.95;620.91;537.61
2430;Santa Cecília;PB;Estadual;4;494.08;498.12;524.65;526.12;645.0;537.6
2431;Jaguarão;RS;Privada;3;563.23;532.47;519.93;545.67;526.67;537.59
2432;São Sebastião da Vargem Alegre;MG;Estadual;6;550.78;523.1;495.85;521.33;596.67;537.55
2433;Central de Minas;MG;Estadual;2;542.65;514.25;538.3;542.2;550.0;537.48
2434;Heitoraí;GO;Estadual;7;509.6;506.49;474.36;525.33;671.43;537.44
2435;Quatro Pontes;PR;Estadual;8;515.4;532.71;526.42;535.15;577.5;537.44
2436;Severiano Melo;RN;Estadual;4;506.02;549.52;512.25;504.2;615.0;537.4
2437;Monte Azul;MG;Estadual;21;506.52;514.38;490.53;552.5;622.86;537.36
2438;Mogi das Cruzes;SP;Estadual;804;540.64;522.79;497.23;541.57;584.58;537.36
2439;São Pedro dos Ferros;MG;Estadual;11;511.27;525.55;497.77;521.0;630.91;537.3
2440;Potim;SP;Estadual;3;578.17;501.1;485.0;508.77;613.33;537.27
2441;Balneário Gaivota;SC;Estadual;3;542.1;538.77;535.33;496.67;573.33;537.24
2442;Coromandel;MG;Estadual;60;531.98;511.7;495.15;535.67;611.67;537.23
2443;Baldim;MG;Estadual;8;564.0;525.78;474.29;524.54;597.5;537.22
2444;Piraúba;MG;Estadual;22;545.35;516.6;495.58;536.7;591.82;537.21
2445;Jales;SP;Estadual;73;542.84;512.94;489.76;558.03;582.47;537.21
2446;Lambari;MG;Estadual;34;531.6;529.42;494.38;543.57;587.06;537.21
2447;Encruzilhada do Sul;RS;Estadual;41;539.05;526.32;482.97;530.74;606.83;537.18
2448;Arvorezinha;RS;Estadual;15;538.47;538.85;482.76;534.97;590.67;537.14
2449;Curvelo;MG;Estadual;109;527.2;511.91;501.76;515.17;629.54;537.12
2450;Várzea;PB;Estadual;8;531.67;520.09;497.01;564.33;572.5;537.12
2451;Nova Resende;MG;Estadual;11;543.35;488.01;483.89;528.45;641.82;537.11
2452;Prado;BA;Privada;7;480.04;515.03;516.51;513.96;660.0;537.11
2453;Ervália;MG;Estadual;32;526.41;525.64;497.84;531.24;604.38;537.1
2454;Chiapetta;RS;Estadual;9;512.03;510.56;520.14;509.28;633.33;537.07
2455;Sousa;PB;Federal;48;514.6;522.38;490.72;507.54;650.0;537.05
2456;Blumenau;SC;Estadual;321;543.6;534.04;494.43;539.2;573.83;537.02
2457;Iguatu;CE;Federal;40;532.24;504.68;477.46;511.19;659.5;537.01
2458;Paula Cândido;MG;Estadual;12;516.78;527.47;483.32;539.06;618.33;536.99
2459;Londrina;PR;Estadual;733;548.34;531.65;498.48;542.4;564.04;536.98
2460;Serranópolis do Iguaçu;PR;Estadual;13;522.09;536.62;501.27;577.18;547.69;536.97
2461;Valença;BA;Federal;200;541.93;513.11;493.09;503.12;633.4;536.93
2462;Monte Belo do Sul;RS;Estadual;7;514.0;517.07;480.77;529.69;642.86;536.88
2463;Novo Gama;GO;Privada;20;533.46;532.86;497.88;502.2;618.0;536.88
2464;Alfredo Wagner;SC;Estadual;14;544.78;542.9;517.5;559.88;518.57;536.73
2465;Florianópolis;SC;Estadual;506;538.76;523.32;496.22;535.24;589.96;536.7
2466;Arcos;MG;Estadual;51;553.41;520.19;481.88;533.13;594.9;536.7
2467;Novo Horizonte;SC;Estadual;16;516.69;513.59;510.87;544.48;597.5;536.62
2468;Santo Amaro da Imperatriz;SC;Estadual;43;540.88;517.49;494.65;558.47;571.63;536.62
2469;Nova Guataporanga;SP;Estadual;2;532.4;527.0;561.95;581.7;480.0;536.61
2470;Urussanga;SC;Privada;7;567.99;556.11;501.57;591.63;465.71;536.6
2471;Bananeiras;PB;Federal;16;539.74;511.96;502.42;539.91;588.75;536.56
2472;Viçosa;AL;Privada;26;526.03;521.25;506.5;518.2;610.77;536.55
2473;Santo André;SP;Estadual;1128;544.15;522.82;491.79;539.52;584.18;536.49
2474;Engenheiro Caldas;MG;Estadual;15;532.58;531.27;486.45;497.41;634.67;536.48
2475;Aratiba;RS;Estadual;14;524.07;532.54;493.89;559.03;572.86;536.48
2476;Rodeio Bonito;RS;Estadual;24;538.57;528.58;489.42;496.48;629.17;536.44
2477;Quaraí;RS;Estadual;39;547.98;525.57;481.41;534.38;592.82;536.43
2478;Capela;SE;Privada;23;506.91;490.56;468.48;498.83;717.39;536.43
2479;Viradouro;SP;Privada;16;535.88;495.29;506.09;543.59;601.25;536.42
2480;São Francisco de Paula;RS;Privada;5;537.18;558.14;469.68;476.98;640.0;536.4
2481;Santa Tereza de Goiás;GO;Estadual;9;520.54;509.6;491.66;497.98;662.22;536.4
2482;Mimoso do Sul;ES;Privada;1;501.7;568.9;447.1;564.2;600.0;536.38
2483;Catanduvas;SC;Privada;6;560.75;529.8;500.58;450.58;640.0;536.34
2484;Caxias do Sul;RS;Estadual;426;543.1;531.09;486.06;532.04;589.3;536.32
2485;Boa Esperança;ES;Privada;1;549.5;548.3;580.9;642.9;360.0;536.32
2486;Pacatuba;CE;Estadual;313;523.08;507.01;475.35;511.31;664.86;536.32
2487;Caetité;BA;Estadual;126;524.86;531.67;493.22;516.61;615.24;536.32
2488;Governador Mangabeira;BA;Federal;34;526.99;514.85;517.11;520.79;601.76;536.3
2489;Rio Claro;SP;Estadual;276;544.24;527.35;495.97;540.77;573.19;536.3
2490;Satuba;AL;Federal;63;525.64;505.95;488.96;521.42;639.37;536.27
2491;Ipaussu;SP;Estadual;33;546.72;527.45;487.77;538.06;581.21;536.24
2492;Paraíso das Águas;MS;Estadual;3;525.77;511.2;476.8;507.23;660.0;536.2
2493;Dias d'Ávila;BA;Municipal;2;583.5;599.3;499.3;458.85;540.0;536.19
2494;Governador Celso Ramos;SC;Estadual;22;547.32;536.68;487.29;533.12;576.36;536.15
2495;Espírito Santo do Pinhal;SP;Estadual;65;538.66;539.3;499.08;549.12;554.46;536.13
2496;Pouso Alegre;MG;Estadual;122;540.34;525.89;494.14;543.54;576.56;536.1
2497;Virmond;PR;Estadual;7;532.84;523.69;505.69;529.66;588.57;536.09
2498;Monte Alegre dos Campos;RS;Estadual;1;534.3;404.4;525.7;556.0;660.0;536.08
2499;Itatiba;SP;Estadual;163;547.19;526.82;497.42;553.72;555.09;536.05
2500;São Caitano;PE;Privada;5;553.26;533.86;510.36;486.7;596.0;536.04
2501;Roncador;PR;Estadual;14;541.33;541.86;493.64;510.51;592.86;536.04
2502;Itacoatiara;AM;Federal;34;537.58;550.19;494.89;519.74;577.65;536.01
2503;Penedo;AL;Privada;38;516.45;521.65;487.35;531.37;623.16;536.0
2504;Areado;MG;Estadual;14;534.32;523.39;506.01;533.11;582.86;535.94
2505;Matelândia;PR;Privada;2;527.7;526.5;492.25;493.15;640.0;535.92
2506;Hortolândia;SP;Estadual;316;545.27;520.3;494.02;538.76;581.08;535.89
2507;Anta Gorda;RS;Estadual;3;546.3;534.27;486.2;539.3;573.33;535.88
2508;Colíder;MT;Estadual;63;523.53;518.47;482.26;515.41;639.68;535.87
2509;Itarema;CE;Privada;17;537.01;497.38;480.84;541.65;622.35;535.84
2510;São Bento do Sapucaí;SP;Estadual;2;552.2;533.1;512.35;561.45;520.0;535.82
2511;Braço do Trombudo;SC;Estadual;4;560.35;535.75;465.5;542.48;575.0;535.82
2512;Bom Conselho;PE;Privada;5;515.72;520.02;534.14;545.12;564.0;535.8
2513;Aurora do Tocantins;TO;Estadual;6;536.38;544.2;481.72;510.03;606.67;535.8
2514;São Paulo;SP;Estadual;9440;544.53;525.96;492.26;536.59;579.61;535.79
2515;Varjão de Minas;MG;Estadual;6;551.68;538.45;461.25;504.1;623.33;535.76
2516;Piumhi;MG;Estadual;47;522.92;515.91;486.66;535.74;617.45;535.73
2517;Prados;MG;Estadual;11;532.65;503.9;499.63;540.66;601.82;535.73
2518;Santo Antônio;RN;Privada;18;529.97;514.34;490.77;539.01;604.44;535.71
2519;Palmeira das Missões;RS;Estadual;87;532.76;525.73;497.83;544.5;577.47;535.66
2520;Betim;MG;Estadual;495;540.85;523.25;494.67;537.77;581.37;535.58
2521;Dores do Indaiá;MG;Estadual;12;540.15;489.75;486.7;541.22;620.0;535.56
2522;Capinzal;SC;Estadual;44;536.99;519.06;485.87;527.32;608.18;535.49
2523;Braço do Norte;SC;Estadual;41;531.54;516.17;494.93;540.64;594.15;535.49
2524;Três Passos;RS;Estadual;33;525.64;516.97;499.38;537.11;598.18;535.46
2525;Formiga;MG;Estadual;84;531.68;509.78;488.65;546.87;600.24;535.44
2526;Pedrinhas Paulista;SP;Estadual;8;527.24;498.36;483.04;520.71;647.5;535.37
2527;São Francisco de Paula;MG;Estadual;4;556.08;532.98;479.22;543.4;565.0;535.34
2528;Barroso;MG;Estadual;23;533.29;519.64;475.78;530.6;617.39;535.34
2529;Jaguari;RS;Estadual;18;524.18;515.9;493.23;535.47;607.78;535.31
2530;Ribeirão;PE;Privada;24;519.0;494.53;500.38;530.86;631.67;535.29
2531;Cacimbinhas;AL;Privada;1;531.2;510.6;424.3;410.3;800.0;535.28
2532;Francisco Alves;PR;Estadual;12;523.17;547.32;479.98;520.81;605.0;535.26
2533;Terra Boa;PR;Privada;7;543.14;520.21;517.31;518.39;577.14;535.24
2534;Tambaú;SP;Estadual;19;521.65;525.49;503.41;562.46;563.16;535.24
2535;Salgadinho;PB;Estadual;2;462.25;483.95;527.7;522.2;680.0;535.22
2536;Sorocaba;SP;Estadual;809;546.0;520.9;492.97;539.14;577.11;535.22
2537;Santa Rosa;RS;Estadual;118;536.08;526.62;492.6;532.23;588.47;535.2
2538;Ribeirão Preto;SP;Estadual;690;543.99;520.18;493.07;529.0;589.74;535.2
2539;Cachoeira da Prata;MG;Estadual;13;541.98;491.28;498.62;533.27;610.77;535.19
2540;Sanclerlândia;GO;Estadual;5;519.06;514.38;510.26;524.16;608.0;535.17
2541;Rio Espera;MG;Estadual;13;535.27;511.94;491.62;509.14;627.69;535.13
2542;Mogi Guaçu;SP;Estadual;114;545.37;522.64;502.13;553.94;551.4;535.1
2543;Santos;SP;Estadual;516;546.95;524.33;493.8;536.64;573.76;535.09
2544;Curitiba;PR;Estadual;2471;537.77;527.83;495.85;540.71;573.29;535.09
2545;Tatuí;SP;Estadual;180;538.13;522.91;505.76;546.39;562.11;535.06
2546;Igaporã;BA;Estadual;4;509.67;511.52;495.25;518.75;640.0;535.04
2547;Monte das Gameleiras;RN;Estadual;4;502.33;520.83;468.92;492.92;690.0;535.0
2548;São Francisco de Paula;RS;Estadual;5;528.04;556.48;481.62;520.86;588.0;535.0
2549;Perdigão;MG;Estadual;20;539.54;519.22;501.78;523.43;591.0;535.0
2550;Bertioga;SP;Privada;29;549.66;536.53;507.18;554.99;526.21;534.91
2551;Mogeiro;PB;Estadual;14;502.5;486.97;493.57;501.19;690.0;534.85
2552;Passo de Torres;SC;Municipal;1;549.2;588.0;565.8;631.1;340.0;534.82
2553;Bezerros;PE;Estadual;171;520.01;494.18;481.75;525.35;652.75;534.81
2554;Nova Brasilândia D'Oeste;RO;Estadual;32;518.56;521.94;493.37;524.52;615.62;534.8
2555;Ipojuca;PE;Privada;6;554.08;515.08;496.28;498.47;610.0;534.78
2556;Palmeira dos Índios;AL;Privada;88;516.2;491.78;489.92;508.23;667.73;534.77
2557;Sardoá;MG;Estadual;10;517.67;535.17;484.66;562.3;574.0;534.76
2558;Passo do Sobrado;RS;Estadual;11;525.73;528.26;487.84;566.3;565.45;534.72
2559;Paraíso do Sul;RS;Estadual;10;513.3;533.49;494.46;520.11;612.0;534.67
2560;Iracemápolis;SP;Estadual;19;550.2;499.09;497.64;536.69;589.47;534.62
2561;Chapadinha;MA;Privada;50;521.62;508.72;483.77;499.74;659.2;534.61
2562;Bom Jesus da Lapa;BA;Federal;42;520.2;525.4;492.63;516.74;618.1;534.61
2563;Morrinhos do Sul;RS;Estadual;16;517.79;531.39;485.09;511.24;627.5;534.6
2564;Ilópolis;RS;Estadual;2;533.5;565.3;563.9;540.25;470.0;534.59
2565;Peixoto de Azevedo;MT;Privada;5;563.54;531.76;501.08;528.46;548.0;534.57
2566;Araraquara;SP;Estadual;237;542.08;519.01;496.19;540.79;574.6;534.53
2567;Bituruna;PR;Estadual;19;529.59;523.37;512.59;572.35;534.74;534.53
2568;Porto Feliz;SP;Estadual;57;545.55;532.77;479.46;541.74;572.63;534.43
2569;Conceição do Araguaia;PA;Privada;56;528.07;509.15;498.56;527.1;609.29;534.43
2570;Coronel Freitas;SC;Estadual;13;548.02;540.81;500.35;507.35;575.38;534.38
2571;Entre Rios;BA;Privada;4;508.62;515.08;497.08;541.07;610.0;534.37
2572;Santa Helena;SC;Estadual;3;506.9;512.3;526.73;639.17;486.67;534.35
2573;Uru;SP;Estadual;3;521.87;528.17;459.23;469.1;693.33;534.34
2574;São João Batista;SC;Estadual;20;549.04;518.14;501.28;509.26;594.0;534.34
2575;Cedro do Abaeté;MG;Estadual;2;540.95;469.15;496.45;535.15;630.0;534.34
2576;Canguaretama;RN;Privada;7;523.31;520.17;500.3;544.87;582.86;534.3
2577;Maués;AM;Federal;38;527.05;537.61;486.63;519.56;600.53;534.28
2578;Muçum;RS;Estadual;5;524.56;556.96;531.64;566.06;492.0;534.24
2579;Sapucaia;RJ;Estadual;25;524.47;505.67;476.54;500.53;664.0;534.24
2580;Santiago;RS;Estadual;96;534.03;530.14;491.04;526.88;588.96;534.21
2581;Marechal Deodoro;AL;Federal;78;528.53;509.19;489.18;495.3;648.72;534.19
2582;Cristais;MG;Estadual;14;532.77;540.51;510.67;554.08;532.86;534.18
2583;Olivença;AL;Estadual;7;535.51;495.51;440.63;479.2;720.0;534.17
2584;Pedro II;PI;Privada;19;518.13;503.93;496.69;524.51;627.37;534.12
2585;Glaucilândia;MG;Estadual;2;524.15;564.7;527.45;474.15;580.0;534.09
2586;Jaguariaíva;PR;Privada;38;548.93;539.73;496.89;532.57;552.11;534.05
2587;Franco da Rocha;SP;Estadual;161;542.69;528.43;495.84;537.79;565.47;534.04
2588;Santo Antônio do Tauá;PA;Privada;15;496.41;490.46;505.83;468.13;709.33;534.03
2589;Franca;SP;Estadual;530;538.79;514.5;493.55;537.48;585.85;534.03
2590;Jarinu;SP;Estadual;34;540.84;520.39;507.04;528.15;573.53;533.99
2591;Porto dos Gaúchos;MT;Estadual;6;502.38;534.87;495.57;510.37;626.67;533.97
2592;Nova Lima;MG;Estadual;64;542.92;526.77;492.51;525.35;582.19;533.95
2593;Itaberaí;GO;Estadual;92;528.95;502.55;491.38;535.05;611.74;533.93
2594;Lagoa da Prata;MG;Estadual;58;531.38;516.01;496.95;538.67;586.21;533.84
2595;Tapejara;RS;Estadual;37;525.15;517.56;491.16;525.52;609.73;533.82
2596;Nova Monte Verde;MT;Estadual;12;551.67;495.81;515.71;520.88;585.0;533.81
2597;Cerro Largo;RS;Estadual;9;511.21;534.53;486.97;536.13;600.0;533.77
2598;Alta Floresta D'Oeste;RO;Estadual;60;524.94;505.81;492.13;513.23;632.67;533.76
2599;Araripina;PE;Estadual;117;512.58;501.93;484.94;516.99;652.14;533.72
2600;Propriá;SE;Privada;59;523.76;515.57;488.85;507.52;632.88;533.72
2601;Guaramirim;SC;Estadual;48;534.74;519.11;478.44;550.68;585.42;533.68
2602;Peruíbe;SP;Estadual;113;537.42;527.86;495.09;526.0;581.95;533.66
2603;Castelo;ES;Estadual;73;529.07;516.38;493.08;529.61;600.0;533.63
2604;Conselheiro Pena;MG;Estadual;30;525.99;510.75;498.74;542.39;590.0;533.57
2605;Panelas;PE;Estadual;68;510.74;488.49;480.44;490.72;697.35;533.55
2606;Santa Bárbara;MG;Estadual;40;537.84;526.34;497.1;523.94;582.5;533.54
2607;São José dos Campos;SP;Estadual;892;541.72;519.7;492.37;540.57;573.3;533.53
2608;Chapada;RS;Estadual;8;520.03;531.21;493.79;567.44;555.0;533.49
2609;Botelhos;MG;Estadual;9;520.04;522.69;503.38;490.07;631.11;533.46
2610;Descanso;SC;Estadual;12;523.97;521.15;498.59;538.54;585.0;533.45
2611;Bela Cruz;CE;Privada;5;538.58;517.72;496.7;534.06;580.0;533.41
2612;Botucatu;SP;Estadual;125;539.78;514.27;490.9;549.89;571.84;533.34
2613;Praia Grande;SC;Estadual;11;530.93;506.73;474.88;532.25;621.82;533.32
2614;Campo Azul;MG;Estadual;6;558.4;540.02;507.07;527.38;533.33;533.24
2615;Jaboticatubas;MG;Estadual;29;539.05;502.75;490.72;532.89;600.69;533.22
2616;Itabaiana;PB;Federal;46;525.58;500.21;480.06;496.17;663.91;533.19
2617;Turmalina;MG;Estadual;53;540.66;529.38;495.43;516.67;583.4;533.11
2618;Balsa Nova;PR;Estadual;15;541.48;534.8;500.55;528.69;560.0;533.1
2619;Extremoz;RN;Privada;12;544.32;517.36;484.75;510.75;608.33;533.1
2620;Quedas do Iguaçu;PR;Estadual;19;534.52;525.96;501.11;544.99;558.95;533.1
2621;Paço do Lumiar;MA;Privada;15;514.38;529.37;486.41;492.61;642.67;533.09
2622;Dom Basílio;BA;Estadual;21;525.57;505.84;490.63;510.08;633.33;533.09
2623;Guapiaçu;SP;Estadual;24;539.88;519.9;497.1;525.82;582.5;533.04
2624;Ijuí;RS;Municipal;13;515.13;532.06;494.35;534.36;589.23;533.03
2625;Nova Veneza;SC;Estadual;15;552.55;539.0;506.89;536.01;530.67;533.02
2626;Passo Fundo;RS;Estadual;262;542.13;522.85;489.62;526.89;583.44;532.99
2627;Mafra;SC;Estadual;70;525.2;539.45;496.29;536.27;567.71;532.99
2628;Conchal;SP;Estadual;18;543.31;519.23;489.03;547.69;565.56;532.96
2629;Passos;MG;Estadual;196;531.7;518.8;495.46;524.56;594.18;532.94
2630;Vicente Dutra;RS;Estadual;3;496.4;540.1;517.73;537.1;573.33;532.93
2631;Constantina;RS;Estadual;5;546.68;487.28;494.04;556.28;580.0;532.86
2632;São Paulo das Missões;RS;Estadual;17;519.06;523.99;496.08;540.43;584.71;532.85
2633;Ladainha;MG;Estadual;8;532.92;511.99;447.36;526.96;645.0;532.85
2634;Monte Alto;SP;Estadual;64;536.89;521.74;490.78;526.99;587.81;532.84
2635;Terra Roxa;PR;Estadual;12;548.2;518.56;497.25;548.46;551.67;532.83
2636;Varginha;MG;Estadual;120;540.32;521.69;490.88;532.72;578.33;532.79
2637;Carnaíba;PE;Estadual;68;511.39;491.24;482.98;521.26;657.06;532.78
2638;Ilha Solteira;SP;Estadual;36;544.4;537.07;491.81;526.56;563.89;532.75
2639;Votorantim;SP;Estadual;172;548.01;524.12;495.3;532.52;563.6;532.71
2640;Pérola;PR;Estadual;10;543.91;526.8;482.53;554.01;556.0;532.65
2641;Brusque;SC;Estadual;89;539.9;530.63;493.63;537.53;561.35;532.61
2642;Pereiras;SP;Estadual;2;511.65;551.0;505.25;484.85;610.0;532.55
2643;Moiporá;GO;Estadual;3;540.43;527.37;523.63;518.0;553.33;532.55
2644;Itambacuri;MG;Estadual;18;531.66;521.97;491.07;526.94;591.11;532.55
2645;Cachoeirinha;RS;Estadual;229;544.12;528.76;482.85;517.53;589.43;532.54
2646;Jacareí;SP;Estadual;221;537.82;517.51;489.43;531.87;585.97;532.52
2647;Pinhalzinho;SC;Estadual;33;528.18;519.43;491.12;540.8;583.03;532.51
2648;Alvarenga;MG;Estadual;5;538.6;508.82;484.4;490.52;640.0;532.47
2649;Periquito;MG;Estadual;2;492.95;550.75;479.4;509.15;630.0;532.45
2650;Ivorá;RS;Estadual;6;526.03;532.57;460.23;503.4;640.0;532.45
2651;São Luís do Quitunde;AL;Privada;7;552.07;503.66;477.47;463.17;665.71;532.42
2652;Morro Redondo;RS;Estadual;22;525.05;522.95;474.0;532.8;607.27;532.41
2653;Capitão de Campos;PI;Privada;15;511.73;493.74;477.69;519.83;658.67;532.33
2654;Nossa Senhora da Glória;SE;Federal;7;505.67;510.64;478.34;481.21;685.71;532.32
2655;Caldazinha;GO;Estadual;11;524.62;518.21;511.91;539.47;567.27;532.3
2656;Cerro Azul;PR;Estadual;9;541.48;498.78;468.04;528.62;624.44;532.27
2657;Berilo;MG;Estadual;13;514.15;510.7;469.26;514.51;652.31;532.18
2658;Laguna;SC;Estadual;31;538.67;524.68;485.31;510.24;601.94;532.17
2659;Juiz de Fora;MG;Estadual;608;536.58;519.64;489.59;523.48;591.32;532.12
2660;São José dos Pinhais;PR;Estadual;451;542.51;529.3;495.42;536.72;556.59;532.11
2661;Itamarandiba;MG;Estadual;56;536.03;527.07;487.59;550.18;559.64;532.1
2662;Artur Nogueira;SP;Estadual;56;534.97;505.84;484.43;535.96;599.29;532.1
2663;Riversul;SP;Estadual;10;520.82;518.7;506.36;538.52;576.0;532.08
2664;Mato Castelhano;RS;Estadual;6;550.37;540.38;514.35;521.83;533.33;532.05
2665;Pacujá;CE;Estadual;124;522.44;515.23;493.0;510.76;618.55;531.99
2666;Juquiá;SP;Privada;3;548.97;507.3;523.47;520.23;560.0;531.99
2667;Quatro Barras;PR;Estadual;22;540.75;527.11;485.63;534.55;571.82;531.97
2668;Ouricuri;PE;Federal;15;540.78;501.53;492.82;537.72;586.67;531.9
2669;Joanópolis;SP;Estadual;8;520.38;487.39;503.82;575.09;572.5;531.84
2670;Cristalina;GO;Privada;21;514.83;490.69;483.06;505.85;664.76;531.84
2671;Massaranduba;SC;Estadual;33;529.2;530.85;490.34;546.28;562.42;531.82
2672;Damião;PB;Estadual;16;510.77;538.02;486.59;497.37;626.25;531.8
2673;Taió;SC;Estadual;23;536.19;536.7;496.57;522.51;566.96;531.79
2674;Guaraciaba;SC;Estadual;14;520.45;511.35;508.58;524.24;594.29;531.78
2675;Marilândia;ES;Estadual;30;518.38;504.84;495.13;541.57;598.67;531.72
2676;Edealina;GO;Estadual;4;540.17;508.92;477.12;527.22;605.0;531.69
2677;Pindamonhangaba;SP;Estadual;242;541.54;516.98;489.72;535.78;574.3;531.66
2678;Maravilhas;MG;Estadual;3;501.63;496.13;466.0;474.47;720.0;531.65
2679;Marau;RS;Estadual;56;530.98;506.91;481.74;531.45;607.14;531.64
2680;Ibiá;MG;Estadual;11;554.73;539.96;501.32;518.45;543.64;531.62
2681;Maripá;PR;Estadual;12;523.52;525.6;493.69;584.83;530.0;531.53
2682;Pimenteiras do Oeste;RO;Estadual;4;480.78;481.52;512.6;597.72;585.0;531.53
2683;Rio Negrinho;SC;Estadual;34;526.19;518.19;498.07;553.87;561.18;531.5
2684;Igarapé;MG;Estadual;38;528.88;523.53;488.78;531.59;584.74;531.5
2685;Imigrante;RS;Estadual;2;521.15;538.6;486.7;610.95;500.0;531.48
2686;Guaíba;RS;Estadual;214;542.34;513.73;479.35;514.38;607.57;531.47
2687;Rolante;RS;Estadual;11;547.77;549.41;486.4;529.97;543.64;531.44
2688;Toledo;PR;Estadual;262;533.1;527.92;499.4;542.48;554.27;531.43
2689;Santa Inês;PR;Estadual;3;511.5;506.17;470.47;582.13;586.67;531.39
2690;Pau dos Ferros;RN;Privada;20;516.46;492.95;492.82;513.68;641.0;531.38
2691;Catanduva;SP;Estadual;134;534.49;518.07;493.2;539.16;571.94;531.37
2692;Ituverava;SP;Estadual;60;526.18;505.45;487.79;502.96;634.33;531.34
2693;Pantano Grande;RS;Estadual;13;545.32;538.48;468.58;504.28;600.0;531.33
2694;Salto Veloso;SC;Estadual;7;533.56;531.8;492.27;556.14;542.86;531.33
2695;Jacaraci;BA;Estadual;29;518.96;514.03;472.35;515.98;635.17;531.3
2696;Itapuca;RS;Estadual;5;503.36;553.02;453.26;526.88;620.0;531.3
2697;Pilar do Sul;SP;Estadual;62;539.94;519.26;490.49;531.54;575.16;531.28
2698;Guarani d'Oeste;SP;Estadual;1;518.4;522.6;556.6;538.8;520.0;531.28
2699;Alambari;SP;Estadual;5;554.48;520.82;472.92;524.06;584.0;531.26
2700;Carmópolis de Minas;MG;Estadual;35;522.71;501.31;482.22;541.25;608.57;531.21
2701;Barra de São Francisco;ES;Privada;4;531.42;510.95;487.12;531.42;595.0;531.18
2702;Francisco Morato;SP;Estadual;148;542.76;521.14;490.58;527.08;574.19;531.15
2703;Goianésia;GO;Estadual;245;522.63;508.71;484.47;517.29;622.61;531.14
2704;Santa Isabel;SP;Estadual;62;542.09;523.26;493.53;542.55;554.19;531.13
2705;Ilhota;SC;Estadual;6;532.05;561.55;523.12;535.5;503.33;531.11
2706;São José do Calçado;ES;Estadual;3;542.2;485.2;498.83;475.9;653.33;531.09
2707;Cedral;SP;Estadual;6;529.48;524.05;483.93;567.98;550.0;531.09
2708;Orleans;SC;Estadual;46;525.38;511.44;488.79;513.24;616.52;531.07
2709;Rio do Oeste;SC;Estadual;9;524.97;491.87;469.61;520.0;648.89;531.07
2710;Santa Helena;PB;Estadual;23;502.91;513.81;469.18;532.04;637.39;531.07
2711;Congonhal;MG;Estadual;4;518.45;497.9;459.78;554.2;625.0;531.06
2712;Russas;CE;Estadual;306;518.83;504.3;480.75;525.34;626.01;531.05
2713;Ilicínea;MG;Estadual;27;519.28;518.03;472.53;538.73;606.67;531.05
2714;Salgueiro;PE;Estadual;233;518.58;502.07;487.92;528.34;618.28;531.04
2715;Rosana;SP;Municipal;1;534.8;472.4;373.8;454.0;820.0;531.0
2716;Novo Horizonte do Oeste;RO;Estadual;6;520.27;517.38;492.05;521.85;603.33;530.98
2717;Terra Nova do Norte;MT;Estadual;14;526.66;507.92;504.58;554.29;561.43;530.97
2718;Belo Jardim;PE;Estadual;153;522.48;504.62;483.5;525.77;618.43;530.96
2719;Cupira;PE;Privada;2;566.85;472.4;485.85;449.45;680.0;530.91
2720;Gramado;RS;Estadual;31;543.5;534.36;478.4;540.82;557.42;530.9
2721;Penedo;AL;Federal;58;528.44;518.59;499.59;510.2;597.59;530.88
2722;Porto Esperidião;MT;Municipal;2;557.95;502.3;482.9;511.2;600.0;530.87
2723;Alto Paraíso;PR;Estadual;1;482.8;541.5;487.5;542.2;600.0;530.8
2724;Pedra Azul;MG;Estadual;18;543.61;508.87;498.26;507.57;595.56;530.77
2725;Santos Dumont;MG;Estadual;48;535.42;532.11;485.37;519.17;581.25;530.66
2726;Martinho Campos;MG;Estadual;21;535.61;515.97;471.58;552.91;577.14;530.64
2727;Itupeva;SP;Estadual;46;547.34;509.38;491.4;533.18;571.74;530.61
2728;Porto Alegre;RS;Estadual;1403;542.42;522.53;483.51;526.8;577.73;530.6
2729;Santo Ângelo;RS;Municipal;1;499.7;508.2;570.1;494.9;580.0;530.58
2730;Butiá;RS;Estadual;28;535.23;507.6;485.5;527.38;597.14;530.57
2731;Venâncio Aires;RS;Estadual;53;526.79;507.78;478.42;511.67;627.92;530.52
2732;Barrinha;SP;Estadual;34;531.46;501.8;485.67;518.84;614.71;530.49
2733;Casca;RS;Estadual;29;531.49;514.83;463.51;535.51;606.9;530.45
2734;Tapurah;MT;Privada;2;493.95;473.25;516.3;528.5;640.0;530.4
2735;Jesuítas;PR;Estadual;7;517.13;516.26;508.91;523.96;585.71;530.39
2736;Caraguatatuba;SP;Estadual;112;544.78;523.48;498.27;540.84;544.46;530.37
2737;Taparuba;MG;Estadual;11;533.5;536.99;478.29;519.12;583.64;530.31
2738;Astorga;PR;Estadual;37;529.06;520.07;494.58;533.21;574.59;530.3
2739;Brunópolis;SC;Estadual;3;493.0;525.17;522.27;510.8;600.0;530.25
2740;Maria Helena;PR;Estadual;2;536.1;518.9;500.7;545.5;550.0;530.24
2741;Jaraguá do Sul;SC;Estadual;178;537.29;523.82;493.48;544.23;552.36;530.24
2742;Corguinho;MS;Estadual;4;555.95;479.42;504.12;526.6;585.0;530.22
2743;São Leopoldo;RS;Estadual;264;540.69;516.36;481.76;534.38;577.88;530.21
2744;São José do Divino;PI;Estadual;5;494.4;517.0;465.62;537.9;636.0;530.18
2745;Estiva;MG;Estadual;18;508.32;508.84;482.66;509.98;641.11;530.18
2746;Barra de São Francisco;ES;Estadual;71;518.03;517.94;487.53;528.25;598.87;530.13
2747;Paraty;RJ;Estadual;37;541.61;532.05;496.66;531.06;549.19;530.12
2748;Carmésia;MG;Estadual;1;548.8;479.7;515.6;526.4;580.0;530.1
2749;Nova Aliança;SP;Estadual;13;518.87;524.05;482.38;529.79;595.38;530.1
2750;São João Batista do Glória;MG;Estadual;15;512.21;505.54;451.64;509.0;672.0;530.08
2751;Embu das Artes;SP;Estadual;322;543.96;523.99;481.05;522.57;578.76;530.07
2752;São Geraldo;MG;Estadual;16;531.7;529.17;492.91;497.77;598.75;530.06
2753;Andradina;SP;Estadual;53;537.3;504.41;493.64;536.42;578.49;530.05
2754;Itaquiraí;MS;Estadual;15;512.76;500.17;464.97;511.03;661.33;530.05
2755;Lagoa Vermelha;RS;Estadual;53;532.65;514.95;467.76;509.58;625.28;530.05
2756;Monte Carmelo;MG;Estadual;95;531.21;507.2;488.65;522.63;600.42;530.02
2757;Jundiaí do Sul;PR;Estadual;4;523.78;538.62;502.0;605.65;480.0;530.01
2758;Itu;SP;Estadual;224;542.64;519.5;490.89;531.07;565.8;529.98
2759;Teresópolis;RJ;Estadual;202;543.07;520.84;482.06;525.42;578.42;529.96
2760;Ibaté;SP;Estadual;47;526.06;509.57;485.25;531.39;597.45;529.94
2761;Encantado;RS;Estadual;22;535.39;525.59;476.0;537.23;575.45;529.93
2762;Xaxim;SC;Estadual;38;524.07;509.04;491.07;524.96;600.53;529.93
2763;Ibiassucê;BA;Estadual;6;523.53;541.33;502.92;535.17;546.67;529.92
2764;Jardim Alegre;PR;Estadual;3;514.3;500.3;478.93;555.9;600.0;529.89
2765;Bragança;PA;Federal;51;533.73;522.63;484.77;512.47;595.69;529.86
2766;Tubarão;SC;Estadual;167;534.71;526.58;472.95;527.11;587.9;529.85
2767;Barcarena;PA;Privada;44;528.92;507.2;491.33;488.16;633.64;529.85
2768;Princesa Isabel;PB;Federal;39;514.27;490.91;477.47;530.11;636.41;529.84
2769;Monte Santo de Minas;MG;Estadual;23;532.34;508.23;465.82;510.61;632.17;529.83
2770;Formigueiro;RS;Estadual;3;545.6;541.27;496.27;539.33;526.67;529.83
2771;Pirangi;SP;Estadual;15;530.56;528.66;499.14;532.09;558.67;529.82
2772;Altamira;PA;Federal;19;542.4;497.82;489.37;525.78;593.68;529.81
2773;Boa Vista das Missões;RS;Estadual;11;522.49;504.92;499.29;507.72;614.55;529.79
2774;Formoso do Araguaia;TO;Privada;34;518.09;507.37;494.32;487.42;641.76;529.79
2775;Casimiro de Abreu;RJ;Estadual;52;544.61;514.58;486.94;508.46;594.23;529.76
2776;Luminárias;MG;Estadual;21;526.7;528.75;485.79;491.3;616.19;529.75
2777;Taquari;RS;Estadual;34;542.76;530.56;479.16;513.94;582.35;529.75
2778;São Luiz do Paraitinga;SP;Estadual;9;519.37;530.07;493.28;541.49;564.44;529.73
2779;Governador Valadares;MG;Estadual;363;535.38;515.12;483.44;520.09;594.49;529.7
2780;Juazeiro;BA;Federal;45;527.86;507.22;487.85;502.92;622.67;529.7
2781;Caçapava;SP;Estadual;120;538.49;518.61;486.38;536.01;569.0;529.7
2782;Paiçandu;PR;Estadual;60;528.84;524.28;478.16;532.87;584.33;529.7
2783;Pedregulho;SP;Estadual;20;528.93;481.79;495.54;543.14;599.0;529.68
2784;Gonzaga;MG;Estadual;2;474.25;529.75;537.15;497.0;610.0;529.63
2785;São Lourenço da Mata;PE;Privada;15;542.75;521.66;474.73;534.21;574.67;529.6
2786;Colina;SP;Privada;7;532.03;530.2;513.49;535.09;537.14;529.59
2787;Conceição da Barra de Minas;MG;Estadual;4;555.78;540.28;477.6;514.3;560.0;529.59
2788;Paraibuna;SP;Estadual;19;530.54;523.83;496.94;548.09;548.42;529.56
2789;São Simão;GO;Municipal;18;531.54;511.59;497.98;535.46;571.11;529.54
2790;Nova Palmeira;PB;Estadual;16;489.57;507.59;490.35;503.86;656.25;529.52
2791;Palmital;SP;Estadual;47;530.21;511.22;484.02;534.0;588.09;529.5
2792;Goiás;GO;Estadual;66;531.78;511.38;484.18;506.17;613.94;529.49
2793;Nova Roma do Sul;RS;Estadual;3;507.87;552.83;550.53;589.5;446.67;529.48
2794;Vila Nova do Piauí;PI;Estadual;9;523.9;483.02;452.06;497.27;691.11;529.47
2795;Serrinha;BA;Federal;8;518.08;485.36;509.87;456.42;677.5;529.45
2796;Igarapava;SP;Estadual;22;525.7;519.15;517.1;500.52;584.55;529.4
2797;Praia Grande;SP;Estadual;458;544.09;521.78;488.23;528.78;563.89;529.35
2798;Queluz;SP;Estadual;1;491.7;429.2;531.3;574.5;620.0;529.34
2799;Santa Terezinha;SC;Estadual;15;518.75;532.29;475.69;542.57;577.33;529.33
2800;Confresa;MT;Federal;43;530.03;519.27;515.07;510.61;571.63;529.32
2801;Paraguaçu Paulista;SP;Estadual;65;537.03;525.12;489.91;537.0;557.54;529.32
2802;Araxá;MG;Estadual;114;527.48;515.12;487.65;536.09;580.18;529.3
2803;Goiás;GO;Federal;27;546.2;516.3;481.84;489.52;612.59;529.29
2804;Miracema;RJ;Estadual;40;528.47;508.39;489.78;529.45;590.0;529.22
2805;Senhora dos Remédios;MG;Estadual;8;516.29;517.54;495.21;504.36;612.5;529.18
2806;Canela;RS;Estadual;31;547.88;518.61;470.92;529.07;579.35;529.17
2807;Duas Barras;RJ;Estadual;10;528.91;510.59;487.58;542.51;576.0;529.12
2808;Boa Esperança;ES;Estadual;35;527.83;520.09;490.2;534.84;572.57;529.11
2809;Avaré;SP;Estadual;75;538.02;508.71;487.61;531.49;579.47;529.06
2810;Santa Cruz do Rio Pardo;SP;Estadual;62;537.47;522.33;487.98;534.65;562.9;529.06
2811;Águas Lindas de Goiás;GO;Federal;39;544.05;540.27;504.62;502.94;553.33;529.04
2812;Presidente Venceslau;SP;Estadual;48;538.61;511.46;481.3;527.51;586.25;529.03
2813;Contagem;MG;Estadual;641;534.05;517.64;490.17;528.49;574.66;529.0
2814;Bom Princípio;RS;Estadual;12;525.49;533.01;513.23;553.24;520.0;529.0
2815;Porto Vitória;PR;Estadual;6;554.27;537.48;469.07;550.8;533.33;528.99
2816;Indaial;SC;Estadual;89;535.11;522.05;496.56;538.27;552.81;528.96
2817;Pinheiro;MA;Privada;64;515.37;507.72;494.08;494.4;633.12;528.94
2818;Cafelândia;PR;Privada;4;545.15;511.5;496.0;541.98;550.0;528.92
2819;Canoinhas;SC;Estadual;92;515.33;523.23;488.31;539.92;577.83;528.92
2820;Capim Branco;MG;Estadual;5;529.54;513.08;465.32;552.6;584.0;528.91
2821;Lindolfo Collor;RS;Estadual;11;518.64;532.12;520.66;545.77;527.27;528.89
2822;Severiano de Almeida;RS;Estadual;6;509.87;493.2;459.18;545.43;636.67;528.87
2823;Bom Jardim;RJ;Estadual;27;527.5;504.16;486.8;496.89;628.89;528.85
2824;Natividade da Serra;SP;Estadual;7;525.64;538.6;474.49;542.51;562.86;528.82
2825;Espinosa;MG;Estadual;50;510.67;509.24;487.26;531.6;605.2;528.79
2826;Gravataí;RS;Estadual;238;540.89;518.43;471.5;520.9;592.18;528.78
2827;Faxinalzinho;RS;Estadual;1;523.3;505.3;537.1;578.2;500.0;528.78
2828;Alegrete;RS;Federal;16;510.66;539.34;516.08;528.96;548.75;528.76
2829;Piedade;SP;Estadual;93;545.68;526.52;490.35;530.25;550.75;528.71
2830;Santo Antônio do Sudoeste;PR;Estadual;31;526.81;520.48;496.69;543.45;556.13;528.71
2831;José da Penha;RN;Estadual;10;505.48;468.45;472.62;490.69;706.0;528.65
2832;Campo Grande;RN;Estadual;6;541.77;527.3;419.48;441.3;713.33;528.64
2833;Inhapim;MG;Estadual;41;532.49;518.22;497.24;531.56;563.41;528.59
2834;São Manuel;SP;Estadual;47;536.28;515.06;480.58;535.88;574.89;528.54
2835;Irani;SC;Estadual;20;525.26;534.72;493.35;558.33;531.0;528.53
2836;Cupira;PE;Estadual;64;513.78;500.55;480.21;516.05;631.88;528.49
2837;Presidente Nereu;SC;Estadual;3;541.13;506.43;492.1;502.33;600.0;528.4
2838;Chapecó;SC;Estadual;396;530.65;519.35;487.01;529.04;575.76;528.36
2839;Itamarati de Minas;MG;Estadual;4;523.72;487.92;481.85;503.22;645.0;528.34
2840;Colinas do Sul;GO;Estadual;2;526.25;504.15;475.15;606.1;530.0;528.33
2841;Arapuá;MG;Estadual;5;524.32;537.94;506.02;449.34;624.0;528.32
2842;São Gonçalo do Amarante;RN;Privada;15;533.76;528.72;506.85;525.62;546.67;528.32
2843;Carpina;PE;Estadual;267;516.49;499.07;485.66;507.32;633.03;528.32
2844;Salesópolis;SP;Estadual;31;533.13;518.7;492.41;537.98;559.35;528.31
2845;Itaperuna;RJ;Estadual;95;529.53;511.64;478.41;522.26;599.58;528.29
2846;Santana da Ponte Pensa;SP;Estadual;1;514.8;462.1;475.4;489.1;700.0;528.28
2847;Carbonita;MG;Estadual;12;522.71;507.52;476.39;506.35;628.33;528.26
2848;Nova Trento;SC;Estadual;17;528.14;504.56;497.71;545.01;565.88;528.26
2849;Castanheira;MT;Estadual;4;540.08;514.88;511.62;509.62;565.0;528.24
2850;Camanducaia;MG;Estadual;8;513.55;504.85;483.49;534.26;605.0;528.23
2851;Codó;MA;Federal;86;526.02;515.75;485.62;507.28;606.28;528.19
2852;Águas de Santa Bárbara;SP;Estadual;5;533.1;498.96;451.94;584.86;572.0;528.17
2853;Ressaquinha;MG;Estadual;4;533.5;530.02;459.38;537.9;580.0;528.16
2854;Birigui;SP;Estadual;177;540.74;512.2;490.87;530.59;566.33;528.15
2855;Sertanópolis;PR;Estadual;19;533.52;514.22;497.24;498.87;596.84;528.14
2856;São Jorge;RS;Estadual;8;535.5;510.74;497.58;476.71;620.0;528.1
2857;Mondaí;SC;Estadual;15;506.48;538.51;471.88;539.57;584.0;528.09
2858;Itapetinga;BA;Federal;58;534.41;515.72;481.25;497.61;611.38;528.08
2859;Vespasiano Corrêa;RS;Estadual;1;536.3;497.2;538.0;608.9;460.0;528.08
2860;São Roque;SP;Estadual;104;534.94;510.89;500.49;534.69;559.23;528.05
2861;Fronteira;MG;Privada;4;542.6;548.58;499.22;504.88;545.0;528.05
2862;Passos Maia;SC;Estadual;4;534.3;559.33;482.05;479.5;585.0;528.04
2863;Ribeirão Vermelho;MG;Estadual;4;521.42;541.22;559.05;518.4;500.0;528.02
2864;Córrego Fundo;MG;Estadual;7;515.9;485.84;470.14;553.9;614.29;528.01
2865;Macaparana;PE;Estadual;97;512.0;496.18;485.29;519.78;626.8;528.01
2866;Torixoréu;MT;Estadual;4;529.9;526.28;482.52;486.3;615.0;528.0
2867;Itumbiara;GO;Estadual;214;529.45;515.71;492.44;517.97;584.21;527.96
2868;Reserva;PR;Estadual;19;534.1;530.15;496.55;535.86;543.16;527.96
2869;Capão Bonito;SP;Estadual;126;532.75;522.24;492.31;541.02;551.43;527.95
2870;Cerquilho;SP;Estadual;65;528.36;512.17;481.13;525.73;592.31;527.94
2871;Adamantina;SP;Estadual;48;544.36;516.68;486.76;537.64;554.17;527.92
2872;Santa Branca;SP;Estadual;11;549.67;530.68;482.64;516.58;560.0;527.91
2873;Getúlio Vargas;RS;Estadual;12;548.66;527.33;458.58;496.62;608.33;527.9
2874;São Gonçalo do Sapucaí;MG;Estadual;28;520.52;510.79;484.92;514.69;608.57;527.9
2875;Conceição dos Ouros;MG;Estadual;7;552.09;524.34;495.23;487.51;580.0;527.83
2876;Colinas;MA;Privada;7;531.89;503.27;465.66;486.93;651.43;527.83
2877;Igrejinha;RS;Estadual;38;538.95;529.44;492.34;529.96;548.42;527.82
2878;Itapeva;MG;Estadual;11;550.72;517.87;467.53;508.41;594.55;527.81
2879;União de Minas;MG;Estadual;5;515.58;494.46;498.86;506.06;624.0;527.79
2880;Penha;SC;Estadual;34;543.41;522.96;477.29;524.73;570.59;527.79
2881;Santa Maria Madalena;RJ;Estadual;4;538.95;515.98;496.75;462.18;625.0;527.77
2882;Floreal;SP;Estadual;6;528.18;473.07;467.07;497.05;673.33;527.74
2883;Eldorado;SP;Estadual;5;538.1;535.42;510.34;582.8;472.0;527.73
2884;Vespasiano;MG;Estadual;130;539.97;514.23;494.51;518.69;571.23;527.73
2885;Casa Branca;SP;Estadual;32;536.43;521.76;469.33;531.02;580.0;527.71
2886;Guaraniaçu;PR;Estadual;7;545.64;533.31;518.07;532.91;508.57;527.7
2887;São Pedro da União;MG;Estadual;2;537.15;487.85;527.85;535.5;550.0;527.67
2888;São Bento do Sul;SC;Estadual;93;530.5;532.49;486.8;534.94;553.55;527.66
2889;Monte Alegre de Sergipe;SE;Estadual;19;489.49;489.86;482.26;509.24;667.37;527.64
2890;Sebastianópolis do Sul;SP;Estadual;1;539.9;372.9;412.2;653.2;660.0;527.64
2891;Nova Mutum;MT;Estadual;76;522.64;510.25;483.36;527.79;593.95;527.6
2892;Rafael Fernandes;RN;Estadual;1;506.5;492.2;510.9;568.4;560.0;527.6
2893;Entre-Ijuís;RS;Estadual;4;522.22;476.28;499.3;535.15;605.0;527.59
2894;Ipiranga de Goiás;GO;Estadual;2;530.35;504.85;447.05;555.7;600.0;527.59
2895;Vargem Grande do Sul;SP;Estadual;48;539.42;512.26;492.49;531.18;562.5;527.57
2896;São João do Manteninha;MG;Estadual;3;489.13;535.73;460.17;546.0;606.67;527.54
2897;Braganey;PR;Estadual;4;527.15;532.2;510.12;498.18;570.0;527.53
2898;Rio Branco;MT;Estadual;14;523.88;506.12;494.46;518.68;594.29;527.49
2899;Suzano;SP;Estadual;509;539.74;514.68;484.18;526.12;572.69;527.48
2900;Poço Fundo;MG;Estadual;26;526.65;525.11;476.97;534.61;573.85;527.44
2901;Dois Vizinhos;PR;Estadual;84;529.66;521.54;496.7;522.14;567.14;527.44
2902;Moreilândia;PE;Estadual;20;515.94;504.42;490.6;519.21;607.0;527.43
2903;Aparecida do Taboado;MS;Estadual;28;530.02;514.61;498.04;521.51;572.86;527.41
2904;Vargem Alta;ES;Estadual;57;525.04;516.67;489.71;533.56;571.93;527.38
2905;Queimadas;PB;Privada;15;522.51;501.07;487.91;506.43;618.67;527.32
2906;Rio de Contas;BA;Estadual;24;495.31;503.39;489.88;539.58;608.33;527.3
2907;Amélia Rodrigues;BA;Estadual;50;534.41;498.93;484.86;493.11;625.2;527.3
2908;Santa Gertrudes;SP;Estadual;29;538.86;516.82;494.3;530.53;555.86;527.28
2909;São João da Mata;MG;Estadual;4;506.38;549.4;470.22;475.35;635.0;527.27
2910;Poá;SP;Privada;17;537.84;508.21;503.21;530.54;556.47;527.25
2911;Papagaios;MG;Estadual;11;521.36;500.66;473.08;519.21;621.82;527.23
2912;Itauçu;GO;Estadual;15;511.28;489.49;467.85;548.83;618.67;527.22
2913;Jacutinga;MG;Municipal;1;542.1;470.7;451.8;651.5;520.0;527.22
2914;São Francisco do Sul;SC;Privada;20;530.6;498.92;479.31;518.22;609.0;527.21
2915;Venda Nova do Imigrante;ES;Estadual;73;521.55;519.23;486.3;541.17;567.67;527.18
2916;Ribeirão Grande;SP;Estadual;7;563.71;551.21;487.01;485.3;548.57;527.16
2917;Araponga;MG;Privada;2;532.15;520.5;469.25;593.9;520.0;527.16
2918;Mairinque;SP;Estadual;115;535.1;505.53;487.45;536.25;571.3;527.13
2919;Itaocara;RJ;Estadual;44;514.41;514.43;483.75;513.45;609.55;527.12
2920;Bicas;MG;Estadual;17;531.46;516.0;495.34;517.45;575.29;527.11
2921;Vacaria;RS;Estadual;75;532.45;511.92;473.63;524.92;592.53;527.09
2922;Sertão;RS;Estadual;7;541.57;497.29;508.31;539.54;548.57;527.06
2923;Candeias;BA;Privada;35;526.3;489.19;487.12;495.91;636.57;527.02
2924;Manoel Ribas;PR;Estadual;11;526.27;506.07;482.4;487.57;632.73;527.01
2925;Osasco;SP;Estadual;498;539.27;516.84;482.21;519.27;577.43;527.0
2926;Santana do Deserto;MG;Estadual;3;510.53;545.3;464.97;547.33;566.67;526.96
2927;Cosmópolis;SP;Estadual;91;538.73;520.34;498.14;522.63;554.95;526.96
2928;Diamantina;MG;Estadual;114;531.36;510.5;488.42;507.35;597.19;526.96
2929;Iretama;PR;Estadual;10;534.8;501.45;499.6;536.83;562.0;526.94
2930;Jaborá;SC;Estadual;12;520.28;509.91;489.68;514.81;600.0;526.93
2931;Patrocínio do Muriaé;MG;Estadual;2;442.45;533.4;446.5;482.25;730.0;526.92
2932;Miradouro;MG;Estadual;11;503.73;509.94;479.15;528.96;612.73;526.9
2933;Pato Branco;PR;Estadual;138;522.29;517.0;487.41;536.0;571.74;526.89
2934;Erebango;RS;Estadual;5;557.5;521.78;464.3;542.7;548.0;526.86
2935;Niterói;RJ;Estadual;774;532.83;512.0;479.37;513.95;596.05;526.84
2936;Ipueira;RN;Estadual;1;560.0;546.1;517.8;450.3;560.0;526.84
2937;Moeda;MG;Estadual;3;493.37;501.1;401.17;551.9;686.67;526.84
2938;Itaú de Minas;MG;Estadual;24;532.27;503.98;486.96;527.51;583.33;526.81
2939;Ourinhos;SP;Estadual;146;534.73;503.18;488.84;536.18;571.1;526.81
2940;Taguaí;SP;Estadual;12;542.38;533.37;490.38;549.43;518.33;526.78
2941;Iporã;PR;Estadual;14;511.08;510.51;477.34;494.87;640.0;526.76
2942;Tejupá;SP;Estadual;4;543.75;528.9;494.5;521.65;545.0;526.76
2943;São Luiz do Norte;GO;Estadual;11;530.99;521.5;458.98;502.0;620.0;526.69
2944;Palmeira;PR;Estadual;38;539.19;538.29;505.57;532.89;517.37;526.66
2945;Montanha;ES;Privada;3;521.1;469.63;526.63;542.5;573.33;526.64
2946;Tupanciretã;RS;Estadual;23;516.41;524.37;502.09;505.8;584.35;526.6
2947;Mongaguá;SP;Estadual;84;537.78;510.94;487.39;545.95;550.95;526.6
2948;Sério;RS;Estadual;1;513.9;525.2;492.2;541.7;560.0;526.6
2949;Mateus Leme;MG;Estadual;45;539.47;505.72;476.41;530.36;580.89;526.57
2950;Ibirubá;RS;Estadual;16;532.86;540.19;493.76;518.44;547.5;526.55
2951;Santa Rita;PB;Privada;36;535.01;515.27;482.36;490.59;609.44;526.54
2952;Tibagi;PR;Privada;3;555.57;521.57;450.63;571.53;533.33;526.53
2953;Iporã do Oeste;SC;Estadual;32;509.41;514.36;493.69;533.28;581.88;526.52
2954;Canguçu;RS;Estadual;98;525.81;516.3;478.38;521.9;590.2;526.52
2955;Nova Araçá;RS;Estadual;5;546.26;513.48;466.5;534.32;572.0;526.51
2956;Nova Lacerda;MT;Estadual;6;493.05;469.28;499.48;503.83;666.67;526.46
2957;Divinolândia;SP;Estadual;24;518.4;517.77;494.03;532.88;569.17;526.45
2958;Nova Esperança do Sudoeste;PR;Estadual;6;561.88;503.53;490.23;509.58;566.67;526.38
2959;Mendonça;SP;Estadual;11;533.66;494.42;472.63;531.15;600.0;526.37
2960;Nova Hartz;RS;Estadual;16;548.34;518.53;458.85;496.96;608.75;526.28
2961;Piatã;BA;Estadual;34;515.96;503.46;475.77;507.87;628.24;526.26
2962;Caetanópolis;MG;Estadual;4;516.5;506.55;453.65;579.38;575.0;526.22
2963;Zortéa;SC;Estadual;1;485.7;532.3;526.3;566.5;520.0;526.16
2964;Monte Mor;SP;Estadual;89;536.97;516.19;490.02;525.57;562.02;526.15
2965;Toledo;MG;Estadual;5;526.0;514.98;478.26;511.42;600.0;526.13
2966;São Sepé;RS;Estadual;26;532.03;522.17;496.47;534.43;545.38;526.1
2967;Goianápolis;GO;Estadual;22;519.57;497.08;482.86;510.93;620.0;526.09
2968;Maringá;PR;Estadual;463;530.68;514.57;486.04;524.3;574.82;526.08
2969;Açailândia;MA;Privada;28;516.61;482.12;505.47;501.05;625.0;526.05
2970;Rio Quente;GO;Estadual;11;514.0;528.64;479.38;524.31;583.64;525.99
2971;Cláudio;MG;Estadual;73;532.63;511.24;484.17;558.06;543.84;525.99
2972;Santa Helena;PR;Estadual;43;527.43;507.68;493.8;529.37;571.63;525.98
2973;Itapejara d'Oeste;PR;Estadual;37;520.21;534.16;483.9;545.62;545.95;525.97
2974;Barra Mansa;RJ;Estadual;197;521.66;509.02;478.46;505.25;615.43;525.96
2975;Monte Azul Paulista;SP;Privada;1;496.1;580.0;558.6;634.8;360.0;525.9
2976;Novo Mundo;MT;Estadual;2;528.75;504.5;504.3;541.75;550.0;525.86
2977;Conceição do Mato Dentro;MG;Estadual;14;534.48;518.01;492.55;542.76;541.43;525.84
2978;Extrema;MG;Estadual;47;536.08;529.75;475.56;535.76;551.91;525.81
2979;Viçosa;MG;Estadual;152;516.52;512.12;485.54;521.87;592.89;525.79
2980;Santa Rita do Araguaia;GO;Estadual;39;524.52;501.77;486.69;512.72;603.08;525.76
2981;Tefé;AM;Federal;26;523.65;507.52;497.58;530.0;570.0;525.75
2982;Almeirim;PA;Privada;9;535.17;554.71;477.73;467.77;593.33;525.74
2983;Poá;SP;Estadual;255;541.56;519.77;477.67;522.88;566.75;525.73
2984;Joinville;SC;Estadual;652;534.24;517.97;485.73;528.68;562.06;525.73
2985;Cubatão;SP;Estadual;171;531.42;518.14;480.26;518.74;580.0;525.71
2986;Cunha Porã;SC;Estadual;11;512.16;540.64;501.78;535.81;538.18;525.71
2987;São Joaquim de Bicas;MG;Estadual;26;543.56;514.75;495.38;536.34;538.46;525.7
2988;Pinheirinho do Vale;RS;Estadual;1;528.9;441.7;477.4;520.5;660.0;525.7
2989;Caturaí;GO;Estadual;3;512.5;543.43;500.13;492.07;580.0;525.63
2990;Uberaba;MG;Estadual;322;535.64;515.77;486.02;519.27;571.3;525.6
2991;Jaguarão;RS;Estadual;25;543.56;525.06;479.8;538.79;540.8;525.6
2992;Canoas;RS;Estadual;415;539.62;516.1;483.24;524.29;564.72;525.59
2993;São José de Mipibu;RN;Privada;3;526.1;477.07;514.67;456.7;653.33;525.57
2994;Santa Rita do Passa Quatro;SP;Estadual;14;547.04;531.01;481.5;503.99;564.29;525.57
2995;Presidente Olegário;MG;Estadual;15;516.19;494.04;490.11;550.13;577.33;525.56
2996;Rosário;MA;Federal;26;499.47;500.66;486.68;503.12;637.69;525.52
2997;Paulo Lopes;SC;Estadual;2;520.9;471.65;436.85;488.15;710.0;525.51
2998;Bom Jesus do Galho;MG;Estadual;19;529.3;516.01;490.13;502.62;589.47;525.5
2999;Itacambira;MG;Estadual;16;527.96;515.29;473.49;508.04;602.5;525.46
3000;Guararema;SP;Estadual;30;541.43;497.86;483.47;514.56;590.0;525.46
3001;Seara;SC;Estadual;12;513.41;510.71;501.68;509.75;591.67;525.44
3002;Mirante da Serra;RO;Estadual;21;527.86;501.34;470.46;501.8;625.71;525.44
3003;São Vicente;SP;Estadual;304;539.01;510.91;485.24;513.68;578.16;525.4
3004;Ibirité;MG;Estadual;153;527.64;511.77;491.68;522.76;573.07;525.38
3005;Marilena;PR;Estadual;1;502.2;567.9;518.6;477.8;560.0;525.3
3006;Caxias;MA;Federal;50;529.08;518.98;484.69;523.75;570.0;525.3
3007;São José do Egito;PE;Estadual;127;521.05;507.86;489.81;526.5;581.26;525.29
3008;João Neiva;ES;Estadual;16;536.01;534.32;479.29;520.39;556.25;525.25
3009;Itapoá;SC;Estadual;26;532.51;517.08;497.27;537.72;541.54;525.22
3010;Ritápolis;MG;Estadual;4;515.98;560.2;504.05;595.8;450.0;525.21
3011;Flórida;PR;Estadual;4;542.5;527.58;494.88;535.95;525.0;525.18
3012;Mallet;PR;Estadual;26;524.6;522.26;501.08;545.61;532.31;525.17
3013;Tijucas;SC;Estadual;37;540.43;512.68;478.25;508.31;585.95;525.12
3014;Irati;PR;Estadual;79;526.14;518.83;488.44;527.6;564.56;525.11
3015;Visconde do Rio Branco;MG;Estadual;33;516.84;517.52;492.35;521.25;577.58;525.11
3016;Novo Tiradentes;RS;Estadual;3;536.5;474.17;486.33;535.17;593.33;525.1
3017;Guaíra;SP;Estadual;47;528.11;506.93;477.64;524.27;588.51;525.09
3018;Paraíso do Tocantins;TO;Privada;17;547.21;524.32;504.92;524.31;524.71;525.09
3019;Bom Jesus das Selvas;MA;Privada;1;488.9;549.6;435.3;571.5;580.0;525.06
3020;Guaxupé;MG;Estadual;48;528.07;499.69;471.27;527.0;599.17;525.04
3021;Cumari;GO;Estadual;1;543.5;518.0;515.2;488.5;560.0;525.04
3022;Ituporanga;SC;Estadual;32;516.62;519.24;480.63;510.46;598.12;525.02
3023;Chalé;MG;Estadual;2;535.25;489.4;462.0;518.4;620.0;525.01
3024;Santa Tereza;RS;Estadual;7;532.77;507.33;502.57;550.89;531.43;525.0
3025;Pescaria Brava;SC;Estadual;8;521.51;488.62;467.08;470.1;677.5;524.96
3026;Cachoeira Grande;MA;Estadual;2;508.0;527.15;486.15;513.5;590.0;524.96
3027;Nova Era;MG;Estadual;14;519.87;511.83;484.86;532.39;575.71;524.93
3028;Italva;RJ;Estadual;17;515.43;489.65;477.52;547.71;594.12;524.89
3029;Verê;PR;Estadual;24;535.09;529.41;483.27;521.59;555.0;524.87
3030;Itaperuçu;PR;Privada;7;525.49;548.67;503.6;509.47;537.14;524.87
3031;Valença;RJ;Estadual;62;530.95;514.33;482.63;516.0;580.32;524.85
3032;Concórdia;SC;Estadual;103;529.5;523.47;481.44;516.91;572.82;524.83
3033;Neves Paulista;SP;Estadual;18;537.06;501.36;493.28;505.66;586.67;524.81
3034;São Pedro da Aldeia;RJ;Estadual;88;532.46;517.91;488.32;520.44;564.77;524.78
3035;São Pedro de Alcântara;SC;Estadual;23;522.27;518.39;496.19;551.19;535.65;524.74
3036;Barbosa Ferraz;PR;Estadual;6;521.18;534.1;502.83;542.23;523.33;524.74
3037;Cajamar;SP;Estadual;142;534.65;508.03;476.07;528.41;576.48;524.73
3038;Iraceminha;SC;Estadual;11;508.85;503.89;513.41;544.7;552.73;524.71
3039;Cruz Alta;RS;Estadual;99;529.09;517.87;474.31;515.9;586.06;524.65
3040;Pitangui;MG;Estadual;32;533.28;522.8;478.17;528.98;560.0;524.64
3041;Malhada de Pedras;BA;Estadual;26;501.71;502.29;470.22;506.65;642.31;524.64
3042;São José;SC;Estadual;264;531.37;518.25;486.77;519.73;566.82;524.59
3043;Taquaritinga;SP;Estadual;89;535.43;514.76;487.06;508.08;577.3;524.53
3044;Brasilândia do Sul;PR;Estadual;4;508.2;544.2;498.2;517.0;555.0;524.52
3045;Tucuruí;PA;Privada;42;512.49;486.62;483.84;503.92;635.71;524.52
3046;Uruçuca;BA;Federal;19;534.89;496.93;485.68;509.23;595.79;524.5
3047;Pelotas;RS;Estadual;374;531.54;515.23;472.86;513.47;589.41;524.5
3048;Pracinha;SP;Estadual;2;533.35;489.35;516.6;503.1;580.0;524.48
3049;Itapororoca;PB;Privada;12;504.87;514.95;469.43;506.41;626.67;524.46
3050;Carmo do Paranaíba;MG;Estadual;35;528.27;502.58;491.35;521.23;578.86;524.46
3051;Rio Pardo;RS;Estadual;53;535.66;536.26;471.57;506.32;572.45;524.45
3052;Santo Estêvão;BA;Privada;21;504.3;482.8;476.73;516.45;641.9;524.44
3053;Bombinhas;SC;Estadual;25;547.05;495.12;487.92;541.66;550.4;524.43
3054;Lagoinha;SP;Estadual;13;518.84;502.78;469.85;536.77;593.85;524.42
3055;Pirassununga;SP;Estadual;69;531.99;520.28;492.43;529.21;548.12;524.4
3056;Dormentes;PE;Estadual;45;504.04;497.4;479.6;505.79;635.11;524.39
3057;Cassilândia;MS;Privada;19;533.67;516.78;478.2;517.53;575.79;524.39
3058;Catuípe;RS;Estadual;6;467.92;488.85;481.23;483.62;700.0;524.32
3059;Boracéia;SP;Estadual;5;562.5;471.56;525.46;593.6;468.0;524.22
3060;Vista Gaúcha;RS;Estadual;5;524.12;538.66;500.14;534.12;524.0;524.21
3061;Gameleiras;MG;Estadual;1;564.1;478.8;355.8;562.1;660.0;524.16
3062;Pouso Alto;MG;Estadual;3;538.17;501.8;459.0;548.37;573.33;524.13
3063;Bady Bassitt;SP;Estadual;14;530.06;506.43;503.64;514.75;565.71;524.12
3064;Amajari;RR;Federal;5;474.08;525.28;534.68;462.52;624.0;524.11
3065;Altamira;PA;Municipal;5;527.86;513.74;465.46;477.42;636.0;524.1
3066;São José do Mantimento;MG;Estadual;5;504.52;483.22;512.82;507.86;612.0;524.08
3067;Caraí;MG;Estadual;10;521.74;513.05;485.09;558.43;542.0;524.06
3068;São Sebastião da Bela Vista;MG;Estadual;3;524.97;509.47;478.53;533.9;573.33;524.04
3069;Guará;SP;Estadual;15;515.79;524.59;484.59;515.16;580.0;524.03
3070;Calmon;SC;Estadual;1;513.0;470.9;432.7;443.2;760.0;523.96
3071;Sinimbu;RS;Estadual;12;516.78;529.93;509.28;507.18;556.67;523.96
3072;Conceição do Almeida;BA;Privada;11;531.39;497.25;482.65;484.62;623.64;523.91
3073;Cacique Doble;RS;Estadual;16;521.66;515.36;447.01;499.13;636.25;523.88
3074;Barra Bonita;SC;Estadual;2;551.2;511.75;450.95;595.4;510.0;523.86
3075;Jaboticabal;SP;Estadual;90;539.25;510.78;490.86;520.85;557.33;523.81
3076;Virgem da Lapa;MG;Estadual;8;526.67;461.04;465.45;465.75;700.0;523.78
3077;Santo Antônio do Amparo;MG;Privada;9;538.66;482.44;507.8;514.37;575.56;523.76
3078;Urupá;RO;Estadual;19;520.86;501.1;482.34;485.94;628.42;523.73
3079;Águas Mornas;SC;Estadual;15;509.04;511.48;480.63;508.0;609.33;523.7
3080;Porto União;SC;Estadual;56;529.45;517.34;501.64;530.3;539.64;523.68
3081;Paraopeba;MG;Estadual;33;524.14;509.65;485.45;520.98;578.18;523.68
3082;Teixeira Soares;PR;Estadual;7;540.11;517.14;487.81;487.6;585.71;523.68
3083;Panorama;SP;Estadual;5;537.74;530.86;490.96;510.78;548.0;523.67
3084;Arapongas;PR;Estadual;154;527.56;517.18;483.17;528.62;561.56;523.62
3085;Poços de Caldas;MG;Estadual;118;539.09;513.39;477.29;520.14;567.97;523.58
3086;Miguel Pereira;RJ;Estadual;18;529.42;500.35;474.39;509.21;604.44;523.56
3087;Torres;RS;Estadual;63;527.81;518.15;477.49;517.16;577.14;523.55
3088;Cruzeiro;SP;Estadual;52;545.23;530.52;498.49;532.75;510.77;523.55
3089;Nova Venécia;ES;Estadual;105;513.48;506.27;475.39;504.99;617.52;523.53
3090;Itanhandu;MG;Estadual;22;526.11;509.78;479.3;509.6;592.73;523.5
3091;Formosa do Oeste;PR;Estadual;8;513.2;523.86;486.42;488.91;605.0;523.48
3092;Funilândia;MG;Estadual;5;499.14;506.9;471.6;503.72;636.0;523.47
3093;Grão Mogol;MG;Estadual;5;553.88;516.52;506.2;516.52;524.0;523.42
3094;Itaara;RS;Estadual;16;500.76;503.36;470.8;502.19;640.0;523.42
3095;Tiros;MG;Estadual;4;569.05;501.08;492.45;564.52;490.0;523.42
3096;Estância;SE;Federal;40;521.02;503.66;491.87;504.39;596.0;523.39
3097;Monte Castelo;SC;Estadual;6;519.6;533.23;481.28;519.5;563.33;523.39
3098;Campina Grande do Sul;PR;Estadual;53;529.91;527.9;495.95;525.98;536.98;523.34
3099;Santo Amaro;BA;Privada;41;519.73;498.8;475.32;497.43;625.37;523.33
3100;Limoeiro;PE;Estadual;194;510.48;489.5;471.67;493.03;651.96;523.33
3101;Catas Altas;MG;Estadual;13;553.6;529.92;468.58;535.02;529.23;523.27
3102;Delfim Moreira;MG;Privada;4;521.8;521.02;454.88;598.22;520.0;523.18
3103;Palhoça;SC;Estadual;258;526.54;515.47;483.73;518.47;571.32;523.11
3104;Cabreúva;SP;Estadual;36;533.53;521.17;483.76;508.12;568.89;523.09
3105;Brumadinho;MG;Estadual;54;525.01;509.91;477.48;512.64;590.37;523.08
3106;Goiânia;GO;Estadual;2205;522.96;505.04;481.49;509.38;596.54;523.08
3107;Porecatu;PR;Estadual;44;526.45;505.15;474.38;512.59;596.82;523.08
3108;Brotas;SP;Estadual;19;540.04;537.06;488.24;532.01;517.89;523.05
3109;Paineiras;MG;Estadual;7;528.07;510.93;473.8;556.57;545.71;523.02
3110;Angelina;SC;Estadual;5;529.78;480.64;493.12;563.34;548.0;522.98
3111;São José do Cedro;SC;Estadual;18;525.51;521.27;491.48;545.42;531.11;522.96
3112;Campo Bom;RS;Estadual;84;534.34;512.25;465.26;520.58;582.38;522.96
3113;Vale do Sol;RS;Estadual;9;516.82;469.01;456.67;465.62;706.67;522.96
3114;Itapema;SC;Estadual;73;530.4;515.76;489.72;522.37;556.44;522.94
3115;Cabo Verde;MG;Estadual;6;513.68;510.95;471.83;558.17;560.0;522.93
3116;Sena Madureira;AC;Federal;40;519.09;492.08;476.36;513.08;614.0;522.92
3117;Pilar;AL;Privada;12;524.51;493.48;449.45;450.49;696.67;522.92
3118;Alto Alegre dos Parecis;RO;Estadual;19;506.32;498.72;475.24;485.84;648.42;522.91
3119;Faxinal dos Guedes;SC;Estadual;10;520.75;515.87;484.51;515.15;578.0;522.86
3120;Martins Soares;MG;Estadual;4;528.9;561.02;509.02;550.0;465.0;522.79
3121;Rodeio;SC;Estadual;10;521.75;523.39;497.34;531.38;540.0;522.77
3122;Jacupiranga;SP;Estadual;6;579.55;549.53;490.68;540.72;453.33;522.76
3123;Vila Valério;ES;Estadual;21;502.12;524.38;490.92;567.76;528.57;522.75
3124;Ronda Alta;RS;Estadual;15;535.14;534.2;459.65;515.39;569.33;522.74
3125;Nova Cantu;PR;Estadual;10;502.27;523.6;488.05;517.66;582.0;522.72
3126;Cândido Mota;SP;Estadual;29;538.55;517.57;485.88;519.09;552.41;522.7
3127;Serranos;MG;Estadual;1;560.1;577.0;546.8;509.3;420.0;522.64
3128;Juazeiro do Norte;CE;Estadual;1281;515.94;498.29;474.01;503.46;621.22;522.58
3129;João Alfredo;PE;Estadual;117;507.87;488.65;480.53;505.6;630.26;522.58
3130;Barão;RS;Estadual;13;540.44;508.55;463.91;523.0;576.92;522.56
3131;Três de Maio;RS;Estadual;38;536.99;522.7;495.47;529.59;527.89;522.53
3132;Quatá;SP;Estadual;8;522.31;509.04;503.74;482.52;595.0;522.52
3133;Timbaúba;PE;Estadual;257;507.22;486.58;478.58;503.95;636.11;522.49
3134;Saquarema;RJ;Estadual;176;535.77;512.02;483.04;502.44;578.98;522.45
3135;Taboão da Serra;SP;Estadual;433;536.94;515.43;479.33;520.48;559.82;522.4
3136;Jequeri;MG;Estadual;7;506.17;498.56;470.54;473.81;662.86;522.39
3137;Alfenas;MG;Estadual;104;529.08;507.94;477.87;528.77;568.27;522.38
3138;Areal;RJ;Estadual;6;540.57;504.05;482.33;501.52;583.33;522.36
3139;Bom Sucesso do Sul;PR;Estadual;8;518.39;549.14;491.24;520.44;532.5;522.34
3140;Novorizonte;MG;Estadual;7;523.2;499.1;488.33;523.9;577.14;522.33
3141;Pereiro;CE;Estadual;123;507.69;496.67;475.14;505.01;627.15;522.33
3142;Senhor do Bonfim;BA;Federal;53;518.52;483.77;493.67;501.34;614.34;522.33
3143;Sananduva;RS;Estadual;27;522.03;519.68;476.49;529.69;563.7;522.32
3144;Vargem Alegre;MG;Estadual;4;495.2;465.38;487.18;528.72;635.0;522.3
3145;São Gonçalo do Rio Abaixo;MG;Estadual;9;515.53;518.08;503.14;548.0;526.67;522.28
3146;São Mateus do Sul;PR;Estadual;31;516.02;531.51;488.77;526.04;549.03;522.27
3147;Aracati;CE;Municipal;1;507.3;533.7;498.0;472.3;600.0;522.26
3148;Parari;PB;Estadual;5;475.62;444.44;438.18;440.96;812.0;522.24
3149;Pitangueiras;SP;Estadual;46;532.26;515.08;479.68;517.67;566.52;522.24
3150;Itapagipe;MG;Estadual;41;526.62;516.18;482.01;541.52;544.88;522.24
3151;São Gonçalo do Abaeté;MG;Estadual;5;532.26;513.92;517.04;527.9;520.0;522.22
3152;Guaporema;PR;Estadual;1;528.3;415.3;385.9;521.5;760.0;522.2
3153;Jaíba;MG;Estadual;39;518.17;513.59;481.29;526.11;571.79;522.19
3154;Harmonia;RS;Estadual;13;547.22;530.12;489.32;561.21;483.08;522.19
3155;Ouro Verde;SP;Estadual;15;533.76;495.01;489.2;556.99;536.0;522.19
3156;Maracaçumé;MA;Privada;4;481.12;460.68;457.0;477.05;735.0;522.17
3157;Luz;MG;Estadual;15;533.82;522.03;484.93;534.09;536.0;522.17
3158;Tuparetama;PE;Estadual;29;505.94;480.33;468.57;521.94;633.79;522.12
3159;Açucena;MG;Estadual;9;521.16;513.22;484.39;533.99;557.78;522.11
3160;Vitória;ES;Estadual;914;527.35;515.18;483.87;516.74;567.37;522.1
3161;Guarujá;SP;Estadual;340;539.26;506.96;482.92;518.11;563.0;522.05
3162;Jacundá;PA;Privada;41;503.39;485.42;490.13;518.05;613.17;522.03
3163;Mandaguaçu;PR;Estadual;30;516.97;519.76;485.65;509.75;578.0;522.02
3164;Garça;SP;Estadual;58;532.61;508.1;476.81;518.82;573.45;521.96
3165;Paranaiguara;GO;Estadual;27;531.21;514.31;492.73;530.67;540.74;521.93
3166;Matelândia;PR;Estadual;29;516.07;509.87;490.33;527.82;565.52;521.92
3167;Angra dos Reis;RJ;Municipal;1;564.8;426.6;517.6;440.5;660.0;521.9
3168;Faxinal do Soturno;RS;Estadual;12;495.87;510.53;456.42;486.61;660.0;521.89
3169;Ijaci;MG;Estadual;18;524.28;523.5;477.45;488.62;595.56;521.88
3170;Ribeirão das Neves;MG;Estadual;327;527.53;517.21;485.77;510.06;568.69;521.85
3171;São Lourenço da Mata;PE;Federal;23;527.93;516.39;498.87;503.21;562.61;521.8
3172;Palestina;SP;Estadual;9;524.57;507.29;478.84;522.61;575.56;521.77
3173;Lontras;SC;Estadual;13;533.75;517.48;499.93;505.39;552.31;521.77
3174;Bodocó;PE;Estadual;40;506.36;493.06;484.47;523.35;601.5;521.75
3175;Capivari de Baixo;SC;Estadual;30;515.86;509.43;462.15;517.13;604.0;521.71
3176;Apiaí;SP;Estadual;55;536.63;511.8;473.98;512.62;573.45;521.7
3177;Vitória da Conquista;BA;Estadual;625;528.11;505.18;477.75;509.71;587.62;521.67
3178;Pequeri;MG;Estadual;2;568.3;553.05;430.9;496.05;560.0;521.66
3179;Capanema;PR;Estadual;21;526.18;536.94;496.0;517.61;531.43;521.63
3180;Piedade de Caratinga;MG;Estadual;7;526.04;503.6;456.31;530.7;591.43;521.62
3181;Duartina;SP;Estadual;3;527.33;530.47;550.47;553.13;446.67;521.61
3182;Ramilândia;PR;Estadual;7;512.33;542.96;495.61;519.89;537.14;521.59
3183;São José da Lapa;MG;Estadual;56;527.84;513.03;481.0;517.1;568.93;521.58
3184;Santa Mercedes;SP;Estadual;3;540.3;476.57;503.5;514.17;573.33;521.57
3185;Panambi;RS;Estadual;62;520.68;518.21;487.54;521.07;560.32;521.57
3186;Jardim;MS;Estadual;41;515.79;505.29;482.41;499.4;604.88;521.56
3187;Guapimirim;RJ;Estadual;55;533.57;504.14;480.06;505.97;584.0;521.55
3188;Juatuba;MG;Estadual;18;530.72;509.07;506.13;510.73;551.11;521.55
3189;Nova Redenção;BA;Estadual;15;515.2;485.27;473.95;475.9;657.33;521.53
3190;Eldorado do Sul;RS;Estadual;45;545.56;515.21;488.05;514.29;544.44;521.51
3191;Medianeira;PR;Estadual;88;538.63;515.29;497.65;522.75;533.18;521.5
3192;Francisco Beltrão;PR;Estadual;187;524.16;515.92;493.55;527.54;546.31;521.5
3193;Ibiaçá;RS;Estadual;10;528.36;495.92;480.6;520.47;582.0;521.47
3194;Osório;RS;Estadual;84;526.2;491.19;479.49;539.78;570.71;521.47
3195;Pirajuba;MG;Estadual;9;498.19;483.14;486.31;577.46;562.22;521.46
3196;Araguari;MG;Estadual;117;530.34;514.85;491.26;514.85;555.73;521.41
3197;Belo Vale;MG;Estadual;8;501.56;504.28;477.02;536.61;587.5;521.4
3198;Mathias Lobato;MG;Estadual;1;513.8;542.8;532.1;458.2;560.0;521.38
3199;Mutum;MG;Estadual;31;508.05;505.2;467.0;540.05;586.45;521.35
3200;Farol;PR;Estadual;3;553.3;508.27;443.23;468.5;633.33;521.33
3201;Bragança Paulista;SP;Estadual;148;533.71;504.89;470.86;528.77;568.24;521.29
3202;Resende;RJ;Estadual;168;528.94;515.79;484.48;508.06;569.17;521.29
3203;Joaquim Nabuco;PE;Estadual;13;515.82;466.78;489.09;485.39;649.23;521.26
3204;Nova Timboteua;PA;Estadual;27;495.48;480.46;460.47;466.79;702.96;521.23
3205;Machado;MG;Estadual;52;522.47;495.57;465.14;524.08;598.85;521.22
3206;Descalvado;SP;Estadual;22;520.24;503.08;481.18;516.1;585.45;521.21
3207;Goiabeira;MG;Estadual;4;503.1;533.58;445.3;503.92;620.0;521.18
3208;Santa Cruz das Palmeiras;SP;Municipal;1;475.9;532.6;430.3;567.1;600.0;521.18
3209;Campo Mourão;PR;Estadual;215;529.51;512.38;484.03;520.2;559.63;521.15
3210;Cardoso Moreira;RJ;Estadual;27;517.37;500.19;493.28;502.2;592.59;521.13
3211;Pedras Grandes;SC;Estadual;10;502.06;527.02;476.33;522.15;578.0;521.11
3212;Alto Jequitibá;MG;Privada;1;533.0;372.3;572.7;567.5;560.0;521.1
3213;Arujá;SP;Estadual;168;537.81;518.35;480.45;505.22;563.45;521.06
3214;Bueno Brandão;MG;Estadual;14;517.75;538.0;474.75;531.93;542.86;521.06
3215;Macau;RN;Privada;14;512.96;513.62;476.96;485.84;615.71;521.02
3216;Tucumã;PA;Privada;19;503.51;498.88;493.06;518.0;591.58;521.01
3217;Pai Pedro;MG;Estadual;6;523.97;526.97;469.22;488.18;596.67;521.0
3218;Urutaí;GO;Federal;48;528.81;514.55;495.75;519.99;545.83;520.99
3219;Derrubadas;RS;Estadual;3;541.2;491.97;466.83;491.57;613.33;520.98
3220;Rio Verde;GO;Estadual;308;527.83;503.37;480.34;519.03;574.03;520.92
3221;Desterro do Melo;MG;Estadual;5;530.22;543.08;508.56;494.7;528.0;520.91
3222;Pocinhos;PB;Estadual;11;532.57;509.21;480.13;500.56;581.82;520.86
3223;São Roque do Canaã;ES;Estadual;32;493.51;497.78;465.46;489.91;657.5;520.83
3224;Teófilo Otoni;MG;Estadual;249;527.06;511.77;483.43;500.67;581.12;520.81
3225;Volta Redonda;RJ;Estadual;282;527.05;505.73;476.41;506.93;587.87;520.8
3226;Turvo;SC;Estadual;16;518.36;526.58;496.29;555.16;507.5;520.78
3227;Piedade do Rio Grande;MG;Estadual;5;521.96;517.44;464.94;555.36;544.0;520.74
3228;São João da Barra;RJ;Estadual;21;532.42;509.29;470.3;509.77;581.9;520.74
3229;Ouro Verde de Goiás;GO;Estadual;9;503.51;505.72;481.41;497.42;615.56;520.72
3230;São Gabriel do Oeste;MS;Estadual;35;508.52;520.87;491.34;519.41;563.43;520.71
3231;Campo Largo;PR;Estadual;198;525.61;516.38;478.96;514.83;567.68;520.69
3232;Marechal Cândido Rondon;PR;Estadual;96;525.58;525.73;482.49;523.15;546.46;520.68
3233;Ponta Grossa;PR;Estadual;397;531.58;522.07;492.15;522.83;534.76;520.68
3234;Pomerode;SC;Estadual;34;530.09;516.51;502.91;535.01;518.82;520.67
3235;Sapopema;PR;Estadual;9;494.62;494.46;494.49;539.71;580.0;520.66
3236;Bonito;PE;Estadual;90;511.81;495.4;478.02;491.85;626.0;520.62
3237;Santo Antônio do Aracanguá;SP;Estadual;9;512.82;509.8;485.43;528.31;566.67;520.61
3238;Ribeirópolis;SE;Estadual;41;491.57;499.9;485.89;482.25;643.41;520.6
3239;Estrela do Norte;SP;Estadual;6;528.93;518.4;501.48;474.03;580.0;520.57
3240;Cordislândia;MG;Estadual;2;538.3;478.85;443.25;582.2;560.0;520.52
3241;Caetité;BA;Municipal;6;516.1;511.92;488.17;519.67;566.67;520.5
3242;Rubiataba;GO;Estadual;70;516.46;497.95;477.58;522.95;587.43;520.47
3243;Peritiba;SC;Estadual;2;520.6;551.1;488.0;572.6;470.0;520.46
3244;Rio das Ostras;RJ;Estadual;263;532.77;506.45;476.57;508.89;577.57;520.45
3245;Canelinha;SC;Estadual;7;513.03;526.33;473.26;498.19;591.43;520.45
3246;Pindamonhangaba;SP;Municipal;1;579.8;568.2;457.6;516.6;480.0;520.44
3247;Fernando Pedroza;RN;Estadual;1;529.4;463.9;483.6;605.3;520.0;520.44
3248;Tenente Laurentino Cruz;RN;Estadual;2;509.2;521.95;462.15;468.8;640.0;520.42
3249;Cianorte;PR;Estadual;89;520.58;514.32;478.74;528.98;559.33;520.39
3250;Goiatuba;GO;Estadual;45;527.36;487.46;490.43;527.33;569.33;520.38
3251;Vista Alegre do Prata;RS;Estadual;3;528.0;568.8;452.7;512.13;540.0;520.33
3252;Porto Real;RJ;Estadual;6;540.9;535.9;532.28;495.9;496.67;520.33
3253;Imbuia;SC;Estadual;9;526.51;528.61;483.67;533.94;528.89;520.32
3254;Ipanema;MG;Estadual;24;520.97;495.75;459.92;492.4;632.5;520.31
3255;Divisa Alegre;MG;Estadual;17;518.02;478.14;485.87;490.01;629.41;520.29
3256;Rancharia;SP;Estadual;63;531.4;510.06;501.9;498.68;559.37;520.28
3257;Marília;SP;Estadual;158;528.31;509.48;480.5;518.05;564.94;520.26
3258;Sertaneja;PR;Estadual;7;496.2;505.23;484.97;514.86;600.0;520.25
3259;Santo Anastácio;SP;Estadual;25;518.7;493.01;468.47;503.47;617.6;520.25
3260;Coruripe;AL;Privada;4;505.68;496.75;425.45;548.22;625.0;520.22
3261;Mirassol;SP;Estadual;91;531.32;503.09;475.75;518.14;572.53;520.17
3262;Cachoeiras de Macacu;RJ;Estadual;77;526.51;507.48;486.01;499.02;581.82;520.16
3263;Triunfo;PE;Estadual;55;509.56;493.17;481.83;518.0;598.18;520.15
3264;Santa Luzia do Pará;PA;Estadual;20;524.78;489.18;478.9;509.89;598.0;520.15
3265;Três Pontas;MG;Municipal;1;576.4;466.7;475.2;542.4;540.0;520.14
3266;Balneário Camboriú;SC;Estadual;124;531.85;509.98;476.87;528.51;553.39;520.12
3267;Arenápolis;MT;Estadual;20;528.98;519.98;469.28;502.29;580.0;520.11
3268;Chopinzinho;PR;Estadual;40;519.15;526.32;498.02;552.39;504.5;520.08
3269;Capivari;SP;Estadual;63;535.89;520.14;484.18;511.51;548.57;520.06
3270;Itirapuã;SP;Estadual;10;521.51;495.62;478.24;486.81;618.0;520.04
3271;Vianópolis;GO;Estadual;29;523.46;498.6;478.25;515.64;584.14;520.02
3272;Juarina;TO;Estadual;2;560.6;484.0;467.8;467.6;620.0;520.0
3273;Pato Bragado;PR;Estadual;3;531.2;505.43;508.4;528.27;526.67;519.99
3274;Cordeirópolis;SP;Estadual;31;534.72;530.49;496.8;509.51;528.39;519.98
3275;Várzea Paulista;SP;Estadual;117;538.96;511.96;475.73;522.08;551.11;519.97
3276;Novo Cruzeiro;MG;Estadual;25;513.02;506.68;484.48;506.62;588.8;519.92
3277;Quitandinha;PR;Estadual;17;505.69;500.58;481.65;539.78;571.76;519.89
3278;Querência;MT;Estadual;22;531.43;524.95;480.58;508.55;553.64;519.83
3279;São José do Alegre;MG;Estadual;13;524.86;523.22;474.45;478.08;598.46;519.81
3280;Diamantino;MT;Privada;3;528.1;438.73;495.7;516.47;620.0;519.8
3281;São João da Barra;RJ;Privada;4;539.42;538.92;465.32;500.0;555.0;519.74
3282;Uruçuí;PI;Federal;55;503.9;507.44;483.4;493.23;610.55;519.7
3283;Taubaté;SP;Estadual;227;536.79;511.97;485.28;522.72;541.67;519.69
3284;Paulínia;SP;Estadual;101;536.37;503.42;474.03;520.47;564.16;519.69
3285;Guaraciaba do Norte;CE;Estadual;262;500.12;488.48;464.13;494.9;650.46;519.62
3286;Lima Duarte;MG;Estadual;24;516.7;516.01;493.57;514.32;557.5;519.62
3287;David Canabarro;RS;Estadual;20;506.21;510.34;474.1;517.38;590.0;519.61
3288;Vale Verde;RS;Estadual;5;512.4;509.44;490.5;521.54;564.0;519.58
3289;Humaitá;AM;Privada;2;503.4;542.8;454.65;566.9;530.0;519.55
3290;Sertão Santana;RS;Estadual;23;522.33;522.81;488.44;535.49;528.7;519.55
3291;Guanhães;MG;Estadual;38;519.83;498.91;484.11;511.18;583.68;519.54
3292;Juquitiba;SP;Estadual;45;539.4;511.08;478.78;510.26;557.78;519.46
3293;Ivaté;PR;Estadual;9;518.37;484.46;469.97;533.27;591.11;519.43
3294;Espigão D'Oeste;RO;Estadual;63;499.41;511.47;485.97;522.76;577.46;519.41
3295;Boa Esperança do Sul;SP;Estadual;4;512.67;528.3;488.1;492.9;575.0;519.4
3296;Gravatal;SC;Estadual;7;527.8;530.6;480.21;529.8;528.57;519.4
3297;Enéas Marques;PR;Estadual;17;516.65;504.7;509.43;540.22;525.88;519.38
3298;Sertãozinho;SP;Estadual;186;531.85;507.59;480.05;520.7;556.67;519.37
3299;Maria da Fé;MG;Estadual;35;515.97;505.05;491.05;526.47;558.29;519.37
3300;São Simão;SP;Estadual;13;515.82;488.45;490.38;505.12;596.92;519.34
3301;Buriti dos Montes;PI;Estadual;22;515.92;499.64;465.97;516.9;598.18;519.32
3302;Nossa Senhora Aparecida;SE;Estadual;15;491.97;505.68;486.05;507.56;605.33;519.32
3303;Patrocínio;MG;Estadual;106;517.55;504.8;471.45;516.59;586.04;519.29
3304;Araputanga;MT;Estadual;22;503.89;499.16;485.5;491.52;616.36;519.29
3305;Pato Branco;PR;Municipal;2;534.65;582.05;564.15;425.55;490.0;519.28
3306;Monte Alegre;RN;Estadual;5;520.76;470.9;496.4;452.32;656.0;519.28
3307;Aparecida;SP;Estadual;50;528.46;508.77;476.91;525.07;557.2;519.28
3308;Agronômica;SC;Estadual;1;513.9;546.7;451.3;544.4;540.0;519.26
3309;Feliz;RS;Estadual;13;544.7;535.07;481.33;535.12;500.0;519.24
3310;Iramaia;BA;Municipal;1;556.6;502.3;500.0;477.2;560.0;519.22
3311;Ribeirão Corrente;SP;Estadual;1;536.1;435.0;518.9;626.0;480.0;519.2
3312;Santo Augusto;RS;Estadual;8;526.88;505.89;461.05;507.17;595.0;519.2
3313;Sumidouro;RJ;Municipal;1;521.1;523.3;491.7;419.8;640.0;519.18
3314;Adustina;BA;Estadual;21;502.81;500.1;479.99;518.62;594.29;519.16
3315;Placas;PA;Municipal;4;507.78;501.62;503.58;447.72;635.0;519.14
3316;Divinolândia de Minas;MG;Estadual;5;535.92;521.6;465.64;520.54;552.0;519.14
3317;Curral de Dentro;MG;Estadual;14;511.16;503.58;452.02;480.17;648.57;519.1
3318;Cachoeira do Sul;RS;Estadual;115;531.6;512.08;474.11;513.31;564.35;519.09
3319;Navegantes;SC;Estadual;119;522.94;522.45;476.85;504.59;568.57;519.08
3320;Timburi;SP;Estadual;6;532.58;515.22;490.12;490.75;566.67;519.07
3321;Presidente Prudente;SP;Estadual;430;531.78;508.37;476.44;511.46;567.16;519.04
3322;São Brás do Suaçuí;MG;Estadual;9;532.8;502.76;457.7;475.02;626.67;518.99
3323;Murici dos Portelas;PI;Municipal;2;543.3;531.85;440.15;509.65;570.0;518.99
3324;Itabaiana;SE;Estadual;134;500.64;495.19;482.34;493.11;623.58;518.97
3325;São Mateus do Maranhão;MA;Privada;10;489.05;463.84;441.54;486.29;714.0;518.94
3326;São Miguel do Guaporé;RO;Estadual;32;515.14;503.28;473.77;497.5;605.0;518.94
3327;Penápolis;SP;Estadual;39;532.76;497.41;485.56;512.27;566.67;518.93
3328;Monte Aprazível;SP;Estadual;28;522.24;516.49;498.75;509.91;547.14;518.91
3329;Rolândia;PR;Estadual;88;522.36;525.06;474.72;514.64;557.73;518.9
3330;Teixeira de Freitas;BA;Estadual;224;523.85;503.3;479.96;510.87;576.52;518.9
3331;Cotia;SP;Estadual;379;534.05;507.52;475.27;510.96;566.6;518.88
3332;Itapeva;SP;Estadual;225;529.36;510.96;482.55;529.69;541.69;518.85
3333;Cesário Lange;SP;Estadual;9;538.18;504.87;485.46;536.74;528.89;518.83
3334;Terra Boa;PR;Estadual;29;531.24;509.21;479.76;505.68;568.28;518.83
3335;São Pedro do Sul;RS;Estadual;21;526.22;539.61;471.52;503.41;553.33;518.82
3336;Primeiro de Maio;PR;Estadual;3;527.1;465.2;471.83;503.27;626.67;518.81
3337;Tramandaí;RS;Estadual;46;541.37;533.76;466.71;506.46;545.65;518.79
3338;Foz do Iguaçu;PR;Estadual;457;534.63;515.16;478.03;520.39;545.6;518.76
3339;Marquinho;PR;Estadual;2;516.0;521.1;480.95;505.6;570.0;518.73
3340;Goianá;MG;Estadual;14;525.7;502.02;497.94;489.39;578.57;518.72
3341;Lupionópolis;PR;Estadual;4;551.4;527.65;525.42;494.02;495.0;518.7
3342;Castro;PR;Estadual;109;539.9;525.98;484.51;513.68;529.36;518.69
3343;Pirajuí;SP;Estadual;24;537.84;515.68;473.5;533.92;532.5;518.69
3344;Nova Canaã Paulista;SP;Estadual;1;526.3;554.0;568.1;584.9;360.0;518.66
3345;Santa Luzia;MG;Estadual;207;528.55;512.02;481.17;517.44;554.11;518.66
3346;Ipupiara;BA;Estadual;12;515.03;488.37;475.64;522.49;591.67;518.64
3347;Mozarlândia;GO;Estadual;5;517.86;516.44;515.3;543.26;500.0;518.57
3348;Xambioá;TO;Estadual;21;506.64;499.47;484.66;507.72;594.29;518.56
3349;Lacerdópolis;SC;Estadual;6;520.07;526.35;501.9;564.4;480.0;518.54
3350;Araranguá;SC;Estadual;82;526.6;510.39;478.72;507.98;569.02;518.54
3351;Maratá;RS;Estadual;3;514.13;540.67;470.2;454.1;613.33;518.49
3352;Santo André;PB;Estadual;6;552.52;483.38;495.03;478.1;583.33;518.47
3353;Anicuns;GO;Estadual;34;517.2;492.06;471.74;507.8;603.53;518.47
3354;Vera Cruz;SP;Estadual;23;525.88;505.99;490.13;517.04;553.04;518.42
3355;Serrinha dos Pintos;RN;Estadual;13;526.5;470.38;463.36;502.58;629.23;518.41
3356;Tabira;PE;Estadual;88;519.97;500.34;480.26;513.43;577.95;518.39
3357;Bom Repouso;MG;Estadual;8;513.58;519.64;480.04;541.15;537.5;518.38
3358;Apucarana;PR;Estadual;221;530.79;512.53;476.59;520.14;551.76;518.36
3359;Botuporã;BA;Estadual;21;472.18;490.55;482.04;525.01;621.9;518.34
3360;Brasília;DF;Estadual;7922;531.46;507.04;479.23;503.74;570.14;518.32
3361;Barra do Ribeiro;RS;Estadual;17;521.96;521.21;454.36;530.46;563.53;518.31
3362;Condor;RS;Estadual;9;506.1;496.66;454.89;498.3;635.56;518.3
3363;Nova Esperança;PR;Estadual;9;538.13;529.04;452.13;512.14;560.0;518.29
3364;Caruaru;PE;Estadual;618;525.27;501.6;478.42;508.61;577.48;518.28
3365;Itaí;SP;Estadual;12;542.7;501.24;503.65;538.78;505.0;518.27
3366;Barra do Corda;MA;Privada;6;500.25;472.17;523.05;542.33;553.33;518.23
3367;Santa Rita do Sapucaí;MG;Estadual;20;525.85;510.59;472.5;535.16;547.0;518.22
3368;Campos de Júlio;MT;Estadual;7;511.4;527.27;487.56;479.17;585.71;518.22
3369;Poço Verde;SE;Estadual;14;493.17;494.41;480.36;507.37;615.71;518.21
3370;Capitão Leônidas Marques;PR;Estadual;15;524.69;516.28;488.43;540.3;521.33;518.21
3371;Quirinópolis;GO;Estadual;88;514.41;495.39;478.37;501.83;600.91;518.18
3372;Pinheiros;ES;Estadual;50;516.22;506.05;461.98;522.79;583.6;518.13
3373;Vitória do Mearim;MA;Privada;5;532.0;535.08;484.52;470.98;568.0;518.12
3374;Barra dos Coqueiros;SE;Privada;18;520.55;492.97;474.26;479.42;623.33;518.11
3375;Dourado;SP;Estadual;8;513.62;523.88;476.81;518.69;557.5;518.1
3376;Diadema;SP;Estadual;575;537.84;511.32;473.22;516.35;551.69;518.09
3377;Vila Velha;ES;Estadual;819;528.42;505.79;480.53;514.23;561.03;518.0
3378;Fazenda Nova;GO;Estadual;18;505.88;489.81;489.43;485.92;618.89;517.99
3379;Icém;SP;Estadual;4;508.65;558.92;457.5;544.72;520.0;517.96
3380;Matipó;MG;Estadual;30;503.05;497.5;467.08;507.49;614.67;517.96
3381;Campestre;AL;Estadual;1;542.1;533.6;454.0;420.0;640.0;517.94
3382;Arcoverde;PE;Estadual;158;516.73;494.07;480.81;508.32;589.75;517.93
3383;Pradópolis;SP;Estadual;31;524.73;503.87;465.65;519.22;576.13;517.92
3384;São José do Cerrito;SC;Estadual;16;529.23;540.89;486.19;514.41;518.75;517.9
3385;Floresta do Piauí;PI;Estadual;5;501.38;495.58;475.44;513.06;604.0;517.89
3386;Araquari;SC;Estadual;23;541.47;514.29;457.83;513.98;561.74;517.86
3387;Relvado;RS;Estadual;7;519.77;519.96;464.3;479.1;605.71;517.77
3388;Gaurama;RS;Estadual;5;507.6;528.1;491.76;509.28;552.0;517.75
3389;Rodeiro;MG;Estadual;9;497.74;479.49;499.52;514.23;597.78;517.75
3390;Gaspar;SC;Estadual;43;534.48;511.59;473.94;523.87;544.65;517.71
3391;Cubati;PB;Estadual;19;512.68;510.47;479.54;461.63;624.21;517.71
3392;Gabriel Monteiro;SP;Estadual;4;501.7;470.55;457.55;533.7;625.0;517.7
3393;Lagoa Grande;MG;Estadual;11;500.23;482.35;494.28;511.65;600.0;517.7
3394;Rio do Antônio;BA;Estadual;16;515.22;475.36;459.12;529.99;608.75;517.69
3395;Itápolis;SP;Estadual;54;539.7;503.85;468.91;518.54;557.41;517.68
3396;Pimenta Bueno;RO;Estadual;73;522.7;508.79;483.86;501.49;571.23;517.61
3397;Petrópolis;RJ;Estadual;411;526.05;501.92;477.38;497.22;585.5;517.61
3398;Limoeiro do Norte;CE;Estadual;230;506.56;488.68;466.72;492.23;633.83;517.6
3399;Anchieta;SC;Estadual;9;527.2;523.67;462.33;463.63;611.11;517.59
3400;Itagi;BA;Estadual;3;527.13;539.67;440.4;480.57;600.0;517.55
3401;Alcantil;PB;Estadual;2;459.8;465.15;508.95;523.7;630.0;517.52
3402;Lagarto;SE;Estadual;195;502.75;484.48;472.78;487.4;640.0;517.48
3403;Morro da Garça;MG;Estadual;3;503.0;531.83;518.27;540.87;493.33;517.46
3404;Independência;RS;Estadual;5;496.62;517.24;474.74;502.72;596.0;517.46
3405;Jandira;SP;Estadual;186;533.34;510.68;472.69;500.58;570.0;517.46
3406;Santa Cruz;PE;Estadual;16;500.51;489.0;475.11;481.36;641.25;517.44
3407;Matozinhos;MG;Estadual;61;523.33;503.04;474.51;502.34;583.93;517.43
3408;Grajaú;MA;Federal;76;520.86;493.89;478.21;484.11;609.74;517.36
3409;Sanharó;PE;Estadual;9;494.73;482.18;444.71;529.53;635.56;517.34
3410;Uibaí;BA;Estadual;12;508.0;499.2;468.03;514.3;596.67;517.24
3411;Cocal;PI;Federal;39;506.67;501.66;494.37;504.45;578.97;517.23
3412;Jacinto Machado;SC;Estadual;7;524.47;553.77;482.57;510.83;514.29;517.19
3413;Mar de Espanha;MG;Estadual;18;502.83;505.76;467.7;496.3;613.33;517.18
3414;Peçanha;MG;Estadual;3;516.0;501.5;474.8;533.6;560.0;517.18
3415;Junqueirópolis;SP;Estadual;23;529.15;517.64;477.71;519.59;541.74;517.17
3416;Queimada Nova;PI;Estadual;8;528.28;483.02;441.6;467.88;665.0;517.16
3417;Japira;PR;Estadual;3;505.13;558.57;489.93;558.83;473.33;517.16
3418;Biguaçu;SC;Estadual;63;529.0;516.12;472.68;512.41;555.56;517.15
3419;Luiz Alves;SC;Estadual;17;520.11;529.64;499.98;508.89;527.06;517.14
3420;Cristiano Otoni;MG;Estadual;6;545.53;457.75;511.95;510.23;560.0;517.09
3421;Nossa Senhora da Glória;SE;Estadual;94;502.27;492.76;482.21;507.57;600.64;517.09
3422;Grão Pará;SC;Estadual;11;519.2;512.2;469.67;553.45;530.91;517.09
3423;Treviso;SC;Estadual;4;511.92;547.02;493.78;577.6;455.0;517.07
3424;Rio Verde;GO;Federal;2;500.2;543.4;512.3;509.15;520.0;517.01
3425;Itutinga;MG;Estadual;8;522.22;519.74;461.1;509.48;572.5;517.01
3426;Assaí;PR;Estadual;20;537.68;526.08;478.26;502.96;540.0;517.0
3427;Charqueada;SP;Estadual;9;540.26;524.5;474.92;536.29;508.89;516.97
3428;Jaguariaíva;PR;Estadual;22;535.22;518.35;480.28;496.42;554.55;516.96
3429;Dirce Reis;SP;Estadual;2;453.55;488.75;494.65;507.85;640.0;516.96
3430;Muzambinho;MG;Estadual;9;543.53;515.92;458.92;477.51;588.89;516.96
3431;Porto Ferreira;SP;Municipal;14;528.79;497.22;498.53;554.26;505.71;516.9
3432;Palmeira d'Oeste;SP;Privada;12;517.07;502.34;497.11;516.29;551.67;516.9
3433;Caieiras;SP;Estadual;119;534.33;508.3;484.46;514.09;543.19;516.87
3434;Aiuaba;CE;Estadual;32;521.97;520.34;460.82;511.83;569.38;516.87
3435;Cajobi;SP;Estadual;20;523.74;528.34;469.56;502.52;560.0;516.84
3436;Altônia;PR;Estadual;34;521.01;521.02;485.21;532.81;524.12;516.84
3437;Pedreira;SP;Estadual;26;530.91;499.17;479.33;520.85;553.85;516.82
3438;Soledade;RS;Estadual;32;524.79;532.0;466.22;521.7;539.38;516.82
3439;Anchieta;ES;Estadual;102;525.86;504.91;479.18;528.85;545.29;516.82
3440;Ilha Comprida;SP;Estadual;8;531.88;530.36;485.38;511.44;525.0;516.81
3441;Três Rios;RJ;Estadual;124;528.47;497.59;470.85;489.48;597.58;516.79
3442;Piacatu;SP;Estadual;4;511.2;498.28;481.55;552.92;540.0;516.79
3443;Conceição do Tocantins;TO;Estadual;4;537.65;460.85;482.58;522.67;580.0;516.75
3444;Belém de Maria;PE;Estadual;21;512.92;510.52;455.99;520.34;583.81;516.72
3445;Estância Velha;RS;Estadual;40;535.75;515.76;484.66;520.94;526.5;516.72
3446;Buritama;SP;Estadual;29;528.7;512.37;461.49;511.95;568.97;516.7
3447;Timon;MA;Privada;15;525.72;514.61;479.96;481.81;581.33;516.69
3448;Itapetininga;SP;Estadual;191;538.38;514.18;473.42;515.87;541.57;516.69
3449;Conceição do Castelo;ES;Estadual;38;518.88;503.12;488.78;526.84;545.79;516.68
3450;Campos Novos;SC;Estadual;72;519.72;509.64;471.86;517.97;564.17;516.67
3451;Nova Ipixuna;PA;Estadual;25;498.56;495.83;477.28;526.71;584.8;516.63
3452;Lassance;MG;Estadual;1;485.6;421.3;420.1;416.1;840.0;516.62
3453;Santa Terezinha;PE;Estadual;22;513.32;494.54;457.28;502.33;615.45;516.58
3454;São Miguel Arcanjo;SP;Estadual;40;533.89;517.95;476.04;527.04;528.0;516.58
3455;Iturama;MG;Estadual;60;521.76;492.06;476.33;522.37;570.33;516.57
3456;Carmo de Minas;MG;Estadual;2;523.6;531.1;461.0;527.1;540.0;516.56
3457;São José da Bela Vista;SP;Estadual;6;543.37;515.98;471.8;521.65;530.0;516.56
3458;Juruena;MT;Estadual;9;506.54;506.51;509.81;508.72;551.11;516.54
3459;Cerro Branco;RS;Estadual;5;535.86;553.52;464.78;540.44;488.0;516.52
3460;Guaratuba;PR;Estadual;23;542.4;522.35;482.85;517.53;517.39;516.51
3461;Junqueiro;AL;Estadual;89;494.05;483.71;477.45;494.96;632.13;516.46
3462;Barueri;SP;Estadual;274;530.27;504.53;474.67;522.66;550.0;516.43
3463;Senador Amaral;MG;Estadual;5;569.62;550.04;525.48;488.96;448.0;516.42
3464;Urussanga;SC;Estadual;18;527.52;503.28;495.94;499.73;555.56;516.41
3465;Silveira Martins;RS;Estadual;5;549.92;492.1;488.96;495.02;556.0;516.4
3466;Capivari de Baixo;SC;Privada;1;507.4;469.0;477.7;407.9;720.0;516.4
3467;São José do Belmonte;PE;Estadual;77;504.6;494.93;477.97;496.34;608.05;516.38
3468;Itaporanga;SP;Estadual;8;535.22;508.86;463.39;531.86;542.5;516.37
3469;Alto Rio Novo;ES;Estadual;20;497.97;500.8;483.14;509.88;590.0;516.36
3470;Guarulhos;SP;Estadual;1399;533.82;507.89;474.23;507.35;558.48;516.35
3471;Alegrete;RS;Estadual;114;533.24;496.8;468.31;504.94;578.25;516.31
3472;Garopaba;SC;Estadual;51;522.65;509.1;476.87;517.64;555.29;516.31
3473;Jaguariúna;SP;Estadual;52;534.73;506.64;490.6;518.73;530.77;516.29
3474;Irapuã;SP;Estadual;12;537.12;498.82;456.95;521.84;566.67;516.28
3475;Votuporanga;SP;Estadual;77;526.19;496.55;484.82;516.43;557.4;516.28
3476;Tietê;SP;Estadual;47;519.66;504.0;493.91;505.31;558.3;516.24
3477;Maçambará;RS;Municipal;1;520.4;578.2;509.8;412.7;560.0;516.22
3478;Dianópolis;TO;Federal;31;517.71;512.78;480.42;499.78;570.32;516.2
3479;Pedro Canário;ES;Estadual;49;513.35;493.42;464.77;516.63;592.65;516.16
3480;Parnamirim;RN;Estadual;343;524.29;496.94;476.86;502.06;580.52;516.14
3481;Várzea Paulista;SP;Privada;11;539.45;514.25;504.05;506.52;516.36;516.13
3482;São Lourenço do Sul;RS;Estadual;88;525.01;507.92;476.81;507.06;563.64;516.09
3483;São Lourenço;MG;Estadual;37;528.71;525.59;490.34;514.67;521.08;516.08
3484;Cabrália Paulista;SP;Estadual;12;512.31;500.56;467.26;554.95;545.0;516.02
3485;Boituva;SP;Estadual;25;537.44;515.81;475.87;510.92;540.0;516.01
3486;Rosário do Sul;RS;Estadual;43;535.24;521.59;473.77;498.54;550.7;515.97
3487;Auriflama;SP;Estadual;16;522.69;507.51;467.51;510.91;571.25;515.97
3488;Mairiporã;SP;Estadual;91;527.64;508.07;476.52;516.34;551.21;515.95
3489;Álvares Florence;SP;Estadual;1;538.8;414.8;504.1;482.0;640.0;515.94
3490;Cabaceiras;PB;Estadual;10;514.65;498.9;469.47;522.67;574.0;515.94
3491;Candói;PR;Estadual;13;521.25;505.75;492.31;504.91;555.38;515.92
3492;Guarapari;ES;Estadual;240;522.06;499.36;477.24;509.46;571.5;515.92
3493;Riacho das Almas;PE;Estadual;23;498.26;493.08;466.08;476.96;645.22;515.92
3494;Rio Claro;RJ;Estadual;25;537.03;508.44;488.28;495.48;550.4;515.92
3495;Lucas do Rio Verde;MT;Estadual;108;521.34;513.6;484.82;511.25;548.52;515.91
3496;Acaiaca;MG;Estadual;3;480.07;556.4;469.03;493.93;580.0;515.89
3497;Carmo da Cachoeira;MG;Estadual;17;530.46;498.32;473.49;471.24;605.88;515.88
3498;Cornélio Procópio;PR;Estadual;100;527.02;517.7;477.32;507.86;549.4;515.86
3499;Três Forquilhas;RS;Estadual;5;510.34;513.52;437.2;570.2;548.0;515.85
3500;Itambé;PE;Estadual;118;515.53;488.16;477.63;505.53;592.37;515.84
3501;Ubaitaba;BA;Estadual;29;518.71;518.93;449.23;485.67;606.21;515.75
3502;Salvador do Sul;RS;Estadual;3;516.37;527.67;469.03;472.37;593.33;515.75
3503;Bom Jesus dos Perdões;SP;Estadual;16;522.72;496.94;475.99;555.45;527.5;515.72
3504;Criciúma;SC;Estadual;262;532.38;520.85;475.61;511.32;538.32;515.7
3505;Iguaba Grande;RJ;Estadual;73;528.89;514.28;475.72;491.52;567.95;515.67
3506;Lages;SC;Estadual;143;529.33;517.32;476.21;500.16;555.24;515.65
3507;Itamonte;MG;Estadual;9;515.21;490.5;468.14;568.79;535.56;515.64
3508;Pelotas;RS;Municipal;51;530.39;493.36;479.55;495.21;579.61;515.62
3509;São Félix de Minas;MG;Estadual;1;480.3;505.1;464.3;488.4;640.0;515.62
3510;Viçosa;AL;Federal;37;528.05;488.3;470.99;495.58;595.14;515.61
3511;Matutina;MG;Estadual;3;533.3;537.23;503.93;536.83;466.67;515.59
3512;Salto do Lontra;PR;Estadual;27;518.93;512.93;467.0;496.86;582.22;515.59
3513;Ferraz de Vasconcelos;SP;Estadual;197;531.44;501.94;469.76;512.03;562.74;515.58
3514;Recife;PE;Estadual;3745;521.4;494.54;473.87;506.61;581.37;515.56
3515;Caseiros;RS;Estadual;8;486.45;474.56;434.98;446.75;735.0;515.55
3516;São João Nepomuceno;MG;Estadual;22;529.1;512.51;495.13;488.15;552.73;515.52
3517;Alcântaras;CE;Estadual;38;506.93;485.57;463.3;512.81;608.95;515.51
3518;Oratórios;MG;Estadual;2;524.45;487.15;412.1;583.8;570.0;515.5
3519;Pinheiro Machado;RS;Estadual;8;503.45;511.52;463.59;503.89;595.0;515.49
3520;Simonésia;MG;Estadual;17;526.32;495.81;494.95;514.48;545.88;515.49
3521;Marmelópolis;MG;Estadual;10;512.9;506.3;477.98;525.99;554.0;515.43
3522;Águas Formosas;MG;Estadual;20;508.39;471.51;467.22;484.98;645.0;515.42
3523;Dom Cavati;MG;Estadual;7;534.1;514.27;471.51;494.29;562.86;515.41
3524;Ibirubá;RS;Privada;13;512.02;495.88;489.33;489.0;590.77;515.4
3525;Lindóia do Sul;SC;Estadual;7;528.46;505.5;455.53;484.66;602.86;515.4
3526;Ibicaré;SC;Estadual;2;588.75;528.1;428.8;511.05;520.0;515.34
3527;Orizona;GO;Privada;7;509.23;543.36;513.47;527.61;482.86;515.31
3528;Planalto;RS;Estadual;6;534.45;516.88;438.43;523.33;563.33;515.29
3529;Centralina;MG;Estadual;7;536.64;532.57;513.06;508.47;485.71;515.29
3530;Guapó;GO;Estadual;15;507.15;481.36;477.34;505.2;605.33;515.28
3531;Florestópolis;PR;Estadual;8;517.91;523.88;494.81;477.16;562.5;515.25
3532;Picada Café;RS;Estadual;10;530.08;488.85;474.49;536.81;546.0;515.25
3533;Terezinha;PE;Estadual;10;504.64;495.94;427.77;527.86;620.0;515.24
3534;Quinze de Novembro;RS;Estadual;5;524.82;553.06;504.16;525.94;468.0;515.2
3535;Tapurah;MT;Estadual;10;510.11;518.27;480.4;517.18;550.0;515.19
3536;Limeira do Oeste;MG;Estadual;16;515.78;494.58;477.22;498.17;590.0;515.15
3537;Jordão;AC;Estadual;10;512.56;480.13;454.46;472.51;656.0;515.13
3538;Sousa;PB;Estadual;187;509.58;497.63;478.77;490.74;598.61;515.06
3539;Barra Funda;RS;Estadual;1;505.4;446.7;443.0;600.0;580.0;515.02
3540;Ibimirim;PE;Estadual;34;516.36;501.42;480.56;516.59;560.0;514.99
3541;Glória de Dourados;MS;Estadual;20;523.36;486.97;469.97;516.66;578.0;514.99
3542;Bocaina;SP;Estadual;10;518.51;510.95;516.92;518.44;510.0;514.96
3543;Curitibanos;SC;Estadual;98;524.18;506.18;484.44;508.95;551.02;514.95
3544;Coronel Fabriciano;MG;Estadual;115;520.12;511.77;480.07;512.6;550.09;514.93
3545;Sem-Peixe;MG;Estadual;1;475.4;525.3;409.3;584.6;580.0;514.92
3546;União da Vitória;PR;Estadual;71;531.7;515.92;483.53;498.86;544.23;514.85
3547;Mineiros;GO;Estadual;88;515.8;477.46;474.75;498.24;607.95;514.84
3548;Natal;RN;Municipal;1;559.4;548.9;528.4;577.5;360.0;514.84
3549;Coronel João Pessoa;RN;Estadual;3;465.3;492.93;434.33;541.5;640.0;514.81
3550;Uibaí;BA;Privada;4;550.52;539.08;462.7;476.65;545.0;514.79
3551;Contenda;PR;Estadual;26;519.75;512.28;468.98;505.23;567.69;514.79
3552;Caiuá;SP;Estadual;2;486.55;479.2;471.1;497.0;640.0;514.77
3553;Campo Grande;MS;Estadual;1554;523.33;499.65;477.21;505.05;568.57;514.76
3554;Barreirinhas;MA;Federal;74;513.41;495.68;478.39;500.83;585.41;514.74
3555;Comercinho;MG;Estadual;7;522.53;512.67;454.2;515.56;568.57;514.71
3556;Peabiru;PR;Estadual;2;524.45;452.7;417.35;528.95;650.0;514.69
3557;Caldas Novas;GO;Estadual;229;526.45;503.51;482.85;505.78;554.76;514.67
3558;São Miguel do Oeste;SC;Estadual;31;525.88;511.39;491.84;512.53;531.61;514.65
3559;Torrinha;SP;Estadual;3;530.77;513.3;461.5;514.2;553.33;514.62
3560;Tombos;MG;Estadual;9;508.36;538.01;459.38;471.78;595.56;514.62
3561;Nova Petrópolis;RS;Municipal;2;531.8;474.5;411.9;414.85;740.0;514.61
3562;Gravatá;PE;Estadual;154;519.19;490.81;473.31;503.98;585.71;514.6
3563;Guaçuí;ES;Estadual;37;520.47;504.24;483.96;498.11;565.95;514.54
3564;Garanhuns;PE;Estadual;300;517.96;496.25;477.34;501.93;579.13;514.52
3565;Campo Belo;MG;Estadual;79;520.14;502.05;472.91;518.74;558.73;514.51
3566;Lindóia;SP;Estadual;5;539.66;526.04;497.7;529.16;480.0;514.51
3567;Piratini;RS;Estadual;22;519.05;509.97;471.17;487.65;584.55;514.48
3568;Belém do Brejo do Cruz;PB;Estadual;21;491.11;468.53;455.5;468.26;688.57;514.4
3569;Poté;MG;Estadual;24;525.97;490.38;472.94;472.68;610.0;514.39
3570;Santa Maria do Pará;PA;Estadual;33;511.79;482.92;461.28;480.68;635.15;514.37
3571;Paraíso;SC;Estadual;11;501.73;528.53;477.24;460.67;603.64;514.36
3572;Cravinhos;SP;Estadual;24;517.87;494.42;464.97;522.91;571.67;514.36
3573;São Nicolau;RS;Estadual;9;540.47;486.24;458.28;511.02;575.56;514.31
3574;Cedro;CE;Federal;44;521.73;482.11;472.61;511.46;583.64;514.31
3575;Macaúbas;BA;Estadual;109;489.46;483.64;468.57;482.69;647.16;514.3
3576;Ouro Preto do Oeste;RO;Estadual;85;514.78;496.57;476.93;507.86;575.29;514.29
3577;Comendador Gomes;MG;Estadual;8;514.95;504.36;466.62;482.83;602.5;514.25
3578;Barra de Santa Rosa;PB;Estadual;30;481.59;485.36;475.49;478.01;650.67;514.22
3579;Paraí;RS;Estadual;36;525.36;508.61;474.02;513.09;550.0;514.22
3580;Pinhalzinho;SP;Estadual;19;543.29;492.35;483.93;532.54;518.95;514.21
3581;Cachoeiro de Itapemirim;ES;Estadual;427;511.47;496.24;476.09;503.14;584.07;514.2
3582;Machacalis;MG;Estadual;5;551.16;465.06;478.76;527.98;548.0;514.19
3583;Imbé;RS;Estadual;49;533.94;496.57;465.69;500.0;574.69;514.18
3584;Santo Antônio da Platina;PR;Estadual;55;529.3;512.62;474.65;506.21;548.0;514.16
3585;Aripuanã;MT;Estadual;18;504.03;489.07;475.76;483.07;618.89;514.16
3586;Carazinho;RS;Estadual;67;535.31;510.88;483.82;498.97;541.79;514.15
3587;São Vicente;SP;Municipal;3;510.7;511.17;490.97;417.87;640.0;514.14
3588;São José do Jacuri;MG;Estadual;16;501.26;483.62;455.63;515.02;615.0;514.11
3589;São João do Manhuaçu;MG;Estadual;17;502.14;485.65;467.69;517.44;597.65;514.11
3590;Lajeado do Bugre;RS;Estadual;4;532.42;499.08;454.1;504.88;580.0;514.1
3591;Jaramataia;AL;Estadual;6;499.75;464.2;456.13;500.37;650.0;514.09
3592;Cordeiro;RJ;Estadual;9;533.17;518.44;462.31;523.18;533.33;514.09
3593;Mariana;MG;Estadual;54;519.89;508.11;468.89;481.19;592.22;514.06
3594;Quarto Centenário;PR;Estadual;5;503.66;514.72;487.74;484.2;580.0;514.06
3595;Trajano de Moraes;RJ;Estadual;6;496.87;496.38;464.47;472.55;640.0;514.05
3596;Sapiranga;RS;Estadual;92;528.02;496.18;459.67;507.89;578.48;514.05
3597;Paty do Alferes;RJ;Estadual;32;521.12;481.48;465.72;498.15;603.75;514.04
3598;Itambaracá;PR;Estadual;4;529.7;504.78;470.7;554.95;510.0;514.02
3599;Várzea da Palma;MG;Estadual;56;516.76;507.11;483.17;500.36;562.5;513.98
3600;Tabuleiro do Norte;CE;Federal;33;506.77;479.47;467.96;492.62;623.03;513.97
3601;Poção;PE;Estadual;27;508.58;506.49;465.3;505.0;584.44;513.96
3602;Santa Cruz do Capibaribe;PE;Estadual;181;515.12;496.07;474.3;504.11;580.11;513.94
3603;Marataízes;ES;Estadual;110;518.24;493.2;471.21;490.46;596.55;513.93
3604;Capão da Canoa;RS;Estadual;57;532.03;509.58;466.85;502.82;558.25;513.91
3605;Miraguaí;RS;Estadual;3;485.33;474.3;470.87;445.73;693.33;513.91
3606;Lauro Müller;SC;Estadual;13;531.01;512.94;474.34;508.16;543.08;513.9
3607;Imbituba;SC;Estadual;55;523.67;520.22;475.35;507.51;542.55;513.86
3608;Barretos;SP;Estadual;110;528.68;488.03;482.73;514.37;555.45;513.85
3609;Corrente;PI;Federal;72;504.14;494.78;462.7;506.73;600.83;513.84
3610;Cachoeirinha;PE;Estadual;40;512.87;507.22;463.97;506.03;579.0;513.82
3611;Coité do Nóia;AL;Estadual;23;496.33;489.32;456.11;526.37;600.87;513.8
3612;Aimorés;MG;Estadual;25;508.14;495.88;481.12;510.2;573.6;513.79
3613;Rochedo;MS;Estadual;9;529.04;496.09;463.18;469.41;611.11;513.77
3614;Major Vieira;SC;Estadual;5;521.36;520.6;503.08;527.74;496.0;513.76
3615;Rincão;SP;Estadual;4;532.1;447.08;495.72;553.75;540.0;513.73
3616;Caçador;SC;Estadual;72;521.64;527.03;482.0;504.59;533.33;513.72
3617;Ceará-Mirim;RN;Privada;7;529.26;455.66;503.47;488.74;591.43;513.71
3618;Jambeiro;SP;Estadual;4;530.6;564.08;492.92;540.95;440.0;513.71
3619;Araucária;PR;Estadual;211;526.44;512.22;475.21;511.62;543.03;513.7
3620;Itaguaru;GO;Estadual;23;501.53;489.67;475.94;512.6;588.7;513.69
3621;Arroio dos Ratos;RS;Estadual;9;524.26;483.52;445.24;499.27;615.56;513.57
3622;Dourados;MS;Estadual;374;525.23;504.3;479.85;503.57;554.87;513.57
3623;Tremembé;SP;Estadual;20;522.76;500.99;474.61;524.36;545.0;513.54
3624;Marcelândia;MT;Estadual;14;522.58;505.01;484.7;508.11;547.14;513.51
3625;Vassouras;RJ;Estadual;57;515.16;503.47;457.63;492.32;598.95;513.5
3626;Lábrea;AM;Federal;38;504.36;497.2;471.2;494.23;600.53;513.5
3627;Japorã;MS;Estadual;5;492.24;505.52;531.14;486.54;552.0;513.49
3628;Albertina;MG;Estadual;3;534.83;515.5;515.7;481.37;520.0;513.48
3629;Tupirama;TO;Estadual;1;505.5;504.3;536.6;460.9;560.0;513.46
3630;Barra Velha;SC;Estadual;34;525.98;505.23;467.41;503.88;564.71;513.44
3631;Pederneiras;SP;Estadual;38;534.43;503.56;480.95;508.73;539.47;513.43
3632;Louveira;SP;Estadual;47;524.5;492.93;483.42;528.4;537.87;513.42
3633;Governador Lindenberg;ES;Estadual;14;529.95;529.58;508.51;516.16;482.86;513.41
3634;Miraselva;PR;Estadual;7;548.5;504.39;467.74;466.39;580.0;513.4
3635;Bom Retiro;SC;Estadual;18;513.49;508.7;474.55;506.77;563.33;513.37
3636;Bom Jesus de Goiás;GO;Estadual;39;524.99;499.75;481.83;492.93;567.18;513.34
3637;Caririaçu;CE;Estadual;158;499.06;492.18;470.97;487.45;616.96;513.33
3638;Paramirim;BA;Estadual;47;500.27;496.15;479.62;507.66;582.98;513.33
3639;Gongogi;BA;Estadual;7;514.31;486.77;499.79;454.23;611.43;513.31
3640;Ourizona;PR;Estadual;3;529.73;454.47;472.2;570.13;540.0;513.31
3641;Santana;BA;Privada;8;526.81;507.41;501.02;483.75;547.5;513.3
3642;Seringueiras;RO;Estadual;18;508.42;478.44;464.81;502.61;612.22;513.3
3643;Catende;PE;Estadual;47;512.55;483.18;466.21;487.39;617.02;513.27
3644;Linhares;ES;Estadual;366;514.41;499.66;476.22;499.4;576.67;513.27
3645;Itati;RS;Estadual;10;538.7;521.85;485.2;504.56;516.0;513.26
3646;Itaiópolis;SC;Estadual;15;509.33;519.05;488.63;513.23;536.0;513.25
3647;São Lourenço da Serra;SP;Estadual;25;540.72;473.0;460.64;502.83;588.8;513.2
3648;Alto Paraná;PR;Estadual;15;520.31;506.82;474.6;490.77;573.33;513.17
3649;Aparecida do Rio Doce;GO;Estadual;4;542.38;541.1;453.08;534.28;495.0;513.16
3650;Teodoro Sampaio;SP;Estadual;62;527.08;512.26;488.15;509.25;529.03;513.15
3651;São Raimundo do Doca Bezerra;MA;Estadual;6;480.27;505.72;450.73;498.95;630.0;513.13
3652;Santo Antônio do Pinhal;SP;Estadual;9;521.0;513.58;463.23;483.36;584.44;513.12
3653;Muriaé;MG;Estadual;175;512.76;495.37;471.9;506.88;578.63;513.11
3654;Cafelândia;PR;Estadual;22;517.94;500.89;474.2;529.68;542.73;513.09
3655;Ivoti;RS;Estadual;36;525.65;503.76;475.07;539.25;521.67;513.08
3656;Piracema;MG;Estadual;7;529.97;475.89;501.07;481.3;577.14;513.07
3657;Palmas;PR;Privada;50;523.44;517.39;486.6;512.7;525.2;513.06
3658;Holambra;SP;Estadual;9;539.28;523.36;486.09;525.47;491.11;513.06
3659;Parelhas;RN;Estadual;15;501.44;518.91;495.49;487.99;561.33;513.03
3660;São Paulo;SP;Municipal;85;523.98;491.5;475.48;514.84;559.29;513.02
3661;Caculé;BA;Estadual;24;509.85;519.91;471.67;512.01;551.67;513.02
3662;Rio Grande;RS;Estadual;357;524.02;503.06;468.48;501.04;568.35;512.99
3663;Cabo Frio;RJ;Municipal;25;523.06;472.22;471.1;505.57;592.8;512.95
3664;Engenheiro Paulo de Frontin;RJ;Estadual;14;533.35;519.9;471.13;527.53;512.86;512.95
3665;Boa Esperança;MG;Estadual;72;521.38;493.58;477.78;503.32;568.61;512.93
3666;Tacima;PB;Estadual;15;497.48;504.08;464.84;471.51;626.67;512.92
3667;Califórnia;PR;Estadual;12;526.43;518.59;458.4;514.47;546.67;512.91
3668;Nova Belém;MG;Estadual;2;491.55;530.55;438.4;564.0;540.0;512.9
3669;Simão Dias;SE;Estadual;114;499.26;489.52;476.66;489.74;609.3;512.9
3670;União;PI;Privada;20;485.12;482.84;470.02;453.48;673.0;512.89
3671;Jacutinga;RS;Estadual;5;494.74;486.2;478.2;529.06;576.0;512.84
3672;Santo Antônio da Patrulha;RS;Estadual;68;532.84;506.78;467.27;511.72;545.59;512.84
3673;Prudentópolis;PR;Estadual;59;515.35;510.31;483.18;520.97;534.24;512.81
3674;Pontal do Paraná;PR;Estadual;41;533.89;507.83;471.14;532.18;519.02;512.81
3675;Bom Jardim;PE;Estadual;83;489.53;486.4;474.06;484.62;629.4;512.8
3676;Ingá;PB;Privada;26;500.8;469.8;477.39;485.0;630.77;512.75
3677;Alagoinhas;BA;Estadual;196;522.63;503.4;479.71;495.53;562.35;512.72
3678;Rio do Sul;SC;Estadual;73;532.58;516.84;485.06;517.41;511.51;512.68
3679;Guarujá do Sul;SC;Estadual;10;500.14;479.71;485.19;520.24;578.0;512.66
3680;Mauá;SP;Estadual;477;534.49;506.03;475.81;508.69;538.28;512.66
3681;São Tomás de Aquino;MG;Estadual;3;518.07;501.07;509.13;548.27;486.67;512.64
3682;Paula Freitas;PR;Estadual;8;534.08;508.75;439.46;533.29;547.5;512.62
3683;Brejo de Areia;MA;Estadual;3;472.97;479.13;478.93;532.0;600.0;512.61
3684;Mãe d'Água;PB;Estadual;10;497.09;479.95;476.4;485.56;624.0;512.6
3685;Petrolândia;PE;Estadual;67;513.88;499.13;476.87;502.37;570.75;512.6
3686;Guzolândia;SP;Estadual;3;499.8;530.93;537.37;514.8;480.0;512.58
3687;Petrolândia;SC;Estadual;9;538.19;520.0;484.69;475.59;544.44;512.58
3688;São José;SC;Municipal;2;494.65;532.3;534.4;521.35;480.0;512.54
3689;Américo de Campos;SP;Municipal;4;553.02;549.25;498.25;456.75;505.0;512.45
3690;Cardeal da Silva;BA;Estadual;6;540.03;556.3;461.05;461.22;543.33;512.39
3691;Jupi;PE;Estadual;45;502.72;495.44;482.48;500.58;580.44;512.34
3692;Canindé;CE;Estadual;451;504.4;487.5;466.58;505.17;597.83;512.3
3693;Rio Bonito;RJ;Estadual;79;528.93;505.99;479.57;492.8;554.18;512.29
3694;Cambé;PR;Estadual;73;522.22;509.35;485.63;517.64;526.58;512.28
3695;Rio das Antas;SC;Estadual;4;496.78;482.48;489.0;497.98;595.0;512.24
3696;Quevedos;RS;Estadual;2;524.65;513.15;461.75;491.45;570.0;512.2
3697;Gurjão;PB;Estadual;6;495.22;494.13;458.28;486.65;626.67;512.19
3698;Vargem Grande Paulista;SP;Estadual;53;534.95;514.95;470.03;501.27;539.62;512.17
3699;Martinho Campos;MG;Municipal;4;519.48;531.42;457.72;447.22;605.0;512.17
3700;Barro;CE;Estadual;134;499.35;484.73;467.2;498.11;611.34;512.15
3701;Juara;MT;Estadual;57;519.56;489.61;474.77;494.66;582.11;512.14
3702;Ibirapuitã;RS;Estadual;6;520.63;527.53;488.55;500.6;523.33;512.13
3703;Pedro Leopoldo;MG;Estadual;61;516.41;507.79;480.17;503.16;553.11;512.13
3704;Piedade de Ponte Nova;MG;Estadual;3;535.83;537.6;505.63;548.17;433.33;512.11
3705;Sentinela do Sul;RS;Estadual;4;483.05;460.95;458.35;513.17;645.0;512.1
3706;Pirpirituba;PB;Estadual;10;499.49;490.14;485.14;487.65;598.0;512.08
3707;Miraí;MG;Estadual;3;530.1;521.57;481.2;520.77;506.67;512.06
3708;Mato Verde;MG;Estadual;15;504.37;503.31;466.09;523.77;562.67;512.04
3709;Coxixola;PB;Estadual;7;521.87;473.06;483.0;459.39;622.86;512.03
3710;Macaíba;RN;Privada;21;515.93;485.37;474.05;492.43;592.38;512.03
3711;Rolim de Moura;RO;Estadual;148;498.67;502.2;480.83;501.94;576.49;512.03
3712;Figueira;PR;Estadual;4;489.35;492.9;493.85;554.02;530.0;512.02
3713;Pirapozinho;SP;Estadual;53;511.47;476.83;467.1;506.86;597.74;512.0
3714;Oeiras;PI;Federal;40;501.42;490.65;471.64;517.31;579.0;512.0
3715;São Mateus;ES;Estadual;292;516.42;504.95;473.95;507.33;557.26;511.98
3716;Santo Afonso;MT;Estadual;6;506.23;483.87;483.63;516.17;570.0;511.98
3717;Rio de Janeiro;RJ;Estadual;5783;527.6;501.04;472.01;499.44;559.73;511.97
3718;Santa Maria da Serra;SP;Estadual;2;533.95;406.65;434.55;474.7;710.0;511.97
3719;Silvânia;GO;Estadual;23;519.76;500.11;485.26;491.19;563.48;511.96
3720;Embu-Guaçu;SP;Estadual;100;531.93;498.48;467.93;509.99;551.4;511.95
3721;Santa Cruz das Palmeiras;SP;Estadual;25;523.8;498.13;479.6;501.4;556.8;511.95
3722;Pacajá;PA;Estadual;10;529.85;504.44;483.02;462.31;580.0;511.92
3723;Paracambi;RJ;Estadual;51;525.25;506.69;471.37;483.7;572.55;511.91
3724;Nova Santa Helena;MT;Estadual;6;499.85;480.6;493.38;555.65;530.0;511.9
3725;Resplendor;MG;Estadual;10;534.68;507.09;470.13;507.53;540.0;511.89
3726;São José do Ouro;RS;Estadual;13;526.16;490.31;487.72;482.85;572.31;511.87
3727;Perolândia;GO;Estadual;7;536.71;515.1;506.5;515.29;485.71;511.86
3728;Esplanada;BA;Privada;6;472.17;501.2;454.62;481.17;650.0;511.83
3729;Crato;CE;Federal;23;512.23;492.84;490.8;528.44;534.78;511.82
3730;Arealva;SP;Estadual;8;508.85;500.78;505.38;504.09;540.0;511.82
3731;Não-Me-Toque;RS;Estadual;23;524.34;503.6;465.19;517.21;548.7;511.81
3732;Caxambu;MG;Estadual;17;495.78;508.92;485.32;497.22;571.76;511.8
3733;Agudos;SP;Estadual;37;526.02;502.68;478.51;501.52;550.27;511.8
3734;Três Coroas;RS;Estadual;17;523.25;522.4;454.62;468.05;590.59;511.78
3735;Parintins;AM;Federal;28;516.43;524.31;480.29;492.02;545.71;511.75
3736;Humaitá;AM;Federal;46;496.62;500.3;478.68;497.42;585.65;511.73
3737;Rio das Flores;RJ;Estadual;8;513.62;512.49;489.71;490.31;552.5;511.73
3738;Baraúna;RN;Privada;9;523.89;489.09;468.93;501.02;575.56;511.7
3739;Chácara;MG;Estadual;1;583.2;597.2;555.6;542.5;280.0;511.7
3740;Padre Paraíso;MG;Estadual;9;529.03;513.6;467.39;512.81;535.56;511.68
3741;Prado;BA;Estadual;25;519.18;497.74;481.58;498.15;561.6;511.65
3742;Parobé;RS;Estadual;33;525.94;504.46;449.86;512.46;565.45;511.64
3743;São Bento;PB;Estadual;83;497.83;481.86;465.18;493.29;620.0;511.63
3744;Itaquaquecetuba;SP;Estadual;236;525.25;503.59;472.82;509.97;546.36;511.6
3745;Nazaré Paulista;SP;Estadual;12;509.97;489.38;494.67;527.19;536.67;511.58
3746;Palmital;PR;Estadual;19;504.71;484.24;467.06;506.9;594.74;511.53
3747;Arapiraca;AL;Estadual;433;511.45;492.08;470.94;496.87;586.33;511.53
3748;Ribamar Fiquene;MA;Estadual;4;531.92;492.45;439.38;463.82;630.0;511.52
3749;Tupaciguara;MG;Estadual;28;520.29;483.93;473.41;494.99;585.0;511.52
3750;Ipiranga do Sul;RS;Estadual;2;501.2;511.1;440.25;425.05;680.0;511.52
3751;Frutal;MG;Estadual;76;528.09;500.38;476.75;504.46;547.63;511.46
3752;Nova Iguaçu de Goiás;GO;Estadual;5;497.12;472.96;436.42;470.76;680.0;511.45
3753;Colorado;PR;Estadual;45;514.98;485.84;482.42;486.4;587.56;511.44
3754;São Francisco;PB;Estadual;10;489.99;533.91;484.52;498.71;550.0;511.43
3755;São Gonçalo do Amarante;RN;Estadual;104;514.42;495.15;478.59;495.34;573.65;511.43
3756;Igaratinga;MG;Estadual;2;485.45;488.85;473.7;439.1;670.0;511.42
3757;Ceres;GO;Estadual;42;516.81;487.61;477.54;485.14;590.0;511.42
3758;Alto Santo;CE;Estadual;60;506.44;488.44;448.81;505.09;608.33;511.42
3759;Sant'Ana do Livramento;RS;Estadual;138;528.31;504.87;461.09;501.64;561.01;511.39
3760;Jaboti;PR;Estadual;11;512.99;511.72;451.65;509.54;570.91;511.36
3761;São Fidélis;RJ;Estadual;57;519.45;509.48;491.59;495.19;541.05;511.35
3762;Sud Mennucci;SP;Estadual;4;512.58;511.22;497.02;525.72;510.0;511.31
3763;Mandaguari;PR;Estadual;39;523.11;501.98;473.79;498.54;558.97;511.28
3764;Imbituva;PR;Estadual;47;526.7;516.09;481.39;510.88;521.28;511.27
3765;Primavera de Rondônia;RO;Estadual;5;501.46;488.6;482.08;476.06;608.0;511.24
3766;Sapezal;MT;Estadual;38;516.18;490.01;473.67;507.36;568.95;511.23
3767;Aracaju;SE;Estadual;1085;513.96;489.92;475.06;485.99;591.13;511.21
3768;Camargo;RS;Estadual;5;533.08;511.2;481.34;590.26;440.0;511.18
3769;Jaci;SP;Estadual;4;561.7;529.33;479.0;535.78;450.0;511.16
3770;Lagoão;RS;Estadual;3;516.23;490.67;410.7;538.17;600.0;511.15
3771;Cambuquira;MG;Estadual;6;545.23;498.35;485.0;537.0;490.0;511.12
3772;Trindade;PE;Estadual;19;491.49;495.12;483.07;510.02;575.79;511.1
3773;Pé de Serra;BA;Estadual;31;494.72;509.81;466.29;500.02;584.52;511.07
3774;Claraval;MG;Estadual;1;536.7;526.8;507.2;544.6;440.0;511.06
3775;Minas Novas;MG;Estadual;32;507.98;493.65;479.3;521.18;553.12;511.05
3776;Diamantino;MT;Federal;48;514.35;483.82;474.64;499.12;583.33;511.05
3777;Quilombo;SC;Estadual;23;502.61;523.61;486.57;499.55;542.61;510.99
3778;Fagundes;PB;Estadual;18;501.47;503.62;467.38;481.37;601.11;510.99
3779;Nova Ponte;MG;Estadual;33;517.8;500.17;471.28;517.15;548.48;510.98
3780;Canaã;MG;Estadual;9;514.49;509.07;502.84;492.86;535.56;510.96
3781;Ecoporanga;ES;Estadual;71;502.18;496.04;471.08;514.77;570.7;510.96
3782;Três Marias;MG;Estadual;29;522.0;510.02;460.51;527.63;534.48;510.93
3783;Ipiranga do Norte;MT;Estadual;8;513.91;480.22;472.31;495.5;592.5;510.89
3784;São Valentim do Sul;RS;Estadual;1;580.5;451.4;426.2;576.3;520.0;510.88
3785;Kaloré;PR;Estadual;4;531.2;470.08;454.1;553.98;545.0;510.87
3786;Baixo Guandu;ES;Estadual;40;510.61;490.24;472.1;507.19;574.0;510.83
3787;Presidente Kubitschek;MG;Estadual;11;511.72;495.04;479.95;492.92;574.55;510.83
3788;Santa Cruz;PB;Estadual;8;507.05;464.6;491.65;463.25;627.5;510.81
3789;General Carneiro;PR;Estadual;9;516.58;504.84;484.54;543.63;504.44;510.81
3790;Santa Terezinha de Itaipu;PR;Estadual;64;532.34;500.6;472.66;512.71;535.62;510.79
3791;Raposos;MG;Estadual;23;515.7;482.37;470.83;505.86;579.13;510.78
3792;São José da Boa Vista;PR;Estadual;2;515.15;578.15;459.6;621.0;380.0;510.78
3793;Eusébio;CE;Estadual;207;514.25;494.77;474.22;501.91;568.7;510.77
3794;Caputira;MG;Estadual;8;520.19;483.0;487.02;526.08;537.5;510.76
3795;Humaitá;RS;Estadual;19;512.81;504.31;492.56;495.64;548.42;510.75
3796;São Francisco do Guaporé;RO;Estadual;34;498.84;484.46;465.56;478.92;625.88;510.73
3797;Itatiaia;RJ;Estadual;33;527.24;512.9;477.87;503.49;532.12;510.72
3798;Primavera do Leste;MT;Estadual;73;516.74;508.72;470.5;493.53;564.11;510.72
3799;Bonfinópolis de Minas;MG;Estadual;16;513.67;498.44;481.88;498.32;561.25;510.71
3800;Santa Luzia D'Oeste;RO;Estadual;7;479.43;476.23;511.14;521.03;565.71;510.71
3801;Itaipé;MG;Estadual;7;510.07;488.2;451.24;492.56;611.43;510.7
3802;Bagé;RS;Estadual;187;525.51;504.72;473.42;499.73;550.05;510.69
3803;Matão;SP;Estadual;81;528.07;504.31;487.91;510.16;522.96;510.68
3804;Pinhais;PR;Estadual;172;526.43;509.5;477.72;516.62;523.02;510.66
3805;Bom Retiro do Sul;RS;Estadual;14;517.0;494.15;468.69;503.4;570.0;510.65
3806;Veredinha;MG;Estadual;4;528.35;490.92;492.98;545.97;495.0;510.64
3807;Alto Alegre;RS;Estadual;5;473.4;460.58;455.16;504.02;660.0;510.63
3808;Tijucas do Sul;PR;Estadual;8;486.36;479.64;495.61;516.5;575.0;510.62
3809;Rio Grande da Serra;SP;Estadual;46;536.11;498.55;462.5;528.37;527.39;510.58
3810;Palhoça;SC;Municipal;1;559.5;525.5;491.3;476.5;500.0;510.56
3811;Chã de Alegria;PE;Estadual;16;491.41;502.13;477.59;474.08;607.5;510.54
3812;Ibaiti;PR;Estadual;42;510.24;500.84;469.1;509.67;562.86;510.54
3813;Durandé;MG;Estadual;1;492.2;524.4;463.1;633.0;440.0;510.54
3814;Chuí;RS;Estadual;6;550.08;514.58;471.68;509.7;506.67;510.54
3815;Congonhas;MG;Estadual;87;516.01;497.52;472.21;514.43;552.41;510.52
3816;Santa Fé de Goiás;GO;Estadual;15;517.41;485.22;464.92;480.99;604.0;510.51
3817;Campos Gerais;MG;Estadual;48;514.44;499.03;475.03;509.4;554.58;510.5
3818;Promissão;SP;Estadual;57;522.92;494.15;473.97;498.34;563.16;510.5
3819;Pirapó;RS;Estadual;2;559.2;496.3;447.15;479.75;570.0;510.48
3820;Iguape;SP;Estadual;50;531.53;510.17;484.55;493.98;532.0;510.45
3821;Mampituba;RS;Estadual;3;525.6;515.57;492.33;558.6;460.0;510.42
3822;Rafard;SP;Estadual;11;539.42;498.28;493.55;504.35;516.36;510.39
3823;Armazém;SC;Estadual;13;518.59;492.51;490.65;488.62;561.54;510.38
3824;Fernandes Pinheiro;PR;Estadual;2;543.35;542.9;500.05;505.45;460.0;510.35
3825;Pinhão;PR;Estadual;52;530.44;511.31;478.69;503.6;527.69;510.35
3826;Jucati;PE;Estadual;30;504.62;499.48;483.51;499.39;564.67;510.34
3827;Campo Verde;MT;Estadual;63;524.28;495.65;474.33;491.95;565.4;510.32
3828;Porto;PI;Estadual;15;483.85;489.36;502.63;515.67;560.0;510.3
3829;Tupi Paulista;SP;Estadual;7;519.06;472.86;483.97;512.69;562.86;510.29
3830;Santa Isabel;GO;Estadual;11;516.64;487.35;470.3;509.73;567.27;510.26
3831;Crateús;CE;Estadual;474;498.05;479.85;463.34;492.39;617.59;510.25
3832;Rio Bonito do Iguaçu;PR;Estadual;17;526.74;510.79;487.49;528.5;497.65;510.23
3833;Santa Maria de Jetibá;ES;Estadual;39;521.62;510.62;483.39;534.95;500.51;510.22
3834;Alto Araguaia;MT;Estadual;13;503.66;490.52;478.2;486.37;592.31;510.21
3835;Cambará;PR;Estadual;36;519.87;506.02;468.01;504.88;552.22;510.2
3836;Alecrim;RS;Estadual;13;500.79;480.54;472.95;472.12;624.62;510.2
3837;Ibirataia;BA;Estadual;17;508.16;463.04;454.75;486.12;638.82;510.18
3838;Surubim;PE;Estadual;144;506.17;480.34;463.03;502.02;599.31;510.17
3839;Barão do Triunfo;RS;Estadual;3;526.97;485.07;479.13;486.37;573.33;510.17
3840;Paraú;RN;Estadual;9;516.71;476.51;458.2;437.16;662.22;510.16
3841;Vila Rica;MT;Estadual;20;510.5;506.2;474.93;498.96;560.0;510.12
3842;Faxinal;PR;Estadual;11;524.85;486.83;431.15;505.85;601.82;510.1
3843;Serrana;SP;Estadual;63;525.81;499.48;467.18;480.58;577.46;510.1
3844;Rio Branco do Sul;PR;Estadual;51;521.48;512.98;471.15;505.21;539.61;510.08
3845;Tangará;SC;Estadual;15;516.88;501.48;447.74;498.87;585.33;510.06
3846;Peritoró;MA;Privada;2;495.75;461.5;509.0;453.95;630.0;510.04
3847;Pingo d'Água;MG;Estadual;8;512.17;506.74;466.8;499.29;565.0;510.0
3848;Xapuri;AC;Federal;31;504.36;495.18;467.56;492.49;590.32;509.99
3849;Ananás;TO;Estadual;21;514.16;493.77;468.09;489.16;584.76;509.99
3850;São Cristóvão do Sul;SC;Estadual;9;518.16;533.73;450.98;484.79;562.22;509.98
3851;Muliterno;RS;Estadual;5;516.38;525.82;491.54;476.18;540.0;509.98
3852;Marcelino Ramos;RS;Estadual;3;501.47;541.3;514.43;532.63;460.0;509.97
3853;Cascavel;PR;Municipal;1;483.3;531.0;488.3;487.2;560.0;509.96
3854;Colombo;PR;Estadual;171;523.66;505.21;465.09;509.82;545.96;509.95
3855;Catalão;GO;Estadual;108;512.26;490.49;477.08;501.9;567.96;509.94
3856;Quissamã;RJ;Privada;14;505.08;513.19;470.24;498.28;562.86;509.93
3857;José Boiteux;SC;Estadual;3;511.87;480.87;468.27;468.63;620.0;509.93
3858;Itaqui;RS;Estadual;78;526.91;508.36;464.89;482.35;566.92;509.89
3859;Francisco Santos;PI;Estadual;22;491.6;491.31;466.25;498.42;601.82;509.88
3860;Iguatemi;MS;Estadual;9;530.23;484.59;462.16;523.43;548.89;509.86
3861;Itarantim;BA;Estadual;15;511.61;497.89;461.93;508.55;569.33;509.86
3862;Igreja Nova;AL;Estadual;15;499.13;464.91;478.25;505.55;601.33;509.83
3863;Campos dos Goytacazes;RJ;Estadual;455;518.79;497.16;465.15;491.07;576.92;509.82
3864;Santa Lúcia;SP;Estadual;2;506.6;540.5;415.65;536.35;550.0;509.82
3865;Palmas;TO;Estadual;731;513.93;491.51;470.79;498.42;574.42;509.81
3866;Janduís;RN;Estadual;7;499.11;494.37;469.86;482.69;602.86;509.78
3867;Macaé;RJ;Estadual;285;525.84;499.01;467.26;494.67;562.11;509.78
3868;Lagoa da Confusão;TO;Estadual;13;531.92;502.17;460.15;494.61;560.0;509.77
3869;Frutuoso Gomes;RN;Estadual;9;495.08;485.0;494.11;481.17;593.33;509.74
3870;Porto de Pedras;AL;Estadual;11;497.89;501.51;459.79;478.42;610.91;509.7
3871;Inocência;MS;Estadual;3;514.37;527.57;433.03;480.17;593.33;509.69
3872;São Francisco de Sales;MG;Estadual;7;530.33;531.66;467.84;452.79;565.71;509.67
3873;Alta Floresta;MT;Estadual;55;503.3;499.16;469.24;480.95;595.64;509.66
3874;Ribeirão do Pinhal;PR;Estadual;15;521.47;507.65;472.49;493.31;553.33;509.65
3875;São José da Tapera;AL;Privada;13;504.93;505.84;474.42;489.15;573.85;509.64
3876;Minaçu;GO;Estadual;50;512.53;509.58;470.94;478.59;576.4;509.61
3877;Nova Ubiratã;MT;Estadual;8;492.06;459.9;464.3;466.8;665.0;509.61
3878;Jequié;BA;Estadual;357;513.43;489.55;471.38;480.93;592.66;509.59
3879;Sabinópolis;MG;Estadual;7;526.91;515.27;466.71;450.43;588.57;509.58
3880;Schroeder;SC;Estadual;19;516.42;504.07;478.44;524.77;524.21;509.58
3881;Campanha;MG;Estadual;13;525.69;496.55;455.4;505.59;564.62;509.57
3882;Cajazeiras;PB;Estadual;171;507.93;487.39;471.87;487.79;592.75;509.55
3883;São João do Oriente;MG;Estadual;17;523.55;489.81;441.95;490.98;601.18;509.49
3884;Guabiruba;SC;Estadual;8;526.44;538.54;446.56;478.41;557.5;509.49
3885;Tabuleiro do Norte;CE;Estadual;137;499.68;485.78;465.25;498.08;598.54;509.47
3886;Dom Pedro de Alcântara;RS;Estadual;4;503.95;471.52;447.9;533.9;590.0;509.46
3887;Venha-Ver;RN;Estadual;9;509.99;497.49;453.06;533.37;553.33;509.45
3888;Patu;RN;Estadual;34;503.19;469.59;475.29;482.65;616.47;509.44
3889;Santa Maria do Oeste;PR;Estadual;10;502.17;509.34;474.57;493.06;568.0;509.43
3890;Planalto;BA;Estadual;22;493.68;481.08;487.7;494.52;590.0;509.4
3891;Guarapuava;PR;Estadual;275;522.68;507.03;478.85;505.32;532.87;509.35
3892;Nioaque;MS;Estadual;20;509.44;505.87;483.64;526.74;521.0;509.34
3893;Triunfo;RS;Municipal;41;527.94;487.01;464.64;490.94;576.1;509.33
3894;Mucambo;CE;Estadual;24;507.89;498.73;480.92;504.9;554.17;509.32
3895;Banzaê;BA;Estadual;16;515.77;498.63;444.68;505.92;581.25;509.25
3896;Miracatu;SP;Estadual;13;533.49;504.36;473.19;499.74;535.38;509.23
3897;Pombal;PB;Estadual;92;505.73;484.34;469.7;491.2;595.0;509.2
3898;Iguaraçu;PR;Estadual;4;545.15;466.95;485.3;498.58;550.0;509.2
3899;Campo Novo de Rondônia;RO;Estadual;11;503.29;498.79;464.48;497.42;581.82;509.16
3900;Sinop;MT;Estadual;284;523.01;497.42;470.77;494.42;560.14;509.15
3901;São Francisco do Piauí;PI;Estadual;18;489.54;466.42;457.66;489.86;642.22;509.14
3902;Lajedo;PE;Estadual;132;505.25;488.62;473.32;503.22;575.0;509.08
3903;Jacuizinho;RS;Estadual;2;520.8;475.1;439.6;419.75;690.0;509.05
3904;Planalto da Serra;MT;Estadual;3;518.73;513.8;461.7;471.0;580.0;509.05
3905;Montividiu;GO;Estadual;17;518.21;479.34;476.05;506.75;564.71;509.01
3906;Conchas;SP;Estadual;8;522.48;501.49;465.19;495.84;560.0;509.0
3907;Comodoro;MT;Estadual;28;510.39;501.04;491.82;488.69;552.86;508.96
3908;Moema;MG;Estadual;8;493.46;456.01;453.2;482.08;660.0;508.95
3909;Pentecoste;CE;Estadual;260;507.15;485.54;467.05;495.75;589.08;508.91
3910;São Sebastião;SP;Estadual;132;531.2;506.11;472.86;509.96;524.39;508.9
3911;Jussara;GO;Estadual;107;517.28;489.07;469.24;500.31;568.41;508.86
3912;Governador Edison Lobão;MA;Municipal;1;533.0;538.7;397.0;495.5;580.0;508.84
3913;Camboriú;SC;Estadual;60;520.36;509.17;473.03;507.54;534.0;508.82
3914;Bernardino de Campos;SP;Estadual;6;518.73;470.47;472.98;491.85;590.0;508.81
3915;Umuarama;PR;Estadual;117;524.75;500.25;478.21;510.74;530.09;508.81
3916;Abreu e Lima;PE;Privada;42;509.92;476.35;487.15;493.47;577.14;508.81
3917;Três Pontas;MG;Estadual;66;520.63;483.9;465.41;498.31;575.76;508.8
3918;Colatina;ES;Estadual;305;508.89;498.22;479.28;504.84;552.72;508.79
3919;Ibatiba;ES;Estadual;21;505.19;501.06;477.29;515.5;544.76;508.76
3920;Acaraú;CE;Estadual;343;496.61;482.04;460.97;500.4;603.73;508.75
3921;Milagres;CE;Estadual;162;497.76;488.01;469.86;487.15;600.99;508.75
3922;Santanópolis;BA;Estadual;12;493.93;515.23;474.41;488.42;571.67;508.73
3923;Cunha;SP;Estadual;10;542.39;522.23;487.15;499.83;492.0;508.72
3924;Santo Antônio de Posse;SP;Estadual;17;526.65;491.37;476.9;505.08;543.53;508.71
3925;Natal;RN;Estadual;1068;520.42;495.72;474.23;492.74;560.43;508.71
3926;Maricá;RJ;Estadual;184;521.57;500.9;466.71;502.16;552.17;508.7
3927;Canguçu;RS;Privada;4;525.15;533.5;481.92;467.92;535.0;508.7
3928;Alvorada;RS;Estadual;197;525.01;497.41;460.9;488.79;571.27;508.68
3929;Vinhedo;SP;Estadual;77;524.33;493.48;484.42;525.82;515.32;508.67
3930;Caridade;CE;Estadual;176;498.65;486.83;459.72;500.08;597.95;508.65
3931;Salinas;MG;Estadual;63;506.49;492.69;478.43;499.74;565.71;508.61
3932;Ponte Alta;SC;Estadual;8;522.4;535.92;459.91;509.78;515.0;508.6
3933;São José do Povo;MT;Estadual;5;536.84;503.8;464.78;521.56;516.0;508.6
3934;Bom Jesus;RN;Estadual;4;479.28;471.3;462.3;495.02;635.0;508.58
3935;Touros;RN;Estadual;36;483.19;478.94;458.35;475.72;646.67;508.57
3936;Tangará da Serra;MT;Estadual;233;512.56;492.82;476.14;502.88;558.28;508.54
3937;Magé;RJ;Estadual;243;518.29;495.72;470.47;490.95;567.24;508.53
3938;Lagoa de São Francisco;PI;Estadual;8;504.59;491.29;455.26;506.46;585.0;508.52
3939;Nova Andradina;MS;Estadual;73;527.14;509.38;484.64;512.39;509.04;508.52
3940;Cumaru;PE;Estadual;26;487.42;489.71;456.07;501.72;607.69;508.52
3941;Costa Rica;MS;Estadual;29;515.19;493.02;493.42;531.23;509.66;508.5
3942;Apodi;RN;Estadual;84;505.44;492.4;462.93;495.56;586.19;508.5
3943;Esmeraldas;MG;Estadual;50;517.7;498.42;480.39;499.6;546.4;508.5
3944;Iati;PE;Estadual;27;483.85;480.48;462.59;485.93;629.63;508.5
3945;Antônio Dias;MG;Estadual;7;511.11;504.6;465.26;467.24;594.29;508.5
3946;São Jorge do Ivaí;PR;Estadual;7;511.2;464.23;478.69;559.74;528.57;508.49
3947;Juscimeira;MT;Estadual;16;515.91;489.66;474.13;477.76;585.0;508.49
3948;Nova Europa;SP;Estadual;8;526.75;503.48;471.61;510.51;530.0;508.47
3949;Igarassu;PE;Estadual;141;512.55;495.07;479.14;501.5;554.04;508.46
3950;Lagamar;MG;Estadual;7;522.0;526.3;453.46;509.09;531.43;508.45
3951;Tumiritinga;MG;Estadual;8;536.74;486.61;469.38;482.01;567.5;508.45
3952;Itanhém;BA;Estadual;20;509.91;500.02;459.78;474.47;598.0;508.44
3953;Guararapes;SP;Estadual;30;533.56;510.39;476.34;504.41;517.33;508.41
3954;Picuí;PB;Estadual;39;508.17;500.12;470.05;490.25;573.33;508.39
3955;Campo Erê;SC;Estadual;35;498.08;514.26;493.0;546.32;490.29;508.39
3956;São Bento do Una;PE;Estadual;85;511.63;495.26;477.32;500.01;557.65;508.37
3957;Iacanga;SP;Estadual;7;529.81;482.47;500.93;539.9;488.57;508.34
3958;Riqueza;SC;Estadual;8;504.35;518.48;525.35;550.86;442.5;508.31
3959;Iguaí;BA;Estadual;16;498.06;489.86;470.89;468.92;613.75;508.3
3960;Araioses;MA;Federal;17;489.28;481.61;479.35;464.23;627.06;508.3
3961;Porto Murtinho;MS;Estadual;4;512.75;517.38;489.72;476.62;545.0;508.3
3962;Espera Feliz;MG;Estadual;23;517.4;474.71;481.74;492.7;574.78;508.27
3963;Juru;PB;Estadual;16;480.6;464.58;491.78;518.11;586.25;508.26
3964;Conceição das Pedras;MG;Estadual;2;463.8;540.45;487.5;549.5;500.0;508.25
3965;Santo Antônio da Barra;GO;Estadual;8;484.6;490.64;457.9;505.18;602.5;508.16
3966;Rio Piracicaba;MG;Estadual;12;504.69;491.43;488.71;524.2;531.67;508.14
3967;Tuneiras do Oeste;PR;Estadual;3;499.63;483.37;488.23;569.47;500.0;508.14
3968;Ninheira;MG;Estadual;6;523.58;520.27;492.68;557.43;446.67;508.13
3969;Cachoeira do Arari;PA;Municipal;1;472.8;527.3;378.0;422.3;740.0;508.08
3970;Fortaleza de Minas;MG;Estadual;10;522.53;511.73;477.79;502.28;526.0;508.07
3971;Eirunepé;AM;Federal;43;503.75;497.17;465.64;472.64;600.93;508.03
3972;Sobradinho;BA;Estadual;27;517.94;495.24;466.01;487.58;573.33;508.02
3973;Uirapuru;GO;Privada;1;560.3;530.2;405.0;464.3;580.0;507.96
3974;Campina Grande;PB;Estadual;937;510.59;489.47;465.02;483.36;591.29;507.95
3975;Senador Modestino Gonçalves;MG;Estadual;10;503.08;505.92;504.46;474.29;552.0;507.95
3976;Candiba;BA;Estadual;35;479.58;466.62;462.63;470.93;660.0;507.95
3977;Jóia;RS;Estadual;7;530.24;495.57;456.5;531.7;525.71;507.95
3978;Marapoama;SP;Estadual;1;535.2;511.2;479.9;393.4;620.0;507.94
3979;Monte Azul Paulista;SP;Estadual;10;532.06;518.09;469.74;525.81;494.0;507.94
3980;Diamante do Sul;PR;Estadual;4;499.33;506.98;510.98;497.35;525.0;507.93
3981;Campos do Jordão;SP;Estadual;24;540.87;510.6;464.28;506.4;517.5;507.93
3982;Arroio Trinta;SC;Estadual;21;516.81;510.67;454.89;480.97;576.19;507.91
3983;Granjeiro;CE;Estadual;36;487.97;472.01;450.23;463.71;665.56;507.9
3984;Chã Grande;PE;Estadual;8;513.8;505.21;463.9;506.02;550.0;507.79
3985;Unaí;MG;Estadual;149;521.32;490.04;479.06;503.55;544.83;507.76
3986;Veredinha;MG;Privada;7;503.61;505.03;510.67;527.9;491.43;507.73
3987;Nova Londrina;PR;Estadual;25;531.93;524.51;471.33;490.1;520.8;507.73
3988;Cataguases;MG;Estadual;35;521.65;489.85;468.99;486.68;571.43;507.72
3989;Hulha Negra;RS;Estadual;3;511.07;481.77;459.5;519.43;566.67;507.69
3990;Palma Sola;SC;Estadual;7;504.83;492.33;500.44;497.94;542.86;507.68
3991;Altinópolis;SP;Estadual;11;516.76;497.48;468.03;492.43;563.64;507.67
3992;Cezarina;GO;Estadual;8;495.09;495.54;474.88;485.22;587.5;507.65
3993;Barreiros;PE;Federal;47;501.23;474.17;483.37;482.05;597.45;507.65
3994;Monte Belo;MG;Estadual;7;511.87;498.21;467.19;492.29;568.57;507.63
3995;Dom Pedrito;RS;Estadual;29;515.06;505.48;464.48;465.96;586.9;507.58
3996;União do Oeste;SC;Estadual;4;537.85;498.45;495.42;446.15;560.0;507.58
3997;Balneário Arroio do Silva;SC;Estadual;9;535.59;514.3;481.37;466.58;540.0;507.57
3998;Axixá;MA;Municipal;1;508.3;552.8;397.8;558.9;520.0;507.56
3999;Prata;MG;Estadual;23;503.84;494.93;483.81;502.15;553.04;507.56
4000;Major Gercino;SC;Estadual;3;515.47;496.4;481.37;524.43;520.0;507.53
4001;Eldorado do Sul;RS;Privada;4;526.48;489.85;459.5;561.78;500.0;507.52
4002;Santana da Vargem;MG;Estadual;10;522.44;502.92;466.39;487.84;558.0;507.52
4003;Campestre;MG;Estadual;23;525.1;505.59;461.94;502.14;542.61;507.48
4004;Presidente Dutra;MA;Estadual;128;505.81;484.49;471.11;474.12;601.88;507.48
4005;São Francisco do Glória;MG;Estadual;6;488.23;468.72;458.67;484.85;636.67;507.43
4006;Cristianópolis;GO;Estadual;1;539.3;494.5;465.2;558.1;480.0;507.42
4007;Passa e Fica;RN;Privada;6;461.6;454.82;478.27;535.63;606.67;507.4
4008;Macieira;SC;Estadual;3;501.57;508.03;482.53;524.83;520.0;507.39
4009;Dois Lajeados;RS;Estadual;3;494.4;466.9;492.9;635.87;446.67;507.35
4010;Bocaina;PI;Estadual;10;491.32;485.57;469.18;478.67;612.0;507.35
4011;Candelária;RS;Estadual;24;507.3;514.97;479.96;497.79;536.67;507.34
4012;Monte Sião;MG;Estadual;25;516.97;491.88;490.65;491.49;545.6;507.32
4013;Camaquã;RS;Estadual;91;521.15;496.13;461.02;494.44;563.74;507.29
4014;Congo;PB;Estadual;9;512.16;482.39;446.16;502.29;593.33;507.26
4015;Clementina;SP;Estadual;3;496.0;521.83;459.73;538.67;520.0;507.25
4016;Porto Belo;SC;Estadual;22;521.91;505.06;465.98;506.9;536.36;507.24
4017;Ribeirão dos Índios;SP;Estadual;5;489.62;491.54;480.6;506.38;568.0;507.23
4018;Ilha de Itamaracá;PE;Estadual;28;509.63;494.71;487.56;496.85;547.14;507.18
4019;Cotegipe;BA;Estadual;14;494.18;469.74;452.94;487.45;631.43;507.15
4020;Santana do Mundaú;AL;Estadual;35;508.19;464.39;462.82;494.59;605.71;507.14
4021;Maracás;BA;Estadual;54;516.87;488.34;473.26;483.67;573.33;507.1
4022;Itaporã;MS;Estadual;49;521.2;486.79;478.31;493.19;555.92;507.08
4023;Rio Casca;MG;Estadual;23;506.24;499.58;468.02;490.85;570.43;507.03
4024;Sertãozinho;PB;Estadual;10;497.62;489.31;462.22;481.99;604.0;507.03
4025;Uruguaiana;RS;Estadual;214;520.06;494.93;463.08;483.99;573.08;507.03
4026;Itajaí;SC;Estadual;231;523.73;497.53;469.28;502.3;542.25;507.02
4027;Santana do Araguaia;PA;Municipal;7;513.99;475.47;478.79;463.89;602.86;507.0
4028;São Sebastião do Alto;RJ;Estadual;2;532.65;531.45;460.9;449.9;560.0;506.98
4029;Fazenda Rio Grande;PR;Estadual;141;524.53;502.08;472.89;507.9;527.52;506.98
4030;Santo Antônio do Jardim;SP;Estadual;6;527.33;489.35;471.37;486.72;560.0;506.95
4031;Terra Nova;PE;Estadual;26;497.77;474.15;464.98;497.75;600.0;506.93
4032;Capixaba;AC;Estadual;17;509.26;481.92;468.43;467.85;607.06;506.9
4033;Ibiporã;PR;Estadual;87;522.66;502.94;471.4;516.97;520.46;506.89
4034;Serrania;MG;Estadual;7;515.13;517.81;462.67;521.59;517.14;506.87
4035;Carambeí;PR;Estadual;35;528.47;506.53;480.26;506.32;512.57;506.83
4036;Ibirama;SC;Estadual;14;501.34;529.26;478.57;492.08;532.86;506.82
4037;Herval;RS;Estadual;5;485.04;515.76;455.0;506.28;572.0;506.82
4038;Soledade;PB;Estadual;44;502.58;465.68;459.69;482.9;623.18;506.81
4039;Planalto;SP;Estadual;2;530.4;463.35;473.85;506.4;560.0;506.8
4040;Nova Iguaçu;RJ;Estadual;949;520.56;495.27;468.5;489.53;560.04;506.78
4041;Cruzeta;RN;Estadual;15;495.83;496.83;467.96;491.77;581.33;506.75
4042;Laje do Muriaé;RJ;Estadual;5;528.6;484.5;481.92;526.72;512.0;506.75
4043;Feira de Santana;BA;Estadual;956;515.42;491.12;469.87;492.38;564.92;506.74
4044;Lidianópolis;PR;Estadual;3;499.03;522.0;507.73;524.87;480.0;506.73
4045;Salgado;SE;Estadual;37;490.99;473.38;459.47;484.31;625.41;506.71
4046;Serraria;PB;Estadual;9;510.34;488.03;473.04;502.01;560.0;506.69
4047;Lapa;PR;Estadual;63;512.9;499.97;484.23;516.6;519.68;506.68
4048;Rio Novo do Sul;ES;Estadual;31;499.52;491.22;485.52;497.1;560.0;506.67
4049;Tabaí;RS;Estadual;7;544.47;487.01;475.97;474.43;551.43;506.66
4050;Sarzedo;MG;Estadual;20;531.79;511.36;462.56;506.56;521.0;506.65
4051;Itapiranga;SC;Estadual;20;523.42;508.63;479.64;520.38;501.0;506.61
4052;Rurópolis;PA;Estadual;21;495.85;498.33;474.4;497.73;566.67;506.59
4053;Campo Maior;PI;Federal;37;501.11;499.07;464.86;479.09;588.65;506.56
4054;Petrolina;PE;Estadual;854;507.08;482.91;470.74;504.32;567.7;506.55
4055;Ibertioga;MG;Estadual;2;526.5;497.2;457.75;461.3;590.0;506.55
4056;Itanhomi;MG;Estadual;17;507.12;493.04;471.72;503.2;557.65;506.55
4057;Apiúna;SC;Estadual;4;518.5;494.7;453.62;515.85;550.0;506.54
4058;Sandovalina;SP;Estadual;12;530.99;477.88;479.2;482.96;561.67;506.54
4059;Glória do Goitá;PE;Estadual;58;492.78;478.81;464.22;495.52;601.38;506.54
4060;Óbidos;PA;Federal;22;513.07;504.47;478.78;475.34;560.91;506.51
4061;Itabuna;BA;Estadual;297;515.87;498.33;468.8;487.21;562.36;506.51
4062;São Gonçalo;RJ;Estadual;847;518.51;494.57;467.29;485.68;566.47;506.5
4063;Luís Eduardo Magalhães;BA;Estadual;112;512.02;497.33;473.89;504.45;544.82;506.5
4064;Guarantã do Norte;MT;Estadual;29;504.21;511.45;472.65;496.55;547.59;506.49
4065;Itaguari;GO;Estadual;9;496.19;481.49;478.03;525.38;551.11;506.44
4066;Araçoiaba da Serra;SP;Estadual;22;537.77;498.18;494.8;499.6;501.82;506.43
4067;Telêmaco Borba;PR;Estadual;31;533.23;507.44;473.93;496.87;520.65;506.42
4068;Palmas de Monte Alto;BA;Estadual;15;505.89;486.53;484.72;488.3;566.67;506.42
4069;Gastão Vidigal;SP;Estadual;13;526.92;496.56;463.85;543.13;501.54;506.4
4070;Trombudo Central;SC;Estadual;5;496.22;536.28;440.1;471.34;588.0;506.39
4071;Morungaba;SP;Estadual;3;479.27;484.87;474.0;500.47;593.33;506.39
4072;Rio Negro;PR;Estadual;28;523.19;512.1;466.79;534.08;495.71;506.38
4073;Arari;MA;Estadual;52;505.1;500.84;457.33;482.99;585.38;506.33
4074;Água Boa;MT;Municipal;2;520.2;532.8;522.0;526.55;430.0;506.31
4075;Camocim;CE;Estadual;374;507.44;494.5;472.92;503.65;553.05;506.31
4076;Bambuí;MG;Estadual;17;524.06;505.82;485.33;493.92;522.35;506.3
4077;Santo Antônio do Jacinto;MG;Estadual;2;479.4;495.35;441.1;495.6;620.0;506.29
4078;Coração de Jesus;MG;Estadual;27;499.64;502.54;472.94;480.78;575.56;506.29
4079;Carapicuíba;SP;Estadual;348;527.91;499.61;463.15;500.76;539.94;506.28
4080;Brasiléia;AC;Estadual;26;515.5;487.44;470.01;500.52;557.69;506.23
4081;Iguatu;CE;Estadual;431;500.69;483.21;458.28;488.32;600.6;506.22
4082;Lajedo do Tabocal;BA;Estadual;5;490.32;513.44;443.84;511.42;572.0;506.2
4083;Araruama;RJ;Estadual;141;517.58;493.62;473.09;488.63;558.01;506.19
4084;São Felipe D'Oeste;RO;Estadual;12;462.93;489.42;476.61;510.24;591.67;506.17
4085;Buíque;PE;Estadual;55;510.5;495.05;473.59;502.17;549.45;506.15
4086;Paranatinga;MT;Estadual;36;512.86;498.24;481.88;502.14;535.56;506.14
4087;Boa Hora;PI;Estadual;24;476.91;477.91;448.15;454.39;673.33;506.14
4088;Divino das Laranjeiras;MG;Estadual;5;525.74;549.34;502.66;500.96;452.0;506.14
4089;Rio Novo;MG;Estadual;4;470.68;488.72;518.78;532.48;520.0;506.13
4090;Fátima do Sul;MS;Estadual;56;511.7;492.96;475.91;506.88;542.86;506.06
4091;Viamão;RS;Estadual;232;527.38;501.22;466.64;492.27;542.67;506.04
4092;Piracaia;SP;Estadual;14;521.54;499.14;470.73;495.67;542.86;505.99
4093;Caiçara;RS;Estadual;13;476.53;476.37;465.62;508.29;603.08;505.98
4094;Águas Lindas de Goiás;GO;Municipal;1;517.8;554.8;504.3;433.0;520.0;505.98
4095;Cocalzinho de Goiás;GO;Estadual;23;517.25;491.29;472.51;473.05;575.65;505.95
4096;Fátima;BA;Estadual;25;494.3;482.76;482.34;507.93;562.4;505.94
4097;São Tomé;PR;Estadual;7;521.37;504.31;458.64;448.17;597.14;505.93
4098;Wenceslau Guimarães;BA;Estadual;12;520.93;493.09;454.1;491.53;570.0;505.93
4099;Brasnorte;MT;Estadual;20;519.72;495.36;485.69;481.79;547.0;505.91
4100;Mauá da Serra;PR;Estadual;6;505.25;510.6;471.18;542.4;500.0;505.89
4101;Ponto Chique;MG;Estadual;2;511.7;525.7;397.35;514.65;580.0;505.88
4102;Biguaçu;SC;Municipal;1;523.6;495.8;528.5;441.5;540.0;505.88
4103;Xanxerê;SC;Estadual;60;509.15;509.83;474.72;471.86;563.67;505.85
4104;Vargem Bonita;SC;Estadual;8;480.8;506.79;456.4;497.56;587.5;505.81
4105;Nova América da Colina;PR;Estadual;1;506.1;417.8;448.4;536.7;620.0;505.8
4106;Padre Marcos;PI;Estadual;4;472.95;472.3;433.85;454.8;695.0;505.78
4107;Roque Gonzales;RS;Estadual;4;511.8;523.88;480.72;497.45;515.0;505.77
4108;Dom Eliseu;PA;Privada;14;502.21;471.32;476.71;508.56;570.0;505.76
4109;Araguaína;TO;Estadual;343;505.11;487.0;472.61;492.02;572.07;505.76
4110;Nova Itaberaba;SC;Estadual;3;515.77;517.57;469.1;506.37;520.0;505.76
4111;São Lourenço da Mata;PE;Estadual;211;512.02;484.34;470.28;497.14;564.93;505.74
4112;Chuvisca;RS;Estadual;7;507.7;524.87;487.0;486.19;522.86;505.72
4113;Abelardo Luz;SC;Estadual;21;504.49;499.31;486.33;489.8;548.57;505.7
4114;Valparaíso;SP;Estadual;16;522.03;502.56;463.59;527.75;512.5;505.69
4115;Senador Canedo;GO;Estadual;182;511.8;487.41;471.52;499.07;558.57;505.67
4116;São João da Boa Vista;SP;Estadual;50;531.76;500.08;480.06;511.18;505.2;505.66
4117;São João do Triunfo;PR;Estadual;9;493.3;512.09;471.86;482.08;568.89;505.64
4118;São Miguel do Anta;MG;Estadual;17;501.93;476.65;474.62;533.77;541.18;505.63
4119;Nazareno;MG;Estadual;15;496.81;489.23;459.65;463.78;618.67;505.63
4120;Alto Jequitibá;MG;Estadual;7;533.51;525.17;475.13;557.21;437.14;505.63
4121;São Luís de Montes Belos;GO;Estadual;30;509.68;491.79;461.17;502.77;562.67;505.61
4122;Grandes Rios;PR;Estadual;4;540.38;511.52;466.98;524.1;485.0;505.6
4123;Capela do Alto Alegre;BA;Estadual;19;513.87;511.42;456.44;474.61;571.58;505.58
4124;Alagoa Nova;PB;Estadual;41;488.94;497.91;469.43;481.79;589.76;505.56
4125;Irajuba;BA;Estadual;5;508.48;538.22;485.38;499.66;496.0;505.55
4126;Esteio;RS;Estadual;104;525.0;498.85;469.93;504.65;529.23;505.53
4127;Morretes;PR;Estadual;12;518.54;507.29;499.01;464.48;538.33;505.53
4128;Itarana;ES;Estadual;23;508.91;488.1;478.29;501.8;550.43;505.51
4129;Lagoa Real;BA;Estadual;20;505.71;481.4;479.0;503.38;558.0;505.5
4130;Borborema;SP;Estadual;5;507.46;494.88;441.38;519.72;564.0;505.49
4131;Ipeúna;SP;Estadual;20;514.44;511.76;474.38;523.74;503.0;505.46
4132;Aparecida de Goiânia;GO;Estadual;871;512.18;489.71;467.44;490.18;567.78;505.46
4133;Inimutaba;MG;Estadual;2;523.65;520.1;534.5;488.9;460.0;505.43
4134;Rio Vermelho;MG;Estadual;5;473.98;482.94;460.58;505.38;604.0;505.38
4135;Tapes;RS;Estadual;6;524.33;500.73;476.17;498.93;526.67;505.37
4136;Paranavaí;PR;Estadual;73;511.6;494.62;487.22;485.13;547.95;505.3
4137;Guapirama;PR;Estadual;4;519.7;523.1;454.95;548.7;480.0;505.29
4138;Americano do Brasil;GO;Estadual;4;539.6;487.75;462.28;496.72;540.0;505.27
4139;Marialva;PR;Estadual;36;521.05;492.21;472.59;507.14;533.33;505.26
4140;São João dos Patos;MA;Federal;79;505.44;477.88;459.5;484.06;599.24;505.23
4141;Ituaçu;BA;Estadual;14;515.17;500.5;483.69;482.36;544.29;505.2
4142;Santo Antônio de Jesus;BA;Estadual;224;515.45;492.08;469.3;491.81;557.32;505.19
4143;Irineópolis;SC;Estadual;7;507.47;497.01;458.36;503.13;560.0;505.19
4144;Balneário Barra do Sul;SC;Estadual;10;515.43;517.47;489.72;541.34;462.0;505.19
4145;Novo Cabrais;RS;Estadual;8;502.51;510.18;460.88;467.35;585.0;505.18
4146;Iguatu;PR;Estadual;4;494.88;483.48;415.38;522.15;610.0;505.18
4147;São Francisco;MG;Privada;6;541.65;511.7;461.63;487.52;523.33;505.17
4148;Itaitinga;CE;Estadual;191;509.18;488.65;472.07;492.05;563.87;505.16
4149;Sossêgo;PB;Estadual;13;506.3;490.48;461.08;478.65;589.23;505.15
4150;Deodápolis;MS;Estadual;23;498.48;498.07;485.54;497.47;546.09;505.13
4151;Júlio de Castilhos;RS;Estadual;27;519.09;495.51;458.82;514.18;537.78;505.07
4152;Aurora;CE;Estadual;177;489.9;482.7;460.27;484.46;608.02;505.07
4153;Umarizal;RN;Estadual;41;497.44;483.75;471.5;499.24;573.17;505.02
4154;Taquarivaí;SP;Estadual;11;524.22;493.46;464.44;499.34;543.64;505.02
4155;Massaranduba;PB;Estadual;10;505.85;519.84;471.04;466.31;562.0;505.01
4156;Serrinha;RN;Estadual;8;510.66;489.88;464.2;495.1;565.0;504.97
4157;Angélica;MS;Estadual;5;525.28;507.9;496.04;479.6;516.0;504.96
4158;João Pessoa;PB;Estadual;1460;510.82;488.32;464.93;482.93;577.81;504.96
4159;Jandaia do Sul;PR;Estadual;24;515.02;488.1;461.93;495.52;564.17;504.95
4160;Sabará;MG;Estadual;88;524.85;505.19;470.28;482.53;541.82;504.94
4161;Capivari do Sul;RS;Estadual;11;527.53;516.75;482.55;483.27;514.55;504.93
4162;Porto Alegre;RS;Municipal;5;494.26;511.88;466.3;532.16;520.0;504.92
4163;Janaúba;MG;Estadual;121;507.96;481.59;469.51;492.62;572.73;504.88
4164;Itatinga;SP;Estadual;12;518.34;514.19;455.15;498.32;538.33;504.87
4165;Angra dos Reis;RJ;Estadual;197;521.55;497.69;477.25;486.36;541.52;504.87
4166;Almirante Tamandaré;PR;Estadual;45;516.61;492.53;469.66;496.06;549.33;504.84
4167;Santa Lúcia;PR;Estadual;1;501.6;491.3;467.4;543.8;520.0;504.82
4168;Jacaraú;PB;Estadual;51;503.87;482.53;465.09;489.0;583.53;504.8
4169;Nova Bassano;RS;Estadual;27;514.86;502.51;452.33;511.23;542.96;504.78
4170;Terra Rica;PR;Estadual;18;529.56;494.84;498.91;509.46;491.11;504.78
4171;Nova Santa Rita;RS;Estadual;20;510.62;498.65;466.68;496.73;551.0;504.74
4172;Ferreiros;PE;Estadual;18;500.37;491.81;465.24;488.39;577.78;504.72
4173;Catu;BA;Privada;11;521.91;493.15;484.76;485.48;538.18;504.7
4174;Taperoá;PB;Estadual;39;506.65;501.38;464.77;485.02;565.64;504.69
4175;Patrocínio Paulista;SP;Estadual;15;538.47;498.99;494.51;512.75;478.67;504.68
4176;Coari;AM;Federal;64;497.34;486.8;466.72;470.37;601.88;504.62
4177;Doutor Camargo;PR;Estadual;6;544.7;503.37;474.37;500.67;500.0;504.62
4178;Boa Viagem;CE;Federal;10;500.63;471.05;448.82;502.57;600.0;504.61
4179;Palmares do Sul;RS;Estadual;9;532.19;501.54;466.12;475.9;546.67;504.48
4180;Guanambi;BA;Estadual;268;509.35;490.22;480.53;492.98;549.25;504.47
4181;Iraí de Minas;MG;Estadual;5;507.86;514.84;512.88;538.66;448.0;504.45
4182;Varre-Sai;RJ;Estadual;12;505.81;476.54;481.67;506.48;551.67;504.43
4183;Guaraí;TO;Estadual;65;516.69;480.3;462.69;479.09;583.38;504.43
4184;Piúma;ES;Estadual;36;515.67;477.94;459.32;486.93;582.22;504.42
4185;Tapera;RS;Estadual;14;506.96;504.64;473.11;485.96;551.43;504.42
4186;Taquarussu;MS;Estadual;12;512.04;491.94;469.02;530.73;518.33;504.41
4187;Fronteiras;PI;Estadual;29;494.46;468.03;437.48;467.47;654.48;504.38
4188;Lagoa Alegre;PI;Estadual;24;483.38;473.02;442.53;459.52;663.33;504.36
4189;Bacabeira;MA;Estadual;75;512.65;491.57;459.95;472.81;584.8;504.35
4190;São Sebastião do Maranhão;MG;Estadual;8;494.0;496.39;454.9;516.29;560.0;504.32
4191;Teotônio Vilela;AL;Estadual;65;483.18;458.66;464.47;446.86;668.31;504.3
4192;Itapecerica da Serra;SP;Estadual;230;527.74;500.65;466.69;501.11;525.3;504.3
4193;Ubajara;CE;Estadual;271;496.88;483.53;470.62;495.34;575.13;504.3
4194;Serra;ES;Estadual;712;516.08;495.15;470.92;494.28;545.03;504.29
4195;Presidente Bernardes;SP;Estadual;14;524.69;485.02;468.63;473.04;570.0;504.27
4196;Altamira;PA;Estadual;286;504.27;483.6;465.8;482.12;585.52;504.26
4197;Alcinópolis;MS;Estadual;4;530.38;526.2;464.62;500.12;500.0;504.26
4198;Tavares;PB;Estadual;25;492.08;486.96;463.0;493.52;585.6;504.23
4199;Tanabi;SP;Estadual;16;534.31;502.44;470.22;525.39;488.75;504.22
4200;Pedro Osório;RS;Estadual;9;510.52;497.46;442.63;470.37;600.0;504.2
4201;Palmares;PE;Estadual;157;503.22;481.43;470.7;488.02;577.58;504.19
4202;Itaíba;PE;Estadual;34;516.42;477.02;462.75;464.69;600.0;504.18
4203;São Borja;RS;Estadual;84;527.96;496.28;464.68;476.67;555.24;504.16
4204;Florianópolis;SC;Municipal;6;520.4;495.45;456.03;552.23;496.67;504.16
4205;Jataí;GO;Estadual;325;512.81;491.21;469.85;493.88;552.98;504.15
4206;Içara;SC;Estadual;64;516.18;500.59;472.88;491.56;539.38;504.12
4207;Paraipaba;CE;Estadual;160;489.37;476.45;455.68;491.98;607.12;504.12
4208;Parauapebas;PA;Estadual;341;510.5;487.18;468.13;486.4;568.04;504.05
4209;Carrapateira;PB;Estadual;8;442.1;493.6;443.02;436.46;705.0;504.04
4210;Corumbá de Goiás;GO;Estadual;16;507.84;472.78;467.75;490.56;581.25;504.03
4211;Itirapina;SP;Estadual;14;507.84;504.96;471.94;502.55;532.86;504.03
4212;Itapemirim;ES;Estadual;44;514.9;499.62;472.19;507.45;525.91;504.01
4213;Gracho Cardoso;SE;Estadual;10;501.54;482.94;465.8;481.59;588.0;503.97
4214;Umirim;CE;Federal;19;530.08;462.71;472.39;501.97;552.63;503.96
4215;Glória D'Oeste;MT;Estadual;6;471.27;463.45;439.92;495.08;650.0;503.94
4216;Camaçari;BA;Estadual;393;514.34;487.06;471.65;489.62;556.9;503.91
4217;Bom Progresso;RS;Estadual;10;499.91;519.14;483.65;528.77;488.0;503.89
4218;Bom Jesus do Itabapoana;RJ;Estadual;52;522.37;493.86;464.6;496.59;541.92;503.87
4219;Potirendaba;SP;Estadual;8;526.31;492.42;469.75;488.32;542.5;503.86
4220;Novo Repartimento;PA;Privada;5;490.62;515.46;506.58;502.52;504.0;503.84
4221;Piedade dos Gerais;MG;Estadual;2;531.3;460.75;452.45;594.7;480.0;503.84
4222;São Gabriel da Palha;ES;Estadual;60;505.95;489.86;470.41;498.44;554.33;503.8
4223;Presidente Getúlio;SC;Estadual;16;501.51;499.07;456.01;521.0;541.25;503.77
4224;Santana do Seridó;RN;Estadual;1;529.7;534.7;380.6;513.8;560.0;503.76
4225;Andradas;MG;Estadual;38;516.23;484.97;476.79;507.08;533.68;503.75
4226;Água Boa;MT;Estadual;22;511.01;490.81;484.52;505.15;527.27;503.75
4227;Tuntum;MA;Estadual;50;509.45;490.04;455.24;496.15;567.6;503.7
4228;Igaraçu do Tietê;SP;Estadual;13;511.02;460.85;488.01;517.02;541.54;503.69
4229;Novo Horizonte;BA;Estadual;12;495.81;463.5;455.24;485.46;618.33;503.67
4230;Morro da Fumaça;SC;Estadual;10;505.23;487.03;464.91;493.16;568.0;503.67
4231;Campo Limpo de Goiás;GO;Estadual;5;515.1;486.02;492.4;524.62;500.0;503.63
4232;Chapada dos Guimarães;MT;Privada;4;490.72;474.4;480.78;451.93;620.0;503.56
4233;Santa Isabel do Ivaí;PR;Estadual;8;514.39;488.51;472.78;494.51;547.5;503.54
4234;Boa Vista do Gurupi;MA;Estadual;10;494.54;486.32;451.6;461.22;624.0;503.54
4235;Itamaraju;BA;Estadual;83;505.14;485.72;470.73;486.21;569.88;503.54
4236;Palmitos;SC;Estadual;36;511.44;491.94;478.72;488.26;547.22;503.52
4237;Sapucaia do Sul;RS;Estadual;113;525.58;495.65;453.98;499.54;542.83;503.52
4238;Matinhos;PR;Estadual;60;522.14;502.17;474.6;503.6;515.0;503.5
4239;Araruna;PR;Estadual;18;503.41;500.24;432.17;496.06;585.56;503.49
4240;Nova Prata do Iguaçu;PR;Estadual;18;523.06;486.21;472.59;508.92;526.67;503.49
4241;Crato;CE;Estadual;539;501.58;489.24;466.25;484.07;576.07;503.44
4242;Alvorada do Sul;PR;Estadual;10;496.57;505.05;460.04;537.29;518.0;503.39
4243;Confins;MG;Estadual;4;481.45;470.68;486.7;498.08;580.0;503.38
4244;Jeceaba;MG;Estadual;3;523.27;524.83;489.27;572.7;406.67;503.35
4245;Ituiutaba;MG;Estadual;119;510.09;482.17;471.56;492.19;560.67;503.34
4246;Bela Vista de Goiás;GO;Estadual;30;515.23;484.27;471.59;505.53;540.0;503.32
4247;Cabo Frio;RJ;Estadual;135;522.09;497.22;464.91;487.55;544.59;503.27
4248;São Bonifácio;SC;Estadual;2;453.55;485.45;493.8;513.55;570.0;503.27
4249;Natalândia;MG;Privada;9;477.86;470.34;434.59;480.23;653.33;503.27
4250;Guabiju;RS;Estadual;2;511.35;474.35;442.95;547.65;540.0;503.26
4251;Mortugaba;BA;Estadual;9;499.61;502.01;476.83;459.89;577.78;503.22
4252;União do Sul;MT;Estadual;9;489.21;468.19;445.27;506.64;606.67;503.2
4253;São José do Norte;RS;Estadual;27;527.71;476.31;450.4;477.88;583.7;503.2
4254;Rondonópolis;MT;Estadual;417;513.28;491.95;469.82;487.65;553.24;503.19
4255;Ernestina;RS;Estadual;9;514.3;468.31;456.98;491.86;584.44;503.18
4256;Uruaçu;GO;Estadual;74;513.28;488.34;471.79;492.51;550.0;503.18
4257;Andirá;PR;Estadual;51;514.49;479.62;470.5;496.64;554.51;503.15
4258;Salete;SC;Estadual;5;506.76;547.08;481.72;556.1;424.0;503.13
4259;Areia Branca;RN;Privada;12;523.68;482.75;454.79;526.03;528.33;503.12
4260;Alagoinhas;BA;Municipal;2;506.4;485.65;528.7;534.8;460.0;503.11
4261;Arraial do Cabo;RJ;Estadual;21;503.56;490.19;479.52;499.41;542.86;503.11
4262;Vargem;SC;Estadual;5;504.86;494.88;463.1;504.64;548.0;503.1
4263;Dores de Campos;MG;Estadual;9;517.51;521.94;473.57;484.69;517.78;503.1
4264;Amaral Ferrador;RS;Estadual;11;511.11;468.2;436.86;528.36;570.91;503.09
4265;Goioerê;PR;Estadual;27;505.93;479.04;451.79;483.06;595.56;503.07
4266;Santa Cruz;RN;Estadual;60;509.14;498.31;467.13;465.66;575.0;503.05
4267;Barra do Bugres;MT;Estadual;54;509.44;483.22;463.49;487.2;571.85;503.04
4268;Lauro de Freitas;BA;Estadual;276;510.11;493.93;467.42;492.85;550.87;503.04
4269;Cafelândia;SP;Estadual;33;522.68;486.43;465.82;503.82;536.36;503.02
4270;Tiradentes;MG;Estadual;8;515.41;498.72;467.4;531.09;502.5;503.02
4271;São Miguel dos Campos;AL;Estadual;105;497.97;479.84;458.44;472.7;606.1;503.01
4272;Urupema;SC;Estadual;4;511.82;478.18;473.02;492.02;560.0;503.01
4273;Vilhena;RO;Estadual;143;506.85;493.57;475.74;498.82;540.0;502.99
4274;Itatuba;PB;Estadual;17;497.88;490.11;458.54;491.82;576.47;502.96
4275;Nísia Floresta;RN;Estadual;5;512.22;502.0;452.9;519.7;528.0;502.96
4276;Guapiara;SP;Estadual;23;528.19;493.07;463.24;480.48;549.57;502.91
4277;Marcelândia;MT;Privada;2;453.6;498.5;473.45;518.75;570.0;502.86
4278;Nilópolis;RJ;Estadual;256;515.49;491.51;459.51;483.24;564.53;502.86
4279;Bananeiras;PB;Estadual;25;493.18;471.56;463.13;471.09;615.2;502.83
4280;Rio Paranaíba;MG;Estadual;35;512.86;492.82;467.8;525.61;514.86;502.79
4281;Uraí;PR;Estadual;18;501.56;504.04;460.8;507.4;540.0;502.76
4282;Pacajus;CE;Estadual;356;498.46;484.49;454.1;488.27;588.48;502.76
4283;Canarana;MT;Estadual;28;518.25;479.95;465.62;497.71;552.14;502.74
4284;João Pinheiro;MG;Estadual;69;512.72;497.12;475.47;506.48;521.74;502.71
4285;Trindade;GO;Estadual;313;510.24;483.0;466.72;492.81;560.77;502.71
4286;Paraíba do Sul;RJ;Estadual;52;509.81;486.27;456.33;476.88;584.23;502.7
4287;Sarandi;RS;Estadual;32;517.88;502.42;460.68;464.81;567.5;502.66
4288;Arari;MA;Privada;9;526.97;523.04;500.32;476.27;486.67;502.65
4289;Pão de Açúcar;AL;Estadual;16;510.76;487.66;452.55;483.39;578.75;502.62
4290;Ipuã;SP;Estadual;3;498.67;460.0;436.1;511.5;606.67;502.59
4291;Santa Filomena;PE;Estadual;18;493.26;491.49;482.12;498.29;547.78;502.59
4292;Rio do Prado;MG;Estadual;4;502.42;507.42;446.08;411.82;645.0;502.55
4293;Sul Brasil;SC;Estadual;16;489.39;504.81;468.33;483.53;566.25;502.46
4294;Tanguá;RJ;Estadual;29;517.25;494.28;485.77;485.31;529.66;502.45
4295;Anita Garibaldi;SC;Estadual;6;522.35;519.07;466.07;474.7;530.0;502.44
4296;Sarandi;PR;Estadual;117;516.12;491.85;460.05;477.48;566.67;502.43
4297;Guaraciama;MG;Estadual;6;483.43;484.8;483.63;463.42;596.67;502.39
4298;Três Lagoas;MS;Estadual;125;521.08;484.83;475.67;499.94;530.08;502.32
4299;Senador Elói de Souza;RN;Estadual;3;503.07;481.9;467.27;532.53;526.67;502.29
4300;Salvador;BA;Estadual;3213;515.85;489.36;466.4;484.22;555.62;502.29
4301;Bandeirantes;MS;Estadual;10;504.81;478.42;486.67;489.54;552.0;502.29
4302;Mossoró;RN;Estadual;562;510.46;481.64;463.15;484.07;572.03;502.27
4303;Pontalina;GO;Estadual;51;502.64;476.34;467.16;482.48;582.75;502.27
4304;São Miguel;RN;Estadual;31;510.15;490.35;470.31;495.35;545.16;502.26
4305;Campina das Missões;RS;Estadual;13;494.38;493.22;471.42;509.02;543.08;502.22
4306;Catas Altas da Noruega;MG;Estadual;3;524.33;545.37;452.67;501.97;486.67;502.2
4307;Sorriso;MT;Estadual;112;510.8;498.61;470.21;485.23;546.07;502.18
4308;Jaguaraçu;MG;Estadual;2;488.5;466.8;469.95;505.65;580.0;502.18
4309;Pau dos Ferros;RN;Estadual;89;510.7;476.73;467.74;484.32;571.24;502.15
4310;Riacho dos Machados;MG;Estadual;8;503.39;480.34;498.62;508.39;520.0;502.15
4311;Nacip Raydan;MG;Estadual;5;516.28;514.26;469.2;482.96;528.0;502.14
4312;Gramado dos Loureiros;RS;Estadual;4;500.1;488.4;442.72;514.43;565.0;502.13
4313;Hidrolina;GO;Estadual;4;549.33;503.98;422.35;499.7;535.0;502.07
4314;Cabo de Santo Agostinho;PE;Estadual;428;511.02;484.9;465.73;493.86;554.81;502.06
4315;Amargosa;BA;Estadual;88;506.71;496.2;472.96;491.36;542.95;502.04
4316;Paraíso do Tocantins;TO;Estadual;108;509.08;488.86;462.31;491.15;558.7;502.02
4317;Mirante do Paranapanema;SP;Estadual;28;519.64;480.12;473.05;495.14;542.14;502.02
4318;Santa Cruz de Monte Castelo;PR;Estadual;1;446.4;474.8;507.9;441.0;640.0;502.02
4319;Morada Nova;CE;Estadual;316;491.08;478.81;464.36;488.58;587.22;502.01
4320;Jauru;MT;Estadual;7;486.54;495.36;492.34;492.91;542.86;502.0
4321;Cajuru;SP;Estadual;35;520.32;498.38;452.4;505.11;533.71;501.98
4322;Rosário do Ivaí;PR;Estadual;5;502.7;505.08;439.84;450.28;612.0;501.98
4323;Salgado Filho;PR;Estadual;3;532.4;490.4;470.9;482.87;533.33;501.98
4324;Barros Cassal;RS;Estadual;9;519.48;499.62;462.9;499.02;528.89;501.98
4325;Santa Bárbara do Sul;RS;Estadual;6;501.37;531.47;444.12;529.5;503.33;501.96
4326;Capim Grosso;BA;Estadual;48;504.35;486.23;464.9;479.41;574.58;501.9
4327;Nepomuceno;MG;Estadual;20;504.81;488.82;466.15;509.66;540.0;501.89
4328;Sobral;CE;Estadual;994;504.42;484.74;461.67;500.16;558.37;501.87
4329;Vargem;SP;Estadual;7;506.5;493.23;491.36;472.5;545.71;501.86
4330;Chapadão do Céu;GO;Estadual;31;527.18;494.16;464.75;488.98;534.19;501.85
4331;Presidente Figueiredo;AM;Federal;34;507.75;491.96;482.2;474.33;552.94;501.84
4332;Tabaporã;MT;Estadual;15;501.02;477.19;466.03;478.25;586.67;501.83
4333;Ilhabela;SP;Estadual;23;521.4;490.87;468.66;500.37;527.83;501.83
4334;Encanto;RN;Estadual;21;503.0;490.71;455.16;481.24;579.05;501.83
4335;Massapê do Piauí;PI;Estadual;6;507.35;467.27;461.17;509.9;563.33;501.8
4336;Sento Sé;BA;Estadual;21;492.0;492.21;446.77;501.62;576.19;501.76
4337;Rio Preto da Eva;AM;Privada;7;468.46;443.06;498.17;487.57;611.43;501.74
4338;Breves;PA;Federal;22;479.2;495.21;471.48;479.97;582.73;501.72
4339;Corumbaíba;GO;Estadual;17;500.28;470.34;479.38;478.53;580.0;501.71
4340;Tabatinga;AM;Federal;41;508.35;494.73;462.78;466.03;576.59;501.7
4341;Bandeirantes;PR;Estadual;45;508.63;499.22;476.09;482.74;541.78;501.69
4342;Cândido Rodrigues;SP;Estadual;2;505.75;499.65;482.4;600.5;420.0;501.66
4343;Coremas;PB;Estadual;41;479.49;472.27;459.16;483.68;613.66;501.65
4344;Santo Inácio;PR;Estadual;2;507.1;450.05;470.7;450.35;630.0;501.64
4345;Macuco;RJ;Estadual;7;528.24;490.33;457.69;491.87;540.0;501.63
4346;São Gabriel da Palha;ES;Privada;4;520.42;478.5;466.85;497.35;545.0;501.62
4347;Riacho da Cruz;RN;Estadual;8;509.91;489.6;428.72;484.85;595.0;501.62
4348;Sirinhaém;PE;Privada;1;510.3;410.8;429.1;397.9;760.0;501.62
4349;Patos;PB;Estadual;206;503.96;483.1;460.73;488.23;572.04;501.61
4350;Campina da Lagoa;PR;Estadual;17;501.05;465.53;486.05;508.38;547.06;501.61
4351;Machadinho D'Oeste;RO;Estadual;30;497.16;495.3;482.04;478.15;555.33;501.6
4352;Fortaleza;CE;Estadual;9585;507.62;485.73;463.13;484.3;567.25;501.6
4353;Campo Novo;RS;Estadual;3;535.17;469.63;457.97;478.53;566.67;501.59
4354;São José da Laje;AL;Estadual;49;505.84;482.02;456.49;485.13;578.37;501.57
4355;Vitorino Freire;MA;Estadual;78;494.39;469.92;456.49;452.19;634.87;501.57
4356;Aperibé;RJ;Estadual;11;480.56;504.12;461.09;452.96;609.09;501.57
4357;Araçu;GO;Estadual;5;535.4;478.12;412.6;497.66;584.0;501.56
4358;Charqueadas;RS;Estadual;65;531.48;501.94;463.31;472.63;538.46;501.56
4359;Tunas do Paraná;PR;Estadual;3;542.1;440.9;485.57;485.83;553.33;501.55
4360;Uchoa;SP;Estadual;12;501.54;501.02;461.75;535.11;508.33;501.55
4361;Santa Izabel do Oeste;PR;Estadual;18;521.76;484.49;440.19;493.42;567.78;501.53
4362;São Roque de Minas;MG;Estadual;7;516.61;510.76;486.17;491.23;502.86;501.53
4363;Mulungu;PB;Estadual;15;487.53;489.14;459.41;455.41;616.0;501.5
4364;Serra Negra do Norte;RN;Estadual;6;480.47;464.25;483.28;472.8;606.67;501.49
4365;Jerônimo Monteiro;ES;Estadual;19;507.53;482.28;450.32;491.55;575.79;501.49
4366;Três Fronteiras;SP;Estadual;2;549.3;489.2;472.9;526.05;470.0;501.49
4367;Martins;RN;Estadual;14;488.84;466.73;447.59;502.84;601.43;501.49
4368;Diamante;PB;Estadual;23;474.35;464.34;459.86;463.67;645.22;501.49
4369;Carolina;MA;Estadual;24;494.61;495.46;477.22;496.62;543.33;501.45
4370;Corumbiara;RO;Estadual;13;473.95;460.61;484.14;503.77;584.62;501.42
4371;Carira;SE;Estadual;25;503.0;467.26;448.73;471.23;616.8;501.41
4372;Parnamirim;PE;Estadual;44;503.24;465.02;457.5;502.55;578.64;501.39
4373;Ipueiras;CE;Estadual;229;487.46;474.03;453.83;477.71;613.89;501.38
4374;Nova Xavantina;MT;Estadual;18;509.64;484.19;467.79;496.39;548.89;501.38
4375;Triunfo;RS;Estadual;8;527.83;485.46;455.69;495.39;542.5;501.37
4376;Nonoai;RS;Estadual;12;512.51;510.28;455.76;534.93;493.33;501.36
4377;Colorado;RS;Estadual;7;508.87;526.23;491.89;476.93;502.86;501.35
4378;Frei Paulo;SE;Estadual;21;490.36;490.1;458.22;483.25;584.76;501.34
4379;Bocaiúva;MG;Estadual;65;511.95;492.03;466.48;490.71;545.54;501.34
4380;Santa Bárbara de Goiás;GO;Estadual;3;540.0;510.43;520.1;489.5;446.67;501.34
4381;Riacho de Santana;BA;Privada;15;490.91;484.14;462.55;490.36;578.67;501.33
4382;Ipiranga do Piauí;PI;Estadual;14;478.64;469.04;456.59;498.07;604.29;501.32
4383;Imperatriz;MA;Estadual;710;505.59;479.91;457.98;483.92;579.13;501.3
4384;São João de Meriti;RJ;Estadual;563;515.9;486.81;462.78;485.55;555.38;501.29
4385;Duque de Caxias;RJ;Estadual;806;517.63;490.3;464.67;483.6;550.25;501.29
4386;Bodoquena;MS;Estadual;16;493.48;500.61;466.74;496.8;548.75;501.28
4387;Joaçaba;SC;Estadual;13;516.87;507.25;478.35;491.52;512.31;501.26
4388;Lagoa do Ouro;PE;Estadual;39;505.46;481.78;463.06;470.79;585.13;501.24
4389;Porto Velho;RO;Estadual;1066;504.54;483.14;463.0;478.85;576.6;501.23
4390;Sumaré;SP;Estadual;232;519.36;494.5;469.62;500.6;522.07;501.23
4391;Laranjal do Jari;AP;Federal;64;510.89;495.35;472.34;468.96;558.44;501.2
4392;Marmeleiro;PR;Estadual;16;502.82;499.03;468.8;522.87;512.5;501.2
4393;Licínio de Almeida;BA;Estadual;15;484.13;492.95;463.01;479.11;586.67;501.17
4394;Aracoiaba;CE;Estadual;222;495.76;475.2;458.55;479.12;597.12;501.15
4395;Araçariguama;SP;Estadual;10;527.93;483.46;479.87;522.37;492.0;501.13
4396;Barra do Mendes;BA;Estadual;11;510.08;482.78;443.39;513.0;556.36;501.12
4397;Ji-Paraná;RO;Estadual;210;502.33;479.0;471.13;484.59;568.48;501.11
4398;Teresina;PI;Estadual;1575;503.73;481.55;462.62;485.77;571.85;501.1
4399;Couto de Magalhães de Minas;MG;Estadual;9;510.8;474.08;484.11;462.97;573.33;501.06
4400;Saubara;BA;Estadual;1;547.3;503.8;492.1;362.0;600.0;501.04
4401;Pedra Bonita;MG;Estadual;4;533.98;524.78;468.7;482.72;495.0;501.04
4402;Planaltina do Paraná;PR;Estadual;7;531.46;489.4;476.17;476.53;531.43;501.0
4403;Horizonte;CE;Estadual;270;505.26;479.74;461.47;492.07;566.3;500.97
4404;José Bonifácio;SP;Estadual;25;511.17;476.46;457.26;507.16;552.8;500.97
4405;São Luis do Piauí;PI;Estadual;15;491.02;466.41;455.66;476.77;614.67;500.9
4406;Aquiraz;CE;Estadual;340;492.61;472.75;453.06;480.33;605.76;500.9
4407;Iúna;ES;Estadual;60;506.84;480.34;474.24;513.31;529.67;500.88
4408;Quinta do Sol;PR;Estadual;5;534.3;493.02;494.34;486.6;496.0;500.85
4409;Extremoz;RN;Estadual;62;509.54;481.8;475.36;487.41;549.68;500.76
4410;Pontal;SP;Municipal;2;537.05;511.95;463.8;530.9;460.0;500.74
4411;Bandeira do Sul;MG;Estadual;4;505.6;535.52;438.5;529.02;495.0;500.73
4412;Pombos;PE;Estadual;20;510.53;469.81;449.51;479.76;594.0;500.72
4413;Piracuruca;PI;Estadual;86;502.24;482.94;465.52;480.55;572.33;500.72
4414;São Gotardo;MG;Estadual;45;513.18;496.33;465.76;490.07;538.22;500.71
4415;Cerro Grande do Sul;RS;Estadual;11;508.0;517.82;465.05;518.15;494.55;500.71
4416;Barro Duro;PI;Estadual;5;468.58;469.8;461.28;483.8;620.0;500.69
4417;Alagoa;MG;Estadual;6;513.07;495.57;434.97;496.32;563.33;500.65
4418;Itabirinha;MG;Estadual;8;521.42;487.69;441.61;474.84;577.5;500.61
4419;Pacaraima;RR;Estadual;10;523.75;485.84;451.39;483.94;558.0;500.58
4420;Flor da Serra do Sul;PR;Estadual;5;493.74;510.08;473.48;493.54;532.0;500.57
4421;Frei Gaspar;MG;Estadual;6;498.5;480.85;470.33;503.1;550.0;500.56
4422;Tabuleiro;MG;Estadual;2;499.85;494.95;516.6;561.3;430.0;500.54
4423;Nanuque;MG;Estadual;30;506.53;487.05;467.96;479.04;562.0;500.52
4424;São Francisco de Itabapoana;RJ;Estadual;25;503.35;463.85;476.11;480.72;578.4;500.49
4425;Bossoroca;RS;Estadual;1;513.0;513.9;509.5;486.0;480.0;500.48
4426;Ventania;PR;Estadual;5;532.36;490.68;423.16;496.2;560.0;500.48
4427;Arroio Grande;RS;Estadual;34;522.24;476.29;475.62;495.86;532.35;500.47
4428;Jatobá;PE;Estadual;22;504.42;481.56;475.95;498.53;541.82;500.46
4429;Bonópolis;GO;Estadual;2;522.9;462.3;394.35;382.7;740.0;500.45
4430;São João do Tigre;PB;Estadual;9;495.54;470.23;429.29;471.6;635.56;500.44
4431;Alumínio;SP;Estadual;20;520.0;488.29;474.5;516.12;503.0;500.38
4432;Anta Gorda;RS;Privada;9;486.73;471.5;460.8;489.51;593.33;500.38
4433;Cariré;CE;Estadual;145;499.0;487.42;459.53;497.54;558.34;500.36
4434;Guapé;MG;Estadual;9;515.08;497.28;476.53;481.82;531.11;500.36
4435;Varzelândia;MG;Estadual;22;495.71;470.28;463.5;509.56;562.73;500.36
4436;Rondon;PR;Estadual;16;510.39;492.45;462.62;524.86;511.25;500.31
4437;Itaobim;MG;Estadual;13;512.05;499.58;470.61;491.58;527.69;500.3
4438;São João do Ivaí;PR;Estadual;3;557.03;487.93;448.93;474.23;533.33;500.29
4439;Marituba;PA;Privada;7;494.8;477.71;460.53;474.1;594.29;500.29
4440;Tarumã;SP;Estadual;10;535.94;497.24;459.62;478.6;530.0;500.28
4441;Mantenópolis;ES;Estadual;34;493.81;496.3;468.49;480.42;562.35;500.28
4442;Itariri;SP;Estadual;8;519.04;498.49;463.39;485.39;535.0;500.26
4443;Montalvânia;MG;Estadual;21;514.0;485.44;451.38;491.37;559.05;500.25
4444;Nova União;MG;Estadual;7;514.09;496.07;476.27;517.64;497.14;500.24
4445;Gália;SP;Estadual;5;497.18;463.04;435.64;489.14;616.0;500.2
4446;Cuité;PB;Estadual;89;505.79;485.28;462.12;472.69;575.06;500.19
4447;Pereira Barreto;SP;Estadual;28;518.26;469.34;473.95;501.42;537.86;500.17
4448;Itabaiana;PB;Estadual;19;486.53;455.86;457.68;502.88;597.89;500.17
4449;Monsenhor Gil;PI;Estadual;21;507.79;496.92;445.63;498.1;552.38;500.16
4450;Rodrigues Alves;AC;Estadual;23;494.39;454.07;460.66;493.25;598.26;500.13
4451;Ibiraci;MG;Estadual;3;528.13;537.87;469.0;478.97;486.67;500.13
4452;Barra do Piraí;RJ;Estadual;27;508.44;504.95;458.32;487.41;541.48;500.12
4453;Pedra do Anta;MG;Estadual;2;425.6;543.0;489.6;492.3;550.0;500.1
4454;Pancas;ES;Estadual;42;492.44;482.2;480.26;506.96;538.57;500.08
4455;Marilac;MG;Estadual;5;518.08;451.24;488.76;502.18;540.0;500.05
4456;Paranatama;PE;Estadual;18;495.18;493.17;455.28;467.63;588.89;500.03
4457;Pinto Bandeira;RS;Estadual;8;508.89;524.84;499.94;493.96;472.5;500.02
4458;Águia Branca;ES;Estadual;39;498.38;500.55;470.99;496.13;533.85;499.98
4459;Vargem Grande;MA;Municipal;9;483.03;499.69;435.0;453.27;628.89;499.98
4460;Paulista;PE;Estadual;662;506.61;484.03;464.29;484.53;560.42;499.98
4461;Veríssimo;MG;Estadual;4;511.05;509.62;463.32;475.8;540.0;499.96
4462;Iporá;GO;Estadual;97;508.43;486.57;475.67;496.11;532.99;499.95
4463;Zé Doca;MA;Privada;4;486.15;468.42;483.35;496.8;565.0;499.94
4464;Jaboatão dos Guararapes;PE;Estadual;1085;511.13;482.0;461.61;490.33;554.62;499.94
4465;Cerejeiras;RO;Estadual;35;507.7;493.24;471.41;496.38;530.86;499.92
4466;Cerqueira César;SP;Estadual;21;512.63;494.64;484.77;518.01;489.52;499.91
4467;Pires do Rio;GO;Estadual;62;508.26;490.27;470.81;477.53;552.58;499.89
4468;Guaraçaí;SP;Estadual;16;500.76;460.19;478.14;479.06;581.25;499.88
4469;Santa Amélia;PR;Estadual;5;506.88;535.86;426.52;506.06;524.0;499.86
4470;Nova Ibiá;BA;Estadual;4;503.48;475.05;487.3;458.33;575.0;499.83
4471;Cascavel;CE;Estadual;406;486.36;470.19;456.6;483.66;602.36;499.83
4472;Soure;PA;Estadual;48;484.62;471.12;459.26;482.44;601.67;499.82
4473;Belo Oriente;MG;Estadual;31;507.06;480.04;466.56;506.66;538.71;499.81
4474;Sertânia;PE;Estadual;94;505.29;477.48;456.14;485.17;574.89;499.79
4475;Guajeru;BA;Estadual;6;518.95;539.1;426.4;491.15;523.33;499.79
4476;Piranhas;GO;Estadual;15;493.37;474.7;449.61;454.54;626.67;499.78
4477;Pitanga;PR;Estadual;27;505.81;495.9;475.07;487.31;534.81;499.78
4478;Ametista do Sul;RS;Estadual;7;519.63;504.19;456.77;492.37;525.71;499.73
4479;Ribeirão Bonito;SP;Estadual;4;512.1;546.52;458.12;501.85;480.0;499.72
4480;Fortaleza dos Valos;RS;Estadual;10;522.88;506.02;467.26;510.37;492.0;499.71
4481;Camaragibe;PE;Estadual;528;510.3;480.1;465.09;478.84;564.17;499.7
4482;Jijoca de Jericoacoara;CE;Estadual;78;499.17;486.96;470.1;516.83;525.38;499.69
4483;Itaiçaba;CE;Estadual;61;488.28;482.17;464.5;499.4;563.93;499.66
4484;Vitória das Missões;RS;Estadual;12;506.87;492.92;482.31;486.04;530.0;499.63
4485;Planalto;PR;Estadual;7;508.4;479.03;448.64;499.0;562.86;499.59
4486;Formosa;GO;Estadual;302;514.81;490.99;467.86;483.3;540.93;499.58
4487;Cândido Sales;BA;Estadual;51;495.06;486.06;465.0;494.9;556.86;499.58
4488;Inhumas;GO;Estadual;112;506.43;484.73;462.4;490.01;554.29;499.57
4489;Mirandópolis;SP;Estadual;26;506.25;486.16;479.17;498.36;527.69;499.53
4490;Pirapora;MG;Estadual;74;509.65;487.54;461.25;505.94;533.24;499.53
4491;Poxoréu;MT;Estadual;17;516.72;493.29;445.2;444.68;597.65;499.51
4492;Mirante da Serra;RO;Privada;7;487.63;480.0;464.74;499.43;565.71;499.5
4493;São João da Ponte;MG;Estadual;24;510.45;494.14;451.11;470.75;570.83;499.46
4494;Santa Margarida do Sul;RS;Estadual;4;512.1;490.92;439.38;474.8;580.0;499.44
4495;Arara;PB;Estadual;17;501.08;481.31;456.02;487.99;570.59;499.4
4496;Uruará;PA;Privada;13;474.42;454.6;467.25;496.09;604.62;499.39
4497;Marilândia do Sul;PR;Estadual;5;524.46;525.08;441.5;505.88;500.0;499.38
4498;Novo Lino;AL;Estadual;14;514.09;491.46;439.36;450.46;601.43;499.36
4499;Elísio Medrado;BA;Estadual;16;504.8;490.71;460.66;478.04;562.5;499.34
4500;Serra;ES;Municipal;1;492.6;488.7;537.7;537.6;440.0;499.32
4501;Jaguapitã;PR;Estadual;13;517.2;494.88;449.5;461.18;573.85;499.32
4502;Sonora;MS;Estadual;13;507.93;474.62;451.65;505.44;556.92;499.31
4503;Videira;SC;Estadual;66;513.92;490.09;464.92;482.78;544.85;499.31
4504;Conceição do Araguaia;PA;Municipal;3;503.3;467.3;484.27;481.67;560.0;499.31
4505;Varzedo;BA;Estadual;6;503.3;502.78;471.33;472.43;546.67;499.3
4506;Luziânia;GO;Estadual;297;517.26;485.1;466.31;494.54;533.06;499.26
4507;Conceição do Jacuípe;BA;Estadual;40;520.77;503.26;464.89;458.79;548.5;499.24
4508;Itabirito;MG;Estadual;71;512.72;488.63;457.7;495.4;541.69;499.23
4509;Fraiburgo;SC;Estadual;13;518.39;506.83;474.07;516.08;480.0;499.07
4510;Piripá;BA;Estadual;23;485.68;490.92;479.96;488.27;550.43;499.05
4511;Guariba;SP;Estadual;44;521.76;490.94;472.63;506.68;503.18;499.04
4512;Santa Cruz dos Milagres;PI;Estadual;3;450.57;491.0;499.07;494.53;560.0;499.03
4513;Taquaraçu de Minas;MG;Estadual;4;496.0;450.1;487.78;496.2;565.0;499.02
4514;Laurentino;SC;Estadual;16;506.61;494.11;462.56;501.79;530.0;499.01
4515;Natalândia;MG;Estadual;12;518.64;516.93;483.31;502.83;473.33;499.01
4516;São Pedro do Turvo;SP;Estadual;8;524.21;505.92;483.85;511.04;470.0;499.0
4517;São Raimundo das Mangabeiras;MA;Federal;42;499.41;487.34;472.02;488.97;547.14;498.98
4518;Itaboraí;RJ;Estadual;245;513.64;486.08;463.02;472.7;559.43;498.97
4519;Afogados da Ingazeira;PE;Estadual;59;509.25;477.27;454.92;490.03;563.39;498.97
4520;Boa Vista;RR;Estadual;704;512.11;489.69;466.51;487.17;539.38;498.97
4521;Biritiba Mirim;SP;Estadual;24;529.22;489.38;454.14;499.62;522.5;498.97
4522;Bandeira;MG;Estadual;2;534.15;541.8;449.7;538.8;430.0;498.89
4523;Guaiçara;SP;Estadual;6;543.33;519.4;439.77;481.97;510.0;498.89
4524;Muqui;ES;Estadual;24;502.6;484.28;457.25;494.43;555.83;498.88
4525;Ponte Branca;MT;Estadual;5;499.32;456.38;453.88;552.7;532.0;498.86
4526;Reginópolis;SP;Estadual;4;534.0;489.42;464.7;456.15;550.0;498.85
4527;Salto;SP;Estadual;125;520.55;493.42;466.45;495.31;518.4;498.83
4528;Maracanaú;CE;Estadual;929;504.05;484.41;462.1;483.35;560.13;498.81
4529;Mundo Novo;MS;Estadual;27;509.18;484.1;462.57;495.23;542.96;498.81
4530;Canas;SP;Estadual;4;531.5;519.0;471.6;461.92;510.0;498.8
4531;Saudades;SC;Estadual;32;489.09;495.14;470.6;510.88;528.12;498.77
4532;Mucugê;BA;Municipal;3;478.9;420.47;429.93;551.2;613.33;498.77
4533;Itapajé;CE;Estadual;521;490.16;480.14;460.25;488.9;574.36;498.76
4534;Peixoto de Azevedo;MT;Estadual;27;513.87;481.11;469.3;492.4;537.04;498.75
4535;Ibicuitinga;CE;Estadual;50;490.29;474.6;467.13;483.27;578.4;498.74
4536;Novo Oriente;CE;Estadual;184;492.29;468.78;451.45;485.94;595.22;498.74
4537;São Bento Abade;MG;Estadual;9;492.23;475.97;461.94;485.69;577.78;498.72
4538;Vespasiano;MG;Municipal;2;543.05;504.25;468.1;458.15;520.0;498.71
4539;Feliz Deserto;AL;Estadual;4;497.9;451.22;444.5;464.92;635.0;498.71
4540;Feira Nova;PE;Estadual;94;492.89;477.71;470.88;482.6;569.36;498.69
4541;Malacacheta;MG;Privada;3;495.03;495.57;453.77;502.37;546.67;498.68
4542;Baependi;MG;Estadual;14;497.91;488.53;460.11;503.96;542.86;498.67
4543;Triunfo;PB;Estadual;21;498.46;467.28;444.75;474.17;608.57;498.64
4544;Presidente Jânio Quadros;BA;Estadual;13;502.41;493.87;474.9;491.17;530.77;498.62
4545;São João;PR;Estadual;27;520.97;499.51;462.9;536.31;473.33;498.6
4546;Vitória de Santo Antão;PE;Municipal;1;508.4;584.6;461.2;398.8;540.0;498.6
4547;Vera;MT;Estadual;8;500.54;458.89;460.22;470.81;602.5;498.59
4548;Barão de Antonina;SP;Estadual;3;531.37;509.37;474.43;491.07;486.67;498.58
4549;Bandeirante;SC;Estadual;1;568.9;559.5;491.9;532.6;340.0;498.58
4550;Jaraguá;GO;Estadual;86;496.3;481.34;463.51;499.86;551.86;498.58
4551;Aruanã;GO;Estadual;15;511.57;478.16;462.04;482.36;558.67;498.56
4552;Santa Rita do Novo Destino;GO;Estadual;7;518.06;493.96;473.37;458.84;548.57;498.56
4553;Saboeiro;CE;Estadual;41;501.95;477.31;460.88;493.59;559.02;498.55
4554;Castelândia;GO;Estadual;4;490.9;466.7;445.4;484.68;605.0;498.54
4555;Jacinto;MG;Estadual;7;505.5;488.3;476.5;465.19;557.14;498.53
4556;Sairé;PE;Estadual;7;493.03;476.44;483.06;497.19;542.86;498.51
4557;Cambuí;MG;Estadual;10;515.31;471.76;473.19;490.22;542.0;498.5
4558;Braga;RS;Estadual;5;492.2;495.26;458.54;498.38;548.0;498.48
4559;Ariquemes;RO;Estadual;161;505.84;483.22;475.83;488.59;538.88;498.47
4560;Monjolos;MG;Estadual;1;547.9;524.3;418.2;501.9;500.0;498.46
4561;Inajá;PE;Estadual;3;504.23;458.7;466.63;502.67;560.0;498.45
4562;Piraquara;PR;Estadual;73;513.79;502.83;477.96;485.77;511.78;498.43
4563;Castanheiras;RO;Estadual;4;510.1;494.15;483.2;429.7;575.0;498.43
4564;Orizona;GO;Estadual;13;485.0;499.7;475.56;479.55;552.31;498.42
4565;Paulo Frontin;PR;Estadual;11;510.24;509.75;486.45;476.47;509.09;498.4
4566;Ponte Serrada;SC;Estadual;18;500.51;483.93;476.56;476.48;554.44;498.38
4567;Saloá;PE;Estadual;12;502.27;462.12;484.18;478.28;565.0;498.37
4568;Agudos do Sul;PR;Estadual;3;529.53;493.23;480.03;495.73;493.33;498.37
4569;Itaguaçu;ES;Estadual;38;492.88;474.99;480.83;494.68;548.42;498.36
4570;Mirante;BA;Estadual;5;533.36;490.18;479.64;436.46;552.0;498.33
4571;Caém;BA;Estadual;3;527.97;482.23;499.07;569.07;413.33;498.33
4572;Simões;PI;Estadual;37;480.5;471.21;446.66;485.47;607.57;498.28
4573;Taquarana;AL;Estadual;45;488.1;487.48;456.13;486.29;573.33;498.27
4574;Gravataí;RS;Municipal;27;528.75;493.63;452.77;486.46;529.63;498.25
4575;Alcântara;MA;Federal;22;486.36;474.92;473.68;462.55;593.64;498.23
4576;Presidente Médici;RO;Estadual;40;494.11;483.24;465.0;481.72;567.0;498.22
4577;Guaratinga;BA;Estadual;8;493.34;460.31;461.15;511.26;565.0;498.21
4578;Sooretama;ES;Estadual;41;500.25;470.78;464.4;490.13;565.37;498.18
4579;Maracaí;SP;Estadual;12;529.69;507.39;451.82;468.67;533.33;498.18
4580;Magda;SP;Estadual;3;487.2;497.33;532.2;494.13;480.0;498.17
4581;Paranhos;MS;Estadual;16;503.5;507.94;468.32;471.96;538.75;498.09
4582;Ouro Preto;MG;Estadual;51;507.24;496.14;474.03;482.02;530.98;498.08
4583;Juazeiro;BA;Estadual;451;502.14;486.17;462.56;484.19;555.34;498.08
4584;Itinga do Maranhão;MA;Privada;11;496.29;464.46;428.78;451.75;649.09;498.08
4585;Gandu;BA;Estadual;58;503.52;484.87;466.54;481.23;554.14;498.06
4586;Cristal;RS;Estadual;11;531.24;499.51;469.52;473.66;516.36;498.06
4587;Caçu;GO;Estadual;23;510.33;482.05;462.61;493.53;541.74;498.05
4588;Mariana Pimentel;RS;Estadual;1;546.2;558.0;534.6;591.4;260.0;498.04
4589;Atalaia;PR;Estadual;6;512.18;488.92;449.47;469.65;570.0;498.04
4590;Petrolina de Goiás;GO;Privada;4;526.42;510.9;447.52;535.25;470.0;498.02
4591;Inácio Martins;PR;Estadual;13;503.25;496.08;460.5;514.87;515.38;498.02
4592;Santa Maria da Vitória;BA;Estadual;97;485.83;490.07;471.27;486.32;556.49;498.0
4593;Araripe;CE;Estadual;120;487.22;484.38;461.7;479.77;576.83;497.98
4594;Sede Nova;RS;Estadual;3;493.27;458.03;456.73;535.13;546.67;497.97
4595;Prata;PB;Estadual;12;503.84;476.04;465.4;472.88;571.67;497.97
4596;Sebastião Laranjeiras;BA;Estadual;29;502.32;483.79;455.25;474.59;573.79;497.95
4597;São Sebastião de Lagoa de Roça;PB;Estadual;19;490.21;489.19;445.03;477.75;587.37;497.91
4598;Silvianópolis;MG;Estadual;5;501.18;466.28;493.04;528.88;500.0;497.88
4599;Fazenda Vilanova;RS;Estadual;3;498.63;470.33;496.8;530.23;493.33;497.87
4600;Campina do Monte Alegre;SP;Estadual;3;583.67;521.83;467.33;496.2;420.0;497.81
4601;Monteiro Lobato;SP;Estadual;5;549.46;514.54;466.0;483.04;476.0;497.81
4602;Pindaré-Mirim;MA;Estadual;81;496.57;480.0;470.88;479.19;562.22;497.77
4603;Santarém;PA;Estadual;700;492.38;476.24;460.0;471.36;588.8;497.76
4604;Santa Margarida;MG;Estadual;9;512.89;513.27;506.47;482.71;473.33;497.73
4605;Jataizinho;PR;Estadual;9;508.14;498.01;477.3;473.9;531.11;497.69
4606;Santa Vitória do Palmar;RS;Estadual;46;513.87;472.03;458.27;484.22;560.0;497.68
4607;Umbaúba;SE;Estadual;59;480.38;467.04;461.94;459.99;618.98;497.67
4608;Porto Alegre do Tocantins;TO;Estadual;2;541.05;501.75;430.2;545.35;470.0;497.67
4609;Tauá;CE;Estadual;211;499.24;482.49;459.9;489.0;557.63;497.65
4610;Carlinda;MT;Estadual;14;487.33;488.83;457.76;487.19;567.14;497.65
4611;Barreiras;BA;Estadual;331;501.18;474.69;465.51;472.56;574.26;497.64
4612;Itapoá;SC;Municipal;1;513.0;543.0;542.2;530.0;360.0;497.64
4613;Jardim de Piranhas;RN;Privada;1;543.0;529.2;478.8;577.1;360.0;497.62
4614;Pedra Lavrada;PB;Estadual;29;496.61;468.25;454.53;478.36;590.34;497.62
4615;Guajará-Mirim;RO;Privada;1;522.9;430.0;435.7;499.4;600.0;497.6
4616;Rafael Godeiro;RN;Estadual;17;486.15;493.92;459.95;499.77;548.24;497.6
4617;Manaus;AM;Estadual;5558;497.18;490.62;461.29;482.41;556.48;497.6
4618;Abdon Batista;SC;Estadual;3;509.13;520.6;472.93;438.63;546.67;497.59
4619;Lagoa dos Gatos;PE;Estadual;35;498.67;479.15;457.72;468.9;583.43;497.58
4620;Água Clara;MS;Estadual;14;521.91;492.53;457.27;511.82;504.29;497.56
4621;Terra de Areia;RS;Estadual;13;522.03;482.03;484.46;523.88;475.38;497.56
4622;Josenópolis;MG;Estadual;3;527.93;494.6;473.4;371.67;620.0;497.52
4623;Belford Roxo;RJ;Estadual;278;511.88;477.52;454.9;475.17;568.13;497.52
4624;Conceição de Macabu;RJ;Estadual;21;512.35;489.06;455.62;476.26;554.29;497.52
4625;Paramoti;CE;Estadual;35;491.79;476.09;455.81;467.31;596.57;497.51
4626;Além Paraíba;MG;Estadual;19;510.16;482.13;459.04;522.36;513.68;497.47
4627;Beneditinos;PI;Estadual;25;494.61;482.42;451.2;461.44;597.6;497.46
4628;Miguelópolis;SP;Estadual;39;504.09;473.93;454.72;482.21;572.31;497.45
4629;Niquelândia;GO;Estadual;107;503.46;479.23;457.06;481.32;565.98;497.41
4630;Curral Velho;PB;Estadual;4;537.15;498.7;457.35;513.8;480.0;497.4
4631;Uauá;BA;Estadual;27;513.35;496.21;482.67;476.21;518.52;497.39
4632;Nova Viçosa;BA;Estadual;52;499.45;487.83;478.27;470.51;550.77;497.37
4633;Cruz das Almas;BA;Estadual;156;497.56;484.72;463.57;480.69;560.26;497.36
4634;Ponte Nova;MG;Estadual;26;495.12;477.65;456.0;483.38;574.62;497.35
4635;Córrego do Ouro;GO;Estadual;8;518.01;480.69;481.4;499.14;507.5;497.35
4636;Buritinópolis;GO;Estadual;5;480.22;504.04;513.42;457.0;532.0;497.34
4637;Camaquã;RS;Municipal;1;495.4;503.5;467.9;399.9;620.0;497.34
4638;Irati;SC;Estadual;3;489.93;487.2;464.5;545.03;500.0;497.33
4639;Itapetim;PE;Estadual;19;498.04;496.93;461.37;498.68;531.58;497.32
4640;Aragoiânia;GO;Estadual;9;479.17;473.53;467.02;484.6;582.22;497.31
4641;Terenos;MS;Estadual;18;526.91;486.81;470.94;490.59;511.11;497.27
4642;Coqueiral;MG;Estadual;13;504.95;485.1;436.53;496.31;563.08;497.19
4643;Sarapuí;SP;Estadual;13;540.41;479.78;458.63;470.15;536.92;497.18
4644;Barbalha;CE;Estadual;203;497.89;478.99;456.32;477.72;574.98;497.18
4645;Pequizeiro;TO;Estadual;4;527.4;529.22;478.95;500.2;450.0;497.16
4646;Antônio Olinto;PR;Estadual;9;493.69;474.3;459.73;491.43;566.67;497.16
4647;Juiz de Fora;MG;Municipal;17;539.24;490.78;467.02;479.29;509.41;497.15
4648;Foz do Jordão;PR;Estadual;9;472.38;458.12;480.7;503.38;571.11;497.14
4649;Epitaciolândia;AC;Estadual;26;514.28;492.37;486.75;471.52;520.77;497.14
4650;Sucupira do Norte;MA;Estadual;20;505.9;459.12;457.85;475.79;587.0;497.13
4651;Sobrado;PB;Estadual;25;486.94;468.04;447.04;468.41;615.2;497.12
4652;Balneário Pinhal;RS;Estadual;3;552.37;504.63;414.57;460.63;553.33;497.11
4653;Aquidabã;SE;Estadual;38;484.9;469.0;472.04;468.44;591.05;497.09
4654;Tobias Barreto;SE;Estadual;122;494.05;464.63;452.61;476.96;597.05;497.06
4655;Santa Rosa de Goiás;GO;Estadual;11;501.31;470.61;445.56;482.29;585.45;497.05
4656;Mirandiba;PE;Estadual;19;498.38;461.69;465.95;492.92;566.32;497.05
4657;Mirim Doce;SC;Estadual;5;501.22;531.08;458.5;482.44;512.0;497.05
4658;Mangaratiba;RJ;Estadual;30;521.53;490.86;444.2;485.21;543.33;497.03
4659;Liberato Salzano;RS;Estadual;8;494.78;480.82;479.62;487.39;542.5;497.02
4660;Cajueiro;AL;Privada;4;540.52;539.7;454.72;470.08;480.0;497.0
4661;Jaguaré;ES;Estadual;41;500.73;491.68;464.88;486.08;541.46;496.97
4662;Assis Brasil;AC;Estadual;6;515.68;468.55;453.48;430.4;616.67;496.96
4663;Lucrécia;RN;Estadual;16;489.89;463.86;458.01;504.29;568.75;496.96
4664;Laranja da Terra;ES;Estadual;53;495.19;492.43;463.81;491.73;541.51;496.94
4665;Santópolis do Aguapeí;SP;Estadual;2;492.1;464.4;408.85;519.3;600.0;496.93
4666;Getulina;SP;Estadual;10;518.78;501.84;455.22;492.6;516.0;496.89
4667;Senador Pompeu;CE;Estadual;156;493.82;469.9;446.75;487.25;586.67;496.88
4668;Borrazópolis;PR;Estadual;7;528.54;513.81;464.9;479.97;497.14;496.87
4669;Vieirópolis;PB;Estadual;12;497.78;485.63;485.44;498.78;516.67;496.86
4670;Riolândia;SP;Estadual;2;511.3;490.6;435.55;496.8;550.0;496.85
4671;Nova Laranjeiras;PR;Estadual;9;506.42;486.74;443.69;493.97;553.33;496.83
4672;Tomé-Açu;PA;Estadual;128;497.42;480.84;460.62;463.59;581.56;496.81
4673;Porto Amazonas;PR;Estadual;7;493.33;478.03;467.51;502.29;542.86;496.8
4674;Forquilhinha;SC;Municipal;1;518.8;520.2;535.9;528.9;380.0;496.76
4675;Leopoldina;MG;Estadual;66;508.64;496.8;459.34;478.92;540.0;496.74
4676;São Sebastião da Grama;SP;Estadual;14;531.49;467.52;459.07;484.0;541.43;496.7
4677;Sumé;PB;Estadual;18;495.76;473.01;460.58;490.83;563.33;496.7
4678;Valparaíso de Goiás;GO;Estadual;302;507.98;482.92;465.35;484.64;542.52;496.68
4679;Flórida Paulista;SP;Estadual;1;550.0;456.0;411.2;526.2;540.0;496.68
4680;Barbosa Ferraz;PR;Privada;2;564.25;541.8;431.45;425.85;520.0;496.67
4681;Pinhalão;PR;Estadual;6;515.27;496.08;434.53;460.78;576.67;496.67
4682;Dom Eliseu;PA;Estadual;53;492.29;472.28;458.37;496.04;564.15;496.63
4683;Olho d'Água das Flores;AL;Estadual;27;486.06;488.41;461.32;467.99;579.26;496.61
4684;Olinda;PE;Estadual;518;510.52;479.26;464.13;485.65;543.44;496.6
4685;Iracema;CE;Estadual;73;490.99;462.81;445.92;483.75;599.45;496.58
4686;Pedreiras;MA;Estadual;91;495.57;466.81;456.98;466.14;597.36;496.57
4687;Porangatu;GO;Estadual;75;504.5;488.69;467.38;490.42;531.73;496.54
4688;Cândido de Abreu;PR;Estadual;18;519.39;495.31;460.06;486.62;521.11;496.5
4689;Rio Fortuna;SC;Estadual;1;461.5;517.0;513.8;430.2;560.0;496.5
4690;Alagoinha;PE;Estadual;10;489.16;454.8;448.03;500.46;590.0;496.49
4691;Arapoti;PR;Estadual;40;507.66;491.33;465.34;495.51;522.5;496.47
4692;Itaituba;PA;Federal;23;499.81;491.81;478.46;486.16;526.09;496.47
4693;Caçapava do Sul;RS;Estadual;52;508.33;495.76;468.69;496.37;513.08;496.44
4694;Uiraúna;PB;Estadual;29;489.92;471.24;452.9;465.28;602.76;496.42
4695;Alvorada D'Oeste;RO;Estadual;27;484.97;472.01;459.26;460.64;605.19;496.41
4696;Cláudia;MT;Estadual;11;511.15;465.65;464.78;518.64;521.82;496.41
4697;Bernardino Batista;PB;Estadual;15;496.7;471.71;443.05;477.27;593.33;496.41
4698;Feira Grande;AL;Estadual;52;488.55;472.35;455.3;470.05;595.77;496.4
4699;Palmas;PR;Estadual;25;511.82;500.96;459.34;493.08;516.8;496.4
4700;Cachoeira Paulista;SP;Estadual;32;513.34;498.3;463.02;497.2;510.0;496.37
4701;Naque;MG;Estadual;8;512.86;513.94;476.9;433.02;545.0;496.34
4702;Campos Borges;RS;Estadual;8;499.32;480.46;451.12;458.15;592.5;496.31
4703;Mambaí;GO;Estadual;19;512.78;479.45;466.51;494.3;528.42;496.29
4704;Itapevi;SP;Estadual;246;517.94;493.37;467.18;496.28;506.67;496.29
4705;Esperança;PB;Estadual;63;475.06;474.47;459.79;492.38;579.68;496.28
4706;Ouro Branco;RN;Estadual;18;497.45;479.29;449.19;484.18;571.11;496.25
4707;Buritizeiro;MG;Estadual;18;493.87;479.38;452.49;487.64;567.78;496.23
4708;Escada;PE;Estadual;109;494.75;475.82;461.41;473.53;575.6;496.22
4709;Malacacheta;MG;Estadual;16;515.36;498.41;455.08;487.25;525.0;496.22
4710;Bastos;SP;Estadual;13;512.88;491.12;469.32;483.05;524.62;496.2
4711;Perdões;MG;Estadual;31;517.49;490.97;464.91;499.18;508.39;496.19
4712;Brasília de Minas;MG;Estadual;54;509.4;497.22;468.99;483.87;521.48;496.19
4713;Ponta Porã;MS;Estadual;89;504.85;484.21;463.03;489.66;539.1;496.17
4714;Matias Barbosa;MG;Estadual;8;493.19;506.71;464.61;486.32;530.0;496.17
4715;Aragominas;TO;Estadual;3;483.2;515.03;471.77;424.03;586.67;496.14
4716;Santa Terezinha de Goiás;GO;Estadual;15;513.7;474.15;444.39;485.81;562.67;496.14
4717;Jaguaruana;CE;Estadual;252;490.59;476.97;465.75;488.64;558.73;496.14
4718;Murutinga do Sul;SP;Estadual;3;542.77;485.13;416.27;476.5;560.0;496.13
4719;Simonésia;MG;Privada;1;499.9;543.3;478.2;399.2;560.0;496.12
4720;Chapadão do Sul;MS;Estadual;55;515.14;503.69;467.24;503.64;490.91;496.12
4721;Engenheiro Navarro;MG;Estadual;6;521.97;468.8;455.93;453.62;580.0;496.06
4722;Pinheiro Preto;SC;Estadual;6;543.68;475.37;407.57;506.98;546.67;496.05
4723;São Luís;MA;Estadual;2625;502.53;481.32;459.72;472.85;563.71;496.03
4724;Crisópolis;BA;Estadual;33;485.86;473.35;452.44;472.65;595.76;496.01
4725;Pinheiral;RJ;Estadual;25;504.77;478.67;448.4;477.79;570.4;496.01
4726;Caracaraí;RR;Federal;30;497.04;500.14;469.72;485.05;528.0;495.99
4727;Flora Rica;SP;Estadual;3;497.03;516.03;472.73;527.4;466.67;495.97
4728;Passa Quatro;MG;Estadual;5;472.58;497.88;444.76;524.62;540.0;495.97
4729;Cantanhede;MA;Estadual;8;513.7;474.74;455.36;476.02;560.0;495.96
4730;São Joaquim;SC;Estadual;9;526.21;492.91;471.98;446.37;542.22;495.94
4731;Perobal;PR;Estadual;3;490.13;505.97;496.87;540.03;446.67;495.93
4732;Campo Alegre;AL;Estadual;70;494.35;473.91;462.27;473.36;575.71;495.92
4733;Alagoinha do Piauí;PI;Estadual;16;471.41;472.02;453.23;475.36;607.5;495.9
4734;Milagres;BA;Municipal;27;504.63;479.5;470.23;498.49;526.67;495.9
4735;Casa Grande;MG;Estadual;12;503.7;493.06;442.4;482.02;558.33;495.9
4736;Nova Nazaré;MT;Estadual;1;461.6;443.8;394.9;579.2;600.0;495.9
4737;Barra da Estiva;BA;Estadual;32;483.12;476.17;452.5;505.66;561.88;495.86
4738;Major Isidoro;AL;Estadual;5;467.88;455.72;466.08;477.58;612.0;495.85
4739;Cruzeiro do Oeste;PR;Estadual;22;518.32;466.35;478.93;478.39;537.27;495.85
4740;Nova Canaã do Norte;MT;Estadual;16;490.56;496.58;441.21;485.87;565.0;495.84
4741;Cariacica;ES;Estadual;588;508.5;489.07;464.45;484.26;532.89;495.83
4742;Condeúba;BA;Estadual;13;506.45;471.22;480.35;459.57;561.54;495.83
4743;Serra dos Aimorés;MG;Estadual;2;526.4;464.0;507.65;391.0;590.0;495.81
4744;Parnaíba;PI;Estadual;279;500.04;471.77;461.57;471.12;574.27;495.75
4745;Pedra Preta;MT;Estadual;32;506.51;468.08;464.4;482.85;556.88;495.74
4746;Assis Chateaubriand;PR;Estadual;25;498.76;482.8;466.88;510.99;519.2;495.73
4747;Gramado Xavier;RS;Estadual;3;477.73;486.9;508.97;458.37;546.67;495.73
4748;Piripiri;PI;Estadual;173;498.26;476.79;463.75;475.56;564.16;495.7
4749;Ipaumirim;CE;Estadual;49;487.88;480.73;455.11;480.41;574.29;495.69
4750;Cametá;PA;Federal;11;490.77;457.12;439.01;475.12;616.36;495.68
4751;Coroatá;MA;Estadual;112;495.81;473.7;450.55;460.23;598.04;495.66
4752;Santa Efigênia de Minas;MG;Estadual;4;547.88;474.38;457.52;478.45;520.0;495.65
4753;Lajinha;MG;Estadual;9;538.11;504.54;459.57;515.96;460.0;495.64
4754;São Domingos do Prata;MG;Estadual;25;516.19;493.52;477.06;489.76;501.6;495.63
4755;Juvenília;MG;Estadual;8;516.14;487.99;470.15;526.38;477.5;495.63
4756;Ipaba;MG;Estadual;12;523.58;496.48;463.47;481.18;513.33;495.61
4757;Piranga;MG;Estadual;13;486.71;490.93;478.72;466.18;555.38;495.59
4758;Forquilhinha;SC;Estadual;29;504.04;492.59;455.76;485.53;540.0;495.58
4759;Bela Vista de Minas;MG;Estadual;10;527.19;489.85;483.48;473.3;504.0;495.56
4760;Itaguaí;RJ;Estadual;158;519.73;489.49;465.26;476.42;526.84;495.55
4761;Santa Luzia;PB;Estadual;39;502.88;484.09;458.64;507.02;525.13;495.55
4762;Vila Maria;RS;Estadual;1;468.5;457.0;466.2;486.0;600.0;495.54
4763;Nilo Peçanha;BA;Privada;7;485.9;493.24;476.57;453.34;568.57;495.53
4764;Juína;MT;Estadual;35;499.22;497.57;477.57;501.57;501.71;495.53
4765;Cacimba de Areia;PB;Estadual;8;474.55;477.28;483.41;479.89;562.5;495.52
4766;Anitápolis;SC;Estadual;7;479.29;502.69;459.27;479.1;557.14;495.5
4767;São João do Jaguaribe;CE;Estadual;13;489.05;482.76;442.4;457.14;606.15;495.5
4768;Palestina do Pará;PA;Estadual;2;509.55;472.15;399.55;466.15;630.0;495.48
4769;Satuba;AL;Estadual;15;486.12;476.27;494.13;491.54;529.33;495.48
4770;Boquim;SE;Estadual;56;479.45;481.22;458.79;461.86;596.07;495.48
4771;Bela Vista do Paraíso;PR;Estadual;18;512.53;486.73;465.87;498.73;513.33;495.44
4772;Gouveia;MG;Estadual;17;499.84;465.94;454.08;505.58;551.76;495.44
4773;Seropédica;RJ;Estadual;138;507.82;485.65;459.54;473.42;550.72;495.43
4774;Castanhal;PA;Estadual;329;496.04;472.55;463.64;468.76;575.87;495.37
4775;Irecê;BA;Estadual;147;491.33;472.32;458.57;486.2;568.44;495.37
4776;Soledade de Minas;MG;Estadual;1;487.8;507.1;484.3;497.6;500.0;495.36
4777;Luiziana;PR;Estadual;7;510.41;486.24;459.37;517.84;502.86;495.35
4778;Missão Velha;CE;Privada;5;479.86;469.28;446.3;473.22;608.0;495.33
4779;Nerópolis;GO;Estadual;66;507.05;484.37;463.67;483.88;537.58;495.31
4780;Buriti de Goiás;GO;Estadual;9;493.28;504.28;437.33;521.44;520.0;495.27
4781;Cambira;PR;Estadual;5;500.84;445.0;507.28;487.06;536.0;495.24
4782;Itapissuma;PE;Estadual;49;500.55;481.61;460.68;473.66;559.59;495.22
4783;Aracruz;ES;Estadual;207;501.07;481.44;457.97;488.03;547.44;495.19
4784;Redenção;CE;Estadual;245;487.0;469.17;454.4;473.09;592.24;495.18
4785;São José do Rio Pardo;SP;Municipal;13;516.04;490.43;462.14;482.64;524.62;495.17
4786;Planura;MG;Estadual;6;536.25;494.95;427.45;473.85;543.33;495.17
4787;Campo Magro;PR;Estadual;27;507.66;505.79;478.5;475.73;508.15;495.16
4788;Mairi;BA;Estadual;20;501.6;488.39;460.11;447.56;578.0;495.13
4789;Cristalândia;TO;Estadual;13;500.87;502.85;447.55;465.85;558.46;495.12
4790;Poções;BA;Estadual;93;499.37;481.71;465.38;475.31;553.76;495.11
4791;Arabutã;SC;Estadual;1;561.2;494.0;469.1;591.2;360.0;495.1
4792;Floresta;PE;Estadual;42;492.28;479.02;460.82;469.1;574.29;495.1
4793;Pinheiro;MA;Federal;82;486.94;479.86;459.34;472.49;576.83;495.09
4794;Vera Cruz;RS;Estadual;25;515.28;486.6;464.96;507.78;500.8;495.08
4795;Vitorino;PR;Estadual;5;481.6;460.92;461.3;479.52;592.0;495.07
4796;Vicência;PE;Estadual;60;487.9;463.69;461.74;480.18;581.67;495.03
4797;Cordeiros;BA;Estadual;20;503.06;485.32;471.71;491.9;523.0;495.0
4798;Nipoã;SP;Estadual;3;541.87;560.83;469.17;502.93;400.0;494.96
4799;Corumbaíba;GO;Municipal;1;472.5;485.2;395.4;581.7;540.0;494.96
4800;Palmópolis;MG;Estadual;4;518.17;483.5;452.2;385.55;635.0;494.88
4801;Ubarana;SP;Estadual;3;532.47;486.97;430.47;471.07;553.33;494.86
4802;Junco do Seridó;PB;Estadual;20;505.94;475.36;445.67;464.17;583.0;494.83
4803;Campos Belos;GO;Estadual;41;487.69;473.85;449.65;475.59;587.32;494.82
4804;Bofete;SP;Estadual;11;507.75;471.3;445.42;489.6;560.0;494.81
4805;Passo de Torres;SC;Estadual;16;512.17;480.49;454.97;482.68;543.75;494.81
4806;Cacoal;RO;Estadual;126;508.11;484.79;466.84;492.49;521.75;494.8
4807;São Miguel das Missões;RS;Estadual;8;516.35;472.12;451.69;506.2;527.5;494.77
4808;Baturité;CE;Estadual;237;491.58;468.49;450.93;480.66;582.19;494.77
4809;Novais;SP;Estadual;4;475.25;481.65;496.35;515.5;505.0;494.75
4810;Nova Olinda do Maranhão;MA;Estadual;9;484.69;466.23;446.74;509.28;566.67;494.72
4811;Porto Esperidião;MT;Estadual;15;527.59;488.63;473.12;494.82;489.33;494.7
4812;Sítio Novo do Tocantins;TO;Estadual;3;480.27;474.2;476.33;502.33;540.0;494.63
4813;Rio Branco;AC;Estadual;955;504.98;486.9;462.16;476.03;543.1;494.63
4814;Timon;MA;Estadual;435;492.46;477.91;460.06;467.95;574.67;494.61
4815;Caicó;RN;Estadual;92;500.1;473.7;463.13;464.49;571.3;494.55
4816;Brumado;BA;Estadual;109;506.13;495.02;469.67;486.51;515.41;494.55
4817;Bela Cruz;CE;Estadual;190;485.58;466.5;450.91;498.68;570.84;494.5
4818;Trabiju;SP;Estadual;4;533.42;515.58;438.65;489.8;495.0;494.49
4819;Campinas do Sul;RS;Estadual;6;501.5;493.2;448.13;469.55;560.0;494.48
4820;Quixadá;CE;Estadual;270;503.4;478.46;457.44;481.99;551.04;494.47
4821;Sidrolândia;MS;Estadual;64;503.72;487.24;473.52;486.32;521.56;494.47
4822;Herval d'Oeste;SC;Estadual;7;516.87;510.03;463.23;507.84;474.29;494.45
4823;Três Palmeiras;RS;Estadual;6;543.93;517.5;438.88;498.52;473.33;494.43
4824;São Fernando;RN;Estadual;8;458.46;453.15;426.28;484.16;650.0;494.41
4825;Ibiúna;SP;Estadual;77;507.71;477.09;456.98;499.12;531.17;494.41
4826;Buritis;RO;Estadual;51;508.46;478.15;478.7;469.11;537.65;494.41
4827;Espírito Santo;RN;Estadual;4;494.68;451.8;435.2;460.25;630.0;494.38
4828;Colniza;MT;Estadual;27;510.88;481.51;468.96;516.41;494.07;494.37
4829;Caarapó;MS;Estadual;51;496.63;476.5;462.62;492.85;543.14;494.35
4830;Aurora;SC;Estadual;9;491.88;505.67;434.33;515.31;524.44;494.33
4831;Itaobim;MG;Privada;2;445.6;435.3;446.8;463.9;680.0;494.32
4832;Atílio Vivacqua;ES;Estadual;18;497.12;490.91;461.86;499.23;522.22;494.27
4833;Maranguape;CE;Estadual;416;497.73;479.68;456.12;476.21;561.54;494.26
4834;Goiana;PE;Estadual;196;501.49;468.09;462.87;481.24;557.55;494.25
4835;Imbé de Minas;MG;Estadual;2;471.3;451.05;442.0;496.8;610.0;494.23
4836;Gonçalves Dias;MA;Estadual;20;475.41;485.4;445.21;466.92;598.0;494.19
4837;Bom Jesus da Serra;BA;Estadual;12;513.55;483.9;469.31;435.78;568.33;494.17
4838;Barra dos Coqueiros;SE;Estadual;10;508.17;481.86;455.49;445.26;580.0;494.16
4839;Fernando Prestes;SP;Estadual;2;484.75;530.85;435.95;449.2;570.0;494.15
4840;Capitão Enéas;MG;Estadual;11;489.15;468.49;471.12;505.65;536.36;494.15
4841;Umari;CE;Estadual;38;499.1;468.3;444.91;476.77;581.58;494.13
4842;Ouvidor;GO;Estadual;3;529.77;490.43;446.27;504.1;500.0;494.11
4843;Bacabal;MA;Estadual;198;490.93;474.46;456.8;477.58;570.61;494.08
4844;Colméia;TO;Estadual;19;490.14;471.03;454.46;484.1;570.53;494.05
4845;Rio Preto;MG;Estadual;4;538.35;503.98;486.5;511.4;430.0;494.04
4846;Santa Maria;RN;Estadual;3;458.33;508.47;458.0;471.97;573.33;494.02
4847;Bom Conselho;PE;Estadual;80;491.56;472.83;458.19;469.49;578.0;494.01
4848;Conceição da Barra;ES;Estadual;45;501.12;486.46;463.08;483.66;535.56;493.98
4849;Feira Nova;SE;Estadual;4;440.48;426.83;454.95;577.58;570.0;493.96
4850;Itajá;GO;Estadual;1;515.3;537.0;431.2;546.2;440.0;493.94
4851;Bocaiúva do Sul;PR;Estadual;12;515.51;522.23;484.51;484.08;463.33;493.93
4852;Florínea;SP;Estadual;4;504.7;481.78;451.2;516.65;515.0;493.86
4853;Ibema;PR;Estadual;3;508.77;529.4;450.2;460.8;520.0;493.83
4854;São Jerônimo;RS;Estadual;11;511.92;497.84;431.49;482.34;545.45;493.81
4855;Upanema;RN;Estadual;20;477.29;483.97;450.12;485.68;572.0;493.81
4856;Dionísio Cerqueira;SC;Estadual;8;489.39;483.21;495.46;475.94;525.0;493.8
4857;Abaiara;CE;Estadual;48;482.5;462.91;443.11;452.57;627.92;493.8
4858;Cuiabá;MT;Estadual;941;505.75;484.99;460.45;479.97;537.45;493.72
4859;Quissamã;RJ;Estadual;18;507.48;474.85;459.6;486.65;540.0;493.72
4860;Riacho de Santo Antônio;PB;Estadual;7;488.66;500.67;426.3;475.81;577.14;493.72
4861;Monteiro;PB;Privada;13;499.95;495.05;454.05;471.78;547.69;493.7
4862;São Gabriel da Cachoeira;AM;Federal;19;495.63;503.07;460.86;475.22;533.68;493.69
4863;Baraúna;RN;Estadual;38;480.03;473.75;455.25;459.34;600.0;493.67
4864;Capitão;RS;Estadual;2;528.95;497.8;391.3;480.3;570.0;493.67
4865;Leoberto Leal;SC;Estadual;7;496.9;502.67;470.81;535.04;462.86;493.66
4866;Salto de Pirapora;SP;Estadual;41;508.89;479.1;467.63;486.65;525.85;493.63
4867;São Miguel do Iguaçu;PR;Estadual;44;505.27;503.83;469.48;515.82;473.64;493.61
4868;Queimados;RJ;Estadual;166;510.61;479.37;460.34;474.86;542.77;493.59
4869;Sales Oliveira;SP;Estadual;3;520.4;491.53;436.5;466.1;553.33;493.57
4870;Santa Rosa do Sul;SC;Estadual;7;513.31;500.14;475.54;498.76;480.0;493.55
4871;Minador do Negrão;AL;Estadual;13;491.75;452.4;448.45;453.55;621.54;493.54
4872;Serra Branca;PB;Estadual;34;476.38;489.39;463.44;477.85;560.59;493.53
4873;Santo Antônio das Missões;RS;Estadual;12;507.68;514.71;451.64;498.52;495.0;493.51
4874;Curiúva;PR;Estadual;21;514.85;496.51;475.51;488.24;492.38;493.5
4875;Macambira;SE;Estadual;11;463.08;508.71;460.06;444.64;590.91;493.48
4876;Beberibe;CE;Estadual;312;493.66;475.21;458.1;480.56;559.87;493.48
4877;Pilõezinhos;PB;Estadual;5;465.64;467.24;453.88;444.58;636.0;493.47
4878;Paranapanema;SP;Estadual;16;521.25;481.35;453.26;506.36;505.0;493.45
4879;Pirapetinga;MG;Estadual;7;493.43;501.47;458.07;448.51;565.71;493.44
4880;Ivaiporã;PR;Estadual;23;508.37;491.28;458.79;486.97;521.74;493.43
4881;Barra de São Miguel;PB;Estadual;5;501.28;503.7;472.18;469.8;520.0;493.39
4882;Wenceslau Braz;PR;Estadual;13;519.64;498.38;444.99;468.45;535.38;493.37
4883;Cruz Machado;PR;Estadual;3;474.4;489.2;446.57;543.37;513.33;493.37
4884;Pedro Gomes;MS;Estadual;9;507.64;462.14;453.51;465.71;577.78;493.36
4885;Jacobina;BA;Estadual;120;506.45;480.22;458.48;477.25;544.33;493.35
4886;Antonina do Norte;CE;Estadual;28;495.11;494.59;457.53;493.8;525.71;493.35
4887;Aparecida;SP;Privada;2;486.35;456.25;428.15;505.95;590.0;493.34
4888;Santa Rita;PB;Estadual;180;502.62;488.5;453.92;474.68;547.0;493.34
4889;Tamarana;PR;Estadual;5;492.66;518.62;416.62;506.52;532.0;493.28
4890;Santo Antônio do Grama;MG;Estadual;2;514.65;514.35;477.3;539.7;420.0;493.2
4891;Simões Filho;BA;Estadual;141;505.2;478.47;458.34;479.91;543.97;493.18
4892;Natividade;RJ;Estadual;15;514.92;481.18;458.87;482.92;528.0;493.18
4893;Paiva;MG;Estadual;2;498.0;524.2;451.5;422.15;570.0;493.17
4894;Bertioga;SP;Estadual;67;519.79;468.44;468.53;487.29;521.79;493.17
4895;Acari;RN;Estadual;24;477.42;488.88;447.97;473.95;577.5;493.14
4896;Cícero Dantas;BA;Estadual;54;496.59;497.85;458.7;477.6;534.81;493.11
4897;Manhumirim;MG;Estadual;21;499.51;479.67;454.57;485.07;546.67;493.1
4898;Palmeiras de Goiás;GO;Estadual;33;507.75;483.22;463.95;462.01;548.48;493.08
4899;Ibipeba;BA;Estadual;18;484.43;476.58;472.79;477.06;554.44;493.06
4900;Camacan;BA;Estadual;22;494.81;479.73;452.74;484.08;553.64;493.0
4901;Assaré;CE;Estadual;145;491.87;481.2;452.46;493.26;546.07;492.97
4902;Araci;BA;Estadual;26;492.09;484.34;456.02;486.24;546.15;492.97
4903;Ivaí;PR;Estadual;14;516.43;534.02;484.9;506.51;422.86;492.94
4904;Laranjal;PR;Estadual;1;494.5;544.3;481.3;604.4;340.0;492.9
4905;Alto do Rodrigues;RN;Estadual;48;499.15;464.91;453.46;467.32;579.58;492.89
4906;Geminiano;PI;Estadual;7;457.26;463.19;430.83;458.89;654.29;492.89
4907;Acopiara;CE;Estadual;245;490.32;474.81;447.42;475.5;576.33;492.88
4908;Paulicéia;SP;Estadual;5;514.72;495.6;478.04;487.98;488.0;492.87
4909;Andaraí;BA;Estadual;16;506.32;475.84;458.99;469.37;553.75;492.86
4910;Catingueira;PB;Estadual;8;502.15;458.78;449.12;484.18;570.0;492.84
4911;São Gonçalo do Amarante;CE;Estadual;423;488.59;472.19;451.72;485.39;566.24;492.83
4912;Itaueira;PI;Estadual;6;505.02;488.48;470.18;497.12;503.33;492.83
4913;Igaratá;SP;Estadual;7;500.57;477.11;458.47;516.54;511.43;492.83
4914;Dilermando de Aguiar;RS;Estadual;4;566.83;516.08;418.25;432.78;530.0;492.78
4915;Parobé;RS;Municipal;1;528.2;558.4;474.3;502.9;400.0;492.76
4916;Querência do Norte;PR;Estadual;15;500.19;477.21;458.71;484.95;542.67;492.75
4917;Glória;BA;Estadual;26;498.81;481.7;473.3;453.66;556.15;492.73
4918;Montadas;PB;Estadual;13;473.8;488.02;425.94;503.52;572.31;492.72
4919;Passira;PE;Estadual;80;490.94;468.15;470.9;491.09;542.5;492.72
4920;Catanduvas;SC;Estadual;4;498.75;478.8;467.98;468.1;550.0;492.72
4921;Maracaju;MS;Estadual;67;515.57;489.12;470.36;495.67;492.84;492.71
4922;Vitória de Santo Antão;PE;Estadual;139;497.92;473.78;456.73;484.36;550.5;492.66
4923;Redenção;PA;Estadual;214;499.86;475.29;461.75;476.67;549.72;492.66
4924;Ferros;MG;Estadual;7;511.3;519.81;452.86;473.6;505.71;492.66
4925;Cassilândia;MS;Estadual;32;496.77;485.33;465.92;483.73;531.25;492.6
4926;Uruará;PA;Estadual;35;508.78;493.57;461.9;467.31;531.43;492.6
4927;Quixelô;CE;Estadual;34;497.66;473.35;455.26;490.15;546.47;492.58
4928;Coqueiro Baixo;RS;Estadual;2;506.25;451.35;509.35;505.65;490.0;492.52
4929;Olivedos;PB;Estadual;9;503.19;489.96;425.39;450.61;593.33;492.5
4930;Mombaça;CE;Estadual;195;484.32;477.64;454.72;485.62;560.1;492.48
4931;Campinaçu;GO;Estadual;7;502.29;491.3;465.43;514.61;488.57;492.44
4932;Lagoa de Dentro;PB;Estadual;10;509.38;464.25;461.95;488.52;538.0;492.42
4933;São Domingos;SE;Estadual;31;477.8;465.11;462.38;472.2;584.52;492.4
4934;Volta Grande;MG;Estadual;3;493.13;468.8;450.43;469.63;580.0;492.4
4935;Fruta de Leite;MG;Estadual;6;505.37;458.9;425.92;495.08;576.67;492.39
4936;Águas Vermelhas;MG;Estadual;20;482.04;464.18;444.56;489.14;582.0;492.38
4937;Rio Branco;AC;Municipal;2;478.9;481.05;531.05;500.9;470.0;492.38
4938;Serrinha;BA;Estadual;161;502.45;481.72;458.51;470.31;548.94;492.38
4939;Tarabai;SP;Estadual;4;503.7;461.35;502.58;499.22;495.0;492.37
4940;Paulo Afonso;BA;Estadual;342;504.66;484.77;457.56;474.62;540.12;492.35
4941;Quartel Geral;MG;Estadual;5;482.6;497.24;478.26;479.64;524.0;492.35
4942;Tanhaçu;BA;Estadual;28;492.34;471.64;455.29;482.44;560.0;492.34
4943;Ibirajuba;PE;Estadual;2;524.15;518.15;429.0;410.35;580.0;492.33
4944;Belém;PA;Estadual;3020;499.68;476.91;455.29;468.98;560.77;492.33
4945;Sete Quedas;MS;Estadual;16;501.92;465.65;466.7;490.96;536.25;492.29
4946;Lençóis;BA;Estadual;8;508.65;471.15;471.96;491.89;517.5;492.23
4947;Tucano;BA;Estadual;47;494.43;470.21;458.67;477.41;560.43;492.23
4948;Minas do Leão;RS;Estadual;12;523.48;493.52;466.46;512.69;465.0;492.23
4949;Cabixi;RO;Estadual;3;537.37;487.23;493.37;469.8;473.33;492.22
4950;Renascença;PR;Estadual;4;476.32;504.12;513.15;492.35;475.0;492.19
4951;Timbaúba dos Batistas;RN;Estadual;3;472.6;510.8;517.33;493.53;466.67;492.19
4952;Santana de Parnaíba;SP;Municipal;219;506.12;481.79;457.41;491.17;524.38;492.17
4953;Matões;MA;Estadual;59;490.74;460.82;457.2;467.64;584.41;492.16
4954;Bento Fernandes;RN;Estadual;2;507.85;461.85;465.9;425.15;600.0;492.15
4955;Ivinhema;MS;Estadual;49;500.81;487.81;458.37;465.51;548.16;492.13
4956;Esperantina;PI;Estadual;78;496.87;481.89;450.52;467.78;563.59;492.13
4957;Porto Seguro;BA;Estadual;168;510.83;483.57;460.74;468.97;536.31;492.08
4958;Alpinópolis;MG;Estadual;32;503.9;481.02;475.44;492.54;507.5;492.08
4959;Castilho;SP;Estadual;20;494.42;459.86;457.28;501.79;547.0;492.07
4960;Brejo da Madre de Deus;PE;Estadual;54;501.05;481.31;456.36;485.65;535.93;492.06
4961;Mãe do Rio;PA;Estadual;68;495.58;466.59;450.05;475.09;572.94;492.05
4962;Romelândia;SC;Estadual;6;483.65;499.05;484.77;542.8;450.0;492.05
4963;Barra do Garças;MT;Estadual;95;500.55;484.32;461.35;484.39;529.47;492.02
4964;Retirolândia;BA;Estadual;24;485.22;497.95;476.21;468.99;531.67;492.01
4965;Jacundá;PA;Municipal;5;492.8;510.5;462.96;469.66;524.0;491.98
4966;Brejo Santo;CE;Estadual;254;488.2;475.23;452.87;473.74;569.53;491.91
4967;Abreu e Lima;PE;Estadual;160;504.84;474.01;462.35;475.89;542.25;491.87
4968;Naviraí;MS;Estadual;39;500.77;490.65;446.57;498.75;522.56;491.86
4969;Palmeira do Piauí;PI;Estadual;9;490.83;482.89;463.29;451.18;571.11;491.86
4970;Carneiros;AL;Estadual;11;487.91;473.13;462.19;441.23;594.55;491.8
4971;Boa Vista do Incra;RS;Estadual;3;492.23;504.53;407.8;474.4;580.0;491.79
4972;Faria Lemos;MG;Estadual;5;450.04;428.66;472.52;499.7;608.0;491.78
4973;São José dos Quatro Marcos;MT;Estadual;41;489.83;469.22;461.81;449.48;588.29;491.73
4974;Dias d'Ávila;BA;Estadual;107;510.2;474.29;463.23;479.15;531.59;491.69
4975;Alto Rio Doce;MG;Estadual;21;520.3;485.03;457.69;493.54;501.9;491.69
4976;Jumirim;SP;Estadual;3;521.67;474.13;484.17;518.43;460.0;491.68
4977;Mesquita;RJ;Estadual;142;510.73;483.39;458.17;479.17;526.9;491.67
4978;Xapuri;AC;Estadual;3;462.03;463.13;452.2;494.23;586.67;491.65
4979;Barreiros;PE;Estadual;81;493.44;449.5;452.98;489.96;572.35;491.65
4980;Coronel Martins;SC;Estadual;6;504.35;521.18;436.27;486.47;510.0;491.65
4981;Bela Vista do Toldo;SC;Estadual;10;504.3;472.56;465.05;498.25;518.0;491.63
4982;Lebon Régis;SC;Estadual;9;503.62;468.6;461.02;471.49;553.33;491.61
4983;Agrestina;PE;Estadual;29;490.91;478.98;453.63;480.03;554.48;491.61
4984;Morro do Chapéu;BA;Estadual;29;508.26;498.22;454.31;473.11;524.14;491.61
4985;Araruna;PB;Estadual;51;489.37;467.76;448.99;470.67;581.18;491.6
4986;Trairão;PA;Municipal;3;526.37;452.53;492.4;473.37;513.33;491.6
4987;Coronel Vivida;PR;Estadual;40;513.44;483.72;461.56;478.13;521.0;491.57
4988;Pirapemas;MA;Estadual;13;475.7;464.84;434.15;472.34;610.77;491.56
4989;Cruzeiro do Sul;PR;Estadual;3;548.03;491.43;441.9;449.67;526.67;491.54
4990;Paranaguá;PR;Estadual;194;512.28;491.08;459.58;478.99;515.77;491.54
4991;Pacaembu;SP;Estadual;1;507.6;446.4;413.3;530.4;560.0;491.54
4992;Pouso Redondo;SC;Estadual;16;514.41;500.74;471.02;500.17;471.25;491.52
4993;Tracunhaém;PE;Estadual;55;489.63;474.45;454.91;481.75;556.73;491.49
4994;Andaraí;BA;Privada;8;490.46;476.3;479.65;465.86;545.0;491.46
4995;Piracanjuba;GO;Estadual;43;509.23;479.7;456.05;470.02;542.33;491.46
4996;Jaguaribe;CE;Estadual;185;485.55;463.67;450.68;477.8;579.57;491.45
4997;Taiobeiras;MG;Estadual;34;489.55;480.96;463.19;496.39;527.06;491.43
4998;Tarauacá;AC;Estadual;53;505.74;473.85;449.05;479.79;548.68;491.42
4999;Tacaratu;PE;Estadual;59;495.07;478.78;457.65;473.72;551.86;491.42
5000;Cacimba de Dentro;PB;Estadual;37;488.75;480.32;447.49;458.26;582.16;491.4
5001;Cidade Gaúcha;PR;Estadual;17;505.13;471.98;453.93;473.03;552.94;491.4
5002;Belém;PB;Estadual;23;501.7;475.03;460.4;471.1;548.7;491.38
5003;Jaicós;PI;Estadual;19;492.14;466.92;440.9;468.43;588.42;491.36
5004;José Gonçalves de Minas;MG;Estadual;7;448.8;470.83;454.96;496.46;585.71;491.35
5005;Passa e Fica;RN;Estadual;15;481.5;463.3;451.27;493.94;566.67;491.33
5006;Igrapiúna;BA;Estadual;11;501.79;469.37;442.85;469.85;572.73;491.32
5007;Canabrava do Norte;MT;Estadual;3;494.33;471.27;435.9;488.4;566.67;491.31
5008;Monte Alegre de Minas;MG;Estadual;25;520.29;496.3;456.87;456.56;526.4;491.28
5009;Barrocas;BA;Estadual;41;489.48;482.02;457.12;488.1;539.51;491.25
5010;Ilhéus;BA;Estadual;196;503.79;483.58;459.51;478.23;531.02;491.23
5011;Campo Alegre;SC;Estadual;5;501.84;539.5;464.6;454.18;496.0;491.22
5012;Pindorama;SP;Estadual;16;520.83;468.91;461.52;472.34;532.5;491.22
5013;São Domingos do Cariri;PB;Municipal;3;534.63;486.87;463.8;517.17;453.33;491.16
5014;São Miguel do Fidalgo;PI;Estadual;6;526.07;461.6;447.18;457.58;563.33;491.15
5015;Motuca;SP;Estadual;1;556.3;434.5;535.3;369.3;560.0;491.08
5016;Catanduvas;PR;Estadual;7;495.69;513.5;469.67;462.23;514.29;491.07
5017;Engenheiro Beltrão;PR;Estadual;6;509.07;496.4;476.3;473.53;500.0;491.06
5018;Caibaté;RS;Estadual;2;489.8;495.35;439.5;490.65;540.0;491.06
5019;Estrela de Alagoas;AL;Estadual;11;472.05;455.11;469.12;477.04;581.82;491.03
5020;Guaíra;PR;Estadual;55;508.53;478.31;460.22;488.35;519.64;491.01
5021;Santana do Riacho;MG;Estadual;6;498.8;494.63;453.87;444.38;563.33;491.0
5022;Varjão;GO;Estadual;6;504.98;483.37;434.43;485.48;546.67;490.99
5023;São Francisco;MG;Estadual;82;510.4;480.44;466.2;484.23;513.66;490.99
5024;São Jorge do Patrocínio;PR;Estadual;4;509.88;469.4;468.42;512.25;495.0;490.99
5025;Boqueirão;PB;Estadual;50;493.85;462.9;452.8;471.55;573.6;490.94
5026;Porto Lucena;RS;Estadual;5;528.28;501.28;487.1;466.0;472.0;490.93
5027;Amarante do Maranhão;MA;Estadual;26;478.11;468.44;463.0;473.48;571.54;490.91
5028;Conde;PB;Estadual;18;518.56;487.44;474.1;459.86;514.44;490.88
5029;Uruburetama;CE;Estadual;234;485.32;467.47;454.97;476.12;570.51;490.88
5030;Exu;PE;Estadual;31;497.48;470.21;450.05;465.64;570.97;490.87
5031;Central;BA;Estadual;12;484.36;487.97;440.34;453.23;588.33;490.85
5032;Inhangapi;PA;Estadual;5;521.56;483.78;477.82;443.08;528.0;490.85
5033;Tabatinga;SP;Estadual;15;512.55;479.58;469.55;465.85;526.67;490.84
5034;Marabá;PA;Estadual;604;489.18;471.87;452.71;466.48;573.97;490.84
5035;Jaguaruna;SC;Estadual;20;496.19;495.76;443.28;474.81;544.0;490.81
5036;Córrego Novo;MG;Estadual;2;397.0;478.55;503.7;524.65;550.0;490.78
5037;Candeias;BA;Estadual;137;497.38;487.12;458.97;473.68;536.64;490.76
5038;São João d'Aliança;GO;Estadual;23;495.49;484.38;457.36;485.17;531.3;490.74
5039;Camalaú;PB;Estadual;19;490.23;505.81;465.04;472.62;520.0;490.74
5040;Irará;BA;Estadual;45;498.71;467.1;462.17;474.62;551.11;490.74
5041;São Francisco do Sul;SC;Estadual;27;503.21;498.46;446.45;482.58;522.96;490.73
5042;Porciúncula;RJ;Privada;4;502.5;436.58;475.9;478.6;560.0;490.72
5043;Conceição do Coité;BA;Estadual;118;498.7;475.95;456.08;481.19;541.53;490.69
5044;Ocauçu;SP;Estadual;5;533.12;468.58;494.08;509.66;448.0;490.69
5045;Paranaíba;MS;Estadual;69;494.42;481.44;461.76;472.28;543.48;490.68
5046;Posse;GO;Estadual;61;496.11;473.63;459.58;483.54;540.33;490.64
5047;Barra do Turvo;SP;Estadual;14;513.65;464.57;462.74;487.41;524.29;490.53
5048;Montes Claros de Goiás;GO;Estadual;17;504.04;481.12;460.28;494.22;512.94;490.52
5049;Itacajá;TO;Estadual;28;478.48;485.63;442.97;474.1;571.43;490.52
5050;São Brás;AL;Estadual;7;476.81;441.74;461.4;495.4;577.14;490.5
5051;Guatapará;SP;Estadual;7;497.83;446.54;493.87;474.2;540.0;490.49
5052;São Braz do Piauí;PI;Estadual;8;471.9;426.54;429.32;471.82;652.5;490.42
5053;Pacoti;CE;Estadual;57;481.52;465.7;445.63;440.67;618.6;490.42
5054;Ribeirão;PE;Estadual;58;501.79;456.96;456.48;471.58;565.17;490.4
5055;Nova Cruz;RN;Estadual;50;495.03;481.36;446.19;471.78;557.6;490.39
5056;Bom Sucesso de Itararé;SP;Estadual;3;482.67;484.5;470.7;547.33;466.67;490.37
5057;Isaías Coelho;PI;Estadual;14;497.03;458.96;439.64;457.61;598.57;490.36
5058;Capão Alto;SC;Estadual;1;516.6;486.9;528.9;519.3;400.0;490.34
5059;Nova Bandeirantes;MT;Estadual;7;478.69;468.83;437.69;474.91;591.43;490.31
5060;Delfim Moreira;MG;Estadual;10;526.66;454.9;443.3;518.62;508.0;490.3
5061;Serra Talhada;PE;Estadual;150;488.15;472.15;460.14;487.88;543.07;490.28
5062;Felisburgo;MG;Estadual;1;463.5;422.6;450.5;414.8;700.0;490.28
5063;Rolador;RS;Estadual;3;422.33;449.67;452.87;459.77;666.67;490.26
5064;Poção de Pedras;MA;Estadual;25;490.48;469.97;452.02;448.91;589.6;490.2
5065;Guaiúba;CE;Estadual;199;487.82;464.53;459.48;465.69;573.37;490.18
5066;Riacho dos Cavalos;PB;Estadual;8;470.82;473.76;461.84;461.91;582.5;490.17
5067;Campestre do Maranhão;MA;Estadual;13;499.98;453.59;452.85;425.88;618.46;490.15
5068;Alpestre;RS;Estadual;10;489.83;454.59;439.58;482.67;584.0;490.13
5069;Serra de São Bento;RN;Estadual;4;477.25;464.5;421.78;527.08;560.0;490.12
5070;Tuiuti;SP;Estadual;3;501.2;490.0;444.77;494.6;520.0;490.11
5071;Salvador;BA;Municipal;7;480.46;496.67;456.84;450.66;565.71;490.07
5072;Ouroeste;SP;Estadual;17;489.12;480.45;464.54;496.27;520.0;490.07
5073;Caraúbas;RN;Estadual;19;505.82;473.94;466.57;463.95;540.0;490.06
5074;Betânia do Piauí;PI;Estadual;18;490.42;468.32;436.55;510.49;544.44;490.04
5075;Currais Novos;RN;Estadual;107;497.81;467.51;456.97;480.39;547.48;490.03
5076;Santa Bárbara do Tugúrio;MG;Estadual;2;464.05;464.6;488.7;522.6;510.0;489.99
5077;Puxinanã;PB;Estadual;28;480.95;474.35;447.47;455.73;591.43;489.98
5078;Pedra Branca;CE;Estadual;272;486.48;470.61;460.8;474.58;557.43;489.98
5079;Cachoeira Alta;GO;Estadual;7;482.6;472.2;452.7;525.11;517.14;489.95
5080;Tabapuã;SP;Estadual;5;474.1;482.02;485.96;539.54;468.0;489.92
5081;Jardinópolis;SC;Estadual;3;475.27;512.3;445.73;529.57;486.67;489.91
5082;Baraúna;PB;Estadual;19;483.65;465.36;442.88;487.06;570.53;489.9
5083;Venturosa;PE;Estadual;28;501.03;488.82;450.41;474.83;534.29;489.88
5084;Caldas;MG;Estadual;5;513.06;437.0;468.06;527.16;504.0;489.86
5085;Diamantino;MT;Estadual;21;497.24;497.29;477.41;477.38;500.0;489.86
5086;Condado;PB;Estadual;17;502.29;473.64;438.37;436.15;598.82;489.85
5087;Itarumã;GO;Estadual;11;508.44;451.94;421.77;487.12;580.0;489.85
5088;Itanhangá;MT;Estadual;8;503.31;479.62;441.18;512.6;512.5;489.84
5089;Estreito;MA;Estadual;29;492.72;473.6;459.45;477.82;545.52;489.82
5090;Aricanduva;MG;Estadual;9;494.42;483.58;464.38;468.7;537.78;489.77
5091;Bayeux;PB;Estadual;98;498.61;475.8;452.7;474.14;547.55;489.76
5092;Solonópole;CE;Estadual;65;491.18;463.34;448.9;477.38;568.0;489.76
5093;Pinheiral;RJ;Privada;4;507.78;463.22;438.65;464.08;575.0;489.74
5094;Içara;SC;Municipal;2;459.85;501.85;458.35;418.65;610.0;489.74
5095;Neópolis;SE;Estadual;28;480.21;476.33;461.11;466.71;564.29;489.73
5096;Orobó;PE;Estadual;83;479.05;457.67;454.36;458.81;598.55;489.69
5097;Santana do Ipanema;AL;Estadual;50;494.72;457.82;444.16;466.08;585.6;489.68
5098;Chapada do Norte;MG;Estadual;37;493.89;475.75;460.63;466.79;551.35;489.68
5099;Tremedal;BA;Estadual;13;474.85;472.33;453.29;478.62;569.23;489.66
5100;Quatiguá;PR;Estadual;14;515.24;456.25;454.34;489.63;532.86;489.66
5101;Croatá;CE;Estadual;79;493.45;468.07;461.24;472.32;553.16;489.65
5102;Rio Brilhante;MS;Estadual;52;507.8;488.1;478.42;474.64;499.23;489.64
5103;Peixe-Boi;PA;Estadual;10;484.19;478.45;423.07;420.42;642.0;489.63
5104;Barra;BA;Privada;5;506.86;465.24;453.96;466.04;556.0;489.62
5105;Aracati;CE;Estadual;302;498.75;472.9;446.91;479.62;549.8;489.6
5106;Nova Olímpia;MT;Estadual;30;488.41;456.74;463.71;473.1;566.0;489.59
5107;Aceguá;RS;Estadual;2;502.75;460.0;421.45;443.75;620.0;489.59
5108;Pontal;SP;Estadual;53;513.16;488.59;472.16;466.42;507.55;489.58
5109;Santa Rosa de Viterbo;SP;Estadual;23;509.87;476.53;450.61;471.71;539.13;489.57
5110;Caucaia;CE;Estadual;929;497.72;478.15;459.24;475.42;537.27;489.56
5111;São Francisco do Pará;PA;Estadual;18;478.83;440.52;454.63;461.48;612.22;489.54
5112;São Vicente do Seridó;PB;Estadual;15;485.21;465.75;458.83;461.88;576.0;489.53
5113;Colômbia;SP;Estadual;4;497.12;512.15;498.98;589.38;350.0;489.52
5114;Rio de Contas;BA;Municipal;1;461.9;505.9;448.6;391.1;640.0;489.5
5115;Santo Amaro da Imperatriz;SC;Municipal;2;476.95;515.15;426.55;448.75;580.0;489.48
5116;Ingá;PB;Estadual;61;477.7;467.5;459.97;455.59;586.56;489.46
5117;Terezópolis de Goiás;GO;Estadual;17;491.88;466.48;453.68;456.27;578.82;489.42
5118;Conceição do Rio Verde;MG;Estadual;5;500.92;490.64;442.78;496.74;516.0;489.42
5119;Palmeiras;BA;Estadual;13;489.87;444.69;484.63;486.21;541.54;489.39
5120;Rio Sono;TO;Estadual;4;529.28;469.25;434.65;503.42;510.0;489.32
5121;Camocim de São Félix;PE;Estadual;29;491.81;486.67;451.93;493.39;522.76;489.31
5122;Planaltina;GO;Estadual;234;506.28;472.01;460.42;472.37;535.38;489.29
5123;Dona Emma;SC;Estadual;4;507.85;519.55;477.5;461.48;480.0;489.28
5124;Santo Expedito;SP;Estadual;6;487.78;465.53;467.98;454.9;570.0;489.24
5125;Itaparica;BA;Estadual;52;502.92;480.55;467.98;475.14;519.62;489.24
5126;Santo Antônio do Descoberto;GO;Estadual;81;502.35;476.24;449.58;458.4;559.51;489.21
5127;Capitão Poço;PA;Estadual;88;489.09;466.9;461.1;464.83;564.09;489.2
5128;Afonso Cláudio;ES;Estadual;52;498.52;489.01;460.2;464.81;533.46;489.2
5129;Nazaré da Mata;PE;Municipal;1;502.8;493.6;495.6;434.0;520.0;489.2
5130;Frecheirinha;CE;Estadual;55;483.08;469.33;457.02;475.05;561.45;489.19
5131;Imaculada;PB;Estadual;14;492.38;492.6;437.38;429.09;594.29;489.15
5132;Seabra;BA;Estadual;86;502.35;474.38;463.15;469.51;536.28;489.13
5133;Itamaraju;BA;Municipal;1;472.3;465.0;463.4;464.8;580.0;489.1
5134;Quintana;SP;Estadual;6;478.4;477.85;427.48;488.43;573.33;489.1
5135;Fernando Falcão;MA;Estadual;1;395.2;511.5;564.8;493.9;480.0;489.08
5136;Novo Planalto;GO;Estadual;8;481.14;436.31;432.46;487.96;607.5;489.08
5137;Nova Porteirinha;MG;Estadual;2;544.1;541.85;493.65;385.65;480.0;489.05
5138;Malhada;BA;Estadual;9;481.83;485.46;427.93;463.34;586.67;489.05
5139;Ibituruna;MG;Estadual;1;498.0;527.1;409.7;350.4;660.0;489.04
5140;Itapirapuã Paulista;SP;Estadual;5;507.1;433.34;450.18;506.52;548.0;489.03
5141;Itaguajé;PR;Estadual;5;482.3;470.32;455.9;516.62;520.0;489.03
5142;Mato Grosso;PB;Estadual;5;491.52;477.72;466.3;465.52;544.0;489.01
5143;Januária;MG;Estadual;62;493.13;470.77;462.58;469.42;549.03;488.99
5144;Ourilândia do Norte;PA;Estadual;42;499.44;466.06;457.58;456.46;565.24;488.96
5145;Remígio;PB;Estadual;51;481.01;470.38;462.74;469.46;561.18;488.95
5146;Salgadinho;PE;Estadual;31;490.42;476.97;458.8;480.45;538.06;488.94
5147;Canavieiras;BA;Estadual;22;496.76;487.04;444.35;460.14;556.36;488.93
5148;Anapurus;MA;Estadual;22;496.77;489.2;455.23;467.92;535.45;488.92
5149;Caldeirão Grande do Piauí;PI;Estadual;10;486.13;503.2;431.97;475.25;548.0;488.91
5150;São Benedito;CE;Estadual;380;483.0;466.45;453.27;468.68;572.95;488.87
5151;Guatambú;SC;Estadual;9;511.58;485.36;462.16;514.07;471.11;488.85
5152;Carlos Chagas;MG;Estadual;24;515.86;465.89;454.3;480.71;527.5;488.85
5153;Peixe;TO;Estadual;12;477.13;465.65;469.08;488.97;543.33;488.83
5154;Brodowski;SP;Estadual;9;479.88;482.14;453.47;484.08;544.44;488.8
5155;Rodelas;BA;Estadual;15;473.83;458.15;445.73;488.92;577.33;488.79
5156;Cruzeiro do Sul;AC;Estadual;324;497.06;477.06;456.65;461.63;551.42;488.76
5157;Cosmorama;SP;Estadual;2;501.1;486.35;503.65;492.7;460.0;488.76
5158;Flor do Sertão;SC;Estadual;2;480.85;526.8;431.4;544.7;460.0;488.75
5159;Tomar do Geru;SE;Estadual;15;493.94;463.68;446.41;473.07;566.67;488.75
5160;Senador La Rocque;MA;Estadual;29;495.65;476.36;451.46;471.94;548.28;488.74
5161;Uruará;PA;Municipal;7;511.31;500.41;502.03;475.59;454.29;488.73
5162;Silvanópolis;TO;Estadual;6;501.6;477.28;455.67;465.57;543.33;488.69
5163;São Vendelino;RS;Estadual;2;538.55;551.0;461.95;391.75;500.0;488.65
5164;Palmácia;CE;Estadual;141;488.72;476.74;448.03;458.81;570.92;488.65
5165;Tianguá;CE;Estadual;417;489.55;470.82;454.41;484.98;543.36;488.62
5166;Guaraci;PR;Estadual;6;516.38;495.2;450.27;527.68;453.33;488.57
5167;Reduto;MG;Estadual;5;543.1;479.1;441.38;435.06;544.0;488.53
5168;São José da Varginha;MG;Estadual;2;534.75;490.8;485.45;521.65;410.0;488.53
5169;Lagoa da Canoa;AL;Estadual;25;471.16;466.7;460.01;483.14;561.6;488.52
5170;São José do Brejo do Cruz;PB;Estadual;5;507.6;474.68;462.98;437.3;560.0;488.51
5171;Bom Jardim da Serra;SC;Estadual;4;506.7;479.22;457.0;459.52;540.0;488.49
5172;Apuí;AM;Estadual;16;483.42;490.3;473.49;492.69;502.5;488.48
5173;Itacaré;BA;Estadual;20;512.96;506.3;465.27;462.84;495.0;488.47
5174;Areial;PB;Municipal;3;506.13;502.87;462.7;490.5;480.0;488.44
5175;Miracema do Tocantins;TO;Estadual;43;489.79;477.3;455.26;479.33;540.47;488.43
5176;Delfinópolis;MG;Estadual;7;497.26;507.6;451.21;474.6;511.43;488.42
5177;Santa Terezinha do Progresso;SC;Estadual;8;502.51;502.2;478.8;446.04;512.5;488.41
5178;Chavantes;SP;Estadual;5;506.34;501.58;498.18;487.88;448.0;488.4
5179;Colorado do Oeste;RO;Estadual;26;485.65;463.85;464.81;505.26;522.31;488.38
5180;São Paulo do Potengi;RN;Privada;4;466.33;438.9;466.22;470.42;600.0;488.38
5181;Trairão;PA;Estadual;12;465.98;469.22;479.34;445.71;581.67;488.38
5182;Itabaianinha;SE;Estadual;73;483.92;467.48;449.52;461.75;579.18;488.37
5183;Alvinlândia;SP;Estadual;1;549.2;462.8;481.2;508.6;440.0;488.36
5184;Aporá;BA;Estadual;24;490.2;484.44;455.69;432.28;579.17;488.36
5185;Vila Nova do Sul;RS;Estadual;8;509.12;505.11;439.19;498.08;490.0;488.3
5186;Bonfinópolis;GO;Estadual;10;509.1;495.15;449.84;473.35;514.0;488.29
5187;Altinho;PE;Estadual;76;495.18;473.69;459.83;470.12;542.63;488.29
5188;Tucumã;PA;Municipal;6;499.98;489.8;444.18;464.1;543.33;488.28
5189;Lago dos Rodrigues;MA;Estadual;9;454.88;476.72;445.84;490.57;573.33;488.27
5190;Montezuma;MG;Estadual;6;514.1;509.68;460.63;480.17;476.67;488.25
5191;Moreno;PE;Estadual;65;498.63;464.07;452.39;468.92;557.23;488.25
5192;Felício dos Santos;MG;Estadual;8;478.94;462.48;451.89;510.4;537.5;488.24
5193;Manacapuru;AM;Estadual;151;488.59;489.58;456.01;471.68;535.23;488.22
5194;Pilar;PB;Estadual;22;470.77;441.2;449.65;453.04;626.36;488.2
5195;Luzilândia;PI;Estadual;63;485.76;473.77;454.59;461.75;565.08;488.19
5196;Nova Granada;SP;Estadual;17;511.06;492.89;472.98;496.86;467.06;488.17
5197;Areiópolis;SP;Estadual;7;531.16;460.49;440.1;443.37;565.71;488.17
5198;Erval Seco;RS;Estadual;3;531.17;472.67;433.8;483.07;520.0;488.14
5199;Riachuelo;RN;Estadual;3;482.4;458.37;475.27;517.9;506.67;488.12
5200;Lourdes;SP;Estadual;6;487.58;430.45;465.55;500.22;556.67;488.09
5201;Águas Belas;PE;Estadual;84;490.75;468.43;451.68;467.88;561.67;488.08
5202;Caxambu do Sul;SC;Estadual;10;502.61;458.63;489.64;449.32;540.0;488.04
5203;Alegre;ES;Estadual;66;487.14;472.09;467.19;473.04;540.61;488.01
5204;Rochedo de Minas;MG;Estadual;2;529.65;531.65;436.9;441.8;500.0;488.0
5205;Mataraca;PB;Estadual;5;490.04;476.26;410.18;455.52;608.0;488.0
5206;Belém;AL;Estadual;12;458.52;466.84;466.09;488.48;560.0;487.99
5207;Messias Targino;RN;Estadual;8;464.38;455.62;438.7;426.25;655.0;487.99
5208;Novo Progresso;PA;Estadual;18;501.42;490.18;442.64;474.59;531.11;487.99
5209;Senhor do Bonfim;BA;Estadual;114;502.31;482.72;459.11;467.64;528.07;487.97
5210;Montanha;ES;Estadual;13;471.45;452.56;450.34;506.82;558.46;487.93
5211;Barracão;PR;Estadual;13;507.67;472.6;456.28;476.9;526.15;487.92
5212;Mamborê;PR;Estadual;6;522.97;493.13;451.2;485.45;486.67;487.88
5213;Itororó;BA;Estadual;22;505.99;472.79;447.73;450.15;562.73;487.88
5214;General Carneiro;MT;Privada;1;499.3;534.3;406.9;438.9;560.0;487.88
5215;Ubirajara;SP;Estadual;6;501.85;459.22;452.15;522.77;503.33;487.86
5216;Prado;BA;Municipal;12;506.67;487.19;469.79;462.14;513.33;487.82
5217;Martinópolis;SP;Estadual;20;505.39;463.28;433.21;483.96;553.0;487.77
5218;Independência;CE;Privada;4;507.72;496.42;431.08;453.55;550.0;487.76
5219;Lavras da Mangabeira;CE;Estadual;163;478.92;456.72;446.03;471.65;585.4;487.74
5220;Fundão;ES;Estadual;40;495.6;476.53;460.06;460.4;546.0;487.72
5221;Coronel Domingos Soares;PR;Estadual;6;505.27;502.4;466.23;504.65;460.0;487.71
5222;Itapuã do Oeste;RO;Estadual;15;512.21;478.07;457.23;470.93;520.0;487.69
5223;Goioxim;PR;Estadual;16;489.46;490.52;452.47;505.97;500.0;487.68
5224;Boa Vista;PB;Estadual;5;465.54;446.84;445.08;504.62;576.0;487.62
5225;Granito;PE;Estadual;16;490.34;437.83;444.1;443.28;622.5;487.61
5226;Bandeirantes do Tocantins;TO;Estadual;9;466.17;462.27;447.04;478.1;584.44;487.6
5227;Ituberá;BA;Estadual;37;507.39;482.19;449.23;474.79;524.32;487.58
5228;Nova Glória;GO;Estadual;13;493.25;462.28;452.15;491.55;538.46;487.54
5229;Ipaporanga;CE;Estadual;42;491.32;480.26;460.85;463.76;541.43;487.53
5230;Lagoa Seca;PB;Estadual;27;476.34;467.68;464.46;485.26;543.7;487.49
5231;Ipu;CE;Estadual;272;486.79;465.38;458.48;469.57;557.06;487.45
5232;Água Limpa;GO;Estadual;4;487.48;478.7;474.33;436.7;560.0;487.44
5233;Nova Olinda;CE;Estadual;152;490.9;473.2;450.46;474.25;548.29;487.42
5234;Bernardo do Mearim;MA;Estadual;10;489.88;479.76;448.75;442.64;576.0;487.41
5235;São João da Canabrava;PI;Estadual;12;463.39;463.9;437.55;507.17;565.0;487.4
5236;Itapaci;GO;Estadual;63;502.11;476.73;467.57;467.69;522.86;487.39
5237;Fronteira;MG;Estadual;17;477.96;486.64;462.7;481.39;528.24;487.39
5238;Muquém do São Francisco;BA;Estadual;6;504.2;487.67;469.57;468.75;506.67;487.37
5239;Rio Largo;AL;Estadual;190;494.7;469.67;450.35;463.49;558.32;487.31
5240;Mata de São João;BA;Estadual;38;513.7;467.97;448.46;479.04;527.37;487.31
5241;Carapebus;RJ;Estadual;11;501.66;456.67;473.91;491.45;512.73;487.29
5242;Mutunópolis;GO;Estadual;4;490.3;470.8;451.8;453.52;570.0;487.28
5243;Santa Vitória;MG;Estadual;14;516.34;480.19;431.01;490.25;518.57;487.27
5244;Teixeirópolis;RO;Estadual;10;491.87;463.93;453.51;489.04;538.0;487.27
5245;Francisco Sá;MG;Estadual;28;480.12;462.48;441.24;457.48;595.0;487.26
5246;Parintins;AM;Estadual;278;487.54;484.06;450.54;471.7;542.45;487.26
5247;São Miguel do Tapuio;PI;Estadual;31;479.1;450.05;441.24;484.0;581.94;487.26
5248;Taquaral de Goiás;GO;Estadual;12;493.68;471.35;446.51;497.86;526.67;487.21
5249;Portalegre;RN;Estadual;22;494.07;469.08;446.21;475.56;550.91;487.17
5250;São Cristóvão;SE;Estadual;73;498.54;476.51;462.33;460.11;538.36;487.17
5251;São Miguel do Gostoso;RN;Estadual;3;482.9;488.27;460.43;437.43;566.67;487.14
5252;Itapiúna;CE;Estadual;59;492.97;479.15;449.75;458.93;554.92;487.14
5253;Maragogipe;BA;Privada;4;520.05;497.6;467.7;455.3;495.0;487.13
5254;Romaria;MG;Estadual;4;477.83;451.78;500.55;400.17;605.0;487.07
5255;Coxilha;RS;Estadual;2;472.0;478.5;495.4;429.25;560.0;487.03
5256;Águas Frias;SC;Estadual;9;498.03;482.42;464.12;470.53;520.0;487.02
5257;São Bernardo;MA;Municipal;1;501.5;571.0;477.6;385.0;500.0;487.02
5258;Nova Crixás;GO;Estadual;11;509.66;478.6;452.33;467.13;527.27;487.0
5259;São Bentinho;PB;Estadual;9;474.5;476.88;447.17;514.21;522.22;487.0
5260;Lagoa dos Patos;MG;Estadual;2;504.6;536.15;499.45;514.75;380.0;486.99
5261;Manaus;AM;Municipal;27;499.06;478.37;461.76;475.67;520.0;486.97
5262;Abadia de Goiás;GO;Estadual;8;503.81;482.29;467.8;435.91;545.0;486.96
5263;Baixa Grande;BA;Estadual;12;503.42;455.31;455.28;444.13;576.67;486.96
5264;Jaru;RO;Estadual;93;502.21;476.63;456.82;473.34;525.59;486.92
5265;Nova Ramada;RS;Estadual;2;485.5;373.1;459.7;546.3;570.0;486.92
5266;Taguatinga;TO;Estadual;15;488.41;487.47;457.54;466.37;534.67;486.89
5267;Aroeiras;PB;Estadual;39;475.95;469.96;438.09;462.73;587.69;486.88
5268;Alpestre;RS;Privada;2;509.35;502.25;460.25;492.55;470.0;486.88
5269;Itaju;SP;Estadual;7;489.36;448.5;494.01;482.44;520.0;486.86
5270;Marechal Thaumaturgo;AC;Estadual;25;502.43;478.03;442.62;467.17;544.0;486.85
5271;Goianira;GO;Estadual;77;506.41;459.7;451.49;485.7;530.91;486.84
5272;Ministro Andreazza;RO;Estadual;24;484.15;474.5;459.53;469.96;545.83;486.79
5273;Itabi;SE;Estadual;14;468.59;457.01;462.72;467.02;578.57;486.78
5274;Alfredo Marcondes;SP;Estadual;11;514.39;447.34;453.13;455.37;563.64;486.77
5275;Santa Cruz da Baixa Verde;PE;Estadual;26;487.78;455.85;445.65;459.18;585.38;486.77
5276;Pirenópolis;GO;Estadual;48;484.14;476.62;446.4;472.96;553.75;486.77
5277;Nova Floresta;PB;Estadual;8;497.94;456.76;466.05;455.38;557.5;486.72
5278;Machados;PE;Estadual;10;510.37;473.35;457.57;496.26;496.0;486.71
5279;Nova Rosalândia;TO;Estadual;2;488.05;444.25;432.6;548.6;520.0;486.7
5280;Paranaíta;MT;Estadual;11;467.52;449.84;470.03;446.13;600.0;486.7
5281;Ataléia;MG;Estadual;9;490.26;469.46;482.43;486.82;504.44;486.68
5282;Sapé;PB;Estadual;97;491.98;479.5;456.88;460.57;544.33;486.65
5283;Alto Paraguai;MT;Estadual;3;488.83;448.17;454.43;415.1;626.67;486.64
5284;Rio Bananal;ES;Estadual;16;496.15;464.5;466.06;527.64;478.75;486.62
5285;Japaratinga;AL;Estadual;5;471.14;493.84;450.3;481.72;536.0;486.6
5286;Mutuípe;BA;Estadual;36;489.83;489.28;453.07;475.2;525.56;486.59
5287;Rio Verde de Mato Grosso;MS;Estadual;30;503.94;487.31;467.89;490.27;483.33;486.55
5288;São Jerônimo da Serra;PR;Estadual;5;511.06;470.98;412.12;450.56;588.0;486.54
5289;Limoeiro de Anadia;AL;Estadual;35;471.59;445.0;449.08;453.24;613.71;486.53
5290;Tapejara;PR;Estadual;26;491.41;477.19;457.93;475.95;530.0;486.5
5291;Caiçara;PB;Estadual;14;451.9;415.58;412.34;460.76;691.43;486.4
5292;Palhano;CE;Estadual;47;481.57;473.98;448.58;458.01;569.79;486.39
5293;Brasil Novo;PA;Municipal;3;447.07;461.83;393.7;409.27;720.0;486.37
5294;Esplanada;BA;Estadual;45;514.72;487.61;456.38;469.08;504.0;486.36
5295;Porto Real do Colégio;AL;Estadual;12;477.67;469.73;433.99;428.63;621.67;486.34
5296;Porto Walter;AC;Estadual;16;478.22;471.28;453.86;465.83;562.5;486.34
5297;Eunápolis;BA;Estadual;141;501.83;472.99;456.09;466.94;533.76;486.32
5298;Ibiara;PB;Estadual;15;470.68;472.19;468.23;451.16;569.33;486.32
5299;Serrinha;BA;Municipal;2;445.65;437.4;518.0;450.55;580.0;486.32
5300;Várzea Alegre;CE;Estadual;265;483.31;468.81;450.93;483.22;545.21;486.3
5301;Barcarena;PA;Estadual;189;490.04;473.39;455.38;463.47;549.1;486.28
5302;Várzea Grande;PI;Estadual;13;484.06;472.35;459.43;490.94;524.62;486.28
5303;Nossa Senhora do Livramento;MT;Estadual;11;512.65;480.23;455.55;475.57;507.27;486.26
5304;Lucianópolis;SP;Estadual;2;481.8;479.9;432.95;516.35;520.0;486.2
5305;Araxá;MG;Municipal;1;513.5;393.0;390.1;574.4;560.0;486.2
5306;Ubaíra;BA;Estadual;24;514.08;477.67;472.52;451.68;515.0;486.19
5307;Erval Velho;SC;Estadual;7;510.6;453.54;465.1;458.86;542.86;486.19
5308;Palmeira d'Oeste;SP;Estadual;9;493.29;485.88;468.8;487.42;495.56;486.19
5309;Presidente Médici;MA;Estadual;18;484.65;467.99;470.45;463.34;544.44;486.18
5310;Confresa;MT;Estadual;36;497.01;475.31;456.04;467.0;535.56;486.18
5311;Antônio Carlos;MG;Estadual;5;509.46;454.54;448.74;470.1;548.0;486.17
5312;Regente Feijó;SP;Estadual;28;510.58;474.95;467.61;494.82;482.86;486.17
5313;Cajati;SP;Estadual;24;508.37;474.2;454.53;489.5;504.17;486.15
5314;São Sebastião da Boa Vista;PA;Estadual;30;482.6;478.93;441.98;468.42;558.67;486.12
5315;Reriutaba;CE;Estadual;207;479.37;467.0;456.44;480.51;547.25;486.11
5316;Oliveira dos Brejinhos;BA;Estadual;16;474.69;471.68;454.11;472.39;557.5;486.08
5317;Alto Piquiri;PR;Estadual;4;530.0;479.55;463.28;487.25;470.0;486.02
5318;Rosana;SP;Estadual;52;502.86;481.25;463.2;463.36;519.23;485.98
5319;São Domingos;GO;Estadual;15;498.1;464.59;474.89;448.17;544.0;485.95
5320;Ananindeua;PA;Estadual;952;494.3;473.43;454.71;463.89;543.36;485.94
5321;Baianópolis;BA;Estadual;26;479.67;464.02;449.44;471.67;564.62;485.89
5322;São Domingos do Norte;ES;Estadual;9;485.58;475.71;458.68;493.92;515.56;485.89
5323;Carmo do Rio Verde;GO;Estadual;22;500.32;477.45;451.68;489.99;510.0;485.89
5324;Hidrolândia;CE;Estadual;131;481.37;464.2;448.18;483.24;552.37;485.87
5325;Iraquara;BA;Estadual;42;493.75;459.44;444.29;469.57;561.9;485.79
5326;Tibau;RN;Estadual;12;478.16;466.65;471.19;472.68;540.0;485.74
5327;Maceió;AL;Estadual;1136;495.91;470.64;448.98;465.33;547.85;485.74
5328;Itaberaba;BA;Estadual;101;496.35;479.3;460.13;459.45;533.47;485.74
5329;Mata Verde;MG;Estadual;7;512.33;477.21;473.96;456.54;508.57;485.72
5330;Várzea Grande;MT;Estadual;360;497.66;474.7;450.38;464.3;541.5;485.71
5331;Solânea;PB;Estadual;53;480.45;467.35;452.34;464.21;564.15;485.7
5332;Campos Altos;MG;Estadual;23;508.26;483.88;457.0;504.46;474.78;485.68
5333;Almirante Tamandaré do Sul;RS;Estadual;1;484.2;456.3;416.5;551.3;520.0;485.66
5334;Jacobina do Piauí;PI;Estadual;9;482.46;471.03;421.06;471.53;582.22;485.66
5335;Rifaina;SP;Estadual;4;468.25;476.1;433.38;490.52;560.0;485.65
5336;Lagoa d'Anta;RN;Estadual;10;494.52;475.82;459.3;480.61;518.0;485.65
5337;Pesqueira;PE;Estadual;97;504.96;469.58;449.18;457.38;547.01;485.62
5338;Salto do Itararé;PR;Estadual;3;542.27;439.63;450.27;509.1;486.67;485.59
5339;Oeiras;PI;Estadual;120;488.07;463.75;450.97;469.55;555.5;485.57
5340;São João da Serra;PI;Estadual;12;490.04;486.71;452.33;453.69;545.0;485.56
5341;Felixlândia;MG;Estadual;13;496.85;463.31;451.22;477.87;538.46;485.54
5342;Aparecida do Rio Negro;TO;Estadual;11;471.65;471.48;447.55;475.18;561.82;485.53
5343;Poconé;MT;Estadual;40;500.51;484.21;458.6;453.28;531.0;485.52
5344;Cristalina;GO;Estadual;72;507.82;482.1;466.62;474.94;496.11;485.52
5345;Emilianópolis;SP;Estadual;6;522.77;466.98;436.95;427.52;573.33;485.51
5346;Penaforte;CE;Estadual;38;492.14;463.32;457.48;465.0;549.47;485.48
5347;Monsenhor Hipólito;PI;Estadual;24;478.98;495.24;453.99;461.49;537.5;485.44
5348;Saltinho;SP;Estadual;7;473.51;504.29;475.16;525.61;448.57;485.43
5349;Arneiroz;CE;Estadual;44;489.08;463.95;456.65;478.24;539.09;485.4
5350;Canitar;SP;Estadual;3;546.47;454.3;480.1;459.33;486.67;485.37
5351;Canhotinho;PE;Estadual;34;490.04;474.32;463.61;457.55;541.18;485.34
5352;Selbach;RS;Estadual;5;514.8;478.84;474.92;562.12;396.0;485.34
5353;Mamanguape;PB;Estadual;132;497.91;471.74;444.76;458.78;553.48;485.33
5354;Serra do Mel;RN;Estadual;2;537.0;494.55;402.5;442.5;550.0;485.31
5355;Januário Cicco;RN;Estadual;4;491.7;489.28;469.38;451.18;525.0;485.3
5356;Tamboril;CE;Estadual;123;494.17;471.01;446.44;465.98;548.78;485.28
5357;Água Branca;PB;Estadual;17;468.14;469.69;440.45;468.05;580.0;485.27
5358;Cururupu;MA;Estadual;91;486.78;473.16;458.65;450.64;557.14;485.27
5359;Tenente Portela;RS;Estadual;9;516.76;485.0;450.58;447.16;526.67;485.23
5360;Tenório;PB;Estadual;3;498.9;482.33;465.1;439.83;540.0;485.23
5361;Candeias do Jamari;RO;Estadual;25;486.25;457.9;457.78;470.58;553.6;485.22
5362;Santa Cruz da Conceição;SP;Estadual;1;619.2;554.6;342.9;549.4;360.0;485.22
5363;Cidelândia;MA;Estadual;16;497.9;481.81;461.18;463.89;521.25;485.21
5364;Jataúba;PE;Estadual;41;468.79;475.92;449.82;478.84;552.68;485.21
5365;Livramento de Nossa Senhora;BA;Estadual;31;490.27;472.25;465.0;469.37;529.03;485.19
5366;Bom Jesus do Oeste;SC;Estadual;7;515.44;520.57;435.99;462.53;491.43;485.19
5367;São Miguel do Guamá;PA;Estadual;84;485.38;459.71;439.3;451.09;590.48;485.19
5368;São Rafael;RN;Estadual;7;510.57;480.11;469.44;437.2;528.57;485.18
5369;Laranjal Paulista;SP;Estadual;10;484.12;453.94;467.51;480.26;540.0;485.17
5370;Monte Alegre;PA;Estadual;178;481.14;470.04;448.96;444.97;580.67;485.16
5371;Tigrinhos;SC;Estadual;2;510.9;505.8;447.5;451.6;510.0;485.16
5372;Presidente Figueiredo;AM;Estadual;55;486.13;477.76;469.21;459.74;532.73;485.11
5373;Campo Novo do Parecis;MT;Estadual;49;498.4;481.5;449.7;465.22;530.61;485.09
5374;Buritis;MG;Estadual;34;491.15;476.67;472.84;494.69;490.0;485.07
5375;Jucás;CE;Estadual;132;483.87;466.77;457.93;484.94;531.82;485.07
5376;Mulungu do Morro;BA;Estadual;13;509.12;465.57;468.47;445.09;536.92;485.04
5377;Serra Redonda;PB;Estadual;13;473.53;467.91;472.3;471.19;540.0;484.99
5378;Xinguara;PA;Estadual;97;482.18;469.01;445.52;474.24;553.81;484.95
5379;Mirassol d'Oeste;MT;Estadual;71;493.56;477.22;462.87;483.79;507.32;484.95
5380;Heliodora;MG;Estadual;7;487.66;451.7;439.94;459.69;585.71;484.94
5381;Bilac;SP;Estadual;7;498.63;475.99;445.83;478.21;525.71;484.87
5382;Quixeramobim;CE;Estadual;428;489.1;463.89;450.66;477.95;542.66;484.85
5383;Macapá;AP;Estadual;822;488.21;469.89;454.77;460.35;551.05;484.85
5384;Vila Propício;GO;Estadual;13;502.61;473.7;447.89;501.32;498.46;484.8
5385;Pontão;RS;Estadual;2;503.45;457.15;410.8;512.55;540.0;484.79
5386;Jacaré dos Homens;AL;Estadual;3;498.73;525.2;452.33;447.5;500.0;484.75
5387;Amaraji;PE;Estadual;26;487.45;474.37;443.58;457.51;560.77;484.74
5388;São Gabriel;BA;Estadual;7;464.9;441.84;465.69;485.51;565.71;484.73
5389;São Sebastião do Rio Preto;MG;Estadual;3;525.1;486.07;456.7;402.37;553.33;484.71
5390;Natuba;PB;Estadual;1;486.8;443.5;380.6;492.4;620.0;484.66
5391;Farias Brito;CE;Estadual;96;478.01;471.91;453.92;474.59;544.79;484.65
5392;Baliza;GO;Estadual;5;480.08;494.44;432.54;448.16;568.0;484.64
5393;Madalena;CE;Estadual;75;487.9;474.13;447.52;461.88;551.73;484.63
5394;Araponga;MG;Estadual;9;471.36;476.61;450.02;456.26;568.89;484.63
5395;Nossa Senhora das Graças;PR;Estadual;8;490.46;456.12;445.45;493.55;537.5;484.62
5396;Ribeira do Pombal;BA;Estadual;83;497.52;469.79;455.36;463.32;537.11;484.62
5397;Tremedal;BA;Municipal;3;505.43;459.3;494.2;457.4;506.67;484.6
5398;Itapicuru;BA;Estadual;40;476.68;464.07;447.49;461.78;573.0;484.6
5399;Palestina de Goiás;GO;Estadual;13;509.25;485.44;456.28;475.04;496.92;484.59
5400;Recreio;MG;Estadual;23;497.92;468.13;471.95;473.45;511.3;484.55
5401;Carvalhos;MG;Estadual;8;517.26;494.51;440.46;498.01;472.5;484.55
5402;Tupãssi;PR;Estadual;5;505.26;410.9;471.74;498.84;536.0;484.55
5403;Alexandria;RN;Estadual;20;487.48;487.04;452.56;451.57;544.0;484.53
5404;Estância;SE;Estadual;69;491.4;473.0;447.03;466.72;544.35;484.5
5405;Brasilândia;MS;Estadual;21;500.34;472.59;434.7;465.3;549.52;484.49
5406;Reserva do Iguaçu;PR;Estadual;8;476.51;477.78;482.94;447.72;537.5;484.49
5407;Batalha;PI;Privada;5;483.96;488.9;458.28;455.2;536.0;484.47
5408;Apuarema;BA;Estadual;14;526.46;481.12;455.0;449.69;510.0;484.45
5409;Presidente Epitácio;SP;Estadual;31;507.83;481.17;457.83;466.41;509.03;484.45
5410;Painel;SC;Estadual;2;508.0;493.25;486.0;514.95;420.0;484.44
5411;Conceição do Araguaia;PA;Federal;21;485.4;454.41;455.58;461.9;564.76;484.41
5412;Madre de Deus;BA;Estadual;19;508.64;483.7;424.57;468.21;536.84;484.39
5413;Nova União;RO;Estadual;14;487.89;442.36;444.88;445.29;601.43;484.37
5414;Queimadas;BA;Estadual;8;493.64;482.2;454.78;453.74;537.5;484.37
5415;Pinhal de São Bento;PR;Estadual;3;526.6;504.43;436.83;460.6;493.33;484.36
5416;São Caitano;PE;Estadual;83;499.12;473.68;451.74;480.05;517.11;484.34
5417;Lago da Pedra;MA;Estadual;39;476.53;470.25;450.34;462.54;562.05;484.34
5418;Novo Santo Antônio;PI;Estadual;4;490.38;498.22;414.48;463.58;555.0;484.33
5419;Traipu;AL;Estadual;30;466.7;456.06;453.42;486.72;558.67;484.31
5420;Witmarsum;SC;Estadual;5;468.84;528.84;420.6;475.12;528.0;484.28
5421;Marianópolis do Tocantins;TO;Estadual;7;494.1;476.99;464.14;477.57;508.57;484.27
5422;Clevelândia;PR;Estadual;40;482.25;487.63;455.09;482.23;514.0;484.24
5423;Itapipoca;CE;Estadual;877;485.83;461.3;448.73;465.92;559.43;484.24
5424;Vitória do Xingu;PA;Estadual;26;486.6;451.88;441.24;442.85;598.46;484.21
5425;Ervália;MG;Municipal;1;507.8;529.9;411.0;452.3;520.0;484.2
5426;Governador Nunes Freire;MA;Estadual;20;470.22;462.72;447.16;443.72;597.0;484.17
5427;Maragogi;AL;Estadual;6;518.67;497.02;496.98;451.32;456.67;484.13
5428;João Dourado;BA;Municipal;2;496.0;484.9;523.05;436.5;480.0;484.09
5429;Acreúna;GO;Estadual;37;492.42;474.82;456.22;482.32;514.59;484.08
5430;Sebastião Leal;PI;Estadual;2;480.9;487.9;429.2;382.35;640.0;484.07
5431;Pérola d'Oeste;PR;Estadual;4;467.33;456.52;464.45;527.02;505.0;484.06
5432;Inhambupe;BA;Estadual;19;489.56;465.13;459.74;461.42;544.21;484.01
5433;Barcelos;AM;Estadual;30;482.72;477.81;457.17;458.95;543.33;484.0
5434;Rio Acima;MG;Estadual;5;475.7;479.14;478.28;530.9;456.0;484.0
5435;Jeremoabo;BA;Estadual;59;494.47;468.3;447.0;446.97;563.05;483.96
5436;Mucurici;ES;Estadual;13;490.09;477.81;454.81;470.92;526.15;483.96
5437;Santo Antônio de Lisboa;PI;Estadual;12;473.0;439.71;435.82;467.96;603.33;483.96
5438;Corinto;MG;Estadual;19;510.19;477.74;454.84;468.55;508.42;483.95
5439;João Dourado;BA;Estadual;35;492.72;472.37;449.5;467.25;537.71;483.91
5440;Tamboril do Piauí;PI;Estadual;5;487.5;461.86;433.82;444.38;592.0;483.91
5441;Jussiape;BA;Estadual;14;503.53;480.68;474.09;448.22;512.86;483.88
5442;Jaguaquara;BA;Estadual;76;489.6;481.17;454.85;462.0;531.58;483.84
5443;Santa Helena de Goiás;GO;Estadual;72;505.04;479.74;457.89;469.8;506.67;483.83
5444;Morro Agudo;SP;Estadual;23;508.7;467.38;457.97;452.93;532.17;483.83
5445;Portelândia;GO;Estadual;9;485.29;482.51;481.72;453.99;515.56;483.81
5446;Tailândia;PA;Estadual;73;489.5;475.15;458.58;461.76;533.97;483.79
5447;Cuité de Mamanguape;PB;Estadual;9;449.77;449.5;406.23;431.18;682.22;483.78
5448;Potiretama;CE;Estadual;31;478.42;473.55;447.52;485.2;534.19;483.78
5449;Muritiba;BA;Estadual;26;500.19;466.83;460.33;461.46;530.0;483.76
5450;Triunfo Potiguar;RN;Estadual;4;468.3;434.82;458.12;437.55;620.0;483.76
5451;São Miguel do Tocantins;TO;Estadual;16;483.5;445.02;478.17;458.22;553.75;483.73
5452;Quixeré;CE;Estadual;88;486.2;471.43;446.45;466.78;547.73;483.72
5453;Santa Cruz de Minas;MG;Estadual;3;493.6;474.23;433.2;517.53;500.0;483.71
5454;Doverlândia;GO;Estadual;22;496.3;477.63;450.24;471.65;522.73;483.71
5455;Caxias;MA;Estadual;327;489.59;471.53;453.7;459.63;543.98;483.69
5456;Anaurilândia;MS;Estadual;5;496.44;476.78;436.24;428.92;580.0;483.68
5457;São Raimundo Nonato;PI;Estadual;109;480.53;454.18;450.04;467.73;565.87;483.67
5458;Três Barras;SC;Estadual;9;471.98;452.74;478.79;470.29;544.44;483.65
5459;Guaraqueçaba;PR;Estadual;6;494.65;474.45;469.57;476.03;503.33;483.61
5460;Delmiro Gouveia;AL;Estadual;151;487.98;474.47;459.24;462.78;533.51;483.6
5461;Itaoca;SP;Estadual;6;500.45;470.67;436.67;493.5;516.67;483.59
5462;Pirambu;SE;Estadual;13;499.58;466.97;465.5;450.45;535.38;483.58
5463;Piraí do Sul;PR;Estadual;21;496.43;496.39;449.56;492.48;482.86;483.54
5464;Boquira;BA;Estadual;17;471.41;466.03;464.97;419.99;595.29;483.54
5465;Materlândia;MG;Estadual;5;517.8;494.1;468.04;493.72;444.0;483.53
5466;Paragominas;PA;Estadual;183;495.04;486.82;449.65;464.96;521.2;483.53
5467;Sabino;SP;Estadual;2;520.4;541.5;481.55;484.1;390.0;483.51
5468;Muaná;PA;Estadual;29;482.41;472.02;450.11;472.21;540.69;483.49
5469;Wanderlândia;TO;Estadual;5;492.12;492.78;457.98;466.48;508.0;483.47
5470;Tocantinópolis;TO;Estadual;61;494.05;464.69;454.39;457.28;546.89;483.46
5471;São Paulo do Potengi;RN;Estadual;17;479.45;456.03;448.62;478.99;554.12;483.44
5472;Pindoba;AL;Estadual;5;453.34;512.48;476.0;439.28;536.0;483.42
5473;Álvares Machado;SP;Estadual;27;502.06;489.61;462.56;493.03;469.63;483.38
5474;Lagoinha do Piauí;PI;Estadual;6;472.6;471.28;429.78;439.87;603.33;483.37
5475;Bela Vista;MS;Estadual;45;499.57;468.92;453.92;469.43;524.89;483.34
5476;Natividade da Serra;SP;Municipal;1;483.8;484.9;525.7;442.2;480.0;483.32
5477;Buriti;MA;Estadual;20;482.3;476.45;460.29;461.51;536.0;483.31
5478;Itaquitinga;PE;Estadual;39;494.73;469.67;454.74;475.8;521.54;483.3
5479;São Vicente Férrer;PE;Estadual;41;482.71;463.64;446.35;462.76;560.98;483.29
5480;Cidade Ocidental;GO;Estadual;111;502.29;482.36;456.32;474.94;500.36;483.26
5481;Mimoso do Sul;ES;Estadual;27;478.51;472.95;468.95;478.06;517.78;483.25
5482;Caconde;SP;Estadual;18;503.15;475.08;450.96;471.48;515.56;483.24
5483;Icó;CE;Estadual;340;485.54;460.07;443.97;470.09;556.53;483.24
5484;São Pedro do Iguaçu;PR;Estadual;11;487.92;489.46;461.92;509.63;467.27;483.24
5485;Santa Cruz de Salinas;MG;Estadual;6;521.23;504.25;472.52;461.48;456.67;483.23
5486;São Joaquim do Monte;PE;Estadual;31;491.38;468.89;439.44;460.25;556.13;483.22
5487;Itagimirim;BA;Estadual;7;503.9;454.93;455.53;470.21;531.43;483.2
5488;Centenário do Sul;PR;Estadual;6;512.03;507.38;417.07;476.17;503.33;483.2
5489;Ipojuca;PE;Estadual;77;503.99;464.16;453.79;470.3;523.64;483.18
5490;Potengi;CE;Estadual;40;473.18;445.82;439.26;459.1;598.5;483.17
5491;Iacri;SP;Estadual;3;509.0;453.53;455.13;458.2;540.0;483.17
5492;Cabrobó;PE;Estadual;84;488.62;459.74;450.47;479.34;537.62;483.16
5493;Entre Rios;SC;Estadual;5;494.04;518.76;473.08;449.94;480.0;483.16
5494;Demerval Lobão;PI;Estadual;25;479.44;472.89;456.2;492.79;514.4;483.14
5495;Angical;BA;Estadual;7;503.41;443.56;419.73;486.1;562.86;483.13
5496;Coreaú;CE;Estadual;127;487.69;469.09;456.0;488.43;514.33;483.11
5497;Nova Campina;SP;Estadual;5;490.94;490.78;424.92;460.9;548.0;483.11
5498;Brasileira;PI;Estadual;11;468.35;455.13;443.25;483.3;565.45;483.1
5499;Castelo do Piauí;PI;Estadual;54;483.54;478.09;455.74;482.94;515.19;483.1
5500;Cariús;CE;Estadual;81;469.0;455.48;449.64;469.47;571.85;483.09
5501;São José do Goiabal;MG;Estadual;8;492.68;466.22;454.44;471.98;530.0;483.06
5502;Alto Horizonte;GO;Municipal;1;478.2;488.1;514.6;394.4;540.0;483.06
5503;Afonso Cunha;MA;Estadual;8;459.01;475.99;458.96;456.25;565.0;483.04
5504;Buriti Alegre;GO;Estadual;8;504.4;454.08;448.82;467.92;540.0;483.04
5505;Quixabeira;BA;Privada;7;488.79;480.3;454.07;431.93;560.0;483.02
5506;Mucuri;BA;Estadual;48;495.19;469.2;459.12;464.92;526.67;483.02
5507;Elias Fausto;SP;Estadual;7;529.46;450.7;431.24;446.49;557.14;483.01
5508;Maçambará;RS;Estadual;8;491.44;480.61;451.52;488.8;502.5;482.98
5509;Governador Mangabeira;BA;Estadual;37;482.82;467.07;456.32;443.23;565.41;482.97
5510;Ibicoara;BA;Estadual;13;469.94;459.84;455.08;439.01;590.77;482.93
5511;Urupês;SP;Estadual;10;505.88;474.91;445.42;480.37;508.0;482.92
5512;Diamante do Norte;PR;Estadual;22;471.42;486.37;472.97;481.09;502.73;482.92
5513;Tocos do Moji;MG;Estadual;6;482.83;466.8;434.5;450.25;580.0;482.88
5514;Bonito;BA;Estadual;23;488.63;458.53;475.77;447.91;543.48;482.87
5515;Coxim;MS;Estadual;46;505.03;470.71;447.59;473.49;517.39;482.84
5516;Cotia;SP;Municipal;2;538.65;486.8;488.9;419.75;480.0;482.82
5517;Chorozinho;CE;Estadual;87;486.36;471.02;449.69;460.06;546.9;482.81
5518;Candiota;RS;Estadual;9;509.81;478.67;445.18;491.41;488.89;482.79
5519;Morro Grande;SC;Estadual;5;510.44;511.0;443.02;489.42;460.0;482.78
5520;Casserengue;PB;Estadual;19;496.92;458.52;446.75;447.47;564.21;482.77
5521;Bom Sucesso;PB;Estadual;15;464.94;467.15;434.6;453.76;593.33;482.76
5522;Santa Rita do Trivelato;MT;Estadual;6;471.03;470.53;441.33;474.17;556.67;482.75
5523;Luislândia;MG;Estadual;4;521.83;501.55;423.88;496.45;470.0;482.74
5524;Condado;PE;Estadual;80;475.52;455.42;446.69;442.79;593.25;482.73
5525;São Félix do Piauí;PI;Estadual;6;496.0;464.27;458.85;507.83;486.67;482.72
5526;Pedro II;PI;Estadual;53;475.39;466.92;450.91;453.14;567.17;482.71
5527;Igaci;AL;Estadual;30;492.38;467.16;449.65;455.63;548.67;482.7
5528;Sombrio;SC;Estadual;22;497.67;486.16;455.35;460.14;513.64;482.59
5529;Maravilha;AL;Estadual;6;488.52;451.53;420.68;455.38;596.67;482.56
5530;Pio IX;PI;Estadual;10;481.78;473.03;436.59;451.38;570.0;482.56
5531;Tenente Ananias;RN;Estadual;10;480.16;466.03;455.26;491.25;520.0;482.54
5532;Gurupi;TO;Estadual;119;490.25;476.01;457.78;474.13;514.45;482.53
5533;Muniz Ferreira;BA;Estadual;6;507.67;475.97;461.32;487.6;480.0;482.51
5534;Guarabira;PB;Estadual;101;481.57;463.38;445.75;455.1;566.73;482.51
5535;Dona Inês;PB;Estadual;10;493.99;463.26;434.54;458.7;562.0;482.5
5536;Pojuca;BA;Estadual;19;494.67;473.46;445.29;460.81;537.89;482.43
5537;Jardinópolis;SP;Estadual;22;497.15;470.55;468.47;488.74;487.27;482.43
5538;Paracatu;MG;Estadual;102;500.38;470.63;456.44;459.79;524.9;482.43
5539;Cortês;PE;Estadual;19;499.53;477.81;460.2;460.87;513.68;482.42
5540;Viana;MA;Estadual;60;502.78;467.21;443.4;465.84;532.67;482.38
5541;Cumbe;SE;Estadual;9;485.63;484.33;456.22;427.84;557.78;482.36
5542;Moreira Sales;PR;Estadual;14;492.14;458.96;437.09;510.73;512.86;482.36
5543;União dos Palmares;AL;Estadual;97;486.92;463.1;443.26;458.75;559.59;482.32
5544;Miguel Calmon;BA;Estadual;55;484.63;478.88;448.55;471.87;527.64;482.31
5545;Engenheiro Coelho;SP;Estadual;8;501.42;490.88;453.19;478.49;487.5;482.3
5546;São Miguel das Matas;BA;Estadual;15;493.81;475.08;456.77;443.11;542.67;482.29
5547;Tibagi;PR;Estadual;11;508.38;515.14;473.23;474.65;440.0;482.28
5548;Jateí;MS;Estadual;15;510.63;467.44;442.72;479.96;510.67;482.28
5549;Alexânia;GO;Estadual;53;511.28;480.87;458.87;466.8;493.58;482.28
5550;Canhoba;SE;Estadual;7;454.23;502.46;462.59;429.23;562.86;482.27
5551;Piaçabuçu;AL;Estadual;20;503.24;477.29;441.78;463.98;525.0;482.26
5552;Itiquira;MT;Estadual;10;526.69;462.94;463.46;456.15;502.0;482.25
5553;Franca;SP;Municipal;7;499.71;478.33;470.66;496.81;465.71;482.25
5554;Jacarezinho;PR;Estadual;34;500.41;462.14;447.91;483.09;517.65;482.24
5555;Picos;PI;Estadual;176;479.82;465.26;446.41;465.22;554.43;482.23
5556;José Raydan;MG;Estadual;2;467.0;438.05;447.3;468.8;590.0;482.23
5557;Galvão;SC;Estadual;2;520.75;473.8;404.1;512.25;500.0;482.18
5558;Careaçu;MG;Estadual;7;498.16;474.69;445.1;492.8;500.0;482.15
5559;Buriti Bravo;MA;Privada;8;489.54;435.7;443.35;474.67;567.5;482.15
5560;Ibiraçu;ES;Estadual;14;502.31;473.94;459.1;463.97;511.43;482.15
5561;Miranda;MS;Estadual;33;486.54;467.43;454.55;487.53;514.55;482.12
5562;Jardim do Seridó;RN;Estadual;15;471.16;454.43;471.19;488.47;525.33;482.11
5563;Terra Roxa;SP;Estadual;13;496.58;473.48;452.08;503.42;484.62;482.03
5564;Padre Bernardo;GO;Estadual;38;495.52;475.09;449.36;467.0;523.16;482.03
5565;Charrua;RS;Estadual;4;488.05;472.02;440.02;484.92;525.0;482.0
5566;Aral Moreira;MS;Estadual;10;486.38;483.04;462.88;451.71;526.0;482.0
5567;Fronteira dos Vales;MG;Estadual;1;498.3;566.4;433.0;552.3;360.0;482.0
5568;João Câmara;RN;Estadual;44;483.45;457.53;452.2;463.61;553.18;481.99
5569;Itatiba do Sul;RS;Estadual;14;495.96;479.08;442.76;487.86;504.29;481.99
5570;Tefé;AM;Estadual;90;483.85;475.29;458.36;459.27;533.11;481.98
5571;Lafaiete Coutinho;BA;Estadual;3;464.5;470.77;417.4;443.8;613.33;481.96
5572;Rancho Queimado;SC;Estadual;5;510.92;505.16;471.38;474.34;448.0;481.96
5573;Craíbas;AL;Estadual;52;482.75;457.19;449.73;461.28;558.85;481.96
5574;Utinga;BA;Estadual;29;488.33;488.63;455.89;476.23;500.69;481.95
5575;Novo Oriente de Minas;MG;Privada;4;473.55;445.95;444.78;455.25;590.0;481.9
5576;Ponte Alta do Norte;SC;Estadual;5;518.34;515.62;493.92;513.58;368.0;481.89
5577;Descoberto;MG;Estadual;15;497.01;461.05;457.74;462.99;530.67;481.89
5578;Pirapora do Bom Jesus;SP;Estadual;16;504.52;454.35;472.75;490.26;487.5;481.88
5579;Rodolfo Fernandes;RN;Estadual;2;489.0;472.8;382.25;405.2;660.0;481.85
5580;Abatiá;PR;Estadual;12;474.58;470.57;452.29;480.12;531.67;481.84
5581;Cuitegi;PB;Estadual;8;473.52;467.84;460.19;440.11;567.5;481.83
5582;Alvorada de Minas;MG;Estadual;4;495.72;458.8;414.98;444.52;595.0;481.81
5583;Juripiranga;PB;Estadual;23;480.36;447.38;441.32;434.73;605.22;481.8
5584;Japaratuba;SE;Estadual;20;488.94;473.42;442.72;413.76;590.0;481.77
5585;Santa Inês;MA;Estadual;211;489.7;472.9;450.02;462.22;533.93;481.76
5586;São José da Vitória;BA;Estadual;9;498.58;454.12;457.73;467.01;531.11;481.71
5587;Girau do Ponciano;AL;Estadual;82;484.75;463.9;447.46;453.43;559.02;481.71
5588;Santana;AP;Estadual;302;489.88;467.38;451.15;458.36;541.79;481.71
5589;Coribe;BA;Estadual;27;491.47;470.35;467.56;460.54;518.52;481.69
5590;Cuparaque;MG;Estadual;5;472.2;493.04;423.56;483.64;536.0;481.69
5591;São Miguel;RN;Municipal;2;502.5;499.85;432.5;513.5;460.0;481.67
5592;São Julião;PI;Estadual;5;488.7;459.74;436.94;458.8;564.0;481.64
5593;Matupá;MT;Estadual;9;515.13;473.37;458.8;471.94;488.89;481.63
5594;Araioses;MA;Estadual;23;475.72;462.01;453.68;479.32;537.39;481.62
5595;Juazeirinho;PB;Estadual;34;494.39;486.59;443.58;461.19;522.35;481.62
5596;Jaú do Tocantins;TO;Estadual;8;498.51;433.19;462.3;471.56;542.5;481.61
5597;Tucumã;PA;Estadual;33;503.39;463.89;442.29;476.04;522.42;481.61
5598;Alto Garças;MT;Estadual;7;517.4;471.66;465.19;493.74;460.0;481.6
5599;Santa Cruz Cabrália;BA;Estadual;24;496.73;468.88;443.13;473.43;525.83;481.6
5600;Itobi;SP;Estadual;5;477.54;456.08;487.02;459.3;528.0;481.59
5601;Antônio Prado de Minas;MG;Estadual;3;480.27;497.83;428.3;521.57;480.0;481.59
5602;Dores do Rio Preto;ES;Estadual;6;462.07;484.5;454.23;473.7;533.33;481.57
5603;Diogo de Vasconcelos;MG;Estadual;5;474.04;528.76;459.3;469.62;476.0;481.54
5604;Cujubim;RO;Estadual;13;499.12;474.66;451.01;461.21;521.54;481.51
5605;Gameleira de Goiás;GO;Estadual;10;468.1;474.82;473.0;479.54;512.0;481.49
5606;Santa Luzia do Pará;PA;Municipal;7;485.77;470.71;484.89;446.01;520.0;481.48
5607;Paripiranga;BA;Estadual;97;489.64;476.2;451.45;463.37;526.6;481.45
5608;Governador Jorge Teixeira;RO;Estadual;17;464.47;481.23;440.94;477.03;543.53;481.44
5609;Riacho de Santana;BA;Estadual;36;476.95;475.7;453.44;473.88;527.22;481.44
5610;Rio Crespo;RO;Estadual;2;486.2;484.5;462.65;533.8;440.0;481.43
5611;Caracaraí;RR;Estadual;18;486.26;489.91;467.86;471.92;491.11;481.41
5612;Couto Magalhães;TO;Estadual;7;476.17;470.89;445.96;467.99;545.71;481.34
5613;Ibicuí;BA;Estadual;10;479.58;488.24;453.82;474.97;510.0;481.32
5614;São Mamede;PB;Estadual;29;490.44;462.12;462.52;460.4;531.03;481.31
5615;Coaraci;BA;Estadual;19;475.93;472.41;451.58;472.68;533.68;481.26
5616;Anapu;PA;Estadual;13;481.24;467.09;437.91;475.46;544.62;481.26
5617;Macaíba;RN;Estadual;74;487.45;468.32;455.38;469.95;525.14;481.25
5618;Santa Albertina;SP;Estadual;3;514.47;441.3;401.57;535.53;513.33;481.24
5619;Granja;CE;Estadual;389;480.3;470.28;449.56;472.46;533.21;481.16
5620;Crixás;GO;Estadual;17;491.64;453.01;451.15;468.54;541.18;481.1
5621;Manicoré;AM;Estadual;39;482.79;473.58;449.94;474.04;525.13;481.1
5622;Anhembi;SP;Estadual;9;483.37;454.58;438.1;489.09;540.0;481.03
5623;Pedra Branca do Amapari;AP;Estadual;3;525.17;469.77;415.8;447.67;546.67;481.01
5624;Ribas do Rio Pardo;MS;Estadual;34;508.73;468.57;451.24;473.4;502.94;480.98
5625;Santa Maria do Cambucá;PE;Estadual;17;465.64;465.24;431.41;484.92;557.65;480.97
5626;Mangaratiba;RJ;Municipal;1;558.7;450.4;437.0;378.7;580.0;480.96
5627;Pompéia;SP;Estadual;14;492.46;475.11;455.24;479.04;502.86;480.94
5628;Macarani;BA;Estadual;10;480.27;470.22;446.55;461.59;546.0;480.93
5629;Novo Alegre;TO;Estadual;2;503.3;521.45;469.55;470.2;440.0;480.9
5630;Mocajuba;PA;Privada;4;500.65;438.5;404.32;421.0;640.0;480.9
5631;Rio Pardo de Minas;MG;Estadual;22;497.95;464.21;443.2;475.93;522.73;480.8
5632;Concórdia do Pará;PA;Estadual;58;477.28;458.89;445.14;449.22;573.45;480.8
5633;Aparecida;PB;Estadual;18;474.58;490.76;454.17;474.33;510.0;480.77
5634;Goianésia do Pará;PA;Estadual;28;479.95;474.3;441.05;448.4;560.0;480.74
5635;Medina;MG;Estadual;14;510.84;462.89;430.01;495.52;504.29;480.71
5636;Ipubi;PE;Estadual;44;467.47;445.47;452.55;475.73;562.27;480.7
5637;São Félix do Araguaia;MT;Estadual;7;508.16;435.2;444.76;406.76;608.57;480.69
5638;Coronel Ezequiel;RN;Estadual;4;475.35;495.02;435.12;477.92;520.0;480.68
5639;Alvorada;TO;Estadual;17;499.56;471.71;456.79;461.22;514.12;480.68
5640;Cristina;MG;Estadual;3;500.73;496.23;448.23;511.43;446.67;480.66
5641;Carnaubeira da Penha;PE;Estadual;17;474.16;465.12;460.51;484.58;518.82;480.64
5642;Novo Gama;GO;Estadual;68;496.78;467.33;451.26;458.12;529.71;480.64
5643;São João da Lagoa;MG;Estadual;10;504.15;431.49;436.4;503.17;528.0;480.64
5644;Pintadas;BA;Estadual;22;491.42;470.0;457.66;448.62;535.45;480.63
5645;Poço das Trincheiras;AL;Estadual;9;503.73;507.67;446.1;478.78;466.67;480.59
5646;Nossa Senhora do Socorro;SE;Estadual;165;488.12;465.86;446.95;463.26;538.79;480.59
5647;Garrafão do Norte;PA;Estadual;28;476.61;461.81;428.96;468.4;567.14;480.59
5648;Laje;BA;Estadual;42;484.41;474.54;450.32;445.14;548.57;480.59
5649;Amaporã;PR;Estadual;8;508.35;461.46;459.98;475.64;497.5;480.58
5650;Mato Rico;PR;Estadual;1;451.4;464.8;390.6;536.0;560.0;480.56
5651;Angelim;PE;Estadual;35;499.98;476.74;447.4;461.86;516.57;480.51
5652;Itainópolis;PI;Estadual;18;485.42;452.45;451.32;458.76;554.44;480.48
5653;Mandirituba;PR;Estadual;20;494.48;464.0;464.14;493.65;486.0;480.46
5654;Colônia Leopoldina;AL;Estadual;25;471.8;453.21;448.13;468.33;560.8;480.45
5655;Paulo de Faria;SP;Estadual;11;502.34;453.24;463.41;459.57;523.64;480.44
5656;Japeri;RJ;Estadual;89;501.48;462.72;448.45;469.1;520.45;480.44
5657;Água Doce;SC;Estadual;22;487.79;497.84;466.56;478.08;471.82;480.42
5658;Santa Rosa do Piauí;PI;Estadual;12;470.83;458.62;441.46;447.8;583.33;480.41
5659;Manari;PE;Estadual;10;468.95;451.62;445.2;452.23;584.0;480.4
5660;Iturama;MG;Municipal;2;550.25;485.8;415.2;440.7;510.0;480.39
5661;Santa Quitéria do Maranhão;MA;Privada;2;496.3;507.05;500.35;468.05;430.0;480.35
5662;Brasil Novo;PA;Estadual;13;482.31;480.63;452.92;467.45;518.46;480.35
5663;Parazinho;RN;Estadual;4;482.78;463.32;497.28;428.18;530.0;480.31
5664;Ocara;CE;Estadual;112;490.09;477.24;450.21;466.32;517.68;480.31
5665;Santana;BA;Estadual;60;482.88;461.45;449.02;473.42;534.67;480.29
5666;Benedito Novo;SC;Municipal;1;386.4;423.0;505.2;566.7;520.0;480.26
5667;Cajueiro;AL;Estadual;34;497.42;463.14;438.55;450.76;551.18;480.21
5668;Anadia;AL;Estadual;15;468.81;464.79;457.53;436.59;573.33;480.21
5669;Açailândia;MA;Estadual;200;483.96;468.14;453.91;466.96;527.9;480.17
5670;Presidente Dutra;MA;Federal;1;528.7;395.6;473.3;403.2;600.0;480.16
5671;Missão Velha;CE;Estadual;167;481.66;460.51;450.9;460.04;547.54;480.13
5672;Rondolândia;MT;Estadual;1;499.7;521.0;399.1;500.8;480.0;480.12
5673;Brejetuba;ES;Estadual;14;488.11;477.41;455.81;499.28;480.0;480.12
5674;Coribe;BA;Municipal;1;488.8;497.7;405.6;428.5;580.0;480.12
5675;Areia;PB;Estadual;64;476.29;471.32;455.26;454.0;543.75;480.12
5676;Itiúba;BA;Estadual;44;490.6;470.26;440.05;456.02;543.64;480.11
5677;Alvinópolis;MG;Estadual;5;496.9;480.46;461.14;421.96;540.0;480.09
5678;Colina;SP;Estadual;8;518.55;510.86;451.95;451.54;467.5;480.08
5679;Vitória do Mearim;MA;Estadual;20;504.36;472.77;450.89;437.19;535.0;480.04
5680;Pindaí;BA;Estadual;38;473.59;464.33;457.61;460.35;544.21;480.02
5681;Itaituba;PA;Estadual;98;489.06;461.93;444.22;456.98;547.76;479.99
5682;Nova Canaã;BA;Estadual;6;459.87;429.85;449.9;460.25;600.0;479.97
5683;Giruá;RS;Estadual;8;502.09;493.48;479.4;527.2;397.5;479.93
5684;Nova Fátima;PR;Estadual;11;490.13;456.01;441.4;468.41;543.64;479.92
5685;Estrela d'Oeste;SP;Estadual;7;491.77;468.91;469.06;418.34;551.43;479.9
5686;Água Branca;AL;Estadual;44;476.84;455.82;454.22;460.68;551.82;479.88
5687;Caravelas;BA;Estadual;37;490.09;473.99;448.5;472.66;514.05;479.86
5688;Piçarra;PA;Estadual;15;457.31;458.11;435.03;450.15;598.67;479.85
5689;Cruz;CE;Estadual;101;478.28;466.27;456.24;471.31;526.93;479.81
5690;Jaqueira;PE;Estadual;18;489.07;485.64;450.05;436.47;537.78;479.8
5691;Olho d'Água do Borges;RN;Estadual;10;487.92;451.8;465.48;451.77;542.0;479.79
5692;São José da Coroa Grande;PE;Estadual;31;490.23;460.88;457.21;451.21;539.35;479.78
5693;Lajes;RN;Estadual;14;499.54;455.23;453.05;480.98;510.0;479.76
5694;São Gonçalo do Gurguéia;PI;Estadual;2;452.75;470.0;427.85;478.05;570.0;479.73
5695;Ipojuca;PE;Federal;1;386.8;426.3;404.9;600.4;580.0;479.68
5696;São Félix do Xingu;PA;Estadual;31;482.9;465.96;454.0;462.58;532.9;479.67
5697;Espírito Santo do Dourado;MG;Estadual;1;523.1;467.8;406.0;401.3;600.0;479.64
5698;Altos;PI;Estadual;103;477.01;467.67;451.1;468.0;534.37;479.63
5699;Ibateguara;AL;Estadual;22;473.95;473.51;439.55;452.05;559.09;479.63
5700;Campos Novos Paulista;SP;Estadual;2;493.35;417.9;458.6;508.25;520.0;479.62
5701;Tacaimbó;PE;Estadual;17;487.18;435.86;454.14;472.49;548.24;479.58
5702;Belém do São Francisco;PE;Estadual;42;480.43;456.45;462.25;471.57;527.14;479.57
5703;Canarana;BA;Municipal;1;544.2;415.9;426.4;391.3;620.0;479.56
5704;Nobres;MT;Estadual;24;475.46;483.85;447.51;468.38;522.5;479.54
5705;Forquilha;CE;Estadual;85;487.45;452.47;444.05;466.85;546.82;479.53
5706;Ulianópolis;PA;Estadual;34;494.18;472.23;439.22;479.01;512.94;479.52
5707;Sales;SP;Estadual;5;484.24;457.08;466.56;517.7;472.0;479.52
5708;Maribondo;AL;Estadual;18;478.06;454.27;430.85;493.24;541.11;479.51
5709;Campos Sales;CE;Estadual;234;476.91;460.44;447.61;458.89;553.68;479.51
5710;Caetés;PE;Estadual;23;481.78;479.41;450.26;473.02;513.04;479.5
5711;Maracanã;PA;Municipal;20;462.83;462.28;449.74;457.59;565.0;479.49
5712;Caldeirão Grande;BA;Estadual;8;490.51;462.69;408.24;433.5;602.5;479.49
5713;São João do Pacuí;MG;Estadual;4;466.42;468.22;467.82;469.9;525.0;479.48
5714;Chapada dos Guimarães;MT;Estadual;19;509.11;476.47;448.62;461.02;502.11;479.47
5715;São Francisco de Assis;RS;Estadual;22;497.6;467.55;446.2;473.24;512.73;479.46
5716;São Félix;BA;Estadual;13;513.82;463.15;459.22;448.79;512.31;479.46
5717;Brejão;PE;Estadual;11;516.39;452.81;463.35;470.16;494.55;479.45
5718;Feijó;AC;Estadual;23;480.83;450.74;433.66;456.06;575.65;479.39
5719;Tacuru;MS;Estadual;12;501.6;472.14;463.14;471.63;488.33;479.37
5720;Alagoa Grande;PB;Estadual;30;477.4;452.95;448.38;458.8;559.33;479.37
5721;Catolé do Rocha;PB;Estadual;109;482.57;468.25;447.74;454.52;543.67;479.35
5722;Canto do Buriti;PI;Estadual;37;469.99;459.19;449.08;464.39;554.05;479.34
5723;Aramari;BA;Estadual;7;497.07;447.93;447.7;461.07;542.86;479.33
5724;Manacapuru;AM;Municipal;4;495.08;454.9;434.75;476.92;535.0;479.33
5725;Floresta Azul;BA;Estadual;15;479.95;488.13;465.73;440.18;522.67;479.33
5726;Pedro Régis;PB;Estadual;14;474.25;468.57;445.92;457.84;550.0;479.32
5727;Porto Alegre do Norte;MT;Estadual;5;498.22;496.92;394.16;515.2;492.0;479.3
5728;Pilar;AL;Estadual;68;489.81;475.19;444.92;455.82;530.59;479.26
5729;Joaquim Gomes;AL;Estadual;13;480.57;461.14;449.26;459.05;546.15;479.23
5730;Capinópolis;MG;Estadual;7;514.97;456.87;461.6;451.21;511.43;479.22
5731;Morro Agudo de Goiás;GO;Estadual;4;487.2;489.72;441.85;507.3;470.0;479.22
5732;Turmalina;SP;Estadual;2;498.8;505.05;419.1;453.05;520.0;479.2
5733;Marituba;PA;Estadual;217;492.74;466.95;447.83;457.08;531.34;479.19
5734;Itu;SP;Municipal;1;534.5;499.8;409.0;412.6;540.0;479.18
5735;Serro;MG;Estadual;21;510.72;468.54;443.84;466.14;506.67;479.18
5736;Miranda do Norte;MA;Estadual;20;485.66;456.9;445.79;466.42;541.0;479.15
5737;Irupi;ES;Estadual;18;496.24;473.96;441.6;485.03;498.89;479.14
5738;São Romão;MG;Estadual;9;486.07;495.64;465.71;497.04;451.11;479.12
5739;Poranga;CE;Estadual;66;462.37;446.35;441.92;456.73;588.18;479.11
5740;Timbó Grande;SC;Estadual;14;488.56;488.2;463.7;479.33;475.71;479.1
5741;Aporé;GO;Estadual;21;473.34;467.77;445.77;480.0;528.57;479.09
5742;Nova Alvorada do Sul;MS;Estadual;27;500.74;470.94;445.9;458.44;519.26;479.06
5743;Ouro Fino;MG;Estadual;33;487.97;473.0;449.12;471.82;513.33;479.05
5744;Ponte Alta do Tocantins;TO;Estadual;13;465.68;470.29;443.14;474.48;541.54;479.03
5745;Almenara;MG;Estadual;68;493.69;472.58;449.21;463.47;516.18;479.02
5746;Carauari;AM;Estadual;41;478.08;464.58;452.85;464.0;535.61;479.02
5747;Nhandeara;SP;Estadual;11;497.37;448.63;467.69;514.11;467.27;479.01
5748;Tesouro;MT;Estadual;3;510.47;460.1;412.97;471.37;540.0;478.98
5749;Capela;AL;Estadual;31;478.28;459.53;441.87;439.06;576.13;478.97
5750;Pedras de Maria da Cruz;MG;Estadual;7;516.71;464.26;415.71;497.84;500.0;478.91
5751;Avelinópolis;GO;Estadual;5;524.08;432.44;454.9;494.96;488.0;478.88
5752;Rio Negro;MS;Estadual;13;472.79;472.66;456.75;441.38;550.77;478.87
5753;Jussari;BA;Estadual;3;483.3;440.67;436.4;447.3;586.67;478.87
5754;Bela Vista da Caroba;PR;Estadual;7;488.61;460.96;470.06;488.93;485.71;478.85
5755;Pintópolis;MG;Estadual;8;474.1;456.89;465.49;457.75;540.0;478.84
5756;Formoso;GO;Estadual;16;479.9;463.31;445.29;479.47;526.25;478.84
5757;Taquaritinga do Norte;PE;Estadual;38;486.59;460.36;447.45;462.81;536.84;478.81
5758;São José do Rio Claro;MT;Estadual;38;497.38;485.01;457.76;472.33;481.58;478.81
5759;João Câmara;RN;Privada;14;494.32;462.46;455.19;503.41;478.57;478.79
5760;Iguaracy;PE;Estadual;17;479.07;466.08;443.67;465.15;540.0;478.79
5761;Seritinga;MG;Estadual;1;483.2;493.2;393.4;524.1;500.0;478.78
5762;Cuiabá;MT;Municipal;2;516.95;492.75;501.4;402.75;480.0;478.77
5763;Augusto Corrêa;PA;Estadual;31;483.08;470.15;445.9;472.12;522.58;478.77
5764;Coruripe;AL;Estadual;79;485.76;463.54;439.16;458.97;546.33;478.75
5765;Manaquiri;AM;Estadual;23;474.23;467.57;447.83;460.6;543.48;478.74
5766;Ruy Barbosa;BA;Estadual;58;489.57;471.99;467.1;455.63;509.31;478.72
5767;Arceburgo;MG;Estadual;6;468.92;476.23;473.35;455.12;520.0;478.72
5768;Riachão do Jacuípe;BA;Estadual;62;482.77;453.32;442.82;482.39;532.26;478.71
5769;Recursolândia;TO;Estadual;6;449.83;402.97;465.23;445.52;630.0;478.71
5770;Capinzal do Norte;MA;Estadual;18;478.46;445.64;426.93;460.29;582.22;478.71
5771;Afuá;PA;Estadual;17;467.39;457.0;424.51;488.14;556.47;478.7
5772;Santa Luz;PI;Estadual;23;475.31;437.57;441.7;447.63;591.3;478.7
5773;São Pedro do Ivaí;PR;Estadual;8;482.72;469.46;430.84;437.71;572.5;478.65
5774;Acauã;PI;Estadual;3;474.87;440.07;442.27;469.3;566.67;478.63
5775;Abaetetuba;PA;Municipal;14;485.25;448.6;450.34;431.78;577.14;478.62
5776;Primavera;PA;Estadual;36;490.81;474.63;450.97;467.81;508.89;478.62
5777;Trizidela do Vale;MA;Estadual;15;465.07;471.35;433.44;436.37;586.67;478.58
5778;Serra Dourada;BA;Estadual;22;481.43;452.03;447.65;462.71;549.09;478.58
5779;Campo Maior;PI;Estadual;160;477.18;465.91;445.17;458.85;545.75;478.57
5780;Paranacity;PR;Estadual;17;505.27;459.19;444.54;455.55;528.24;478.56
5781;Mirante do Paranapanema;SP;Municipal;1;403.7;463.8;496.2;449.1;580.0;478.56
5782;Salinópolis;PA;Estadual;87;479.38;474.66;444.06;454.88;539.77;478.55
5783;Palmeirópolis;TO;Estadual;15;459.9;479.51;458.09;464.49;530.67;478.53
5784;Dário Meira;BA;Estadual;4;496.8;432.28;439.62;498.88;525.0;478.52
5785;Logradouro;PB;Estadual;18;458.44;439.88;447.15;470.32;576.67;478.49
5786;Cantagalo;PR;Estadual;23;508.86;474.11;451.23;487.63;470.43;478.45
5787;Muniz Freire;ES;Estadual;37;479.14;493.68;470.19;462.77;486.49;478.45
5788;Solidão;PE;Estadual;25;488.72;469.61;463.19;468.26;502.4;478.44
5789;General Câmara;RS;Estadual;9;517.12;471.79;461.96;463.58;477.78;478.44
5790;Arês;RN;Estadual;12;516.07;453.28;467.56;451.76;503.33;478.4
5791;Mauriti;CE;Estadual;343;472.68;458.84;450.03;465.9;544.55;478.4
5792;Angical;BA;Privada;4;461.72;471.08;434.6;459.5;565.0;478.38
5793;Aquidauana;MS;Estadual;62;492.54;478.48;448.82;449.15;522.9;478.38
5794;Serra Preta;BA;Estadual;29;490.9;485.62;439.67;436.03;539.31;478.31
5795;São Félix de Balsas;MA;Estadual;3;445.37;425.87;444.33;509.27;566.67;478.3
5796;Massapê;CE;Estadual;236;482.43;468.29;448.2;468.0;524.49;478.28
5797;Santa Cruz da Esperança;SP;Estadual;2;484.75;501.85;442.3;472.5;490.0;478.28
5798;Maraial;PE;Estadual;3;493.53;479.03;460.7;418.07;540.0;478.27
5799;Iranduba;AM;Estadual;67;473.41;480.95;457.18;478.03;501.79;478.27
5800;Maranguape;CE;Municipal;4;487.32;430.15;486.05;412.78;575.0;478.26
5801;Desterro;PB;Estadual;19;488.77;465.95;462.8;454.72;518.95;478.24
5802;Girau do Ponciano;AL;Privada;2;511.8;437.75;421.35;420.25;600.0;478.23
5803;Paudalho;PE;Estadual;136;489.4;464.3;450.67;463.66;523.09;478.22
5804;Tapiratiba;SP;Estadual;7;491.97;446.89;455.79;433.49;562.86;478.2
5805;São João das Missões;MG;Estadual;19;481.1;473.19;445.9;451.75;538.95;478.18
5806;Zé Doca;MA;Estadual;39;472.61;465.93;452.16;462.74;537.44;478.18
5807;Guiratinga;MT;Estadual;21;480.37;464.89;450.89;458.17;536.19;478.1
5808;Viana;ES;Estadual;84;494.68;464.4;458.77;469.55;503.1;478.1
5809;Uruana;GO;Estadual;19;494.34;478.67;454.66;473.35;489.47;478.1
5810;Itacarambi;MG;Estadual;18;493.37;487.38;442.03;464.33;503.33;478.09
5811;Barracão;RS;Estadual;11;503.48;482.23;432.15;443.36;529.09;478.06
5812;Betânia;PE;Estadual;16;485.38;436.44;433.09;505.28;530.0;478.04
5813;Cipó;BA;Estadual;46;482.88;457.7;446.06;465.9;537.39;477.99
5814;Campinorte;GO;Estadual;34;496.56;455.14;451.41;454.99;531.76;477.98
5815;Parambu;CE;Estadual;165;485.06;468.08;449.9;465.31;521.33;477.94
5816;Taquara;RS;Municipal;8;494.18;482.26;468.69;484.3;460.0;477.88
5817;Capela do Alto;SP;Estadual;18;501.56;457.64;446.64;461.3;522.22;477.87
5818;Itaju do Colônia;BA;Estadual;9;480.88;456.96;425.2;483.99;542.22;477.85
5819;Nova Soure;BA;Estadual;20;478.3;486.58;452.21;445.16;527.0;477.85
5820;Maragogipe;BA;Estadual;28;479.83;463.26;446.67;475.89;523.57;477.84
5821;Santa Maria de Itabira;MG;Estadual;12;482.57;466.82;429.18;470.59;540.0;477.83
5822;Lagoa de Itaenga;PE;Estadual;48;480.65;466.86;450.41;471.94;519.17;477.81
5823;Igarapé Grande;MA;Estadual;21;466.73;459.9;454.99;458.83;548.57;477.8
5824;Mari;PB;Estadual;55;471.72;468.88;449.62;446.76;552.0;477.8
5825;Pedrinhas;SE;Estadual;31;477.05;459.68;446.59;452.13;553.55;477.8
5826;Marcolândia;PI;Estadual;13;474.1;473.12;434.4;464.25;543.08;477.79
5827;Ipiaú;BA;Estadual;36;486.59;475.71;458.63;468.99;498.89;477.76
5828;Cabaceiras do Paraguaçu;BA;Estadual;8;471.09;434.5;445.21;505.49;532.5;477.76
5829;São José do Divino;MG;Estadual;3;465.73;422.47;415.13;492.03;593.33;477.74
5830;Propriá;SE;Estadual;27;478.57;469.23;447.87;474.5;518.52;477.74
5831;Coronel Bicaco;RS;Estadual;1;510.5;460.3;373.6;344.2;700.0;477.72
5832;Virgínia;MG;Estadual;3;504.47;476.07;474.17;520.5;413.33;477.71
5833;Prata do Piauí;PI;Estadual;10;460.95;462.75;476.93;469.86;518.0;477.7
5834;Maiquinique;BA;Estadual;5;509.7;452.68;446.54;423.52;556.0;477.69
5835;Alto Alegre do Maranhão;MA;Estadual;15;467.0;491.2;454.55;438.35;537.33;477.69
5836;São Domingos do Capim;PA;Estadual;67;484.45;465.57;447.71;457.11;533.43;477.66
5837;Santa Quitéria;CE;Estadual;285;477.72;470.98;449.12;475.75;514.74;477.66
5838;Bataguassu;MS;Estadual;58;493.63;469.56;461.94;466.24;496.9;477.65
5839;Rio Real;BA;Estadual;59;482.83;459.31;444.77;458.85;542.37;477.63
5840;Siderópolis;SC;Estadual;3;470.83;489.87;468.57;485.47;473.33;477.61
5841;Orindiúva;SP;Estadual;3;467.07;495.03;471.17;508.0;446.67;477.59
5842;Água Fria de Goiás;GO;Estadual;13;485.25;476.15;448.15;510.62;467.69;477.57
5843;São João do Carú;MA;Estadual;4;466.1;507.9;469.6;479.12;465.0;477.54
5844;Acará;PA;Estadual;54;475.48;464.59;439.71;461.26;546.67;477.54
5845;Oliveira de Fátima;TO;Estadual;6;462.55;439.37;466.67;442.38;576.67;477.53
5846;Açu;RN;Estadual;76;487.48;456.31;434.18;450.43;559.21;477.52
5847;Bom Jesus;RS;Estadual;5;473.7;476.0;424.36;453.5;560.0;477.51
5848;Doutor Ulysses;PR;Estadual;2;480.2;474.5;466.05;486.8;480.0;477.51
5849;Angico;TO;Estadual;5;498.06;459.22;425.08;481.12;524.0;477.5
5850;Monte Santo;BA;Privada;6;463.97;499.83;478.92;514.75;430.0;477.49
5851;Boca da Mata;AL;Estadual;30;481.39;463.71;455.23;460.43;526.67;477.48
5852;Santa Rita de Cássia;BA;Estadual;43;464.98;471.3;456.08;473.91;520.93;477.44
5853;Jari;RS;Estadual;2;464.6;480.65;440.15;461.6;540.0;477.4
5854;Rio do Pires;BA;Estadual;7;458.69;460.01;447.6;474.94;545.71;477.39
5855;Mara Rosa;GO;Estadual;23;488.6;451.43;449.78;467.5;529.57;477.38
5856;Santana da Boa Vista;RS;Estadual;8;528.9;465.6;441.41;493.29;457.5;477.34
5857;Taquaral;SP;Estadual;1;509.2;463.1;449.1;424.6;540.0;477.2
5858;Carangola;MG;Estadual;23;485.77;466.71;431.44;457.53;544.35;477.16
5859;Primavera;PE;Estadual;21;474.79;459.4;439.62;446.24;565.71;477.15
5860;Boa Vista do Sul;RS;Estadual;1;586.9;427.8;453.7;477.3;440.0;477.14
5861;Castro Alves;BA;Estadual;11;482.13;464.3;457.98;439.42;541.82;477.13
5862;Verdejante;PE;Estadual;10;471.56;461.3;454.95;489.57;508.0;477.08
5863;Xique-Xique;BA;Estadual;42;477.5;443.92;456.35;467.49;540.0;477.05
5864;Vertente do Lério;PE;Estadual;23;473.67;469.43;459.45;457.45;525.22;477.04
5865;São Vicente do Sul;RS;Estadual;8;493.01;453.95;443.86;469.38;525.0;477.04
5866;Anagé;BA;Estadual;9;459.57;487.13;459.57;443.36;535.56;477.04
5867;Matina;BA;Estadual;15;469.93;477.59;441.94;498.19;497.33;477.0
5868;Inhuma;PI;Estadual;18;484.02;477.32;457.53;438.09;527.78;476.95
5869;Porto da Folha;SE;Privada;2;501.35;504.75;422.45;466.15;490.0;476.94
5870;São Tomé;RN;Estadual;13;485.68;456.78;457.22;443.35;541.54;476.91
5871;Buri;SP;Estadual;30;492.78;469.32;451.79;473.87;496.67;476.89
5872;Borborema;PB;Estadual;3;499.77;510.4;447.37;486.87;440.0;476.88
5873;Turvo;PR;Estadual;24;505.47;471.94;472.94;484.02;450.0;476.87
5874;Santa Leopoldina;ES;Estadual;15;493.98;490.9;475.92;479.48;444.0;476.86
5875;Santa Adélia;SP;Estadual;5;538.94;476.76;457.62;514.94;396.0;476.85
5876;Mazagão;AP;Privada;2;434.6;535.55;428.35;445.75;540.0;476.85
5877;Maracajá;SC;Estadual;8;503.69;476.28;460.32;476.48;467.5;476.85
5878;Cansanção;BA;Estadual;18;482.64;469.61;434.79;470.55;526.67;476.85
5879;Curralinho;PA;Estadual;44;480.61;450.18;448.75;442.76;561.82;476.82
5880;Nova Fátima;BA;Estadual;11;457.85;459.5;455.67;471.1;540.0;476.82
5881;Iperó;SP;Estadual;15;524.72;489.07;443.8;466.37;460.0;476.79
5882;Marechal Deodoro;AL;Estadual;59;486.71;462.55;443.4;461.98;529.15;476.76
5883;Entre Rios;BA;Estadual;65;489.46;468.32;452.72;450.51;522.77;476.75
5884;São Sebastião do Passé;BA;Estadual;39;485.04;470.36;448.9;457.71;521.54;476.71
5885;Faina;GO;Estadual;19;477.22;470.75;449.36;454.66;531.58;476.71
5886;Independência;CE;Estadual;155;470.7;455.46;449.05;467.91;540.39;476.7
5887;Jaguaribara;CE;Estadual;57;476.23;456.54;438.61;472.29;539.65;476.66
5888;São João do Rio do Peixe;PB;Estadual;45;472.13;452.81;444.38;477.95;536.0;476.65
5889;Serrita;PE;Estadual;13;478.68;454.26;462.4;458.61;529.23;476.64
5890;Pedra do Indaiá;MG;Estadual;1;525.0;515.8;551.4;471.0;320.0;476.64
5891;Tucuruí;PA;Estadual;213;484.74;458.21;446.33;455.1;538.78;476.63
5892;Livramento;PB;Estadual;14;449.5;471.04;477.12;439.73;545.71;476.62
5893;Ourolândia;BA;Estadual;9;489.94;452.21;431.71;429.19;580.0;476.61
5894;São Joaquim da Barra;SP;Municipal;1;531.0;496.0;436.3;499.5;420.0;476.56
5895;Itajuípe;BA;Estadual;9;500.68;485.99;420.41;460.1;515.56;476.55
5896;Choró;CE;Estadual;41;484.1;474.54;448.12;470.56;505.37;476.54
5897;Ubatuba;SP;Estadual;27;500.65;461.79;460.24;462.18;497.78;476.53
5898;São Desidério;BA;Municipal;7;479.76;469.81;456.89;498.94;477.14;476.51
5899;Francinópolis;PI;Estadual;18;469.08;448.71;421.16;450.17;593.33;476.49
5900;Cáceres;MT;Estadual;126;476.86;460.84;452.17;458.72;533.81;476.48
5901;São Gonçalo do Pará;MG;Estadual;4;513.62;474.25;441.58;497.72;455.0;476.44
5902;Santo Antônio do Itambé;MG;Estadual;1;560.2;511.4;466.5;404.0;440.0;476.42
5903;Campos Verdes;GO;Estadual;11;490.59;457.0;469.39;486.85;478.18;476.4
5904;Ipanguaçu;RN;Estadual;18;482.43;471.82;463.2;461.2;503.33;476.4
5905;Bom Jardim de Goiás;GO;Estadual;17;479.78;457.42;460.3;467.91;516.47;476.38
5906;São Lourenço do Piauí;PI;Estadual;13;469.4;472.58;457.82;480.5;501.54;476.37
5907;São José de Caiana;PB;Estadual;3;524.03;489.63;396.53;485.0;486.67;476.37
5908;Curimatá;PI;Estadual;25;477.06;448.78;446.76;478.66;530.4;476.33
5909;Santo Antônio do Paraíso;PR;Estadual;1;485.2;422.0;425.5;408.9;640.0;476.32
5910;Maraã;AM;Estadual;16;462.49;487.78;437.78;458.56;535.0;476.32
5911;Paim Filho;RS;Estadual;17;481.19;489.56;452.26;483.25;475.29;476.31
5912;Guadalupe;PI;Estadual;24;472.59;457.82;443.92;473.02;534.17;476.3
5913;Tomazina;PR;Estadual;9;494.28;476.58;441.8;468.76;500.0;476.28
5914;Boa Viagem;CE;Estadual;281;481.21;468.44;444.36;469.7;517.72;476.28
5915;Anastácio;MS;Estadual;34;476.41;458.42;434.75;459.48;552.35;476.28
5916;Itaporanga;PB;Estadual;61;478.74;452.6;445.46;458.3;546.23;476.26
5917;Itapecuru Mirim;MA;Privada;5;479.52;425.44;441.22;438.96;596.0;476.23
5918;Jaborandi;SP;Estadual;4;481.38;453.2;460.4;466.12;520.0;476.22
5919;Grossos;RN;Estadual;25;479.82;460.52;438.0;465.8;536.8;476.19
5920;São Sebastião do Anta;MG;Estadual;2;541.0;501.5;435.1;433.25;470.0;476.17
5921;Roca Sales;RS;Estadual;7;497.2;476.44;442.0;442.36;522.86;476.17
5922;Chapada Gaúcha;MG;Estadual;7;487.29;474.81;480.7;497.91;440.0;476.14
5923;Capitão Andrade;MG;Estadual;4;468.32;472.25;465.85;484.3;490.0;476.14
5924;Tupanatinga;PE;Estadual;12;488.13;477.99;455.32;440.78;518.33;476.11
5925;Batayporã;MS;Estadual;11;484.28;471.73;460.03;462.69;501.82;476.11
5926;Ribeirão do Sul;SP;Estadual;8;482.79;483.4;462.88;513.85;437.5;476.08
5927;Ipuaçu;SC;Estadual;4;485.95;496.28;457.32;465.78;475.0;476.06
5928;Honório Serpa;PR;Estadual;6;483.13;463.03;432.93;437.88;563.33;476.06
5929;Colônia do Gurguéia;PI;Estadual;12;500.6;456.08;460.48;483.02;480.0;476.04
5930;Jundiá;AL;Estadual;10;469.69;467.62;427.61;449.29;566.0;476.04
5931;Jardim de Piranhas;RN;Estadual;22;485.31;460.22;441.3;466.94;526.36;476.03
5932;Moraújo;CE;Estadual;64;474.6;452.56;455.98;462.3;534.69;476.03
5933;Flores;PE;Estadual;41;488.11;470.6;463.26;483.06;475.12;476.03
5934;Tanquinho;BA;Estadual;6;513.8;447.4;409.95;468.95;540.0;476.02
5935;Barras;PI;Estadual;135;472.71;460.48;452.97;452.76;541.19;476.02
5936;Dom Expedito Lopes;PI;Estadual;15;477.77;455.26;436.91;451.43;558.67;476.01
5937;Urucânia;MG;Estadual;13;486.18;461.04;439.32;433.38;560.0;475.98
5938;Piritiba;BA;Estadual;21;486.56;469.81;448.54;445.31;529.52;475.95
5939;Campo Grande do Piauí;PI;Estadual;14;485.42;464.71;442.76;456.44;530.0;475.86
5940;Mangueirinha;PR;Estadual;31;500.67;482.86;452.75;476.98;465.81;475.81
5941;Santo Estêvão;BA;Estadual;117;485.91;463.71;446.73;457.06;525.64;475.81
5942;Campos Lindos;TO;Estadual;9;468.78;505.57;455.9;457.63;491.11;475.8
5943;Ipameri;GO;Estadual;36;486.03;468.54;446.48;452.4;525.56;475.8
5944;Iraí;RS;Estadual;9;499.02;481.44;455.24;447.63;495.56;475.78
5945;Catuti;MG;Estadual;8;495.3;489.28;468.0;458.82;467.5;475.78
5946;Quipapá;PE;Estadual;41;486.94;460.45;457.3;465.72;508.29;475.74
5947;Vitória da Conquista;BA;Municipal;1;432.0;429.6;448.3;488.8;580.0;475.74
5948;Maurilândia;GO;Estadual;10;514.78;475.41;478.5;449.94;460.0;475.73
5949;Cristino Castro;PI;Estadual;15;463.76;434.89;463.47;471.13;545.33;475.71
5950;Atalaia;AL;Privada;17;462.06;437.07;461.85;459.94;557.65;475.71
5951;Loanda;PR;Estadual;10;488.02;480.99;452.6;472.88;484.0;475.7
5952;Almino Afonso;RN;Estadual;7;504.4;459.49;426.89;450.41;537.14;475.67
5953;Araguaçu;TO;Estadual;12;486.33;460.85;452.56;485.24;493.33;475.66
5954;Euclides da Cunha;BA;Estadual;46;481.11;467.15;462.0;455.01;513.04;475.66
5955;Ipirá;BA;Estadual;73;480.66;443.55;446.56;466.67;540.82;475.65
5956;São José do Barreiro;SP;Estadual;2;499.6;501.35;395.35;471.8;510.0;475.62
5957;São Geraldo do Baixio;MG;Estadual;2;531.25;473.35;447.2;426.2;500.0;475.6
5958;América Dourada;BA;Estadual;20;468.24;463.98;446.18;464.56;535.0;475.59
5959;Oriximiná;PA;Estadual;103;475.36;456.07;451.97;449.04;545.44;475.58
5960;São João de Pirabas;PA;Estadual;34;478.9;463.96;449.18;442.3;543.53;475.57
5961;Siriri;SE;Estadual;12;487.9;485.29;454.54;449.86;500.0;475.52
5962;Angicos;RN;Estadual;49;483.89;438.22;445.99;441.23;568.16;475.5
5963;Itapetinga;BA;Estadual;67;496.65;464.76;450.02;460.24;505.67;475.47
5964;São José dos Ramos;PB;Estadual;2;493.3;448.2;430.65;345.05;660.0;475.44
5965;Acorizal;MT;Estadual;8;493.59;467.01;451.62;452.5;512.5;475.44
5966;São Manoel do Paraná;PR;Estadual;5;459.68;451.18;436.9;501.36;528.0;475.42
5967;Jurema;PE;Estadual;6;475.42;502.57;434.22;381.55;583.33;475.42
5968;Nova Colinas;MA;Estadual;18;471.22;464.01;423.71;464.84;553.33;475.42
5969;Antas;BA;Estadual;35;499.47;458.15;434.9;465.06;519.43;475.4
5970;Antonina;PR;Estadual;21;489.49;495.02;449.17;466.2;477.14;475.4
5971;Morros;MA;Estadual;14;484.37;467.71;446.34;432.8;545.71;475.39
5972;Fortuna de Minas;MG;Estadual;3;515.4;464.27;436.2;507.6;453.33;475.36
5973;Datas;MG;Estadual;15;464.29;447.09;445.03;489.58;530.67;475.33
5974;Itatim;BA;Estadual;15;473.53;466.73;451.92;447.04;537.33;475.31
5975;Britânia;GO;Estadual;15;507.4;480.11;433.72;476.51;478.67;475.28
5976;Medicilândia;PA;Estadual;14;482.75;470.75;455.78;439.92;527.14;475.27
5977;São Sebastião;AL;Estadual;54;486.39;454.87;457.16;441.86;535.93;475.24
5978;Amontada;CE;Estadual;256;477.37;457.28;441.84;471.82;527.89;475.24
5979;Salgado de São Félix;PB;Estadual;16;490.66;472.98;441.28;453.45;517.5;475.17
5980;Piquerobi;SP;Estadual;8;515.48;479.16;446.11;450.08;485.0;475.16
5981;Curral de Cima;PB;Estadual;18;465.59;445.33;463.63;474.5;526.67;475.14
5982;Mundo Novo;GO;Estadual;21;505.51;461.49;445.81;508.62;454.29;475.14
5983;São Francisco do Conde;BA;Municipal;1;499.4;470.1;420.9;505.2;480.0;475.12
5984;Canaã dos Carajás;PA;Estadual;22;490.11;468.2;447.23;460.89;509.09;475.1
5985;Correntes;PE;Estadual;34;479.94;463.52;439.18;444.89;547.65;475.04
5986;Tapira;PR;Estadual;7;480.99;459.46;445.21;463.81;525.71;475.04
5987;Costa Marques;RO;Estadual;19;474.83;474.87;459.42;473.15;492.63;474.98
5988;Severínia;SP;Estadual;17;493.79;454.94;432.77;487.25;505.88;474.93
5989;São José das Missões;RS;Estadual;5;484.3;450.16;393.26;502.88;544.0;474.92
5990;Manoel Urbano;AC;Estadual;17;505.13;484.35;438.72;439.28;507.06;474.91
5991;Mombuca;SP;Estadual;3;510.4;482.07;431.17;477.53;473.33;474.9
5992;Esperantinópolis;MA;Estadual;23;475.08;453.48;439.59;434.89;571.3;474.87
5993;Anagé;BA;Municipal;1;444.1;423.9;553.1;453.2;500.0;474.86
5994;Tabatinga;AM;Estadual;72;484.28;470.05;447.43;454.65;517.78;474.84
5995;Queimadas;PB;Estadual;52;474.36;460.6;446.75;442.23;550.0;474.79
5996;Terra Alta;PA;Estadual;11;478.66;479.94;433.36;447.41;534.55;474.78
5997;Cabeceiras;GO;Estadual;20;495.77;470.78;457.36;447.84;502.0;474.75
5998;Gentio do Ouro;BA;Estadual;3;456.9;401.23;430.83;478.07;606.67;474.74
5999;Caiabu;SP;Estadual;7;482.8;481.27;452.36;451.49;505.71;474.73
6000;Buriti dos Lopes;PI;Estadual;56;483.62;452.66;447.76;444.25;545.36;474.73
6001;Pio XII;MA;Estadual;51;467.95;470.96;449.7;456.0;529.02;474.73
6002;Nantes;SP;Estadual;9;505.64;465.32;458.08;488.84;455.56;474.69
6003;Dianópolis;TO;Estadual;22;493.5;467.35;439.5;457.47;515.45;474.66
6004;São João Evangelista;MG;Estadual;9;501.06;475.21;429.43;465.21;502.22;474.63
6005;São José de Piranhas;PB;Estadual;30;475.94;476.33;444.46;437.54;538.67;474.59
6006;Joaíma;MG;Estadual;5;485.64;487.22;447.78;444.26;508.0;474.58
6007;Cabedelo;PB;Estadual;57;487.65;455.18;460.22;464.82;504.91;474.56
6008;Santa Cecília;SC;Estadual;6;477.3;451.87;440.2;476.73;526.67;474.55
6009;Iaçu;BA;Estadual;66;480.56;457.82;447.97;456.35;530.0;474.54
6010;Santo Antônio do Leverger;MT;Estadual;10;468.4;452.12;435.92;471.9;544.0;474.47
6011;Baião;PA;Estadual;76;462.78;436.39;433.99;452.59;586.58;474.47
6012;Cametá;PA;Estadual;275;466.95;459.73;442.89;451.0;551.78;474.47
6013;Porto Grande;AP;Federal;25;470.76;477.33;447.08;475.34;501.6;474.42
6014;Sabáudia;PR;Estadual;9;471.06;483.91;449.9;498.28;468.89;474.41
6015;São José de Ribamar;MA;Estadual;205;490.39;463.79;443.08;444.99;529.66;474.38
6016;Magalhães de Almeida;MA;Estadual;33;488.07;461.67;449.51;457.25;515.15;474.33
6017;Combinado;TO;Estadual;16;497.29;448.42;437.35;434.79;553.75;474.32
6018;Jardim;CE;Estadual;157;477.26;459.63;447.58;456.16;530.83;474.29
6019;Alagoinha;PB;Estadual;43;480.24;461.37;435.81;447.99;546.05;474.29
6020;Buriticupu;MA;Privada;3;477.2;423.87;484.83;412.2;573.33;474.29
6021;Nova Russas;CE;Estadual;193;474.46;460.69;450.3;466.33;519.69;474.29
6022;Igaracy;PB;Estadual;32;467.91;441.45;428.7;438.92;594.38;474.27
6023;Júlio Borges;PI;Estadual;6;464.55;461.9;415.78;432.4;596.67;474.26
6024;Juramento;MG;Estadual;6;478.37;449.48;412.9;470.52;560.0;474.25
6025;Itapirapuã;GO;Estadual;10;506.77;486.75;443.8;461.89;472.0;474.24
6026;Alto Longá;PI;Estadual;18;471.53;430.57;453.42;493.36;522.22;474.22
6027;Centenário;TO;Estadual;4;489.0;454.3;405.95;396.8;625.0;474.21
6028;Anguera;BA;Estadual;8;463.39;441.28;441.96;464.38;560.0;474.2
6029;São Paulo de Olivença;AM;Estadual;43;471.65;477.88;440.92;466.22;513.95;474.13
6030;Araçuaí;MG;Estadual;34;477.13;455.18;433.52;467.65;537.06;474.11
6031;Turvânia;GO;Estadual;7;488.21;478.56;455.06;468.31;480.0;474.03
6032;Salinas da Margarida;BA;Estadual;27;485.34;472.89;443.53;431.24;537.04;474.01
6033;Uruana;GO;Privada;1;529.2;535.8;554.9;429.9;320.0;473.96
6034;Augusto de Lima;MG;Estadual;4;452.65;480.9;427.28;428.88;580.0;473.94
6035;Itapiranga;AM;Estadual;34;478.12;471.52;440.71;476.39;502.94;473.94
6036;Areial;PB;Estadual;6;469.67;473.75;434.58;438.27;553.33;473.92
6037;Belém;PA;Municipal;16;496.66;461.04;461.25;459.41;491.25;473.92
6038;Mormaço;RS;Estadual;6;470.58;480.12;439.67;495.73;483.33;473.89
6039;Benevides;PA;Estadual;143;481.42;452.12;443.51;455.18;537.2;473.89
6040;Bom Jardim;MA;Estadual;33;482.4;446.39;447.26;447.83;545.45;473.87
6041;Santaluz;BA;Estadual;47;491.83;474.06;455.71;467.08;480.43;473.82
6042;Cedro;CE;Estadual;129;472.58;459.09;442.2;463.14;532.09;473.82
6043;Santo Antônio do Amparo;MG;Estadual;19;488.36;455.32;469.14;454.06;502.11;473.8
6044;Itambé;BA;Estadual;26;472.28;478.63;448.8;449.25;520.0;473.79
6045;Trairi;CE;Estadual;298;480.74;461.34;448.99;472.45;505.3;473.77
6046;Abaetetuba;PA;Estadual;339;472.12;456.93;445.2;444.47;550.15;473.77
6047;Águas Lindas de Goiás;GO;Estadual;189;485.73;467.0;448.05;461.9;505.93;473.72
6048;São Patrício;GO;Estadual;6;514.58;460.05;439.4;441.17;513.33;473.71
6049;Vera Mendes;PI;Estadual;4;462.55;452.58;424.68;498.55;530.0;473.67
6050;Araguainha;MT;Estadual;1;494.6;445.7;400.4;447.5;580.0;473.64
6051;Madre de Deus de Minas;MG;Estadual;6;485.48;500.4;447.68;467.98;466.67;473.64
6052;Rondinha;RS;Estadual;5;485.9;457.58;448.86;451.62;524.0;473.59
6053;São José do Jacuípe;BA;Estadual;13;487.16;481.59;456.47;456.58;486.15;473.59
6054;São Simão;GO;Estadual;7;474.3;450.66;467.6;478.21;497.14;473.58
6055;Piraí do Norte;BA;Estadual;3;476.57;457.53;411.3;415.7;606.67;473.55
6056;Toritama;PE;Estadual;42;482.45;470.41;442.59;447.0;525.24;473.54
6057;Salvaterra;PA;Estadual;55;477.72;463.11;443.25;447.58;536.0;473.53
6058;Formoso do Araguaia;TO;Estadual;14;487.21;481.74;448.71;481.44;468.57;473.53
6059;Madre de Deus;BA;Privada;13;474.27;455.91;453.35;440.88;543.08;473.5
6060;Dirceu Arcoverde;PI;Estadual;6;486.35;454.27;417.7;489.07;520.0;473.48
6061;Pau D'Arco;TO;Estadual;8;483.01;454.35;455.95;441.28;532.5;473.42
6062;Piranhas;AL;Estadual;27;475.18;446.6;435.18;461.87;548.15;473.4
6063;Rio Azul;PR;Estadual;14;515.29;451.41;441.11;494.85;464.29;473.39
6064;Itarema;CE;Estadual;278;470.33;457.11;445.35;473.48;520.65;473.38
6065;Jericó;PB;Estadual;13;467.05;439.4;443.63;458.14;558.46;473.34
6066;Anahy;PR;Estadual;3;492.03;514.17;401.73;505.33;453.33;473.32
6067;Canindé de São Francisco;SE;Estadual;34;469.45;469.37;455.92;444.02;527.65;473.28
6068;Porto Calvo;AL;Estadual;31;486.4;461.69;437.04;462.77;518.06;473.19
6069;Porciúncula;RJ;Estadual;21;487.35;459.93;448.21;479.02;491.43;473.19
6070;Guarantã;SP;Estadual;3;466.17;471.97;442.4;438.6;546.67;473.16
6071;Sengés;PR;Estadual;8;499.88;447.08;442.26;498.96;477.5;473.14
6072;São Gabriel da Cachoeira;AM;Estadual;44;470.87;469.91;447.06;460.8;516.82;473.09
6073;Canaã dos Carajás;PA;Municipal;5;495.6;458.46;422.96;516.32;472.0;473.07
6074;Nova Olímpia;PR;Estadual;6;500.27;465.93;404.43;481.4;513.33;473.07
6075;Capim;PB;Estadual;15;493.83;463.17;423.49;430.05;554.67;473.04
6076;Santo Antônio do Leste;MT;Estadual;11;480.7;438.58;437.44;490.26;518.18;473.03
6077;Itambé;PR;Estadual;5;496.78;492.1;439.78;444.4;492.0;473.01
6078;Belterra;PA;Estadual;26;486.88;447.12;440.67;457.91;532.31;472.98
6079;Capanema;PA;Estadual;89;470.96;463.37;441.58;450.41;538.43;472.95
6080;Lajeado Grande;SC;Estadual;6;490.52;466.88;472.72;464.47;470.0;472.92
6081;Ceará-Mirim;RN;Estadual;106;484.15;466.1;447.3;457.01;510.0;472.91
6082;Ouricuri;PE;Estadual;53;471.1;455.31;448.38;454.61;535.09;472.9
6083;Cerro Grande;RS;Estadual;3;462.73;442.63;495.7;436.77;526.67;472.9
6084;Belmiro Braga;MG;Estadual;6;497.4;453.8;440.92;445.62;526.67;472.88
6085;Santa Teresinha;PB;Estadual;3;535.2;522.13;427.03;499.83;380.0;472.84
6086;Paracuru;CE;Estadual;371;481.88;457.16;448.89;473.8;502.48;472.84
6087;Morro do Chapéu do Piauí;PI;Estadual;9;498.86;480.08;467.31;406.81;511.11;472.83
6088;Florânia;RN;Estadual;10;457.81;451.53;455.1;451.58;548.0;472.8
6089;Casimiro de Abreu;RJ;Municipal;6;526.22;462.63;458.78;449.65;466.67;472.79
6090;Campestre de Goiás;GO;Estadual;19;493.38;475.26;445.35;456.09;493.68;472.75
6091;Areia Branca;SE;Estadual;36;466.63;445.15;439.04;447.22;565.56;472.72
6092;Augustinópolis;TO;Estadual;39;485.47;465.79;442.54;463.64;506.15;472.72
6093;Portel;PA;Estadual;74;475.32;459.26;443.01;437.3;548.65;472.71
6094;Pirapora do Bom Jesus;SP;Municipal;5;472.06;460.5;461.28;481.44;488.0;472.66
6095;Paraguaçu;MG;Estadual;16;487.57;454.21;454.18;463.55;503.75;472.65
6096;Goiandira;GO;Estadual;13;480.09;468.72;455.51;455.77;503.08;472.63
6097;Jucurutu;RN;Estadual;28;461.25;444.85;449.89;464.86;542.14;472.6
6098;Valente;BA;Estadual;48;472.84;461.23;446.47;446.56;535.83;472.59
6099;Careiro da Várzea;AM;Estadual;25;468.57;460.68;442.58;479.09;512.0;472.58
6100;Governador Dix-Sept Rosado;RN;Estadual;15;491.45;455.43;452.67;431.05;532.0;472.52
6101;Araguatins;TO;Estadual;85;489.36;457.18;446.45;454.72;514.82;472.51
6102;Viseu;PA;Estadual;30;470.83;453.72;437.2;448.73;552.0;472.5
6103;Ubaí;MG;Estadual;18;490.47;460.99;450.61;470.25;490.0;472.46
6104;Belmonte;SC;Estadual;1;476.0;457.3;423.1;585.8;420.0;472.44
6105;Itaú;RN;Estadual;8;454.35;448.94;439.05;489.89;530.0;472.44
6106;Fortuna;MA;Estadual;7;477.09;457.77;458.01;437.29;531.43;472.32
6107;Plácido de Castro;AC;Estadual;15;483.03;464.21;458.33;467.95;488.0;472.31
6108;Luís Domingues;MA;Estadual;12;456.74;455.61;453.97;473.51;521.67;472.3
6109;Presidente Tancredo Neves;BA;Estadual;31;485.03;459.98;452.97;457.67;505.81;472.29
6110;Canapi;AL;Estadual;20;484.63;466.22;431.57;450.9;528.0;472.26
6111;Santa Rosa do Tocantins;TO;Estadual;6;495.67;428.92;461.38;458.48;516.67;472.22
6112;Santa Helena de Minas;MG;Estadual;13;475.23;479.92;466.31;434.91;504.62;472.2
6113;Paes Landim;PI;Estadual;6;437.63;473.43;448.15;458.15;543.33;472.14
6114;Guarabira;PB;Municipal;1;469.7;503.1;376.3;491.6;520.0;472.14
6115;Lagoa do Carro;PE;Estadual;30;470.17;442.12;445.22;447.71;555.33;472.11
6116;Igarapé-Açu;PA;Estadual;47;461.26;459.56;440.7;457.21;541.7;472.09
6117;Curaçá;BA;Estadual;46;479.42;451.75;452.04;457.08;520.0;472.06
6118;Rio Bom;PR;Estadual;1;485.2;578.6;516.0;380.5;400.0;472.06
6119;Campo Alegre de Goiás;GO;Estadual;2;493.15;409.0;487.25;480.85;490.0;472.05
6120;Gurupá;PA;Estadual;6;495.6;470.33;425.62;438.67;530.0;472.04
6121;Nova Maringá;MT;Estadual;12;483.32;465.58;469.3;473.62;468.33;472.03
6122;Macururé;BA;Estadual;3;473.93;438.7;464.1;436.77;546.67;472.03
6123;Várzea da Roça;BA;Estadual;28;488.19;474.6;448.29;460.52;488.57;472.03
6124;Três Ranchos;GO;Estadual;5;514.48;421.9;460.28;459.24;504.0;471.98
6125;Breves;PA;Estadual;150;472.42;456.6;445.89;439.61;545.33;471.97
6126;Laranjal;MG;Estadual;4;478.35;473.05;429.35;439.08;540.0;471.96
6127;Paço do Lumiar;MA;Estadual;230;487.76;462.91;449.65;449.5;510.0;471.96
6128;Novo Airão;AM;Estadual;41;462.27;472.76;427.34;453.05;544.39;471.96
6129;Cachoeira dos Índios;PB;Estadual;14;480.87;494.71;452.34;443.26;488.57;471.95
6130;Barão de Monte Alto;MG;Estadual;7;481.56;500.44;447.61;515.6;414.29;471.9
6131;Areia Branca;RN;Estadual;41;484.87;468.35;452.19;479.4;474.63;471.89
6132;Joaquim Pires;PI;Estadual;35;464.0;469.12;446.31;444.53;535.43;471.88
6133;Mascote;BA;Estadual;4;443.95;434.6;468.12;497.75;515.0;471.88
6134;Conceição do Araguaia;PA;Estadual;79;479.66;457.49;444.11;461.75;516.2;471.84
6135;Pontes e Lacerda;MT;Estadual;67;485.67;467.7;440.75;458.83;506.27;471.84
6136;São João da Ponta;PA;Estadual;10;459.17;487.25;418.92;421.78;572.0;471.82
6137;Rialma;GO;Estadual;17;493.56;471.28;447.35;455.06;491.76;471.8
6138;Meruoca;CE;Estadual;73;490.32;471.1;456.24;467.04;474.25;471.79
6139;Barão de Melgaço;MT;Estadual;8;503.82;460.76;457.89;473.98;462.5;471.79
6140;São Desidério;BA;Estadual;34;482.56;462.44;459.0;455.5;499.41;471.78
6141;São Carlos do Ivaí;PR;Municipal;1;520.2;418.2;463.5;416.9;540.0;471.76
6142;Jerumenha;PI;Municipal;1;575.9;564.0;434.9;343.9;440.0;471.74
6143;Maripá de Minas;MG;Estadual;10;496.73;450.54;427.95;497.3;486.0;471.7
6144;Araguapaz;GO;Estadual;9;500.66;482.47;446.41;491.06;437.78;471.67
6145;Lontra;MG;Estadual;13;488.24;478.51;461.52;466.94;463.08;471.66
6146;Buerarema;BA;Estadual;18;494.38;458.78;438.35;436.77;530.0;471.66
6147;Flores do Piauí;PI;Estadual;7;480.81;441.03;458.01;409.76;568.57;471.64
6148;Humaitá;AM;Estadual;51;470.12;464.65;451.45;462.07;509.8;471.62
6149;Santa Maria do Salto;MG;Estadual;5;430.08;444.28;460.08;463.44;560.0;471.58
6150;Messias;AL;Estadual;28;478.3;443.35;441.5;436.08;558.57;471.56
6151;Itacoatiara;AM;Estadual;225;472.45;465.14;440.9;458.48;520.8;471.55
6152;Icapuí;CE;Estadual;88;478.9;457.11;441.59;472.76;507.27;471.52
6153;Sandolândia;TO;Estadual;18;469.07;460.96;455.88;457.08;514.44;471.49
6154;Ibiapina;CE;Estadual;136;472.66;449.52;450.21;458.37;526.32;471.42
6155;Paulino Neves;MA;Estadual;27;473.41;452.05;449.22;457.86;524.44;471.4
6156;Penedo;AL;Estadual;62;482.51;460.71;447.81;460.91;504.84;471.35
6157;Campo Belo do Sul;SC;Estadual;11;470.76;463.65;444.75;488.34;489.09;471.32
6158;Ingaí;MG;Estadual;5;468.4;483.42;434.08;450.68;520.0;471.32
6159;São Gabriel;RS;Municipal;3;459.33;499.3;449.8;381.5;566.67;471.32
6160;Palma;MG;Estadual;6;487.73;416.98;414.63;437.18;600.0;471.31
6161;Abreulândia;TO;Estadual;5;472.48;475.9;435.18;428.96;544.0;471.3
6162;Marcelino Vieira;RN;Estadual;25;460.55;473.6;438.9;470.66;512.8;471.3
6163;Major Sales;RN;Estadual;8;476.08;476.56;468.96;457.26;477.5;471.27
6164;Santa Fé de Minas;MG;Estadual;3;491.97;435.17;449.1;466.33;513.33;471.18
6165;Olho d'Água;PB;Estadual;5;459.04;453.22;438.48;456.98;548.0;471.14
6166;Caiapônia;GO;Estadual;10;493.75;454.02;459.16;444.74;504.0;471.13
6167;Palmeirina;PE;Estadual;7;456.99;458.0;436.6;455.5;548.57;471.13
6168;Formosa da Serra Negra;MA;Estadual;43;470.37;451.25;437.85;473.83;522.33;471.12
6169;Conselheiro Mairinck;PR;Estadual;4;498.58;519.78;451.05;471.2;415.0;471.12
6170;Aroazes;PI;Estadual;19;467.39;450.33;435.47;431.8;570.53;471.1
6171;Wanderley;BA;Estadual;7;460.96;427.43;470.53;470.79;525.71;471.08
6172;Abel Figueiredo;PA;Estadual;12;486.58;442.22;443.61;446.26;536.67;471.07
6173;Ortigueira;PR;Estadual;14;483.01;461.36;437.48;486.3;487.14;471.06
6174;Urbano Santos;MA;Estadual;36;470.97;465.5;435.82;439.06;543.89;471.05
6175;Barra do Quaraí;RS;Estadual;7;501.57;461.5;426.54;448.41;517.14;471.03
6176;Tunas;RS;Estadual;3;510.0;493.03;479.33;386.13;486.67;471.03
6177;Cardoso;SP;Estadual;2;425.2;505.9;409.7;474.1;540.0;470.98
6178;Ibotirama;BA;Estadual;37;471.74;476.66;433.61;448.47;524.32;470.96
6179;Marituba;PA;Municipal;57;483.81;464.75;446.11;459.34;500.7;470.94
6180;Batalha;PI;Estadual;61;479.23;471.37;444.22;447.9;511.8;470.91
6181;Amarante;PI;Estadual;47;472.5;443.18;449.33;465.58;523.83;470.88
6182;Ichu;BA;Estadual;3;479.47;480.67;419.47;441.27;533.33;470.84
6183;Aliança do Tocantins;TO;Estadual;12;478.38;447.98;450.73;438.64;538.33;470.82
6184;Vila Bela da Santíssima Trindade;MT;Estadual;21;496.21;470.32;446.93;436.84;503.81;470.82
6185;Santa Maria da Boa Vista;PE;Estadual;45;476.09;457.04;435.42;454.86;530.67;470.81
6186;Viçosa do Ceará;CE;Estadual;308;471.73;461.93;442.33;459.43;518.57;470.8
6187;Jaciara;MT;Estadual;28;508.16;466.99;450.56;443.91;484.29;470.78
6188;Monsenhor Tabosa;CE;Estadual;132;486.28;466.49;436.49;458.67;505.91;470.77
6189;Umburanas;BA;Estadual;12;482.18;437.84;454.98;410.49;568.33;470.77
6190;Rio de Janeiro;RJ;Municipal;75;497.12;467.83;443.83;455.4;489.6;470.76
6191;Carnaubal;CE;Estadual;86;477.66;458.39;446.01;459.17;512.56;470.76
6192;São Félix do Xingu;PA;Municipal;5;491.58;463.46;425.34;413.18;560.0;470.71
6193;Tocantins;MG;Estadual;3;506.8;467.27;518.4;441.03;420.0;470.7
6194;Piquet Carneiro;CE;Estadual;37;479.23;460.41;439.6;464.51;509.73;470.69
6195;Rio Formoso;PE;Estadual;28;478.32;462.9;442.46;474.72;495.0;470.68
6196;Buenópolis;MG;Estadual;10;493.3;456.45;436.13;453.4;514.0;470.66
6197;Brejo dos Santos;PB;Estadual;11;463.62;447.65;441.26;435.31;565.45;470.66
6198;Nísia Floresta;RN;Municipal;1;510.8;466.4;456.4;339.5;580.0;470.62
6199;Curuçá;PA;Estadual;39;483.7;452.89;448.45;434.65;533.33;470.61
6200;Alhandra;PB;Estadual;37;482.42;463.38;440.76;461.09;505.41;470.61
6201;Serrolândia;BA;Estadual;7;483.2;506.59;412.59;456.33;494.29;470.6
6202;Riacho de Santana;RN;Estadual;5;477.32;467.88;436.86;478.9;492.0;470.59
6203;Santa Inês;PB;Estadual;6;470.68;461.3;438.83;442.08;540.0;470.58
6204;Porto Franco;MA;Estadual;52;480.8;466.07;453.2;439.2;513.46;470.55
6205;Gilbués;PI;Estadual;16;456.35;471.19;452.39;450.28;522.5;470.54
6206;Piraquê;TO;Estadual;1;489.7;468.2;515.3;559.5;320.0;470.54
6207;Mendes;RJ;Estadual;11;492.25;465.34;424.88;468.2;501.82;470.5
6208;Várzea;RN;Estadual;8;508.09;453.91;417.02;438.1;535.0;470.42
6209;Brejinho;PE;Estadual;7;474.26;443.89;451.7;445.03;537.14;470.4
6210;Santo Antônio de Pádua;RJ;Municipal;2;536.15;542.95;417.7;415.1;440.0;470.38
6211;São José de Princesa;PB;Estadual;2;477.5;432.1;389.2;433.05;620.0;470.37
6212;Manduri;SP;Estadual;5;499.36;463.72;464.46;436.24;488.0;470.36
6213;Capão do Leão;RS;Estadual;10;476.47;447.64;414.58;472.95;540.0;470.33
6214;Pimenteiras;PI;Estadual;14;471.11;456.56;425.59;462.64;535.71;470.33
6215;Conceição das Alagoas;MG;Estadual;20;491.53;460.54;429.6;465.84;504.0;470.3
6216;São Miguel dos Milagres;AL;Estadual;11;464.89;435.49;428.02;455.73;567.27;470.28
6217;Bonito de Minas;MG;Estadual;9;507.2;457.66;431.83;445.54;508.89;470.22
6218;Aliança;PE;Estadual;95;474.46;443.15;442.82;444.27;546.32;470.2
6219;Formosa do Sul;SC;Estadual;5;474.2;454.18;437.38;437.22;548.0;470.2
6220;Rio Preto da Eva;AM;Estadual;34;462.63;456.45;455.46;451.17;525.29;470.2
6221;Orós;CE;Estadual;69;482.24;446.85;434.47;449.37;537.97;470.18
6222;Inhapi;AL;Estadual;18;456.11;484.12;432.81;465.56;512.22;470.16
6223;Senador Guiomard;AC;Estadual;22;479.15;481.28;449.03;463.79;477.27;470.1
6224;Angical do Piauí;PI;Estadual;9;465.99;450.53;423.66;437.01;573.33;470.1
6225;Grupiara;MG;Estadual;5;501.0;453.42;442.8;521.06;432.0;470.06
6226;Paulistana;PI;Estadual;35;452.31;440.64;444.85;439.28;573.14;470.05
6227;Carnaubais;RN;Estadual;13;469.41;439.37;404.14;443.45;593.85;470.04
6228;Duas Estradas;PB;Estadual;4;476.35;504.08;441.5;458.28;470.0;470.04
6229;São Miguel do Aleixo;SE;Estadual;7;470.63;454.84;466.53;458.16;500.0;470.03
6230;Baixio;CE;Estadual;26;463.03;465.35;441.37;442.68;537.69;470.02
6231;Pium;TO;Estadual;5;509.64;462.0;425.62;508.76;444.0;470.0
6232;Riachinho;MG;Estadual;4;507.35;465.08;436.65;415.88;525.0;469.99
6233;Princesa Isabel;PB;Estadual;26;476.99;450.95;438.08;448.55;535.38;469.99
6234;Muaná;PA;Municipal;1;478.5;519.7;377.5;414.2;560.0;469.98
6235;Nova Mamoré;RO;Estadual;35;485.21;487.51;439.4;469.14;468.57;469.97
6236;Macau;RN;Estadual;45;484.21;462.6;447.27;463.76;492.0;469.97
6237;Muribeca;SE;Estadual;19;448.31;435.99;439.37;453.48;572.63;469.96
6238;Garruchos;RS;Estadual;5;465.24;479.34;445.88;451.32;508.0;469.96
6239;Tarrafas;CE;Estadual;23;464.1;446.67;452.38;470.07;516.52;469.95
6240;São José da Tapera;AL;Estadual;20;489.16;455.16;456.6;444.77;504.0;469.94
6241;Tutóia;MA;Estadual;87;474.56;458.53;447.96;452.93;515.63;469.92
6242;São João do Sul;SC;Estadual;6;502.67;464.58;448.05;460.8;473.33;469.89
6243;Juruti;PA;Estadual;77;463.07;461.18;452.03;451.09;522.08;469.89
6244;Fortaleza dos Nogueiras;MA;Estadual;61;464.88;450.67;449.53;446.37;537.7;469.83
6245;Bujari;AC;Estadual;6;473.75;480.88;454.0;486.83;453.33;469.76
6246;Francisco Badaró;MG;Estadual;5;476.06;435.38;468.28;417.04;552.0;469.75
6247;Vitória do Jari;AP;Estadual;15;447.54;458.96;442.99;440.53;558.67;469.74
6248;Bonito;MS;Estadual;14;490.19;481.73;450.69;443.19;482.86;469.73
6249;Terra Nova;BA;Estadual;5;447.32;459.74;449.58;435.94;556.0;469.72
6250;Vista Alegre;RS;Estadual;4;472.95;445.35;435.12;520.02;475.0;469.69
6251;Santo Inácio do Piauí;PI;Estadual;4;504.98;462.65;476.7;434.05;470.0;469.68
6252;Caridade do Piauí;PI;Estadual;9;467.82;455.14;444.84;440.51;540.0;469.66
6253;Valença;BA;Estadual;80;477.74;460.42;459.94;461.44;488.5;469.61
6254;Quiterianópolis;CE;Estadual;80;468.36;459.48;436.52;473.69;510.0;469.61
6255;Pariconha;AL;Estadual;23;472.84;456.0;454.93;461.67;502.61;469.61
6256;Peixe-Boi;PA;Municipal;5;470.54;442.54;389.68;453.14;592.0;469.58
6257;Nicolau Vergueiro;RS;Estadual;2;451.65;414.05;400.7;421.3;660.0;469.54
6258;Cerro Corá;RN;Estadual;11;504.58;479.76;432.62;428.87;501.82;469.53
6259;Soure;PA;Municipal;17;469.74;431.99;432.15;474.87;538.82;469.52
6260;Jati;CE;Estadual;27;473.53;461.96;443.95;459.81;508.15;469.48
6261;Ielmo Marinho;RN;Estadual;4;512.42;471.52;453.22;410.2;500.0;469.48
6262;Tabocas do Brejo Velho;BA;Estadual;16;459.62;432.98;444.12;455.71;555.0;469.48
6263;Balsas;MA;Estadual;169;475.36;452.3;435.72;453.91;530.06;469.47
6264;Barroquinha;CE;Estadual;151;482.52;467.45;444.42;455.87;496.95;469.44
6265;Campinas do Piauí;PI;Estadual;7;476.43;447.0;448.07;447.01;528.57;469.42
6266;Santa Luzia do Paruá;MA;Estadual;38;487.76;445.93;434.93;456.88;521.58;469.42
6267;Itaúna do Sul;PR;Estadual;5;469.94;476.28;457.22;459.6;484.0;469.41
6268;Acarape;CE;Estadual;56;467.28;450.7;440.64;461.21;527.14;469.39
6269;São Bento;MA;Estadual;38;477.85;450.84;455.36;442.78;520.0;469.36
6270;Guairaçá;PR;Estadual;9;490.83;466.46;407.96;441.57;540.0;469.36
6271;Davinópolis;MA;Estadual;22;481.33;471.86;449.5;444.83;499.09;469.32
6272;Bom Jesus;PI;Estadual;94;474.11;458.95;433.45;448.85;531.06;469.29
6273;Alto Taquari;MT;Estadual;6;518.5;479.68;430.67;447.52;470.0;469.27
6274;Vale do Paraíso;RO;Estadual;10;501.84;477.07;453.63;477.65;436.0;469.24
6275;José de Freitas;PI;Estadual;47;481.69;446.14;440.95;443.26;534.04;469.22
6276;Bom Jesus da Lapa;BA;Estadual;108;475.65;454.64;441.88;449.29;524.63;469.22
6277;Joselândia;MA;Estadual;12;465.96;454.05;423.62;454.14;548.33;469.22
6278;Camapuã;MS;Estadual;18;479.87;464.11;437.75;455.48;508.89;469.22
6279;Groaíras;CE;Estadual;52;475.67;462.96;441.31;464.95;501.15;469.21
6280;Senador Alexandre Costa;MA;Estadual;19;486.32;448.5;434.59;469.09;507.37;469.17
6281;Itaberá;SP;Estadual;18;510.41;461.05;453.83;473.85;446.67;469.16
6282;Frei Lagonegro;MG;Estadual;4;478.58;486.55;413.8;461.7;505.0;469.12
6283;Ilha Grande;PI;Estadual;19;456.18;449.54;447.89;446.51;545.26;469.08
6284;Jitaúna;BA;Estadual;15;492.24;432.33;460.89;459.6;500.0;469.01
6285;Milhã;CE;Estadual;47;480.32;460.9;449.45;475.57;478.72;468.99
6286;Anajatuba;MA;Estadual;25;458.81;443.93;450.93;453.61;537.6;468.98
6287;Piancó;PB;Estadual;31;466.02;452.77;437.9;430.63;557.42;468.95
6288;Carmópolis;SE;Estadual;19;478.07;476.48;443.39;441.54;505.26;468.95
6289;Nossa Senhora de Lourdes;SE;Estadual;30;469.09;475.86;444.62;459.77;495.33;468.94
6290;Cocal de Telha;PI;Estadual;16;492.84;443.84;432.48;438.01;537.5;468.93
6291;Souto Soares;BA;Estadual;14;480.02;439.29;447.8;457.49;520.0;468.92
6292;Patos do Piauí;PI;Estadual;13;451.82;462.21;426.31;467.33;536.92;468.92
6293;Wall Ferraz;PI;Estadual;20;463.69;445.39;437.4;448.97;549.0;468.89
6294;Cônego Marinho;MG;Estadual;7;464.04;452.03;439.0;503.31;485.71;468.82
6295;Raposa;MA;Estadual;37;484.64;455.29;440.01;452.73;511.35;468.8
6296;Sena Madureira;AC;Estadual;34;494.65;446.76;436.79;448.72;517.06;468.79
6297;Santana de Mangueira;PB;Estadual;7;496.96;484.3;462.09;454.81;445.71;468.77
6298;Tracuateua;PA;Municipal;9;472.07;461.3;427.48;427.39;555.56;468.76
6299;Sete Barras;SP;Estadual;7;479.06;448.5;450.77;453.97;511.43;468.75
6300;Araçagi;PB;Estadual;30;467.99;445.54;446.58;442.19;541.33;468.72
6301;Estiva Gerbi;SP;Estadual;6;492.93;443.75;449.75;460.22;496.67;468.66
6302;São Bento do Norte;RN;Estadual;4;511.98;472.62;428.7;480.02;450.0;468.66
6303;Caturama;BA;Estadual;14;464.34;443.01;451.97;452.56;531.43;468.66
6304;Axixá;MA;Estadual;80;474.44;461.75;448.29;445.4;513.25;468.63
6305;Barra do Garças;MT;Municipal;1;497.3;486.9;508.2;570.6;280.0;468.6
6306;Santa Mariana;PR;Estadual;7;479.51;475.06;456.76;460.23;471.43;468.6
6307;Terra Santa;PA;Estadual;9;406.73;476.89;436.56;460.57;562.22;468.59
6308;Chã Preta;AL;Estadual;14;474.78;447.85;446.41;438.08;535.71;468.57
6309;Tracuateua;PA;Estadual;16;475.74;449.89;433.42;446.28;537.5;468.57
6310;Diorama;GO;Estadual;4;455.78;465.2;433.45;478.18;510.0;468.52
6311;Júlio Mesquita;SP;Estadual;1;513.5;430.3;363.6;495.0;540.0;468.48
6312;Pongaí;SP;Estadual;3;488.23;437.9;457.2;438.83;520.0;468.43
6313;Aurora do Pará;PA;Estadual;37;458.0;471.07;445.78;450.48;516.76;468.42
6314;Bom Jesus das Selvas;MA;Estadual;24;477.04;459.01;444.08;450.21;511.67;468.4
6315;Santa Bárbara do Monte Verde;MG;Estadual;3;429.87;458.57;482.93;463.87;506.67;468.38
6316;Mucugê;BA;Estadual;16;473.91;444.09;449.48;443.16;531.25;468.38
6317;Careiro;AM;Estadual;24;455.25;454.02;458.67;468.68;505.0;468.32
6318;Mâncio Lima;AC;Estadual;55;472.53;453.18;449.11;435.15;530.91;468.18
6319;Santo Antônio;RN;Estadual;24;472.08;453.05;441.3;444.5;530.0;468.18
6320;Viçosa;RN;Estadual;4;459.1;462.05;430.55;449.22;540.0;468.18
6321;Lagoa Grande;PE;Estadual;39;474.65;465.36;440.23;461.51;498.97;468.15
6322;Cajari;MA;Estadual;16;459.21;450.27;451.41;452.32;527.5;468.14
6323;Divino de São Lourenço;ES;Estadual;20;487.89;458.24;470.06;459.4;465.0;468.12
6324;Edéia;GO;Estadual;6;482.8;518.17;442.17;417.07;480.0;468.04
6325;Itiruçu;BA;Estadual;15;482.27;469.43;424.29;438.78;525.33;468.02
6326;São José do Campestre;RN;Estadual;12;466.45;440.78;426.01;465.13;541.67;468.01
6327;Palmeira dos Índios;AL;Estadual;104;469.34;454.8;438.69;453.69;523.27;467.96
6328;Pariquera-Açu;SP;Estadual;14;495.26;460.4;436.06;453.77;494.29;467.95
6329;Salto Grande;SP;Estadual;5;487.86;446.52;458.38;466.86;480.0;467.92
6330;Presidente Tancredo Neves;BA;Privada;2;493.35;532.7;469.4;443.8;400.0;467.85
6331;Vigia;PA;Estadual;124;477.35;459.99;435.2;450.0;516.61;467.83
6332;Pedra Branca;PB;Estadual;21;465.31;440.83;438.93;437.56;556.19;467.76
6333;Ibipitanga;BA;Estadual;33;465.46;438.49;445.24;453.8;535.76;467.75
6334;Mundo Novo;BA;Estadual;15;472.66;476.13;439.51;454.41;496.0;467.74
6335;Pilão Arcado;BA;Estadual;10;477.71;452.7;451.77;454.44;502.0;467.72
6336;Floresta do Araguaia;PA;Estadual;24;470.98;446.72;429.93;440.1;550.83;467.71
6337;Boa Nova;BA;Estadual;13;458.54;430.22;471.9;423.94;553.85;467.69
6338;Mococa;SP;Municipal;5;520.72;432.88;447.52;485.02;452.0;467.63
6339;João Dias;RN;Estadual;3;462.5;417.7;474.37;490.0;493.33;467.58
6340;São João do Paraíso;MA;Estadual;27;458.77;452.6;458.26;438.61;529.63;467.58
6341;Rosário do Catete;SE;Estadual;35;471.12;451.04;452.77;442.4;520.57;467.58
6342;Cantagalo;MG;Estadual;1;487.2;434.0;487.9;568.7;360.0;467.56
6343;Santa Terezinha;BA;Estadual;29;484.11;466.46;434.49;463.78;488.97;467.56
6344;Euclides da Cunha Paulista;SP;Municipal;1;489.9;431.1;493.0;463.7;460.0;467.54
6345;Olindina;BA;Estadual;20;458.08;452.42;428.94;454.19;544.0;467.53
6346;Tarauacá;AC;Federal;34;467.62;451.55;457.84;473.47;487.06;467.51
6347;Arapoema;TO;Estadual;10;489.92;437.16;435.77;456.6;518.0;467.49
6348;Jardim de Angicos;RN;Estadual;2;494.15;482.65;501.7;438.9;420.0;467.48
6349;Faro;PA;Estadual;11;466.09;485.02;431.0;462.52;492.73;467.47
6350;Galinhos;RN;Estadual;2;414.5;436.15;469.85;516.85;500.0;467.47
6351;Catu;BA;Estadual;56;483.4;457.7;452.29;436.77;507.14;467.46
6352;Tefé;AM;Privada;1;479.7;480.5;473.9;403.1;500.0;467.44
6353;São José do Seridó;RN;Estadual;8;459.48;456.74;429.12;456.51;535.0;467.37
6354;Monte Negro;RO;Estadual;17;468.83;461.41;447.21;449.88;509.41;467.35
6355;Casinhas;PE;Estadual;12;477.13;452.07;449.02;471.66;486.67;467.31
6356;Alcobaça;BA;Estadual;19;485.25;454.95;440.42;459.04;496.84;467.3
6357;Correntina;BA;Estadual;42;462.03;450.16;451.05;463.27;510.0;467.3
6358;Itaquara;BA;Estadual;14;500.26;467.33;429.17;421.06;518.57;467.28
6359;Ibitirama;ES;Estadual;15;481.13;441.95;464.03;457.23;492.0;467.27
6360;Mira Estrela;SP;Estadual;1;433.0;504.3;408.6;450.4;540.0;467.26
6361;Indiara;GO;Estadual;10;495.96;483.27;470.68;482.34;404.0;467.25
6362;Cruzmaltina;PR;Estadual;1;555.9;436.2;368.1;396.0;580.0;467.24
6363;Vargem Grande Paulista;SP;Municipal;1;434.0;397.7;512.6;431.9;560.0;467.24
6364;Olho d'Água das Cunhãs;MA;Estadual;17;470.26;457.6;440.05;466.82;501.18;467.18
6365;Chapada da Natividade;TO;Estadual;9;455.96;463.8;428.24;429.87;557.78;467.13
6366;São Domingos do Maranhão;MA;Estadual;60;466.74;462.12;439.92;448.78;518.0;467.11
6367;Barra do Corda;MA;Estadual;71;470.66;457.37;440.42;441.14;525.92;467.1
6368;Ouro Branco;AL;Estadual;21;455.7;450.73;455.2;458.62;515.24;467.1
6369;Santana do Araguaia;PA;Estadual;23;462.45;475.37;462.88;430.37;504.35;467.08
6370;Matinha;MA;Estadual;52;476.12;464.94;455.03;446.97;492.31;467.08
6371;Apicum-Açu;MA;Estadual;44;462.22;445.92;434.62;448.08;544.55;467.08
6372;Novo Brasil;GO;Estadual;5;477.42;439.54;438.7;511.68;468.0;467.07
6373;Wagner;BA;Estadual;1;511.3;516.0;522.5;445.4;340.0;467.04
6374;Governador Edison Lobão;MA;Estadual;19;462.53;449.42;444.58;474.48;504.21;467.04
6375;Frei Miguelinho;PE;Estadual;11;472.58;453.43;414.31;482.05;512.73;467.02
6376;Figueirópolis;TO;Estadual;8;474.0;466.44;454.71;474.78;465.0;466.98
6377;Pilar de Goiás;GO;Estadual;1;420.1;542.0;465.4;387.3;520.0;466.96
6378;Luís Gomes;RN;Estadual;13;481.35;447.96;426.76;447.79;530.77;466.93
6379;Baixa Grande do Ribeiro;PI;Estadual;26;459.0;452.07;447.15;445.6;530.77;466.92
6380;Conceição;PB;Estadual;41;461.07;441.26;429.46;437.96;564.88;466.92
6381;Itanhangá;MT;Municipal;1;499.5;527.6;391.0;456.4;460.0;466.9
6382;Lagoa Salgada;RN;Estadual;10;465.33;434.36;430.32;436.43;568.0;466.89
6383;Anajás;PA;Estadual;28;474.07;469.94;435.34;445.84;509.29;466.89
6384;Filadélfia;BA;Estadual;31;471.75;458.6;442.45;433.24;528.39;466.89
6385;Barra;BA;Estadual;48;465.46;450.33;444.3;437.19;537.08;466.87
6386;Una;BA;Estadual;19;486.59;458.6;444.62;486.63;457.89;466.87
6387;Ribeira do Amparo;BA;Estadual;12;471.92;449.1;446.11;443.67;523.33;466.83
6388;Campina Grande;PB;Municipal;2;429.1;438.1;424.4;422.4;620.0;466.8
6389;Guaratinguetá;SP;Federal;1;476.7;525.3;465.1;466.7;400.0;466.76
6390;Nova Mutum;MT;Municipal;1;475.9;412.5;437.5;447.8;560.0;466.74
6391;Rinópolis;SP;Estadual;3;482.17;476.13;431.8;423.53;520.0;466.73
6392;Serra do Ramalho;BA;Estadual;15;470.1;435.36;443.53;429.97;554.67;466.73
6393;Felipe Guerra;RN;Estadual;10;466.14;411.95;405.97;451.36;598.0;466.68
6394;São João dos Patos;MA;Estadual;42;465.18;445.44;449.98;440.39;532.38;466.67
6395;Delta;MG;Estadual;9;500.52;467.1;431.44;420.68;513.33;466.62
6396;Pedro Velho;RN;Estadual;14;471.74;459.57;446.14;475.48;480.0;466.59
6397;Belmonte;BA;Municipal;6;479.45;455.87;452.8;448.13;496.67;466.58
6398;Cafezal do Sul;PR;Estadual;4;508.8;478.65;437.62;487.78;420.0;466.57
6399;Ouricuri;PE;Municipal;1;402.3;468.6;433.4;428.4;600.0;466.54
6400;Divisópolis;MG;Estadual;8;491.24;467.19;460.95;415.74;497.5;466.52
6401;Videira;SC;Municipal;1;459.8;362.3;486.2;424.2;600.0;466.5
6402;Heliópolis;BA;Estadual;32;473.81;469.32;428.9;439.2;521.25;466.5
6403;Santa Bárbara;BA;Estadual;8;453.88;465.82;446.1;469.0;497.5;466.46
6404;Serra do Navio;AP;Estadual;4;510.05;448.92;453.72;439.6;480.0;466.46
6405;São Francisco de Goiás;GO;Estadual;9;489.29;452.78;419.27;439.79;531.11;466.45
6406;Alta Floresta D'Oeste;RO;Municipal;2;487.8;523.4;463.95;456.6;400.0;466.35
6407;Montes Claros;MG;Municipal;2;496.2;479.25;504.9;481.3;370.0;466.33
6408;Mirangaba;BA;Estadual;8;476.04;472.1;417.44;490.92;475.0;466.3
6409;Araguaiana;MT;Estadual;5;445.06;468.04;417.16;409.18;592.0;466.29
6410;Jaçanã;RN;Estadual;13;469.99;452.36;459.43;448.01;501.54;466.27
6411;Campina Verde;MG;Estadual;24;478.47;477.4;425.99;496.93;452.5;466.26
6412;Beruri;AM;Estadual;11;478.75;426.26;454.86;478.48;492.73;466.22
6413;Mojuí dos Campos;PA;Estadual;24;481.0;447.9;450.16;463.63;488.33;466.21
6414;Barra de Santana;PB;Estadual;8;475.49;456.42;433.52;417.88;547.5;466.16
6415;Calçado;PE;Estadual;31;472.93;465.49;434.74;450.44;507.1;466.14
6416;Lages;SC;Municipal;1;474.2;515.6;361.8;399.0;580.0;466.12
6417;Cedro;PE;Estadual;36;488.02;444.77;432.61;470.62;494.44;466.09
6418;Francisco Ayres;PI;Estadual;3;478.33;468.0;456.8;460.57;466.67;466.07
6419;Oeiras;PI;Municipal;2;455.95;403.15;418.2;493.05;560.0;466.07
6420;Santana do Piauí;PI;Estadual;7;470.89;468.81;447.3;434.73;508.57;466.06
6421;São Bernardino;SC;Estadual;5;486.16;491.74;449.4;422.96;480.0;466.05
6422;Corumbá;MS;Estadual;132;487.27;461.12;441.06;445.12;495.61;466.04
6423;Autazes;AM;Estadual;29;471.72;467.6;432.09;462.84;495.86;466.02
6424;Governador Luiz Rocha;MA;Estadual;9;469.06;460.47;442.97;475.2;482.22;465.98
6425;Sítio d'Abadia;GO;Estadual;9;469.27;445.0;422.78;499.4;493.33;465.96
6426;Capela;SE;Estadual;55;461.96;447.45;444.09;427.53;548.73;465.95
6427;Anhumas;SP;Estadual;5;486.02;459.72;430.68;461.24;492.0;465.93
6428;Araporã;MG;Estadual;11;483.76;452.53;434.85;449.24;509.09;465.89
6429;Monte Carlo;SC;Estadual;7;491.43;454.83;442.84;460.21;480.0;465.86
6430;Dom Pedro;MA;Estadual;35;475.2;446.58;428.61;445.75;533.14;465.86
6431;Celso Ramos;SC;Estadual;2;463.5;492.6;445.4;487.45;440.0;465.79
6432;Irauçuba;CE;Estadual;128;474.14;443.18;428.0;451.42;532.19;465.78
6433;Maranhãozinho;MA;Estadual;7;464.9;442.59;418.16;448.8;554.29;465.75
6434;Santana dos Garrotes;PB;Estadual;17;434.31;442.75;442.17;454.21;555.29;465.75
6435;Valença do Piauí;PI;Estadual;46;470.22;457.47;432.74;446.97;521.3;465.74
6436;Encruzilhada;BA;Estadual;9;473.21;454.63;463.31;473.11;464.44;465.74
6437;Luzinópolis;TO;Estadual;2;521.55;481.1;421.1;444.3;460.0;465.61
6438;Santana do Matos;RN;Estadual;13;476.7;471.2;420.72;459.16;500.0;465.56
6439;Medeiros Neto;BA;Estadual;33;482.68;466.98;450.83;456.33;470.91;465.55
6440;Guimarães;MA;Estadual;15;490.7;455.37;444.6;423.54;513.33;465.51
6441;Poço de José de Moura;PB;Estadual;13;478.33;474.95;432.75;422.92;518.46;465.48
6442;Campo Formoso;BA;Estadual;72;474.93;454.77;451.54;456.07;490.0;465.46
6443;Barro Alto;GO;Estadual;21;487.82;473.02;450.03;450.59;465.71;465.44
6444;Porto Acre;AC;Estadual;26;472.77;448.38;442.45;448.93;514.62;465.43
6445;Colinas do Tocantins;TO;Estadual;48;475.74;453.96;439.79;455.54;502.08;465.42
6446;Palmitinho;RS;Estadual;7;471.77;500.3;446.87;516.5;391.43;465.37
6447;Pindobaçu;BA;Estadual;21;507.22;458.85;445.71;431.26;483.81;465.37
6448;Nortelândia;MT;Estadual;7;474.74;458.81;434.01;424.89;534.29;465.35
6449;Quatis;RJ;Estadual;6;474.83;458.15;427.82;445.78;520.0;465.32
6450;Santarém Novo;PA;Estadual;13;463.39;458.05;450.0;462.67;492.31;465.28
6451;Monte Santo;BA;Estadual;46;471.2;455.25;444.32;452.15;503.48;465.28
6452;Bodó;RN;Estadual;4;457.2;454.22;439.52;445.4;530.0;465.27
6453;Bom Jesus do Araguaia;MT;Estadual;7;455.59;472.21;463.31;429.37;505.71;465.24
6454;Eldorado do Carajás;PA;Estadual;16;477.37;457.93;447.23;436.1;507.5;465.23
6455;Curral Novo do Piauí;PI;Municipal;1;505.1;416.7;374.2;390.1;640.0;465.22
6456;Guaraci;SP;Estadual;6;528.27;475.05;433.9;438.78;450.0;465.2
6457;Itapororoca;PB;Estadual;19;458.84;464.73;417.7;413.09;571.58;465.19
6458;Cantá;RR;Estadual;12;463.51;455.71;453.72;419.44;533.33;465.14
6459;Floriano;PI;Estadual;177;472.04;455.58;447.6;439.1;511.3;465.12
6460;Novo Repartimento;PA;Estadual;72;473.75;459.43;450.56;449.62;491.94;465.06
6461;Urucará;AM;Estadual;56;456.72;459.54;436.71;453.67;518.57;465.04
6462;Sirinhaém;PE;Estadual;26;471.61;455.9;433.19;445.93;518.46;465.02
6463;Ibicaraí;BA;Estadual;8;477.58;450.94;427.82;473.48;495.0;464.96
6464;Santa Filomena;PI;Estadual;7;472.29;493.43;445.09;402.57;511.43;464.96
6465;Lajes Pintadas;RN;Estadual;4;509.35;448.05;452.6;489.45;425.0;464.89
6466;Tamandaré;PE;Estadual;14;466.24;444.74;424.61;430.25;558.57;464.88
6467;São José do Peixe;PI;Estadual;3;491.37;415.8;448.07;449.13;520.0;464.87
6468;Bálsamo;SP;Estadual;7;485.7;450.7;413.01;429.07;545.71;464.84
6469;Porto da Folha;SE;Estadual;61;470.25;453.99;442.02;456.82;500.66;464.75
6470;Santa Helena;MA;Estadual;59;463.17;447.83;434.86;438.58;539.32;464.75
6471;Tejuçuoca;CE;Estadual;73;477.87;452.82;432.66;463.03;497.26;464.73
6472;São Sebastião do Rio Verde;MG;Estadual;1;554.4;530.8;456.3;422.1;360.0;464.72
6473;Passo de Camaragibe;AL;Estadual;7;457.01;438.44;479.77;436.87;511.43;464.71
6474;Presidente Castello Branco;SC;Estadual;1;572.2;581.4;367.7;382.1;420.0;464.68
6475;Itatira;CE;Estadual;128;462.34;446.64;438.22;451.73;524.38;464.66
6476;Paulo Jacinto;AL;Estadual;8;454.45;461.52;409.74;472.61;525.0;464.66
6477;Inhambupe;BA;Privada;9;461.2;459.0;426.11;439.01;537.78;464.62
6478;Itaporanga d'Ajuda;SE;Estadual;30;459.9;446.63;447.99;420.57;548.0;464.62
6479;Alto Paraíso;RO;Estadual;15;485.97;448.52;454.11;465.06;469.33;464.6
6480;Praia Norte;TO;Estadual;12;457.79;444.01;475.0;436.16;510.0;464.59
6481;Buritirama;BA;Estadual;23;476.5;462.17;428.06;458.77;497.39;464.58
6482;Caraúbas do Piauí;PI;Estadual;3;483.47;465.0;404.5;383.13;586.67;464.55
6483;Caraá;RS;Estadual;7;463.19;461.21;434.86;492.03;471.43;464.54
6484;Nova Erechim;SC;Estadual;7;488.96;470.97;450.54;440.74;471.43;464.53
6485;Palestina;AL;Estadual;12;487.64;428.62;436.33;420.02;550.0;464.52
6486;Afrânio;PE;Estadual;27;451.66;450.28;441.3;469.02;510.37;464.52
6487;Chorrochó;BA;Estadual;5;441.28;441.16;420.72;467.46;552.0;464.52
6488;Nazário;GO;Estadual;14;481.76;455.09;428.12;447.39;510.0;464.47
6489;São José dos Basílios;MA;Estadual;22;469.55;447.79;442.34;446.3;516.36;464.47
6490;Nhamundá;AM;Estadual;53;456.98;468.78;443.37;439.21;513.96;464.46
6491;Santa Luzia;MA;Estadual;66;470.27;434.15;436.81;475.4;505.45;464.42
6492;Lastro;PB;Estadual;10;485.24;453.91;416.83;437.72;528.0;464.34
6493;Barro Alto;BA;Estadual;34;463.83;441.57;431.83;459.78;524.71;464.34
6494;Baía da Traição;PB;Estadual;17;455.86;442.24;435.39;457.37;530.59;464.29
6495;Brasnorte;MT;Municipal;1;516.4;485.8;404.6;454.6;460.0;464.28
6496;Nuporanga;SP;Estadual;3;471.53;443.4;410.5;509.23;486.67;464.27
6497;Cruzália;SP;Estadual;1;371.1;517.1;515.4;437.6;480.0;464.24
6498;Avelino Lopes;PI;Estadual;7;482.79;474.97;452.14;459.59;451.43;464.18
6499;Barreiras do Piauí;PI;Estadual;8;453.7;464.58;415.72;429.35;557.5;464.17
6500;Sapeaçu;BA;Estadual;44;471.02;462.35;436.61;455.41;495.45;464.17
6501;Arinos;MG;Estadual;30;465.92;462.15;448.55;447.58;496.67;464.17
6502;Lago do Junco;MA;Privada;12;469.32;460.4;455.11;457.45;478.33;464.12
6503;Massaranduba;PB;Municipal;2;505.15;523.1;469.6;442.75;380.0;464.12
6504;Agricolândia;PI;Estadual;9;471.69;458.98;414.12;411.16;564.44;464.08
6505;Luís Antônio;SP;Estadual;22;482.38;459.98;447.54;459.5;470.91;464.06
6506;Santa Rita de Cássia;BA;Municipal;3;458.5;513.0;467.83;480.77;400.0;464.02
6507;Paraná;RN;Estadual;4;487.25;408.72;478.58;470.4;475.0;463.99
6508;Conceição da Feira;BA;Estadual;19;476.51;452.12;460.91;441.67;488.42;463.92
6509;Guarda-Mor;MG;Estadual;11;471.65;441.57;462.5;478.25;465.45;463.89
6510;Icaraíma;PR;Estadual;8;487.54;446.34;451.49;461.42;472.5;463.86
6511;Nova Olinda;PB;Estadual;13;458.85;444.12;423.17;455.86;536.92;463.78
6512;Tanque d'Arca;AL;Estadual;4;460.95;468.4;440.45;429.02;520.0;463.76
6513;São José da Lagoa Tapada;PB;Estadual;8;437.85;454.69;456.81;424.22;545.0;463.72
6514;Axixá do Tocantins;TO;Estadual;12;458.42;450.92;438.22;437.69;533.33;463.72
6515;São Miguel do Passa Quatro;GO;Estadual;9;493.24;454.62;457.67;435.23;477.78;463.71
6516;São Mateus do Maranhão;MA;Estadual;19;463.15;447.12;438.16;421.6;548.42;463.69
6517;São João do Piauí;PI;Estadual;31;462.98;436.18;432.79;459.41;527.1;463.69
6518;Belo Campo;BA;Estadual;26;468.07;462.39;430.12;449.67;507.69;463.59
6519;São José de Espinharas;PB;Estadual;9;462.6;430.1;455.4;454.29;515.56;463.59
6520;Acrelândia;AC;Estadual;13;474.15;451.08;457.14;447.88;487.69;463.59
6521;Urucurituba;AM;Estadual;35;456.74;459.02;437.48;452.53;512.0;463.56
6522;Concórdia do Pará;PA;Municipal;7;469.83;459.8;448.61;456.59;482.86;463.54
6523;Serra Negra;SP;Estadual;9;482.92;470.33;440.06;459.79;464.44;463.51
6524;Novo Barreiro;RS;Estadual;11;489.5;470.41;417.95;463.21;476.36;463.49
6525;Brejinho;RN;Estadual;14;483.61;448.74;444.2;426.49;514.29;463.47
6526;Santa Izabel do Pará;PA;Estadual;116;478.56;464.15;445.06;433.02;496.55;463.47
6527;Bragança;PA;Estadual;152;470.19;451.93;434.45;445.07;515.66;463.46
6528;Buriti do Tocantins;TO;Estadual;8;454.89;419.52;436.4;438.78;567.5;463.42
6529;Presidente Prudente;SP;Municipal;1;491.6;455.6;354.0;455.7;560.0;463.38
6530;Brás Pires;MG;Estadual;2;481.15;458.35;442.15;525.1;410.0;463.35
6531;Guarani de Goiás;GO;Estadual;13;477.55;428.71;439.98;473.51;496.92;463.33
6532;Conceição do Almeida;BA;Estadual;11;504.01;453.53;442.97;457.96;458.18;463.33
6533;São Carlos do Ivaí;PR;Estadual;1;487.2;477.4;408.0;404.0;540.0;463.32
6534;Paratinga;BA;Estadual;10;456.35;457.88;463.41;464.84;474.0;463.3
6535;São José do Xingu;MT;Estadual;5;484.72;470.16;468.28;453.3;440.0;463.29
6536;São Pedro do Suaçuí;MG;Estadual;4;448.75;486.82;469.18;476.38;435.0;463.22
6537;Lobato;PR;Estadual;8;467.99;457.46;473.71;471.88;445.0;463.21
6538;Bernardo Sayão;TO;Estadual;4;505.92;492.85;435.68;421.58;460.0;463.2
6539;Humberto de Campos;MA;Estadual;32;480.32;455.19;416.26;430.43;533.75;463.19
6540;Itapebi;BA;Estadual;3;493.43;432.13;464.5;419.2;506.67;463.19
6541;Bela Vista do Maranhão;MA;Estadual;5;477.64;457.4;420.78;440.04;520.0;463.17
6542;Alto Boa Vista;MT;Estadual;5;467.0;432.62;404.14;476.0;536.0;463.15
6543;Xexéu;PE;Estadual;13;489.8;481.65;428.16;433.02;483.08;463.14
6544;Ruy Barbosa;RN;Estadual;6;436.15;472.95;424.6;435.22;546.67;463.12
6545;Água Fria;BA;Estadual;9;467.86;430.93;455.63;434.36;526.67;463.09
6546;Coqueiro Seco;AL;Estadual;6;497.72;430.8;434.2;422.68;530.0;463.08
6547;Novo São Joaquim;MT;Estadual;9;487.28;458.88;439.31;427.61;502.22;463.06
6548;Antônio Gonçalves;BA;Estadual;7;453.37;453.83;457.09;471.03;480.0;463.06
6549;Mirabela;MG;Estadual;7;491.0;467.17;463.11;456.67;437.14;463.02
6550;Itagibá;BA;Estadual;15;472.49;457.17;414.3;445.66;525.33;462.99
6551;Fonte Boa;AM;Estadual;42;464.42;446.28;441.37;443.85;519.05;462.99
6552;São Roberto;MA;Estadual;4;487.6;428.52;428.25;435.58;535.0;462.99
6553;Campo Alegre de Lourdes;BA;Estadual;20;448.32;450.34;418.33;476.92;521.0;462.98
6554;Damianópolis;GO;Estadual;21;494.59;466.36;459.48;443.95;450.48;462.97
6555;Laguna Carapã;MS;Estadual;4;469.52;515.88;478.55;470.72;380.0;462.93
6556;Monteiro;PB;Estadual;33;482.3;462.82;431.07;439.08;499.39;462.93
6557;Petrolina;PE;Municipal;1;507.2;514.2;496.5;456.5;340.0;462.88
6558;Itinga do Maranhão;MA;Estadual;20;494.08;473.21;422.22;439.85;485.0;462.87
6559;Regeneração;PI;Estadual;44;483.18;451.38;435.89;440.57;503.18;462.84
6560;Paripueira;AL;Estadual;16;476.12;447.48;430.14;428.88;531.25;462.77
6561;Miguel Alves;PI;Estadual;21;465.03;468.3;442.51;441.64;496.19;462.74
6562;Orizânia;MG;Municipal;1;511.3;393.6;416.6;411.6;580.0;462.62
6563;Nazaré;BA;Estadual;38;486.79;456.2;448.82;441.77;479.47;462.61
6564;Buritirana;MA;Estadual;10;460.85;439.83;433.01;393.34;586.0;462.61
6565;Novo Horizonte do Norte;MT;Estadual;2;420.0;469.75;428.5;494.6;500.0;462.57
6566;Tapauá;AM;Estadual;24;478.38;452.7;427.82;450.61;503.33;462.57
6567;Parauapebas;PA;Municipal;46;468.86;452.53;438.0;441.66;511.74;462.56
6568;Passagem Franca do Piauí;PI;Estadual;4;481.02;412.35;413.7;400.75;605.0;462.56
6569;Marabá;PA;Municipal;53;471.73;451.15;437.42;446.81;505.66;462.55
6570;Caldas Brandão;PB;Estadual;13;472.32;468.23;445.96;453.81;472.31;462.53
6571;Ibitiara;BA;Estadual;5;471.24;420.04;416.52;456.68;548.0;462.5
6572;Jatobá do Piauí;PI;Municipal;1;555.1;442.7;446.3;408.2;460.0;462.46
6573;Prainha;PA;Estadual;24;468.47;459.93;439.44;437.76;506.67;462.45
6574;Saúde;BA;Estadual;22;467.3;450.03;442.2;448.97;503.64;462.43
6575;Bom Lugar;MA;Estadual;14;448.43;463.49;435.11;452.04;512.86;462.39
6576;Coronel Sapucaia;MS;Estadual;11;505.65;480.58;459.27;450.11;416.36;462.39
6577;Maués;AM;Estadual;39;468.58;465.51;432.59;454.45;490.77;462.38
6578;Cajazeiras do Piauí;PI;Estadual;5;427.36;447.78;440.32;436.42;560.0;462.38
6579;Tururu;CE;Estadual;54;475.19;438.65;438.32;463.78;495.56;462.3
6580;Jacundá;PA;Estadual;35;459.68;457.47;427.73;452.88;513.71;462.29
6581;Fortaleza;CE;Municipal;3;466.13;475.7;428.77;480.6;460.0;462.24
6582;Matriz de Camaragibe;AL;Estadual;32;466.77;444.04;418.02;439.74;542.5;462.22
6583;Chupinguaia;RO;Estadual;6;467.3;473.07;425.07;451.85;493.33;462.12
6584;Juazeiro do Piauí;PI;Estadual;4;436.8;443.4;435.12;450.02;545.0;462.07
6585;Conceição do Lago-Açu;MA;Estadual;5;474.64;442.16;417.02;488.42;488.0;462.05
6586;Cajueiro da Praia;PI;Estadual;8;456.72;466.78;448.21;428.51;510.0;462.04
6587;Embu-Guaçu;SP;Municipal;1;480.2;463.4;398.4;388.1;580.0;462.02
6588;Campo Bonito;PR;Estadual;3;472.43;468.73;432.37;483.17;453.33;462.01
6589;Barra do Choça;BA;Estadual;36;490.82;458.97;449.99;436.06;473.89;461.95
6590;Macajuba;BA;Estadual;21;470.1;448.78;450.36;434.54;505.71;461.9
6591;Tucuruí;PA;Municipal;13;459.82;486.29;438.55;432.19;492.31;461.83
6592;Ibiaí;MG;Estadual;4;465.28;441.58;461.38;455.78;485.0;461.8
6593;Santo Amaro das Brotas;SE;Estadual;14;469.44;454.79;448.48;403.31;532.86;461.78
6594;São Gonçalo dos Campos;BA;Estadual;47;478.14;453.12;437.16;439.61;500.85;461.78
6595;Ariranha do Ivaí;PR;Estadual;5;487.28;455.54;455.86;406.18;504.0;461.77
6596;Afonso Bezerra;RN;Estadual;19;462.03;444.27;426.35;441.37;534.74;461.75
6597;Rio Tinto;PB;Estadual;34;454.75;449.05;446.73;435.08;522.94;461.71
6598;Guamaré;RN;Estadual;9;452.59;434.02;441.98;419.84;560.0;461.69
6599;Brasilândia de Minas;MG;Estadual;14;459.54;438.74;445.08;470.77;494.29;461.68
6600;Cristalina;GO;Municipal;1;511.2;453.8;423.5;359.8;560.0;461.66
6601;Glorinha;RS;Estadual;5;481.56;415.82;456.32;450.54;504.0;461.65
6602;Macedônia;SP;Estadual;2;444.35;439.75;477.2;526.85;420.0;461.63
6603;Cristália;MG;Estadual;5;494.56;410.0;438.74;456.84;508.0;461.63
6604;Borba;AM;Estadual;22;473.17;457.69;429.75;442.0;505.45;461.61
6605;Ararendá;CE;Estadual;50;463.21;459.43;445.85;451.23;488.0;461.54
6606;Nossa Senhora das Dores;SE;Estadual;59;450.06;450.55;448.44;445.45;513.22;461.54
6607;Bom Jesus;PB;Estadual;3;480.57;435.43;426.03;412.3;553.33;461.53
6608;Oiapoque;AP;Estadual;37;484.04;447.71;435.79;437.91;502.16;461.52
6609;Viçosa;AL;Estadual;46;469.37;448.1;428.24;438.36;523.48;461.51
6610;Pires Ferreira;CE;Estadual;31;478.74;442.01;432.77;456.58;497.42;461.5
6611;Santana do Itararé;PR;Estadual;6;467.83;452.62;476.75;500.28;410.0;461.5
6612;Lupércio;SP;Estadual;4;458.18;416.9;429.85;487.58;515.0;461.5
6613;Cana Verde;MG;Estadual;13;499.79;437.85;451.89;440.98;476.92;461.49
6614;Itacurubi;RS;Estadual;4;502.67;429.35;418.88;471.52;485.0;461.48
6615;Aratuba;CE;Estadual;69;469.33;465.18;433.75;437.68;501.45;461.48
6616;Jequitinhonha;MG;Estadual;8;450.42;464.5;446.42;430.99;515.0;461.47
6617;Porto de Moz;PA;Estadual;40;476.6;438.1;438.5;430.12;524.0;461.47
6618;Itaúba;MT;Estadual;6;496.47;479.62;430.98;420.03;480.0;461.42
6619;São José de Mipibu;RN;Estadual;15;479.93;469.45;452.53;426.37;478.67;461.39
6620;Assunção do Piauí;PI;Estadual;2;490.95;522.55;456.85;466.45;370.0;461.36
6621;Valentim Gentil;SP;Estadual;5;509.46;427.46;487.16;466.6;416.0;461.34
6622;Nova América;GO;Estadual;5;445.3;453.24;474.64;453.48;480.0;461.33
6623;Água Azul do Norte;PA;Estadual;10;467.63;408.59;447.32;467.0;516.0;461.31
6624;Piranguinho;MG;Estadual;7;479.36;455.36;454.11;488.77;428.57;461.23
6625;Lindoeste;PR;Estadual;7;468.43;485.2;421.47;431.07;500.0;461.23
6626;Murici;AL;Estadual;38;468.94;443.09;432.34;440.58;521.05;461.2
6627;Nova Olinda do Norte;AM;Estadual;28;462.02;441.08;428.47;455.08;519.29;461.19
6628;Água Doce do Norte;ES;Estadual;10;449.22;445.65;473.03;485.97;452.0;461.17
6629;Deputado Irapuan Pinheiro;CE;Estadual;33;461.95;441.45;432.33;478.32;491.52;461.12
6630;Pinhal da Serra;RS;Estadual;4;436.4;465.22;432.08;441.85;530.0;461.11
6631;Rondon do Pará;PA;Estadual;28;451.7;454.3;450.48;451.94;497.14;461.11
6632;Oeiras do Pará;PA;Estadual;49;476.67;454.39;443.22;447.93;483.27;461.1
6633;Figueirópolis D'Oeste;MT;Estadual;2;448.35;453.35;485.2;428.55;490.0;461.09
6634;Ourém;PA;Estadual;56;454.81;446.66;439.75;438.42;525.71;461.07
6635;Aragarças;GO;Estadual;25;483.0;454.94;445.25;441.34;480.8;461.06
6636;Divinópolis do Tocantins;TO;Estadual;5;459.24;416.22;472.48;481.34;476.0;461.06
6637;Alfredo Vasconcelos;MG;Estadual;5;523.3;444.26;493.08;472.6;372.0;461.05
6638;Luís Correia;PI;Estadual;29;481.29;438.08;440.48;441.84;503.45;461.03
6639;Itabela;BA;Estadual;8;459.0;461.58;462.06;462.35;460.0;461.0
6640;Martinópole;CE;Estadual;80;469.65;452.16;441.55;472.42;469.0;460.96
6641;Almeirim;PA;Estadual;24;476.82;459.35;439.09;428.72;500.83;460.96
6642;Redenção do Gurguéia;PI;Estadual;3;494.7;417.3;411.67;434.27;546.67;460.92
6643;Vera Cruz;RN;Estadual;21;483.86;472.8;429.66;444.91;473.33;460.91
6644;Areia de Baraúnas;PB;Estadual;5;497.54;463.24;427.04;436.64;480.0;460.89
6645;Pocrane;MG;Estadual;9;457.88;451.17;454.34;491.86;448.89;460.83
6646;Dois Irmãos do Buriti;MS;Estadual;18;490.62;471.08;418.14;430.95;493.33;460.83
6647;Ji-Paraná;RO;Municipal;2;479.95;437.0;418.75;528.4;440.0;460.82
6648;Aguiar;PB;Estadual;10;464.29;432.84;397.78;439.13;570.0;460.81
6649;Maruim;SE;Privada;11;485.05;449.97;434.07;400.31;534.55;460.79
6650;Porto Nacional;TO;Estadual;100;472.78;448.16;439.65;446.01;497.2;460.76
6651;Jequitaí;MG;Estadual;10;479.06;457.41;444.43;440.78;482.0;460.74
6652;Candeias;BA;Municipal;1;401.2;454.6;448.1;479.7;520.0;460.72
6653;Chapada dos Guimarães;MT;Municipal;1;455.8;381.5;467.4;398.8;600.0;460.7
6654;São João Batista;MA;Estadual;18;460.28;443.06;441.28;426.44;532.22;460.66
6655;Senador José Porfírio;PA;Estadual;15;468.75;406.94;451.49;457.26;518.67;460.62
6656;Mateiros;TO;Estadual;3;516.93;410.4;380.8;454.93;540.0;460.61
6657;Bacuri;MA;Estadual;35;458.95;433.2;433.39;450.06;527.43;460.61
6658;Maetinga;BA;Estadual;13;465.88;460.85;434.42;407.87;533.85;460.57
6659;Lagoa de Velhos;RN;Estadual;1;483.7;418.6;424.2;396.2;580.0;460.54
6660;Atalaia;AL;Estadual;48;475.0;446.19;426.58;452.35;502.5;460.53
6661;Potiraguá;BA;Estadual;22;463.51;436.57;419.29;444.92;538.18;460.5
6662;Dom Macedo Costa;BA;Estadual;9;495.29;456.31;443.59;447.26;460.0;460.49
6663;Lunardelli;PR;Estadual;2;472.45;436.65;431.4;501.9;460.0;460.48
6664;Vargem Grande;MA;Estadual;51;480.92;461.26;436.94;446.4;476.86;460.48
6665;Tapiraí;SP;Estadual;1;448.7;358.5;500.2;395.0;600.0;460.48
6666;Óbidos;PA;Municipal;1;450.9;467.5;452.5;391.4;540.0;460.46
6667;Nova Tebas;PR;Estadual;9;471.94;464.91;448.49;436.96;480.0;460.46
6668;Espigão Alto do Iguaçu;PR;Estadual;1;484.8;497.7;485.0;494.7;340.0;460.44
6669;Lago do Junco;MA;Estadual;13;484.08;443.88;420.51;421.42;532.31;460.44
6670;Jacuípe;AL;Estadual;17;459.97;443.14;429.31;456.71;512.94;460.41
6671;Bujaru;PA;Municipal;2;499.2;533.75;382.5;406.6;480.0;460.41
6672;Cruz do Espírito Santo;PB;Estadual;21;467.81;488.26;431.57;419.16;495.24;460.41
6673;Santo Antônio do Retiro;MG;Estadual;7;459.7;469.94;429.14;443.2;500.0;460.4
6674;Tavares;RS;Estadual;9;476.23;438.81;456.98;429.88;500.0;460.38
6675;São Gonçalo do Amarante;RN;Municipal;1;482.9;384.5;439.4;395.1;600.0;460.38
6676;Campo do Brito;SE;Estadual;33;465.52;446.86;441.87;450.6;496.97;460.36
6677;Cristinápolis;SE;Estadual;29;468.55;460.14;442.2;436.4;494.48;460.36
6678;Bela Vista do Piauí;PI;Estadual;10;481.41;432.34;445.36;478.65;464.0;460.35
6679;Mirassolândia;SP;Estadual;2;430.0;462.1;448.15;481.45;480.0;460.34
6680;Cumaru do Norte;PA;Estadual;3;460.03;455.2;387.3;405.73;593.33;460.32
6681;Maracaçumé;MA;Estadual;31;454.67;435.26;438.58;458.2;514.84;460.31
6682;São Francisco do Brejão;MA;Estadual;8;498.06;454.3;445.79;468.24;435.0;460.28
6683;Riachão das Neves;BA;Estadual;25;466.64;432.55;438.43;453.27;510.4;460.26
6684;Santa Rosa de Lima;SE;Estadual;13;458.43;442.6;442.08;422.66;535.38;460.23
6685;Arame;MA;Estadual;27;479.09;460.97;433.32;451.48;476.3;460.23
6686;Chapadinha;MA;Estadual;139;463.93;447.57;436.15;438.82;514.39;460.17
6687;Jatobá do Piauí;PI;Estadual;21;468.41;453.08;446.14;450.24;482.86;460.15
6688;Nova Módica;MG;Estadual;2;413.3;422.9;415.55;458.95;590.0;460.14
6689;Marcionílio Souza;BA;Estadual;7;465.49;496.29;452.59;426.31;460.0;460.13
6690;Godofredo Viana;MA;Estadual;5;512.4;511.66;414.82;413.68;448.0;460.11
6691;Governador Eugênio Barros;MA;Estadual;24;488.26;440.34;435.97;437.58;498.33;460.1
6692;Graça Aranha;MA;Estadual;13;467.87;451.61;446.02;448.82;486.15;460.09
6693;Novo Triunfo;BA;Estadual;7;486.46;471.7;465.26;434.17;442.86;460.09
6694;Corumbataí;SP;Estadual;1;497.9;467.3;457.9;557.2;320.0;460.06
6695;Ereré;CE;Estadual;21;479.46;444.68;457.22;439.71;479.05;460.02
6696;Ponta de Pedras;PA;Estadual;72;470.98;447.49;436.41;434.1;511.11;460.02
6697;Melgaço;PA;Estadual;37;442.43;447.79;433.93;435.9;540.0;460.01
6698;Jacaraci;BA;Municipal;1;524.1;419.5;408.5;467.8;480.0;459.98
6699;Loreto;MA;Estadual;24;459.84;439.41;430.15;414.64;555.83;459.97
6700;Manoel Vitorino;BA;Estadual;7;480.49;430.34;447.74;426.77;514.29;459.93
6701;Santa Cruz do Escalvado;MG;Estadual;2;455.8;464.25;452.6;426.85;500.0;459.9
6702;Varjota;CE;Estadual;145;455.06;449.29;438.89;448.76;507.45;459.89
6703;Algodão de Jandaíra;PB;Estadual;4;464.32;452.2;427.45;410.45;545.0;459.88
6704;Curuá;PA;Estadual;27;452.97;451.47;423.8;438.45;532.59;459.86
6705;Nova Marilândia;MT;Estadual;3;450.27;398.47;423.23;507.27;520.0;459.85
6706;Placas;PA;Estadual;3;495.77;445.17;440.4;451.27;466.67;459.85
6707;Santa Tereza do Tocantins;TO;Estadual;1;484.7;432.6;439.5;442.4;500.0;459.84
6708;Fontoura Xavier;RS;Estadual;13;509.29;494.23;434.43;424.22;436.92;459.82
6709;Pilões;PB;Estadual;8;458.11;461.7;426.36;405.25;547.5;459.78
6710;Acajutiba;BA;Estadual;14;445.58;452.21;443.39;444.75;512.86;459.76
6711;Maracanã;PA;Estadual;33;463.35;453.07;424.72;431.51;526.06;459.74
6712;Nossa Senhora dos Remédios;PI;Municipal;22;469.69;446.27;438.8;449.19;494.55;459.7
6713;Pinheiro;MA;Estadual;90;469.76;445.78;432.22;430.51;520.22;459.7
6714;Monteirópolis;AL;Estadual;10;477.26;428.88;399.02;431.31;562.0;459.69
6715;Feira da Mata;BA;Estadual;19;461.6;450.49;453.57;453.81;478.95;459.68
6716;Pau Brasil;BA;Estadual;5;468.36;473.5;448.74;423.7;484.0;459.66
6717;Olhos-d'Água;MG;Estadual;6;480.78;442.97;449.62;418.22;506.67;459.65
6718;São Bernardo;MA;Estadual;59;449.72;451.21;445.88;441.84;509.49;459.63
6719;Novo Oriente de Minas;MG;Estadual;3;438.6;453.97;455.83;475.87;473.33;459.52
6720;Lagoa Nova;RN;Estadual;13;455.53;468.02;434.51;450.15;489.23;459.49
6721;São Geraldo do Araguaia;PA;Estadual;37;459.64;453.65;429.64;426.38;528.11;459.48
6722;São Gonçalo do Piauí;PI;Estadual;3;452.4;414.27;448.2;422.43;560.0;459.46
6723;Santa Luzia do Itanhy;SE;Estadual;14;445.07;455.79;439.01;444.39;512.86;459.43
6724;Teresina;PI;Municipal;12;458.98;452.12;461.82;437.58;486.67;459.43
6725;Umbuzeiro;PB;Estadual;19;448.04;445.03;433.23;445.45;525.26;459.4
6726;Curitiba;PR;Municipal;5;502.02;446.2;476.7;492.0;380.0;459.38
6727;Lagoa Grande do Maranhão;MA;Estadual;7;469.89;479.37;442.49;436.54;468.57;459.37
6728;Penalva;MA;Estadual;31;470.48;462.08;426.95;431.32;505.81;459.33
6729;Estrela do Norte;GO;Estadual;6;451.35;477.43;440.87;440.33;486.67;459.33
6730;Palmeirândia;MA;Estadual;13;479.65;460.42;444.05;421.28;490.77;459.23
6731;Conceição do Canindé;PI;Estadual;12;463.05;450.22;423.14;433.06;526.67;459.23
6732;Porto Rico do Maranhão;MA;Estadual;8;460.71;445.34;441.84;448.16;500.0;459.21
6733;Verdelândia;MG;Estadual;6;468.95;446.7;419.8;443.63;516.67;459.15
6734;Lagoa de Pedras;RN;Estadual;6;461.18;454.88;410.65;442.02;526.67;459.08
6735;Princesa;SC;Estadual;2;490.1;501.0;440.25;433.9;430.0;459.05
6736;Presidente Kennedy;ES;Estadual;29;471.9;460.42;442.32;443.01;477.24;458.98
6737;Muricilândia;TO;Estadual;4;479.88;479.45;485.72;394.78;455.0;458.96
6738;Lagoa do Barro do Piauí;PI;Estadual;10;489.03;438.11;422.12;431.42;514.0;458.94
6739;Francisco Dantas;RN;Estadual;5;450.94;455.18;447.7;400.86;540.0;458.94
6740;Branquinha;AL;Estadual;6;433.35;424.62;444.82;495.23;496.67;458.94
6741;Marcos Parente;PI;Estadual;4;465.38;479.25;430.92;439.05;480.0;458.92
6742;União da Serra;RS;Estadual;2;461.2;415.7;445.9;471.8;500.0;458.92
6743;Sítio Novo;RN;Estadual;1;462.3;498.5;430.5;403.1;500.0;458.88
6744;São Gonçalo do Amarante;CE;Municipal;1;538.1;482.1;428.8;445.4;400.0;458.88
6745;Pedra Mole;SE;Estadual;12;456.17;432.69;428.21;443.9;533.33;458.86
6746;Ouriçangas;BA;Estadual;14;459.44;450.36;425.93;426.88;531.43;458.81
6747;Bacabal;MA;Municipal;1;446.3;479.0;404.9;423.7;540.0;458.78
6748;Praia Grande;SP;Municipal;1;487.3;437.6;439.8;369.2;560.0;458.78
6749;Goianinha;RN;Estadual;20;460.41;429.54;430.26;447.39;526.0;458.72
6750;Lizarda;TO;Estadual;1;427.6;384.5;464.3;457.1;560.0;458.7
6751;Maracanaú;CE;Municipal;9;495.08;451.23;466.31;447.56;433.33;458.7
6752;Medicilândia;PA;Municipal;16;466.13;468.45;436.96;453.07;468.75;458.67
6753;São Valério;TO;Estadual;6;465.87;447.48;421.13;428.27;530.0;458.55
6754;Maruim;SE;Estadual;32;458.72;441.38;446.92;422.53;523.12;458.54
6755;Chaval;CE;Estadual;69;452.82;458.15;435.57;443.73;502.32;458.52
6756;Teolândia;BA;Estadual;22;476.71;454.59;436.44;435.69;489.09;458.5
6757;Sambaíba;MA;Estadual;5;467.32;484.04;455.58;461.48;424.0;458.48
6758;Alvarães;AM;Estadual;46;456.31;458.21;424.46;455.54;497.83;458.47
6759;Araçás;BA;Estadual;7;468.83;453.77;464.49;419.47;485.71;458.45
6760;Cristinápolis;SE;Municipal;1;483.6;409.2;474.6;544.8;380.0;458.44
6761;Itaeté;BA;Estadual;3;448.03;424.47;449.5;443.47;526.67;458.43
6762;Canguaretama;RN;Estadual;44;469.86;451.23;433.65;450.58;486.82;458.43
6763;Cajuri;MG;Estadual;2;493.6;473.65;458.05;486.75;380.0;458.41
6764;Tangará;RN;Estadual;14;444.44;452.32;427.89;478.61;488.57;458.37
6765;São Felipe;BA;Estadual;18;475.03;452.33;441.5;439.64;483.33;458.37
6766;Barreira;CE;Estadual;55;473.93;454.61;425.02;461.57;476.36;458.3
6767;Lagoa do Tocantins;TO;Estadual;5;462.8;454.9;429.38;424.36;520.0;458.29
6768;Coronel José Dias;PI;Estadual;10;473.13;475.63;426.09;438.48;478.0;458.27
6769;Carutapera;MA;Estadual;9;430.12;427.24;455.98;464.62;513.33;458.26
6770;Passagem Franca;MA;Estadual;24;481.87;454.44;431.64;431.69;491.67;458.26
6771;Munhoz de Melo;PR;Estadual;4;433.15;416.98;469.12;437.05;535.0;458.26
6772;Guajará;AM;Estadual;21;456.91;442.14;435.0;431.47;525.71;458.25
6773;Gouvelândia;GO;Estadual;6;459.27;466.22;420.85;471.27;473.33;458.19
6774;Sítio Novo;MA;Estadual;29;473.48;449.11;431.65;451.61;484.83;458.14
6775;São Miguel da Baixa Grande;PI;Estadual;11;454.35;435.0;454.75;455.55;490.91;458.11
6776;Pau D'Arco;PA;Estadual;8;470.25;477.02;457.24;433.49;452.5;458.1
6777;Olho d'Água Grande;AL;Estadual;4;464.9;454.05;430.85;400.68;540.0;458.1
6778;Alenquer;PA;Estadual;84;468.57;442.43;437.24;434.35;507.62;458.04
6779;Carrancas;MG;Estadual;9;461.67;453.8;448.34;479.64;446.67;458.02
6780;Igarapava;SP;Municipal;3;505.73;428.33;445.9;450.13;460.0;458.02
6781;Quixabeira;BA;Estadual;9;511.58;444.04;451.68;451.59;431.11;458.0
6782;Jaupaci;GO;Estadual;3;514.27;484.3;464.8;446.5;380.0;457.97
6783;Bagre;PA;Estadual;16;462.78;458.56;424.95;419.66;523.75;457.94
6784;Cacimbinhas;AL;Estadual;11;468.77;446.89;439.87;425.06;509.09;457.94
6785;João Lisboa;MA;Estadual;64;457.03;448.55;439.89;441.02;503.12;457.92
6786;Nova Veneza;GO;Estadual;10;485.28;427.56;420.6;446.11;510.0;457.91
6787;Santa Bárbara do Pará;PA;Estadual;11;452.71;425.71;433.11;463.43;514.55;457.9
6788;Baía Formosa;RN;Estadual;15;466.27;425.64;461.89;447.59;488.0;457.88
6789;Novo Oriente do Piauí;PI;Estadual;7;470.33;421.19;407.87;432.83;557.14;457.87
6790;Breu Branco;PA;Estadual;48;472.75;450.27;427.45;428.05;510.42;457.79
6791;Cedro de São João;SE;Estadual;4;462.08;431.98;477.1;397.8;520.0;457.79
6792;São Raimundo das Mangabeiras;MA;Estadual;19;465.53;441.64;427.95;434.91;518.95;457.79
6793;Claro dos Poções;MG;Estadual;6;514.88;450.17;424.02;436.35;463.33;457.75
6794;São Salvador do Tocantins;TO;Estadual;10;475.47;454.32;434.13;458.8;466.0;457.74
6795;Igarapé-Miri;PA;Estadual;96;460.22;438.62;431.14;437.71;520.62;457.66
6796;Cacaulândia;RO;Estadual;8;456.7;465.02;456.06;480.45;430.0;457.65
6797;Poço Dantas;PB;Estadual;5;465.14;459.66;409.54;457.9;496.0;457.65
6798;Barra de Guabiraba;PE;Estadual;25;459.8;452.59;430.88;446.56;498.4;457.65
6799;Palmelo;GO;Estadual;6;502.82;459.33;442.6;443.43;440.0;457.64
6800;Apiacá;ES;Estadual;7;479.2;476.53;431.06;475.26;425.71;457.55
6801;Santa Rita do Pardo;MS;Estadual;5;446.56;445.76;420.2;479.16;496.0;457.54
6802;Curionópolis;PA;Estadual;22;460.44;463.3;448.62;427.95;487.27;457.52
6803;Santa Luzia do Norte;AL;Estadual;7;474.17;449.0;424.83;419.39;520.0;457.48
6804;Araçoiaba;PE;Estadual;23;472.57;455.96;442.18;446.2;470.43;457.47
6805;Pacajá;PA;Municipal;3;432.2;443.77;467.43;497.3;446.67;457.47
6806;Xambrê;PR;Estadual;8;467.76;422.2;451.6;450.2;495.0;457.35
6807;São Lourenço do Piauí;PI;Municipal;1;480.0;440.8;447.5;398.4;520.0;457.34
6808;São Miguel de Taipu;PB;Estadual;12;455.61;433.38;442.96;441.42;513.33;457.34
6809;Água Doce do Maranhão;MA;Estadual;32;460.38;451.7;444.66;441.08;488.75;457.32
6810;Anamã;AM;Estadual;17;482.49;461.32;439.93;446.41;456.47;457.32
6811;Antônio Martins;RN;Estadual;6;457.78;451.18;422.02;468.92;486.67;457.31
6812;Cachoeira do Arari;PA;Estadual;25;446.49;476.98;421.18;432.26;509.6;457.3
6813;Presidente Figueiredo;AM;Municipal;1;419.1;548.3;466.7;472.3;380.0;457.28
6814;Dom Bosco;MG;Estadual;5;458.56;457.24;414.38;460.1;496.0;457.26
6815;Professor Jamil;GO;Estadual;2;475.85;440.45;416.6;403.3;550.0;457.24
6816;Mirante;BA;Municipal;1;501.1;479.3;377.7;408.1;520.0;457.24
6817;Ribeirão Pires;SP;Municipal;1;451.6;439.4;563.2;491.5;340.0;457.14
6818;Ibirarema;SP;Estadual;7;455.93;440.86;440.3;434.2;514.29;457.11
6819;Boqueirão do Piauí;PI;Estadual;10;445.27;450.16;438.12;422.0;530.0;457.11
6820;Cafarnaum;BA;Estadual;36;475.35;434.41;448.0;439.47;488.33;457.11
6821;Nossa Senhora dos Remédios;PI;Estadual;8;454.54;428.01;433.25;414.71;555.0;457.1
6822;Anori;AM;Estadual;47;463.04;454.37;429.51;441.72;496.6;457.05
6823;Barra de Santo Antônio;AL;Estadual;6;495.63;422.92;438.45;418.12;510.0;457.02
6824;Ibateguara;AL;Privada;1;467.4;353.9;459.4;404.3;600.0;457.0
6825;Várzea Nova;BA;Estadual;21;463.19;435.06;441.65;442.11;502.86;456.97
6826;Jupiá;SC;Estadual;4;460.45;458.68;456.62;408.98;500.0;456.94
6827;São Bento do Tocantins;TO;Estadual;8;450.34;446.4;403.22;469.69;515.0;456.93
6828;Porto Rico;PR;Estadual;2;461.05;452.85;424.8;475.85;470.0;456.91
6829;Coronel Murta;MG;Estadual;5;461.32;434.9;426.8;449.4;512.0;456.88
6830;Itacoatiara;AM;Municipal;2;489.4;458.05;444.6;422.35;470.0;456.88
6831;Araguanã;MA;Estadual;2;457.4;484.4;435.4;417.1;490.0;456.86
6832;Canutama;AM;Estadual;17;456.48;427.51;437.19;446.64;516.47;456.86
6833;Hidrolândia;GO;Estadual;12;471.79;457.87;434.36;436.77;483.33;456.82
6834;Ibiá;MG;Municipal;4;527.9;456.78;433.52;470.85;395.0;456.81
6835;Ladário;MS;Estadual;22;483.83;452.12;427.31;433.49;487.27;456.81
6836;São Domingos do Azeitão;MA;Estadual;11;450.74;453.74;446.53;416.29;516.36;456.73
6837;Salto da Divisa;MG;Estadual;5;483.62;472.46;429.94;449.26;448.0;456.66
6838;Restinga;SP;Estadual;4;518.95;477.85;439.95;446.42;400.0;456.64
6839;Vitória do Xingu;PA;Municipal;5;445.2;452.28;416.32;437.42;532.0;456.64
6840;Senador Cortes;MG;Estadual;7;473.69;473.77;432.04;437.9;465.71;456.62
6841;Jundiaí;SP;Municipal;5;487.9;486.48;437.2;447.42;424.0;456.6
6842;Pedras de Fogo;PB;Estadual;15;471.11;455.61;444.34;431.84;480.0;456.58
6843;Cristópolis;BA;Estadual;10;445.52;429.11;435.79;450.37;522.0;456.56
6844;Itajobi;SP;Estadual;5;458.3;443.56;430.14;422.66;528.0;456.53
6845;São Valério do Sul;RS;Estadual;1;474.7;490.3;405.4;532.2;380.0;456.52
6846;Santo Antônio de Goiás;GO;Estadual;3;458.63;456.87;470.4;416.67;480.0;456.51
6847;Douradina;MS;Estadual;5;479.52;435.98;451.04;491.66;424.0;456.44
6848;Ibirapitanga;BA;Estadual;10;464.03;447.47;436.59;425.9;508.0;456.4
6849;Caapiranga;AM;Estadual;17;442.65;445.69;445.71;427.84;520.0;456.38
6850;Águas de São Pedro;SP;Estadual;1;531.6;543.5;426.3;460.5;320.0;456.38
6851;Gurinhém;PB;Estadual;18;458.19;449.49;429.21;428.23;516.67;456.36
6852;Jandira;SP;Municipal;2;535.05;488.0;449.5;389.2;420.0;456.35
6853;Castro Alves;BA;Municipal;3;448.83;481.37;460.97;423.9;466.67;456.35
6854;Lapão;BA;Estadual;29;475.09;455.27;432.81;451.37;466.9;456.29
6855;São Félix do Coribe;BA;Estadual;13;470.45;427.08;447.08;456.78;480.0;456.28
6856;Indianópolis;PR;Estadual;1;531.0;383.3;442.7;404.3;520.0;456.26
6857;Jaguaretama;CE;Estadual;47;473.53;439.78;428.79;446.75;492.34;456.24
6858;Barrolândia;TO;Estadual;8;478.76;451.59;451.8;473.9;425.0;456.21
6859;Santo Antônio dos Milagres;PI;Estadual;4;430.48;453.9;403.35;463.3;530.0;456.21
6860;Serra do Salitre;MG;Estadual;4;483.95;444.6;441.15;451.28;460.0;456.2
6861;Rio do Fogo;RN;Estadual;15;476.01;452.3;433.35;404.59;514.67;456.18
6862;Altamira do Paraná;PR;Estadual;6;483.5;482.02;418.15;440.47;456.67;456.16
6863;Gavião Peixoto;SP;Estadual;1;457.3;526.0;485.0;452.5;360.0;456.16
6864;São Valério;TO;Municipal;1;435.8;492.4;451.5;540.9;360.0;456.12
6865;Paragominas;PA;Municipal;6;451.73;439.88;453.03;445.65;490.0;456.06
6866;Amapá do Maranhão;MA;Estadual;4;425.32;444.05;457.15;443.7;510.0;456.04
6867;Santo Amaro do Maranhão;MA;Estadual;5;448.26;399.52;413.58;462.78;556.0;456.03
6868;Colinas;MA;Estadual;34;472.9;438.06;425.35;431.46;512.35;456.02
6869;Ribeira do Piauí;PI;Estadual;3;483.83;459.87;433.33;389.4;513.33;455.95
6870;União;PI;Estadual;63;453.28;445.84;450.25;433.7;496.51;455.92
6871;Envira;AM;Estadual;28;453.64;446.07;430.29;449.94;499.29;455.85
6872;Ipixuna;AM;Estadual;20;446.72;440.34;429.47;453.38;509.0;455.78
6873;Gararu;SE;Estadual;17;444.75;449.71;446.97;400.81;536.47;455.74
6874;Ribeirãozinho;MT;Estadual;4;435.88;411.68;464.68;426.1;540.0;455.66
6875;Ibititá;BA;Estadual;12;472.9;449.1;446.7;437.85;471.67;455.64
6876;Ponto Belo;ES;Estadual;8;468.01;432.69;481.55;435.78;460.0;455.6
6877;Uniflor;PR;Estadual;3;472.97;463.93;448.4;425.93;466.67;455.58
6878;Limoeiro do Ajuru;PA;Estadual;50;451.29;441.84;437.95;435.83;510.8;455.54
6879;Itajá;RN;Estadual;8;434.08;444.0;442.34;459.6;497.5;455.5
6880;Pedro Alexandre;BA;Estadual;37;466.45;457.18;440.91;429.14;483.78;455.49
6881;Capão Bonito do Sul;RS;Estadual;2;499.05;471.2;444.85;412.2;450.0;455.46
6882;Ewbank da Câmara;MG;Estadual;6;474.5;455.48;446.05;481.18;420.0;455.44
6883;Buenos Aires;PE;Estadual;39;465.74;425.17;432.42;454.26;499.49;455.42
6884;Casa Nova;BA;Estadual;16;486.31;440.91;452.28;462.46;435.0;455.39
6885;Coelho Neto;MA;Estadual;77;471.61;446.14;422.44;432.14;504.42;455.35
6886;Moju;PA;Estadual;91;460.3;442.85;445.93;435.11;492.53;455.34
6887;Quebrangulo;AL;Estadual;7;450.97;417.87;431.49;470.63;505.71;455.33
6888;Canudos;BA;Estadual;27;477.14;463.47;431.18;422.37;482.22;455.28
6889;Boa Vista do Ramos;AM;Estadual;41;454.94;447.88;425.9;454.95;492.68;455.27
6890;São Domingos do Araguaia;PA;Estadual;20;442.66;425.48;432.92;430.92;544.0;455.2
6891;Viradouro;SP;Estadual;3;459.37;488.33;448.0;540.13;340.0;455.17
6892;Rio Pomba;MG;Estadual;2;487.3;471.2;428.9;388.25;500.0;455.13
6893;Indianópolis;MG;Estadual;9;492.06;455.69;443.47;439.98;444.44;455.13
6894;Morro Cabeça no Tempo;PI;Estadual;2;436.05;438.05;425.85;465.55;510.0;455.1
6895;Mulungu;CE;Estadual;73;469.56;446.98;434.34;444.49;480.0;455.07
6896;Santa Quitéria do Maranhão;MA;Estadual;46;457.04;447.33;432.94;428.41;509.57;455.06
6897;Matinhas;PB;Estadual;14;445.06;452.16;433.52;422.65;521.43;454.96
6898;Presidente Vargas;MA;Estadual;16;458.96;435.72;421.04;416.49;542.5;454.94
6899;Ibaretama;CE;Estadual;42;463.85;442.51;442.44;435.81;490.0;454.92
6900;Governador Archer;MA;Estadual;8;463.48;419.54;419.61;439.4;532.5;454.9
6901;Cairu;BA;Estadual;5;492.54;463.08;423.3;427.48;468.0;454.88
6902;Amaturá;AM;Estadual;13;439.22;474.22;425.88;455.07;480.0;454.88
6903;Montividiu do Norte;GO;Estadual;12;483.79;457.42;441.13;439.92;451.67;454.79
6904;Parnarama;MA;Estadual;32;467.87;440.81;413.19;430.01;521.88;454.75
6905;Teresina de Goiás;GO;Estadual;12;492.53;453.92;447.22;411.63;468.33;454.73
6906;Antônio Cardoso;BA;Estadual;4;486.1;468.52;443.78;400.25;475.0;454.73
6907;Tibau do Sul;RN;Estadual;9;460.67;419.09;449.17;440.3;504.44;454.73
6908;Codó;MA;Estadual;198;464.51;441.4;435.61;431.62;500.2;454.67
6909;Mãe do Rio;PA;Privada;5;469.94;434.14;458.6;474.62;436.0;454.66
6910;Benedito Leite;MA;Estadual;15;458.99;424.19;421.31;432.67;536.0;454.63
6911;Boa Ventura;PB;Estadual;11;458.26;442.47;420.49;433.64;518.18;454.61
6912;Poloni;SP;Estadual;5;479.1;446.8;448.36;442.62;456.0;454.58
6913;Talismã;TO;Estadual;2;456.6;417.2;450.4;458.65;490.0;454.57
6914;Itapé;BA;Estadual;6;483.55;432.27;457.5;456.0;443.33;454.53
6915;Vereda;BA;Estadual;5;472.84;428.34;397.44;401.86;572.0;454.5
6916;Turvelândia;GO;Estadual;15;455.83;448.51;460.15;451.86;456.0;454.47
6917;Cavalcante;GO;Estadual;23;467.03;440.01;440.23;436.31;488.7;454.46
6918;Curvelândia;MT;Estadual;8;489.95;471.02;417.79;415.99;477.5;454.45
6919;Piratininga;SP;Estadual;6;473.27;453.28;434.47;397.77;513.33;454.42
6920;Lucena;PB;Estadual;16;448.84;446.69;434.82;436.34;505.0;454.34
6921;São João da Baliza;RR;Estadual;12;465.3;438.1;429.41;448.79;490.0;454.32
6922;Santa Cruz do Piauí;PI;Estadual;24;455.17;448.07;430.62;446.76;490.83;454.29
6923;Itaporã do Tocantins;TO;Estadual;4;444.92;461.88;444.22;405.25;515.0;454.26
6924;Jaraguari;MS;Estadual;7;455.64;423.14;443.44;443.24;505.71;454.24
6925;Alvorada do Norte;GO;Estadual;27;477.05;458.17;431.65;447.27;457.04;454.23
6926;Coari;AM;Estadual;136;452.12;446.7;429.5;448.04;494.71;454.21
6927;Bom Jesus do Tocantins;PA;Estadual;27;466.87;422.96;433.36;439.65;508.15;454.2
6928;Maracás;BA;Municipal;1;419.5;486.3;421.7;423.2;520.0;454.14
6929;Bujaru;PA;Estadual;42;466.09;444.71;442.36;423.69;493.81;454.13
6930;Setubinha;MG;Estadual;4;508.2;416.12;408.82;372.45;565.0;454.12
6931;Brejo;MA;Estadual;48;463.19;446.23;441.6;437.48;482.08;454.12
6932;Jussara;BA;Estadual;16;451.87;447.71;443.14;422.79;505.0;454.1
6933;Jandaíra;RN;Estadual;4;490.28;454.55;425.95;444.65;455.0;454.08
6934;Caxingó;PI;Estadual;18;458.76;432.09;429.81;436.28;513.33;454.05
6935;Correntina;BA;Municipal;2;484.2;445.6;442.4;437.7;460.0;453.98
6936;Adrianópolis;PR;Estadual;3;481.07;463.17;424.0;408.2;493.33;453.95
6937;Cuité;PB;Municipal;1;440.9;389.6;423.9;455.2;560.0;453.92
6938;Sussuapara;PI;Estadual;24;464.93;432.28;440.65;427.48;504.17;453.9
6939;Pindoretama;CE;Estadual;112;463.29;459.93;436.25;438.46;471.43;453.87
6940;Turiaçu;MA;Estadual;41;459.58;433.84;437.64;454.5;483.41;453.8
6941;Apuiarés;CE;Estadual;95;459.81;442.87;431.42;448.07;486.74;453.78
6942;Jaguarari;BA;Estadual;28;462.39;441.61;441.0;439.63;484.29;453.78
6943;Pardinho;SP;Estadual;1;464.3;391.3;513.1;400.1;500.0;453.76
6944;Mata Grande;AL;Estadual;53;459.17;442.38;439.79;433.81;493.58;453.75
6945;Cacequi;RS;Estadual;7;489.56;477.96;431.69;438.14;431.43;453.75
6946;Pendências;RN;Estadual;10;476.94;462.88;400.38;464.52;464.0;453.74
6947;Cambuci;RJ;Estadual;8;477.94;468.58;431.01;398.6;492.5;453.72
6948;Anísio de Abreu;PI;Estadual;20;448.22;439.09;431.36;425.94;524.0;453.72
6949;Campo Redondo;RN;Estadual;8;471.05;415.9;454.25;429.85;497.5;453.71
6950;Manga;MG;Estadual;24;469.1;451.72;447.16;454.58;445.83;453.68
6951;Barreirinha;AM;Estadual;57;444.53;450.78;417.15;450.83;504.91;453.64
6952;Campo Grande;MS;Municipal;2;485.6;496.3;430.2;486.05;370.0;453.63
6953;Mairipotaba;GO;Estadual;9;477.62;480.68;434.73;406.08;468.89;453.6
6954;Armação dos Búzios;RJ;Estadual;13;476.37;446.05;451.93;439.46;453.85;453.53
6955;Pedro Afonso;TO;Estadual;39;470.83;440.09;442.09;447.16;467.18;453.47
6956;Elesbão Veloso;PI;Estadual;49;467.13;450.76;436.09;444.17;468.98;453.43
6957;Amparo de São Francisco;SE;Estadual;3;480.53;455.33;423.3;441.03;466.67;453.37
6958;Senador Sá;CE;Estadual;49;454.7;448.75;441.19;455.61;466.53;453.36
6959;Equador;RN;Estadual;8;471.31;483.55;426.78;435.11;450.0;453.35
6960;Santana do Acaraú;CE;Estadual;207;463.14;451.09;435.79;449.16;467.54;453.34
6961;Natividade;TO;Estadual;13;470.83;462.48;437.02;422.51;473.85;453.34
6962;Senhora do Porto;MG;Estadual;4;471.52;502.5;436.2;466.15;390.0;453.28
6963;Eirunepé;AM;Estadual;34;440.54;438.31;442.59;457.82;487.06;453.26
6964;Maraú;BA;Estadual;11;478.69;434.15;432.32;417.47;503.64;453.25
6965;Mar Vermelho;AL;Estadual;8;471.55;410.66;425.48;433.46;525.0;453.23
6966;Brejolândia;BA;Estadual;16;466.64;444.78;428.32;452.57;473.75;453.21
6967;Guajará-Mirim;RO;Estadual;69;461.84;439.55;429.37;437.93;496.81;453.1
6968;Rorainópolis;RR;Estadual;9;461.76;474.97;416.62;451.92;460.0;453.05
6969;Santa Maria de Jetibá;ES;Privada;3;496.2;479.33;393.63;429.43;466.67;453.05
6970;Trombas;GO;Estadual;6;462.47;438.22;427.75;439.92;496.67;453.0
6971;São Francisco do Conde;BA;Estadual;36;489.73;441.23;447.27;430.37;456.11;452.94
6972;Vera Cruz;BA;Estadual;37;472.18;433.41;441.31;442.65;475.14;452.94
6973;Satubinha;MA;Estadual;18;429.94;438.42;436.78;450.38;508.89;452.88
6974;Patis;MG;Estadual;4;493.02;467.9;419.32;424.05;460.0;452.86
6975;Miranorte;TO;Estadual;17;475.24;466.43;438.74;462.63;421.18;452.84
6976;Divina Pastora;SE;Estadual;22;465.24;435.9;429.14;428.4;505.45;452.82
6977;Pedranópolis;SP;Estadual;4;462.65;479.22;457.52;474.6;390.0;452.8
6978;Jucuruçu;BA;Estadual;7;446.8;452.29;412.96;429.03;522.86;452.79
6979;Uruoca;CE;Estadual;68;470.8;452.31;429.01;454.04;457.65;452.76
6980;Emas;PB;Estadual;4;483.08;423.08;462.52;475.12;420.0;452.76
6981;Rio Quente;GO;Municipal;2;490.2;433.65;466.8;353.0;520.0;452.73
6982;Brejo do Cruz;PB;Estadual;17;457.59;468.55;429.42;405.41;502.35;452.67
6983;Damolândia;GO;Estadual;3;488.03;451.03;487.5;436.67;400.0;452.65
6984;Darcinópolis;TO;Estadual;5;490.04;452.14;438.74;410.04;472.0;452.59
6985;Nepomuceno;MG;Municipal;1;519.5;495.0;518.8;429.5;300.0;452.56
6986;Boa Esperança;PR;Estadual;4;436.22;459.0;444.82;457.35;465.0;452.48
6987;Santana do Maranhão;MA;Estadual;15;466.13;449.38;431.91;424.2;490.67;452.46
6988;Calçoene;AP;Estadual;4;436.1;448.6;377.38;400.18;600.0;452.45
6989;Taboleiro Grande;RN;Estadual;3;453.6;430.5;405.77;465.33;506.67;452.37
6990;Poço Redondo;SE;Estadual;27;460.83;453.29;433.73;433.28;480.0;452.23
6991;Alto Alegre;RR;Estadual;18;469.6;446.93;451.31;447.6;445.56;452.2
6992;Argirita;MG;Estadual;2;446.65;450.35;447.05;526.8;390.0;452.17
6993;Theobroma;RO;Estadual;13;456.18;443.6;446.34;434.52;480.0;452.13
6994;Sapucaí-Mirim;MG;Estadual;2;491.4;383.5;454.2;431.45;500.0;452.11
6995;Timbiras;MA;Estadual;74;446.75;434.68;436.21;442.06;500.81;452.1
6996;Ponto Novo;BA;Estadual;13;486.51;455.68;433.72;437.93;446.15;452.0
6997;Dueré;TO;Estadual;2;426.2;474.4;497.6;441.75;420.0;451.99
6998;Conde;BA;Estadual;18;465.87;451.56;453.34;449.02;440.0;451.96
6999;Araçuaí;MG;Privada;2;490.35;447.7;454.4;447.25;420.0;451.94
7000;Marco;CE;Estadual;212;454.22;444.4;439.93;456.9;464.25;451.94
7001;Belo Horizonte;MG;Municipal;7;481.67;448.14;446.39;471.94;411.43;451.91
7002;Caaporã;PB;Estadual;27;442.85;433.51;435.84;451.76;495.56;451.9
7003;Banabuiú;CE;Estadual;73;463.03;434.28;433.11;459.71;469.32;451.89
7004;Mirinzal;MA;Estadual;50;459.97;436.1;441.08;422.66;499.6;451.88
7005;Novo Santo Antônio;MT;Estadual;2;464.65;433.5;424.65;466.35;470.0;451.83
7006;Santa Brígida;BA;Estadual;10;468.34;479.53;430.2;447.04;434.0;451.82
7007;Urucuia;MG;Estadual;7;431.0;437.16;438.74;440.69;511.43;451.8
7008;São Caetano de Odivelas;PA;Estadual;35;465.89;450.4;422.57;421.74;498.29;451.78
7009;São João do Caiuá;PR;Estadual;5;476.4;477.14;423.86;453.5;428.0;451.78
7010;Salitre;CE;Estadual;64;468.39;449.89;431.76;448.55;460.0;451.72
7011;Pacatuba;SE;Estadual;9;430.86;435.31;437.86;445.41;508.89;451.66
7012;Sertânia;PE;Municipal;1;428.7;464.4;409.1;416.0;540.0;451.64
7013;Platina;SP;Estadual;1;479.0;487.2;415.5;356.2;520.0;451.58
7014;Tartarugalzinho;AP;Estadual;10;435.08;451.77;419.08;419.82;532.0;451.55
7015;Boa Viagem;CE;Privada;2;491.9;473.65;460.7;411.45;420.0;451.54
7016;Abadiânia;GO;Estadual;8;478.68;445.48;434.06;439.28;460.0;451.5
7017;Nova Olinda;TO;Estadual;6;488.63;432.45;425.03;421.27;490.0;451.48
7018;Atalaia do Norte;AM;Estadual;25;445.89;423.43;425.78;439.03;523.2;451.47
7019;Bonito de Santa Fé;PB;Estadual;15;449.7;440.91;439.99;441.39;485.33;451.47
7020;Itapecuru Mirim;MA;Estadual;59;457.02;444.93;426.38;425.26;503.73;451.46
7021;Senador Rui Palmeira;AL;Estadual;3;413.1;467.37;454.9;468.13;453.33;451.37
7022;Inaciolândia;GO;Estadual;16;461.73;440.42;414.51;438.88;501.25;451.36
7023;Iracema;RR;Estadual;7;475.26;429.73;422.84;394.63;534.29;451.35
7024;Capão do Cipó;RS;Estadual;4;521.7;433.88;391.1;440.08;470.0;451.35
7025;Jaguaripe;BA;Estadual;1;464.6;388.7;397.4;425.9;580.0;451.32
7026;Rosário Oeste;MT;Estadual;30;478.46;452.4;426.57;417.68;481.33;451.29
7027;Campo Largo do Piauí;PI;Estadual;3;476.13;457.03;412.1;437.8;473.33;451.28
7028;Chaves;PA;Estadual;2;408.4;455.8;431.45;400.7;560.0;451.27
7029;General Sampaio;CE;Estadual;18;447.36;458.98;446.12;425.99;477.78;451.24
7030;Simolândia;GO;Estadual;16;462.08;441.46;469.81;460.9;421.25;451.1
7031;Palmeiras do Tocantins;TO;Estadual;11;467.08;447.25;423.3;448.67;469.09;451.08
7032;Santarém;PA;Municipal;11;442.33;466.12;423.88;451.86;470.91;451.02
7033;Chapadão do Lageado;SC;Estadual;1;392.7;497.4;416.8;348.0;600.0;450.98
7034;Guarda-Mor;MG;Municipal;1;439.7;544.8;391.4;419.0;460.0;450.98
7035;Paulo Ramos;MA;Estadual;10;437.96;452.14;425.28;431.15;508.0;450.91
7036;Batalha;AL;Estadual;48;465.26;435.55;419.42;446.42;487.5;450.83
7037;Mocajuba;PA;Estadual;35;460.29;435.08;431.82;433.09;493.71;450.8
7038;Serra da Raiz;PB;Estadual;5;478.82;436.14;419.14;403.74;516.0;450.77
7039;Bequimão;MA;Estadual;31;446.38;438.86;416.96;434.7;516.13;450.61
7040;Canavieira;PI;Estadual;10;463.81;406.15;420.19;438.63;524.0;450.56
7041;Aracatu;BA;Estadual;14;432.52;452.81;429.49;425.07;512.86;450.55
7042;Padre Carvalho;MG;Estadual;1;484.7;492.7;464.6;470.5;340.0;450.5
7043;Coração de Maria;BA;Estadual;37;459.62;447.37;423.21;425.15;496.76;450.42
7044;Centro Novo do Maranhão;MA;Estadual;15;444.76;444.93;427.08;452.42;482.67;450.37
7045;Capitão de Campos;PI;Estadual;12;442.69;448.19;428.15;420.67;511.67;450.27
7046;Jaguaré;ES;Privada;3;445.43;463.37;485.0;503.73;353.33;450.17
7047;São João do Soter;MA;Privada;4;443.75;451.85;464.15;435.72;455.0;450.1
7048;Igarapé do Meio;MA;Estadual;9;450.64;430.78;413.99;412.74;542.22;450.08
7049;Iranduba;AM;Municipal;1;498.2;457.8;363.2;391.1;540.0;450.06
7050;Estrela Velha;RS;Estadual;1;480.0;482.7;411.3;516.0;360.0;450.0
7051;Inocência;MS;Municipal;1;521.3;396.1;403.3;389.2;540.0;449.98
7052;Pedra Preta;RN;Estadual;3;495.07;417.83;436.87;486.67;413.33;449.95
7053;São João do Soter;MA;Estadual;8;451.6;442.45;434.86;427.55;492.5;449.79
7054;Icatu;MA;Estadual;16;455.41;456.23;432.84;436.39;467.5;449.67
7055;Ponta de Pedras;PA;Municipal;1;501.9;427.1;444.1;435.1;440.0;449.64
7056;Pastos Bons;MA;Estadual;20;459.58;449.46;444.84;422.22;472.0;449.62
7057;Nova Brasilândia;MT;Estadual;2;496.6;527.1;422.9;401.45;400.0;449.61
7058;Pilões;RN;Estadual;13;443.37;444.9;434.34;440.72;484.62;449.59
7059;Perdizes;MG;Estadual;5;469.08;459.46;434.2;452.88;432.0;449.52
7060;Santo Antônio do Içá;AM;Estadual;27;447.15;443.24;422.91;450.48;483.7;449.5
7061;Itanagra;BA;Estadual;3;470.43;427.6;461.13;428.1;460.0;449.45
7062;Joca Claudino;PB;Estadual;1;423.8;481.8;492.9;528.4;320.0;449.38
7063;Orocó;PE;Estadual;16;429.84;441.98;442.53;459.92;472.5;449.35
7064;Riachão;MA;Estadual;24;457.29;441.27;444.12;448.16;455.83;449.33
7065;Brotas de Macaúbas;BA;Estadual;5;460.26;399.06;400.96;413.9;572.0;449.24
7066;Augusto Corrêa;PA;Municipal;1;436.8;429.0;443.6;456.4;480.0;449.16
7067;Uarini;AM;Estadual;18;448.49;448.36;439.58;460.51;448.89;449.16
7068;Juranda;PR;Estadual;7;483.8;434.69;418.26;454.71;454.29;449.15
7069;Poço Branco;RN;Estadual;28;469.37;430.57;427.36;421.9;496.43;449.13
7070;Barreirinhas;MA;Estadual;72;456.89;439.12;431.5;431.62;486.39;449.1
7071;Cromínia;GO;Estadual;2;459.75;431.55;448.65;455.05;450.0;449.0
7072;Alto Alegre do Pindaré;MA;Estadual;22;464.83;433.07;406.23;449.03;491.82;449.0
7073;Santo Antônio do Tauá;PA;Estadual;22;442.53;434.41;431.03;424.61;511.82;448.88
7074;Silves;AM;Estadual;21;445.99;448.8;416.9;447.02;485.71;448.88
7075;Porto Grande;AP;Estadual;16;464.87;461.45;444.37;412.25;461.25;448.84
7076;Osório;RS;Municipal;1;382.3;423.2;433.1;485.6;520.0;448.84
7077;Cocos;BA;Estadual;18;446.15;431.41;412.16;444.22;510.0;448.79
7078;Buriticupu;MA;Estadual;79;460.41;442.68;432.95;440.04;467.85;448.79
7079;Olho D'Água do Piauí;PI;Estadual;7;478.94;465.69;434.24;404.67;460.0;448.71
7080;Barra do Rocha;BA;Estadual;6;471.02;409.62;439.38;500.2;423.33;448.71
7081;Rafael Jambeiro;BA;Estadual;24;452.37;453.84;426.52;443.33;467.5;448.71
7082;São João do Arraial;PI;Estadual;22;454.16;450.21;440.8;435.6;462.73;448.7
7083;Miraíma;CE;Estadual;65;449.3;435.6;436.3;436.73;484.92;448.57
7084;Olho d'Água do Casado;AL;Estadual;11;452.7;455.1;422.69;423.16;489.09;448.55
7085;Gameleira;PE;Estadual;13;491.65;434.88;436.47;428.79;450.77;448.51
7086;Remanso;BA;Estadual;46;463.83;451.56;420.88;423.14;483.04;448.49
7087;Japoatã;SE;Estadual;15;458.23;453.15;440.66;446.13;444.0;448.43
7088;Apiacás;MT;Estadual;7;464.5;425.34;423.29;434.64;494.29;448.41
7089;Lima Campos;MA;Estadual;23;463.79;435.26;419.77;434.42;488.7;448.39
7090;Buriti Bravo;MA;Estadual;19;448.82;441.37;421.06;422.22;508.42;448.38
7091;Primeira Cruz;MA;Estadual;3;412.73;413.37;424.37;491.3;500.0;448.35
7092;Maraú;BA;Municipal;1;412.4;528.1;411.7;449.3;440.0;448.3
7093;Magalhães Barata;PA;Estadual;7;431.1;456.37;421.46;458.09;474.29;448.26
7094;Rosário;MA;Estadual;48;451.65;430.01;427.6;431.8;500.0;448.21
7095;Santa Rosa do Purus;AC;Estadual;5;418.34;429.24;421.5;431.92;540.0;448.2
7096;Jandaia;GO;Estadual;12;463.23;424.12;438.26;426.93;488.33;448.18
7097;Pedra;PE;Estadual;9;459.5;450.42;424.56;424.03;482.22;448.15
7098;Santa Rita de Jacutinga;MG;Estadual;6;503.52;472.03;427.28;414.4;423.33;448.11
7099;Barão de Grajaú;MA;Estadual;29;455.54;435.77;442.53;422.4;484.14;448.08
7100;Arataca;BA;Estadual;6;453.6;398.97;423.02;424.18;540.0;447.95
7101;Almadina;BA;Estadual;3;438.97;447.07;463.63;476.6;413.33;447.92
7102;Ipixuna do Pará;PA;Estadual;19;452.69;448.83;428.15;425.65;484.21;447.91
7103;São João da Fronteira;PI;Estadual;20;440.78;418.11;439.17;430.34;511.0;447.88
7104;Tasso Fragoso;MA;Estadual;11;426.88;442.63;405.21;441.02;523.64;447.87
7105;Juazeirinho;PB;Municipal;1;402.4;460.8;410.0;406.1;560.0;447.86
7106;Firmino Alves;BA;Estadual;34;439.95;435.89;425.96;429.86;507.06;447.75
7107;São Geraldo da Piedade;MG;Estadual;2;432.85;488.4;428.25;459.05;430.0;447.71
7108;São José do Rio Preto;SP;Municipal;1;431.6;531.2;452.8;422.9;400.0;447.7
7109;Arraias;TO;Estadual;34;464.61;453.73;422.92;433.02;464.12;447.68
7110;São João;PE;Estadual;7;471.57;448.54;435.87;473.81;408.57;447.67
7111;Água Branca;PI;Estadual;55;450.66;439.81;423.64;429.77;494.18;447.61
7112;Capistrano;CE;Estadual;54;445.47;436.36;436.37;433.7;485.93;447.57
7113;Gurinhatã;MG;Estadual;1;511.4;430.8;465.7;569.7;260.0;447.52
7114;Lambari D'Oeste;MT;Estadual;5;478.08;441.52;420.44;405.46;492.0;447.5
7115;Araguanã;TO;Estadual;9;455.99;433.99;435.92;442.72;468.89;447.5
7116;Urandi;BA;Estadual;15;485.72;439.82;431.15;408.63;472.0;447.47
7117;Taiúva;SP;Estadual;5;458.42;483.94;411.4;395.46;488.0;447.44
7118;Japi;RN;Estadual;6;438.9;435.67;437.67;458.15;466.67;447.41
7119;Serranópolis;GO;Estadual;14;461.26;435.31;431.31;431.93;477.14;447.39
7120;Nova Santa Bárbara;PR;Estadual;1;514.3;513.3;454.4;454.9;300.0;447.38
7121;Lagoa do Sítio;PI;Estadual;6;453.05;436.95;433.65;419.82;493.33;447.36
7122;Santa Luzia;BA;Estadual;21;458.0;449.42;429.69;445.42;454.29;447.36
7123;Boninal;BA;Estadual;11;470.51;426.15;422.19;397.77;520.0;447.33
7124;Breves;PA;Municipal;20;457.24;428.79;453.79;402.54;494.0;447.28
7125;Mocajuba;PA;Municipal;35;447.78;435.26;437.26;431.37;484.57;447.25
7126;Borda da Mata;MG;Estadual;2;453.8;468.65;467.75;436.05;410.0;447.25
7127;Novo Aripuanã;AM;Estadual;48;454.86;427.25;422.74;438.03;493.33;447.24
7128;Serranópolis de Minas;MG;Estadual;7;428.31;440.21;414.81;424.24;528.57;447.23
7129;Marapanim;PA;Estadual;26;453.28;415.01;430.79;419.23;517.69;447.2
7130;Santa Vitória do Palmar;RS;Municipal;5;443.02;415.5;440.02;437.48;500.0;447.2
7131;Herculândia;SP;Estadual;1;483.9;435.0;411.4;365.6;540.0;447.18
7132;Montes Altos;MA;Estadual;17;450.56;445.18;443.65;439.89;456.47;447.15
7133;Pedrinópolis;MG;Estadual;1;414.6;400.5;473.0;447.6;500.0;447.14
7134;Canarana;BA;Estadual;22;447.42;434.19;433.88;436.58;483.64;447.14
7135;São Sebastião do Oeste;MG;Estadual;4;461.7;428.22;438.3;397.38;510.0;447.12
7136;São Pedro da Cipa;MT;Estadual;3;501.17;457.0;430.23;393.63;453.33;447.07
7137;Brejo do Piauí;PI;Estadual;3;434.07;405.97;371.33;463.63;560.0;447.0
7138;Sinop;MT;Municipal;1;433.0;445.8;442.5;433.6;480.0;446.98
7139;Itupiranga;PA;Estadual;44;462.43;447.91;431.75;430.55;461.82;446.89
7140;São Gabriel da Palha;ES;Municipal;1;450.5;454.6;476.4;392.2;460.0;446.74
7141;Santo Antônio do Planalto;RS;Estadual;2;467.65;444.15;448.7;423.1;450.0;446.72
7142;São Luís do Quitunde;AL;Estadual;30;459.27;446.32;430.93;426.36;470.0;446.57
7143;Nilo Peçanha;BA;Estadual;7;438.01;427.67;429.1;463.76;474.29;446.57
7144;Lauro de Freitas;BA;Municipal;2;524.45;406.3;452.35;439.5;410.0;446.52
7145;Araçaí;MG;Estadual;5;484.24;471.92;419.6;428.34;428.0;446.42
7146;Porteiras;CE;Estadual;55;439.44;436.39;445.32;452.81;457.82;446.36
7147;Oliveira dos Brejinhos;BA;Municipal;1;475.4;431.1;394.8;509.9;420.0;446.24
7148;Catarina;CE;Estadual;41;445.26;436.7;429.35;451.42;468.29;446.2
7149;Nina Rodrigues;MA;Estadual;7;454.36;449.63;443.9;465.61;417.14;446.13
7150;Grajaú;MA;Estadual;130;453.48;433.67;430.22;438.7;474.46;446.11
7151;Rancho Alegre;PR;Estadual;1;498.3;395.3;451.0;425.9;460.0;446.1
7152;Rio dos Bois;TO;Estadual;8;454.02;423.4;419.08;436.35;497.5;446.07
7153;Paquetá;PI;Estadual;6;469.07;435.45;433.42;438.87;453.33;446.03
7154;Óbidos;PA;Estadual;24;464.38;449.74;427.83;419.38;468.33;445.93
7155;Marizópolis;PB;Estadual;11;444.15;419.55;425.55;422.01;518.18;445.89
7156;Redenção;PA;Municipal;26;474.63;439.48;433.8;422.92;458.46;445.86
7157;Pacajá;PA;Privada;2;456.8;457.15;479.0;355.65;480.0;445.72
7158;Corumbataí do Sul;PR;Estadual;2;515.1;445.45;481.4;436.6;350.0;445.71
7159;Normandia;RR;Estadual;12;463.19;424.58;451.18;419.58;470.0;445.7
7160;Aramina;SP;Estadual;1;484.1;467.0;509.2;468.0;300.0;445.66
7161;Juruti;PA;Municipal;5;459.26;469.76;420.94;466.16;412.0;445.62
7162;Camamu;BA;Estadual;29;461.4;434.19;449.14;432.88;450.34;445.59
7163;Cametá;PA;Municipal;7;444.24;463.97;430.61;471.76;417.14;445.55
7164;Ribeirão Claro;PR;Municipal;1;510.9;524.7;474.6;417.5;300.0;445.54
7165;Lagoa;PB;Estadual;4;429.72;466.55;446.4;409.95;475.0;445.52
7166;Itinga;MG;Estadual;7;460.04;421.0;416.84;446.7;482.86;445.49
7167;Campinas;SP;Municipal;2;453.95;458.05;421.45;393.9;500.0;445.47
7168;Tapiramutá;BA;Estadual;42;465.73;436.24;431.68;429.27;464.29;445.44
7169;Icaraí de Minas;MG;Estadual;4;475.25;469.68;431.22;490.68;360.0;445.36
7170;Nazária;PI;Estadual;3;454.0;465.53;391.17;456.07;460.0;445.35
7171;São Luís Gonzaga do Maranhão;MA;Estadual;31;448.91;436.39;440.05;439.24;461.94;445.3
7172;Nova Esperança do Piriá;PA;Estadual;14;472.71;429.34;444.91;432.34;447.14;445.29
7173;Jurema;PI;Estadual;7;427.46;448.73;453.46;425.37;471.43;445.29
7174;Érico Cardoso;BA;Estadual;10;449.64;443.94;451.72;448.64;432.0;445.19
7175;Planalto Alegre;SC;Estadual;1;516.0;445.0;435.5;449.3;380.0;445.16
7176;Breu Branco;PA;Municipal;6;447.88;429.03;432.32;436.42;480.0;445.13
7177;Nova Esperança do Piriá;PA;Municipal;9;448.42;466.11;428.12;418.31;464.44;445.08
7178;Ubatã;BA;Estadual;8;455.91;435.55;453.22;440.54;440.0;445.04
7179;Caracol;PI;Estadual;4;454.52;421.48;419.7;454.38;475.0;445.02
7180;Campo Alegre do Fidalgo;PI;Estadual;1;491.3;390.7;380.1;402.7;560.0;444.96
7181;Aguiarnópolis;TO;Estadual;12;462.94;441.02;428.16;427.64;465.0;444.95
7182;Codajás;AM;Estadual;27;435.21;448.04;420.5;429.89;491.11;444.95
7183;Ivolândia;GO;Estadual;5;452.8;449.64;427.04;415.26;480.0;444.95
7184;São José do Sabugi;PB;Estadual;16;428.43;429.44;426.81;438.8;501.25;444.95
7185;Prudentópolis;PR;Municipal;1;533.8;511.2;438.7;340.7;400.0;444.88
7186;Aiquara;BA;Estadual;4;439.15;441.52;438.7;399.9;505.0;444.86
7187;Mãe do Rio;PA;Municipal;6;456.98;440.67;438.92;437.7;450.0;444.85
7188;Inconfidentes;MG;Estadual;7;465.01;424.06;471.29;460.39;402.86;444.72
7189;Domingos Mourão;PI;Estadual;11;460.08;446.22;424.56;450.42;441.82;444.62
7190;Jenipapo dos Vieiras;MA;Estadual;5;460.76;439.54;452.4;454.12;416.0;444.56
7191;Santa Isabel do Rio Negro;AM;Estadual;13;459.88;435.05;414.52;436.29;476.92;444.53
7192;Fortim;CE;Estadual;37;464.7;426.84;440.53;441.85;448.11;444.4
7193;Castanhal;PA;Municipal;9;436.94;426.0;447.51;451.5;460.0;444.39
7194;Teofilândia;BA;Estadual;9;450.03;426.5;444.61;427.4;473.33;444.38
7195;Timbé do Sul;SC;Estadual;2;461.15;371.15;438.6;500.95;450.0;444.37
7196;Manoel Emídio;PI;Estadual;8;467.36;462.68;439.64;422.15;430.0;444.36
7197;Abel Figueiredo;PA;Municipal;2;441.45;442.75;403.3;494.3;440.0;444.36
7198;Taipas do Tocantins;TO;Estadual;2;502.8;454.3;396.7;397.65;470.0;444.29
7199;Passo Fundo;RS;Municipal;1;454.5;388.7;442.4;375.7;560.0;444.26
7200;Coronel João Sá;BA;Estadual;19;432.85;429.65;440.11;441.89;475.79;444.06
7201;Juazeiro do Norte;CE;Municipal;4;445.18;455.02;381.92;407.18;530.0;443.86
7202;Caroebe;RR;Estadual;2;519.5;457.6;445.0;336.95;460.0;443.81
7203;Iúna;ES;Privada;1;509.3;344.4;400.7;504.5;460.0;443.78
7204;Araguacema;TO;Estadual;8;446.5;429.92;425.48;444.52;472.5;443.78
7205;Ribeiro Gonçalves;PI;Estadual;11;450.74;458.55;434.29;413.29;461.82;443.74
7206;Quijingue;BA;Estadual;22;451.38;435.43;421.47;420.37;490.0;443.73
7207;Pureza;RN;Estadual;8;445.55;424.91;443.49;442.09;462.5;443.71
7208;Rio Grande do Piauí;PI;Estadual;4;449.58;411.88;464.85;397.12;495.0;443.68
7209;Santa Mônica;PR;Estadual;2;426.1;444.65;423.65;433.8;490.0;443.64
7210;Narandiba;SP;Estadual;6;442.15;402.97;439.55;473.12;460.0;443.56
7211;Braúnas;MG;Estadual;1;500.0;412.1;461.0;484.6;360.0;443.54
7212;Ferreira Gomes;AP;Estadual;9;454.66;478.74;397.4;426.46;460.0;443.45
7213;Carmolândia;TO;Estadual;5;472.88;464.64;416.32;443.28;420.0;443.42
7214;Novo Repartimento;PA;Municipal;2;471.3;475.3;390.05;450.4;430.0;443.41
7215;Brazabrantes;GO;Estadual;7;477.04;397.16;404.71;483.73;454.29;443.39
7216;Morpará;BA;Estadual;21;453.67;443.43;418.81;432.43;468.57;443.38
7217;Mucajaí;RR;Estadual;18;444.72;436.17;417.23;420.81;497.78;443.34
7218;Alto Horizonte;GO;Estadual;5;462.3;473.34;419.88;461.06;400.0;443.32
7219;São Jorge do Patrocínio;PR;Municipal;1;476.8;426.2;385.5;487.7;440.0;443.24
7220;Santa Cruz da Vitória;BA;Estadual;5;460.46;478.22;418.06;407.36;452.0;443.22
7221;Nossa Senhora de Nazaré;PI;Estadual;15;456.02;441.47;428.47;437.87;452.0;443.17
7222;Antônio João;MS;Estadual;5;469.66;455.52;436.48;438.12;416.0;443.16
7223;Dobrada;SP;Estadual;5;474.44;448.6;440.62;431.92;420.0;443.12
7224;Dom Inocêncio;PI;Estadual;9;444.82;442.47;420.11;430.36;477.78;443.11
7225;Jordânia;MG;Estadual;7;485.96;433.73;442.33;376.29;477.14;443.09
7226;Pauini;AM;Municipal;2;436.25;440.2;465.3;393.45;480.0;443.04
7227;Tocantínia;TO;Estadual;12;478.37;441.95;404.47;416.84;473.33;442.99
7228;Vermelho Novo;MG;Estadual;2;476.5;412.2;404.55;361.55;560.0;442.96
7229;Bagre;PA;Municipal;2;458.75;418.5;440.85;386.65;510.0;442.95
7230;Pinhão;SE;Estadual;6;452.85;444.5;421.83;422.08;473.33;442.92
7231;Calumbi;PE;Estadual;15;430.05;429.06;422.52;419.47;513.33;442.89
7232;Lábrea;AM;Estadual;32;434.62;434.46;423.27;444.6;477.5;442.89
7233;Jequié;BA;Municipal;8;436.55;411.42;410.21;428.54;527.5;442.84
7234;Jataí;GO;Municipal;2;498.1;383.55;429.35;423.0;480.0;442.8
7235;Jutaí;AM;Estadual;9;470.64;416.13;408.33;425.03;493.33;442.7
7236;São Geraldo do Araguaia;PA;Municipal;3;449.43;447.0;435.9;487.77;393.33;442.69
7237;Planaltino;BA;Estadual;4;476.28;429.95;489.85;417.2;400.0;442.66
7238;Murici dos Portelas;PI;Estadual;3;474.23;445.47;455.77;444.43;393.33;442.65
7239;Guaramiranga;CE;Estadual;10;465.23;439.11;429.4;419.14;460.0;442.58
7240;General Maynard;SE;Estadual;9;440.41;430.6;405.58;407.37;528.89;442.57
7241;Santa Terezinha;MT;Estadual;5;445.96;423.16;441.26;417.98;484.0;442.47
7242;Cândido Mendes;MA;Estadual;28;443.34;405.84;433.27;438.43;491.43;442.46
7243;Fagundes Varela;RS;Estadual;2;447.75;430.7;463.1;540.6;330.0;442.43
7244;Cristal do Sul;RS;Estadual;4;464.82;418.15;421.48;472.62;435.0;442.42
7245;Ouricuri;PE;Privada;2;519.85;395.3;456.1;490.35;350.0;442.32
7246;Barra D'Alcântara;PI;Estadual;9;448.74;434.41;446.13;433.32;448.89;442.3
7247;Aracruz;ES;Municipal;2;489.45;481.9;412.5;447.55;380.0;442.28
7248;Maxaranguape;RN;Estadual;6;471.2;421.88;436.43;408.52;473.33;442.27
7249;Arauá;SE;Estadual;11;454.66;456.17;417.53;430.18;452.73;442.25
7250;Almas;TO;Estadual;12;456.88;427.69;418.48;433.16;475.0;442.24
7251;Cedral;MA;Estadual;28;450.82;426.79;418.72;439.88;475.0;442.24
7252;Oriente;SP;Estadual;1;444.1;510.8;379.4;396.7;480.0;442.2
7253;Várzea Branca;PI;Estadual;7;460.21;448.89;441.37;400.07;460.0;442.11
7254;Novo Acordo;TO;Estadual;13;432.74;452.98;420.11;424.7;480.0;442.11
7255;Cocal;PI;Estadual;19;430.39;437.88;433.13;429.75;478.95;442.02
7256;Belo Monte;AL;Estadual;3;482.97;431.2;448.5;420.53;426.67;441.97
7257;Catolândia;BA;Estadual;11;449.47;440.71;434.52;423.11;461.82;441.93
7258;Cacimbas;PB;Estadual;10;430.58;445.43;416.48;419.09;498.0;441.92
7259;Ouro Verde do Oeste;PR;Estadual;3;439.13;439.77;441.5;435.8;453.33;441.91
7260;Mata Roma;MA;Estadual;21;440.47;431.91;425.96;421.51;489.52;441.88
7261;Matinha;MA;Municipal;1;508.3;376.0;411.1;393.4;520.0;441.76
7262;Água Nova;RN;Estadual;1;457.6;469.1;463.5;458.5;360.0;441.74
7263;Formosa do Rio Preto;BA;Estadual;33;455.53;434.0;445.35;413.14;460.61;441.73
7264;Abaré;BA;Estadual;22;449.46;437.25;411.33;430.39;480.0;441.69
7265;Japurá;AM;Estadual;11;442.65;432.88;431.64;430.31;470.91;441.68
7266;Firminópolis;GO;Estadual;12;454.93;429.45;437.68;442.55;443.33;441.59
7267;Goianorte;TO;Estadual;10;460.44;431.82;438.2;431.27;446.0;441.55
7268;Capitão Poço;PA;Municipal;2;411.6;387.25;437.45;460.85;510.0;441.43
7269;Gado Bravo;PB;Estadual;12;443.66;428.11;417.63;470.91;446.67;441.4
7270;Indiaroba;SE;Estadual;74;455.43;434.24;427.07;412.93;476.76;441.29
7271;Barra do Jacaré;PR;Estadual;3;485.43;449.6;421.67;429.43;420.0;441.23
7272;Várzea do Poço;BA;Estadual;19;439.14;424.16;421.27;417.11;504.21;441.18
7273;Santana do Cariri;CE;Estadual;49;444.02;427.2;432.92;435.86;465.71;441.14
7274;Presidente Juscelino;MG;Estadual;2;477.8;481.5;398.45;437.4;410.0;441.03
7275;Piçarra;PA;Municipal;2;398.2;411.95;459.35;455.55;480.0;441.01
7276;Morrinhos;CE;Estadual;85;448.26;437.64;428.69;436.82;453.65;441.01
7277;Rubim;MG;Estadual;8;461.51;444.52;421.01;415.48;462.5;441.0
7278;Ipueiras;TO;Estadual;3;400.0;399.43;458.7;479.83;466.67;440.93
7279;Igarapé-Miri;PA;Municipal;16;434.09;439.07;407.89;445.92;477.5;440.9
7280;Teixeira;PB;Estadual;10;492.12;451.58;416.41;412.24;432.0;440.87
7281;Capoeiras;PE;Estadual;5;438.22;420.18;435.02;430.74;480.0;440.83
7282;Três Barras do Paraná;PR;Estadual;6;463.27;470.53;413.88;409.68;446.67;440.81
7283;Quatipuru;PA;Estadual;10;430.95;399.94;440.54;434.41;498.0;440.77
7284;Campo Limpo Paulista;SP;Municipal;1;485.5;448.1;470.5;439.7;360.0;440.76
7285;Andorinha;BA;Estadual;6;464.38;445.4;421.0;416.23;456.67;440.74
7286;Sucupira;TO;Estadual;3;440.87;448.43;398.63;475.77;440.0;440.74
7287;Peritoró;MA;Estadual;14;458.24;436.86;417.16;412.09;478.57;440.58
7288;Vale de São Domingos;MT;Estadual;5;435.06;434.12;420.66;428.94;484.0;440.56
7289;Juarez Távora;PB;Estadual;7;426.53;449.43;414.87;428.99;482.86;440.53
7290;Presidente Juscelino;MA;Estadual;11;434.35;428.65;437.86;415.98;485.45;440.46
7291;Colônia do Piauí;PI;Estadual;9;443.1;427.13;463.23;447.91;420.0;440.28
7292;Paraúna;GO;Estadual;8;463.5;437.38;458.29;449.48;392.5;440.23
7293;Porto Seguro;BA;Municipal;2;486.25;435.9;414.35;403.95;460.0;440.09
7294;Piquete;SP;Estadual;5;438.9;453.42;443.32;416.72;448.0;440.07
7295;Santa Cruz de Goiás;GO;Estadual;10;451.33;452.29;456.55;442.15;398.0;440.06
7296;Acará;PA;Municipal;16;447.03;438.43;428.47;419.99;466.25;440.03
7297;Pugmil;TO;Estadual;6;458.08;416.27;407.97;420.98;496.67;439.99
7298;Palestina do Pará;PA;Municipal;1;459.6;482.1;508.5;449.5;300.0;439.94
7299;Itaipava do Grajaú;MA;Municipal;1;490.6;467.9;410.8;510.3;320.0;439.92
7300;Catunda;CE;Estadual;39;454.71;431.97;423.68;438.99;450.26;439.92
7301;Tonantins;AM;Estadual;20;447.3;419.72;404.62;434.79;493.0;439.89
7302;Vila Nova dos Martírios;MA;Estadual;2;421.6;435.4;390.45;422.0;530.0;439.89
7303;Itacuruba;PE;Estadual;9;445.32;409.88;416.12;451.31;475.56;439.64
7304;Mirador;MA;Estadual;18;451.73;436.81;425.52;417.3;466.67;439.61
7305;Gentil;RS;Estadual;1;473.4;458.2;360.8;345.6;560.0;439.6
7306;Nova Roma;GO;Estadual;1;385.5;348.8;462.4;441.3;560.0;439.6
7307;Itamari;BA;Estadual;1;446.5;480.3;429.5;461.6;380.0;439.58
7308;Cabeceira Grande;MG;Estadual;10;456.73;424.43;424.94;449.56;442.0;439.53
7309;Irituia;PA;Estadual;26;437.88;431.53;420.39;409.89;497.69;439.48
7310;Riachão;PB;Estadual;9;471.84;461.44;415.84;425.9;422.22;439.45
7311;Bugre;MG;Estadual;2;462.2;387.15;396.0;501.6;450.0;439.39
7312;Tremembé;SP;Municipal;1;531.9;345.3;383.9;575.3;360.0;439.28
7313;Pedro do Rosário;MA;Estadual;6;454.53;449.93;390.48;394.6;506.67;439.24
7314;Biritinga;BA;Estadual;24;447.17;420.59;438.18;410.82;478.33;439.02
7315;Rio Maria;PA;Estadual;12;460.09;443.35;427.85;427.1;436.67;439.01
7316;Barra do Ouro;TO;Estadual;6;410.35;424.42;455.75;424.45;480.0;438.99
7317;Curralinhos;PI;Estadual;1;449.8;473.1;434.4;357.0;480.0;438.86
7318;Cambará do Sul;RS;Estadual;3;466.57;433.13;457.4;470.23;366.67;438.8
7319;Alcântara;MA;Estadual;17;439.04;431.11;433.05;409.55;481.18;438.78
7320;Coivaras;PI;Estadual;12;432.16;471.16;392.08;408.45;490.0;438.77
7321;Itaguaçu da Bahia;BA;Estadual;24;437.21;425.1;432.14;434.73;464.17;438.67
7322;Porangaba;SP;Estadual;4;404.75;397.22;423.0;418.35;550.0;438.66
7323;Guaribas;PI;Estadual;4;435.2;429.88;384.38;453.52;490.0;438.6
7324;Serra Grande;PB;Estadual;10;454.05;417.6;401.57;407.73;512.0;438.59
7325;Caracol;MS;Estadual;5;466.18;428.6;417.26;440.84;440.0;438.58
7326;Matões do Norte;MA;Estadual;7;453.49;441.99;410.13;398.31;488.57;438.5
7327;Colares;PA;Estadual;27;440.64;433.11;424.51;421.47;472.59;438.47
7328;Paratinga;BA;Municipal;7;423.91;438.19;421.41;419.84;488.57;438.39
7329;Pinheiro;MA;Municipal;1;412.0;406.9;434.7;378.3;560.0;438.38
7330;Antônio Almeida;PI;Estadual;4;449.85;421.18;447.2;458.45;415.0;438.34
7331;Uruçuí;PI;Estadual;26;448.75;418.42;421.75;438.12;464.62;438.33
7332;Ipecaetá;BA;Estadual;5;453.96;387.08;446.14;427.9;476.0;438.22
7333;Presidente Sarney;MA;Estadual;8;452.61;395.56;420.7;424.66;497.5;438.21
7334;São Luiz;RR;Estadual;5;438.8;410.24;400.46;417.38;524.0;438.18
7335;São Benedito do Sul;PE;Estadual;7;470.99;450.01;427.9;416.3;425.71;438.18
7336;Paulistas;MG;Estadual;2;454.2;456.65;436.95;402.8;440.0;438.12
7337;Bom Jesus do Tocantins;TO;Estadual;7;456.91;411.74;416.06;457.19;448.57;438.09
7338;Caçapava do Sul;RS;Municipal;1;487.3;412.4;505.6;505.1;280.0;438.08
7339;Santo Amaro;BA;Estadual;58;465.02;428.66;423.02;417.3;456.21;438.04
7340;Milton Brandão;PI;Estadual;7;460.93;416.04;404.47;454.34;454.29;438.01
7341;São José do Bonfim;PB;Estadual;5;470.52;421.2;389.26;420.66;488.0;437.93
7342;Pontes e Lacerda;MT;Municipal;1;417.0;373.8;453.4;465.2;480.0;437.88
7343;Vila Flor;RN;Estadual;1;513.4;553.0;490.6;412.3;220.0;437.86
7344;Petrolina de Goiás;GO;Estadual;2;423.4;456.65;405.95;473.25;430.0;437.85
7345;Anapu;PA;Municipal;1;526.0;474.9;471.6;396.6;320.0;437.82
7346;Brejões;BA;Estadual;7;449.36;448.14;437.99;427.63;425.71;437.77
7347;Estrela do Sul;MG;Estadual;16;472.66;445.12;408.96;451.95;410.0;437.74
7348;Silveiras;SP;Estadual;4;460.62;443.15;404.42;439.8;440.0;437.6
7349;Canápolis;MG;Estadual;2;447.4;415.4;405.05;410.0;510.0;437.57
7350;Jaborandi;BA;Estadual;12;458.57;439.71;441.62;440.78;406.67;437.47
7351;Laranjal do Jari;AP;Estadual;45;438.61;435.74;417.86;422.05;472.89;437.43
7352;Altair;SP;Estadual;1;466.1;439.7;429.6;371.7;480.0;437.42
7353;São Pedro dos Crentes;MA;Estadual;9;417.8;443.47;431.98;400.5;493.33;437.42
7354;Nova Ipixuna;PA;Municipal;4;493.75;430.98;410.52;451.62;400.0;437.38
7355;Palmeirais;PI;Estadual;9;459.79;411.68;439.98;472.11;402.22;437.16
7356;Matias Cardoso;MG;Estadual;3;465.3;416.8;427.13;369.77;506.67;437.13
7357;Jiquiriçá;BA;Estadual;15;429.27;414.11;443.56;415.78;482.67;437.08
7358;Sampaio;TO;Estadual;4;454.8;443.08;463.52;408.22;415.0;436.92
7359;São Sebastião do Uatumã;AM;Estadual;7;413.3;421.2;412.77;451.01;485.71;436.8
7360;Engenheiro Paulo de Frontin;RJ;Municipal;4;464.38;463.15;402.1;429.28;425.0;436.78
7361;Eldorado do Sul;RS;Municipal;1;372.0;458.1;375.2;438.5;540.0;436.76
7362;São Luís do Curu;CE;Estadual;45;450.16;424.5;426.98;423.69;458.22;436.71
7363;Governador Newton Bello;MA;Estadual;8;412.06;415.26;423.69;414.68;517.5;436.64
7364;Cândido Mota;SP;Municipal;1;402.5;405.9;377.5;597.2;400.0;436.62
7365;Domingos Martins;ES;Municipal;3;493.5;454.87;423.0;471.27;340.0;436.53
7366;São Gonçalo do Rio Preto;MG;Estadual;3;489.5;399.93;465.73;420.77;406.67;436.52
7367;Arraial;PI;Estadual;9;457.28;403.6;436.56;424.87;460.0;436.46
7368;Parnaguá;PI;Estadual;11;460.38;424.21;401.25;421.92;474.55;436.46
7369;Casa Nova;BA;Municipal;6;453.05;368.42;424.98;449.12;486.67;436.45
7370;Iaciara;GO;Estadual;33;454.2;429.04;413.33;445.57;440.0;436.43
7371;São José do Piauí;PI;Estadual;11;437.61;416.18;428.09;436.53;463.64;436.41
7372;Irituia;PA;Municipal;3;462.77;431.87;431.9;401.6;453.33;436.29
7373;Crisólita;MG;Estadual;4;465.15;445.12;385.22;430.62;455.0;436.22
7374;Novo Horizonte do Sul;MS;Estadual;6;426.23;462.18;388.32;434.2;470.0;436.19
7375;Pedro de Toledo;SP;Estadual;6;476.67;479.82;433.8;427.35;363.33;436.19
7376;Presidente Kennedy;TO;Estadual;6;427.43;394.63;428.85;443.03;486.67;436.12
7377;Crixás do Tocantins;TO;Estadual;6;441.12;398.67;404.83;452.5;483.33;436.09
7378;São Pedro do Piauí;PI;Estadual;28;440.11;447.66;419.5;424.21;448.57;436.01
7379;Junco do Maranhão;MA;Estadual;5;446.34;423.02;399.96;462.58;448.0;435.98
7380;Monção;MA;Estadual;16;440.51;424.84;418.28;432.42;463.75;435.96
7381;Santa Inês;BA;Estadual;3;437.17;396.4;430.13;381.6;533.33;435.73
7382;Nazarezinho;PB;Estadual;18;458.37;438.99;410.69;404.79;465.56;435.68
7383;Arroio do Tigre;RS;Privada;2;472.9;453.95;389.6;471.55;390.0;435.6
7384;Vila Boa;GO;Estadual;7;472.11;423.9;433.39;408.14;440.0;435.51
7385;Itaperuçu;PR;Estadual;4;477.2;459.22;436.95;399.1;405.0;435.5
7386;Cabeceiras do Piauí;PI;Estadual;12;445.54;439.65;416.98;454.98;420.0;435.43
7387;Presidente Dutra;BA;Estadual;12;436.58;439.52;414.79;412.73;473.33;435.39
7388;Santa Terezinha do Tocantins;TO;Estadual;3;447.93;437.33;475.03;376.37;440.0;435.33
7389;Aroeiras do Itaim;PI;Estadual;4;453.62;417.7;431.52;418.6;455.0;435.29
7390;Balneário Rincão;SC;Estadual;2;504.05;430.55;478.35;373.4;390.0;435.27
7391;Bonfim;RR;Estadual;8;457.58;405.36;441.45;419.28;452.5;435.23
7392;Canápolis;BA;Estadual;15;430.05;410.29;436.79;430.8;468.0;435.19
7393;Porto de Moz;PA;Municipal;4;439.92;396.1;427.25;442.5;470.0;435.16
7394;Passabém;MG;Estadual;4;468.9;396.6;434.55;449.0;425.0;434.81
7395;Camutanga;PE;Estadual;10;442.43;426.4;398.39;412.73;494.0;434.79
7396;Aldeias Altas;MA;Estadual;13;448.46;415.42;418.83;402.75;487.69;434.63
7397;Itaipava do Grajaú;MA;Estadual;6;423.2;438.57;432.22;428.72;450.0;434.54
7398;Corrente;PI;Estadual;26;442.96;425.07;433.24;418.38;453.08;434.54
7399;Eliseu Martins;PI;Estadual;10;454.55;439.73;419.62;412.56;446.0;434.49
7400;Alegrete do Piauí;PI;Estadual;7;464.2;424.66;432.59;413.13;437.14;434.34
7401;Tucano;BA;Municipal;1;399.2;389.6;399.7;382.9;600.0;434.28
7402;Pouso Novo;RS;Estadual;1;430.7;405.3;433.4;441.7;460.0;434.22
7403;Dois Riachos;AL;Estadual;6;435.7;444.67;430.95;402.98;456.67;434.19
7404;Benjamin Constant;AM;Estadual;21;412.33;429.99;421.28;418.72;488.57;434.18
7405;Uruana de Minas;MG;Estadual;1;410.2;468.0;383.5;329.0;580.0;434.14
7406;Gavião;BA;Estadual;3;425.23;440.0;411.67;447.1;446.67;434.13
7407;Serra Caiada;RN;Estadual;9;459.08;426.08;419.47;405.97;460.0;434.12
7408;Porteirão;GO;Estadual;2;457.85;460.45;424.45;426.95;400.0;433.94
7409;Itamarati;AM;Estadual;23;434.13;423.78;414.57;437.04;460.0;433.91
7410;Francisco Macedo;PI;Estadual;9;447.29;410.89;417.7;442.43;451.11;433.88
7411;Socorro do Piauí;PI;Estadual;7;404.27;431.97;428.34;426.69;477.14;433.68
7412;Olinda Nova do Maranhão;MA;Estadual;14;451.04;416.59;438.46;413.65;448.57;433.66
7413;Lago Verde;MA;Estadual;13;441.35;421.4;429.31;420.08;455.38;433.51
7414;Água Preta;PE;Estadual;14;449.19;435.37;430.75;433.55;418.57;433.49
7415;São Sebastião do Umbuzeiro;PB;Estadual;4;468.28;470.75;449.72;448.62;330.0;433.48
7416;Zabelê;PB;Estadual;3;491.27;433.03;397.13;399.17;446.67;433.45
7417;Riachão do Poço;PB;Estadual;11;439.37;424.91;456.69;420.25;425.45;433.33
7418;Alto Paraíso de Goiás;GO;Estadual;1;521.3;522.1;548.3;374.9;200.0;433.32
7419;Maturéia;PB;Estadual;4;437.98;433.55;437.35;427.55;430.0;433.28
7420;Bonito;PA;Estadual;28;428.57;409.39;428.6;419.86;480.0;433.28
7421;Inhacorá;RS;Estadual;3;476.47;451.5;394.93;396.73;446.67;433.26
7422;Laranjeiras;SE;Estadual;9;436.66;427.67;432.94;444.18;424.44;433.18
7423;Belmonte;BA;Estadual;6;445.18;439.47;420.25;404.18;456.67;433.15
7424;Porto Estrela;MT;Estadual;11;452.25;446.37;419.92;428.69;418.18;433.08
7425;Rurópolis;PA;Municipal;4;425.12;437.9;420.45;410.85;470.0;432.86
7426;Bertolínia;PI;Estadual;6;468.03;413.68;418.62;423.8;440.0;432.83
7427;São Benedito do Rio Preto;MA;Estadual;12;446.29;416.41;408.91;424.12;468.33;432.81
7428;Wanderlândia;TO;Municipal;1;476.9;388.1;392.4;426.3;480.0;432.74
7429;Arenópolis;GO;Estadual;1;440.5;337.0;482.1;483.9;420.0;432.7
7430;Ilha das Flores;SE;Estadual;2;477.05;448.65;403.05;364.7;470.0;432.69
7431;Sebastião Barros;PI;Estadual;8;443.85;416.3;429.59;415.9;457.5;432.63
7432;Eldorado do Carajás;PA;Municipal;8;445.11;408.21;417.56;427.15;465.0;432.61
7433;Palmeirante;TO;Estadual;3;467.4;438.7;378.73;410.57;466.67;432.41
7434;Nazaré do Piauí;PI;Estadual;5;382.32;401.52;452.88;425.18;500.0;432.38
7435;Itaguatins;TO;Estadual;8;454.18;430.44;409.04;418.19;450.0;432.37
7436;Viseu;PA;Municipal;5;445.04;464.68;425.86;402.16;424.0;432.35
7437;Congonhas do Norte;MG;Estadual;2;435.2;484.5;425.2;396.85;420.0;432.35
7438;Redenção da Serra;SP;Estadual;1;433.1;428.8;397.2;562.5;340.0;432.32
7439;São Pedro;RN;Estadual;4;462.55;453.6;408.95;406.3;430.0;432.28
7440;Gaúcha do Norte;MT;Estadual;4;396.68;440.88;421.0;417.72;485.0;432.26
7441;Nova Santa Rita;PI;Estadual;7;420.13;432.27;393.51;400.84;514.29;432.21
7442;Centro do Guilherme;MA;Estadual;2;420.5;432.8;404.2;423.45;480.0;432.19
7443;Divinópolis de Goiás;GO;Estadual;13;454.06;416.53;424.89;419.28;446.15;432.18
7444;Santaluz;BA;Municipal;1;374.9;391.6;416.8;437.6;540.0;432.18
7445;General Carneiro;MT;Estadual;3;476.93;392.1;400.6;410.9;480.0;432.11
7446;Cristina;MG;Municipal;1;453.6;387.2;395.7;363.0;560.0;431.9
7447;Paraibano;MA;Estadual;17;451.25;434.81;418.17;414.95;440.0;431.84
7448;Telha;SE;Estadual;9;414.16;426.9;409.66;434.72;473.33;431.75
7449;Uiramutã;RR;Estadual;1;481.9;404.4;475.7;416.3;380.0;431.66
7450;Pontal do Araguaia;MT;Estadual;2;462.9;431.7;386.15;357.5;520.0;431.65
7451;Viamão;RS;Municipal;1;425.3;358.0;390.8;503.8;480.0;431.58
7452;Bonfim do Piauí;PI;Estadual;9;451.37;430.88;419.81;420.3;435.56;431.58
7453;São Francisco do Maranhão;MA;Estadual;9;434.76;408.93;395.69;386.66;531.11;431.43
7454;Taipu;RN;Estadual;3;416.43;411.8;409.57;446.0;473.33;431.43
7455;Graça;CE;Estadual;48;438.97;427.28;415.9;445.76;428.75;431.33
7456;São Domingos;PB;Estadual;4;473.1;414.78;404.3;434.1;430.0;431.26
7457;Quadra;SP;Estadual;1;362.8;364.4;413.7;515.1;500.0;431.2
7458;Cristalândia do Piauí;PI;Estadual;6;429.6;433.43;431.6;384.37;476.67;431.13
7459;Bonfim;MG;Estadual;3;449.27;437.7;423.23;458.73;386.67;431.12
7460;Contendas do Sincorá;BA;Estadual;14;420.0;427.09;432.21;427.49;448.57;431.07
7461;Santo Antônio dos Lopes;MA;Estadual;8;464.65;418.0;441.56;428.61;402.5;431.06
7462;Glicério;SP;Estadual;1;544.5;404.8;392.9;453.0;360.0;431.04
7463;Israelândia;GO;Estadual;3;464.83;429.57;458.03;455.3;346.67;430.88
7464;Mansidão;BA;Estadual;16;448.29;415.34;416.22;430.75;443.75;430.87
7465;Jampruca;MG;Estadual;2;484.35;448.65;397.1;374.1;450.0;430.84
7466;Palminópolis;GO;Estadual;13;443.54;423.92;430.99;415.13;440.0;430.72
7467;Porto Alegre do Piauí;PI;Estadual;2;471.3;461.8;449.35;421.05;350.0;430.7
7468;Mansidão;BA;Municipal;1;408.1;475.4;366.4;462.8;440.0;430.54
7469;Santana do São Francisco;SE;Estadual;8;437.66;413.99;402.25;418.38;480.0;430.46
7470;Paranã;TO;Estadual;12;464.98;422.78;417.51;415.32;431.67;430.45
7471;Turilândia;MA;Estadual;4;408.3;378.88;432.65;422.42;510.0;430.45
7472;Mazagão;AP;Estadual;13;427.15;442.18;418.06;416.83;447.69;430.38
7473;Esperantina;TO;Estadual;17;440.31;429.75;430.06;410.49;441.18;430.36
7474;Denise;MT;Estadual;10;432.81;402.58;445.89;429.61;440.0;430.18
7475;Monte Alegre de Goiás;GO;Estadual;13;425.96;412.55;415.07;406.29;490.77;430.13
7476;Cajazeiras;PB;Municipal;1;406.1;417.7;483.8;482.3;360.0;429.98
7477;Jandaíra;BA;Estadual;3;402.27;414.6;391.6;414.63;526.67;429.95
7478;Lamarão;BA;Estadual;31;436.81;416.94;422.22;423.92;449.68;429.91
7479;Doutor Severiano;RN;Estadual;6;467.33;454.32;403.8;440.78;383.33;429.91
7480;Babaçulândia;TO;Estadual;17;410.44;412.02;425.82;438.38;462.35;429.8
7481;Mimoso de Goiás;GO;Estadual;1;477.2;496.5;381.8;353.4;440.0;429.78
7482;Ingazeira;PE;Estadual;12;461.43;423.93;398.02;431.86;433.33;429.72
7483;Boquira;BA;Privada;2;435.25;415.55;430.7;396.75;470.0;429.65
7484;Manaíra;PB;Estadual;7;450.81;421.49;407.6;396.83;471.43;429.63
7485;Mirangaba;BA;Municipal;1;428.9;417.0;421.7;480.4;400.0;429.6
7486;Amparo;PB;Estadual;3;461.23;435.6;406.3;397.9;446.67;429.54
7487;Altamira do Maranhão;MA;Estadual;2;376.3;381.55;400.35;438.75;550.0;429.39
7488;Amapá;AP;Estadual;12;431.64;413.38;422.17;416.19;463.33;429.34
7489;Barra de São Miguel;AL;Estadual;2;468.8;433.7;372.65;391.2;480.0;429.27
7490;Caiçara do Rio do Vento;RN;Estadual;2;447.35;425.3;385.7;447.7;440.0;429.21
7491;Santo Hipólito;MG;Estadual;1;547.9;440.1;395.5;402.1;360.0;429.12
7492;Nazaré;TO;Estadual;10;449.12;401.97;421.4;390.89;482.0;429.08
7493;Barro Preto;BA;Estadual;5;436.28;433.14;432.58;431.04;412.0;429.01
7494;São João da Paraúna;GO;Estadual;1;511.8;531.8;360.3;400.8;340.0;428.94
7495;Santa Rita do Tocantins;TO;Estadual;1;417.0;391.4;397.5;378.7;560.0;428.92
7496;Córrego Danta;MG;Estadual;1;440.4;450.6;388.9;424.6;440.0;428.9
7497;Uruçuca;BA;Estadual;10;466.26;413.75;446.83;443.01;374.0;428.77
7498;Moju;PA;Municipal;9;459.2;406.0;421.07;433.02;424.44;428.75
7499;Xinguara;PA;Municipal;1;522.3;459.1;549.5;392.7;220.0;428.72
7500;Tabatinga;AM;Municipal;2;453.25;432.35;416.0;441.55;400.0;428.63
7501;Dois Irmãos do Tocantins;TO;Estadual;4;465.1;440.85;422.28;379.45;435.0;428.54
7502;Brotas de Macaúbas;BA;Municipal;2;428.2;411.75;449.95;401.95;450.0;428.37
7503;Flores;PE;Municipal;1;518.3;409.7;437.5;456.1;320.0;428.32
7504;Simplício Mendes;PI;Estadual;31;437.0;416.77;415.3;429.26;443.23;428.31
7505;Boa Vista do Tupim;BA;Estadual;14;457.73;422.37;430.65;394.27;435.71;428.15
7506;Lavandeira;TO;Estadual;1;463.0;493.8;442.4;440.6;300.0;427.96
7507;Pitimbu;PB;Estadual;16;451.85;418.19;422.2;411.32;436.25;427.96
7508;Pauini;AM;Estadual;11;407.45;415.27;426.79;446.61;443.64;427.95
7509;Assunção;PB;Estadual;2;421.5;401.75;390.45;415.75;510.0;427.89
7510;Monte do Carmo;TO;Estadual;9;432.14;430.89;434.09;432.69;408.89;427.74
7511;Juruá;AM;Estadual;2;389.35;423.95;408.65;446.1;470.0;427.61
7512;Matias Olímpio;PI;Estadual;9;441.14;425.88;401.52;436.86;431.11;427.3
7513;Bragança;PA;Municipal;3;432.23;447.8;400.3;441.67;413.33;427.07
7514;Marumbi;PR;Estadual;2;484.9;475.15;431.15;454.15;290.0;427.07
7515;Cachoeira Dourada;GO;Estadual;3;471.43;364.0;388.97;455.2;453.33;426.59
7516;Altaneira;CE;Estadual;23;433.43;422.28;427.57;433.93;415.65;426.57
7517;Jangada;MT;Estadual;13;452.69;418.8;425.91;407.18;427.69;426.45
7518;Tomé-Açu;PA;Municipal;4;455.08;436.78;429.1;376.05;435.0;426.4
7519;Iuiu;BA;Estadual;14;418.47;415.64;402.43;430.66;464.29;426.3
7520;Sátiro Dias;BA;Estadual;5;459.38;429.86;443.24;462.62;336.0;426.22
7521;Prado Ferreira;PR;Estadual;2;460.4;502.5;445.15;372.8;350.0;426.17
7522;Lavrinhas;SP;Estadual;1;458.8;386.5;406.9;418.5;460.0;426.14
7523;Biritinga;BA;Privada;1;485.7;553.1;433.9;377.9;280.0;426.12
7524;Aratuípe;BA;Estadual;11;429.59;413.42;405.06;413.36;469.09;426.11
7525;Alvorada do Gurguéia;PI;Estadual;8;437.54;443.36;412.34;416.99;420.0;426.04
7526;Ribeirão do Largo;BA;Estadual;2;459.45;406.2;403.6;450.2;410.0;425.89
7527;Bom Princípio do Piauí;PI;Estadual;9;427.96;400.01;428.62;410.61;462.22;425.88
7528;Alto Parnaíba;MA;Estadual;9;441.01;424.56;420.88;420.59;422.22;425.85
7529;Taperoá;BA;Estadual;10;433.55;427.38;423.54;392.68;452.0;425.83
7530;Gaúcha do Norte;MT;Municipal;1;466.3;389.2;370.8;382.8;520.0;425.82
7531;Berizal;MG;Estadual;1;408.6;442.9;357.5;479.5;440.0;425.7
7532;Carinhanha;BA;Estadual;13;419.12;420.17;426.88;432.72;429.23;425.62
7533;Brejinho de Nazaré;TO;Estadual;8;418.81;439.21;397.3;424.99;447.5;425.56
7534;Sidrolândia;MS;Municipal;1;467.3;469.4;427.2;443.4;320.0;425.46
7535;Matrinchã;GO;Estadual;4;448.08;409.45;410.3;454.15;405.0;425.4
7536;São Vicente;RN;Estadual;1;423.8;503.4;351.9;347.6;500.0;425.34
7537;São Vicente Ferrer;MA;Estadual;20;417.76;419.45;426.86;388.64;474.0;425.34
7538;Lajedão;BA;Estadual;1;490.1;436.2;419.6;380.5;400.0;425.28
7539;Inajá;PR;Estadual;4;432.05;437.92;434.3;437.0;385.0;425.26
7540;Ponto dos Volantes;MG;Estadual;4;437.68;386.88;451.02;405.68;445.0;425.25
7541;Juti;MS;Estadual;5;442.8;422.72;434.6;469.22;356.0;425.07
7542;São Vicente do Seridó;PB;Municipal;2;413.4;373.0;396.55;381.95;560.0;424.98
7543;Miguel Leão;PI;Estadual;2;430.6;423.0;426.1;422.5;420.0;424.44
7544;Marcação;PB;Estadual;3;414.03;387.27;500.73;426.03;393.33;424.28
7545;Sítio do Quinto;BA;Estadual;11;422.35;413.52;391.57;415.7;478.18;424.27
7546;Dom Aquino;MT;Estadual;4;437.02;385.98;390.5;422.65;485.0;424.23
7547;Guaraíta;GO;Municipal;1;404.9;443.4;373.8;397.9;500.0;424.0
7548;Santa Rita;MA;Estadual;19;424.17;416.85;412.36;403.42;463.16;423.99
7549;Cravolândia;BA;Estadual;5;449.94;393.38;406.9;412.36;456.0;423.72
7550;Jacareacanga;PA;Estadual;2;445.85;464.95;393.8;363.65;450.0;423.65
7551;Lajeado Novo;MA;Estadual;17;437.21;410.33;405.56;412.26;451.76;423.43
7552;Aratiba;RS;Municipal;1;506.8;440.5;393.6;416.1;360.0;423.4
7553;Serra Nova Dourada;MT;Estadual;1;488.2;376.5;370.5;340.6;540.0;423.16
7554;Marabá Paulista;SP;Estadual;1;454.4;386.0;403.2;451.0;420.0;422.92
7555;Camacho;MG;Estadual;2;517.75;364.05;407.55;394.05;430.0;422.68
7556;Santa Cruz do Arari;PA;Estadual;3;422.37;390.03;387.63;405.73;506.67;422.49
7557;Sapucaia;PA;Estadual;7;418.21;399.09;423.71;402.87;468.57;422.49
7558;Caseara;TO;Estadual;5;410.22;434.68;380.42;389.08;496.0;422.08
7559;Cajueiro da Praia;PI;Municipal;1;397.0;379.7;352.9;400.7;580.0;422.06
7560;Flores de Goiás;GO;Estadual;11;432.24;420.54;418.0;385.98;452.73;421.9
7561;Cachoeirinha;TO;Estadual;1;376.7;364.6;356.6;411.2;600.0;421.82
7562;Ibiquera;BA;Estadual;5;447.14;408.74;423.9;388.3;440.0;421.62
7563;Ibirapuã;BA;Estadual;3;447.43;422.03;415.87;420.63;400.0;421.19
7564;Jaraguá do Sul;SC;Municipal;1;404.7;400.1;390.0;551.0;360.0;421.16
7565;Limoeiro do Ajuru;PA;Municipal;2;416.2;399.8;391.65;407.4;490.0;421.01
7566;Bannach;PA;Estadual;2;430.55;398.9;392.75;451.4;430.0;420.72
7567;Santa Fé do Araguaia;TO;Estadual;7;435.99;426.99;404.71;413.03;422.86;420.71
7568;Leópolis;PR;Estadual;1;423.9;341.0;400.3;358.1;580.0;420.66
7569;Anápolis;GO;Municipal;1;394.7;376.4;402.9;329.0;600.0;420.6
7570;Umirim;CE;Estadual;66;419.89;419.8;423.28;402.2;437.27;420.49
7571;Campos dos Goytacazes;RJ;Municipal;2;484.9;374.8;356.55;396.2;490.0;420.49
7572;Cachoeira;BA;Estadual;34;445.25;419.83;425.33;397.31;414.71;420.49
7573;São Francisco de Assis do Piauí;PI;Estadual;1;511.9;470.6;454.1;425.8;240.0;420.48
7574;Caraúbas;RN;Privada;1;398.1;355.7;453.8;374.5;520.0;420.42
7575;Ipanguaçu;RN;Municipal;1;382.8;356.0;429.6;473.1;460.0;420.3
7576;Progresso;RS;Estadual;3;469.33;420.1;409.17;401.07;400.0;419.93
7577;São Domingos;BA;Estadual;5;436.1;422.6;436.94;423.44;380.0;419.82
7578;Figueirão;MS;Estadual;1;455.0;445.8;446.6;450.0;300.0;419.48
7579;Cachoeira do Piriá;PA;Estadual;7;413.64;388.11;410.39;407.59;477.14;419.37
7580;Ponte Alta do Bom Jesus;TO;Estadual;4;407.3;385.98;416.12;412.38;475.0;419.36
7581;Jundiá;RN;Estadual;1;369.0;414.8;475.7;397.2;440.0;419.34
7582;Serrano do Maranhão;MA;Estadual;9;426.09;403.59;428.11;406.87;431.11;419.15
7583;Jardim Olinda;PR;Estadual;2;412.4;406.15;382.9;403.6;490.0;419.01
7584;Santa Filomena do Maranhão;MA;Estadual;2;453.9;390.0;387.85;452.25;410.0;418.8
7585;Cristais Paulista;SP;Estadual;2;461.45;435.75;426.95;388.3;380.0;418.49
7586;Jequiá da Praia;AL;Municipal;1;415.4;366.6;373.3;397.1;540.0;418.48
7587;Brejo Grande;SE;Estadual;19;427.33;419.74;421.61;405.93;416.84;418.29
7588;Monte Alegre do Piauí;PI;Estadual;8;424.0;405.81;391.12;424.99;445.0;418.18
7589;Passagem;PB;Estadual;2;431.9;360.6;400.25;446.9;450.0;417.93
7590;Itapitanga;BA;Estadual;3;408.9;435.63;374.9;396.6;473.33;417.87
7591;Pracuúba;AP;Estadual;7;427.96;449.79;420.27;441.79;348.57;417.67
7592;Urutaí;GO;Estadual;1;486.7;361.6;384.6;375.2;480.0;417.62
7593;Caetanos;BA;Estadual;8;415.69;439.09;431.18;418.98;380.0;416.98
7594;Santa Maria das Barreiras;PA;Estadual;6;427.08;435.15;407.78;387.0;426.67;416.74
7595;Rosário Oeste;MT;Municipal;1;493.5;407.3;375.5;346.9;460.0;416.64
7596;Maurilândia do Tocantins;TO;Estadual;15;409.01;408.86;400.65;402.97;461.33;416.57
7597;Tufilândia;MA;Estadual;4;457.78;474.7;404.7;394.38;350.0;416.31
7598;Miravânia;MG;Estadual;1;343.9;412.7;480.9;463.5;380.0;416.2
7599;Cajapió;MA;Estadual;9;407.99;425.32;393.58;429.66;422.22;415.75
7600;Riachinho;TO;Estadual;3;405.4;423.47;426.6;402.7;420.0;415.63
7601;São Francisco;SE;Estadual;3;399.8;368.67;394.67;447.37;466.67;415.43
7602;Abelardo Luz;SC;Federal;1;465.4;408.5;461.2;462.0;280.0;415.42
7603;Ouro Velho;PB;Estadual;2;477.4;419.55;400.15;389.8;390.0;415.38
7604;Anhanguera;GO;Estadual;1;467.1;476.6;401.2;391.8;340.0;415.34
7605;Pedro Laurentino;PI;Estadual;5;383.56;457.64;467.14;442.96;324.0;415.06
7606;Quixaba;PB;Estadual;2;402.25;402.2;357.85;412.85;500.0;415.03
7607;Belágua;MA;Estadual;4;460.3;396.58;429.32;388.78;400.0;415.0
7608;Rubelita;MG;Estadual;2;380.1;413.05;431.0;380.1;470.0;414.85
7609;Vitória;ES;Municipal;2;444.85;433.6;464.7;400.9;330.0;414.81
7610;Amapá do Maranhão;MA;Municipal;1;382.4;405.7;466.5;458.9;360.0;414.7
7611;Marapanim;PA;Municipal;3;437.43;405.57;363.87;445.67;420.0;414.51
7612;Monte do Carmo;TO;Municipal;1;353.1;482.8;353.1;383.5;500.0;414.5
7613;Viana;ES;Municipal;1;508.6;388.6;445.7;429.4;300.0;414.46
7614;Tabocão;TO;Estadual;4;416.82;431.75;395.62;402.75;425.0;414.39
7615;Morro do Pilar;MG;Estadual;1;427.0;339.2;534.3;331.2;440.0;414.34
7616;Senador Canedo;GO;Municipal;1;517.9;423.4;379.6;430.0;320.0;414.18
7617;Alenquer;PA;Municipal;5;467.42;409.98;404.58;378.74;408.0;413.74
7618;Taciba;SP;Estadual;3;451.77;415.3;400.63;407.63;393.33;413.73
7619;Monte Alegre;PA;Municipal;1;368.0;352.5;418.2;489.4;440.0;413.62
7620;Barras;PI;Municipal;3;445.63;442.9;447.37;365.27;366.67;413.57
7621;Pau D'Arco do Piauí;PI;Estadual;10;406.79;418.8;404.54;419.31;418.0;413.49
7622;Nova Aurora;GO;Estadual;1;430.4;384.7;394.1;517.9;340.0;413.42
7623;Central do Maranhão;MA;Estadual;4;411.7;381.62;440.25;388.02;445.0;413.32
7624;Icatu;MA;Municipal;1;431.2;375.2;389.4;350.7;520.0;413.3
7625;Amaralina;GO;Estadual;2;360.9;414.6;407.4;413.0;470.0;413.18
7626;Lagoa do Mato;MA;Estadual;13;429.22;415.01;415.66;411.87;390.77;412.51
7627;Luciara;MT;Estadual;1;388.6;383.8;373.7;376.1;540.0;412.44
7628;Riacho Frio;PI;Estadual;7;412.07;460.96;415.54;398.09;374.29;412.19
7629;Tonantins;AM;Municipal;1;422.9;376.3;392.0;448.7;420.0;411.98
7630;Carinhanha;BA;Municipal;1;350.3;362.3;435.1;391.9;520.0;411.92
7631;Jaboatão dos Guararapes;PE;Municipal;1;436.0;401.2;344.6;377.6;500.0;411.88
7632;Indiavaí;MT;Estadual;1;468.8;368.0;397.0;445.4;380.0;411.84
7633;Itapuí;SP;Estadual;2;486.35;416.4;441.9;384.35;330.0;411.8
7634;Balsas;MA;Municipal;2;367.15;391.85;428.0;371.35;500.0;411.67
7635;Júlio Borges;PI;Municipal;1;469.5;454.3;427.5;427.0;280.0;411.66
7636;Madeiro;PI;Estadual;3;394.53;440.23;391.8;383.03;446.67;411.25
7637;Vista Serrana;PB;Estadual;4;455.08;406.2;416.0;422.88;355.0;411.03
7638;Oriximiná;PA;Municipal;1;452.3;423.5;425.9;353.0;400.0;410.94
7639;Macaubal;SP;Estadual;3;362.4;375.8;426.53;460.33;426.67;410.35
7640;Duque Bacelar;MA;Estadual;10;417.03;416.95;414.28;439.45;364.0;410.34
7641;Trabiju;SP;Municipal;1;452.4;399.7;411.1;428.2;360.0;410.28
7642;Riachuelo;SE;Estadual;12;438.54;412.62;405.29;397.58;396.67;410.14
7643;Santo Antônio da Alegria;SP;Estadual;2;453.1;427.75;396.2;413.55;360.0;410.12
7644;Santana dos Montes;MG;Estadual;1;339.0;371.8;405.2;354.5;580.0;410.1
7645;Serra Azul de Minas;MG;Estadual;1;403.7;469.5;401.8;334.2;440.0;409.84
7646;Pinhais;PR;Municipal;3;450.47;435.97;390.93;424.63;346.67;409.73
7647;Riachão do Bacamarte;PB;Estadual;9;401.83;402.39;405.42;416.74;422.22;409.72
7648;Curral Novo do Piauí;PI;Estadual;1;413.4;437.0;455.5;382.4;360.0;409.66
7649;Lagoa Santa;GO;Estadual;4;463.82;423.35;443.3;406.82;310.0;409.46
7650;Aramari;BA;Municipal;1;333.1;473.1;396.7;384.1;460.0;409.4
7651;Currais;PI;Estadual;3;445.13;449.37;411.87;391.47;346.67;408.9
7652;Dom Joaquim;MG;Estadual;1;421.3;334.4;340.2;407.7;540.0;408.72
7653;Guarinos;GO;Estadual;1;493.4;375.2;416.4;478.3;280.0;408.66
7654;Feira Nova do Maranhão;MA;Estadual;4;408.08;420.08;392.4;401.25;420.0;408.36
7655;São Francisco do Piauí;PI;Municipal;2;424.55;446.1;399.45;351.5;420.0;408.32
7656;Nova Guarita;MT;Estadual;2;481.7;398.45;437.7;391.6;330.0;407.89
7657;Adelândia;GO;Estadual;1;420.1;390.2;394.3;373.5;460.0;407.62
7658;Horizonte;CE;Municipal;1;438.3;368.7;386.0;382.2;460.0;407.04
7659;Matos Costa;SC;Estadual;2;387.1;399.05;498.8;370.05;380.0;407.0
7660;Itapiratins;TO;Estadual;11;419.23;398.74;413.65;426.35;376.36;406.87
7661;São João de Iracema;SP;Estadual;1;431.7;386.1;393.0;361.3;460.0;406.42
7662;Tutóia;MA;Municipal;3;357.23;375.9;441.43;416.8;440.0;406.27
7663;Jesúpolis;GO;Estadual;3;393.73;400.07;401.3;420.53;413.33;405.79
7664;Deodápolis;MS;Municipal;1;414.6;435.2;404.4;434.7;340.0;405.78
7665;Sítio do Mato;BA;Estadual;12;427.15;402.27;418.43;418.04;361.67;405.51
7666;Frei Martinho;PB;Estadual;1;455.8;349.0;400.7;501.5;320.0;405.4
7667;Porto do Mangue;RN;Estadual;3;419.63;385.73;376.57;404.47;440.0;405.28
7668;Seropédica;RJ;Municipal;1;454.6;466.4;374.6;409.4;320.0;405.0
7669;Bacurituba;MA;Estadual;10;412.61;433.61;426.51;383.37;366.0;404.42
7670;Filadélfia;TO;Estadual;3;411.0;386.97;445.1;384.33;393.33;404.15
7671;Miracema;RJ;Municipal;1;448.3;416.9;386.0;369.1;400.0;404.06
7672;Formosa do Rio Preto;BA;Municipal;2;407.55;365.55;361.9;375.25;510.0;404.05
7673;Ribeirão Cascalheira;MT;Estadual;2;446.05;481.5;440.7;359.85;290.0;403.62
7674;Cerro Negro;SC;Estadual;1;388.1;370.9;500.7;395.0;360.0;402.94
7675;Caatiba;BA;Estadual;1;441.9;413.0;453.6;340.4;360.0;401.78
7676;Sena Madureira;AC;Municipal;1;351.6;491.1;482.0;441.9;240.0;401.32
7677;Aveiro;PA;Estadual;1;370.4;339.8;429.8;445.6;420.0;401.12
7678;Parintins;AM;Municipal;1;349.8;380.7;486.9;385.3;400.0;400.54
7679;Itapura;SP;Estadual;1;372.3;358.3;406.8;442.6;420.0;400.0
7680;Iramaia;BA;Estadual;3;381.13;377.23;449.4;392.1;400.0;399.97
7681;Sigefredo Pacheco;PI;Estadual;3;426.53;441.1;401.93;403.43;326.67;399.93
7682;Riachão;MA;Municipal;1;403.9;474.2;373.8;404.3;340.0;399.24
7683;Feira de Santana;BA;Municipal;1;449.9;337.6;399.2;428.1;380.0;398.96
7684;São João do Araguaia;PA;Estadual;2;405.7;344.2;387.9;426.1;430.0;398.78
7685;São José dos Cordeiros;PB;Municipal;1;482.2;408.5;406.1;337.1;360.0;398.78
7686;Benjamin Constant;AM;Municipal;1;386.0;463.6;329.6;453.9;360.0;398.62
7687;Nova Iorque;MA;Estadual;2;456.55;425.6;406.8;377.55;320.0;397.3
7688;Joca Marques;PI;Estadual;2;359.1;433.3;394.6;407.05;390.0;396.81
7689;Tupiratins;TO;Estadual;2;449.95;446.5;419.3;357.4;310.0;396.63
7690;Água Branca;PI;Municipal;1;489.5;409.1;455.9;348.5;280.0;396.6
7691;Santa Maria do Tocantins;TO;Estadual;3;399.27;406.2;437.7;392.8;346.67;396.53
7692;Benjamin Constant do Sul;RS;Municipal;1;350.2;403.5;415.3;373.6;440.0;396.52
7693;Fazenda Rio Grande;PR;Municipal;1;487.8;350.4;346.2;376.4;420.0;396.16
7694;Varginha;MG;Municipal;1;446.5;437.0;418.8;458.3;220.0;396.12
7695;São Félix do Tocantins;TO;Estadual;3;392.07;381.6;383.77;396.0;426.67;396.02
7696;Itaiópolis;SC;Municipal;1;372.9;425.6;457.2;442.2;280.0;395.58
7697;Marajá do Sena;MA;Estadual;4;398.0;407.82;444.35;431.25;295.0;395.28
7698;Floresta do Araguaia;PA;Municipal;2;428.6;373.6;410.5;444.95;310.0;393.53
7699;Açailândia;MA;Municipal;1;500.6;420.2;424.0;360.3;260.0;393.02
7700;Cariri do Tocantins;TO;Estadual;1;408.5;377.0;414.0;464.9;300.0;392.88
7701;Ouro Preto;MG;Municipal;1;336.6;467.2;479.9;380.6;300.0;392.86
7702;Floriano;PI;Municipal;2;461.4;381.05;361.25;369.25;390.0;392.59
7703;Ladário;MS;Municipal;1;394.7;400.4;349.0;416.7;400.0;392.16
7704;Diadema;SP;Municipal;1;512.0;380.0;398.5;369.2;300.0;391.94
7705;Ararendá;CE;Municipal;1;373.4;421.7;345.7;378.6;440.0;391.88
7706;Prainha;PA;Municipal;5;410.04;411.72;398.14;381.7;356.0;391.52
7707;Sucupira do Riachão;MA;Estadual;4;414.38;410.35;392.22;398.12;340.0;391.02
7708;João Costa;PI;Estadual;2;400.85;397.65;462.9;402.0;290.0;390.68
7709;Itaubal;AP;Estadual;1;361.8;373.7;388.5;445.8;380.0;389.96
7710;Pinheiral;RJ;Municipal;1;376.9;386.6;360.7;378.2;440.0;388.48
7711;Alto Alegre do Maranhão;MA;Privada;1;438.6;402.8;398.3;337.9;360.0;387.52
7712;Carrasco Bonito;TO;Estadual;2;460.05;391.3;400.9;383.35;300.0;387.12
7713;Amorinópolis;GO;Estadual;2;356.15;401.2;414.85;413.2;350.0;387.08
7714;Ibiracatu;MG;Estadual;4;355.82;407.85;398.52;437.6;335.0;386.96
7715;Ponta Porã;MS;Municipal;1;441.1;445.5;364.5;390.8;280.0;384.38
7716;Alfenas;MG;Municipal;1;456.1;361.6;346.9;456.0;300.0;384.12
7717;São João da Varjota;PI;Estadual;3;446.57;393.0;361.83;402.37;313.33;383.42
7718;Pão de Açúcar;AL;Privada;1;411.8;353.5;441.1;390.2;320.0;383.32
7719;São Pedro da Água Branca;MA;Estadual;2;368.6;399.0;439.95;377.35;330.0;382.98
7720;Iraquara;BA;Municipal;1;336.8;420.0;367.0;329.4;460.0;382.64
7721;São João das Missões;MG;Municipal;1;417.6;390.0;383.9;400.3;320.0;382.36
7722;Santana de Pirapama;MG;Estadual;3;426.23;392.63;376.87;381.57;326.67;380.79
7723;Várzea Grande;MT;Municipal;1;346.8;393.3;413.5;330.2;420.0;380.76
7724;Milagres do Maranhão;MA;Estadual;1;399.2;390.7;357.2;396.7;360.0;380.76
7725;Caravelas;BA;Municipal;1;415.9;465.8;390.9;363.0;260.0;379.12
7726;Pilão Arcado;BA;Municipal;1;321.2;415.5;460.1;356.3;340.0;378.62
7727;Rio Branco do Ivaí;PR;Estadual;1;410.0;459.7;376.9;382.6;260.0;377.84
7728;Marilena;PR;Municipal;1;317.9;409.5;431.0;450.7;280.0;377.82
7729;Santa Izabel do Pará;PA;Municipal;2;369.95;387.0;407.75;374.25;350.0;377.79
7730;Formosa da Serra Negra;MA;Municipal;1;375.3;421.1;397.0;371.9;320.0;377.06
7731;Tapauá;AM;Municipal;1;378.9;398.8;328.7;458.5;320.0;376.98
7732;Goiatins;TO;Estadual;7;409.09;396.83;414.86;391.94;271.43;376.83
7733;Cruzeiro do Sul;AC;Municipal;1;325.8;382.5;411.2;418.5;340.0;375.6
7734;Nova Iorque;MA;Municipal;1;410.0;434.5;397.9;413.3;220.0;375.14
7735;São Salvador do Tocantins;TO;Privada;1;408.0;372.2;402.4;410.3;280.0;374.58
7736;Pedras Altas;RS;Estadual;1;432.5;351.0;441.4;367.3;280.0;374.44
7737;Brasilândia do Tocantins;TO;Estadual;2;405.2;447.2;409.9;355.05;250.0;373.47
7738;Socorro do Piauí;PI;Municipal;1;392.5;339.2;381.7;384.2;360.0;371.52
7739;Amambai;MS;Municipal;1;344.2;406.7;435.0;349.0;320.0;370.98
7740;Tarrafas;CE;Municipal;1;317.7;350.9;456.4;422.6;300.0;369.52
7741;Ariquemes;RO;Municipal;1;360.4;417.4;510.6;336.6;220.0;369.0
7742;Candeal;BA;Estadual;1;349.8;383.3;391.0;368.1;340.0;366.44
7743;Bayeux;PB;Municipal;1;423.4;369.3;377.4;399.6;260.0;365.94
7744;Nova Itarana;BA;Estadual;2;442.55;366.25;422.9;377.4;220.0;365.82
7745;Recife;PE;Municipal;1;353.2;363.6;433.4;376.8;300.0;365.4
7746;Caraíbas;BA;Estadual;1;361.7;334.8;424.3;379.4;320.0;364.04
7747;Bonito;PE;Municipal;1;359.5;355.0;456.7;327.7;320.0;363.78
7748;Aratuba;CE;Municipal;1;418.8;345.9;375.4;350.6;320.0;362.14
7749;Bom Jesus das Selvas;MA;Municipal;1;384.8;365.1;386.2;356.5;280.0;354.52
7750;Vilhena;RO;Municipal;1;370.1;402.1;460.6;363.8;160.0;351.32
7751;Pastos Bons;MA;Municipal;2;353.9;368.2;404.05;389.65;240.0;351.16
7752;Juazeiro;BA;Municipal;1;408.2;338.3;368.1;357.9;260.0;346.5
7753;Araguaína;TO;Municipal;1;416.7;346.5;408.5;355.0;200.0;345.34
7754;São João da Varjota;PI;Municipal;1;333.4;378.9;383.8;401.1;180.0;335.44
7755;Caldas Novas;GO;Municipal;1;387.5;393.0;357.2;334.3;180.0;330.4
