POSICAO;NO_MUNICIPIO_ESC;SG_UF_ESC;DEPENDENCIA;LOCALIZACAO;ALUNOS;LC;CH;CN;MT;RD;MEDIA
1;VICOSA;MG;Federal;Urbana;159;619.72;696.47;675.43;777.83;816.51;717.19
2;ANGRA DOS REIS;RJ;Federal;Urbana;55;602.75;675.31;643.47;787.44;673.45;676.48
3;SAO PAULO;SP;Federal;Urbana;225;617.15;669.29;650.13;756.03;683.47;675.21
4;VITORIA;ES;Federal;Urbana;121;609.56;659.12;650.67;767.53;668.1;671.0
5;CRATEUS;CE;Federal;Urbana;1;654.0;613.8;645.3;739.9;680.0;666.6
6;TIMOTEO;MG;Federal;Urbana;75;604.68;661.14;634.05;733.06;696.27;665.84
7;BELO HORIZONTE;MG;Federal;Urbana;823;607.91;663.18;631.96;714.94;705.0;664.6
8;DIVINOPOLIS;MG;Federal;Urbana;98;605.74;661.05;618.88;711.22;722.04;663.79
9;COLATINA;ES;Federal;Urbana;110;607.07;662.64;618.77;713.84;691.64;658.79
10;CARIACICA;ES;Federal;Urbana;63;607.24;656.39;622.25;719.04;678.41;656.67
11;NITEROI;RJ;Federal;Urbana;201;589.59;648.51;620.71;678.73;739.3;655.37
12;NOVA PRATA;RS;Privada;Urbana;12;600.94;642.66;600.49;707.76;723.33;655.04
13;CASSIA;MG;Privada;Urbana;27;595.95;642.37;625.29;691.31;716.3;654.24
14;BADY BASSITT;SP;Privada;Urbana;16;592.28;656.37;595.99;692.36;732.5;653.9
15;CURITIBA;PR;Federal;Urbana;550;607.45;649.67;616.49;697.51;697.84;653.79
16;SANTA BARBARA;BA;Privada;Urbana;4;609.78;635.92;596.2;675.6;750.0;653.5
17;UBA;MG;Privada;Urbana;175;593.61;646.43;610.88;677.42;734.74;652.61
18;PASSA QUATRO;MG;Municipal;Urbana;1;618.5;635.4;619.7;747.7;640.0;652.26
19;DORES DE CAMPOS;MG;Privada;Urbana;5;612.14;643.08;589.74;646.42;756.0;649.48
20;VALINHOS;SP;Privada;Urbana;508;599.64;645.42;616.39;674.21;696.96;646.52
21;SABINOPOLIS;MG;Privada;Urbana;18;589.58;638.43;599.58;659.92;744.44;646.39
22;SAO CRISTOVAO;SE;Federal;Urbana;58;583.97;656.27;597.59;659.53;730.69;645.61
23;VOLTA REDONDA;RJ;Federal;Urbana;53;593.81;648.43;611.39;700.27;672.45;645.27
24;PATO BRANCO;PR;Federal;Urbana;26;605.2;650.7;595.37;675.46;696.92;644.73
25;CABO FRIO;RJ;Federal;Rural;50;607.03;658.51;605.96;668.17;678.0;643.54
26;MONTE SANTO DE MINAS;MG;Privada;Urbana;10;589.85;625.35;581.42;630.18;790.0;643.36
27;MAIRINQUE;SP;Privada;Urbana;10;613.81;654.42;618.66;664.07;664.0;642.99
28;CACHOEIRO DE ITAPEMIRIM;ES;Federal;Rural;56;594.43;645.04;619.2;673.6;681.07;642.67
29;CONTAGEM;MG;Federal;Urbana;74;599.85;650.06;616.08;645.14;700.81;642.39
30;FELIZ;RS;Federal;Rural;14;595.01;634.75;596.84;650.86;734.29;642.35
31;VARGINHA;MG;Federal;Urbana;90;585.38;649.23;592.96;656.36;727.33;642.25
32;BARBACENA;MG;Federal;Urbana;315;596.68;641.32;601.88;712.92;655.17;641.59
33;MEDIANEIRA;PR;Federal;Urbana;66;597.47;644.33;610.09;669.48;685.15;641.3
34;POMERODE;SC;Privada;Urbana;33;592.08;643.04;608.92;690.15;664.85;639.81
35;PACAJUS;CE;Privada;Urbana;60;589.44;629.83;583.92;630.28;762.67;639.23
36;CONGONHAS;MG;Federal;Urbana;68;586.88;639.07;597.5;681.34;690.59;639.08
37;DUQUE DE CAXIAS;RJ;Federal;Urbana;192;583.32;640.41;594.24;658.51;714.58;638.21
38;RIO DE JANEIRO;RJ;Federal;Urbana;2325;593.1;644.23;595.95;657.89;699.55;638.14
39;NOVA IGUACU;RJ;Federal;Urbana;112;597.76;641.75;590.21;652.95;707.5;638.04
40;SANTA MARIA;RS;Federal;Urbana;204;599.1;643.49;607.5;672.74;663.73;637.31
41;NILOPOLIS;RJ;Federal;Urbana;124;586.42;630.81;618.25;665.71;679.35;636.11
42;JUNQUEIROPOLIS;SP;Privada;Urbana;21;581.9;628.68;589.44;668.58;711.43;636.0
43;CUBATAO;SP;Federal;Urbana;94;593.53;635.44;599.68;671.84;678.7;635.84
44;RECIFE;PE;Federal;Urbana;472;589.0;635.37;592.92;663.24;694.77;635.06
45;LORENA;SP;Estadual;Rural;36;578.4;620.75;598.68;675.55;698.33;634.34
46;DIAMANTINA;MG;Privada;Urbana;56;585.35;631.6;593.07;652.28;707.5;633.96
47;IPATINGA;MG;Privada;Urbana;559;579.39;635.22;599.38;656.36;698.25;633.72
48;ARROIO DO MEIO;RS;Privada;Urbana;17;585.56;629.9;597.18;658.45;694.12;633.04
49;POCO FUNDO;MG;Privada;Urbana;8;576.5;636.01;583.54;591.0;777.5;632.91
50;RIO GRANDE;RS;Federal;Urbana;102;570.45;618.26;577.14;656.4;738.43;632.14
51;SAO MATEUS;ES;Federal;Urbana;60;590.42;642.63;589.18;669.14;669.33;632.14
52;BRAGANCA PAULISTA;SP;Privada;Rural;25;591.9;643.47;590.66;634.1;698.4;631.71
53;SAO ROQUE DE MINAS;MG;Privada;Urbana;7;571.81;629.14;617.91;647.76;691.43;631.61
54;SALVADOR;BA;Federal;Urbana;318;592.05;643.5;598.98;642.49;680.82;631.57
55;ERVALIA;MG;Privada;Urbana;8;574.83;654.08;599.15;661.81;665.0;630.97
56;CORNELIO PROCOPIO;PR;Federal;Urbana;58;585.27;631.51;595.73;675.92;664.83;630.65
57;ARACRUZ;ES;Federal;Urbana;105;585.17;638.5;605.69;676.55;647.05;630.59
58;CURVELO;MG;Federal;Urbana;56;587.12;633.74;603.0;676.92;650.71;630.3
59;TIMOTEO;MG;Privada;Urbana;144;580.6;637.04;590.15;638.28;698.89;628.99
60;NATAL;RN;Federal;Urbana;373;590.37;635.68;585.23;651.06;681.88;628.84
61;GUAXUPE;MG;Privada;Urbana;93;585.31;636.87;601.65;632.87;686.96;628.73
62;AREADO;MG;Privada;Urbana;28;590.06;633.46;606.16;609.97;703.57;628.64
63;CAETE;MG;Privada;Urbana;24;598.5;636.93;615.81;647.95;643.33;628.51
64;CAUCAIA;CE;Federal;Urbana;1;624.0;684.7;631.4;599.8;600.0;627.98
65;BELO HORIZONTE;MG;Privada;Urbana;6426;588.99;635.33;594.68;648.13;672.66;627.96
66;NOVA VENECIA;ES;Federal;Urbana;52;588.03;634.81;588.37;687.71;640.0;627.78
67;GUARAPARI;ES;Federal;Urbana;71;596.42;634.58;594.12;653.51;659.15;627.56
68;FORTALEZA;CE;Federal;Urbana;305;588.27;634.06;585.32;638.56;691.48;627.54
69;NOVA LIMA;MG;Privada;Urbana;173;589.76;636.78;591.69;638.92;679.08;627.24
70;JUIZ DE FORA;MG;Federal;Urbana;340;583.31;636.48;594.18;651.77;670.47;627.24
71;ITAPIRANGA;SC;Privada;Urbana;19;566.39;608.77;603.25;638.76;718.95;627.22
72;PONTA GROSSA;PR;Federal;Urbana;65;605.36;642.97;597.42;657.69;631.69;627.03
73;CAMPO GRANDE;MS;Federal;Urbana;187;580.14;625.62;590.94;643.81;694.44;626.99
74;JUIZ DE FORA;MG;Privada;Urbana;1514;583.65;634.47;585.87;636.86;693.77;626.93
75;RAUL SOARES;MG;Privada;Urbana;25;568.79;625.94;573.86;649.62;716.0;626.84
76;MACAE;RJ;Federal;Urbana;106;586.89;637.74;596.34;651.71;660.19;626.57
77;ARAXA;MG;Federal;Urbana;76;575.36;622.9;580.9;656.22;696.58;626.39
78;VARGINHA;MG;Privada;Urbana;310;585.14;631.18;582.09;631.12;701.98;626.3
79;SETE LAGOAS;MG;Privada;Urbana;429;585.44;630.17;582.79;627.67;704.9;626.19
80;ARACUAI;MG;Privada;Urbana;11;585.09;653.6;570.6;657.13;663.64;626.01
81;ITANHANDU;MG;Privada;Urbana;21;594.24;651.55;597.26;615.99;670.48;625.9
82;SEROPEDICA;RJ;Federal;Urbana;151;601.82;638.09;584.71;614.28;689.93;625.77
83;VERA CRUZ;BA;Privada;Urbana;4;589.98;640.3;568.67;559.9;770.0;625.77
84;CAMACARI;BA;Federal;Urbana;23;604.76;643.23;578.96;597.39;703.48;625.56
85;VITORIA;ES;Privada;Urbana;1588;590.16;636.23;597.06;651.46;651.22;625.23
86;PATY DO ALFERES;RJ;Privada;Urbana;12;614.82;633.71;577.28;592.62;706.67;625.02
87;VENDA NOVA DO IMIGRANTE;ES;Privada;Urbana;11;583.39;640.13;608.65;641.81;647.27;624.25
88;JUAZEIRO DO NORTE;CE;Federal;Urbana;45;574.52;632.18;584.5;636.26;691.11;623.71
89;DIVINOPOLIS;MG;Privada;Urbana;294;579.71;632.57;583.03;647.4;675.44;623.63
90;LINHARES;ES;Federal;Urbana;90;581.96;635.05;589.93;654.69;654.67;623.26
91;TRES DE MAIO;RS;Privada;Urbana;36;583.16;636.07;589.54;627.99;679.44;623.24
92;BAMBUI;MG;Privada;Urbana;29;574.67;643.0;596.61;627.77;673.79;623.17
93;AGUAS DE LINDOIA;SP;Privada;Urbana;12;583.38;643.07;545.66;606.82;736.67;623.12
94;SACRAMENTO;MG;Privada;Urbana;23;573.43;640.61;593.08;624.13;683.48;622.95
95;HOLAMBRA;SP;Privada;Urbana;47;573.02;626.41;594.31;652.21;667.23;622.64
96;GOVERNADOR VALADARES;MG;Federal;Urbana;72;575.42;638.72;581.7;638.62;676.11;622.11
97;CAMPO MOURAO;PR;Federal;Urbana;34;588.85;641.69;591.33;645.31;642.35;621.9
98;SANTA CRUZ DAS PALMEIRAS;SP;Privada;Urbana;50;582.85;620.83;606.22;651.3;647.6;621.76
99;CAMAQUA;RS;Federal;Urbana;58;584.08;632.84;582.79;602.08;706.9;621.74
100;ITABIRA;MG;Privada;Urbana;133;575.74;627.62;583.72;638.26;682.26;621.52
101;SAO JOAO DEL REI;MG;Privada;Urbana;283;572.55;622.37;570.99;626.57;715.12;621.52
102;PEDRO LEOPOLDO;MG;Privada;Urbana;108;585.93;629.32;586.87;630.41;670.56;620.62
103;ITABIRITO;MG;Privada;Urbana;22;574.19;626.17;574.84;634.13;693.64;620.59
104;JOINVILLE;SC;Federal;Urbana;39;595.37;627.54;583.0;650.33;645.64;620.38
105;NOVO MACHADO;RS;Municipal;Rural;1;560.6;617.9;588.5;674.7;660.0;620.34
106;FLORESTAL;MG;Federal;Rural;45;579.96;635.67;594.92;634.65;653.78;619.8
107;ARRAIAL DO CABO;RJ;Federal;Urbana;22;578.32;630.71;568.05;626.19;693.64;619.38
108;PARANAPANEMA;SP;Privada;Urbana;13;578.92;645.82;605.77;613.47;652.31;619.26
109;SANTO ANTONIO DE PADUA;RJ;Privada;Urbana;36;577.51;632.43;575.25;639.35;671.67;619.24
110;POUSO ALEGRE;MG;Privada;Urbana;329;584.69;627.06;588.39;629.54;664.68;618.87
111;VALENCA;RJ;Privada;Urbana;58;585.16;631.59;578.7;631.55;667.24;618.85
112;UBERLANDIA;MG;Privada;Urbana;1236;580.69;627.44;583.69;615.51;686.35;618.74
113;FORMIGA;MG;Privada;Urbana;119;576.91;632.56;592.68;636.45;650.42;617.8
114;BARUERI;SP;Privada;Urbana;220;592.34;626.78;593.35;654.33;621.45;617.65
115;GUANHAES;MG;Privada;Urbana;32;586.99;626.76;578.23;624.3;671.25;617.5
116;TERRA RICA;PR;Privada;Urbana;12;595.98;612.48;557.78;619.26;701.67;617.43
117;POCOS DE CALDAS;MG;Privada;Urbana;333;582.39;625.39;584.18;633.16;661.12;617.25
118;PARACATU;MG;Municipal;Rural;1;591.7;608.6;523.9;580.6;780.0;616.96
119;UBERABA;MG;Federal;Urbana;78;584.36;631.09;575.73;618.14;674.36;616.74
120;SAO JOSE DO RIO PARDO;SP;Privada;Urbana;95;587.37;625.12;591.29;629.19;650.74;616.74
121;LAGOA SANTA;MG;Privada;Urbana;64;592.6;645.75;592.38;630.22;622.03;616.59
122;DORES DO INDAIA;MG;Privada;Urbana;10;583.09;623.59;611.2;614.54;650.0;616.48
123;CAMPINA GRANDE DO SUL;PR;Privada;Urbana;2;541.15;617.6;599.55;652.45;670.0;616.15
124;PATOS DE MINAS;MG;Privada;Urbana;280;579.25;619.17;582.0;598.86;701.09;616.08
125;UBERABA;MG;Privada;Urbana;605;582.47;626.59;582.14;613.87;674.91;616.0
126;CERRO LARGO;RS;Privada;Urbana;35;595.16;627.67;587.03;618.94;650.86;615.93
127;CAMPO BELO;MG;Privada;Urbana;86;575.45;639.45;595.16;642.23;625.58;615.58
128;SAO JOAO DA BOA VISTA;SP;Federal;Urbana;49;586.17;623.87;574.74;621.74;671.02;615.51
129;NOVA FRIBURGO;RJ;Privada;Urbana;468;585.82;627.03;570.32;612.59;681.23;615.4
130;AMPARO;SP;Privada;Urbana;144;578.24;619.26;580.5;625.31;673.33;615.33
131;ABAETE;MG;Privada;Urbana;29;578.31;628.78;566.16;637.55;665.52;615.26
132;MOSSORO;RN;Federal;Urbana;143;576.69;629.11;568.14;645.0;657.2;615.23
133;BOM DESPACHO;MG;Privada;Urbana;66;574.71;629.03;590.5;617.81;662.73;614.96
134;SAO SEBASTIAO DO PARAISO;MG;Privada;Urbana;63;581.02;624.49;575.12;608.88;685.08;614.92
135;ITAPECERICA;MG;Privada;Urbana;17;583.39;627.08;594.07;620.21;649.41;614.83
136;TERESOPOLIS;RJ;Privada;Urbana;215;577.66;625.76;577.41;623.46;669.7;614.8
137;CARANGOLA;MG;Privada;Urbana;58;576.66;633.04;564.61;582.96;716.55;614.77
138;ESMERALDAS;MG;Privada;Urbana;7;589.71;635.23;590.07;584.29;674.29;614.72
139;SAO LOURENCO;MG;Privada;Urbana;142;588.91;626.58;585.08;619.78;652.82;614.63
140;PIRAPORA;MG;Federal;Urbana;33;571.23;640.62;577.63;604.16;677.58;614.24
141;IPUIUNA;MG;Privada;Urbana;7;567.2;604.01;577.33;584.53;737.14;614.04
142;ITAPERUNA;RJ;Federal;Urbana;59;581.48;640.12;568.14;604.65;675.25;613.93
143;MATOZINHOS;MG;Privada;Urbana;10;560.91;630.49;580.68;635.15;658.0;613.05
144;IPIRANGA;PR;Privada;Urbana;15;580.94;623.3;583.75;616.91;658.67;612.71
145;NITEROI;RJ;Privada;Urbana;2377;578.53;624.36;572.13;606.74;681.02;612.56
146;LAMBARI;MG;Privada;Urbana;10;584.67;623.49;567.98;609.59;677.0;612.55
147;GENERAL SALGADO;SP;Privada;Urbana;10;584.0;624.15;580.12;600.52;672.0;612.16
148;JOAO MONLEVADE;MG;Privada;Urbana;121;579.94;629.71;575.57;613.11;660.62;611.79
149;PARIPIRANGA;BA;Privada;Urbana;15;565.57;626.27;562.63;589.75;713.33;611.51
150;TRES PONTAS;MG;Privada;Urbana;51;589.29;625.27;588.09;608.29;645.49;611.29
151;VITORIA DA CONQUISTA;BA;Federal;Urbana;111;583.35;632.62;566.85;583.83;689.73;611.28
152;CHAPECO;SC;Federal;Urbana;13;570.37;626.65;575.06;619.16;664.62;611.17
153;JARAGUA DO SUL;SC;Federal;Urbana;27;564.94;608.89;594.84;624.17;662.22;611.01
154;VICOSA;MG;Privada;Urbana;287;562.78;618.65;573.39;613.37;686.48;610.93
155;ITAUNA;MG;Privada;Urbana;152;584.54;620.82;587.98;637.73;622.89;610.79
156;PORTO UNIAO;SC;Municipal;Urbana;1;601.6;607.7;501.9;622.2;720.0;610.68
157;PALOTINA;PR;Privada;Urbana;31;574.62;622.62;581.17;595.94;678.71;610.61
158;ESTRELA;RS;Privada;Urbana;63;580.72;613.67;582.57;627.99;647.62;610.51
159;SAO JOSE DOS CAMPOS;SP;Privada;Urbana;2178;578.19;621.27;579.04;622.32;651.65;610.49
160;NOVA ERA;MG;Privada;Urbana;6;554.48;632.28;526.65;675.67;663.33;610.48
161;BRAGANCA PAULISTA;SP;Federal;Urbana;101;574.24;610.91;586.9;638.19;641.58;610.37
162;IMPERATRIZ;MA;Federal;Urbana;118;570.64;633.83;571.34;616.35;659.44;610.32
163;IBIRAMA;SC;Privada;Urbana;17;591.26;621.95;572.32;601.29;663.53;610.07
164;ARACAJU;SE;Federal;Urbana;122;569.29;629.87;577.09;606.59;666.89;609.95
165;ITUMBIARA;GO;Federal;Urbana;62;570.79;622.47;583.1;618.69;653.87;609.78
166;BARRA DO PIRAI;RJ;Privada;Urbana;133;580.5;627.1;571.52;586.03;683.61;609.75
167;TAQUARITINGA;SP;Privada;Urbana;65;570.51;612.76;574.75;611.15;678.77;609.59
168;GOIANIA;GO;Federal;Urbana;247;583.74;627.45;564.21;595.48;676.84;609.55
169;CARLOS CHAGAS;MG;Privada;Urbana;10;574.71;616.93;555.36;602.59;698.0;609.52
170;COROMANDEL;MG;Privada;Urbana;21;579.73;621.77;564.97;576.24;704.76;609.49
171;MONTES CLAROS;MG;Federal;Urbana;41;578.48;617.11;560.95;556.26;734.63;609.49
172;TRES CORACOES;MG;Privada;Urbana;82;576.19;625.17;576.31;611.42;656.34;609.09
173;MOJI MIRIM;SP;Privada;Urbana;64;579.03;621.43;577.04;615.01;652.5;609.0
174;SAO MARCOS;RS;Privada;Urbana;14;582.01;622.41;563.28;574.03;702.86;608.92
175;LAJEADO;RS;Privada;Urbana;135;582.78;623.95;583.05;636.67;617.93;608.87
176;RIBEIRAO PRETO;SP;Privada;Urbana;1953;579.19;619.34;583.5;610.37;651.92;608.86
177;RESPLENDOR;MG;Privada;Urbana;10;570.93;641.21;566.3;608.88;656.0;608.66
178;BRASILIA;DF;Federal;Urbana;438;580.34;623.42;578.13;635.38;625.53;608.56
179;PIRIPIRI;PI;Privada;Urbana;38;581.3;610.51;570.63;588.11;691.58;608.43
180;IPAMERI;GO;Privada;Urbana;23;572.38;614.43;576.05;593.8;685.22;608.38
181;TIMBO;SC;Privada;Urbana;47;569.94;621.5;582.83;630.09;635.32;607.94
182;GOVERNADOR VALADARES;MG;Privada;Urbana;468;571.13;620.11;569.03;601.95;677.41;607.92
183;MONTE SIAO;MG;Privada;Urbana;28;562.45;610.49;564.9;612.94;688.57;607.87
184;PINHALZINHO;SC;Privada;Urbana;11;575.91;594.81;572.68;606.76;689.09;607.85
185;SALTO;SP;Federal;Urbana;48;567.58;620.9;563.25;620.75;666.67;607.83
186;BASTOS;SP;Privada;Urbana;21;560.21;598.26;580.49;644.46;655.24;607.73
187;CASTRO;PR;Privada;Rural;49;589.5;622.89;591.81;653.63;580.41;607.65
188;CAMBUI;MG;Privada;Urbana;31;585.57;630.84;585.94;589.47;645.81;607.53
189;FOZ DO IGUACU;PR;Federal;Urbana;61;574.06;627.01;577.16;632.3;626.89;607.48
190;PINHEIRAL;RJ;Federal;Urbana;83;574.14;633.64;574.47;587.67;667.47;607.48
191;BICAS;MG;Privada;Urbana;34;565.89;613.46;564.79;622.48;670.0;607.32
192;CARLOS BARBOSA;RS;Privada;Urbana;18;577.74;620.87;556.22;653.54;625.56;606.79
193;PORTAO;RS;Privada;Urbana;27;587.18;613.79;545.54;593.25;693.33;606.62
194;MURIAE;MG;Federal;Urbana;33;577.41;623.2;580.24;596.26;655.15;606.45
195;MIRACEMA;RJ;Privada;Urbana;17;573.56;615.55;569.69;599.26;674.12;606.44
196;VITORIA DA CONQUISTA;BA;Privada;Urbana;566;577.06;620.7;570.72;593.18;670.14;606.36
197;CARANDAI;MG;Privada;Urbana;16;560.24;611.66;574.01;649.92;635.0;606.17
198;SANTOS DUMONT;MG;Privada;Urbana;28;583.51;620.81;564.24;622.87;639.29;606.14
199;PORTO ALEGRE;RS;Federal;Urbana;252;583.64;628.22;574.24;625.95;617.94;606.0
200;SANTO AUGUSTO;RS;Privada;Urbana;8;581.84;601.88;567.66;548.02;730.0;605.88
201;ITAPORANGA;SP;Privada;Urbana;18;572.01;620.38;565.0;602.43;668.89;605.74
202;FLORIANOPOLIS;SC;Federal;Urbana;242;578.84;624.16;575.7;622.35;625.54;605.32
203;BOA ESPERANCA;MG;Privada;Urbana;55;575.2;629.55;573.25;618.1;630.18;605.26
204;ATIBAIA;SP;Privada;Urbana;264;575.2;615.98;574.29;621.85;638.81;605.22
205;PACAEMBU;SP;Privada;Urbana;15;573.85;621.07;578.61;557.73;694.67;605.19
206;ARTUR NOGUEIRA;SP;Privada;Urbana;36;575.15;624.78;573.17;625.94;626.11;605.03
207;VIDEIRA;SC;Federal;Urbana;86;574.3;627.9;574.13;627.41;618.37;604.42
208;PINDAMONHANGABA;SP;Privada;Urbana;168;572.69;617.35;568.02;601.49;661.7;604.25
209;GUARAI;TO;Privada;Urbana;17;579.38;620.94;568.71;569.43;682.35;604.16
210;PALMEIRA DAS MISSOES;RS;Privada;Urbana;19;584.95;613.1;553.11;557.92;711.58;604.13
211;SANTA BARBARA;MG;Privada;Urbana;37;569.88;618.08;557.9;587.42;687.03;604.06
212;CONSELHEIRO LAFAIETE;MG;Privada;Urbana;155;575.06;614.33;565.18;613.44;652.13;604.03
213;IRECE;BA;Federal;Urbana;63;571.03;616.46;552.97;588.7;690.48;603.93
214;MOGI GUACU;SP;Privada;Urbana;181;577.63;618.27;575.25;603.6;644.31;603.81
215;MURIAE;MG;Privada;Urbana;145;574.56;620.02;569.14;600.9;654.0;603.73
216;SANTO AMARO;BA;Federal;Urbana;23;579.94;621.25;552.91;589.76;674.78;603.73
217;PIRAPOZINHO;SP;Privada;Urbana;39;565.09;611.0;566.21;602.25;673.85;603.68
218;CANTAGALO;RJ;Privada;Urbana;12;608.95;632.54;538.91;537.74;700.0;603.63
219;QUIXERAMOBIM;CE;Privada;Urbana;33;572.88;605.52;557.02;584.23;698.18;603.57
220;MAJOR ISIDORO;AL;Privada;Urbana;1;542.5;510.4;562.8;582.0;820.0;603.54
221;ANDRADAS;MG;Privada;Urbana;74;568.41;614.52;582.24;596.66;655.41;603.45
222;ITUVERAVA;SP;Privada;Urbana;103;573.49;614.35;571.97;581.04;676.12;603.39
223;ITABERABA;BA;Privada;Urbana;51;588.46;627.49;564.28;571.01;665.49;603.35
224;COSMOPOLIS;SP;Privada;Urbana;32;585.58;615.93;575.84;627.81;610.0;603.03
225;BORDA DA MATA;MG;Privada;Urbana;14;565.41;629.01;556.97;629.4;634.29;603.02
226;TEOFILO OTONI;MG;Privada;Urbana;140;570.97;621.59;565.96;587.9;668.57;603.0
227;PRESIDENTE BERNARDES;SP;Privada;Urbana;20;581.56;621.33;575.44;585.34;651.0;602.93
228;BARROSO;MG;Privada;Urbana;17;580.72;613.36;570.59;552.27;697.65;602.92
229;PIEDADE;SP;Privada;Urbana;44;567.72;625.18;588.09;610.27;623.18;602.89
230;FRANCA;SP;Privada;Urbana;590;567.02;608.88;565.71;600.36;671.86;602.76
231;SAO CARLOS;SP;Privada;Urbana;658;574.98;613.23;575.24;600.08;650.24;602.76
232;LAVRAS;MG;Privada;Urbana;295;567.37;611.6;565.29;600.24;668.96;602.69
233;SAO JOSE DO RIO PRETO;SP;Privada;Urbana;1077;571.68;616.13;575.65;600.42;649.34;602.64
234;PIRANHAS;AL;Privada;Urbana;6;578.95;616.92;549.18;531.45;736.67;602.63
235;VENDA NOVA DO IMIGRANTE;ES;Federal;Urbana;111;571.71;618.15;573.65;619.16;630.45;602.62
236;MUZAMBINHO;MG;Privada;Urbana;38;570.75;614.69;564.96;597.59;664.21;602.44
237;MARACAI;SP;Privada;Urbana;12;570.76;608.96;542.54;612.28;676.67;602.24
238;PIRACICABA;SP;Privada;Urbana;847;576.91;613.5;570.28;609.74;639.52;601.99
239;GUAIRA;SP;Privada;Urbana;60;569.2;609.21;581.43;614.09;635.67;601.92
240;SANTA ROSA;RS;Federal;Urbana;51;572.49;620.99;567.03;603.17;645.88;601.91
241;JAGUARIUNA;SP;Privada;Urbana;69;587.66;626.48;578.05;611.3;605.51;601.8
242;CAETANOPOLIS;MG;Privada;Urbana;25;560.67;592.5;566.87;584.9;704.0;601.79
243;MANHUACU;MG;Privada;Urbana;115;559.1;615.5;561.68;605.83;666.61;601.74
244;ESPIGAO D OESTE;RO;Privada;Urbana;23;557.43;602.57;536.5;605.01;706.96;601.69
245;SANTA CRUZ DO RIO PARDO;SP;Privada;Urbana;87;579.56;626.96;565.42;583.52;652.18;601.53
246;ADAMANTINA;SP;Privada;Urbana;61;567.84;626.7;566.65;598.24;647.87;601.46
247;TAPEJARA;RS;Privada;Urbana;6;546.87;610.57;581.8;657.95;610.0;601.44
248;PARA DE MINAS;MG;Privada;Urbana;55;572.24;615.08;580.4;610.33;628.73;601.36
249;TOLEDO;PR;Federal;Urbana;3;591.2;617.5;554.0;617.27;626.67;601.33
250;ITATIBA;SP;Privada;Urbana;209;575.95;609.6;570.25;624.56;626.22;601.31
251;BARREIRAS;BA;Federal;Urbana;108;575.34;622.54;560.67;573.09;674.25;601.18
252;SIMOES FILHO;BA;Federal;Urbana;65;571.95;622.66;556.65;592.33;662.15;601.15
253;SAO GOTARDO;MG;Privada;Urbana;24;575.8;609.85;575.81;604.2;640.0;601.13
254;BLUMENAU;SC;Privada;Urbana;481;577.79;617.91;575.45;608.87;625.12;601.03
255;CONGONHAS;MG;Privada;Urbana;57;578.85;617.04;556.07;579.98;672.98;600.99
256;CAMPINAS;SP;Privada;Urbana;2469;574.59;615.81;570.28;603.31;640.8;600.96
257;NEPOMUCENO;MG;Federal;Urbana;50;557.19;617.02;558.6;596.01;675.6;600.88
258;OLIMPIA;SP;Privada;Urbana;43;576.63;619.91;563.42;594.59;648.84;600.68
259;RIBEIRAO BONITO;SP;Privada;Urbana;21;575.84;609.06;575.0;611.3;631.43;600.53
260;CURRAIS NOVOS;RN;Federal;Urbana;134;574.47;613.18;558.57;586.79;669.55;600.51
261;LAURO DE FREITAS;BA;Privada;Urbana;441;573.56;616.61;572.55;590.44;648.44;600.32
262;VASSOURAS;RJ;Privada;Urbana;73;575.83;607.16;555.68;597.85;664.93;600.29
263;OLIVEIRA;MG;Privada;Urbana;73;570.68;629.32;571.35;590.82;639.18;600.27
264;BENTO GONCALVES;RS;Federal;Urbana;74;585.57;623.82;570.35;617.58;602.97;600.06
265;CAMPO VERDE;MT;Privada;Urbana;47;566.55;613.62;567.18;598.77;654.04;600.03
266;TRES MARIAS;MG;Privada;Urbana;33;571.05;624.16;562.32;590.74;650.91;599.84
267;RESENDE;RJ;Privada;Urbana;307;569.75;614.85;561.45;608.19;644.82;599.81
268;SANTANA DE PARNAIBA;SP;Privada;Urbana;186;580.05;617.95;570.89;601.6;628.44;599.79
269;GUAPIMIRIM;RJ;Privada;Urbana;31;555.1;616.46;590.68;601.38;634.84;599.69
270;INDAIATUBA;SP;Privada;Urbana;458;575.87;618.27;571.51;603.92;628.6;599.64
271;PATROCINIO;MG;Privada;Urbana;147;565.87;609.64;562.37;578.78;680.82;599.5
272;SERAFINA CORREA;RS;Privada;Urbana;15;576.02;610.51;564.23;579.19;666.67;599.32
273;SAO JOSE;SC;Federal;Urbana;79;580.51;627.81;564.79;611.22;610.89;599.04
274;PELOTAS;RS;Federal;Urbana;184;573.91;613.56;559.71;603.35;643.04;598.72
275;CACHOEIRO DE ITAPEMIRIM;ES;Privada;Urbana;359;562.74;607.02;566.97;593.23;663.62;598.72
276;CRUZ DAS ALMAS;BA;Privada;Urbana;121;564.29;614.38;567.31;592.11;655.37;598.69
277;PRESIDENTE PRUDENTE;SP;Privada;Urbana;493;570.32;615.31;572.23;602.55;632.17;598.52
278;CAMPANHA;MG;Privada;Urbana;38;568.49;620.94;555.18;581.61;665.79;598.4
279;PARACAMBI;RJ;Federal;Urbana;96;568.62;609.49;554.56;598.66;660.0;598.27
280;BELEM;PA;Federal;Urbana;454;571.52;621.54;558.65;571.13;668.24;598.22
281;JACUTINGA;MG;Privada;Urbana;36;572.8;619.52;572.17;606.94;618.33;597.95
282;LEOPOLDINA;MG;Privada;Urbana;69;563.02;613.83;552.99;616.11;643.48;597.89
283;BRUMADINHO;MG;Privada;Urbana;29;585.14;628.76;571.56;602.96;600.69;597.82
284;LEOPOLDINA;MG;Federal;Urbana;83;580.02;612.13;552.25;604.6;638.8;597.56
285;NHANDEARA;SP;Privada;Urbana;22;541.65;595.29;553.75;577.53;719.09;597.46
286;PASSO FUNDO;RS;Privada;Urbana;339;575.97;613.11;570.64;588.93;638.53;597.43
287;ITAOCARA;RJ;Privada;Urbana;52;570.54;614.67;551.31;598.61;651.92;597.41
288;PARAISOPOLIS;MG;Privada;Urbana;36;565.71;607.43;572.2;571.89;669.44;597.34
289;TEOFILANDIA;BA;Privada;Urbana;24;567.56;617.6;582.2;614.33;605.0;597.34
290;CERES;GO;Privada;Urbana;95;562.92;606.16;568.87;584.16;664.42;597.31
291;BARRA MANSA;RJ;Privada;Urbana;147;567.65;612.33;558.71;589.27;658.1;597.21
292;CURITIBA;PR;Privada;Urbana;5805;574.94;614.14;569.81;601.98;625.19;597.21
293;ARAXA;MG;Privada;Urbana;80;560.96;607.16;567.58;607.63;642.5;597.16
294;POJUCA;BA;Privada;Urbana;70;573.88;610.0;553.2;565.33;682.29;596.94
295;OURO PRETO;MG;Privada;Urbana;66;565.63;608.03;553.86;594.02;663.03;596.92
296;CACOAL;RO;Municipal;Rural;1;574.4;568.4;532.6;589.1;720.0;596.9
297;LAGOA DA PRATA;MG;Privada;Urbana;27;571.86;625.89;560.84;568.89;657.04;596.9
298;ARARAS;SP;Privada;Urbana;216;564.93;603.82;573.09;602.94;639.63;596.88
299;SAO MANUEL;SP;Privada;Urbana;63;563.72;602.32;562.83;592.69;662.54;596.82
300;AROEIRAS;PB;Privada;Urbana;10;576.07;612.13;553.65;558.12;684.0;596.79
301;LUZIANIA;GO;Federal;Urbana;88;580.01;626.62;574.21;573.93;629.09;596.77
302;CAPINZAL;SC;Privada;Urbana;26;574.85;612.15;563.97;598.91;633.85;596.75
303;LIMOEIRO DO NORTE;CE;Privada;Urbana;210;553.04;599.91;565.89;591.84;672.67;596.67
304;FARTURA;SP;Privada;Urbana;18;579.6;610.89;564.71;623.64;604.44;596.66
305;GUARATINGUETA;SP;Privada;Urbana;230;570.3;606.28;558.23;591.17;657.13;596.62
306;CANELA;RS;Privada;Urbana;39;585.52;619.92;566.92;604.46;606.15;596.59
307;SAO PEDRO;SP;Privada;Urbana;41;569.34;610.53;567.57;580.7;654.63;596.55
308;LONDRINA;PR;Privada;Urbana;1120;570.4;614.42;568.87;601.29;627.69;596.54
309;LAVRAS;MG;Municipal;Rural;1;562.5;602.8;578.1;638.7;600.0;596.42
310;FARROUPILHA;RS;Federal;Urbana;14;571.24;610.19;561.88;587.3;651.43;596.41
311;SAO JOAO DA BOA VISTA;SP;Privada;Urbana;287;567.17;605.21;572.39;600.71;636.53;596.4
312;PASSA QUATRO;MG;Privada;Urbana;15;569.61;609.67;567.75;564.13;670.67;596.37
313;TOCANTINS;MG;Privada;Urbana;12;560.55;615.56;562.41;583.31;660.0;596.36
314;ALFENAS;MG;Privada;Urbana;194;565.94;609.52;563.24;578.4;664.12;596.25
315;ITAPIRA;SP;Privada;Urbana;128;576.39;613.29;561.39;587.65;642.5;596.24
316;COLINA;SP;Privada;Urbana;21;571.59;620.31;578.28;586.1;624.76;596.21
317;PIUMHI;MG;Privada;Urbana;82;568.67;622.9;572.31;609.53;606.59;596.0
318;SAO GONCALO;RJ;Federal;Urbana;19;584.24;611.18;554.12;629.32;601.05;595.98
319;PERDOES;MG;Privada;Urbana;52;575.39;610.4;556.52;594.57;642.31;595.84
320;IBITINGA;SP;Privada;Urbana;50;578.26;604.27;554.61;593.51;648.0;595.73
321;OURO BRANCO;MG;Privada;Urbana;103;571.83;611.6;559.77;593.6;641.55;595.67
322;GOIANIA;GO;Privada;Urbana;5403;569.05;610.55;569.53;581.49;647.46;595.62
323;DRACENA;SP;Privada;Urbana;115;565.2;600.65;561.48;590.77;659.7;595.56
324;CAPIVARI;SP;Privada;Urbana;44;572.04;616.88;558.88;576.7;653.18;595.53
325;IPIRA;BA;Privada;Urbana;18;580.31;630.44;522.65;570.64;673.33;595.48
326;TRES PASSOS;RS;Privada;Urbana;24;570.01;632.72;567.17;566.68;640.83;595.48
327;CERQUEIRA CESAR;SP;Privada;Urbana;25;586.05;619.9;557.3;591.66;621.6;595.3
328;CARMO;RJ;Privada;Urbana;15;562.75;614.26;564.66;587.61;646.67;595.19
329;TRES RIOS;RJ;Privada;Urbana;268;558.6;607.1;560.22;586.7;662.18;594.96
330;MINEIROS;GO;Privada;Urbana;74;569.8;610.53;560.6;566.03;667.57;594.91
331;INDAIAL;SC;Privada;Urbana;33;572.5;601.53;547.56;596.25;656.36;594.84
332;BETIM;MG;Privada;Urbana;247;563.69;614.73;561.71;580.04;653.52;594.74
333;SANTA RITA DO SAPUCAI;MG;Privada;Urbana;156;567.99;606.73;549.59;620.64;628.08;594.61
334;DESCALVADO;SP;Privada;Urbana;89;575.77;611.09;565.52;582.26;638.43;594.61
335;ITAJUBA;MG;Privada;Urbana;367;563.29;606.15;563.75;607.24;632.06;594.5
336;EUNAPOLIS;BA;Federal;Urbana;103;563.07;615.42;545.87;591.12;656.83;594.46
337;CUIABA;MT;Federal;Urbana;349;569.47;619.33;555.63;579.05;648.19;594.33
338;SOROCABA;SP;Privada;Urbana;1194;571.43;612.39;567.63;594.63;625.49;594.32
339;LUIS EDUARDO MAGALHAES;BA;Privada;Urbana;77;567.13;603.32;564.14;599.77;637.14;594.3
340;SAO CAETANO DO SUL;SP;Privada;Urbana;516;573.45;611.0;562.27;600.65;622.82;594.04
341;OURINHOS;SP;Privada;Urbana;189;571.25;613.81;561.47;595.04;628.36;593.99
342;ARARAQUARA;SP;Privada;Urbana;652;570.65;607.39;566.47;581.28;642.88;593.73
343;ITU;SP;Privada;Urbana;277;574.68;612.05;554.69;587.82;639.1;593.67
344;ITAPURANGA;GO;Privada;Urbana;18;575.69;609.59;543.46;537.06;702.22;593.6
345;JALES;SP;Privada;Urbana;102;564.55;608.58;568.11;595.93;630.2;593.47
346;PAU DOS FERROS;RN;Federal;Urbana;135;574.21;613.02;552.18;571.75;656.15;593.46
347;GUARAPARI;ES;Privada;Urbana;97;558.76;602.08;569.54;599.03;636.7;593.22
348;ITAPERUNA;RJ;Privada;Urbana;172;571.0;613.56;567.13;579.84;634.19;593.14
349;SAO MIGUEL DO OESTE;SC;Federal;Urbana;25;548.8;594.68;563.28;585.09;673.6;593.09
350;MONTES CLAROS;MG;Privada;Urbana;1142;568.54;614.46;559.13;578.2;644.23;592.91
351;AMARGOSA;BA;Privada;Urbana;43;565.54;613.32;552.2;552.48;680.93;592.89
352;TUPI PAULISTA;SP;Privada;Urbana;32;560.65;608.82;580.05;594.47;620.0;592.8
353;AGUAI;SP;Privada;Urbana;8;592.67;623.99;579.92;554.52;612.5;592.72
354;CARATINGA;MG;Privada;Urbana;77;563.58;612.62;565.95;587.93;633.25;592.66
355;QUATA;SP;Privada;Urbana;15;555.2;610.33;566.64;604.44;626.67;592.65
356;MATINHOS;PR;Privada;Urbana;16;577.77;609.86;575.35;597.71;602.5;592.64
357;PASSOS;MG;Privada;Urbana;153;575.06;612.01;558.99;579.99;636.86;592.58
358;PAULINIA;SP;Privada;Urbana;123;561.87;606.2;569.7;588.91;635.77;592.49
359;SALTO;SP;Privada;Urbana;118;570.58;607.89;566.62;591.33;625.68;592.42
360;VACARIA;RS;Privada;Urbana;52;564.06;612.55;566.7;596.99;621.15;592.29
361;FLORIANOPOLIS;SC;Privada;Urbana;1771;574.26;613.64;567.6;591.91;613.69;592.22
362;ARARUAMA;RJ;Privada;Urbana;236;565.99;613.52;556.67;578.42;645.85;592.09
363;PORTO SEGURO;BA;Federal;Urbana;62;569.49;614.09;563.79;569.6;643.23;592.04
364;ITAMOGI;MG;Privada;Urbana;5;587.04;559.78;541.44;571.76;700.0;592.0
365;MAFRA;SC;Privada;Urbana;79;568.28;607.74;572.09;571.09;640.76;591.99
366;GOIAS;GO;Privada;Urbana;10;566.19;609.21;551.9;570.36;662.0;591.93
367;PARANAGUA;PR;Federal;Urbana;40;574.16;623.24;572.63;627.21;562.0;591.85
368;CAXAMBU;MG;Privada;Urbana;33;556.39;616.11;556.99;604.57;624.85;591.78
369;GUARAREMA;SP;Privada;Urbana;3;599.37;645.17;528.33;572.53;613.33;591.75
370;SAO BERNARDO DO CAMPO;SP;Privada;Urbana;1582;571.63;606.21;557.22;590.55;633.05;591.73
371;POMBAL;PB;Privada;Urbana;32;565.32;608.06;555.82;546.17;682.5;591.57
372;LIMOEIRO;PE;Privada;Urbana;163;569.27;604.68;561.46;582.25;639.88;591.51
373;QUATRO IRMAOS;RS;Estadual;Urbana;1;632.7;661.9;590.4;492.5;580.0;591.5
374;OURO PRETO;MG;Federal;Urbana;216;556.53;607.59;557.44;602.95;632.96;591.49
375;PAPAGAIOS;MG;Privada;Urbana;12;558.12;600.41;583.38;613.31;601.67;591.38
376;JOINVILLE;SC;Privada;Urbana;1271;565.42;608.44;561.92;588.4;632.2;591.28
377;RIO CLARO;SP;Privada;Urbana;452;568.64;605.2;563.72;593.39;625.22;591.23
378;UIBAI;BA;Privada;Urbana;5;569.56;597.22;552.12;604.76;632.0;591.13
379;CHARQUEADAS;RS;Federal;Urbana;53;576.95;614.45;551.71;602.13;610.19;591.09
380;PARNAMIRIM;RN;Federal;Urbana;12;560.28;592.61;558.61;603.62;640.0;591.02
381;BRUSQUE;SC;Privada;Urbana;177;563.84;602.45;567.0;604.43;617.29;591.0
382;BRAGANCA PAULISTA;SP;Privada;Urbana;342;568.92;604.36;565.66;596.1;619.8;590.97
383;SAO LUIS;MA;Federal;Urbana;522;568.47;615.58;547.76;566.71;656.02;590.91
384;PALMEIRA;PR;Privada;Urbana;30;594.46;615.27;581.14;607.49;556.0;590.87
385;SAO JOSE DE RIBAMAR;MA;Privada;Rural;81;567.27;619.48;550.47;545.14;671.36;590.74
386;SOCORRO;SP;Privada;Urbana;54;564.57;613.75;575.72;590.5;608.89;590.69
387;ILHABELA;SP;Privada;Urbana;33;564.68;607.63;566.98;597.13;616.97;590.68
388;JUAZEIRO DO NORTE;CE;Privada;Urbana;506;556.97;602.33;563.49;576.35;653.75;590.58
389;SAO JOAO NEPOMUCENO;MG;Privada;Urbana;73;557.88;610.35;547.48;577.77;658.9;590.48
390;SOLEDADE;RS;Privada;Urbana;14;573.19;606.06;537.87;574.21;660.0;590.27
391;CATANDUVA;SP;Privada;Urbana;350;565.17;604.38;556.37;582.79;642.63;590.27
392;AURIFLAMA;SP;Privada;Urbana;33;559.25;601.91;565.7;578.94;645.45;590.25
393;SEABRA;BA;Privada;Urbana;20;559.68;611.48;532.2;567.13;680.0;590.1
394;JAU;SP;Privada;Urbana;306;568.03;604.49;559.86;588.52;629.48;590.08
395;JUNDIAI;SP;Privada;Urbana;1062;567.57;606.45;558.88;597.8;618.05;589.75
396;FEIRA DE SANTANA;BA;Privada;Urbana;922;576.46;614.92;561.25;576.47;619.48;589.72
397;SAO BENTO DO SAPUCAI;SP;Privada;Urbana;13;571.73;592.21;566.52;592.94;624.62;589.6
398;PIRASSUNUNGA;SP;Privada;Urbana;236;569.15;605.75;563.42;589.0;620.42;589.55
399;PORTO UNIAO;SC;Privada;Urbana;92;561.38;615.68;567.36;591.5;611.82;589.55
400;BARBACENA;MG;Privada;Urbana;321;566.08;606.69;552.84;580.42;641.0;589.41
401;ILHA SOLTEIRA;SP;Privada;Urbana;63;563.26;614.3;573.39;589.63;606.35;589.39
402;SAO BENTO DO SUL;SC;Privada;Urbana;109;556.07;601.49;565.62;598.72;624.77;589.33
403;UNAI;MG;Privada;Urbana;80;558.32;603.61;572.31;576.55;635.75;589.31
404;IJUI;RS;Privada;Urbana;121;565.22;609.65;566.89;586.57;618.02;589.27
405;PEDRO II;PI;Privada;Urbana;24;561.42;604.11;571.25;573.31;635.83;589.18
406;BOTUCATU;SP;Privada;Urbana;357;564.86;602.37;557.16;575.75;645.6;589.15
407;BAYEUX;PB;Municipal;Urbana;1;523.9;615.4;561.0;525.4;720.0;589.14
408;CRICIUMA;SC;Federal;Urbana;13;563.18;593.43;555.35;596.18;636.92;589.01
409;CAMPINA GRANDE;PB;Privada;Urbana;1377;562.33;603.34;555.69;568.06;655.4;588.96
410;JEQUIE;BA;Privada;Urbana;175;568.28;607.6;538.64;566.29;663.89;588.94
411;OEIRAS;PI;Privada;Urbana;39;571.12;609.73;554.13;566.08;643.59;588.93
412;BAMBUI;MG;Federal;Rural;42;556.99;609.38;563.31;612.27;602.38;588.87
413;PORTO REAL;RJ;Privada;Urbana;15;572.93;605.75;544.42;536.59;684.0;588.74
414;OURO FINO;MG;Privada;Urbana;57;574.41;604.56;560.59;593.28;609.47;588.46
415;IMBITUBA;SC;Privada;Urbana;29;572.27;602.04;569.41;584.93;613.1;588.35
416;SAO PAULO;SP;Privada;Urbana;21387;571.13;606.73;557.84;589.26;616.65;588.32
417;CAXIAS DO SUL;RS;Privada;Urbana;641;567.09;603.24;558.24;584.4;628.52;588.3
418;PONTE NOVA;MG;Privada;Urbana;104;563.45;607.55;559.62;583.72;627.12;588.29
419;FRANCISCO BELTRAO;PR;Privada;Urbana;146;565.28;613.39;562.37;595.3;604.52;588.17
420;LUZ;MG;Privada;Urbana;16;554.39;594.01;567.7;584.45;640.0;588.11
421;PRESIDENTE VENCESLAU;SP;Privada;Urbana;41;562.8;604.36;561.49;561.07;650.73;588.09
422;PANAMBI;RS;Federal;Urbana;61;567.21;604.21;559.82;599.7;609.51;588.09
423;SAO JOAO EVANGELISTA;MG;Federal;Rural;140;549.36;603.7;560.79;597.81;628.71;588.08
424;ITUIUTABA;MG;Federal;Urbana;58;569.17;625.38;560.61;590.63;594.48;588.05
425;CAMPINA GRANDE;PB;Federal;Urbana;129;574.65;614.32;541.71;575.21;634.26;588.03
426;WENCESLAU BRAZ;PR;Privada;Urbana;30;572.9;617.34;571.8;605.41;572.0;587.89
427;MARIA DA FE;MG;Privada;Urbana;29;570.9;594.09;564.68;577.17;632.41;587.85
428;IBIRUBA;RS;Privada;Urbana;12;559.63;595.78;556.71;601.9;625.0;587.8
429;MONTE ALEGRE DE MINAS;MG;Privada;Urbana;7;554.33;615.37;545.4;566.11;657.14;587.67
430;EUNAPOLIS;BA;Privada;Rural;14;582.41;606.8;574.94;555.9;617.14;587.44
431;BARREIRAS;BA;Privada;Urbana;157;559.45;600.04;555.69;561.02;660.76;587.39
432;SAPUCAIA;PA;Municipal;Rural;1;473.8;610.1;563.6;689.4;600.0;587.38
433;CAMPOS DOS GOYTACAZES;RJ;Federal;Urbana;237;566.5;611.82;558.43;572.69;627.43;587.37
434;RECIFE;PE;Privada;Urbana;6018;564.48;604.0;550.62;580.01;637.71;587.36
435;ANDRADINA;SP;Privada;Urbana;120;567.42;601.75;563.58;560.43;643.33;587.3
436;CAICO;RN;Federal;Urbana;94;558.53;607.58;541.32;595.08;633.83;587.27
437;MACHADO;MG;Privada;Urbana;57;548.84;589.89;561.14;603.49;632.63;587.2
438;SANTA MARIA;RS;Privada;Urbana;503;575.01;610.49;556.36;577.21;616.86;587.19
439;TUPACIGUARA;MG;Privada;Urbana;14;554.39;574.64;573.59;564.64;668.57;587.17
440;ARACATUBA;SP;Privada;Urbana;447;563.1;604.77;559.33;575.76;632.84;587.16
441;IBATIBA;ES;Federal;Urbana;55;555.77;610.1;561.92;595.87;612.0;587.13
442;BOM JESUS DO ITABAPOANA;RJ;Federal;Urbana;115;563.0;610.85;555.67;566.85;638.98;587.07
443;SANTIAGO;RS;Privada;Urbana;64;574.67;609.35;573.49;572.89;604.69;587.02
444;OSORIO;RS;Federal;Urbana;39;564.67;600.7;549.23;588.18;632.05;586.97
445;PIRAJUI;SP;Privada;Urbana;16;576.77;616.62;570.36;573.19;597.5;586.89
446;RIO DAS OSTRAS;RJ;Privada;Urbana;244;571.83;613.34;548.82;570.75;629.43;586.83
447;CATU;BA;Municipal;Rural;1;553.6;601.9;583.0;475.5;720.0;586.8
448;CASCAVEL;PR;Privada;Urbana;609;560.47;602.58;556.18;576.65;637.9;586.76
449;PETROPOLIS;RJ;Privada;Urbana;766;563.86;605.07;550.99;581.85;631.54;586.66
450;MUNDO NOVO;BA;Privada;Urbana;2;590.4;612.6;552.0;537.7;640.0;586.54
451;ESPIRITO SANTO DO PINHAL;SP;Privada;Urbana;46;566.58;609.23;564.18;579.3;613.04;586.47
452;CAXIAS DO SUL;RS;Federal;Urbana;33;563.4;614.78;543.59;578.45;632.12;586.47
453;UMUARAMA;PR;Federal;Urbana;16;556.8;603.26;586.29;547.6;637.5;586.29
454;COTIA;SP;Privada;Urbana;527;568.16;604.45;558.79;587.42;612.45;586.25
455;PROMISSAO;SP;Privada;Urbana;52;556.42;593.08;567.75;575.51;638.46;586.24
456;MONTE MOR;SP;Privada;Urbana;20;576.98;607.29;594.08;585.19;567.0;586.11
457;NOVO HORIZONTE;SP;Privada;Urbana;54;550.93;597.16;551.47;570.55;660.37;586.1
458;RIO CASCA;MG;Privada;Urbana;33;566.02;620.3;563.12;605.05;575.76;586.05
459;PETROLINA;PE;Federal;Urbana;111;554.62;609.13;558.7;583.46;623.78;585.94
460;VOTUPORANGA;SP;Privada;Urbana;210;564.41;603.4;561.27;575.22;625.05;585.87
461;GIRUA;RS;Privada;Urbana;16;546.53;610.54;576.21;592.22;603.75;585.85
462;CHOPINZINHO;PR;Privada;Urbana;9;552.36;611.88;541.03;603.69;620.0;585.79
463;CANOAS;RS;Federal;Urbana;57;583.38;619.54;548.25;582.16;595.44;585.75
464;SALVADOR;BA;Privada;Urbana;6258;566.69;606.73;556.99;567.63;630.62;585.73
465;GARIBALDI;RS;Privada;Urbana;16;570.61;608.31;538.08;541.18;670.0;585.64
466;TEIXEIRA DE FREITAS;BA;Privada;Urbana;120;570.31;612.88;556.89;554.98;632.83;585.58
467;PARAUNA;GO;Privada;Urbana;5;599.56;629.28;566.06;528.48;604.0;585.48
468;PALMEIRA DOS INDIOS;AL;Federal;Urbana;114;563.65;609.42;549.85;570.51;633.51;585.39
469;ORLANDIA;SP;Privada;Urbana;75;554.07;603.65;572.4;579.16;616.53;585.16
470;ITABUNA;BA;Privada;Urbana;425;563.91;602.56;552.72;551.66;654.69;585.11
471;TUBARAO;SC;Privada;Urbana;262;568.69;614.45;562.28;581.89;597.94;585.05
472;BARAO DE COCAIS;MG;Privada;Urbana;36;551.2;600.78;544.74;607.64;620.56;584.98
473;CANINDE;CE;Federal;Rural;10;576.14;616.07;539.65;557.02;636.0;584.98
474;VARGEM GRANDE PAULISTA;SP;Privada;Urbana;79;572.43;596.86;564.95;580.29;610.38;584.98
475;MACEIO;AL;Federal;Urbana;424;551.93;604.25;551.94;578.9;637.59;584.92
476;MACAE;RJ;Privada;Urbana;391;561.36;605.74;549.14;562.18;645.32;584.75
477;ARRAIAS;TO;Privada;Urbana;7;569.14;623.8;560.16;581.94;588.57;584.72
478;GUARIBA;SP;Privada;Urbana;38;550.46;591.73;560.69;582.68;637.89;584.69
479;CAMPO GRANDE;MS;Municipal;Rural;7;543.51;590.36;569.5;591.4;628.57;584.67
480;PALMAS;TO;Privada;Urbana;479;563.72;609.31;561.18;575.13;613.78;584.62
481;FREDERICO WESTPHALEN;RS;Privada;Urbana;47;577.02;608.26;560.87;562.24;614.47;584.57
482;CORINTO;MG;Privada;Urbana;24;566.55;604.98;558.4;561.24;631.67;584.57
483;CAMBORIU;SC;Federal;Urbana;169;569.79;610.24;564.55;570.44;607.69;584.54
484;ALMENARA;MG;Federal;Urbana;71;559.81;609.23;553.25;550.17;649.86;584.46
485;TUPANCIRETA;RS;Privada;Urbana;13;580.88;603.05;559.42;545.08;633.85;584.45
486;MARINGA;PR;Privada;Urbana;1136;562.79;604.06;556.36;566.39;631.78;584.28
487;CACADOR;SC;Privada;Urbana;72;565.06;606.88;550.76;581.65;616.67;584.21
488;TEUTONIA;RS;Privada;Urbana;41;554.89;594.87;552.0;595.01;623.9;584.14
489;AVARE;SP;Privada;Urbana;153;565.65;609.14;564.4;580.35;601.18;584.14
490;PORTO ALEGRE;RS;Privada;Urbana;3682;572.21;608.36;552.55;583.9;603.58;584.12
491;CRAVINHOS;SP;Privada;Urbana;25;564.25;590.78;555.4;568.9;640.8;584.03
492;SANTA MARIA DO PARA;PA;Municipal;Rural;1;568.1;601.1;506.1;424.5;820.0;583.96
493;IRARA;BA;Privada;Urbana;14;569.93;601.19;566.54;549.89;631.43;583.8
494;CONTAGEM;MG;Privada;Urbana;932;563.17;604.78;557.38;588.08;605.07;583.69
495;JAGUARIBE;CE;Privada;Urbana;29;557.73;602.85;538.86;565.81;653.1;583.67
496;SAO SIMAO;GO;Privada;Urbana;6;582.77;600.77;554.45;566.93;613.33;583.65
497;CABO FRIO;RJ;Privada;Urbana;266;561.69;606.08;542.19;568.31;639.55;583.56
498;ASSIS CHATEAUBRIAND;PR;Privada;Urbana;23;549.01;606.33;559.84;579.09;623.48;583.55
499;IBIRUBA;RS;Federal;Urbana;39;560.52;610.1;562.54;596.03;588.13;583.46
500;CAETITE;BA;Privada;Urbana;28;551.06;600.74;557.7;602.11;605.0;583.32
501;SANTA CRUZ DO SUL;RS;Privada;Urbana;237;556.59;600.24;549.9;587.2;622.62;583.31
502;JANAUBA;MG;Privada;Urbana;101;570.08;610.27;551.0;580.12;604.95;583.28
503;VENANCIO AIRES;RS;Privada;Urbana;38;574.74;594.51;536.64;576.7;633.68;583.25
504;POMPEU;MG;Privada;Urbana;22;553.14;609.38;567.62;565.1;620.91;583.23
505;SANTA ISABEL;SP;Privada;Urbana;44;566.01;605.57;563.27;560.59;620.45;583.18
506;FORTALEZA;CE;Privada;Urbana;9391;556.31;598.68;551.51;569.38;639.26;583.02
507;MUTUM;MG;Privada;Urbana;12;561.72;580.85;507.41;573.36;691.67;583.0
508;SARANDI;RS;Privada;Urbana;19;561.95;600.85;552.5;594.32;605.26;582.98
509;GUAPORE;RS;Privada;Urbana;20;530.08;594.03;549.62;593.08;648.0;582.96
510;MOGI DAS CRUZES;SP;Privada;Urbana;768;563.33;599.66;550.89;586.68;614.25;582.96
511;MEDIANEIRA;PR;Privada;Urbana;14;559.78;606.69;566.79;591.5;590.0;582.95
512;NOVA XAVANTINA;MT;Privada;Urbana;10;553.01;602.3;555.45;523.78;680.0;582.91
513;PECANHA;MG;Privada;Urbana;10;562.21;606.5;546.2;587.61;612.0;582.9
514;ALTA FLORESTA;MT;Privada;Urbana;49;563.02;603.37;541.64;553.76;652.65;582.89
515;ITAPARICA;BA;Privada;Urbana;17;559.33;616.25;561.47;500.62;676.47;582.83
516;ITAJOBI;SP;Privada;Urbana;24;556.91;596.55;545.65;560.79;653.33;582.65
517;SANTA RITA DO PASSA QUATRO;SP;Privada;Urbana;76;572.81;598.04;562.08;584.39;595.66;582.6
518;PORTO SEGURO;BA;Privada;Urbana;111;570.3;609.92;552.34;567.02;613.33;582.58
519;SIMAO DIAS;SE;Privada;Urbana;53;563.56;608.66;525.93;523.76;690.94;582.57
520;TERESINA;PI;Federal;Urbana;369;563.49;611.44;553.7;565.81;618.05;582.5
521;PIUMA;ES;Federal;Urbana;80;555.62;601.42;553.48;574.15;626.5;582.23
522;BRAZOPOLIS;MG;Estadual;Rural;6;537.18;594.8;558.48;643.45;576.67;582.12
523;JOAO PESSOA;PB;Federal;Urbana;197;555.99;609.1;544.13;579.15;621.62;582.0
524;SORRISO;MT;Privada;Urbana;101;541.2;595.1;556.83;585.5;631.29;581.98
525;CURVELO;MG;Privada;Urbana;86;555.97;609.89;560.68;560.27;623.02;581.97
526;BAEPENDI;MG;Privada;Urbana;55;565.97;599.36;563.79;571.23;609.09;581.89
527;UBERLANDIA;MG;Federal;Rural;74;555.44;604.44;551.97;599.23;598.11;581.84
528;CARDOSO;SP;Privada;Urbana;14;534.8;596.91;551.45;591.69;634.29;581.83
529;CONCHAS;SP;Privada;Urbana;33;571.15;617.93;559.49;560.76;599.39;581.75
530;DOIS IRMAOS;RS;Privada;Urbana;20;561.6;604.01;543.61;570.26;629.0;581.7
531;GRANJA;CE;Privada;Urbana;11;548.33;594.54;521.75;534.61;709.09;581.66
532;RIO DO SUL;SC;Privada;Urbana;189;557.28;592.07;549.84;571.23;636.83;581.45
533;CAJAZEIRAS;PB;Federal;Urbana;119;560.45;610.41;553.18;571.44;611.76;581.45
534;MIRACATU;SP;Privada;Urbana;5;590.78;619.38;549.54;563.02;584.0;581.34
535;DOURADOS;MS;Privada;Urbana;450;550.36;595.96;554.81;562.21;643.29;581.33
536;REALEZA;PR;Privada;Urbana;9;566.82;598.36;550.49;583.82;606.67;581.23
537;FORMOSA;GO;Federal;Urbana;81;560.34;608.8;558.15;566.08;612.22;581.12
538;PEDREIRA;SP;Privada;Urbana;30;573.13;610.74;556.39;586.11;578.67;581.01
539;BEBEDOURO;SP;Privada;Urbana;227;564.04;604.65;555.19;566.96;613.57;580.88
540;ALTINOPOLIS;SP;Privada;Urbana;32;548.5;596.12;542.63;573.33;643.12;580.74
541;BENTO GONCALVES;RS;Privada;Urbana;162;558.11;597.72;549.36;579.34;618.77;580.66
542;PARACATU;MG;Federal;Rural;92;554.25;606.6;544.21;579.68;618.48;580.64
543;BRAZOPOLIS;MG;Privada;Urbana;9;562.11;615.48;545.97;610.44;568.89;580.58
544;SANTA FE DO SUL;SP;Privada;Urbana;53;558.35;591.98;551.07;577.06;623.4;580.37
545;MOCOCA;SP;Privada;Urbana;178;553.93;589.94;550.34;571.94;635.28;580.29
546;IVOTI;RS;Privada;Urbana;75;556.48;591.99;531.75;569.57;651.2;580.2
547;CAMPO MOURAO;PR;Privada;Urbana;164;553.47;601.39;550.38;563.9;631.83;580.19
548;BUTIA;RS;Privada;Urbana;12;565.5;587.63;539.17;618.58;590.0;580.18
549;JABOTICABAL;SP;Privada;Urbana;240;561.36;591.5;547.02;576.57;624.42;580.17
550;RANCHARIA;SP;Privada;Urbana;37;566.42;603.25;558.25;554.86;617.84;580.12
551;ALEM PARAIBA;MG;Privada;Urbana;76;555.18;593.62;540.14;574.0;637.63;580.11
552;CAMPOS DOS GOYTACAZES;RJ;Privada;Urbana;679;558.57;602.57;544.13;561.92;633.13;580.07
553;VOTORANTIM;SP;Privada;Urbana;57;565.02;599.21;552.39;582.17;601.4;580.04
554;RIO DE JANEIRO;RJ;Privada;Urbana;18914;561.44;602.04;543.14;568.06;625.12;579.96
555;APIAI;SP;Privada;Urbana;9;574.46;582.58;547.5;546.11;648.89;579.91
556;SERRA NEGRA;SP;Privada;Urbana;29;565.71;605.83;567.32;577.73;582.76;579.87
557;SANTO ANTONIO DE JESUS;BA;Privada;Urbana;180;561.02;608.52;557.86;555.71;616.22;579.87
558;IGARAPAVA;SP;Privada;Urbana;51;570.7;596.13;552.51;559.47;620.0;579.76
559;VILA VELHA;ES;Privada;Urbana;1279;564.54;604.88;557.97;587.95;583.18;579.7
560;IPANGUACU;RN;Federal;Rural;104;561.45;601.7;543.32;566.19;625.77;579.69
561;PORTO FERREIRA;SP;Privada;Urbana;106;556.71;591.18;554.07;561.96;634.15;579.61
562;SALINAS;MG;Privada;Urbana;34;554.91;606.08;545.71;564.28;627.06;579.61
563;TAUBATE;SP;Privada;Urbana;736;560.06;597.17;548.38;568.0;624.38;579.6
564;IBIUNA;SP;Privada;Urbana;88;562.13;595.21;556.94;573.59;609.77;579.53
565;NOVA GRANADA;SP;Privada;Urbana;45;550.76;592.74;550.35;541.99;661.78;579.52
566;VINHEDO;SP;Privada;Urbana;303;567.17;600.39;544.21;560.93;624.65;579.47
567;JOACABA;SC;Privada;Urbana;142;555.66;602.77;543.63;575.79;619.08;579.39
568;PENAPOLIS;SP;Privada;Urbana;182;557.12;605.22;553.61;565.01;615.82;579.35
569;LORENA;SP;Privada;Urbana;223;554.06;594.15;539.64;565.43;643.45;579.35
570;ARAGUARI;MG;Privada;Urbana;162;558.87;594.58;554.75;550.77;637.65;579.33
571;LAGOA VERMELHA;RS;Privada;Urbana;35;556.1;597.85;549.79;572.68;620.0;579.28
572;SANTA ROSA;RS;Privada;Urbana;124;561.77;602.09;550.75;570.81;610.16;579.12
573;VERA CRUZ;RS;Privada;Urbana;36;553.86;606.36;552.19;568.7;613.89;579.0
574;ILHEUS;BA;Privada;Urbana;366;562.89;604.03;553.58;547.66;626.81;578.99
575;IBIAPINA;CE;Privada;Urbana;21;568.6;602.07;554.32;562.13;607.62;578.95
576;COARACI;BA;Privada;Urbana;26;571.3;594.53;522.38;559.32;646.92;578.89
577;CACHOEIRA DO SUL;RS;Privada;Urbana;136;571.47;609.94;548.29;573.38;591.32;578.88
578;ITAMARANDIBA;MG;Privada;Urbana;14;556.84;598.8;544.18;558.73;635.71;578.85
579;PIRAJU;SP;Privada;Urbana;42;573.7;607.72;546.11;570.03;596.19;578.75
580;PORECATU;PR;Privada;Urbana;23;557.96;596.66;559.96;535.27;643.48;578.67
581;INHUMAS;GO;Privada;Urbana;102;544.91;591.74;562.68;577.19;616.47;578.6
582;NOVA MUTUM;MT;Privada;Urbana;39;552.94;597.13;545.48;596.7;600.0;578.45
583;GUARAQUECABA;PR;Municipal;Urbana;1;573.1;622.8;456.4;639.6;600.0;578.38
584;CORONEL FABRICIANO;MG;Privada;Urbana;154;543.97;601.06;540.74;555.35;650.33;578.29
585;JOAO PINHEIRO;MG;Privada;Urbana;62;552.88;595.79;552.2;569.59;620.97;578.29
586;CARMO DO PARANAIBA;MG;Privada;Urbana;23;542.92;575.1;558.75;568.65;645.22;578.13
587;VESPASIANO;MG;Privada;Urbana;36;574.55;597.69;563.11;564.66;590.56;578.11
588;TIETE;SP;Privada;Urbana;87;552.71;593.56;544.87;591.27;608.05;578.09
589;AMERICANA;SP;Privada;Urbana;623;560.9;597.85;549.23;571.81;610.1;577.98
590;BARRAS;PI;Privada;Urbana;39;572.23;600.68;551.48;541.82;623.59;577.96
591;PITANGUI;MG;Privada;Urbana;32;566.12;592.84;544.76;589.21;596.25;577.83
592;LARANJEIRAS DO SUL;PR;Privada;Urbana;17;550.76;602.2;551.24;574.73;609.41;577.67
593;ROCA SALES;RS;Privada;Urbana;35;559.13;594.18;534.91;561.07;638.86;577.63
594;MARICA;RJ;Privada;Urbana;179;569.32;606.41;537.9;552.04;622.01;577.54
595;MIRASSOL;SP;Privada;Urbana;51;557.03;606.93;545.67;562.3;615.69;577.52
596;TERESINA;PI;Privada;Urbana;3719;556.88;601.14;551.37;558.19;618.89;577.3
597;CAMPOS GERAIS;MG;Privada;Urbana;37;543.62;592.38;552.83;573.32;624.19;577.27
598;SANTO ANGELO;RS;Privada;Urbana;119;566.09;596.03;550.99;579.81;593.28;577.24
599;PERUIBE;SP;Privada;Urbana;81;565.82;600.71;541.85;585.64;592.1;577.22
600;MARTINOPOLIS;SP;Privada;Urbana;13;551.71;613.07;547.12;583.45;590.77;577.22
601;SERTAOZINHO;SP;Federal;Urbana;71;558.94;600.8;557.38;583.01;585.35;577.1
602;ITUPORANGA;SC;Privada;Urbana;18;575.8;606.03;530.94;589.11;583.33;577.04
603;MUCURI;BA;Privada;Urbana;82;527.09;585.72;550.61;612.17;609.51;577.02
604;ALVORADA DO SUL;PR;Privada;Urbana;6;557.73;630.32;575.4;531.58;590.0;577.01
605;FERNANDOPOLIS;SP;Privada;Urbana;113;547.99;592.31;558.36;570.42;615.93;577.0
606;PONTA GROSSA;PR;Privada;Urbana;909;559.64;598.38;556.77;576.82;593.3;576.98
607;JEQUIE;BA;Federal;Urbana;24;546.27;609.6;531.28;562.6;635.0;576.95
608;SANTA TERESA;ES;Privada;Urbana;15;577.05;612.69;551.05;590.53;553.33;576.93
609;CARAPICUIBA;SP;Privada;Urbana;76;567.13;599.9;548.24;567.92;601.32;576.9
610;GUARABIRA;PB;Federal;Urbana;3;553.77;609.43;522.2;519.0;680.0;576.88
611;CARAZINHO;RS;Privada;Urbana;89;563.25;602.57;546.49;570.56;601.35;576.84
612;CAPAO BONITO;SP;Privada;Urbana;19;574.41;610.32;557.97;563.36;577.89;576.79
613;BOITUVA;SP;Privada;Urbana;103;558.7;603.08;542.2;570.89;608.88;576.75
614;CANELINHA;SC;Privada;Urbana;12;574.48;600.98;518.81;539.21;650.0;576.7
615;TAPIRATIBA;SP;Privada;Urbana;7;568.21;596.36;540.01;529.86;648.57;576.6
616;CARMO DO RIO CLARO;MG;Privada;Urbana;24;546.24;588.71;527.61;558.66;661.67;576.58
617;COLATINA;ES;Privada;Urbana;155;554.42;601.06;553.44;570.48;603.48;576.58
618;TRINDADE;GO;Privada;Urbana;66;556.23;602.91;560.41;570.23;592.73;576.5
619;NOVA ANDRADINA;MS;Privada;Urbana;25;554.75;598.68;551.18;557.7;620.0;576.46
620;VIDEIRA;SC;Privada;Urbana;97;566.27;605.0;552.2;571.96;586.8;576.45
621;ANAPOLIS;GO;Federal;Urbana;63;567.5;605.09;532.81;547.31;629.21;576.38
622;PONTA PORA;MS;Federal;Rural;37;555.54;602.71;546.76;561.18;615.68;576.37
623;LINHARES;ES;Privada;Urbana;153;555.62;593.44;560.26;578.28;594.25;576.37
624;QUIXADA;CE;Privada;Urbana;66;545.87;593.26;543.14;549.75;649.7;576.34
625;SANTO AMARO DA IMPERATRIZ;SC;Privada;Urbana;17;563.29;608.84;540.91;543.23;624.71;576.2
626;SANTO ANTONIO DA PLATINA;PR;Privada;Urbana;33;574.59;609.76;544.04;537.87;614.55;576.16
627;SERRANA;SP;Privada;Urbana;28;552.55;594.36;562.24;541.62;630.0;576.15
628;MANAUS;AM;Federal;Urbana;502;556.56;602.71;541.58;567.15;612.63;576.13
629;LIMEIRA;SP;Privada;Urbana;494;555.45;594.3;549.48;569.08;612.35;576.13
630;TOLEDO;PR;Privada;Urbana;302;557.64;594.91;546.48;562.61;618.94;576.12
631;JACAREZINHO;PR;Federal;Urbana;36;561.91;607.04;549.95;573.91;587.78;576.12
632;UBAJARA;CE;Privada;Urbana;21;537.68;587.85;554.36;575.86;624.76;576.1
633;TATUI;SP;Privada;Urbana;216;556.12;597.35;557.29;579.12;590.65;576.1
634;SANTOS;SP;Privada;Urbana;1356;565.04;595.88;545.23;572.81;601.29;576.05
635;ABAETETUBA;PA;Federal;Urbana;26;544.44;606.54;545.88;551.71;631.54;576.02
636;BOTUCATU;SP;Privada;Rural;8;568.04;606.09;536.56;564.17;605.0;575.97
637;SAO JOSE DO VALE DO RIO PRETO;RJ;Privada;Urbana;19;528.73;613.79;534.68;578.34;624.21;575.95
638;MARILIA;SP;Privada;Urbana;701;557.32;595.91;547.49;557.95;621.03;575.94
639;CAMPO GRANDE;MS;Privada;Urbana;2129;549.8;594.91;546.37;558.85;629.52;575.89
640;BALNEARIO CAMBORIU;SC;Privada;Urbana;286;554.26;592.44;551.23;568.5;612.38;575.76
641;AIMORES;MG;Privada;Urbana;4;517.78;576.95;525.67;623.4;635.0;575.76
642;PONTAL DO PARANA;PR;Privada;Urbana;6;593.35;596.75;522.38;552.83;613.33;575.73
643;PALHOCA;SC;Privada;Urbana;203;558.4;595.72;545.09;580.15;599.21;575.72
644;ITAPETINGA;BA;Privada;Urbana;77;554.67;599.43;550.97;577.47;595.84;575.68
645;CONCORDIA;SC;Privada;Urbana;93;550.65;596.92;552.12;578.39;600.0;575.62
646;PARANAIBA;MS;Privada;Urbana;46;556.22;597.45;545.19;562.78;615.87;575.5
647;CATAGUASES;MG;Privada;Urbana;114;553.08;595.9;550.23;555.59;622.63;575.49
648;MARICA;RJ;Privada;Rural;10;554.45;597.06;555.2;537.24;633.5;575.49
649;ARAPIRACA;AL;Federal;Urbana;123;554.08;599.76;532.76;548.89;641.63;575.42
650;CASCAVEL;PR;Municipal;Rural;1;593.8;606.5;570.6;506.1;600.0;575.4
651;RUY BARBOSA;BA;Municipal;Urbana;1;569.2;579.2;502.7;625.9;600.0;575.4
652;ITAMARAJU;BA;Privada;Urbana;35;556.68;610.48;548.4;565.72;595.43;575.34
653;GUAIRA;PR;Privada;Urbana;16;572.81;604.87;535.33;539.93;623.75;575.34
654;PARACATU;MG;Privada;Urbana;151;552.76;596.96;559.04;568.38;598.68;575.16
655;PATO BRANCO;PR;Privada;Urbana;221;559.23;600.03;546.67;568.77;600.5;575.04
656;FOZ DO IGUACU;PR;Privada;Urbana;539;556.46;597.89;551.5;572.69;596.47;575.0
657;CASTRO;PR;Privada;Urbana;51;568.85;604.17;548.36;574.09;579.22;574.94
658;ARARANGUA;SC;Privada;Urbana;115;556.99;604.24;542.41;571.01;599.48;574.83
659;PALMAS;TO;Federal;Urbana;137;556.57;606.64;545.66;566.78;598.39;574.81
660;SAO SEBASTIAO DA GRAMA;SP;Privada;Urbana;12;566.13;596.99;546.42;521.2;643.33;574.81
661;SAO ROQUE;SP;Privada;Urbana;212;558.08;587.93;543.63;557.02;627.36;574.8
662;GURUPI;TO;Privada;Urbana;134;555.65;600.42;566.63;581.5;569.78;574.8
663;BAURU;SP;Privada;Urbana;855;558.25;597.42;546.98;561.17;610.08;574.78
664;OSORIO;RS;Privada;Urbana;12;578.65;600.2;541.02;553.89;600.0;574.75
665;EUNAPOLIS;BA;Privada;Urbana;86;559.1;597.68;546.35;558.54;612.09;574.75
666;IVAIPORA;PR;Privada;Urbana;50;562.2;601.29;546.67;545.09;618.4;574.73
667;COCAL DO SUL;SC;Privada;Urbana;47;551.71;579.31;540.27;592.95;608.94;574.64
668;PORTO VELHO;RO;Privada;Urbana;569;554.78;601.1;546.26;552.96;618.01;574.62
669;FRAIBURGO;SC;Privada;Urbana;49;543.69;589.38;557.9;579.46;602.04;574.49
670;SAO MIGUEL DO OESTE;SC;Privada;Urbana;139;551.34;596.73;540.7;563.49;620.14;574.48
671;SUMARE;SP;Privada;Urbana;80;565.9;597.93;548.42;554.25;605.75;574.45
672;PEREIRA BARRETO;SP;Privada;Urbana;23;542.81;588.11;560.89;555.87;624.35;574.41
673;CAMPO BOM;RS;Privada;Urbana;34;565.45;600.76;529.69;573.19;602.94;574.4
674;CRUZEIRO;SP;Privada;Urbana;187;553.55;595.98;542.49;556.5;623.21;574.35
675;MATAO;SP;Municipal;Urbana;94;565.35;593.12;552.92;572.99;587.23;574.32
676;MURITIBA;BA;Privada;Urbana;65;548.02;593.77;546.24;580.92;602.46;574.28
677;SAO LEOPOLDO;RS;Privada;Urbana;273;562.4;596.9;541.24;578.22;592.53;574.26
678;MONTE ALTO;SP;Privada;Urbana;112;555.16;591.35;547.76;570.84;606.07;574.24
679;MADALENA;CE;Privada;Urbana;11;583.89;624.0;544.72;551.05;567.27;574.19
680;BOA VISTA;RR;Federal;Urbana;207;557.4;606.81;539.93;549.32;617.51;574.19
681;ARCOS;MG;Privada;Urbana;81;548.68;607.39;542.57;568.41;603.7;574.15
682;IBIA;MG;Privada;Urbana;10;558.25;588.16;551.84;614.42;558.0;574.13
683;GUIRATINGA;MT;Estadual;Rural;1;573.5;587.8;551.3;558.0;600.0;574.12
684;NOVA VENECIA;ES;Privada;Urbana;19;542.21;582.06;532.75;581.96;631.58;574.11
685;VOLTA REDONDA;RJ;Privada;Urbana;1005;552.43;596.55;538.64;564.19;618.51;574.06
686;URUSSANGA;SC;Privada;Urbana;10;559.38;598.41;554.48;565.79;592.0;574.01
687;CRATO;CE;Privada;Urbana;276;550.35;593.63;546.29;542.97;636.59;573.97
688;ITAPETININGA;SP;Privada;Urbana;283;560.66;602.19;540.42;557.23;609.33;573.97
689;RIBEIRAO DAS NEVES;MG;Privada;Urbana;20;544.33;607.45;544.81;576.08;597.0;573.93
690;CACEQUI;RS;Privada;Urbana;2;582.8;581.45;498.85;576.3;630.0;573.88
691;NOVA ESPERANCA;PR;Privada;Urbana;46;560.35;609.83;540.43;521.19;637.39;573.84
692;MACAE;RJ;Municipal;Urbana;98;554.17;598.72;533.48;541.23;641.22;573.76
693;ERECHIM;RS;Privada;Urbana;281;557.38;595.86;549.59;566.46;599.5;573.76
694;SAO CARLOS;SP;Privada;Rural;35;547.98;597.31;555.46;571.08;596.57;573.68
695;MORRETES;PR;Privada;Urbana;9;572.88;641.5;531.89;533.08;588.89;573.65
696;PIRACANJUBA;GO;Privada;Urbana;25;559.33;592.01;562.71;538.2;616.0;573.65
697;VALENTE;BA;Privada;Urbana;24;553.08;591.97;522.05;530.26;670.83;573.64
698;SAO MATEUS;ES;Privada;Urbana;86;550.34;600.73;544.24;570.39;602.33;573.61
699;JI-PARANA;RO;Federal;Urbana;129;553.36;604.86;544.74;563.1;601.71;573.55
700;MARAU;RS;Privada;Urbana;23;558.43;594.56;559.98;533.01;621.74;573.54
701;IPAUSSU;SP;Privada;Urbana;24;562.62;613.17;546.16;559.13;585.83;573.38
702;TRES LAGOAS;MS;Federal;Urbana;15;533.22;593.08;530.61;609.52;600.0;573.29
703;LAGES;SC;Privada;Urbana;267;559.11;595.54;548.35;573.03;590.26;573.26
704;SOBRAL;CE;Privada;Urbana;647;546.37;591.61;545.77;550.88;631.36;573.2
705;ITAPEVA;SP;Privada;Urbana;146;565.93;595.47;535.98;551.82;616.71;573.18
706;SAO RAIMUNDO NONATO;PI;Federal;Urbana;37;557.74;608.04;540.99;555.29;603.78;573.17
707;MINEIROS DO TIETE;SP;Privada;Urbana;5;569.12;600.78;540.64;595.2;560.0;573.15
708;RONDONOPOLIS;MT;Federal;Urbana;45;559.38;598.92;542.03;536.94;628.0;573.05
709;JOAO PESSOA;PB;Privada;Urbana;2984;552.19;594.09;542.04;551.91;624.7;572.98
710;ANGICAL DO PIAUI;PI;Federal;Urbana;54;555.37;602.77;537.0;539.93;629.63;572.94
711;IPORA;GO;Federal;Rural;52;549.17;602.67;544.68;553.3;614.62;572.89
712;CANDIDO MOTA;SP;Privada;Urbana;24;550.15;595.02;545.53;542.86;630.83;572.88
713;TIJUCAS;SC;Privada;Urbana;92;553.01;597.3;540.27;553.28;619.78;572.73
714;GUANAMBI;BA;Federal;Rural;51;560.38;602.47;558.25;557.28;585.04;572.68
715;GURUPI;TO;Federal;Urbana;24;562.52;594.43;549.83;553.28;603.33;572.68
716;TABATINGA;SP;Privada;Urbana;18;553.01;596.73;558.66;570.38;584.44;572.64
717;SAPUCAIA DO SUL;RS;Federal;Urbana;122;566.77;607.78;520.84;551.96;615.57;572.58
718;APARECIDA DE GOIANIA;GO;Federal;Urbana;50;557.46;604.91;550.2;549.51;600.8;572.57
719;POSSE;GO;Municipal;Urbana;36;558.83;596.07;554.25;562.86;590.56;572.51
720;PARAOPEBA;MG;Privada;Urbana;20;538.31;594.12;556.84;566.2;607.0;572.49
721;GANDU;BA;Privada;Urbana;47;565.03;602.5;536.6;532.79;625.11;572.41
722;JOSE BONIFACIO;SP;Privada;Urbana;81;549.03;583.76;556.94;570.38;601.73;572.37
723;DUARTINA;SP;Privada;Urbana;30;552.7;589.64;543.11;560.71;615.33;572.3
724;FRANCISCO SA;MG;Privada;Urbana;9;553.0;592.43;535.46;496.03;684.44;572.27
725;MACAIBA;RN;Federal;Rural;41;556.02;598.9;535.58;546.39;624.39;572.26
726;AMERICO DE CAMPOS;SP;Municipal;Urbana;8;545.35;599.49;534.28;584.61;597.5;572.24
727;ITAMBACURI;MG;Privada;Urbana;11;561.02;606.73;561.74;518.39;612.73;572.12
728;VENANCIO AIRES;RS;Federal;Urbana;81;561.13;606.74;536.43;567.65;588.15;572.02
729;SAO JOSE DOS QUATRO MARCOS;MT;Privada;Urbana;9;519.71;589.79;539.03;568.97;642.22;571.94
730;NOVA CANAA;BA;Municipal;Urbana;1;539.1;623.2;490.7;606.1;600.0;571.82
731;SANTA VITORIA;MG;Privada;Urbana;12;552.34;599.7;522.96;543.68;640.0;571.74
732;SANTO ANDRE;SP;Privada;Urbana;1980;562.83;594.48;542.89;567.52;590.71;571.69
733;GOIOERE;PR;Privada;Urbana;24;548.1;607.44;524.86;567.69;610.0;571.62
734;PIRANGUINHO;MG;Privada;Urbana;11;545.85;573.91;557.7;600.4;580.0;571.57
735;CRICIUMA;SC;Privada;Urbana;707;559.61;593.62;543.01;574.32;587.02;571.52
736;ARAQUARI;SC;Federal;Urbana;118;556.7;604.4;552.29;550.94;593.22;571.51
737;CABO FRIO;RJ;Federal;Urbana;29;551.24;592.32;513.88;500.27;699.48;571.44
738;BELEM;PA;Privada;Urbana;5481;550.76;599.07;541.48;532.05;633.14;571.3
739;TORRES;RS;Privada;Urbana;39;561.87;606.32;543.33;571.74;572.82;571.22
740;MAIRIPORA;SP;Privada;Rural;3;606.17;583.87;519.17;553.5;593.33;571.21
741;MAIRIPORA;SP;Privada;Urbana;74;565.79;597.28;563.7;573.51;555.41;571.14
742;MORRINHOS;GO;Privada;Urbana;37;553.1;598.18;543.02;553.6;607.57;571.09
743;ITUPEVA;SP;Privada;Urbana;41;549.69;583.37;551.85;575.82;594.63;571.07
744;ASTORGA;PR;Privada;Urbana;12;545.82;618.72;539.32;586.28;565.0;571.03
745;CONSELHEIRO PENA;MG;Privada;Urbana;6;550.07;609.22;547.85;567.72;580.0;570.97
746;TAUBATE;SP;Municipal;Urbana;183;560.8;595.16;533.35;566.22;598.36;570.78
747;URUGUAIANA;RS;Privada;Urbana;96;573.21;604.41;532.79;554.1;589.17;570.74
748;GOIANINHA;RN;Privada;Urbana;31;559.73;596.69;527.03;530.71;639.35;570.7
749;TANGARA DA SERRA;MT;Privada;Urbana;91;535.84;585.38;543.51;569.07;619.18;570.6
750;BARRETOS;SP;Privada;Urbana;213;554.38;591.82;542.56;537.26;626.85;570.58
751;CHAPECO;SC;Privada;Urbana;354;552.11;593.04;548.39;567.97;591.19;570.54
752;CURITIBANOS;SC;Privada;Urbana;13;546.87;617.9;550.05;569.72;567.69;570.45
753;ANGATUBA;SP;Privada;Urbana;13;549.17;580.36;530.15;575.28;616.92;570.38
754;NANUQUE;MG;Privada;Urbana;28;546.32;588.51;562.52;544.23;610.0;570.32
755;ANAPOLIS;GO;Privada;Urbana;858;554.36;596.86;545.58;550.09;604.68;570.31
756;CACAPAVA;SP;Privada;Urbana;137;559.03;584.82;520.86;567.98;618.83;570.3
757;ITAJAI;SC;Privada;Urbana;482;551.96;593.04;539.77;562.0;604.61;570.28
758;CAICO;RN;Privada;Urbana;186;541.32;590.38;539.7;555.32;624.62;570.27
759;CHAPADAO DO SUL;MS;Privada;Urbana;31;542.6;595.44;554.65;579.14;578.71;570.11
760;ITAPOLIS;SP;Privada;Urbana;60;556.49;586.69;544.06;552.12;611.0;570.07
761;LAGARTO;SE;Privada;Urbana;109;553.88;601.88;539.02;523.25;632.29;570.07
762;GUARARAPES;SP;Privada;Urbana;78;554.38;593.32;537.06;555.6;609.74;570.02
763;EXTREMA;MG;Privada;Urbana;21;562.48;595.94;551.97;515.57;623.81;569.95
764;BLUMENAU;SC;Federal;Urbana;18;561.04;605.68;553.76;566.51;562.22;569.84
765;QUIXADA;CE;Federal;Urbana;2;563.4;582.5;526.3;636.65;540.0;569.77
766;ROLANDIA;PR;Privada;Urbana;97;553.29;601.79;538.09;563.04;592.37;569.72
767;SAO GONCALO DO SAPUCAI;MG;Privada;Urbana;38;561.07;592.83;547.05;558.03;589.47;569.69
768;EUSEBIO;CE;Privada;Urbana;17;559.22;580.12;550.63;548.8;609.41;569.64
769;TABOAO DA SERRA;SP;Privada;Urbana;211;556.54;593.23;540.93;555.41;601.52;569.52
770;VAZANTE;MG;Privada;Urbana;18;539.19;581.79;526.81;567.17;632.22;569.44
771;CARAZINHO;RS;Municipal;Urbana;1;489.9;548.6;538.8;549.9;720.0;569.44
772;GUACUI;ES;Privada;Urbana;8;541.68;625.42;546.48;551.0;582.5;569.42
773;TAPURAH;MT;Privada;Urbana;19;555.49;606.16;521.77;554.6;608.42;569.29
774;UBATUBA;SP;Privada;Urbana;86;556.32;597.07;548.24;564.75;579.77;569.23
775;SERRO;MG;Privada;Urbana;27;559.27;592.38;544.41;559.03;590.37;569.09
776;BARIRI;SP;Privada;Urbana;57;550.94;586.95;547.65;569.29;590.53;569.07
777;BAGE;RS;Federal;Urbana;40;568.33;609.27;534.52;563.9;569.0;569.0
778;VICOSA DO CEARA;CE;Privada;Urbana;14;556.4;571.78;546.72;508.61;661.43;568.99
779;SAO LUDGERO;SC;Privada;Urbana;18;567.13;582.57;549.48;542.24;603.33;568.95
780;SANTA CRUZ;RN;Federal;Urbana;71;551.81;592.97;529.36;545.99;624.51;568.93
781;PITANGUEIRAS;SP;Privada;Urbana;38;553.33;590.84;548.97;564.13;587.37;568.93
782;SANTAREM;PA;Privada;Urbana;371;548.84;597.56;535.29;521.27;640.7;568.73
783;COELHO NETO;MA;Privada;Urbana;25;541.04;598.02;549.04;521.13;634.4;568.73
784;TUCURUI;PA;Federal;Urbana;100;555.45;614.48;533.16;525.66;614.8;568.71
785;BIRITIBA-MIRIM;SP;Privada;Urbana;10;550.94;591.09;557.73;549.01;594.0;568.55
786;ITURAMA;MG;Privada;Urbana;57;546.52;584.53;534.9;551.82;624.56;568.47
787;CORDEIRO;RJ;Privada;Urbana;43;557.35;587.32;530.27;528.12;639.07;568.42
788;UMUARAMA;PR;Privada;Urbana;262;550.67;591.66;544.99;564.49;590.15;568.39
789;PAU DOS FERROS;RN;Privada;Urbana;42;540.7;587.32;537.72;545.55;630.48;568.35
790;LAGARTO;SE;Federal;Rural;84;545.2;598.31;533.37;547.45;617.38;568.34
791;ITAU DE MINAS;MG;Privada;Urbana;27;541.36;592.07;523.06;576.11;608.89;568.3
792;LENCOIS PAULISTA;SP;Privada;Urbana;119;553.06;588.8;539.01;568.06;591.26;568.04
793;CAMPOS DO JORDAO;SP;Privada;Urbana;89;556.05;590.4;526.95;563.98;602.02;567.88
794;CAMPO FORMOSO;BA;Privada;Urbana;62;546.51;586.07;554.08;547.16;605.48;567.86
795;FLORIANO;PI;Federal;Urbana;107;542.36;597.41;527.44;554.83;617.2;567.85
796;BOM JESUS DO ITABAPOANA;RJ;Privada;Urbana;28;552.55;595.55;540.9;551.81;598.39;567.84
797;ARAQUARI;SC;Privada;Rural;46;543.33;589.47;538.9;555.55;611.74;567.8
798;PIRAJU;SP;Estadual;Rural;64;562.75;599.33;527.17;564.83;584.69;567.75
799;ITABAIANA;SE;Privada;Urbana;309;551.17;593.69;544.57;535.28;613.93;567.73
800;ARACAJU;SE;Privada;Urbana;2955;543.1;590.78;541.79;553.35;609.57;567.72
801;GUARA;SP;Privada;Urbana;9;539.81;594.8;531.82;545.32;626.67;567.68
802;NOVA PETROPOLIS;RS;Privada;Urbana;43;552.45;588.62;542.86;580.9;573.49;567.66
803;JOAO CAMARA;RN;Federal;Urbana;107;547.2;590.25;523.49;545.74;631.59;567.65
804;MATAO;SP;Privada;Urbana;108;549.65;587.79;547.78;564.21;587.96;567.48
805;NATIVIDADE;RJ;Privada;Urbana;13;552.98;594.5;547.62;545.23;596.92;567.45
806;ARACRUZ;ES;Privada;Urbana;152;546.39;590.25;546.65;575.89;578.03;567.44
807;LARANJAL PAULISTA;SP;Privada;Urbana;27;551.54;572.7;532.18;533.73;646.67;567.37
808;REGISTRO;SP;Privada;Urbana;152;558.32;591.36;536.06;568.16;582.89;567.36
809;SAO SEBASTIAO;SP;Privada;Urbana;69;556.55;594.78;541.72;552.37;591.01;567.29
810;MANHUMIRIM;MG;Privada;Urbana;24;558.88;581.66;523.48;530.54;641.67;567.24
811;CASTELO;ES;Privada;Urbana;16;553.61;607.78;557.44;564.34;552.5;567.13
812;BLUMENAU;SC;Municipal;Urbana;130;557.66;593.52;525.68;558.67;600.0;567.11
813;NOVA SERRANA;MG;Privada;Urbana;39;542.08;583.26;543.71;555.55;610.77;567.07
814;PETROLINA;PE;Privada;Urbana;763;548.28;585.65;538.84;551.51;610.1;566.88
815;PARAGUACU PAULISTA;SP;Privada;Urbana;55;557.19;597.56;547.59;532.74;599.27;566.87
816;SENADOR POMPEU;CE;Privada;Urbana;28;544.95;589.7;535.99;515.75;647.86;566.85
817;CHAPADA DOS GUIMARAES;MT;Privada;Urbana;11;554.05;598.66;511.04;552.24;618.18;566.83
818;TUPA;SP;Privada;Urbana;82;552.08;588.23;542.91;549.88;600.73;566.77
819;VERANOPOLIS;RS;Privada;Urbana;75;540.25;589.48;536.41;537.3;630.13;566.72
820;CONCEICAO DO COITE;BA;Privada;Urbana;36;555.71;582.77;552.54;536.35;606.11;566.69
821;APUCARANA;PR;Federal;Urbana;44;554.72;587.34;541.79;558.97;590.45;566.66
822;SANTA ROSA DO SUL;SC;Federal;Rural;166;549.82;589.98;544.25;573.69;575.42;566.63
823;VARRE-SAI;RJ;Privada;Urbana;9;573.44;594.78;530.9;498.4;635.56;566.62
824;BOM JESUS DE GOIAS;GO;Privada;Urbana;7;545.93;596.5;540.51;533.0;617.14;566.62
825;CASIMIRO DE ABREU;RJ;Privada;Urbana;63;555.65;595.56;523.66;547.84;610.16;566.57
826;SANTA ROSA DE VITERBO;SP;Privada;Urbana;39;550.75;591.21;541.16;562.09;587.18;566.48
827;CORUMBA;MS;Federal;Urbana;23;551.67;591.63;544.17;559.55;585.22;566.45
828;BATALHA;PI;Privada;Urbana;16;542.07;587.88;545.91;537.86;617.5;566.24
829;PAULINIA;SP;Municipal;Urbana;139;553.23;593.89;543.45;564.85;575.68;566.22
830;CANANEIA;SP;Estadual;Rural;4;540.1;569.72;515.4;485.65;720.0;566.17
831;PITANGA;PR;Privada;Urbana;31;537.2;603.29;538.06;552.24;600.0;566.16
832;ALAGOINHAS;BA;Privada;Urbana;207;554.79;595.54;544.74;542.27;593.33;566.13
833;AFOGADOS DA INGAZEIRA;PE;Municipal;Urbana;25;551.83;575.24;534.5;555.5;612.8;565.97
834;JANUARIA;MG;Federal;Rural;109;550.48;591.34;537.39;567.2;583.12;565.91
835;CUIABA;MT;Privada;Urbana;1983;543.34;590.42;536.92;546.36;612.44;565.89
836;IGUATAMA;MG;Privada;Urbana;5;512.98;568.72;532.06;627.5;588.0;565.85
837;NONOAI;RS;Privada;Urbana;7;581.36;626.6;529.59;547.96;542.86;565.67
838;VISCONDE DO RIO BRANCO;MG;Privada;Urbana;45;547.63;603.94;515.01;572.37;589.33;565.66
839;SAO JOSE;SC;Privada;Urbana;727;556.77;591.54;542.29;561.48;576.07;565.63
840;SANTA BARBARA D OESTE;SP;Privada;Urbana;101;558.9;595.6;545.44;549.21;578.81;565.59
841;CAMETA;PA;Municipal;Urbana;1;546.6;613.4;510.1;437.5;720.0;565.52
842;PATOS;PB;Federal;Urbana;42;548.32;605.99;545.33;558.25;569.52;565.48
843;JARAGUA DO SUL;SC;Privada;Urbana;315;550.67;589.3;540.1;567.66;579.43;565.43
844;BARRA BONITA;SP;Privada;Urbana;83;556.0;580.36;546.29;545.09;598.8;565.31
845;GUARULHOS;SP;Privada;Urbana;1963;553.95;588.23;533.48;550.21;600.68;565.31
846;BOM JESUS DA LAPA;BA;Privada;Urbana;60;539.71;581.44;549.76;558.6;596.67;565.24
847;MORRO AGUDO;SP;Privada;Urbana;16;555.61;588.22;539.64;543.98;598.75;565.24
848;SIQUEIRA CAMPOS;PR;Privada;Urbana;13;548.15;596.68;530.07;580.44;570.77;565.22
849;SANTA LUZIA;MG;Privada;Urbana;137;554.2;590.4;535.23;563.01;582.63;565.09
850;CORNELIO PROCOPIO;PR;Privada;Urbana;119;551.37;587.51;538.72;547.25;599.83;564.94
851;SERRA;ES;Privada;Urbana;409;552.22;592.22;549.7;574.25;555.89;564.86
852;JABOTICABAL;SP;Estadual;Rural;35;554.58;592.99;548.31;562.04;565.71;564.73
853;CONCEICAO DE MACABU;RJ;Privada;Urbana;25;548.82;589.9;537.09;546.71;600.8;564.66
854;BARRA DO GARCAS;MT;Privada;Urbana;61;544.79;596.53;529.72;529.38;622.62;564.61
855;SANTA ADELIA;SP;Privada;Urbana;30;544.81;586.11;534.0;559.27;598.67;564.57
856;SANTA QUITERIA;CE;Privada;Urbana;17;528.43;574.23;550.89;544.28;624.71;564.51
857;ITAPECERICA DA SERRA;SP;Privada;Urbana;110;553.51;588.59;533.27;556.41;590.55;564.47
858;LAVRAS;MG;Privada;Rural;43;547.7;587.05;533.96;531.57;621.86;564.43
859;GUANAMBI;BA;Privada;Urbana;67;553.35;590.93;534.07;555.44;588.36;564.43
860;GOIATUBA;GO;Privada;Urbana;22;546.15;597.58;550.43;539.74;587.27;564.23
861;CACERES;MT;Federal;Rural;46;550.59;590.43;531.87;550.14;597.83;564.17
862;GARCA;SP;Privada;Urbana;86;555.83;590.67;541.74;548.05;583.95;564.05
863;PIRANGI;SP;Privada;Urbana;31;542.04;589.42;529.22;571.96;587.1;563.95
864;GUARATUBA;PR;Privada;Urbana;33;565.65;605.18;538.9;531.22;578.79;563.95
865;SERTAOZINHO;SP;Privada;Urbana;234;546.68;579.78;535.58;557.78;599.23;563.81
866;MUZAMBINHO;MG;Federal;Rural;142;540.56;587.35;525.42;563.88;601.83;563.81
867;NATAL;RN;Privada;Urbana;3471;546.95;587.22;534.48;538.94;611.41;563.8
868;IVATUBA;PR;Privada;Rural;71;555.41;593.24;529.62;539.58;600.56;563.68
869;VIRADOURO;SP;Privada;Urbana;18;558.71;591.31;535.19;545.42;586.67;563.46
870;SANTANA DE PARNAIBA;SP;Estadual;Urbana;56;566.66;608.46;504.36;523.72;613.93;563.43
871;GUARAPUAVA;PR;Privada;Urbana;335;547.12;591.09;540.81;562.87;575.04;563.39
872;ILHEUS;BA;Federal;Urbana;7;559.77;606.3;499.63;450.03;700.0;563.15
873;SAO GABRIEL DA PALHA;ES;Privada;Urbana;7;564.14;546.66;517.09;547.71;640.0;563.12
874;AMPERE;PR;Privada;Urbana;29;539.54;598.8;529.88;570.38;576.55;563.03
875;TEIXEIRA DE FREITAS;BA;Federal;Rural;42;543.15;583.74;534.34;534.73;619.05;563.0
876;RIO BRILHANTE;MS;Privada;Urbana;24;545.39;585.43;552.58;536.58;595.0;563.0
877;BIRIGUI;SP;Privada;Urbana;144;550.61;590.44;531.99;532.29;609.58;562.98
878;SERRA TALHADA;PE;Privada;Urbana;75;542.63;582.72;542.83;549.93;596.53;562.93
879;RIO PRETO;MG;Estadual;Urbana;27;563.83;587.13;522.76;548.7;591.11;562.71
880;ORIXIMINA;PA;Privada;Urbana;58;544.83;594.41;524.99;509.61;639.66;562.7
881;TELEMACO BORBA;PR;Federal;Urbana;33;564.29;608.78;528.38;546.55;565.45;562.69
882;IRECE;BA;Privada;Urbana;315;539.32;592.45;536.7;540.31;604.54;562.66
883;APARECIDA;SP;Privada;Urbana;5;547.16;578.34;519.84;555.84;612.0;562.64
884;INHUMAS;GO;Federal;Urbana;89;551.03;587.28;544.63;531.19;598.62;562.55
885;PARNAMIRIM;RN;Privada;Urbana;579;545.57;581.87;539.79;539.05;606.49;562.55
886;ANGRA DOS REIS;RJ;Privada;Urbana;204;544.03;587.15;528.82;551.65;600.69;562.47
887;LINS;SP;Privada;Urbana;175;549.53;592.02;535.62;536.29;598.86;562.46
888;ALEGRE;ES;Federal;Urbana;122;548.48;591.37;536.69;582.12;553.61;562.45
889;SANTO ANTONIO DO AMPARO;MG;Privada;Urbana;3;589.07;585.87;540.53;556.77;540.0;562.45
890;BOM JARDIM;RJ;Privada;Urbana;29;548.63;581.72;521.46;541.08;619.31;562.44
891;SAO LUIZ GONZAGA;RS;Privada;Urbana;18;567.11;622.24;551.88;556.29;514.44;562.39
892;OSASCO;SP;Privada;Urbana;1782;556.11;591.4;529.31;544.7;590.3;562.36
893;IRATI;PR;Privada;Urbana;66;544.27;586.59;524.21;576.14;580.61;562.36
894;MARIANA;MG;Privada;Urbana;61;544.28;588.58;531.05;535.07;612.46;562.29
895;MALHADOR;SE;Privada;Urbana;15;530.78;555.01;526.66;561.57;637.33;562.27
896;ASCURRA;SC;Privada;Urbana;16;549.07;594.52;517.32;535.12;615.0;562.21
897;SEABRA;BA;Federal;Urbana;9;554.28;582.92;510.03;534.7;628.89;562.16
898;RIO POMBA;MG;Privada;Urbana;28;567.1;610.07;526.99;517.22;589.29;562.13
899;SANTO ANTONIO DO MONTE;MG;Privada;Urbana;14;560.29;594.69;530.19;555.34;570.0;562.1
900;FLORIANO;PI;Privada;Urbana;153;547.33;591.64;541.45;540.67;589.2;562.06
901;ALPINOPOLIS;MG;Privada;Urbana;37;532.44;575.46;526.74;567.99;607.57;562.04
902;ARACUAI;MG;Federal;Rural;54;548.08;596.16;533.03;531.83;600.74;561.97
903;MARECHAL DEODORO;AL;Federal;Urbana;64;551.37;594.37;546.58;508.78;608.75;561.97
904;RIO VERDE;GO;Privada;Urbana;256;546.2;586.61;545.04;545.06;586.26;561.84
905;TANABI;SP;Privada;Urbana;48;538.15;574.48;538.13;566.15;591.67;561.72
906;PIRAPORA;MG;Privada;Urbana;71;553.95;589.56;531.96;530.45;602.25;561.63
907;URUACU;GO;Federal;Urbana;111;547.31;593.75;540.35;538.33;588.29;561.6
908;JATAI;GO;Privada;Urbana;176;548.19;588.69;548.56;543.73;577.61;561.36
909;TAQUARA;RS;Privada;Urbana;140;552.16;586.69;533.4;556.76;577.29;561.26
910;SUZANO;SP;Privada;Urbana;254;557.04;584.15;534.18;550.26;580.44;561.22
911;JATAI;GO;Federal;Urbana;142;548.58;595.86;528.88;543.85;588.44;561.12
912;ITACOATIARA;AM;Privada;Urbana;19;538.44;592.76;539.39;531.47;603.16;561.05
913;SINOP;MT;Privada;Urbana;304;538.58;583.81;540.35;557.02;585.37;561.03
914;GOVERNADOR MANGABEIRA;BA;Privada;Urbana;9;560.74;606.44;516.49;528.06;593.33;561.01
915;COLORADO;PR;Privada;Urbana;27;541.36;581.64;553.97;537.32;590.37;560.93
916;BEZERROS;PE;Privada;Urbana;60;558.94;592.69;516.67;525.03;611.0;560.87
917;JACIARA;MT;Privada;Urbana;31;539.2;579.73;528.83;513.2;643.23;560.84
918;PETROPOLIS;RJ;Privada;Rural;53;547.42;584.14;532.34;523.63;616.6;560.83
919;POMPEIA;SP;Privada;Urbana;16;560.42;575.47;545.38;562.79;560.0;560.81
920;PATOS;PB;Privada;Urbana;307;540.65;583.84;533.91;549.01;596.55;560.79
921;ITAREMA;CE;Privada;Urbana;9;525.92;587.6;553.44;550.22;586.67;560.77
922;SOUSA;PB;Privada;Urbana;144;535.41;579.55;543.07;546.13;599.58;560.75
923;SAO MIGUEL DO IGUACU;PR;Privada;Urbana;34;549.74;600.04;530.05;559.1;564.71;560.73
924;PARNAIBA;PI;Federal;Urbana;52;550.25;602.47;519.45;555.31;575.77;560.65
925;IBICARAI;BA;Privada;Urbana;19;541.43;593.94;521.05;529.32;616.84;560.52
926;MACAUBAS;BA;Privada;Urbana;39;550.22;586.58;518.69;535.96;610.77;560.45
927;FORTUNA;MA;Estadual;Rural;3;529.73;595.7;512.27;517.43;646.67;560.36
928;CRISTINA;MG;Privada;Urbana;4;553.3;582.6;470.72;524.52;670.0;560.23
929;JUINA;MT;Privada;Urbana;34;547.15;587.36;546.27;560.27;560.0;560.21
930;TRAMANDAI;RS;Privada;Urbana;19;558.73;610.06;536.02;522.45;573.68;560.19
931;RIBEIRAO PIRES;SP;Privada;Urbana;215;553.27;586.55;529.82;545.42;585.79;560.17
932;BOM CONSELHO;PE;Privada;Urbana;18;549.99;597.88;528.71;494.03;630.0;560.12
933;CARAGUATATUBA;SP;Privada;Urbana;123;549.68;588.45;535.91;561.49;564.88;560.08
934;QUERENCIA;MT;Privada;Urbana;8;535.78;595.04;524.48;559.56;585.0;559.97
935;CATALAO;GO;Privada;Urbana;347;550.76;589.45;541.03;524.73;593.63;559.92
936;ITAMONTE;MG;Privada;Urbana;25;541.74;582.12;514.31;579.53;581.6;559.86
937;URUACU;GO;Privada;Urbana;41;543.99;586.19;521.51;526.07;621.46;559.84
938;ENCANTADO;RS;Privada;Urbana;18;551.63;575.31;525.14;543.1;603.33;559.7
939;ARUJA;SP;Privada;Urbana;98;550.04;587.05;540.37;561.26;559.59;559.66
940;SERTAO;RS;Estadual;Rural;1;326.9;562.7;582.2;686.1;640.0;559.58
941;TUCANO;BA;Privada;Urbana;32;535.7;583.62;522.49;540.72;615.0;559.51
942;MARCELANDIA;MT;Privada;Urbana;7;554.7;585.64;530.71;546.03;580.0;559.42
943;AQUIRAZ;CE;Privada;Urbana;26;535.39;569.93;544.39;533.48;613.85;559.41
944;LIMA DUARTE;MG;Privada;Urbana;10;529.98;593.0;519.28;550.78;604.0;559.41
945;CRATEUS;CE;Privada;Urbana;50;549.71;574.92;523.61;510.6;638.0;559.37
946;VILHENA;RO;Federal;Urbana;100;545.45;593.73;532.27;528.48;596.6;559.31
947;XANXERE;SC;Privada;Urbana;129;531.12;571.66;542.61;564.82;586.2;559.28
948;CASA BRANCA;SP;Privada;Urbana;57;549.82;588.77;534.71;532.7;590.18;559.24
949;FRUTAL;MG;Privada;Urbana;30;531.08;581.48;544.92;552.52;586.0;559.2
950;JAGUAQUARA;BA;Privada;Urbana;61;545.81;592.63;532.94;530.55;594.1;559.2
951;BURITIS;MG;Privada;Urbana;12;549.35;596.97;543.48;577.39;528.33;559.1
952;ASSIS;SP;Privada;Urbana;186;552.09;589.85;540.81;555.48;557.1;559.07
953;JARDIM DE PIRANHAS;RN;Privada;Rural;16;536.41;588.04;514.53;521.16;635.0;559.03
954;RIO POMBA;MG;Federal;Urbana;111;540.2;588.83;553.27;555.15;557.3;558.95
955;JACAREI;SP;Privada;Urbana;363;550.75;584.56;531.42;556.41;571.35;558.9
956;MONTENEGRO;RS;Privada;Urbana;51;564.61;592.66;521.77;553.01;562.35;558.88
957;ARROIO DOS RATOS;RS;Privada;Urbana;14;540.17;571.42;548.42;571.44;562.86;558.86
958;RUSSAS;CE;Privada;Urbana;85;550.94;581.77;524.32;527.02;609.88;558.79
959;PESQUEIRA;PE;Federal;Urbana;74;537.3;584.74;529.16;547.3;595.41;558.78
960;XAXIM;SC;Privada;Urbana;14;548.75;572.31;538.94;582.39;551.43;558.76
961;MARAVILHA;SC;Privada;Urbana;10;568.37;586.58;526.48;558.3;554.0;558.75
962;ALEGRETE;RS;Privada;Urbana;55;557.27;576.9;529.57;514.03;615.64;558.68
963;PEDERNEIRAS;SP;Privada;Urbana;88;551.05;581.49;541.11;543.59;576.14;558.68
964;PICUI;PB;Federal;Urbana;65;549.6;595.12;528.95;519.93;599.69;558.66
965;PEDRALVA;MG;Privada;Urbana;10;558.59;588.67;545.26;550.47;550.0;558.6
966;GRAMADO;RS;Privada;Urbana;29;539.93;587.92;516.77;568.53;579.31;558.49
967;IBIPORA;PR;Privada;Urbana;141;553.76;585.2;540.69;552.3;559.57;558.31
968;MARABA;PA;Privada;Urbana;290;545.37;592.68;531.09;507.78;614.45;558.27
969;ROLIM DE MOURA;RO;Privada;Urbana;24;546.13;590.66;550.93;551.94;551.67;558.26
970;SAO CAETANO DO SUL;SP;Municipal;Urbana;440;556.91;582.4;522.91;537.64;591.4;558.25
971;SENHOR DO BONFIM;BA;Federal;Rural;100;549.24;583.98;529.58;520.22;608.2;558.24
972;MIGUEL PEREIRA;RJ;Privada;Urbana;64;544.91;583.36;519.48;550.28;593.12;558.23
973;ALTO PIQUIRI;PR;Municipal;Urbana;1;545.6;583.4;537.2;584.9;540.0;558.22
974;PALMEIRA D OESTE;SP;Privada;Urbana;30;563.32;597.53;526.68;529.7;573.33;558.11
975;TAQUARITUBA;SP;Privada;Urbana;23;550.07;570.68;551.08;568.18;550.43;558.09
976;CIANORTE;PR;Privada;Urbana;141;539.27;588.81;536.4;536.46;589.36;558.06
977;NOSSA SENHORA DA GLORIA;SE;Privada;Urbana;34;523.38;588.89;547.14;531.48;599.41;558.06
978;SERRINHA;BA;Privada;Urbana;89;546.43;591.48;526.84;523.03;602.25;558.01
979;TAIO;SC;Privada;Urbana;1;586.9;613.8;577.3;571.5;440.0;557.9
980;COLOMBO;PR;Privada;Urbana;60;553.06;594.68;528.86;517.93;594.33;557.77
981;ALTAMIRA DO MARANHAO;MA;Municipal;Urbana;1;599.3;602.3;557.3;429.9;600.0;557.76
982;MONTE APRAZIVEL;SP;Privada;Urbana;25;548.1;580.36;539.71;536.22;584.0;557.68
983;SABARA;MG;Privada;Urbana;69;552.36;583.82;527.39;526.64;597.97;557.63
984;ITA;SC;Municipal;Urbana;24;542.58;576.61;509.76;569.66;589.17;557.56
985;SAO LUIS DE MONTES BELOS;GO;Privada;Urbana;70;547.8;595.54;538.66;543.16;562.57;557.55
986;JACOBINA;BA;Federal;Urbana;27;540.57;587.13;525.47;518.81;615.56;557.51
987;ANTONIO PRADO;RS;Privada;Urbana;7;545.6;595.2;536.31;518.96;591.43;557.5
988;SAO LUIS;MA;Privada;Urbana;3037;544.09;587.26;526.62;524.11;605.2;557.46
989;SAO LOURENCO DA MATA;PE;Federal;Urbana;28;557.1;587.42;512.49;529.95;600.0;557.39
990;BODOCO;PE;Privada;Urbana;7;553.26;595.84;502.89;572.06;562.86;557.38
991;SENHOR DO BONFIM;BA;Privada;Urbana;138;549.0;592.26;533.57;528.14;583.77;557.35
992;BOA VIAGEM;CE;Privada;Urbana;11;548.99;586.31;495.8;544.71;610.91;557.34
993;SAQUAREMA;RJ;Privada;Urbana;47;549.57;581.06;515.35;547.49;593.19;557.33
994;SAO BENEDITO;CE;Privada;Urbana;33;536.77;566.42;513.93;510.52;658.18;557.16
995;ITARARE;SP;Privada;Urbana;32;543.33;591.09;537.08;544.68;569.38;557.11
996;CAMPO LIMPO PAULISTA;SP;Privada;Urbana;100;549.77;592.04;536.29;545.62;561.8;557.1
997;UMBAUBA;SE;Privada;Urbana;24;531.61;586.3;525.85;528.42;613.33;557.1
998;VARZEA DA PALMA;MG;Privada;Urbana;26;535.88;571.24;527.41;520.44;630.0;557.0
999;CACONDE;SP;Privada;Urbana;11;554.45;576.61;552.45;548.28;552.73;556.9
1000;MATEUS LEME;MG;Privada;Urbana;19;541.08;568.28;515.4;533.37;626.32;556.89
1001;SAO JOAQUIM DE BICAS;MG;Privada;Urbana;7;541.64;575.47;560.79;566.51;540.0;556.88
1002;ARINOS;MG;Privada;Urbana;3;501.0;530.03;569.87;529.47;653.33;556.74
1003;MONTE CARMELO;MG;Privada;Urbana;32;551.9;596.02;535.78;537.41;562.5;556.72
1004;PORTO VELHO;RO;Federal;Urbana;146;546.1;594.23;522.13;548.07;572.74;556.66
1005;APODI;RN;Federal;Urbana;96;539.9;582.01;525.3;530.65;605.21;556.61
1006;RIBEIRA DO POMBAL;BA;Privada;Urbana;64;559.05;582.71;536.21;513.69;591.25;556.58
1007;ARIQUEMES;RO;Privada;Urbana;52;544.11;577.19;519.62;548.31;593.52;556.55
1008;FAXINAL;PR;Privada;Urbana;26;545.68;579.17;538.45;543.3;576.15;556.55
1009;GASPAR;SC;Privada;Urbana;48;543.99;590.5;529.23;563.56;555.42;556.54
1010;LUZIANIA;GO;Privada;Urbana;79;546.17;596.13;536.73;543.98;559.49;556.5
1011;HORTOLANDIA;SP;Privada;Urbana;184;542.46;579.33;528.14;540.35;591.85;556.43
1012;BRUMADO;BA;Privada;Urbana;87;537.36;575.27;539.06;528.88;601.38;556.39
1013;ALTONIA;PR;Privada;Rural;16;550.05;597.31;533.36;538.67;562.5;556.38
1014;CACERES;MT;Privada;Urbana;109;546.66;578.21;532.12;516.53;608.26;556.36
1015;SANTO ANTONIO DA PATRULHA;RS;Privada;Urbana;19;561.88;584.8;504.49;533.53;596.84;556.31
1016;MARECHAL CANDIDO RONDON;PR;Privada;Urbana;124;544.28;588.15;525.94;543.04;579.84;556.25
1017;SAO PEDRO DA ALDEIA;RJ;Privada;Urbana;101;546.39;588.77;520.5;541.58;583.96;556.24
1018;FRANCO DA ROCHA;SP;Privada;Urbana;63;554.21;589.81;514.65;513.16;609.21;556.21
1019;BOQUIM;SE;Privada;Urbana;40;531.23;573.78;513.72;502.8;659.5;556.21
1020;RIACHAO DO JACUIPE;BA;Privada;Urbana;50;546.02;590.08;530.97;525.59;588.0;556.13
1021;LUCAS DO RIO VERDE;MT;Privada;Urbana;91;533.74;586.57;533.39;554.53;572.31;556.11
1022;SANTO ANTONIO DA PLATINA;PR;Municipal;Urbana;1;588.1;565.4;488.1;418.8;720.0;556.08
1023;MACAPA;AP;Federal;Urbana;148;552.55;591.19;519.68;526.08;590.41;555.98
1024;GRAVATA;PE;Privada;Urbana;62;551.41;568.43;527.85;521.02;610.97;555.94
1025;MATIPO;MG;Privada;Urbana;4;503.8;588.28;525.0;632.35;530.0;555.88
1026;PICOS;PI;Privada;Urbana;351;546.82;588.91;529.83;515.71;597.76;555.81
1027;PARAUAPEBAS;PA;Privada;Urbana;246;547.95;593.78;541.27;527.6;568.05;555.73
1028;LEME;SP;Privada;Urbana;123;544.4;584.14;527.82;546.73;575.45;555.71
1029;ORTIGUEIRA;PR;Privada;Urbana;4;565.55;597.42;520.33;540.15;555.0;555.69
1030;SAO MIGUEL DO GUAMA;PA;Privada;Urbana;62;540.86;592.59;530.24;510.5;604.19;555.68
1031;POUSO ALEGRE;MG;Municipal;Urbana;109;546.26;585.86;524.2;524.74;597.25;555.66
1032;BERTIOGA;SP;Privada;Urbana;75;557.83;583.19;526.94;522.13;588.0;555.62
1033;PANAMBI;RS;Privada;Urbana;42;552.51;592.47;533.01;531.37;568.57;555.59
1034;PARAISO DO TOCANTINS;TO;Federal;Urbana;95;549.93;583.8;528.45;535.73;579.79;555.54
1035;MORRINHOS;CE;Privada;Urbana;1;527.2;561.1;468.9;440.4;780.0;555.52
1036;CAFELANDIA;PR;Privada;Urbana;12;523.83;597.39;539.22;539.93;576.67;555.41
1037;MATUPA;MT;Privada;Urbana;23;538.64;591.6;531.55;518.53;596.52;555.37
1038;MOSSORO;RN;Privada;Urbana;769;542.29;582.65;524.16;537.92;589.44;555.29
1039;ABAETETUBA;PA;Privada;Urbana;126;527.28;580.18;521.02;491.69;656.19;555.27
1040;CONTAGEM;MG;Municipal;Urbana;252;545.68;586.7;539.06;541.02;563.41;555.18
1041;PORTO NACIONAL;TO;Federal;Urbana;14;564.39;610.46;507.43;493.29;600.0;555.12
1042;IGUATU;CE;Privada;Urbana;199;542.73;580.45;531.89;536.39;583.52;555.0
1043;RIO BONITO;RJ;Privada;Urbana;97;547.66;591.95;521.37;528.81;585.22;555.0
1044;BOA VISTA;RR;Privada;Urbana;373;541.05;584.61;532.48;529.27;586.92;554.87
1045;GASPAR;SC;Federal;Urbana;2;588.25;595.75;573.3;496.5;520.0;554.76
1046;SAO JOAQUIM DA BARRA;SP;Privada;Urbana;50;531.43;579.54;526.47;521.6;614.4;554.69
1047;PRINCESA ISABEL;PB;Federal;Urbana;26;549.89;596.12;509.32;494.88;623.08;554.66
1048;NOVO HAMBURGO;RS;Privada;Urbana;415;544.2;580.16;513.5;528.08;606.94;554.58
1049;PORCIUNCULA;RJ;Privada;Urbana;6;522.7;559.05;500.82;526.5;663.33;554.48
1050;ITABORAI;RJ;Privada;Rural;25;552.51;591.13;515.36;536.85;576.0;554.37
1051;JARDINOPOLIS;SP;Privada;Urbana;110;539.38;575.75;540.4;539.59;576.55;554.33
1052;GARANHUNS;PE;Privada;Urbana;336;547.63;584.33;523.43;528.97;587.14;554.3
1053;PORTO VELHO;RO;Privada;Rural;3;545.53;582.5;574.93;494.7;573.33;554.2
1054;APUCARANA;PR;Privada;Urbana;319;547.24;587.44;527.32;536.24;572.71;554.19
1055;IMPERATRIZ;MA;Privada;Urbana;548;535.31;582.33;522.64;512.82;617.82;554.18
1056;ALTO ARAGUAIA;MT;Privada;Urbana;9;554.11;596.91;524.14;535.66;560.0;554.16
1057;MAUA;SP;Privada;Urbana;429;551.24;581.01;525.37;527.95;584.01;553.92
1058;RIO NEGRINHO;SC;Privada;Urbana;34;548.71;578.19;543.46;556.83;542.35;553.91
1059;REGENTE FEIJO;SP;Privada;Urbana;47;549.73;581.9;513.05;513.85;610.21;553.75
1060;BARBALHA;CE;Privada;Urbana;79;531.81;574.65;521.39;529.96;610.89;553.74
1061;APARECIDA DO TABOADO;MS;Privada;Urbana;6;547.6;533.55;550.05;570.28;566.67;553.63
1062;MANAUS;AM;Privada;Urbana;2860;542.76;586.55;523.14;524.85;590.81;553.62
1063;LAGUNA;SC;Privada;Urbana;87;544.12;588.34;533.45;532.86;568.74;553.5
1064;DAVINOPOLIS;MA;Municipal;Urbana;1;583.2;619.9;581.6;442.8;540.0;553.5
1065;SANTO ANTONIO DE PADUA;RJ;Municipal;Urbana;7;545.37;563.46;521.59;545.4;591.43;553.45
1066;POCOES;BA;Privada;Urbana;25;539.88;581.16;532.17;544.42;569.6;553.44
1067;SAO VICENTE DO SUL;RS;Federal;Rural;67;544.39;593.89;529.57;552.92;545.97;553.35
1068;CAIEIRAS;SP;Privada;Urbana;117;545.36;580.62;533.73;551.52;555.38;553.32
1069;ITABAIANINHA;SE;Privada;Urbana;18;556.16;584.46;528.97;510.91;585.56;553.21
1070;CRUZ ALTA;RS;Privada;Urbana;90;555.34;588.76;526.1;531.4;564.4;553.2
1071;SURUBIM;PE;Privada;Urbana;116;531.63;573.86;524.59;541.39;594.14;553.12
1072;INCONFIDENTES;MG;Federal;Urbana;138;541.26;582.63;541.28;548.58;551.67;553.08
1073;CANOAS;RS;Privada;Urbana;570;549.56;582.15;523.33;550.07;560.14;553.05
1074;BOM JARDIM;RJ;Estadual;Rural;12;555.67;568.1;528.34;510.87;601.67;552.93
1075;COLORADO DO OESTE;RO;Federal;Rural;96;537.03;584.73;542.0;544.99;555.62;552.88
1076;CLAUDIA;MT;Privada;Urbana;5;564.36;591.9;534.04;502.08;572.0;552.88
1077;RIBEIRAO DO PINHAL;PR;Privada;Urbana;13;549.25;602.39;538.82;566.19;507.69;552.87
1078;CALDAS NOVAS;GO;Privada;Urbana;99;543.77;586.5;520.51;526.72;586.46;552.79
1079;SERTAOZINHO;SP;Estadual;Rural;1;511.4;593.0;509.0;430.5;720.0;552.78
1080;NEPOMUCENO;MG;Privada;Urbana;32;536.39;572.99;546.83;552.84;552.5;552.31
1081;POA;SP;Privada;Urbana;82;552.79;581.63;528.2;541.7;557.07;552.28
1082;LIVRAMENTO DE NOSSA SENHORA;BA;Privada;Urbana;17;526.38;574.19;535.45;515.66;609.41;552.22
1083;ITUIUTABA;MG;Privada;Urbana;112;540.89;578.29;528.93;533.24;579.64;552.2
1084;ITAQUAQUECETUBA;SP;Privada;Urbana;87;546.84;583.68;524.33;538.27;567.13;552.05
1085;LAGO DA PEDRA;MA;Estadual;Rural;1;540.0;613.4;554.1;472.4;580.0;551.98
1086;CACOAL;RO;Federal;Urbana;26;554.19;587.3;550.7;521.23;546.15;551.92
1087;PAULO AFONSO;BA;Federal;Urbana;39;540.0;580.75;511.35;534.05;593.33;551.9
1088;PRESIDENTE VENCESLAU;SP;Estadual;Rural;97;543.1;579.72;520.13;526.96;589.2;551.82
1089;SALTO DE PIRAPORA;SP;Privada;Urbana;15;515.31;568.49;514.03;553.1;608.0;551.78
1090;VILHENA;RO;Privada;Urbana;87;543.37;579.71;519.71;534.38;581.61;551.76
1091;ITABORAI;RJ;Privada;Urbana;243;547.27;586.35;515.52;503.73;605.51;551.68
1092;IGARASSU;PE;Privada;Urbana;99;545.62;583.07;524.06;515.44;589.9;551.62
1093;AREIA;PB;Privada;Urbana;41;539.47;579.05;514.88;511.7;611.71;551.36
1094;SANTA TERESA;ES;Federal;Rural;101;527.43;569.22;528.74;520.04;611.29;551.34
1095;CORONEL XAVIER CHAVES;MG;Estadual;Urbana;27;530.35;561.76;498.44;532.39;633.33;551.26
1096;SAO FIDELIS;RJ;Privada;Urbana;13;530.78;575.88;537.92;522.29;589.23;551.22
1097;PORTO BELO;SC;Privada;Urbana;27;547.86;580.47;527.49;516.31;583.7;551.17
1098;MAGE;RJ;Municipal;Urbana;1;535.0;601.3;596.1;503.3;520.0;551.14
1099;SAO JOSE DA COROA GRANDE;PE;Privada;Urbana;14;550.11;557.39;535.66;502.01;610.0;551.04
1100;JAGUARAO;RS;Privada;Urbana;15;546.97;572.78;513.33;515.22;606.67;550.99
1101;SANTO AUGUSTO;RS;Federal;Rural;80;540.92;577.71;529.32;533.69;573.0;550.93
1102;COCAL DOS ALVES;PI;Estadual;Urbana;32;541.89;573.75;541.56;550.31;546.88;550.88
1103;SUMARE;SP;Municipal;Urbana;164;552.77;588.56;509.04;540.11;563.78;550.85
1104;TAMBAU;SP;Privada;Urbana;48;552.13;572.42;527.48;550.49;551.67;550.84
1105;GRAVATAI;RS;Privada;Urbana;372;542.53;586.07;518.42;533.92;572.8;550.75
1106;PRUDENTOPOLIS;PR;Privada;Urbana;49;547.14;587.63;527.67;530.74;560.0;550.63
1107;PRAIA GRANDE;SP;Privada;Urbana;335;544.11;578.63;522.91;534.72;571.88;550.45
1108;CERQUILHO;SP;Privada;Urbana;70;547.38;576.95;521.27;541.79;564.57;550.39
1109;HUMAITA;AM;Privada;Urbana;7;557.63;576.46;503.53;508.57;605.71;550.38
1110;CARIACICA;ES;Privada;Urbana;420;544.84;582.13;529.09;547.36;548.34;550.35
1111;COLIDER;MT;Privada;Urbana;21;532.67;579.92;518.03;513.4;607.62;550.33
1112;BOCAIUVA;MG;Privada;Urbana;56;537.81;588.93;539.7;524.79;560.36;550.32
1113;LACERDOPOLIS;SC;Estadual;Urbana;18;530.33;570.91;518.4;558.58;573.33;550.31
1114;PINHEIROS;ES;Privada;Urbana;6;546.47;588.08;568.25;545.32;503.33;550.29
1115;IPIAU;BA;Privada;Urbana;57;526.11;585.31;518.51;527.46;594.04;550.28
1116;MIRANDOPOLIS;SP;Privada;Urbana;78;547.84;581.45;521.41;521.4;579.23;550.27
1117;BANDEIRANTES;PR;Privada;Urbana;80;533.84;583.77;523.9;504.61;605.25;550.27
1118;SANTA CRUZ DO RIO PARDO;SP;Estadual;Rural;57;547.59;589.37;528.35;538.61;546.67;550.12
1119;OLINDA;PE;Privada;Urbana;1136;547.16;581.61;522.17;522.56;576.85;550.07
1120;SINIMBU;RS;Estadual;Urbana;25;547.8;575.59;525.55;523.02;578.4;550.07
1121;SEROPEDICA;RJ;Privada;Urbana;53;544.08;584.49;516.98;509.32;594.72;549.92
1122;OURICURI;PE;Federal;Urbana;23;521.18;589.52;529.04;558.75;550.43;549.79
1123;JUQUITIBA;SP;Privada;Urbana;12;526.76;552.71;531.52;569.61;568.33;549.79
1124;VALENCA;BA;Privada;Urbana;112;554.21;584.98;520.82;524.71;563.75;549.69
1125;RIO BRANCO;AC;Privada;Urbana;608;540.67;584.01;523.83;520.57;579.29;549.67
1126;PIRES DO RIO;GO;Privada;Urbana;117;536.69;573.62;535.99;533.29;567.86;549.49
1127;TIANGUA;CE;Privada;Urbana;73;529.21;575.52;510.68;503.58;627.95;549.39
1128;POSSE;GO;Privada;Urbana;12;554.0;593.6;511.23;478.1;610.0;549.39
1129;OURILANDIA DO NORTE;PA;Privada;Urbana;58;537.19;590.16;519.3;523.98;576.21;549.37
1130;BAGE;RS;Privada;Urbana;156;549.04;581.49;518.4;527.32;570.51;549.35
1131;CICERO DANTAS;BA;Privada;Urbana;20;546.83;574.81;524.2;495.3;605.0;549.23
1132;SANTA CLARA DO SUL;RS;Estadual;Urbana;26;533.6;561.38;517.03;558.3;575.38;549.14
1133;CAPELINHA;MG;Privada;Urbana;14;533.02;571.64;514.99;573.86;551.43;548.99
1134;MILAGRES;CE;Privada;Urbana;26;526.92;576.99;525.55;498.48;616.92;548.97
1135;CARAUBAS;RN;Privada;Urbana;5;522.94;561.4;539.8;560.6;560.0;548.95
1136;PARATY;RJ;Privada;Urbana;48;545.54;594.94;530.49;512.18;561.56;548.94
1137;RESENDE COSTA;MG;Estadual;Urbana;67;527.94;558.75;519.32;551.45;586.87;548.87
1138;COLATINA;ES;Federal;Rural;74;523.41;577.59;532.98;544.12;566.22;548.86
1139;MAJOR GERCINO;SC;Estadual;Rural;4;552.05;564.6;488.62;428.9;710.0;548.84
1140;CRUZEIRO DO SUL;AC;Privada;Urbana;34;553.26;588.11;524.78;493.28;584.71;548.83
1141;SAPE;PB;Privada;Urbana;46;534.65;573.51;517.53;517.02;601.3;548.8
1142;MISSAO VELHA;CE;Privada;Urbana;7;537.01;587.03;523.49;524.86;571.43;548.76
1143;RIO MARIA;PA;Privada;Urbana;6;553.62;602.28;513.32;524.27;550.0;548.7
1144;PRESIDENTE FIGUEIREDO;AM;Privada;Rural;10;537.98;586.99;513.15;443.05;662.0;548.63
1145;ACAILANDIA;MA;Federal;Urbana;122;544.07;589.92;516.42;523.58;569.18;548.63
1146;FEIRA DE SANTANA;BA;Federal;Urbana;4;559.6;585.17;538.48;434.82;625.0;548.62
1147;WESTFALIA;RS;Estadual;Urbana;14;524.34;567.8;509.35;535.58;605.71;548.56
1148;CARUARU;PE;Privada;Urbana;965;537.12;578.5;518.69;527.7;580.26;548.45
1149;RIO DAS OSTRAS;RJ;Municipal;Urbana;54;561.83;583.76;504.44;508.78;583.33;548.43
1150;MARATAIZES;ES;Privada;Urbana;32;533.52;573.38;514.74;519.89;600.0;548.31
1151;ARAPONGAS;PR;Privada;Urbana;161;541.75;580.46;527.85;527.27;564.07;548.28
1152;SAO GONCALO DO AMARANTE;RN;Federal;Urbana;5;517.72;587.14;539.86;620.36;476.0;548.22
1153;NOVA RAMADA;RS;Estadual;Rural;12;548.73;572.99;516.91;493.68;608.33;548.13
1154;CURRAIS NOVOS;RN;Privada;Urbana;89;538.73;583.38;527.4;514.2;576.18;547.98
1155;BUIQUE;PE;Municipal;Rural;1;547.9;607.1;573.2;551.6;460.0;547.96
1156;ESTANCIA;SE;Privada;Urbana;171;538.0;588.35;516.18;508.82;588.42;547.95
1157;SAPIRANGA;RS;Privada;Urbana;50;542.57;585.78;517.3;544.49;549.42;547.91
1158;ANANINDEUA;PA;Privada;Urbana;1336;537.53;582.32;525.2;502.13;591.95;547.83
1159;PORTO SEGURO;BA;Privada;Rural;21;550.49;575.9;527.7;514.16;570.48;547.75
1160;IPUA;SP;Privada;Urbana;35;526.95;575.6;532.36;529.06;574.29;547.65
1161;QUIXERE;CE;Privada;Urbana;26;536.76;561.4;519.88;533.28;586.92;547.65
1162;RIOLANDIA;SP;Privada;Urbana;16;542.86;570.18;526.69;535.91;562.5;547.63
1163;CAJAMAR;SP;Privada;Urbana;37;549.7;586.07;521.21;523.12;557.84;547.59
1164;PATOS DO PIAUI;PI;Estadual;Rural;1;555.7;600.4;522.5;459.3;600.0;547.58
1165;CAJURU;SP;Privada;Urbana;26;547.54;568.26;519.55;536.27;566.15;547.55
1166;SERTAO;RS;Federal;Rural;83;532.53;574.4;538.2;568.05;524.58;547.55
1167;BUENO BRANDAO;MG;Estadual;Urbana;67;539.71;581.53;524.07;515.46;576.4;547.43
1168;TAQUARI;RS;Privada;Urbana;14;527.7;556.36;518.24;561.91;572.86;547.41
1169;PARAIBA DO SUL;RJ;Privada;Urbana;17;532.05;587.01;525.5;528.79;563.53;547.38
1170;CRIXAS;GO;Privada;Urbana;25;566.36;583.69;538.44;510.0;538.4;547.38
1171;MANDAGUARI;PR;Privada;Urbana;26;537.11;586.03;506.43;511.48;595.38;547.29
1172;SANTANA DO ACARAU;CE;Privada;Urbana;12;560.35;565.52;495.52;520.06;595.0;547.29
1173;GOIANA;MG;Estadual;Urbana;25;528.76;595.57;522.01;544.32;544.8;547.09
1174;BARRA DE SAO FRANCISCO;ES;Privada;Urbana;22;531.39;557.38;538.41;535.49;572.73;547.08
1175;BRODOWSKI;SP;Privada;Urbana;12;527.73;582.65;526.01;515.64;583.33;547.07
1176;PICOS;PI;Federal;Urbana;89;546.15;588.72;519.26;495.54;585.62;547.06
1177;ITAIOPOLIS;SC;Privada;Urbana;7;550.71;576.2;542.23;503.96;562.14;547.05
1178;ESTRELA D OESTE;SP;Privada;Urbana;11;524.74;550.29;523.83;505.48;630.91;547.05
1179;SAO DOMINGOS DO SUL;RS;Estadual;Urbana;21;523.59;574.5;535.88;546.51;554.29;546.95
1180;ITAPEVI;SP;Privada;Urbana;75;553.26;578.75;512.58;519.23;570.47;546.86
1181;TRES LAGOAS;MS;Privada;Urbana;180;534.35;577.38;531.38;529.88;561.33;546.86
1182;GUARACIABA DO NORTE;CE;Privada;Urbana;15;519.11;559.27;509.88;516.72;629.33;546.86
1183;MAGE;RJ;Privada;Urbana;311;538.36;573.76;525.92;521.11;574.98;546.82
1184;SAO GONCALO;RJ;Privada;Urbana;1940;540.24;579.76;513.39;511.22;589.32;546.79
1185;SAO VICENTE;SP;Privada;Urbana;362;547.99;578.77;514.04;528.61;564.36;546.75
1186;BARUERI;SP;Municipal;Urbana;1761;547.19;580.02;508.81;527.83;569.78;546.73
1187;FARROUPILHA;RS;Privada;Urbana;63;545.07;574.09;508.53;493.82;612.06;546.71
1188;EMBU-GUACU;SP;Privada;Urbana;65;543.65;576.78;504.5;533.26;575.29;546.7
1189;CONCEICAO DA FEIRA;BA;Municipal;Urbana;1;601.6;592.6;536.5;522.6;480.0;546.66
1190;SAO JOAO DOS PATOS;MA;Federal;Urbana;33;530.54;585.45;520.69;535.31;560.61;546.52
1191;SANT ANA DO LIVRAMENTO;RS;Privada;Urbana;79;543.77;576.76;513.29;522.05;576.71;546.51
1192;PARANAPUA;SP;Estadual;Urbana;17;528.45;569.12;530.98;516.64;587.06;546.45
1193;SANTO ESTEVAO;BA;Privada;Urbana;21;538.2;562.71;513.0;532.42;585.71;546.41
1194;PAULISTANA;PI;Federal;Urbana;24;527.49;574.19;527.34;549.85;552.5;546.27
1195;CAJAZEIRAS;PB;Privada;Urbana;193;530.7;571.68;510.24;501.82;616.74;546.23
1196;CAMPOS NOVOS;SC;Privada;Urbana;20;530.87;584.33;511.32;536.58;568.0;546.22
1197;ALTOS;PI;Privada;Urbana;21;534.91;581.97;519.84;548.36;545.71;546.16
1198;PALMEIRAS DE GOIAS;GO;Privada;Urbana;45;541.13;576.51;533.96;547.85;531.11;546.11
1199;CANARANA;MT;Privada;Urbana;12;538.94;569.33;543.0;520.8;558.33;546.08
1200;PRIMAVERA DO LESTE;MT;Privada;Urbana;78;533.76;572.85;532.16;519.85;571.54;546.03
1201;CASTANHAL;PA;Privada;Urbana;472;537.78;580.09;528.89;499.57;583.25;545.92
1202;JARINU;SP;Privada;Rural;11;533.11;557.03;515.95;520.57;601.82;545.69
1203;MONDAI;SC;Municipal;Urbana;1;552.6;662.1;582.9;550.8;380.0;545.68
1204;CAMANDUCAIA;MG;Privada;Urbana;20;528.16;584.31;513.71;507.89;594.0;545.62
1205;PAULO AFONSO;BA;Privada;Urbana;155;542.98;575.75;522.43;519.1;567.61;545.57
1206;SALINAS;MG;Federal;Rural;123;531.05;578.56;517.01;546.08;555.12;545.56
1207;GUARUJA;SP;Privada;Urbana;231;538.06;575.28;517.45;520.69;576.28;545.55
1208;NOVA ODESSA;SP;Privada;Urbana;148;544.85;573.02;511.03;523.76;575.0;545.53
1209;BENTO GONCALVES;RS;Municipal;Urbana;44;545.42;585.03;501.4;525.99;569.55;545.48
1210;PRESIDENTE EPITACIO;SP;Privada;Urbana;100;539.56;575.76;517.4;523.7;570.8;545.44
1211;MACHADO;MG;Federal;Rural;98;535.48;571.04;521.34;540.53;558.78;545.43
1212;ENGENHEIRO COELHO;SP;Privada;Rural;53;533.76;587.14;521.51;534.7;549.81;545.38
1213;PARANAVAI;PR;Privada;Urbana;291;539.61;574.34;521.89;517.33;573.61;545.36
1214;TAUA;CE;Privada;Urbana;31;532.52;568.43;516.64;512.15;596.77;545.3
1215;ARCOVERDE;PE;Privada;Urbana;142;546.8;582.79;514.57;522.2;560.0;545.27
1216;ALUMINIO;SP;Privada;Urbana;33;560.18;581.53;515.61;519.3;549.7;545.26
1217;MARMELEIRO;PR;Estadual;Rural;11;551.55;591.42;520.23;530.33;532.73;545.25
1218;ARAPIRACA;AL;Privada;Urbana;611;538.97;573.5;513.86;510.61;589.3;545.25
1219;PARANAGUA;PR;Privada;Urbana;216;538.24;575.22;516.99;534.51;561.2;545.23
1220;JARINU;SP;Privada;Urbana;7;547.01;570.63;496.96;502.83;608.57;545.2
1221;BELA VISTA DE GOIAS;GO;Privada;Urbana;29;534.73;573.16;536.13;533.68;546.9;544.92
1222;PIRACICABA;SP;Municipal;Urbana;29;531.87;575.2;533.54;565.36;518.62;544.92
1223;BOM JESUS DOS PERDOES;SP;Privada;Urbana;6;544.33;597.67;525.85;566.62;490.0;544.89
1224;CASSILANDIA;MS;Privada;Urbana;36;524.44;579.01;515.02;508.92;596.11;544.7
1225;JACOBINA;BA;Privada;Urbana;95;532.72;575.51;517.21;516.55;581.47;544.69
1226;CACHOEIRAS DE MACACU;RJ;Privada;Urbana;50;535.34;578.44;513.94;509.07;586.4;544.64
1227;PONTAL;SP;Privada;Urbana;24;535.16;575.12;535.78;549.65;527.5;544.64
1228;RIO NEGRO;PR;Privada;Urbana;114;539.81;580.06;523.48;533.92;545.61;544.58
1229;QUIRINOPOLIS;GO;Privada;Urbana;82;539.29;570.92;521.7;517.74;573.17;544.56
1230;ARAGUAINA;TO;Federal;Urbana;17;544.94;591.76;495.42;538.79;551.76;544.54
1231;CORUMBA;MS;Privada;Urbana;173;534.56;581.07;525.06;523.0;558.96;544.53
1232;SARANDI;PR;Privada;Urbana;7;514.66;583.2;502.34;479.23;642.86;544.46
1233;SANTO ANTONIO DO PALMA;RS;Estadual;Urbana;17;524.28;570.88;502.17;529.49;595.29;544.42
1234;ALVARES MACHADO;SP;Privada;Urbana;58;524.61;565.79;528.03;535.74;567.59;544.35
1235;PILAR DO SUL;SP;Privada;Urbana;7;527.41;550.44;552.89;576.67;514.29;544.34
1236;GOIAS;GO;Federal;Urbana;31;543.09;586.16;510.71;497.44;583.87;544.26
1237;DIADEMA;SP;Privada;Urbana;346;547.0;577.53;515.11;523.12;558.55;544.26
1238;CACHOEIRA;BA;Privada;Rural;81;535.01;576.04;521.72;505.06;583.46;544.26
1239;PIRACURUCA;PI;Privada;Urbana;27;525.45;570.65;518.07;506.35;600.74;544.25
1240;JI-PARANA;RO;Privada;Urbana;40;541.24;567.6;514.72;514.13;583.5;544.24
1241;FORQUILHINHA;SC;Privada;Urbana;9;515.46;578.3;512.17;515.0;600.0;544.18
1242;MACEIO;AL;Privada;Urbana;3789;533.9;571.77;515.13;517.9;581.62;544.07
1243;BREJO SANTO;CE;Privada;Urbana;57;544.06;570.56;524.15;495.57;585.96;544.06
1244;IPORA;GO;Privada;Urbana;23;533.07;567.68;511.27;534.93;573.04;544.0
1245;SUMIDOURO;RJ;Municipal;Urbana;1;512.4;550.2;554.7;582.4;520.0;543.94
1246;SANTO ANTONIO DO LEVERGER;MT;Federal;Rural;49;525.8;582.64;541.21;551.54;518.37;543.91
1247;PARELHAS;RN;Privada;Urbana;22;526.46;566.4;503.39;556.77;566.36;543.88
1248;MACAPA;AP;Privada;Urbana;855;536.82;579.15;514.15;496.75;592.02;543.78
1249;CANOINHAS;SC;Privada;Urbana;31;541.68;588.08;522.55;544.96;521.61;543.78
1250;JARAGUA;GO;Privada;Urbana;54;540.43;572.32;526.9;515.87;563.33;543.77
1251;JAGUARIAIVA;PR;Privada;Urbana;45;541.41;572.3;529.49;536.02;539.56;543.75
1252;SAO CAITANO;PE;Privada;Urbana;28;522.65;568.7;503.62;528.61;595.0;543.72
1253;IPU;CE;Privada;Urbana;55;537.17;565.46;525.57;512.49;577.82;543.7
1254;ARACI;BA;Privada;Urbana;19;527.53;558.41;523.9;532.69;575.79;543.66
1255;MUQUI;ES;Privada;Urbana;7;541.44;583.46;483.46;555.54;554.29;543.64
1256;BARRA DO MENDES;BA;Privada;Urbana;12;539.32;569.74;478.76;505.39;625.0;543.64
1257;ABADIANIA;GO;Privada;Rural;64;539.7;578.98;513.29;522.39;563.75;543.62
1258;PORTO FRANCO;MA;Privada;Urbana;12;538.29;575.02;505.16;544.52;555.0;543.6
1259;ROSANA;SP;Privada;Urbana;28;529.27;587.71;528.06;511.31;561.43;543.56
1260;DOIS VIZINHOS;PR;Privada;Urbana;46;538.6;576.95;532.98;553.52;515.65;543.54
1261;JAPERI;RJ;Municipal;Urbana;1;551.0;554.8;545.5;546.2;520.0;543.5
1262;RIO PARDO;RS;Privada;Urbana;9;543.71;572.17;510.7;504.01;586.67;543.45
1263;COTIPORA;RS;Estadual;Urbana;19;531.16;576.67;512.45;513.82;583.16;543.45
1264;GUAJARA-MIRIM;RO;Privada;Urbana;30;540.83;574.5;522.45;507.96;571.33;543.41
1265;AGUDO;RS;Estadual;Rural;12;525.38;550.73;524.62;542.86;573.33;543.38
1266;MONTEIRO;PB;Federal;Urbana;48;540.7;582.42;518.58;500.77;574.17;543.33
1267;IGUAPE;SP;Privada;Urbana;31;534.55;568.93;519.05;513.25;580.65;543.28
1268;BELA VISTA DO PARAISO;PR;Privada;Urbana;23;535.59;579.57;531.52;522.02;546.96;543.13
1269;BARRA DO GARCAS;MT;Federal;Urbana;73;544.68;583.97;513.82;511.6;561.37;543.09
1270;AGUA BOA;MT;Privada;Urbana;30;535.03;576.74;516.33;512.45;574.67;543.05
1271;CAMPO MAIOR;PI;Privada;Urbana;91;536.37;569.89;520.7;528.63;559.56;543.03
1272;MONGAGUA;SP;Privada;Urbana;37;544.02;577.24;503.75;514.95;575.14;543.02
1273;POTIRENDABA;SP;Privada;Urbana;6;505.53;557.57;504.17;561.17;586.67;543.02
1274;PORTO NACIONAL;TO;Privada;Urbana;90;533.4;577.49;535.07;512.66;556.22;542.97
1275;PARACAMBI;RJ;Privada;Urbana;64;545.43;578.01;503.19;504.99;583.23;542.97
1276;PENEDO;AL;Federal;Urbana;33;534.16;574.25;511.67;529.2;565.45;542.95
1277;SANTA MARIA;RS;Privada;Rural;58;543.31;580.42;519.23;511.39;560.34;542.94
1278;CACHOEIRO DE ITAPEMIRIM;ES;Municipal;Urbana;1;531.7;564.3;416.8;581.8;620.0;542.92
1279;TABULEIRO DO NORTE;CE;Privada;Urbana;17;537.05;565.28;510.95;521.21;580.0;542.9
1280;CIDADE OCIDENTAL;GO;Privada;Urbana;46;554.62;574.12;505.51;508.94;571.3;542.9
1281;AQUIDAUANA;MS;Federal;Urbana;21;532.57;573.4;520.43;520.42;567.62;542.89
1282;SAO FRANCISCO DE PAULA;RS;Privada;Urbana;15;542.17;587.97;512.05;541.07;530.67;542.79
1283;GUARABIRA;PB;Privada;Urbana;334;534.49;572.49;518.76;511.45;576.59;542.76
1284;PARAIPABA;CE;Privada;Urbana;24;534.1;577.52;516.91;532.37;552.5;542.68
1285;CANDELARIA;RS;Privada;Urbana;48;540.02;573.34;493.79;514.82;591.25;542.64
1286;RINCAO;SP;Privada;Urbana;8;537.75;559.83;513.02;514.5;587.5;542.52
1287;SAO JOAQUIM;SC;Privada;Urbana;15;552.51;586.66;514.59;499.8;558.67;542.44
1288;BOM PRINCIPIO;RS;Estadual;Urbana;70;536.44;568.47;505.85;508.31;593.14;542.44
1289;JAPERI;RJ;Privada;Urbana;23;539.44;582.19;507.19;499.92;583.48;542.44
1290;IMBITUVA;PR;Privada;Urbana;19;543.65;590.56;529.46;561.1;487.37;542.43
1291;CORONEL VIVIDA;PR;Privada;Urbana;22;531.3;581.94;521.49;542.75;534.55;542.41
1292;SAO BORJA;RS;Privada;Urbana;22;525.4;581.17;513.64;506.36;585.45;542.41
1293;BIRIGUI;SP;Federal;Urbana;1;563.8;573.9;455.0;559.3;560.0;542.4
1294;FLORESTA;PE;Federal;Urbana;52;538.03;579.29;522.97;518.8;552.69;542.36
1295;SANTA INES;MA;Federal;Urbana;109;523.72;571.54;511.43;530.4;574.5;542.32
1296;BROTAS;SP;Privada;Urbana;46;552.07;574.33;528.2;528.97;527.83;542.28
1297;SAO JOSE DOS PINHAIS;PR;Privada;Urbana;436;539.85;579.16;517.36;530.23;543.79;542.08
1298;ACARAU;CE;Privada;Urbana;30;527.41;558.35;520.84;521.35;582.0;541.99
1299;VILA RICA;MT;Privada;Urbana;9;540.19;572.18;547.31;532.1;517.78;541.91
1300;PALMITAL;SP;Privada;Urbana;22;542.45;587.0;530.88;529.18;520.0;541.9
1301;ICARA;SC;Privada;Urbana;9;535.63;572.4;529.79;516.09;555.56;541.89
1302;RITAPOLIS;MG;Estadual;Urbana;42;545.61;586.79;500.99;505.43;570.48;541.86
1303;APARECIDA DE GOIANIA;GO;Privada;Urbana;770;533.67;577.93;524.99;518.63;553.79;541.8
1304;NOVA PADUA;RS;Estadual;Urbana;13;544.18;559.13;531.96;498.18;575.38;541.77
1305;ITARANTIM;BA;Privada;Urbana;6;533.62;594.35;511.73;498.88;570.0;541.72
1306;NAO-ME-TOQUE;RS;Privada;Urbana;11;539.05;585.02;483.95;552.85;547.27;541.63
1307;MARIALVA;PR;Privada;Urbana;27;529.54;566.13;518.0;492.91;601.48;541.61
1308;NAZARE;BA;Privada;Urbana;26;524.42;579.57;517.45;500.16;586.15;541.55
1309;VOTUPORANGA;SP;Federal;Urbana;13;538.32;579.42;513.22;504.41;572.31;541.54
1310;BRASILIA;DF;Privada;Rural;106;532.37;572.99;507.53;463.88;630.94;541.54
1311;BATATAIS;SP;Privada;Urbana;85;539.13;574.37;524.61;523.36;545.88;541.47
1312;NAVEGANTES;SC;Privada;Urbana;54;531.89;568.98;514.12;530.48;561.85;541.46
1313;PEDREIRAS;MA;Privada;Urbana;110;534.43;578.34;527.44;507.54;559.27;541.4
1314;CORONEL PILAR;RS;Estadual;Urbana;9;498.81;563.18;513.04;591.69;540.0;541.34
1315;GRAJAU;MA;Privada;Urbana;7;542.63;570.69;492.0;501.36;600.0;541.33
1316;CORRENTE;PI;Federal;Urbana;65;537.0;590.95;508.62;501.7;568.31;541.31
1317;POCO DAS ANTAS;RS;Estadual;Urbana;15;506.7;570.59;495.81;579.99;553.33;541.29
1318;CAPAO DA CANOA;RS;Privada;Urbana;36;540.69;575.75;513.14;520.68;556.11;541.28
1319;JURUAIA;MG;Estadual;Urbana;41;538.53;560.74;511.19;535.35;560.49;541.26
1320;PARNAIBA;PI;Privada;Urbana;609;532.73;570.45;522.06;509.72;570.99;541.19
1321;SAO MATEUS DO SUL;PR;Privada;Urbana;39;545.63;577.9;517.77;560.13;504.1;541.1
1322;LARANJAL DO JARI;AP;Federal;Urbana;69;530.67;583.7;521.93;502.54;566.52;541.07
1323;FORMOSA;GO;Privada;Urbana;182;546.01;580.74;521.07;517.73;539.78;541.07
1324;VISCONDE DO RIO BRANCO;MG;Municipal;Urbana;75;534.8;568.22;523.49;539.85;538.93;541.06
1325;ARACATI;CE;Privada;Urbana;199;536.21;570.53;508.17;507.85;582.41;541.04
1326;SAIRE;PE;Privada;Rural;13;538.09;570.4;508.94;505.76;581.54;540.95
1327;PINHAIS;PR;Privada;Urbana;167;537.72;576.68;508.51;525.58;555.93;540.88
1328;TIMBAUBA;PE;Privada;Urbana;78;529.06;571.35;519.68;510.9;573.33;540.87
1329;BALNEARIO ARROIO DO SILVA;SC;Municipal;Urbana;3;554.97;587.4;525.7;482.93;553.33;540.87
1330;NAZARE DA MATA;PE;Privada;Urbana;79;530.18;567.07;518.89;489.62;598.48;540.85
1331;PIRACAIA;SP;Privada;Urbana;21;548.6;570.73;499.59;518.54;566.67;540.82
1332;CEDRO;CE;Federal;Urbana;30;535.72;576.15;495.61;513.13;583.33;540.79
1333;CUBATAO;SP;Privada;Urbana;61;545.39;573.6;512.37;539.13;533.44;540.79
1334;PARAGUACU PAULISTA;SP;Estadual;Rural;63;547.14;588.07;522.86;518.53;527.3;540.78
1335;SUME;PB;Privada;Urbana;14;529.5;543.44;491.94;493.26;645.71;540.77
1336;CAXIAS;MA;Privada;Urbana;77;534.45;585.05;524.36;503.39;556.62;540.77
1337;JANUARIA;MG;Privada;Urbana;25;532.24;574.49;507.09;528.0;561.6;540.68
1338;CAMPO LARGO;PR;Privada;Urbana;184;536.63;569.99;514.73;524.8;557.07;540.64
1339;JACAREZINHO;PR;Privada;Urbana;63;547.85;576.33;507.26;504.13;567.62;540.64
1340;LOANDA;PR;Privada;Urbana;59;532.63;574.16;521.35;507.56;567.46;540.63
1341;AURORA;SC;Estadual;Urbana;30;529.51;575.36;508.59;529.89;559.33;540.54
1342;FLORES DA CUNHA;RS;Estadual;Urbana;129;527.62;567.07;511.8;520.04;576.12;540.53
1343;SAO FELIPE;BA;Privada;Urbana;9;552.5;558.09;526.53;505.13;560.0;540.45
1344;BATAGUASSU;MS;Privada;Urbana;10;544.34;556.77;552.53;532.54;516.0;540.44
1345;ITABAIANA;PB;Municipal;Urbana;2;576.3;610.45;469.75;495.6;550.0;540.42
1346;PRATA;MG;Privada;Urbana;17;546.12;579.79;514.79;516.39;544.71;540.36
1347;ITANHAEM;SP;Privada;Urbana;36;557.31;577.27;525.59;521.61;520.0;540.35
1348;CUITE;PB;Privada;Urbana;37;540.38;573.33;517.53;505.06;565.41;540.34
1349;CACAPAVA DO SUL;RS;Privada;Urbana;10;558.41;583.35;510.89;520.98;528.0;540.33
1350;VITORIA DE SANTO ANTAO;PE;Privada;Urbana;324;538.82;574.61;516.18;512.18;559.75;540.31
1351;QUEDAS DO IGUACU;PR;Privada;Urbana;6;545.4;578.22;564.95;479.22;533.33;540.22
1352;SANTO ANASTACIO;SP;Privada;Urbana;44;534.93;562.9;521.8;514.47;566.82;540.18
1353;ANTONIO CARLOS;SC;Estadual;Urbana;101;524.83;566.49;492.72;526.19;590.5;540.14
1354;SENHORA DE OLIVEIRA;MG;Estadual;Urbana;33;526.25;574.7;511.98;513.66;573.94;540.11
1355;SOMBRIO;SC;Privada;Urbana;11;554.53;581.05;519.15;523.94;521.82;540.1
1356;SIMOES FILHO;BA;Municipal;Urbana;1;542.0;578.4;509.7;410.4;660.0;540.1
1357;JAGUARUANA;CE;Privada;Urbana;24;535.4;586.32;527.21;512.4;538.92;540.05
1358;MORRINHOS;GO;Federal;Rural;35;536.85;579.09;531.34;492.69;560.29;540.05
1359;TOMAZINA;PR;Privada;Urbana;8;529.25;569.99;503.15;525.08;572.5;539.99
1360;ARAGUAINA;TO;Privada;Urbana;267;529.57;570.87;527.7;515.33;556.45;539.98
1361;ALVARENGA;MG;Estadual;Urbana;15;532.11;572.57;492.91;526.17;576.0;539.95
1362;NOVO ORIENTE DE MINAS;MG;Privada;Urbana;11;499.19;571.31;511.8;559.17;558.18;539.93
1363;VISTA ALEGRE DO PRATA;RS;Estadual;Urbana;7;537.76;575.86;507.76;481.06;597.14;539.91
1364;RIO LARGO;AL;Privada;Urbana;67;532.21;568.82;506.8;506.67;584.93;539.88
1365;BELO JARDIM;PE;Privada;Urbana;95;535.98;565.31;514.02;512.58;571.16;539.81
1366;JUAZEIRO;BA;Privada;Urbana;210;528.55;569.75;514.73;501.19;584.67;539.78
1367;ITUMBIARA;GO;Privada;Urbana;246;536.19;574.74;518.24;514.56;554.96;539.74
1368;FLORESTAL;MG;Estadual;Urbana;114;529.73;579.12;521.82;542.14;525.79;539.72
1369;MOGI GUACU;SP;Municipal;Urbana;105;540.37;570.99;522.24;517.88;546.29;539.55
1370;RUBIATABA;GO;Privada;Urbana;1;534.1;609.1;477.6;456.9;620.0;539.54
1371;RIO REAL;BA;Privada;Urbana;36;525.69;571.63;500.16;494.13;606.11;539.54
1372;ALTO PARAISO DE GOIAS;GO;Privada;Rural;1;579.7;634.8;559.9;482.5;440.0;539.38
1373;CAMPO NOVO DO PARECIS;MT;Federal;Rural;31;527.77;576.44;522.83;508.36;561.29;539.34
1374;CHAPADAO DO CEU;GO;Privada;Urbana;12;533.88;568.7;506.24;510.67;576.67;539.23
1375;PONTALINA;GO;Privada;Urbana;25;522.44;548.53;537.99;514.94;572.0;539.18
1376;AMERICO BRASILIENSE;SP;Privada;Urbana;16;536.82;555.15;519.39;524.4;560.0;539.15
1377;VOLTA REDONDA;RJ;Municipal;Urbana;160;537.22;576.93;509.23;519.95;552.38;539.14
1378;JUSSARA;GO;Privada;Urbana;25;521.64;575.06;529.3;491.62;577.6;539.04
1379;VALENCA;BA;Federal;Urbana;110;536.35;583.68;509.98;499.7;565.45;539.03
1380;TREMEMBE;SP;Privada;Urbana;37;536.46;570.6;504.36;490.1;593.51;539.01
1381;MATA DE SAO JOAO;BA;Municipal;Urbana;1;512.4;512.8;448.4;461.4;760.0;539.0
1382;VIAMAO;RS;Privada;Urbana;216;539.77;576.19;507.42;506.28;565.0;538.93
1383;MINACU;GO;Privada;Urbana;47;535.58;574.36;519.91;523.3;540.85;538.8
1384;BARCARENA;PA;Privada;Urbana;139;526.64;565.74;516.41;483.67;601.55;538.8
1385;PIANCO;PB;Privada;Urbana;33;522.87;569.94;501.89;469.48;629.7;538.77
1386;AMAMBAI;MS;Privada;Urbana;11;527.05;575.54;521.53;569.28;500.0;538.68
1387;JABOATAO DOS GUARARAPES;PE;Privada;Urbana;955;537.01;569.86;510.48;512.47;563.58;538.68
1388;NOVA PONTE;MG;Municipal;Urbana;28;538.21;577.5;503.55;531.08;542.14;538.49
1389;RIO GRANDE;RS;Privada;Urbana;312;541.57;573.86;508.15;516.13;552.24;538.39
1390;MACHADINHO D OESTE;RO;Privada;Urbana;6;547.95;588.03;513.23;498.7;543.33;538.25
1391;SALGUEIRO;PE;Federal;Rural;41;539.02;578.19;513.85;538.16;521.95;538.24
1392;BENEVIDES;PA;Privada;Urbana;42;535.68;576.72;515.22;477.3;586.19;538.22
1393;TORRE DE PEDRA;SP;Estadual;Urbana;4;551.6;572.55;507.02;474.65;585.0;538.16
1394;NILOPOLIS;RJ;Privada;Urbana;347;537.28;573.13;505.99;501.91;572.1;538.08
1395;GUAIBA;RS;Privada;Urbana;74;541.55;578.11;502.99;524.06;543.24;537.99
1396;LUCELIA;SP;Privada;Urbana;10;517.26;553.96;519.13;525.42;574.0;537.95
1397;SALGUEIRO;PE;Privada;Urbana;23;520.78;570.81;508.27;509.77;580.0;537.93
1398;CRUZ DAS ALMAS;BA;Privada;Rural;33;524.78;572.95;493.71;531.09;566.67;537.84
1399;TOBIAS BARRETO;SE;Privada;Urbana;51;525.46;570.45;516.31;504.91;571.76;537.78
1400;ITAI;SP;Privada;Urbana;17;534.97;579.61;522.69;526.61;524.71;537.72
1401;SAPEZAL;MT;Privada;Urbana;21;540.14;580.37;532.86;547.13;487.62;537.62
1402;CAMARAGIBE;PE;Privada;Urbana;195;533.85;561.17;514.06;523.81;555.08;537.59
1403;RONDONOPOLIS;MT;Privada;Urbana;261;530.76;566.8;514.94;505.3;569.66;537.49
1404;COLINAS DO TOCANTINS;TO;Privada;Urbana;44;512.2;554.06;528.85;503.08;589.09;537.46
1405;BACABAL;MA;Federal;Urbana;97;543.7;578.94;508.69;521.56;533.2;537.22
1406;PELOTAS;RS;Privada;Urbana;866;536.81;576.26;513.29;513.92;545.77;537.21
1407;IBEMA;PR;Privada;Urbana;7;562.61;565.13;499.61;529.96;528.57;537.18
1408;SERTANOPOLIS;PR;Privada;Urbana;37;518.85;572.37;514.82;534.15;545.41;537.12
1409;BALNEARIO PICARRAS;SC;Privada;Urbana;23;531.76;570.49;519.26;535.22;528.7;537.08
1410;VARGEM GRANDE DO SUL;SP;Privada;Urbana;33;536.82;569.39;519.7;509.52;549.55;537.0
1411;PINHEIRAL;RJ;Privada;Urbana;12;538.51;565.61;486.94;527.01;566.67;536.95
1412;PAULISTANA;PI;Privada;Urbana;7;529.09;579.79;550.04;477.29;548.57;536.95
1413;CEREJEIRAS;RO;Privada;Urbana;8;540.0;567.67;522.26;532.21;522.5;536.93
1414;PE DE SERRA;BA;Privada;Urbana;10;534.94;572.86;488.14;522.3;566.0;536.85
1415;ARARICA;RS;Privada;Urbana;3;565.4;567.43;513.47;464.6;573.33;536.85
1416;POUSO ALEGRE;MG;Municipal;Rural;32;538.97;570.17;506.75;501.33;566.88;536.82
1417;PONTA PORA;MS;Privada;Urbana;80;529.85;561.76;511.54;521.17;559.75;536.81
1418;ZE DOCA;MA;Federal;Urbana;60;506.26;571.78;518.78;511.07;575.67;536.71
1419;ESPLANADA;BA;Privada;Urbana;20;537.06;587.34;503.96;496.84;558.0;536.64
1420;PORTO FELIZ;SP;Privada;Urbana;56;536.98;565.35;501.69;527.69;551.43;536.63
1421;NOVA ANDRADINA;MS;Federal;Rural;60;520.34;570.71;514.22;530.43;547.33;536.6
1422;NOVA SOURE;BA;Privada;Urbana;17;541.03;572.08;521.25;507.62;540.0;536.4
1423;PETROPOLIS;RJ;Municipal;Urbana;156;536.17;574.92;504.41;506.82;559.49;536.36
1424;MACAU;RN;Federal;Urbana;64;529.59;577.46;514.12;507.17;553.44;536.35
1425;CHIADOR;MG;Estadual;Urbana;13;528.41;570.25;500.81;496.07;586.15;536.34
1426;ARMACAO DOS BUZIOS;RJ;Municipal;Urbana;113;543.16;579.97;492.27;489.18;576.99;536.32
1427;ARARANGUA;SC;Federal;Urbana;1;559.8;558.7;561.8;601.3;400.0;536.32
1428;ITAGUARA;MG;Estadual;Urbana;83;536.17;573.43;509.2;526.61;536.14;536.31
1429;QUATRO BARRAS;PR;Privada;Urbana;129;535.62;582.19;514.54;517.11;532.09;536.31
1430;IGUATU;CE;Federal;Urbana;48;535.96;565.47;504.9;495.19;580.0;536.3
1431;IBIRAMA;SC;Federal;Urbana;30;539.61;584.88;503.57;519.2;534.0;536.25
1432;LADARIO;MS;Privada;Urbana;9;550.94;596.9;506.98;488.31;537.78;536.18
1433;RIO BRANCO;AC;Federal;Urbana;43;537.02;574.02;511.76;503.86;553.95;536.12
1434;TEIXEIRAS;MG;Privada;Urbana;9;541.26;586.43;506.36;461.99;584.44;536.1
1435;ENTRE RIOS DE MINAS;MG;Estadual;Urbana;125;530.14;564.66;515.27;521.7;548.64;536.08
1436;URUBICI;SC;Privada;Urbana;11;534.62;570.61;491.65;527.04;556.36;536.05
1437;LAPA;PR;Privada;Urbana;20;528.19;553.69;527.07;550.11;521.0;536.01
1438;ASSAI;PR;Privada;Urbana;64;532.88;571.5;500.97;530.6;544.06;536.0
1439;CAMBORIU;SC;Privada;Urbana;26;539.13;586.07;507.38;517.2;530.0;535.95
1440;ARRAIAL DO CABO;RJ;Privada;Urbana;9;543.51;556.08;508.48;495.92;575.56;535.91
1441;SAO SIMAO;SP;Privada;Urbana;31;529.3;558.39;520.17;527.02;544.52;535.88
1442;PERITIBA;SC;Estadual;Urbana;15;532.23;587.98;519.77;476.69;562.67;535.87
1443;ANTONIO PRADO;RS;Estadual;Urbana;71;536.17;571.03;496.79;509.15;566.2;535.87
1444;SANTA MARIA DA VITORIA;BA;Privada;Urbana;44;542.25;573.93;505.25;494.67;563.18;535.86
1445;CRISTALINA;GO;Privada;Urbana;40;537.17;570.39;530.0;495.19;546.5;535.85
1446;RIO TINTO;PB;Privada;Urbana;12;540.84;571.23;501.8;503.62;561.67;535.83
1447;JULIO DE CASTILHOS;RS;Federal;Rural;63;530.34;566.03;517.7;521.65;543.17;535.78
1448;ENTRE RIOS;BA;Privada;Urbana;16;502.18;566.11;518.48;526.74;565.0;535.7
1449;TRIUNFO;RS;Municipal;Rural;1;580.2;584.7;508.4;425.0;580.0;535.66
1450;ONCA DE PITANGUI;MG;Estadual;Urbana;6;505.95;556.6;506.07;536.1;573.33;535.61
1451;COXIM;MS;Federal;Urbana;30;522.49;565.95;516.25;497.89;575.33;535.58
1452;BATURITE;CE;Privada;Urbana;30;528.76;567.53;505.34;501.48;574.67;535.55
1453;DOM PEDRO;MA;Privada;Urbana;60;532.46;571.7;508.12;513.27;552.0;535.51
1454;FAXINAL DOS GUEDES;SC;Estadual;Rural;3;518.53;589.27;505.23;477.73;586.67;535.49
1455;CONCEICAO DO JACUIPE;BA;Privada;Urbana;53;539.11;571.74;513.2;481.92;571.13;535.42
1456;VILA MARIA;RS;Estadual;Urbana;29;543.62;574.04;479.75;482.38;597.24;535.4
1457;ESTEIO;RS;Privada;Urbana;69;541.74;581.23;503.81;506.07;544.06;535.38
1458;SAO GONCALO DO RIO ABAIXO;MG;Estadual;Urbana;45;536.16;582.57;499.74;519.59;538.67;535.35
1459;CERES;GO;Federal;Rural;146;526.46;579.72;521.03;527.55;521.92;535.34
1460;NOVA ALVORADA;RS;Estadual;Urbana;16;508.64;565.72;503.95;525.45;572.5;535.25
1461;ITAPEMA;SC;Privada;Urbana;86;532.66;572.22;529.17;511.75;530.23;535.21
1462;VANINI;RS;Estadual;Urbana;19;521.04;552.1;507.21;559.73;535.79;535.17
1463;AGUDOS;SP;Privada;Urbana;53;544.08;574.31;505.49;516.66;534.34;534.97
1464;NOVO XINGU;RS;Estadual;Urbana;17;534.22;553.54;523.96;518.33;544.71;534.95
1465;JUINA;MT;Federal;Rural;61;515.73;581.47;525.54;504.77;547.21;534.94
1466;CORDEIROPOLIS;SP;Privada;Urbana;15;531.05;554.05;521.31;494.92;573.33;534.93
1467;NOVA FRIBURGO;RJ;Estadual;Rural;72;529.54;577.32;504.97;499.9;562.78;534.9
1468;PIRAQUARA;PR;Privada;Urbana;7;523.17;580.57;493.13;480.34;597.14;534.87
1469;CAMACARI;BA;Privada;Urbana;158;537.72;572.49;510.96;488.49;564.3;534.79
1470;JABOTICATUBAS;MG;Municipal;Urbana;1;521.4;535.3;513.3;483.9;620.0;534.78
1471;MENDES;RJ;Privada;Urbana;10;558.56;552.93;519.76;489.89;552.0;534.63
1472;MARACACUME;MA;Privada;Urbana;5;532.52;559.96;473.58;475.0;632.0;534.61
1473;ROSARIO DO SUL;RS;Municipal;Urbana;1;485.3;638.2;495.3;533.7;520.0;534.5
1474;SANTA CECILIA DO SUL;RS;Estadual;Urbana;4;525.1;530.22;521.38;500.5;595.0;534.44
1475;JUQUIA;SP;Privada;Urbana;6;537.22;571.53;490.23;466.35;606.67;534.4
1476;MARACANAU;CE;Privada;Urbana;173;533.13;567.26;502.95;491.06;577.57;534.39
1477;CORRENTINA;BA;Privada;Urbana;25;524.63;558.93;514.65;524.67;548.8;534.34
1478;PARAGOMINAS;PA;Privada;Urbana;154;520.66;572.07;520.74;504.59;553.25;534.26
1479;LIMEIRA;SP;Estadual;Urbana;1570;535.26;565.35;506.45;520.71;543.1;534.17
1480;HORIZONTINA;RS;Privada;Urbana;86;527.36;564.69;510.27;516.39;551.63;534.07
1481;GAROPABA;SC;Privada;Urbana;7;548.69;568.31;498.43;528.99;525.71;534.03
1482;CIDADE GAUCHA;PR;Privada;Urbana;6;509.67;543.83;547.95;525.17;543.33;533.99
1483;PIRAI DO SUL;PR;Privada;Urbana;31;543.16;573.24;511.69;522.78;518.71;533.92
1484;CAPANEMA;PA;Privada;Urbana;135;528.28;570.53;512.24;488.27;569.93;533.85
1485;MOGI DAS CRUZES;SP;Municipal;Urbana;4;576.38;602.15;513.6;462.08;515.0;533.84
1486;BRACO DO NORTE;SC;Privada;Urbana;12;529.66;538.88;507.36;558.27;535.0;533.83
1487;BATATAIS;SP;Estadual;Urbana;318;536.68;570.85;507.52;504.24;549.87;533.83
1488;INDEPENDENCIA;CE;Privada;Rural;16;523.14;560.5;508.88;506.36;570.0;533.78
1489;NICOLAU VERGUEIRO;RS;Estadual;Urbana;10;518.62;542.19;499.9;524.15;584.0;533.77
1490;RIO AZUL;PR;Estadual;Rural;3;547.23;571.37;485.77;464.3;600.0;533.73
1491;DESTERRO DE ENTRE RIOS;MG;Estadual;Urbana;26;531.53;581.72;497.05;540.73;516.15;533.44
1492;PAULISTA;PE;Privada;Urbana;657;529.64;566.2;509.61;514.94;546.45;533.37
1493;EUCLIDES DA CUNHA;BA;Privada;Urbana;34;530.4;560.72;500.43;515.16;560.03;533.35
1494;BURITIZAL;SP;Estadual;Urbana;11;536.03;574.68;517.35;528.91;509.09;533.21
1495;SAO JOAO DE MERITI;RJ;Privada;Urbana;714;531.11;565.14;499.67;498.52;571.54;533.2
1496;JOAO MONLEVADE;MG;Estadual;Urbana;506;528.97;567.39;509.87;521.27;538.04;533.11
1497;IBAITI;PR;Privada;Urbana;17;502.74;555.29;515.49;559.95;531.76;533.05
1498;RUY BARBOSA;BA;Privada;Urbana;14;534.38;558.75;496.79;492.25;582.86;533.01
1499;MATO LEITAO;RS;Estadual;Urbana;28;521.78;569.48;498.26;510.85;564.29;532.93
1500;ITAITUBA;PA;Privada;Urbana;141;514.88;565.38;501.01;495.47;587.8;532.91
1501;CRATO;CE;Federal;Rural;55;519.45;568.13;521.89;519.44;535.64;532.91
1502;ADUSTINA;BA;Municipal;Urbana;22;530.85;571.69;506.41;476.49;579.09;532.91
1503;SENADOR FIRMINO;MG;Estadual;Urbana;44;516.72;567.14;494.22;521.45;565.0;532.9
1504;ARARIPINA;PE;Privada;Urbana;104;523.65;560.35;499.25;503.89;577.31;532.89
1505;SANTALUZ;BA;Privada;Urbana;16;548.26;590.21;495.77;506.41;523.75;532.88
1506;CASCAVEL;CE;Privada;Urbana;89;519.89;559.81;499.9;496.2;588.54;532.87
1507;SAO JOSE DO INHACORA;RS;Estadual;Urbana;20;520.16;555.13;516.21;526.59;546.0;532.82
1508;RIO VERDE DE MATO GROSSO;MS;Privada;Urbana;6;519.63;537.75;499.57;516.58;590.0;532.71
1509;MARANGUAPE;CE;Privada;Urbana;106;523.58;554.95;508.6;500.63;575.28;532.61
1510;CERRO GRANDE;RS;Estadual;Urbana;8;520.25;571.81;523.74;504.64;542.5;532.59
1511;MARAGOGI;AL;Federal;Urbana;60;516.55;568.71;505.32;498.58;573.67;532.57
1512;SANTA INES;MA;Privada;Urbana;162;528.62;569.53;508.66;485.68;570.37;532.57
1513;RIO GRANDE;RS;Municipal;Urbana;3;536.77;568.23;544.83;472.8;540.0;532.53
1514;SANTANA DO IPANEMA;AL;Federal;Urbana;13;537.0;568.76;517.32;462.28;576.92;532.46
1515;ARAUCARIA;PR;Privada;Urbana;123;537.38;572.5;504.14;500.43;547.8;532.45
1516;CATU;BA;Privada;Urbana;25;525.56;566.19;488.68;496.87;584.8;532.42
1517;JAGUARARI;BA;Privada;Urbana;49;523.05;563.0;507.43;496.68;571.84;532.4
1518;EDEIA;GO;Privada;Urbana;12;523.7;549.7;509.82;530.34;548.33;532.38
1519;SALINOPOLIS;PA;Privada;Urbana;26;515.08;579.42;519.43;495.65;552.31;532.38
1520;CHARQUEADAS;RS;Privada;Urbana;41;548.78;562.41;479.87;495.05;575.12;532.25
1521;COROATA;MA;Privada;Urbana;41;521.42;552.01;514.02;491.47;581.95;532.17
1522;CASA GRANDE;MG;Estadual;Urbana;26;530.54;572.29;487.39;515.85;554.62;532.14
1523;ACU;RN;Privada;Urbana;120;526.12;563.03;500.27;496.41;574.25;532.02
1524;NOVA IGUACU;RJ;Privada;Urbana;1911;528.82;566.32;502.43;497.17;565.32;532.01
1525;SORRISO;MT;Federal;Urbana;20;511.58;555.7;533.46;503.27;556.0;532.0
1526;RODEIRO;MG;Estadual;Urbana;20;530.1;572.72;498.29;514.47;544.0;531.92
1527;MAMANGUAPE;PB;Privada;Urbana;21;532.6;555.4;501.69;528.9;540.95;531.91
1528;JEQUITINHONHA;MG;Privada;Urbana;10;517.36;572.11;494.25;551.79;524.0;531.9
1529;ALMIRANTE TAMANDARE;PR;Municipal;Urbana;1;517.0;559.0;556.1;407.3;620.0;531.88
1530;SAO FRANCISCO DO SUL;SC;Privada;Urbana;32;539.37;572.28;509.55;490.05;547.5;531.75
1531;BRAGANCA;PA;Privada;Urbana;98;529.18;562.12;498.28;480.39;588.57;531.71
1532;URUPES;SP;Privada;Urbana;56;528.43;565.21;519.13;541.04;504.64;531.69
1533;ROLANTE;RS;Privada;Urbana;4;555.95;562.72;492.92;506.7;540.0;531.66
1534;PINHEIRO;MA;Privada;Urbana;179;534.51;570.14;500.26;460.43;592.74;531.62
1535;DESCOBERTO;MG;Estadual;Urbana;44;519.92;556.28;500.1;504.11;577.27;531.54
1536;NOVA CRUZ;RN;Federal;Urbana;17;545.1;580.54;490.04;512.24;529.41;531.47
1537;AJURICABA;RS;Estadual;Rural;39;529.41;553.73;502.55;501.36;570.26;531.46
1538;SAO BRAS DO SUACUI;MG;Estadual;Urbana;39;522.08;569.52;521.22;491.71;552.31;531.37
1539;CAMBE;PR;Privada;Urbana;86;525.17;570.17;502.59;511.75;546.98;531.33
1540;APARECIDA D OESTE;SP;Estadual;Urbana;20;530.55;555.46;519.52;510.08;541.0;531.32
1541;LUZERNA;SC;Estadual;Urbana;74;516.36;566.33;505.32;532.03;536.22;531.25
1542;SANTA RITA DE CALDAS;MG;Estadual;Urbana;37;527.43;577.26;506.02;481.22;564.32;531.25
1543;MARCO;CE;Privada;Urbana;28;527.42;557.25;509.71;524.74;537.14;531.25
1544;DUQUE DE CAXIAS;RJ;Privada;Urbana;1636;529.27;565.67;505.47;494.87;560.38;531.13
1545;DOIS CORREGOS;SP;Privada;Urbana;42;524.75;561.88;507.87;530.58;530.48;531.11
1546;SIDEROPOLIS;SC;Privada;Urbana;8;523.95;559.52;520.76;525.99;525.0;531.05
1547;AMPARO;SP;Estadual;Urbana;374;536.62;566.48;503.99;506.37;541.71;531.03
1548;COMODORO;MT;Privada;Urbana;8;517.72;552.2;508.09;519.62;557.5;531.03
1549;NITEROI;RJ;Municipal;Urbana;2;557.45;578.15;527.35;532.2;460.0;531.03
1550;PONTES E LACERDA;MT;Federal;Urbana;87;521.23;573.22;510.97;479.5;570.11;531.01
1551;DELMIRO GOUVEIA;AL;Privada;Urbana;67;526.35;557.36;508.38;491.8;570.67;530.91
1552;SANTA CRUZ DO CAPIBARIBE;PE;Privada;Urbana;198;524.05;561.16;500.89;510.99;557.47;530.91
1553;VALPARAISO;SP;Privada;Urbana;21;531.81;545.1;518.96;498.52;560.0;530.88
1554;IVATUBA;PR;Estadual;Urbana;18;529.1;578.79;491.39;487.28;567.78;530.87
1555;GUARATINGUETA;SP;Estadual;Urbana;560;532.83;566.11;502.63;519.03;533.75;530.87
1556;PRESIDENTE DUTRA;MA;Privada;Urbana;45;532.01;565.61;504.98;461.88;589.78;530.85
1557;ITAPAGE;CE;Privada;Urbana;36;522.52;567.41;513.3;499.23;551.11;530.71
1558;BONITO;MS;Privada;Urbana;13;526.26;566.32;513.78;500.92;546.15;530.69
1559;CACOAL;RO;Privada;Urbana;186;525.26;564.64;506.44;503.07;553.76;530.64
1560;ARAPUA;MG;Estadual;Urbana;35;517.08;549.77;509.18;524.84;552.0;530.57
1561;PINHALZINHO;SP;Estadual;Urbana;61;539.85;575.81;493.99;503.44;539.67;530.55
1562;TEODORO SAMPAIO;SP;Privada;Urbana;13;528.58;576.54;506.97;482.03;558.46;530.52
1563;COREMAS;PB;Privada;Urbana;25;503.6;566.6;487.66;486.74;608.0;530.52
1564;CATU;BA;Federal;Urbana;104;519.99;568.96;522.89;488.8;551.73;530.48
1565;NOVA RUSSAS;CE;Privada;Urbana;28;517.45;561.26;522.24;490.74;560.71;530.48
1566;ACOPIARA;CE;Privada;Urbana;14;523.96;555.5;512.99;494.09;565.71;530.45
1567;NOVA PALMA;RS;Estadual;Urbana;66;526.78;569.82;506.13;490.31;559.09;530.42
1568;BELA CRUZ;CE;Privada;Urbana;13;512.31;549.11;501.38;507.73;581.54;530.41
1569;MAE DO RIO;PA;Privada;Urbana;27;534.14;567.23;499.07;481.2;570.37;530.4
1570;JUCURUTU;RN;Privada;Urbana;6;526.55;572.63;514.68;537.72;500.0;530.32
1571;CONSELHEIRO LAFAIETE;MG;Municipal;Urbana;89;533.14;566.05;499.29;514.16;538.43;530.21
1572;SANTA TEREZA;RS;Estadual;Urbana;10;522.29;557.15;513.68;501.72;556.0;530.17
1573;MOJI MIRIM;SP;Estadual;Urbana;474;533.39;570.02;504.26;510.04;533.16;530.17
1574;AGUDO;RS;Estadual;Urbana;97;534.4;569.67;490.82;480.14;575.67;530.14
1575;NOVO HAMBURGO;RS;Estadual;Urbana;1090;533.47;567.03;494.26;514.55;541.29;530.12
1576;SAO PEDRO;SP;Estadual;Urbana;149;535.75;568.5;500.06;491.31;554.77;530.08
1577;SANTO CRISTO;RS;Estadual;Urbana;113;524.83;571.83;500.32;506.07;547.08;530.03
1578;FRANCISCO MORATO;SP;Privada;Urbana;42;535.96;566.26;503.03;490.75;553.81;529.96
1579;RUBIATABA;GO;Estadual;Rural;1;552.7;576.4;473.8;566.8;480.0;529.94
1580;GOIANESIA;GO;Privada;Urbana;30;533.24;575.89;497.88;513.99;528.67;529.93
1581;ITAPETINGA;BA;Federal;Urbana;46;505.34;567.61;497.04;507.87;571.74;529.92
1582;BARRA DO BUGRES;MT;Privada;Urbana;15;534.69;552.18;491.09;490.21;581.33;529.9
1583;JAGUARI;RS;Estadual;Urbana;74;541.55;569.24;495.76;499.96;542.7;529.84
1584;BRASILIA;DF;Federal;Rural;44;515.15;565.2;524.63;521.41;522.73;529.82
1585;COLINA;SP;Municipal;Rural;27;520.78;550.96;506.99;499.61;570.37;529.74
1586;AFOGADOS DA INGAZEIRA;PE;Privada;Urbana;16;535.51;575.33;485.38;511.7;540.75;529.73
1587;POCOS DE CALDAS;MG;Municipal;Urbana;145;533.74;560.85;495.08;511.15;547.72;529.71
1588;DELFIM MOREIRA;MG;Privada;Urbana;30;533.12;570.08;513.68;496.41;535.2;529.7
1589;PARIQUERA-ACU;SP;Privada;Urbana;24;543.05;577.29;520.51;550.98;456.67;529.7
1590;PASSA TEMPO;MG;Estadual;Urbana;44;522.72;556.47;494.42;518.07;556.82;529.7
1591;NOVA PETROPOLIS;RS;Estadual;Urbana;79;537.51;562.86;492.81;512.48;542.78;529.69
1592;BRUSQUE;SC;Municipal;Urbana;14;537.29;571.22;490.34;517.73;531.43;529.6
1593;CACHOEIRA PAULISTA;SP;Privada;Urbana;64;528.07;564.81;504.45;494.68;555.97;529.6
1594;MULITERNO;RS;Estadual;Urbana;11;536.34;571.79;502.31;479.38;558.18;529.6
1595;PIRIPIRI;PI;Federal;Urbana;41;533.23;580.24;502.03;470.34;561.95;529.56
1596;ORIZONA;GO;Municipal;Rural;1;548.9;573.4;481.7;443.4;600.0;529.48
1597;BARRA BONITA;SP;Estadual;Urbana;193;534.35;567.04;505.96;509.48;530.26;529.42
1598;SAO FRANCISCO DE ITABAPOANA;RJ;Privada;Urbana;10;547.08;555.44;481.01;473.49;590.0;529.4
1599;BONFIM;MG;Estadual;Urbana;40;523.19;567.46;521.21;513.98;521.0;529.37
1600;INHUMA;PI;Privada;Urbana;16;531.1;556.67;496.21;510.24;552.5;529.34
1601;ANGELINA;SC;Estadual;Urbana;24;526.31;581.13;514.78;515.05;509.17;529.29
1602;ALFREDO MARCONDES;SP;Estadual;Urbana;20;536.74;577.45;491.19;491.04;550.0;529.28
1603;CACHOEIRINHA;RS;Privada;Urbana;114;533.46;569.92;504.32;498.54;540.0;529.25
1604;CONFRESA;MT;Federal;Urbana;36;521.42;568.89;531.39;476.08;548.33;529.22
1605;ARAPUTANGA;MT;Privada;Urbana;17;532.04;565.3;513.27;489.61;545.88;529.22
1606;QUISSAMA;RJ;Privada;Urbana;32;542.1;560.31;486.41;495.04;561.88;529.15
1607;UNIAO DOS PALMARES;AL;Privada;Urbana;86;516.85;560.55;504.69;484.13;579.53;529.15
1608;CAMPINA VERDE;MG;Privada;Urbana;23;519.37;580.12;530.03;510.83;505.22;529.11
1609;SANTA INES;BA;Federal;Rural;72;525.79;562.72;508.1;492.93;555.28;528.96
1610;PICUI;PB;Privada;Urbana;11;560.85;581.88;522.98;464.41;514.55;528.93
1611;CAMPESTRE;MG;Estadual;Urbana;94;528.4;569.17;488.03;505.03;553.9;528.91
1612;DORES DO TURVO;MG;Estadual;Urbana;30;528.12;560.04;490.87;592.11;473.33;528.89
1613;SATUBA;AL;Federal;Urbana;109;514.21;570.58;510.7;498.28;550.64;528.88
1614;ILHA SOLTEIRA;SP;Estadual;Urbana;155;532.48;565.13;510.2;500.61;535.87;528.86
1615;ICO;CE;Privada;Urbana;32;538.67;568.94;502.74;485.05;548.75;528.83
1616;SANTA MARIA MADALENA;RJ;Estadual;Urbana;32;531.23;572.01;502.55;495.11;543.12;528.81
1617;PEDRAS GRANDES;SC;Privada;Rural;6;501.63;567.15;513.23;511.58;550.0;528.72
1618;ALEGRE;ES;Privada;Urbana;5;556.5;562.4;522.76;485.44;516.0;528.62
1619;COXIM;MS;Privada;Urbana;18;536.09;591.47;501.94;517.99;495.56;528.61
1620;HARMONIA;RS;Estadual;Urbana;25;517.55;557.08;486.42;528.2;553.6;528.57
1621;PALMAS;PR;Privada;Urbana;96;529.37;562.22;506.44;512.38;532.08;528.5
1622;CORREIA PINTO;SC;Privada;Urbana;8;544.09;563.54;547.75;486.0;500.0;528.28
1623;FELIZ;RS;Estadual;Urbana;75;523.51;556.32;496.95;518.86;545.6;528.25
1624;FERNANDOPOLIS;SP;Estadual;Urbana;338;532.18;559.95;494.18;495.1;559.86;528.25
1625;TUPANDI;RS;Estadual;Urbana;30;519.31;563.59;497.56;519.24;541.33;528.21
1626;MONTE BELO DO SUL;RS;Estadual;Urbana;23;531.54;550.34;507.74;494.84;556.52;528.2
1627;FERRAZ DE VASCONCELOS;SP;Privada;Urbana;119;544.45;567.06;493.28;498.77;537.31;528.17
1628;BANANEIRAS;PB;Privada;Urbana;39;527.63;553.26;502.76;498.08;558.97;528.14
1629;TIMON;MA;Federal;Urbana;115;518.57;565.45;498.67;505.18;552.7;528.11
1630;CACHOEIRA DA PRATA;MG;Estadual;Urbana;27;524.46;562.0;509.3;479.23;565.19;528.03
1631;ALEXANIA;GO;Privada;Urbana;12;525.68;570.19;485.31;493.85;565.0;528.01
1632;TRAVESSEIRO;RS;Estadual;Urbana;12;515.23;585.47;513.97;543.66;481.67;528.0
1633;ORLEANS;SC;Privada;Urbana;16;534.38;556.53;503.26;498.32;547.5;528.0
1634;SERRA BRANCA;PB;Municipal;Urbana;1;542.4;560.0;489.0;608.6;440.0;528.0
1635;CONCEICAO DOS OUROS;MG;Estadual;Urbana;58;515.06;565.66;507.19;528.59;523.45;527.99
1636;BAGE;RS;Estadual;Rural;25;541.67;571.24;484.51;525.44;516.8;527.93
1637;SAO JOSE DO EGITO;PE;Privada;Urbana;10;499.53;563.06;504.56;518.14;554.0;527.86
1638;ENGENHO VELHO;RS;Estadual;Urbana;9;528.37;566.06;495.7;469.13;580.0;527.85
1639;RESENDE COSTA;MG;Municipal;Rural;14;510.76;554.13;515.54;540.27;518.57;527.85
1640;SAO JOAO DO PIAUI;PI;Privada;Urbana;31;517.69;565.83;504.95;494.41;556.13;527.8
1641;PEDRANOPOLIS;SP;Estadual;Urbana;7;528.47;574.21;505.67;510.64;520.0;527.8
1642;GONCALVES;MG;Municipal;Urbana;3;485.67;551.67;507.13;454.5;640.0;527.79
1643;ARINOS;MG;Federal;Urbana;43;520.49;567.96;526.19;512.16;512.09;527.78
1644;MESQUITA;RJ;Privada;Urbana;124;529.31;564.32;497.01;492.56;555.32;527.71
1645;CEDRO DO ABAETE;MG;Estadual;Urbana;8;521.52;567.2;531.4;470.79;547.5;527.68
1646;CAMBARA;PR;Privada;Urbana;16;540.13;562.99;506.02;511.68;517.5;527.66
1647;ANTA GORDA;RS;Privada;Urbana;27;521.27;557.73;509.5;516.06;533.33;527.58
1648;SIDROLANDIA;MS;Privada;Urbana;19;536.46;575.71;509.93;501.06;514.74;527.58
1649;CACU;GO;Privada;Urbana;11;500.63;553.99;499.55;470.85;612.73;527.55
1650;ARAGUATINS;TO;Federal;Rural;174;523.86;561.79;513.33;510.55;527.47;527.4
1651;GABRIEL MONTEIRO;SP;Estadual;Urbana;11;545.72;564.27;501.95;480.97;543.64;527.31
1652;TAILANDIA;PA;Privada;Rural;22;524.74;571.1;489.63;487.31;563.64;527.29
1653;TUCURUI;PA;Privada;Urbana;104;520.96;567.78;505.31;486.57;555.58;527.24
1654;ARIQUEMES;RO;Federal;Rural;115;525.76;580.35;513.98;514.69;501.22;527.2
1655;PILAR DO SUL;SP;Privada;Rural;10;537.23;544.8;507.28;496.6;550.0;527.18
1656;ARABUTA;SC;Estadual;Urbana;25;523.63;564.0;504.32;515.74;528.0;527.14
1657;ARATIBA;RS;Estadual;Urbana;41;524.37;566.19;508.65;499.3;537.07;527.11
1658;PASSA E FICA;RN;Privada;Urbana;21;531.85;576.74;501.02;483.98;541.9;527.1
1659;XIQUE-XIQUE;BA;Privada;Urbana;20;523.05;546.66;518.67;473.14;574.0;527.1
1660;NOVA FRIBURGO;RJ;Estadual;Urbana;708;532.69;567.28;496.82;488.98;549.59;527.07
1661;BALSAS;MA;Privada;Urbana;228;520.67;562.72;511.85;494.21;545.53;527.0
1662;PEDRALVA;MG;Estadual;Urbana;70;520.72;570.34;501.92;500.14;541.71;526.97
1663;OURO;SC;Estadual;Rural;6;518.97;540.73;497.85;487.08;590.0;526.93
1664;CASCAVEL;PR;Estadual;Rural;22;526.9;558.23;504.0;510.64;534.55;526.86
1665;INGA;PB;Privada;Urbana;15;529.77;553.87;490.95;458.35;601.33;526.85
1666;MONTE AZUL;MG;Privada;Urbana;4;485.32;560.28;483.02;560.4;545.0;526.8
1667;RERIUTABA;CE;Privada;Urbana;8;475.75;539.55;508.91;494.64;615.0;526.77
1668;GETULIO VARGAS;RS;Privada;Urbana;11;510.67;567.23;468.28;547.65;540.0;526.77
1669;SAO JOAO DO POLESINE;RS;Estadual;Urbana;23;521.77;550.82;495.69;468.89;596.52;526.74
1670;DOMINGOS MARTINS;ES;Estadual;Urbana;276;524.44;561.7;504.51;520.78;521.96;526.68
1671;BARAO DE COTEGIPE;RS;Estadual;Urbana;31;505.74;549.27;507.91;516.87;553.55;526.67
1672;SERAFINA CORREA;RS;Estadual;Urbana;67;526.51;553.25;507.27;482.28;563.88;526.64
1673;JANDAIA DO SUL;PR;Privada;Urbana;48;515.86;556.14;504.81;467.61;588.75;526.64
1674;BOM JESUS;PI;Federal;Urbana;58;514.34;562.81;514.56;506.21;535.17;526.62
1675;MARICA;RJ;Municipal;Urbana;49;527.34;574.69;513.01;500.18;517.55;526.55
1676;TAILANDIA;PA;Privada;Urbana;18;530.74;570.83;507.59;486.8;536.67;526.53
1677;CONCORDIA;SC;Federal;Urbana;124;517.94;565.21;524.83;508.62;515.97;526.51
1678;VALPARAISO DE GOIAS;GO;Privada;Urbana;213;534.81;567.33;504.78;489.74;535.87;526.51
1679;RIO DO SUL;SC;Federal;Rural;96;509.07;562.09;502.73;506.77;551.67;526.47
1680;CAMETA;PA;Privada;Urbana;121;518.0;564.32;498.9;468.93;582.15;526.46
1681;ORIZONA;GO;Privada;Rural;17;512.33;566.22;526.83;493.9;532.94;526.44
1682;BREJO DA MADRE DE DEUS;PE;Privada;Urbana;2;538.15;507.85;444.45;531.7;610.0;526.43
1683;NIQUELANDIA;GO;Privada;Rural;36;525.17;559.39;519.89;515.9;511.67;526.41
1684;CAIEIRAS;SP;Municipal;Urbana;1;532.3;585.6;551.8;521.8;440.0;526.3
1685;TARABAI;SP;Municipal;Urbana;1;530.7;546.4;470.9;523.5;560.0;526.3
1686;ITAIOPOLIS;SC;Municipal;Urbana;2;571.65;626.0;538.1;435.7;460.0;526.29
1687;JOAO DOURADO;BA;Privada;Urbana;18;506.84;554.11;515.36;523.58;531.11;526.2
1688;HUMAITA;RS;Estadual;Urbana;29;513.02;560.88;505.05;509.28;542.76;526.2
1689;PIRASSUNUNGA;SP;Estadual;Rural;25;533.11;553.86;516.86;486.26;540.8;526.18
1690;ITALVA;RJ;Estadual;Rural;10;506.23;537.16;496.49;474.81;616.0;526.14
1691;BOCA DA MATA;AL;Privada;Urbana;66;529.45;559.13;493.95;490.18;557.88;526.12
1692;BARBOSA FERRAZ;PR;Privada;Urbana;5;540.04;582.76;474.02;521.46;512.0;526.06
1693;POCO FUNDO;MG;Estadual;Urbana;51;519.46;565.64;488.22;519.95;536.86;526.02
1694;CAFELANDIA;SP;Privada;Urbana;12;528.89;537.69;492.96;488.69;581.67;525.98
1695;PINHAL GRANDE;RS;Estadual;Urbana;48;521.97;564.17;505.37;487.54;550.83;525.98
1696;ARIRANHA;SP;Estadual;Urbana;18;550.82;575.08;490.59;464.86;547.78;525.83
1697;PIMENTA;MG;Estadual;Urbana;37;522.31;563.71;508.65;523.34;510.81;525.76
1698;CHAPADA;RS;Estadual;Urbana;64;537.3;562.54;497.51;485.5;545.94;525.76
1699;JARDIM OLINDA;PR;Estadual;Urbana;7;532.97;589.34;495.71;507.84;502.86;525.75
1700;SAQUAREMA;RJ;Estadual;Urbana;518;523.34;560.43;495.25;493.47;556.1;525.72
1701;ITUIUTABA;MG;Municipal;Urbana;113;522.0;562.69;506.55;487.26;549.91;525.68
1702;TOLEDO;PR;Estadual;Rural;65;508.83;564.0;512.5;522.93;520.0;525.65
1703;CENTENARIO;RS;Estadual;Urbana;14;513.78;540.66;512.96;487.8;572.86;525.61
1704;OSVALDO CRUZ;SP;Privada;Urbana;33;540.59;569.54;516.39;482.09;519.39;525.6
1705;SALESOPOLIS;SP;Estadual;Urbana;84;520.31;562.06;477.24;480.62;587.62;525.57
1706;CARMOPOLIS DE MINAS;MG;Estadual;Urbana;124;525.06;566.18;503.99;499.51;533.06;525.56
1707;SEVERIANO DE ALMEIDA;RS;Estadual;Urbana;27;522.07;558.5;498.46;489.46;559.26;525.55
1708;AREALVA;SP;Estadual;Urbana;45;535.22;562.82;494.99;489.76;544.44;525.45
1709;RESERVA;PR;Estadual;Rural;15;529.4;544.56;488.67;502.93;561.33;525.38
1710;CENTRAL;BA;Privada;Urbana;20;533.63;556.0;501.98;491.26;544.0;525.37
1711;BARREIROS;PE;Privada;Urbana;41;526.4;549.63;490.36;476.55;582.93;525.17
1712;SAO SIMAO;GO;Municipal;Urbana;44;530.63;564.4;514.57;477.72;538.18;525.1
1713;SALESOPOLIS;SP;Estadual;Rural;20;517.38;554.88;484.03;488.15;581.0;525.09
1714;MALLET;PR;Estadual;Urbana;79;524.43;565.37;495.78;488.44;551.39;525.09
1715;URUCUCA;BA;Federal;Urbana;19;533.44;569.96;501.35;491.05;529.47;525.05
1716;VALE REAL;RS;Estadual;Urbana;22;515.74;561.15;487.71;516.8;543.64;525.01
1717;COIMBRA;MG;Estadual;Urbana;74;517.65;549.21;499.27;487.56;571.35;525.01
1718;CANDIDO GODOI;RS;Estadual;Urbana;69;508.31;548.78;499.65;478.37;589.86;524.99
1719;PIRANHAS;AL;Federal;Urbana;72;510.05;555.61;513.01;493.72;552.22;524.92
1720;TAUBATE;SP;Municipal;Rural;1;569.9;618.8;415.4;499.5;520.0;524.72
1721;ARROIO DO MEIO;RS;Estadual;Urbana;73;526.22;556.5;506.58;519.15;514.73;524.63
1722;MAUES;AM;Federal;Urbana;70;523.29;565.62;483.27;458.32;592.57;524.61
1723;SENADOR CORTES;MG;Estadual;Urbana;8;526.81;575.08;508.98;502.08;510.0;524.59
1724;TUPANCI DO SUL;RS;Estadual;Urbana;7;509.79;547.79;482.83;493.16;588.57;524.43
1725;PORTO REAL;RJ;Estadual;Urbana;55;532.26;560.49;482.29;492.01;554.91;524.39
1726;GUABIRUBA;SC;Estadual;Urbana;49;524.56;555.23;487.79;494.98;559.18;524.35
1727;PIRATININGA;SP;Privada;Urbana;24;513.28;554.0;500.93;526.85;526.67;524.35
1728;BOA ESPERANCA;ES;Estadual;Rural;20;531.4;566.28;503.87;482.94;537.0;524.3
1729;VERA CRUZ;RS;Estadual;Urbana;104;516.95;563.15;486.36;492.33;562.69;524.29
1730;BOA VISTA DO BURICA;RS;Estadual;Urbana;67;525.4;563.11;494.02;511.24;527.46;524.25
1731;NOVA BRESCIA;RS;Estadual;Urbana;23;542.91;562.87;489.76;489.04;536.52;524.22
1732;MARAVILHA;SC;Estadual;Urbana;186;521.65;564.94;498.47;499.17;536.77;524.2
1733;PORANGATU;GO;Privada;Urbana;99;528.4;559.87;505.35;482.91;544.44;524.19
1734;EUCLIDES DA CUNHA;BA;Municipal;Urbana;1;538.6;547.1;489.7;465.1;580.0;524.1
1735;SANTO ANTONIO DE PADUA;RJ;Estadual;Rural;84;516.89;555.7;497.28;506.04;544.29;524.04
1736;SAO RAIMUNDO NONATO;PI;Privada;Urbana;27;511.85;554.46;505.84;505.8;542.22;524.03
1737;LAMBARI;MG;Estadual;Urbana;105;523.53;569.35;501.11;509.82;516.19;524.0
1738;MACAPARANA;PE;Municipal;Urbana;1;522.9;550.3;489.7;516.8;540.0;523.94
1739;ITABERAI;GO;Privada;Urbana;38;520.91;561.99;497.38;492.33;546.84;523.89
1740;BARAO DE COCAIS;MG;Municipal;Urbana;44;530.47;571.37;504.47;504.97;508.18;523.89
1741;ABAETE;MG;Estadual;Urbana;131;523.64;560.22;502.05;521.78;511.45;523.83
1742;CANAA DOS CARAJAS;PA;Privada;Urbana;77;519.63;568.88;519.57;482.24;528.83;523.83
1743;TELEMACO BORBA;PR;Privada;Urbana;123;518.61;564.97;507.15;489.39;538.98;523.82
1744;CHARRUA;RS;Estadual;Urbana;6;526.37;551.9;513.55;550.1;476.67;523.72
1745;ARCOS;MG;Estadual;Rural;3;497.4;571.3;509.77;479.97;560.0;523.69
1746;CANDIDO MOTA;SP;Estadual;Rural;86;525.89;563.12;496.27;485.45;547.67;523.68
1747;ITAPIRANGA;SC;Estadual;Urbana;97;517.82;557.47;497.56;506.27;539.18;523.66
1748;SAO CAETANO DO SUL;SP;Estadual;Urbana;883;534.82;560.24;495.34;501.94;525.93;523.65
1749;PAULISTANIA;SP;Estadual;Urbana;9;523.9;549.26;497.83;525.01;522.22;523.64
1750;CAJAZEIRAS DO PIAUI;PI;Municipal;Rural;1;537.3;590.3;516.7;473.9;500.0;523.64
1751;ITAITUBA;PA;Federal;Urbana;65;525.15;573.04;497.49;492.07;530.46;523.64
1752;UCHOA;SP;Estadual;Urbana;45;519.05;545.6;504.22;510.08;539.11;523.61
1753;ARRAIAL DO CABO;RJ;Municipal;Urbana;76;517.12;561.11;485.17;493.52;561.05;523.6
1754;POUSO NOVO;RS;Estadual;Urbana;5;535.3;587.1;498.14;501.28;496.0;523.56
1755;PINHEIRINHO DO VALE;RS;Estadual;Urbana;21;521.71;549.39;510.08;492.74;543.81;523.55
1756;SAO PAULO DAS MISSOES;RS;Estadual;Urbana;51;523.5;555.47;503.19;499.42;536.08;523.53
1757;CABEDELO;PB;Federal;Urbana;27;540.18;571.9;501.96;513.81;489.63;523.49
1758;CABO FRIO;RJ;Municipal;Urbana;335;524.5;565.77;491.93;486.31;548.91;523.48
1759;REBOUCAS;PR;Estadual;Rural;18;541.21;586.81;462.56;485.49;541.11;523.44
1760;MANTENA;MG;Privada;Urbana;15;516.6;557.99;530.02;500.33;512.0;523.39
1761;BRAS PIRES;MG;Estadual;Urbana;32;532.32;547.73;480.46;502.64;553.75;523.38
1762;SAO FRANCISCO DE PAULA;MG;Estadual;Urbana;25;531.67;565.0;496.6;485.75;537.6;523.32
1763;TANABI;SP;Estadual;Urbana;74;527.24;556.47;497.89;506.03;528.92;523.31
1764;SANTA ISABEL DO PARA;PA;Privada;Urbana;149;527.36;561.25;509.29;469.18;549.4;523.3
1765;JUNQUEIROPOLIS;SP;Estadual;Urbana;79;527.95;561.06;508.26;493.79;525.32;523.27
1766;RIO PRETO DA EVA;AM;Privada;Rural;25;522.24;569.2;490.55;464.6;569.6;523.24
1767;SAO JOAO DO OESTE;SC;Estadual;Urbana;49;510.59;557.08;507.74;512.06;528.57;523.21
1768;ITAPORANGA;PB;Privada;Urbana;83;520.74;545.67;500.24;493.68;555.66;523.2
1769;RIBEIRAO;PE;Municipal;Urbana;1;522.5;560.8;508.2;404.5;620.0;523.2
1770;LAGOA FORMOSA;MG;Estadual;Urbana;110;518.92;553.53;503.32;506.34;533.82;523.19
1771;ALTAMIRA;PA;Privada;Urbana;129;513.47;561.21;505.18;497.64;538.14;523.13
1772;VICOSA;AL;Privada;Urbana;32;521.66;555.96;481.56;466.01;590.06;523.05
1773;ESTIVA;MG;Estadual;Urbana;48;534.65;563.45;507.0;496.34;513.75;523.04
1774;SANTA CRUZ;RN;Privada;Urbana;37;530.02;546.69;505.28;489.49;543.68;523.03
1775;JENIPAPO DOS VIEIRAS;MA;Municipal;Rural;1;484.6;561.9;401.9;546.7;620.0;523.02
1776;TURVO;SC;Privada;Urbana;14;548.86;564.09;509.78;455.09;537.14;522.99
1777;TAPARUBA;MG;Estadual;Urbana;9;539.27;582.22;459.68;442.67;591.11;522.99
1778;CAPELA NOVA;MG;Estadual;Urbana;34;523.07;565.17;480.24;487.9;558.24;522.92
1779;JUARA;MT;Privada;Urbana;22;522.86;567.66;492.05;484.72;547.27;522.91
1780;GUARANI;MG;Estadual;Urbana;46;521.52;569.72;497.98;522.59;502.61;522.88
1781;SAO VENDELINO;RS;Estadual;Urbana;13;538.98;557.04;501.38;529.25;487.69;522.87
1782;EMBU DAS ARTES;SP;Privada;Urbana;49;534.14;564.74;500.97;472.34;541.63;522.77
1783;SAO FELIX DO XINGU;PA;Privada;Urbana;17;521.52;552.09;509.72;491.62;538.82;522.76
1784;SANTA HELENA;PR;Privada;Urbana;12;515.8;556.34;523.93;502.6;515.0;522.74
1785;PIRITIBA;BA;Privada;Urbana;14;515.99;549.76;480.61;491.34;575.71;522.68
1786;UNIAO;PI;Privada;Urbana;37;527.0;565.11;495.96;458.03;567.03;522.63
1787;TEIXEIRAS;MG;Estadual;Urbana;80;522.12;555.88;490.65;499.81;544.25;522.54
1788;DIAS D AVILA;BA;Privada;Urbana;53;526.56;565.74;494.49;493.0;532.45;522.45
1789;MUNDO NOVO;MS;Privada;Urbana;8;530.36;574.17;520.52;527.09;460.0;522.43
1790;MARATA;RS;Estadual;Urbana;14;532.14;555.29;496.09;505.73;522.86;522.42
1791;UBATUBA;SP;Municipal;Urbana;73;542.47;572.32;474.64;485.85;536.71;522.4
1792;SANTANA;BA;Municipal;Urbana;1;492.0;585.8;519.4;414.7;600.0;522.38
1793;CAJATI;SP;Privada;Urbana;13;513.75;542.96;507.79;510.39;536.92;522.36
1794;SAO MIGUEL DO OESTE;SC;Estadual;Rural;52;493.27;558.09;527.94;550.0;482.31;522.32
1795;QUARTEL GERAL;MG;Municipal;Urbana;1;559.8;637.9;520.0;493.7;400.0;522.28
1796;MOCAJUBA;PA;Privada;Urbana;14;529.69;561.89;502.42;457.24;560.0;522.25
1797;IPORA DO OESTE;SC;Estadual;Urbana;78;509.03;557.08;503.5;512.86;528.72;522.24
1798;POTIRENDABA;SP;Estadual;Urbana;59;518.77;545.38;495.49;499.43;551.86;522.19
1799;ALEGRIA;RS;Estadual;Urbana;25;524.18;562.31;494.63;466.61;563.2;522.18
1800;PALOTINA;PR;Estadual;Rural;41;510.53;552.8;506.98;494.21;546.34;522.17
1801;JUNDIAI;SP;Estadual;Urbana;1919;531.21;560.66;493.69;499.97;525.14;522.14
1802;SAO JOSE DO HERVAL;RS;Estadual;Urbana;12;525.54;545.62;496.03;455.11;588.33;522.13
1803;REMANSO;BA;Privada;Urbana;39;524.44;565.33;491.77;475.35;553.33;522.05
1804;AREADO;MG;Estadual;Urbana;89;525.75;560.9;495.27;496.12;531.91;521.99
1805;PORTO LUCENA;RS;Estadual;Urbana;28;520.91;559.69;491.6;491.89;545.71;521.96
1806;SAO BORJA;RS;Federal;Urbana;97;546.25;570.74;482.53;489.54;520.62;521.94
1807;DORES DE CAMPOS;MG;Estadual;Urbana;44;516.12;553.63;492.51;511.36;535.91;521.9
1808;PINHEIRO;MA;Federal;Urbana;68;513.38;564.7;508.84;489.04;533.24;521.84
1809;ROSARIO DA LIMEIRA;MG;Estadual;Urbana;31;515.88;541.97;501.94;527.36;521.94;521.82
1810;CANINDE;CE;Privada;Urbana;18;550.12;556.07;474.6;452.72;575.56;521.81
1811;DESCANSO;SC;Estadual;Urbana;29;507.69;555.58;510.8;492.74;542.07;521.78
1812;ALFREDO CHAVES;ES;Privada;Rural;4;534.1;567.85;500.75;451.18;555.0;521.78
1813;VARZEA PAULISTA;SP;Privada;Urbana;17;531.79;571.42;515.08;492.6;497.65;521.71
1814;ITATI;RS;Estadual;Urbana;23;505.82;559.41;493.72;494.65;554.78;521.67
1815;CATOLE DO ROCHA;PB;Privada;Urbana;121;511.44;547.92;495.94;499.09;553.88;521.65
1816;TRES PASSOS;RS;Estadual;Urbana;154;525.16;558.73;503.77;487.67;532.86;521.64
1817;ALMEIRIM;PA;Privada;Urbana;83;522.0;556.94;502.38;483.84;542.65;521.56
1818;SAO RAIMUNDO DO DOCA BEZERRA;MA;Estadual;Rural;1;527.3;587.3;462.0;491.0;540.0;521.52
1819;TURMALINA;MG;Municipal;Urbana;7;516.1;572.26;493.31;505.87;520.0;521.51
1820;CAICARA;RS;Estadual;Urbana;43;521.42;555.98;515.53;497.71;516.74;521.48
1821;TAQUARA;RS;Estadual;Urbana;230;529.97;562.36;493.61;499.02;522.16;521.42
1822;IBIRAPUITA;RS;Estadual;Urbana;19;536.12;565.11;497.88;506.83;501.05;521.4
1823;IJUI;RS;Estadual;Urbana;525;518.9;559.97;497.42;484.9;545.7;521.38
1824;FORMOSA DO RIO PRETO;BA;Privada;Urbana;11;506.65;541.47;487.17;476.78;594.55;521.32
1825;CAMPO BELO;MG;Estadual;Urbana;260;524.12;556.13;497.62;498.76;529.78;521.28
1826;LAGO DA PEDRA;MA;Privada;Urbana;59;523.76;561.18;493.37;472.84;555.14;521.26
1827;IGUATAMA;MG;Estadual;Urbana;42;513.04;552.14;493.15;509.34;538.57;521.25
1828;DOUTOR CAMARGO;PR;Municipal;Urbana;2;536.2;593.85;507.65;558.4;410.0;521.22
1829;SANTA VITORIA DO PALMAR;RS;Privada;Urbana;23;536.51;552.7;493.8;496.15;526.96;521.22
1830;SILVANIA;GO;Privada;Urbana;101;523.05;558.41;504.92;500.66;518.52;521.11
1831;PRESIDENTE CASTELLO BRANCO;SC;Estadual;Urbana;17;495.57;560.92;479.24;477.94;591.76;521.09
1832;PORTO FERREIRA;SP;Estadual;Urbana;138;527.73;566.34;492.99;494.86;523.48;521.08
1833;JAGUARI;RS;Estadual;Rural;10;534.09;550.43;501.65;501.15;518.0;521.06
1834;COLINAS;MA;Privada;Urbana;1;458.3;518.2;578.5;430.3;620.0;521.06
1835;ITAUNA;MG;Estadual;Urbana;435;527.11;554.55;492.34;517.4;513.79;521.04
1836;POMERODE;SC;Estadual;Urbana;113;526.24;561.93;498.33;511.44;507.08;521.01
1837;CAMPINA DAS MISSOES;RS;Estadual;Urbana;42;514.45;557.49;490.66;502.44;540.0;521.01
1838;ERECHIM;RS;Estadual;Urbana;609;524.44;559.44;496.07;492.96;532.05;520.99
1839;SANTA TERESA;ES;Estadual;Urbana;152;515.61;557.5;504.96;497.36;529.21;520.93
1840;PORTO AMAZONAS;PR;Estadual;Urbana;19;527.77;573.49;514.46;453.7;534.74;520.83
1841;FEIJO;AC;Estadual;Rural;2;550.1;592.85;450.4;420.4;590.0;520.75
1842;ITAGUAI;RJ;Privada;Urbana;207;524.09;559.89;497.42;492.01;530.34;520.75
1843;SAO JOAO BATISTA;SC;Estadual;Urbana;109;515.52;558.19;498.35;485.2;546.24;520.7
1844;GUAPIACU;SP;Municipal;Urbana;1;541.4;570.2;505.8;506.0;480.0;520.68
1845;PORTAO;RS;Estadual;Urbana;135;532.58;567.19;482.01;499.85;521.78;520.68
1846;ITA;SC;Estadual;Urbana;21;515.79;571.63;478.78;472.44;564.76;520.68
1847;PATOS DE MINAS;MG;Estadual;Urbana;976;516.88;557.59;504.44;495.2;529.11;520.65
1848;SAO JOSE DO CEDRO;SC;Estadual;Rural;7;493.94;543.74;514.91;507.73;542.86;520.64
1849;AUGUSTO PESTANA;RS;Estadual;Urbana;47;524.77;548.19;493.26;497.4;539.15;520.55
1850;SANTA TEREZINHA DE ITAIPU;PR;Privada;Urbana;10;536.97;569.79;498.98;488.79;508.0;520.51
1851;MOMBUCA;SP;Estadual;Urbana;11;529.9;535.36;495.44;536.3;505.45;520.49
1852;VALINHOS;SP;Estadual;Rural;1;513.0;597.7;451.6;460.0;580.0;520.46
1853;OURO PRETO DO OESTE;RO;Privada;Urbana;14;528.84;541.34;531.89;497.37;502.86;520.46
1854;SANTA LUZIA;PB;Privada;Urbana;21;506.59;521.36;494.85;503.33;576.19;520.46
1855;SEDE NOVA;RS;Estadual;Urbana;11;489.97;548.34;511.25;492.45;560.0;520.4
1856;AMERICANA;SP;Estadual;Urbana;1275;528.29;559.64;493.89;498.21;521.7;520.35
1857;SAO MIGUEL DA BAIXA GRANDE;PI;Estadual;Urbana;6;538.05;536.95;490.58;432.62;603.33;520.31
1858;SANTANA DO IPANEMA;AL;Privada;Urbana;82;526.74;557.63;487.61;483.9;545.61;520.3
1859;BELA VISTA;MS;Privada;Urbana;14;511.32;559.65;516.26;491.38;522.86;520.29
1860;ITANHANDU;MG;Estadual;Urbana;66;516.77;537.87;496.83;520.04;529.7;520.24
1861;SANTO AMARO;BA;Privada;Urbana;77;521.51;558.8;490.7;465.21;564.94;520.23
1862;RESENDE;RJ;Estadual;Rural;14;521.1;546.09;485.29;451.21;597.14;520.17
1863;SAO JOAO DEL REI;MG;Estadual;Urbana;603;520.48;558.56;491.24;502.52;527.79;520.12
1864;NOVA TRENTO;SC;Estadual;Urbana;79;511.23;550.84;495.49;487.35;555.7;520.12
1865;NAVIRAI;MS;Privada;Urbana;26;501.27;556.11;513.82;495.57;533.85;520.12
1866;NOVA CRUZ;RN;Privada;Urbana;43;525.57;556.45;488.3;502.48;527.67;520.09
1867;PLANALTINA;GO;Privada;Urbana;53;511.22;561.02;488.36;500.21;539.62;520.09
1868;SOCORRO;SP;Estadual;Rural;40;529.82;559.35;492.78;488.33;530.0;520.05
1869;JACARAU;PB;Privada;Urbana;8;550.75;536.85;510.65;474.29;527.5;520.01
1870;UNISTALDA;RS;Estadual;Urbana;18;512.78;553.72;478.21;506.26;548.89;519.97
1871;IUNA;ES;Privada;Urbana;14;528.27;562.76;468.59;527.39;512.86;519.97
1872;SAO GABRIEL;RS;Privada;Urbana;39;523.97;565.76;502.19;510.23;497.44;519.92
1873;PROPRIA;SE;Privada;Urbana;145;515.79;557.73;499.7;491.58;534.62;519.89
1874;DIAMANTINO;MT;Privada;Urbana;8;481.78;525.75;499.11;567.52;525.0;519.83
1875;COQUEIRO BAIXO;RS;Estadual;Urbana;13;531.12;566.58;497.38;500.92;503.08;519.82
1876;JOSE DE FREITAS;PI;Privada;Urbana;18;514.42;571.67;497.44;456.63;558.89;519.81
1877;OSVALDO CRUZ;SP;Estadual;Urbana;226;513.25;553.39;496.89;501.21;533.27;519.6
1878;CAMAQUA;RS;Privada;Urbana;56;515.61;561.21;501.91;497.81;521.43;519.59
1879;TIROS;MG;Estadual;Urbana;45;518.33;554.46;496.16;485.75;543.11;519.56
1880;RETIROLANDIA;BA;Privada;Urbana;8;500.26;538.22;517.16;462.15;580.0;519.56
1881;CABO DE SANTO AGOSTINHO;PE;Privada;Urbana;145;519.66;551.34;495.6;482.44;548.69;519.55
1882;MERCES;MG;Privada;Urbana;4;514.6;525.22;485.3;467.58;605.0;519.54
1883;MERCEDES;PR;Estadual;Urbana;44;500.41;561.25;501.26;490.51;544.3;519.54
1884;GARIBALDI;RS;Estadual;Urbana;169;517.71;557.37;494.57;494.32;533.43;519.48
1885;GRAO PARA;SC;Privada;Rural;1;517.8;538.7;435.1;565.7;540.0;519.46
1886;JEREMOABO;BA;Privada;Urbana;29;496.31;557.07;493.82;497.62;552.41;519.45
1887;SILVEIRAS;SP;Estadual;Urbana;19;510.76;564.53;488.03;477.11;556.84;519.45
1888;ENTRE FOLHAS;MG;Estadual;Urbana;45;522.85;555.86;497.24;475.43;545.78;519.43
1889;CARMO DO PARANAIBA;MG;Estadual;Urbana;229;513.9;554.53;493.51;502.39;532.66;519.4
1890;JANDIRA;SP;Privada;Urbana;56;518.92;561.54;499.45;477.95;538.93;519.36
1891;CEDRAL;SP;Estadual;Urbana;33;533.12;565.14;498.68;500.51;498.79;519.25
1892;ALVORADA;RS;Privada;Urbana;90;535.02;567.57;496.04;497.55;500.0;519.24
1893;SAO MIGUEL DOS CAMPOS;AL;Privada;Urbana;88;517.92;550.57;500.99;484.42;541.82;519.14
1894;SAO BENEDITO;CE;Municipal;Urbana;7;523.61;563.97;497.51;513.27;497.14;519.1
1895;PATO BRAGADO;PR;Estadual;Urbana;30;495.47;543.58;520.39;538.33;497.33;519.02
1896;CAMPOS ALTOS;MG;Estadual;Urbana;66;521.62;567.03;497.94;481.8;526.67;519.01
1897;CAUCAIA;CE;Privada;Urbana;340;519.89;551.62;491.28;481.03;551.18;519.0
1898;ITAPIPOCA;CE;Privada;Urbana;62;527.63;544.38;498.3;496.32;528.39;519.0
1899;PRATA DO PIAUI;PI;Estadual;Urbana;8;511.16;549.94;505.41;498.5;530.0;519.0
1900;DOIS IRMAOS;RS;Estadual;Urbana;163;520.5;548.59;482.14;509.36;534.11;518.94
1901;ESPIRITO SANTO DO PINHAL;SP;Estadual;Rural;57;517.38;562.92;494.21;505.9;514.04;518.89
1902;DIVINESIA;MG;Estadual;Urbana;16;529.77;579.31;521.27;495.36;468.75;518.89
1903;ARACAJU;SE;Municipal;Urbana;4;520.75;582.62;463.45;487.48;540.0;518.86
1904;ITUMIRIM;MG;Estadual;Urbana;43;519.39;550.17;492.01;495.93;536.74;518.85
1905;GUAPORE;RS;Estadual;Urbana;140;520.84;555.66;486.7;485.98;544.71;518.78
1906;CATANDUVAS;SC;Estadual;Urbana;42;528.21;565.96;485.81;495.24;518.57;518.76
1907;TERESOPOLIS;RJ;Estadual;Rural;90;520.58;554.18;486.11;489.11;543.78;518.75
1908;ADAMANTINA;SP;Estadual;Urbana;165;521.46;555.95;492.37;493.65;530.06;518.7
1909;LAGOA DOURADA;MG;Estadual;Urbana;60;513.23;544.87;506.34;508.06;521.0;518.7
1910;PATO BRANCO;PR;Estadual;Rural;8;518.39;562.41;488.74;506.4;517.5;518.69
1911;CONFRESA;MT;Municipal;Rural;1;534.8;561.2;504.5;452.8;540.0;518.66
1912;DUAS BARRAS;RJ;Estadual;Rural;16;541.89;567.33;512.72;463.8;507.5;518.65
1913;GOIANA;PE;Privada;Urbana;93;520.21;551.02;498.88;468.19;554.95;518.65
1914;DIVINOPOLIS;MG;Estadual;Urbana;1305;519.19;554.31;495.66;500.8;523.25;518.64
1915;CACHOEIRA DE MINAS;MG;Estadual;Urbana;72;517.57;561.47;487.63;508.6;517.78;518.61
1916;BAEPENDI;MG;Estadual;Rural;5;517.58;558.16;491.98;473.26;552.0;518.6
1917;MORADA NOVA DE MINAS;MG;Estadual;Urbana;35;525.23;563.33;485.47;491.3;526.86;518.44
1918;BARAUNA;RN;Privada;Urbana;14;510.72;550.01;498.96;512.27;520.0;518.39
1919;CARAMBEI;PR;Privada;Urbana;24;525.36;568.88;493.76;485.63;518.33;518.39
1920;TUPACIGUARA;MG;Municipal;Rural;7;527.26;559.43;508.16;502.11;494.29;518.25
1921;CRUZEIRO DA FORTALEZA;MG;Estadual;Urbana;31;521.22;547.05;503.51;493.63;525.81;518.24
1922;SAO VICENTE DE MINAS;MG;Estadual;Urbana;70;517.95;553.13;496.22;511.91;512.0;518.24
1923;CANTAGALO;RJ;Estadual;Urbana;100;520.36;550.23;494.74;479.74;545.8;518.17
1924;POPULINA;SP;Estadual;Urbana;15;524.18;539.89;492.11;497.28;537.33;518.16
1925;GUIRICEMA;MG;Estadual;Urbana;62;522.27;550.77;491.95;514.51;511.29;518.16
1926;ALTEROSA;MG;Estadual;Urbana;83;518.72;552.55;488.25;501.13;529.88;518.11
1927;NOVA PRATA;RS;Estadual;Urbana;158;527.13;552.65;493.01;494.21;523.16;518.03
1928;PEDRA AZUL;MG;Privada;Urbana;2;536.6;583.4;448.2;431.65;590.0;517.97
1929;ITABAIANA;PB;Privada;Urbana;101;526.45;559.02;496.8;472.46;535.05;517.96
1930;PARAI;RS;Estadual;Urbana;39;507.19;554.33;502.74;483.91;541.54;517.94
1931;URUTAI;GO;Federal;Rural;98;510.4;560.29;509.43;493.99;515.31;517.88
1932;JOAQUIM TAVORA;PR;Estadual;Urbana;56;520.95;557.86;484.49;499.27;526.79;517.87
1933;IBATEGUARA;AL;Privada;Urbana;14;494.99;538.92;482.69;498.41;574.29;517.86
1934;PERDIGAO;MG;Estadual;Urbana;48;514.31;555.46;492.27;486.44;540.83;517.86
1935;TORRES;RS;Estadual;Urbana;246;527.76;557.4;492.62;485.89;525.61;517.86
1936;UNIAO DA VITORIA;PR;Privada;Urbana;85;522.16;563.42;499.55;498.49;505.65;517.85
1937;FAZENDA RIO GRANDE;PR;Privada;Urbana;76;524.56;563.02;494.42;481.64;525.53;517.83
1938;SAO DOMINGOS DO MARANHAO;MA;Privada;Urbana;6;528.57;573.07;514.97;452.57;520.0;517.83
1939;BRAGANCA;PA;Federal;Urbana;59;513.84;555.09;500.24;471.71;548.14;517.8
1940;TUFILANDIA;MA;Estadual;Rural;1;555.8;651.7;548.2;533.2;300.0;517.78
1941;SANTANA;AP;Privada;Urbana;106;512.49;559.48;487.64;474.2;554.91;517.74
1942;PASSA-VINTE;MG;Estadual;Urbana;19;527.52;553.45;491.15;502.69;513.68;517.7
1943;CUIABA;MT;Municipal;Rural;1;556.4;605.2;487.9;459.0;480.0;517.7
1944;UMIRIM;CE;Federal;Urbana;4;533.7;565.22;512.35;487.1;490.0;517.67
1945;FAXINAL DO SOTURNO;RS;Estadual;Urbana;68;519.59;564.35;512.81;492.95;498.53;517.65
1946;SILVEIRANIA;MG;Estadual;Urbana;23;518.19;557.33;487.73;496.97;527.87;517.62
1947;UBAPORANGA;MG;Estadual;Urbana;89;516.16;556.53;499.92;471.16;544.04;517.56
1948;SAO MARTINHO;SC;Estadual;Urbana;18;508.41;534.73;497.7;526.84;520.0;517.54
1949;SANTA BARBARA DO MONTE VERDE;MG;Estadual;Urbana;19;514.49;570.97;475.85;483.19;543.16;517.53
1950;CAMPO ERE;SC;Estadual;Rural;33;502.67;548.05;511.76;521.53;503.64;517.53
1951;UMBURATIBA;MG;Municipal;Rural;1;523.8;527.0;495.2;601.6;440.0;517.52
1952;IBIRAIARAS;RS;Estadual;Urbana;35;507.63;548.1;485.41;479.43;566.86;517.49
1953;MONTEIRO LOBATO;SP;Estadual;Urbana;27;533.76;568.04;491.09;487.63;506.67;517.44
1954;DOM PEDRITO;RS;Privada;Urbana;56;522.94;564.42;487.24;472.75;539.64;517.4
1955;NOVA GUATAPORANGA;SP;Estadual;Urbana;6;510.63;547.62;482.05;503.32;543.33;517.39
1956;PEDRA DO INDAIA;MG;Estadual;Urbana;27;521.62;559.06;493.1;471.56;541.48;517.36
1957;MONTE BELO;MG;Estadual;Urbana;57;512.89;550.67;478.31;499.62;545.26;517.35
1958;ASSIS;SP;Estadual;Urbana;480;526.91;558.67;488.83;488.9;523.42;517.35
1959;SANTA GERTRUDES;SP;Privada;Urbana;12;526.25;579.65;473.61;503.8;503.33;517.33
1960;ENCANTADO;RS;Estadual;Urbana;109;514.87;557.85;495.45;489.08;529.36;517.32
1961;SALVADOR DAS MISSOES;RS;Estadual;Urbana;28;505.28;549.41;500.24;500.96;530.71;517.32
1962;FORMOSO DO ARAGUAIA;TO;Privada;Urbana;15;501.65;538.35;493.45;490.48;562.67;517.32
1963;MONTE SANTO;BA;Privada;Rural;11;511.1;570.74;516.95;460.4;527.27;517.29
1964;OLIMPIO NORONHA;MG;Estadual;Urbana;18;524.51;561.69;485.26;500.47;514.44;517.27
1965;ESTREITO;MA;Municipal;Rural;1;568.6;611.1;439.1;467.4;500.0;517.24
1966;MAURITI;CE;Privada;Urbana;8;503.82;572.72;491.5;510.62;507.5;517.24
1967;BIGUACU;SC;Privada;Urbana;106;517.64;551.59;504.98;503.16;508.68;517.21
1968;ITATIBA;SP;Estadual;Urbana;672;521.63;554.23;494.56;490.45;525.12;517.2
1969;SANTO ANTONIO DO MONTE;MG;Estadual;Urbana;117;518.6;553.29;490.41;486.99;536.58;517.17
1970;SAO JOSE DO RIO PRETO;SP;Estadual;Urbana;1847;526.31;556.36;490.6;491.18;521.19;517.13
1971;ALECRIM;RS;Estadual;Urbana;48;515.73;553.14;498.68;500.1;517.92;517.12
1972;CRISTIANO OTONI;MG;Estadual;Urbana;34;526.09;560.96;503.17;476.72;518.62;517.11
1973;CAXIAS DO SUL;RS;Estadual;Urbana;1952;519.74;555.36;489.05;488.91;532.35;517.08
1974;SAO TIAGO;MG;Estadual;Urbana;85;513.48;553.01;492.74;501.56;524.47;517.05
1975;SAO DOMINGOS DO PRATA;MG;Estadual;Urbana;93;512.98;557.32;499.19;498.14;517.42;517.01
1976;SAO BENTO DO SUL;SC;Estadual;Urbana;455;521.63;562.07;489.41;491.49;520.18;516.95
1977;MUANA;PA;Municipal;Rural;1;495.1;551.6;500.6;477.3;560.0;516.92
1978;PINDAMONHANGABA;SP;Municipal;Urbana;2;552.5;521.65;448.95;431.15;630.0;516.85
1979;ARANTINA;MG;Estadual;Urbana;16;512.93;551.95;482.44;491.61;545.0;516.79
1980;MATO QUEIMADO;RS;Estadual;Urbana;8;486.5;540.35;491.74;470.31;595.0;516.78
1981;TRES CACHOEIRAS;RS;Estadual;Urbana;70;522.78;554.78;481.22;495.65;529.43;516.77
1982;SANTA CLARA D OESTE;SP;Estadual;Urbana;3;543.1;572.57;494.97;493.17;480.0;516.76
1983;GUARUJA DO SUL;SC;Estadual;Urbana;56;498.15;543.08;492.84;498.25;551.43;516.75
1984;MARILANDIA;ES;Estadual;Urbana;118;509.32;556.11;492.55;501.67;524.07;516.74
1985;IPAUSSU;SP;Estadual;Urbana;145;523.56;560.19;493.54;489.12;517.24;516.73
1986;PIRAUBA;MG;Estadual;Urbana;57;503.87;541.48;514.83;506.16;517.19;516.71
1987;CATUIPE;RS;Estadual;Urbana;56;531.05;556.23;497.06;485.66;513.57;516.71
1988;IPIRANGA;PR;Estadual;Urbana;40;531.04;565.98;497.08;474.97;514.5;516.71
1989;CARLOS GOMES;RS;Estadual;Rural;12;513.13;548.48;484.42;489.08;548.33;516.69
1990;CERRITO;RS;Estadual;Urbana;17;534.41;553.56;491.71;480.25;523.53;516.69
1991;AREIA BRANCA;RN;Privada;Urbana;26;522.09;551.37;487.67;500.67;521.54;516.67
1992;CASTANHAL;PA;Federal;Urbana;68;512.44;561.02;514.3;472.96;522.65;516.67
1993;VALE DO SOL;RS;Estadual;Urbana;20;518.4;559.42;491.03;483.48;531.0;516.67
1994;SAO MIGUEL DO ARAGUAIA;GO;Privada;Urbana;12;489.76;553.37;486.7;488.49;565.0;516.66
1995;MURICI;AL;Federal;Urbana;35;523.68;554.03;511.02;481.78;512.57;516.62
1996;AGUA AZUL DO NORTE;PA;Municipal;Urbana;1;548.4;611.9;520.9;541.7;360.0;516.58
1997;TOLEDO;MG;Estadual;Urbana;17;510.13;523.22;490.03;500.66;558.82;516.57
1998;PARAISO DO SUL;RS;Estadual;Urbana;35;514.79;552.72;490.95;489.86;534.29;516.52
1999;BRUNOPOLIS;SC;Estadual;Urbana;13;490.65;550.98;488.55;486.24;566.15;516.52
2000;CASEIROS;RS;Estadual;Urbana;12;501.94;557.22;517.65;435.74;570.0;516.51
2001;NIQUELANDIA;GO;Privada;Urbana;30;522.15;550.95;503.94;488.19;517.33;516.51
2002;CAJOBI;SP;Estadual;Urbana;48;519.09;557.86;481.62;503.43;520.42;516.48
2003;TERESOPOLIS;RJ;Estadual;Urbana;699;524.74;557.36;485.55;484.0;530.59;516.45
2004;NOSSA SENHORA DAS DORES;SE;Privada;Urbana;18;480.94;542.93;507.21;504.38;546.67;516.42
2005;NOVA PRATA DO IGUACU;PR;Estadual;Urbana;84;516.63;556.4;490.45;481.66;536.67;516.36
2006;VIADUTOS;RS;Estadual;Urbana;32;515.79;566.53;494.02;505.3;500.0;516.33
2007;ARCOS;MG;Estadual;Urbana;205;521.71;554.42;483.8;491.37;530.15;516.29
2008;SOUSA;PB;Federal;Urbana;59;515.83;545.23;501.46;494.98;523.73;516.25
2009;APODI;RN;Privada;Urbana;36;511.19;541.26;496.25;486.8;545.56;516.21
2010;GOVERNADOR LINDENBERG;ES;Estadual;Urbana;62;510.22;545.8;489.18;485.73;550.0;516.19
2011;SEROPEDICA;RJ;Privada;Rural;33;530.56;567.01;483.28;500.53;499.39;516.16
2012;CASCA;RS;Estadual;Urbana;92;508.29;549.6;488.79;495.18;538.91;516.15
2013;ITUBERA;BA;Privada;Urbana;13;511.76;582.09;502.99;493.1;490.77;516.14
2014;ANGATUBA;SP;Estadual;Urbana;113;530.26;558.47;487.6;469.34;535.04;516.14
2015;ARARAS;SP;Estadual;Urbana;666;521.82;556.14;495.84;492.11;514.42;516.06
2016;SALGADO DE SAO FELIX;PB;Estadual;Rural;1;535.6;593.3;504.7;366.6;580.0;516.04
2017;VIANA;ES;Municipal;Urbana;2;502.65;534.2;545.15;438.2;560.0;516.04
2018;CORRENTE;PI;Privada;Urbana;42;516.88;567.15;508.41;474.36;513.33;516.03
2019;BELO JARDIM;PE;Federal;Urbana;88;519.01;554.19;486.25;496.7;523.91;516.01
2020;ITATIAIA;RJ;Privada;Urbana;14;543.51;550.66;497.23;444.26;544.29;515.99
2021;LARANJAL PAULISTA;SP;Municipal;Urbana;48;525.2;557.88;497.75;473.34;525.42;515.92
2022;ADOLFO;SP;Estadual;Urbana;27;531.56;561.31;491.26;495.4;500.0;515.91
2023;MIRASSOL D OESTE;MT;Privada;Urbana;25;504.23;554.46;479.4;463.86;577.6;515.91
2024;BOA VISTA DO SUL;RS;Estadual;Rural;11;524.6;549.18;527.28;485.69;492.73;515.9
2025;ONDA VERDE;SP;Estadual;Urbana;20;526.64;569.23;492.58;471.94;519.0;515.88
2026;LUMINARIAS;MG;Estadual;Urbana;47;514.56;544.67;487.51;491.73;540.85;515.87
2027;TAPEJARA;RS;Estadual;Urbana;148;505.83;548.42;486.6;480.25;558.24;515.87
2028;SELBACH;RS;Estadual;Urbana;33;512.85;543.13;495.69;523.84;503.64;515.83
2029;ITAPACI;GO;Privada;Urbana;67;512.53;552.53;500.79;493.28;520.0;515.83
2030;GUARACIABA;SC;Estadual;Urbana;82;506.61;550.32;491.71;503.85;526.59;515.81
2031;CARUARU;PE;Federal;Urbana;6;521.32;576.75;514.08;493.5;473.33;515.8
2032;TAQUARACU DE MINAS;MG;Estadual;Urbana;23;524.26;559.79;491.84;492.61;510.43;515.79
2033;CERQUILHO;SP;Estadual;Urbana;196;529.51;563.56;487.75;490.84;507.24;515.78
2034;SAO LOURENCO DA MATA;PE;Privada;Urbana;69;523.48;551.29;489.98;472.35;541.45;515.71
2035;SAO CARLOS;SP;Estadual;Urbana;1153;525.28;552.88;487.0;484.2;529.09;515.69
2036;TEUTONIA;RS;Estadual;Urbana;191;512.98;556.39;493.48;494.0;521.36;515.64
2037;CONSOLACAO;MG;Estadual;Urbana;3;558.43;570.87;529.23;492.73;426.67;515.59
2038;RIO DAS ANTAS;SC;Estadual;Urbana;19;520.35;566.85;492.52;492.74;505.26;515.55
2039;AGUANIL;MG;Estadual;Urbana;24;529.2;549.61;486.68;488.02;524.17;515.54
2040;SAO JOSE DOS CAMPOS;SP;Municipal;Urbana;5;520.88;578.2;520.38;406.02;552.0;515.5
2041;CRISSIUMAL;RS;Estadual;Urbana;84;517.24;544.5;496.96;498.69;519.76;515.43
2042;CORDEIROPOLIS;SP;Estadual;Urbana;104;524.13;558.44;487.96;491.91;514.62;515.41
2043;ARAUJOS;MG;Estadual;Urbana;24;512.64;552.48;489.65;492.24;530.0;515.4
2044;PRESIDENTE GETULIO;SC;Estadual;Rural;9;494.49;547.82;486.21;499.48;548.89;515.38
2045;SANTA HELENA DE GOIAS;GO;Privada;Urbana;54;507.99;558.14;499.15;501.11;510.37;515.35
2046;CAMACAN;BA;Privada;Urbana;14;527.59;567.32;482.86;424.42;574.29;515.29
2047;VERANOPOLIS;RS;Estadual;Urbana;75;522.56;557.8;492.7;463.18;540.0;515.25
2048;IVOTI;RS;Estadual;Urbana;124;525.91;554.44;480.61;515.88;499.35;515.24
2049;BARBOSA FERRAZ;PR;Estadual;Urbana;45;514.31;558.72;496.18;482.93;524.0;515.23
2050;BOM DESPACHO;MG;Estadual;Urbana;301;518.72;557.23;491.66;493.1;515.15;515.17
2051;URUANA;GO;Privada;Urbana;9;517.04;568.29;513.91;487.42;488.89;515.11
2052;CLAUDIO;MG;Estadual;Urbana;210;517.08;549.46;490.71;487.9;530.38;515.11
2053;GUABIJU;RS;Estadual;Urbana;6;525.92;555.7;517.38;486.53;490.0;515.11
2054;ESPERANCA;PB;Privada;Urbana;41;520.28;549.96;482.87;478.4;543.9;515.08
2055;BELO ORIENTE;MG;Estadual;Urbana;176;511.68;544.6;493.73;499.89;525.53;515.08
2056;SANTA RITA D OESTE;SP;Estadual;Urbana;18;522.93;545.92;496.69;537.58;472.22;515.07
2057;BAURU;SP;Estadual;Urbana;1645;527.48;557.79;486.53;486.25;517.32;515.07
2058;SACRAMENTO;MG;Estadual;Urbana;129;522.62;559.32;491.96;493.19;508.22;515.06
2059;MARECHAL FLORIANO;ES;Estadual;Urbana;165;515.72;551.6;498.28;496.34;513.32;515.05
2060;TEIXEIRA SOARES;PR;Estadual;Urbana;30;524.96;569.58;503.14;474.18;503.33;515.04
2061;MORTUGABA;BA;Estadual;Urbana;62;512.69;557.84;480.79;453.24;570.0;514.91
2062;MONTE ALEGRE DO SUL;SP;Estadual;Urbana;63;530.12;554.38;489.1;485.33;515.56;514.9
2063;CRUZILIA;MG;Estadual;Urbana;123;512.02;547.36;486.3;519.73;508.83;514.85
2064;RIO BRANCO DO SUL;PR;Privada;Urbana;37;514.84;548.54;475.64;494.15;541.08;514.85
2065;ESTRELA;RS;Estadual;Urbana;211;513.07;550.84;488.25;494.47;527.58;514.84
2066;ARARAQUARA;SP;Federal;Urbana;18;538.27;546.61;478.32;518.63;492.22;514.81
2067;ACREUNA;GO;Privada;Urbana;19;509.34;557.45;499.13;504.81;503.16;514.78
2068;MASSAPE;CE;Privada;Urbana;22;522.5;537.6;503.9;489.91;520.0;514.78
2069;JOAO NEIVA;ES;Estadual;Urbana;96;508.15;547.35;491.71;480.52;545.83;514.71
2070;MONTANHA;ES;Privada;Rural;8;518.35;541.42;505.34;510.72;497.5;514.67
2071;ESPUMOSO;RS;Estadual;Urbana;92;518.62;556.0;497.21;482.7;518.7;514.65
2072;ALFREDO VASCONCELOS;MG;Estadual;Urbana;35;517.33;555.22;475.19;494.39;530.86;514.6
2073;FREDERICO WESTPHALEN;RS;Federal;Rural;72;513.21;559.42;509.71;518.41;472.22;514.59
2074;CARMO DO CAJURU;MG;Estadual;Urbana;132;513.72;549.94;492.94;490.1;526.21;514.58
2075;TAIOBEIRAS;MG;Privada;Urbana;48;515.04;547.36;494.62;501.96;513.75;514.55
2076;MARTINHO CAMPOS;MG;Estadual;Urbana;46;517.0;561.32;485.97;507.88;500.54;514.54
2077;BALBINOS;SP;Estadual;Urbana;7;554.56;534.39;504.1;471.01;508.57;514.53
2078;ROQUE GONZALES;RS;Estadual;Urbana;48;521.29;563.17;499.95;502.75;485.42;514.51
2079;IGARAPAVA;SP;Municipal;Urbana;28;521.3;558.94;492.22;486.35;513.57;514.48
2080;PARAISO DO TOCANTINS;TO;Privada;Urbana;69;517.88;543.15;495.68;487.2;528.41;514.46
2081;GIRAU DO PONCIANO;AL;Privada;Urbana;28;514.72;551.67;504.76;472.55;528.57;514.46
2082;BURITICUPU;MA;Federal;Urbana;66;525.76;569.32;490.82;454.09;532.12;514.42
2083;PIRACICABA;SP;Estadual;Urbana;1500;525.63;555.29;488.98;488.17;513.89;514.39
2084;PRADOS;MG;Estadual;Urbana;49;510.18;555.57;498.43;507.02;500.41;514.32
2085;TRES CORACOES;MG;Municipal;Urbana;1;515.4;594.6;516.9;384.6;560.0;514.3
2086;PENEDO;AL;Privada;Urbana;96;509.2;544.26;504.35;484.19;529.38;514.28
2087;CAMPINAS;SP;Estadual;Urbana;4973;523.22;554.37;489.01;488.67;515.91;514.24
2088;SAO JOAO DA MATA;MG;Estadual;Urbana;15;526.47;573.29;466.83;492.62;512.0;514.24
2089;UBERLANDIA;MG;Estadual;Urbana;4036;519.33;557.25;491.03;487.68;515.51;514.16
2090;FARTURA;SP;Estadual;Urbana;136;523.75;550.35;489.71;482.82;524.12;514.15
2091;NOVA BOA VISTA;RS;Estadual;Urbana;31;513.2;550.89;480.06;468.28;558.06;514.1
2092;SAO SEBASTIAO DO PARAISO;MG;Estadual;Urbana;498;521.06;551.76;493.99;490.35;513.25;514.08
2093;QUELUZITO;MG;Estadual;Urbana;8;534.11;577.2;485.85;457.74;515.0;513.98
2094;AGUAS MORNAS;SC;Estadual;Urbana;27;510.69;551.0;494.33;493.87;520.0;513.98
2095;QUIXABA;PE;Estadual;Rural;71;516.82;538.7;484.4;494.45;535.49;513.97
2096;FARROUPILHA;RS;Estadual;Urbana;330;516.81;551.61;483.72;488.65;529.03;513.96
2097;GUARANTA DO NORTE;MT;Privada;Urbana;19;512.81;547.89;504.09;511.23;493.68;513.94
2098;ENTRE-IJUIS;RS;Estadual;Urbana;39;511.71;553.63;495.21;477.37;531.79;513.94
2099;ABDON BATISTA;SC;Estadual;Urbana;17;519.17;567.7;466.51;485.66;530.59;513.93
2100;BENEDITO NOVO;SC;Estadual;Urbana;40;506.87;559.81;494.36;487.61;521.0;513.93
2101;MONTE APRAZIVEL;SP;Estadual;Rural;55;522.27;550.71;493.41;503.19;500.0;513.92
2102;PINDAMONHANGABA;SP;Estadual;Urbana;885;522.1;551.94;483.61;486.1;525.85;513.92
2103;CALDAS;MG;Municipal;Urbana;4;549.72;576.25;481.2;502.35;460.0;513.9
2104;MELEIRO;SC;Estadual;Urbana;39;521.32;557.85;500.49;486.21;503.59;513.89
2105;SANTO ANTONIO DO PLANALTO;RS;Estadual;Urbana;11;495.71;538.17;494.71;475.32;565.45;513.87
2106;SEARA;SC;Estadual;Urbana;105;513.75;556.43;494.56;485.17;519.43;513.87
2107;PIEDADE;SP;Estadual;Urbana;209;526.19;554.71;488.34;479.13;520.77;513.83
2108;TIMBE DO SUL;SC;Estadual;Urbana;34;506.9;554.33;490.04;487.16;530.59;513.8
2109;TAPIRA;MG;Estadual;Urbana;17;529.14;556.09;501.74;504.32;477.65;513.79
2110;CARVALHOPOLIS;MG;Estadual;Urbana;19;521.89;551.26;473.55;488.54;533.68;513.79
2111;SAO MIGUEL ARCANJO;SP;Estadual;Urbana;146;521.44;552.51;486.91;476.27;531.64;513.76
2112;IGUABA GRANDE;RJ;Privada;Urbana;18;486.47;544.58;509.1;474.08;554.44;513.73
2113;BARROSO;MG;Estadual;Urbana;136;517.98;550.98;484.01;501.84;513.82;513.73
2114;MOSSAMEDES;GO;Estadual;Urbana;37;521.53;565.6;501.27;464.46;515.68;513.71
2115;ORATORIOS;MG;Estadual;Urbana;16;533.3;547.36;506.12;466.64;515.0;513.69
2116;ARAPOTI;PR;Privada;Urbana;55;514.06;557.36;507.24;492.3;497.45;513.68
2117;DOIS LAJEADOS;RS;Estadual;Urbana;31;519.84;543.57;503.23;503.65;498.06;513.67
2118;JALES;SP;Estadual;Urbana;243;521.68;548.56;489.9;489.39;518.77;513.66
2119;NOVA ROMA DO SUL;RS;Estadual;Urbana;28;520.54;533.15;475.29;507.82;531.43;513.64
2120;SANTO ANTONIO DO SUDOESTE;PR;Estadual;Urbana;85;519.19;567.77;491.93;494.73;494.59;513.64
2121;BLUMENAU;SC;Estadual;Urbana;1347;519.36;558.73;487.21;491.03;511.82;513.63
2122;SAO MIGUEL DO IGUACU;PR;Estadual;Rural;10;508.57;538.84;503.16;487.52;530.0;513.62
2123;IBITINGA;SP;Estadual;Urbana;214;526.75;557.23;491.4;490.26;502.34;513.6
2124;PRESIDENTE BERNARDES;MG;Estadual;Urbana;20;513.33;523.86;509.24;505.52;516.0;513.59
2125;IPIRANGA;PR;Estadual;Rural;7;519.0;567.24;497.07;461.67;522.86;513.57
2126;SAO JOAQUIM DA BARRA;SP;Estadual;Urbana;288;520.28;549.66;490.46;479.51;527.92;513.56
2127;ITATIAIUCU;MG;Estadual;Urbana;64;512.26;554.3;494.37;504.28;502.5;513.54
2128;RIBEIRAO DO SUL;SP;Estadual;Urbana;39;511.33;554.86;495.46;484.54;521.54;513.54
2129;ITUTINGA;MG;Estadual;Urbana;20;523.34;546.27;476.7;499.08;522.0;513.48
2130;MORRINHOS DO SUL;RS;Estadual;Urbana;29;516.34;546.38;500.66;458.48;545.52;513.47
2131;PANELAS;PE;Estadual;Rural;121;511.73;552.5;490.02;467.17;545.95;513.47
2132;NOVA LONDRINA;PR;Privada;Urbana;24;504.09;554.33;513.48;481.25;514.17;513.46
2133;TUBARAO;SC;Estadual;Urbana;394;519.87;552.91;485.46;481.01;527.87;513.42
2134;CARMO DE MINAS;MG;Estadual;Urbana;52;531.57;552.36;488.56;496.02;498.46;513.39
2135;CAMARGO;RS;Estadual;Urbana;16;500.92;545.82;485.87;494.31;540.0;513.38
2136;JURUTI;PA;Privada;Urbana;21;506.18;548.88;500.29;467.65;543.81;513.36
2137;RIO CLARO;SP;Estadual;Urbana;878;521.69;554.57;488.96;485.09;516.43;513.35
2138;ARARAQUARA;SP;Estadual;Urbana;912;525.02;552.56;489.19;487.79;512.05;513.32
2139;ESTACAO;RS;Estadual;Urbana;47;514.89;550.01;493.49;462.24;545.96;513.32
2140;IRACEMINHA;SC;Estadual;Urbana;41;503.68;542.9;495.53;489.77;534.63;513.3
2141;MATINHAS;PB;Estadual;Urbana;5;518.24;545.6;489.76;472.84;540.0;513.29
2142;TUPA;SP;Estadual;Urbana;391;517.42;552.59;492.37;483.06;520.7;513.23
2143;CACHOEIRA DO SUL;RS;Estadual;Rural;10;517.31;547.71;484.51;536.56;480.0;513.22
2144;LEME;SP;Estadual;Urbana;452;523.88;553.19;489.94;486.49;512.52;513.21
2145;ITABIRA;MG;Estadual;Urbana;511;521.81;558.84;487.59;487.22;510.46;513.18
2146;OSORIO;RS;Estadual;Urbana;284;512.44;552.41;490.66;480.06;530.3;513.18
2147;FAXINAL DOS GUEDES;SC;Estadual;Urbana;64;515.42;555.19;481.14;478.47;535.62;513.17
2148;RIBEIRAO DO PINHAL;PR;Municipal;Urbana;1;582.3;578.2;437.7;327.6;640.0;513.16
2149;CAMARAGIBE;PE;Estadual;Rural;125;507.33;543.38;492.5;474.89;547.68;513.15
2150;ALTO FELIZ;RS;Estadual;Urbana;11;493.98;527.8;472.84;507.15;563.64;513.08
2151;PIRACAIA;SP;Estadual;Urbana;145;517.2;552.93;487.18;491.11;516.97;513.08
2152;SAO MIGUEL ARCANJO;SP;Privada;Urbana;7;499.63;538.86;553.17;479.1;494.29;513.01
2153;BENTO GONCALVES;RS;Estadual;Urbana;464;519.37;556.03;491.95;486.64;510.95;512.99
2154;SERRANOPOLIS DO IGUACU;PR;Estadual;Urbana;32;517.4;554.43;479.09;490.73;523.12;512.96
2155;SAO MARCOS;RS;Estadual;Urbana;103;510.65;547.99;491.61;506.57;507.77;512.92
2156;WENCESLAU BRAZ;PR;Estadual;Rural;3;507.73;552.63;497.87;459.63;546.67;512.91
2157;ATIBAIA;SP;Estadual;Urbana;693;522.23;554.56;493.35;485.65;508.74;512.91
2158;AQUIDAUANA;MS;Privada;Urbana;49;516.21;538.44;485.76;489.06;535.1;512.91
2159;BARRA DO CHAPEU;SP;Estadual;Urbana;16;527.71;549.68;481.31;472.05;533.75;512.9
2160;ITUIUTABA;MG;Municipal;Rural;6;513.28;565.32;498.68;473.75;513.33;512.87
2161;VALENCA;RJ;Estadual;Urbana;454;522.12;555.69;488.72;479.75;518.02;512.86
2162;CAPITOLIO;MG;Estadual;Urbana;68;518.06;546.63;487.93;518.11;493.53;512.85
2163;TRES RIOS;RJ;Municipal;Urbana;88;518.07;551.56;477.18;467.55;549.77;512.83
2164;BOFETE;SP;Estadual;Urbana;47;516.12;542.45;496.1;469.86;539.57;512.82
2165;BRACO DO NORTE;SC;Estadual;Rural;16;510.21;543.96;505.04;497.34;507.5;512.81
2166;PARA DE MINAS;MG;Estadual;Urbana;531;512.81;549.88;498.2;496.73;506.36;512.8
2167;NOVA LUZITANIA;SP;Municipal;Urbana;5;544.3;558.94;506.74;486.04;468.0;512.8
2168;JAGUARIUNA;SP;Estadual;Urbana;238;519.18;546.6;491.47;487.99;518.74;512.79
2169;LONDRINA;PR;Estadual;Urbana;2751;521.68;561.67;490.84;482.63;507.09;512.78
2170;TAQUARITINGA;SP;Estadual;Urbana;302;522.5;555.11;495.58;485.61;504.97;512.76
2171;QUATRO PONTES;PR;Estadual;Urbana;37;512.88;557.05;491.11;470.8;531.89;512.75
2172;CASA NOVA;BA;Privada;Urbana;8;498.96;553.83;480.42;495.54;535.0;512.75
2173;VICENTINA;MS;Estadual;Rural;15;513.39;561.5;492.06;488.8;508.0;512.75
2174;MOCOCA;SP;Estadual;Urbana;309;516.45;547.29;493.59;486.44;519.81;512.72
2175;SEABRA;BA;Municipal;Rural;6;520.17;553.42;501.7;444.42;543.33;512.61
2176;IRACEMAPOLIS;SP;Estadual;Urbana;88;521.61;545.06;490.27;481.98;524.09;512.6
2177;ITABIRITO;MG;Estadual;Urbana;218;514.71;552.14;486.86;500.0;509.27;512.6
2178;GAVIAO PEIXOTO;SP;Estadual;Urbana;25;531.56;557.32;494.01;471.92;508.0;512.56
2179;SAPOPEMA;PR;Estadual;Urbana;52;520.64;552.97;508.49;480.71;500.0;512.56
2180;ESTRELA D OESTE;SP;Estadual;Urbana;31;514.88;547.23;476.27;480.79;543.23;512.48
2181;NOVA ALIANCA;SP;Estadual;Urbana;33;515.48;559.44;489.78;510.41;487.27;512.48
2182;MIRASSOL;SP;Estadual;Urbana;305;519.62;555.95;482.4;487.82;516.33;512.42
2183;ESPIRITO SANTO DO PINHAL;SP;Estadual;Urbana;202;519.07;552.67;487.08;475.95;527.33;512.42
2184;ALTA FLORESTA;MT;Municipal;Urbana;1;543.8;565.5;455.4;477.2;520.0;512.38
2185;CANDEIAS;MG;Estadual;Urbana;77;515.66;558.05;491.18;501.37;495.58;512.37
2186;SANTA MARIA;RS;Estadual;Urbana;1543;524.95;556.68;490.02;476.43;513.77;512.37
2187;BACABAL;MA;Privada;Urbana;149;522.27;554.58;479.38;459.02;546.58;512.36
2188;PRESIDENTE OLEGARIO;MG;Estadual;Urbana;148;513.64;550.49;499.0;493.14;505.54;512.36
2189;PASSA SETE;RS;Estadual;Urbana;28;526.06;551.29;493.92;483.13;507.14;512.31
2190;SAO JOSE DO RIO PARDO;SP;Municipal;Urbana;14;524.56;548.44;517.68;459.34;511.43;512.29
2191;PICADA CAFE;RS;Estadual;Urbana;43;511.12;555.65;482.35;492.82;519.53;512.29
2192;DIANOPOLIS;TO;Estadual;Rural;1;568.0;557.4;566.5;429.4;440.0;512.26
2193;FREDERICO WESTPHALEN;RS;Estadual;Urbana;236;520.63;554.56;488.91;485.41;511.78;512.26
2194;JAPARAIBA;MG;Estadual;Urbana;22;499.56;530.97;488.86;550.01;491.82;512.25
2195;PIEN;PR;Estadual;Urbana;66;512.73;550.02;496.08;474.18;528.18;512.24
2196;ITAMARANDIBA;MG;Estadual;Urbana;197;510.31;551.79;495.82;489.91;513.3;512.23
2197;CAPIVARI;SP;Estadual;Urbana;263;519.81;551.31;492.07;482.86;514.75;512.16
2198;GUARACAI;SP;Estadual;Urbana;43;517.51;545.0;486.51;481.96;529.77;512.15
2199;SANTA MARIA;RS;Estadual;Rural;1;556.3;598.9;549.4;476.0;380.0;512.12
2200;RIO NEGRINHO;SC;Estadual;Urbana;212;509.45;556.0;493.42;473.29;528.21;512.07
2201;TUNAPOLIS;SC;Estadual;Urbana;35;507.83;548.61;495.89;470.81;537.14;512.06
2202;BOM JESUS DO OESTE;SC;Estadual;Urbana;10;500.91;571.08;494.45;469.84;524.0;512.06
2203;ARAGUARI;MG;Municipal;Urbana;1;537.2;602.4;465.9;374.3;580.0;511.96
2204;UBA;MG;Estadual;Urbana;606;517.38;552.26;493.44;494.7;501.95;511.94
2205;IBICUI;BA;Municipal;Urbana;1;528.6;579.1;456.8;475.2;520.0;511.94
2206;CAMPO LARGO;PR;Estadual;Urbana;602;515.16;555.34;487.6;477.51;523.69;511.86
2207;SANTA MARGARIDA DO SUL;RS;Estadual;Rural;11;521.01;557.45;494.74;487.94;498.18;511.86
2208;IGUAI;BA;Privada;Urbana;23;519.09;542.29;486.27;463.82;547.83;511.86
2209;BICAS;MG;Estadual;Urbana;78;529.68;560.01;474.94;487.43;507.18;511.85
2210;RIO BANANAL;ES;Privada;Rural;5;483.64;530.64;472.9;519.98;552.0;511.83
2211;AGRONOMICA;SC;Estadual;Urbana;28;525.27;556.66;494.57;460.49;522.14;511.83
2212;ITAPECERICA;MG;Estadual;Urbana;117;513.27;545.87;494.56;495.95;509.4;511.81
2213;XINGUARA;PA;Privada;Urbana;44;514.82;561.84;496.16;487.48;498.64;511.79
2214;CAMPOS BORGES;RS;Estadual;Urbana;27;519.03;561.23;478.32;489.17;511.11;511.77
2215;SANTA MARIA DE ITABIRA;MG;Estadual;Urbana;39;519.39;561.62;488.43;509.41;480.0;511.77
2216;CODO;MA;Privada;Urbana;140;509.21;552.78;490.69;468.49;537.57;511.75
2217;SAO JOSE DO MANTIMENTO;MG;Estadual;Urbana;19;512.09;545.01;489.54;483.5;528.42;511.71
2218;CATANDUVA;SP;Estadual;Urbana;479;526.46;551.43;486.4;485.84;508.43;511.71
2219;BRAZOPOLIS;MG;Estadual;Urbana;63;518.66;542.11;493.8;510.03;493.65;511.65
2220;POUSO ALEGRE;MG;Estadual;Urbana;675;519.16;556.16;482.16;490.72;510.02;511.64
2221;MONTE MOR;SP;Municipal;Urbana;1;498.0;579.4;507.3;453.5;520.0;511.64
2222;AVARE;SP;Estadual;Urbana;384;521.08;554.49;482.5;485.0;515.01;511.61
2223;MONGAGUA;SP;Estadual;Urbana;307;529.03;555.34;483.74;483.76;505.96;511.57
2224;SULINA;PR;Estadual;Urbana;26;510.4;553.61;492.78;486.37;514.62;511.55
2225;PAINS;MG;Estadual;Urbana;53;507.09;562.92;484.31;466.81;536.6;511.55
2226;PADRE PARAISO;MG;Estadual;Rural;14;505.69;550.74;478.81;459.63;562.86;511.54
2227;MERIDIANO;SP;Estadual;Urbana;25;521.07;547.4;484.69;478.16;526.4;511.54
2228;CORREGO DO BOM JESUS;MG;Estadual;Urbana;15;532.73;543.68;492.89;481.66;506.67;511.52
2229;RUBIACEA;SP;Estadual;Urbana;11;533.8;542.56;470.99;497.49;512.73;511.51
2230;CAPINZAL;SC;Estadual;Urbana;140;511.94;547.7;491.34;484.51;522.0;511.5
2231;MARAU;RS;Estadual;Urbana;208;508.01;545.39;484.16;488.39;531.25;511.44
2232;TAQUARUCU DO SUL;RS;Estadual;Urbana;19;509.77;551.51;504.16;466.47;525.26;511.43
2233;SAO JOSE DO RIO PARDO;SP;Estadual;Urbana;250;519.21;552.06;482.79;481.37;521.28;511.34
2234;CARANAIBA;MG;Estadual;Urbana;8;513.94;549.46;481.31;521.95;490.0;511.33
2235;SAO JOSE DO OURO;RS;Estadual;Urbana;49;517.17;542.36;489.22;478.82;528.98;511.31
2236;ITAPIRA;SP;Estadual;Urbana;290;526.33;554.94;487.6;480.4;507.17;511.29
2237;CERRO LARGO;RS;Estadual;Urbana;90;516.53;548.83;487.5;477.6;525.78;511.25
2238;DOURADO;SP;Estadual;Urbana;40;507.14;541.73;481.06;502.28;524.0;511.24
2239;GRAO PARA;SC;Estadual;Urbana;24;502.56;537.61;490.98;478.27;546.67;511.22
2240;RIO PIRACICABA;MG;Estadual;Urbana;65;514.74;557.4;491.82;497.87;494.15;511.2
2241;SAO JOAO DO PAU D ALHO;SP;Estadual;Urbana;21;521.77;534.15;506.5;453.53;540.0;511.19
2242;ARTUR NOGUEIRA;SP;Estadual;Urbana;185;522.54;549.2;493.52;484.13;506.49;511.18
2243;CAMPO ALEGRE;AL;Privada;Urbana;9;522.66;547.61;509.71;482.57;493.33;511.18
2244;ITU;SP;Estadual;Urbana;778;523.39;554.91;483.45;478.3;515.84;511.18
2245;DONA FRANCISCA;RS;Estadual;Urbana;18;503.97;534.88;503.92;473.08;540.0;511.17
2246;NITEROI;RJ;Estadual;Urbana;2292;520.93;555.13;483.11;475.27;521.39;511.16
2247;TAPIRAI;MG;Estadual;Urbana;5;539.72;566.0;514.06;452.02;484.0;511.16
2248;PAULA CANDIDO;MG;Estadual;Urbana;62;511.03;540.88;487.99;491.08;524.84;511.16
2249;CRISTALIA;MG;Estadual;Rural;2;539.9;585.55;460.8;419.4;550.0;511.13
2250;ANALANDIA;SP;Estadual;Urbana;16;512.84;556.01;465.76;463.46;557.5;511.11
2251;ITAPEVA;MG;Estadual;Urbana;53;518.68;548.97;476.75;497.41;513.58;511.08
2252;CARPINA;PE;Privada;Urbana;92;514.16;546.84;491.88;471.2;531.3;511.08
2253;RIBEIRAO;PE;Privada;Urbana;27;510.11;543.87;493.93;494.83;512.59;511.07
2254;CONCEICAO DA BARRA DE MINAS;MG;Estadual;Urbana;32;502.81;535.08;477.76;504.02;535.62;511.06
2255;GRAMADO;RS;Estadual;Urbana;140;525.71;553.34;493.36;477.01;505.86;511.05
2256;TOLEDO;PR;Estadual;Urbana;954;515.46;559.25;490.73;485.46;504.28;511.03
2257;SANTA CRUZ DO SUL;RS;Estadual;Urbana;540;519.47;554.27;482.45;481.78;517.08;511.01
2258;CATOLE DO ROCHA;PB;Estadual;Rural;29;506.89;531.51;480.33;468.59;567.59;510.98
2259;ITALVA;RJ;Estadual;Urbana;94;511.51;545.57;487.78;467.91;541.91;510.94
2260;NOBRES;MT;Privada;Urbana;14;518.39;581.23;482.97;477.76;494.29;510.93
2261;BOM JARDIM;RJ;Estadual;Urbana;102;516.75;546.64;486.67;473.89;530.59;510.91
2262;COLORADO;PR;Estadual;Urbana;134;509.22;552.91;499.34;479.27;513.73;510.9
2263;ESPIRITO SANTO DO DOURADO;MG;Estadual;Urbana;18;517.81;548.06;488.58;495.54;504.44;510.89
2264;CONCORDIA;SC;Estadual;Urbana;429;509.75;552.57;486.1;481.94;524.07;510.88
2265;SAO JOAO DOS PATOS;MA;Privada;Urbana;8;505.44;556.92;525.2;479.01;487.5;510.82
2266;LIBERDADE;MG;Estadual;Urbana;34;526.59;559.03;498.4;482.91;487.06;510.8
2267;PARINTINS;AM;Federal;Urbana;56;505.9;538.92;490.54;471.41;547.14;510.78
2268;PIRASSUNUNGA;SP;Estadual;Urbana;291;519.83;556.31;488.64;474.07;514.98;510.77
2269;RESENDE;RJ;Estadual;Urbana;670;516.03;549.98;483.95;479.06;524.84;510.77
2270;SAO JOAO BATISTA DO GLORIA;MG;Estadual;Urbana;44;511.95;555.23;495.79;485.42;505.45;510.77
2271;SAO JOSE DA SAFIRA;MG;Estadual;Urbana;8;508.78;558.26;488.28;478.44;520.0;510.75
2272;SOROCABA;SP;Municipal;Urbana;253;520.86;551.68;481.36;476.88;522.85;510.72
2273;TUPARENDI;RS;Estadual;Urbana;55;517.49;545.85;486.52;470.84;532.73;510.68
2274;CONCEICAO DO ARAGUAIA;PA;Privada;Urbana;91;506.66;549.68;490.38;468.02;538.68;510.68
2275;DUQUE DE CAXIAS;RJ;Privada;Rural;17;519.33;554.53;493.48;481.34;504.71;510.68
2276;BOTUCATU;SP;Estadual;Urbana;464;521.56;556.09;484.31;483.66;507.67;510.66
2277;JAU;SP;Estadual;Rural;8;516.86;546.83;512.26;499.81;477.5;510.65
2278;MARCELINO RAMOS;RS;Estadual;Urbana;34;511.97;539.18;480.36;491.44;530.0;510.59
2279;MORRO AGUDO;SP;Municipal;Urbana;69;509.54;556.33;491.76;481.75;513.33;510.54
2280;FRANCISCO BELTRAO;PR;Estadual;Rural;7;525.53;562.87;501.84;451.03;511.43;510.54
2281;NOVA AMERICA;GO;Estadual;Urbana;10;528.08;562.55;472.01;462.0;528.0;510.53
2282;ROSARIO DO SUL;RS;Privada;Urbana;25;512.05;554.18;494.08;481.06;511.2;510.52
2283;BAMBUI;MG;Estadual;Urbana;179;511.79;547.92;490.82;489.15;512.85;510.5
2284;POCOS DE CALDAS;MG;Estadual;Urbana;718;521.79;553.77;483.58;480.11;513.07;510.46
2285;INDAIATUBA;SP;Estadual;Urbana;1055;522.04;551.23;487.04;483.78;508.23;510.46
2286;SAO LOURENCO DO SUL;RS;Estadual;Rural;68;503.46;540.56;490.25;495.86;522.06;510.44
2287;ARROIO TRINTA;SC;Estadual;Urbana;33;501.29;555.05;489.24;476.71;529.7;510.4
2288;SAO BERNARDO DO CAMPO;SP;Estadual;Urbana;4304;523.9;549.98;481.66;481.94;514.42;510.38
2289;MARINGA;PR;Estadual;Urbana;1543;518.35;557.23;485.55;474.09;516.6;510.36
2290;RIO AZUL;PR;Estadual;Urbana;51;506.3;546.45;495.13;488.35;515.29;510.31
2291;MONSENHOR PAULO;MG;Estadual;Urbana;63;523.17;555.16;480.73;495.6;496.83;510.3
2292;TRES CORACOES;MG;Estadual;Urbana;372;523.91;551.76;485.84;488.6;501.36;510.29
2293;SANTO AMARO DA IMPERATRIZ;SC;Estadual;Urbana;149;513.6;549.45;487.46;477.91;523.02;510.29
2294;VICTOR GRAEFF;RS;Estadual;Urbana;25;522.24;553.2;475.46;451.72;548.8;510.28
2295;ELIAS FAUSTO;SP;Estadual;Urbana;83;515.47;545.72;471.27;483.03;535.9;510.28
2296;ANGULO;PR;Estadual;Urbana;13;511.55;546.75;473.74;480.86;538.46;510.27
2297;BELO HORIZONTE;MG;Estadual;Urbana;12849;519.85;555.49;487.49;484.88;503.58;510.26
2298;IVINHEMA;MS;Municipal;Rural;1;515.3;548.1;554.2;413.7;520.0;510.26
2299;SANTO ANDRE;SP;Estadual;Urbana;3441;523.15;550.41;482.95;481.02;513.76;510.26
2300;BIRIGUI;SP;Estadual;Urbana;580;521.61;554.37;484.62;482.4;508.26;510.25
2301;CHAPECO;SC;Estadual;Urbana;1085;514.31;556.13;484.99;481.99;513.7;510.23
2302;ESPERANCA NOVA;PR;Estadual;Urbana;7;502.47;554.86;466.84;486.93;540.0;510.22
2303;SAO MANUEL;SP;Estadual;Rural;35;513.77;549.01;497.84;460.49;529.71;510.16
2304;PORTO BELO;SC;Estadual;Urbana;62;517.06;551.55;486.65;478.4;517.1;510.15
2305;RIO PARANAIBA;MG;Estadual;Urbana;83;507.0;544.1;498.86;482.67;518.07;510.14
2306;TAIUVA;SP;Estadual;Urbana;35;523.98;547.41;480.24;481.82;517.14;510.12
2307;CURITIBA;PR;Estadual;Urbana;9779;520.41;557.35;487.15;481.2;504.09;510.04
2308;OEIRAS;PI;Privada;Rural;2;491.35;567.6;494.8;415.9;580.0;509.93
2309;PATOS DE MINAS;MG;Estadual;Rural;50;497.27;550.1;516.42;501.13;484.4;509.86
2310;SAO LEOPOLDO;RS;Estadual;Urbana;818;521.38;557.31;481.96;479.46;509.01;509.82
2311;ANCHIETA;ES;Privada;Rural;18;515.69;544.5;496.94;482.98;508.89;509.8
2312;MIRANDA;MS;Privada;Rural;49;502.61;543.53;508.12;498.01;496.73;509.8
2313;JACUNDA;PA;Privada;Urbana;68;524.15;558.41;500.8;471.25;494.41;509.8
2314;BRUMADINHO;MG;Estadual;Urbana;153;510.06;558.2;485.21;495.31;500.11;509.78
2315;AMERICANA;SP;Municipal;Urbana;1;539.3;570.8;507.8;411.0;520.0;509.78
2316;DAVID CANABARRO;RS;Estadual;Urbana;39;513.6;539.08;482.09;479.6;534.36;509.75
2317;JOINVILLE;SC;Estadual;Urbana;2286;514.33;553.47;480.24;482.44;518.23;509.74
2318;VALINHOS;SP;Estadual;Urbana;613;521.16;550.46;484.25;487.26;505.12;509.65
2319;MUTUM;MG;Estadual;Urbana;145;513.2;545.97;495.12;486.35;507.59;509.64
2320;RIO FORTUNA;SC;Estadual;Urbana;20;511.18;554.78;503.78;461.14;517.0;509.58
2321;FREI LAGONEGRO;MG;Estadual;Urbana;17;515.43;550.83;489.2;458.25;534.12;509.57
2322;PIEDADE DOS GERAIS;MG;Estadual;Urbana;17;528.73;528.92;500.48;479.78;509.41;509.46
2323;SAO FRANCISCO DO SUL;SC;Municipal;Urbana;4;500.38;586.05;487.35;473.55;500.0;509.46
2324;RONDA ALTA;RS;Estadual;Urbana;52;510.54;558.54;479.57;470.2;528.46;509.46
2325;CAXIAS;MA;Federal;Rural;137;519.82;559.6;494.78;465.34;507.74;509.46
2326;SAO LEOPOLDO;RS;Municipal;Urbana;1;537.4;621.6;499.9;408.3;480.0;509.44
2327;SAO JOSE DOS PINHAIS;PR;Estadual;Rural;27;505.87;545.21;498.24;482.34;515.56;509.44
2328;ASCURRA;SC;Estadual;Urbana;24;520.95;548.14;484.44;462.0;531.67;509.44
2329;PARATY;RJ;Estadual;Urbana;182;515.56;559.3;485.44;478.26;508.57;509.43
2330;ANDRADAS;MG;Estadual;Urbana;168;521.68;554.78;492.91;476.68;501.07;509.42
2331;DONA EUSEBIA;MG;Estadual;Urbana;35;508.47;539.06;501.17;478.91;519.43;509.41
2332;ROLANTE;RS;Estadual;Urbana;69;513.38;555.52;478.06;486.36;513.62;509.39
2333;CAMPO MOURAO;PR;Estadual;Rural;42;505.95;555.1;507.03;495.9;482.86;509.37
2334;JITAUNA;BA;Privada;Urbana;7;531.94;574.51;514.14;454.77;471.43;509.36
2335;VARGEM ALEGRE;MG;Estadual;Urbana;27;518.64;550.98;480.49;475.24;521.48;509.36
2336;MIRACEMA;RJ;Estadual;Urbana;199;513.96;549.59;485.08;467.9;529.65;509.24
2337;ERVAL GRANDE;RS;Estadual;Urbana;28;506.86;537.92;478.32;458.71;564.29;509.22
2338;MAGDA;SP;Estadual;Urbana;24;491.75;538.86;491.99;520.8;502.5;509.18
2339;SANTA RITA DO PASSA QUATRO;SP;Estadual;Urbana;72;521.07;545.9;494.61;477.17;506.94;509.14
2340;MARACAJU;MS;Privada;Urbana;42;506.99;559.51;492.15;494.63;492.38;509.13
2341;SAPIRANGA;RS;Estadual;Urbana;394;516.81;553.21;478.38;478.51;518.58;509.1
2342;VARZEA;PB;Estadual;Urbana;19;502.24;540.0;485.32;493.71;524.21;509.1
2343;VINHEDO;SP;Estadual;Urbana;300;516.59;550.45;483.15;473.26;521.8;509.05
2344;GUAPIACU;SP;Estadual;Urbana;58;515.71;558.77;493.86;470.12;506.55;509.0
2345;SANTA GERTRUDES;SP;Estadual;Urbana;103;520.0;552.11;480.56;485.86;506.41;508.99
2346;CARAMBEI;PR;Estadual;Rural;7;507.24;535.04;470.7;469.1;562.86;508.99
2347;URUSSANGA;SC;Estadual;Urbana;91;511.82;550.74;492.65;480.56;509.01;508.96
2348;SEBERI;RS;Estadual;Urbana;79;522.25;556.08;487.32;473.72;505.32;508.94
2349;PRESIDENTE FIGUEIREDO;AM;Federal;Urbana;50;513.63;549.57;484.81;465.7;530.8;508.9
2350;SAO SEBASTIAO DO OESTE;MG;Estadual;Urbana;24;506.3;552.68;490.24;480.28;515.0;508.9
2351;IBIUNA;SP;Estadual;Rural;78;515.98;539.58;494.23;481.85;512.82;508.89
2352;MONTENEGRO;RS;Estadual;Urbana;302;517.56;549.82;482.23;484.32;510.48;508.88
2353;FAGUNDES VARELA;RS;Estadual;Urbana;9;526.48;552.86;486.76;475.94;502.22;508.85
2354;OLIVEIRA FORTES;MG;Estadual;Urbana;17;506.93;560.91;478.44;477.9;520.0;508.84
2355;SANTA RITA DO SAPUCAI;MG;Estadual;Urbana;163;517.4;547.69;485.33;480.95;512.76;508.83
2356;BARRA DO CORDA;MA;Federal;Urbana;76;514.27;558.23;487.56;458.59;525.53;508.83
2357;SAO RAIMUNDO DAS MANGABEIRAS;MA;Federal;Rural;64;500.25;551.01;495.35;479.1;518.44;508.83
2358;TAPIRATIBA;SP;Estadual;Urbana;67;524.35;555.26;486.67;456.91;520.9;508.82
2359;PARAIBUNA;SP;Estadual;Rural;15;525.64;551.09;453.91;476.14;537.33;508.82
2360;REALEZA;PR;Estadual;Urbana;155;507.65;556.13;483.72;483.97;512.65;508.82
2361;CARBONITA;MG;Estadual;Urbana;67;508.73;548.41;490.34;469.9;526.57;508.79
2362;SAO GERALDO DO ARAGUAIA;PA;Municipal;Urbana;1;490.2;480.0;463.6;629.8;480.0;508.72
2363;SALTINHO;SP;Estadual;Urbana;46;521.23;538.25;476.18;493.87;513.91;508.69
2364;PIRANGI;SP;Estadual;Urbana;43;528.1;550.33;492.04;486.41;486.51;508.68
2365;TRES MARIAS;MG;Estadual;Urbana;191;512.51;552.78;487.48;490.46;500.1;508.67
2366;OURO;SC;Estadual;Urbana;20;488.79;557.0;493.14;473.4;531.0;508.67
2367;SAPUCAIA DO SUL;RS;Privada;Urbana;81;514.9;553.9;487.15;477.56;509.8;508.66
2368;AMAMBAI;MS;Estadual;Urbana;166;511.25;555.67;478.31;487.25;510.6;508.62
2369;WENCESLAU BRAZ;MG;Estadual;Urbana;23;503.48;546.79;492.34;493.48;506.96;508.61
2370;JARAGUA DO SUL;SC;Municipal;Urbana;2;516.0;520.35;472.4;504.2;530.0;508.59
2371;BARRA;BA;Privada;Urbana;23;505.68;552.92;498.96;456.71;528.7;508.59
2372;CRISTAIS PAULISTA;SP;Estadual;Urbana;48;517.75;556.5;507.7;470.6;490.42;508.59
2373;GUARARAPES;SP;Estadual;Urbana;126;520.19;546.97;484.9;478.92;511.9;508.58
2374;APARECIDA;SP;Estadual;Urbana;244;514.34;549.78;479.69;465.08;533.85;508.55
2375;BALNEARIO ARROIO DO SILVA;SC;Estadual;Urbana;36;520.21;548.6;499.7;474.25;500.0;508.55
2376;PALHOCA;SC;Estadual;Urbana;572;514.21;551.7;488.24;481.26;507.13;508.51
2377;PAINEIRAS;MG;Estadual;Urbana;46;507.52;534.94;498.65;495.74;505.65;508.5
2378;BOM SUCESSO;MG;Estadual;Urbana;113;513.02;548.77;485.82;503.33;491.33;508.45
2379;ITAPORANGA;SP;Estadual;Rural;6;528.8;529.13;465.13;462.3;556.67;508.41
2380;NOVA SANTA BARBARA;PR;Estadual;Urbana;19;509.77;553.13;485.18;475.04;518.95;508.41
2381;CASTELO;ES;Estadual;Urbana;244;510.46;549.26;499.57;483.32;499.34;508.39
2382;UIRAMUTA;RR;Estadual;Urbana;1;553.5;586.7;474.4;427.3;500.0;508.38
2383;ITAPETININGA;SP;Estadual;Rural;92;511.33;546.11;493.8;483.93;506.74;508.38
2384;RESTINGA SECA;RS;Estadual;Urbana;110;512.64;556.89;492.06;482.41;497.82;508.36
2385;COROMANDEL;MG;Estadual;Rural;11;511.96;545.96;470.38;507.98;505.45;508.35
2386;ARAXA;MG;Estadual;Urbana;503;515.56;551.37;487.3;489.34;498.01;508.32
2387;PINHALZINHO;SC;Estadual;Urbana;124;506.84;555.11;483.02;482.55;514.03;508.31
2388;CORONEL BARROS;RS;Estadual;Urbana;15;520.61;541.93;463.19;475.83;540.0;508.31
2389;CAPELA DO ALTO ALEGRE;BA;Estadual;Urbana;61;509.71;548.36;490.34;486.72;506.23;508.27
2390;BARRA BONITA;SP;Municipal;Urbana;7;507.87;561.46;515.7;482.04;474.29;508.27
2391;AVANHANDAVA;SP;Estadual;Urbana;35;520.64;558.0;499.88;467.35;495.43;508.26
2392;BOTELHOS;MG;Estadual;Urbana;110;513.93;546.67;483.79;473.53;523.23;508.23
2393;IGARATINGA;MG;Estadual;Urbana;32;514.07;538.09;488.16;471.96;528.75;508.21
2394;LAVRAS;MG;Estadual;Urbana;591;520.01;547.98;486.68;482.46;503.7;508.17
2395;SAO JOAO DO TRIUNFO;PR;Estadual;Urbana;37;523.67;564.57;466.48;469.31;516.76;508.16
2396;ITAPECURU MIRIM;MA;Privada;Urbana;15;521.23;545.0;505.16;442.77;526.67;508.16
2397;PROTASIO ALVES;RS;Estadual;Urbana;7;514.2;532.1;484.67;458.26;551.43;508.13
2398;MANOEL VIANA;RS;Estadual;Urbana;53;517.79;542.34;485.95;478.72;515.85;508.13
2399;PASSOS;MG;Estadual;Urbana;596;517.5;551.12;488.15;484.54;499.3;508.12
2400;APUIARES;CE;Municipal;Urbana;1;574.4;582.7;499.0;424.5;460.0;508.12
2401;JARDIM DE ANGICOS;RN;Estadual;Urbana;8;486.88;549.22;469.28;480.25;555.0;508.12
2402;NOVA CANDELARIA;RS;Estadual;Urbana;12;500.74;516.92;474.02;512.14;536.67;508.1
2403;DELFIM MOREIRA;MG;Estadual;Urbana;48;523.46;543.7;498.28;484.58;490.42;508.09
2404;PESQUEIRA;PE;Privada;Urbana;42;514.1;542.9;482.71;487.74;512.86;508.06
2405;PIRAI;RJ;Municipal;Urbana;3;520.63;538.97;469.53;391.07;620.0;508.04
2406;SAO MIGUEL DO ANTA;MG;Estadual;Urbana;56;497.69;535.11;482.93;503.02;521.43;508.04
2407;SOROCABA;SP;Estadual;Urbana;3529;522.16;550.5;480.09;478.04;509.28;508.02
2408;CONSELHEIRO LAFAIETE;MG;Estadual;Urbana;583;518.96;554.71;486.5;491.12;488.82;508.02
2409;NAZARE DA MATA;PE;Estadual;Urbana;282;510.35;547.92;492.63;467.76;521.28;507.99
2410;IBATIBA;ES;Estadual;Urbana;100;507.59;544.2;493.56;495.73;498.8;507.98
2411;ITAOCARA;RJ;Estadual;Urbana;152;512.46;542.16;483.95;470.76;530.39;507.94
2412;INDEPENDENCIA;RS;Estadual;Urbana;50;511.03;550.55;491.78;475.15;511.2;507.94
2413;TRES ARROIOS;RS;Estadual;Urbana;16;505.06;534.13;503.54;504.43;492.5;507.93
2414;SANTA RITA DO ARAGUAIA;GO;Estadual;Urbana;31;517.15;556.32;497.52;465.39;503.23;507.92
2415;PEQUERI;MG;Estadual;Urbana;13;479.41;549.22;498.05;515.94;496.92;507.91
2416;BRAGANEY;PR;Estadual;Rural;3;531.1;572.33;434.67;414.73;586.67;507.9
2417;VIRGEM DA LAPA;MG;Estadual;Urbana;66;518.47;554.36;480.56;477.87;508.18;507.89
2418;SAO SEBASTIAO DO PASSE;BA;Privada;Urbana;19;530.57;547.29;503.72;464.09;493.68;507.87
2419;IBIRUBA;RS;Estadual;Urbana;76;510.29;555.75;491.67;475.85;505.79;507.87
2420;SAO GABRIEL DO OESTE;MS;Estadual;Urbana;116;522.23;551.91;490.71;485.31;489.14;507.86
2421;SAO JOSE DO CEDRO;SC;Estadual;Urbana;85;497.42;539.61;495.61;477.72;528.94;507.86
2422;MOGI DAS CRUZES;SP;Estadual;Urbana;2086;521.4;549.05;480.24;481.51;506.96;507.83
2423;ANTA GORDA;RS;Estadual;Urbana;23;516.03;550.57;481.62;473.49;517.39;507.82
2424;PITANGUI;MG;Estadual;Rural;33;495.2;549.65;494.93;512.56;486.67;507.8
2425;VILA LANGARO;RS;Estadual;Urbana;18;474.24;546.23;503.01;497.67;517.78;507.78
2426;MONTE ALEGRE DE MINAS;MG;Estadual;Urbana;72;515.58;547.18;489.7;473.45;512.78;507.74
2427;ERVALIA;MG;Estadual;Urbana;89;513.03;542.92;490.14;473.49;519.1;507.74
2428;JUIZ DE FORA;MG;Estadual;Urbana;2403;517.94;554.07;483.91;478.57;504.0;507.7
2429;PRESIDENTE PRUDENTE;SP;Estadual;Rural;90;519.39;545.73;487.07;480.19;506.0;507.68
2430;BRAGANEY;PR;Privada;Rural;29;485.06;530.81;519.44;514.14;488.97;507.68
2431;ALAGOA GRANDE;PB;Privada;Urbana;31;509.07;549.65;505.21;460.82;513.55;507.66
2432;CAPELINHA;MG;Estadual;Urbana;205;516.43;555.25;495.83;487.56;483.22;507.66
2433;FLORIANOPOLIS;SC;Estadual;Urbana;1337;520.25;553.26;488.8;474.96;500.84;507.62
2434;SAO SEBASTIAO DO CAI;RS;Estadual;Urbana;125;516.07;550.51;485.87;475.97;509.6;507.6
2435;INDIANOPOLIS;PR;Estadual;Urbana;22;523.7;554.48;492.08;454.89;512.73;507.57
2436;FRANCA;SP;Estadual;Urbana;1901;518.16;545.88;481.39;480.09;512.28;507.56
2437;RIVERSUL;SP;Estadual;Urbana;43;512.55;543.86;486.51;487.47;507.44;507.56
2438;ESTANCIA VELHA;RS;Privada;Urbana;30;517.52;545.8;488.2;504.13;482.0;507.53
2439;IGREJINHA;RS;Estadual;Urbana;168;517.85;548.08;478.74;477.76;515.12;507.51
2440;NOVA ESPERANCA DO PIRIA;PA;Municipal;Urbana;3;536.4;551.4;440.07;469.7;540.0;507.51
2441;CERQUEIRA CESAR;SP;Estadual;Rural;43;490.7;544.56;504.7;507.99;489.3;507.45
2442;ESTRELA VELHA;RS;Estadual;Urbana;13;510.73;557.7;503.11;484.08;481.54;507.43
2443;SAO FRANCISCO;SP;Estadual;Urbana;13;518.35;532.41;477.62;464.12;544.62;507.42
2444;DUAS BARRAS;RJ;Estadual;Urbana;38;527.19;561.07;479.84;491.12;477.89;507.42
2445;CUITE;PB;Estadual;Urbana;128;504.3;544.88;477.09;459.35;551.41;507.41
2446;GAROPABA;SC;Estadual;Urbana;138;512.87;546.41;484.98;471.58;521.16;507.4
2447;GAROPABA;SC;Municipal;Urbana;1;497.1;573.6;491.3;415.0;560.0;507.4
2448;SENADOR JOSE PORFIRIO;PA;Municipal;Rural;1;535.8;566.3;463.0;391.9;580.0;507.4
2449;CACHOEIRINHA;RS;Estadual;Urbana;808;519.71;550.65;481.18;482.99;502.4;507.39
2450;MARILAC;MG;Estadual;Urbana;19;516.2;553.63;492.59;489.25;485.26;507.39
2451;SAO JOSE DOS CAMPOS;SP;Estadual;Urbana;3331;518.35;549.93;480.3;479.18;509.15;507.38
2452;TUCUNDUVA;RS;Estadual;Urbana;38;504.17;545.12;494.49;481.57;511.58;507.38
2453;MARQUES DE SOUZA;RS;Estadual;Urbana;17;504.4;559.76;497.66;473.75;501.18;507.35
2454;ARROIO DO TIGRE;RS;Estadual;Urbana;63;516.46;555.72;484.7;489.71;490.16;507.35
2455;SERITINGA;MG;Estadual;Urbana;23;515.67;553.05;468.51;499.45;500.0;507.34
2456;ITAIPULANDIA;PR;Estadual;Urbana;58;508.28;555.35;482.82;503.95;486.21;507.32
2457;IPATINGA;MG;Estadual;Urbana;1808;512.08;551.31;485.53;479.98;507.66;507.31
2458;ORLANDIA;SP;Estadual;Urbana;285;515.13;550.17;486.65;473.52;511.09;507.31
2459;ARACOIABA DA SERRA;SP;Privada;Urbana;7;502.21;550.77;522.13;498.51;462.86;507.3
2460;TUNTUM;MA;Privada;Urbana;11;522.25;544.79;483.81;480.15;505.45;507.29
2461;ELDORADO DO SUL;RS;Estadual;Rural;7;505.07;541.79;476.74;466.9;545.71;507.24
2462;OLIVEIRA;MG;Estadual;Urbana;275;518.27;548.22;488.56;488.01;492.98;507.21
2463;PIRAI;RJ;Estadual;Urbana;115;519.28;549.56;480.41;476.09;510.72;507.21
2464;JAU;SP;Estadual;Urbana;549;520.44;548.77;481.4;475.08;510.27;507.19
2465;CAMPO BOM;RS;Municipal;Urbana;24;523.06;560.32;469.98;490.25;492.33;507.19
2466;VARGEM GRANDE;MA;Municipal;Urbana;27;524.08;554.94;486.24;446.92;523.7;507.18
2467;MARTINHO CAMPOS;MG;Municipal;Urbana;16;519.11;550.26;493.84;488.91;483.75;507.17
2468;SALTO DO LONTRA;PR;Estadual;Urbana;84;515.42;541.72;492.49;479.55;506.67;507.17
2469;SANTA ROSA DE LIMA;SC;Estadual;Urbana;13;519.37;555.34;489.45;454.78;516.92;507.17
2470;CATAS ALTAS;MG;Estadual;Urbana;43;515.76;539.96;477.52;492.35;510.23;507.16
2471;ARACATUBA;SP;Estadual;Urbana;693;519.69;548.25;480.08;476.42;511.34;507.15
2472;MONTEIRO;PB;Privada;Urbana;30;509.02;550.04;491.49;447.04;538.0;507.12
2473;SANTO EXPEDITO DO SUL;RS;Estadual;Urbana;22;511.39;547.1;481.72;438.95;556.36;507.11
2474;REGISTRO;SP;Estadual;Urbana;259;518.77;546.77;483.56;486.86;499.61;507.11
2475;CACADOR;SC;Estadual;Urbana;253;509.83;556.7;491.3;479.25;498.42;507.1
2476;JARAGUA DO SUL;SC;Estadual;Urbana;664;513.77;551.47;482.95;475.29;511.91;507.08
2477;BRUSQUE;SC;Estadual;Urbana;486;512.77;545.85;485.21;471.47;520.04;507.07
2478;MATOES;MA;Privada;Urbana;10;495.65;535.77;490.09;449.86;564.0;507.07
2479;MISSAL;PR;Estadual;Urbana;78;497.17;547.08;491.42;500.62;498.97;507.05
2480;MIGUEL PEREIRA;RJ;Estadual;Urbana;122;521.5;546.79;487.41;477.62;501.64;506.99
2481;ABRE CAMPO;MG;Estadual;Urbana;58;505.05;549.74;475.05;494.49;510.0;506.87
2482;ARGIRITA;MG;Estadual;Urbana;14;507.03;554.28;489.28;453.79;530.0;506.87
2483;LARANJEIRAS DO SUL;PR;Estadual;Urbana;241;513.88;555.45;487.87;474.58;502.32;506.82
2484;BELO JARDIM;PE;Estadual;Rural;109;515.41;553.5;480.15;471.16;513.76;506.8
2485;QUERENCIA DO NORTE;PR;Estadual;Rural;3;510.77;546.13;465.2;391.8;620.0;506.78
2486;SAO PEDRO DO BUTIA;RS;Estadual;Urbana;25;490.72;549.19;508.31;478.45;507.2;506.77
2487;TERRA DE AREIA;RS;Estadual;Urbana;48;506.15;534.84;486.91;488.01;517.92;506.77
2488;MOGI GUACU;SP;Estadual;Urbana;630;519.31;549.05;479.94;483.12;502.29;506.74
2489;TIMBO;SC;Estadual;Urbana;195;509.45;549.71;483.53;475.55;515.48;506.74
2490;VIRGINIA;MG;Estadual;Urbana;33;534.95;569.11;486.06;487.14;456.36;506.73
2491;BARRA FUNDA;RS;Estadual;Urbana;26;514.33;542.26;467.76;457.58;551.54;506.69
2492;MIRAI;MG;Estadual;Urbana;46;508.82;551.76;468.92;489.1;514.78;506.68
2493;CAFEARA;PR;Estadual;Urbana;12;521.7;554.76;494.48;462.47;500.0;506.68
2494;EMBAUBA;SP;Estadual;Urbana;13;527.46;538.78;501.22;452.06;513.85;506.68
2495;SERRA DO RAMALHO;BA;Municipal;Urbana;1;463.9;512.8;464.2;452.5;640.0;506.68
2496;MORUNGABA;SP;Estadual;Urbana;57;520.2;547.44;479.01;465.6;521.05;506.66
2497;MARMELOPOLIS;MG;Estadual;Urbana;27;495.49;556.4;504.4;485.79;491.11;506.64
2498;CANGUCU;RS;Privada;Urbana;10;515.96;552.48;448.38;474.24;542.0;506.61
2499;SAO SEPE;RS;Estadual;Urbana;84;519.55;551.53;487.87;464.21;509.76;506.59
2500;RODEIO;SC;Estadual;Urbana;28;508.39;553.7;496.35;468.81;505.71;506.59
2501;CACAPAVA;SP;Estadual;Urbana;393;520.12;549.74;481.29;476.97;504.83;506.59
2502;SAO LUIS DO PIAUI;PI;Estadual;Urbana;5;523.04;560.2;446.36;463.24;540.0;506.57
2503;CORONEL FREITAS;SC;Estadual;Urbana;59;517.95;553.17;482.48;477.91;501.36;506.57
2504;UMARIZAL;RN;Privada;Urbana;6;483.43;481.97;523.5;537.22;506.67;506.56
2505;VALINHOS;SP;Municipal;Rural;2;512.4;544.65;485.7;420.05;570.0;506.56
2506;ERNESTINA;RS;Estadual;Urbana;24;505.45;539.85;470.16;473.0;544.17;506.53
2507;AGUDOS DO SUL;PR;Estadual;Urbana;44;523.94;559.6;475.71;476.79;496.36;506.48
2508;SANTA MARIA DA SERRA;SP;Estadual;Urbana;22;506.89;542.01;471.1;503.23;509.09;506.46
2509;ILICINEA;MG;Estadual;Urbana;74;518.27;542.52;482.86;503.6;484.86;506.42
2510;SAO PEDRO DE ALCANTARA;SC;Estadual;Urbana;21;521.94;551.5;478.34;479.34;500.95;506.41
2511;VIRGOLANDIA;MG;Estadual;Urbana;32;514.97;549.65;488.84;475.42;503.12;506.4
2512;COROMANDEL;MG;Estadual;Urbana;211;518.15;549.18;487.57;472.48;504.64;506.4
2513;SAO CARLOS;SC;Privada;Urbana;2;538.65;576.75;488.8;487.7;440.0;506.38
2514;CAPANEMA;PR;Estadual;Urbana;176;505.32;549.31;494.37;496.65;486.25;506.38
2515;NOVO MACHADO;RS;Estadual;Urbana;21;499.9;552.78;477.47;472.11;529.52;506.36
2516;RENASCENCA;PR;Estadual;Urbana;40;512.1;566.76;480.73;462.18;510.0;506.35
2517;TERENOS;MS;Estadual;Rural;6;523.07;555.9;510.95;478.5;463.33;506.35
2518;CALDAS;MG;Estadual;Urbana;61;513.96;541.05;477.71;476.36;522.62;506.34
2519;AFONSO CLAUDIO;ES;Municipal;Urbana;1;440.3;575.5;553.4;402.5;560.0;506.34
2520;SUD MENNUCCI;SP;Estadual;Urbana;59;507.31;537.85;477.28;452.54;556.61;506.32
2521;IPOJUCA;PE;Privada;Urbana;35;505.98;529.16;468.58;480.43;547.43;506.32
2522;BIQUINHAS;MG;Estadual;Urbana;14;516.91;538.26;492.08;461.32;522.86;506.29
2523;TRIUNFO;RS;Municipal;Urbana;104;521.43;553.77;484.86;479.27;492.12;506.29
2524;MONTE SIAO;MG;Estadual;Urbana;134;520.89;554.33;486.72;501.03;468.21;506.23
2525;TIMBAUBA;PE;Municipal;Urbana;3;498.2;517.2;465.33;443.67;606.67;506.21
2526;HORIZONTE;CE;Estadual;Urbana;351;510.95;541.69;486.61;472.45;519.26;506.19
2527;REDENCAO;CE;Privada;Urbana;13;504.66;555.02;492.06;469.86;509.23;506.17
2528;SAO MIGUEL DO OESTE;SC;Estadual;Urbana;181;508.12;547.4;484.52;474.74;516.02;506.16
2529;BOQUEIRAO DO LEAO;RS;Estadual;Urbana;33;518.35;552.07;475.18;477.26;507.88;506.15
2530;VERE;PR;Estadual;Urbana;64;512.57;546.43;493.23;481.23;497.19;506.13
2531;RIO CLARO;RJ;Estadual;Urbana;67;505.02;554.13;485.22;475.94;510.15;506.09
2532;CRUZEIRO;SP;Estadual;Urbana;382;514.14;546.47;480.39;472.33;517.1;506.09
2533;PINHEIRO PRETO;SC;Estadual;Urbana;23;506.33;551.75;464.82;452.59;554.78;506.05
2534;HERVAL D OESTE;SC;Estadual;Urbana;145;510.9;543.47;479.1;469.22;527.47;506.03
2535;NAO-ME-TOQUE;RS;Estadual;Urbana;89;516.49;557.29;477.57;489.33;489.44;506.03
2536;RUSSAS;CE;Municipal;Rural;1;478.3;470.4;441.2;540.2;600.0;506.02
2537;VENDA NOVA DO IMIGRANTE;ES;Estadual;Urbana;144;507.42;550.13;499.15;482.57;490.63;505.98
2538;CARANDAI;MG;Estadual;Urbana;101;519.34;549.06;484.92;485.63;490.89;505.97
2539;BOCAIUVA DO SUL;PR;Privada;Urbana;37;491.63;558.81;483.26;472.33;523.78;505.96
2540;ALTO BELA VISTA;SC;Estadual;Urbana;15;497.45;535.49;485.13;475.63;536.0;505.94
2541;UMBAUBA;SE;Municipal;Urbana;1;481.2;548.6;467.9;451.9;580.0;505.92
2542;MUNIZ FREIRE;ES;Estadual;Urbana;169;506.86;542.53;489.79;482.24;508.17;505.92
2543;PARANAPANEMA;SP;Estadual;Urbana;39;507.97;552.0;476.27;488.68;504.62;505.91
2544;GUAXUPE;MG;Estadual;Urbana;304;519.28;552.32;485.87;485.33;486.71;505.9
2545;ALTO ALEGRE DOS PARECIS;RO;Municipal;Rural;1;559.1;564.1;440.2;406.0;560.0;505.88
2546;LAGOA VERMELHA;RS;Estadual;Urbana;160;510.94;546.98;488.54;462.03;520.88;505.87
2547;PALOTINA;PR;Estadual;Urbana;202;510.02;556.54;484.63;478.96;499.21;505.87
2548;PLANALTO;PR;Estadual;Urbana;108;503.6;548.75;483.36;474.73;518.89;505.86
2549;ALEGRETE;RS;Federal;Rural;54;505.02;548.61;483.64;493.16;498.89;505.86
2550;MIRADOURO;MG;Estadual;Urbana;68;514.32;548.82;476.82;468.7;520.59;505.85
2551;GUIMARANIA;MG;Estadual;Urbana;59;509.58;546.94;491.11;484.25;497.29;505.84
2552;ALFREDO WAGNER;SC;Estadual;Urbana;41;506.59;552.63;491.33;477.02;501.46;505.81
2553;PARAIBA DO SUL;RJ;Estadual;Urbana;245;510.32;545.82;483.33;472.0;517.47;505.79
2554;CANGUCU;RS;Estadual;Rural;81;518.05;544.32;484.54;472.14;509.88;505.78
2555;CONSTANTINA;RS;Estadual;Urbana;75;505.76;543.93;493.83;483.7;501.65;505.77
2556;JESUANIA;MG;Estadual;Urbana;35;510.31;553.11;487.25;488.73;489.14;505.71
2557;SIMOES FILHO;BA;Privada;Urbana;64;507.49;551.48;477.47;475.88;516.25;505.71
2558;FRANCISCO BELTRAO;PR;Estadual;Urbana;730;510.71;554.0;490.12;485.12;488.43;505.68
2559;COQUEIROS DO SUL;RS;Estadual;Urbana;19;514.74;562.28;487.49;465.89;497.89;505.66
2560;BOM JESUS DOS PERDOES;SP;Estadual;Urbana;93;517.52;548.63;485.74;469.32;506.67;505.58
2561;SAO LUDGERO;SC;Estadual;Urbana;83;508.33;537.33;495.82;478.18;508.19;505.57
2562;RAFARD;SP;Estadual;Urbana;58;511.72;551.32;491.55;479.68;493.45;505.54
2563;CARDOSO MOREIRA;RJ;Estadual;Urbana;49;513.55;545.69;489.58;473.54;505.31;505.53
2564;BARIRI;SP;Estadual;Urbana;188;516.58;537.49;478.58;475.79;519.15;505.52
2565;XANGRI-LA;RS;Estadual;Urbana;41;506.47;544.28;488.71;497.4;490.73;505.52
2566;GOUVEIA;MG;Estadual;Rural;12;508.63;540.34;463.06;470.46;545.0;505.5
2567;PORTO ALEGRE;RS;Estadual;Urbana;5781;522.13;554.35;479.75;472.68;498.51;505.48
2568;EXTREMA;MG;Estadual;Urbana;179;512.47;545.71;485.28;496.5;487.37;505.47
2569;RIBEIRAO PIRES;SP;Estadual;Urbana;801;520.01;548.9;480.59;475.15;502.67;505.46
2570;CODO;MA;Federal;Rural;118;512.6;547.52;485.41;456.82;524.92;505.45
2571;JACAREI;SP;Estadual;Urbana;1216;515.19;545.43;477.33;479.66;509.56;505.43
2572;LAGOA DA PRATA;MG;Estadual;Urbana;192;514.22;546.32;490.36;486.32;489.9;505.42
2573;ICONHA;ES;Estadual;Urbana;132;501.08;536.86;479.77;481.64;527.73;505.42
2574;TIMOTEO;MG;Estadual;Urbana;636;510.47;546.62;482.81;487.4;499.72;505.41
2575;PALMEIRA;PR;Estadual;Rural;51;521.59;566.67;486.05;477.46;475.29;505.41
2576;BETIM;MG;Municipal;Urbana;11;505.76;545.83;468.71;464.84;541.82;505.39
2577;SAO SIMAO;SP;Estadual;Urbana;72;512.47;558.29;482.74;478.54;494.72;505.35
2578;SOBRALIA;MG;Estadual;Urbana;43;506.77;537.96;479.53;496.41;506.05;505.34
2579;CRAVINHOS;SP;Estadual;Urbana;117;519.88;543.65;486.67;476.61;499.83;505.33
2580;DORES DE GUANHAES;MG;Estadual;Urbana;24;521.89;555.72;501.12;487.01;460.83;505.32
2581;TUCURUI;PA;Municipal;Urbana;1;518.5;586.9;489.7;411.5;520.0;505.32
2582;VALENCA DO PIAUI;PI;Privada;Urbana;11;508.25;540.2;473.91;473.23;530.91;505.3
2583;SILVEIRA MARTINS;RS;Estadual;Urbana;27;516.4;547.4;487.95;463.53;511.11;505.28
2584;ACEGUA;RS;Estadual;Urbana;23;524.59;567.04;480.03;480.74;473.91;505.26
2585;GLORIA DO GOITA;PE;Privada;Urbana;12;511.66;541.39;483.84;499.37;490.0;505.25
2586;CANDIDO MENDES;MA;Estadual;Rural;1;555.4;560.4;415.6;374.6;620.0;505.2
2587;BARRA DO CORDA;MA;Privada;Urbana;27;511.52;562.47;481.52;447.51;522.96;505.2
2588;SANTANA DOS MONTES;MG;Estadual;Urbana;15;517.69;570.71;483.83;468.41;485.33;505.19
2589;SALTO DE PIRAPORA;SP;Estadual;Urbana;220;522.14;546.79;490.91;479.13;486.82;505.16
2590;PORTO VERA CRUZ;RS;Estadual;Urbana;11;511.31;565.05;472.56;478.68;498.18;505.16
2591;NOVO HAMBURGO;RS;Estadual;Rural;46;506.3;547.33;486.66;481.55;503.91;505.15
2592;VIDAL RAMOS;SC;Estadual;Urbana;51;499.1;544.15;482.49;461.16;538.82;505.15
2593;LAVINIA;SP;Estadual;Urbana;35;514.41;555.15;496.15;473.13;486.86;505.14
2594;PINGO-D AGUA;MG;Estadual;Urbana;31;510.35;548.33;490.53;488.5;487.74;505.09
2595;CAIBATE;RS;Estadual;Urbana;36;508.59;554.39;488.81;472.56;501.11;505.09
2596;VITORIA;ES;Estadual;Urbana;2362;515.94;552.18;484.27;476.25;496.65;505.06
2597;QUEIMADOS;RJ;Privada;Urbana;227;512.21;549.63;479.31;468.4;515.77;505.06
2598;LONDRINA;PR;Municipal;Urbana;3;523.3;549.63;476.43;409.23;566.67;505.05
2599;CRISTALANDIA;TO;Estadual;Urbana;32;515.28;545.17;491.51;471.93;501.25;505.03
2600;FLORAI;PR;Estadual;Urbana;30;519.32;542.96;469.83;465.65;527.33;505.02
2601;BARRINHA;SP;Municipal;Urbana;2;533.2;557.95;493.35;460.5;480.0;505.0
2602;SANTA BARBARA;MG;Estadual;Urbana;169;511.3;551.19;481.34;485.63;495.5;504.99
2603;JANDIRA;SP;Municipal;Urbana;9;524.57;552.88;482.17;467.5;497.78;504.98
2604;COREMAS;PB;Municipal;Rural;1;490.6;576.5;529.7;467.9;460.0;504.94
2605;CARLOS BARBOSA;RS;Estadual;Urbana;178;515.85;550.16;481.76;484.1;492.7;504.91
2606;PRESIDENTE JUSCELINO;MG;Estadual;Urbana;12;533.45;545.06;475.99;464.95;505.0;504.89
2607;RIO NOVO;MG;Estadual;Urbana;16;518.86;547.63;493.66;485.49;478.75;504.88
2608;HORTOLANDIA;SP;Estadual;Urbana;1097;519.22;548.7;483.59;473.38;499.33;504.85
2609;CABRALIA PAULISTA;SP;Estadual;Rural;46;504.45;539.83;494.99;483.66;501.3;504.85
2610;CAMPOS DO JORDAO;SP;Estadual;Urbana;248;516.99;549.85;479.75;471.23;506.35;504.83
2611;PAO DE ACUCAR;AL;Privada;Urbana;19;506.35;550.22;476.57;454.16;536.84;504.83
2612;SOLEDADE DE MINAS;MG;Estadual;Urbana;33;498.5;553.0;472.0;458.15;542.42;504.82
2613;CIPOTANEA;MG;Estadual;Urbana;35;507.04;553.25;509.36;488.72;465.71;504.82
2614;MARMELEIRO;PR;Estadual;Urbana;104;508.17;555.79;479.47;475.27;505.38;504.82
2615;PIRANGUINHO;MG;Estadual;Urbana;57;507.31;555.59;485.27;481.43;494.39;504.8
2616;INHAPIM;MG;Estadual;Urbana;159;517.74;550.22;487.77;480.36;487.8;504.78
2617;SALTO DO JACUI;RS;Estadual;Urbana;67;510.78;556.28;486.88;489.68;480.3;504.78
2618;SANTOS DUMONT;MG;Estadual;Urbana;311;518.23;550.15;479.71;478.28;497.43;504.76
2619;VOLTA REDONDA;RJ;Estadual;Urbana;1194;511.48;545.75;480.33;469.75;516.21;504.7
2620;TAPERA;RS;Estadual;Urbana;82;513.16;541.27;479.51;464.85;524.63;504.69
2621;PIRANGA;MG;Estadual;Urbana;88;506.29;545.41;480.72;502.75;488.18;504.67
2622;PALHOCA;SC;Municipal;Urbana;2;495.5;561.8;505.15;490.9;470.0;504.67
2623;INDAIAL;SC;Estadual;Urbana;305;510.24;543.53;481.5;481.58;506.43;504.66
2624;CHACARA;MG;Estadual;Urbana;20;513.09;555.98;477.34;455.9;521.0;504.66
2625;PRATAPOLIS;MG;Estadual;Urbana;30;508.45;552.24;476.31;486.14;500.0;504.63
2626;LAJEADO;RS;Estadual;Urbana;322;510.35;548.38;486.76;491.33;486.21;504.61
2627;OURINHOS;SP;Estadual;Urbana;652;516.55;545.59;483.76;471.78;505.31;504.6
2628;CAMPO BOM;RS;Estadual;Urbana;424;515.26;545.93;473.73;478.03;509.91;504.57
2629;TIRADENTES;MG;Estadual;Urbana;31;513.45;542.44;477.07;484.09;505.81;504.57
2630;POMPEIA;SP;Estadual;Urbana;70;509.62;545.08;482.56;488.01;497.43;504.54
2631;ANDRADINA;SP;Estadual;Urbana;254;520.44;543.99;477.84;458.5;521.92;504.54
2632;PRESIDENTE LUCENA;RS;Estadual;Urbana;14;511.19;538.88;477.9;504.62;490.0;504.52
2633;PEDRO TEIXEIRA;MG;Estadual;Urbana;20;518.17;538.19;459.03;492.12;515.0;504.5
2634;PASSO FUNDO;RS;Municipal;Urbana;1;545.0;480.5;466.5;450.5;580.0;504.5
2635;SAO PAULO;SP;Municipal;Urbana;464;523.87;550.11;475.35;478.01;495.08;504.48
2636;CONCEICAO DA APARECIDA;MG;Estadual;Urbana;49;514.12;550.56;489.12;459.88;508.57;504.45
2637;BEZERROS;PE;Estadual;Urbana;419;510.91;542.87;483.09;468.36;516.99;504.45
2638;PELOTAS;RS;Municipal;Urbana;173;513.13;553.69;474.74;467.78;512.84;504.44
2639;IPIRANGA DO NORTE;MT;Estadual;Urbana;39;500.68;544.52;483.37;467.93;525.64;504.43
2640;SARAPUI;SP;Estadual;Urbana;68;516.11;550.72;483.52;475.01;496.47;504.37
2641;BARREIRINHAS;MA;Municipal;Rural;1;532.3;564.8;506.2;398.3;520.0;504.32
2642;PALMEIRA;PR;Privada;Rural;1;555.4;581.7;356.4;448.0;580.0;504.3
2643;ANTONIO OLINTO;PR;Estadual;Urbana;31;507.61;548.32;485.27;488.68;491.61;504.3
2644;CARMO DA MATA;MG;Estadual;Urbana;80;519.71;543.24;483.81;488.4;486.25;504.28
2645;SIRINHAEM;PE;Privada;Urbana;13;520.13;564.84;482.5;503.13;450.77;504.27
2646;SAO LOURENCO;MG;Estadual;Urbana;203;522.67;551.47;477.14;480.73;489.26;504.25
2647;ITAPOA;SC;Estadual;Urbana;111;512.79;542.96;494.08;469.5;501.8;504.23
2648;BARBACENA;MG;Estadual;Urbana;609;518.19;547.82;483.74;473.9;497.48;504.22
2649;SOBRADINHO;RS;Estadual;Urbana;91;514.24;549.45;478.27;472.05;507.03;504.21
2650;BARRA MANSA;RJ;Estadual;Urbana;979;511.71;546.2;479.34;464.66;519.1;504.2
2651;GAURAMA;RS;Estadual;Urbana;32;515.34;556.03;478.09;484.61;486.88;504.19
2652;SAO JOAO;PR;Estadual;Urbana;74;511.49;549.89;492.12;482.25;485.14;504.18
2653;CARMO;RJ;Estadual;Urbana;98;519.02;539.92;478.48;473.64;509.8;504.17
2654;PATROCINIO PAULISTA;SP;Estadual;Urbana;72;512.55;542.41;471.36;468.49;525.83;504.13
2655;CAPAO DO CIPO;RS;Estadual;Rural;7;507.01;559.93;476.2;488.91;488.57;504.13
2656;BROTAS;SP;Municipal;Urbana;13;525.28;552.69;475.16;478.25;489.23;504.12
2657;CAPIVARI DE BAIXO;SC;Estadual;Urbana;82;506.95;550.18;479.12;464.8;519.51;504.11
2658;BROCHIER;RS;Estadual;Urbana;31;501.19;542.98;473.68;484.01;518.71;504.11
2659;ARCEBURGO;MG;Estadual;Urbana;22;521.09;539.87;487.93;493.34;478.18;504.08
2660;RIO DAS OSTRAS;RJ;Estadual;Rural;2;513.3;578.25;490.55;438.25;500.0;504.07
2661;VARGEM;SP;Estadual;Urbana;36;522.51;558.34;487.43;469.79;482.22;504.06
2662;MENDONCA;SP;Estadual;Urbana;23;502.43;547.9;502.5;462.16;505.22;504.04
2663;TRES COROAS;RS;Estadual;Urbana;131;515.17;550.22;482.79;477.0;494.96;504.03
2664;MONTE CARMELO;MG;Estadual;Urbana;388;511.95;552.84;491.04;475.42;488.76;504.0
2665;ARICANDUVA;MG;Estadual;Urbana;45;522.19;559.49;487.83;472.15;478.22;503.98
2666;RIO DE JANEIRO;RJ;Privada;Rural;32;520.63;558.01;493.82;459.96;487.5;503.98
2667;PEDREIRA;SP;Estadual;Urbana;191;514.96;547.62;475.77;468.6;512.88;503.97
2668;SAO DOMINGOS DO CARIRI;PB;Municipal;Urbana;15;501.84;537.91;482.17;456.49;541.33;503.95
2669;SANTOS;SP;Estadual;Urbana;1623;522.06;546.57;473.82;472.09;505.19;503.95
2670;CANOINHAS;SC;Estadual;Rural;21;482.6;544.54;507.43;505.09;480.0;503.93
2671;PALMEIRA;PR;Estadual;Urbana;148;512.7;555.84;488.99;479.43;482.7;503.93
2672;BORACEIA;SP;Estadual;Urbana;17;522.21;527.13;471.58;482.24;516.47;503.92
2673;SAO BONIFACIO;SC;Estadual;Urbana;11;498.06;540.65;479.57;512.24;489.09;503.92
2674;SAO SEBASTIAO DO RIO VERDE;MG;Estadual;Urbana;19;496.05;545.21;482.89;514.34;481.05;503.91
2675;ITORORO;BA;Privada;Urbana;1;521.0;543.0;454.1;501.4;500.0;503.9
2676;TATUI;SP;Estadual;Urbana;572;519.96;543.22;483.2;480.04;493.08;503.9
2677;CACAULANDIA;RO;Municipal;Rural;3;540.67;567.77;518.4;412.47;480.0;503.86
2678;TOCOS DO MOJI;MG;Estadual;Urbana;20;516.45;549.94;482.58;496.19;474.0;503.83
2679;LAJEDO;PE;Privada;Urbana;22;510.09;551.86;477.06;472.84;507.27;503.83
2680;JULIO DE CASTILHOS;RS;Estadual;Urbana;99;521.34;552.33;479.25;455.67;510.51;503.82
2681;SUMIDOURO;RJ;Estadual;Urbana;42;509.64;536.16;487.54;455.92;529.52;503.76
2682;SANTAREM;PA;Federal;Urbana;11;504.54;560.56;474.94;462.22;516.36;503.72
2683;MOEDA;MG;Estadual;Urbana;18;510.58;538.59;494.81;474.63;500.0;503.72
2684;TONANTINS;AM;Municipal;Rural;2;519.75;501.5;485.0;402.25;610.0;503.7
2685;SUZANAPOLIS;SP;Estadual;Urbana;18;524.07;542.54;478.83;480.71;492.22;503.67
2686;CASTELO;ES;Privada;Rural;20;492.84;553.11;507.78;478.63;486.0;503.67
2687;HOLAMBRA;SP;Estadual;Urbana;79;519.18;546.27;491.19;474.82;486.84;503.66
2688;NOVA PALMEIRA;PB;Estadual;Urbana;23;502.44;545.37;487.82;467.82;514.78;503.64
2689;TUPI PAULISTA;SP;Estadual;Urbana;59;505.43;546.32;495.55;459.26;511.53;503.62
2690;MURIAE;MG;Estadual;Urbana;555;512.42;546.44;481.46;491.46;486.16;503.59
2691;COLOMBIA;SP;Estadual;Urbana;38;504.32;535.33;486.04;480.16;512.11;503.59
2692;IUNA;ES;Estadual;Urbana;137;512.65;545.05;480.48;489.95;489.78;503.58
2693;ALVINOPOLIS;MG;Estadual;Urbana;65;508.05;544.58;500.69;474.9;489.54;503.55
2694;SAO LUIS DO PARAITINGA;SP;Estadual;Urbana;60;514.4;540.67;476.84;477.46;508.33;503.54
2695;BORDA DA MATA;MG;Estadual;Urbana;61;519.21;556.04;476.71;498.78;466.89;503.52
2696;PRANCHITA;PR;Estadual;Urbana;61;509.66;541.92;475.21;457.02;533.77;503.51
2697;FLOR DO SERTAO;SC;Estadual;Urbana;12;490.05;541.83;474.94;477.39;533.33;503.51
2698;BRAGANCA PAULISTA;SP;Estadual;Urbana;744;515.71;545.55;478.92;470.98;506.41;503.51
2699;CASSIA;MG;Estadual;Urbana;79;507.41;544.15;481.51;473.51;510.89;503.49
2700;PAULA FREITAS;PR;Estadual;Urbana;35;510.35;541.77;479.6;481.71;504.0;503.49
2701;ESPIGAO ALTO DO IGUACU;PR;Estadual;Rural;5;517.92;574.94;487.34;481.18;456.0;503.48
2702;SAO JOSE;SC;Estadual;Urbana;733;513.31;548.24;479.77;471.77;504.32;503.48
2703;ANGRA DOS REIS;RJ;Estadual;Urbana;656;513.39;547.99;476.1;464.14;515.7;503.46
2704;SAO JOAO;PR;Estadual;Rural;14;499.61;546.76;500.69;487.31;482.86;503.45
2705;ITAPOLIS;SP;Estadual;Urbana;194;516.95;548.31;481.75;479.42;490.82;503.45
2706;ATALANTA;SC;Estadual;Urbana;31;503.98;550.13;475.59;473.95;513.55;503.44
2707;MOREIRA SALES;PR;Estadual;Urbana;61;509.34;542.48;476.47;460.73;528.2;503.44
2708;IPIXUNA DO PARA;PA;Municipal;Urbana;2;519.6;590.45;486.0;421.1;500.0;503.43
2709;AGUAS DE SANTA BARBARA;SP;Estadual;Urbana;25;506.08;546.99;487.06;489.75;487.2;503.42
2710;PALMEIRA D OESTE;SP;Estadual;Urbana;51;503.74;546.65;470.47;486.35;509.8;503.41
2711;BROTAS;SP;Estadual;Urbana;76;523.11;549.89;482.56;480.71;480.79;503.41
2712;CRUCILANDIA;MG;Estadual;Urbana;20;510.87;543.23;494.8;453.11;515.0;503.4
2713;PINTO BANDEIRA;RS;Estadual;Urbana;17;497.17;543.83;501.44;499.24;475.29;503.39
2714;TRINDADE DO SUL;RS;Estadual;Urbana;39;506.87;548.88;479.0;475.04;507.18;503.39
2715;ACUCENA;MG;Estadual;Urbana;43;502.39;544.27;485.34;472.87;512.09;503.39
2716;MIRASSOLANDIA;SP;Estadual;Urbana;14;533.04;567.35;477.96;471.44;467.14;503.39
2717;IBITIURA DE MINAS;MG;Estadual;Urbana;13;508.25;550.17;493.25;503.72;461.54;503.39
2718;ITAPUI;SP;Estadual;Urbana;32;509.57;532.1;484.84;474.81;515.62;503.39
2719;CARAGUATATUBA;SP;Estadual;Urbana;681;520.15;546.44;482.09;479.79;488.46;503.39
2720;SAO CARLOS;SC;Estadual;Urbana;60;497.5;545.83;479.86;479.06;514.67;503.38
2721;LAGAMAR;MG;Estadual;Rural;20;498.73;543.77;499.72;479.67;495.0;503.38
2722;PALMEIRA DAS MISSOES;RS;Estadual;Urbana;239;512.6;546.0;483.23;457.46;517.49;503.35
2723;CAPINOPOLIS;MG;Estadual;Urbana;101;507.12;542.12;486.49;475.37;505.54;503.33
2724;MORRO DA FUMACA;SC;Estadual;Urbana;73;510.67;547.76;490.62;474.38;493.15;503.32
2725;MARECHAL CANDIDO RONDON;PR;Estadual;Urbana;364;507.4;547.39;487.8;470.42;503.52;503.31
2726;TABATINGA;SP;Estadual;Urbana;86;511.33;534.39;497.75;484.45;488.6;503.3
2727;BIRITIBA-MIRIM;SP;Estadual;Urbana;174;515.83;546.74;482.66;478.81;492.41;503.29
2728;GUARANI DAS MISSOES;RS;Estadual;Urbana;78;507.46;541.11;492.3;491.21;484.36;503.29
2729;CEARA-MIRIM;RN;Privada;Urbana;48;502.89;545.28;480.53;448.44;539.17;503.26
2730;FATIMA DO SUL;MS;Estadual;Rural;15;523.27;530.97;511.06;469.6;481.33;503.25
2731;ITABIRINHA;MG;Estadual;Urbana;33;508.25;541.11;487.08;472.47;507.27;503.24
2732;CONDOR;RS;Estadual;Urbana;47;504.15;535.72;485.17;462.67;528.51;503.24
2733;MORRO DA GARCA;MG;Estadual;Urbana;19;518.64;537.32;481.04;482.24;496.84;503.21
2734;MANDURI;SP;Estadual;Urbana;38;503.98;530.62;484.5;470.64;526.32;503.21
2735;MARIPA;PR;Estadual;Urbana;52;502.78;547.89;482.71;502.65;480.0;503.2
2736;ILOPOLIS;RS;Estadual;Urbana;18;509.96;530.43;488.47;491.53;495.56;503.19
2737;SEM-PEIXE;MG;Estadual;Urbana;19;501.73;532.73;465.43;493.86;522.11;503.17
2738;SANTA BARBARA D OESTE;SP;Estadual;Urbana;794;515.51;543.05;481.01;472.68;503.55;503.16
2739;SILVIANOPOLIS;MG;Estadual;Urbana;24;527.7;561.52;500.85;484.88;440.83;503.16
2740;TABATINGA;AM;Federal;Urbana;71;510.42;543.02;472.35;449.42;540.56;503.15
2741;CARMESIA;MG;Estadual;Urbana;34;508.65;546.3;471.89;456.55;532.35;503.15
2742;BONFINOPOLIS DE MINAS;MG;Estadual;Urbana;63;491.44;545.04;484.48;481.4;513.02;503.08
2743;ARAGUARI;MG;Estadual;Urbana;663;511.62;547.23;484.57;471.89;500.11;503.08
2744;POLONI;SP;Estadual;Urbana;23;503.95;537.31;459.0;461.22;553.91;503.08
2745;CAPIM GROSSO;BA;Privada;Urbana;26;519.66;541.05;474.48;467.78;512.31;503.06
2746;MOMBACA;CE;Municipal;Rural;1;533.1;559.9;445.1;397.2;580.0;503.06
2747;SANTA ISABEL;SP;Estadual;Urbana;340;516.29;545.46;480.56;475.86;497.12;503.06
2748;SANTA ALBERTINA;SP;Estadual;Urbana;13;528.66;532.43;481.38;477.36;495.38;503.04
2749;AGUA BRANCA;PI;Privada;Urbana;24;493.27;533.72;505.05;492.12;490.83;503.0
2750;GRAVATAI;RS;Municipal;Urbana;151;516.75;549.26;480.74;476.78;491.41;502.99
2751;MEDIANEIRA;PR;Estadual;Urbana;315;504.05;547.36;485.17;476.26;502.1;502.99
2752;NOVO HORIZONTE DO OESTE;RO;Privada;Rural;10;499.24;555.64;486.47;477.54;496.0;502.98
2753;SAO ROQUE;SP;Estadual;Urbana;418;516.21;546.54;483.66;472.85;495.6;502.97
2754;DOUTOR CAMARGO;PR;Estadual;Urbana;34;501.52;539.07;483.63;470.59;520.0;502.96
2755;UBERABA;MG;Estadual;Urbana;1417;516.25;549.71;483.0;472.43;493.37;502.95
2756;RIO ACIMA;MG;Estadual;Urbana;28;513.51;559.03;476.47;461.42;504.29;502.94
2757;NOVA ODESSA;SP;Estadual;Urbana;276;510.75;545.72;474.74;472.24;511.16;502.92
2758;SAO PAULO;SP;Estadual;Urbana;46132;519.89;548.03;476.28;468.47;501.87;502.91
2759;BOMBINHAS;SC;Estadual;Urbana;116;513.97;549.36;480.74;470.68;499.66;502.88
2760;LUIS ANTONIO;SP;Estadual;Urbana;61;509.32;545.47;490.44;460.62;508.52;502.87
2761;COSMOPOLIS;SP;Estadual;Urbana;349;519.07;545.04;486.84;462.22;501.2;502.87
2762;SANTA IZABEL DO OESTE;PR;Estadual;Urbana;101;505.79;546.74;479.91;475.95;505.94;502.87
2763;IGARAPE;MG;Estadual;Urbana;207;507.5;544.71;480.44;487.85;493.82;502.86
2764;NOVA SERRANA;MG;Estadual;Urbana;387;512.83;547.5;482.15;487.44;484.29;502.84
2765;JABOTICABA;RS;Estadual;Urbana;21;520.4;552.51;481.6;468.26;491.43;502.84
2766;PINDARE-MIRIM;MA;Estadual;Rural;1;515.3;561.9;446.5;450.4;540.0;502.82
2767;TIMBAUBA;PE;Estadual;Urbana;459;506.93;547.09;489.96;469.09;501.05;502.82
2768;CANOAS;RS;Estadual;Urbana;1304;518.43;551.01;478.09;473.5;492.96;502.8
2769;ERVALIA;MG;Municipal;Urbana;3;528.03;531.87;492.3;468.27;493.33;502.76
2770;SAO JOSE DO ALEGRE;MG;Estadual;Urbana;16;505.14;539.51;479.1;503.78;486.25;502.75
2771;IRATI;PR;Estadual;Urbana;277;505.96;551.06;485.01;477.09;494.58;502.74
2772;SAO JOSE DO RIO PARDO;SP;Estadual;Rural;12;517.83;537.64;497.88;463.62;496.67;502.73
2773;ELOI MENDES;MG;Estadual;Urbana;136;514.43;550.35;475.44;470.28;503.09;502.72
2774;LENCOIS PAULISTA;SP;Estadual;Urbana;317;516.0;546.3;474.96;476.75;499.5;502.7
2775;RANCHO QUEIMADO;SC;Estadual;Urbana;8;493.18;570.29;508.41;496.48;445.0;502.67
2776;IMBITUBA;SC;Estadual;Urbana;231;508.02;547.26;481.45;476.67;499.91;502.66
2777;ITAPIRANGA;SC;Estadual;Rural;74;490.16;541.05;494.89;502.84;484.32;502.65
2778;MARILIA;SP;Estadual;Urbana;1029;512.84;545.02;473.13;472.49;509.72;502.64
2779;PEDRA DOURADA;MG;Estadual;Urbana;22;527.04;558.31;468.29;467.71;491.82;502.63
2780;VARGINHA;MG;Estadual;Urbana;692;513.9;546.9;478.12;479.63;494.54;502.62
2781;SAO GONCALO DO PARA;MG;Estadual;Urbana;65;509.11;544.52;491.19;472.55;495.69;502.61
2782;SANTANA DO GARAMBEU;MG;Estadual;Urbana;24;522.06;555.82;484.37;499.9;450.83;502.6
2783;SAO GONCALO DO SAPUCAI;MG;Estadual;Urbana;136;518.91;542.14;481.56;471.87;498.53;502.6
2784;CASCAVEL;PR;Estadual;Urbana;1883;506.97;545.81;482.47;472.2;505.48;502.59
2785;BELFORD ROXO;RJ;Privada;Urbana;323;512.81;539.06;476.92;472.07;512.07;502.59
2786;GONCALVES;MG;Estadual;Urbana;17;526.16;552.98;500.33;481.73;451.76;502.59
2787;SAO FIDELIS;RJ;Estadual;Urbana;214;515.55;550.44;482.55;463.48;500.93;502.59
2788;JOAO DOURADO;BA;Municipal;Rural;1;545.2;518.2;374.7;374.8;700.0;502.58
2789;SAO MARTINHO;RS;Estadual;Urbana;32;501.27;530.92;484.93;475.14;520.62;502.58
2790;ANCHIETA;SC;Estadual;Urbana;33;498.39;548.14;495.33;505.55;465.45;502.57
2791;ANTONIO PRADO;RS;Estadual;Rural;9;505.79;541.91;463.32;499.61;502.22;502.57
2792;SAO LUIS;MA;Federal;Rural;106;511.38;549.73;482.99;462.9;505.85;502.57
2793;PALMEIRA DOS INDIOS;AL;Privada;Urbana;201;507.97;540.92;481.64;448.98;533.23;502.55
2794;PEJUCARA;RS;Estadual;Urbana;30;502.37;540.31;483.54;468.54;518.0;502.55
2795;BARAO DE COCAIS;MG;Estadual;Urbana;120;515.11;547.13;481.91;482.05;486.5;502.54
2796;MORADA NOVA;CE;Privada;Urbana;21;499.81;520.57;492.44;490.29;509.52;502.53
2797;RIO MANSO;MG;Estadual;Urbana;32;506.38;550.52;487.3;472.71;495.62;502.51
2798;TAQUARI;RS;Estadual;Urbana;142;518.18;548.05;463.84;484.81;497.61;502.5
2799;BADY BASSITT;SP;Estadual;Urbana;73;505.94;543.07;493.21;483.01;487.14;502.47
2800;UTINGA;BA;Privada;Urbana;16;469.28;545.31;491.15;481.58;525.0;502.46
2801;CAMBIRA;PR;Estadual;Urbana;35;502.36;544.88;483.48;475.75;505.71;502.44
2802;PAULINIA;SP;Estadual;Urbana;349;513.07;545.01;481.06;471.62;501.32;502.42
2803;GARUVA;SC;Estadual;Urbana;68;512.91;555.39;473.77;460.29;509.71;502.41
2804;PASSO FUNDO;RS;Estadual;Urbana;874;513.04;545.55;477.82;460.48;515.06;502.39
2805;ESTRELA DALVA;MG;Estadual;Urbana;13;522.68;537.41;478.82;489.94;483.08;502.38
2806;CORBELIA;PR;Estadual;Urbana;117;501.6;550.61;483.5;477.45;498.72;502.38
2807;FUNDAO;ES;Estadual;Urbana;79;509.74;545.59;480.78;481.37;494.43;502.38
2808;TAQUARA;RS;Estadual;Rural;5;509.14;564.46;482.76;431.44;524.0;502.36
2809;CARINHANHA;BA;Municipal;Urbana;1;528.8;561.4;480.9;440.7;500.0;502.36
2810;SANANDUVA;RS;Estadual;Urbana;120;492.13;535.37;487.26;481.06;516.0;502.36
2811;ASTOLFO DUTRA;MG;Estadual;Urbana;71;510.81;541.91;486.32;478.5;494.08;502.33
2812;SOSSEGO;PB;Estadual;Urbana;17;511.12;529.99;476.85;474.8;518.82;502.32
2813;SAO JOSE DO CERRITO;SC;Estadual;Rural;27;500.35;554.59;501.16;504.97;450.37;502.29
2814;CORONEL VIVIDA;PR;Estadual;Rural;14;491.86;554.21;484.78;487.75;492.86;502.29
2815;URUARA;PA;Privada;Rural;30;494.49;532.63;494.59;450.98;538.67;502.27
2816;TUPASSI;PR;Estadual;Urbana;39;514.38;555.89;490.91;465.0;485.13;502.26
2817;JEREMOABO;BA;Estadual;Rural;4;506.08;556.65;473.72;479.85;495.0;502.26
2818;SAO JOSE DAS PALMEIRAS;PR;Estadual;Urbana;25;512.54;569.0;495.75;480.36;453.6;502.25
2819;CUNHA;SP;Estadual;Rural;8;497.3;518.72;490.28;467.38;537.5;502.24
2820;PONTE PRETA;RS;Estadual;Urbana;10;501.57;531.32;516.18;474.15;488.0;502.24
2821;MIRANTE DA SERRA;RO;Privada;Rural;21;499.99;546.66;502.34;510.77;451.43;502.24
2822;PRADOPOLIS;SP;Estadual;Urbana;93;516.03;540.7;489.91;464.7;499.78;502.22
2823;ITARARE;SP;Estadual;Rural;7;500.14;532.03;490.59;505.46;482.86;502.21
2824;NOVA ERECHIM;SC;Estadual;Urbana;38;505.32;549.58;474.22;480.32;501.58;502.21
2825;BOM JESUS;PI;Privada;Urbana;13;508.75;558.54;495.86;455.6;492.31;502.21
2826;BORRAZOPOLIS;PR;Estadual;Urbana;53;508.22;547.34;483.18;451.89;520.38;502.2
2827;PARAISOPOLIS;MG;Estadual;Urbana;93;519.41;548.93;479.79;484.68;478.06;502.17
2828;PALMITAL;SP;Estadual;Urbana;150;506.55;545.45;480.88;463.64;514.3;502.16
2829;BOA VISTA;RR;Federal;Rural;27;498.46;548.24;487.53;492.0;484.44;502.13
2830;ANTONIO PRADO DE MINAS;MG;Estadual;Urbana;12;504.94;556.01;494.26;488.72;466.67;502.12
2831;SARANDI;RS;Estadual;Urbana;124;513.53;552.74;474.46;465.94;503.87;502.11
2832;NOVO PROGRESSO;PA;Privada;Urbana;18;504.52;565.64;495.61;492.47;452.22;502.09
2833;SANTO ANTONIO DO JARDIM;SP;Estadual;Urbana;39;501.39;542.7;471.27;490.87;504.1;502.07
2834;JARAGUA DO SUL;SC;Estadual;Rural;17;498.21;532.15;478.13;467.64;534.12;502.05
2835;IMBE;RS;Estadual;Urbana;136;511.96;545.27;480.78;475.72;496.47;502.04
2836;ESPIGAO ALTO DO IGUACU;PR;Estadual;Urbana;14;510.71;548.92;504.01;452.29;494.29;502.04
2837;FORMIGA;MG;Estadual;Urbana;418;509.01;543.4;480.58;489.41;487.82;502.04
2838;NOVA LARANJEIRAS;PR;Estadual;Urbana;57;494.97;552.8;512.39;483.67;466.32;502.03
2839;LINDOIA DO SUL;SC;Estadual;Urbana;37;500.62;552.14;491.98;498.35;467.03;502.02
2840;MONTE MOR;SP;Estadual;Urbana;285;515.65;549.74;480.61;473.66;490.39;502.01
2841;SANTO ANTONIO DE LISBOA;PI;Estadual;Urbana;34;490.0;539.89;477.24;469.94;532.94;502.0
2842;VERTENTES;PE;Estadual;Urbana;120;507.89;545.89;487.28;468.76;500.17;501.99
2843;PORTO XAVIER;RS;Estadual;Urbana;74;507.27;528.91;479.6;489.98;504.05;501.96
2844;ITAJU;SP;Estadual;Urbana;18;487.37;549.63;476.99;471.38;524.44;501.96
2845;NOVA MONTE VERDE;MT;Estadual;Rural;8;507.98;538.6;499.85;480.81;482.5;501.95
2846;REBOUCAS;PR;Estadual;Urbana;45;515.29;549.87;477.89;446.62;520.0;501.93
2847;TRES FRONTEIRAS;SP;Estadual;Urbana;27;522.87;547.83;482.87;479.79;476.3;501.93
2848;NOVA ARACA;RS;Privada;Urbana;12;493.21;538.05;485.78;487.54;505.0;501.92
2849;CURRAIS NOVOS;RN;Municipal;Urbana;1;499.8;555.6;529.3;464.9;460.0;501.92
2850;BETIM;MG;Estadual;Urbana;2712;511.9;548.95;480.81;473.64;494.18;501.9
2851;SANTA ROSA;RS;Estadual;Rural;19;492.68;543.43;504.12;509.25;460.0;501.9
2852;ENTRE RIOS DO OESTE;PR;Estadual;Urbana;23;487.65;527.28;485.18;502.43;506.96;501.9
2853;SENADOR CANEDO;GO;Privada;Urbana;28;497.51;537.8;493.45;459.13;521.43;501.86
2854;ATIBAIA;SP;Estadual;Rural;110;520.43;551.75;477.98;465.31;493.82;501.86
2855;CRIXAS;GO;Estadual;Rural;3;495.33;568.6;506.9;464.93;473.33;501.82
2856;BAYEUX;PB;Privada;Urbana;165;510.13;539.62;477.88;455.17;526.3;501.82
2857;TREZE DE MAIO;SC;Estadual;Urbana;35;493.2;537.06;490.32;460.43;528.0;501.8
2858;CAMPO DO MEIO;MG;Estadual;Urbana;72;509.53;533.07;483.78;482.78;499.72;501.78
2859;VICOSA;MG;Estadual;Urbana;504;507.62;541.31;488.83;464.23;506.82;501.76
2860;CAMBARA DO SUL;RS;Estadual;Urbana;20;518.91;545.16;462.78;463.94;518.0;501.76
2861;DIONISIO CERQUEIRA;SC;Estadual;Rural;13;517.68;546.55;486.39;470.25;487.69;501.72
2862;RAUL SOARES;MG;Estadual;Urbana;141;502.11;536.15;483.39;476.75;510.07;501.69
2863;CORUMBATAI;SP;Estadual;Urbana;26;520.87;545.43;463.37;466.5;512.31;501.69
2864;SALVADOR DO SUL;RS;Estadual;Urbana;70;504.27;548.46;485.14;472.79;497.71;501.68
2865;SALTO DO LONTRA;PR;Municipal;Urbana;1;454.4;526.0;523.8;544.2;460.0;501.68
2866;PATO BRANCO;PR;Estadual;Urbana;528;507.26;547.85;484.05;473.07;496.17;501.68
2867;SAO MATEUS DO SUL;PR;Estadual;Urbana;159;514.52;547.78;481.58;464.96;499.5;501.67
2868;GARRAFAO DO NORTE;PA;Municipal;Rural;1;446.2;566.3;487.7;448.1;560.0;501.66
2869;TRAIRI;CE;Estadual;Rural;98;501.77;536.42;499.34;473.38;497.35;501.65
2870;SAO JORGE DO IVAI;PR;Estadual;Urbana;33;509.51;545.81;472.23;471.5;509.09;501.63
2871;PONTA GROSSA;PR;Estadual;Urbana;1398;515.51;550.1;484.34;470.05;488.18;501.63
2872;SAO MAMEDE;PB;Estadual;Urbana;51;518.18;547.81;462.83;462.81;516.47;501.62
2873;MEDICILANDIA;PA;Privada;Rural;2;531.9;547.7;493.6;534.9;400.0;501.62
2874;IMBUIA;SC;Estadual;Urbana;33;513.33;529.72;473.5;476.74;514.55;501.57
2875;PALMARES;PE;Privada;Urbana;106;511.28;542.7;477.97;458.59;517.17;501.54
2876;RIBEIRAO PRETO;SP;Estadual;Urbana;2268;516.45;545.13;476.72;470.75;498.63;501.54
2877;SANTANA DO RIACHO;MG;Estadual;Urbana;27;504.43;532.48;496.61;469.56;504.44;501.5
2878;MAR DE ESPANHA;MG;Estadual;Urbana;63;516.34;545.02;479.07;483.52;483.49;501.49
2879;MANDAGUARI;PR;Estadual;Urbana;200;499.77;543.5;484.03;463.6;516.5;501.48
2880;SANTA ROSA;RS;Estadual;Urbana;491;505.76;546.66;481.93;472.7;500.37;501.48
2881;LAGOA DOURADA;MG;Municipal;Rural;22;501.2;525.54;475.18;482.63;522.73;501.45
2882;BELO VALE;MG;Estadual;Urbana;35;505.33;545.05;498.38;461.31;497.14;501.44
2883;CACHOEIRA PAULISTA;SP;Estadual;Urbana;170;510.66;538.59;487.31;460.56;510.0;501.42
2884;ITAPERUNA;RJ;Estadual;Urbana;436;511.3;542.54;476.08;468.16;508.88;501.39
2885;LINDOIA;SP;Estadual;Urbana;32;525.91;539.17;483.62;464.87;493.12;501.34
2886;DIVINO;MG;Estadual;Urbana;72;516.3;550.37;486.92;455.3;497.78;501.33
2887;PORTO FERREIRA;SP;Municipal;Urbana;75;509.99;536.19;477.56;473.87;509.07;501.33
2888;LAGOA SANTA;MG;Estadual;Urbana;361;515.42;548.95;476.05;468.88;497.23;501.31
2889;BARREIRINHAS;MA;Federal;Rural;32;515.38;552.86;490.2;470.55;477.5;501.3
2890;URUPES;SP;Estadual;Urbana;29;516.92;544.19;492.28;479.23;473.79;501.28
2891;BIGUACU;SC;Estadual;Urbana;193;510.33;540.22;472.21;466.29;517.31;501.27
2892;ITAMBE;PR;Estadual;Urbana;27;517.17;545.52;493.89;470.53;479.26;501.27
2893;PRESIDENTE PRUDENTE;SP;Estadual;Urbana;1224;512.26;545.02;477.05;468.4;503.58;501.26
2894;ALAGOINHAS;BA;Municipal;Urbana;1;545.2;566.4;493.0;381.6;520.0;501.24
2895;ITAPEMA;SC;Estadual;Urbana;258;500.73;540.82;480.27;461.52;522.87;501.24
2896;VIDEIRA;SC;Estadual;Urbana;254;507.13;545.87;487.53;471.06;494.49;501.22
2897;LAGUNA;SC;Estadual;Rural;17;508.76;542.04;489.32;462.21;503.53;501.17
2898;BOA ESPERANCA;MG;Estadual;Urbana;288;515.18;536.94;476.44;471.46;505.76;501.16
2899;ESTANCIA VELHA;RS;Estadual;Urbana;166;520.01;547.86;470.46;479.88;487.47;501.14
2900;IGUATU;PR;Estadual;Urbana;21;517.98;540.85;490.61;461.74;494.29;501.09
2901;COTIA;SP;Estadual;Urbana;1230;515.44;545.58;475.72;468.32;500.34;501.08
2902;PIRACEMA;MG;Estadual;Urbana;36;502.67;535.16;491.28;521.84;454.44;501.08
2903;SANTA RITA DE MINAS;MG;Estadual;Urbana;43;500.34;542.64;480.84;467.56;513.95;501.07
2904;IPE;RS;Estadual;Urbana;32;506.91;539.75;483.31;458.38;516.88;501.04
2905;FERNANDO DE NORONHA;PE;Estadual;Urbana;10;532.57;567.1;455.14;436.36;514.0;501.03
2906;IBIAM;SC;Estadual;Urbana;13;487.72;560.38;466.1;500.21;490.77;501.03
2907;PAULO DE FARIA;SP;Estadual;Urbana;37;515.29;536.91;470.41;462.51;520.0;501.02
2908;SANTA FE DO SUL;SP;Estadual;Urbana;132;509.3;545.32;474.85;475.22;500.33;501.01
2909;RIO NEGRO;PR;Estadual;Rural;39;490.45;542.08;502.3;497.82;472.31;500.99
2910;BANDEIRA DO SUL;MG;Estadual;Urbana;30;513.89;546.99;470.29;479.75;494.0;500.99
2911;RIACHO DAS ALMAS;PE;Privada;Urbana;5;472.28;550.44;474.12;464.06;544.0;500.98
2912;XANXERE;SC;Estadual;Urbana;285;503.38;549.29;480.24;468.3;503.65;500.97
2913;SAO PAULO DO POTENGI;RN;Privada;Urbana;14;516.76;538.66;453.97;459.69;535.71;500.96
2914;PIRACANJUBA;GO;Estadual;Urbana;93;515.23;541.3;494.85;472.73;480.65;500.95
2915;SETE LAGOAS;MG;Estadual;Urbana;1250;508.6;543.6;481.41;477.33;493.78;500.94
2916;AGUA DOCE;SC;Estadual;Rural;34;476.2;540.81;514.11;494.76;478.82;500.94
2917;COLATINA;ES;Estadual;Urbana;1046;503.4;543.17;477.54;470.82;509.71;500.93
2918;DOIS VIZINHOS;PR;Estadual;Rural;25;503.28;546.04;482.14;490.78;482.4;500.93
2919;CRUZEIRO DO IGUACU;PR;Estadual;Urbana;31;494.16;553.89;500.39;490.19;465.81;500.89
2920;BANANEIRAS;PB;Federal;Rural;59;512.01;556.0;508.24;462.35;465.76;500.87
2921;GOVERNADOR DIX-SEPT ROSADO;RN;Municipal;Urbana;1;523.2;591.6;505.3;504.2;380.0;500.86
2922;SANTA ROSA DO SUL;SC;Estadual;Urbana;41;496.92;531.7;478.56;451.26;545.85;500.86
2923;PORTO VITORIA;PR;Estadual;Urbana;30;506.9;561.72;490.94;478.66;466.0;500.85
2924;BOM JESUS DO AMPARO;MG;Estadual;Urbana;34;496.15;535.79;491.81;476.32;504.12;500.84
2925;FLORESTA;PE;Privada;Urbana;8;501.8;545.06;452.81;479.4;525.0;500.82
2926;TAUBATE;SP;Estadual;Urbana;1359;512.06;546.01;477.02;469.61;499.29;500.8
2927;ROSANA;SP;Municipal;Rural;2;520.45;536.2;463.8;493.45;490.0;500.78
2928;COLORADO;RS;Estadual;Urbana;15;503.75;538.91;485.57;439.61;536.0;500.77
2929;AGUAS DE LINDOIA;SP;Estadual;Urbana;81;526.11;549.14;481.79;469.47;477.28;500.76
2930;VOTUPORANGA;SP;Estadual;Rural;41;519.15;548.82;485.12;473.61;477.07;500.76
2931;AGUA BRANCA;PB;Estadual;Urbana;30;502.69;545.89;484.07;478.36;492.67;500.73
2932;AIURUOCA;MG;Estadual;Urbana;29;514.47;538.96;485.0;465.23;500.0;500.73
2933;ITATINGA;SP;Estadual;Urbana;77;505.95;537.68;484.02;472.29;503.64;500.72
2934;PIO XII;MA;Privada;Urbana;11;513.72;547.35;476.12;440.85;525.45;500.7
2935;BRUMADINHO;MG;Estadual;Rural;19;498.68;551.16;489.15;467.69;496.84;500.7
2936;SABARA;MG;Municipal;Urbana;4;497.48;557.45;489.05;434.52;525.0;500.7
2937;SAO JOAO NEPOMUCENO;MG;Estadual;Urbana;102;514.94;544.41;486.14;479.77;478.24;500.7
2938;TRIUNFO;PE;Estadual;Urbana;184;503.77;539.97;465.84;468.36;525.56;500.7
2939;NOVA RESENDE;MG;Estadual;Urbana;48;500.43;524.72;481.38;486.81;510.0;500.67
2940;HELIODORA;MG;Estadual;Urbana;37;496.77;531.27;486.51;498.48;490.27;500.66
2941;MARATAIZES;ES;Estadual;Rural;117;496.77;545.73;481.4;479.7;499.66;500.65
2942;SANTA LEOPOLDINA;ES;Estadual;Urbana;78;502.58;541.39;480.98;465.45;512.82;500.64
2943;TARABAI;SP;Estadual;Urbana;48;504.79;541.27;479.88;459.31;517.92;500.64
2944;ITAJUBA;MG;Estadual;Urbana;559;512.01;542.22;476.58;482.89;489.38;500.62
2945;MAXIMILIANO DE ALMEIDA;RS;Estadual;Urbana;42;499.69;543.51;481.6;467.72;510.48;500.6
2946;CARLOPOLIS;PR;Estadual;Urbana;104;508.3;548.91;476.29;474.05;495.38;500.59
2947;BARRACAO;PR;Estadual;Urbana;77;492.31;542.42;477.17;462.42;528.57;500.58
2948;TIMBURI;SP;Estadual;Urbana;15;517.79;561.89;457.88;471.84;493.33;500.55
2949;GETULIO VARGAS;RS;Estadual;Urbana;105;506.76;544.96;471.54;463.44;516.0;500.54
2950;ALBERTINA;MG;Estadual;Urbana;17;503.78;545.32;467.12;460.52;525.88;500.53
2951;OURO BRANCO;MG;Estadual;Urbana;245;507.56;549.43;490.47;471.38;483.76;500.52
2952;LOUVEIRA;SP;Estadual;Urbana;208;514.76;546.32;476.36;476.81;488.27;500.5
2953;SANTA CECILIA;SC;Municipal;Urbana;1;540.0;631.5;502.1;548.9;280.0;500.5
2954;COCAL DO SUL;SC;Estadual;Urbana;84;504.71;548.72;485.02;465.44;498.57;500.49
2955;PATROCINIO;MG;Estadual;Urbana;538;506.16;543.65;487.2;471.25;494.16;500.48
2956;MAMONAS;MG;Estadual;Urbana;13;522.86;552.31;488.13;479.12;460.0;500.48
2957;ALPINOPOLIS;MG;Estadual;Urbana;130;498.92;539.37;488.17;505.67;470.15;500.46
2958;ITINGA DO MARANHAO;MA;Privada;Urbana;16;491.39;545.88;485.64;475.59;503.75;500.45
2959;SAO JOSE DA BARRA;MG;Estadual;Urbana;68;501.77;543.17;479.74;497.55;480.0;500.45
2960;MATEUS LEME;MG;Estadual;Urbana;145;507.19;545.63;484.12;477.93;487.31;500.44
2961;MARILENA;PR;Estadual;Urbana;20;506.8;553.66;487.9;455.86;498.0;500.44
2962;LUZ;MG;Estadual;Urbana;84;509.74;549.85;483.55;468.35;490.71;500.44
2963;ITANHAEM;SP;Estadual;Urbana;581;515.89;548.13;480.6;473.13;484.41;500.43
2964;CRUZ MACHADO;PR;Estadual;Rural;9;506.29;563.99;484.59;447.28;500.0;500.43
2965;JABOTICABAL;SP;Estadual;Urbana;237;513.77;543.22;476.31;459.04;509.7;500.41
2966;NOVO HORIZONTE;SP;Estadual;Urbana;210;511.21;542.61;483.6;484.05;480.43;500.38
2967;SAO BENTO DO SAPUCAI;SP;Estadual;Urbana;68;506.34;539.07;480.5;467.45;508.53;500.38
2968;AIQUARA;BA;Estadual;Urbana;4;513.7;580.5;473.35;524.33;410.0;500.38
2969;JESUITAS;PR;Estadual;Urbana;57;491.78;539.64;489.4;488.95;491.93;500.34
2970;PRESIDENTE CASTELO BRANCO;PR;Estadual;Urbana;20;504.56;559.64;486.48;512.9;438.0;500.32
2971;ITAGUACU DA BAHIA;BA;Municipal;Urbana;1;514.0;550.7;415.0;561.9;460.0;500.32
2972;SANTA BARBARA DO LESTE;MG;Estadual;Urbana;45;515.92;550.91;472.34;475.64;486.67;500.3
2973;ITAPEVA;SP;Estadual;Urbana;552;514.79;543.46;477.87;482.88;482.51;500.3
2974;URUCUI;PI;Federal;Rural;6;487.72;567.35;508.2;474.78;463.33;500.28
2975;CARVALHOS;MG;Estadual;Urbana;31;520.38;554.81;488.89;468.22;469.03;500.27
2976;JURAMENTO;MG;Estadual;Urbana;14;515.94;566.54;458.1;456.33;504.29;500.24
2977;CUBATAO;SP;Estadual;Urbana;669;515.17;545.91;473.82;468.7;497.58;500.24
2978;SANTO AUGUSTO;RS;Estadual;Urbana;44;514.44;535.53;463.78;479.59;507.73;500.21
2979;GUARANIACU;PR;Estadual;Urbana;91;502.15;543.49;499.43;456.65;499.34;500.21
2980;BEBEDOURO;SP;Estadual;Urbana;308;512.0;543.14;481.36;467.27;497.21;500.2
2981;ITATIAIA;RJ;Estadual;Urbana;50;513.42;542.13;470.49;467.34;507.6;500.2
2982;VOTUPORANGA;SP;Estadual;Urbana;376;513.73;541.1;474.58;464.8;506.76;500.2
2983;IPIGUA;SP;Estadual;Urbana;20;497.18;541.36;493.85;462.48;506.0;500.17
2984;TUPACIGUARA;MG;Estadual;Urbana;141;510.28;543.67;491.09;471.28;484.54;500.17
2985;NAZARENO;MG;Estadual;Urbana;55;505.53;531.81;472.81;494.96;495.64;500.15
2986;JARU;RO;Privada;Urbana;17;505.05;539.74;471.62;464.29;520.0;500.14
2987;REGENTE FEIJO;SP;Estadual;Urbana;106;512.3;538.67;479.29;469.2;501.26;500.14
2988;SENHORA DOS REMEDIOS;MG;Estadual;Urbana;61;506.75;542.39;476.97;496.9;477.7;500.14
2989;RESERVA DO IGUACU;PR;Estadual;Urbana;35;497.76;554.22;487.28;468.24;493.14;500.13
2990;LINHA NOVA;RS;Estadual;Urbana;8;509.85;531.96;500.42;480.81;477.5;500.11
2991;JAMBEIRO;SP;Estadual;Urbana;31;522.89;559.31;472.83;462.82;482.58;500.09
2992;MANHUACU;MG;Estadual;Urbana;562;509.7;543.42;481.22;471.26;494.8;500.08
2993;ITAJAI;SC;Estadual;Urbana;731;508.52;544.88;478.44;463.51;505.06;500.08
2994;IBIA;MG;Municipal;Urbana;8;492.78;558.15;500.78;508.72;440.0;500.08
2995;TOUROS;RN;Privada;Urbana;6;508.42;554.47;459.03;448.37;530.0;500.06
2996;PORTO DA FOLHA;SE;Privada;Urbana;15;510.95;530.56;488.63;463.43;506.67;500.05
2997;RIO DE JANEIRO;RJ;Estadual;Urbana;21053;514.23;543.51;473.34;466.18;502.86;500.03
2998;CERRO BRANCO;RS;Estadual;Urbana;28;520.76;554.51;480.45;468.68;475.71;500.02
2999;BARRA DO PIRAI;RJ;Estadual;Urbana;326;515.71;548.03;481.72;460.73;493.8;500.0
3000;RIO DO SUL;SC;Estadual;Urbana;314;505.68;544.62;471.84;474.44;503.38;499.99
3001;VOTORANTIM;SP;Estadual;Urbana;621;515.32;543.18;477.12;471.34;492.98;499.99
3002;MARIALVA;PR;Estadual;Urbana;178;505.44;545.82;481.41;463.85;503.26;499.96
3003;SAO JOSE DO GOIABAL;MG;Estadual;Urbana;27;498.24;528.54;483.39;477.06;512.59;499.96
3004;SANTO ANTONIO DE PADUA;RJ;Estadual;Urbana;210;510.69;543.77;476.56;469.7;498.98;499.94
3005;ANCHIETA;ES;Estadual;Urbana;136;504.36;544.72;478.43;473.89;498.24;499.93
3006;SAO JOAO DA BARRA;RJ;Municipal;Rural;2;495.1;560.25;490.95;443.3;510.0;499.92
3007;NOSSA SENHORA DO SOCORRO;SE;Privada;Urbana;200;500.74;541.35;475.33;469.75;512.4;499.92
3008;POA;SP;Estadual;Urbana;867;517.04;546.95;471.29;466.46;497.79;499.9
3009;SIQUEIRA CAMPOS;PR;Estadual;Urbana;118;505.72;541.52;476.46;465.29;510.51;499.9
3010;BARRETOS;SP;Estadual;Urbana;560;513.91;542.87;480.92;464.47;497.36;499.9
3011;PETROPOLIS;RJ;Estadual;Urbana;1196;514.21;545.2;475.29;459.46;505.28;499.89
3012;ESMERALDA;RS;Estadual;Urbana;21;513.3;557.6;482.1;470.24;476.19;499.88
3013;URANIA;SP;Estadual;Urbana;42;514.46;535.99;478.57;456.92;513.33;499.86
3014;CARACARAI;RR;Federal;Rural;39;486.08;555.84;482.95;460.05;514.36;499.86
3015;CAXAMBU DO SUL;SC;Estadual;Urbana;27;488.56;530.64;474.99;442.8;562.22;499.84
3016;TREZE TILIAS;SC;Estadual;Urbana;33;502.42;542.25;472.52;498.31;483.64;499.83
3017;BITURUNA;PR;Estadual;Urbana;86;505.32;549.26;481.3;464.7;498.6;499.83
3018;MIGUELOPOLIS;SP;Estadual;Rural;50;509.48;543.62;480.55;471.05;494.4;499.82
3019;TURVOLANDIA;MG;Estadual;Urbana;25;521.58;541.33;482.93;486.0;467.2;499.81
3020;ALTO PARAISO;PR;Estadual;Urbana;9;521.61;557.62;488.67;444.47;486.67;499.81
3021;PENAPOLIS;SP;Estadual;Urbana;218;514.8;542.11;479.86;464.49;497.8;499.81
3022;CAPARAO;MG;Estadual;Urbana;33;515.28;540.07;491.76;462.13;489.7;499.79
3023;OLEO;SP;Estadual;Urbana;9;502.48;535.3;479.24;513.04;468.89;499.79
3024;MACATUBA;SP;Estadual;Urbana;113;512.52;543.32;479.15;475.78;488.14;499.78
3025;OUROESTE;SP;Estadual;Urbana;54;522.95;532.7;477.41;474.73;491.11;499.78
3026;VILA NOVA DO SUL;RS;Estadual;Urbana;22;524.13;540.72;489.5;459.99;484.55;499.78
3027;VERISSIMO;MG;Estadual;Urbana;11;532.24;543.23;503.76;424.98;494.55;499.75
3028;ITUVERAVA;SP;Estadual;Urbana;198;510.98;544.56;479.37;466.9;496.97;499.75
3029;CANDELARIA;RS;Estadual;Rural;16;500.91;545.78;455.6;488.89;507.5;499.74
3030;TOCANTINS;MG;Estadual;Urbana;72;505.38;543.87;482.65;481.44;485.28;499.72
3031;SANTA EFIGENIA DE MINAS;MG;Estadual;Urbana;21;499.3;538.17;484.32;472.93;503.81;499.71
3032;SAO LOURENCO DO SUL;RS;Estadual;Urbana;179;518.84;548.29;475.24;475.03;481.12;499.7
3033;BRASILIA;DF;Estadual;Urbana;15935;513.6;546.6;479.45;462.21;496.65;499.7
3034;ITAMONTE;MG;Estadual;Urbana;62;507.52;541.86;470.44;499.01;479.68;499.7
3035;PATY DO ALFERES;RJ;Estadual;Urbana;183;505.99;543.25;477.97;459.46;511.8;499.69
3036;MAFRA;SC;Estadual;Urbana;293;504.05;544.52;491.46;469.55;488.81;499.68
3037;FORMOSA DO RIO PRETO;BA;Municipal;Urbana;2;520.95;557.85;447.55;442.0;530.0;499.67
3038;VENANCIO AIRES;RS;Estadual;Urbana;290;511.39;547.38;477.81;479.46;482.28;499.66
3039;ITATIBA DO SUL;RS;Estadual;Urbana;19;507.45;556.96;472.71;473.75;487.37;499.65
3040;RIBEIRAO PRETO;SP;Municipal;Urbana;41;514.86;546.37;481.2;472.89;482.93;499.65
3041;GUARAPUAVA;PR;Estadual;Urbana;987;505.05;542.79;479.3;469.27;501.83;499.65
3042;CURITIBANOS;SC;Estadual;Urbana;193;508.88;541.66;487.02;473.81;486.84;499.64
3043;FRUTAL;MG;Estadual;Urbana;203;508.92;549.12;488.82;472.13;479.21;499.64
3044;PETROLINA DE GOIAS;GO;Privada;Urbana;33;511.26;543.93;475.43;489.15;478.18;499.59
3045;JUCURUCU;BA;Municipal;Urbana;1;560.6;596.5;469.5;451.2;420.0;499.56
3046;BLUMENAU;SC;Privada;Rural;1;410.9;500.0;515.1;471.7;600.0;499.54
3047;IJUI;RS;Municipal;Urbana;22;478.11;539.62;497.45;502.36;480.0;499.51
3048;RIO DAS OSTRAS;RJ;Estadual;Urbana;573;512.17;548.28;474.77;466.37;495.92;499.5
3049;IPORANGA;SP;Estadual;Urbana;22;507.99;553.98;501.65;450.24;483.64;499.5
3050;SAO CRISTOVAO;SE;Privada;Urbana;65;508.46;541.39;481.53;448.79;517.23;499.48
3051;RIO BONITO;RJ;Estadual;Urbana;269;511.6;543.26;479.96;466.52;496.03;499.48
3052;CORONEL VIVIDA;PR;Estadual;Urbana;133;503.61;544.01;476.14;463.37;510.08;499.44
3053;TOMBOS;MG;Estadual;Urbana;34;513.64;538.8;472.62;477.88;494.12;499.41
3054;RIO ESPERA;MG;Estadual;Urbana;42;511.62;547.91;488.99;453.65;494.76;499.39
3055;SAPUCAI-MIRIM;MG;Estadual;Urbana;39;502.18;539.76;486.7;473.87;494.36;499.38
3056;SENGES;PR;Estadual;Urbana;84;516.44;555.99;474.51;462.8;487.14;499.38
3057;CAMPOS GERAIS;MG;Estadual;Urbana;162;506.92;540.57;485.2;484.79;479.38;499.37
3058;IGRAPIUNA;BA;Municipal;Rural;1;476.2;504.0;529.3;467.3;520.0;499.36
3059;ESPERANTINA;PI;Privada;Urbana;19;500.46;525.85;489.0;489.75;491.58;499.33
3060;FORTALEZA DOS VALOS;RS;Estadual;Urbana;25;513.64;559.34;486.02;440.04;497.6;499.33
3061;CLARAVAL;MG;Municipal;Urbana;2;551.0;567.1;512.35;486.15;380.0;499.32
3062;RIO CASCA;MG;Estadual;Urbana;67;504.92;545.52;475.5;467.64;502.99;499.31
3063;PORTO DOS GAUCHOS;MT;Privada;Urbana;5;505.68;528.86;449.9;471.98;540.0;499.28
3064;SAO GABRIEL DO OESTE;MS;Privada;Urbana;22;501.08;559.3;481.36;466.49;488.18;499.28
3065;SAUDADES;SC;Estadual;Urbana;52;495.35;542.94;486.26;464.18;507.69;499.28
3066;SERTAO SANTANA;RS;Estadual;Urbana;45;506.68;547.87;467.51;467.08;507.11;499.25
3067;DOM CAVATI;MG;Estadual;Urbana;49;508.32;544.98;476.08;466.46;500.41;499.25
3068;ESTEIO;RS;Estadual;Urbana;382;514.43;544.75;482.3;471.89;482.77;499.23
3069;IPUIUNA;MG;Estadual;Urbana;39;491.86;553.6;484.55;487.07;479.03;499.22
3070;BRUMADO;BA;Estadual;Urbana;239;506.35;543.93;482.23;473.45;490.04;499.2
3071;CONGONHAL;MG;Estadual;Urbana;37;491.46;545.63;481.78;484.18;492.97;499.2
3072;COMENDADOR LEVY GASPARIAN;RJ;Estadual;Urbana;44;521.87;554.9;466.58;440.18;512.27;499.16
3073;MAIRINQUE;SP;Estadual;Urbana;256;506.06;540.74;481.05;475.13;492.66;499.13
3074;IRANI;SC;Estadual;Urbana;70;499.09;540.98;483.52;487.44;484.57;499.12
3075;ITANHANGA;MT;Estadual;Urbana;36;496.5;537.76;504.15;482.71;474.44;499.11
3076;SAO LUIZ GONZAGA;RS;Estadual;Rural;5;504.8;539.56;477.76;473.32;500.0;499.09
3077;MATIAS BARBOSA;MG;Estadual;Urbana;101;512.16;545.18;475.76;463.74;498.61;499.09
3078;JUATUBA;MG;Estadual;Urbana;104;500.98;547.35;486.28;476.97;483.85;499.08
3079;PINHAO;SE;Estadual;Urbana;30;503.17;539.99;477.29;482.13;492.67;499.05
3080;SANTA BRANCA;SP;Estadual;Urbana;50;520.68;544.34;469.08;484.23;476.8;499.03
3081;CRUZEIRO DO SUL;RS;Estadual;Urbana;45;500.16;549.58;474.73;480.35;490.22;499.01
3082;MARIANA;MG;Estadual;Urbana;298;505.33;548.43;479.72;466.86;494.63;498.99
3083;CARAMBEI;PR;Estadual;Urbana;68;508.71;556.48;484.23;458.75;486.76;498.99
3084;SERTAOZINHO;SP;Estadual;Urbana;553;512.07;540.02;474.78;472.34;495.77;498.99
3085;ITAPETIM;PE;Estadual;Urbana;75;515.8;537.43;474.2;475.4;492.0;498.97
3086;BARREIRINHAS;MA;Privada;Urbana;9;526.13;517.62;448.27;476.11;526.67;498.96
3087;JAPURA;PR;Estadual;Urbana;50;489.97;545.13;483.58;479.28;496.8;498.95
3088;CACHOEIRA DO SUL;RS;Estadual;Urbana;443;516.43;545.86;481.0;464.42;487.01;498.94
3089;MERCES;MG;Estadual;Urbana;40;503.46;519.43;484.65;490.54;496.5;498.92
3090;TURVO;PR;Estadual;Urbana;62;510.83;557.35;473.88;466.37;486.13;498.91
3091;GRAVATAI;RS;Estadual;Rural;52;506.09;548.53;486.34;470.84;482.69;498.9
3092;CARAZINHO;RS;Estadual;Urbana;337;508.87;547.66;468.13;470.7;499.05;498.88
3093;ASTORGA;PR;Estadual;Urbana;143;507.17;536.72;477.33;469.27;503.92;498.88
3094;GUARACI;PR;Estadual;Urbana;33;500.49;545.63;496.59;469.81;481.82;498.87
3095;SERRA NEGRA;SP;Estadual;Urbana;69;520.49;543.21;465.97;469.4;495.07;498.83
3096;MONTE SANTO DE MINAS;MG;Estadual;Urbana;103;517.19;542.91;476.88;469.86;487.28;498.82
3097;CAPAO BONITO;SP;Estadual;Urbana;296;514.99;545.59;477.35;478.07;478.04;498.81
3098;ALMIRANTE TAMANDARE DO SUL;RS;Estadual;Urbana;16;503.62;554.93;473.66;478.07;483.75;498.81
3099;SAO VICENTE;SP;Estadual;Urbana;1153;514.47;542.05;474.48;464.31;498.72;498.8
3100;ORIZANIA;MG;Municipal;Urbana;52;507.87;533.43;474.08;445.87;532.69;498.79
3101;CONTAGEM;MG;Estadual;Urbana;3141;512.22;548.91;479.04;473.75;480.03;498.79
3102;SAO SEBASTIAO DA GRAMA;SP;Estadual;Urbana;56;506.06;541.97;484.16;470.54;491.07;498.76
3103;ROLANDIA;PR;Estadual;Urbana;261;512.69;547.81;486.36;477.94;468.89;498.74
3104;AGUA SANTA;RS;Estadual;Urbana;28;487.48;541.5;468.0;443.81;552.86;498.73
3105;ANTONIO CARLOS;MG;Estadual;Urbana;58;515.12;548.2;481.42;476.86;472.07;498.73
3106;PACO DO LUMIAR;MA;Privada;Rural;61;516.01;536.05;493.01;439.41;509.18;498.73
3107;CAMBUCI;RJ;Estadual;Urbana;60;507.63;542.39;468.95;462.99;511.67;498.72
3108;BARRA DO CHAPEU;SP;Estadual;Rural;7;535.34;550.83;447.79;422.44;537.14;498.71
3109;SAO GABRIEL;RS;Estadual;Urbana;360;516.2;543.19;476.42;462.33;495.32;498.69
3110;ROSARIO;MA;Municipal;Urbana;1;546.4;484.3;451.4;391.3;620.0;498.68
3111;DIAMANTINA;MG;Estadual;Urbana;405;509.46;545.23;482.75;472.65;483.27;498.67
3112;AMERICO BRASILIENSE;SP;Estadual;Urbana;149;510.55;545.23;481.23;464.19;492.08;498.66
3113;ITUPEVA;SP;Estadual;Urbana;239;514.32;541.92;481.19;470.42;485.36;498.64
3114;PIEDADE DE PONTE NOVA;MG;Estadual;Urbana;20;511.86;543.4;480.66;487.19;470.0;498.62
3115;MANHUMIRIM;MG;Municipal;Urbana;66;517.72;537.69;474.55;480.96;482.12;498.61
3116;RESENDE;RJ;Municipal;Urbana;22;492.5;528.62;484.41;472.94;514.55;498.6
3117;RIACHO DE SANTANA;BA;Privada;Urbana;34;491.02;530.75;494.45;463.77;512.94;498.59
3118;PIRAPOZINHO;SP;Estadual;Rural;5;516.94;546.9;485.3;459.8;484.0;498.59
3119;SANTO ANGELO;RS;Estadual;Urbana;508;509.83;545.03;483.68;464.85;489.58;498.59
3120;SAO CRISTOVAO DO SUL;SC;Estadual;Urbana;17;504.07;543.95;477.51;469.79;497.65;498.59
3121;VICENTINA;MS;Estadual;Urbana;33;496.91;555.05;489.26;477.13;474.55;498.58
3122;SANTA MARIA DE JETIBA;ES;Estadual;Urbana;222;502.52;539.92;484.23;484.79;481.35;498.56
3123;SANTIAGO;RS;Estadual;Urbana;347;519.03;547.2;471.78;460.3;494.47;498.55
3124;CAMPO MOURAO;PR;Estadual;Urbana;556;505.75;543.72;479.12;466.24;497.54;498.47
3125;QUARTEL GERAL;MG;Estadual;Urbana;21;508.46;531.13;478.59;478.94;495.24;498.47
3126;GASPAR;SC;Estadual;Urbana;238;507.25;546.15;476.39;461.84;500.67;498.46
3127;BARREIROS;PE;Federal;Rural;110;504.47;538.92;487.74;468.27;492.91;498.46
3128;SANTA HELENA;PR;Estadual;Urbana;176;503.81;549.92;483.84;475.39;479.32;498.45
3129;SANGAO;SC;Estadual;Rural;6;506.7;536.4;460.35;465.43;523.33;498.44
3130;CASTRO;PR;Estadual;Urbana;334;510.84;550.07;478.74;471.26;481.26;498.43
3131;SAO FERNANDO;RN;Estadual;Urbana;21;485.43;547.55;494.14;466.86;498.1;498.42
3132;TUIUTI;SP;Estadual;Urbana;17;522.97;539.89;478.35;462.63;488.24;498.42
3133;GRAVATAL;SC;Estadual;Urbana;48;500.49;537.4;483.16;463.09;507.92;498.41
3134;DORES DE GUANHAES;MG;Estadual;Rural;13;512.22;560.05;476.13;448.06;495.38;498.37
3135;PARAISO;SC;Estadual;Urbana;27;493.28;534.46;481.28;465.04;517.78;498.37
3136;NOVA MUTUM;MT;Estadual;Urbana;264;503.26;546.17;480.08;465.83;496.52;498.37
3137;VALE VERDE;RS;Municipal;Urbana;1;517.8;526.1;524.2;403.7;520.0;498.36
3138;SANTA CRUZ DO RIO PARDO;SP;Estadual;Urbana;136;508.0;546.58;473.83;460.73;502.65;498.36
3139;CACAPAVA;SP;Estadual;Rural;11;498.88;534.35;472.15;449.96;536.36;498.34
3140;DOM SILVERIO;MG;Estadual;Urbana;30;495.06;530.1;474.26;518.21;474.0;498.32
3141;UBIRATA;PR;Estadual;Urbana;160;506.33;539.88;473.2;463.15;509.06;498.32
3142;CARAA;RS;Estadual;Urbana;30;520.99;555.48;457.65;454.83;502.67;498.32
3143;CAMPO LARGO;PR;Estadual;Rural;72;506.89;533.96;481.4;462.08;507.22;498.31
3144;CANDIDO DE ABREU;PR;Estadual;Urbana;110;510.83;546.54;481.32;453.92;498.91;498.3
3145;GUIDOVAL;MG;Estadual;Urbana;35;507.25;536.95;501.43;458.46;487.43;498.3
3146;TIETE;SP;Estadual;Urbana;219;511.97;541.51;477.14;467.07;493.61;498.26
3147;TRES FORQUILHAS;RS;Estadual;Urbana;16;485.34;532.33;475.18;492.18;506.25;498.25
3148;FOZ DO IGUACU;PR;Estadual;Urbana;1590;507.38;544.1;478.89;468.14;492.72;498.25
3149;SANTA INES;MA;Municipal;Urbana;1;536.8;620.3;457.5;416.6;460.0;498.24
3150;FORMOSO DO ARAGUAIA;TO;Privada;Rural;57;498.58;540.31;493.13;461.22;497.89;498.23
3151;SANTA MARIA DO HERVAL;RS;Estadual;Urbana;56;496.69;551.15;482.47;484.41;476.43;498.23
3152;TAQUARITUBA;SP;Estadual;Urbana;177;507.66;544.63;483.57;476.36;478.87;498.22
3153;CELSO RAMOS;SC;Estadual;Urbana;17;501.26;534.21;482.66;478.84;494.12;498.22
3154;CANGUCU;RS;Estadual;Urbana;263;517.28;545.51;476.24;460.61;491.33;498.2
3155;URU;SP;Estadual;Urbana;10;513.87;545.01;460.87;497.15;474.0;498.18
3156;GRAVATAI;RS;Estadual;Urbana;768;516.24;546.64;471.14;469.61;487.29;498.18
3157;LAGES;SC;Estadual;Urbana;574;511.95;548.05;470.43;461.53;498.85;498.16
3158;NOVA VENECIA;ES;Estadual;Urbana;370;500.26;537.34;481.23;470.2;501.68;498.14
3159;QUATA;SP;Estadual;Rural;37;507.27;548.67;493.75;450.73;490.27;498.14
3160;TAMARANA;PR;Estadual;Urbana;47;503.46;545.6;485.51;476.04;480.0;498.12
3161;DOIS VIZINHOS;PR;Estadual;Urbana;296;507.69;541.68;486.08;475.38;479.59;498.09
3162;CABO DE SANTO AGOSTINHO;PE;Privada;Rural;16;489.88;529.78;486.6;459.16;525.0;498.08
3163;PIRANGUCU;MG;Estadual;Urbana;37;509.01;535.25;461.95;484.08;500.0;498.06
3164;JOINVILLE;SC;Municipal;Urbana;10;524.02;564.17;482.0;420.1;500.0;498.06
3165;MACAU;RN;Privada;Urbana;27;522.75;550.27;454.52;421.85;540.74;498.03
3166;SOCORRO;SP;Estadual;Urbana;138;513.15;541.68;480.45;471.74;483.04;498.01
3167;IBIPORA;PR;Estadual;Urbana;240;511.88;548.54;478.42;459.64;491.52;498.0
3168;CUNHA;SP;Estadual;Urbana;108;511.11;539.17;465.33;472.48;501.85;497.99
3169;CABREUVA;SP;Estadual;Urbana;253;513.45;540.17;469.49;458.43;508.38;497.98
3170;PAPANDUVA;SC;Estadual;Urbana;101;500.27;538.68;471.05;469.0;510.89;497.98
3171;PORTO FIRME;MG;Estadual;Urbana;72;502.77;538.2;485.18;455.39;508.33;497.97
3172;NAZARE PAULISTA;SP;Estadual;Urbana;79;514.78;545.41;458.62;462.27;508.61;497.94
3173;BALSA NOVA;PR;Estadual;Urbana;57;503.69;548.25;487.97;469.41;480.35;497.93
3174;SOMBRIO;SC;Estadual;Urbana;190;501.72;538.87;482.79;466.53;499.68;497.92
3175;IPORA;PR;Privada;Urbana;12;492.78;531.69;490.23;473.24;501.67;497.92
3176;PERDIZES;MG;Estadual;Urbana;77;506.21;539.64;476.94;489.58;477.14;497.91
3177;IMBITUBA;SC;Estadual;Rural;13;509.46;536.3;480.92;464.37;498.46;497.9
3178;BARRA DO RIBEIRO;RS;Estadual;Urbana;46;521.89;548.05;465.02;451.49;503.04;497.9
3179;PALMEIRA DAS MISSOES;RS;Estadual;Rural;57;495.41;537.62;494.46;510.37;451.58;497.89
3180;ABREU E LIMA;PE;Privada;Urbana;116;510.6;533.32;477.33;456.78;511.19;497.85
3181;GOVERNADOR VALADARES;MG;Estadual;Urbana;1694;509.78;543.37;474.32;472.19;489.39;497.81
3182;RESPLENDOR;MG;Estadual;Urbana;72;519.2;537.81;480.93;466.0;485.0;497.79
3183;MATAO;SP;Estadual;Urbana;327;514.72;534.27;479.0;468.79;492.17;497.79
3184;CAMPO GRANDE;MS;Estadual;Urbana;4807;508.44;543.7;475.36;467.28;494.14;497.78
3185;JUAZEIRO;BA;Municipal;Urbana;1;496.6;537.1;544.0;391.1;520.0;497.76
3186;ITAU DE MINAS;MG;Estadual;Urbana;66;510.6;542.57;487.55;486.51;461.52;497.75
3187;PAROBE;RS;Estadual;Urbana;239;513.49;544.39;479.56;472.35;478.83;497.73
3188;ROCHEDO DE MINAS;MG;Estadual;Urbana;6;500.75;547.92;502.4;467.58;470.0;497.73
3189;SANTO ANTONIO DA ALEGRIA;SP;Estadual;Urbana;35;506.15;539.72;486.29;471.3;485.14;497.72
3190;MUCUM;RS;Estadual;Urbana;26;500.24;545.21;494.49;505.47;443.08;497.7
3191;GENERAL SALGADO;SP;Estadual;Urbana;49;500.38;534.83;480.97;467.77;504.49;497.69
3192;ACAIACA;MG;Estadual;Urbana;44;511.9;547.5;471.32;482.25;475.45;497.69
3193;VISTA GAUCHA;RS;Estadual;Urbana;26;509.56;551.02;485.69;448.33;493.85;497.69
3194;IGARAPAVA;SP;Estadual;Rural;67;495.57;538.03;490.83;485.19;478.81;497.69
3195;MAIRIPOTABA;GO;Estadual;Urbana;15;512.43;543.91;475.15;487.57;469.33;497.68
3196;PARECI NOVO;RS;Estadual;Urbana;13;501.99;560.88;445.05;463.52;516.92;497.67
3197;SAO JOAO DO SABUGI;RN;Estadual;Urbana;49;503.94;542.06;478.26;473.44;490.61;497.66
3198;PITANGUEIRAS;SP;Estadual;Urbana;158;510.95;543.2;481.9;474.5;477.59;497.63
3199;SAO JOSE DO RIO CLARO;MT;Estadual;Rural;4;513.02;545.62;488.5;445.98;495.0;497.62
3200;ITARARE;SP;Estadual;Urbana;257;508.47;540.64;477.71;463.32;497.74;497.58
3201;CAMBUI;MG;Estadual;Urbana;136;513.3;541.56;480.33;477.84;474.85;497.58
3202;CONCEICAO DAS PEDRAS;MG;Estadual;Urbana;19;519.35;535.68;493.85;484.18;454.74;497.56
3203;CORUPA;SC;Estadual;Urbana;57;507.48;545.54;489.57;471.49;473.68;497.55
3204;CAFELANDIA;SP;Estadual;Urbana;99;506.71;542.68;469.09;463.4;505.86;497.55
3205;ENGENHEIRO PAULO DE FRONTIN;RJ;Estadual;Urbana;174;517.3;540.59;477.08;454.96;497.8;497.55
3206;NAZARE PAULISTA;SP;Estadual;Rural;22;517.55;533.18;467.98;458.05;510.91;497.53
3207;CONTENDA;PR;Estadual;Urbana;48;502.62;539.48;464.39;462.78;518.33;497.52
3208;CARMO DO RIO CLARO;MG;Estadual;Urbana;116;505.43;538.61;494.08;459.27;490.17;497.51
3209;PALMARES PAULISTA;SP;Estadual;Urbana;53;513.92;545.53;479.57;475.29;473.21;497.5
3210;CONCORDIA;SC;Estadual;Rural;7;477.63;529.14;486.66;462.61;531.43;497.49
3211;MORENO;PE;Privada;Urbana;39;509.35;529.65;470.97;481.01;496.41;497.48
3212;IMACULADA;PB;Municipal;Urbana;1;547.1;553.6;448.9;437.8;500.0;497.48
3213;CORREGO DANTA;MG;Estadual;Urbana;12;518.93;550.77;458.78;458.88;500.0;497.47
3214;RIBEIRAO CLARO;PR;Estadual;Urbana;45;516.11;552.35;479.83;458.54;480.44;497.46
3215;SAO JORGE D OESTE;PR;Estadual;Urbana;68;495.66;547.34;487.09;485.63;471.47;497.44
3216;SANTO ANTONIO;RN;Privada;Urbana;22;512.68;525.17;480.05;468.4;500.91;497.44
3217;ARANDU;SP;Estadual;Urbana;20;515.38;546.15;469.04;471.5;485.0;497.42
3218;ESPERA FELIZ;MG;Estadual;Urbana;125;512.03;547.18;480.93;465.84;481.12;497.42
3219;POUSO ALTO;MG;Estadual;Urbana;30;506.58;530.28;472.85;469.74;507.33;497.36
3220;SALTO;SP;Estadual;Urbana;567;509.13;537.92;474.07;457.23;508.43;497.36
3221;TABAPUA;SP;Estadual;Urbana;71;505.23;542.86;473.85;489.94;474.93;497.36
3222;PERDOES;MG;Estadual;Urbana;123;509.04;537.41;469.86;471.06;499.35;497.34
3223;TEOFILO OTONI;MG;Estadual;Urbana;936;505.98;545.56;480.04;468.59;486.5;497.34
3224;CAMAQUA;RS;Estadual;Urbana;302;506.45;539.65;470.42;464.37;505.76;497.33
3225;CRICIUMA;SC;Estadual;Urbana;876;506.38;545.87;475.67;462.27;496.44;497.33
3226;VICENTE DUTRA;RS;Estadual;Urbana;29;498.72;530.9;486.56;453.86;516.55;497.32
3227;VACARIA;RS;Estadual;Urbana;344;506.88;544.79;478.95;456.83;499.07;497.31
3228;CHIAPETTA;RS;Estadual;Urbana;15;510.81;519.93;481.03;468.09;506.67;497.31
3229;PALMITINHO;RS;Estadual;Urbana;54;499.84;543.12;479.08;463.36;501.11;497.3
3230;VIRGINOPOLIS;MG;Estadual;Urbana;49;498.83;548.02;457.39;465.49;516.73;497.29
3231;TRES DE MAIO;RS;Estadual;Urbana;174;498.67;542.96;481.76;466.7;496.21;497.26
3232;CAPITAO LEONIDAS MARQUES;PR;Privada;Urbana;18;503.04;532.15;469.37;458.42;523.33;497.26
3233;SANTANA DA VARGEM;MG;Estadual;Urbana;31;520.14;557.79;472.62;478.94;456.77;497.25
3234;SAO MARTINHO DA SERRA;RS;Estadual;Urbana;17;525.86;553.65;469.03;469.44;468.24;497.24
3235;SANTA TEREZINHA DE ITAIPU;PR;Estadual;Urbana;138;506.85;545.61;476.5;468.86;488.26;497.21
3236;CARMO DA CACHOEIRA;MG;Estadual;Urbana;57;497.47;540.71;474.49;497.12;476.14;497.18
3237;VILA PROPICIO;GO;Estadual;Rural;11;517.99;550.02;479.34;447.66;490.91;497.18
3238;PONTAO;RS;Federal;Rural;3;542.47;572.97;480.9;456.13;433.33;497.16
3239;GUARANESIA;MG;Estadual;Urbana;60;508.6;546.68;487.03;489.09;454.33;497.15
3240;DUARTINA;SP;Estadual;Urbana;62;507.59;538.64;472.21;462.25;504.84;497.11
3241;MONTE ALEGRE DE MINAS;MG;Municipal;Rural;3;526.13;571.27;477.8;456.97;453.33;497.1
3242;XAXIM;SC;Estadual;Urbana;211;501.19;548.11;473.72;457.52;504.93;497.09
3243;CAMBUQUIRA;MG;Estadual;Urbana;83;511.47;542.91;488.39;457.84;484.82;497.09
3244;CONCEICAO;PB;Privada;Urbana;27;517.67;535.55;483.63;449.24;499.26;497.07
3245;GOUVEIA;MG;Estadual;Urbana;100;508.52;543.62;489.49;480.27;463.4;497.06
3246;LASSANCE;MG;Estadual;Urbana;25;510.32;545.02;462.19;472.49;495.2;497.04
3247;LIMA DUARTE;MG;Estadual;Urbana;98;508.86;542.84;482.55;471.46;479.39;497.02
3248;GUAIBA;RS;Estadual;Urbana;546;515.31;545.06;467.74;462.72;494.29;497.02
3249;IGARACU DO TIETE;SP;Estadual;Urbana;92;520.67;540.8;465.14;462.63;495.87;497.02
3250;CHAPADINHA;MA;Privada;Urbana;146;503.93;539.48;480.93;460.94;499.73;497.0
3251;ITUPORANGA;SC;Estadual;Urbana;138;500.66;536.23;481.36;480.96;485.8;497.0
3252;PEDRO LEOPOLDO;MG;Estadual;Urbana;284;511.05;545.88;474.1;476.54;477.43;497.0
3253;REDUTO;MG;Estadual;Urbana;36;510.42;538.97;477.8;470.59;487.22;497.0
3254;BALNEARIO CAMBORIU;SC;Estadual;Urbana;444;508.43;546.43;477.5;466.08;486.44;496.98
3255;BOREBI;SP;Estadual;Urbana;9;519.88;549.4;450.67;462.7;502.22;496.97
3256;TAPEROA;PB;Estadual;Urbana;64;503.17;537.68;472.78;473.38;497.81;496.96
3257;ARAUCARIA;PR;Estadual;Rural;53;504.93;544.48;489.59;485.99;459.62;496.92
3258;ABADIA DOS DOURADOS;MG;Estadual;Urbana;49;510.74;534.54;487.17;470.75;481.22;496.89
3259;CABACEIRAS;PB;Estadual;Urbana;40;512.54;556.03;486.1;451.76;478.0;496.89
3260;ALTONIA;PR;Estadual;Urbana;108;506.27;545.55;478.02;453.59;500.93;496.87
3261;RIO DOCE;MG;Estadual;Urbana;20;521.19;554.9;474.73;465.39;468.0;496.84
3262;NOVO GAMA;GO;Privada;Urbana;51;513.72;541.67;466.54;438.28;523.92;496.83
3263;MARILANDIA DO SUL;PR;Estadual;Urbana;64;507.66;542.38;470.8;464.15;499.06;496.81
3264;SAO GONCALO DO RIO PRETO;MG;Estadual;Urbana;21;508.91;546.41;479.62;479.54;469.52;496.8
3265;TEIXEIRA;PB;Privada;Urbana;12;507.13;519.72;502.24;436.43;518.33;496.77
3266;CRISTINA;MG;Estadual;Urbana;46;516.66;531.71;499.85;467.79;467.83;496.77
3267;ITAPETININGA;SP;Estadual;Urbana;515;515.32;543.0;476.07;471.87;477.53;496.76
3268;PONTES GESTAL;SP;Estadual;Urbana;15;497.2;530.95;463.09;467.5;525.0;496.75
3269;ANITAPOLIS;SC;Estadual;Urbana;25;497.65;530.3;485.98;473.82;496.0;496.75
3270;BOCAINA DE MINAS;MG;Estadual;Urbana;28;500.99;540.65;473.15;457.54;511.43;496.75
3271;SANTA SALETE;SP;Estadual;Urbana;10;483.27;539.63;486.56;460.24;514.0;496.74
3272;PAULO LOPES;SC;Estadual;Urbana;30;502.34;549.95;464.73;490.67;476.0;496.74
3273;AGUAS DE SAO PEDRO;SP;Estadual;Urbana;31;518.58;544.93;460.45;460.35;499.35;496.73
3274;CANA VERDE;MG;Estadual;Urbana;25;512.87;551.08;472.49;466.36;480.8;496.72
3275;DOUTOR RICARDO;RS;Estadual;Urbana;10;511.2;550.68;479.65;459.99;482.0;496.7
3276;PALMAS;PR;Estadual;Rural;4;469.05;543.98;471.75;433.72;565.0;496.7
3277;SANTO ANTONIO DO ARACANGUA;SP;Estadual;Urbana;32;500.38;549.48;467.36;465.63;500.62;496.69
3278;PRUDENTE DE MORAIS;MG;Estadual;Urbana;47;507.86;537.59;489.16;467.12;481.7;496.69
3279;CAXIAS DO SUL;RS;Estadual;Rural;35;511.42;543.85;473.4;437.62;517.14;496.69
3280;TREVISO;SC;Estadual;Urbana;10;506.92;557.1;463.69;405.7;550.0;496.68
3281;SANTA RITA DE IBITIPOCA;MG;Estadual;Urbana;21;511.43;542.34;467.54;496.34;465.71;496.67
3282;SAO BENTO;PB;Privada;Urbana;19;487.63;531.77;470.17;482.13;511.58;496.66
3283;GUARIBA;SP;Municipal;Urbana;1;542.5;559.8;490.1;550.9;340.0;496.66
3284;MANDAGUACU;PR;Estadual;Urbana;80;514.46;549.35;464.31;448.91;506.25;496.65
3285;PIACATU;SP;Estadual;Urbana;29;495.74;536.06;467.21;463.54;520.69;496.65
3286;ITARANA;ES;Estadual;Urbana;78;496.82;531.13;486.09;470.76;498.46;496.65
3287;LUTECIA;SP;Estadual;Urbana;17;511.81;538.64;491.43;464.83;476.47;496.64
3288;ITARARE;SP;Municipal;Urbana;1;527.4;542.7;510.7;402.4;500.0;496.64
3289;MARTINS SOARES;MG;Estadual;Urbana;31;517.3;554.26;489.1;464.43;458.06;496.63
3290;JACUPIRANGA;SP;Estadual;Urbana;86;512.49;545.49;475.98;479.96;469.07;496.6
3291;PALMEIRA D OESTE;SP;Municipal;Urbana;1;488.8;552.3;461.0;540.8;440.0;496.58
3292;SAO LUIS;MA;Municipal;Rural;3;475.3;513.97;444.5;462.43;586.67;496.57
3293;PIRATUBA;SC;Estadual;Urbana;48;498.53;542.12;460.17;468.26;513.75;496.57
3294;SALES;SP;Estadual;Urbana;30;499.29;521.48;462.69;486.68;512.67;496.56
3295;VIRMOND;PR;Estadual;Urbana;30;509.24;543.67;478.74;475.16;476.0;496.56
3296;MARIA DA FE;MG;Estadual;Urbana;96;503.61;534.49;474.58;465.54;504.58;496.56
3297;AMPERE;PR;Estadual;Urbana;107;504.14;549.85;482.32;457.29;489.16;496.55
3298;VILA FLORES;RS;Estadual;Urbana;22;491.57;548.04;475.71;459.25;508.18;496.55
3299;FARROUPILHA;RS;Municipal;Urbana;1;564.5;576.7;527.9;493.6;320.0;496.54
3300;CAJURI;MG;Estadual;Urbana;28;503.84;538.07;501.22;446.64;492.86;496.53
3301;CAMBE;PR;Estadual;Urbana;555;509.84;545.51;479.84;463.7;483.71;496.52
3302;SANTO ANTONIO DO GRAMA;MG;Estadual;Urbana;25;508.36;537.85;458.92;462.26;515.2;496.52
3303;BOM JARDIM DE MINAS;MG;Estadual;Urbana;48;509.99;542.24;473.65;464.62;492.08;496.51
3304;CAMPANHA;MG;Estadual;Urbana;73;515.09;547.13;481.29;467.46;471.51;496.5
3305;BAIXO GUANDU;ES;Privada;Urbana;10;502.11;534.84;490.63;476.94;478.0;496.5
3306;SENHORA DO PORTO;MG;Estadual;Urbana;16;506.6;544.47;476.91;488.22;466.25;496.49
3307;GLORINHA;RS;Estadual;Urbana;17;510.22;544.02;467.08;482.24;478.82;496.48
3308;ROSANA;SP;Estadual;Rural;16;511.94;534.02;455.88;449.28;531.25;496.47
3309;SAO CRISTOVAO;SE;Federal;Rural;86;503.15;546.5;490.82;454.18;487.67;496.47
3310;BELO HORIZONTE;MG;Municipal;Urbana;322;511.74;544.67;478.14;473.74;473.98;496.45
3311;CURITIBA;PR;Municipal;Urbana;14;498.94;535.66;479.11;498.56;470.0;496.45
3312;SAO JOAO DO SUL;SC;Estadual;Urbana;52;510.45;553.3;476.93;464.63;476.92;496.44
3313;IBERTIOGA;MG;Estadual;Urbana;29;510.26;543.53;476.43;481.64;470.34;496.44
3314;INUBIA PAULISTA;SP;Estadual;Urbana;9;526.48;552.39;464.4;465.57;473.33;496.43
3315;TURVO;SC;Estadual;Urbana;42;503.38;535.56;479.3;479.11;484.76;496.42
3316;SAO GONCALO;RJ;Estadual;Urbana;3048;510.63;541.89;470.73;455.7;503.14;496.42
3317;ALTINOPOLIS;SP;Estadual;Urbana;94;504.54;540.43;481.33;467.41;488.3;496.4
3318;LONDRINA;PR;Estadual;Rural;16;491.28;524.36;484.46;450.64;531.25;496.4
3319;CAMPOS SALES;CE;Privada;Urbana;1;530.2;595.0;463.3;373.4;520.0;496.38
3320;ITAMBARACA;PR;Estadual;Urbana;23;504.36;535.55;475.52;469.9;496.52;496.37
3321;LIMEIRA DO OESTE;MG;Estadual;Urbana;31;501.21;534.02;496.9;489.05;460.65;496.36
3322;PARDINHO;SP;Estadual;Urbana;24;512.29;545.45;463.15;454.2;506.67;496.35
3323;SANTANA DE PIRAPAMA;MG;Estadual;Urbana;26;514.93;546.88;481.95;457.02;480.77;496.31
3324;LAURENTINO;SC;Estadual;Urbana;31;508.11;534.43;467.41;454.76;516.77;496.3
3325;ALTA FLORESTA D OESTE;RO;Municipal;Rural;4;487.98;537.28;500.95;470.33;485.0;496.3
3326;BELEM;PA;Municipal;Urbana;32;510.09;545.95;485.97;454.48;485.0;496.3
3327;CACHOEIRAS DE MACACU;RJ;Municipal;Urbana;10;490.35;536.69;449.74;430.65;574.0;496.29
3328;TORRINHA;SP;Estadual;Urbana;48;502.75;546.99;486.91;474.62;470.0;496.25
3329;LUCAS DO RIO VERDE;MT;Estadual;Urbana;283;505.02;544.97;478.79;464.23;488.2;496.24
3330;ITAI;SP;Estadual;Urbana;84;509.38;538.48;472.99;479.6;480.71;496.23
3331;PRATANIA;SP;Estadual;Urbana;42;520.23;542.63;482.92;449.63;485.71;496.22
3332;LUISLANDIA;MG;Estadual;Urbana;22;517.41;546.81;467.25;450.55;499.09;496.22
3333;NOVA OLIMPIA;PR;Estadual;Urbana;42;504.6;541.64;480.53;473.78;480.48;496.21
3334;JUSSIAPE;BA;Estadual;Rural;2;438.95;550.6;434.2;527.3;530.0;496.21
3335;PIRAPOZINHO;SP;Estadual;Urbana;153;511.61;544.16;463.37;446.95;514.9;496.2
3336;BOZANO;RS;Estadual;Urbana;8;505.16;511.61;484.58;444.58;535.0;496.18
3337;BORBOREMA;SP;Estadual;Urbana;54;510.34;530.01;470.95;468.11;501.48;496.18
3338;GAMELEIRA DE GOIAS;GO;Estadual;Urbana;30;500.65;534.59;492.27;480.61;472.67;496.16
3339;ITAMOGI;MG;Estadual;Urbana;54;512.23;534.46;464.03;467.84;502.22;496.16
3340;VALENCA;RJ;Estadual;Rural;11;504.05;538.22;479.21;461.04;498.18;496.14
3341;QUATIGUA;PR;Estadual;Urbana;28;503.03;528.71;474.48;457.96;516.43;496.12
3342;CONCEICAO DO CASTELO;ES;Estadual;Urbana;101;496.28;535.06;486.85;470.56;491.88;496.12
3343;NOVA VICOSA;BA;Municipal;Urbana;1;506.1;556.5;422.3;455.7;540.0;496.12
3344;CAPAO DA CANOA;RS;Estadual;Urbana;254;513.12;543.44;471.36;461.59;491.05;496.11
3345;MACHACALIS;MG;Estadual;Urbana;37;508.71;544.1;481.59;455.33;490.81;496.11
3346;TIRADENTES DO SUL;RS;Estadual;Urbana;29;490.92;545.35;483.6;473.04;487.59;496.1
3347;GUACUI;ES;Estadual;Urbana;172;511.57;539.93;488.11;461.19;479.53;496.07
3348;AMERICO DE CAMPOS;SP;Estadual;Urbana;34;504.09;534.13;476.54;477.24;488.24;496.05
3349;SUZANO;SP;Estadual;Rural;10;504.64;545.9;484.83;490.9;454.0;496.05
3350;COLIDER;MT;Estadual;Urbana;190;494.74;542.41;476.63;455.66;510.74;496.03
3351;PIEDADE;SP;Estadual;Rural;95;510.65;539.82;484.37;472.02;473.05;495.98
3352;REGISTRO;SP;Estadual;Rural;19;513.95;541.21;497.29;467.41;460.0;495.97
3353;LUIZ ALVES;SC;Estadual;Urbana;49;502.32;524.2;467.64;485.62;500.0;495.96
3354;ROSEIRA;SP;Estadual;Urbana;40;510.28;543.62;464.37;475.54;486.0;495.96
3355;MAMPITUBA;RS;Estadual;Rural;15;498.85;541.5;451.95;479.47;508.0;495.95
3356;QUERENCIA DO NORTE;PR;Estadual;Urbana;50;517.03;546.31;486.62;454.06;475.6;495.92
3357;CONCEICAO DA FEIRA;BA;Privada;Urbana;5;524.98;551.48;491.78;479.3;432.0;495.91
3358;CALIFORNIA;PR;Estadual;Urbana;36;505.69;545.89;465.61;469.98;492.22;495.88
3359;SEGREDO;RS;Estadual;Urbana;28;503.43;536.17;470.82;490.38;478.57;495.88
3360;DOM ELISEU;PA;Privada;Urbana;39;503.28;522.27;483.61;456.91;513.33;495.88
3361;PONTAL DO PARANA;PR;Estadual;Urbana;147;517.97;547.44;480.25;456.29;477.41;495.87
3362;SAO MIGUEL ARCANJO;SP;Estadual;Rural;46;502.2;531.36;481.69;461.83;502.17;495.85
3363;PELOTAS;RS;Estadual;Urbana;1438;513.4;541.93;472.8;453.65;497.31;495.82
3364;IRAJUBA;BA;Estadual;Urbana;16;517.58;528.62;464.31;497.27;471.25;495.81
3365;BATALHA;AL;Privada;Urbana;11;496.46;529.98;503.42;429.16;520.0;495.81
3366;SANTA ROSA DE VITERBO;SP;Estadual;Urbana;131;515.91;536.76;470.91;466.43;489.01;495.8
3367;SAO THOME DAS LETRAS;MG;Estadual;Urbana;23;505.2;536.0;475.97;475.77;486.09;495.8
3368;CORONEL SAPUCAIA;MS;Municipal;Urbana;3;526.83;545.5;510.37;502.9;393.33;495.79
3369;ORIZONA;GO;Estadual;Urbana;57;504.49;540.86;485.33;464.05;484.21;495.79
3370;BRAUNAS;MG;Estadual;Urbana;26;505.02;558.47;481.94;467.39;466.15;495.79
3371;CORURIPE;AL;Privada;Urbana;25;513.18;542.08;481.38;444.61;497.6;495.77
3372;IGUAPE;SP;Estadual;Urbana;182;506.26;539.74;481.6;464.31;486.92;495.77
3373;PIRAJU;SP;Estadual;Urbana;125;515.62;536.19;473.6;460.98;492.43;495.76
3374;VASSOURAS;RJ;Estadual;Urbana;178;510.67;541.32;481.02;457.38;488.43;495.76
3375;RIO DO CAMPO;SC;Estadual;Urbana;59;500.7;546.56;473.1;479.09;479.32;495.76
3376;QUATIS;RJ;Estadual;Urbana;44;504.52;547.06;473.15;460.33;493.64;495.74
3377;TIJUCAS;SC;Estadual;Urbana;135;499.01;540.3;465.52;464.76;509.04;495.73
3378;CONGONHAS;MG;Estadual;Urbana;227;507.53;547.5;475.6;478.92;468.99;495.71
3379;BROTAS DE MACAUBAS;BA;Estadual;Urbana;31;498.47;538.11;489.17;452.69;500.0;495.69
3380;SAO TOMAS DE AQUINO;MG;Estadual;Urbana;29;499.02;537.66;468.47;467.74;505.52;495.68
3381;ARACARIGUAMA;SP;Estadual;Urbana;89;509.3;537.12;472.93;459.72;499.33;495.68
3382;ITAPEVI;SP;Municipal;Urbana;2;478.95;535.25;462.95;521.25;480.0;495.68
3383;CATAGUASES;MG;Estadual;Urbana;216;511.59;540.58;472.08;467.88;486.18;495.67
3384;ARRAIAL DO CABO;RJ;Estadual;Urbana;129;509.89;552.48;463.38;454.04;498.45;495.65
3385;CESARIO LANGE;SP;Estadual;Urbana;66;504.78;537.68;495.89;469.56;470.3;495.64
3386;PARACURU;CE;Privada;Urbana;17;508.29;542.1;486.58;454.17;487.06;495.64
3387;MARIOPOLIS;PR;Estadual;Urbana;34;504.65;544.74;468.01;476.02;484.71;495.63
3388;VIEIRAS;MG;Estadual;Urbana;4;513.7;523.48;476.7;524.25;440.0;495.62
3389;MACUCO;RJ;Estadual;Urbana;38;501.79;538.05;476.06;460.62;501.58;495.62
3390;SAPEZAL;MT;Estadual;Urbana;68;502.36;538.52;479.63;456.34;501.18;495.61
3391;VARGEAO;SC;Estadual;Urbana;14;503.92;525.11;489.21;444.05;515.71;495.6
3392;TREMEMBE;SP;Estadual;Urbana;143;507.88;542.36;461.04;455.61;511.05;495.59
3393;GUAPOREMA;PR;Estadual;Urbana;10;492.89;544.0;476.28;446.77;518.0;495.59
3394;PINHAIS;PR;Estadual;Urbana;716;511.78;546.52;478.22;458.38;482.9;495.56
3395;CORONEL FABRICIANO;MG;Estadual;Urbana;657;508.59;544.43;475.47;472.2;477.06;495.55
3396;CARNAIBA;PE;Estadual;Urbana;112;503.81;531.5;484.43;466.52;491.43;495.54
3397;PASSA QUATRO;MG;Estadual;Urbana;57;514.95;535.13;467.18;457.59;502.81;495.53
3398;AGUDOS;SP;Estadual;Urbana;156;516.4;544.43;471.16;456.6;488.97;495.52
3399;MORAUJO;CE;Estadual;Urbana;80;499.21;524.2;472.8;475.33;506.0;495.51
3400;SAO JOSE DE MIPIBU;RN;Privada;Urbana;26;511.58;553.43;476.68;451.25;484.62;495.51
3401;ITANHOMI;MG;Estadual;Urbana;49;511.54;538.41;482.56;495.96;448.98;495.49
3402;XAVANTINA;SC;Estadual;Urbana;20;491.91;543.4;497.44;517.69;427.0;495.49
3403;SOLEDADE;RS;Estadual;Urbana;169;507.79;538.49;475.19;459.02;496.8;495.46
3404;REALEZA;PR;Estadual;Rural;20;493.62;545.56;480.42;491.7;466.0;495.46
3405;CAREACU;MG;Estadual;Urbana;30;515.31;549.98;476.53;466.7;468.67;495.44
3406;MATUTINA;MG;Estadual;Urbana;31;496.03;523.76;480.26;452.58;524.52;495.43
3407;RIO DAS FLORES;RJ;Estadual;Urbana;62;507.31;548.36;475.72;461.56;484.19;495.43
3408;AGUAS LINDAS DE GOIAS;GO;Privada;Urbana;206;509.61;544.25;477.35;454.66;491.26;495.43
3409;SANTA LUZIA;MA;Privada;Urbana;19;502.94;556.41;475.21;462.48;480.0;495.41
3410;IGARAPE-ACU;PA;Privada;Urbana;47;500.35;539.41;485.26;461.78;490.21;495.4
3411;NOVA MARINGA;MT;Estadual;Urbana;19;495.55;557.39;475.75;472.52;475.79;495.4
3412;CORGUINHO;MS;Estadual;Urbana;25;515.73;526.46;469.83;469.01;496.0;495.4
3413;MIRASELVA;PR;Estadual;Urbana;21;517.13;544.48;471.09;463.33;480.95;495.4
3414;SUZANO;SP;Estadual;Urbana;1636;511.52;540.68;471.6;466.28;486.84;495.38
3415;UMUARAMA;PR;Estadual;Urbana;498;507.81;546.43;473.27;460.4;489.0;495.38
3416;IBIRACI;MG;Estadual;Urbana;42;511.08;539.18;467.09;479.91;479.52;495.36
3417;TURMALINA;MG;Estadual;Urbana;108;507.03;538.13;477.46;472.97;480.93;495.3
3418;RIO POMBA;MG;Estadual;Urbana;66;512.51;538.83;480.82;466.65;477.58;495.28
3419;SAO JOSE DE UBA;RJ;Estadual;Urbana;32;510.68;543.67;485.73;458.76;477.5;495.27
3420;RONDINHA;RS;Estadual;Urbana;54;496.66;538.29;471.67;475.24;494.44;495.26
3421;APUCARANA;PR;Estadual;Urbana;717;505.89;542.55;473.7;461.62;492.56;495.26
3422;FLORIANO PEIXOTO;RS;Estadual;Urbana;19;511.19;539.81;474.06;447.92;503.16;495.23
3423;PEREIRO;CE;Estadual;Urbana;241;487.9;525.97;470.96;463.5;527.8;495.23
3424;DIONISIO;MG;Estadual;Urbana;49;504.53;540.4;479.74;480.01;471.43;495.22
3425;SEARA;SC;Estadual;Rural;6;505.32;502.75;516.92;451.13;500.0;495.22
3426;VITORIA DE SANTO ANTAO;PE;Federal;Rural;136;505.64;547.03;488.78;458.0;476.55;495.2
3427;BREJO DO CRUZ;PB;Privada;Urbana;7;457.9;533.93;447.43;473.87;562.86;495.2
3428;CANELINHA;SC;Estadual;Rural;10;505.49;523.04;508.64;466.84;472.0;495.2
3429;GOIATUBA;GO;Estadual;Urbana;147;508.75;543.76;485.46;468.19;469.81;495.2
3430;SAO BENTO ABADE;MG;Estadual;Urbana;34;507.95;540.18;463.85;459.87;504.12;495.19
3431;ESPERANCA DO SUL;RS;Estadual;Urbana;18;493.39;554.0;502.46;471.57;454.44;495.17
3432;PELOTAS;RS;Estadual;Rural;43;507.06;543.75;479.52;470.13;475.35;495.16
3433;LAGAMAR;MG;Estadual;Urbana;36;484.84;524.09;495.79;481.61;489.44;495.16
3434;CRISTAL;RS;Estadual;Urbana;36;496.29;533.86;486.49;472.44;486.67;495.15
3435;SAO MIGUEL DAS MISSOES;RS;Estadual;Urbana;43;501.19;539.47;475.28;459.36;500.47;495.15
3436;SERIO;RS;Estadual;Urbana;13;535.49;558.09;459.66;453.28;469.23;495.15
3437;ALFENAS;MG;Estadual;Urbana;464;504.86;537.92;470.27;470.3;492.28;495.13
3438;CRUZEIRO DO SUL;AC;Federal;Urbana;17;506.09;545.92;451.85;447.65;524.12;495.12
3439;CRUZ ALTA;RS;Estadual;Urbana;357;509.19;543.82;473.93;462.51;486.17;495.12
3440;AURORA;CE;Municipal;Rural;1;548.1;573.3;497.3;416.9;440.0;495.12
3441;ITIQUIRA;MT;Estadual;Urbana;33;492.92;540.01;471.6;461.33;509.7;495.11
3442;CRUZ DAS ALMAS;BA;Municipal;Urbana;102;496.46;528.22;472.23;451.43;527.17;495.1
3443;CAMPOS NOVOS;SC;Estadual;Urbana;191;503.12;544.64;467.68;459.44;500.58;495.09
3444;MONTES CLAROS;MG;Estadual;Urbana;2419;510.62;542.27;475.84;463.2;483.46;495.08
3445;MARTINOPOLIS;SP;Estadual;Urbana;160;511.13;540.38;469.17;467.75;486.88;495.06
3446;CONFINS;MG;Estadual;Urbana;42;499.92;540.97;483.47;468.97;481.9;495.05
3447;VEREDINHA;MG;Privada;Urbana;8;516.62;547.65;484.49;456.41;470.0;495.04
3448;DOUTOR PEDRINHO;SC;Estadual;Urbana;6;499.45;552.1;465.82;484.47;473.33;495.03
3449;AGUAS DE CHAPECO;SC;Estadual;Urbana;31;497.72;549.01;481.85;482.04;464.52;495.02
3450;MATOZINHOS;MG;Estadual;Urbana;239;504.85;538.8;477.64;475.88;477.82;495.0
3451;BAMBUI;MG;Municipal;Urbana;1;545.4;625.3;485.1;519.2;300.0;495.0
3452;ARUJA;SP;Estadual;Urbana;552;515.0;540.15;471.86;459.79;488.12;494.99
3453;PANAMBI;RS;Estadual;Urbana;196;498.19;545.28;476.14;462.25;493.06;494.98
3454;TUPANCIRETA;RS;Estadual;Urbana;99;510.27;538.14;473.12;461.16;492.12;494.96
3455;NOVA BASSANO;RS;Estadual;Urbana;39;505.6;546.97;469.86;476.38;475.9;494.94
3456;BUTIA;RS;Estadual;Urbana;105;509.65;536.49;466.98;461.79;499.81;494.94
3457;TAIO;SC;Estadual;Urbana;142;496.1;538.96;481.56;481.16;476.9;494.94
3458;DORES DO INDAIA;MG;Estadual;Urbana;75;505.26;534.61;478.2;469.62;486.93;494.93
3459;ITAMARATI DE MINAS;MG;Estadual;Urbana;17;509.29;543.77;484.64;471.02;465.88;494.92
3460;BOITUVA;SP;Estadual;Urbana;218;510.28;538.93;469.98;466.13;489.08;494.88
3461;JOAQUIM FELICIO;MG;Estadual;Urbana;29;502.4;532.11;488.16;455.81;495.86;494.87
3462;TANGARA;SC;Estadual;Urbana;51;495.29;537.93;473.94;460.09;507.06;494.86
3463;CATIGUA;SP;Estadual;Urbana;28;525.2;539.41;482.94;474.63;452.14;494.86
3464;CANAPOLIS;MG;Estadual;Urbana;74;516.29;529.06;483.02;470.21;475.68;494.85
3465;CAETE;MG;Estadual;Urbana;223;505.41;540.22;474.51;478.81;475.23;494.84
3466;MARICA;RJ;Estadual;Urbana;528;514.15;544.71;473.94;452.87;488.41;494.82
3467;CANAA;MG;Estadual;Urbana;21;497.4;526.51;494.79;480.14;475.24;494.82
3468;PRESIDENTE BERNARDES;SP;Estadual;Urbana;77;504.38;540.83;484.02;472.41;472.47;494.82
3469;SAO SEBASTIAO;SP;Estadual;Urbana;479;512.14;542.79;476.81;459.12;483.05;494.78
3470;JABORA;SC;Estadual;Urbana;34;480.79;536.73;472.8;495.89;487.65;494.77
3471;DOLCINOPOLIS;SP;Estadual;Urbana;10;480.35;536.66;480.68;448.17;528.0;494.77
3472;RIBEIRAO PIRES;SP;Municipal;Urbana;2;539.7;600.55;460.8;362.7;510.0;494.75
3473;ORINDIUVA;SP;Estadual;Urbana;29;516.46;526.22;487.33;467.9;475.86;494.75
3474;SANTO ANTONIO DE POSSE;SP;Estadual;Urbana;107;509.76;537.92;477.41;468.99;479.63;494.74
3475;RIO DOS CEDROS;SC;Estadual;Urbana;66;510.84;539.98;474.43;472.05;476.36;494.73
3476;CAPELA DO ALTO;SP;Estadual;Urbana;77;514.92;526.32;472.05;472.26;488.05;494.72
3477;NOVA SANTA RITA;RS;Estadual;Urbana;70;515.78;561.27;464.62;454.92;476.86;494.69
3478;CORONEL PACHECO;MG;Estadual;Urbana;16;516.86;548.09;472.02;471.49;465.0;494.69
3479;BARRA LONGA;MG;Estadual;Urbana;22;495.67;543.91;473.59;464.8;495.45;494.69
3480;SANTANA DA PONTE PENSA;SP;Estadual;Urbana;14;493.41;531.81;496.98;434.09;517.14;494.69
3481;RELVADO;RS;Estadual;Urbana;17;522.65;535.64;470.86;459.56;484.71;494.68
3482;ITAARA;RS;Estadual;Rural;33;508.99;542.81;477.31;450.32;493.94;494.67
3483;VARGEM ALTA;ES;Estadual;Urbana;175;500.83;532.28;479.93;461.38;498.74;494.63
3484;CAPIVARI DO SUL;RS;Estadual;Urbana;32;507.64;537.99;469.04;447.24;511.25;494.63
3485;SAO JOAO BATISTA;SC;Municipal;Urbana;17;515.24;560.22;487.06;456.48;454.12;494.62
3486;SAO JOSE DOS PINHAIS;PR;Estadual;Urbana;1266;508.88;546.27;476.83;464.65;476.35;494.59
3487;CAETITE;BA;Estadual;Urbana;364;502.07;539.92;472.45;464.38;494.06;494.58
3488;TAPEJARA;PR;Estadual;Urbana;65;499.22;536.98;474.96;469.64;492.0;494.56
3489;CERQUEIRA CESAR;SP;Estadual;Urbana;99;509.52;534.64;490.39;472.7;465.45;494.54
3490;PRIMAVERA;PA;Estadual;Urbana;29;516.48;520.48;468.13;438.58;528.97;494.53
3491;CUNHA PORA;SC;Estadual;Urbana;63;502.02;542.47;478.43;459.23;490.48;494.53
3492;OURO PRETO;MG;Estadual;Urbana;379;509.15;538.12;480.21;467.18;477.94;494.52
3493;IGARATA;SP;Estadual;Urbana;58;510.1;536.42;479.16;471.66;475.17;494.5
3494;ANAPOLIS;GO;Estadual;Urbana;2259;507.84;541.12;477.88;465.07;480.58;494.5
3495;SANTA ROSA DA SERRA;MG;Estadual;Urbana;19;500.0;537.29;480.8;460.66;493.68;494.49
3496;OLIMPIA;SP;Estadual;Urbana;278;507.78;542.13;480.59;469.76;472.16;494.48
3497;ARARICA;RS;Estadual;Urbana;38;513.54;547.35;472.33;484.47;454.74;494.48
3498;CANOINHAS;SC;Estadual;Urbana;406;500.67;537.72;477.08;461.32;495.62;494.48
3499;JOIA;RS;Estadual;Rural;10;503.69;539.3;488.99;414.3;526.0;494.46
3500;LONTRAS;SC;Estadual;Urbana;43;489.12;535.48;482.3;481.17;484.19;494.45
3501;OSCAR BRESSANE;SP;Estadual;Urbana;10;510.54;538.17;446.28;469.2;508.0;494.44
3502;LINS;SP;Estadual;Urbana;362;504.42;539.29;471.15;459.3;498.01;494.44
3503;BILAC;SP;Estadual;Urbana;18;507.05;535.69;457.86;460.34;511.11;494.41
3504;SAO GONCALO;RJ;Municipal;Urbana;1;530.1;563.3;496.4;522.2;360.0;494.4
3505;SAO GOTARDO;MG;Estadual;Urbana;255;506.13;539.65;483.71;464.77;477.73;494.4
3506;XAPURI;AC;Federal;Urbana;7;494.11;546.13;497.01;437.5;497.14;494.38
3507;SAO SIMAO;SP;Estadual;Rural;20;508.04;544.71;488.83;456.28;474.0;494.37
3508;SANTA VITORIA DO PALMAR;RS;Municipal;Rural;12;519.63;530.03;465.92;439.56;516.67;494.36
3509;MONTE ALTO;SP;Estadual;Urbana;169;516.03;534.98;471.2;464.78;484.73;494.34
3510;TABOAO DA SERRA;SP;Estadual;Urbana;1609;512.08;542.26;470.52;457.55;489.22;494.33
3511;AGROLANDIA;SC;Estadual;Urbana;48;506.99;541.5;485.65;456.27;481.25;494.33
3512;RIO DAS PEDRAS;SP;Estadual;Urbana;140;512.0;533.96;470.33;462.32;493.0;494.32
3513;FRANCISCO ALVES;PR;Estadual;Urbana;33;492.14;534.82;474.55;474.94;495.15;494.32
3514;BARAO;RS;Estadual;Urbana;38;499.72;532.16;478.83;454.57;506.32;494.32
3515;CARLOPOLIS;PR;Municipal;Urbana;1;533.3;610.9;565.9;441.5;320.0;494.32
3516;ALTO PARANA;PR;Estadual;Urbana;69;495.93;538.41;468.05;461.09;508.12;494.32
3517;RESSAQUINHA;MG;Estadual;Urbana;28;515.61;540.76;473.24;460.52;481.43;494.31
3518;LIVRAMENTO DE NOSSA SENHORA;BA;Estadual;Urbana;178;495.72;535.14;471.97;467.82;500.79;494.29
3519;PENAPOLIS;SP;Estadual;Rural;8;501.98;556.44;519.09;476.41;417.5;494.28
3520;IBATE;SP;Estadual;Urbana;168;510.87;536.9;475.93;471.47;476.19;494.27
3521;PIRANGA;MG;Estadual;Rural;7;514.91;560.33;486.71;457.96;451.43;494.27
3522;BOCAINA;SP;Estadual;Urbana;41;516.0;531.17;464.47;463.33;496.1;494.22
3523;ARARUAMA;RJ;Estadual;Urbana;482;501.17;540.1;473.42;454.83;501.28;494.16
3524;CORREGO FUNDO;MG;Estadual;Urbana;17;493.76;535.38;480.94;464.19;496.47;494.15
3525;SAO BERNARDINO;SC;Estadual;Urbana;33;491.81;530.85;497.66;467.28;483.03;494.13
3526;MENDES;RJ;Estadual;Urbana;65;514.36;537.6;479.93;445.08;493.69;494.13
3527;GUARAPUAVA;PR;Estadual;Rural;26;500.19;535.51;473.28;436.19;525.38;494.11
3528;FORTALEZA DE MINAS;MG;Estadual;Urbana;17;499.08;538.86;475.89;462.58;494.12;494.11
3529;UNIAO DA VITORIA;PR;Estadual;Urbana;331;507.9;548.44;476.45;465.24;472.51;494.11
3530;BOCAIUVA DO SUL;PR;Estadual;Urbana;41;505.95;541.25;477.14;454.97;491.22;494.11
3531;MIMOSO DO SUL;ES;Estadual;Urbana;96;503.89;530.89;473.18;461.31;501.25;494.1
3532;NUPORANGA;SP;Estadual;Urbana;27;501.71;541.52;469.43;488.04;469.63;494.07
3533;NOVA IGUACU;RJ;Estadual;Rural;9;506.61;534.96;499.83;446.69;482.22;494.06
3534;SENTINELA DO SUL;RS;Estadual;Urbana;17;505.81;547.07;467.13;431.45;518.82;494.06
3535;BARAO DE MONTE ALTO;MG;Estadual;Urbana;29;504.74;528.29;478.76;471.64;486.9;494.06
3536;ELDORADO;SP;Estadual;Urbana;72;507.62;536.16;474.2;459.82;492.5;494.06
3537;OSASCO;SP;Estadual;Urbana;3184;513.24;539.66;467.32;461.32;488.69;494.05
3538;LAMIM;MG;Estadual;Urbana;19;506.15;523.69;473.66;474.05;492.63;494.04
3539;NOVA ERA;MG;Estadual;Urbana;87;509.61;544.65;477.16;472.35;466.44;494.04
3540;INACIOLANDIA;GO;Estadual;Urbana;30;493.89;528.91;492.18;480.51;474.67;494.03
3541;PINHALAO;PR;Estadual;Urbana;36;505.92;554.57;467.3;458.99;483.33;494.02
3542;CANDELARIA;RS;Estadual;Urbana;92;511.46;538.92;478.7;450.52;490.43;494.01
3543;CAPITAO LEONIDAS MARQUES;PR;Estadual;Urbana;96;504.8;541.04;478.78;462.26;483.12;494.0
3544;PALMA;MG;Estadual;Urbana;21;505.2;547.07;478.08;466.26;473.33;493.99
3545;LAFAIETE COUTINHO;BA;Estadual;Urbana;3;482.87;587.63;469.9;416.23;513.33;493.99
3546;SAO LOURENCO DO OESTE;SC;Estadual;Urbana;246;503.07;547.36;465.89;468.37;485.28;493.99
3547;GENERAL CAMARA;RS;Estadual;Urbana;41;506.16;548.82;462.6;461.08;491.22;493.98
3548;RIO VERDE;GO;Estadual;Urbana;959;504.91;538.36;481.75;463.66;481.15;493.96
3549;SCHROEDER;SC;Estadual;Urbana;118;506.13;540.77;470.67;462.59;489.66;493.96
3550;AUREA;RS;Estadual;Urbana;22;494.36;540.79;458.9;437.54;538.18;493.95
3551;RONCADOR;PR;Estadual;Urbana;44;497.15;540.78;472.9;467.05;491.82;493.94
3552;BOSSOROCA;RS;Municipal;Rural;6;513.97;554.35;453.22;491.38;456.67;493.92
3553;ITAOCA;SP;Estadual;Rural;9;488.58;542.36;472.89;456.83;508.89;493.91
3554;LEME;SP;Estadual;Rural;16;519.14;533.21;468.29;481.42;467.5;493.91
3555;SAPUCAIA DO SUL;RS;Municipal;Urbana;39;503.15;540.92;493.31;458.27;473.85;493.9
3556;CAMPOS NOVOS PAULISTA;SP;Estadual;Urbana;25;516.68;530.37;464.0;467.24;491.2;493.9
3557;SAO FRANCISCO DE PAULA;RS;Estadual;Urbana;56;513.48;525.32;464.19;476.09;490.36;493.89
3558;QUEVEDOS;RS;Estadual;Urbana;15;517.11;518.07;473.6;460.48;500.0;493.85
3559;IVORA;RS;Estadual;Urbana;24;495.36;537.57;483.1;495.55;457.5;493.81
3560;CAIBI;SC;Estadual;Urbana;39;493.38;542.08;481.39;471.16;481.03;493.81
3561;PORCIUNCULA;RJ;Estadual;Urbana;88;510.41;540.34;468.23;457.75;492.27;493.8
3562;BARRA DO GUARITA;RS;Estadual;Urbana;24;505.49;544.97;487.52;453.46;477.5;493.79
3563;GUAPIARA;SP;Estadual;Urbana;66;506.47;534.4;476.08;452.93;499.09;493.79
3564;PALMARES DO SUL;RS;Estadual;Urbana;47;505.47;535.64;459.49;478.12;490.21;493.79
3565;SAO JOSE DO VALE DO RIO PRETO;RJ;Estadual;Urbana;85;497.02;536.65;474.42;461.72;499.06;493.78
3566;PIUMHI;MG;Estadual;Urbana;143;499.14;532.49;477.4;474.97;484.9;493.78
3567;LIDIANOPOLIS;PR;Estadual;Urbana;18;509.14;548.24;461.87;440.72;508.89;493.77
3568;MAQUINE;RS;Estadual;Urbana;24;516.39;540.14;477.25;438.35;496.67;493.76
3569;CASIMIRO DE ABREU;RJ;Estadual;Urbana;249;505.57;541.06;467.24;455.25;499.48;493.72
3570;CACHOEIRAS DE MACACU;RJ;Estadual;Urbana;224;504.89;539.05;465.53;460.33;498.75;493.71
3571;CAMPOS DOS GOYTACAZES;RJ;Estadual;Urbana;1343;504.46;540.05;471.95;454.33;497.75;493.71
3572;NOVA OLINDA;PB;Estadual;Urbana;19;488.63;542.89;476.25;451.23;509.47;493.7
3573;IRACEMA DO OESTE;PR;Estadual;Urbana;14;472.02;533.26;473.51;463.96;525.71;493.69
3574;PALMITOS;SC;Estadual;Urbana;117;497.36;548.04;477.85;464.19;480.85;493.66
3575;MONTE AZUL PAULISTA;SP;Estadual;Urbana;94;506.04;538.29;483.98;462.42;477.45;493.64
3576;MORRO REDONDO;RS;Estadual;Urbana;38;513.39;544.58;470.59;467.53;472.11;493.64
3577;SAO MIGUEL DA BOA VISTA;SC;Estadual;Urbana;12;491.78;543.82;496.82;467.41;468.33;493.63
3578;SAO JOSE DAS MISSOES;RS;Estadual;Urbana;22;493.75;537.38;470.84;479.8;486.36;493.63
3579;LAGUNA;SC;Estadual;Urbana;206;500.22;530.98;467.53;458.3;510.97;493.6
3580;CAMPO ALEGRE;SC;Estadual;Urbana;51;486.19;542.05;472.26;453.57;513.73;493.56
3581;ALTAMIRA;PA;Privada;Rural;7;507.6;549.81;493.27;454.27;462.86;493.56
3582;FRANCO DA ROCHA;SP;Estadual;Urbana;831;512.21;543.62;469.29;457.19;485.39;493.54
3583;RIO GRANDE;RS;Estadual;Urbana;1150;510.75;541.58;472.3;457.17;485.89;493.54
3584;MODELO;SC;Estadual;Urbana;18;478.5;542.24;466.22;458.25;522.39;493.52
3585;CANDIDO RODRIGUES;SP;Estadual;Urbana;13;501.76;542.94;492.73;477.87;452.31;493.52
3586;MARINOPOLIS;SP;Estadual;Urbana;16;516.99;531.69;465.35;472.29;481.25;493.51
3587;ITAPEJARA D OESTE;PR;Estadual;Urbana;66;504.61;548.48;473.29;462.98;478.18;493.51
3588;JOSE DA PENHA;RN;Estadual;Urbana;34;503.85;537.75;465.86;443.61;516.47;493.51
3589;GUANAMBI;BA;Estadual;Urbana;359;503.71;544.07;480.23;460.5;479.0;493.5
3590;PRESIDENTE GETULIO;SC;Estadual;Urbana;73;501.51;547.43;484.32;463.1;470.96;493.46
3591;CRUZEIRO DO SUL;RS;Estadual;Rural;12;495.91;546.77;478.59;507.72;438.33;493.46
3592;JOSE BONIFACIO;SP;Estadual;Urbana;186;507.06;536.86;478.64;471.78;472.8;493.43
3593;PAI PEDRO;MG;Estadual;Urbana;16;506.67;546.53;471.7;467.26;475.0;493.43
3594;BOM SUCESSO DO SUL;PR;Estadual;Urbana;31;506.18;541.88;469.83;483.29;465.81;493.4
3595;JOSE RAYDAN;MG;Estadual;Urbana;17;516.55;519.16;456.76;461.6;512.94;493.4
3596;PARAGUACU;MG;Estadual;Urbana;108;499.15;532.25;473.08;461.76;500.74;493.4
3597;SAPUCAIA DO SUL;RS;Estadual;Urbana;491;511.23;544.99;470.13;465.87;474.79;493.4
3598;GOIANIA;GO;Estadual;Urbana;7152;506.96;541.09;478.24;458.98;481.63;493.38
3599;CAMPO NOVO DO PARECIS;MT;Estadual;Urbana;83;493.05;537.11;471.39;479.03;486.31;493.38
3600;CAMALAU;PB;Estadual;Urbana;28;504.38;547.39;463.69;439.9;511.43;493.36
3601;BOM JESUS DA PENHA;MG;Estadual;Urbana;37;495.63;526.72;510.3;484.96;449.19;493.36
3602;LICINIO DE ALMEIDA;BA;Estadual;Urbana;63;498.15;541.4;472.47;465.21;489.52;493.35
3603;SAO BERNARDO DO CAMPO;SP;Municipal;Urbana;1;492.6;525.6;439.3;489.2;520.0;493.34
3604;ITIRUCU;BA;Estadual;Urbana;37;496.8;537.06;467.63;447.92;517.3;493.34
3605;MONDAI;SC;Estadual;Urbana;62;485.46;536.15;470.03;467.19;507.74;493.31
3606;CHARQUEADA;SP;Estadual;Urbana;57;512.7;543.95;468.75;447.75;493.33;493.3
3607;NOVA SANTA ROSA;PR;Estadual;Urbana;58;488.33;543.09;492.21;489.66;453.1;493.28
3608;DOURADOQUARA;MG;Estadual;Urbana;9;498.07;526.64;509.46;445.53;486.67;493.27
3609;JAGUARAO;RS;Estadual;Urbana;145;510.38;541.11;468.13;467.68;479.03;493.27
3610;EXU;PE;Municipal;Urbana;14;502.75;540.76;470.11;436.95;515.71;493.26
3611;ATALEIA;MG;Estadual;Urbana;63;506.57;538.49;474.06;437.02;510.16;493.26
3612;SAO JOAO DA BARRA;RJ;Estadual;Urbana;89;505.75;537.48;460.9;452.46;509.66;493.25
3613;SANTA RITA;PB;Privada;Urbana;183;506.9;541.38;466.98;450.55;500.44;493.25
3614;SAO PEDRO DA ALDEIA;RJ;Estadual;Urbana;344;506.12;539.94;477.17;452.85;490.12;493.24
3615;SAO LUIS DO QUITUNDE;AL;Privada;Urbana;25;511.02;557.04;484.18;439.48;474.4;493.22
3616;ALIANCA DO TOCANTINS;TO;Estadual;Urbana;39;499.93;536.43;483.71;466.49;479.49;493.21
3617;RIO NEGRO;PR;Estadual;Urbana;167;504.57;539.84;473.94;470.47;477.13;493.19
3618;SETE DE SETEMBRO;RS;Estadual;Urbana;23;491.99;535.05;480.81;475.4;482.61;493.17
3619;ALTO CAPARAO;MG;Estadual;Urbana;31;512.24;548.94;474.4;446.39;483.87;493.17
3620;GUARIBA;SP;Estadual;Urbana;165;505.36;535.63;481.71;471.99;471.15;493.17
3621;CAPELA;SE;Privada;Urbana;41;491.66;530.25;476.06;456.16;511.71;493.17
3622;SABAUDIA;PR;Estadual;Urbana;41;519.36;534.02;478.81;441.9;491.71;493.16
3623;RECREIO;MG;Estadual;Urbana;45;498.26;542.49;480.0;469.04;476.0;493.16
3624;RESTINGA;SP;Estadual;Urbana;24;498.86;538.22;474.2;470.3;484.17;493.15
3625;BALNEARIO PINHAL;RS;Estadual;Urbana;40;511.26;544.72;459.34;468.36;482.0;493.14
3626;MARLIERIA;MG;Estadual;Urbana;45;497.24;527.46;482.96;478.89;479.11;493.13
3627;MONTE CASTELO;SP;Estadual;Urbana;14;513.31;551.39;482.89;423.79;494.29;493.13
3628;RIO DO OESTE;SC;Estadual;Urbana;23;493.0;542.87;487.72;448.93;493.04;493.11
3629;COREAU;CE;Municipal;Urbana;1;495.3;531.0;466.9;392.3;580.0;493.1
3630;PLATINA;SP;Estadual;Urbana;12;469.13;523.98;467.88;464.49;540.0;493.1
3631;SAO JOSE DO RIO CLARO;MT;Estadual;Urbana;81;503.53;536.81;483.93;448.39;492.84;493.1
3632;SERTAO;RS;Estadual;Urbana;60;494.94;525.9;480.6;468.6;495.33;493.08
3633;PETROLINA;PE;Municipal;Rural;11;486.97;559.19;473.27;455.45;490.45;493.07
3634;POMPEU;MG;Estadual;Urbana;132;499.99;540.54;483.46;490.12;451.21;493.06
3635;ARAPONGAS;PR;Estadual;Urbana;565;505.74;542.75;472.54;463.85;480.38;493.05
3636;GUARAREMA;SP;Estadual;Urbana;186;510.56;537.88;472.94;455.74;488.06;493.03
3637;BOA VISTA DO CADEADO;RS;Estadual;Urbana;9;510.06;523.91;492.41;458.66;480.0;493.01
3638;MATA DE SAO JOAO;BA;Privada;Urbana;9;505.17;536.12;510.24;468.9;444.44;492.98
3639;MACAE;RJ;Estadual;Urbana;605;510.24;542.02;466.88;461.98;483.8;492.98
3640;POCRANE;MG;Estadual;Urbana;33;508.83;537.97;467.28;468.96;481.82;492.97
3641;CORDISBURGO;MG;Estadual;Urbana;42;501.35;521.51;472.26;463.9;505.71;492.95
3642;TRES PONTAS;MG;Estadual;Urbana;365;505.09;543.07;477.17;471.5;467.86;492.94
3643;LEOPOLDO DE BULHOES;GO;Municipal;Rural;1;486.9;577.9;469.3;450.6;480.0;492.94
3644;PEDERNEIRAS;SP;Estadual;Urbana;149;510.6;539.58;473.31;464.99;476.11;492.92
3645;CONQUISTA;MG;Estadual;Urbana;33;511.27;547.62;486.87;456.28;462.42;492.89
3646;ENEAS MARQUES;PR;Estadual;Urbana;46;501.12;543.41;473.37;483.42;463.04;492.87
3647;BALNEARIO GAIVOTA;SC;Estadual;Urbana;31;503.36;536.58;479.49;453.8;490.97;492.84
3648;SAIRE;PE;Estadual;Urbana;85;514.18;539.67;474.23;437.01;499.06;492.83
3649;PIRAPO;RS;Estadual;Urbana;12;507.0;525.41;472.67;450.68;508.33;492.82
3650;ARMAZEM;SC;Estadual;Urbana;36;490.5;533.26;465.93;469.89;504.44;492.81
3651;UNIAO DA SERRA;RS;Estadual;Urbana;13;508.28;506.08;481.16;482.4;486.15;492.81
3652;VARZEA PAULISTA;SP;Estadual;Urbana;438;511.72;534.36;473.75;463.76;480.42;492.8
3653;MAUA;SP;Estadual;Urbana;2215;513.24;538.77;470.61;458.93;482.44;492.8
3654;FATIMA DO SUL;MS;Estadual;Urbana;133;497.11;539.47;483.24;450.0;494.17;492.8
3655;DERRUBADAS;RS;Estadual;Urbana;15;502.06;540.21;494.39;452.67;474.67;492.8
3656;ENCRUZILHADA DO SUL;RS;Estadual;Rural;13;489.25;532.02;495.05;475.15;472.31;492.76
3657;CORNELIO PROCOPIO;PR;Estadual;Urbana;293;507.2;543.01;467.55;457.59;488.4;492.75
3658;AGUAI;SP;Estadual;Urbana;174;499.54;532.18;479.0;458.42;494.37;492.7
3659;SANTO ANTONIO DA PATRULHA;RS;Estadual;Urbana;180;511.5;545.68;475.91;468.94;461.44;492.7
3660;IBIRAMA;SC;Estadual;Urbana;80;502.04;538.22;472.96;470.51;479.5;492.65
3661;PORTO FELIZ;SP;Estadual;Urbana;248;506.37;542.87;467.27;469.49;477.26;492.65
3662;VESPASIANO CORREA;RS;Estadual;Urbana;7;510.76;554.4;462.76;478.09;457.14;492.63
3663;JARI;RS;Estadual;Urbana;9;522.53;556.73;468.61;439.72;475.56;492.63
3664;AVARE;SP;Federal;Urbana;21;504.6;540.46;470.61;446.52;500.95;492.63
3665;PARANAPOEMA;PR;Estadual;Urbana;11;493.2;517.54;485.12;456.34;510.91;492.62
3666;CENTRAL;BA;Privada;Rural;2;504.05;578.3;492.6;518.1;370.0;492.61
3667;LOBATO;PR;Estadual;Urbana;27;499.08;531.25;473.14;459.51;500.0;492.6
3668;BOA ESPERANCA;ES;Privada;Rural;6;511.0;543.88;474.05;430.6;503.33;492.57
3669;VALE VERDE;RS;Estadual;Urbana;19;506.23;536.16;463.06;458.43;498.95;492.57
3670;JUMIRIM;SP;Estadual;Urbana;11;491.36;531.17;439.09;488.41;512.73;492.55
3671;PRAIA GRANDE;SP;Estadual;Urbana;1299;512.05;538.2;468.79;460.13;483.53;492.54
3672;CORUMBAIBA;GO;Municipal;Rural;4;505.72;550.62;524.98;456.35;425.0;492.54
3673;SAO PEDRO DO SUL;RS;Estadual;Urbana;94;512.08;538.07;477.58;457.04;477.87;492.53
3674;BOM REPOUSO;MG;Estadual;Urbana;58;497.22;535.2;464.97;477.2;487.93;492.51
3675;SAO JOAO DO ORIENTE;MG;Estadual;Urbana;37;495.78;531.16;472.4;468.5;494.59;492.49
3676;MARACAI;SP;Estadual;Urbana;72;499.92;535.22;473.18;445.17;508.89;492.47
3677;TRIUNFO;RS;Estadual;Urbana;21;523.26;547.87;467.25;430.64;493.33;492.47
3678;MUZAMBINHO;MG;Estadual;Urbana;107;512.66;542.31;472.0;466.55;468.79;492.46
3679;OURO FINO;MG;Estadual;Urbana;138;508.37;540.22;477.66;473.01;463.04;492.46
3680;TURUCU;RS;Estadual;Urbana;35;500.98;547.43;466.86;451.58;495.43;492.46
3681;SAO JORGE;RS;Estadual;Urbana;18;488.97;535.05;466.72;491.49;480.0;492.45
3682;BRASILANDIA;MS;Estadual;Rural;1;529.2;521.4;464.2;407.4;540.0;492.44
3683;SERRANA;SP;Estadual;Urbana;217;509.52;537.74;468.83;469.66;476.41;492.43
3684;ARARI;MA;Privada;Urbana;20;509.32;549.41;473.64;453.6;476.0;492.4
3685;NOVA EUROPA;SP;Estadual;Urbana;47;509.43;538.99;460.6;467.01;485.96;492.4
3686;SANTO ANTONIO DO AVENTUREIRO;MG;Estadual;Urbana;20;488.26;528.58;457.0;481.12;507.0;492.39
3687;GUZOLANDIA;SP;Estadual;Urbana;24;500.78;534.03;479.73;467.34;480.0;492.38
3688;PETROLINA;PE;Estadual;Urbana;1747;502.42;534.65;475.47;461.31;487.98;492.37
3689;TUCUMA;PA;Privada;Rural;6;503.9;546.77;490.73;480.35;440.0;492.35
3690;PILAR DO SUL;SP;Estadual;Urbana;196;504.88;537.9;471.42;464.67;482.86;492.34
3691;CAPETINGA;MG;Estadual;Urbana;38;502.91;533.1;472.92;470.08;482.63;492.33
3692;ALTO RIO DOCE;MG;Estadual;Urbana;83;506.0;535.35;474.87;472.49;472.77;492.3
3693;IGARAPE-MIRI;PA;Municipal;Urbana;1;502.8;537.6;455.8;365.1;600.0;492.26
3694;CORONEL BARROS;RS;Municipal;Urbana;1;495.2;593.9;464.6;447.5;460.0;492.24
3695;MATELANDIA;PR;Estadual;Urbana;110;495.32;540.36;490.52;477.93;457.09;492.24
3696;CLEMENTINA;SP;Estadual;Urbana;28;507.57;555.02;473.72;473.48;451.43;492.24
3697;RUBINEIA;SP;Estadual;Urbana;18;528.62;545.73;485.66;462.23;438.89;492.23
3698;IRAPURU;SP;Estadual;Urbana;51;502.83;526.97;467.31;452.21;511.76;492.22
3699;SAO SEBASTIAO DO RIO PRETO;MG;Estadual;Urbana;10;496.98;544.72;476.08;445.26;498.0;492.21
3700;PEROLA;PR;Estadual;Urbana;83;495.19;529.67;472.0;445.86;518.31;492.21
3701;VESPASIANO;MG;Estadual;Urbana;563;506.1;542.43;475.25;469.86;467.32;492.19
3702;VITORIA DA CONQUISTA;BA;Estadual;Urbana;1749;500.0;541.4;474.46;454.09;490.88;492.17
3703;CAPELA DE SANTANA;RS;Estadual;Urbana;43;517.41;543.79;473.34;458.41;467.91;492.17
3704;LAURO MULLER;SC;Estadual;Urbana;73;496.07;532.37;477.31;449.36;505.75;492.17
3705;COARI;AM;Federal;Urbana;68;504.1;539.7;457.83;434.79;524.41;492.16
3706;IRATI;SC;Estadual;Urbana;15;478.37;520.03;478.85;500.89;482.67;492.16
3707;CEU AZUL;PR;Estadual;Urbana;66;489.05;541.25;471.42;450.47;508.48;492.14
3708;MANTENA;MG;Estadual;Urbana;207;508.09;535.73;482.1;460.9;473.91;492.14
3709;DESTERRO DO MELO;MG;Estadual;Urbana;19;497.47;526.54;476.09;435.29;525.26;492.13
3710;VILA VELHA;ES;Estadual;Urbana;2192;506.0;541.17;474.01;462.05;477.3;492.11
3711;NACIP RAYDAN;MG;Estadual;Urbana;13;500.05;536.37;488.63;484.66;450.77;492.1
3712;JACUI;MG;Estadual;Urbana;41;500.45;542.14;469.02;467.81;480.98;492.08
3713;SAO MIGUEL DO IGUACU;PR;Estadual;Urbana;144;495.37;537.71;483.31;473.53;470.42;492.07
3714;LEOPOLDINA;MG;Estadual;Urbana;202;514.07;540.02;473.26;477.14;455.74;492.05
3715;LUIS EDUARDO MAGALHAES;BA;Estadual;Urbana;293;499.09;539.99;479.8;452.08;489.22;492.03
3716;IMBITUVA;PR;Estadual;Urbana;98;513.03;546.17;482.88;466.99;451.02;492.02
3717;JACUTINGA;MG;Estadual;Urbana;77;514.41;536.75;474.35;478.23;456.31;492.01
3718;ALVINLANDIA;SP;Estadual;Urbana;10;488.39;528.93;467.3;455.32;520.0;491.99
3719;DOURADOS;MS;Estadual;Urbana;1310;504.97;541.37;478.4;460.23;474.99;491.99
3720;NHANDEARA;SP;Estadual;Urbana;48;490.48;529.46;473.93;473.92;492.08;491.98
3721;CACONDE;SP;Estadual;Urbana;144;496.16;535.22;480.81;462.87;484.86;491.98
3722;IPAMERI;GO;Estadual;Urbana;147;507.43;543.02;480.85;449.93;478.64;491.97
3723;VALPARAISO;SP;Estadual;Urbana;38;511.0;530.63;466.07;463.67;488.42;491.96
3724;CRATEUS;CE;Municipal;Rural;1;511.2;600.6;423.4;404.6;520.0;491.96
3725;SAO FRANCISCO DE ITABAPOANA;RJ;Estadual;Urbana;129;496.34;533.53;476.47;443.98;509.46;491.96
3726;XAMBRE;PR;Estadual;Urbana;27;506.69;546.2;486.1;445.97;474.81;491.95
3727;DRACENA;SP;Estadual;Urbana;189;496.2;532.25;476.88;466.6;487.76;491.94
3728;IPIRA;SC;Estadual;Urbana;52;497.38;534.51;463.53;457.98;506.15;491.91
3729;DIADEMA;SP;Estadual;Urbana;2353;513.62;538.8;468.58;459.73;478.84;491.91
3730;SAO JOAO DA BARRA;RJ;Estadual;Rural;26;503.85;540.42;474.42;459.23;481.54;491.89
3731;REDENCAO;PA;Privada;Urbana;80;488.8;525.31;483.02;478.4;483.75;491.86
3732;CARUARU;PE;Estadual;Urbana;1333;504.61;538.88;472.86;457.85;485.05;491.85
3733;PAULO FRONTIN;PR;Estadual;Urbana;57;498.21;541.2;490.78;467.57;461.4;491.83
3734;TERRA BOA;PR;Estadual;Urbana;101;490.56;534.0;481.51;446.97;506.14;491.83
3735;INHAUMA;MG;Estadual;Urbana;35;506.97;532.94;473.52;459.95;485.71;491.82
3736;GUARANTA DO NORTE;MT;Estadual;Urbana;118;498.64;543.76;485.83;456.24;474.58;491.81
3737;MIRA ESTRELA;SP;Estadual;Urbana;12;504.62;533.62;477.78;457.98;485.0;491.8
3738;AMARANTE DO MARANHAO;MA;Municipal;Urbana;2;541.4;555.7;455.8;466.1;440.0;491.8
3739;CANELINHA;SC;Estadual;Urbana;47;485.68;533.56;488.45;452.08;499.15;491.78
3740;IGARAPE;MG;Privada;Urbana;3;454.63;513.63;489.93;494.0;506.67;491.77
3741;FERRAZ DE VASCONCELOS;SP;Estadual;Urbana;924;512.69;540.01;469.39;459.98;476.8;491.77
3742;DESCALVADO;SP;Estadual;Urbana;93;507.6;536.4;481.0;460.71;473.12;491.77
3743;ASSIS CHATEAUBRIAND;PR;Estadual;Urbana;211;499.36;534.96;474.65;457.16;492.69;491.76
3744;AUGUSTO DE LIMA;MG;Estadual;Urbana;21;511.73;538.31;467.95;438.87;501.9;491.75
3745;SALGUEIRO;PE;Estadual;Urbana;519;502.11;529.81;474.02;462.44;490.37;491.75
3746;DORMENTES;PE;Estadual;Urbana;90;490.38;527.96;468.04;460.15;512.22;491.75
3747;PORTO ALEGRE;RS;Municipal;Urbana;81;514.81;537.37;471.31;462.86;472.35;491.74
3748;CAMPO LIMPO PAULISTA;SP;Estadual;Urbana;454;511.77;541.35;470.0;457.23;478.28;491.73
3749;MARAPOAMA;SP;Estadual;Urbana;13;504.42;513.88;477.18;437.03;526.15;491.73
3750;RIO MARIA;PA;Municipal;Urbana;4;489.95;537.7;499.12;486.85;445.0;491.72
3751;LARANJAL PAULISTA;SP;Estadual;Urbana;46;504.04;536.13;477.23;473.19;467.83;491.68
3752;NOVA ESPERANCA DO SUDOESTE;PR;Estadual;Urbana;29;498.71;527.54;469.89;483.56;478.62;491.66
3753;JUIZ DE FORA;MG;Municipal;Urbana;155;506.99;558.11;477.02;453.57;462.58;491.65
3754;SANTOPOLIS DO AGUAPEI;SP;Estadual;Urbana;17;511.02;554.29;484.56;454.21;454.12;491.64
3755;PIRAJUI;SP;Estadual;Urbana;103;507.75;532.68;469.01;457.23;491.46;491.63
3756;AIMORES;MG;Estadual;Urbana;102;513.26;535.18;468.46;473.89;467.25;491.61
3757;MASSARANDUBA;SC;Estadual;Urbana;49;496.22;543.99;468.91;468.93;480.0;491.61
3758;ALTAIR;SP;Estadual;Urbana;17;504.04;529.45;470.62;440.96;512.94;491.6
3759;QUELUZ;SP;Estadual;Urbana;46;496.68;535.97;459.34;440.74;525.22;491.59
3760;ARARUNA;PR;Estadual;Urbana;85;495.72;545.02;476.79;456.16;484.24;491.59
3761;APIAI;SP;Estadual;Urbana;132;506.86;542.73;473.18;452.4;482.73;491.58
3762;SANTA MARIA DO SALTO;MG;Estadual;Urbana;11;496.75;534.75;476.25;448.28;501.82;491.57
3763;PINHEIRO MACHADO;RS;Estadual;Urbana;55;512.91;533.86;466.69;458.23;486.18;491.57
3764;EMBU DAS ARTES;SP;Estadual;Urbana;1437;510.81;541.87;467.75;453.49;483.69;491.52
3765;TUTOIA;MA;Municipal;Rural;2;460.6;584.7;456.1;456.2;500.0;491.52
3766;LAGOINHA;SP;Estadual;Urbana;48;501.84;533.47;467.32;463.74;491.25;491.52
3767;BOM JESUS DO ITABAPOANA;RJ;Estadual;Urbana;197;506.82;533.54;470.5;460.24;486.5;491.52
3768;SANTA LUCIA;SP;Estadual;Urbana;28;500.56;526.42;475.38;471.55;483.57;491.5
3769;DOUTOR MAURICIO CARDOSO;RS;Estadual;Urbana;31;490.29;529.29;478.87;464.77;494.19;491.48
3770;LEOBERTO LEAL;SC;Estadual;Urbana;18;496.31;540.66;464.5;464.77;491.11;491.47
3771;PRESIDENTE KUBITSCHEK;MG;Estadual;Urbana;23;498.78;539.36;491.26;446.2;481.74;491.47
3772;CATU;BA;Estadual;Rural;4;529.53;544.58;451.65;466.3;465.0;491.41
3773;ENCRUZILHADA DO SUL;RS;Estadual;Urbana;139;511.44;541.3;474.74;453.7;475.83;491.4
3774;ALEGRETE;RS;Municipal;Rural;14;528.39;564.83;474.88;420.3;468.57;491.39
3775;TAMBAU;SP;Estadual;Urbana;95;502.55;536.32;471.74;466.52;479.79;491.38
3776;NOVO HORIZONTE;SC;Estadual;Urbana;26;490.39;536.22;478.03;459.9;492.31;491.37
3777;CAMPINA GRANDE DO SUL;PR;Estadual;Urbana;208;504.75;540.0;469.0;456.88;486.06;491.34
3778;AURIFLAMA;SP;Estadual;Urbana;70;505.42;534.37;475.33;468.57;472.86;491.31
3779;TAPIRAI;SP;Estadual;Urbana;48;515.01;534.4;454.49;473.83;478.75;491.3
3780;MACAPARANA;PE;Estadual;Urbana;183;498.2;528.49;474.91;461.46;493.44;491.3
3781;ESCADA;PE;Privada;Urbana;29;493.61;546.74;455.42;466.25;494.48;491.3
3782;ELISIO MEDRADO;BA;Estadual;Urbana;27;484.57;540.26;465.74;448.12;517.78;491.29
3783;SAO JOSE DO EGITO;PE;Estadual;Urbana;248;507.33;534.68;474.4;459.84;480.08;491.27
3784;MIMOSO DO SUL;ES;Privada;Rural;9;473.52;523.18;506.17;497.92;455.56;491.27
3785;IGUAPE;SP;Estadual;Rural;18;499.41;530.75;470.74;438.69;516.67;491.25
3786;BARRA VELHA;SC;Estadual;Urbana;98;485.9;540.02;467.8;467.93;494.49;491.23
3787;ITIRAPINA;SP;Estadual;Urbana;60;506.5;531.49;471.29;461.75;485.0;491.21
3788;APIUNA;SC;Estadual;Urbana;41;500.65;538.59;461.41;467.32;487.8;491.16
3789;PALMITAL;PR;Estadual;Urbana;65;494.83;537.73;478.89;451.98;492.31;491.15
3790;BAEPENDI;MG;Estadual;Urbana;81;502.51;529.71;471.64;465.98;485.93;491.15
3791;ILHOTA;SC;Estadual;Urbana;76;502.24;546.97;477.59;446.4;482.37;491.11
3792;ACARA;PA;Municipal;Rural;1;526.8;576.0;479.2;413.5;460.0;491.1
3793;CAJAMAR;SP;Estadual;Urbana;517;508.23;537.02;470.05;454.73;485.45;491.1
3794;CRUZALIA;SP;Estadual;Urbana;19;495.7;527.35;473.29;480.21;478.95;491.1
3795;PARANAITA;MT;Estadual;Urbana;53;504.47;541.06;475.22;461.01;473.58;491.07
3796;INDIAPORA;SP;Estadual;Urbana;27;486.9;521.27;464.64;472.13;510.37;491.06
3797;SABARA;MG;Estadual;Urbana;660;503.75;542.42;470.55;460.25;478.27;491.05
3798;PIRAQUARA;PR;Estadual;Urbana;209;508.15;544.89;466.65;460.84;474.64;491.04
3799;IEPE;SP;Estadual;Urbana;49;509.14;544.66;484.41;459.46;457.55;491.04
3800;MACAIBA;RN;Privada;Urbana;47;504.16;527.61;478.19;453.7;491.49;491.03
3801;BRACO DO TROMBUDO;SC;Estadual;Urbana;15;498.49;549.37;460.42;480.07;466.67;491.0
3802;VARGEM GRANDE PAULISTA;SP;Estadual;Urbana;287;508.0;534.61;472.06;450.78;489.35;490.96
3803;BARROS CASSAL;RS;Estadual;Urbana;45;504.13;538.55;471.32;473.66;467.11;490.96
3804;ARAUCARIA;PR;Estadual;Urbana;727;507.64;544.56;472.27;458.45;471.77;490.94
3805;SANTAREM;PA;Estadual;Rural;45;485.75;540.48;478.59;453.81;496.0;490.93
3806;SANTA LUZIA;MG;Estadual;Urbana;1056;504.71;538.57;470.85;465.83;474.62;490.92
3807;MIGUEL PEREIRA;RJ;Estadual;Rural;4;489.4;562.22;455.35;497.6;450.0;490.92
3808;PERDIZES;MG;Estadual;Rural;12;504.15;557.62;495.22;455.89;441.67;490.91
3809;TERRA ROXA;PR;Estadual;Urbana;110;499.23;538.3;473.96;457.23;485.82;490.91
3810;BOCAINA;PI;Estadual;Urbana;26;513.55;530.93;477.87;450.52;481.54;490.88
3811;IMARUI;SC;Estadual;Rural;30;499.06;540.41;471.6;452.62;490.67;490.87
3812;GUAPE;MG;Estadual;Urbana;71;495.61;528.34;465.06;477.7;487.61;490.86
3813;ARROIO DO SAL;RS;Estadual;Urbana;72;505.04;546.61;474.54;450.57;477.5;490.85
3814;LEME DO PRADO;MG;Estadual;Urbana;44;496.41;530.23;481.37;467.13;479.09;490.85
3815;PALMA SOLA;SC;Estadual;Rural;5;510.66;519.48;473.74;490.38;460.0;490.85
3816;ITARIRI;SP;Estadual;Urbana;63;503.19;530.74;474.12;461.7;484.44;490.84
3817;VERMELHO NOVO;MG;Estadual;Urbana;40;499.05;537.88;477.24;447.34;492.5;490.8
3818;BARAO DE ANTONINA;SP;Estadual;Urbana;24;491.74;527.72;495.08;471.1;468.33;490.8
3819;CERES;GO;Estadual;Urbana;117;494.19;535.06;478.09;467.65;478.97;490.79
3820;OUVIDOR;GO;Estadual;Urbana;21;507.55;544.78;479.03;437.82;484.76;490.79
3821;JURUENA;MT;Estadual;Urbana;57;501.89;529.36;481.52;462.88;478.25;490.78
3822;IMIGRANTE;RS;Estadual;Urbana;16;507.67;550.51;467.38;448.35;480.0;490.78
3823;CACHOEIRA PAULISTA;SP;Estadual;Rural;15;509.22;527.29;458.27;471.01;488.0;490.76
3824;SANTO EXPEDITO;SP;Estadual;Urbana;24;507.6;536.62;469.15;453.77;486.67;490.76
3825;MAGE;RJ;Estadual;Rural;47;496.23;524.53;471.72;466.88;494.47;490.76
3826;NATERCIA;MG;Estadual;Urbana;32;509.78;519.85;467.14;485.13;471.88;490.76
3827;PARANAPANEMA;SP;Estadual;Rural;26;486.0;524.84;482.4;474.36;486.15;490.75
3828;NOVA ESPERANCA;PR;Estadual;Urbana;140;504.14;537.82;467.24;445.3;499.14;490.73
3829;PRAIA GRANDE;SC;Estadual;Urbana;48;492.86;537.18;473.53;435.93;514.17;490.73
3830;VAZANTE;MG;Estadual;Urbana;160;500.21;531.16;472.24;460.91;489.09;490.72
3831;SAPUCAIA;RJ;Estadual;Urbana;118;508.48;534.59;463.42;451.79;495.25;490.71
3832;CLARAVAL;MG;Estadual;Urbana;22;499.65;540.48;481.77;466.15;465.45;490.7
3833;CAFELANDIA;PR;Estadual;Rural;5;489.68;534.94;476.86;456.02;496.0;490.7
3834;ARAPUA;PR;Estadual;Urbana;12;501.37;537.19;467.88;436.79;510.0;490.65
3835;CONSELHEIRO PENA;MG;Estadual;Urbana;111;499.24;545.18;479.21;466.32;463.24;490.64
3836;IBIACA;RS;Estadual;Urbana;17;488.35;519.06;457.41;440.0;548.24;490.61
3837;XAXIM;SC;Estadual;Rural;4;493.08;539.65;488.4;471.9;460.0;490.6
3838;COLOMBO;PR;Estadual;Urbana;979;504.55;543.43;474.32;456.91;473.78;490.6
3839;ARACITABA;MG;Estadual;Urbana;17;509.16;542.06;479.29;448.33;474.12;490.59
3840;VIRGINOPOLIS;MG;Estadual;Rural;9;507.08;532.13;497.29;431.83;484.44;490.56
3841;FUNILANDIA;MG;Estadual;Rural;8;467.54;538.88;520.31;476.08;450.0;490.56
3842;IBIA;MG;Estadual;Urbana;97;502.31;542.92;478.53;479.97;448.98;490.54
3843;DUQUE DE CAXIAS;RJ;Estadual;Rural;178;499.36;534.48;463.98;448.99;505.84;490.53
3844;OURO BRANCO;RN;Estadual;Urbana;24;512.69;544.7;463.1;445.52;486.67;490.53
3845;AGUAS VERMELHAS;MG;Estadual;Urbana;37;501.77;526.17;472.32;455.02;497.3;490.52
3846;PORTO FELIZ;SP;Estadual;Rural;8;501.6;533.99;476.38;460.66;480.0;490.52
3847;FELIZ;RS;Municipal;Urbana;1;445.4;485.6;478.2;483.4;560.0;490.52
3848;SERTAOZINHO;SP;Municipal;Urbana;1;553.0;530.6;494.1;374.8;500.0;490.5
3849;ILHEUS;BA;Municipal;Urbana;2;481.8;548.75;484.65;387.3;550.0;490.5
3850;SANTA BARBARA DO SUL;RS;Estadual;Urbana;53;500.7;537.5;474.95;447.98;491.32;490.49
3851;SANTA MARIA DE JETIBA;ES;Estadual;Rural;72;501.52;524.14;484.3;462.95;479.49;490.48
3852;SAGRADA FAMILIA;RS;Estadual;Urbana;19;505.39;533.69;465.71;428.66;518.95;490.48
3853;POCINHOS;PB;Estadual;Urbana;99;506.66;533.87;466.28;440.67;504.85;490.47
3854;JEQUITIBA;MG;Estadual;Urbana;10;480.97;559.49;475.26;454.58;482.0;490.46
3855;UMBURATIBA;MG;Estadual;Urbana;14;488.56;542.54;469.96;445.47;505.71;490.45
3856;ILHA COMPRIDA;SP;Estadual;Urbana;46;508.24;544.27;465.24;452.25;482.17;490.43
3857;RIBEIRAO BONITO;SP;Estadual;Urbana;38;508.26;539.05;467.81;454.32;482.63;490.41
3858;JACUTINGA;MG;Municipal;Urbana;7;494.44;555.26;473.17;434.89;494.29;490.41
3859;IPERO;SP;Estadual;Urbana;142;508.38;545.11;473.84;453.45;471.27;490.41
3860;ALTO PARNAIBA;MA;Privada;Urbana;9;511.58;533.23;454.27;464.06;488.89;490.4
3861;ANGELANDIA;MG;Estadual;Urbana;23;490.97;552.02;471.51;457.49;480.0;490.4
3862;BOM PROGRESSO;RS;Estadual;Urbana;10;511.0;515.12;499.14;434.67;492.0;490.39
3863;QUATIS;RJ;Municipal;Urbana;7;504.39;547.87;480.36;504.99;414.29;490.38
3864;CACAPAVA;SP;Municipal;Urbana;3;494.83;531.07;479.9;465.93;480.0;490.35
3865;SAO RAIMUNDO NONATO;PI;Municipal;Urbana;2;489.3;563.65;467.3;451.45;480.0;490.34
3866;ARCOVERDE;PE;Estadual;Urbana;414;506.43;536.84;473.63;455.18;479.37;490.29
3867;CRUZEIRO DO SUL;PR;Estadual;Urbana;22;502.86;538.89;484.92;436.55;488.18;490.28
3868;JALES;SP;Estadual;Rural;35;485.63;530.01;490.49;480.7;464.57;490.28
3869;JACARACI;BA;Estadual;Urbana;62;496.24;536.7;483.29;462.46;472.58;490.26
3870;PIUMA;ES;Estadual;Urbana;120;506.26;540.09;471.03;465.45;468.47;490.26
3871;SAO FRANCISCO DE SALES;MG;Estadual;Urbana;15;489.26;542.33;480.68;482.97;456.0;490.25
3872;POMBAL;PB;Estadual;Urbana;266;495.22;529.22;468.74;449.46;508.57;490.24
3873;JABOTICATUBAS;MG;Estadual;Urbana;87;500.27;530.49;469.61;469.81;480.92;490.22
3874;SAO JOSE DO RIO PRETO;SP;Municipal;Urbana;18;505.44;558.13;456.87;463.99;466.67;490.22
3875;SUMARE;SP;Estadual;Urbana;1070;504.88;534.64;469.75;459.95;481.79;490.2
3876;LABREA;AM;Federal;Urbana;46;485.46;531.69;465.99;466.0;501.74;490.18
3877;BARRACAO;RS;Estadual;Urbana;37;492.15;541.87;460.71;460.96;495.14;490.17
3878;RIACHO DOS CAVALOS;PB;Estadual;Urbana;31;498.85;539.77;465.76;462.49;483.87;490.15
3879;CARAPEBUS;RJ;Estadual;Urbana;35;496.58;537.03;475.14;443.73;498.29;490.15
3880;QUARAI;RS;Estadual;Urbana;127;514.21;544.13;465.91;463.82;462.68;490.15
3881;PAPANDUVA;SC;Estadual;Rural;10;476.58;516.76;486.02;485.35;486.0;490.14
3882;SERRA ALTA;SC;Estadual;Urbana;24;496.22;535.13;483.9;454.53;480.83;490.12
3883;INDIANOPOLIS;MG;Estadual;Urbana;28;491.74;532.83;481.04;452.13;492.86;490.12
3884;GUARATUBA;PR;Estadual;Urbana;128;504.2;541.95;468.26;446.66;489.41;490.1
3885;ITAPAGIPE;MG;Estadual;Urbana;96;493.32;532.2;490.11;463.43;471.46;490.1
3886;IOMERE;SC;Estadual;Urbana;18;494.57;510.67;484.84;455.93;504.44;490.09
3887;FORMIGUEIRO;RS;Estadual;Urbana;30;515.15;549.77;464.76;464.12;456.67;490.09
3888;SALGADO FILHO;PR;Estadual;Urbana;32;503.31;529.33;483.38;468.16;466.25;490.09
3889;PLANALTO;RS;Estadual;Urbana;58;494.27;533.72;463.75;433.49;525.17;490.08
3890;SAO GERALDO DO BAIXIO;MG;Estadual;Urbana;6;491.28;519.87;477.47;448.38;513.33;490.07
3891;CAMANDUCAIA;MG;Estadual;Urbana;79;503.09;533.71;484.24;468.03;461.27;490.07
3892;CARRANCAS;MG;Estadual;Urbana;36;499.94;529.39;469.67;460.8;490.56;490.07
3893;ITAGUAJE;PR;Estadual;Urbana;22;496.98;533.33;466.5;454.31;499.09;490.04
3894;LAGOA DOURADA;MG;Municipal;Urbana;2;498.0;544.45;443.85;503.9;460.0;490.04
3895;BELA VISTA DE MINAS;MG;Estadual;Urbana;51;496.14;535.5;470.4;471.9;476.08;490.01
3896;BELA VISTA DO PARAISO;PR;Estadual;Urbana;90;495.59;542.9;463.47;444.5;503.56;490.0
3897;OURO VERDE DO OESTE;PR;Estadual;Urbana;36;492.08;535.44;475.52;441.36;505.56;489.99
3898;VISCONDE DO RIO BRANCO;MG;Estadual;Urbana;89;505.81;539.47;483.59;463.77;457.3;489.99
3899;ARACRUZ;ES;Estadual;Urbana;634;500.85;540.67;470.96;461.82;475.62;489.98
3900;SAO LOURENCO;MG;Municipal;Urbana;25;509.46;534.15;478.03;475.28;452.8;489.95
3901;SANTO ANTONIO DO PINHAL;SP;Estadual;Urbana;44;509.8;529.54;463.75;452.14;494.55;489.95
3902;ITAPEVA;SP;Estadual;Rural;84;504.16;543.82;477.56;462.75;461.19;489.89
3903;CASA BRANCA;SP;Estadual;Urbana;150;502.39;527.78;472.84;456.74;489.6;489.87
3904;CAJURU;SP;Estadual;Urbana;78;507.2;538.16;470.15;458.21;475.64;489.87
3905;VILA PAVAO;ES;Estadual;Urbana;69;500.0;527.76;474.47;476.85;470.14;489.84
3906;ITUMBIARA;GO;Estadual;Urbana;394;501.35;536.34;477.18;460.79;473.56;489.84
3907;CABO FRIO;RJ;Estadual;Urbana;403;505.3;533.92;461.16;449.04;499.7;489.82
3908;CAETITE;BA;Municipal;Rural;2;491.0;547.15;446.15;424.7;540.0;489.8
3909;CONCEICAO DO PARA;MG;Estadual;Urbana;10;511.35;536.32;478.55;428.78;494.0;489.8
3910;RIBEIRAO DO PINHAL;PR;Estadual;Urbana;108;502.88;531.98;471.01;436.85;506.11;489.77
3911;SERRA NEGRA;SP;Estadual;Rural;16;512.83;527.6;459.63;478.73;470.0;489.76
3912;CAETANOPOLIS;MG;Estadual;Urbana;34;505.17;516.24;474.74;477.2;475.29;489.73
3913;SANTO ANTONIO DO DESCOBERTO;GO;Privada;Urbana;23;507.63;540.43;476.43;452.74;471.3;489.71
3914;SAO JOSE DO HORTENCIO;RS;Estadual;Urbana;20;499.96;521.49;474.31;484.76;468.0;489.7
3915;VIANOPOLIS;GO;Estadual;Urbana;58;501.46;537.56;474.83;456.66;477.93;489.69
3916;MORRETES;PR;Estadual;Urbana;76;499.94;546.27;473.28;479.44;449.47;489.68
3917;BRASILIA;DF;Estadual;Rural;260;502.88;537.93;473.8;457.75;475.92;489.66
3918;CARMOPOLIS;SE;Privada;Urbana;11;485.17;549.87;465.06;437.27;510.91;489.66
3919;MARILANDIA;ES;Privada;Urbana;5;508.12;573.94;440.54;413.72;512.0;489.66
3920;JUPIA;SC;Estadual;Urbana;13;474.56;544.55;463.72;456.22;509.23;489.66
3921;TEODORO SAMPAIO;SP;Estadual;Urbana;113;495.71;534.01;477.24;461.98;479.29;489.64
3922;CATUJI;MG;Estadual;Urbana;44;504.91;537.99;473.06;471.28;460.91;489.63
3923;TAPES;RS;Estadual;Urbana;54;518.05;549.02;470.86;461.31;448.89;489.63
3924;BARBOSA FERRAZ;PR;Estadual;Rural;3;493.03;531.87;447.27;442.6;533.33;489.62
3925;BRAGANEY;PR;Estadual;Urbana;41;477.65;523.78;482.22;441.9;522.44;489.6
3926;PRESIDENTE NEREU;SC;Estadual;Urbana;17;498.76;527.54;507.06;467.56;447.06;489.6
3927;JARDIM DO SERIDO;RN;Estadual;Urbana;81;493.52;535.76;464.4;461.45;492.84;489.59
3928;IGUABA GRANDE;RJ;Estadual;Urbana;142;501.63;525.8;468.87;455.52;496.06;489.58
3929;VIRGINOPOLIS;MG;Municipal;Rural;1;513.8;580.5;383.6;489.9;480.0;489.56
3930;PROGRESSO;RS;Estadual;Urbana;27;513.24;521.5;474.56;468.87;469.63;489.56
3931;MARTINS;RN;Privada;Urbana;6;483.02;544.43;480.73;396.25;543.33;489.55
3932;VISTA SERRANA;PB;Estadual;Urbana;15;500.06;531.35;478.31;443.25;494.67;489.53
3933;PINHEIRAL;RJ;Estadual;Urbana;93;504.9;531.44;467.34;444.82;499.14;489.53
3934;ITUIUTABA;MG;Estadual;Urbana;554;497.29;539.08;474.42;463.64;473.16;489.52
3935;CAIEIRAS;SP;Estadual;Urbana;577;507.71;538.16;467.17;453.26;481.28;489.52
3936;CAMPO MAGRO;PR;Estadual;Urbana;109;508.45;540.94;477.04;454.89;466.24;489.51
3937;PANORAMA;SP;Estadual;Urbana;64;495.08;525.12;483.35;448.75;495.0;489.46
3938;JACINTO MACHADO;SC;Estadual;Urbana;46;492.65;539.09;469.77;454.83;490.87;489.44
3939;VERA CRUZ;SP;Estadual;Urbana;44;503.94;532.98;477.33;469.18;463.64;489.41
3940;FERNANDO PRESTES;SP;Estadual;Urbana;27;499.34;528.91;487.91;441.91;488.89;489.39
3941;CACIQUE DOBLE;RS;Estadual;Urbana;37;507.03;544.7;472.85;464.45;457.84;489.38
3942;ZACARIAS;SP;Estadual;Urbana;10;484.93;535.41;495.45;463.08;468.0;489.37
3943;BUJARU;PA;Estadual;Rural;1;506.8;458.6;464.7;576.6;440.0;489.34
3944;MONTE CASTELO;SC;Estadual;Urbana;49;495.09;526.18;470.75;456.26;498.37;489.33
3945;CARAPICUIBA;SP;Estadual;Urbana;1985;506.94;538.19;465.92;454.72;480.69;489.29
3946;DOM BASILIO;BA;Estadual;Urbana;34;504.05;535.59;471.19;457.91;477.65;489.28
3947;FLORIDA;PR;Estadual;Urbana;14;478.65;550.4;487.02;458.89;471.43;489.28
3948;RIO PARDO;RS;Estadual;Urbana;218;501.6;540.59;466.09;454.71;483.39;489.28
3949;CORDISLANDIA;MG;Estadual;Urbana;25;498.05;505.39;459.3;462.83;520.8;489.27
3950;AGUA DOCE;SC;Estadual;Urbana;17;498.89;522.03;476.03;471.75;477.65;489.27
3951;PORTEIRINHA;MG;Estadual;Urbana;218;493.82;531.35;474.67;462.35;484.13;489.26
3952;ALVORADA;RS;Estadual;Urbana;856;508.48;541.37;466.0;454.52;475.94;489.26
3953;ENGENHEIRO NAVARRO;MG;Estadual;Urbana;32;498.07;536.68;447.21;432.3;531.88;489.23
3954;SAO LUIZ GONZAGA;RS;Estadual;Urbana;332;506.0;541.05;476.17;453.72;469.23;489.23
3955;JARDINOPOLIS;SC;Estadual;Urbana;16;477.91;520.78;490.77;470.38;486.25;489.22
3956;IRATI;PR;Estadual;Rural;30;497.22;533.63;469.51;453.06;492.67;489.22
3957;UIBAI;BA;Estadual;Urbana;70;491.09;521.96;485.19;456.69;491.14;489.21
3958;ALUMINIO;SP;Estadual;Urbana;67;503.78;534.53;462.2;458.29;487.16;489.19
3959;CORDEIRO;RJ;Estadual;Urbana;112;512.19;527.79;465.85;448.15;491.96;489.19
3960;JOANOPOLIS;SP;Estadual;Urbana;48;509.26;541.29;475.6;492.27;427.5;489.18
3961;SARANDI;PR;Estadual;Urbana;390;502.99;544.77;471.53;445.78;480.72;489.16
3962;PONTAO;RS;Estadual;Urbana;25;491.68;537.93;480.8;457.68;477.6;489.14
3963;NOVA HARTZ;RS;Estadual;Urbana;111;503.16;541.48;463.33;462.23;475.5;489.14
3964;ALTO JEQUITIBA;MG;Estadual;Urbana;41;511.56;540.16;461.82;453.63;478.54;489.14
3965;FRUTAL;MG;Municipal;Rural;1;543.1;556.6;496.9;469.0;380.0;489.12
3966;SANTA CRUZ DE MONTE CASTELO;PR;Estadual;Rural;5;492.5;553.42;481.24;426.38;492.0;489.11
3967;TIMON;MA;Municipal;Urbana;1;524.1;433.1;453.2;535.1;500.0;489.1
3968;SANTA CARMEM;MT;Estadual;Urbana;38;493.24;541.99;479.5;467.54;463.16;489.09
3969;MAIRIPORA;SP;Estadual;Urbana;414;511.54;534.36;470.27;457.32;471.88;489.08
3970;TARUMA;SP;Estadual;Urbana;68;505.98;534.11;462.92;463.66;478.74;489.08
3971;DIVINOLANDIA;SP;Estadual;Urbana;73;499.32;534.25;473.98;452.66;485.21;489.08
3972;ATALAIA;PR;Estadual;Urbana;30;504.4;542.8;468.56;452.16;477.33;489.05
3973;INDIANA;SP;Estadual;Urbana;28;512.39;539.79;469.58;444.87;478.57;489.04
3974;CACHOEIRAS DE MACACU;RJ;Estadual;Rural;15;499.09;538.19;437.63;464.91;505.33;489.03
3975;IVAI;PR;Estadual;Rural;5;503.82;532.46;466.94;437.92;504.0;489.03
3976;PEREIRAS;SP;Estadual;Urbana;27;506.21;529.16;475.99;477.45;456.3;489.02
3977;FERNANDES TOURINHO;MG;Estadual;Urbana;17;497.69;537.4;489.16;454.92;465.88;489.01
3978;SERRA DO NAVIO;AP;Estadual;Rural;6;491.07;548.13;461.08;444.7;500.0;489.0
3979;CRISTAIS;MG;Estadual;Urbana;45;496.83;538.58;491.03;493.17;425.33;488.99
3980;CAFELANDIA;PR;Estadual;Urbana;96;484.52;531.95;477.42;464.57;486.46;488.98
3981;SAO FRANCISCO DO GUAPORE;RO;Privada;Rural;5;456.58;513.5;464.84;481.98;528.0;488.98
3982;CONCHAS;SP;Estadual;Urbana;53;510.35;536.96;475.4;450.47;471.7;488.97
3983;IBEMA;PR;Estadual;Urbana;28;497.41;532.81;486.13;438.36;490.0;488.94
3984;CAMPESTRE DA SERRA;RS;Estadual;Urbana;20;501.9;532.9;444.56;455.34;510.0;488.94
3985;ARARIPINA;PE;Estadual;Urbana;270;500.31;532.62;465.48;450.58;495.63;488.92
3986;SERRANOPOLIS;GO;Estadual;Urbana;23;488.06;533.36;477.71;432.42;513.04;488.92
3987;MUZAMBINHO;MG;Municipal;Urbana;2;451.35;541.95;463.7;537.45;450.0;488.89
3988;GUAIRA;SP;Estadual;Urbana;181;498.93;528.25;474.9;464.75;477.57;488.88
3989;FRAIBURGO;SC;Estadual;Urbana;202;499.25;534.24;470.95;458.25;481.65;488.87
3990;GUARAMIRIM;SC;Estadual;Urbana;161;499.14;535.93;474.9;468.02;466.34;488.86
3991;GURUPI;TO;Estadual;Urbana;403;500.98;536.21;471.51;451.76;483.87;488.86
3992;JUREMA;PE;Estadual;Urbana;60;504.52;538.88;458.48;448.08;494.33;488.86
3993;IVAIPORA;PR;Estadual;Urbana;138;497.2;542.13;462.54;440.81;501.59;488.86
3994;BRASNORTE;MT;Municipal;Rural;1;509.8;502.5;522.8;529.1;380.0;488.84
3995;NOVO MUNDO;MT;Estadual;Rural;2;471.4;551.5;437.65;473.6;510.0;488.83
3996;PONTE SERRADA;SC;Estadual;Urbana;77;496.34;537.44;470.54;439.19;500.52;488.81
3997;FAZENDA RIO GRANDE;PR;Estadual;Urbana;511;503.86;540.57;471.22;461.8;466.56;488.8
3998;MORRO GRANDE;SC;Estadual;Urbana;24;486.26;521.13;479.01;481.48;475.83;488.74
3999;TURMALINA;SP;Estadual;Urbana;3;489.5;533.93;478.67;421.6;520.0;488.74
4000;GROAIRAS;CE;Municipal;Urbana;1;498.3;548.2;516.1;401.1;480.0;488.74
4001;BIAS FORTES;MG;Estadual;Urbana;16;497.04;512.59;466.55;484.98;482.5;488.73
4002;SENADOR MODESTINO GONCALVES;MG;Estadual;Urbana;31;490.05;535.7;487.61;478.66;451.61;488.73
4003;JACANA;RN;Estadual;Urbana;29;496.03;526.42;473.52;460.03;487.59;488.72
4004;TRES RANCHOS;GO;Estadual;Urbana;5;529.32;555.24;425.26;453.74;480.0;488.71
4005;RODEIO BONITO;RS;Estadual;Urbana;44;493.29;541.25;474.67;456.18;478.18;488.71
4006;ITAGUAI;RJ;Estadual;Rural;58;516.92;537.96;480.95;450.46;457.24;488.71
4007;GARANHUNS;PE;Estadual;Urbana;928;502.6;535.75;470.41;454.61;480.12;488.7
4008;SANTA MARGARIDA;MG;Estadual;Urbana;85;494.8;528.29;473.18;475.89;471.29;488.69
4009;PAVERAMA;RS;Estadual;Urbana;31;493.34;530.02;470.56;454.0;495.48;488.68
4010;CAMACHO;MG;Estadual;Urbana;17;490.19;530.2;456.82;472.02;494.12;488.67
4011;LARANJAL;MG;Estadual;Urbana;27;490.65;534.66;468.26;479.4;470.37;488.67
4012;IPAUSSU;SP;Municipal;Urbana;1;495.7;506.3;549.8;591.5;300.0;488.66
4013;IBIUNA;SP;Estadual;Urbana;374;505.86;534.75;472.52;453.17;476.95;488.65
4014;COXIM;MS;Estadual;Urbana;161;499.12;538.33;484.82;456.81;464.1;488.64
4015;ERVAL VELHO;SC;Estadual;Urbana;34;502.71;529.81;477.38;463.74;469.41;488.61
4016;NOVA MODICA;MG;Estadual;Urbana;16;498.58;528.48;497.03;470.16;448.75;488.6
4017;VARRE-SAI;RJ;Estadual;Urbana;40;510.25;534.4;480.86;468.49;449.0;488.6
4018;ITAPISSUMA;PE;Privada;Urbana;7;512.84;536.04;478.93;429.34;485.71;488.57
4019;RIBEIRAO DAS NEVES;MG;Estadual;Urbana;1672;506.75;541.69;474.13;454.48;465.81;488.57
4020;ALPESTRE;RS;Estadual;Urbana;58;508.15;540.39;478.99;447.75;467.59;488.57
4021;QUATRO BARRAS;PR;Estadual;Urbana;98;491.83;539.98;465.36;448.7;496.94;488.56
4022;JAGUARE;ES;Privada;Rural;15;480.42;539.31;490.43;476.57;456.0;488.55
4023;PEDRA BRANCA DO AMAPARI;AP;Estadual;Rural;1;485.3;536.2;471.3;429.9;520.0;488.54
4024;VIAMAO;RS;Estadual;Urbana;875;510.0;540.12;469.07;450.04;473.42;488.53
4025;PARANATINGA;MT;Estadual;Urbana;86;502.87;533.79;476.85;448.9;480.23;488.53
4026;PALMARES;PE;Estadual;Urbana;394;500.37;532.98;468.86;456.77;483.65;488.53
4027;IPANEMA;MG;Estadual;Urbana;68;496.4;531.0;462.04;466.03;487.06;488.51
4028;PITANGUI;MG;Estadual;Urbana;137;500.28;532.48;475.35;472.41;462.04;488.51
4029;MIRANDA;MS;Privada;Urbana;7;514.36;527.0;475.23;451.61;474.29;488.5
4030;NOVO ITACOLOMI;PR;Estadual;Urbana;31;487.79;548.95;476.16;485.06;444.52;488.49
4031;ALFREDO CHAVES;ES;Estadual;Urbana;98;494.91;524.11;481.24;465.44;476.73;488.49
4032;SANTA LUZIA;PB;Estadual;Urbana;96;502.69;543.02;469.88;457.87;468.96;488.48
4033;PENHA;SC;Estadual;Urbana;161;494.71;534.21;475.93;458.81;478.76;488.48
4034;REDENCAO DA SERRA;SP;Estadual;Urbana;16;500.29;538.44;473.01;474.35;456.25;488.47
4035;RIOZINHO;RS;Estadual;Urbana;28;511.58;530.7;480.69;459.88;459.29;488.43
4036;PEDRO LEOPOLDO;MG;Estadual;Rural;36;511.29;551.75;475.26;462.75;441.11;488.43
4037;SAO ROQUE DO CANAA;ES;Estadual;Urbana;53;499.34;518.26;478.7;455.58;490.19;488.41
4038;PEROLA D OESTE;PR;Estadual;Urbana;40;497.62;529.58;480.3;464.56;470.0;488.41
4039;CARATINGA;MG;Estadual;Urbana;545;500.55;535.82;470.01;457.69;477.91;488.4
4040;SAO MATEUS DO MARANHAO;MA;Privada;Urbana;19;490.13;524.99;470.33;476.46;480.0;488.38
4041;RONDONOPOLIS;MT;Privada;Rural;5;503.82;550.1;493.72;462.14;432.0;488.36
4042;DOM VICOSO;MG;Estadual;Urbana;27;522.74;536.15;456.81;458.56;467.41;488.33
4043;IBIASSUCE;BA;Estadual;Urbana;81;492.75;527.3;474.58;454.43;492.59;488.33
4044;GUARUJA;SP;Estadual;Urbana;1449;508.46;537.01;465.31;451.94;478.91;488.33
4045;RIO DO OESTE;SC;Municipal;Rural;7;487.63;548.79;478.51;449.51;477.14;488.32
4046;CIDREIRA;RS;Estadual;Urbana;56;500.86;533.27;468.4;442.92;496.07;488.3
4047;NILOPOLIS;RJ;Estadual;Urbana;1109;503.36;533.38;462.75;447.98;494.05;488.3
4048;TERRA RICA;PR;Estadual;Urbana;69;491.52;537.8;475.67;454.79;481.74;488.3
4049;AGRICOLANDIA;PI;Estadual;Urbana;31;502.92;511.88;472.06;460.37;494.19;488.29
4050;BANDEIRANTE;SC;Estadual;Urbana;11;485.12;527.75;473.12;468.21;487.27;488.29
4051;ESMERALDAS;MG;Estadual;Urbana;249;502.6;536.43;475.13;455.53;471.73;488.29
4052;RONDON DO PARA;PA;Privada;Urbana;27;496.24;530.83;465.41;456.33;492.59;488.28
4053;TAPIRA;PR;Estadual;Urbana;22;494.25;538.74;486.06;433.25;489.09;488.28
4054;ARARANGUA;SC;Estadual;Urbana;398;498.46;534.4;474.84;453.81;479.85;488.27
4055;SANTA RITA DE JACUTINGA;MG;Estadual;Urbana;22;488.96;537.08;468.61;445.76;500.91;488.26
4056;SERRANIA;MG;Estadual;Urbana;46;499.34;537.72;465.05;463.99;475.22;488.26
4057;SAO JOAQUIM DE BICAS;MG;Estadual;Urbana;124;495.83;535.3;482.31;471.78;455.97;488.24
4058;SANTA CRUZ DAS PALMEIRAS;SP;Estadual;Urbana;135;503.91;532.86;460.47;450.87;493.04;488.23
4059;SANTO HIPOLITO;MG;Estadual;Urbana;29;498.95;533.8;473.6;447.21;487.59;488.23
4060;PATROCINIO DO MURIAE;MG;Estadual;Urbana;21;497.08;537.76;471.96;474.3;460.0;488.22
4061;CORINTO;MG;Estadual;Urbana;129;500.86;530.4;468.09;454.76;486.98;488.22
4062;LAGARTO;SE;Estadual;Urbana;398;496.61;529.04;467.82;443.71;503.82;488.2
4063;PESQUEIRA;PE;Estadual;Urbana;315;499.17;528.53;469.63;452.85;490.75;488.19
4064;BALDIM;MG;Estadual;Urbana;29;505.73;528.9;468.62;465.94;471.72;488.18
4065;CAIABU;SP;Estadual;Urbana;23;496.94;537.36;450.2;453.71;502.61;488.17
4066;URUCANIA;MG;Estadual;Urbana;42;504.24;531.17;471.59;448.94;484.76;488.14
4067;COROACI;MG;Estadual;Urbana;63;508.23;533.81;475.39;461.67;461.59;488.14
4068;PAICANDU;PR;Estadual;Urbana;178;495.57;540.65;469.12;464.7;470.56;488.12
4069;ESTIVA GERBI;SP;Estadual;Urbana;51;504.34;545.02;475.53;447.8;467.84;488.11
4070;LUISBURGO;MG;Estadual;Urbana;24;504.52;529.86;458.4;426.06;521.67;488.1
4071;IVINHEMA;MS;Estadual;Urbana;122;486.95;534.93;476.47;463.63;478.52;488.1
4072;ITAGUARI;GO;Estadual;Urbana;37;500.67;549.06;486.79;456.32;447.57;488.08
4073;VISTA ALEGRE DO ALTO;SP;Estadual;Urbana;24;504.91;532.69;476.09;459.15;467.5;488.07
4074;SAO JOSE;SC;Municipal;Urbana;104;499.9;542.83;476.02;456.87;464.68;488.06
4075;BANANAL;SP;Estadual;Urbana;43;501.73;533.45;472.97;461.88;470.23;488.06
4076;SAO LOURENCO DA SERRA;SP;Estadual;Urbana;136;502.33;537.43;470.5;452.88;477.06;488.04
4077;PONTALINDA;SP;Estadual;Urbana;16;502.79;527.52;456.46;452.18;501.25;488.04
4078;URBANO SANTOS;MA;Municipal;Urbana;1;448.8;538.4;456.6;496.2;500.0;488.0
4079;LORENA;SP;Estadual;Urbana;241;498.92;531.41;466.76;460.47;482.41;487.99
4080;ANTONIO DIAS;MG;Estadual;Urbana;64;496.18;534.86;465.23;457.71;485.94;487.98
4081;GUAPIMIRIM;RJ;Estadual;Rural;10;491.21;519.38;482.82;448.33;498.0;487.95
4082;RIO TINTO;PB;Estadual;Rural;2;526.5;541.8;462.25;379.15;530.0;487.94
4083;TOROPI;RS;Estadual;Urbana;15;491.76;524.63;476.13;440.45;506.67;487.93
4084;ITAPEJARA D OESTE;PR;Estadual;Rural;1;517.9;546.6;484.1;371.0;520.0;487.92
4085;ARARUNA;PB;Estadual;Urbana;57;493.97;534.78;470.43;447.98;492.28;487.89
4086;ITAQUI;RS;Estadual;Urbana;288;503.25;537.0;470.34;448.08;480.62;487.86
4087;PRESIDENTE EPITACIO;SP;Estadual;Urbana;200;505.71;538.26;470.85;465.19;459.3;487.86
4088;TERRA NOVA DO NORTE;MT;Estadual;Urbana;68;503.05;529.64;485.9;451.81;468.82;487.84
4089;ALCINOPOLIS;MS;Estadual;Urbana;21;491.84;521.02;473.27;461.67;491.43;487.84
4090;ENGENHEIRO BELTRAO;PR;Estadual;Urbana;75;500.86;530.59;470.89;449.01;487.73;487.82
4091;SANTA RITA DO ITUETO;MG;Estadual;Urbana;24;494.42;535.73;464.01;465.75;479.17;487.82
4092;LAJINHA;MG;Estadual;Urbana;95;502.16;532.77;472.64;462.68;468.84;487.82
4093;MORMACO;RS;Estadual;Urbana;20;503.72;517.13;479.18;459.04;480.0;487.81
4094;BODOCO;PE;Estadual;Urbana;92;493.45;523.49;478.54;456.99;486.52;487.8
4095;APERIBE;RJ;Estadual;Urbana;62;493.33;525.77;473.38;470.23;476.13;487.77
4096;CORREIA PINTO;SC;Estadual;Urbana;56;499.86;534.42;463.84;454.12;486.43;487.74
4097;CERRO AZUL;PR;Estadual;Urbana;58;497.74;534.45;468.8;467.22;470.34;487.71
4098;SETE QUEDAS;MS;Estadual;Urbana;47;491.27;537.13;484.82;483.18;442.13;487.71
4099;GUAIRA;PR;Estadual;Urbana;197;504.42;543.49;473.35;453.99;463.25;487.7
4100;SANTA ADELIA;SP;Estadual;Urbana;32;517.32;529.83;476.51;460.48;454.38;487.7
4101;FRANCISCO DANTAS;RN;Estadual;Urbana;21;487.99;538.65;461.79;432.84;517.14;487.68
4102;LEOPOLIS;PR;Estadual;Urbana;27;496.58;535.37;478.55;460.46;467.41;487.67
4103;ITAPEMA;SC;Municipal;Urbana;1;534.1;545.0;545.5;453.7;360.0;487.66
4104;SAO VALENTIM DO SUL;RS;Estadual;Urbana;10;495.1;526.93;474.85;477.37;464.0;487.65
4105;NEROPOLIS;GO;Estadual;Urbana;184;505.6;533.22;471.35;446.5;481.51;487.64
4106;IRAI;RS;Estadual;Urbana;42;515.99;534.41;474.25;450.18;463.33;487.63
4107;ALTA FLORESTA;MT;Estadual;Rural;25;491.9;530.7;480.42;478.26;456.8;487.62
4108;SAO JOAQUIM;SC;Estadual;Urbana;98;501.17;535.32;472.23;461.01;468.37;487.62
4109;PONGAI;SP;Estadual;Urbana;24;497.52;536.0;470.74;436.25;497.5;487.6
4110;GUARULHOS;SP;Estadual;Urbana;6209;507.56;534.09;464.28;454.27;477.71;487.58
4111;BARRA DO OURO;TO;Estadual;Urbana;8;501.59;522.74;478.36;460.16;475.0;487.57
4112;SURUBIM;PE;Estadual;Urbana;306;501.79;529.84;467.0;457.74;481.37;487.55
4113;GLORIA D OESTE;MT;Estadual;Urbana;33;494.4;532.21;474.77;456.95;479.39;487.55
4114;PEDRA BELA;SP;Estadual;Urbana;53;498.89;538.51;473.64;455.72;470.94;487.54
4115;AMELIA RODRIGUES;BA;Estadual;Rural;8;495.59;579.9;476.0;416.21;470.0;487.54
4116;MUTUM;MG;Estadual;Rural;9;490.77;537.82;466.02;467.41;475.56;487.52
4117;QUARTO CENTENARIO;PR;Estadual;Urbana;25;488.57;540.83;468.8;428.88;510.4;487.49
4118;NAVEGANTES;SC;Estadual;Urbana;286;495.76;536.99;466.78;453.14;484.76;487.49
4119;SAO JOSE DO NORTE;RS;Estadual;Rural;16;513.93;533.86;480.24;465.67;443.75;487.49
4120;MATELANDIA;PR;Privada;Urbana;11;478.23;525.3;452.07;474.47;507.27;487.47
4121;JARINU;SP;Estadual;Rural;21;509.09;528.62;459.15;445.2;495.24;487.46
4122;SAO GONCALO;RJ;Municipal;Rural;1;521.8;578.8;473.0;483.7;380.0;487.46
4123;PIRIPA;BA;Estadual;Urbana;58;489.07;529.02;473.54;458.64;486.9;487.44
4124;ITABORAI;RJ;Estadual;Urbana;822;501.27;532.62;467.65;451.43;484.23;487.44
4125;NARANDIBA;SP;Estadual;Urbana;37;487.46;533.23;486.24;440.0;490.27;487.44
4126;DIVINOLANDIA DE MINAS;MG;Estadual;Urbana;69;489.72;538.62;469.99;463.15;475.65;487.43
4127;FRANCA;SP;Municipal;Urbana;141;498.3;547.43;483.51;451.98;455.93;487.43
4128;GRAMADO XAVIER;RS;Estadual;Urbana;26;516.24;548.05;462.21;426.76;483.85;487.42
4129;SANTANA DO MANHUACU;MG;Estadual;Urbana;28;485.55;534.49;471.97;464.98;480.0;487.4
4130;COMENDADOR GOMES;MG;Estadual;Urbana;7;460.24;536.56;475.96;515.59;448.57;487.38
4131;IBITIARA;BA;Estadual;Urbana;43;496.09;538.58;458.99;419.52;523.72;487.38
4132;PALESTINA;SP;Estadual;Urbana;44;493.28;534.43;491.37;448.69;469.09;487.37
4133;TOMAZINA;PR;Estadual;Urbana;28;513.56;543.96;463.55;441.49;474.29;487.37
4134;GRAVATA;PE;Estadual;Urbana;501;506.5;532.86;472.0;450.7;474.74;487.36
4135;TABULEIRO;MG;Estadual;Urbana;13;507.67;544.72;467.83;484.28;432.31;487.36
4136;VARGEM;SC;Estadual;Urbana;22;490.79;540.55;456.79;440.46;508.18;487.35
4137;SANTANA DE CATAGUASES;MG;Estadual;Urbana;4;509.5;567.02;474.2;431.0;455.0;487.34
4138;BRODOWSKI;SP;Estadual;Urbana;88;507.06;537.94;472.46;457.78;461.36;487.32
4139;INHUMAS;GO;Estadual;Urbana;307;499.88;534.89;481.68;459.91;460.2;487.31
4140;SANTA BARBARA DO TUGURIO;MG;Estadual;Urbana;20;502.47;513.96;452.14;480.89;487.0;487.29
4141;LIBERATO SALZANO;RS;Estadual;Urbana;30;474.86;528.48;465.76;448.66;518.67;487.29
4142;VEREDINHA;MG;Estadual;Urbana;35;497.82;549.16;464.63;455.71;469.14;487.29
4143;NOVA NAZARE;MT;Estadual;Urbana;2;479.6;513.95;487.75;475.1;480.0;487.28
4144;MARIPA DE MINAS;MG;Estadual;Urbana;22;505.66;529.79;465.96;443.02;491.82;487.25
4145;FRANCISCO BADARO;MG;Estadual;Urbana;53;493.39;520.12;467.95;460.02;494.72;487.24
4146;IBIRACU;ES;Estadual;Urbana;69;496.83;536.71;476.65;448.33;477.68;487.24
4147;ALTO ALEGRE;RS;Estadual;Urbana;17;492.79;523.11;494.0;478.82;447.41;487.23
4148;DOM PEDRO DE ALCANTARA;RS;Estadual;Urbana;18;511.12;539.94;471.9;475.19;437.78;487.19
4149;PORTO XAVIER;RS;Estadual;Rural;18;512.42;534.76;492.74;482.58;413.33;487.17
4150;CIDADE GAUCHA;PR;Estadual;Urbana;74;487.13;533.92;473.94;444.89;495.96;487.17
4151;SAO GERALDO;MG;Estadual;Urbana;41;499.23;528.38;482.18;453.8;472.2;487.16
4152;CHALE;MG;Estadual;Urbana;19;487.54;524.12;451.72;487.09;485.26;487.15
4153;BARRA DO RIO AZUL;RS;Estadual;Urbana;14;466.51;525.51;490.61;493.08;460.0;487.14
4154;CAMPINA GRANDE;PB;Estadual;Urbana;2247;499.26;535.17;467.94;445.04;488.27;487.13
4155;SORRISO;MT;Estadual;Rural;9;493.56;545.32;461.96;468.12;466.67;487.12
4156;RIO BONITO DO IGUACU;PR;Estadual;Urbana;46;497.06;532.72;470.81;476.98;457.83;487.08
4157;SAO JOSE DA LAPA;MG;Estadual;Urbana;183;499.5;536.27;474.05;475.35;450.16;487.07
4158;CONCHAL;SP;Estadual;Urbana;140;500.75;526.02;476.02;462.3;470.29;487.07
4159;ALPERCATA;MG;Estadual;Urbana;27;491.26;529.97;477.55;459.48;477.04;487.06
4160;ALCANTARA;MA;Federal;Urbana;24;496.66;551.38;464.72;447.5;475.0;487.05
4161;JOAO ALFREDO;PE;Estadual;Urbana;157;493.09;526.79;480.51;447.27;487.52;487.03
4162;HIDROLANDIA;GO;Estadual;Urbana;87;504.82;537.93;473.99;458.63;459.77;487.03
4163;SAO SEBASTIAO DO ANTA;MG;Estadual;Urbana;43;498.47;528.54;486.53;455.99;465.58;487.02
4164;GUARACIAMA;MG;Estadual;Urbana;32;504.62;534.57;471.47;440.07;484.38;487.02
4165;BOCAIUVA;MG;Estadual;Urbana;276;505.03;535.74;474.27;450.73;469.35;487.02
4166;BANDEIRANTES;PR;Estadual;Rural;7;505.3;525.63;476.71;430.31;497.14;487.02
4167;BERNARDINO DE CAMPOS;SP;Estadual;Urbana;58;490.82;534.5;471.01;455.28;483.45;487.01
4168;SALTO DO CEU;MT;Estadual;Urbana;23;487.81;540.47;478.79;452.29;475.65;487.0
4169;TABAI;RS;Estadual;Urbana;21;510.81;528.91;476.52;451.12;467.62;487.0
4170;BOM JESUS DO SUL;PR;Estadual;Urbana;32;495.65;537.84;478.96;460.0;462.5;486.99
4171;DIAMANTINO;MT;Estadual;Rural;12;483.18;532.99;484.82;442.18;491.67;486.97
4172;ITAPURA;SP;Estadual;Urbana;24;495.8;528.05;463.95;466.99;480.0;486.96
4173;MAMBORE;PR;Estadual;Urbana;103;494.77;542.03;461.41;444.33;492.23;486.96
4174;TABIRA;PE;Estadual;Urbana;163;498.11;527.42;471.33;459.51;478.4;486.95
4175;SERRA;ES;Estadual;Urbana;2677;500.45;536.4;471.27;455.76;470.89;486.95
4176;BONITO;PE;Estadual;Urbana;215;497.32;534.91;474.34;456.53;471.53;486.93
4177;MATINHOS;PR;Estadual;Urbana;201;502.51;535.82;470.8;451.34;474.13;486.92
4178;SAO JOAO DO MANHUACU;MG;Estadual;Urbana;34;499.61;532.31;482.33;459.77;460.59;486.92
4179;JARDIM;MS;Estadual;Urbana;171;500.73;539.09;476.94;459.25;458.6;486.92
4180;JOANESIA;MG;Estadual;Urbana;35;496.59;539.03;461.32;488.5;449.14;486.92
4181;CRUZALTENSE;RS;Estadual;Urbana;18;516.72;538.62;460.08;450.28;468.89;486.92
4182;MACIEIRA;SC;Estadual;Urbana;7;508.93;550.6;454.5;449.07;471.43;486.91
4183;JAGUARUNA;SC;Estadual;Urbana;52;497.12;535.78;469.62;441.2;490.77;486.9
4184;SEROPEDICA;RJ;Estadual;Urbana;187;505.81;535.7;465.21;444.53;483.21;486.89
4185;AFONSO CLAUDIO;ES;Municipal;Rural;1;510.5;574.8;474.3;534.8;340.0;486.88
4186;JAGUAPITA;PR;Estadual;Urbana;61;487.97;547.15;484.82;447.88;466.56;486.88
4187;SERTANEJA;PR;Estadual;Urbana;50;490.93;541.39;462.73;444.5;494.8;486.87
4188;ALTO RIO NOVO;ES;Estadual;Urbana;86;500.34;527.14;469.31;448.07;489.47;486.86
4189;SAO DOMINGOS;SC;Estadual;Urbana;60;494.45;526.24;468.72;458.15;486.67;486.85
4190;JATAIZINHO;PR;Municipal;Urbana;1;499.3;514.1;458.9;521.9;440.0;486.84
4191;VARGEM GRANDE DO SUL;SP;Estadual;Urbana;232;494.59;528.28;475.8;471.84;463.62;486.83
4192;RIO NOVO DO SUL;ES;Estadual;Urbana;70;492.91;527.94;464.84;459.23;489.14;486.81
4193;ITABAIANA;SE;Estadual;Urbana;439;493.77;532.85;476.91;459.67;470.85;486.81
4194;BREJO;MA;Privada;Urbana;35;504.79;533.39;454.52;458.45;482.86;486.8
4195;SAO SEBASTIAO DA GRAMA;SP;Estadual;Rural;9;521.57;545.36;491.91;415.11;460.0;486.79
4196;MONTAURI;RS;Estadual;Urbana;20;491.4;525.46;478.54;454.39;484.0;486.76
4197;MONTE APRAZIVEL;SP;Estadual;Urbana;53;498.68;520.49;462.32;459.85;492.45;486.76
4198;TRAMANDAI;RS;Estadual;Urbana;156;498.32;533.72;462.67;462.41;476.67;486.76
4199;SANTA HELENA;SC;Estadual;Urbana;21;485.82;531.51;471.82;452.27;492.38;486.76
4200;PETROPOLIS;RJ;Estadual;Rural;69;503.62;544.52;458.59;442.4;484.64;486.75
4201;FLOR DA SERRA DO SUL;PR;Estadual;Urbana;41;499.39;535.4;490.55;463.0;445.37;486.74
4202;SANTA MARIA DO CAMBUCA;PE;Estadual;Urbana;48;497.0;520.9;476.26;458.57;480.83;486.71
4203;SEVERINIA;SP;Estadual;Urbana;54;494.67;536.04;478.18;462.79;461.85;486.71
4204;TRES LAGOAS;MS;Estadual;Urbana;541;498.58;536.15;471.95;454.33;472.46;486.7
4205;PITANGUEIRAS;PR;Estadual;Urbana;22;488.4;545.32;468.61;438.45;492.73;486.7
4206;CAJATI;SP;Estadual;Rural;19;498.95;543.77;477.93;460.18;452.63;486.69
4207;CASTILHO;SP;Estadual;Urbana;92;498.37;527.21;474.37;455.05;478.43;486.69
4208;CAPITAO ANDRADE;MG;Estadual;Urbana;28;495.73;543.0;478.68;472.45;443.57;486.69
4209;NOVA AURORA;PR;Estadual;Urbana;83;489.96;537.75;470.37;471.73;463.61;486.69
4210;PETROLINA;PE;Federal;Rural;30;493.52;538.77;477.69;451.42;472.0;486.68
4211;SANTO ANTONIO DO JARDIM;SP;Estadual;Rural;6;529.0;538.92;453.08;425.72;486.67;486.68
4212;BOM RETIRO DO SUL;RS;Estadual;Urbana;70;501.53;522.78;468.34;480.42;460.29;486.67
4213;FLORESTA AZUL;BA;Municipal;Urbana;2;534.0;528.5;497.0;403.8;470.0;486.66
4214;LUCELIA;SP;Estadual;Urbana;67;493.81;533.7;484.9;446.19;474.63;486.65
4215;ITAPECERICA DA SERRA;SP;Estadual;Urbana;915;507.96;538.69;464.42;450.48;471.72;486.65
4216;SAO JOSE DO NORTE;RS;Estadual;Urbana;100;500.45;544.3;461.86;449.13;477.4;486.63
4217;CRUZ MACHADO;PR;Estadual;Urbana;91;493.07;535.2;479.63;455.73;469.45;486.61
4218;MALHADA DE PEDRAS;BA;Estadual;Urbana;37;499.63;528.58;476.37;460.92;467.57;486.61
4219;JUNQUEIRO;AL;Estadual;Urbana;196;486.53;528.4;472.82;447.89;497.35;486.6
4220;TAQUARIVAI;SP;Estadual;Urbana;73;504.18;537.5;472.56;468.36;450.41;486.6
4221;CACULE;BA;Estadual;Urbana;81;500.64;530.4;471.64;451.27;479.01;486.59
4222;VITORINO;PR;Estadual;Urbana;27;483.62;534.95;477.04;456.62;480.74;486.59
4223;CORUMBA DE GOIAS;GO;Estadual;Urbana;61;499.43;525.2;480.98;463.9;463.28;486.56
4224;PORTO UNIAO;SC;Estadual;Urbana;182;493.99;540.25;467.15;459.93;471.4;486.54
4225;TUNTUM;MA;Municipal;Rural;1;475.5;543.4;563.0;470.8;380.0;486.54
4226;SANTO ANTONIO DO AMPARO;MG;Estadual;Urbana;90;507.58;534.97;467.06;459.13;463.92;486.53
4227;LAPA;PR;Estadual;Urbana;235;502.18;537.19;471.33;457.12;464.77;486.52
4228;TREMEMBE;SP;Municipal;Urbana;4;493.15;534.48;471.38;453.55;480.0;486.51
4229;CABO VERDE;MG;Estadual;Urbana;36;505.38;535.04;474.81;465.62;451.67;486.5
4230;CONCEICAO DO MATO DENTRO;MG;Estadual;Urbana;106;501.56;536.64;463.54;462.01;468.68;486.49
4231;INGAI;MG;Estadual;Urbana;27;514.13;528.3;486.57;432.25;471.11;486.47
4232;ITABUNA;BA;Municipal;Urbana;12;498.99;533.68;464.03;457.28;478.33;486.46
4233;PINDAMONHANGABA;SP;Estadual;Rural;10;507.25;533.6;468.34;435.0;488.0;486.44
4234;MANACAPURU;AM;Municipal;Rural;2;523.55;549.5;449.45;419.7;490.0;486.44
4235;GUAMIRANGA;PR;Estadual;Urbana;29;497.8;531.69;471.13;462.55;468.97;486.43
4236;TELEMACO BORBA;PR;Estadual;Urbana;267;501.33;544.58;466.92;452.88;466.43;486.43
4237;VERA CRUZ DO OESTE;PR;Estadual;Urbana;75;485.85;528.93;462.72;453.21;501.4;486.42
4238;RIO BANANAL;ES;Estadual;Urbana;128;490.31;525.38;480.12;464.34;471.88;486.41
4239;OURICURI;PE;Privada;Urbana;7;505.87;534.83;448.14;451.77;491.43;486.41
4240;SAO GONCALO DO ABAETE;MG;Estadual;Urbana;42;486.2;525.67;479.28;467.06;473.81;486.41
4241;LAGOA GRANDE DO MARANHAO;MA;Estadual;Rural;1;469.1;503.2;456.7;403.0;600.0;486.4
4242;INDAIABIRA;MG;Estadual;Urbana;17;485.2;538.63;477.52;464.78;465.88;486.4
4243;TERRA ROXA;SP;Municipal;Urbana;5;475.6;533.94;464.48;437.98;520.0;486.4
4244;PUTINGA;RS;Estadual;Urbana;10;512.26;544.06;453.41;474.21;448.0;486.39
4245;SARZEDO;MG;Estadual;Urbana;135;509.54;540.12;468.0;460.06;454.22;486.39
4246;PLANALTO;SP;Estadual;Urbana;28;502.11;527.93;473.48;439.86;488.57;486.39
4247;SERRA TALHADA;PE;Estadual;Urbana;560;495.52;527.33;468.05;451.42;489.58;486.38
4248;CLARO DOS POCOES;MG;Estadual;Urbana;57;506.41;534.68;480.53;458.72;451.58;486.38
4249;ACAILANDIA;MA;Privada;Urbana;116;502.72;537.22;464.59;445.27;482.07;486.37
4250;CANGUARETAMA;RN;Privada;Urbana;13;485.88;525.78;478.88;473.61;467.69;486.37
4251;SANTANA DE PARNAIBA;SP;Municipal;Urbana;653;498.95;529.86;463.74;457.39;481.93;486.37
4252;SAO FRANCISCO DO OESTE;RN;Estadual;Urbana;17;490.62;524.85;491.62;434.11;490.59;486.36
4253;SAO MIGUEL DO ANTA;MG;Estadual;Rural;9;500.58;559.56;476.58;459.49;435.56;486.35
4254;VENANCIO AIRES;RS;Estadual;Rural;47;504.69;530.81;478.37;457.83;460.0;486.34
4255;FRONTEIRA;MG;Estadual;Urbana;52;510.51;519.51;477.11;462.18;462.31;486.32
4256;GENERAL CARNEIRO;PR;Estadual;Urbana;64;496.46;535.05;465.33;455.94;478.75;486.31
4257;IPEUNA;SP;Estadual;Urbana;46;501.57;536.31;473.65;470.47;449.57;486.31
4258;VIDEIRA;SC;Municipal;Urbana;1;506.1;574.2;524.8;466.4;360.0;486.3
4259;MUNHOZ;MG;Estadual;Urbana;32;503.88;526.18;469.11;439.78;492.5;486.29
4260;RECIFE;PE;Estadual;Urbana;7697;501.49;532.89;465.95;452.43;478.64;486.28
4261;DIVISA ALEGRE;MG;Estadual;Urbana;50;492.11;527.39;456.68;434.75;520.4;486.27
4262;IBIRITE;MG;Estadual;Urbana;799;498.41;539.52;469.64;457.39;466.38;486.27
4263;CURVELO;MG;Estadual;Urbana;469;500.12;532.61;468.37;456.08;473.93;486.22
4264;MALTA;PB;Municipal;Urbana;3;481.7;566.27;483.53;486.23;413.33;486.21
4265;BURITAMA;SP;Estadual;Urbana;86;492.66;533.19;482.96;454.23;467.91;486.19
4266;TRES BARRAS DO PARANA;PR;Estadual;Urbana;94;494.5;535.34;465.03;459.0;477.02;486.18
4267;TAIOBEIRAS;MG;Estadual;Urbana;188;506.38;536.82;470.98;462.38;454.36;486.18
4268;JOSE BOITEUX;SC;Estadual;Urbana;32;480.96;531.68;479.4;457.58;481.25;486.17
4269;SENADOR POMPEU;CE;Estadual;Urbana;231;498.04;528.39;467.71;448.31;488.4;486.17
4270;NONOAI;RS;Estadual;Urbana;59;490.41;531.61;473.5;454.3;481.02;486.17
4271;SANTO ANTONIO DA PATRULHA;RS;Estadual;Rural;20;485.32;523.76;467.78;480.94;473.0;486.16
4272;AGUA FRIA DE GOIAS;GO;Estadual;Urbana;14;512.89;554.11;460.64;460.31;442.86;486.16
4273;CEREJEIRAS;RO;Estadual;Urbana;119;500.96;540.17;473.93;452.8;462.88;486.15
4274;SAO VICENTE;SP;Municipal;Urbana;50;518.71;554.76;460.49;442.28;454.4;486.13
4275;FAXINAL;PR;Estadual;Urbana;77;492.11;532.24;469.48;448.25;488.57;486.13
4276;JAGUARIAIVA;PR;Estadual;Urbana;121;505.34;540.83;464.92;447.02;472.56;486.13
4277;EMBU-GUACU;SP;Estadual;Urbana;436;504.29;529.82;463.26;457.22;476.01;486.12
4278;IPABA;MG;Estadual;Urbana;111;502.66;541.55;467.96;459.36;459.1;486.12
4279;OLHO D AGUA DAS FLORES;AL;Privada;Urbana;25;493.29;512.28;466.05;425.23;533.6;486.09
4280;DIVINO DAS LARANJEIRAS;MG;Estadual;Urbana;38;505.34;534.93;459.84;476.34;453.68;486.03
4281;PIRAQUARA;PR;Municipal;Urbana;6;488.73;545.2;499.22;450.35;446.67;486.03
4282;SANTANA DOS GARROTES;PB;Municipal;Urbana;3;515.97;525.53;408.9;419.77;560.0;486.03
4283;ESPIRITO SANTO DO TURVO;SP;Estadual;Urbana;22;508.4;529.29;463.45;447.11;481.82;486.02
4284;GIRUA;RS;Estadual;Urbana;108;491.37;528.64;473.22;457.0;479.81;486.01
4285;CHUVISCA;RS;Estadual;Urbana;28;485.66;531.64;483.94;434.5;494.29;486.01
4286;SAO ROQUE DO CANAA;ES;Estadual;Rural;22;505.33;528.68;476.32;455.16;464.55;486.01
4287;MONTE CARLO;SC;Estadual;Urbana;42;500.3;538.67;464.6;453.08;473.33;486.0
4288;RIO GRANDE DA SERRA;SP;Estadual;Urbana;228;503.53;528.86;463.99;453.02;480.53;485.99
4289;PARAOPEBA;MG;Estadual;Urbana;121;497.88;528.33;467.37;460.26;476.03;485.98
4290;PARNARAMA;MA;Municipal;Rural;1;551.1;563.2;526.6;409.0;380.0;485.98
4291;EUGENOPOLIS;MG;Estadual;Urbana;38;506.88;536.84;471.3;458.51;456.32;485.97
4292;COCAL;PI;Estadual;Urbana;93;504.01;536.26;473.02;453.88;462.58;485.95
4293;RIOLANDIA;SP;Estadual;Urbana;41;505.51;539.51;481.58;458.58;444.39;485.92
4294;CORDILHEIRA ALTA;SC;Estadual;Urbana;31;484.88;538.77;485.49;459.15;461.29;485.92
4295;JARAGUARI;MS;Estadual;Urbana;22;471.65;504.81;464.03;456.27;532.73;485.9
4296;ITAOBIM;MG;Estadual;Urbana;130;499.91;535.38;455.93;453.23;485.08;485.9
4297;NOVO MUNDO;MT;Estadual;Urbana;28;483.44;527.98;483.72;473.52;460.71;485.87
4298;PARANAVAI;PR;Estadual;Urbana;438;496.6;534.98;468.6;447.17;481.96;485.86
4299;CANAVIEIRAS;BA;Estadual;Urbana;120;506.65;537.82;473.36;448.29;463.17;485.86
4300;RIVERSUL;SP;Estadual;Rural;5;497.26;528.22;481.12;442.64;480.0;485.85
4301;JUNDIAI DO SUL;PR;Estadual;Urbana;24;493.53;530.03;459.29;448.85;497.5;485.84
4302;PIEDADE DO RIO GRANDE;MG;Estadual;Urbana;27;491.63;530.72;470.93;458.16;477.78;485.84
4303;JIJOCA DE JERICOACOARA;CE;Estadual;Urbana;212;489.43;514.55;469.53;462.26;493.4;485.83
4304;MOEMA;MG;Estadual;Urbana;33;505.44;535.64;486.78;468.74;432.45;485.81
4305;SANDOVALINA;SP;Estadual;Urbana;39;491.98;538.17;449.59;435.95;513.33;485.81
4306;GUARANI D OESTE;SP;Estadual;Urbana;5;514.3;542.6;443.02;420.92;508.0;485.77
4307;MORRINHOS;GO;Estadual;Urbana;255;495.24;528.84;475.59;452.04;477.02;485.75
4308;CEU AZUL;PR;Estadual;Rural;7;479.94;518.83;465.44;461.63;502.86;485.74
4309;CONCEICAO DAS ALAGOAS;MG;Estadual;Urbana;123;501.02;530.69;473.72;461.39;461.75;485.71
4310;LAGOA BONITA DO SUL;RS;Estadual;Urbana;17;501.36;538.19;478.23;445.92;464.71;485.68
4311;SAO JOAO DO CARIRI;PB;Estadual;Urbana;35;500.53;526.93;458.88;436.88;505.14;485.67
4312;POUSO REDONDO;SC;Estadual;Urbana;80;494.64;534.84;470.88;464.96;463.0;485.66
4313;PEDRA LAVRADA;PB;Estadual;Urbana;26;499.07;526.8;472.27;431.64;498.46;485.65
4314;ABAIRA;BA;Estadual;Urbana;34;504.49;528.89;466.51;435.26;492.94;485.62
4315;BRASILIA DE MINAS;MG;Estadual;Urbana;167;501.72;532.09;458.46;453.36;482.4;485.6
4316;ARATACA;BA;Estadual;Urbana;21;485.83;528.31;495.26;435.72;482.86;485.6
4317;IPUMIRIM;SC;Estadual;Urbana;48;489.69;530.88;478.87;455.6;472.92;485.59
4318;FAXINALZINHO;RS;Estadual;Urbana;17;504.73;552.75;478.02;419.49;472.94;485.59
4319;SAO JOSE DA BOA VISTA;PR;Estadual;Urbana;25;494.46;539.93;458.78;454.69;480.0;485.57
4320;GUAICARA;SP;Estadual;Urbana;41;496.99;521.99;456.83;443.73;508.29;485.56
4321;SAO PEDRO DO TURVO;SP;Estadual;Urbana;45;499.27;514.44;483.55;429.18;501.33;485.55
4322;BARUERI;SP;Estadual;Urbana;909;504.94;535.74;468.08;451.77;467.15;485.53
4323;NOVA FATIMA;BA;Estadual;Urbana;37;507.78;539.55;460.38;446.32;473.51;485.51
4324;IACRI;SP;Estadual;Urbana;34;500.01;526.44;483.01;440.99;477.06;485.5
4325;GOVERNADOR CELSO RAMOS;SC;Estadual;Urbana;40;503.58;532.84;472.78;465.77;452.5;485.49
4326;IPORA DO OESTE;SC;Estadual;Rural;19;455.93;539.31;492.54;500.69;438.95;485.48
4327;SANTO ANTONIO DA PLATINA;PR;Estadual;Urbana;200;501.21;534.53;466.81;450.67;474.18;485.48
4328;NOVA LIMA;MG;Estadual;Urbana;242;499.72;535.66;473.52;466.54;451.82;485.45
4329;MENDES PIMENTEL;MG;Estadual;Rural;6;507.82;537.27;463.23;432.18;486.67;485.43
4330;SENADOR JOSE PORFIRIO;PA;Municipal;Urbana;3;470.63;504.3;449.9;375.67;626.67;485.43
4331;JOAO RAMALHO;SP;Estadual;Urbana;18;502.31;543.63;462.07;440.11;478.89;485.4
4332;COSMORAMA;SP;Estadual;Urbana;37;503.45;537.23;467.99;444.75;473.51;485.39
4333;SERRANOS;MG;Estadual;Urbana;12;474.84;531.04;488.49;437.46;495.0;485.37
4334;IBICARE;SC;Estadual;Urbana;17;503.92;535.18;465.18;443.73;478.82;485.37
4335;MALACACHETA;MG;Estadual;Urbana;116;491.68;538.41;469.65;453.98;473.1;485.36
4336;CATALAO;GO;Estadual;Urbana;348;500.95;532.04;475.62;447.76;470.42;485.36
4337;BELA VISTA DE GOIAS;GO;Estadual;Urbana;96;499.09;545.13;470.7;442.29;469.58;485.36
4338;VALENTIM GENTIL;SP;Estadual;Urbana;55;500.25;523.29;468.31;463.99;470.91;485.35
4339;SAO JOAO DO PARAISO;MG;Estadual;Urbana;89;500.92;528.61;481.99;446.22;468.99;485.35
4340;MOSTARDAS;RS;Estadual;Urbana;56;507.39;544.44;467.27;448.65;458.93;485.34
4341;SAO JERONIMO;RS;Estadual;Urbana;88;500.86;524.49;459.99;448.65;492.73;485.34
4342;GLORIA DE DOURADOS;MS;Estadual;Urbana;64;494.78;527.3;472.07;452.27;480.31;485.34
4343;NOVA CANAA DO NORTE;MT;Estadual;Urbana;47;497.17;526.69;475.84;449.5;477.45;485.33
4344;TRES RIOS;RJ;Estadual;Urbana;330;497.66;532.6;466.31;447.22;482.85;485.33
4345;MOGI GUACU;SP;Estadual;Rural;8;522.81;540.11;470.56;465.64;427.5;485.32
4346;RANCHARIA;SP;Estadual;Urbana;200;502.41;537.29;470.68;456.82;459.26;485.29
4347;CACHOEIRA;BA;Privada;Urbana;18;508.66;518.67;471.03;450.24;477.78;485.28
4348;PLANALTINO;BA;Estadual;Urbana;25;494.14;529.68;462.59;456.76;483.2;485.27
4349;FORTALEZA;CE;Estadual;Urbana;15884;499.57;531.65;466.51;451.47;477.02;485.25
4350;CORONEL MACEDO;SP;Estadual;Urbana;49;498.98;534.44;490.09;456.16;446.53;485.24
4351;SINOP;MT;Estadual;Urbana;910;495.23;533.94;471.58;451.77;473.65;485.23
4352;SANTA CECILIA DO PAVAO;PR;Estadual;Urbana;15;484.3;541.65;476.95;428.58;494.67;485.23
4353;SEBASTIANOPOLIS DO SUL;SP;Estadual;Urbana;22;500.25;531.11;472.98;420.89;500.91;485.23
4354;JOAO PINHEIRO;MG;Estadual;Urbana;332;494.55;528.39;476.68;458.09;468.27;485.2
4355;DAVINOPOLIS;GO;Estadual;Urbana;7;489.69;566.59;501.9;467.77;400.0;485.19
4356;BANDEIRA;MG;Estadual;Urbana;17;495.51;521.31;473.4;506.32;429.41;485.19
4357;VIANA;MA;Privada;Urbana;18;490.43;525.57;462.91;435.87;511.11;485.18
4358;PAPAGAIOS;MG;Estadual;Urbana;71;497.37;520.93;480.83;456.92;469.86;485.18
4359;QUEDAS DO IGUACU;PR;Estadual;Rural;46;498.26;529.66;483.13;458.69;456.09;485.17
4360;CAPAO DO LEAO;RS;Estadual;Urbana;108;507.51;537.17;467.5;451.27;462.41;485.17
4361;ACAUA;PI;Estadual;Rural;12;515.12;527.61;474.83;464.96;443.33;485.17
4362;SANTA VITORIA DO PALMAR;RS;Estadual;Urbana;194;503.11;527.69;466.44;452.4;476.2;485.17
4363;ITAIOPOLIS;SC;Estadual;Urbana;70;492.51;536.4;474.18;463.63;459.14;485.17
4364;NOVA IGUACU;RJ;Estadual;Urbana;3788;498.9;529.87;466.42;451.11;479.46;485.15
4365;NOVAIS;SP;Estadual;Urbana;19;512.04;524.15;475.14;454.4;460.0;485.15
4366;SAO JOAO DE MERITI;RJ;Estadual;Urbana;2290;498.89;529.99;462.86;446.97;486.93;485.13
4367;ADUSTINA;BA;Estadual;Urbana;61;499.67;523.92;466.13;441.18;494.75;485.13
4368;TENENTE PORTELA;RS;Privada;Urbana;17;505.62;544.81;440.65;438.04;496.47;485.12
4369;JUAZEIRO DO NORTE;CE;Estadual;Urbana;2336;493.96;530.12;466.98;448.82;485.59;485.1
4370;ITAPUCA;RS;Estadual;Urbana;4;502.42;469.5;484.92;408.65;560.0;485.1
4371;ESMERALDAS;MG;Estadual;Rural;10;502.88;559.16;457.23;448.2;458.0;485.09
4372;RONDONOPOLIS;MT;Estadual;Urbana;1318;493.95;532.1;469.55;452.75;477.06;485.08
4373;MATO CASTELHANO;RS;Estadual;Urbana;16;500.13;529.07;458.61;443.84;493.75;485.08
4374;ALTO PARAISO DE GOIAS;GO;Estadual;Urbana;17;511.42;529.55;461.28;434.61;488.47;485.07
4375;CAMPINAS DO SUL;RS;Estadual;Urbana;40;489.02;508.17;463.36;460.77;504.0;485.06
4376;TIJUCAS DO SUL;PR;Estadual;Rural;33;501.25;538.65;471.62;454.34;459.39;485.05
4377;OURO VERDE;SP;Estadual;Urbana;36;491.05;518.02;469.02;469.85;477.22;485.03
4378;JARINU;SP;Estadual;Urbana;127;504.44;536.23;463.19;451.62;469.61;485.02
4379;CONDEUBA;BA;Estadual;Urbana;85;499.89;529.61;453.73;434.59;507.29;485.02
4380;DOUTOR SEVERIANO;RN;Estadual;Urbana;50;483.89;515.03;463.26;458.91;504.0;485.02
4381;ITINGA;MG;Estadual;Urbana;54;488.75;533.95;457.81;454.24;490.37;485.02
4382;MANGUEIRINHA;PR;Estadual;Urbana;89;492.55;532.97;469.26;457.66;472.58;485.01
4383;RIANAPOLIS;GO;Estadual;Urbana;33;476.6;540.18;478.15;493.77;436.36;485.01
4384;LUPIONOPOLIS;PR;Estadual;Urbana;35;478.05;521.92;459.63;440.27;525.14;485.0
4385;MANOEL RIBAS;PR;Estadual;Urbana;92;489.73;541.23;472.18;453.08;468.7;484.98
4386;SERRA DO SALITRE;MG;Estadual;Urbana;69;503.2;531.69;468.85;458.24;462.9;484.97
4387;PROFESSOR JAMIL;GO;Estadual;Urbana;25;501.79;527.54;474.12;445.37;476.0;484.96
4388;EUSEBIO;CE;Estadual;Urbana;393;498.7;527.4;473.34;453.07;472.26;484.96
4389;CARPINA;PE;Estadual;Urbana;533;496.22;534.92;469.59;453.7;470.32;484.95
4390;GARCA;SP;Estadual;Urbana;263;504.54;534.38;468.18;453.69;463.95;484.95
4391;RIBEIRAO VERMELHO;MG;Estadual;Urbana;16;478.82;512.56;447.7;456.81;528.75;484.93
4392;LEOPOLDO DE BULHOES;GO;Estadual;Urbana;36;502.32;522.85;480.35;464.65;454.44;484.92
4393;IPUEIRA;RN;Estadual;Urbana;23;480.83;532.98;456.22;450.9;503.48;484.88
4394;TUBARAO;SC;Estadual;Rural;22;494.47;535.55;450.73;441.8;501.82;484.87
4395;PRIMAVERA DO LESTE;MT;Estadual;Urbana;464;493.01;533.43;474.1;447.42;476.38;484.87
4396;BURITINOPOLIS;GO;Municipal;Urbana;2;451.1;552.7;512.95;467.55;440.0;484.86
4397;SANTA ERNESTINA;SP;Estadual;Urbana;34;502.82;533.3;472.5;455.64;460.0;484.85
4398;FORMOSA DO SUL;SC;Estadual;Urbana;22;496.4;526.28;476.38;460.62;464.55;484.85
4399;CALDAS NOVAS;GO;Estadual;Urbana;469;496.15;531.52;471.68;455.89;468.78;484.81
4400;MALTA;PB;Estadual;Urbana;34;482.51;524.21;465.38;476.09;475.88;484.81
4401;SANTA CRUZ DO CAPIBARIBE;PE;Estadual;Urbana;483;496.89;534.25;471.71;456.13;464.97;484.79
4402;QUITANDINHA;PR;Estadual;Rural;36;491.59;540.39;465.05;460.21;466.67;484.78
4403;SAO FRANCISCO;SE;Estadual;Urbana;9;492.37;535.88;445.82;416.5;533.33;484.78
4404;IMBITUVA;PR;Estadual;Rural;14;503.58;554.81;466.62;447.41;451.43;484.77
4405;ALAGOINHAS;BA;Estadual;Urbana;513;497.0;539.57;472.47;451.25;463.43;484.75
4406;ABELARDO LUZ;SC;Estadual;Urbana;63;495.36;520.18;469.75;426.41;512.06;484.75
4407;CRUZETA;RN;Estadual;Urbana;48;492.5;524.15;468.02;434.45;504.58;484.74
4408;PACAEMBU;SP;Estadual;Urbana;43;500.44;534.05;456.91;445.26;486.98;484.73
4409;SOLEDADE;PB;Estadual;Urbana;85;503.41;533.55;464.52;450.87;471.29;484.73
4410;FEIRA DE SANTANA;BA;Estadual;Urbana;2606;498.68;537.18;468.62;449.83;469.31;484.72
4411;LUIZIANA;PR;Estadual;Urbana;28;500.45;525.96;460.1;458.42;478.57;484.7
4412;DIAMANTINO;MT;Estadual;Urbana;79;493.75;538.78;474.0;447.53;469.37;484.69
4413;CAMPINA VERDE;MG;Estadual;Urbana;77;492.77;530.16;468.85;467.95;463.64;484.67
4414;PIQUETE;SP;Estadual;Urbana;48;499.52;537.75;458.84;450.57;476.67;484.67
4415;NOSSA SENHORA DAS GRACAS;PR;Estadual;Urbana;22;484.6;548.7;466.08;464.9;459.09;484.67
4416;CAJATI;SP;Municipal;Rural;1;489.3;513.6;426.4;514.0;480.0;484.66
4417;QUIXABA;PE;Estadual;Urbana;48;492.67;530.62;468.42;452.34;479.17;484.64
4418;MONCOES;SP;Estadual;Urbana;14;503.7;515.23;457.66;466.64;480.0;484.64
4419;UNIAO DO OESTE;SC;Estadual;Urbana;23;484.45;531.7;489.5;492.29;425.22;484.63
4420;GOIOERE;PR;Estadual;Urbana;207;495.97;533.27;466.35;450.63;476.91;484.62
4421;ARNEIROZ;CE;Estadual;Urbana;52;496.0;513.13;469.98;439.98;503.85;484.59
4422;TUMIRITINGA;MG;Estadual;Urbana;35;501.57;537.43;468.05;447.23;468.57;484.57
4423;BOM SUCESSO DE ITARARE;SP;Estadual;Urbana;21;503.75;511.99;470.7;487.68;448.57;484.54
4424;DOM FELICIANO;RS;Estadual;Urbana;82;505.65;536.65;467.9;448.61;463.9;484.54
4425;TELEMACO BORBA;PR;Municipal;Urbana;4;495.98;595.55;465.88;435.08;430.0;484.5
4426;SUCUPIRA DO RIACHAO;MA;Municipal;Rural;1;478.9;464.3;511.1;368.2;600.0;484.5
4427;LIMEIRA;SP;Estadual;Rural;17;515.21;550.98;455.99;440.28;460.0;484.49
4428;ESPINOSA;MG;Estadual;Urbana;120;500.73;531.49;468.36;459.66;462.17;484.48
4429;CACHOEIRO DE ITAPEMIRIM;ES;Estadual;Urbana;1406;495.3;528.97;466.12;453.26;478.75;484.48
4430;ALEGRETE;RS;Estadual;Urbana;518;496.39;535.57;469.62;452.61;468.12;484.46
4431;RIO DO FOGO;RN;Municipal;Rural;1;425.5;478.6;482.1;436.1;600.0;484.46
4432;ITAUNA;MG;Municipal;Urbana;7;505.73;552.71;448.91;474.93;440.0;484.46
4433;VILA NOVA DO PIAUI;PI;Estadual;Urbana;7;478.37;478.13;473.0;438.53;554.29;484.46
4434;SALDANHA MARINHO;RS;Estadual;Urbana;23;488.46;525.94;471.77;428.27;507.83;484.45
4435;SAO JOAO DA LAGOA;MG;Estadual;Urbana;29;496.94;533.39;477.6;457.05;457.24;484.44
4436;CAPITAO;RS;Estadual;Urbana;19;479.67;515.06;475.11;479.7;472.63;484.43
4437;ITAPARICA;BA;Estadual;Urbana;113;496.05;536.39;480.49;453.71;455.4;484.41
4438;CUPIRA;PE;Estadual;Urbana;142;492.67;523.17;463.92;462.14;480.14;484.41
4439;BARAUNA;PB;Estadual;Urbana;29;495.56;529.0;470.05;462.59;464.83;484.41
4440;VARJAO;GO;Estadual;Urbana;15;512.63;532.89;465.43;428.39;482.67;484.4
4441;SAO FELIX DE MINAS;MG;Estadual;Urbana;13;480.08;516.05;479.28;471.17;475.38;484.39
4442;AGUA BOA;MT;Estadual;Urbana;124;501.31;535.06;477.51;445.12;462.9;484.38
4443;SEARA;SC;Privada;Urbana;1;483.9;552.2;483.2;482.6;420.0;484.38
4444;ANDRE DA ROCHA;RS;Estadual;Urbana;4;504.95;527.42;452.68;426.82;510.0;484.38
4445;SANTANA DO DESERTO;MG;Estadual;Urbana;11;498.34;538.59;458.19;477.65;449.09;484.37
4446;TACIBA;SP;Estadual;Urbana;25;493.29;527.48;481.02;459.15;460.8;484.35
4447;VITORIA DO MEARIM;MA;Privada;Urbana;13;496.73;523.2;467.47;422.0;512.31;484.34
4448;URUARA;PA;Municipal;Rural;3;488.9;551.53;474.47;413.43;493.33;484.33
4449;BARRINHA;SP;Estadual;Urbana;162;496.48;523.16;467.42;452.6;481.98;484.33
4450;BUGRE;MG;Estadual;Urbana;20;486.92;528.71;467.02;461.88;477.0;484.31
4451;OURO VERDE DE GOIAS;GO;Estadual;Urbana;26;497.27;533.35;477.8;456.76;456.27;484.29
4452;SAO MATEUS;ES;Estadual;Urbana;837;491.23;527.99;473.73;457.84;470.61;484.28
4453;MARUMBI;PR;Estadual;Urbana;33;504.41;540.21;457.04;436.0;483.64;484.26
4454;JENIPAPO DE MINAS;MG;Estadual;Urbana;46;503.24;527.77;483.09;452.82;454.35;484.26
4455;COQUEIRAL;MG;Estadual;Urbana;70;497.8;524.14;468.29;473.81;457.14;484.24
4456;ALVORADA;TO;Estadual;Urbana;47;489.1;530.13;475.11;459.2;467.66;484.24
4457;ARAPONGA;MG;Estadual;Urbana;42;502.62;529.64;464.35;456.85;467.62;484.22
4458;MACHADO;MG;Estadual;Urbana;143;497.88;535.0;464.33;451.49;472.31;484.2
4459;CANTAGALO;RJ;Municipal;Urbana;1;460.1;515.5;536.5;548.9;360.0;484.2
4460;AFONSO CLAUDIO;ES;Estadual;Urbana;204;487.85;519.78;469.98;450.6;492.75;484.19
4461;SAO CARLOS DO IVAI;PR;Estadual;Urbana;35;480.15;532.41;479.33;434.71;494.29;484.18
4462;ITAGUACU;ES;Estadual;Urbana;103;491.58;522.8;474.69;458.17;473.59;484.17
4463;ALMIRANTE TAMANDARE;PR;Estadual;Urbana;335;499.74;537.25;472.28;453.4;458.15;484.17
4464;PORTELANDIA;GO;Estadual;Urbana;31;480.79;520.22;483.97;480.25;455.48;484.14
4465;JAIBA;MG;Estadual;Urbana;108;490.46;528.42;465.86;464.39;471.48;484.12
4466;JARDINOPOLIS;SP;Estadual;Urbana;123;500.93;531.66;479.52;467.17;441.3;484.11
4467;PARANAITA;MT;Estadual;Rural;13;513.22;532.75;472.35;462.12;440.0;484.09
4468;GUATAPARA;SP;Estadual;Urbana;26;497.05;539.76;487.58;447.57;448.46;484.09
4469;WITMARSUM;SC;Estadual;Urbana;29;481.82;547.05;476.29;486.99;428.28;484.09
4470;MUCUGE;BA;Estadual;Urbana;44;504.88;522.56;461.94;444.11;486.82;484.06
4471;FRONTEIRA DOS VALES;MG;Municipal;Rural;1;509.6;620.9;413.9;395.9;480.0;484.06
4472;ITAPEVI;SP;Estadual;Urbana;937;504.58;533.43;461.86;453.42;466.98;484.05
4473;PARAPUA;SP;Estadual;Urbana;31;502.45;519.55;450.65;444.33;503.23;484.04
4474;FORMOSA DO OESTE;PR;Estadual;Urbana;32;473.16;533.42;473.42;475.19;465.0;484.04
4475;SAO JOAO DE IRACEMA;SP;Estadual;Urbana;11;503.8;525.16;465.09;506.16;420.0;484.04
4476;SAO JERONIMO DA SERRA;PR;Estadual;Urbana;44;496.36;531.39;454.1;452.37;485.91;484.03
4477;AQUIDAUANA;MS;Estadual;Urbana;221;498.06;533.57;468.71;451.93;467.87;484.03
4478;MANDIRITUBA;PR;Estadual;Urbana;118;496.17;526.21;464.9;459.62;473.22;484.02
4479;PAIM FILHO;RS;Estadual;Urbana;36;481.48;528.56;474.28;468.54;467.22;484.02
4480;TIJUCAS;SC;Estadual;Rural;26;494.08;526.38;490.67;427.38;481.54;484.01
4481;SIMAO DIAS;SE;Estadual;Urbana;184;491.7;530.66;474.84;454.7;468.15;484.01
4482;PONTE NOVA;MG;Estadual;Urbana;275;503.17;529.16;470.51;456.7;460.43;484.0
4483;PALMA SOLA;SC;Estadual;Urbana;43;488.61;529.17;482.93;452.77;466.51;484.0
4484;JAU;SP;Municipal;Urbana;1;492.8;464.2;466.5;356.5;640.0;484.0
4485;CONCEICAO DE MACABU;RJ;Estadual;Urbana;83;492.57;530.42;457.61;456.43;482.89;483.98
4486;SAUDADE DO IGUACU;PR;Estadual;Urbana;38;493.41;528.56;478.63;446.55;472.63;483.96
4487;FAZENDA NOVA;GO;Estadual;Urbana;57;488.36;532.92;479.45;458.65;460.35;483.95
4488;ROSARIO OESTE;MT;Municipal;Rural;1;539.4;483.7;586.3;350.3;460.0;483.94
4489;RIQUEZA;SC;Estadual;Urbana;41;484.7;537.8;465.28;465.03;466.83;483.93
4490;SAO JORGE DO PATROCINIO;PR;Estadual;Urbana;37;480.15;538.78;463.83;471.45;465.41;483.92
4491;IMBE DE MINAS;MG;Estadual;Urbana;29;496.22;530.15;478.29;457.01;457.93;483.92
4492;DIOGO DE VASCONCELOS;MG;Estadual;Urbana;17;497.38;534.67;450.39;459.52;477.65;483.92
4493;TARUMIRIM;MG;Estadual;Urbana;74;493.9;533.15;471.22;443.07;478.11;483.89
4494;MIRANDOPOLIS;SP;Estadual;Urbana;91;504.56;529.42;461.61;448.65;475.05;483.86
4495;VARGEM GRANDE DO RIO PARDO;MG;Estadual;Urbana;37;498.82;536.49;472.18;453.39;458.38;483.85
4496;PEREIRA BARRETO;SP;Estadual;Urbana;117;503.23;531.71;468.56;443.42;472.31;483.85
4497;CHAPADAO DO SUL;MS;Estadual;Urbana;121;498.22;527.4;470.26;457.44;465.95;483.85
4498;LAJEDO;PE;Estadual;Urbana;257;489.15;523.97;468.72;464.02;473.31;483.83
4499;LAPA;PR;Estadual;Rural;49;489.94;537.18;465.93;449.73;476.33;483.82
4500;NOVA ANDRADINA;MS;Estadual;Urbana;281;499.39;532.18;474.76;454.6;458.15;483.82
4501;BOM JESUS DE GOIAS;GO;Estadual;Urbana;98;497.52;527.28;480.88;461.91;451.43;483.8
4502;CONSELHEIRO MAIRINCK;PR;Estadual;Urbana;30;501.05;522.58;467.88;444.15;483.33;483.8
4503;CANTAGALO;PR;Estadual;Urbana;73;496.22;537.19;484.29;441.26;460.0;483.79
4504;MONTE AZUL;MG;Estadual;Urbana;64;499.38;526.81;458.7;459.61;474.38;483.78
4505;PARACAMBI;RJ;Estadual;Urbana;237;500.7;528.0;469.5;446.93;473.67;483.76
4506;BAIAO;PA;Municipal;Rural;1;492.5;558.3;452.0;416.0;500.0;483.76
4507;BALSAMO;SP;Estadual;Urbana;45;518.81;532.13;457.31;452.2;458.22;483.73
4508;IAPU;MG;Estadual;Urbana;42;497.22;532.51;483.97;467.79;437.14;483.73
4509;ARROIO GRANDE;RS;Estadual;Urbana;128;505.94;524.43;464.92;451.86;471.41;483.71
4510;PEABIRU;PR;Estadual;Urbana;73;504.41;530.7;469.02;446.94;467.4;483.69
4511;ORLEANS;SC;Estadual;Urbana;113;484.22;533.48;476.63;449.98;474.16;483.69
4512;TAIACU;SP;Estadual;Urbana;36;503.81;529.99;464.34;446.44;473.89;483.69
4513;MESQUITA;RJ;Estadual;Urbana;691;503.55;530.46;463.63;446.25;474.47;483.67
4514;GANDU;BA;Estadual;Urbana;174;496.89;533.07;464.39;440.74;483.22;483.66
4515;EDEIA;GO;Estadual;Urbana;68;489.22;535.61;453.9;439.89;499.71;483.66
4516;JOVIANIA;GO;Estadual;Urbana;34;489.71;510.15;475.89;453.71;488.82;483.66
4517;ARENAPOLIS;MT;Estadual;Urbana;65;503.62;532.9;467.92;436.02;477.85;483.66
4518;MORRO REUTER;RS;Estadual;Urbana;33;503.94;533.79;464.42;466.21;449.7;483.61
4519;PICUI;PB;Estadual;Urbana;130;488.6;528.39;469.21;441.52;490.31;483.6
4520;VALE DO PARAISO;RO;Estadual;Urbana;53;494.96;548.79;476.87;469.05;428.3;483.6
4521;CAMPO NOVO;RS;Estadual;Urbana;19;503.3;522.54;445.76;436.86;509.47;483.59
4522;CAMBORIU;SC;Estadual;Urbana;272;497.35;539.79;465.24;447.7;467.79;483.58
4523;PADRE PARAISO;MG;Estadual;Urbana;53;495.56;524.45;464.91;462.82;470.19;483.58
4524;JEQUIE;BA;Estadual;Urbana;697;495.8;535.81;467.42;448.9;469.9;483.57
4525;JERONIMO MONTEIRO;ES;Estadual;Urbana;48;485.48;521.64;467.26;450.99;492.5;483.57
4526;LARANJA DA TERRA;ES;Estadual;Urbana;109;499.51;525.84;468.91;469.26;454.31;483.57
4527;GUARAPARI;ES;Estadual;Urbana;747;494.79;531.02;472.13;450.04;469.78;483.55
4528;CLEVELANDIA;PR;Estadual;Urbana;181;486.44;533.27;473.17;459.11;465.75;483.55
4529;RIBEIROPOLIS;SE;Estadual;Urbana;137;486.61;520.26;484.38;444.39;482.04;483.54
4530;ITAGUARU;GO;Estadual;Urbana;47;489.85;524.39;482.16;461.71;459.57;483.54
4531;PLANALTO ALEGRE;SC;Estadual;Urbana;25;487.94;525.25;487.41;474.58;442.4;483.51
4532;DOM BOSCO;MG;Estadual;Urbana;39;502.77;536.19;463.85;441.44;473.33;483.51
4533;RESERVA;PR;Estadual;Urbana;65;497.29;534.87;472.88;460.19;452.31;483.51
4534;PITIMBU;PB;Estadual;Urbana;7;517.96;524.71;478.16;445.2;451.43;483.49
4535;PANAMA;GO;Estadual;Urbana;11;523.49;530.37;466.21;451.85;445.45;483.48
4536;TIO HUGO;RS;Estadual;Urbana;12;497.58;509.16;458.36;438.97;513.33;483.48
4537;PRESIDENTE MEDICI;MA;Municipal;Urbana;6;482.1;548.05;456.32;477.57;453.33;483.47
4538;GASTAO VIDIGAL;SP;Estadual;Urbana;32;498.24;519.81;455.91;472.11;471.25;483.46
4539;ARACU;GO;Estadual;Urbana;20;513.85;532.16;471.28;444.94;455.0;483.45
4540;MUNHOZ DE MELO;PR;Estadual;Urbana;24;476.52;547.05;465.68;429.61;498.33;483.44
4541;ELDORADO;MS;Estadual;Urbana;55;489.15;529.59;461.01;455.89;481.53;483.43
4542;IBIRAREMA;SP;Estadual;Urbana;27;507.69;539.03;472.72;435.46;462.22;483.42
4543;BAGE;RS;Estadual;Urbana;696;501.91;534.28;467.11;459.09;454.71;483.42
4544;SANTO ANASTACIO;SP;Estadual;Urbana;108;495.5;530.12;470.92;454.44;466.11;483.42
4545;ZORTEA;SC;Estadual;Urbana;28;499.11;533.05;461.11;448.78;475.0;483.41
4546;AGUAS FRIAS;SC;Estadual;Urbana;21;485.4;544.76;497.75;457.64;431.43;483.4
4547;CAMPO VERDE;MT;Estadual;Urbana;212;490.35;530.47;473.7;456.85;465.57;483.39
4548;PACAJA;PA;Estadual;Rural;59;489.53;534.81;469.17;450.41;472.88;483.36
4549;SANTO ANTONIO DE GOIAS;GO;Estadual;Urbana;39;506.28;545.09;491.08;451.22;423.08;483.35
4550;GUIA LOPES DA LAGUNA;MS;Estadual;Urbana;71;499.71;534.56;465.96;457.59;458.87;483.34
4551;VARZEA GRANDE;MT;Privada;Urbana;219;493.17;526.45;472.26;456.43;468.31;483.32
4552;BETANIA;PE;Estadual;Urbana;33;499.82;528.75;465.29;428.15;494.55;483.31
4553;SAO JOSE DA VITORIA;BA;Estadual;Urbana;23;482.18;554.9;461.04;434.03;484.35;483.3
4554;LUPERCIO;SP;Estadual;Urbana;25;481.77;535.9;462.34;439.47;496.8;483.26
4555;DIVISA NOVA;MG;Estadual;Urbana;24;498.93;540.12;470.18;452.01;455.0;483.25
4556;BARRINHA;SP;Privada;Urbana;1;472.9;519.8;567.6;435.9;420.0;483.24
4557;NOVA ARACA;RS;Estadual;Urbana;19;495.01;528.46;452.09;431.1;509.47;483.23
4558;PEDRAS GRANDES;SC;Estadual;Urbana;20;506.36;519.81;464.76;477.21;448.0;483.23
4559;NANUQUE;MG;Estadual;Urbana;153;499.15;529.63;471.2;450.57;465.62;483.23
4560;SAO LUIS;MA;Privada;Rural;1;483.3;562.5;491.9;418.4;460.0;483.22
4561;QUINZE DE NOVEMBRO;RS;Estadual;Urbana;14;486.77;528.03;484.31;476.96;440.0;483.21
4562;URBANO SANTOS;MA;Privada;Urbana;26;488.12;531.26;472.82;430.71;493.08;483.2
4563;ITAGUAI;RJ;Estadual;Urbana;550;499.34;529.56;468.08;445.46;473.53;483.19
4564;MACEDONIA;SP;Estadual;Urbana;21;493.3;519.71;469.39;452.6;480.95;483.19
4565;FORQUILHINHA;SC;Estadual;Urbana;108;485.78;530.32;474.22;450.95;474.63;483.18
4566;SAO THOME DAS LETRAS;MG;Estadual;Rural;13;509.37;520.55;479.55;464.87;441.54;483.18
4567;VARGEM BONITA;MG;Estadual;Urbana;8;501.2;518.46;464.8;473.85;457.5;483.16
4568;LOANDA;PR;Estadual;Urbana;70;498.43;532.43;472.89;446.35;465.71;483.16
4569;PEDRO DE TOLEDO;SP;Estadual;Urbana;65;504.52;534.08;461.55;443.28;472.31;483.15
4570;JANDIRA;SP;Estadual;Urbana;536;501.46;532.91;464.45;451.34;465.34;483.1
4571;TANGARA DA SERRA;MT;Estadual;Urbana;597;489.23;525.29;464.37;452.15;484.42;483.09
4572;JUAZEIRO DO NORTE;CE;Municipal;Urbana;3;511.17;513.03;509.47;441.73;440.0;483.08
4573;CAPUTIRA;MG;Estadual;Urbana;45;497.08;524.76;474.9;446.21;472.44;483.08
4574;CRISTALINA;GO;Estadual;Urbana;215;500.59;537.41;475.63;454.56;447.16;483.07
4575;MACAE;RJ;Municipal;Rural;7;504.94;563.3;484.44;445.5;417.14;483.07
4576;BOM JESUS DO GALHO;MG;Estadual;Urbana;64;488.23;521.66;483.31;456.08;465.94;483.04
4577;ITABUNA;BA;Estadual;Urbana;1103;496.19;535.93;466.75;439.59;476.75;483.04
4578;ARACAJU;SE;Estadual;Urbana;2466;494.88;532.57;469.94;444.23;473.56;483.03
4579;ARVOREDO;SC;Estadual;Urbana;18;487.38;539.17;473.09;487.66;427.78;483.02
4580;SALINAS;MG;Estadual;Urbana;215;502.47;529.29;463.1;456.42;463.81;483.02
4581;ALTO ALEGRE;SP;Estadual;Urbana;17;499.74;528.48;476.06;482.56;428.24;483.01
4582;COUTO DE MAGALHAES DE MINAS;MG;Estadual;Urbana;44;488.79;527.74;474.67;450.11;473.64;482.99
4583;PRUDENTOPOLIS;PR;Estadual;Urbana;183;497.29;530.81;471.54;446.45;468.74;482.97
4584;JACAREZINHO;PR;Estadual;Urbana;225;498.73;541.03;461.83;441.25;472.0;482.97
4585;LAGOA DOS GATOS;PE;Estadual;Urbana;75;491.49;529.59;449.27;445.28;499.2;482.96
4586;MURUTINGA DO SUL;SP;Estadual;Urbana;32;503.18;514.62;458.81;443.19;495.0;482.96
4587;ENGENHEIRO CALDAS;MG;Estadual;Urbana;66;497.62;531.58;469.59;454.73;461.21;482.95
4588;PARAGUACU PAULISTA;SP;Estadual;Urbana;201;499.93;528.27;474.58;444.11;467.76;482.93
4589;BANDEIRANTES;PR;Estadual;Urbana;147;495.45;529.62;465.54;439.77;484.22;482.92
4590;SAO VICENTE;RN;Estadual;Urbana;33;494.71;528.38;456.13;456.56;478.79;482.91
4591;SAO FELIX DE BALSAS;MA;Estadual;Rural;1;545.4;566.4;535.0;327.7;440.0;482.9
4592;SANT ANA DO LIVRAMENTO;RS;Estadual;Urbana;497;504.7;532.44;462.96;446.18;468.05;482.87
4593;PORECATU;PR;Estadual;Urbana;100;499.73;527.83;470.58;445.38;470.8;482.87
4594;ARVOREZINHA;RS;Estadual;Urbana;68;489.51;521.86;466.83;456.09;480.0;482.86
4595;UBAJARA;CE;Estadual;Urbana;438;491.78;517.87;474.12;453.38;477.08;482.85
4596;CUMARU;PE;Estadual;Urbana;84;507.39;524.44;469.81;445.35;467.14;482.83
4597;CATANDUVAS;PR;Estadual;Urbana;46;498.6;533.18;473.11;447.09;462.17;482.83
4598;JOAO CAMARA;RN;Privada;Urbana;23;508.13;539.53;456.62;442.04;467.83;482.83
4599;SANCLERLANDIA;GO;Estadual;Urbana;58;488.56;529.85;473.77;457.42;464.48;482.82
4600;FLORESTA;PR;Estadual;Urbana;46;494.33;527.18;466.15;430.28;496.09;482.8
4601;JEQUITINHONHA;MG;Estadual;Urbana;111;499.41;532.99;471.81;453.66;456.04;482.78
4602;BRASILIA DE MINAS;MG;Estadual;Rural;9;511.11;551.82;455.64;424.17;471.11;482.77
4603;TAPURAH;MT;Estadual;Urbana;60;493.77;535.88;465.88;449.97;468.33;482.77
4604;PALMEIRAS;BA;Municipal;Rural;6;496.95;520.07;456.5;486.88;453.33;482.75
4605;MARACAJA;SC;Estadual;Urbana;39;490.38;539.85;461.22;449.97;472.31;482.75
4606;RAPOSOS;MG;Estadual;Urbana;71;499.66;527.11;461.64;452.39;472.96;482.75
4607;TRES PALMEIRAS;RS;Estadual;Urbana;22;486.22;533.85;479.67;469.4;444.55;482.74
4608;PINHALZINHO;SP;Municipal;Urbana;1;521.0;525.3;439.0;408.4;520.0;482.74
4609;RIO DO ANTONIO;BA;Estadual;Urbana;72;491.12;518.94;470.99;458.03;474.44;482.71
4610;ICAPUI;CE;Estadual;Urbana;126;485.28;519.47;479.94;451.76;476.98;482.69
4611;CHARQUEADAS;RS;Estadual;Urbana;139;502.27;530.46;461.71;446.74;472.23;482.68
4612;ALTO GARCAS;MT;Estadual;Urbana;35;494.47;534.35;465.33;462.65;456.57;482.67
4613;MACHADINHO;RS;Estadual;Urbana;30;488.38;534.41;472.82;447.52;470.0;482.63
4614;ITAVERAVA;MG;Estadual;Urbana;17;498.73;517.89;478.73;490.68;427.06;482.62
4615;NOVO PROGRESSO;PA;Estadual;Urbana;125;491.41;532.88;466.71;446.26;475.84;482.62
4616;ALTO TAQUARI;MT;Estadual;Urbana;37;486.62;534.92;485.38;466.7;439.46;482.62
4617;CANELA;RS;Estadual;Urbana;138;497.01;536.29;466.02;456.75;456.96;482.61
4618;ABADIA DE GOIAS;GO;Estadual;Urbana;39;495.58;528.96;454.79;447.42;486.15;482.58
4619;GOIATINS;TO;Municipal;Rural;2;494.4;547.2;469.65;451.6;450.0;482.57
4620;LEME DO PRADO;MG;Estadual;Rural;3;507.53;540.33;451.7;446.63;466.67;482.57
4621;BARRETOS;SP;Estadual;Rural;6;486.23;517.67;486.05;519.5;403.33;482.56
4622;QUADRA;SP;Estadual;Urbana;15;493.1;513.28;459.32;460.33;486.67;482.54
4623;ICARA;SC;Estadual;Urbana;299;487.63;528.37;469.24;448.58;478.86;482.54
4624;DIONISIO CERQUEIRA;SC;Estadual;Urbana;60;493.42;543.13;469.85;447.62;458.67;482.54
4625;CURRAIS NOVOS;RN;Estadual;Urbana;278;499.76;534.0;464.49;440.88;473.31;482.49
4626;NATIVIDADE DA SERRA;SP;Estadual;Urbana;37;501.6;519.81;452.35;453.85;484.86;482.49
4627;PARAIBUNA;SP;Estadual;Urbana;80;498.61;526.76;475.81;462.48;448.75;482.49
4628;CAPELINHA;MG;Estadual;Rural;14;501.31;503.82;498.86;459.91;448.57;482.49
4629;SANTANA DO PARAISO;MG;Estadual;Urbana;160;496.55;527.41;464.09;459.17;465.12;482.47
4630;PROMISSAO;SP;Estadual;Urbana;169;495.74;528.78;468.13;453.56;466.04;482.45
4631;RIO BRILHANTE;MS;Estadual;Urbana;154;495.46;530.12;471.98;454.23;460.39;482.43
4632;MUTUNOPOLIS;GO;Estadual;Urbana;27;495.73;526.7;482.21;450.47;457.04;482.43
4633;ROLADOR;RS;Estadual;Urbana;19;481.09;524.84;478.77;488.4;438.95;482.41
4634;BOA ESPERANCA DO SUL;SP;Estadual;Urbana;42;490.27;527.74;451.47;440.66;501.9;482.41
4635;ROSANA;SP;Estadual;Urbana;115;498.07;525.64;468.19;455.21;464.87;482.4
4636;JUNDIAI;SP;Municipal;Urbana;52;500.04;548.18;471.61;446.8;445.38;482.4
4637;RONDON;PR;Estadual;Urbana;69;483.62;520.97;465.97;439.38;502.03;482.39
4638;IBITURUNA;MG;Estadual;Urbana;26;500.27;527.42;478.95;451.42;453.85;482.38
4639;IGAPORA;BA;Estadual;Urbana;47;489.4;514.07;461.59;441.3;505.53;482.38
4640;AURORA;CE;Estadual;Urbana;227;486.11;518.49;475.64;432.86;498.77;482.37
4641;TIMON;MA;Privada;Urbana;96;494.6;526.3;476.35;446.47;468.12;482.37
4642;IUNA;ES;Municipal;Urbana;26;485.78;537.04;481.45;459.92;447.69;482.37
4643;LINHARES;ES;Estadual;Urbana;1023;487.18;530.58;465.92;449.2;478.94;482.36
4644;BOTUVERA;SC;Estadual;Urbana;3;497.57;551.53;449.77;426.27;486.67;482.36
4645;GUARARA;MG;Estadual;Urbana;19;498.63;531.4;451.36;478.81;451.58;482.36
4646;AROEIRAS DO ITAIM;PI;Estadual;Urbana;7;502.14;517.27;456.56;444.33;491.43;482.35
4647;MALHADA DOS BOIS;SE;Estadual;Urbana;18;486.99;529.19;449.29;441.83;504.44;482.35
4648;BASTOS;SP;Estadual;Urbana;94;499.4;520.53;461.51;456.85;473.4;482.34
4649;CHOPINZINHO;PR;Estadual;Urbana;119;493.5;535.31;471.68;441.82;469.41;482.34
4650;SITIO NOVO;RN;Estadual;Urbana;15;494.11;510.77;460.97;429.79;516.0;482.33
4651;MANOEL URBANO;AC;Estadual;Urbana;28;498.68;542.33;444.9;432.92;492.86;482.33
4652;PIRACICABA;SP;Estadual;Rural;23;503.57;518.36;472.43;457.16;460.0;482.31
4653;CARANGOLA;MG;Estadual;Urbana;163;503.34;527.52;461.31;455.46;463.93;482.31
4654;BARRA VELHA;SC;Municipal;Urbana;2;511.65;548.4;488.5;442.95;420.0;482.3
4655;RIACHO DE SANTANA;BA;Estadual;Urbana;134;488.29;521.06;467.91;456.89;477.31;482.29
4656;COLUNA;MG;Estadual;Urbana;31;493.48;534.64;465.81;446.56;470.97;482.29
4657;ESTRELA DO SUL;MG;Estadual;Urbana;37;498.32;527.0;470.99;463.8;451.35;482.29
4658;PIRAPETINGA;MG;Estadual;Urbana;30;489.88;538.82;462.98;448.2;471.33;482.24
4659;DUQUE DE CAXIAS;RJ;Estadual;Urbana;3727;498.84;528.77;464.15;447.2;472.23;482.24
4660;RIO QUENTE;GO;Estadual;Urbana;22;497.23;520.95;476.1;459.6;457.27;482.23
4661;MILAGRES;CE;Estadual;Urbana;245;494.47;528.66;470.51;437.97;479.43;482.21
4662;ROCHEDO;MS;Estadual;Urbana;30;487.91;525.14;466.76;443.23;488.0;482.21
4663;FERNANDO FALCAO;MA;Estadual;Urbana;1;514.0;548.4;532.9;415.7;400.0;482.2
4664;CAXAMBU;MG;Estadual;Urbana;94;501.62;538.08;470.9;454.66;445.74;482.2
4665;RIO BRANCO;AC;Municipal;Rural;8;497.54;528.59;468.09;421.65;495.0;482.17
4666;TERRA NOVA DO NORTE;MT;Estadual;Rural;32;485.23;529.09;480.89;465.64;450.0;482.17
4667;PARAISO DO NORTE;PR;Estadual;Urbana;84;498.19;531.05;464.34;450.13;467.14;482.17
4668;SANTA MARIA DO OESTE;PR;Estadual;Urbana;37;489.43;526.32;457.93;449.5;487.57;482.15
4669;UBA;MG;Estadual;Rural;4;508.95;547.98;471.05;402.75;480.0;482.14
4670;ANHUMAS;SP;Estadual;Urbana;20;487.38;528.72;479.42;441.02;474.0;482.11
4671;VIAMAO;RS;Estadual;Rural;92;498.07;525.96;481.97;458.53;445.87;482.08
4672;AMELIA RODRIGUES;BA;Estadual;Urbana;78;493.35;528.04;464.07;451.61;473.33;482.08
4673;TEIXEIRA;PB;Estadual;Urbana;77;498.49;527.22;471.83;443.4;469.35;482.06
4674;PEIXOTO DE AZEVEDO;MT;Estadual;Urbana;111;488.14;526.66;482.2;447.31;465.95;482.05
4675;SAO GONCALO DOS CAMPOS;BA;Estadual;Urbana;63;488.65;534.31;471.41;442.24;473.65;482.05
4676;JOINVILLE;SC;Estadual;Rural;25;501.76;528.38;475.12;442.6;462.4;482.05
4677;ORTIGUEIRA;PR;Estadual;Urbana;57;498.14;544.42;459.32;450.1;458.25;482.04
4678;RIO PARDO;RS;Estadual;Rural;19;498.41;528.53;457.44;457.33;468.42;482.03
4679;CIANORTE;PR;Estadual;Urbana;503;493.64;533.59;468.99;448.88;464.93;482.0
4680;VALE DE SAO DOMINGOS;MT;Estadual;Rural;23;480.92;535.67;467.9;446.38;479.13;482.0
4681;ESTRELA DO INDAIA;MG;Estadual;Urbana;18;476.84;542.58;487.34;446.51;456.67;481.99
4682;SAO JOAO DE MERITI;RJ;Municipal;Urbana;1;509.7;553.0;480.8;446.4;420.0;481.98
4683;MARACAS;BA;Estadual;Urbana;96;495.91;531.86;475.63;445.03;461.46;481.98
4684;PITANGA;PR;Estadual;Urbana;200;488.54;529.1;466.51;446.37;479.3;481.96
4685;REDENTORA;RS;Estadual;Rural;5;471.98;565.12;485.82;414.78;472.0;481.94
4686;CACHOEIRA DOURADA;MG;Estadual;Urbana;24;492.95;528.97;471.3;433.1;483.33;481.93
4687;BALNEARIO PICARRAS;SC;Estadual;Urbana;130;484.89;528.89;466.25;461.26;468.31;481.92
4688;LINDOLFO COLLOR;RS;Estadual;Urbana;31;485.13;531.25;470.08;442.75;480.0;481.85
4689;UBA;MG;Municipal;Rural;3;511.87;512.33;503.77;454.57;426.67;481.84
4690;ITAMBE DO MATO DENTRO;MG;Estadual;Urbana;11;510.75;535.02;466.5;442.36;454.55;481.83
4691;JECEABA;MG;Estadual;Urbana;23;497.16;548.67;481.47;434.73;446.96;481.8
4692;CAMPINA GRANDE;PB;Municipal;Urbana;3;499.7;576.83;460.97;471.5;400.0;481.8
4693;SOUSA;PB;Estadual;Urbana;351;493.76;526.86;467.07;448.52;472.71;481.78
4694;PIEDADE DE CARATINGA;MG;Estadual;Urbana;41;493.49;527.27;473.97;459.05;455.12;481.78
4695;PITANGA;PR;Estadual;Rural;52;494.12;528.57;472.69;448.08;465.38;481.77
4696;ERMO;SC;Estadual;Urbana;13;479.12;530.61;471.83;447.29;480.0;481.77
4697;SIDROLANDIA;MS;Estadual;Urbana;181;499.19;532.7;468.94;445.21;462.76;481.76
4698;CAMARAGIBE;PE;Estadual;Urbana;852;496.73;534.3;466.4;443.73;467.65;481.76
4699;JOAO PESSOA;PB;Estadual;Urbana;3827;499.2;531.65;462.7;445.49;469.49;481.71
4700;MANDIRITUBA;PR;Estadual;Rural;26;494.94;543.24;462.66;425.35;482.31;481.7
4701;QUERENCIA;MT;Estadual;Urbana;80;494.63;527.68;479.53;450.59;456.0;481.69
4702;JURUTI;PA;Municipal;Urbana;2;489.25;544.95;508.15;416.05;450.0;481.68
4703;APORE;GO;Estadual;Urbana;11;507.87;532.76;482.12;476.54;409.09;481.68
4704;AMARGOSA;BA;Estadual;Urbana;154;487.13;529.02;471.16;437.92;483.12;481.67
4705;PRINCESA;SC;Estadual;Urbana;20;463.56;521.91;461.9;461.94;499.0;481.66
4706;FRANCISCO SANTOS;PI;Estadual;Urbana;45;482.94;522.0;480.67;455.58;467.11;481.66
4707;SAPUCAIA;RJ;Estadual;Rural;8;504.32;538.42;478.35;447.19;440.0;481.66
4708;ROCA SALES;RS;Estadual;Urbana;33;485.59;524.02;457.64;467.69;473.33;481.65
4709;MARATAIZES;ES;Estadual;Urbana;140;489.53;531.5;465.63;459.0;462.53;481.64
4710;TAVARES;RS;Estadual;Urbana;24;491.75;536.97;470.43;459.74;449.17;481.61
4711;JATAI;GO;Estadual;Urbana;527;497.44;535.0;471.72;445.49;458.41;481.61
4712;PORTO DE MOZ;PA;Municipal;Urbana;1;475.8;561.0;468.7;442.5;460.0;481.6
4713;PIRAPORA;MG;Estadual;Urbana;360;499.67;524.16;469.8;450.54;463.79;481.59
4714;FRUTAL;MG;Estadual;Rural;14;474.27;531.25;484.51;469.36;448.57;481.59
4715;URUGUAIANA;RS;Estadual;Urbana;946;496.68;529.46;462.36;444.19;475.2;481.58
4716;DELFINOPOLIS;MG;Estadual;Urbana;39;496.54;535.01;462.88;457.07;456.41;481.58
4717;SAO JOSE DA TAPERA;AL;Privada;Urbana;47;494.65;534.89;462.15;433.44;482.7;481.57
4718;IGUATEMI;MS;Estadual;Urbana;99;495.19;535.23;476.52;456.18;444.71;481.57
4719;RIBEIRA;SP;Estadual;Urbana;14;498.94;528.69;458.06;440.69;481.43;481.56
4720;IPORA;GO;Estadual;Urbana;147;495.2;536.89;476.09;455.55;444.08;481.56
4721;SANTA MERCEDES;SP;Estadual;Urbana;14;480.48;518.46;463.74;457.95;487.14;481.55
4722;SANTA ROSA DE GOIAS;GO;Estadual;Urbana;18;504.77;541.96;471.05;441.03;448.89;481.54
4723;SOBRAL;CE;Estadual;Rural;87;492.79;515.55;465.53;469.52;464.14;481.51
4724;PATROCINIO;MG;Estadual;Rural;9;489.19;536.29;475.07;442.52;464.44;481.5
4725;MARAVILHAS;MG;Estadual;Urbana;38;502.83;535.27;475.36;441.42;452.63;481.5
4726;IPORA;PR;Estadual;Urbana;89;490.82;521.17;472.1;447.21;476.18;481.5
4727;IBAITI;PR;Estadual;Urbana;154;497.41;530.85;458.6;448.84;471.82;481.5
4728;LAGOA VERMELHA;RS;Estadual;Rural;18;465.87;531.46;505.46;486.91;417.78;481.49
4729;VITORIA DAS MISSOES;RS;Estadual;Urbana;19;486.53;526.85;454.06;456.84;483.16;481.49
4730;UBATUBA;SP;Estadual;Urbana;332;499.75;528.2;464.43;449.59;465.48;481.49
4731;CONDADO;PB;Estadual;Urbana;38;482.98;519.07;453.2;438.44;513.68;481.48
4732;ANDRELANDIA;MG;Estadual;Urbana;79;498.37;533.97;463.68;464.7;446.58;481.46
4733;BONITO;MS;Estadual;Urbana;104;500.41;531.13;467.09;452.16;456.54;481.46
4734;PINTADAS;BA;Estadual;Urbana;53;495.87;523.46;454.04;448.98;484.91;481.45
4735;JI-PARANA;RO;Estadual;Urbana;825;492.3;536.55;473.51;452.55;452.24;481.43
4736;OCAUCU;SP;Estadual;Urbana;19;493.85;516.0;479.93;428.93;488.42;481.43
4737;SAO JOAO DA URTIGA;RS;Estadual;Urbana;34;481.46;532.48;461.82;459.55;471.76;481.42
4738;CUPIRA;PE;Privada;Urbana;16;493.99;520.91;454.36;429.09;508.75;481.42
4739;ALOANDIA;GO;Estadual;Urbana;13;471.25;527.62;491.03;489.43;427.69;481.4
4740;LAVRAS DA MANGABEIRA;CE;Estadual;Rural;58;479.6;527.69;466.11;428.37;505.17;481.39
4741;SONORA;MS;Estadual;Urbana;78;489.49;523.58;471.76;461.21;460.77;481.36
4742;SAO JOAO DA BOA VISTA;SP;Estadual;Urbana;382;498.4;527.47;463.28;451.05;466.57;481.35
4743;PASSO DE TORRES;SC;Estadual;Urbana;44;487.97;531.32;470.21;448.12;469.09;481.34
4744;MOTUCA;SP;Estadual;Urbana;21;502.56;539.31;466.56;434.39;463.81;481.33
4745;GURINHATA;MG;Estadual;Urbana;32;489.99;517.4;471.07;472.43;455.62;481.3
4746;QUIXABEIRA;BA;Privada;Rural;18;471.2;529.94;473.16;468.86;463.33;481.3
4747;BARROCAS;BA;Estadual;Urbana;39;486.55;521.73;462.31;444.56;491.28;481.29
4748;GOVERNADOR JORGE TEIXEIRA;RO;Estadual;Rural;7;497.14;527.13;470.2;417.64;494.29;481.28
4749;TERRA NOVA DO NORTE;MT;Municipal;Rural;2;488.65;545.0;388.15;494.6;490.0;481.28
4750;VARGEM BONITA;SC;Estadual;Urbana;27;494.96;530.13;436.53;442.52;502.22;481.27
4751;PERUIBE;SP;Estadual;Urbana;410;501.75;533.09;465.16;448.18;458.2;481.27
4752;CAMPOS DE JULIO;MT;Estadual;Urbana;38;476.09;537.18;461.8;452.22;478.95;481.25
4753;QUEDAS DO IGUACU;PR;Estadual;Urbana;186;494.51;535.52;469.08;454.55;452.58;481.25
4754;BOM JESUS DAS SELVAS;MA;Estadual;Rural;1;468.5;472.5;387.7;457.5;620.0;481.24
4755;ALVORADA DE MINAS;MG;Estadual;Urbana;20;482.35;538.62;456.74;451.48;477.0;481.24
4756;SANTA MARIANA;PR;Privada;Urbana;14;504.06;542.81;458.51;423.57;477.14;481.22
4757;CAMPO FLORIDO;MG;Estadual;Urbana;27;490.87;531.82;463.93;452.06;467.41;481.22
4758;ITABERA;SP;Estadual;Rural;26;505.4;541.61;468.88;452.47;437.69;481.21
4759;PEDRA PRETA;MT;Estadual;Urbana;81;493.16;531.09;464.21;440.8;476.79;481.21
4760;SANTA AMELIA;PR;Estadual;Urbana;33;487.84;514.5;461.04;445.04;497.58;481.2
4761;FERNAO;SP;Estadual;Urbana;10;496.07;533.45;456.35;457.84;462.0;481.14
4762;MONTE SIAO;MG;Municipal;Urbana;1;473.9;568.5;471.9;371.2;520.0;481.1
4763;PONTA PORA;MS;Estadual;Urbana;380;498.69;530.9;472.73;450.74;452.37;481.09
4764;JAIBA;MG;Estadual;Rural;21;495.07;523.77;458.62;429.87;498.1;481.08
4765;IRAPUA;SP;Estadual;Urbana;32;504.92;521.69;450.69;454.98;473.12;481.08
4766;SAO MANUEL;SP;Estadual;Urbana;141;499.85;532.78;456.74;446.36;469.65;481.07
4767;QUINTA DO SOL;PR;Estadual;Urbana;34;492.86;540.17;460.66;442.76;468.82;481.05
4768;NOVA FLORESTA;PB;Estadual;Urbana;53;478.01;518.56;465.45;443.97;499.25;481.05
4769;PARECIS;RO;Estadual;Urbana;21;502.78;528.6;470.02;469.53;434.29;481.04
4770;BOA VENTURA DE SAO ROQUE;PR;Estadual;Urbana;6;494.73;546.93;497.98;478.82;386.67;481.03
4771;SALTO GRANDE;SP;Estadual;Urbana;62;496.23;539.32;459.22;441.92;468.39;481.02
4772;PRESIDENTE VENCESLAU;SP;Estadual;Urbana;161;495.58;525.84;467.23;448.43;467.95;481.01
4773;PETROLANDIA;PE;Estadual;Urbana;175;493.79;521.43;473.99;449.63;466.17;481.0
4774;JUSSARA;GO;Estadual;Urbana;149;490.82;526.49;472.73;451.57;463.32;480.99
4775;JAGUARE;ES;Estadual;Urbana;168;485.25;528.81;469.15;452.57;469.17;480.99
4776;NOVO HORIZONTE DO NORTE;MT;Estadual;Urbana;18;489.84;524.69;464.19;468.46;457.78;480.99
4777;BARRA DO GARCAS;MT;Estadual;Urbana;501;494.08;530.34;468.78;442.42;469.25;480.98
4778;SAO DESIDERIO;BA;Estadual;Urbana;68;490.7;524.61;473.01;450.01;466.47;480.96
4779;CAMPINA DO MONTE ALEGRE;SP;Estadual;Urbana;28;499.95;526.15;468.41;458.81;451.43;480.95
4780;SENADOR JOSE BENTO;MG;Estadual;Urbana;20;486.46;541.28;477.72;468.28;431.0;480.95
4781;BOTUPORA;BA;Estadual;Urbana;121;482.65;525.33;480.88;439.0;476.86;480.94
4782;CONGO;PB;Estadual;Urbana;26;486.75;527.54;450.63;449.8;490.0;480.94
4783;PORTO ESPERIDIAO;MT;Estadual;Urbana;42;490.24;539.86;482.18;461.87;430.48;480.93
4784;MINAS DO LEAO;RS;Estadual;Urbana;31;483.34;519.0;445.36;448.45;508.39;480.91
4785;SAO DOMINGOS DAS DORES;MG;Estadual;Urbana;44;489.78;529.16;478.46;463.42;443.64;480.89
4786;EUGENIO DE CASTRO;RS;Estadual;Urbana;13;487.67;522.83;457.44;450.34;486.15;480.89
4787;PORTO VELHO;RO;Estadual;Urbana;3286;491.37;532.38;468.26;449.0;463.4;480.88
4788;PARANAIBA;MS;Estadual;Urbana;214;491.8;526.83;467.94;453.02;464.77;480.87
4789;RIO DOS INDIOS;RS;Estadual;Urbana;23;479.23;534.69;489.69;432.85;467.83;480.86
4790;TABATINGA;SP;Municipal;Urbana;2;495.85;528.3;525.15;434.95;420.0;480.85
4791;ARATACA;BA;Estadual;Rural;23;484.99;528.64;475.82;453.87;460.87;480.84
4792;CHAPADAO DO LAGEADO;SC;Estadual;Urbana;26;482.67;537.73;479.39;458.27;446.15;480.84
4793;MACAMBARA;RS;Estadual;Rural;11;479.78;512.77;469.7;454.57;487.27;480.82
4794;BERTOPOLIS;MG;Estadual;Urbana;23;503.87;536.6;456.77;425.98;480.87;480.82
4795;CROMINIA;GO;Estadual;Urbana;18;487.97;527.26;461.9;465.82;461.11;480.81
4796;TAGUAI;SP;Estadual;Urbana;62;498.33;530.23;477.42;456.15;441.94;480.81
4797;SAO ROQUE DE MINAS;MG;Estadual;Urbana;34;498.92;525.81;482.08;458.4;438.82;480.81
4798;INCONFIDENTES;MG;Estadual;Urbana;23;504.24;515.7;468.34;455.7;460.0;480.8
4799;SAO GABRIEL DO OESTE;MS;Estadual;Rural;4;516.88;547.97;478.68;455.45;405.0;480.79
4800;GUAIMBE;SP;Estadual;Urbana;50;492.82;536.34;473.39;460.94;440.4;480.78
4801;SERTANIA;PE;Estadual;Urbana;196;498.22;530.39;469.9;443.28;462.04;480.77
4802;ALAMBARI;SP;Estadual;Urbana;31;509.47;531.6;467.26;453.6;441.94;480.77
4803;PONTAL;SP;Estadual;Urbana;188;501.66;528.14;467.08;457.46;449.47;480.76
4804;VITOR MEIRELES;SC;Estadual;Rural;2;494.6;505.65;518.3;375.1;510.0;480.73
4805;POTE;MG;Estadual;Urbana;56;486.82;537.77;475.15;443.52;460.36;480.72
4806;AGUAS DA PRATA;SP;Estadual;Urbana;35;489.4;525.08;457.93;444.89;486.29;480.72
4807;CAFEZAL DO SUL;PR;Estadual;Urbana;23;487.64;523.15;473.27;442.98;476.52;480.71
4808;LUIS EDUARDO MAGALHAES;BA;Municipal;Urbana;3;501.9;577.47;455.07;462.43;406.67;480.71
4809;MONTANHA;ES;Estadual;Urbana;125;487.34;522.03;470.36;459.74;464.0;480.69
4810;RIO DE CONTAS;BA;Estadual;Urbana;41;487.6;513.81;479.19;466.02;456.59;480.64
4811;UBIRETAMA;RS;Estadual;Urbana;28;488.9;523.59;486.46;448.52;455.71;480.64
4812;RIBEIRAO GRANDE;SP;Estadual;Rural;16;522.68;538.58;460.51;432.99;448.44;480.64
4813;SAO FRANCISCO DE ASSIS;RS;Estadual;Rural;11;507.03;548.99;477.64;433.15;436.36;480.63
4814;GOIANESIA;GO;Estadual;Urbana;549;495.44;530.67;469.65;453.07;454.33;480.63
4815;BELTERRA;PA;Estadual;Urbana;48;492.32;512.28;473.94;429.5;495.0;480.61
4816;GLAUCILANDIA;MG;Estadual;Rural;9;498.78;514.24;482.92;471.48;435.56;480.6
4817;ITUPIRANGA;PA;Municipal;Rural;1;572.3;612.3;469.0;429.3;320.0;480.58
4818;SANTA CECILIA;SC;Estadual;Urbana;101;489.48;524.82;473.7;443.65;471.09;480.55
4819;BOM JARDIM;PE;Estadual;Urbana;114;495.85;524.96;470.87;436.66;474.39;480.55
4820;SANTO ANTONIO DE JESUS;BA;Estadual;Urbana;486;494.25;534.72;466.79;443.88;463.03;480.53
4821;SILVA JARDIM;RJ;Estadual;Urbana;58;512.8;529.82;462.69;448.69;448.62;480.52
4822;PEIXE;TO;Estadual;Urbana;62;484.78;524.29;462.1;452.65;478.71;480.51
4823;JUSSARA;PR;Estadual;Urbana;26;489.0;528.6;474.95;445.39;464.62;480.51
4824;SANTO ANTONIO DO JACINTO;MG;Estadual;Urbana;31;477.49;535.27;474.58;455.22;460.0;480.51
4825;PARANACITY;PR;Estadual;Urbana;68;489.23;524.35;476.05;433.73;479.12;480.5
4826;WANDERLEY;BA;Estadual;Urbana;48;491.95;528.36;450.67;424.02;507.5;480.5
4827;VILA RICA;MT;Estadual;Urbana;82;488.55;535.62;485.41;439.59;453.17;480.47
4828;JUARA;MT;Estadual;Urbana;204;491.69;531.02;473.51;440.68;465.39;480.46
4829;PONTE ALTA;SC;Estadual;Urbana;14;479.44;510.78;464.15;457.66;490.0;480.4
4830;JATAIZINHO;PR;Estadual;Urbana;39;497.92;535.84;474.64;439.69;453.85;480.39
4831;HORIZONTINA;RS;Estadual;Urbana;67;481.6;520.75;469.06;454.37;476.12;480.38
4832;SORRISO;MT;Estadual;Urbana;458;484.91;519.95;474.97;454.36;467.69;480.38
4833;RIFAINA;SP;Estadual;Urbana;24;476.73;519.95;463.79;452.23;489.17;480.37
4834;MANGARATIBA;RJ;Estadual;Urbana;145;501.35;522.69;462.79;444.54;470.48;480.37
4835;CAMPO BONITO;PR;Estadual;Urbana;26;478.31;518.88;472.38;456.71;475.38;480.33
4836;ITIRAPUA;SP;Estadual;Urbana;23;502.11;528.33;464.56;442.31;464.35;480.33
4837;AMETISTA DO SUL;RS;Estadual;Urbana;57;503.29;526.42;475.27;430.32;466.32;480.32
4838;CENTENARIO DO SUL;PR;Estadual;Urbana;66;493.01;524.87;471.38;456.46;455.76;480.3
4839;GUANAMBI;BA;Estadual;Rural;18;501.53;538.01;464.24;434.29;463.33;480.28
4840;AFOGADOS DA INGAZEIRA;PE;Estadual;Urbana;188;499.61;520.55;461.08;446.14;473.83;480.24
4841;ANTONINA;PR;Estadual;Urbana;88;492.99;533.11;479.76;433.97;461.36;480.24
4842;CAPIVARI DE BAIXO;SC;Privada;Urbana;3;498.77;520.1;489.4;499.6;393.33;480.24
4843;CIPO;BA;Estadual;Urbana;58;491.13;533.73;476.46;462.91;436.9;480.23
4844;FUNILANDIA;MG;Estadual;Urbana;20;496.49;520.87;477.06;458.75;448.0;480.23
4845;SANTO ANTONIO DAS MISSOES;RS;Estadual;Rural;36;492.15;537.22;455.99;454.64;461.11;480.22
4846;MINEIROS;GO;Estadual;Urbana;343;494.38;529.51;473.02;450.27;453.93;480.22
4847;IMPERATRIZ;MA;Estadual;Urbana;1948;491.26;528.59;464.74;439.33;477.1;480.21
4848;GRANJA;CE;Estadual;Rural;83;488.34;533.58;469.83;469.01;440.24;480.2
4849;TEIXEIRA DE FREITAS;BA;Estadual;Urbana;906;496.37;528.67;463.37;438.79;473.77;480.19
4850;CAEM;BA;Estadual;Urbana;36;489.53;528.01;471.92;428.09;483.33;480.18
4851;SAO JOSE DO BELMONTE;PE;Estadual;Urbana;250;491.76;519.43;468.81;457.62;463.28;480.18
4852;MATO VERDE;MG;Estadual;Urbana;69;482.08;518.61;468.89;450.64;480.58;480.16
4853;BREJO DA MADRE DE DEUS;PE;Estadual;Urbana;153;484.37;525.21;460.0;454.81;476.34;480.15
4854;QUILOMBO;SC;Estadual;Urbana;79;481.71;520.38;470.71;435.42;492.41;480.13
4855;SENADOR AMARAL;MG;Estadual;Urbana;16;488.36;522.52;471.89;466.58;451.25;480.12
4856;MUNDO NOVO;MS;Estadual;Urbana;96;496.34;541.83;468.7;443.53;450.21;480.12
4857;CARDOSO;SP;Estadual;Urbana;48;496.24;516.77;475.99;446.9;464.58;480.1
4858;GUARDA-MOR;MG;Estadual;Urbana;37;483.51;530.1;473.52;454.35;458.92;480.08
4859;FLEXEIRAS;AL;Municipal;Urbana;7;485.96;539.77;472.97;427.31;474.29;480.06
4860;FRANCISCO MORATO;SP;Estadual;Urbana;1076;500.74;532.21;462.05;445.58;459.67;480.05
4861;ITAPAGE;CE;Estadual;Urbana;476;495.7;522.79;470.06;452.49;459.16;480.04
4862;SAUDADES;SC;Estadual;Rural;2;452.4;548.1;525.35;444.25;430.0;480.02
4863;GUAPIMIRIM;RJ;Estadual;Urbana;149;500.66;528.92;460.48;439.23;470.74;480.01
4864;MODELO;SC;Estadual;Rural;1;506.2;591.7;410.3;371.8;520.0;480.0
4865;GLORIA;BA;Estadual;Urbana;49;483.51;531.07;461.54;440.04;483.67;479.97
4866;ELDORADO DO SUL;RS;Estadual;Urbana;99;499.14;537.56;459.95;450.88;452.32;479.97
4867;ITURAMA;MG;Estadual;Urbana;198;491.41;526.6;475.19;456.49;450.12;479.96
4868;TABULEIRO DO NORTE;CE;Estadual;Urbana;287;482.7;518.74;469.18;457.34;471.85;479.96
4869;ITAIPE;MG;Estadual;Urbana;64;488.18;518.81;464.29;444.73;483.75;479.95
4870;DILERMANDO DE AGUIAR;RS;Estadual;Urbana;15;494.63;538.75;466.15;437.48;462.67;479.94
4871;MIRANTE DO PARANAPANEMA;SP;Estadual;Urbana;79;497.07;528.18;466.97;456.47;450.89;479.92
4872;QUINTANA;SP;Estadual;Urbana;26;493.27;529.18;471.25;448.2;457.69;479.92
4873;MENDES PIMENTEL;MG;Estadual;Urbana;30;495.02;508.64;479.65;445.64;470.67;479.92
4874;CAPOEIRAS;PE;Estadual;Urbana;101;494.6;521.05;468.26;458.79;456.83;479.91
4875;PARANAGUA;PR;Estadual;Urbana;671;499.1;531.68;458.37;446.56;463.83;479.91
4876;NOVA XAVANTINA;MT;Estadual;Urbana;124;492.08;533.99;480.83;445.34;447.26;479.9
4877;SAO LUIS;MA;Estadual;Urbana;6587;495.7;529.59;463.47;438.75;471.88;479.88
4878;MINAS NOVAS;MG;Estadual;Urbana;213;489.89;528.79;471.03;456.78;452.77;479.85
4879;ITORORO;BA;Estadual;Urbana;49;485.13;531.84;459.72;448.18;474.29;479.83
4880;EWBANK DA CAMARA;MG;Estadual;Urbana;24;508.08;550.57;459.34;450.3;430.83;479.82
4881;TROMBUDO CENTRAL;SC;Estadual;Urbana;34;484.11;539.09;454.28;452.77;468.82;479.82
4882;JUQUITIBA;SP;Estadual;Urbana;223;498.93;526.64;469.66;452.09;451.75;479.81
4883;LIMOEIRO;PE;Estadual;Urbana;455;493.89;523.24;464.63;449.97;467.26;479.8
4884;TAQUARAL DE GOIAS;GO;Estadual;Urbana;21;488.02;521.98;465.69;468.01;455.24;479.79
4885;SAO DOMINGOS;SE;Estadual;Urbana;63;494.05;520.11;471.57;440.66;472.38;479.76
4886;CASSILANDIA;MS;Estadual;Urbana;97;493.8;526.47;474.56;458.57;445.36;479.75
4887;CURRAL DE DENTRO;MG;Estadual;Urbana;25;490.54;530.32;474.61;428.03;475.2;479.74
4888;CONCEICAO DO RIO VERDE;MG;Estadual;Urbana;68;502.4;532.56;461.28;458.23;444.12;479.72
4889;TEOLANDIA;BA;Estadual;Urbana;35;483.41;525.08;468.38;433.71;488.0;479.72
4890;MIRACATU;SP;Estadual;Urbana;107;485.58;528.0;463.01;456.39;465.61;479.72
4891;POCAO;PE;Estadual;Urbana;53;501.86;533.12;468.84;439.99;454.72;479.71
4892;CARLINDA;MT;Estadual;Urbana;58;488.72;530.78;469.67;447.6;461.72;479.7
4893;SAO SEBASTIAO DA AMOREIRA;PR;Estadual;Urbana;68;485.76;523.75;460.63;434.52;493.82;479.7
4894;RUSSAS;CE;Estadual;Urbana;635;489.11;518.56;469.02;455.88;465.77;479.67
4895;AREIAS;SP;Estadual;Urbana;12;511.54;518.47;441.01;443.79;483.33;479.63
4896;SAO JOSE DOS CORDEIROS;PB;Estadual;Urbana;13;491.34;516.69;446.88;457.02;486.15;479.62
4897;FLORESTA AZUL;BA;Municipal;Rural;1;535.9;603.5;563.4;375.3;320.0;479.62
4898;JATOBA;PE;Estadual;Urbana;99;495.16;528.06;471.42;451.41;452.03;479.61
4899;SAO GABRIEL DA PALHA;ES;Estadual;Urbana;250;492.59;525.75;465.31;441.27;473.04;479.59
4900;PARNAMIRIM;RN;Estadual;Urbana;939;497.4;527.57;463.28;443.14;466.47;479.57
4901;PALMAS;TO;Estadual;Urbana;1875;495.71;531.7;463.83;447.56;459.02;479.56
4902;LIMOEIRO DO NORTE;CE;Estadual;Urbana;505;487.75;519.4;466.46;447.11;476.78;479.5
4903;GENERAL CARNEIRO;MT;Estadual;Urbana;13;476.06;527.58;473.18;446.82;473.85;479.5
4904;GOIATUBA;GO;Municipal;Urbana;7;491.44;501.66;471.56;455.69;477.14;479.5
4905;VALE DO ANARI;RO;Estadual;Urbana;24;492.82;534.38;473.77;453.98;442.5;479.49
4906;VARZEA;RN;Estadual;Urbana;18;485.53;515.15;443.11;449.18;504.44;479.48
4907;ARAIOSES;MA;Municipal;Rural;9;474.74;541.59;439.42;466.07;475.56;479.48
4908;LIVRAMENTO;PB;Estadual;Urbana;38;485.04;521.83;453.33;424.57;512.63;479.48
4909;VOLTA GRANDE;MG;Estadual;Urbana;14;483.57;536.42;463.94;466.29;447.14;479.47
4910;GOIABEIRA;MG;Estadual;Urbana;14;505.93;535.79;456.14;440.86;458.57;479.46
4911;LINDOESTE;PR;Estadual;Urbana;29;488.01;535.25;465.02;442.01;466.9;479.44
4912;ARAPUTANGA;MT;Estadual;Urbana;90;498.0;534.29;476.33;441.2;447.33;479.43
4913;PAULISTA;PE;Estadual;Urbana;1357;494.52;526.5;462.54;446.74;466.82;479.42
4914;TREMEDAL;BA;Municipal;Rural;7;499.19;545.47;460.97;459.99;431.43;479.41
4915;PINHEIROS;ES;Estadual;Urbana;161;490.19;524.05;464.28;442.72;475.78;479.4
4916;CASTANHAL;PA;Estadual;Urbana;1088;493.63;530.18;469.88;438.97;464.34;479.4
4917;ARACUAI;MG;Estadual;Urbana;168;495.47;531.68;459.35;441.88;468.62;479.4
4918;JAPIRA;PR;Estadual;Urbana;29;489.2;523.6;458.78;449.53;475.86;479.39
4919;SAO GABRIEL;RS;Municipal;Urbana;7;505.76;523.24;430.89;456.97;480.0;479.37
4920;TEIXEIRA DE FREITAS;BA;Municipal;Urbana;2;470.0;483.35;496.15;407.35;540.0;479.37
4921;ARROIO DOS RATOS;RS;Estadual;Urbana;48;504.9;520.77;452.82;446.07;472.08;479.33
4922;BELMONTE;SC;Estadual;Urbana;19;481.88;516.95;481.38;484.79;431.58;479.32
4923;ANGRA DOS REIS;RJ;Estadual;Rural;9;522.29;512.86;454.44;458.11;448.89;479.32
4924;SANTA TEREZA DO OESTE;PR;Estadual;Urbana;45;486.66;525.5;464.5;456.82;463.11;479.32
4925;LOURDES;SP;Estadual;Urbana;15;505.35;514.81;476.3;450.77;449.33;479.31
4926;FLOREAL;SP;Estadual;Urbana;10;484.83;501.0;451.23;439.45;520.0;479.3
4927;CAMPOS SALES;CE;Municipal;Urbana;2;531.6;525.95;470.75;498.2;370.0;479.3
4928;MACAUBAS;BA;Estadual;Urbana;231;487.07;522.6;469.39;443.49;473.85;479.28
4929;BELMIRO BRAGA;MG;Estadual;Urbana;12;487.02;528.88;457.76;484.42;438.33;479.28
4930;MAR VERMELHO;AL;Estadual;Urbana;15;480.97;515.35;466.8;435.88;497.33;479.27
4931;JUINA;MT;Estadual;Rural;19;484.98;533.69;458.91;461.91;456.84;479.27
4932;JAGUARUANA;CE;Estadual;Urbana;374;490.46;520.09;463.6;456.04;466.04;479.25
4933;ITACAMBIRA;MG;Estadual;Urbana;36;493.71;524.92;460.26;440.68;476.67;479.25
4934;SAO PEDRO DO SUACUI;MG;Estadual;Urbana;26;497.8;533.07;471.63;447.45;446.15;479.22
4935;RIBEIRAO CLARO;PR;Municipal;Urbana;1;506.9;542.7;486.4;540.1;320.0;479.22
4936;CONCEICAO DO ALMEIDA;BA;Privada;Urbana;10;517.13;524.07;466.25;428.64;460.0;479.22
4937;SAO JOAO EVANGELISTA;MG;Estadual;Urbana;69;498.36;526.59;473.57;439.02;458.55;479.22
4938;SAO BORJA;RS;Estadual;Urbana;372;499.39;528.42;454.75;433.32;480.11;479.2
4939;POJUCA;BA;Estadual;Urbana;145;495.0;532.97;471.61;430.08;466.34;479.2
4940;ILHEUS;BA;Estadual;Urbana;882;492.38;531.37;466.39;438.84;466.91;479.18
4941;PLANALTINA DO PARANA;PR;Estadual;Urbana;24;468.88;534.09;475.83;409.55;507.5;479.17
4942;MINEIROS DO TIETE;SP;Estadual;Urbana;59;490.73;521.57;453.99;460.42;469.15;479.17
4943;PARIPIRANGA;BA;Estadual;Urbana;164;484.23;528.31;474.6;441.89;466.71;479.15
4944;BONFINOPOLIS;GO;Estadual;Urbana;52;504.11;526.97;474.44;441.38;448.85;479.15
4945;IACANGA;SP;Estadual;Urbana;48;493.66;520.5;461.98;455.05;464.58;479.15
4946;ADRIANOPOLIS;PR;Estadual;Urbana;26;510.38;542.46;459.27;457.46;426.15;479.15
4947;MAGE;RJ;Estadual;Urbana;1255;496.57;527.31;462.75;439.4;469.5;479.11
4948;PALMACIA;CE;Estadual;Urbana;112;498.05;531.4;465.7;440.03;460.36;479.11
4949;MINDURI;MG;Estadual;Urbana;19;499.69;541.42;467.32;409.24;477.89;479.11
4950;IPABA;MG;Estadual;Rural;4;491.6;548.58;464.6;460.75;430.0;479.1
4951;JANDAIA DO SUL;PR;Estadual;Urbana;141;494.72;534.68;466.9;447.26;451.91;479.09
4952;ESPERA FELIZ;MG;Estadual;Rural;10;524.1;549.82;481.45;399.98;440.0;479.07
4953;RANCHO ALEGRE;PR;Estadual;Urbana;20;483.19;533.42;450.96;441.79;486.0;479.07
4954;NOVA UNIAO;MG;Estadual;Urbana;55;475.81;519.03;459.64;456.47;484.36;479.06
4955;ARAQUARI;SC;Estadual;Urbana;88;484.63;533.89;462.49;453.74;460.45;479.04
4956;GOVERNADOR EDISON LOBAO;MA;Estadual;Rural;18;488.83;545.92;470.86;434.01;455.56;479.03
4957;SAO JOSE DO DIVINO;PI;Estadual;Urbana;36;480.8;532.02;484.55;448.35;449.44;479.03
4958;PINHAO;PR;Estadual;Urbana;171;487.72;528.43;474.06;446.34;458.6;479.03
4959;BOM JESUS DA LAPA;BA;Estadual;Urbana;243;490.19;530.96;463.8;439.02;471.11;479.02
4960;SANGAO;SC;Estadual;Urbana;37;486.79;521.45;459.49;449.49;477.84;479.01
4961;SAO TOME;PR;Estadual;Urbana;43;477.33;532.88;474.17;444.63;466.05;479.01
4962;REMIGIO;PB;Estadual;Urbana;123;495.6;532.56;465.81;442.93;458.05;478.99
4963;BOM PROGRESSO;RS;Estadual;Rural;13;483.68;527.84;466.55;464.59;452.31;478.99
4964;ITAPURANGA;GO;Estadual;Urbana;199;495.44;528.52;469.75;449.19;452.06;478.99
4965;DIORAMA;GO;Estadual;Urbana;8;522.7;539.14;492.78;437.66;402.5;478.96
4966;PAULO AFONSO;BA;Estadual;Urbana;414;496.32;521.83;464.38;440.18;472.08;478.96
4967;SAO FELIX DO CORIBE;BA;Estadual;Urbana;110;488.5;531.3;485.57;434.1;455.27;478.95
4968;BOM JARDIM DE GOIAS;GO;Estadual;Urbana;52;494.37;515.08;485.54;445.54;454.23;478.95
4969;TRINDADE;GO;Estadual;Urbana;667;495.13;532.79;469.48;445.12;452.04;478.91
4970;TANQUE NOVO;BA;Estadual;Urbana;84;476.08;515.62;464.45;464.76;473.57;478.9
4971;SANTA HELENA;PB;Estadual;Urbana;30;495.69;529.53;471.42;441.08;456.67;478.88
4972;MIRASSOL;SP;Estadual;Rural;12;487.16;543.0;469.77;487.74;406.67;478.87
4973;VISTA ALEGRE;RS;Estadual;Urbana;20;484.49;526.44;476.11;446.24;461.0;478.86
4974;INGAZEIRA;PE;Estadual;Urbana;34;477.5;518.92;453.79;485.79;458.24;478.85
4975;MASSARANDUBA;SC;Estadual;Rural;12;479.02;516.62;473.65;491.55;433.33;478.84
4976;NOVA LUZITANIA;SP;Estadual;Urbana;18;496.26;528.08;460.0;423.18;486.67;478.84
4977;MAJOR VIEIRA;SC;Estadual;Urbana;38;489.3;528.27;478.28;448.86;449.47;478.84
4978;CASSIA DOS COQUEIROS;SP;Estadual;Urbana;12;511.92;527.14;459.83;453.63;441.67;478.84
4979;PARICONHA;AL;Estadual;Urbana;47;492.9;523.17;454.38;428.82;494.89;478.83
4980;PUXINANA;PB;Estadual;Urbana;57;502.29;532.42;468.92;438.6;451.93;478.83
4981;NOVA TIMBOTEUA;PA;Estadual;Urbana;70;481.83;532.95;466.72;420.08;492.57;478.83
4982;ARMACAO DOS BUZIOS;RJ;Estadual;Urbana;32;500.88;520.9;454.34;436.12;481.88;478.82
4983;RIBEIRAO;PE;Estadual;Urbana;185;491.1;522.77;462.13;442.08;475.89;478.79
4984;AMARAJI;PE;Estadual;Urbana;72;500.6;517.9;469.5;433.9;471.94;478.77
4985;LAGOA DO OURO;PE;Estadual;Urbana;97;500.75;525.69;472.34;444.54;450.52;478.77
4986;ANDIRA;PR;Estadual;Urbana;140;494.52;522.22;455.67;454.55;466.86;478.76
4987;SAO GABRIEL DA PALHA;ES;Privada;Rural;16;470.14;530.33;488.34;454.92;450.0;478.75
4988;ESPERANCA;PB;Estadual;Urbana;160;496.46;531.18;461.64;438.86;465.62;478.75
4989;URUTAI;GO;Estadual;Urbana;13;494.55;515.15;445.4;426.31;512.31;478.74
4990;LUCIANOPOLIS;SP;Estadual;Urbana;12;502.64;532.9;459.32;452.12;446.67;478.73
4991;MARAGOGI;AL;Privada;Urbana;2;503.85;544.85;478.9;426.0;440.0;478.72
4992;LEANDRO FERREIRA;MG;Estadual;Urbana;12;496.78;533.27;477.22;466.32;420.0;478.72
4993;ENTRE RIOS DO SUL;RS;Estadual;Urbana;21;500.5;532.17;445.76;442.73;472.38;478.71
4994;CAMPINA DA LAGOA;PR;Estadual;Rural;2;478.35;518.8;455.15;501.15;440.0;478.69
4995;NOVA MUTUM;MT;Estadual;Rural;38;478.76;530.02;480.03;456.71;447.89;478.68
4996;BARRA DO QUARAI;RS;Estadual;Urbana;17;498.46;526.75;464.75;429.34;474.12;478.68
4997;JACI;SP;Estadual;Urbana;47;492.2;519.48;460.05;460.71;460.85;478.66
4998;POTIM;SP;Estadual;Urbana;54;498.64;519.99;453.12;441.17;480.37;478.66
4999;SAO JOSE DO RIO CLARO;MT;Privada;Urbana;12;477.24;511.84;476.09;456.47;471.67;478.66
5000;PLACAS;PA;Privada;Rural;3;471.6;508.67;475.4;417.6;520.0;478.65
5001;MATO CASTELHANO;RS;Municipal;Rural;1;456.9;594.0;485.9;376.4;480.0;478.64
5002;MARACANAU;CE;Estadual;Urbana;2156;491.57;524.44;461.86;447.57;467.76;478.64
5003;ITAUBA;MT;Estadual;Urbana;44;490.95;530.24;464.87;454.4;452.73;478.64
5004;IBIRATAIA;BA;Estadual;Urbana;77;487.18;529.06;465.96;432.3;478.7;478.64
5005;RUBIATABA;GO;Estadual;Urbana;116;494.04;533.23;465.7;448.01;452.16;478.63
5006;NATUBA;PB;Estadual;Urbana;21;492.99;522.67;466.44;432.98;478.1;478.63
5007;SANTA JULIANA;MG;Estadual;Urbana;53;499.39;517.02;466.01;457.47;453.21;478.62
5008;MAIRI;BA;Estadual;Urbana;65;489.04;516.69;469.44;440.34;477.54;478.61
5009;SALVADOR;BA;Estadual;Urbana;11333;495.0;531.63;462.73;443.43;460.09;478.58
5010;BAIXO GUANDU;ES;Estadual;Urbana;153;492.32;520.69;463.36;451.72;464.71;478.56
5011;MATIPO;MG;Estadual;Urbana;98;493.46;526.75;467.98;459.06;445.51;478.55
5012;PEDRO AVELINO;RN;Estadual;Urbana;7;495.19;525.94;456.2;455.4;460.0;478.55
5013;TIMBAUBA DOS BATISTAS;RN;Estadual;Urbana;27;490.05;523.54;468.38;441.86;468.89;478.54
5014;DIANOPOLIS;TO;Estadual;Urbana;139;493.39;527.65;468.28;457.05;446.33;478.54
5015;BOA VISTA DA APARECIDA;PR;Estadual;Urbana;42;492.19;526.54;467.79;448.99;457.14;478.53
5016;CACULE;BA;Privada;Rural;25;469.72;521.65;484.46;478.37;438.4;478.52
5017;SANTA CRUZ DO ESCALVADO;MG;Estadual;Urbana;26;495.42;530.22;471.93;470.43;424.62;478.52
5018;MANHUMIRIM;MG;Estadual;Urbana;85;490.63;535.04;472.9;442.01;452.0;478.51
5019;SAO JOAO DO TRIUNFO;PR;Estadual;Rural;22;502.35;547.9;474.25;441.7;426.36;478.51
5020;NOVO CABRAIS;RS;Estadual;Urbana;17;513.7;542.62;452.66;423.58;460.0;478.51
5021;ALTINHO;PE;Estadual;Urbana;120;491.47;520.13;466.44;444.73;469.67;478.49
5022;NOVA LONDRINA;PR;Estadual;Urbana;77;490.86;526.89;472.13;443.11;459.48;478.49
5023;ALTA FLORESTA;MT;Estadual;Urbana;340;495.72;529.03;468.42;447.18;452.06;478.48
5024;CORACAO DE JESUS;MG;Estadual;Urbana;123;497.92;531.85;459.67;442.54;460.33;478.46
5025;AREIAL;PB;Municipal;Urbana;7;502.91;507.44;430.3;428.7;522.86;478.44
5026;APARECIDA;PB;Estadual;Urbana;35;479.37;525.33;470.72;425.81;490.86;478.42
5027;WAGNER;BA;Estadual;Urbana;30;487.96;532.32;462.35;430.73;478.67;478.4
5028;PACOTI;CE;Estadual;Urbana;137;498.71;522.82;462.24;444.24;463.94;478.39
5029;CAMBARA;PR;Estadual;Urbana;132;484.77;524.66;460.1;439.27;483.03;478.37
5030;MATA VERDE;MG;Estadual;Urbana;56;496.97;533.18;455.96;451.11;454.64;478.37
5031;FIGUEIRA;PR;Estadual;Urbana;42;500.01;515.57;465.91;428.4;481.9;478.36
5032;PRESIDENTE MEDICI;RO;Estadual;Urbana;175;488.04;526.1;475.6;457.75;444.11;478.32
5033;MEDINA;MG;Estadual;Urbana;106;490.87;522.38;470.78;432.59;474.91;478.31
5034;TUNEIRAS DO OESTE;PR;Estadual;Urbana;55;478.12;533.28;466.17;452.1;461.82;478.3
5035;GUARAQUECABA;PR;Estadual;Rural;6;496.62;521.98;443.07;406.45;523.33;478.29
5036;MARIO CAMPOS;MG;Estadual;Urbana;49;492.67;526.37;457.28;456.73;458.37;478.28
5037;PRADO;BA;Estadual;Urbana;70;502.44;530.81;458.89;443.98;455.14;478.25
5038;SABINOPOLIS;MG;Estadual;Urbana;56;494.44;525.37;464.83;462.68;443.93;478.25
5039;TABAPORA;MT;Estadual;Urbana;34;480.79;519.73;470.66;445.31;474.71;478.24
5040;JARDIM;MS;Privada;Urbana;32;501.12;542.22;472.09;442.56;433.12;478.22
5041;NEVES PAULISTA;SP;Estadual;Urbana;38;493.51;528.12;469.36;464.32;435.79;478.22
5042;GUANHAES;MG;Estadual;Urbana;228;496.06;530.27;466.51;448.68;449.56;478.22
5043;BERNARDO DO MEARIM;MA;Estadual;Urbana;11;492.5;536.65;470.85;447.35;443.64;478.2
5044;JARU;RO;Estadual;Urbana;298;493.84;534.5;471.64;445.9;445.1;478.2
5045;PASSO DO SOBRADO;RS;Estadual;Urbana;34;503.21;525.3;471.0;429.7;461.76;478.19
5046;JOIA;RS;Estadual;Urbana;39;490.07;523.66;474.51;433.41;469.23;478.18
5047;CORDEIROS;BA;Estadual;Urbana;60;494.56;524.21;459.1;453.28;459.67;478.16
5048;NOSSA SENHORA DA GLORIA;SE;Estadual;Urbana;228;495.58;526.51;468.72;457.7;442.28;478.16
5049;MISSAL;PR;Estadual;Rural;13;484.69;539.88;476.13;450.02;440.0;478.14
5050;RINCAO;SP;Estadual;Urbana;28;491.6;516.02;465.88;456.41;460.71;478.12
5051;UNIAO DE MINAS;MG;Estadual;Urbana;13;459.17;523.48;468.06;466.02;473.85;478.12
5052;MARIAPOLIS;SP;Estadual;Urbana;12;502.65;543.19;464.48;460.23;420.0;478.11
5053;CLAUDIA;MT;Estadual;Urbana;62;481.05;522.35;471.74;465.39;450.0;478.11
5054;PARAGOMINAS;PA;Estadual;Urbana;511;487.51;531.41;463.55;434.24;473.82;478.11
5055;RIACHAO DO JACUIPE;BA;Estadual;Urbana;102;490.61;528.98;461.56;438.19;471.18;478.1
5056;OEIRAS DO PARA;PA;Municipal;Urbana;1;474.6;570.3;502.9;382.6;460.0;478.08
5057;SANTO ANTONIO DA ALEGRIA;SP;Municipal;Urbana;1;513.7;504.0;464.1;508.6;400.0;478.08
5058;FAGUNDES;PB;Estadual;Urbana;39;491.14;524.83;457.23;425.34;491.79;478.07
5059;ELDORADO DO SUL;RS;Privada;Urbana;3;528.0;599.1;399.57;470.33;393.33;478.07
5060;BURITIS;RO;Municipal;Urbana;3;501.97;539.9;427.8;473.97;446.67;478.06
5061;PIRACANJUBA;GO;Municipal;Rural;12;483.33;517.5;481.13;458.28;450.0;478.05
5062;CARNAUBA DOS DANTAS;RN;Estadual;Urbana;35;480.87;520.93;464.2;449.95;474.29;478.05
5063;CALDAZINHA;GO;Estadual;Urbana;18;506.48;539.54;474.87;453.81;415.56;478.05
5064;VIRGEM DA LAPA;MG;Estadual;Rural;9;503.93;500.13;482.94;425.4;477.78;478.04
5065;ALVARES FLORENCE;SP;Estadual;Urbana;20;496.3;512.53;447.34;449.92;484.0;478.02
5066;PIMENTA BUENO;RO;Estadual;Urbana;234;493.69;533.67;473.84;445.81;443.08;478.02
5067;GUAIRACA;PR;Estadual;Urbana;24;469.21;520.94;481.66;451.56;466.67;478.01
5068;CENTRAL DE MINAS;MG;Estadual;Urbana;31;486.33;521.43;457.36;464.17;460.65;477.99
5069;UNAI;MG;Estadual;Urbana;475;491.19;525.39;465.19;446.3;461.85;477.99
5070;NOVO HORIZONTE;BA;Estadual;Urbana;43;493.71;524.07;464.47;443.39;464.19;477.97
5071;SAO FRANCISCO DO GUAPORE;RO;Estadual;Urbana;117;493.43;534.72;476.23;441.04;444.44;477.97
5072;SAO JOSE DOS QUATRO MARCOS;MT;Estadual;Urbana;120;488.41;519.52;466.41;432.2;483.33;477.97
5073;CAMPINA GRANDE;PB;Estadual;Rural;62;495.01;529.97;446.25;426.32;492.26;477.96
5074;FORTUNA DE MINAS;MG;Estadual;Urbana;18;512.01;531.72;472.16;416.13;457.78;477.96
5075;BRAUNA;SP;Estadual;Urbana;31;491.09;522.3;473.32;452.75;450.32;477.96
5076;TRAJANO DE MORAES;RJ;Estadual;Urbana;48;486.9;527.18;452.69;444.05;478.96;477.95
5077;IGUATU;CE;Estadual;Rural;53;494.58;523.14;472.12;453.08;446.79;477.94
5078;CRISTALINA;GO;Estadual;Rural;10;475.43;546.7;459.42;456.1;452.0;477.93
5079;PORTO DOS GAUCHOS;MT;Estadual;Rural;12;500.45;547.88;466.88;442.76;431.67;477.93
5080;HULHA NEGRA;RS;Estadual;Rural;25;483.7;525.62;475.67;448.5;456.0;477.9
5081;PARANAIGUARA;GO;Estadual;Urbana;46;498.84;529.25;466.29;441.14;453.91;477.89
5082;ITABERA;SP;Estadual;Urbana;96;491.91;518.44;464.99;453.91;460.21;477.89
5083;NATAL;RN;Estadual;Urbana;3763;495.77;528.51;460.7;442.96;461.49;477.89
5084;GUARACI;SP;Estadual;Urbana;40;500.0;502.59;460.74;466.58;459.5;477.88
5085;FLORESTA;PE;Estadual;Urbana;183;485.21;513.48;462.28;458.28;470.05;477.86
5086;VARGINHA;MG;Municipal;Urbana;14;495.13;546.9;470.63;429.44;447.14;477.85
5087;CONCEICAO DO JACUIPE;BA;Estadual;Urbana;127;497.19;528.08;468.26;437.39;458.27;477.84
5088;SANTA HELENA DE GOIAS;GO;Estadual;Urbana;146;488.97;531.7;470.59;454.81;443.15;477.84
5089;ITABERAI;GO;Estadual;Urbana;224;494.6;520.12;469.63;446.4;458.39;477.83
5090;JAGUAQUARA;BA;Estadual;Urbana;156;489.6;528.46;466.1;442.06;462.95;477.83
5091;PATOS;PB;Estadual;Urbana;521;492.38;519.83;456.99;438.17;481.73;477.82
5092;TENORIO;PB;Estadual;Urbana;18;485.13;521.71;460.94;450.22;471.11;477.82
5093;SOLIDAO;PE;Estadual;Urbana;32;499.92;514.81;457.82;457.74;458.75;477.81
5094;CANANEIA;SP;Estadual;Urbana;73;486.8;524.91;459.76;473.68;443.84;477.8
5095;ROMELANDIA;SC;Estadual;Urbana;33;491.85;528.56;476.54;426.6;465.45;477.8
5096;FORQUILHINHA;SC;Estadual;Rural;8;496.84;530.83;478.14;403.05;480.0;477.77
5097;BATAYPORA;MS;Estadual;Urbana;71;494.38;532.56;468.22;454.26;439.44;477.77
5098;NOVA SANTA HELENA;MT;Estadual;Urbana;19;495.72;534.04;472.94;448.18;437.89;477.76
5099;BELMONTE;BA;Municipal;Urbana;22;484.58;526.25;472.33;440.98;464.55;477.74
5100;MUQUI;ES;Estadual;Urbana;118;486.39;525.61;473.52;446.06;457.08;477.73
5101;VALENTE;BA;Estadual;Urbana;99;491.6;520.43;469.75;444.46;462.32;477.71
5102;ITAOBIM;MG;Privada;Rural;30;476.76;531.73;472.22;454.39;453.33;477.69
5103;BOM JESUS;RS;Estadual;Urbana;49;501.99;528.92;456.96;447.87;452.65;477.68
5104;DOURADINA;PR;Estadual;Urbana;34;489.59;516.96;458.88;451.21;471.76;477.68
5105;CANDOI;PR;Estadual;Urbana;94;485.18;533.26;472.56;432.9;464.47;477.67
5106;MATERLANDIA;MG;Estadual;Urbana;31;490.62;534.25;465.6;446.89;450.97;477.66
5107;PIRIPIRI;PI;Estadual;Urbana;494;491.03;524.34;471.55;440.48;460.85;477.65
5108;CARAUBAS;PB;Estadual;Urbana;11;473.21;535.01;448.75;431.23;500.0;477.64
5109;GRANITO;PE;Estadual;Urbana;70;482.43;531.75;464.89;456.52;452.57;477.63
5110;ACARI;RN;Estadual;Urbana;68;484.48;511.04;456.31;438.32;497.94;477.62
5111;PESCADOR;MG;Estadual;Urbana;34;496.66;529.23;462.65;426.63;472.94;477.62
5112;CIRIACO;RS;Estadual;Urbana;29;488.77;527.76;458.48;468.89;444.14;477.61
5113;PLANALTO;BA;Estadual;Urbana;112;488.25;523.88;473.46;441.48;460.89;477.59
5114;RIO BRANCO DO SUL;PR;Estadual;Urbana;153;491.7;526.56;459.48;444.62;465.62;477.59
5115;COITE DO NOIA;AL;Estadual;Urbana;79;489.82;523.85;463.76;443.57;466.84;477.57
5116;CHOPINZINHO;PR;Estadual;Rural;22;489.11;536.5;470.17;465.7;426.36;477.57
5117;BRASILIA;DF;Privada;Urbana;48051;487.7;522.0;468.96;452.8;456.33;477.56
5118;LAJE DO MURIAE;RJ;Estadual;Urbana;33;488.74;524.0;464.41;478.52;432.12;477.56
5119;GUIRATINGA;MT;Estadual;Urbana;79;484.4;516.68;473.62;434.63;478.48;477.56
5120;PATOS;PB;Municipal;Urbana;30;495.54;513.51;454.64;438.04;486.0;477.55
5121;IBIPITANGA;BA;Estadual;Urbana;34;481.7;523.38;463.44;455.71;463.53;477.55
5122;NOVO CRUZEIRO;MG;Estadual;Urbana;115;491.38;534.37;462.64;453.01;446.26;477.53
5123;PEDRINHAS PAULISTA;SP;Estadual;Urbana;26;485.77;506.06;474.47;452.85;468.46;477.52
5124;DOURADOS;MS;Estadual;Rural;74;494.38;525.79;468.86;445.95;452.43;477.48
5125;TAQUARA;RS;Municipal;Urbana;24;501.74;529.85;453.45;435.62;466.67;477.47
5126;GUARACIABA;MG;Estadual;Urbana;49;495.58;524.62;468.54;435.59;462.86;477.44
5127;SAO LOURENCO DA MATA;PE;Estadual;Urbana;454;495.22;521.03;470.66;436.65;463.57;477.43
5128;ENCRUZILHADA;BA;Estadual;Urbana;22;488.01;526.0;465.52;432.09;475.45;477.41
5129;MORADA NOVA;CE;Estadual;Urbana;655;480.05;518.61;464.16;457.5;466.72;477.41
5130;HERCULANDIA;SP;Estadual;Urbana;25;488.05;518.68;446.9;450.18;483.2;477.4
5131;CAMPOS DO JORDAO;SP;Municipal;Urbana;1;500.8;612.2;529.9;604.1;140.0;477.4
5132;SANTO ANTONIO DO ITAMBE;MG;Estadual;Urbana;14;495.98;530.83;466.66;469.21;424.29;477.39
5133;CAMPO NOVO DO PARECIS;MT;Privada;Urbana;18;472.39;526.81;479.99;444.63;463.06;477.38
5134;MANAIRA;PB;Estadual;Urbana;29;474.58;525.0;472.29;453.64;461.38;477.38
5135;SANTA RITA DO TRIVELATO;MT;Estadual;Urbana;12;492.92;544.63;482.39;431.91;435.0;477.37
5136;SANTA LUZIA D OESTE;RO;Estadual;Urbana;62;495.59;537.77;464.55;446.33;442.58;477.36
5137;INOCENCIA;MS;Estadual;Urbana;26;484.53;532.76;482.43;443.98;443.08;477.36
5138;SANTA MARIA DO SUACUI;MG;Estadual;Urbana;88;495.21;526.92;457.36;446.09;461.14;477.34
5139;BRACO DO NORTE;SC;Estadual;Urbana;160;479.93;528.27;461.58;451.64;465.25;477.33
5140;COROADOS;SP;Estadual;Urbana;16;491.53;510.84;472.47;419.29;492.5;477.33
5141;ANICUNS;GO;Estadual;Urbana;141;492.81;527.96;470.25;449.55;445.89;477.29
5142;SAO JOSE DA VARGINHA;MG;Estadual;Urbana;18;490.5;510.83;470.42;471.36;443.33;477.29
5143;PIRATININGA;SP;Estadual;Urbana;35;503.9;532.16;464.11;436.5;449.71;477.27
5144;WENCESLAU BRAZ;PR;Estadual;Urbana;96;489.89;529.29;458.76;442.89;465.49;477.26
5145;VARZEA DA PALMA;MG;Estadual;Urbana;221;491.5;529.46;463.37;450.85;451.13;477.26
5146;CAREIRO;AM;Municipal;Rural;4;451.95;525.17;418.65;500.55;490.0;477.26
5147;NOVA ESPERANCA DO SUL;RS;Estadual;Urbana;43;500.01;523.65;477.81;435.99;448.84;477.26
5148;IVAI;PR;Estadual;Urbana;57;499.18;542.77;465.66;448.1;430.53;477.25
5149;ARAPIRACA;AL;Estadual;Urbana;951;486.15;524.29;462.6;438.97;474.26;477.25
5150;SERRINHA;BA;Estadual;Urbana;204;493.18;530.29;465.4;439.3;458.04;477.24
5151;CAMAMU;BA;Privada;Urbana;5;456.94;567.78;452.78;448.54;460.0;477.21
5152;ITAQUAQUECETUBA;SP;Estadual;Urbana;1518;498.98;530.41;459.68;444.04;452.93;477.21
5153;DIAMANTE D OESTE;PR;Estadual;Urbana;23;491.86;535.65;480.75;454.29;423.48;477.2
5154;TAGUATINGA;TO;Estadual;Urbana;59;494.96;523.44;461.37;450.86;455.25;477.18
5155;SERRA BRANCA;PB;Estadual;Urbana;92;489.86;523.99;462.32;432.02;477.61;477.16
5156;BOA VISTA;PB;Estadual;Urbana;52;483.52;523.06;459.96;428.1;491.15;477.16
5157;BORBOREMA;PB;Estadual;Urbana;6;471.93;516.67;464.38;456.12;476.67;477.15
5158;JACINTO;MG;Estadual;Urbana;27;498.48;534.37;455.27;418.21;479.26;477.12
5159;CAPITAO DE CAMPOS;PI;Estadual;Urbana;82;488.12;528.41;481.62;448.36;439.02;477.11
5160;ARROIO DO PADRE;RS;Estadual;Urbana;34;496.3;513.24;469.31;432.58;474.12;477.11
5161;CAIAPONIA;GO;Estadual;Urbana;106;495.51;521.28;471.23;442.05;455.47;477.11
5162;SAO MATEUS DO SUL;PR;Estadual;Rural;35;499.94;539.95;463.24;444.68;437.71;477.1
5163;PORTO SEGURO;BA;Estadual;Urbana;490;492.95;534.05;462.61;439.15;456.69;477.09
5164;FLORANIA;RN;Estadual;Urbana;41;496.31;525.2;450.37;434.97;478.54;477.08
5165;DEODAPOLIS;MS;Estadual;Urbana;76;486.17;523.78;477.2;451.97;446.32;477.08
5166;SAO JOAO D ALIANCA;GO;Estadual;Urbana;46;499.51;529.25;473.11;445.7;437.83;477.08
5167;PIRACAIA;SP;Estadual;Rural;19;502.16;543.18;457.04;417.71;465.26;477.07
5168;LIMA DUARTE;MG;Estadual;Rural;6;514.4;518.38;446.12;439.75;466.67;477.06
5169;BARCARENA;PA;Municipal;Rural;1;544.1;558.9;458.5;423.7;400.0;477.04
5170;CARNEIRINHO;MG;Estadual;Urbana;48;492.82;530.16;465.31;467.34;429.58;477.04
5171;AGUIA BRANCA;ES;Estadual;Urbana;75;480.69;526.65;455.71;466.58;455.47;477.02
5172;RIBEIRAO DOS INDIOS;SP;Estadual;Urbana;10;505.31;523.77;453.28;410.68;492.0;477.01
5173;CACHOEIRINHA;PE;Estadual;Urbana;83;484.16;525.65;458.32;435.01;481.93;477.01
5174;PRIMEIRO DE MAIO;PR;Estadual;Urbana;45;472.86;520.15;475.94;442.26;473.78;477.0
5175;QUISSAMA;RJ;Estadual;Urbana;58;497.83;527.18;471.3;433.13;455.52;476.99
5176;EREBANGO;RS;Estadual;Urbana;12;507.91;514.38;443.42;442.53;476.67;476.98
5177;PINHEIRO;MA;Municipal;Rural;1;495.2;487.1;411.3;391.3;600.0;476.98
5178;MESQUITA;MG;Estadual;Urbana;23;501.29;519.09;475.43;455.97;433.04;476.96
5179;SEROPEDICA;RJ;Estadual;Rural;400;491.7;520.39;459.06;441.01;472.6;476.95
5180;JUAZEIRINHO;PB;Estadual;Urbana;75;494.97;526.01;464.38;435.13;464.27;476.95
5181;NAVIRAI;MS;Estadual;Urbana;288;490.72;534.17;460.95;450.26;448.55;476.93
5182;PINHAL;RS;Estadual;Urbana;16;472.89;509.63;485.78;441.33;475.0;476.93
5183;MARI;PB;Estadual;Urbana;64;480.18;522.62;457.55;443.29;480.94;476.92
5184;JUARA;MT;Estadual;Rural;3;508.07;531.1;493.4;385.33;466.67;476.91
5185;PONTE BRANCA;MT;Estadual;Urbana;11;503.45;508.76;444.51;444.12;483.64;476.9
5186;LAGO DO JUNCO;MA;Privada;Rural;24;485.28;534.9;481.51;431.09;451.67;476.89
5187;EUCLIDES DA CUNHA PAULISTA;SP;Estadual;Rural;15;482.74;507.95;467.28;450.42;476.0;476.88
5188;BURITIZEIRO;MG;Estadual;Urbana;95;490.53;522.73;460.97;440.02;470.11;476.87
5189;DIAMANTE DO NORTE;PR;Estadual;Rural;30;475.55;524.58;489.97;470.91;423.33;476.87
5190;PARAISO;SP;Estadual;Urbana;20;494.57;509.66;462.13;423.96;494.0;476.86
5191;CUSTODIA;PE;Estadual;Urbana;140;493.02;517.89;475.13;442.91;455.29;476.85
5192;PANTANO GRANDE;RS;Estadual;Urbana;63;494.02;527.26;456.6;433.6;472.7;476.84
5193;CHAVANTES;SP;Estadual;Urbana;52;490.84;522.01;461.61;427.3;482.31;476.81
5194;CAMACAN;BA;Estadual;Urbana;99;488.62;522.13;457.94;439.53;475.76;476.8
5195;ALTO PIQUIRI;PR;Estadual;Urbana;67;483.59;519.92;468.99;435.01;476.42;476.79
5196;SAO DOMINGOS;BA;Estadual;Urbana;50;504.23;531.92;460.59;448.32;438.8;476.77
5197;ACAJUTIBA;BA;Estadual;Urbana;66;501.18;524.24;473.84;430.96;453.64;476.77
5198;OEIRAS;PI;Municipal;Urbana;3;502.13;512.93;453.53;428.5;486.67;476.75
5199;SAO NICOLAU;RS;Estadual;Urbana;23;484.24;531.47;462.01;456.29;449.57;476.71
5200;ARAPORA;MG;Estadual;Urbana;36;498.12;519.43;460.25;468.46;437.22;476.7
5201;NOVA IBIA;BA;Estadual;Urbana;17;498.6;518.05;454.96;422.48;489.41;476.7
5202;CORONEL BICACO;RS;Estadual;Urbana;23;490.0;523.27;448.42;427.04;494.78;476.7
5203;MANAUS;AM;Estadual;Urbana;13119;486.63;523.84;455.97;434.72;482.04;476.64
5204;JESUPOLIS;GO;Estadual;Urbana;4;509.15;524.85;452.28;426.9;470.0;476.63
5205;SIDEROPOLIS;SC;Estadual;Urbana;27;490.07;531.49;467.66;423.56;470.37;476.63
5206;URAI;PR;Estadual;Urbana;72;485.0;521.21;459.05;432.83;485.0;476.62
5207;CALUMBI;PE;Estadual;Urbana;51;487.29;519.51;455.96;459.57;460.78;476.62
5208;SERRA DO NAVIO;AP;Estadual;Urbana;19;478.62;524.0;440.86;458.51;481.05;476.61
5209;CACOAL;RO;Estadual;Urbana;660;486.24;527.93;471.04;452.94;444.85;476.6
5210;ITABERABA;BA;Estadual;Urbana;226;497.51;530.55;462.64;445.79;446.46;476.59
5211;BARRA BONITA;SC;Estadual;Urbana;17;462.79;520.62;461.81;466.95;470.59;476.55
5212;DIVINOPOLIS DO TOCANTINS;TO;Municipal;Urbana;3;492.37;537.5;481.93;424.2;446.67;476.53
5213;FIRMINO ALVES;BA;Estadual;Urbana;25;500.5;530.65;445.44;422.72;483.2;476.5
5214;JATEI;MS;Estadual;Urbana;20;490.31;519.94;453.33;466.94;452.0;476.5
5215;LUIS DOMINGUES;MA;Estadual;Urbana;32;483.01;520.78;479.49;432.98;466.25;476.5
5216;CUBATI;PB;Estadual;Urbana;37;490.56;529.81;462.68;438.62;460.54;476.44
5217;MANOEL VITORINO;BA;Municipal;Urbana;1;540.1;551.1;450.9;360.1;480.0;476.44
5218;LEBON REGIS;SC;Estadual;Urbana;40;491.49;541.58;464.23;446.39;438.5;476.44
5219;SAO GERALDO DA PIEDADE;MG;Estadual;Urbana;41;488.89;524.78;465.84;429.0;473.66;476.43
5220;ITAPETINGA;BA;Estadual;Urbana;269;481.59;530.98;463.2;438.0;468.33;476.42
5221;ABATIA;PR;Estadual;Urbana;42;483.21;532.05;445.05;439.9;481.9;476.42
5222;VITORIA BRASIL;SP;Estadual;Urbana;10;463.76;516.18;468.97;481.14;452.0;476.41
5223;IGARACY;PB;Estadual;Urbana;38;468.29;506.92;444.86;441.45;520.53;476.41
5224;SAO FRANCISCO DO SUL;SC;Estadual;Urbana;248;488.53;528.65;460.04;440.93;463.87;476.4
5225;SAO MIGUEL;RN;Estadual;Urbana;128;481.29;515.32;457.29;446.08;481.88;476.37
5226;CORREGO NOVO;MG;Estadual;Urbana;16;501.85;510.08;454.64;460.14;455.0;476.34
5227;ESPIGAO D OESTE;RO;Estadual;Urbana;261;494.21;520.76;475.31;446.31;445.08;476.33
5228;CAMACARI;BA;Estadual;Urbana;1059;495.49;531.36;461.03;437.16;456.51;476.31
5229;MARACANA;PA;Municipal;Rural;3;487.43;521.93;464.57;427.6;480.0;476.31
5230;ALTA FLORESTA D OESTE;RO;Estadual;Urbana;190;481.55;528.29;475.34;448.33;447.95;476.29
5231;FERNANDES PINHEIRO;PR;Estadual;Urbana;17;488.32;525.33;446.52;445.66;475.29;476.23
5232;IBIRACATU;MG;Estadual;Urbana;31;487.85;519.55;481.56;425.1;467.1;476.23
5233;GAVIAO PEIXOTO;SP;Municipal;Urbana;1;431.7;619.4;375.8;394.2;560.0;476.22
5234;QUIRINOPOLIS;GO;Estadual;Urbana;200;490.83;522.98;472.23;441.88;453.1;476.2
5235;SAO ROMAO;MG;Estadual;Urbana;42;490.9;520.98;458.62;425.95;484.52;476.19
5236;SANTO ANTONIO DAS MISSOES;RS;Estadual;Urbana;29;508.71;535.57;476.16;430.19;430.34;476.19
5237;SANTO ANGELO;RS;Estadual;Rural;11;499.55;523.75;448.32;447.43;461.82;476.17
5238;TABOLEIRO GRANDE;RN;Estadual;Urbana;14;479.32;527.21;454.41;435.46;484.29;476.14
5239;SAO SALVADOR DO TOCANTINS;TO;Estadual;Urbana;8;490.89;528.26;465.54;433.44;462.5;476.12
5240;CANDIDO MOTA;SP;Municipal;Urbana;7;484.79;547.66;464.21;458.23;425.71;476.12
5241;CANDIOTA;RS;Estadual;Urbana;73;496.45;525.07;453.81;429.39;475.89;476.12
5242;BOA VISTA;RR;Estadual;Urbana;2301;484.42;522.76;462.89;435.3;475.16;476.11
5243;JUCATI;PE;Estadual;Urbana;74;493.49;528.65;454.68;435.03;468.65;476.1
5244;VILA VALERIO;ES;Estadual;Urbana;115;488.0;512.94;475.24;461.21;443.13;476.1
5245;SANTA MARIA DO PARA;PA;Estadual;Urbana;129;486.77;524.87;462.21;433.1;473.49;476.09
5246;OURO PRETO DO OESTE;RO;Estadual;Urbana;309;492.73;534.95;475.9;448.45;428.28;476.06
5247;FREI INOCENCIO;MG;Estadual;Urbana;51;487.85;521.57;457.19;463.13;450.59;476.06
5248;DOM JOAQUIM;MG;Estadual;Urbana;29;486.33;523.81;463.3;439.24;467.59;476.05
5249;JUPI;PE;Estadual;Urbana;112;491.46;528.86;465.23;446.27;448.39;476.04
5250;SAO JOAO DO OESTE;SC;Estadual;Rural;12;484.94;529.26;460.89;450.12;455.0;476.04
5251;PANCAS;ES;Estadual;Urbana;153;488.62;519.34;459.87;449.06;463.27;476.03
5252;NOVA GUARITA;MT;Estadual;Urbana;41;482.04;526.58;470.94;447.32;453.17;476.01
5253;ITU;SP;Municipal;Urbana;51;486.42;535.56;466.39;451.24;440.39;476.0
5254;CANDIDO MOTA;SP;Estadual;Urbana;87;498.28;529.04;457.36;448.91;446.44;476.0
5255;SAO PEDRO DA UNIAO;MG;Estadual;Urbana;23;500.07;537.28;479.18;448.61;414.78;475.99
5256;ROSARIO DO SUL;RS;Estadual;Urbana;209;492.64;517.7;464.1;433.0;472.44;475.98
5257;BAIXIO;CE;Estadual;Urbana;36;486.9;519.57;463.74;439.94;469.44;475.92
5258;SAO JOSE DO SUL;RS;Estadual;Rural;6;527.12;539.45;490.57;399.15;423.33;475.92
5259;MARQUINHO;PR;Estadual;Urbana;25;504.78;538.55;445.51;441.92;448.8;475.91
5260;ICEM;SP;Estadual;Urbana;28;492.09;527.14;474.37;428.81;457.14;475.91
5261;EMILIANOPOLIS;SP;Estadual;Urbana;14;490.5;520.65;480.14;419.64;468.57;475.9
5262;MONTALVANIA;MG;Estadual;Urbana;71;480.63;513.49;459.41;465.07;460.85;475.89
5263;MANGUEIRINHA;PR;Estadual;Rural;16;483.43;523.94;484.66;431.16;456.25;475.89
5264;SANTO AMARO DAS BROTAS;SE;Estadual;Urbana;27;499.82;530.6;446.68;443.82;458.52;475.89
5265;CAMAPUA;MS;Estadual;Urbana;82;488.84;542.24;466.06;465.49;416.78;475.88
5266;SENADOR SALGADO FILHO;RS;Estadual;Urbana;22;484.05;513.59;471.46;448.42;461.82;475.87
5267;SIMONESIA;MG;Estadual;Urbana;76;479.71;521.92;473.32;463.07;441.32;475.87
5268;BELFORD ROXO;RJ;Estadual;Urbana;1941;492.23;522.93;458.76;441.17;464.07;475.83
5269;TIJUCAS DO SUL;PR;Estadual;Urbana;57;484.48;518.81;469.53;454.75;451.58;475.83
5270;BARRO;CE;Estadual;Urbana;205;485.08;518.44;463.7;439.41;472.49;475.82
5271;PASSOS MAIA;SC;Estadual;Urbana;26;484.71;524.4;455.41;438.35;476.15;475.81
5272;COCALINHO;MT;Estadual;Urbana;11;467.54;507.52;458.05;436.87;509.09;475.81
5273;JACARE DOS HOMENS;AL;Estadual;Urbana;20;481.69;522.83;461.95;426.61;486.0;475.81
5274;TAQUARANA;AL;Estadual;Urbana;119;488.07;520.14;462.92;436.59;471.26;475.8
5275;SAO VICENTE FERRER;PE;Estadual;Urbana;119;499.14;531.13;467.67;430.25;450.76;475.79
5276;CEZARINA;GO;Estadual;Urbana;30;494.92;519.05;471.05;433.22;460.67;475.78
5277;ITAPORA;MS;Estadual;Urbana;84;491.33;533.0;464.35;443.68;446.43;475.76
5278;SAO CARLOS;SP;Federal;Urbana;1;516.1;580.7;558.0;384.0;340.0;475.76
5279;APARECIDA DE GOIANIA;GO;Estadual;Urbana;2416;493.86;526.58;466.82;443.37;448.2;475.76
5280;CACHOEIRA DE PAJEU;MG;Estadual;Urbana;56;486.03;528.06;465.23;451.54;447.86;475.74
5281;RIACHO DAS ALMAS;PE;Estadual;Urbana;82;485.81;525.26;458.9;443.37;465.37;475.74
5282;ANTONINA DO NORTE;CE;Estadual;Urbana;63;499.39;515.89;467.67;450.04;445.71;475.74
5283;IRETAMA;PR;Estadual;Urbana;61;478.6;521.82;472.55;441.4;464.26;475.73
5284;CAMPOS DOS GOYTACAZES;RJ;Estadual;Rural;258;490.45;521.05;462.74;442.89;461.4;475.7
5285;CAARAPO;MS;Estadual;Urbana;160;490.37;535.16;466.69;445.24;440.88;475.67
5286;GUAREI;SP;Estadual;Urbana;67;498.43;540.56;461.42;432.09;445.67;475.63
5287;SERRA AZUL;SP;Estadual;Urbana;43;497.86;524.46;458.04;438.26;459.53;475.63
5288;LUIZIANIA;SP;Estadual;Urbana;13;510.48;516.4;444.29;425.37;481.54;475.62
5289;JUQUIA;SP;Estadual;Urbana;105;495.1;523.5;466.94;440.58;452.0;475.62
5290;NEPOMUCENO;MG;Estadual;Urbana;119;490.91;521.06;469.7;457.51;438.82;475.6
5291;AREIOPOLIS;SP;Estadual;Urbana;44;509.72;526.03;456.9;447.52;437.73;475.58
5292;CERRO GRANDE DO SUL;RS;Estadual;Urbana;59;482.62;511.38;468.35;447.38;468.14;475.57
5293;SANTA MARIANA;PR;Estadual;Rural;18;477.56;511.47;472.23;475.48;441.11;475.57
5294;BARREIRAS;BA;Estadual;Urbana;726;489.46;524.06;461.24;440.03;463.09;475.57
5295;BENEDITINOS;PI;Estadual;Rural;5;489.58;529.36;468.02;450.74;440.0;475.54
5296;RIO BOM;PR;Estadual;Urbana;20;478.34;534.0;469.72;441.6;454.0;475.54
5297;AREAL;RJ;Estadual;Urbana;40;488.82;521.54;461.2;436.59;469.5;475.53
5298;MIRABELA;MG;Estadual;Urbana;53;497.03;520.32;445.94;452.32;461.89;475.5
5299;NOVO SAO JOAQUIM;MT;Estadual;Urbana;16;469.56;527.23;457.37;455.79;467.5;475.49
5300;BRUMADINHO;MG;Municipal;Urbana;6;467.27;520.42;469.22;457.17;463.33;475.48
5301;SERRINHA;BA;Municipal;Rural;1;517.3;556.4;444.6;419.1;440.0;475.48
5302;ITAPERUNA;RJ;Estadual;Rural;20;489.19;518.88;439.38;440.84;489.0;475.46
5303;NOVA MARILANDIA;MT;Estadual;Urbana;28;486.99;526.22;462.04;474.2;427.86;475.46
5304;PEDRO OSORIO;RS;Estadual;Urbana;45;494.49;525.38;461.03;455.95;440.47;475.46
5305;RIBEIRAO DO LARGO;BA;Municipal;Urbana;1;489.5;564.4;509.8;413.6;400.0;475.46
5306;CASTANHAL;PA;Municipal;Rural;1;510.6;550.6;411.4;404.7;500.0;475.46
5307;MARAU;BA;Estadual;Urbana;13;476.68;529.34;463.25;443.37;464.62;475.45
5308;IPIACU;MG;Estadual;Urbana;33;502.73;493.73;485.81;443.39;451.52;475.44
5309;MIRANDA DO NORTE;MA;Estadual;Urbana;44;486.38;522.03;459.03;433.86;475.91;475.44
5310;SAGRES;SP;Estadual;Urbana;3;496.53;523.83;418.57;438.27;500.0;475.44
5311;CAIANA;MG;Estadual;Urbana;11;504.78;527.32;451.52;444.43;449.09;475.43
5312;HIDROLANDIA;CE;Estadual;Urbana;205;489.27;508.45;467.13;443.02;469.17;475.41
5313;BEBERIBE;CE;Estadual;Urbana;562;484.9;512.97;465.93;446.04;467.15;475.4
5314;CAICARA;PB;Estadual;Urbana;43;496.01;530.37;466.16;440.75;443.72;475.4
5315;CATUTI;MG;Estadual;Urbana;13;481.78;514.89;472.08;446.72;461.54;475.4
5316;LIVRAMENTO DE NOSSA SENHORA;BA;Municipal;Rural;5;491.78;543.98;473.56;491.66;376.0;475.4
5317;ARACOIABA DA SERRA;SP;Estadual;Urbana;148;503.25;520.62;458.0;448.68;446.42;475.39
5318;BELEM;PA;Estadual;Urbana;9010;488.33;527.42;462.45;434.52;464.21;475.39
5319;BENEVIDES;PA;Estadual;Urbana;307;489.38;525.54;467.03;431.91;463.06;475.38
5320;SANTA CRUZ DE GOIAS;GO;Estadual;Urbana;15;492.39;522.17;464.49;440.45;457.33;475.36
5321;CAJATI;SP;Estadual;Urbana;117;494.7;523.82;462.89;448.72;446.5;475.33
5322;IJACI;MG;Estadual;Urbana;57;483.45;515.8;479.49;446.34;451.58;475.33
5323;PINDORAMA;SP;Estadual;Urbana;45;483.11;511.46;463.01;448.82;470.22;475.32
5324;TUCANO;BA;Estadual;Urbana;191;491.62;524.35;465.33;439.61;455.6;475.3
5325;GARRUCHOS;RS;Estadual;Urbana;20;496.57;532.78;458.07;453.06;436.0;475.3
5326;SAO JOSE DO SERIDO;RN;Estadual;Urbana;25;491.63;532.8;460.38;425.28;466.4;475.3
5327;SAO BENTO;PB;Estadual;Urbana;194;486.1;521.95;460.94;441.94;465.46;475.28
5328;MESOPOLIS;SP;Estadual;Urbana;10;478.52;511.99;463.63;464.27;458.0;475.28
5329;EMBU-GUACU;SP;Municipal;Urbana;7;502.01;532.53;472.86;423.24;445.71;475.27
5330;CHAPECO;SC;Estadual;Rural;23;490.13;520.16;471.08;441.05;453.91;475.27
5331;NOVA VENEZA;SC;Estadual;Urbana;75;494.29;530.38;470.11;446.34;435.2;475.26
5332;ALMENARA;MG;Estadual;Urbana;175;489.17;528.15;458.48;446.61;453.83;475.25
5333;BUJARI;AC;Estadual;Rural;9;467.01;513.66;447.92;447.62;500.0;475.24
5334;CACAPAVA DO SUL;RS;Estadual;Urbana;206;496.22;529.67;459.39;440.04;450.84;475.23
5335;JUNCO DO SERIDO;PB;Municipal;Urbana;13;476.93;516.87;442.81;413.28;526.15;475.21
5336;POCO VERDE;SE;Estadual;Urbana;146;485.28;518.7;474.0;443.13;454.93;475.21
5337;RIBEIRAO GRANDE;SP;Estadual;Urbana;32;491.09;523.34;463.26;450.12;448.12;475.19
5338;JEQUERI;MG;Estadual;Urbana;38;499.93;529.42;473.01;446.18;427.37;475.18
5339;SAO LUIS;MA;Estadual;Rural;252;493.59;530.86;468.86;436.69;445.87;475.17
5340;IBATE;SP;Privada;Urbana;4;510.15;524.92;485.92;439.83;415.0;475.16
5341;BARREIROS;PE;Estadual;Rural;63;485.94;520.22;462.67;434.27;472.7;475.16
5342;PATU;RN;Privada;Urbana;10;466.94;509.02;460.79;471.06;468.0;475.16
5343;GUAPO;GO;Estadual;Urbana;63;491.97;519.83;478.28;444.1;441.59;475.15
5344;SARDOA;MG;Estadual;Urbana;38;490.72;532.26;454.22;448.34;450.0;475.11
5345;IRECE;BA;Estadual;Urbana;330;487.7;525.56;469.09;438.18;455.0;475.11
5346;FREI PAULO;SE;Estadual;Urbana;53;494.18;526.31;472.53;428.51;453.96;475.1
5347;MARINGA;PR;Municipal;Urbana;11;465.09;518.73;460.02;426.17;505.45;475.09
5348;CANINDE;CE;Estadual;Urbana;719;491.12;517.13;460.95;444.14;462.11;475.09
5349;FELIXLANDIA;MG;Estadual;Urbana;93;494.1;516.52;474.18;431.95;458.71;475.09
5350;ORIZONA;GO;Estadual;Rural;19;490.79;514.59;467.42;423.66;478.95;475.08
5351;DIAMANTE DO NORTE;PR;Estadual;Urbana;25;475.44;530.52;459.43;450.63;459.2;475.04
5352;GOIANAPOLIS;GO;Estadual;Urbana;80;484.99;531.19;466.93;436.58;455.5;475.04
5353;TANGUA;RJ;Estadual;Urbana;111;498.05;527.99;465.73;432.01;451.35;475.03
5354;TENENTE PORTELA;RS;Estadual;Urbana;75;489.57;528.93;467.45;453.88;435.2;475.01
5355;TACARATU;PE;Estadual;Urbana;68;496.1;517.92;454.02;438.99;467.94;474.99
5356;CURRALINHO;PA;Municipal;Rural;1;434.9;529.6;463.4;387.0;560.0;474.98
5357;MASSARANDUBA;PB;Estadual;Urbana;41;489.88;524.02;437.76;447.09;476.1;474.97
5358;MEDINA;MG;Estadual;Rural;2;499.8;523.25;495.65;366.15;490.0;474.97
5359;VERTENTE DO LERIO;PE;Estadual;Urbana;38;478.19;495.36;476.38;452.76;472.11;474.96
5360;FREI GASPAR;MG;Estadual;Urbana;22;489.35;522.07;445.83;443.85;473.64;474.95
5361;CURACA;BA;Estadual;Rural;5;477.88;510.48;471.48;426.88;488.0;474.94
5362;TOCANTINOPOLIS;TO;Estadual;Urbana;166;493.12;527.0;460.15;435.09;459.28;474.93
5363;MARITUBA;PA;Estadual;Urbana;546;491.32;528.63;463.77;434.31;456.59;474.92
5364;CONCEICAO DO COITE;BA;Estadual;Urbana;200;497.01;529.92;459.49;437.23;450.9;474.91
5365;PORTO DE PEDRAS;AL;Estadual;Urbana;28;495.55;524.69;450.96;437.6;465.71;474.9
5366;PAVAO;MG;Estadual;Urbana;36;485.32;528.51;463.44;448.33;448.89;474.9
5367;BOCAINA DO SUL;SC;Estadual;Urbana;14;484.49;530.86;467.24;460.39;431.43;474.88
5368;BRAGA;RS;Estadual;Urbana;18;470.82;530.05;463.67;438.69;471.11;474.87
5369;ABELARDO LUZ;SC;Estadual;Rural;15;482.77;515.88;442.86;432.8;500.0;474.86
5370;SALGADINHO;PE;Estadual;Urbana;24;495.42;543.74;449.28;429.99;455.83;474.85
5371;ARAL MOREIRA;MS;Estadual;Urbana;37;480.74;525.26;481.64;448.23;438.38;474.85
5372;LAGOA DE VELHOS;RN;Estadual;Urbana;7;485.6;542.1;466.21;440.33;440.0;474.85
5373;SAO JOAO;PE;Estadual;Urbana;102;496.26;525.3;467.67;436.39;448.43;474.81
5374;PINHAL DE SAO BENTO;PR;Estadual;Urbana;26;482.44;522.72;477.74;434.97;456.15;474.8
5375;PESCARIA BRAVA;SC;Estadual;Rural;31;481.9;532.63;457.07;449.45;452.9;474.79
5376;SAO MIGUEL DO TAPUIO;PI;Estadual;Rural;13;474.77;530.58;486.8;487.95;393.85;474.79
5377;VITORIA DA CONQUISTA;BA;Municipal;Rural;5;519.72;504.56;485.44;408.22;456.0;474.79
5378;UBIRAJARA;SP;Estadual;Urbana;24;502.99;529.16;449.94;442.63;449.17;474.78
5379;SALTO VELOSO;SC;Estadual;Urbana;31;480.85;537.88;476.75;466.75;411.61;474.77
5380;AGUA BOA;MG;Estadual;Rural;3;513.5;550.77;456.47;439.73;413.33;474.76
5381;PARARI;PB;Estadual;Urbana;15;486.19;532.24;459.01;433.67;462.67;474.76
5382;PALMOPOLIS;MG;Estadual;Urbana;13;484.65;519.34;455.93;396.88;516.92;474.74
5383;MEDEIROS;MG;Estadual;Urbana;27;488.31;509.85;470.61;433.0;471.85;474.73
5384;PAUINI;AM;Estadual;Rural;2;531.4;517.35;490.1;414.8;420.0;474.73
5385;ALTO ALEGRE DOS PARECIS;RO;Estadual;Urbana;71;496.08;521.61;471.18;457.17;427.61;474.73
5386;OROBO;PE;Estadual;Urbana;143;489.65;515.54;480.3;431.74;456.36;474.72
5387;SAO PEDRO DO PARANA;PR;Estadual;Urbana;9;492.67;531.77;435.44;427.01;486.67;474.71
5388;SIMAO PEREIRA;MG;Estadual;Urbana;9;503.5;537.68;493.18;441.41;397.78;474.71
5389;IGUARACU;PR;Estadual;Urbana;20;499.66;521.86;476.02;436.93;439.0;474.69
5390;SANTA ISABEL DO IVAI;PR;Estadual;Urbana;33;484.84;525.01;470.15;435.29;458.18;474.69
5391;SAO SEBASTIAO DO MARANHAO;MG;Estadual;Rural;3;528.2;548.37;495.93;380.9;420.0;474.68
5392;BRACO DO NORTE;SC;Municipal;Urbana;1;443.0;553.1;407.0;450.2;520.0;474.66
5393;TURVO;PR;Estadual;Rural;17;486.28;532.14;455.86;414.24;484.71;474.64
5394;SETE BARRAS;SP;Estadual;Urbana;104;489.33;520.4;461.5;459.82;442.12;474.63
5395;MATHIAS LOBATO;MG;Estadual;Urbana;8;505.18;527.65;467.14;460.64;412.5;474.62
5396;PEDREGULHO;SP;Estadual;Urbana;68;484.86;523.58;459.53;433.25;471.76;474.6
5397;ALTAMIRA;PA;Estadual;Urbana;617;484.73;525.09;465.2;438.62;459.38;474.6
5398;BRASILEIA;AC;Estadual;Rural;8;504.14;529.14;431.71;435.44;472.5;474.58
5399;JURANDA;PR;Estadual;Rural;10;475.95;527.39;471.57;453.91;444.0;474.56
5400;SANTA TEREZINHA;SC;Estadual;Urbana;67;482.65;533.16;463.89;457.17;435.82;474.54
5401;IBIRAJUBA;PE;Estadual;Urbana;13;493.37;522.6;455.9;436.09;464.62;474.52
5402;RAMILANDIA;PR;Estadual;Urbana;17;497.88;509.64;449.31;432.22;483.53;474.51
5403;ITAPORANGA;SP;Estadual;Urbana;68;496.76;514.82;490.16;450.79;420.0;474.5
5404;GOIANDIRA;GO;Estadual;Urbana;21;492.7;527.2;457.52;433.92;460.95;474.46
5405;MARMELEIRO;PR;Municipal;Urbana;1;568.0;545.3;487.9;451.1;320.0;474.46
5406;JURANDA;PR;Estadual;Urbana;39;494.71;516.61;463.0;452.78;445.15;474.45
5407;UMUARAMA;PR;Estadual;Rural;18;478.32;521.34;456.62;472.61;443.33;474.44
5408;SAO JOAO DAS MISSOES;MG;Estadual;Urbana;22;496.55;523.05;456.06;454.72;441.82;474.44
5409;LAGES;SC;Municipal;Rural;15;476.08;522.07;496.73;442.59;434.67;474.43
5410;ARAGUAINA;TO;Estadual;Urbana;1142;490.27;525.96;459.54;440.75;455.54;474.41
5411;SAO CAITANO;PE;Estadual;Urbana;182;488.88;514.89;469.28;442.94;456.04;474.41
5412;NORTELANDIA;MT;Estadual;Urbana;42;489.54;522.05;472.83;447.54;440.0;474.39
5413;ARARI;MA;Estadual;Urbana;91;486.11;526.93;461.18;432.25;465.49;474.39
5414;GOIAS;GO;Estadual;Urbana;98;491.87;530.53;469.56;440.12;439.8;474.38
5415;ALVARES MACHADO;SP;Estadual;Urbana;124;487.62;525.16;454.75;447.76;456.61;474.38
5416;ITARANTIM;BA;Estadual;Urbana;36;489.26;511.13;460.26;433.39;477.78;474.36
5417;CERRO NEGRO;SC;Estadual;Urbana;23;483.84;518.5;467.54;428.84;473.04;474.35
5418;SALGUEIRO;PE;Estadual;Rural;36;480.1;522.57;457.89;418.32;492.78;474.33
5419;JARDIM ALEGRE;PR;Estadual;Urbana;62;498.73;523.4;457.19;430.04;462.26;474.33
5420;SANTA LEOPOLDINA;ES;Estadual;Rural;11;483.98;518.91;465.73;421.22;481.82;474.33
5421;PRESIDENTE MEDICI;MA;Privada;Urbana;2;442.55;524.6;449.55;404.9;550.0;474.32
5422;ITAPORA;MS;Estadual;Rural;25;473.78;537.78;454.93;445.86;459.2;474.31
5423;TRABIJU;SP;Estadual;Urbana;9;498.12;513.53;432.78;418.21;508.89;474.31
5424;PRADO;BA;Municipal;Urbana;11;504.53;524.95;469.29;409.16;463.64;474.31
5425;EPITACIOLANDIA;AC;Estadual;Urbana;90;480.74;516.83;471.37;430.13;472.44;474.3
5426;PARIPUEIRA;AL;Privada;Urbana;6;496.83;555.92;451.3;407.42;460.0;474.29
5427;CAICO;RN;Estadual;Urbana;469;490.78;523.87;459.78;438.55;458.39;474.27
5428;SAQUAREMA;RJ;Estadual;Rural;13;479.33;535.13;447.21;428.1;481.54;474.26
5429;JANAUBA;MG;Estadual;Urbana;505;490.11;525.58;464.05;443.63;447.92;474.26
5430;CARIRIACU;CE;Estadual;Urbana;293;485.11;522.04;464.98;439.66;459.45;474.25
5431;LAGOA GRANDE;MG;Estadual;Urbana;44;480.38;515.3;465.82;457.36;452.27;474.23
5432;CACEQUI;RS;Estadual;Urbana;64;495.21;523.48;455.99;435.15;461.25;474.22
5433;PILAR;AL;Privada;Urbana;47;475.11;516.18;461.14;431.46;487.23;474.22
5434;EUCLIDES DA CUNHA;BA;Estadual;Urbana;194;486.49;523.43;456.2;428.29;476.7;474.22
5435;CUNHATAI;SC;Estadual;Urbana;25;466.06;540.86;470.06;452.44;441.6;474.21
5436;IPU;CE;Estadual;Urbana;339;485.03;519.74;466.15;434.1;466.02;474.21
5437;ROMARIA;MG;Estadual;Urbana;24;490.66;518.43;471.23;443.1;447.5;474.18
5438;TEIXEIROPOLIS;RO;Estadual;Urbana;39;486.95;531.92;476.48;439.14;436.41;474.18
5439;PEDRO II;PI;Municipal;Urbana;3;487.53;505.97;500.23;403.83;473.33;474.18
5440;MARILUZ;PR;Estadual;Urbana;43;475.48;517.63;457.86;437.09;482.79;474.17
5441;BANANEIRAS;PB;Estadual;Urbana;160;487.86;516.2;468.18;435.79;462.75;474.16
5442;CANSANCAO;BA;Estadual;Urbana;63;491.24;535.3;461.91;435.04;447.3;474.16
5443;TRES BARRAS;SC;Estadual;Urbana;57;470.51;528.98;466.42;436.79;468.07;474.15
5444;SEBASTIAO LARANJEIRAS;BA;Estadual;Urbana;31;478.71;526.92;472.19;445.83;447.1;474.15
5445;SAO SIMAO;GO;Estadual;Urbana;76;497.91;515.12;476.93;442.57;438.16;474.14
5446;ITAPICURU;BA;Municipal;Rural;40;493.43;526.71;459.25;460.82;430.5;474.14
5447;IPIAU;BA;Estadual;Rural;26;499.52;519.09;439.52;442.53;470.0;474.13
5448;DUMONT;SP;Estadual;Urbana;36;489.48;500.87;458.61;431.12;490.56;474.13
5449;TAQUARITINGA DO NORTE;PE;Estadual;Urbana;126;490.36;517.89;452.69;431.64;478.1;474.13
5450;NOVO BRASIL;GO;Estadual;Urbana;18;482.81;531.29;472.27;468.66;415.56;474.12
5451;FAMA;MG;Estadual;Urbana;19;494.89;519.53;447.25;427.84;481.05;474.11
5452;MONSENHOR GIL;PI;Estadual;Urbana;93;492.98;521.95;464.92;438.8;451.83;474.09
5453;HIDROLINA;GO;Estadual;Urbana;10;506.34;517.51;492.12;436.48;418.0;474.09
5454;JABORANDI;SP;Estadual;Urbana;36;487.21;523.01;447.14;445.28;467.78;474.08
5455;RAFAEL GODEIRO;RN;Estadual;Urbana;29;495.6;528.88;463.23;432.24;450.34;474.06
5456;SAO GONCALO;RJ;Estadual;Rural;23;476.33;504.96;458.13;437.79;493.04;474.05
5457;SAO BENEDITO;CE;Estadual;Urbana;523;485.3;516.52;466.04;439.59;462.75;474.04
5458;IGUATU;CE;Estadual;Urbana;683;486.11;519.12;467.54;445.86;451.57;474.04
5459;MONSENHOR HIPOLITO;PI;Estadual;Urbana;28;475.2;512.86;455.68;442.18;484.29;474.04
5460;ABAETETUBA;PA;Estadual;Urbana;805;482.12;522.9;460.35;428.75;476.02;474.03
5461;ILHABELA;SP;Estadual;Urbana;119;502.48;525.43;460.06;457.69;424.37;474.01
5462;PORANGABA;SP;Estadual;Urbana;53;498.82;526.05;457.42;440.16;447.55;474.0
5463;PAULO FRONTIN;PR;Estadual;Rural;10;465.97;547.05;449.21;389.61;518.0;473.97
5464;MARTINS;RN;Estadual;Urbana;38;484.73;514.59;458.01;427.27;485.26;473.97
5465;DESCANSO;SC;Estadual;Rural;10;484.82;518.77;467.45;448.77;450.0;473.96
5466;BURITINOPOLIS;GO;Estadual;Urbana;7;471.26;533.67;472.29;455.36;437.14;473.94
5467;RUBIM;MG;Estadual;Urbana;26;505.0;518.0;479.21;447.4;420.0;473.92
5468;RIO NOVO DO SUL;ES;Estadual;Rural;17;486.06;508.47;459.51;444.8;470.59;473.89
5469;GOIANA;PE;Estadual;Urbana;465;486.57;520.46;461.01;444.83;456.52;473.88
5470;CAPIM BRANCO;MG;Estadual;Urbana;49;478.66;516.11;474.52;455.61;444.49;473.88
5471;SAO JOAO DO IVAI;PR;Estadual;Urbana;54;483.24;511.26;454.75;426.23;493.7;473.84
5472;PIRANHAS;AL;Estadual;Urbana;46;476.09;517.69;467.07;442.21;466.09;473.83
5473;INHAMBUPE;BA;Privada;Rural;17;483.42;540.44;467.53;433.01;444.71;473.82
5474;PATU;RN;Estadual;Urbana;77;487.04;518.92;461.82;442.39;458.96;473.82
5475;BACABAL;MA;Estadual;Urbana;451;482.75;524.88;463.65;434.13;463.68;473.82
5476;FIGUEIROPOLIS D OESTE;MT;Estadual;Urbana;17;485.06;522.95;463.2;429.62;468.24;473.81
5477;PARNAMIRIM;RN;Estadual;Rural;11;482.7;537.8;443.1;465.44;440.0;473.81
5478;FLORINIA;SP;Estadual;Urbana;18;480.88;532.76;456.69;427.54;471.11;473.8
5479;PARIQUERA-ACU;SP;Estadual;Rural;17;504.18;518.06;461.58;455.68;429.41;473.78
5480;SIMAO DIAS;SE;Estadual;Rural;27;486.3;527.86;466.44;436.37;451.85;473.77
5481;PARAUAPEBAS;PA;Estadual;Rural;111;492.99;528.73;460.52;429.62;456.94;473.76
5482;NOVA CAMPINA;SP;Estadual;Rural;6;510.63;521.35;413.95;442.88;480.0;473.76
5483;SANTANA DO SERIDO;RN;Estadual;Urbana;28;490.52;543.74;442.92;452.95;438.57;473.74
5484;BELO CAMPO;BA;Estadual;Urbana;46;479.96;526.59;472.06;432.99;456.96;473.71
5485;AGUAI;SP;Municipal;Urbana;15;478.98;529.8;458.81;430.15;470.67;473.68
5486;CAUCAIA;CE;Estadual;Urbana;2063;491.1;522.86;459.88;443.49;451.08;473.68
5487;IGARACU DO TIETE;SP;Municipal;Urbana;10;487.17;531.5;448.12;431.58;470.0;473.67
5488;LAGOAO;RS;Estadual;Urbana;31;471.8;519.13;452.52;455.24;469.68;473.67
5489;IRAI DE MINAS;MG;Estadual;Urbana;35;483.19;519.96;474.58;466.61;424.0;473.67
5490;CARUTAPERA;MA;Estadual;Urbana;79;481.57;535.8;456.29;428.55;466.08;473.66
5491;PETROLANDIA;SC;Estadual;Urbana;31;488.97;528.15;468.04;445.73;437.42;473.66
5492;MARAGOGIPE;BA;Privada;Urbana;9;493.76;516.51;457.24;434.09;466.67;473.65
5493;SAO PEDRO DO IGUACU;PR;Estadual;Urbana;26;475.88;526.18;479.05;435.52;451.54;473.64
5494;RIO DO PIRES;BA;Estadual;Urbana;60;480.26;514.95;457.07;443.87;472.0;473.63
5495;FELICIO DOS SANTOS;MG;Estadual;Urbana;52;493.99;530.26;456.48;438.9;448.46;473.62
5496;JEQUITAI;MG;Estadual;Urbana;42;487.82;519.5;471.41;422.15;467.14;473.61
5497;BITURUNA;PR;Estadual;Rural;5;484.84;526.14;476.48;468.6;412.0;473.61
5498;JIQUIRICA;BA;Estadual;Urbana;65;488.4;519.31;463.44;448.87;448.0;473.61
5499;CONGONHINHAS;PR;Estadual;Urbana;28;487.7;539.49;463.9;447.57;429.29;473.59
5500;JI-PARANA;RO;Privada;Rural;20;492.34;521.32;485.07;431.24;438.0;473.59
5501;SANTANA DO ITARARE;PR;Estadual;Urbana;45;478.56;518.09;473.6;442.39;455.11;473.55
5502;UBARANA;SP;Estadual;Urbana;36;494.59;531.43;454.71;449.76;437.22;473.54
5503;AGUAS BELAS;PE;Estadual;Urbana;125;493.44;515.99;464.72;438.18;455.36;473.54
5504;SALGADINHO;PB;Estadual;Urbana;17;466.56;518.42;470.14;420.84;491.76;473.54
5505;IMARUI;SC;Estadual;Urbana;38;492.79;524.44;459.76;431.18;459.47;473.53
5506;CRAIBAS;AL;Estadual;Urbana;63;484.33;525.76;464.79;437.49;455.24;473.52
5507;THEOBROMA;RO;Estadual;Urbana;56;489.98;525.06;482.55;444.59;425.36;473.51
5508;PASSIRA;PE;Estadual;Urbana;142;486.14;520.85;461.11;430.58;468.87;473.51
5509;BOA VISTA DAS MISSOES;RS;Estadual;Urbana;11;487.39;530.66;448.82;398.83;501.82;473.5
5510;CORUMBAIBA;GO;Estadual;Urbana;44;487.73;527.81;468.15;453.34;430.45;473.49
5511;CAMOCIM;CE;Estadual;Urbana;790;487.23;519.07;466.49;442.2;452.41;473.48
5512;CABO DE SANTO AGOSTINHO;PE;Estadual;Urbana;1080;494.36;525.44;458.18;439.54;449.85;473.48
5513;SARUTAIA;SP;Estadual;Urbana;13;503.4;518.48;462.02;463.39;420.0;473.46
5514;MARCELANDIA;MT;Estadual;Urbana;57;495.47;523.23;453.87;446.64;448.07;473.46
5515;BALNEARIO CAMBORIU;SC;Municipal;Urbana;4;446.52;523.6;435.1;462.02;500.0;473.45
5516;NOVO HORIZONTE DO SUL;MS;Estadual;Urbana;20;496.16;539.56;454.08;456.42;421.0;473.44
5517;ITABORAI;RJ;Estadual;Rural;97;489.65;517.15;456.44;436.74;467.22;473.44
5518;SAO VALENTIM;RS;Estadual;Urbana;24;482.44;524.12;477.9;445.92;436.67;473.41
5519;SANTA VITORIA;MG;Estadual;Urbana;96;487.84;520.05;458.81;452.31;447.92;473.39
5520;RIO VERDE DE MATO GROSSO;MS;Estadual;Urbana;84;491.6;524.7;474.75;442.05;433.81;473.38
5521;TURVANIA;GO;Estadual;Urbana;7;511.93;536.03;468.24;453.46;397.14;473.36
5522;SERRA NEGRA DO NORTE;RN;Estadual;Urbana;55;480.24;513.77;458.02;461.24;453.45;473.35
5523;ALAGOA;MG;Estadual;Urbana;13;507.62;524.83;463.33;473.99;396.92;473.34
5524;APIACA;ES;Estadual;Urbana;42;487.32;529.83;454.62;450.07;444.76;473.32
5525;MOITA BONITA;SE;Estadual;Urbana;77;490.6;509.14;470.42;431.91;464.55;473.32
5526;PAU DOS FERROS;RN;Estadual;Urbana;221;488.11;518.11;450.57;433.99;475.75;473.31
5527;ENTRE RIOS;SC;Estadual;Urbana;16;473.95;536.05;483.88;438.81;433.75;473.29
5528;RIBEIRAO CLARO;PR;Estadual;Rural;6;486.15;515.03;490.2;401.7;473.33;473.28
5529;JACIARA;MT;Estadual;Urbana;178;479.37;515.88;468.15;442.94;460.0;473.27
5530;NOVA BRASILANDIA D OESTE;RO;Estadual;Urbana;114;485.69;532.17;463.85;465.82;418.77;473.26
5531;PILOES;RN;Estadual;Urbana;15;471.5;541.96;461.95;393.34;497.33;473.22
5532;SERRO;MG;Estadual;Urbana;104;483.05;523.96;462.04;453.7;443.27;473.2
5533;MEDEIROS NETO;BA;Estadual;Urbana;96;488.09;525.21;458.86;434.27;459.58;473.2
5534;ITANHEM;BA;Estadual;Urbana;122;486.54;523.22;467.9;441.92;446.23;473.16
5535;MAMBAI;GO;Estadual;Urbana;23;491.74;536.63;456.14;445.62;435.65;473.16
5536;ARAMINA;SP;Estadual;Urbana;16;489.72;517.01;461.41;456.41;441.25;473.16
5537;QUIXERAMOBIM;CE;Estadual;Urbana;642;481.87;512.71;458.6;448.12;464.39;473.14
5538;PRACINHA;SP;Estadual;Urbana;4;508.8;539.1;470.68;427.0;420.0;473.12
5539;PIRACAIA;SP;Municipal;Rural;1;495.1;554.7;532.1;363.7;420.0;473.12
5540;JABOATAO DOS GUARARAPES;PE;Estadual;Urbana;2389;494.05;524.9;459.24;440.74;446.61;473.11
5541;GURJAO;PB;Estadual;Urbana;22;488.32;517.56;464.74;454.03;440.91;473.11
5542;CAMAPUA;MS;Estadual;Rural;6;490.65;541.98;431.68;484.55;416.67;473.11
5543;SAO FRANCISCO DO GLORIA;MG;Estadual;Urbana;18;491.15;518.91;480.91;473.41;401.11;473.1
5544;PAIAL;SC;Estadual;Urbana;18;475.19;533.29;479.58;464.02;413.33;473.08
5545;PRESIDENTE DUTRA;MA;Estadual;Urbana;192;486.78;518.64;460.24;428.61;471.15;473.08
5546;BALNEARIO BARRA DO SUL;SC;Estadual;Urbana;38;488.99;525.24;459.39;432.28;459.47;473.08
5547;SAO VICENTE DO SUL;RS;Estadual;Urbana;65;497.1;518.67;464.94;439.03;445.54;473.06
5548;LAGOA SECA;PB;Estadual;Urbana;95;484.75;518.3;461.67;430.57;469.89;473.04
5549;UTINGA;BA;Estadual;Urbana;76;491.33;522.73;467.42;448.44;435.26;473.04
5550;RIBEIRAO BRANCO;SP;Estadual;Urbana;100;486.23;519.85;454.56;448.7;455.8;473.03
5551;CAPITAO POCO;PA;Estadual;Urbana;255;482.92;522.8;466.95;437.76;454.67;473.02
5552;NAQUE;MG;Estadual;Urbana;29;495.18;514.32;449.92;460.4;445.28;473.02
5553;MARACAJU;MS;Estadual;Urbana;178;488.4;523.85;466.4;447.21;439.21;473.02
5554;ANGUERA;BA;Estadual;Urbana;25;493.92;518.47;449.74;446.16;456.8;473.02
5555;JOACABA;SC;Estadual;Urbana;88;494.84;522.8;458.14;438.6;450.45;472.97
5556;BOQUEIRAO;PB;Estadual;Urbana;77;485.08;520.6;458.65;442.84;457.66;472.97
5557;FLORESTA DO ARAGUAIA;PA;Municipal;Urbana;2;488.8;513.85;461.85;390.3;510.0;472.96
5558;COLINA;SP;Estadual;Urbana;64;485.57;517.16;458.5;441.69;461.88;472.96
5559;EUNAPOLIS;BA;Estadual;Urbana;384;489.8;528.29;456.24;438.2;452.19;472.94
5560;FAZENDA RIO GRANDE;PR;Municipal;Urbana;15;487.9;530.86;468.97;435.64;441.33;472.94
5561;PIRENOPOLIS;GO;Estadual;Urbana;119;493.71;523.4;463.14;433.36;450.92;472.91
5562;CURURUPU;MA;Estadual;Urbana;123;485.97;527.88;461.0;434.25;455.45;472.91
5563;DONA EMMA;SC;Estadual;Urbana;30;460.83;519.37;473.87;457.79;452.67;472.9
5564;VILA PAVAO;ES;Estadual;Rural;12;469.28;526.27;498.73;446.9;423.33;472.9
5565;FOZ DO JORDAO;PR;Estadual;Urbana;20;492.72;539.73;448.06;439.94;444.0;472.89
5566;CAMAQUA;RS;Estadual;Rural;10;465.32;517.42;468.45;421.21;492.0;472.88
5567;PARAMOTI;CE;Estadual;Urbana;95;481.75;518.09;459.34;451.71;453.47;472.87
5568;PALMEIRAS DE GOIAS;GO;Estadual;Urbana;82;492.6;525.86;476.39;437.3;432.2;472.87
5569;ARAMBARE;RS;Estadual;Urbana;10;483.67;529.28;462.4;432.88;456.0;472.85
5570;ROLIM DE MOURA;RO;Estadual;Urbana;502;484.91;527.81;469.46;440.31;441.75;472.85
5571;PIRAPORA DO BOM JESUS;SP;Estadual;Urbana;71;492.89;525.09;469.27;425.02;451.83;472.82
5572;SANTA TERESINHA;BA;Estadual;Urbana;43;489.19;522.64;466.05;464.68;421.4;472.79
5573;SAO SALVADOR DO TOCANTINS;TO;Privada;Urbana;19;460.73;528.47;487.57;446.13;441.05;472.79
5574;BALNEARIO RINCAO;SC;Estadual;Urbana;13;466.93;501.24;457.12;444.78;493.85;472.78
5575;MONTE NEGRO;RO;Estadual;Urbana;93;492.85;531.13;472.84;441.93;425.16;472.78
5576;SAO JOAO DA CANABRAVA;PI;Estadual;Urbana;18;486.56;538.61;472.34;431.88;434.44;472.77
5577;SAO FRANCISCO;MG;Estadual;Urbana;191;487.77;528.19;462.97;441.33;443.56;472.77
5578;MUQUEM DE SAO FRANCISCO;BA;Estadual;Urbana;12;486.42;534.28;437.6;428.86;476.67;472.77
5579;INIMUTABA;MG;Estadual;Urbana;34;502.96;522.13;467.75;424.53;446.47;472.77
5580;VITORIA DA CONQUISTA;BA;Estadual;Rural;16;494.76;524.39;470.87;410.06;463.75;472.76
5581;COLINAS DO TOCANTINS;TO;Estadual;Urbana;198;482.3;518.31;461.04;442.77;459.39;472.76
5582;ABREU E LIMA;PE;Estadual;Urbana;468;489.18;522.36;457.99;433.94;460.26;472.75
5583;SENADOR GUIOMARD;AC;Estadual;Urbana;130;490.76;521.85;455.34;431.22;464.58;472.75
5584;ARAPONGAS;PR;Estadual;Rural;2;517.3;575.7;441.55;419.2;410.0;472.75
5585;MUCURICI;ES;Estadual;Urbana;51;487.7;525.92;466.47;434.52;449.02;472.73
5586;ALAGOA NOVA;PB;Estadual;Urbana;124;484.0;521.37;475.9;435.15;447.1;472.7
5587;SATIRO DIAS;BA;Estadual;Urbana;27;489.59;520.14;434.44;439.29;480.0;472.69
5588;TEJUCUOCA;CE;Estadual;Urbana;171;487.52;519.83;464.09;441.97;449.94;472.67
5589;ITOBI;SP;Estadual;Urbana;19;490.18;535.29;467.13;446.53;424.21;472.67
5590;EDEALINA;GO;Estadual;Urbana;27;471.36;515.66;472.78;427.92;475.56;472.66
5591;CUIABA;MT;Estadual;Urbana;2874;487.73;523.12;460.51;437.39;454.55;472.66
5592;SANTA TEREZINHA;PE;Estadual;Urbana;78;489.59;509.16;462.13;428.58;473.85;472.66
5593;FONTOURA XAVIER;RS;Estadual;Urbana;52;481.41;526.2;461.73;431.58;462.31;472.65
5594;AMAJARI;RR;Federal;Urbana;23;470.13;504.26;490.3;422.93;475.65;472.65
5595;ITAOCARA;RJ;Municipal;Urbana;8;471.48;538.04;449.98;478.75;425.0;472.65
5596;BELA VISTA DO TOLDO;SC;Estadual;Urbana;46;484.75;517.4;462.84;451.26;446.96;472.64
5597;NEOPOLIS;SE;Privada;Urbana;9;472.38;485.94;467.12;459.88;477.78;472.62
5598;ALVORADA DO SUL;PR;Estadual;Urbana;61;486.12;524.18;474.24;439.49;439.02;472.61
5599;ANDRADINA;SP;Estadual;Rural;30;478.71;517.86;477.26;445.91;443.33;472.61
5600;FRANCISCO SA;MG;Estadual;Rural;7;495.0;531.17;440.51;419.24;477.14;472.61
5601;GOVERNADOR EDISON LOBAO;MA;Municipal;Urbana;1;524.6;511.8;374.0;392.6;560.0;472.6
5602;TUPARETAMA;PE;Estadual;Urbana;46;479.66;509.29;474.42;461.37;438.26;472.6
5603;VITORIA DE SANTO ANTAO;PE;Estadual;Urbana;444;491.55;525.43;458.72;441.42;445.9;472.6
5604;AREIA BRANCA;SE;Estadual;Urbana;55;490.14;530.08;461.44;451.12;430.18;472.59
5605;LADAINHA;MG;Estadual;Urbana;60;473.01;519.62;464.27;443.65;462.33;472.58
5606;CAMPINAPOLIS;MT;Estadual;Urbana;64;475.87;523.4;468.47;437.16;457.81;472.54
5607;PALMAS;PR;Estadual;Urbana;166;491.65;525.55;467.46;431.88;446.14;472.54
5608;SAO DOMINGOS DO AZEITAO;MA;Estadual;Urbana;25;495.85;522.22;466.21;420.81;457.6;472.54
5609;SAO CARLOS;SP;Estadual;Rural;19;499.89;528.69;465.7;431.51;436.84;472.53
5610;EXU;PE;Estadual;Urbana;204;480.99;512.7;465.94;438.5;464.41;472.51
5611;GUAJERU;BA;Estadual;Urbana;31;478.62;503.08;471.68;433.7;475.48;472.51
5612;COCAL;PI;Estadual;Rural;5;464.62;521.86;473.88;422.08;480.0;472.49
5613;ARIPUANA;MT;Estadual;Urbana;69;479.43;521.75;468.45;447.91;444.93;472.49
5614;DAVINOPOLIS;MA;Estadual;Urbana;61;484.32;516.85;449.7;442.67;468.85;472.48
5615;DENISE;MT;Estadual;Urbana;46;479.54;518.02;459.98;437.06;467.83;472.48
5616;AGUA COMPRIDA;MG;Estadual;Urbana;14;492.04;491.15;452.71;436.44;490.0;472.47
5617;INACIO MARTINS;PR;Estadual;Urbana;32;489.98;528.16;462.09;443.89;438.12;472.45
5618;NOVA MONTE VERDE;MT;Estadual;Urbana;77;486.53;517.19;469.57;464.75;424.16;472.44
5619;TALISMA;TO;Estadual;Urbana;6;499.13;519.53;482.77;417.28;443.33;472.41
5620;ESPERANTINOPOLIS;MA;Estadual;Urbana;45;487.89;513.99;459.64;426.25;474.22;472.4
5621;RIO BRANCO;AC;Estadual;Urbana;3186;486.3;523.6;461.35;434.51;456.18;472.39
5622;SANTA QUITERIA DO MARANHAO;MA;Privada;Urbana;33;479.51;511.89;461.15;436.06;473.33;472.39
5623;SAO MIGUEL DE TAIPU;PB;Municipal;Rural;1;485.9;550.0;426.6;479.4;420.0;472.38
5624;CARIACICA;ES;Estadual;Urbana;2108;488.24;523.74;461.16;441.62;447.14;472.38
5625;IARAS;SP;Estadual;Urbana;35;485.65;518.44;470.33;466.31;421.14;472.38
5626;ALVORADA D OESTE;RO;Estadual;Urbana;110;483.88;529.11;469.51;437.52;441.82;472.37
5627;IBOTIRAMA;BA;Estadual;Urbana;148;484.17;513.94;462.32;439.19;462.16;472.36
5628;QUEIMADAS;PB;Estadual;Urbana;211;484.15;521.04;466.13;436.28;454.22;472.36
5629;ATILIO VIVACQUA;ES;Estadual;Urbana;108;479.19;514.74;460.84;440.38;466.67;472.36
5630;TERENOS;MS;Estadual;Urbana;61;486.31;531.96;457.33;452.88;433.11;472.32
5631;CAMPO MAIOR;PI;Estadual;Urbana;401;488.13;523.22;463.98;439.9;446.38;472.32
5632;PARAMIRIM;BA;Estadual;Urbana;112;480.0;515.99;463.64;445.38;456.43;472.29
5633;FEIJO;AC;Estadual;Urbana;113;486.45;520.39;452.52;423.51;478.58;472.29
5634;CORUMBATAI DO SUL;PR;Estadual;Urbana;13;484.92;518.86;444.01;427.45;486.15;472.28
5635;ITAGI;BA;Estadual;Urbana;49;483.59;518.82;465.02;437.27;456.73;472.28
5636;PARELHAS;RN;Estadual;Urbana;107;480.88;518.03;462.63;452.96;446.92;472.28
5637;ECHAPORA;SP;Estadual;Urbana;32;469.87;518.86;453.44;440.45;478.75;472.27
5638;BELEM DO SAO FRANCISCO;PE;Estadual;Urbana;139;495.06;523.84;456.39;431.75;454.24;472.26
5639;CUMBE;SE;Estadual;Urbana;36;474.9;516.73;454.81;421.96;492.78;472.24
5640;SUME;PB;Estadual;Urbana;97;483.21;523.48;450.04;430.79;473.61;472.23
5641;TAVARES;PB;Estadual;Rural;6;506.0;517.62;447.62;466.47;423.33;472.21
5642;GOIATINS;TO;Estadual;Urbana;43;496.59;525.55;455.25;455.23;428.37;472.2
5643;VALE DO PARAISO;RO;Municipal;Urbana;1;491.9;465.0;454.0;450.1;500.0;472.2
5644;RIBEIRAO CORRENTE;SP;Estadual;Urbana;31;485.42;529.11;463.77;448.45;434.19;472.19
5645;BORA;SP;Estadual;Urbana;5;474.34;501.14;461.6;487.78;436.0;472.17
5646;BODOQUENA;MS;Estadual;Urbana;48;482.8;525.48;465.41;435.43;451.67;472.16
5647;OTACILIO COSTA;SC;Estadual;Urbana;75;488.57;519.83;465.68;447.48;439.25;472.16
5648;MONTADAS;PB;Estadual;Urbana;34;495.83;525.92;460.57;432.01;446.47;472.16
5649;PIQUEROBI;SP;Estadual;Urbana;20;497.89;520.64;476.23;432.06;434.0;472.16
5650;GRACA ARANHA;MA;Estadual;Urbana;28;469.88;510.13;467.45;425.48;487.86;472.16
5651;CARLOS CHAGAS;MG;Estadual;Urbana;97;482.26;517.85;459.35;430.3;470.93;472.14
5652;SAO VALERIO DO SUL;RS;Estadual;Urbana;7;495.16;533.91;506.29;436.74;388.57;472.13
5653;GALINHOS;RN;Estadual;Urbana;4;481.22;513.45;459.32;416.62;490.0;472.12
5654;SANTAREM;PA;Estadual;Urbana;2258;479.84;520.87;458.02;430.11;471.7;472.11
5655;TUCURUI;PA;Estadual;Urbana;643;486.37;524.38;465.97;431.26;452.6;472.11
5656;CANARANA;MT;Estadual;Urbana;115;483.05;527.31;461.68;436.83;451.62;472.1
5657;ENTRE RIOS;BA;Estadual;Rural;25;494.1;523.88;456.98;433.49;452.0;472.09
5658;BATAGUASSU;MS;Estadual;Urbana;112;492.19;523.66;464.84;457.77;421.96;472.08
5659;SERRITA;PE;Estadual;Urbana;62;487.4;496.28;457.8;441.41;477.42;472.06
5660;SAO JOSE DE CAIANA;PB;Estadual;Urbana;21;465.0;519.62;460.29;459.07;456.19;472.04
5661;ARAPUTANGA;MT;Estadual;Rural;3;481.93;496.7;452.7;462.2;466.67;472.04
5662;BARBALHA;CE;Estadual;Urbana;535;482.31;516.53;461.65;436.36;463.33;472.04
5663;HERVEIRAS;RS;Estadual;Urbana;26;487.03;512.3;474.4;441.85;444.62;472.04
5664;SAO JOSE DO BARREIRO;SP;Estadual;Urbana;21;487.8;510.04;473.87;443.69;444.76;472.03
5665;NATALANDIA;MG;Estadual;Urbana;28;473.84;507.45;468.73;453.01;457.14;472.03
5666;GRAMADO DOS LOUREIROS;RS;Estadual;Urbana;7;494.23;552.64;435.39;463.49;414.29;472.01
5667;BOMBINHAS;SC;Municipal;Urbana;7;475.74;546.53;472.44;416.73;448.57;472.0
5668;CORONEL DOMINGOS SOARES;PR;Estadual;Rural;2;516.7;495.45;431.4;446.4;470.0;471.99
5669;ARACAI;MG;Estadual;Urbana;18;486.71;510.89;465.06;457.05;440.0;471.94
5670;NOVA FATIMA;PR;Estadual;Urbana;51;474.05;524.58;462.1;427.11;471.84;471.94
5671;ABDON BATISTA;SC;Municipal;Urbana;1;463.7;529.3;535.7;371.0;460.0;471.94
5672;CAMPO GRANDE;MS;Estadual;Rural;26;476.65;520.16;454.14;447.97;460.77;471.94
5673;BOITUVA;SP;Federal;Urbana;1;479.5;556.1;404.3;479.7;440.0;471.92
5674;VENTUROSA;PE;Estadual;Urbana;81;489.57;513.03;450.77;464.22;441.98;471.91
5675;CURITIBANOS;SC;Municipal;Urbana;3;443.0;554.1;502.23;440.23;420.0;471.91
5676;SEVERIANO MELO;RN;Estadual;Urbana;29;488.22;521.27;454.41;405.91;489.66;471.89
5677;SAO DOMINGOS DO NORTE;ES;Estadual;Urbana;82;479.64;512.33;458.28;445.32;463.9;471.89
5678;CATU;BA;Estadual;Urbana;118;484.75;519.26;465.03;434.99;455.42;471.89
5679;XAMBIOA;TO;Estadual;Urbana;97;488.72;525.58;459.43;436.58;449.07;471.88
5680;TANHACU;BA;Estadual;Urbana;73;480.48;518.4;467.15;434.48;458.9;471.88
5681;JUAZEIRO;BA;Estadual;Urbana;1175;486.01;520.11;459.39;440.96;452.83;471.86
5682;BUENOPOLIS;MG;Estadual;Urbana;49;496.29;523.46;471.03;444.02;424.49;471.86
5683;DORES DO INDAIA;MG;Municipal;Urbana;10;479.41;523.53;463.54;436.72;456.0;471.84
5684;ITAOCA;SP;Estadual;Urbana;8;486.18;540.12;467.58;447.52;417.5;471.78
5685;JAPERI;RJ;Estadual;Urbana;429;487.93;519.42;462.99;431.28;457.25;471.77
5686;PENTECOSTE;CE;Estadual;Urbana;425;482.06;514.39;463.74;443.32;455.34;471.77
5687;FRANCISCO DUMONT;MG;Estadual;Urbana;30;490.3;515.04;480.89;450.62;422.0;471.77
5688;CRATO;CE;Estadual;Urbana;1174;488.2;518.93;458.57;435.3;457.74;471.75
5689;TENENTE ANANIAS;RN;Estadual;Urbana;41;472.43;521.93;455.41;431.88;477.07;471.74
5690;VILHENA;RO;Estadual;Urbana;560;488.93;528.45;471.79;438.82;430.66;471.73
5691;NATIVIDADE;RJ;Estadual;Urbana;106;486.85;509.89;457.1;433.62;470.94;471.68
5692;IPIRA;BA;Estadual;Urbana;213;490.44;523.85;453.12;441.56;449.39;471.67
5693;APIAI;SP;Estadual;Rural;34;484.7;510.85;465.32;433.96;463.53;471.67
5694;SANTA CRUZ DE MINAS;MG;Estadual;Urbana;13;475.43;508.94;448.82;446.63;478.46;471.66
5695;PIRAJUBA;MG;Estadual;Urbana;27;481.91;521.03;447.87;434.9;472.59;471.66
5696;MILTON BRANDAO;PI;Estadual;Urbana;20;485.6;541.84;459.67;453.16;418.0;471.65
5697;SIMOES;PI;Estadual;Urbana;58;489.06;524.77;444.07;430.61;469.66;471.63
5698;CAFARNAUM;BA;Estadual;Urbana;41;484.76;529.46;457.22;443.29;443.41;471.63
5699;PRATA;MG;Estadual;Urbana;113;489.15;521.34;466.2;424.41;456.99;471.62
5700;ITURAMA;MG;Municipal;Urbana;9;464.64;518.54;491.24;441.38;442.22;471.61
5701;SANTANA DO JACARE;MG;Estadual;Urbana;28;493.22;533.18;445.46;426.92;459.29;471.61
5702;PARANA;RN;Estadual;Urbana;23;498.53;524.23;446.13;421.26;467.83;471.6
5703;NAZARIO;GO;Estadual;Urbana;42;484.44;525.8;460.5;426.27;460.95;471.59
5704;SAO JOSE DO CALCADO;ES;Estadual;Urbana;71;484.62;521.17;470.62;442.58;438.87;471.57
5705;BARRA DO BUGRES;MT;Estadual;Urbana;139;485.17;517.21;468.77;446.13;440.58;471.57
5706;SAO JORGE DO PATROCINIO;PR;Municipal;Urbana;1;389.5;566.8;503.9;477.6;420.0;471.56
5707;CAPAO ALTO;SC;Estadual;Urbana;23;488.91;531.42;469.35;421.1;446.96;471.55
5708;IPUACU;SC;Estadual;Urbana;30;477.28;516.31;469.11;452.22;442.67;471.52
5709;TAMBORIL;CE;Estadual;Urbana;251;476.77;512.99;468.24;434.69;464.94;471.52
5710;TERESINA;PI;Estadual;Urbana;5536;490.7;524.02;462.55;440.03;440.27;471.51
5711;MAIRIPORA;SP;Estadual;Rural;38;490.86;529.84;449.87;447.45;439.47;471.5
5712;ESTRELA DO NORTE;SP;Estadual;Urbana;16;487.91;525.3;444.78;430.74;468.75;471.5
5713;GUARAMIRANGA;CE;Estadual;Urbana;61;498.81;519.74;460.78;417.79;460.33;471.49
5714;SAO JOSE DO CERRITO;SC;Estadual;Urbana;24;482.54;523.86;460.6;436.17;454.17;471.47
5715;PAIVA;MG;Estadual;Urbana;8;496.02;541.88;455.6;456.34;407.5;471.47
5716;VIANA;ES;Estadual;Urbana;481;489.92;523.4;457.03;440.33;446.64;471.46
5717;JUVENILIA;MG;Estadual;Urbana;42;495.9;525.89;468.98;424.97;441.43;471.43
5718;XINGUARA;PA;Estadual;Urbana;199;484.75;518.94;455.53;433.0;464.92;471.43
5719;JUTI;MS;Estadual;Urbana;21;489.18;548.85;483.78;427.66;407.62;471.42
5720;SALES OLIVEIRA;SP;Estadual;Urbana;39;478.26;518.95;458.98;437.77;463.08;471.41
5721;PIRATINI;RS;Estadual;Urbana;76;492.57;528.27;456.64;431.09;448.42;471.4
5722;PORTO ALEGRE DO NORTE;MT;Estadual;Rural;7;487.06;523.66;482.81;423.44;440.0;471.39
5723;SAO GABRIEL DA CACHOEIRA;AM;Federal;Urbana;80;469.44;521.06;466.44;431.51;468.5;471.39
5724;NOSSA SENHORA DAS DORES;SE;Estadual;Urbana;128;484.01;516.3;463.54;433.15;459.84;471.37
5725;ITAPIRAPUA;GO;Estadual;Urbana;36;489.3;529.24;461.27;452.48;424.44;471.35
5726;RIO LARGO;AL;Estadual;Rural;113;485.96;515.36;458.55;426.62;470.27;471.35
5727;GONZAGA;MG;Estadual;Urbana;32;486.38;515.6;444.28;445.46;465.0;471.34
5728;CHAPADAO DO CEU;GO;Estadual;Urbana;42;492.12;521.96;451.98;457.75;432.86;471.33
5729;LAGUNA CARAPA;MS;Estadual;Urbana;23;495.67;509.53;473.59;445.71;432.17;471.33
5730;PADRE BERNARDO;GO;Estadual;Rural;34;488.91;535.39;463.97;445.34;422.94;471.31
5731;BERTIOGA;SP;Estadual;Urbana;279;494.12;523.32;449.23;439.57;450.32;471.31
5732;SANTA LUZIA DO PARA;PA;Municipal;Urbana;2;521.9;521.25;441.45;411.85;460.0;471.29
5733;TRAIRAO;PA;Estadual;Urbana;32;471.3;520.87;467.81;431.48;465.0;471.29
5734;GRAO MOGOL;MG;Estadual;Urbana;91;494.56;526.57;462.13;444.56;428.57;471.28
5735;JURIPIRANGA;PB;Estadual;Urbana;45;483.72;522.29;468.88;443.25;438.22;471.27
5736;GOIANIRA;GO;Estadual;Urbana;196;493.23;524.76;458.35;438.08;441.84;471.25
5737;PEDRA DO ANTA;MG;Estadual;Urbana;20;486.21;490.7;472.26;465.1;442.0;471.25
5738;ITAICABA;CE;Estadual;Urbana;82;486.28;525.54;449.35;433.6;461.46;471.25
5739;EQUADOR;RN;Estadual;Urbana;32;484.9;528.78;453.27;409.8;479.38;471.23
5740;MALHADOR;SE;Estadual;Urbana;54;476.71;522.2;473.88;451.89;431.48;471.23
5741;VASSOURAS;RJ;Estadual;Rural;18;496.63;513.81;473.56;423.19;448.89;471.22
5742;SAO MIGUEL DO ARAGUAIA;GO;Estadual;Urbana;175;483.26;519.87;460.48;440.32;452.11;471.21
5743;AMAPORA;PR;Estadual;Urbana;24;472.18;498.5;465.19;428.54;491.67;471.21
5744;ANAURILANDIA;MS;Estadual;Urbana;32;480.88;527.44;457.38;433.42;456.88;471.2
5745;JUINA;MT;Estadual;Urbana;232;483.92;517.99;469.01;441.26;443.79;471.2
5746;PARIQUERA-ACU;SP;Estadual;Urbana;80;485.51;518.7;451.71;439.48;460.5;471.18
5747;NOVA TEBAS;PR;Estadual;Urbana;19;473.25;525.34;452.56;446.85;457.89;471.18
5748;PIATA;BA;Estadual;Urbana;66;481.03;527.25;464.18;434.58;448.79;471.17
5749;CAPANEMA;PA;Estadual;Urbana;297;482.16;520.53;465.29;426.88;460.88;471.15
5750;SAO JOAO BATISTA;SC;Estadual;Rural;7;472.83;529.59;455.7;457.61;440.0;471.15
5751;SAO FRANCISCO DO PIAUI;PI;Estadual;Urbana;27;478.04;517.14;449.79;457.29;453.33;471.12
5752;CARACOL;MS;Estadual;Urbana;23;485.27;511.55;465.56;434.94;458.26;471.12
5753;ITACAMBIRA;MG;Estadual;Rural;13;478.0;507.81;428.33;449.12;492.31;471.11
5754;SANTO ANTONIO DO LESTE;MT;Estadual;Urbana;11;510.94;519.85;451.02;455.51;418.18;471.1
5755;CUMARI;GO;Estadual;Urbana;11;476.12;523.41;459.43;463.83;432.73;471.1
5756;SANTANA DO ARAGUAIA;PA;Municipal;Urbana;1;489.8;481.6;418.3;405.7;560.0;471.08
5757;GOIOXIM;PR;Estadual;Urbana;28;479.85;535.05;454.35;429.66;456.43;471.07
5758;AGRESTINA;PE;Estadual;Urbana;95;486.26;521.46;454.85;439.25;453.47;471.06
5759;FREI MIGUELINHO;PE;Estadual;Urbana;27;483.94;507.46;453.09;464.87;445.93;471.06
5760;ANTONIO OLINTO;PR;Estadual;Rural;6;474.83;516.2;506.18;428.07;430.0;471.06
5761;ACOPIARA;CE;Estadual;Urbana;390;482.72;515.42;468.74;446.83;441.54;471.05
5762;ALMAS;TO;Estadual;Rural;10;488.91;533.61;482.92;479.73;370.0;471.03
5763;FLORESTA AZUL;BA;Estadual;Urbana;31;481.12;510.85;465.67;430.38;467.1;471.02
5764;CAMPO DO TENENTE;PR;Estadual;Urbana;24;485.01;522.68;473.25;450.0;424.17;471.02
5765;SANTA MARIA DA VITORIA;BA;Estadual;Urbana;142;480.9;520.84;463.18;439.2;450.99;471.02
5766;ARARA;PB;Estadual;Urbana;51;482.44;501.97;463.09;428.4;479.22;471.02
5767;DIVINO DE SAO LOURENCO;ES;Estadual;Urbana;48;494.03;524.6;482.58;434.26;419.58;471.01
5768;DOBRADA;SP;Estadual;Urbana;30;493.01;522.0;449.04;420.22;470.67;470.99
5769;RIO DE CONTAS;BA;Estadual;Rural;22;478.86;519.44;452.39;430.52;473.64;470.97
5770;MATA;RS;Estadual;Urbana;33;484.1;524.05;469.88;454.27;422.42;470.95
5771;FAZENDA VILANOVA;RS;Estadual;Urbana;18;479.53;510.91;469.97;445.41;448.89;470.94
5772;SANTA TERESINHA;PB;Estadual;Urbana;35;481.49;516.93;461.98;435.96;458.29;470.93
5773;NOVA ITABERABA;SC;Estadual;Urbana;39;477.29;518.74;468.97;450.68;438.97;470.93
5774;CATURAI;GO;Estadual;Urbana;45;491.27;525.0;468.42;441.43;428.44;470.91
5775;BRASILANDIA;MS;Estadual;Urbana;52;485.83;528.52;459.83;442.6;437.69;470.9
5776;CHAPADA DOS GUIMARAES;MT;Estadual;Urbana;83;489.73;518.18;458.5;438.42;449.64;470.89
5777;JACOBINA;BA;Municipal;Rural;8;498.35;514.12;431.56;427.91;482.5;470.89
5778;SOBRAL;CE;Estadual;Urbana;2038;485.47;511.48;459.24;448.44;449.74;470.87
5779;MORRO DO PILAR;MG;Estadual;Urbana;11;489.39;500.01;455.19;458.86;450.91;470.87
5780;UBAITABA;BA;Estadual;Urbana;103;486.62;527.24;458.02;432.91;449.51;470.86
5781;MIRACEMA DO TOCANTINS;TO;Estadual;Urbana;154;488.69;524.19;459.15;440.85;441.43;470.86
5782;BARRA DA ESTIVA;BA;Estadual;Urbana;119;484.63;516.37;459.61;446.23;447.39;470.85
5783;NOVA SANTA RITA;RS;Estadual;Rural;14;477.66;516.6;459.49;464.81;435.71;470.85
5784;CONCEICAO DO COITE;BA;Estadual;Rural;59;493.76;516.26;461.66;420.17;462.37;470.84
5785;TIBAU DO SUL;RN;Estadual;Urbana;25;496.47;532.39;463.03;445.42;416.8;470.82
5786;JURIPIRANGA;PB;Municipal;Urbana;5;484.54;509.5;473.12;418.88;468.0;470.81
5787;CENTRALINA;MG;Estadual;Urbana;37;497.63;519.56;460.47;456.87;419.46;470.8
5788;GUARABIRA;PB;Estadual;Urbana;247;491.55;523.61;454.34;434.66;449.74;470.78
5789;SALETE;SC;Estadual;Urbana;57;479.55;517.7;461.48;451.68;443.51;470.78
5790;CANUDOS DO VALE;RS;Estadual;Urbana;9;477.72;512.42;443.29;449.31;471.11;470.77
5791;OUREM;PA;Estadual;Rural;14;483.55;531.63;452.2;423.64;462.86;470.77
5792;NEPOMUCENO;MG;Municipal;Urbana;2;489.45;543.4;477.45;413.5;430.0;470.76
5793;ALEXANIA;GO;Estadual;Urbana;114;487.16;523.1;463.55;448.04;431.93;470.76
5794;CAMPO ERE;SC;Estadual;Urbana;73;480.72;532.07;464.61;440.73;435.62;470.75
5795;ITAMBACURI;MG;Estadual;Urbana;82;487.59;521.56;465.85;444.27;434.39;470.73
5796;BURITIS;RO;Estadual;Urbana;179;486.79;523.4;465.82;437.2;440.45;470.73
5797;ANAPOLIS;GO;Estadual;Rural;31;491.49;517.09;466.43;446.31;432.26;470.72
5798;IRITUIA;PA;Municipal;Urbana;1;492.8;513.2;422.1;425.4;500.0;470.7
5799;CAROEBE;RR;Estadual;Rural;15;467.65;511.05;470.13;448.65;456.0;470.7
5800;FENIX;PR;Estadual;Urbana;20;470.03;507.82;466.48;440.18;469.0;470.7
5801;IATI;PE;Estadual;Urbana;79;476.39;516.8;473.62;453.96;432.66;470.69
5802;DESTERRO;PB;Estadual;Urbana;49;478.28;508.59;463.41;431.67;471.43;470.68
5803;JOAIMA;MG;Estadual;Urbana;55;488.02;519.43;457.52;438.27;450.18;470.68
5804;FREI MIGUELINHO;PE;Estadual;Rural;33;510.15;520.08;442.24;431.72;449.09;470.66
5805;BURI;SP;Estadual;Urbana;85;489.08;520.95;459.91;449.65;433.65;470.65
5806;ITARIRI;SP;Estadual;Rural;8;489.79;518.44;448.85;416.15;480.0;470.64
5807;MATUPA;MT;Estadual;Urbana;88;476.6;524.93;473.95;433.14;444.55;470.63
5808;PONTO DOS VOLANTES;MG;Estadual;Urbana;35;501.38;531.96;443.39;423.84;452.57;470.63
5809;CARIUS;CE;Estadual;Urbana;105;484.99;516.35;467.45;453.29;431.05;470.63
5810;MARZAGAO;GO;Estadual;Urbana;23;472.42;515.21;475.2;458.94;431.3;470.62
5811;CAMPOS BELOS;GO;Estadual;Urbana;78;483.6;524.52;454.5;430.11;460.26;470.6
5812;INAJA;PR;Estadual;Urbana;16;447.22;532.45;453.07;424.02;496.25;470.6
5813;BARCELOS;AM;Estadual;Urbana;80;474.8;520.58;451.25;427.91;478.25;470.56
5814;COCAL DE TELHA;PI;Estadual;Urbana;39;501.44;531.74;466.44;428.57;424.62;470.56
5815;ITAGUACU;ES;Estadual;Rural;6;523.3;530.73;441.92;416.73;440.0;470.54
5816;NOVA CANAA PAULISTA;SP;Estadual;Urbana;6;463.37;536.92;451.18;411.2;490.0;470.53
5817;CORONEL JOSE DIAS;PI;Municipal;Rural;1;453.7;498.6;407.2;433.1;560.0;470.52
5818;PALHANO;CE;Estadual;Urbana;62;480.67;515.41;466.58;454.43;435.48;470.52
5819;PARACATU;MG;Estadual;Urbana;514;491.95;526.2;460.49;442.51;431.4;470.51
5820;SANTA FE;PR;Estadual;Urbana;48;476.51;516.88;463.25;433.34;462.5;470.5
5821;MOSTARDAS;RS;Estadual;Rural;14;473.55;516.64;461.88;433.29;467.14;470.5
5822;CHAPADA GAUCHA;MG;Estadual;Urbana;50;479.4;512.98;467.42;453.88;438.8;470.5
5823;SANTA CRUZ;PE;Estadual;Urbana;91;480.83;529.52;444.86;424.89;472.31;470.48
5824;MOJUI DOS CAMPOS;PA;Estadual;Urbana;62;471.17;527.21;453.3;440.07;460.65;470.48
5825;SERRARIA;PB;Estadual;Urbana;18;475.09;514.76;476.32;429.59;456.67;470.48
5826;BERILO;MG;Estadual;Urbana;81;487.49;512.55;474.81;446.36;431.11;470.47
5827;BARRA DE SAO MIGUEL;AL;Estadual;Urbana;30;486.56;524.42;456.78;430.48;454.0;470.45
5828;SANTA TEREZINHA DE GOIAS;GO;Estadual;Urbana;62;484.34;516.98;464.89;446.34;439.68;470.44
5829;PASSAGEM;RN;Estadual;Urbana;8;484.38;505.8;431.41;403.06;527.5;470.43
5830;AMPARO;SP;Estadual;Rural;7;510.81;521.64;470.21;452.31;397.14;470.43
5831;MACAUBAL;SP;Estadual;Urbana;25;495.9;516.43;460.74;443.0;436.0;470.42
5832;SUL BRASIL;SC;Estadual;Urbana;17;496.85;514.95;467.88;451.18;421.18;470.41
5833;AMERICANO DO BRASIL;GO;Estadual;Urbana;39;485.17;527.67;466.73;458.52;413.85;470.39
5834;ECOPORANGA;ES;Estadual;Urbana;172;479.72;517.02;464.97;450.07;440.12;470.38
5835;PEROBAL;PR;Estadual;Urbana;19;483.63;511.7;461.64;443.25;451.58;470.36
5836;ITANAGRA;BA;Estadual;Urbana;16;481.23;544.76;462.09;451.21;412.5;470.36
5837;FORTUNA;MA;Estadual;Urbana;38;488.7;512.65;471.96;429.93;448.42;470.33
5838;PIAU;MG;Estadual;Urbana;18;499.09;535.85;456.37;439.23;421.11;470.33
5839;VARZEA ALEGRE;CE;Estadual;Urbana;375;480.73;518.16;460.97;439.66;452.08;470.32
5840;SERRA GRANDE;PB;Estadual;Urbana;17;471.48;534.55;442.66;433.5;469.41;470.32
5841;JUSCIMEIRA;MT;Estadual;Urbana;61;479.15;516.61;475.38;430.28;450.16;470.32
5842;SAO FELIPE D OESTE;RO;Estadual;Urbana;46;474.24;532.85;477.92;443.78;422.61;470.28
5843;ALCANTIL;PB;Estadual;Urbana;38;489.3;517.21;454.9;426.27;463.68;470.27
5844;CALDEIRAO GRANDE;BA;Municipal;Rural;4;474.75;541.62;439.32;360.65;535.0;470.27
5845;PIRANHAS;GO;Estadual;Urbana;51;480.18;522.72;476.39;448.04;423.92;470.25
5846;IRINEOPOLIS;SC;Estadual;Urbana;50;471.54;529.4;461.83;449.98;438.4;470.23
5847;DOM PEDRO;MA;Estadual;Urbana;115;486.24;525.68;467.96;438.5;432.7;470.22
5848;RERIUTABA;CE;Estadual;Urbana;255;485.09;511.51;463.37;445.51;445.57;470.21
5849;NOVA CANTU;PR;Estadual;Urbana;28;474.63;524.54;467.47;444.96;439.29;470.18
5850;ITAIBA;PE;Estadual;Urbana;92;488.07;509.76;461.31;427.61;464.13;470.18
5851;SANTA MARIANA;PR;Estadual;Urbana;35;469.4;517.94;474.45;429.11;460.0;470.18
5852;AREIAL;PB;Estadual;Urbana;39;477.84;523.64;451.57;435.73;462.05;470.17
5853;PRADO FERREIRA;PR;Estadual;Urbana;16;480.9;518.83;495.88;442.72;412.5;470.17
5854;CARMO DO CAJURU;MG;Estadual;Rural;6;474.18;499.82;480.97;425.87;470.0;470.17
5855;SANTO ANTONIO DO DESCOBERTO;GO;Estadual;Urbana;270;496.97;522.44;462.72;443.87;424.81;470.16
5856;MANTENOPOLIS;ES;Estadual;Urbana;167;475.94;516.13;459.6;451.23;447.87;470.16
5857;CURUCA;PA;Estadual;Rural;19;482.96;526.23;454.95;419.3;467.37;470.16
5858;SAO LUIS DO CURU;CE;Estadual;Urbana;100;482.27;516.4;455.36;425.49;471.2;470.14
5859;SENADOR GUIOMARD;AC;Estadual;Rural;17;475.56;543.34;463.23;427.3;441.18;470.12
5860;SANTANA DA BOA VISTA;RS;Estadual;Urbana;29;484.24;518.78;478.96;444.45;424.14;470.11
5861;SAO FRANCISCO DE ASSIS;RS;Estadual;Urbana;128;493.11;526.47;465.77;431.16;433.91;470.09
5862;JAU DO TOCANTINS;TO;Estadual;Urbana;16;493.84;532.04;452.76;446.63;425.0;470.06
5863;IPUBI;PE;Estadual;Urbana;120;479.31;522.01;464.97;434.54;449.5;470.06
5864;GOVERNADOR DIX-SEPT ROSADO;RN;Estadual;Urbana;69;479.17;523.71;454.89;448.39;444.06;470.04
5865;CAJAZEIRAS;PB;Estadual;Urbana;366;483.25;512.77;461.24;438.98;453.93;470.04
5866;BRASILEIRA;PI;Estadual;Urbana;33;488.9;534.2;465.72;411.68;449.7;470.04
5867;DEMERVAL LOBAO;PI;Estadual;Rural;10;476.59;539.09;485.98;436.47;412.0;470.03
5868;CAMPINACU;GO;Estadual;Urbana;26;482.56;519.97;458.02;454.95;434.62;470.02
5869;BOSSOROCA;RS;Estadual;Urbana;38;482.8;517.66;475.93;434.19;439.47;470.01
5870;CRUZEIRO DO OESTE;PR;Estadual;Urbana;90;482.86;520.22;461.86;433.94;451.11;470.0
5871;PARAISO DO TOCANTINS;TO;Estadual;Urbana;260;487.21;516.62;457.09;449.84;439.23;470.0
5872;CORONEL MURTA;MG;Estadual;Urbana;47;490.29;530.32;451.73;433.32;444.26;469.98
5873;MIGUEL ALVES;PI;Estadual;Rural;5;480.94;526.54;442.88;415.48;484.0;469.97
5874;RINOPOLIS;SP;Estadual;Urbana;17;478.28;519.12;442.48;415.82;494.12;469.96
5875;PARISI;SP;Estadual;Urbana;10;482.06;525.57;505.17;406.93;430.0;469.95
5876;TEFE;AM;Estadual;Urbana;488;474.91;514.37;451.08;420.96;488.4;469.94
5877;BUERAREMA;BA;Estadual;Urbana;59;490.2;537.17;461.27;427.87;433.22;469.94
5878;RIO BRANCO;MT;Estadual;Urbana;34;480.01;513.14;469.03;456.25;431.18;469.92
5879;CAMPO ALEGRE DE GOIAS;GO;Estadual;Urbana;46;501.24;513.79;450.28;418.58;465.65;469.91
5880;VERA;MT;Estadual;Urbana;58;478.06;522.25;468.32;446.25;434.48;469.87
5881;DOM EXPEDITO LOPES;PI;Estadual;Urbana;60;474.0;514.0;478.6;435.72;447.0;469.87
5882;ALMEIRIM;PA;Estadual;Urbana;116;483.86;521.7;464.23;418.62;460.86;469.85
5883;SANTA MARIA;RN;Estadual;Urbana;8;495.72;518.85;438.52;426.16;470.0;469.85
5884;JACUTINGA;RS;Estadual;Urbana;23;467.28;516.57;449.3;445.63;470.43;469.84
5885;RERIUTABA;CE;Municipal;Urbana;2;500.8;569.45;498.25;430.65;350.0;469.83
5886;PRESIDENTE MEDICI;MA;Estadual;Urbana;13;488.63;510.1;475.14;412.08;463.08;469.81
5887;NILO PECANHA;BA;Privada;Urbana;18;478.12;534.13;476.47;434.71;425.56;469.8
5888;GUAPIARA;SP;Estadual;Rural;53;480.84;521.57;461.91;446.51;438.11;469.79
5889;AVAI;SP;Estadual;Urbana;19;486.23;520.89;461.02;421.86;458.95;469.79
5890;SAO JOAO DA VARJOTA;PI;Estadual;Urbana;29;487.38;514.09;475.37;416.91;455.17;469.78
5891;CAPAO BONITO DO SUL;RS;Estadual;Urbana;14;483.93;513.44;481.03;431.67;438.57;469.73
5892;SENHOR DO BONFIM;BA;Municipal;Urbana;1;434.9;519.9;443.1;470.7;480.0;469.72
5893;OLIVEDOS;PB;Municipal;Urbana;29;485.36;542.65;482.88;426.58;411.03;469.7
5894;PONTAL DO ARAGUAIA;MT;Estadual;Urbana;15;476.63;490.73;474.11;465.65;441.33;469.69
5895;ORIENTE;SP;Estadual;Urbana;17;480.89;516.21;457.76;449.98;443.53;469.67
5896;MUCAMBO;CE;Estadual;Urbana;132;490.41;512.84;450.83;454.22;440.0;469.66
5897;IGARAPE;MG;Municipal;Urbana;3;469.17;479.93;491.67;454.13;453.33;469.65
5898;ITAUCU;GO;Estadual;Urbana;29;496.49;520.69;454.71;429.41;446.9;469.64
5899;NOVA ALVORADA DO SUL;MS;Privada;Rural;14;470.8;514.39;478.02;477.85;407.14;469.64
5900;GUARACIABA DO NORTE;CE;Municipal;Urbana;3;497.6;490.67;498.5;474.73;386.67;469.63
5901;SAUBARA;BA;Estadual;Urbana;29;476.17;528.61;445.15;433.27;464.83;469.61
5902;SANHARO;PE;Estadual;Urbana;84;481.25;516.77;464.47;424.36;461.19;469.61
5903;SABINOPOLIS;MG;Estadual;Rural;3;482.57;543.07;459.7;429.4;433.33;469.61
5904;ANANINDEUA;PA;Estadual;Urbana;2890;485.1;523.04;459.58;431.42;448.78;469.58
5905;CONGONHAS DO NORTE;MG;Estadual;Urbana;25;472.6;516.7;458.21;466.76;433.6;469.57
5906;BARCELONA;RN;Estadual;Urbana;32;465.94;511.29;440.82;428.51;501.25;469.56
5907;TURVELANDIA;GO;Estadual;Urbana;26;489.18;524.62;464.22;444.1;425.38;469.5
5908;GUARAQUECABA;PR;Estadual;Urbana;17;478.31;526.81;456.74;460.83;424.71;469.48
5909;BRITANIA;GO;Estadual;Urbana;27;482.29;513.62;471.39;439.36;440.74;469.48
5910;AGUA CLARA;MS;Estadual;Urbana;55;490.87;538.35;465.73;442.28;410.18;469.48
5911;VENTANIA;PR;Estadual;Urbana;53;480.99;520.25;459.06;430.42;456.6;469.46
5912;ARIQUEMES;RO;Estadual;Urbana;611;485.78;522.65;462.36;441.72;434.63;469.43
5913;NOVORIZONTE;MG;Estadual;Urbana;43;493.83;520.33;450.71;437.6;444.65;469.43
5914;BARRETOS;SP;Municipal;Urbana;5;490.92;518.08;476.28;469.86;392.0;469.43
5915;SIMOES FILHO;BA;Estadual;Urbana;536;487.53;527.36;456.8;436.44;438.96;469.42
5916;BARRA DO CHOCA;BA;Estadual;Urbana;90;485.53;525.26;453.9;421.54;460.89;469.42
5917;RIO NEGRO;MS;Estadual;Urbana;18;488.02;526.73;462.06;459.16;411.11;469.42
5918;SALTINHO;SC;Estadual;Urbana;26;479.41;530.44;467.5;435.08;434.62;469.41
5919;SANTOS;SP;Municipal;Urbana;3;486.07;557.7;477.23;392.67;433.33;469.4
5920;MARAVILHA;AL;Estadual;Urbana;29;471.15;509.68;442.61;423.51;500.0;469.39
5921;CAMPO LIMPO DE GOIAS;GO;Estadual;Urbana;13;495.7;519.55;481.7;456.14;393.85;469.39
5922;RIO PARDO DE MINAS;MG;Estadual;Urbana;144;477.56;517.32;458.96;442.26;450.69;469.36
5923;ITAPISSUMA;PE;Estadual;Urbana;93;487.19;517.86;467.53;427.1;447.1;469.36
5924;MACAPA;AP;Estadual;Urbana;3634;484.05;518.16;457.28;425.03;462.24;469.35
5925;SAO BERNARDO;MA;Privada;Urbana;12;484.83;500.02;484.89;416.98;460.0;469.35
5926;TURIUBA;SP;Estadual;Urbana;14;497.46;510.66;445.04;443.54;450.0;469.34
5927;INHAPI;AL;Estadual;Rural;4;508.25;502.92;426.22;404.3;505.0;469.34
5928;URUPEMA;SC;Estadual;Urbana;8;483.11;509.02;450.56;439.02;465.0;469.34
5929;CIDADE OCIDENTAL;GO;Estadual;Urbana;309;495.47;522.23;454.99;433.77;440.19;469.33
5930;DONA INES;PB;Estadual;Urbana;42;477.86;520.05;456.27;444.34;448.1;469.32
5931;DIVINOPOLIS DO TOCANTINS;TO;Estadual;Urbana;50;481.83;513.52;473.27;449.15;428.8;469.31
5932;CARIUS;CE;Municipal;Urbana;2;487.0;560.6;409.3;419.6;470.0;469.3
5933;BELA VISTA DA CAROBA;PR;Estadual;Urbana;40;476.74;534.0;458.04;445.68;432.0;469.29
5934;CRUZMALTINA;PR;Estadual;Urbana;21;502.8;527.08;437.88;418.64;460.0;469.28
5935;PALMEIROPOLIS;TO;Estadual;Urbana;52;491.46;523.37;459.7;423.02;448.85;469.28
5936;RONDON DO PARA;PA;Estadual;Urbana;213;476.97;516.88;457.75;431.82;462.91;469.27
5937;SAO JOSE DOS AUSENTES;RS;Estadual;Urbana;14;484.09;517.89;466.59;434.95;442.86;469.27
5938;OLINDINA;BA;Estadual;Urbana;63;471.24;512.85;465.19;447.15;449.84;469.25
5939;VALPARAISO DE GOIAS;GO;Estadual;Urbana;623;489.43;522.49;460.43;434.47;439.38;469.24
5940;COTRIGUACU;MT;Estadual;Urbana;14;479.85;531.51;454.01;442.19;438.57;469.23
5941;CRATEUS;CE;Estadual;Urbana;775;479.53;510.21;461.17;438.49;456.66;469.21
5942;PAULISTA;PB;Estadual;Urbana;55;474.75;519.77;469.96;421.2;460.36;469.21
5943;MIRAGUAI;RS;Estadual;Urbana;44;487.94;511.22;454.19;436.77;455.91;469.2
5944;VALENCA DO PIAUI;PI;Estadual;Urbana;150;482.45;520.5;460.35;435.89;446.8;469.2
5945;APORA;BA;Estadual;Urbana;66;471.65;515.11;463.21;421.12;474.85;469.19
5946;ARARUAMA;RJ;Estadual;Rural;41;485.25;521.79;454.42;436.2;448.29;469.19
5947;CRUZEIRO DO SUL;AC;Estadual;Urbana;716;477.4;517.53;456.91;423.5;470.62;469.19
5948;GUAIUBA;CE;Estadual;Urbana;224;479.38;519.9;459.64;445.37;441.61;469.18
5949;SAO PEDRO DO IVAI;PR;Estadual;Urbana;68;477.54;526.1;465.82;444.31;432.06;469.17
5950;GUARANI DE GOIAS;GO;Estadual;Urbana;12;480.24;501.38;459.58;421.29;483.33;469.16
5951;URUBICI;SC;Estadual;Urbana;45;478.27;509.79;450.77;433.19;473.78;469.16
5952;MACARANI;BA;Estadual;Urbana;35;470.9;520.18;465.44;425.81;463.43;469.15
5953;NOVA OLINDA;CE;Estadual;Urbana;192;488.95;518.54;463.48;440.63;434.06;469.13
5954;IGRAPIUNA;BA;Privada;Rural;15;459.14;520.49;488.62;430.68;446.67;469.12
5955;CAMPO ALEGRE DO FIDALGO;PI;Estadual;Urbana;5;503.0;525.2;436.98;492.4;388.0;469.12
5956;PE DE SERRA;BA;Estadual;Urbana;78;483.18;516.58;455.55;444.33;445.9;469.11
5957;TAMBOARA;PR;Estadual;Urbana;18;476.21;530.05;464.26;423.7;451.11;469.07
5958;BARREIRA;CE;Estadual;Urbana;215;479.68;508.34;457.82;438.99;460.47;469.06
5959;FORMOSO;GO;Estadual;Urbana;36;486.38;517.22;456.68;433.31;451.67;469.05
5960;IPIXUNA DO PARA;PA;Estadual;Urbana;95;487.82;523.02;457.11;422.5;454.74;469.04
5961;QUEIMADOS;RJ;Estadual;Urbana;844;489.42;517.89;455.51;432.01;450.34;469.03
5962;PARAUAPEBAS;PA;Estadual;Urbana;709;485.87;527.9;457.41;434.27;439.7;469.03
5963;DELMIRO GOUVEIA;AL;Estadual;Urbana;269;483.65;515.53;454.9;440.92;450.11;469.02
5964;ITAMBE;PE;Estadual;Urbana;274;487.5;518.84;455.74;431.16;451.75;469.0
5965;TAUA;CE;Estadual;Urbana;448;490.79;514.31;460.55;445.72;433.62;469.0
5966;JAUPACI;GO;Estadual;Urbana;23;487.98;501.69;467.03;445.7;442.61;469.0
5967;FLORESTA DO ARAGUAIA;PA;Municipal;Rural;1;549.4;512.8;397.0;405.8;480.0;469.0
5968;AQUIDAUANA;MS;Estadual;Rural;46;492.87;519.26;471.73;437.2;423.91;468.99
5969;IRARA;BA;Privada;Rural;1;480.2;546.5;472.1;466.1;380.0;468.98
5970;PETROLANDIA;SC;Estadual;Rural;9;474.71;507.39;468.26;438.96;455.56;468.97
5971;APARECIDA DO TABOADO;MS;Estadual;Urbana;106;478.7;519.25;458.02;452.04;436.75;468.95
5972;BARRA DE SANTANA;PB;Municipal;Rural;19;476.16;514.78;476.22;425.99;451.58;468.95
5973;SAO SEBASTIAO DO UMBUZEIRO;PB;Estadual;Urbana;14;485.14;521.98;461.16;402.04;474.29;468.92
5974;PEDRA MOLE;SE;Estadual;Urbana;24;479.17;524.05;455.58;460.75;425.0;468.91
5975;PIRACURUCA;PI;Estadual;Urbana;141;490.53;530.21;462.15;427.22;434.33;468.89
5976;RUROPOLIS;PA;Estadual;Urbana;85;479.93;516.73;450.96;425.53;471.29;468.89
5977;NOVA BELEM;MG;Estadual;Urbana;24;494.18;508.02;460.05;427.16;455.0;468.88
5978;OLINDA;PE;Estadual;Urbana;1302;488.61;520.2;457.18;432.01;446.35;468.87
5979;PAVAO;MG;Estadual;Rural;10;471.75;520.64;480.62;403.23;468.0;468.85
5980;MARABA PAULISTA;SP;Estadual;Urbana;19;469.62;508.07;475.77;434.94;455.79;468.84
5981;RIACHO DE SANTO ANTONIO;PB;Estadual;Urbana;10;461.36;530.11;470.78;405.94;476.0;468.84
5982;VARZEA DA ROCA;BA;Estadual;Urbana;46;480.28;518.23;456.06;451.37;438.26;468.84
5983;ITAPACI;GO;Estadual;Urbana;68;486.42;527.92;465.45;433.47;430.88;468.83
5984;BARAO DO TRIUNFO;RS;Estadual;Urbana;29;490.97;515.07;448.37;429.07;460.69;468.83
5985;PEDREGULHO;SP;Estadual;Rural;7;506.13;519.47;434.01;444.56;440.0;468.83
5986;ENGENHEIRO COELHO;SP;Estadual;Urbana;50;494.89;517.89;463.2;426.94;441.2;468.82
5987;OLARIA;MG;Estadual;Urbana;34;485.24;513.82;458.91;426.09;460.0;468.81
5988;PARNAMIRIM;PE;Estadual;Urbana;143;483.16;506.74;448.5;435.0;470.63;468.81
5989;CASIMIRO DE ABREU;RJ;Estadual;Rural;19;487.16;523.11;447.92;413.24;472.63;468.81
5990;ACAIACA;MG;Privada;Rural;5;491.68;493.06;475.5;451.74;432.0;468.8
5991;CAJAMAR;SP;Municipal;Urbana;2;504.0;555.85;464.85;359.3;460.0;468.8
5992;TRINDADE;PE;Estadual;Urbana;153;483.41;515.04;451.7;437.48;456.34;468.79
5993;SAO DOMINGOS;GO;Estadual;Urbana;39;490.52;515.55;469.74;429.64;438.46;468.78
5994;SAO JOSE DE PIRANHAS;PB;Estadual;Urbana;67;482.31;512.35;446.77;436.16;466.27;468.77
5995;BOM JARDIM DA SERRA;SC;Estadual;Urbana;21;490.62;530.32;449.32;429.8;443.81;468.77
5996;ACAILANDIA;MA;Estadual;Urbana;391;485.26;521.17;454.47;433.73;449.16;468.76
5997;PRUDENTOPOLIS;PR;Estadual;Rural;121;469.74;522.08;463.95;438.7;449.26;468.74
5998;JARU;RO;Municipal;Urbana;1;469.7;517.9;479.8;396.3;480.0;468.74
5999;CORONEL EZEQUIEL;RN;Estadual;Urbana;24;489.85;524.44;448.27;423.59;457.5;468.73
6000;ITAGIBA;BA;Estadual;Urbana;41;479.42;526.34;459.68;436.21;441.95;468.72
6001;BOA ESPERANCA;PR;Estadual;Urbana;25;482.63;523.63;451.52;431.35;454.4;468.71
6002;PAU D ARCO;TO;Estadual;Urbana;19;469.57;522.94;459.59;426.17;465.26;468.71
6003;BREVES;PA;Estadual;Urbana;661;478.31;518.34;455.52;427.34;464.03;468.71
6004;PRIMAVERA DO LESTE;MT;Estadual;Rural;17;492.92;529.98;470.04;434.06;416.47;468.69
6005;SAO JOSE DO JACURI;MG;Estadual;Rural;7;510.19;523.54;479.43;453.1;377.14;468.68
6006;INDIARA;GO;Estadual;Urbana;66;484.82;516.5;466.55;436.71;438.79;468.67
6007;VITORINO FREIRE;MA;Estadual;Urbana;167;473.95;516.41;462.55;426.85;463.47;468.65
6008;ASSUNCAO;PB;Estadual;Urbana;23;487.44;525.36;475.45;397.59;457.39;468.65
6009;ESTREITO;MA;Estadual;Urbana;134;472.66;525.03;457.79;428.06;459.7;468.65
6010;SERRA PRETA;BA;Estadual;Rural;65;482.34;517.76;467.46;431.97;443.69;468.64
6011;MOSSORO;RN;Estadual;Urbana;1225;488.47;520.74;451.46;436.19;446.35;468.64
6012;IPOJUCA;PE;Estadual;Urbana;303;490.77;517.31;460.33;433.62;440.99;468.61
6013;IPUPIARA;BA;Estadual;Urbana;38;485.39;507.73;452.1;451.36;446.32;468.58
6014;ELISEU MARTINS;PI;Estadual;Urbana;22;489.34;525.37;447.11;437.45;443.64;468.58
6015;AMPARO DO SERRA;MG;Estadual;Urbana;42;481.1;527.57;465.18;453.31;415.71;468.57
6016;ALTO HORIZONTE;GO;Estadual;Urbana;38;480.54;512.19;445.36;452.15;452.63;468.57
6017;SAO LOURENCO DO OESTE;SC;Estadual;Rural;13;459.14;524.8;503.06;420.47;435.38;468.57
6018;DRACENA;SP;Estadual;Rural;15;463.83;520.29;457.92;430.11;470.67;468.56
6019;BREVES;PA;Municipal;Urbana;18;487.91;511.12;472.26;428.18;443.33;468.56
6020;ACORIZAL;MT;Estadual;Urbana;11;469.24;521.15;444.15;473.71;434.55;468.56
6021;VARZELANDIA;MG;Estadual;Urbana;71;488.29;523.74;452.38;437.45;440.85;468.54
6022;COLINAS DO SUL;GO;Estadual;Urbana;21;483.79;517.58;467.68;456.53;417.14;468.54
6023;VIRADOURO;SP;Estadual;Urbana;34;477.39;524.48;461.56;448.09;431.18;468.54
6024;CURIUVA;PR;Estadual;Urbana;65;484.36;524.48;482.71;435.76;415.38;468.54
6025;ICO;CE;Estadual;Urbana;408;484.49;519.06;458.79;436.76;443.58;468.54
6026;CACHOEIRO DE ITAPEMIRIM;ES;Estadual;Rural;81;475.2;516.95;455.63;433.84;460.99;468.52
6027;MIRASSOL D OESTE;MT;Estadual;Urbana;150;478.19;517.81;462.26;429.4;454.93;468.52
6028;SAO SEBASTIAO;AL;Estadual;Urbana;87;483.75;514.37;468.02;434.16;442.3;468.52
6029;SOBRADO;PB;Estadual;Urbana;40;497.85;530.27;465.64;439.22;409.5;468.5
6030;JABOTI;PR;Estadual;Urbana;35;476.4;497.94;472.04;436.09;460.0;468.49
6031;SAO SEBASTIAO DO ALTO;RJ;Estadual;Urbana;56;473.14;506.02;464.62;463.64;435.0;468.49
6032;BURITIS;MG;Estadual;Urbana;153;482.94;523.4;461.83;436.91;437.25;468.47
6033;ITUETA;MG;Estadual;Urbana;32;501.02;522.53;473.34;440.41;405.0;468.46
6034;CANDIDO DE ABREU;PR;Estadual;Rural;3;471.47;547.97;473.83;422.3;426.67;468.45
6035;MASSAPE DO PIAUI;PI;Estadual;Urbana;19;484.82;525.28;451.21;448.22;432.63;468.43
6036;ITACOATIARA;AM;Estadual;Urbana;664;480.35;517.15;453.19;421.34;470.12;468.43
6037;ALAGOINHAS;BA;Estadual;Rural;16;482.81;513.05;471.02;411.48;463.75;468.42
6038;RIO DE CONTAS;BA;Municipal;Rural;11;491.46;537.25;463.52;457.03;392.73;468.4
6039;CACU;GO;Estadual;Urbana;74;481.12;518.64;458.82;426.9;456.49;468.39
6040;ITAMARAJU;BA;Estadual;Urbana;256;485.9;521.99;459.66;441.72;432.66;468.38
6041;RORAINOPOLIS;RR;Estadual;Urbana;56;476.25;514.23;463.09;421.93;466.43;468.38
6042;NOVA ALVORADA DO SUL;MS;Estadual;Urbana;119;487.45;525.42;456.64;444.26;428.07;468.37
6043;EXTREMOZ;RN;Estadual;Rural;80;482.3;512.23;456.78;439.27;451.25;468.37
6044;MACEIO;AL;Estadual;Urbana;2854;480.15;517.81;455.41;432.38;456.09;468.37
6045;PLACIDO DE CASTRO;AC;Estadual;Urbana;118;475.35;522.98;459.97;435.71;447.8;468.36
6046;MACHADINHO D OESTE;RO;Municipal;Rural;1;479.4;489.6;396.2;476.6;500.0;468.36
6047;SANTA CRUZ DA CONCEICAO;SP;Estadual;Urbana;10;491.27;527.76;467.97;416.61;438.0;468.32
6048;SANTA FILOMENA;PE;Estadual;Urbana;45;467.47;510.66;456.45;435.41;471.56;468.31
6049;COLINAS DO TOCANTINS;TO;Municipal;Rural;11;495.31;507.81;473.99;437.13;427.27;468.3
6050;UMARIZAL;RN;Estadual;Urbana;62;476.5;513.63;459.7;436.11;455.48;468.28
6051;PAROBE;RS;Municipal;Urbana;47;488.08;538.28;466.61;443.29;405.11;468.27
6052;GARANHUNS;PE;Municipal;Urbana;2;493.8;495.25;453.05;439.2;460.0;468.26
6053;ANHEMBI;SP;Estadual;Urbana;19;477.44;503.76;454.11;451.19;454.74;468.25
6054;APIACAS;MT;Estadual;Urbana;44;487.86;527.61;464.23;434.72;426.82;468.25
6055;GUARATINGA;BA;Estadual;Urbana;45;485.25;523.22;458.72;425.06;448.89;468.23
6056;BRASILANDIA DE MINAS;MG;Estadual;Urbana;123;473.71;523.47;474.43;432.64;436.91;468.23
6057;TERRA NOVA;PE;Estadual;Urbana;59;474.12;519.56;444.39;448.82;454.24;468.22
6058;MORRO DO CHAPEU;BA;Estadual;Urbana;119;490.02;525.54;447.67;438.83;438.99;468.21
6059;RIO BONITO DO IGUACU;PR;Estadual;Rural;57;486.62;517.0;461.44;429.66;446.32;468.21
6060;REGINOPOLIS;SP;Estadual;Urbana;25;492.82;509.74;439.31;451.11;448.0;468.2
6061;BOM CONSELHO;PE;Estadual;Urbana;203;486.83;515.06;460.67;436.39;442.07;468.2
6062;ARACUAI;MG;Municipal;Urbana;2;486.45;504.6;455.4;444.5;450.0;468.19
6063;PORTO FRANCO;MA;Estadual;Urbana;135;477.64;520.06;454.91;439.72;448.59;468.19
6064;CANAA DOS CARAJAS;PA;Municipal;Urbana;4;463.38;502.08;449.72;425.78;500.0;468.19
6065;REDENCAO;PA;Estadual;Urbana;355;485.99;520.63;459.45;428.15;446.7;468.18
6066;CAMPO GRANDE DO PIAUI;PI;Estadual;Urbana;32;483.17;504.22;468.87;450.27;434.38;468.18
6067;HERVAL;RS;Estadual;Urbana;35;487.29;521.6;450.7;431.56;449.71;468.17
6068;ITAPAGIPE;MG;Municipal;Urbana;2;478.25;498.35;427.75;476.5;460.0;468.17
6069;POXOREO;MT;Estadual;Urbana;89;473.26;517.04;465.26;423.59;461.57;468.15
6070;CAMACARI;BA;Municipal;Urbana;4;512.22;462.5;461.35;489.6;415.0;468.14
6071;IBIMIRIM;PE;Estadual;Urbana;96;468.71;509.51;459.49;445.71;457.29;468.14
6072;LONTRA;MG;Estadual;Urbana;66;488.69;512.75;455.27;442.15;441.82;468.14
6073;LAGOA DE DENTRO;PB;Estadual;Urbana;44;486.55;507.97;453.39;435.98;456.82;468.14
6074;ANITA GARIBALDI;SC;Estadual;Urbana;40;499.19;535.08;438.3;426.56;441.5;468.13
6075;VERA CRUZ;SP;Estadual;Rural;37;475.35;514.67;486.98;436.58;427.03;468.12
6076;DIAS D AVILA;BA;Estadual;Urbana;235;487.43;525.62;451.61;434.56;441.36;468.12
6077;CORONEL MARTINS;SC;Estadual;Urbana;21;475.7;516.34;450.58;461.7;436.19;468.1
6078;JARAGUA;GO;Estadual;Urbana;278;479.54;520.78;461.37;441.43;437.41;468.1
6079;APODI;RN;Estadual;Urbana;217;476.91;516.59;449.1;436.17;461.66;468.09
6080;FELISBURGO;MG;Estadual;Urbana;30;492.42;520.38;454.25;444.0;429.33;468.08
6081;AQUIRAZ;CE;Estadual;Urbana;463;484.03;516.38;461.15;433.33;445.44;468.06
6082;LUZILANDIA;PI;Estadual;Urbana;87;485.72;516.23;457.36;446.06;434.94;468.06
6083;MARIANA;MG;Municipal;Rural;6;480.18;519.37;429.88;410.82;500.0;468.05
6084;ALTAMIRA;PA;Municipal;Urbana;20;483.52;519.24;464.98;432.39;440.0;468.03
6085;ARAL MOREIRA;MS;Estadual;Rural;8;488.44;530.84;445.79;409.92;465.0;468.0
6086;NANTES;SP;Estadual;Urbana;19;488.83;512.21;435.65;439.08;464.21;467.99
6087;MAJOR GERCINO;SC;Estadual;Urbana;6;468.42;516.97;451.45;429.72;473.33;467.98
6088;CORRENTES;PE;Estadual;Urbana;75;477.32;512.49;470.05;421.57;458.4;467.97
6089;SAO SEBASTIAO DO MARANHAO;MG;Estadual;Urbana;56;477.48;527.79;464.09;439.04;431.43;467.97
6090;TAIPAS DO TOCANTINS;TO;Estadual;Urbana;14;480.23;499.5;442.19;419.08;498.57;467.91
6091;CALDAS BRANDAO;PB;Estadual;Urbana;43;472.21;510.03;450.86;418.85;487.44;467.88
6092;NAZAREZINHO;PB;Estadual;Urbana;33;475.57;513.49;453.82;449.75;446.67;467.86
6093;ITAIOPOLIS;SC;Estadual;Rural;27;467.17;516.06;464.78;429.63;461.59;467.85
6094;NIOAQUE;MS;Estadual;Urbana;62;490.91;530.3;458.81;436.57;422.58;467.84
6095;FRANCISCOPOLIS;MG;Estadual;Urbana;15;473.32;522.36;461.57;449.97;432.0;467.84
6096;VARGEAO;SC;Municipal;Rural;1;461.0;554.4;447.5;456.2;420.0;467.82
6097;GUAMIRANGA;PR;Estadual;Rural;12;483.93;519.48;497.21;403.51;435.0;467.82
6098;ALEM PARAIBA;MG;Estadual;Urbana;101;489.63;517.26;453.5;434.51;444.16;467.81
6099;AFRANIO;PE;Estadual;Urbana;119;475.31;506.89;460.1;419.42;477.14;467.77
6100;ANGELINA;SC;Estadual;Rural;10;478.82;505.08;482.46;460.45;412.0;467.76
6101;JURUA;AM;Estadual;Rural;1;489.6;573.2;442.7;473.3;360.0;467.76
6102;CARAZINHO;RS;Estadual;Rural;2;509.0;505.5;485.8;448.4;390.0;467.74
6103;CORUMBA;MS;Estadual;Urbana;626;485.67;522.29;459.89;434.31;436.47;467.72
6104;UIRAPURU;GO;Privada;Rural;3;452.77;500.83;466.97;417.93;500.0;467.7
6105;MARIANO MORO;RS;Estadual;Urbana;9;513.69;536.84;470.77;414.91;402.22;467.69
6106;ESPERANTINA;PI;Estadual;Urbana;205;485.53;522.39;457.87;440.99;431.61;467.68
6107;OROBO;PE;Estadual;Rural;7;485.19;535.1;455.2;405.64;457.14;467.65
6108;MUNDO NOVO;BA;Estadual;Urbana;58;481.53;523.27;456.49;425.2;451.72;467.65
6109;ACRELANDIA;AC;Estadual;Rural;30;477.45;523.04;478.74;458.9;400.0;467.63
6110;LAVRINHAS;SP;Estadual;Urbana;23;480.69;518.57;457.53;425.68;455.65;467.63
6111;PAULICEIA;SP;Estadual;Urbana;22;504.85;526.51;468.14;425.89;412.73;467.62
6112;LUISLANDIA;MG;Estadual;Rural;5;487.08;537.04;436.42;489.56;388.0;467.62
6113;SANTA MARIA DO OESTE;PR;Estadual;Rural;29;480.16;539.67;480.83;418.79;418.62;467.62
6114;FEIRA NOVA;PE;Estadual;Urbana;130;476.04;514.78;472.41;437.91;436.92;467.61
6115;PEDRO II;PI;Estadual;Urbana;190;483.48;515.56;466.42;437.19;435.37;467.6
6116;TERRA ROXA;SP;Estadual;Urbana;41;490.94;520.63;466.37;442.97;417.07;467.6
6117;MONTES CLAROS;MG;Estadual;Rural;37;492.54;522.86;452.09;453.63;416.76;467.58
6118;FAROL;PR;Estadual;Urbana;17;475.38;519.49;456.11;439.86;447.06;467.58
6119;ITAQUI;RS;Municipal;Rural;4;523.08;500.6;412.5;436.48;465.0;467.53
6120;MOGEIRO;PB;Estadual;Urbana;52;482.61;512.2;449.25;425.45;468.08;467.52
6121;URUACU;GO;Estadual;Urbana;221;482.83;516.46;470.13;429.19;439.0;467.52
6122;QUITANDINHA;PR;Estadual;Urbana;44;494.56;519.08;463.85;434.21;425.91;467.52
6123;ACARAU;CE;Estadual;Urbana;488;477.28;511.39;461.46;435.49;451.93;467.51
6124;VICOSA;RN;Estadual;Urbana;19;483.83;517.11;438.79;410.38;487.37;467.5
6125;XIQUE-XIQUE;BA;Municipal;Rural;5;445.66;532.0;443.16;420.7;496.0;467.5
6126;PAINEL;SC;Estadual;Urbana;12;474.33;528.22;435.08;431.27;468.33;467.45
6127;SOUTO SOARES;BA;Estadual;Urbana;29;480.39;516.4;446.51;437.33;456.55;467.44
6128;QUEIMADAS;PB;Privada;Urbana;45;483.28;527.72;455.85;439.7;430.67;467.44
6129;PAULISTAS;MG;Estadual;Urbana;21;464.58;509.41;471.43;453.7;438.1;467.44
6130;SAO PEDRO;RN;Estadual;Urbana;18;494.43;500.38;452.97;427.22;462.22;467.44
6131;CORUMBA;MS;Municipal;Urbana;2;489.5;595.6;442.95;429.15;380.0;467.44
6132;FERROS;MG;Estadual;Urbana;49;487.64;515.17;464.33;445.51;424.49;467.43
6133;POCOES;BA;Estadual;Urbana;232;479.86;516.02;457.36;434.61;449.22;467.42
6134;BELO JARDIM;PE;Estadual;Urbana;184;486.78;516.38;449.71;442.8;441.41;467.42
6135;RIBEIRAO BRANCO;SP;Estadual;Rural;14;461.22;519.74;467.29;447.36;441.43;467.41
6136;VINHEDO;SP;Municipal;Urbana;7;489.9;538.77;495.57;424.21;388.57;467.41
6137;TACAIMBO;PE;Estadual;Urbana;55;487.0;508.18;450.02;429.23;462.55;467.39
6138;GETULINA;SP;Estadual;Urbana;35;490.55;518.07;451.27;446.2;430.86;467.39
6139;SAO BENEDITO DO SUL;PE;Estadual;Urbana;21;480.6;516.12;462.17;439.8;438.1;467.36
6140;MONTE ALEGRE DOS CAMPOS;RS;Estadual;Urbana;4;496.7;538.22;436.68;455.2;410.0;467.36
6141;SANTA BARBARA DE GOIAS;GO;Estadual;Urbana;33;495.09;526.45;459.13;424.52;431.52;467.34
6142;GLORIA DO GOITA;PE;Estadual;Urbana;176;481.67;504.17;459.69;439.68;451.36;467.31
6143;NOVA GRANADA;SP;Estadual;Urbana;65;481.88;514.12;456.2;434.81;449.54;467.31
6144;CACIMBAS;PB;Estadual;Urbana;18;492.78;511.67;446.46;428.99;456.67;467.31
6145;LAGOA DO PIAUI;PI;Estadual;Urbana;12;482.79;531.58;462.72;406.11;453.33;467.31
6146;SANTANA;AP;Estadual;Urbana;1100;478.46;516.25;453.79;426.74;461.31;467.31
6147;ARAGUAINHA;MT;Estadual;Urbana;3;499.87;539.37;463.5;440.43;393.33;467.3
6148;MONTES ALTOS;MA;Estadual;Urbana;36;482.88;520.59;452.44;415.61;465.0;467.3
6149;COMODORO;MT;Estadual;Urbana;82;481.5;516.25;466.49;420.25;451.95;467.29
6150;MARILIA;SP;Estadual;Rural;8;467.04;503.88;458.01;462.54;445.0;467.29
6151;MONTIVIDIU;GO;Estadual;Urbana;74;488.46;527.59;459.13;430.66;430.54;467.27
6152;ITAQUIRAI;MS;Estadual;Urbana;101;485.71;526.65;464.07;449.79;410.1;467.26
6153;IPIAU;BA;Estadual;Urbana;201;476.89;514.65;455.3;436.48;452.94;467.25
6154;CONFRESA;MT;Estadual;Urbana;92;478.69;529.94;451.91;436.76;438.91;467.24
6155;PIRAQUARA;PR;Estadual;Rural;54;490.35;514.59;472.54;433.9;424.81;467.24
6156;MONTEIRO;PB;Estadual;Rural;6;452.73;529.25;442.37;408.53;503.33;467.24
6157;GAMELEIRA;PE;Estadual;Urbana;45;498.47;527.88;448.39;412.02;449.33;467.22
6158;NOVA CASTILHO;SP;Estadual;Urbana;8;487.25;506.4;452.21;437.62;452.5;467.2
6159;BIRITINGA;BA;Estadual;Urbana;28;473.47;519.12;471.4;422.7;449.29;467.2
6160;MARACANAU;CE;Estadual;Rural;1;488.8;449.9;477.8;379.5;540.0;467.2
6161;BARRA DE SAO FRANCISCO;ES;Estadual;Urbana;306;479.8;518.09;466.94;443.22;427.91;467.19
6162;GUAMARE;RN;Estadual;Urbana;75;482.64;521.25;458.67;427.73;445.6;467.18
6163;NIPOA;SP;Estadual;Urbana;16;491.94;510.72;458.89;448.08;426.25;467.18
6164;TACARATU;PE;Estadual;Rural;23;493.34;518.28;449.9;449.1;425.22;467.17
6165;JOAO PINHEIRO;MG;Estadual;Rural;6;484.27;538.55;440.67;455.72;416.67;467.17
6166;NIQUELANDIA;GO;Estadual;Urbana;185;485.18;519.11;464.34;435.22;431.89;467.15
6167;TEOTONIO VILELA;AL;Estadual;Urbana;310;479.11;509.86;457.07;429.47;460.13;467.13
6168;CEDRO DE SAO JOAO;SE;Estadual;Urbana;14;475.94;503.42;458.82;460.24;437.14;467.11
6169;NOVA TEBAS;PR;Estadual;Rural;24;484.98;523.99;441.64;412.45;472.5;467.11
6170;SAO JOSE DA BELA VISTA;SP;Estadual;Urbana;21;494.09;529.13;452.86;430.84;428.57;467.1
6171;ITATUBA;PB;Municipal;Rural;2;461.0;509.15;480.5;444.6;440.0;467.05
6172;PEDRO CANARIO;ES;Estadual;Urbana;153;474.81;511.83;460.18;451.83;436.6;467.05
6173;SANTA MARIA DE JETIBA;ES;Privada;Rural;24;465.71;522.87;491.04;451.3;404.17;467.02
6174;PEDREIRAS;MA;Estadual;Urbana;186;479.74;518.28;455.29;431.3;450.43;467.01
6175;MADRE DE DEUS;BA;Estadual;Urbana;97;485.05;516.03;455.11;429.73;449.07;467.0
6176;RIBAS DO RIO PARDO;MS;Estadual;Urbana;103;495.33;526.87;464.97;436.33;411.46;466.99
6177;TUNAS;RS;Estadual;Urbana;19;476.11;514.55;456.2;434.41;453.68;466.99
6178;OLINDINA;BA;Estadual;Rural;17;472.64;535.64;450.54;426.58;449.41;466.96
6179;JUCURUTU;RN;Estadual;Urbana;134;485.0;518.74;451.24;431.34;448.51;466.96
6180;UPANEMA;RN;Estadual;Urbana;50;471.07;511.09;459.75;432.84;460.0;466.95
6181;VARZEA DO POCO;BA;Estadual;Urbana;24;483.4;508.14;457.53;424.85;460.83;466.95
6182;QUIXABEIRA;BA;Estadual;Urbana;14;502.47;525.13;441.94;409.41;455.71;466.93
6183;JAPONVAR;MG;Estadual;Urbana;24;486.33;502.36;454.78;440.96;450.0;466.89
6184;IGREJINHA;RS;Municipal;Urbana;1;472.3;583.4;449.6;469.1;360.0;466.88
6185;PAULISTA;PE;Municipal;Urbana;22;501.8;507.71;440.74;439.57;444.55;466.87
6186;NOVA CAMPINA;SP;Estadual;Urbana;46;495.29;515.93;460.8;447.54;414.78;466.87
6187;COTEGIPE;BA;Estadual;Urbana;47;484.24;520.93;462.99;417.63;448.51;466.86
6188;DURANDE;MG;Estadual;Urbana;51;493.69;528.72;452.95;425.61;433.33;466.86
6189;ITINGA DO MARANHAO;MA;Estadual;Urbana;75;479.01;516.48;472.51;436.17;430.13;466.86
6190;GUARAITA;GO;Estadual;Urbana;16;475.66;526.59;468.16;436.34;427.5;466.85
6191;PACAJUS;CE;Estadual;Urbana;747;481.35;519.04;453.98;438.76;441.07;466.84
6192;GENERAL CARNEIRO;PR;Estadual;Rural;4;512.3;515.67;430.68;450.52;425.0;466.84
6193;ANHANGUERA;GO;Estadual;Urbana;8;474.81;509.81;463.98;425.59;460.0;466.84
6194;MAUA DA SERRA;PR;Estadual;Urbana;41;482.44;513.44;472.01;447.52;418.54;466.79
6195;ANTONIO MARTINS;RN;Estadual;Urbana;39;469.71;514.31;436.69;439.84;473.33;466.78
6196;CAMPANARIO;MG;Estadual;Urbana;36;477.32;513.52;466.84;444.52;431.67;466.78
6197;EUCLIDES DA CUNHA PAULISTA;SP;Estadual;Urbana;59;483.29;507.44;449.9;447.42;445.76;466.76
6198;JAURU;MT;Estadual;Urbana;66;476.33;513.3;467.1;432.2;444.85;466.76
6199;RANCHO ALEGRE D OESTE;PR;Estadual;Urbana;19;478.45;514.37;456.41;442.16;442.11;466.7
6200;CRISTAL DO SUL;RS;Estadual;Urbana;16;488.18;524.01;473.65;442.56;405.0;466.68
6201;NOVA RUSSAS;CE;Estadual;Urbana;309;481.21;510.11;459.02;439.29;443.75;466.68
6202;PEDRA AZUL;MG;Estadual;Urbana;127;490.52;517.78;454.55;429.57;440.94;466.67
6203;LAURO DE FREITAS;BA;Estadual;Urbana;708;486.16;523.59;455.25;436.9;431.44;466.67
6204;CAETES;PE;Estadual;Urbana;114;485.01;508.03;468.54;458.56;413.16;466.66
6205;ITAITINGA;CE;Estadual;Urbana;373;480.88;513.27;460.1;439.5;439.52;466.65
6206;SAO JULIAO;PI;Estadual;Urbana;22;485.8;522.0;467.32;415.4;442.73;466.65
6207;INAJA;PE;Estadual;Urbana;28;484.46;512.33;444.73;444.59;447.14;466.65
6208;CRUZILIA;MG;Privada;Rural;10;472.11;508.16;481.88;509.06;362.0;466.64
6209;ACREUNA;GO;Estadual;Urbana;77;490.92;523.57;458.86;447.96;411.88;466.64
6210;UIRAPURU;GO;Estadual;Rural;2;521.7;553.9;464.05;463.55;330.0;466.64
6211;DELTA;MG;Estadual;Urbana;25;492.03;527.02;445.82;445.12;423.2;466.64
6212;RAFAEL FERNANDES;RN;Estadual;Urbana;18;433.34;512.24;433.16;427.74;526.67;466.63
6213;MACAIBA;RN;Estadual;Urbana;268;481.75;518.49;455.97;438.75;438.13;466.62
6214;RIO CRESPO;RO;Estadual;Urbana;10;503.26;511.72;457.13;440.93;420.0;466.61
6215;JAGUARARI;BA;Estadual;Urbana;111;477.85;522.04;452.71;427.31;453.15;466.61
6216;CACOAL;RO;Privada;Rural;28;474.34;513.62;481.67;445.56;417.86;466.61
6217;ICARAIMA;PR;Estadual;Urbana;54;493.62;505.19;447.72;427.26;459.26;466.61
6218;SENADOR CANEDO;GO;Estadual;Urbana;519;484.3;520.26;458.44;434.43;435.53;466.59
6219;TEOFILANDIA;BA;Estadual;Urbana;38;490.26;529.31;464.3;408.0;441.05;466.58
6220;TAQUARAL;SP;Estadual;Urbana;19;480.07;517.59;473.91;413.71;447.37;466.53
6221;CATENDE;PE;Estadual;Urbana;183;489.93;516.97;449.24;418.71;457.7;466.51
6222;OLHOS-D AGUA;MG;Estadual;Urbana;25;497.68;533.64;466.33;434.08;400.8;466.51
6223;GOVERNADOR ARCHER;MA;Municipal;Urbana;2;497.35;472.3;393.5;489.35;480.0;466.5
6224;GUARA;SP;Estadual;Urbana;68;485.12;509.5;452.15;434.83;450.88;466.5
6225;CAMPINAS;SP;Municipal;Urbana;35;491.8;524.75;457.13;434.24;424.57;466.5
6226;MUTUIPE;BA;Estadual;Urbana;106;485.43;517.34;460.91;433.81;434.91;466.48
6227;CALDEIRAO GRANDE DO PIAUI;PI;Estadual;Urbana;13;484.58;533.89;426.74;425.64;461.54;466.48
6228;CRUZ DAS ALMAS;BA;Estadual;Urbana;234;485.49;523.55;456.4;431.86;435.04;466.47
6229;PRESIDENTE ALVES;SP;Estadual;Urbana;16;495.52;515.15;450.84;415.81;455.0;466.46
6230;CARAI;MG;Estadual;Urbana;65;472.29;518.03;457.26;445.63;439.08;466.46
6231;BARAUNA;RN;Estadual;Urbana;97;471.1;524.47;466.17;433.83;436.7;466.45
6232;OIAPOQUE;AP;Estadual;Rural;2;490.45;513.6;410.7;427.45;490.0;466.44
6233;MACHADINHO D OESTE;RO;Estadual;Urbana;159;484.88;529.24;466.89;435.83;415.35;466.44
6234;DOM PEDRITO;RS;Estadual;Urbana;206;479.81;514.81;450.69;440.43;446.31;466.41
6235;CORRENTINA;BA;Estadual;Rural;7;463.77;511.46;495.71;429.46;431.43;466.37
6236;TIBAGI;PR;Estadual;Urbana;56;488.66;521.92;454.29;443.35;423.57;466.36
6237;ACU;RN;Estadual;Urbana;242;474.92;517.44;445.88;437.68;455.87;466.36
6238;MARTINOPOLE;CE;Estadual;Urbana;173;484.86;504.24;456.14;440.54;445.9;466.34
6239;BARRA DO TURVO;SP;Estadual;Rural;5;473.24;568.98;467.26;430.24;392.0;466.34
6240;MONTE ALEGRE DE SERGIPE;SE;Estadual;Urbana;47;466.41;509.94;456.59;432.79;465.96;466.34
6241;PONTE ALTA DO NORTE;SC;Estadual;Urbana;15;466.42;502.91;447.69;450.65;464.0;466.33
6242;MATRINCHA;GO;Estadual;Urbana;16;484.19;522.22;454.57;451.91;418.75;466.33
6243;JAGUARIBE;CE;Estadual;Urbana;283;481.5;510.1;456.18;438.89;444.96;466.33
6244;QUIPAPA;PE;Estadual;Urbana;83;474.54;516.14;450.37;436.3;454.22;466.31
6245;NOVO REPARTIMENTO;PA;Privada;Urbana;29;473.01;541.41;470.29;420.57;426.21;466.3
6246;NOVA VENEZA;GO;Estadual;Urbana;59;479.01;519.11;453.73;434.19;445.42;466.29
6247;UAUA;BA;Estadual;Urbana;87;488.45;518.96;457.26;418.47;448.28;466.28
6248;CURVELANDIA;MT;Estadual;Urbana;28;486.12;509.33;469.15;429.56;437.14;466.26
6249;BOM RETIRO;SC;Estadual;Urbana;35;474.64;519.91;446.33;442.84;447.6;466.26
6250;GALVAO;SC;Estadual;Urbana;16;480.59;513.55;463.14;439.98;434.06;466.26
6251;DOMINGOS MOURAO;PI;Estadual;Urbana;24;498.35;514.26;463.1;429.71;425.83;466.25
6252;NOVO TRIUNFO;BA;Estadual;Urbana;19;481.73;498.34;463.05;450.26;437.89;466.25
6253;SANTA INES;PR;Estadual;Urbana;20;468.24;504.05;454.22;448.73;456.0;466.25
6254;IRARA;BA;Estadual;Urbana;138;477.98;519.77;449.75;429.06;454.64;466.24
6255;BELEM DE MARIA;PE;Estadual;Urbana;64;484.56;521.35;463.59;436.55;425.0;466.21
6256;SERRINHA DOS PINTOS;RN;Estadual;Urbana;27;468.5;517.23;441.11;427.87;476.3;466.2
6257;MARIA HELENA;PR;Estadual;Urbana;30;474.68;520.73;464.57;425.49;445.33;466.16
6258;CAROLINA;MA;Estadual;Urbana;123;483.55;526.33;461.4;431.68;427.8;466.15
6259;FORMOSA;GO;Estadual;Urbana;438;489.13;524.07;460.38;438.28;418.86;466.14
6260;BELEM;PB;Estadual;Urbana;66;484.4;513.19;451.46;425.92;455.76;466.14
6261;GUIMARAES;MA;Estadual;Urbana;54;478.71;511.05;455.44;394.42;491.11;466.14
6262;TUCUMA;PA;Privada;Urbana;29;478.15;519.57;461.41;463.92;407.59;466.13
6263;OURICURI;PE;Estadual;Urbana;195;478.17;515.34;453.59;434.63;448.92;466.13
6264;EPITACIOLANDIA;AC;Estadual;Rural;2;408.1;539.45;429.15;353.95;600.0;466.13
6265;MAGALHAES DE ALMEIDA;MA;Estadual;Urbana;47;492.38;518.2;444.29;421.63;454.04;466.11
6266;ARAPOTI;PR;Estadual;Urbana;95;483.36;517.83;461.99;436.43;430.84;466.09
6267;TENENTE LAURENTINO CRUZ;RN;Estadual;Urbana;37;486.83;514.51;459.09;435.85;434.05;466.07
6268;SAO BENTO DO NORTE;RN;Estadual;Urbana;34;486.31;517.52;454.97;419.16;452.35;466.06
6269;FLORES;PE;Estadual;Urbana;102;480.5;502.83;463.15;433.32;450.39;466.04
6270;SANTA CRUZ DA ESPERANCA;SP;Estadual;Urbana;19;477.62;501.63;467.11;422.81;461.05;466.04
6271;AREIA;PB;Estadual;Urbana;135;487.32;517.72;462.41;421.28;441.48;466.04
6272;LUNARDELLI;PR;Estadual;Urbana;17;494.61;529.27;457.83;407.28;441.18;466.03
6273;SEABRA;BA;Estadual;Urbana;150;483.99;509.41;453.57;428.89;454.27;466.03
6274;SAO MIGUEL DO TOCANTINS;TO;Estadual;Rural;25;486.6;521.93;454.35;425.62;441.6;466.02
6275;PARAIPABA;CE;Estadual;Urbana;377;478.48;509.47;463.32;438.44;440.37;466.02
6276;UBERLANDIA;MG;Municipal;Urbana;3;480.97;560.07;407.97;414.33;466.67;466.0
6277;JACARAU;PB;Estadual;Urbana;97;488.39;515.71;453.96;430.27;441.65;466.0
6278;TARAUACA;AC;Estadual;Rural;1;473.5;531.8;518.7;326.0;480.0;466.0
6279;SAO BENTO;MA;Estadual;Urbana;113;478.26;512.38;454.35;438.62;446.37;466.0
6280;RIQUEZA;SC;Estadual;Rural;11;439.36;505.6;492.39;479.86;412.73;465.99
6281;BREJINHO;PE;Estadual;Urbana;40;475.9;511.54;458.13;428.68;455.72;465.99
6282;IACU;BA;Estadual;Urbana;75;491.55;515.08;449.91;423.42;449.87;465.97
6283;PIRAI DO SUL;PR;Estadual;Urbana;102;483.78;517.84;457.85;433.9;436.47;465.97
6284;SAO JOAO DO ARRAIAL;PI;Estadual;Rural;3;489.53;532.37;452.23;462.27;393.33;465.95
6285;SANTANA DE MANGUEIRA;PB;Estadual;Urbana;35;481.27;504.91;459.64;442.78;441.14;465.95
6286;OBIDOS;PA;Estadual;Urbana;240;469.63;509.82;454.39;422.68;473.17;465.94
6287;JACOBINA;BA;Estadual;Urbana;287;486.41;515.02;453.47;430.83;443.99;465.94
6288;CARIRI DO TOCANTINS;TO;Estadual;Urbana;22;483.31;506.1;465.22;450.3;424.55;465.9
6289;HEITORAI;GO;Estadual;Urbana;7;481.29;484.71;439.84;492.16;431.43;465.89
6290;PINHAO;PR;Estadual;Rural;20;489.21;536.13;461.81;420.14;422.0;465.86
6291;SILVA JARDIM;RJ;Estadual;Rural;19;488.88;513.16;465.42;439.69;422.11;465.85
6292;ITAUNA DO SUL;PR;Estadual;Urbana;14;458.96;502.46;464.36;449.18;454.29;465.85
6293;MERUOCA;CE;Estadual;Urbana;186;483.85;504.84;461.84;441.72;436.88;465.83
6294;BONITO DE MINAS;MG;Estadual;Urbana;24;468.6;523.5;454.25;425.18;457.5;465.81
6295;JAPORA;MS;Estadual;Urbana;25;464.85;534.5;458.96;464.27;406.4;465.8
6296;COSTA RICA;MS;Estadual;Urbana;111;480.92;519.36;463.84;435.67;429.19;465.8
6297;CABECEIRA GRANDE;MG;Estadual;Urbana;36;476.02;508.95;471.88;428.79;443.33;465.79
6298;LAJEDAO;BA;Estadual;Urbana;12;500.46;519.33;448.46;422.35;438.33;465.79
6299;SERRA DO MEL;RN;Estadual;Urbana;49;481.85;516.5;453.93;434.23;442.45;465.79
6300;NOVA UBIRATA;MT;Estadual;Rural;4;500.02;529.78;490.5;458.58;350.0;465.78
6301;GUAPIRAMA;PR;Estadual;Urbana;23;458.65;531.26;471.41;444.12;423.48;465.78
6302;SALTO DA DIVISA;MG;Estadual;Urbana;37;480.39;526.66;433.1;425.47;463.24;465.77
6303;TRACUATEUA;PA;Municipal;Urbana;16;483.81;533.73;433.82;413.74;463.75;465.77
6304;TAVARES;PB;Estadual;Urbana;39;478.38;515.12;461.11;417.82;456.41;465.77
6305;ALAGOINHA;PB;Estadual;Urbana;64;488.39;510.31;447.91;424.62;457.5;465.75
6306;ALTO ARAGUAIA;MT;Estadual;Urbana;76;481.95;522.18;459.14;436.8;428.68;465.75
6307;PRESIDENTE JUSCELINO;MA;Estadual;Urbana;63;452.59;507.02;439.8;409.93;519.37;465.74
6308;ARACUAI;MG;Privada;Rural;19;473.41;516.21;443.69;432.14;463.16;465.72
6309;ANGELICA;MS;Estadual;Rural;8;482.59;541.19;435.29;444.54;425.0;465.72
6310;DOIS CORREGOS;SP;Estadual;Urbana;63;492.07;522.47;456.78;435.92;421.27;465.7
6311;MESSIAS;AL;Estadual;Urbana;99;480.04;515.45;451.07;424.39;457.37;465.67
6312;CACIMBA DE DENTRO;PB;Estadual;Urbana;97;482.7;504.72;452.14;429.58;459.18;465.66
6313;SALGADO;SE;Estadual;Urbana;123;474.36;513.47;466.0;439.28;435.12;465.65
6314;CONCEICAO DE IPANEMA;MG;Estadual;Urbana;6;490.8;510.18;464.03;446.5;416.67;465.64
6315;SANTA TEREZINHA DO PROGRESSO;SC;Estadual;Urbana;24;495.4;523.28;443.71;431.63;434.17;465.64
6316;COLORADO DO OESTE;RO;Estadual;Urbana;116;482.45;517.2;468.21;442.38;417.93;465.64
6317;TAMANDARE;PE;Estadual;Urbana;80;490.58;525.93;451.3;434.81;425.25;465.57
6318;ITAQUI;RS;Privada;Urbana;21;480.6;524.3;454.72;454.88;413.33;465.56
6319;BURITI ALEGRE;GO;Estadual;Urbana;37;488.03;520.97;480.71;434.77;403.24;465.55
6320;PINHAL DA SERRA;RS;Estadual;Urbana;14;475.05;522.63;480.24;446.96;402.86;465.55
6321;BREJO SANTO;CE;Estadual;Urbana;432;477.42;506.7;458.78;439.6;445.23;465.55
6322;BARCARENA;PA;Estadual;Rural;478;483.14;521.65;463.62;428.34;430.84;465.52
6323;NISIA FLORESTA;RN;Estadual;Urbana;92;479.79;508.89;456.71;434.83;447.39;465.52
6324;BOM JARDIM;PE;Estadual;Rural;59;484.64;509.12;470.03;440.36;423.39;465.51
6325;SAO MIGUEL DO GUAPORE;RO;Estadual;Urbana;165;475.35;520.34;460.83;433.82;437.21;465.51
6326;CUITE DE MAMANGUAPE;PB;Estadual;Urbana;27;477.95;510.43;460.08;430.85;448.15;465.49
6327;AGUAS LINDAS DE GOIAS;GO;Estadual;Urbana;697;491.9;518.24;455.87;436.23;425.19;465.49
6328;PINHAIS;PR;Municipal;Urbana;6;482.45;514.72;468.22;418.7;443.33;465.48
6329;RIO FORMOSO;PE;Estadual;Urbana;108;487.23;514.19;445.45;425.31;455.19;465.47
6330;DORES DO RIO PRETO;ES;Estadual;Urbana;75;481.35;515.73;470.82;442.13;417.33;465.47
6331;ARAIOSES;MA;Estadual;Urbana;101;482.78;522.77;460.46;416.39;444.95;465.47
6332;PAUINI;AM;Estadual;Urbana;37;465.99;510.91;463.41;424.26;462.7;465.45
6333;PRIMAVERA DE RONDONIA;RO;Estadual;Rural;3;466.5;509.4;513.77;437.57;400.0;465.45
6334;IGARAPE GRANDE;MA;Estadual;Urbana;73;470.31;516.55;462.36;448.65;429.32;465.44
6335;IPUA;SP;Estadual;Urbana;52;472.6;511.49;458.25;426.29;458.46;465.42
6336;SALETE;SC;Municipal;Urbana;1;497.5;517.0;437.7;334.8;540.0;465.4
6337;PARNAIBA;PI;Estadual;Urbana;882;483.83;515.75;460.49;422.79;444.13;465.4
6338;RIO BRILHANTE;MS;Municipal;Urbana;2;504.25;553.8;464.65;454.25;350.0;465.39
6339;CAMPO MOURAO;PR;Municipal;Urbana;4;484.62;517.17;428.9;411.2;485.0;465.38
6340;RIACHAO;MA;Estadual;Urbana;63;477.59;516.08;456.09;424.45;452.7;465.38
6341;BARRAS;PI;Estadual;Urbana;237;482.03;514.18;456.53;434.85;439.24;465.37
6342;SAO MANOEL DO PARANA;PR;Estadual;Urbana;15;480.04;514.27;461.97;423.84;446.67;465.36
6343;PRESIDENTE TANCREDO NEVES;BA;Municipal;Urbana;2;475.7;541.65;444.95;454.45;410.0;465.35
6344;CARIDADE;CE;Estadual;Urbana;110;479.65;510.67;450.8;440.08;445.45;465.33
6345;BREJETUBA;ES;Estadual;Rural;43;478.46;521.78;461.39;428.77;436.28;465.33
6346;MANGARATIBA;RJ;Privada;Urbana;11;484.32;498.5;490.31;420.74;432.73;465.32
6347;WENCESLAU GUIMARAES;BA;Estadual;Urbana;34;482.39;519.47;452.59;422.04;450.0;465.3
6348;URUCUIA;MG;Estadual;Urbana;48;479.08;517.66;442.22;427.54;460.0;465.3
6349;URUPA;RO;Estadual;Urbana;81;475.51;521.57;464.12;439.08;426.17;465.29
6350;FREDERICO WESTPHALEN;RS;Privada;Rural;3;441.63;466.9;463.53;487.7;466.67;465.29
6351;OLIVEIRA DE FATIMA;TO;Estadual;Urbana;8;479.04;511.94;439.42;408.56;487.5;465.29
6352;CARMOPOLIS;SE;Estadual;Urbana;68;477.55;515.47;464.26;434.65;434.41;465.27
6353;NORDESTINA;BA;Estadual;Urbana;26;473.01;512.88;438.54;431.94;470.0;465.27
6354;CAMPESTRE DO MARANHAO;MA;Estadual;Urbana;70;473.33;517.41;453.92;425.03;456.57;465.25
6355;TORITAMA;PE;Estadual;Urbana;126;480.6;514.5;449.21;444.59;437.3;465.24
6356;COLINAS;RS;Estadual;Urbana;10;491.06;489.47;445.49;442.15;458.0;465.23
6357;SANTA CRUZ;PB;Estadual;Urbana;30;472.3;514.77;450.43;443.99;444.67;465.23
6358;AMARGOSA;BA;Estadual;Rural;20;480.13;513.35;447.86;432.82;452.0;465.23
6359;MACAU;RN;Estadual;Urbana;109;482.38;510.4;441.94;431.24;460.18;465.23
6360;SAO JOAO DO PARAISO;MG;Estadual;Rural;33;476.34;515.9;445.65;442.83;445.45;465.23
6361;LARANJEIRAS DO SUL;PR;Estadual;Rural;6;505.88;537.17;447.28;445.72;390.0;465.21
6362;ITACURUBI;RS;Estadual;Urbana;18;477.72;509.3;450.13;422.18;466.67;465.2
6363;PETROLINA DE GOIAS;GO;Estadual;Urbana;35;468.55;512.8;467.18;430.84;446.29;465.13
6364;RIACHAO DO JACUIPE;BA;Estadual;Rural;38;487.98;517.48;438.98;417.51;463.68;465.13
6365;FARO;PA;Estadual;Urbana;43;465.35;504.97;458.7;422.63;473.95;465.12
6366;GALIA;SP;Estadual;Urbana;23;508.16;530.76;440.08;423.14;423.48;465.12
6367;LIMA CAMPOS;MA;Estadual;Urbana;42;490.46;518.38;447.01;401.67;468.1;465.12
6368;PONTES E LACERDA;MT;Estadual;Urbana;211;477.65;512.55;461.42;428.65;445.31;465.11
6369;JURIPIRANGA;PB;Municipal;Rural;13;477.85;484.72;466.85;430.0;466.15;465.11
6370;SAO MIGUEL DAS MATAS;BA;Estadual;Urbana;42;480.77;513.44;448.02;431.9;451.43;465.11
6371;IRAQUARA;BA;Estadual;Urbana;67;473.28;512.15;455.88;442.64;441.49;465.09
6372;PINDORETAMA;CE;Estadual;Urbana;206;474.66;514.36;445.75;431.98;458.64;465.08
6373;CHAPADA DO NORTE;MG;Estadual;Urbana;65;483.74;517.06;453.55;430.1;440.92;465.07
6374;UAUA;BA;Estadual;Rural;31;482.63;507.03;456.65;453.08;425.81;465.04
6375;GENTIL;RS;Estadual;Urbana;7;484.54;522.66;489.6;471.23;357.14;465.03
6376;CACERES;MT;Estadual;Urbana;554;480.93;515.2;453.22;428.8;446.75;464.98
6377;SANTO ANTONIO DO LEVERGER;MT;Municipal;Rural;1;491.3;590.5;473.4;329.7;440.0;464.98
6378;UBATA;BA;Estadual;Urbana;58;471.05;513.19;443.07;442.03;455.52;464.97
6379;CERRO AZUL;PR;Estadual;Rural;13;490.75;524.85;462.97;443.18;403.08;464.97
6380;IPAPORANGA;CE;Estadual;Urbana;99;484.23;506.27;462.18;426.85;445.25;464.96
6381;PRATA;PB;Estadual;Urbana;23;486.91;538.72;452.31;425.94;420.87;464.95
6382;VICENCIA;PE;Estadual;Urbana;161;477.82;515.43;450.87;424.63;456.02;464.95
6383;PIRITIBA;BA;Estadual;Urbana;44;476.17;527.07;462.49;446.15;412.73;464.92
6384;CONCEICAO DA BARRA;ES;Estadual;Urbana;241;476.01;514.85;455.39;432.72;445.56;464.91
6385;IBARAMA;RS;Estadual;Urbana;23;504.26;522.1;440.13;418.04;440.0;464.91
6386;CANDEIAS;BA;Privada;Urbana;115;480.6;510.85;442.8;431.22;458.96;464.89
6387;IGARASSU;PE;Estadual;Urbana;380;484.22;514.33;459.41;431.67;434.84;464.89
6388;COXILHA;RS;Estadual;Urbana;10;457.26;514.52;475.96;428.66;448.0;464.88
6389;VICENTINOPOLIS;GO;Estadual;Urbana;37;473.87;502.61;465.58;452.59;429.73;464.88
6390;GUADALUPE;PI;Estadual;Urbana;51;466.95;508.55;452.87;435.27;460.78;464.88
6391;LAVRAS DO SUL;RS;Estadual;Urbana;51;481.94;516.34;455.22;421.81;449.02;464.86
6392;PONTO NOVO;BA;Estadual;Urbana;30;476.66;522.06;477.57;422.62;425.33;464.85
6393;BRASILANDIA DO TOCANTINS;TO;Estadual;Urbana;17;481.42;509.17;446.26;446.16;441.18;464.84
6394;BOA VIAGEM;CE;Estadual;Urbana;509;479.28;508.97;455.87;433.42;446.64;464.84
6395;CHAPADA DOS GUIMARAES;MT;Municipal;Rural;2;497.1;478.15;483.0;385.9;480.0;464.83
6396;BENEDITINOS;PI;Estadual;Urbana;32;481.71;515.22;444.35;431.63;451.25;464.83
6397;SAO MIGUEL DO GUAMA;PA;Estadual;Urbana;309;477.94;519.71;455.09;421.07;450.29;464.82
6398;MONTES CLAROS DE GOIAS;GO;Estadual;Urbana;42;494.45;515.04;445.07;425.7;443.81;464.82
6399;GOIANESIA DO PARA;PA;Estadual;Urbana;108;482.89;520.78;456.82;423.82;439.81;464.82
6400;PASSO DE TORRES;SC;Municipal;Urbana;11;488.64;530.75;463.27;441.37;400.0;464.81
6401;MATA DE SAO JOAO;BA;Estadual;Urbana;157;484.76;529.74;455.42;426.23;427.9;464.81
6402;ITAPEMIRIM;ES;Estadual;Urbana;266;477.68;513.2;459.24;442.06;431.88;464.81
6403;MORRO DO CHAPEU DO PIAUI;PI;Estadual;Urbana;26;481.85;516.19;451.04;447.23;427.69;464.8
6404;MIRANGABA;BA;Estadual;Urbana;36;486.15;521.79;450.62;423.16;442.22;464.79
6405;MUCURI;BA;Estadual;Urbana;37;470.78;510.21;457.62;433.42;451.89;464.78
6406;MARICA;RJ;Municipal;Rural;2;504.75;564.5;503.3;371.35;380.0;464.78
6407;ITABI;SE;Estadual;Urbana;46;479.45;530.3;453.52;436.23;424.35;464.77
6408;LINDOESTE;PR;Estadual;Rural;3;455.87;509.47;499.77;498.63;360.0;464.75
6409;SANTA FE DO ARAGUAIA;TO;Estadual;Urbana;39;478.18;516.84;456.78;431.41;440.51;464.75
6410;SAO FRANCISCO DE PAULA;RS;Estadual;Rural;10;491.62;512.48;436.47;455.2;428.0;464.75
6411;BRASILEIA;AC;Estadual;Urbana;105;479.24;522.33;453.54;436.94;431.62;464.74
6412;GROSSOS;RN;Estadual;Urbana;42;487.18;520.01;445.12;415.53;455.71;464.71
6413;BREJO DOS SANTOS;PB;Estadual;Urbana;36;466.07;512.1;437.87;425.69;481.67;464.68
6414;ITARUMA;GO;Estadual;Urbana;19;475.39;520.87;461.09;467.07;398.95;464.67
6415;GUAXUPE;MG;Municipal;Urbana;1;404.5;524.3;396.1;478.4;520.0;464.66
6416;TARRAFAS;CE;Estadual;Urbana;69;474.06;504.64;448.64;438.27;457.68;464.66
6417;VITOR MEIRELES;SC;Estadual;Urbana;19;467.69;516.22;470.39;441.53;427.37;464.64
6418;VARJAO DE MINAS;MG;Estadual;Urbana;32;481.53;522.36;457.07;433.34;428.75;464.61
6419;MIRANTE;BA;Estadual;Urbana;33;479.2;524.59;471.45;423.52;424.24;464.6
6420;SALINOPOLIS;PA;Estadual;Urbana;219;478.52;519.64;459.37;421.04;444.38;464.59
6421;BUIQUE;PE;Estadual;Urbana;209;481.69;520.86;457.11;430.2;433.05;464.58
6422;SAO JOAO DE PIRABAS;PA;Estadual;Urbana;111;476.4;517.75;460.62;415.7;452.43;464.58
6423;BATURITE;CE;Estadual;Urbana;346;482.48;510.28;459.0;438.22;432.77;464.55
6424;LAJINHA;MG;Municipal;Urbana;6;503.9;553.85;438.2;423.4;403.33;464.54
6425;MILAGRES;BA;Municipal;Urbana;40;490.81;523.66;445.6;418.12;444.5;464.54
6426;SANTO AFONSO;MT;Estadual;Urbana;7;478.04;513.67;461.79;446.29;422.86;464.53
6427;ALTO DO RODRIGUES;RN;Estadual;Urbana;37;483.88;514.24;437.99;432.28;454.05;464.49
6428;ARARIPE;CE;Estadual;Urbana;192;483.83;515.17;461.55;435.52;426.35;464.48
6429;LUZIANIA;GO;Estadual;Urbana;1020;488.9;519.16;459.39;436.56;418.35;464.47
6430;APUAREMA;BA;Estadual;Urbana;24;468.92;505.52;447.12;422.37;478.33;464.45
6431;IPAUMIRIM;CE;Estadual;Urbana;65;473.95;524.53;448.79;429.15;445.85;464.45
6432;MIGUEL CALMON;BA;Estadual;Urbana;124;478.8;510.96;450.89;428.96;452.58;464.44
6433;JULIO MESQUITA;SP;Estadual;Urbana;25;484.79;507.61;443.32;418.9;467.2;464.37
6434;PADRE BERNARDO;GO;Estadual;Urbana;138;476.76;518.88;457.05;438.87;430.29;464.37
6435;MARABA;PA;Estadual;Urbana;1444;477.64;517.62;453.74;427.26;445.53;464.36
6436;ORTIGUEIRA;PR;Estadual;Rural;26;483.08;522.25;453.73;418.13;444.62;464.36
6437;SALVATERRA;PA;Estadual;Urbana;156;477.39;518.62;456.71;425.58;443.46;464.35
6438;MUQUEM DE SAO FRANCISCO;BA;Estadual;Rural;6;478.7;496.37;492.75;430.57;423.33;464.34
6439;DOM ELISEU;PA;Estadual;Urbana;143;477.61;514.07;452.79;438.03;439.16;464.33
6440;SAO JOSE DO XINGU;MT;Estadual;Rural;14;476.69;522.16;460.58;420.71;441.43;464.32
6441;SANTA RITA DO SAPUCAI;MG;Municipal;Urbana;5;458.2;527.34;448.8;455.26;432.0;464.32
6442;SAO FRANCISCO DO PARA;PA;Estadual;Urbana;65;472.01;508.91;456.99;427.61;456.0;464.3
6443;AGUA BRANCA;PI;Estadual;Urbana;103;475.81;512.72;463.51;448.05;421.36;464.29
6444;CORONEL SAPUCAIA;MS;Estadual;Urbana;67;481.66;521.59;466.68;440.5;411.04;464.29
6445;CORREGO DO OURO;GO;Estadual;Urbana;3;443.23;557.83;451.87;401.7;466.67;464.26
6446;SOLANEA;PB;Estadual;Urbana;103;484.8;517.77;451.74;421.92;445.05;464.26
6447;PORTO ALEGRE DO TOCANTINS;TO;Estadual;Urbana;24;488.03;493.62;475.24;435.98;428.33;464.24
6448;VEREDA;BA;Estadual;Urbana;31;478.24;515.43;455.8;445.94;425.81;464.24
6449;COMBINADO;TO;Estadual;Urbana;34;493.72;518.18;445.61;441.84;421.76;464.23
6450;POXOREO;MT;Privada;Rural;6;459.48;530.13;473.57;414.28;443.33;464.16
6451;CANABRAVA DO NORTE;MT;Estadual;Urbana;14;466.79;505.54;461.87;445.12;441.43;464.15
6452;ENCANTO;RN;Estadual;Urbana;26;490.2;510.2;428.08;427.67;464.62;464.15
6453;FELIZ NATAL;MT;Estadual;Urbana;56;473.56;515.16;478.38;428.24;425.36;464.14
6454;SANTA RITA;PB;Estadual;Urbana;399;484.88;517.96;447.02;427.27;443.46;464.12
6455;NOVO AIRAO;AM;Estadual;Urbana;90;468.81;518.5;448.37;416.56;468.22;464.09
6456;SANTA FE DE MINAS;MG;Estadual;Urbana;23;481.46;521.89;445.16;417.18;454.78;464.09
6457;MANOEL EMIDIO;PI;Estadual;Urbana;28;479.77;508.6;458.9;420.98;452.14;464.08
6458;CAMPO DO BRITO;SE;Estadual;Urbana;128;474.31;507.47;467.81;430.58;440.16;464.06
6459;SAPE;PB;Estadual;Urbana;263;483.59;514.06;450.32;421.3;450.95;464.05
6460;CERRO CORA;RN;Estadual;Urbana;53;490.07;517.45;443.87;442.73;426.04;464.03
6461;CAMPO BELO DO SUL;SC;Estadual;Urbana;16;505.42;533.29;458.43;420.51;402.5;464.03
6462;SERTANOPOLIS;PR;Estadual;Urbana;73;478.51;510.16;453.4;440.5;437.53;464.02
6463;CHAVAL;CE;Estadual;Urbana;136;482.58;501.64;458.2;429.82;447.79;464.01
6464;BRASIL NOVO;PA;Estadual;Urbana;118;478.47;514.86;458.51;435.67;432.54;464.01
6465;IMBAU;PR;Estadual;Urbana;27;480.91;528.68;456.57;424.27;429.63;464.01
6466;ARARUAMA;RJ;Municipal;Urbana;5;465.9;498.26;433.82;462.0;460.0;464.0
6467;PARAUAPEBAS;PA;Municipal;Urbana;36;497.92;526.02;441.41;415.67;438.89;463.98
6468;SAO CRISTOVAO;SE;Estadual;Urbana;305;486.05;522.44;460.2;429.49;421.7;463.98
6469;FLORESTOPOLIS;PR;Estadual;Urbana;60;479.15;514.04;459.3;437.02;430.33;463.97
6470;SAO JOSE DOS QUATRO MARCOS;MT;Estadual;Rural;19;463.46;523.07;465.54;443.52;424.21;463.96
6471;PONTALINA;GO;Estadual;Urbana;102;470.06;503.98;462.67;435.62;447.45;463.95
6472;ESTRELA DE ALAGOAS;AL;Estadual;Urbana;18;478.69;505.31;450.61;436.19;448.89;463.94
6473;GOVERNADOR LINDENBERG;ES;Estadual;Rural;18;485.77;500.79;472.53;430.54;430.0;463.93
6474;CANDIBA;BA;Estadual;Urbana;116;472.66;509.41;465.32;435.11;437.07;463.91
6475;ALEGRE;ES;Estadual;Urbana;189;479.75;511.51;466.36;438.87;422.96;463.89
6476;SAO LUIS DE MONTES BELOS;GO;Estadual;Urbana;204;483.61;514.69;458.76;433.79;428.5;463.87
6477;CANTAGALO;PR;Estadual;Rural;11;465.13;534.18;447.78;441.28;430.91;463.86
6478;ELISIARIO;SP;Estadual;Urbana;16;492.69;531.49;460.51;425.75;408.75;463.84
6479;GRACHO CARDOSO;SE;Estadual;Urbana;40;485.69;518.32;460.56;416.58;438.0;463.83
6480;ORIXIMINA;PA;Estadual;Urbana;300;469.83;510.09;451.47;421.49;466.2;463.82
6481;ASPASIA;SP;Estadual;Urbana;11;484.61;501.31;438.92;439.65;454.55;463.81
6482;SAO SEBASTIAO DE LAGOA DE ROCA;PB;Estadual;Urbana;76;472.92;503.56;452.54;434.24;455.79;463.81
6483;OEIRAS;PI;Estadual;Urbana;317;478.55;518.45;463.43;432.85;425.62;463.78
6484;AVELINO LOPES;PI;Estadual;Urbana;35;477.02;502.31;466.15;453.93;419.43;463.77
6485;SERRA DA RAIZ;PB;Estadual;Urbana;20;482.31;501.31;447.28;460.9;427.0;463.76
6486;PACATUBA;CE;Estadual;Urbana;432;478.17;512.5;448.39;428.71;450.93;463.74
6487;TEOFILO OTONI;MG;Estadual;Rural;13;486.45;510.21;437.48;418.34;466.15;463.73
6488;FLORIDA PAULISTA;SP;Estadual;Urbana;24;476.01;506.31;445.68;410.67;480.0;463.73
6489;BERIZAL;MG;Estadual;Urbana;9;490.24;506.5;443.41;429.54;448.89;463.72
6490;FORMOSO DO ARAGUAIA;TO;Estadual;Urbana;73;479.13;516.2;448.81;433.93;440.55;463.72
6491;INDIARA;GO;Municipal;Urbana;2;441.5;502.4;454.8;469.85;450.0;463.71
6492;AGUAS FORMOSAS;MG;Estadual;Urbana;99;488.27;511.7;450.09;439.61;428.89;463.71
6493;ARAPONGA;MG;Privada;Rural;21;455.96;508.35;490.76;454.89;408.57;463.7
6494;BARROQUINHA;CE;Estadual;Urbana;206;477.58;507.19;457.85;428.9;446.99;463.7
6495;CANAPI;AL;Estadual;Urbana;50;484.74;508.6;455.51;424.4;445.2;463.69
6496;GLAUCILANDIA;MG;Estadual;Urbana;11;488.75;510.85;442.51;441.68;434.55;463.67
6497;SAO SEBASTIAO DA VARGEM ALEGRE;MG;Estadual;Urbana;19;502.03;507.78;453.89;433.49;421.05;463.65
6498;BREJO DO CRUZ;PB;Estadual;Urbana;61;478.82;518.22;446.01;438.17;437.05;463.65
6499;CAPIM GROSSO;BA;Estadual;Urbana;80;491.62;524.54;443.32;433.17;425.5;463.63
6500;RIO VERMELHO;MG;Estadual;Urbana;62;470.73;515.49;459.66;443.9;428.39;463.63
6501;APICUM-ACU;MA;Estadual;Urbana;58;465.43;510.84;446.21;433.54;462.07;463.62
6502;CAMPO FORMOSO;BA;Estadual;Urbana;209;478.5;515.36;454.65;424.84;444.69;463.61
6503;IPOJUCA;PE;Estadual;Rural;33;502.58;512.3;449.98;417.42;435.76;463.61
6504;NOSSA SENHORA DE LOURDES;SE;Estadual;Urbana;46;484.89;505.08;463.56;424.84;439.57;463.59
6505;PACO DO LUMIAR;MA;Privada;Urbana;8;473.94;534.98;450.15;426.4;432.5;463.59
6506;BELA VISTA DO MARANHAO;MA;Estadual;Urbana;11;481.34;530.55;463.28;420.86;421.82;463.57
6507;SAO JOAO DO JAGUARIBE;CE;Estadual;Urbana;64;476.84;505.61;457.3;442.08;435.94;463.56
6508;NOVA IPIXUNA;PA;Estadual;Urbana;31;475.05;522.38;481.06;428.33;410.97;463.56
6509;RIBEIRAO DO LARGO;BA;Estadual;Urbana;21;464.73;502.96;457.48;420.23;472.38;463.56
6510;HONORIO SERPA;PR;Estadual;Urbana;30;477.09;521.31;451.52;426.51;441.33;463.55
6511;MINADOR DO NEGRAO;AL;Estadual;Urbana;20;461.81;506.09;450.73;426.04;473.0;463.54
6512;JERIQUARA;SP;Estadual;Urbana;22;494.66;530.9;464.82;433.65;393.64;463.53
6513;TIGRINHOS;SC;Estadual;Urbana;6;434.75;542.02;446.95;460.55;433.33;463.52
6514;CATAS ALTAS DA NORUEGA;MG;Estadual;Urbana;15;476.51;510.41;451.41;425.91;453.33;463.51
6515;TAILANDIA;PA;Estadual;Urbana;176;478.09;513.5;460.14;428.28;437.5;463.5
6516;MONTE SANTO;BA;Municipal;Rural;31;476.04;521.39;435.34;438.27;446.45;463.5
6517;ITAIPAVA DO GRAJAU;MA;Estadual;Rural;4;514.4;526.7;445.1;406.18;425.0;463.48
6518;TUNAS DO PARANA;PR;Estadual;Urbana;22;489.1;523.63;452.11;423.4;429.09;463.47
6519;VARZEA GRANDE;MT;Estadual;Urbana;1371;478.97;516.24;453.69;432.42;435.81;463.43
6520;CANTAGALO;MG;Estadual;Urbana;15;482.67;514.97;449.81;430.97;438.67;463.42
6521;GARRAFAO DO NORTE;PA;Municipal;Urbana;1;471.3;476.4;404.1;485.3;480.0;463.42
6522;MINACU;GO;Estadual;Urbana;203;478.99;516.61;462.39;433.55;425.52;463.41
6523;SAO BENTO DO UNA;PE;Estadual;Urbana;222;476.26;514.08;457.06;436.09;433.51;463.4
6524;BOM SUCESSO;PR;Estadual;Urbana;41;473.73;529.53;458.2;416.94;438.54;463.39
6525;CANDIDO SALES;BA;Estadual;Urbana;105;472.73;515.74;455.61;423.56;449.33;463.39
6526;NOVA INDEPENDENCIA;SP;Estadual;Urbana;27;491.24;503.62;462.92;422.1;437.04;463.38
6527;ACRELANDIA;AC;Estadual;Urbana;83;471.39;520.19;464.25;444.61;416.39;463.37
6528;PAULISTANA;PI;Estadual;Urbana;74;481.76;511.86;459.38;435.21;428.65;463.37
6529;BANDEIRANTES;MS;Estadual;Urbana;31;480.75;518.03;453.15;440.4;424.52;463.37
6530;TOBIAS BARRETO;SE;Estadual;Urbana;271;483.89;515.24;446.29;428.58;442.8;463.36
6531;ARAPOTI;PR;Estadual;Rural;23;469.68;516.22;466.35;447.98;416.52;463.35
6532;ANTONIO JOAO;MS;Estadual;Urbana;53;481.87;509.23;451.52;436.75;437.36;463.34
6533;OURO VERDE DE MINAS;MG;Estadual;Urbana;51;476.99;518.21;456.62;447.61;417.25;463.34
6534;TUPANATINGA;PE;Estadual;Urbana;124;477.27;508.29;465.68;433.37;432.1;463.34
6535;MARCOLANDIA;PI;Estadual;Urbana;19;477.09;515.35;440.11;408.22;475.79;463.31
6536;PALMEIRAS;BA;Estadual;Urbana;50;476.05;500.38;454.28;436.57;449.2;463.3
6537;GRACA;CE;Estadual;Urbana;87;472.74;495.18;451.29;446.54;450.57;463.27
6538;CACAPAVA DO SUL;RS;Estadual;Rural;20;491.27;515.97;445.9;428.23;435.0;463.27
6539;SAO GONCALO DO AMARANTE;CE;Estadual;Urbana;616;474.22;507.74;456.38;444.83;433.02;463.24
6540;CAMBARA;PR;Estadual;Rural;22;479.9;516.07;464.78;437.88;417.27;463.18
6541;MACHADOS;PE;Estadual;Urbana;31;488.3;517.45;458.26;429.32;422.58;463.18
6542;CEDRO;CE;Estadual;Urbana;231;479.92;509.92;452.21;433.24;440.61;463.18
6543;AGUA BOA;MG;Estadual;Urbana;68;478.05;515.12;455.33;447.92;419.41;463.17
6544;SAO JOAO DO RIO DO PEIXE;PB;Estadual;Urbana;93;468.85;505.69;440.23;414.77;486.24;463.16
6545;FRUTUOSO GOMES;RN;Estadual;Urbana;27;464.63;507.08;457.52;439.86;446.67;463.15
6546;COCALZINHO DE GOIAS;GO;Estadual;Urbana;82;483.81;523.96;462.44;441.31;404.15;463.13
6547;NOVA OLINDA;PB;Municipal;Urbana;1;482.1;417.1;482.9;393.5;540.0;463.12
6548;AMORINOPOLIS;GO;Estadual;Urbana;23;483.66;527.41;461.06;432.95;410.43;463.1
6549;OBIDOS;PA;Privada;Urbana;2;421.25;578.65;515.85;389.65;410.0;463.08
6550;PALMEIRA DOS INDIOS;AL;Estadual;Rural;53;469.53;498.04;449.7;422.63;475.47;463.07
6551;PIRES DO RIO;GO;Estadual;Urbana;153;483.96;510.9;458.98;426.57;434.9;463.06
6552;JAPOATA;SE;Estadual;Urbana;28;487.33;510.42;442.56;422.06;452.86;463.05
6553;JATAUBA;PE;Estadual;Urbana;61;475.2;507.43;449.64;441.84;440.98;463.02
6554;FRONTEIRA DOS VALES;MG;Estadual;Urbana;28;482.46;514.34;441.25;422.61;454.29;462.99
6555;CAMOCIM DE SAO FELIX;PE;Estadual;Urbana;57;488.22;505.01;452.4;418.76;450.53;462.98
6556;BARRA DE SAO FRANCISCO;ES;Municipal;Rural;14;450.83;540.33;470.74;428.68;424.29;462.97
6557;NINHEIRA;MG;Estadual;Urbana;40;483.37;519.19;466.93;404.76;440.5;462.95
6558;PLACAS;PA;Estadual;Urbana;47;466.3;525.78;452.03;436.18;434.47;462.95
6559;DOM AQUINO;MT;Estadual;Urbana;54;466.37;501.64;445.27;441.3;460.0;462.92
6560;RODELAS;BA;Estadual;Urbana;35;480.6;501.09;458.05;419.35;455.43;462.91
6561;MARACANAU;CE;Municipal;Urbana;92;484.88;535.08;456.97;417.14;420.43;462.9
6562;PONTA PORA;MS;Estadual;Rural;79;479.5;524.04;464.18;432.83;413.92;462.9
6563;SANTIAGO DO SUL;SC;Estadual;Urbana;17;463.08;501.53;437.31;461.92;450.59;462.89
6564;APARECIDA DO RIO DOCE;GO;Estadual;Urbana;12;477.14;539.44;445.92;413.58;438.33;462.88
6565;PRINCESA ISABEL;PB;Estadual;Urbana;100;473.66;510.18;453.41;424.11;453.0;462.87
6566;CAMPOS SALES;CE;Estadual;Urbana;287;479.21;505.64;459.58;430.65;439.23;462.86
6567;PIQUET CARNEIRO;CE;Estadual;Urbana;79;493.53;511.9;441.99;451.93;414.94;462.86
6568;CRISTIANOPOLIS;GO;Estadual;Urbana;25;488.25;508.22;448.44;454.91;414.4;462.85
6569;SAO MIGUEL DO ALEIXO;SE;Estadual;Urbana;36;474.41;508.48;465.93;412.63;452.78;462.84
6570;ITATIM;BA;Estadual;Urbana;39;467.67;517.81;457.92;445.99;424.62;462.8
6571;PIMENTEIRAS;PI;Estadual;Urbana;48;472.12;507.49;442.46;446.92;445.0;462.8
6572;CASCAVEL;CE;Estadual;Urbana;767;474.75;506.29;455.74;429.85;447.25;462.78
6573;JACUNDA;PA;Estadual;Rural;23;485.43;527.19;449.0;435.74;416.52;462.78
6574;PLANALTINA;GO;Estadual;Urbana;514;484.4;513.21;459.68;434.97;421.57;462.77
6575;ILHA DE ITAMARACA;PE;Estadual;Urbana;85;485.25;521.98;452.82;426.2;427.53;462.76
6576;QUIXADA;CE;Estadual;Urbana;724;478.48;508.15;458.15;439.86;429.12;462.75
6577;GOVERNADOR JORGE TEIXEIRA;RO;Estadual;Urbana;27;467.24;523.8;470.93;430.31;421.48;462.75
6578;ESCADA;PE;Estadual;Urbana;266;482.42;518.09;453.37;428.7;431.05;462.73
6579;CONCEICAO DO TOCANTINS;TO;Estadual;Urbana;21;472.69;508.2;464.48;441.58;426.67;462.72
6580;SINOP;MT;Municipal;Urbana;6;504.58;529.18;467.52;438.92;373.33;462.71
6581;REDENTORA;RS;Estadual;Urbana;26;468.31;520.2;476.23;440.34;408.46;462.71
6582;SANTA MONICA;PR;Estadual;Urbana;22;478.91;528.0;456.42;425.41;424.55;462.66
6583;SAO JOAO DO MANTENINHA;MG;Estadual;Urbana;42;470.22;509.75;443.7;445.83;443.81;462.66
6584;SAO GABRIEL;BA;Estadual;Urbana;82;480.47;515.81;455.46;435.45;426.1;462.66
6585;BENTO DE ABREU;SP;Estadual;Urbana;4;479.1;539.08;417.8;447.2;430.0;462.64
6586;ITAITUBA;PA;Estadual;Urbana;445;473.53;513.42;448.33;423.84;454.07;462.64
6587;BRASILANDIA DO SUL;PR;Estadual;Urbana;23;470.73;533.9;466.11;438.84;403.48;462.61
6588;BELA VISTA;MS;Estadual;Urbana;109;477.92;516.96;456.75;426.93;434.5;462.61
6589;PARINTINS;AM;Estadual;Urbana;1045;472.15;513.11;447.74;418.7;461.15;462.57
6590;ESTANCIA;SE;Estadual;Urbana;304;477.33;515.96;454.75;422.55;442.24;462.57
6591;CURRAL NOVO DO PIAUI;PI;Estadual;Urbana;13;477.16;510.06;456.58;421.65;447.31;462.55
6592;MIMOSO DO SUL;ES;Estadual;Rural;49;470.88;513.17;455.33;443.05;430.2;462.53
6593;SACRAMENTO;MG;Municipal;Rural;2;505.2;545.5;467.15;344.7;450.0;462.51
6594;ANITA GARIBALDI;SC;Estadual;Rural;11;488.14;494.25;456.82;476.95;396.36;462.5
6595;CODAJAS;AM;Estadual;Urbana;97;468.98;505.61;446.35;430.41;461.03;462.48
6596;PICOS;PI;Estadual;Urbana;579;481.11;516.46;454.76;430.06;429.98;462.47
6597;CANDEIAS;BA;Estadual;Urbana;279;477.32;516.78;455.86;425.72;436.63;462.46
6598;MOCOCA;SP;Municipal;Urbana;37;472.44;509.79;446.42;444.72;438.92;462.46
6599;SERROLANDIA;BA;Estadual;Urbana;48;478.43;514.3;448.52;418.07;452.92;462.45
6600;SERINGUEIRAS;RO;Estadual;Urbana;69;472.47;525.99;463.66;442.26;407.83;462.44
6601;PRIMAVERA DO LESTE;MT;Municipal;Urbana;8;448.65;507.76;446.74;426.48;482.5;462.42
6602;CAATIBA;BA;Estadual;Urbana;21;487.49;504.97;464.56;409.3;445.71;462.41
6603;TURILANDIA;MA;Estadual;Urbana;20;472.21;523.9;448.52;400.32;467.0;462.39
6604;SALTO DO ITARARE;PR;Estadual;Urbana;18;499.27;528.56;452.99;432.26;398.89;462.39
6605;SAO FRANCISCO DO PARA;PA;Municipal;Urbana;3;490.4;517.0;473.43;411.13;420.0;462.39
6606;JOAO LISBOA;MA;Estadual;Urbana;100;472.92;519.4;454.08;423.3;442.2;462.38
6607;RIO BONITO;RJ;Municipal;Urbana;16;487.8;521.5;440.32;408.39;453.75;462.35
6608;MADRE DE DEUS DE MINAS;MG;Estadual;Urbana;27;498.44;522.06;455.9;434.57;400.74;462.34
6609;RIACHAO;MA;Municipal;Rural;1;477.4;498.4;395.2;420.7;520.0;462.34
6610;PEDRO CANARIO;ES;Estadual;Rural;3;453.57;525.3;474.7;518.07;340.0;462.33
6611;BOA ESPERANCA DO IGUACU;PR;Estadual;Urbana;13;474.73;521.37;472.78;455.04;387.69;462.32
6612;CONGONHAS;MG;Municipal;Urbana;1;533.3;521.6;448.6;408.0;400.0;462.3
6613;MARIANA PIMENTEL;RS;Estadual;Urbana;16;484.85;519.18;469.95;401.28;436.25;462.3
6614;PAUDALHO;PE;Estadual;Urbana;231;480.96;506.88;460.95;436.17;426.49;462.29
6615;BERILO;MG;Estadual;Rural;19;481.46;502.11;458.75;418.49;450.53;462.27
6616;GUARANTA DO NORTE;MT;Estadual;Rural;35;475.07;520.94;477.61;426.28;411.43;462.26
6617;DIAMANTINO;MT;Municipal;Urbana;1;509.2;548.7;412.2;521.2;320.0;462.26
6618;ITUACU;BA;Estadual;Urbana;76;486.56;512.72;456.31;427.79;427.89;462.26
6619;IBIRA;SP;Estadual;Urbana;15;464.88;500.05;439.41;444.29;462.67;462.26
6620;JAICOS;PI;Estadual;Urbana;54;477.78;511.57;448.86;437.4;435.56;462.23
6621;GUARATUBA;PR;Estadual;Rural;9;497.63;501.69;431.97;444.31;435.56;462.23
6622;UIRAUNA;PB;Estadual;Urbana;79;473.79;499.61;442.05;421.51;474.18;462.23
6623;CRIXAS;GO;Estadual;Urbana;100;481.6;520.4;460.66;436.85;411.6;462.22
6624;UIRAPURU;GO;Estadual;Urbana;8;481.74;509.22;432.36;445.22;442.5;462.21
6625;ARAPONGAS;PR;Municipal;Urbana;1;532.6;595.8;517.9;384.6;280.0;462.18
6626;IPIRANGA DO PIAUI;PI;Estadual;Urbana;47;473.99;509.85;452.38;434.26;440.43;462.18
6627;SATUBA;AL;Estadual;Urbana;47;472.58;516.55;457.88;432.8;431.06;462.18
6628;SAO JOAO DA PONTE;MG;Estadual;Urbana;89;480.26;512.48;452.3;444.86;420.9;462.16
6629;ARACAS;BA;Municipal;Urbana;40;492.03;506.62;458.96;433.7;419.5;462.16
6630;SAO PEDRO DO SUACUI;MG;Estadual;Rural;4;472.32;540.75;469.62;397.92;430.0;462.12
6631;LINS;SP;Municipal;Urbana;1;345.7;506.0;558.4;420.5;480.0;462.12
6632;APARECIDA;SP;Municipal;Urbana;1;496.0;523.1;448.5;322.9;520.0;462.1
6633;FELIZ DESERTO;AL;Estadual;Urbana;7;485.93;519.76;440.77;415.4;448.57;462.09
6634;SANTA LUZIA DO NORTE;AL;Estadual;Urbana;45;479.83;506.08;456.44;421.43;446.67;462.09
6635;INDEPENDENCIA;CE;Estadual;Urbana;261;476.13;508.44;457.07;440.24;428.58;462.09
6636;SANTA RITA DO PARDO;MS;Estadual;Urbana;22;479.37;519.19;460.09;406.33;445.45;462.09
6637;LAGOA GRANDE;PE;Estadual;Rural;99;481.83;516.64;461.18;430.39;420.4;462.09
6638;XIQUE-XIQUE;BA;Estadual;Urbana;125;479.21;510.5;460.4;424.63;435.68;462.08
6639;QUEIMADAS;BA;Estadual;Urbana;37;480.01;512.43;451.41;435.67;430.81;462.07
6640;PARAU;RN;Estadual;Urbana;21;459.28;504.17;466.76;442.05;438.1;462.07
6641;INHAPIM;MG;Estadual;Rural;6;506.73;500.13;437.73;449.1;416.67;462.07
6642;MOCAJUBA;PA;Estadual;Rural;74;473.69;515.27;459.69;430.9;430.81;462.07
6643;LAVRAS DA MANGABEIRA;CE;Estadual;Urbana;162;473.32;513.63;456.93;428.11;438.27;462.05
6644;SELVIRIA;MS;Estadual;Urbana;20;454.69;515.64;480.54;429.38;430.0;462.05
6645;SANTO ESTEVAO;BA;Estadual;Urbana;198;486.58;521.82;451.09;427.16;423.54;462.04
6646;ANDORINHA;BA;Estadual;Urbana;29;464.49;502.38;452.75;449.87;440.69;462.04
6647;TAILANDIA;PA;Estadual;Rural;22;480.46;522.33;450.82;434.77;421.82;462.04
6648;SENA MADUREIRA;AC;Estadual;Urbana;169;480.27;512.42;445.8;429.88;441.78;462.03
6649;ANTONIO GONCALVES;BA;Estadual;Urbana;45;468.05;509.82;442.03;420.46;469.78;462.03
6650;ENTRE RIOS;BA;Estadual;Urbana;153;483.0;518.99;447.11;431.76;429.15;462.0
6651;NOVA PORTEIRINHA;MG;Estadual;Rural;17;482.49;499.24;466.18;429.15;432.94;462.0
6652;IVATE;PR;Estadual;Urbana;47;458.73;516.85;464.36;437.73;432.34;462.0
6653;INGA;PB;Estadual;Urbana;58;475.76;502.72;447.96;425.06;458.28;461.95
6654;BOM JESUS DO TOCANTINS;PA;Estadual;Urbana;60;467.54;504.49;457.03;419.25;461.33;461.93
6655;DOIS IRMAOS DAS MISSOES;RS;Estadual;Urbana;14;464.86;507.79;457.12;405.61;474.29;461.93
6656;PORTO GRANDE;AP;Estadual;Rural;8;488.59;540.02;419.81;393.65;467.5;461.92
6657;CONTENDAS DO SINCORA;BA;Estadual;Urbana;16;495.52;504.46;442.34;407.3;460.0;461.92
6658;CARAUBAS;RN;Estadual;Urbana;125;477.04;512.44;440.65;426.84;452.64;461.92
6659;SERRA DE SAO BENTO;RN;Estadual;Urbana;28;481.76;506.65;452.01;434.14;435.0;461.91
6660;SANTA CRUZ CABRALIA;BA;Estadual;Urbana;104;473.22;513.63;448.81;426.93;446.92;461.9
6661;EXTREMOZ;RN;Estadual;Urbana;80;479.58;521.71;453.62;430.99;423.5;461.88
6662;LINHARES;ES;Estadual;Rural;4;480.3;511.25;459.4;433.45;425.0;461.88
6663;QUATIPURU;PA;Estadual;Urbana;31;473.21;501.86;463.89;414.95;455.48;461.88
6664;MARITUBA;PA;Privada;Urbana;12;483.67;502.89;452.98;406.4;463.33;461.86
6665;ITUBERA;BA;Estadual;Urbana;75;476.63;520.27;451.37;436.22;424.8;461.86
6666;RIO LARGO;AL;Estadual;Urbana;212;477.09;513.08;445.42;426.12;447.55;461.85
6667;SAO JOSE DOS RAMOS;PB;Estadual;Urbana;15;481.87;506.23;436.68;425.81;458.67;461.85
6668;CANUTAMA;AM;Estadual;Urbana;46;460.09;519.73;441.17;448.57;439.57;461.83
6669;CORURIPE;AL;Estadual;Rural;71;473.79;509.12;442.43;415.34;468.45;461.83
6670;BOA VENTURA;PB;Estadual;Urbana;30;480.13;526.83;450.44;419.04;432.67;461.82
6671;MOIPORA;GO;Estadual;Urbana;10;477.79;502.01;460.44;444.8;424.0;461.81
6672;ARAGUACU;TO;Estadual;Urbana;55;475.76;516.93;453.14;439.53;423.64;461.8
6673;CALCOENE;AP;Estadual;Rural;7;458.79;537.21;460.06;412.86;440.0;461.78
6674;URUARA;PA;Estadual;Urbana;101;479.42;520.22;476.97;423.54;408.71;461.77
6675;OUROLANDIA;BA;Estadual;Urbana;33;476.6;517.21;443.95;412.84;458.18;461.76
6676;NOVA MAMORE;RO;Estadual;Rural;42;468.9;514.16;469.96;441.01;414.76;461.76
6677;SANTA TEREZA DE GOIAS;GO;Estadual;Urbana;33;478.04;500.42;457.2;433.04;440.0;461.74
6678;ANANINDEUA;PA;Municipal;Urbana;1;447.6;494.9;440.7;365.5;560.0;461.74
6679;ITAPIRAPUA PAULISTA;SP;Estadual;Rural;7;467.9;513.36;468.27;436.29;422.86;461.73
6680;MADALENA;CE;Estadual;Urbana;118;475.83;511.2;457.46;426.7;437.46;461.73
6681;NOVA OLINDA DO MARANHAO;MA;Municipal;Urbana;1;529.9;551.6;416.4;550.7;260.0;461.72
6682;PEDRA;PE;Estadual;Urbana;86;480.67;509.75;450.97;437.21;430.0;461.72
6683;PENEDO;AL;Estadual;Urbana;206;474.71;504.58;455.74;424.97;448.54;461.71
6684;CRUZ;CE;Estadual;Urbana;234;481.9;506.3;453.65;448.08;418.63;461.71
6685;ASSAI;PR;Estadual;Urbana;70;471.68;518.91;459.64;435.14;423.14;461.7
6686;CAMPINORTE;GO;Estadual;Urbana;74;476.31;511.3;456.03;442.39;422.43;461.69
6687;BAURU;SP;Municipal;Urbana;1;524.9;562.9;443.1;477.5;300.0;461.68
6688;PORTO BARREIRO;PR;Estadual;Urbana;24;476.57;513.47;467.56;429.1;421.67;461.67
6689;JARU;RO;Estadual;Rural;46;480.14;524.66;469.71;430.69;403.04;461.65
6690;NOVA VENECIA;ES;Privada;Rural;13;452.06;518.88;459.84;472.8;404.62;461.64
6691;ALCOBACA;BA;Estadual;Urbana;66;469.0;518.43;462.83;442.54;415.3;461.62
6692;CARACARAI;RR;Estadual;Urbana;32;473.53;509.98;445.73;419.35;459.38;461.6
6693;URUBURETAMA;CE;Estadual;Urbana;246;473.12;503.34;456.02;435.1;440.41;461.6
6694;NOSSA SENHORA DO SOCORRO;SE;Estadual;Urbana;438;480.54;516.09;453.13;430.21;427.95;461.58
6695;PARANA;TO;Municipal;Urbana;1;482.8;549.6;468.2;347.3;460.0;461.58
6696;SABINO;SP;Estadual;Urbana;30;496.58;524.05;459.74;418.68;408.67;461.55
6697;PIRAMBU;SE;Estadual;Urbana;42;476.76;511.43;447.71;418.4;453.33;461.53
6698;IPUMIRIM;SC;Estadual;Rural;2;513.75;549.1;442.3;462.45;340.0;461.52
6699;MONTE SANTO;BA;Estadual;Urbana;87;474.89;512.12;465.56;432.27;422.76;461.52
6700;ITAITUBA;PA;Municipal;Urbana;3;411.7;521.27;447.5;407.1;520.0;461.51
6701;CARAIBAS;BA;Estadual;Urbana;50;475.32;514.87;461.81;411.94;443.6;461.51
6702;SALGADO DE SAO FELIX;PB;Estadual;Urbana;35;477.14;498.48;450.73;418.82;462.29;461.49
6703;VILA BELA DA SANTISSIMA TRINDADE;MT;Estadual;Urbana;53;478.55;521.98;444.38;426.31;436.23;461.49
6704;PACARAIMA;RR;Estadual;Urbana;30;464.52;504.62;455.41;445.52;437.33;461.48
6705;POSSE;GO;Estadual;Rural;8;485.32;500.88;471.69;461.95;387.5;461.47
6706;REMANSO;BA;Estadual;Urbana;99;473.94;512.78;463.87;437.7;418.99;461.45
6707;NOVO ORIENTE DE MINAS;MG;Estadual;Urbana;20;482.58;495.9;464.03;446.7;418.0;461.44
6708;VISEU;PA;Municipal;Rural;5;459.88;505.96;433.9;447.42;460.0;461.43
6709;ALTAMIRA DO MARANHAO;MA;Estadual;Urbana;8;480.91;497.05;430.96;448.21;450.0;461.43
6710;SABOEIRO;CE;Estadual;Urbana;117;473.85;496.42;448.61;442.25;445.98;461.42
6711;SAO CAETANO DE ODIVELAS;PA;Estadual;Urbana;84;471.63;513.46;455.11;425.62;441.19;461.4
6712;MAE DO RIO;PA;Estadual;Urbana;168;471.89;517.5;457.65;421.29;438.69;461.4
6713;CASCALHO RICO;MG;Estadual;Urbana;13;474.85;514.93;445.65;454.61;416.92;461.39
6714;SENADOR JOSE PORFIRIO;PA;Estadual;Urbana;44;480.01;512.64;456.73;418.37;439.09;461.37
6715;NOVO ALEGRE;TO;Estadual;Urbana;18;471.26;496.19;443.03;450.82;445.56;461.37
6716;JI-PARANA;RO;Estadual;Rural;27;468.13;503.52;466.84;428.65;439.63;461.36
6717;TUFILANDIA;MA;Estadual;Urbana;7;464.13;525.89;445.23;411.54;460.0;461.36
6718;MAIQUINIQUE;BA;Estadual;Urbana;42;477.02;507.99;456.63;424.66;440.48;461.35
6719;ITIQUIRA;MT;Estadual;Rural;34;467.12;508.54;448.14;437.08;445.88;461.35
6720;LAJEADO GRANDE;SC;Estadual;Urbana;11;430.17;487.36;445.68;479.91;463.64;461.35
6721;SAO SEBASTIAO DA BELA VISTA;MG;Estadual;Urbana;20;490.23;508.11;450.59;450.77;407.0;461.34
6722;POCO FUNDO;MG;Municipal;Urbana;3;507.13;534.17;424.73;460.63;380.0;461.33
6723;TIANGUA;CE;Municipal;Urbana;1;471.2;581.1;449.3;425.0;380.0;461.32
6724;ERECHIM;RS;Estadual;Rural;31;449.97;502.24;475.27;475.86;403.23;461.31
6725;SAPUCAIA;PA;Estadual;Urbana;26;456.32;512.82;449.8;433.78;453.85;461.31
6726;BRASNORTE;MT;Estadual;Urbana;72;475.73;508.11;457.79;441.43;423.33;461.28
6727;MATUPA;MT;Estadual;Rural;16;473.22;525.77;467.98;433.06;406.25;461.26
6728;ITAJOBI;SP;Estadual;Urbana;41;478.58;512.73;446.58;431.3;437.07;461.25
6729;SANTALUZ;BA;Estadual;Urbana;92;480.65;506.13;446.07;424.27;449.13;461.25
6730;RIACHO DE SANTANA;RN;Estadual;Urbana;20;478.2;510.76;460.21;413.97;443.0;461.23
6731;IPIRANGA DO SUL;RS;Estadual;Urbana;13;479.69;516.29;467.79;413.13;429.23;461.23
6732;CABECEIRAS;GO;Estadual;Urbana;24;495.34;522.96;450.17;420.94;416.67;461.22
6733;JAMPRUCA;MG;Estadual;Urbana;16;491.58;503.92;459.86;438.06;412.5;461.18
6734;PRESIDENTE DUTRA;BA;Estadual;Urbana;64;463.16;495.81;456.82;420.11;470.0;461.18
6735;CANINDE DE SAO FRANCISCO;SE;Estadual;Urbana;149;481.62;510.12;457.21;424.42;432.48;461.17
6736;CAMPINA DA LAGOA;PR;Estadual;Urbana;85;476.93;508.8;460.75;439.8;419.53;461.16
6737;CAXIAS;MA;Estadual;Urbana;909;477.74;512.88;456.27;423.52;435.4;461.16
6738;CANHOTINHO;PE;Estadual;Urbana;86;478.1;512.96;459.1;418.66;436.98;461.16
6739;BOA VISTA DO INCRA;RS;Estadual;Urbana;15;492.13;532.83;436.08;400.64;444.0;461.14
6740;ERERE;CE;Estadual;Urbana;45;470.95;505.23;447.32;415.95;466.22;461.13
6741;SANTA BARBARA DO PARA;PA;Estadual;Rural;94;480.01;519.26;456.65;427.16;422.55;461.12
6742;ELISEU MARTINS;PI;Privada;Rural;11;477.29;515.45;455.59;420.87;436.36;461.11
6743;CACHOEIRA ALTA;GO;Estadual;Urbana;42;468.87;507.76;459.69;428.3;440.95;461.11
6744;RIBEIRAO CASCALHEIRA;MT;Estadual;Urbana;32;473.64;513.81;449.13;433.9;435.0;461.1
6745;MELGACO;PA;Estadual;Urbana;91;454.38;519.75;455.76;425.68;449.89;461.09
6746;PLANALTINA;GO;Estadual;Rural;10;483.5;510.85;474.41;444.67;392.0;461.09
6747;CRISTINO CASTRO;PI;Estadual;Urbana;52;481.2;513.77;464.02;422.61;423.85;461.09
6748;JOAO CAMARA;RN;Estadual;Urbana;126;487.98;516.5;449.64;421.26;430.0;461.08
6749;MUNIZ FERREIRA;BA;Estadual;Urbana;36;480.06;506.58;455.2;427.41;436.11;461.07
6750;GUARINOS;GO;Estadual;Urbana;10;483.42;521.26;458.43;420.21;422.0;461.06
6751;TRIUNFO POTIGUAR;RN;Estadual;Urbana;13;456.22;518.45;451.25;427.01;452.31;461.05
6752;TAQUARITUBA;SP;Estadual;Rural;3;494.43;526.97;437.0;386.8;460.0;461.04
6753;CORUMBIARA;RO;Estadual;Urbana;35;477.59;519.84;449.44;429.73;428.57;461.04
6754;AGUIARNOPOLIS;TO;Estadual;Urbana;31;464.26;508.69;453.19;436.63;442.42;461.04
6755;ITAU;RN;Estadual;Urbana;41;483.24;507.01;442.04;431.87;440.98;461.03
6756;SAO JOAO DO PACUI;MG;Estadual;Urbana;19;481.85;503.17;460.63;422.45;436.84;460.99
6757;SANTA CRUZ DE MONTE CASTELO;PR;Estadual;Urbana;30;465.3;500.01;444.1;427.53;468.0;460.99
6758;GOUVELANDIA;GO;Estadual;Urbana;22;481.48;511.41;462.42;465.0;384.55;460.97
6759;SENHOR DO BONFIM;BA;Estadual;Urbana;236;478.36;515.64;452.31;435.53;422.8;460.93
6760;LENCOIS;BA;Estadual;Urbana;24;490.96;511.85;464.3;422.47;415.0;460.92
6761;VITORINO FREIRE;MA;Municipal;Rural;1;471.5;559.6;402.4;351.1;520.0;460.92
6762;AREIA BRANCA;RN;Estadual;Urbana;152;481.41;517.4;443.68;423.89;438.16;460.91
6763;SAO JOAO DO SOTER;MA;Estadual;Rural;7;486.3;539.11;453.46;411.41;414.29;460.91
6764;PEDRO GOMES;MS;Estadual;Urbana;38;473.45;513.11;451.54;429.63;436.84;460.91
6765;DEPUTADO IRAPUAN PINHEIRO;CE;Estadual;Urbana;85;470.2;508.23;453.8;453.27;419.06;460.91
6766;GUARULHOS;SP;Municipal;Urbana;3;490.93;525.5;492.93;428.47;366.67;460.9
6767;SANTA INES;PB;Estadual;Urbana;14;487.59;520.8;466.87;411.98;417.14;460.88
6768;CURACA;BA;Estadual;Urbana;86;474.69;508.14;457.25;421.28;443.02;460.88
6769;SILVANIA;GO;Estadual;Urbana;80;480.19;522.43;462.44;432.61;406.75;460.88
6770;MANFRINOPOLIS;PR;Estadual;Urbana;23;472.73;515.44;470.38;442.28;403.48;460.86
6771;ABEL FIGUEIREDO;PA;Estadual;Urbana;39;479.08;509.26;451.3;428.7;435.9;460.85
6772;PARAMBU;CE;Estadual;Urbana;350;475.27;504.6;459.57;426.96;437.83;460.85
6773;PORTEIRAO;GO;Estadual;Urbana;11;463.28;510.28;459.75;398.13;472.73;460.83
6774;OURIZONA;PR;Estadual;Urbana;5;484.56;481.36;461.86;404.3;472.0;460.82
6775;PLANURA;MG;Estadual;Urbana;26;482.74;499.63;475.57;439.15;406.92;460.8
6776;RIACHINHO;MG;Estadual;Rural;23;470.87;498.23;478.73;447.46;408.7;460.8
6777;JI-PARANA;RO;Municipal;Rural;4;477.8;537.52;467.6;416.02;405.0;460.79
6778;ICARAI DE MINAS;MG;Estadual;Urbana;25;475.21;513.96;453.24;433.55;428.0;460.79
6779;BURITI DOS LOPES;PI;Estadual;Urbana;97;475.84;509.33;467.37;417.96;433.4;460.78
6780;ANTONINA;PR;Estadual;Rural;8;477.09;490.61;455.79;487.88;392.5;460.77
6781;FERVEDOURO;MG;Estadual;Urbana;46;490.43;508.34;457.3;456.48;391.3;460.77
6782;SAO PEDRO DOS FERROS;MG;Estadual;Urbana;41;486.96;511.63;463.36;436.55;405.37;460.77
6783;TUCUMA;PA;Estadual;Urbana;109;480.91;515.96;455.8;431.67;419.45;460.76
6784;APUCARANA;PR;Municipal;Urbana;4;478.58;514.3;439.4;411.5;460.0;460.76
6785;SAO JOAO DO TIGRE;PB;Estadual;Urbana;15;448.79;488.09;437.26;448.24;481.33;460.74
6786;PECANHA;MG;Estadual;Urbana;85;472.86;516.3;466.31;427.01;421.18;460.73
6787;SAO FRANCISCO DE ITABAPOANA;RJ;Estadual;Rural;38;471.38;507.1;440.94;415.29;468.95;460.73
6788;DIRCE REIS;SP;Estadual;Urbana;8;495.49;482.55;426.49;451.6;447.5;460.72
6789;QUIXERE;CE;Estadual;Urbana;172;472.31;504.45;462.15;430.08;434.53;460.71
6790;BARBOSA;SP;Estadual;Urbana;27;478.02;501.15;476.99;422.21;425.19;460.71
6791;NOVO BARREIRO;RS;Estadual;Urbana;30;471.97;519.42;469.51;433.9;408.67;460.69
6792;CACHOEIRA DO PIRIA;PA;Estadual;Urbana;27;480.62;515.26;447.54;401.53;458.52;460.69
6793;MIGUELOPOLIS;SP;Estadual;Urbana;64;487.84;517.64;447.24;433.49;417.19;460.68
6794;AURILANDIA;GO;Estadual;Urbana;16;485.08;520.44;434.82;425.56;437.5;460.68
6795;SAO LOURENCO DO PIAUI;PI;Estadual;Urbana;24;474.64;517.74;460.15;443.33;407.5;460.67
6796;ANAGE;BA;Estadual;Urbana;75;483.94;512.48;449.44;423.63;433.87;460.67
6797;BARREIRINHA;AM;Estadual;Urbana;103;466.52;509.3;456.39;418.45;452.62;460.66
6798;SANTA HELENA;MA;Estadual;Urbana;149;473.32;513.91;447.42;424.01;444.56;460.64
6799;MAUA;SP;Municipal;Urbana;37;487.94;533.25;463.08;429.77;389.19;460.64
6800;PEQUI;MG;Estadual;Urbana;13;482.31;523.67;445.76;459.12;392.31;460.63
6801;SAO JOSE DO DIVINO;MG;Estadual;Urbana;17;472.21;514.36;471.51;416.83;428.24;460.63
6802;JOAO MONLEVADE;MG;Municipal;Urbana;11;483.75;513.1;456.27;417.25;432.73;460.62
6803;SANTANA DO CARIRI;CE;Estadual;Urbana;175;489.03;504.84;456.33;433.34;419.54;460.62
6804;GAUCHA DO NORTE;MT;Estadual;Urbana;18;473.72;516.89;462.36;454.52;395.56;460.61
6805;MANACAPURU;AM;Estadual;Urbana;498;465.63;510.2;444.02;424.48;458.67;460.6
6806;CRIXAS DO TOCANTINS;TO;Estadual;Urbana;15;466.6;509.34;469.53;421.47;436.0;460.59
6807;CORONEL JOAO SA;BA;Estadual;Urbana;58;467.62;508.81;460.82;432.96;432.76;460.59
6808;RIBEIRAOZINHO;MT;Estadual;Urbana;19;476.13;520.52;455.78;421.98;428.42;460.57
6809;MIRAVANIA;MG;Estadual;Urbana;9;492.2;511.42;433.24;443.72;422.22;460.56
6810;PACO DO LUMIAR;MA;Estadual;Urbana;449;483.13;514.73;447.66;424.37;432.92;460.56
6811;FRONTEIRAS;PI;Estadual;Urbana;57;479.84;503.56;448.9;428.04;442.46;460.56
6812;SAO JOSE DO JACURI;MG;Estadual;Urbana;25;479.82;514.4;466.62;433.91;408.0;460.55
6813;PRESIDENTE TANCREDO NEVES;BA;Privada;Rural;11;436.62;536.34;484.05;465.68;380.0;460.54
6814;FRANCINOPOLIS;PI;Estadual;Urbana;10;489.87;514.14;487.03;417.6;394.0;460.53
6815;JAURU;MT;Estadual;Rural;9;464.11;514.07;456.38;434.74;433.33;460.53
6816;CAMPO VERDE;MT;Estadual;Rural;18;472.84;509.79;446.68;415.54;457.78;460.53
6817;JAGUARIPE;BA;Municipal;Rural;3;481.43;485.03;455.3;460.67;420.0;460.49
6818;BONINAL;BA;Estadual;Urbana;50;477.92;512.14;448.45;416.36;447.6;460.49
6819;FATIMA;BA;Estadual;Urbana;84;470.57;514.83;463.54;419.94;433.57;460.49
6820;GUARATINGUETA;SP;Estadual;Rural;4;467.65;509.3;441.68;423.75;460.0;460.48
6821;PALMITOS;SC;Estadual;Rural;11;470.82;520.29;469.72;457.93;383.64;460.48
6822;GUARAI;TO;Estadual;Urbana;167;479.13;519.05;463.09;420.03;421.08;460.48
6823;BOM SUCESSO;PB;Estadual;Urbana;28;467.91;523.12;442.88;428.35;440.0;460.45
6824;PETROLANDIA;PE;Estadual;Rural;21;483.76;511.33;460.07;420.38;426.67;460.44
6825;RIO RUFINO;SC;Estadual;Urbana;14;447.91;518.98;446.51;453.06;435.71;460.43
6826;CANITAR;SP;Estadual;Urbana;20;482.54;521.06;457.66;416.81;424.0;460.41
6827;JERICO;PB;Estadual;Urbana;23;486.2;498.24;450.87;416.33;450.43;460.41
6828;ALAGOINHA DO PIAUI;PI;Estadual;Urbana;23;466.23;501.72;439.77;415.08;479.13;460.39
6829;SANTA LUZIA;MA;Estadual;Urbana;154;478.94;510.97;440.82;426.53;444.68;460.39
6830;BARRA DO CORDA;MA;Estadual;Rural;16;469.26;515.01;454.12;404.82;458.75;460.39
6831;TEJUPA;SP;Estadual;Urbana;28;484.01;509.58;445.51;439.2;423.57;460.38
6832;FREI MARTINHO;PB;Estadual;Urbana;16;487.33;503.22;440.16;407.41;463.75;460.38
6833;NOSSA SENHORA DE NAZARE;PI;Estadual;Rural;14;471.21;528.12;468.73;412.36;421.43;460.37
6834;DATAS;MG;Estadual;Urbana;42;470.33;486.44;462.31;427.52;455.24;460.37
6835;FRANCISCO SA;MG;Estadual;Urbana;138;480.95;513.79;453.1;433.37;420.58;460.36
6836;ARRAIAS;TO;Estadual;Urbana;89;476.3;507.3;444.44;432.6;441.12;460.35
6837;PONTO CHIQUE;MG;Estadual;Urbana;23;475.09;500.0;453.27;432.49;440.87;460.34
6838;SOORETAMA;ES;Estadual;Urbana;203;467.14;510.9;456.99;423.65;442.96;460.33
6839;IBITITA;BA;Estadual;Urbana;62;476.78;511.44;454.64;418.03;440.65;460.31
6840;TAQUARUSSU;MS;Estadual;Urbana;22;486.51;511.62;462.24;428.4;412.73;460.3
6841;VARZEDO;BA;Estadual;Urbana;50;467.89;509.47;460.53;439.93;423.6;460.29
6842;LAPAO;BA;Estadual;Urbana;75;472.26;500.05;451.75;418.12;459.2;460.28
6843;GUIMARAES;MA;Estadual;Rural;12;485.33;515.77;459.78;402.16;438.33;460.27
6844;NOVA BRASILANDIA;MT;Estadual;Urbana;17;458.58;500.21;464.97;432.85;444.71;460.26
6845;IBARETAMA;CE;Estadual;Urbana;114;469.71;505.12;460.54;440.22;425.61;460.24
6846;JACUNDA;PA;Estadual;Urbana;116;476.52;515.77;454.19;432.44;422.24;460.23
6847;CORRENTINA;BA;Estadual;Urbana;151;476.99;506.14;469.29;418.14;430.6;460.23
6848;SAO JOSE DA LAJE;AL;Estadual;Urbana;107;470.57;505.87;456.07;422.42;446.17;460.22
6849;SAO JERONIMO;RS;Estadual;Rural;13;493.54;532.87;461.02;415.22;398.46;460.22
6850;ARARENDA;CE;Estadual;Urbana;81;475.67;496.94;472.45;432.72;423.21;460.2
6851;TANQUE DO PIAUI;PI;Estadual;Urbana;17;473.87;511.85;467.03;413.81;434.12;460.14
6852;CASTRO ALVES;BA;Estadual;Urbana;85;482.32;514.39;456.28;434.24;413.41;460.13
6853;SIDROLANDIA;MS;Estadual;Rural;53;477.85;519.03;451.38;433.91;418.49;460.13
6854;JUQUIA;SP;Estadual;Rural;6;485.88;534.25;464.17;416.28;400.0;460.12
6855;CAVALCANTE;GO;Estadual;Urbana;38;480.66;516.07;458.61;425.16;420.0;460.1
6856;SAO FELIX DO ARAGUAIA;MT;Estadual;Urbana;51;476.43;510.85;451.69;423.47;438.04;460.1
6857;NOSSA SENHORA APARECIDA;SE;Estadual;Urbana;55;484.65;506.18;463.09;431.2;415.27;460.08
6858;AFUA;PA;Estadual;Urbana;49;455.03;511.08;451.15;432.74;450.2;460.04
6859;CAMPOS NOVOS;SC;Estadual;Rural;7;508.5;504.9;424.63;427.9;434.29;460.04
6860;SAO FRANCISCO;MG;Estadual;Rural;71;485.56;517.79;453.99;417.19;425.63;460.03
6861;MURICI DOS PORTELAS;PI;Estadual;Urbana;28;476.94;517.66;433.06;416.04;456.43;460.03
6862;JUSSARI;BA;Estadual;Urbana;26;472.3;489.97;448.4;403.28;486.15;460.02
6863;MASSARANDUBA;PB;Municipal;Urbana;11;490.8;533.1;447.21;412.64;416.36;460.02
6864;PORTO DOS GAUCHOS;MT;Estadual;Urbana;22;484.53;507.53;466.29;433.54;408.18;460.01
6865;FORQUETINHA;RS;Estadual;Urbana;13;479.78;499.47;451.12;418.83;450.77;459.99
6866;BELEM DO BREJO DO CRUZ;PB;Estadual;Urbana;31;476.06;511.33;447.71;414.45;450.32;459.97
6867;CAIUA;SP;Estadual;Urbana;8;453.4;515.9;442.8;445.16;442.5;459.95
6868;MACAMBIRA;SE;Estadual;Urbana;48;468.75;501.51;458.94;430.05;440.42;459.94
6869;PERIQUITO;MG;Estadual;Urbana;37;483.17;522.83;453.71;444.82;395.14;459.93
6870;ARAGUAIANA;MT;Estadual;Urbana;18;474.22;494.78;438.34;438.78;453.33;459.89
6871;GUARACIABA DO NORTE;CE;Estadual;Urbana;515;474.99;500.69;458.56;433.67;431.53;459.89
6872;PALMEIRA DO PIAUI;PI;Estadual;Urbana;15;461.27;492.66;480.83;440.63;424.0;459.88
6873;PEDRA BRANCA;CE;Estadual;Urbana;512;474.91;503.79;458.68;435.52;426.45;459.87
6874;APARECIDA DO RIO NEGRO;TO;Estadual;Urbana;27;480.08;520.02;443.69;423.63;431.85;459.85
6875;OROCO;PE;Estadual;Rural;14;466.29;507.63;445.08;417.37;462.86;459.85
6876;PONTA DE PEDRAS;PA;Estadual;Rural;59;463.98;511.37;451.15;419.89;452.88;459.85
6877;SAO MIGUEL DO PASSA QUATRO;GO;Estadual;Urbana;30;484.41;501.77;456.44;465.08;391.33;459.81
6878;KALORE;PR;Estadual;Urbana;27;468.02;514.06;446.71;439.15;431.11;459.81
6879;TOME-ACU;PA;Estadual;Urbana;397;475.01;509.79;460.41;423.94;429.92;459.81
6880;MARANGUAPE;CE;Estadual;Urbana;762;474.86;507.38;446.68;428.71;441.38;459.8
6881;ADELANDIA;GO;Estadual;Urbana;7;475.96;500.91;443.6;472.81;405.71;459.8
6882;GEMINIANO;PI;Estadual;Urbana;22;454.64;515.23;447.37;430.85;450.91;459.8
6883;PEDRA BONITA;MG;Estadual;Urbana;21;467.39;509.32;450.12;439.74;432.38;459.79
6884;ARAGUATINS;TO;Estadual;Urbana;124;485.51;520.24;449.43;417.65;426.13;459.79
6885;APUI;AM;Estadual;Urbana;79;476.28;514.0;463.3;432.71;412.66;459.79
6886;CHUI;RS;Estadual;Urbana;25;485.19;500.92;458.11;445.06;409.6;459.78
6887;UNIAO DO SUL;MT;Estadual;Urbana;16;473.87;517.71;443.92;409.63;453.75;459.78
6888;UBAI;MG;Estadual;Urbana;50;471.63;509.17;456.84;432.02;429.2;459.77
6889;MASCOTE;BA;Estadual;Urbana;37;458.17;514.35;452.33;432.31;441.62;459.76
6890;JARDIM DE PIRANHAS;RN;Estadual;Urbana;59;471.07;509.54;439.15;430.91;448.14;459.76
6891;QUEBRANGULO;AL;Estadual;Urbana;40;467.96;506.7;439.13;432.03;453.0;459.76
6892;PORTO MURTINHO;MS;Estadual;Urbana;63;475.87;509.6;451.7;429.13;432.38;459.74
6893;XINGUARA;PA;Municipal;Urbana;7;465.21;520.31;429.64;406.39;477.14;459.74
6894;IGUARACI;PE;Estadual;Urbana;42;476.78;519.64;449.65;422.09;430.48;459.73
6895;NOVA COLINAS;MA;Estadual;Urbana;30;465.32;508.83;457.09;439.35;428.0;459.72
6896;PARACURU;CE;Estadual;Urbana;450;476.01;506.44;456.97;437.83;421.24;459.7
6897;LAGO DO JUNCO;MA;Estadual;Rural;5;496.62;525.94;485.66;362.1;428.0;459.66
6898;ANGICAL;BA;Privada;Rural;16;462.35;506.24;469.06;446.9;413.75;459.66
6899;QUERENCIA;MT;Municipal;Rural;5;466.8;518.28;439.86;445.32;428.0;459.65
6900;NOVA ANDRADINA;MS;Estadual;Rural;18;475.52;534.62;447.24;388.59;452.22;459.64
6901;NISIA FLORESTA;RN;Municipal;Urbana;33;484.09;503.27;460.89;435.37;414.55;459.63
6902;ITAMARANDIBA;MG;Estadual;Rural;9;509.32;515.69;439.31;433.77;400.0;459.62
6903;MAREMA;SC;Estadual;Urbana;22;464.73;496.98;449.69;422.11;464.55;459.61
6904;JANUARIA;MG;Estadual;Urbana;305;485.0;506.73;452.34;420.91;432.85;459.57
6905;SALINAS;MG;Estadual;Rural;14;486.33;508.85;456.34;417.77;428.57;459.57
6906;BARRA DO TURVO;SP;Estadual;Urbana;46;465.98;513.51;444.49;432.13;441.74;459.57
6907;CONEGO MARINHO;MG;Estadual;Urbana;25;468.1;509.36;462.47;427.5;430.4;459.56
6908;ANGELICA;MS;Estadual;Urbana;39;462.37;514.78;463.56;428.87;428.21;459.56
6909;GUAJARA-MIRIM;RO;Estadual;Rural;1;455.2;559.2;415.8;347.5;520.0;459.54
6910;CANDEIAS DO JAMARI;RO;Estadual;Urbana;112;481.98;522.19;458.12;419.34;416.07;459.54
6911;CANTA;RR;Estadual;Urbana;20;452.4;514.88;456.08;432.31;442.0;459.54
6912;QUIXELO;CE;Estadual;Urbana;72;467.82;511.79;455.6;447.15;415.28;459.53
6913;HUMAITA;AM;Estadual;Urbana;247;474.03;510.42;447.38;422.19;443.56;459.52
6914;FRECHEIRINHA;CE;Estadual;Urbana;105;478.02;505.28;459.98;430.44;423.81;459.51
6915;UMBAUBA;SE;Estadual;Urbana;152;478.55;508.21;461.5;425.89;423.29;459.49
6916;BOA ESPERANCA;ES;Estadual;Urbana;93;475.53;509.04;458.03;422.8;432.04;459.49
6917;ROSARIO DO IVAI;PR;Estadual;Urbana;23;465.79;510.58;446.64;410.93;463.48;459.48
6918;ANGICAL DO PIAUI;PI;Estadual;Urbana;64;473.11;508.52;446.54;422.33;446.88;459.48
6919;IGARAPAVA;SP;Estadual;Urbana;36;484.0;516.5;464.84;425.38;406.67;459.48
6920;RIBEIRA DO AMPARO;BA;Estadual;Urbana;27;482.27;518.91;445.68;428.29;422.22;459.47
6921;MISSAO VELHA;CE;Estadual;Urbana;267;476.59;501.66;461.31;423.2;434.61;459.47
6922;TIMBO GRANDE;SC;Estadual;Urbana;48;471.46;514.84;464.92;417.71;428.33;459.45
6923;URUOCA;CE;Estadual;Urbana;110;476.9;505.96;458.04;428.33;428.0;459.44
6924;SANTO ANTONIO DOS LOPES;MA;Estadual;Urbana;34;462.33;499.71;451.42;420.19;463.53;459.44
6925;ITACARE;BA;Estadual;Urbana;84;478.54;507.88;452.19;416.3;442.14;459.41
6926;ANADIA;AL;Estadual;Urbana;52;474.66;512.72;440.88;421.88;446.92;459.41
6927;PEROLANDIA;GO;Estadual;Urbana;25;466.27;507.48;459.25;439.9;424.0;459.38
6928;ALEXANDRIA;RN;Estadual;Urbana;66;481.5;513.23;446.15;413.84;442.12;459.37
6929;PONTO BELO;ES;Estadual;Urbana;60;480.58;502.16;445.75;426.34;442.0;459.37
6930;IPUEIRAS;CE;Estadual;Urbana;321;472.25;502.11;453.19;426.94;442.37;459.37
6931;TAUA;CE;Estadual;Rural;51;478.79;507.22;450.71;445.25;414.9;459.37
6932;ANDARAI;BA;Estadual;Urbana;28;479.71;509.98;452.55;411.65;442.86;459.35
6933;TORIXOREU;MT;Estadual;Urbana;29;484.82;504.0;456.39;430.12;421.38;459.34
6934;SAO JOSE DE RIBAMAR;MA;Municipal;Rural;1;557.2;529.5;456.5;453.5;300.0;459.34
6935;UNIAO DOS PALMARES;AL;Estadual;Urbana;270;470.98;508.44;449.15;424.86;443.26;459.34
6936;URUANA;GO;Estadual;Urbana;47;473.72;517.39;461.83;439.04;404.68;459.33
6937;PORTO BARREIRO;PR;Estadual;Rural;7;482.57;511.93;455.56;400.81;445.71;459.32
6938;ARAGARCAS;GO;Estadual;Urbana;86;492.04;522.54;464.22;432.42;385.35;459.31
6939;IBIAI;MG;Estadual;Urbana;34;479.56;515.59;451.54;428.11;421.76;459.31
6940;SAO FRANCISCO DO CONDE;BA;Estadual;Rural;38;475.99;523.94;462.76;421.19;412.63;459.3
6941;ARACATI;CE;Estadual;Urbana;522;475.33;506.31;455.07;430.91;428.89;459.3
6942;CUJUBIM;RO;Estadual;Urbana;45;482.08;509.94;453.5;431.3;419.56;459.28
6943;SAO FELIX DO XINGU;PA;Estadual;Urbana;112;469.55;508.67;450.8;428.08;439.29;459.28
6944;MARABA;PA;Municipal;Urbana;53;470.84;517.86;458.4;423.91;425.28;459.26
6945;PRESIDENTE MEDICI;RO;Estadual;Rural;30;464.39;519.56;463.92;438.22;410.0;459.22
6946;CALCADO;PE;Estadual;Urbana;49;477.41;509.09;459.09;419.42;431.02;459.21
6947;ITAJUIPE;BA;Estadual;Urbana;72;459.16;517.2;460.29;433.49;425.83;459.2
6948;VICOSA DO CEARA;CE;Estadual;Urbana;618;472.88;500.22;457.03;427.3;438.51;459.19
6949;CASTELANDIA;GO;Estadual;Urbana;25;480.92;513.22;454.92;418.09;428.8;459.19
6950;PEDRINOPOLIS;MG;Estadual;Urbana;18;486.52;489.53;451.04;447.71;421.11;459.18
6951;RIO REAL;BA;Estadual;Urbana;178;471.85;512.68;452.78;422.85;435.73;459.18
6952;CACHOEIRA DOURADA;GO;Estadual;Urbana;54;480.35;516.35;466.94;427.01;405.19;459.17
6953;ITATIRA;CE;Estadual;Urbana;224;474.34;506.55;456.94;431.63;426.34;459.16
6954;ITAPIPOCA;CE;Estadual;Urbana;1394;475.11;506.81;454.26;434.96;424.66;459.16
6955;SANTANA DO ACARAU;CE;Estadual;Urbana;286;474.65;506.31;458.08;426.55;430.21;459.16
6956;SAO JOAO DO CAIUA;PR;Estadual;Urbana;25;454.51;514.08;454.71;433.3;439.2;459.16
6957;SAO MIGUEL DOS CAMPOS;AL;Estadual;Urbana;305;473.28;504.52;451.51;427.7;438.75;459.15
6958;URANDI;BA;Estadual;Urbana;81;466.44;508.17;462.35;427.14;431.6;459.14
6959;SANTA CRUZ DA BAIXA VERDE;PE;Estadual;Urbana;84;484.54;509.5;451.98;423.17;426.43;459.12
6960;SAO JOAO DO ITAPERIU;SC;Estadual;Urbana;24;456.04;509.42;461.15;393.98;475.0;459.12
6961;MOMBACA;CE;Estadual;Urbana;361;470.23;506.37;449.08;441.85;428.03;459.11
6962;LORETO;MA;Estadual;Urbana;53;477.3;496.07;454.48;425.02;442.64;459.1
6963;MANGA;MG;Estadual;Urbana;97;488.62;517.14;447.04;424.7;417.73;459.05
6964;MIRANDIBA;PE;Estadual;Urbana;117;472.31;499.87;457.8;424.71;440.51;459.04
6965;SAO JOSE DE RIBAMAR;MA;Privada;Urbana;1;475.4;527.5;540.4;471.9;280.0;459.04
6966;SANTO ANTONIO DO RIO ABAIXO;MG;Estadual;Urbana;18;471.87;509.7;464.55;439.06;410.0;459.04
6967;IRAMAIA;BA;Municipal;Rural;1;475.4;433.0;461.1;445.6;480.0;459.02
6968;CRISTINO CASTRO;PI;Privada;Rural;4;437.5;505.48;494.15;412.95;445.0;459.02
6969;BARRA DE SANTANA;PB;Estadual;Urbana;43;480.99;515.81;450.95;411.94;435.35;459.01
6970;NOVO HORIZONTE DO OESTE;RO;Estadual;Urbana;67;475.66;517.92;475.72;444.52;381.19;459.0
6971;AGUA DOCE DO MARANHAO;MA;Estadual;Rural;50;473.41;508.12;442.45;417.78;453.2;458.99
6972;SAO GONCALO DOS CAMPOS;BA;Municipal;Urbana;10;447.44;490.66;463.57;425.3;468.0;458.99
6973;SAO JOSE DA COROA GRANDE;PE;Estadual;Urbana;121;472.79;502.01;448.26;427.32;444.46;458.97
6974;LARANJAL;PR;Estadual;Urbana;12;482.11;516.24;459.08;410.72;426.67;458.96
6975;DORMENTES;PE;Estadual;Rural;21;464.2;512.23;462.5;422.47;433.33;458.95
6976;ALEGRETE DO PIAUI;PI;Estadual;Urbana;17;479.37;500.24;446.0;450.2;418.82;458.93
6977;VICOSA;AL;Estadual;Urbana;88;473.34;514.37;457.22;419.5;430.23;458.93
6978;SALMOURAO;SP;Estadual;Urbana;8;486.71;499.2;469.72;381.45;457.5;458.92
6979;MATIAS OLIMPIO;PI;Estadual;Urbana;36;483.55;506.5;450.39;448.06;406.11;458.92
6980;MAJOR ISIDORO;AL;Estadual;Urbana;59;476.3;509.66;454.53;420.79;433.22;458.9
6981;MARCELINO VIEIRA;RN;Estadual;Urbana;66;481.92;504.26;454.58;430.07;423.64;458.9
6982;PORTEL;PA;Estadual;Urbana;238;462.27;515.47;448.33;425.76;442.61;458.89
6983;INDIAVAI;MT;Estadual;Urbana;9;459.91;507.39;440.2;406.96;480.0;458.89
6984;PALMITAL;PR;Estadual;Rural;2;482.75;564.2;489.25;378.25;380.0;458.89
6985;ITAGUACU DA BAHIA;BA;Estadual;Urbana;24;472.2;522.18;470.73;425.12;404.17;458.88
6986;VALENTE;BA;Estadual;Rural;12;479.67;482.02;473.72;445.67;413.33;458.88
6987;AURORA DO PARA;PA;Estadual;Urbana;84;476.23;527.66;448.02;416.63;425.71;458.85
6988;JUCAS;CE;Estadual;Urbana;214;482.83;505.42;451.19;436.6;418.22;458.85
6989;DOIS IRMAOS DO BURITI;MS;Estadual;Urbana;48;460.22;514.87;450.31;434.59;434.17;458.83
6990;TRIZIDELA DO VALE;MA;Estadual;Urbana;62;478.22;513.94;454.59;428.35;419.03;458.83
6991;ULIANOPOLIS;PA;Estadual;Urbana;53;466.99;514.44;454.47;429.92;428.3;458.82
6992;GUATAMBU;SC;Estadual;Urbana;23;462.86;516.44;444.09;449.67;420.87;458.79
6993;MATOS COSTA;SC;Estadual;Urbana;12;471.56;497.36;464.35;420.64;440.0;458.78
6994;SAO VICENTE DO SERIDO;PB;Estadual;Urbana;61;469.86;501.11;461.87;434.52;426.56;458.78
6995;NATIVIDADE;TO;Estadual;Urbana;50;479.22;496.2;463.15;459.64;395.6;458.76
6996;PARAGOMINAS;PA;Municipal;Urbana;5;453.58;557.5;418.68;456.0;408.0;458.75
6997;ITAPIRANGA;AM;Estadual;Urbana;58;457.06;496.66;453.04;421.78;465.17;458.74
6998;LIMOEIRO DE ANADIA;AL;Estadual;Urbana;117;471.25;504.24;457.47;426.04;434.53;458.71
6999;LAGOA DE SAO FRANCISCO;PI;Estadual;Urbana;33;482.3;493.86;461.7;422.28;433.33;458.69
7000;SANTO ANTONIO DA BARRA;GO;Estadual;Urbana;26;485.1;494.82;452.18;437.45;423.85;458.68
7001;BOA VENTURA DE SAO ROQUE;PR;Estadual;Rural;15;471.22;515.25;446.51;422.92;437.33;458.65
7002;INHAPI;AL;Estadual;Urbana;47;471.48;507.92;450.66;412.93;450.21;458.64
7003;ARENOPOLIS;GO;Estadual;Urbana;25;482.72;517.96;443.26;439.66;409.6;458.64
7004;MINAS NOVAS;MG;Estadual;Rural;35;482.44;510.11;474.91;437.14;388.57;458.64
7005;MARA ROSA;GO;Estadual;Urbana;57;479.65;513.19;458.05;431.7;410.53;458.62
7006;CASA GRANDE;MG;Municipal;Urbana;1;425.2;433.1;407.6;487.2;540.0;458.62
7007;LAJEADO DO BUGRE;RS;Estadual;Urbana;19;479.04;530.85;459.26;421.82;402.11;458.61
7008;SANTO ANTONIO DO LEVERGER;MT;Estadual;Rural;27;483.55;525.17;444.7;427.01;412.59;458.61
7009;JURUTI;PA;Estadual;Urbana;216;460.68;509.02;453.85;421.86;447.59;458.6
7010;AMERICO BRASILIENSE;SP;Municipal;Urbana;1;510.9;500.9;476.9;364.3;440.0;458.6
7011;JUNCO DO MARANHAO;MA;Estadual;Urbana;20;472.73;508.23;447.3;426.66;438.0;458.59
7012;SANTA QUITERIA;CE;Municipal;Urbana;6;484.85;554.42;448.85;411.45;393.33;458.58
7013;PASSO DE CAMARAGIBE;AL;Estadual;Urbana;6;429.72;532.82;440.88;456.03;433.33;458.56
7014;GLICERIO;SP;Estadual;Urbana;5;499.18;526.1;460.14;403.24;404.0;458.53
7015;AGUA DOCE DO NORTE;ES;Estadual;Urbana;110;471.9;515.68;453.61;429.9;421.35;458.49
7016;MOJU;PA;Estadual;Urbana;269;476.59;514.25;457.62;418.02;425.95;458.48
7017;COTRIGUACU;MT;Estadual;Rural;25;475.08;496.0;447.95;449.33;424.0;458.47
7018;ESMERALDAS;MG;Municipal;Rural;18;465.78;521.72;452.11;470.51;382.22;458.47
7019;FEIRA DE SANTANA;BA;Estadual;Rural;78;479.86;509.08;456.86;423.64;422.82;458.45
7020;SANTA ROSA DO SUL;SC;Municipal;Urbana;1;342.8;562.2;451.0;376.2;560.0;458.44
7021;IBIRAPITANGA;BA;Estadual;Urbana;68;472.77;516.59;449.78;417.44;435.59;458.43
7022;SAO PAULO DO POTENGI;RN;Estadual;Urbana;115;471.35;503.31;447.71;427.87;441.91;458.43
7023;SAO JOSE DE ESPINHARAS;PB;Estadual;Urbana;27;463.63;500.87;457.51;417.52;452.59;458.42
7024;CURUCA;PA;Estadual;Urbana;158;475.97;503.59;462.57;412.91;436.96;458.4
7025;CUPARAQUE;MG;Estadual;Urbana;23;489.17;503.18;440.26;440.25;419.13;458.4
7026;CORURIPE;AL;Estadual;Urbana;174;476.56;510.32;441.76;426.09;437.24;458.39
7027;SAPOPEMA;PR;Estadual;Rural;5;486.78;513.06;444.16;443.96;404.0;458.39
7028;AROEIRAS;PB;Estadual;Urbana;93;475.69;512.44;452.41;420.15;431.18;458.38
7029;GONCALVES DIAS;MA;Estadual;Rural;2;494.7;448.5;471.25;357.35;520.0;458.36
7030;POMBOS;PE;Estadual;Urbana;80;478.92;501.75;446.57;430.97;433.5;458.34
7031;PINTOPOLIS;MG;Estadual;Urbana;43;472.68;502.07;456.59;420.77;439.53;458.33
7032;OLHO D AGUA DAS FLORES;AL;Estadual;Urbana;71;467.4;507.05;453.68;420.0;443.38;458.3
7033;REDENCAO;CE;Estadual;Urbana;374;475.42;509.97;454.39;429.75;421.87;458.28
7034;ASSARE;CE;Estadual;Urbana;214;472.86;504.67;456.68;431.69;425.51;458.28
7035;MARAGOGI;AL;Estadual;Urbana;46;474.22;514.6;442.6;441.25;418.7;458.27
7036;MAURILANDIA;GO;Estadual;Urbana;56;472.51;510.59;457.62;426.36;424.29;458.27
7037;MIGUEL ALVES;PI;Municipal;Urbana;1;493.6;537.9;423.3;416.4;420.0;458.24
7038;PROPRIA;SE;Estadual;Urbana;103;478.19;506.8;448.42;429.02;428.74;458.23
7039;SANTA QUITERIA;CE;Estadual;Rural;41;483.16;511.36;459.82;441.92;394.83;458.22
7040;MATIAS CARDOSO;MG;Estadual;Rural;5;470.62;487.52;464.34;476.5;392.0;458.2
7041;CARLINDA;MT;Estadual;Rural;14;460.5;489.73;445.29;452.64;442.86;458.2
7042;SANTO ANTONIO DO CAIUA;PR;Estadual;Urbana;21;466.16;506.47;451.43;411.68;455.24;458.2
7043;BURITI DE GOIAS;GO;Estadual;Urbana;28;472.55;518.37;452.54;445.28;402.14;458.18
7044;SANTA TEREZA DO OESTE;PR;Municipal;Urbana;2;498.15;539.1;448.0;405.65;400.0;458.18
7045;BARCARENA;PA;Estadual;Urbana;124;482.59;516.53;448.34;420.89;422.58;458.18
7046;ARAGOIANIA;GO;Estadual;Urbana;35;463.51;500.59;448.88;425.33;452.57;458.17
7047;IGARAPE-ACU;PA;Estadual;Rural;77;477.85;511.13;456.85;419.03;425.97;458.17
7048;PAULO JACINTO;AL;Estadual;Urbana;29;458.23;503.48;440.16;413.21;475.69;458.15
7049;PIRPIRITUBA;PB;Estadual;Urbana;32;479.66;510.79;449.24;430.36;420.62;458.14
7050;MUCURI;BA;Estadual;Rural;113;474.47;513.32;457.5;441.97;403.36;458.12
7051;JOSE RAYDAN;MG;Estadual;Rural;14;484.66;511.57;442.26;429.21;422.86;458.11
7052;SAO VALERIO;TO;Estadual;Urbana;22;483.9;493.2;449.91;431.71;431.82;458.11
7053;GLORIA DE DOURADOS;MS;Estadual;Rural;8;490.71;507.69;433.48;418.65;440.0;458.1
7054;FLORES DE GOIAS;GO;Estadual;Rural;16;479.78;530.55;449.71;434.2;396.25;458.1
7055;BALIZA;GO;Estadual;Urbana;13;490.76;512.35;457.52;406.77;423.08;458.1
7056;BARRA DO CORDA;MA;Estadual;Urbana;287;476.34;509.13;452.85;422.46;429.69;458.09
7057;UNIAO DA VITORIA;PR;Estadual;Rural;2;487.05;532.3;489.65;441.35;340.0;458.07
7058;PILAR;PB;Estadual;Urbana;49;476.75;494.57;463.76;420.18;435.1;458.07
7059;TREMEDAL;BA;Estadual;Urbana;41;472.14;513.7;448.16;430.94;425.37;458.06
7060;TEREZINHA;PE;Estadual;Urbana;41;464.77;504.41;448.92;428.77;443.41;458.06
7061;PIO IX;PI;Estadual;Urbana;95;480.02;506.93;453.98;424.93;424.42;458.06
7062;VERA CRUZ;BA;Estadual;Urbana;124;477.24;507.46;459.06;430.25;416.13;458.03
7063;ERVAL SECO;RS;Estadual;Urbana;37;483.29;509.56;450.11;420.67;426.49;458.02
7064;CLAUDIA;MT;Estadual;Rural;4;485.8;503.0;494.15;392.15;415.0;458.02
7065;BOTUCATU;SP;Municipal;Urbana;5;468.26;536.94;448.2;428.56;408.0;457.99
7066;JAPARATUBA;SE;Estadual;Urbana;82;475.91;504.82;442.27;420.11;446.83;457.99
7067;SAO JOAO DA SERRA;PI;Estadual;Urbana;39;480.62;498.48;457.44;426.72;426.67;457.99
7068;GOVERNADOR EUGENIO BARROS;MA;Estadual;Rural;9;449.37;519.12;435.11;468.56;417.78;457.99
7069;PROMISSAO;SP;Estadual;Rural;13;473.25;509.69;469.64;438.88;398.46;457.98
7070;CHAPADAO DO SUL;MS;Municipal;Urbana;1;486.1;567.2;480.7;375.9;380.0;457.98
7071;NAZARIA;PI;Estadual;Urbana;42;479.91;513.01;464.84;426.59;405.24;457.92
7072;SOURE;PA;Estadual;Urbana;153;464.75;512.28;452.05;422.85;437.65;457.92
7073;VARZEA ALEGRE;CE;Privada;Urbana;7;480.66;516.73;424.21;425.03;442.86;457.9
7074;PRESIDENTE KENNEDY;ES;Estadual;Urbana;76;470.48;501.34;455.26;431.39;431.05;457.9
7075;DATAS;MG;Estadual;Rural;19;470.03;490.63;450.77;442.21;435.79;457.89
7076;BONFIM;RR;Estadual;Rural;5;456.92;487.82;471.54;421.16;452.0;457.89
7077;LAPA;PR;Municipal;Urbana;1;451.3;549.6;502.0;426.5;360.0;457.88
7078;CORUMBIARA;RO;Estadual;Rural;15;471.57;486.39;458.63;421.97;450.67;457.85
7079;ITAPERUCU;PR;Estadual;Urbana;41;478.76;521.2;459.64;430.62;399.02;457.85
7080;BUENOS AIRES;PE;Estadual;Urbana;40;489.18;509.46;450.08;442.96;397.5;457.84
7081;JUSCIMEIRA;MT;Estadual;Rural;29;466.64;499.59;459.1;434.9;428.97;457.84
7082;VALENCA;BA;Estadual;Rural;32;472.01;505.73;464.58;431.9;415.0;457.84
7083;TIANGUA;CE;Estadual;Urbana;752;474.44;503.96;456.26;435.42;418.88;457.79
7084;TAMBORIL DO PIAUI;PI;Estadual;Urbana;13;464.35;507.54;456.2;445.45;415.38;457.78
7085;PARAISO DAS AGUAS;MS;Estadual;Urbana;24;463.38;520.52;448.41;449.08;407.5;457.78
7086;SETUBINHA;MG;Estadual;Urbana;44;467.74;504.35;447.0;437.02;432.73;457.77
7087;SAO FRANCISCO DE GOIAS;GO;Estadual;Urbana;40;463.99;519.8;458.88;418.19;428.0;457.77
7088;RIBAMAR FIQUENE;MA;Estadual;Rural;1;465.6;462.9;426.8;453.5;480.0;457.76
7089;QUATA;SP;Estadual;Urbana;37;482.64;510.9;442.29;419.34;433.51;457.74
7090;NOVA PONTE;MG;Estadual;Urbana;50;481.73;500.42;448.13;439.95;418.4;457.72
7091;RAFAEL JAMBEIRO;BA;Estadual;Urbana;33;474.62;513.48;442.55;425.21;432.73;457.72
7092;MURITIBA;BA;Estadual;Rural;51;467.42;527.51;465.88;443.82;383.92;457.71
7093;ALCANTARAS;CE;Estadual;Urbana;145;480.1;496.76;450.69;441.07;419.86;457.7
7094;LADARIO;MS;Estadual;Urbana;108;474.36;514.1;455.26;428.66;416.11;457.7
7095;AROAZES;PI;Estadual;Urbana;39;464.02;486.08;482.83;423.73;431.79;457.69
7096;ABADIANIA;GO;Estadual;Urbana;57;474.89;506.36;465.25;437.35;404.56;457.68
7097;TIMON;MA;Estadual;Urbana;631;476.25;509.24;457.02;424.81;421.08;457.68
7098;SANTA ISABEL DO PARA;PA;Estadual;Urbana;304;476.08;513.88;453.09;417.2;428.16;457.68
7099;SEBASTIAO BARROS;PI;Estadual;Urbana;9;466.59;513.41;459.97;412.88;435.56;457.68
7100;RETIROLANDIA;BA;Estadual;Urbana;47;468.0;508.13;446.79;416.06;449.36;457.67
7101;PORTEIRINHA;MG;Estadual;Rural;10;482.45;524.39;461.51;419.93;400.0;457.66
7102;TROMBAS;GO;Estadual;Urbana;31;471.6;512.96;451.54;444.4;407.74;457.65
7103;IGACI;AL;Estadual;Urbana;39;459.14;516.45;446.93;441.62;424.1;457.65
7104;MILHA;CE;Estadual;Urbana;133;469.41;502.22;459.06;437.76;419.7;457.63
7105;PAULO BENTO;RS;Estadual;Urbana;7;487.23;507.69;450.11;400.26;442.86;457.63
7106;BARRA DE SANTO ANTONIO;AL;Estadual;Urbana;46;469.4;500.43;434.89;424.21;459.13;457.61
7107;SAO JOSE DO BREJO DO CRUZ;PB;Estadual;Urbana;13;476.55;515.65;450.24;437.77;407.69;457.58
7108;CAMPOS DOS GOYTACAZES;RJ;Municipal;Urbana;4;475.98;509.2;456.48;436.22;410.0;457.58
7109;PORTO ACRE;AC;Estadual;Rural;109;470.48;511.21;453.38;417.22;435.6;457.58
7110;MONTE ALEGRE;PA;Estadual;Urbana;505;467.61;511.51;450.42;416.79;441.54;457.57
7111;ITAUEIRA;PI;Estadual;Urbana;32;482.56;500.92;462.04;422.18;420.0;457.54
7112;OURILANDIA DO NORTE;PA;Estadual;Urbana;122;471.1;509.21;450.97;425.05;431.31;457.53
7113;VIGIA;PA;Estadual;Urbana;250;475.26;513.15;453.28;422.19;423.76;457.53
7114;AGUA BRANCA;AL;Estadual;Urbana;78;464.32;496.15;459.56;437.88;429.74;457.53
7115;NOVA CANAA DO NORTE;MT;Estadual;Rural;37;471.1;494.73;446.43;420.73;454.59;457.52
7116;CAMPESTRE;AL;Estadual;Urbana;15;477.92;491.72;460.44;408.18;449.33;457.52
7117;RIACHAO DO BACAMARTE;PB;Estadual;Urbana;7;461.93;497.56;440.06;428.0;460.0;457.51
7118;ITAITUBA;PA;Estadual;Rural;21;470.81;504.94;464.3;434.16;413.33;457.51
7119;AGUA NOVA;RN;Estadual;Urbana;21;454.92;492.11;424.87;430.79;484.76;457.49
7120;OCARA;CE;Estadual;Urbana;273;473.53;503.87;455.12;433.0;421.81;457.46
7121;TERRA ALTA;PA;Estadual;Rural;26;487.23;509.81;439.33;393.97;456.92;457.45
7122;BONITO;BA;Estadual;Urbana;43;467.99;495.23;446.86;428.33;448.84;457.45
7123;LOGRADOURO;PB;Estadual;Urbana;21;473.67;517.64;461.59;414.32;420.0;457.44
7124;ROSARIO DO CATETE;SE;Estadual;Urbana;41;479.01;520.94;449.78;413.01;424.39;457.43
7125;ANASTACIO;MS;Estadual;Urbana;100;472.61;517.03;457.08;429.56;410.8;457.42
7126;MONSENHOR TABOSA;CE;Estadual;Urbana;171;477.89;511.47;452.11;425.13;420.47;457.42
7127;MONTE AZUL;MG;Estadual;Rural;15;480.32;522.05;445.85;424.21;414.67;457.42
7128;JAGUARIAIVA;PR;Estadual;Rural;3;505.57;536.37;471.4;440.37;333.33;457.41
7129;VITORIA DE SANTO ANTAO;PE;Municipal;Urbana;8;458.91;540.12;444.08;426.4;417.5;457.4
7130;NOVA SOURE;BA;Estadual;Urbana;82;481.45;516.6;439.82;415.87;433.17;457.38
7131;IRUPI;ES;Estadual;Urbana;83;472.62;505.96;454.15;433.38;420.72;457.37
7132;SAO JOSE DO POVO;MT;Estadual;Rural;5;449.84;518.18;441.94;372.88;504.0;457.37
7133;FREI ROGERIO;SC;Estadual;Urbana;17;435.38;497.7;484.95;425.11;443.53;457.33
7134;RONDONOPOLIS;MT;Estadual;Rural;23;471.37;514.51;459.04;434.77;406.96;457.33
7135;BONFIM;RR;Estadual;Urbana;35;462.18;502.05;437.81;417.17;467.43;457.33
7136;SANTAREM;PA;Municipal;Urbana;3;470.2;556.53;471.73;421.53;366.67;457.33
7137;NOVO ACORDO;TO;Estadual;Urbana;33;465.72;510.26;439.74;422.36;448.48;457.31
7138;CAMPO AZUL;MG;Estadual;Urbana;33;468.14;516.33;449.1;434.09;418.79;457.29
7139;PEDRO REGIS;PB;Estadual;Urbana;12;463.42;523.69;437.12;458.85;403.33;457.28
7140;PORTALEGRE;RN;Estadual;Urbana;51;461.87;510.99;445.25;440.73;427.45;457.26
7141;SAO FELIX;BA;Estadual;Urbana;55;475.83;522.03;441.44;409.83;437.09;457.24
7142;SANTO AMARO;BA;Estadual;Urbana;144;483.14;516.29;451.02;414.36;421.25;457.21
7143;NOVO GAMA;GO;Estadual;Urbana;296;485.67;515.73;452.29;416.93;415.34;457.19
7144;CARNAUBAL;CE;Estadual;Urbana;159;472.91;505.83;445.83;420.77;440.63;457.19
7145;LUIS GOMES;RN;Estadual;Urbana;38;475.75;505.48;439.66;406.51;458.42;457.17
7146;DEMERVAL LOBAO;PI;Estadual;Urbana;86;470.32;512.6;458.42;425.9;418.6;457.17
7147;SAO JOAO DAS DUAS PONTES;SP;Estadual;Urbana;11;480.51;501.89;454.23;436.39;412.73;457.15
7148;PIACABUCU;AL;Estadual;Urbana;64;466.29;502.53;456.68;435.86;424.38;457.15
7149;MASSAPE;CE;Estadual;Urbana;454;472.65;504.39;457.55;436.25;414.6;457.09
7150;ALTO ALEGRE;RR;Estadual;Urbana;54;457.31;502.12;447.28;417.65;461.11;457.09
7151;SANTA FILOMENA;PI;Estadual;Urbana;16;477.41;533.39;439.19;439.16;396.25;457.08
7152;CERRITO;RS;Estadual;Rural;6;467.48;524.63;442.17;374.47;476.67;457.08
7153;GALILEIA;MG;Estadual;Urbana;34;482.86;501.3;438.04;432.85;430.0;457.01
7154;IGARAPE-ACU;PA;Estadual;Urbana;101;474.8;503.51;447.28;413.12;446.34;457.01
7155;FORMOSO;MG;Estadual;Urbana;47;461.4;501.07;459.34;418.41;444.68;456.98
7156;ALTO PARAGUAI;MT;Estadual;Urbana;31;460.2;512.11;448.32;430.08;434.19;456.98
7157;SANTANA;BA;Estadual;Urbana;119;470.86;502.83;458.32;433.61;419.16;456.96
7158;PUXINANA;PB;Estadual;Rural;17;500.59;502.06;438.38;420.14;423.53;456.94
7159;PORTO NACIONAL;TO;Estadual;Urbana;394;474.52;508.35;447.85;428.65;425.18;456.91
7160;IRUPI;ES;Estadual;Rural;5;468.02;498.42;471.68;398.38;448.0;456.9
7161;ADRIANOPOLIS;PR;Estadual;Rural;12;480.23;538.9;446.38;429.01;390.0;456.9
7162;CAIRU;BA;Estadual;Urbana;44;473.54;519.06;440.77;422.38;428.64;456.88
7163;RIALMA;GO;Estadual;Urbana;47;467.84;499.01;460.4;424.8;432.34;456.88
7164;LAGOA DOS TRES CANTOS;RS;Estadual;Urbana;4;471.15;497.75;460.1;445.4;410.0;456.88
7165;CAMPO GRANDE;MS;Municipal;Urbana;7;461.51;530.49;470.59;444.53;377.14;456.85
7166;SAO JOAO DA BOA VISTA;SP;Municipal;Urbana;8;475.0;525.6;441.86;414.25;427.5;456.84
7167;COARACI;BA;Estadual;Urbana;97;475.38;514.29;447.92;421.02;425.57;456.84
7168;ARINOS;MG;Estadual;Urbana;56;462.32;515.76;464.75;416.76;424.64;456.84
7169;PORTO ALEGRE DO NORTE;MT;Estadual;Urbana;45;466.56;506.77;462.7;427.12;420.89;456.81
7170;POTENGI;CE;Estadual;Urbana;100;482.92;504.6;453.64;417.45;425.4;456.8
7171;PIRANHAS;AL;Estadual;Rural;31;471.9;505.77;449.21;437.03;420.0;456.78
7172;SAO PEDRO DAS MISSOES;RS;Estadual;Urbana;17;457.34;487.78;445.81;439.98;452.94;456.77
7173;SANTA CRUZ DA VITORIA;BA;Estadual;Urbana;26;459.17;524.2;424.48;427.43;448.46;456.75
7174;HELIOPOLIS;BA;Estadual;Urbana;85;473.6;512.81;458.35;429.28;409.65;456.74
7175;VIANA;MA;Estadual;Urbana;201;467.83;510.17;454.77;420.3;430.65;456.74
7176;SERRINHA;BA;Estadual;Rural;38;481.57;518.93;447.97;424.67;410.53;456.73
7177;AUGUSTO SEVERO;RN;Estadual;Urbana;45;466.94;513.67;435.12;423.39;444.44;456.71
7178;URUARA;PA;Privada;Urbana;8;464.5;509.2;473.12;449.02;387.5;456.67
7179;GODOY MOREIRA;PR;Estadual;Urbana;14;485.47;511.73;450.64;412.64;422.86;456.67
7180;PALMINOPOLIS;GO;Estadual;Urbana;42;477.29;505.8;465.65;433.06;401.43;456.65
7181;SANTA CRUZ DO PIAUI;PI;Estadual;Urbana;53;472.97;506.2;452.76;429.43;421.89;456.65
7182;RIO MARIA;PA;Estadual;Urbana;90;471.4;506.08;452.97;424.28;428.44;456.64
7183;SAO GERALDO DO ARAGUAIA;PA;Estadual;Urbana;92;475.13;509.24;447.84;417.92;432.83;456.59
7184;PALESTINA;AL;Estadual;Urbana;41;461.6;498.26;432.8;408.27;481.95;456.58
7185;SAO JOSE DA LAGOA TAPADA;PB;Municipal;Urbana;1;407.8;516.6;396.9;481.5;480.0;456.56
7186;VARZEA BRANCA;PI;Estadual;Urbana;17;474.45;500.94;455.6;423.46;428.24;456.54
7187;SANTA MARIA DAS BARREIRAS;PA;Estadual;Urbana;9;461.69;516.99;435.61;423.94;444.44;456.54
7188;CUITEGI;PB;Estadual;Urbana;32;478.44;519.51;444.2;426.76;413.75;456.53
7189;ERICO CARDOSO;BA;Estadual;Urbana;49;460.5;505.87;451.49;449.61;415.1;456.52
7190;CAREIRO DA VARZEA;AM;Estadual;Urbana;42;452.82;501.02;439.54;412.92;476.19;456.5
7191;SANTANA DO PIAUI;PI;Estadual;Urbana;22;464.29;507.96;480.47;421.6;408.18;456.5
7192;CARACOL;PI;Estadual;Urbana;27;486.84;508.72;451.35;437.75;397.78;456.49
7193;JOAO DOURADO;BA;Estadual;Urbana;81;472.8;502.8;458.76;424.62;423.46;456.49
7194;ITAGIMIRIM;BA;Estadual;Urbana;16;465.2;502.16;455.84;441.74;417.5;456.49
7195;FIRMINOPOLIS;GO;Estadual;Urbana;30;487.52;523.63;455.0;428.24;388.0;456.48
7196;IPUEIRAS;CE;Estadual;Rural;110;470.05;501.19;453.23;423.59;434.36;456.48
7197;UMARIZAL;RN;Municipal;Urbana;1;428.4;576.7;448.0;389.3;440.0;456.48
7198;LAGOA ALEGRE;PI;Estadual;Urbana;27;493.77;521.94;459.59;410.04;397.04;456.48
7199;NOVO PLANALTO;GO;Estadual;Urbana;31;471.13;505.32;454.7;425.41;425.81;456.47
7200;UBAIRA;BA;Estadual;Urbana;86;476.33;514.89;452.55;417.86;420.7;456.46
7201;CONCEICAO DO CANINDE;PI;Estadual;Urbana;16;441.16;501.81;458.69;430.46;450.0;456.42
7202;DOUTOR ULYSSES;PR;Estadual;Urbana;24;468.66;528.77;452.16;427.51;405.0;456.42
7203;SAO JOAQUIM DO MONTE;PE;Estadual;Urbana;78;480.2;499.59;455.91;427.11;419.23;456.41
7204;IRACEMA;RR;Estadual;Urbana;24;456.05;499.44;451.24;407.8;467.5;456.4
7205;SANTANA DO MATOS;RN;Estadual;Urbana;51;468.41;508.79;444.96;435.85;423.92;456.39
7206;IGARAPE-MIRI;PA;Estadual;Urbana;329;464.9;507.68;449.95;425.79;433.61;456.39
7207;MOZARLANDIA;GO;Estadual;Urbana;73;482.5;514.65;465.59;416.94;402.19;456.37
7208;ALIANCA;PE;Estadual;Urbana;159;478.09;505.47;452.54;427.81;417.86;456.36
7209;GOVERNADOR EDISON LOBAO;MA;Estadual;Urbana;34;467.23;502.16;459.05;418.6;434.71;456.35
7210;MORENO;PE;Estadual;Urbana;254;475.88;512.39;448.79;426.13;418.5;456.34
7211;UMBUZEIRO;PB;Estadual;Urbana;34;484.39;506.49;460.25;412.3;418.24;456.33
7212;ARACATU;BA;Estadual;Urbana;51;469.82;502.76;459.25;434.78;414.9;456.3
7213;PINDOBA;AL;Estadual;Urbana;12;475.67;495.88;441.99;412.97;455.0;456.3
7214;CARIRE;CE;Estadual;Urbana;148;472.76;495.7;454.59;442.51;415.81;456.27
7215;SERRA AZUL DE MINAS;MG;Estadual;Urbana;17;495.41;514.34;456.65;429.02;385.88;456.26
7216;ISRAELANDIA;GO;Estadual;Urbana;23;462.88;485.33;474.34;448.13;410.43;456.22
7217;SANTA CRUZ DO ARARI;PA;Estadual;Rural;1;431.7;561.9;485.4;482.1;320.0;456.22
7218;CAPITAO ENEAS;MG;Estadual;Urbana;89;473.95;511.8;450.94;421.63;422.7;456.2
7219;MINISTRO ANDREAZZA;RO;Estadual;Urbana;46;465.74;507.18;471.58;437.32;399.13;456.19
7220;MOGI DAS CRUZES;SP;Estadual;Rural;36;470.31;496.71;448.32;433.96;431.67;456.19
7221;TEODORO SAMPAIO;SP;Estadual;Rural;17;467.46;517.11;451.66;435.27;409.41;456.18
7222;ITAPACI;GO;Municipal;Urbana;3;470.37;544.07;487.33;419.1;360.0;456.17
7223;NOVA OLIMPIA;MT;Estadual;Urbana;106;472.7;510.73;451.27;427.02;419.06;456.15
7224;FEIRA DA MATA;BA;Estadual;Urbana;24;463.54;516.16;452.76;418.26;430.0;456.14
7225;AIUABA;CE;Estadual;Urbana;90;471.55;506.23;451.45;433.89;417.56;456.14
7226;CASSERENGUE;PB;Estadual;Urbana;34;465.56;506.68;462.89;434.33;411.18;456.13
7227;SENADOR SA;CE;Estadual;Urbana;58;480.18;502.04;451.4;434.51;412.41;456.11
7228;SAO JOAO DOS PATOS;MA;Estadual;Urbana;155;475.29;510.33;453.1;420.34;421.42;456.1
7229;ILHA GRANDE;PI;Estadual;Urbana;40;486.53;521.11;448.05;402.81;422.0;456.1
7230;IRAUCUBA;CE;Estadual;Urbana;185;475.05;501.06;450.78;427.12;426.49;456.1
7231;ALAGOA GRANDE;PB;Estadual;Urbana;132;476.57;500.87;448.76;423.67;430.61;456.09
7232;CEDRAL;MA;Estadual;Urbana;66;468.85;500.4;446.38;416.36;448.48;456.09
7233;PIMENTEIRAS DO OESTE;RO;Estadual;Urbana;13;475.88;521.95;474.68;426.26;381.54;456.06
7234;SAO JOSE DO POVO;MT;Estadual;Urbana;17;461.72;509.09;459.94;442.52;407.06;456.06
7235;CACHOEIRA DOS INDIOS;PB;Estadual;Urbana;28;474.02;508.84;472.9;415.21;409.29;456.05
7236;MONTANHAS;RN;Estadual;Urbana;46;469.92;501.08;452.31;432.57;424.35;456.05
7237;POCO DE JOSE DE MOURA;PB;Estadual;Urbana;24;468.49;498.9;449.74;419.72;443.33;456.04
7238;MACAJUBA;BA;Estadual;Urbana;41;472.23;504.46;450.99;411.07;441.46;456.04
7239;PLACIDO DE CASTRO;AC;Estadual;Rural;42;467.02;505.23;452.4;415.5;440.0;456.03
7240;TACIMA;PB;Estadual;Urbana;36;476.64;508.73;452.14;427.51;415.0;456.0
7241;SANTO ANTONIO DO TAUA;PA;Estadual;Urbana;132;476.97;509.58;446.04;420.21;427.12;455.98
7242;SAO JOAO DO SOTER;MA;Estadual;Urbana;45;482.12;516.64;459.77;412.92;408.44;455.98
7243;JURU;PB;Estadual;Urbana;40;473.54;511.55;441.31;437.92;415.5;455.97
7244;DEZESSEIS DE NOVEMBRO;RS;Estadual;Urbana;25;470.18;501.43;459.27;420.07;428.8;455.95
7245;COELHO NETO;MA;Estadual;Urbana;226;470.06;508.93;442.79;419.66;438.32;455.95
7246;FRUTA DE LEITE;MG;Estadual;Urbana;14;480.08;504.86;459.45;445.35;390.0;455.95
7247;UBARANA;SP;Municipal;Urbana;1;434.7;469.9;522.2;372.9;480.0;455.94
7248;APODI;RN;Estadual;Rural;31;450.34;510.11;447.55;440.11;431.61;455.94
7249;PORTO DA FOLHA;SE;Estadual;Urbana;48;468.62;501.54;454.46;438.71;416.25;455.92
7250;GUAJARA-MIRIM;RO;Estadual;Urbana;351;476.04;516.3;450.77;422.81;413.62;455.91
7251;ACARA;PA;Estadual;Urbana;95;468.01;509.91;448.66;424.1;428.84;455.91
7252;IBITIRAMA;ES;Estadual;Urbana;72;464.24;499.34;450.88;442.93;421.94;455.87
7253;MURIBECA;SE;Estadual;Urbana;51;464.95;509.75;452.96;426.61;425.1;455.87
7254;DIAMANTE DO SUL;PR;Estadual;Rural;7;481.27;514.31;457.41;397.67;428.57;455.85
7255;DOUTOR ULYSSES;PR;Estadual;Rural;20;465.21;521.29;457.48;430.16;405.0;455.83
7256;PRIMAVERA;PE;Estadual;Urbana;40;465.24;511.54;435.36;425.98;441.0;455.82
7257;IRITUIA;PA;Estadual;Urbana;98;468.97;510.13;453.03;415.07;431.84;455.81
7258;ITAREMA;CE;Estadual;Urbana;435;476.44;499.59;453.05;427.25;422.62;455.79
7259;ARROIO DO TIGRE;RS;Privada;Urbana;6;486.33;504.28;449.1;422.53;416.67;455.78
7260;CHUPINGUAIA;RO;Estadual;Urbana;36;482.8;504.74;460.11;426.81;404.44;455.78
7261;TOLEDO;PR;Municipal;Urbana;1;496.4;582.1;426.4;413.9;360.0;455.76
7262;PACATUBA;SE;Estadual;Rural;3;496.0;521.7;378.2;462.8;420.0;455.74
7263;LAGOA DE ITAENGA;PE;Municipal;Urbana;4;472.45;537.3;500.98;452.92;315.0;455.73
7264;BENTO FERNANDES;RN;Estadual;Urbana;28;469.62;493.98;456.44;437.83;420.71;455.72
7265;CANOAS;RS;Municipal;Urbana;1;500.9;474.9;473.1;489.7;340.0;455.72
7266;TAUBATE;SP;Estadual;Rural;11;455.78;524.17;449.12;445.85;403.64;455.71
7267;DARIO MEIRA;BA;Estadual;Urbana;34;467.45;510.89;464.39;416.8;418.82;455.67
7268;BARRA DE SANTA ROSA;PB;Estadual;Urbana;81;468.94;510.18;449.64;424.59;424.94;455.66
7269;JATAI;GO;Municipal;Urbana;1;441.0;589.6;542.8;544.9;160.0;455.66
7270;PORTO REAL;RJ;Municipal;Urbana;22;482.6;515.09;448.18;418.7;413.64;455.64
7271;MAUES;AM;Estadual;Urbana;211;463.8;503.53;445.17;422.15;443.51;455.63
7272;TIBAU;RN;Estadual;Urbana;43;466.16;508.26;461.58;411.42;430.7;455.62
7273;FORTALEZA DOS NOGUEIRAS;MA;Estadual;Urbana;92;460.94;502.33;459.43;422.96;432.39;455.61
7274;PERI MIRIM;MA;Municipal;Rural;1;526.3;539.6;501.4;370.7;340.0;455.6
7275;LAGOA NOVA;RN;Estadual;Urbana;71;471.78;502.6;440.92;419.88;442.82;455.6
7276;ARATUBA;CE;Estadual;Urbana;146;476.36;492.79;457.18;435.32;416.3;455.59
7277;ITAPECURU MIRIM;MA;Estadual;Urbana;161;474.12;504.96;452.99;417.38;428.45;455.58
7278;HORIZONTE;CE;Municipal;Urbana;11;473.77;534.55;465.69;414.75;389.09;455.57
7279;FARIAS BRITO;CE;Estadual;Urbana;204;469.88;504.16;450.97;426.17;426.67;455.57
7280;ALTOS;PI;Estadual;Urbana;239;474.38;506.94;460.69;426.21;409.62;455.57
7281;SANTA INES;BA;Estadual;Urbana;42;472.41;508.09;450.63;422.32;424.29;455.55
7282;LUIS CORREIA;PI;Estadual;Urbana;120;472.92;504.68;458.03;411.06;431.0;455.54
7283;GUAIRA;PR;Municipal;Urbana;1;479.7;510.3;506.9;500.7;280.0;455.52
7284;ARACOIABA;CE;Estadual;Urbana;151;476.57;495.1;450.95;420.94;434.01;455.52
7285;OLIVEIRA DOS BREJINHOS;BA;Estadual;Urbana;76;465.81;494.39;450.46;433.97;432.89;455.51
7286;IBIRAPUA;BA;Estadual;Urbana;37;483.12;502.84;454.5;420.88;416.22;455.51
7287;BARRA DOS COQUEIROS;SE;Estadual;Urbana;80;472.16;515.94;461.11;422.07;406.25;455.51
7288;ARACOIABA;CE;Estadual;Rural;98;473.88;502.96;450.95;432.4;417.35;455.51
7289;VENHA-VER;RN;Estadual;Urbana;12;479.07;492.73;455.32;443.65;406.67;455.49
7290;MANICORE;AM;Estadual;Urbana;196;465.03;507.66;441.42;419.09;444.08;455.46
7291;RIO PARDO DE MINAS;MG;Estadual;Rural;51;478.93;504.14;438.5;420.81;434.9;455.46
7292;CARMO DO RIO VERDE;GO;Estadual;Urbana;37;465.02;501.78;450.49;440.57;419.46;455.46
7293;TAPEROA;BA;Estadual;Urbana;44;486.98;513.53;443.17;415.82;417.73;455.45
7294;JAQUIRANA;RS;Estadual;Urbana;15;476.42;511.67;463.21;451.13;374.67;455.42
7295;SAO LUIZ DO NORTE;GO;Estadual;Urbana;11;480.26;501.41;449.32;444.08;401.82;455.38
7296;GOIANINHA;RN;Estadual;Urbana;149;481.08;507.62;445.52;414.91;427.79;455.38
7297;SAO SEBASTIAO DO PASSE;BA;Estadual;Urbana;121;479.61;514.05;452.57;425.55;405.12;455.38
7298;SANTO INACIO;PR;Estadual;Urbana;26;473.44;515.33;451.2;413.03;423.85;455.37
7299;ARACAGI;PB;Estadual;Urbana;65;478.51;518.04;441.07;422.85;416.31;455.36
7300;TOMAR DO GERU;SE;Estadual;Urbana;40;482.42;504.48;464.32;407.97;417.5;455.34
7301;SAO GONCALO DO AMARANTE;CE;Municipal;Urbana;8;481.15;549.06;427.86;413.58;405.0;455.33
7302;TUNTUM;MA;Municipal;Urbana;1;445.4;447.4;531.7;432.1;420.0;455.32
7303;FORMOSA DO RIO PRETO;BA;Estadual;Urbana;74;469.14;493.59;446.39;416.94;450.54;455.32
7304;MARIBONDO;AL;Estadual;Urbana;68;463.12;504.81;436.37;427.61;444.71;455.32
7305;MUCAJAI;RR;Estadual;Urbana;51;471.21;497.07;450.45;418.63;439.22;455.31
7306;MAETINGA;BA;Estadual;Urbana;31;476.65;505.12;456.95;438.46;399.35;455.31
7307;SANTA RITA;MA;Estadual;Urbana;93;472.35;510.39;447.84;424.23;421.72;455.31
7308;JACAREI;SP;Municipal;Urbana;1;499.1;420.9;413.9;342.6;600.0;455.3
7309;SERICITA;MG;Estadual;Urbana;27;472.96;509.11;451.93;421.59;420.74;455.26
7310;PRESIDENTE FIGUEIREDO;AM;Estadual;Urbana;150;466.68;512.14;448.93;422.3;426.27;455.26
7311;VALENCA;BA;Estadual;Urbana;144;472.77;512.95;457.99;424.61;407.92;455.25
7312;NOVA ESPERANCA DO PIRIA;PA;Estadual;Urbana;61;470.6;508.94;447.24;429.17;420.33;455.25
7313;FLORIANO;PI;Estadual;Urbana;603;477.43;507.54;448.86;422.65;419.7;455.24
7314;AGUIAR;PB;Estadual;Urbana;45;473.7;520.28;434.28;411.35;436.44;455.21
7315;BARAO DE GRAJAU;MA;Estadual;Urbana;108;473.55;510.31;465.36;427.34;399.44;455.2
7316;PAU D ARCO;PA;Estadual;Urbana;32;467.17;517.73;428.54;416.13;446.25;455.16
7317;MURITIBA;BA;Estadual;Urbana;85;475.21;503.94;434.76;433.35;428.47;455.15
7318;RIO DE JANEIRO;RJ;Municipal;Urbana;170;475.2;512.24;454.84;424.7;408.71;455.14
7319;PARAUNA;GO;Estadual;Urbana;50;465.48;516.04;465.04;424.69;404.4;455.13
7320;AGUAS VERMELHAS;MG;Estadual;Rural;10;484.87;512.27;455.82;446.69;376.0;455.13
7321;SANTA ISABEL DO PARA;PA;Estadual;Rural;49;470.52;519.11;453.17;416.88;415.92;455.12
7322;ITAJAI;SC;Municipal;Urbana;10;474.02;537.42;478.23;421.92;364.0;455.12
7323;NOVO TIRADENTES;RS;Estadual;Urbana;13;474.22;515.52;444.72;416.49;424.62;455.11
7324;MORPARA;BA;Estadual;Urbana;23;466.44;489.98;449.44;403.53;466.09;455.1
7325;IBICUITINGA;CE;Estadual;Urbana;145;473.34;510.64;448.25;424.95;418.34;455.1
7326;IGARASSU;PE;Estadual;Rural;22;473.26;510.1;443.61;406.69;441.82;455.1
7327;SAO DOMINGOS;PB;Estadual;Urbana;21;474.94;516.14;442.61;399.9;441.9;455.1
7328;BOM JESUS DAS SELVAS;MA;Estadual;Urbana;17;473.11;511.55;443.45;461.45;385.88;455.09
7329;LIMOEIRO DO AJURU;PA;Estadual;Urbana;133;463.56;495.83;459.12;420.9;435.94;455.07
7330;ANGELIM;PE;Estadual;Urbana;36;491.69;521.68;465.11;411.84;385.0;455.06
7331;PILAR DE GOIAS;GO;Estadual;Urbana;6;468.45;501.93;456.38;421.88;426.67;455.06
7332;PLANALTO DA SERRA;MT;Estadual;Urbana;14;452.37;486.61;459.74;452.12;424.29;455.03
7333;NOVA GLORIA;GO;Estadual;Urbana;33;482.84;512.28;448.87;423.28;407.88;455.03
7334;DIVISOPOLIS;MG;Estadual;Urbana;30;475.84;521.99;434.08;431.19;412.0;455.02
7335;NOVA CRUZ;RN;Estadual;Urbana;168;474.95;506.03;442.93;423.2;427.83;454.99
7336;BONITO;BA;Municipal;Rural;22;473.71;505.11;464.29;429.93;401.82;454.97
7337;CAPINZAL DO NORTE;MA;Estadual;Rural;4;459.25;540.6;466.22;433.7;375.0;454.96
7338;INDAIABIRA;MG;Estadual;Rural;9;485.57;494.71;469.8;464.61;360.0;454.94
7339;COMERCINHO;MG;Estadual;Urbana;39;464.75;496.94;470.24;427.33;415.38;454.93
7340;SANTA RITA DE CASSIA;BA;Estadual;Urbana;93;464.55;501.4;448.77;429.53;430.32;454.92
7341;MONTEIRO;PB;Estadual;Urbana;152;477.06;513.69;448.08;415.01;420.72;454.91
7342;BACABEIRA;MA;Estadual;Urbana;34;454.67;498.77;453.8;429.68;437.65;454.91
7343;SANTANA DO ARAGUAIA;PA;Estadual;Urbana;89;473.38;501.78;455.23;421.48;422.47;454.87
7344;DARCINOPOLIS;TO;Estadual;Urbana;14;460.58;498.98;449.61;442.35;422.86;454.87
7345;GUARAPARI;ES;Estadual;Rural;27;457.69;518.39;448.02;409.99;440.0;454.82
7346;BOM JESUS;RN;Estadual;Urbana;48;478.78;508.5;443.18;429.89;413.75;454.82
7347;SAO JOAO NEPOMUCENO;MG;Municipal;Urbana;1;549.6;511.0;405.8;407.6;400.0;454.8
7348;BAIA FORMOSA;RN;Estadual;Urbana;45;480.84;514.34;463.13;421.82;393.78;454.78
7349;IRACEMA;CE;Estadual;Urbana;127;465.89;502.81;446.49;434.65;424.09;454.78
7350;CORONEL DOMINGOS SOARES;PR;Estadual;Urbana;20;475.18;487.56;455.75;418.38;437.0;454.77
7351;ICARAI DE MINAS;MG;Estadual;Rural;27;465.98;508.93;462.96;434.52;401.48;454.77
7352;CONCORDIA DO PARA;PA;Estadual;Urbana;151;473.21;510.68;451.39;421.53;416.95;454.75
7353;MIRANDA;MS;Estadual;Urbana;69;491.0;506.5;463.08;416.57;396.52;454.73
7354;COREAU;CE;Estadual;Urbana;221;465.22;498.49;453.18;427.9;428.87;454.73
7355;PAUDALHO;PE;Estadual;Rural;56;467.27;505.45;448.65;426.51;425.71;454.72
7356;FLORESTA DO PIAUI;PI;Estadual;Urbana;18;485.79;521.2;450.31;432.98;383.33;454.72
7357;CABEDELO;PB;Estadual;Urbana;121;474.04;507.22;443.19;418.01;431.07;454.71
7358;TAPIRAMUTA;BA;Estadual;Urbana;67;470.74;507.21;455.44;419.55;420.6;454.71
7359;PALMEIRA DOS INDIOS;AL;Estadual;Urbana;239;471.63;504.53;453.45;424.24;419.67;454.7
7360;JARDIM;CE;Estadual;Urbana;244;471.89;500.79;450.61;417.76;432.46;454.7
7361;MARACANA;PA;Estadual;Urbana;71;472.41;497.25;445.68;415.22;442.82;454.67
7362;ITAPUA DO OESTE;RO;Estadual;Urbana;57;471.97;515.34;458.57;432.02;395.44;454.67
7363;CAPAO BONITO;SP;Estadual;Rural;7;495.1;546.27;432.97;430.01;368.57;454.59
7364;MARCIONILIO SOUZA;BA;Estadual;Urbana;30;454.45;500.84;454.03;432.25;431.33;454.58
7365;SAO MIGUEL DO TOCANTINS;TO;Estadual;Urbana;25;470.56;508.45;444.24;455.21;394.4;454.57
7366;ITIUBA;BA;Estadual;Rural;4;505.48;479.88;420.88;421.58;445.0;454.56
7367;MANAUS;AM;Municipal;Urbana;32;469.81;509.43;449.11;405.54;438.75;454.53
7368;SAO GONCALO DO AMARANTE;RN;Estadual;Urbana;192;477.04;505.97;443.21;426.52;419.9;454.53
7369;BARRA DE SAO MIGUEL;PB;Estadual;Urbana;24;480.95;495.65;434.6;428.9;432.5;454.52
7370;JARDIM ALEGRE;PR;Estadual;Rural;8;476.22;522.67;432.35;418.79;422.5;454.51
7371;SANTA QUITERIA;CE;Estadual;Urbana;373;471.72;497.09;449.22;436.59;417.92;454.51
7372;ITARANA;ES;Estadual;Rural;8;463.41;492.76;479.74;434.02;402.5;454.49
7373;ARATUIPE;BA;Estadual;Urbana;35;461.51;511.78;448.49;420.23;430.29;454.46
7374;SANTA CRUZ DE SALINAS;MG;Estadual;Urbana;30;472.11;512.94;446.65;414.61;426.0;454.46
7375;SAO JOSE DO PIAUI;PI;Estadual;Urbana;43;464.93;508.18;446.08;432.54;420.47;454.44
7376;MORRO AGUDO;SP;Estadual;Urbana;74;465.63;499.74;449.12;433.09;424.59;454.44
7377;ENVIRA;AM;Estadual;Urbana;54;462.6;512.22;439.71;432.11;425.56;454.44
7378;BARRO DURO;PI;Estadual;Urbana;37;462.1;505.95;455.07;432.8;416.22;454.43
7379;JAGUARETAMA;CE;Estadual;Urbana;137;475.7;501.19;455.75;427.56;411.97;454.43
7380;MONTEZUMA;MG;Estadual;Urbana;25;471.86;509.87;452.12;420.71;417.6;454.43
7381;SANTA MARIA DO PARA;PA;Estadual;Rural;13;470.35;523.94;425.46;400.05;452.31;454.42
7382;IBATEGUARA;AL;Estadual;Urbana;62;468.96;497.88;441.61;424.93;438.71;454.42
7383;CRUZEIRO DO SUL;AC;Estadual;Rural;111;469.11;503.93;452.69;409.96;436.4;454.41
7384;PORANGATU;GO;Estadual;Urbana;246;467.37;506.58;461.37;433.05;403.56;454.39
7385;PATOS DO PIAUI;PI;Estadual;Urbana;14;510.2;508.65;465.51;424.72;362.86;454.39
7386;PORTO GRANDE;AP;Estadual;Urbana;140;476.4;512.81;442.36;409.5;430.86;454.38
7387;PALMAS DE MONTE ALTO;BA;Estadual;Urbana;76;473.32;505.09;451.68;424.15;417.63;454.37
7388;SAO DOMINGOS DO MARANHAO;MA;Estadual;Urbana;123;467.13;510.16;456.74;429.18;408.62;454.36
7389;ITUACU;BA;Municipal;Rural;6;465.55;505.0;489.35;451.72;360.0;454.32
7390;CARMOLANDIA;TO;Estadual;Urbana;12;484.53;494.29;437.4;428.71;426.67;454.32
7391;IBICOARA;BA;Estadual;Urbana;65;469.67;499.92;450.49;425.64;425.85;454.31
7392;SANTANA DO IPANEMA;AL;Estadual;Urbana;185;465.73;511.34;444.1;418.58;431.78;454.31
7393;UIRAMUTA;RR;Municipal;Urbana;2;508.45;472.85;464.0;426.2;400.0;454.3
7394;POTIRAGUA;BA;Estadual;Rural;7;494.13;502.23;421.83;430.4;422.86;454.29
7395;TRES MARIAS;MG;Municipal;Urbana;10;467.11;519.4;446.05;410.9;428.0;454.29
7396;AURORA;CE;Municipal;Urbana;1;487.3;576.8;455.7;391.6;360.0;454.28
7397;JI-PARANA;RO;Municipal;Urbana;1;507.3;560.5;416.9;346.7;440.0;454.28
7398;NOBRES;MT;Estadual;Urbana;70;467.46;508.4;449.1;417.02;429.43;454.28
7399;AMARANTE DO MARANHAO;MA;Estadual;Urbana;95;472.31;504.85;458.6;430.81;404.84;454.28
7400;ITAPITANGA;BA;Estadual;Urbana;37;456.84;514.92;458.66;410.13;430.81;454.27
7401;RIO PRETO DA EVA;AM;Estadual;Urbana;100;469.48;502.12;447.22;414.67;437.8;454.26
7402;SOBRADINHO;BA;Estadual;Urbana;140;471.2;510.57;438.64;423.88;427.0;454.26
7403;PALMEIRINA;PE;Estadual;Urbana;26;488.24;522.51;433.43;415.58;411.54;454.26
7404;POSSE;GO;Estadual;Urbana;170;477.33;504.45;461.86;423.8;403.76;454.24
7405;PINHEIRO;MA;Estadual;Urbana;421;465.71;505.22;453.53;413.93;432.68;454.21
7406;AGUIA BRANCA;ES;Estadual;Rural;9;452.17;520.29;446.89;444.99;406.67;454.2
7407;ITAPIPOCA;CE;Estadual;Rural;101;459.32;494.53;443.58;423.47;450.1;454.2
7408;ALTAMIRA DO PARANA;PR;Estadual;Urbana;22;478.92;506.68;441.69;440.04;403.64;454.19
7409;RONDOLANDIA;MT;Estadual;Urbana;19;486.52;531.32;440.17;428.71;384.21;454.19
7410;BATAGUASSU;MS;Estadual;Rural;8;492.59;493.52;458.66;448.69;377.5;454.19
7411;GROAIRAS;CE;Estadual;Urbana;102;467.87;496.04;443.17;429.77;434.12;454.19
7412;GURUPA;PA;Estadual;Urbana;22;443.06;506.35;453.86;424.92;442.73;454.18
7413;MANICORE;AM;Estadual;Rural;19;439.95;485.14;437.79;436.29;471.58;454.15
7414;BARRA DOS COQUEIROS;SE;Privada;Urbana;7;474.29;466.1;455.59;389.03;485.71;454.14
7415;GOVERNADOR MANGABEIRA;BA;Estadual;Urbana;132;473.92;509.35;458.4;412.1;416.82;454.12
7416;BREJO DO PIAUI;PI;Estadual;Urbana;8;459.9;511.1;428.62;410.92;460.0;454.11
7417;JUAZEIRO DO PIAUI;PI;Estadual;Urbana;71;475.61;516.5;461.41;425.17;391.83;454.1
7418;BURITIRAMA;BA;Estadual;Urbana;61;474.86;503.03;448.71;416.37;427.54;454.1
7419;PIRACURUCA;PI;Estadual;Rural;11;477.45;521.14;459.56;432.26;380.0;454.08
7420;XIQUE-XIQUE;BA;Municipal;Urbana;21;469.64;511.8;424.6;403.39;460.95;454.08
7421;CASTELO DO PIAUI;PI;Estadual;Urbana;111;477.11;513.96;447.29;424.67;407.39;454.08
7422;ICHU;BA;Estadual;Urbana;19;474.21;515.22;452.99;437.39;390.53;454.07
7423;SANTA LUZIA DO PARUA;MA;Estadual;Urbana;126;464.05;505.16;454.78;419.82;426.51;454.06
7424;SANTANA DO SAO FRANCISCO;SE;Estadual;Urbana;15;474.88;511.87;438.6;415.52;429.33;454.04
7425;PALMEIRAS DO TOCANTINS;TO;Estadual;Urbana;36;462.88;502.95;455.22;421.73;427.22;454.0
7426;PETROLINA;PE;Estadual;Rural;346;468.5;506.65;451.95;429.65;413.23;454.0
7427;CONQUISTA D OESTE;MT;Estadual;Urbana;16;463.04;489.48;466.36;438.63;412.5;454.0
7428;BANZAE;BA;Estadual;Urbana;49;476.96;504.96;440.16;407.36;440.41;453.97
7429;JANDAIA;GO;Estadual;Urbana;45;472.58;503.09;453.2;436.06;404.89;453.96
7430;CAROEBE;RR;Estadual;Urbana;19;460.02;505.49;443.43;403.99;456.84;453.95
7431;BREJOES;BA;Estadual;Urbana;27;452.5;489.31;465.57;419.33;442.96;453.94
7432;MAJOR SALES;RN;Estadual;Urbana;3;456.6;519.03;442.93;457.73;393.33;453.93
7433;CONCEICAO DA FEIRA;BA;Estadual;Urbana;60;475.37;514.88;454.6;426.47;398.33;453.93
7434;LASTRO;PB;Estadual;Urbana;16;461.99;525.08;446.05;407.81;428.75;453.93
7435;SITIO D ABADIA;GO;Estadual;Urbana;9;487.36;498.82;438.46;402.62;442.22;453.9
7436;ANAPU;PA;Municipal;Urbana;1;383.1;480.1;499.0;507.3;400.0;453.9
7437;SANTA RITA DO TOCANTINS;TO;Estadual;Urbana;12;453.6;499.72;444.88;391.21;480.0;453.88
7438;SAO BENTO DO TOCANTINS;TO;Estadual;Rural;6;468.63;518.43;437.58;444.73;400.0;453.88
7439;SAO FELIX DO PIAUI;PI;Estadual;Urbana;15;450.84;488.04;451.48;447.02;432.0;453.88
7440;UMARI;CE;Estadual;Urbana;39;472.03;502.55;464.86;425.74;404.1;453.86
7441;TERESINA;PI;Municipal;Rural;16;469.59;521.39;452.14;408.64;417.5;453.85
7442;SANTA LUCIA;PR;Estadual;Urbana;16;467.39;517.64;469.92;420.42;393.75;453.83
7443;MAE D AGUA;PB;Estadual;Urbana;14;445.64;528.24;456.23;450.43;388.57;453.82
7444;ANANAS;TO;Estadual;Urbana;78;476.73;506.08;442.85;416.03;427.44;453.82
7445;AMERICA DOURADA;BA;Estadual;Urbana;48;462.82;504.41;453.37;431.66;416.67;453.79
7446;PIRAQUE;TO;Estadual;Urbana;14;494.95;504.29;430.51;423.47;415.71;453.79
7447;JORDANIA;MG;Estadual;Urbana;41;470.78;502.99;460.8;435.31;399.02;453.78
7448;ATALAIA DO NORTE;AM;Estadual;Rural;1;387.2;471.2;393.6;456.9;560.0;453.78
7449;CHAPADA DOS GUIMARAES;MT;Estadual;Rural;12;471.07;502.1;428.86;418.52;448.33;453.78
7450;COLATINA;ES;Municipal;Urbana;2;448.5;528.75;464.85;476.55;350.0;453.73
7451;LAGOINHA DO PIAUI;PI;Estadual;Urbana;22;455.08;497.13;457.4;428.12;430.91;453.73
7452;BETANIA DO PIAUI;PI;Estadual;Urbana;17;473.92;501.37;443.02;444.38;405.88;453.72
7453;TERESINA DE GOIAS;GO;Estadual;Urbana;12;469.15;494.28;433.57;416.55;455.0;453.71
7454;BAIXA GRANDE;BA;Estadual;Urbana;112;472.05;501.46;456.03;425.45;413.57;453.71
7455;BOM JESUS;SC;Estadual;Urbana;17;445.84;504.42;456.03;450.47;411.76;453.7
7456;FRUTAL;MG;Municipal;Urbana;15;461.25;529.57;476.0;431.09;370.47;453.67
7457;OLHO-D AGUA DO BORGES;RN;Estadual;Urbana;23;474.22;505.64;439.76;425.07;423.48;453.63
7458;AMPARO DE SAO FRANCISCO;SE;Estadual;Urbana;23;476.84;511.89;436.19;418.02;425.22;453.63
7459;JANIOPOLIS;PR;Estadual;Urbana;33;469.54;504.49;441.48;425.88;426.67;453.61
7460;MATUREIA;PB;Estadual;Urbana;27;468.1;512.56;458.82;413.71;414.81;453.6
7461;SITIO NOVO;MA;Municipal;Urbana;3;466.0;480.63;454.6;393.4;473.33;453.59
7462;PICARRA;PA;Estadual;Urbana;30;460.72;511.21;431.46;419.19;445.33;453.59
7463;CROATA;CE;Estadual;Urbana;199;469.12;496.56;457.03;423.13;422.01;453.57
7464;BAYEUX;PB;Estadual;Urbana;291;471.64;511.89;449.65;428.62;405.98;453.56
7465;CONCEICAO DO ALMEIDA;BA;Estadual;Urbana;72;475.01;508.77;440.15;421.59;422.22;453.55
7466;CANGUARETAMA;RN;Estadual;Rural;21;469.34;511.77;435.4;431.25;420.0;453.55
7467;LAJE;BA;Estadual;Urbana;103;474.31;511.42;447.69;419.53;414.76;453.54
7468;CRISTALIA;MG;Estadual;Urbana;36;464.96;516.31;438.58;424.46;423.33;453.53
7469;SAO JOAO DO PARAISO;MA;Estadual;Urbana;37;478.63;494.64;462.0;429.06;403.24;453.51
7470;NEOPOLIS;SE;Estadual;Urbana;85;475.66;507.63;451.21;426.36;406.59;453.49
7471;ANORI;AM;Estadual;Urbana;74;468.27;505.04;433.43;403.67;457.03;453.49
7472;MANICORE;AM;Municipal;Rural;2;498.8;475.9;435.9;486.8;370.0;453.48
7473;CONDADO;PE;Estadual;Urbana;139;471.0;506.76;450.2;421.56;417.84;453.47
7474;SAO PEDRO DA AGUA BRANCA;MA;Estadual;Urbana;26;480.42;516.43;443.5;412.32;414.62;453.46
7475;AGUA BRANCA;PI;Municipal;Urbana;1;493.4;468.6;477.0;408.3;420.0;453.46
7476;NOVA MAMORE;RO;Estadual;Urbana;74;471.85;505.51;457.57;428.28;404.05;453.45
7477;PIRATINI;RS;Estadual;Rural;32;470.78;499.75;446.71;414.34;435.62;453.44
7478;BREU BRANCO;PA;Estadual;Urbana;130;469.09;511.74;446.19;419.5;420.62;453.43
7479;NOVA ALVORADA DO SUL;MS;Municipal;Rural;2;463.5;495.8;418.55;449.3;440.0;453.43
7480;AGUA FRIA DE GOIAS;GO;Estadual;Rural;5;476.04;502.46;464.56;472.08;352.0;453.43
7481;SAO FRANCISCO;PB;Estadual;Urbana;32;456.24;489.98;440.82;423.74;456.25;453.41
7482;CASTRO;PR;Estadual;Rural;5;451.96;513.32;465.86;387.9;448.0;453.41
7483;SANTA MARIA DA BOA VISTA;PE;Estadual;Urbana;173;467.36;499.99;457.4;418.07;424.16;453.4
7484;SERRA DA SAUDADE;MG;Municipal;Urbana;1;455.9;515.6;521.7;473.7;300.0;453.38
7485;PEDRA BRANCA;PB;Estadual;Urbana;34;474.14;497.1;440.9;423.01;431.76;453.38
7486;BRAGANCA;PA;Estadual;Urbana;676;463.72;501.64;449.19;416.63;435.68;453.37
7487;TUTOIA;MA;Privada;Rural;14;483.56;502.67;441.44;440.62;398.57;453.37
7488;PONTA DE PEDRAS;PA;Estadual;Urbana;82;464.72;505.32;453.87;423.88;419.02;453.36
7489;GAVIAO;BA;Estadual;Urbana;8;440.04;503.46;402.31;468.44;452.5;453.35
7490;QUEIMADA NOVA;PI;Estadual;Urbana;25;467.52;501.3;456.57;433.2;408.0;453.32
7491;BOQUEIRAO;PB;Municipal;Urbana;11;444.32;499.55;453.05;407.85;461.82;453.32
7492;HORIZONTE;CE;Estadual;Rural;76;467.73;495.06;443.46;443.47;416.84;453.31
7493;PEDRINHAS;SE;Estadual;Urbana;52;465.0;503.06;451.43;427.99;418.85;453.27
7494;SAO ROBERTO;MA;Estadual;Urbana;12;463.93;508.41;443.38;420.63;430.0;453.27
7495;CENTRAL;BA;Estadual;Urbana;53;472.28;497.52;454.47;426.29;415.47;453.21
7496;JATI;CE;Estadual;Urbana;63;465.59;494.78;446.61;434.3;424.76;453.21
7497;QUIXADA;CE;Estadual;Rural;54;468.85;508.46;449.7;428.61;410.37;453.2
7498;IGUAI;BA;Estadual;Urbana;54;467.72;503.26;439.98;428.35;426.67;453.2
7499;BARREIROS;PE;Estadual;Urbana;132;476.82;504.3;443.98;423.73;417.12;453.19
7500;CABIXI;RO;Estadual;Urbana;30;467.53;516.52;467.18;419.35;395.33;453.18
7501;IRITUIA;PA;Estadual;Rural;69;460.37;508.4;448.19;405.45;443.48;453.18
7502;ITAJA;GO;Estadual;Urbana;14;492.96;533.21;454.63;409.36;375.71;453.17
7503;ANAMA;AM;Estadual;Urbana;47;455.25;512.73;439.49;429.81;428.51;453.16
7504;BOTUMIRIM;MG;Estadual;Urbana;55;462.57;507.69;454.01;440.44;401.09;453.16
7505;SAO DOMINGOS;GO;Estadual;Rural;3;437.63;495.07;438.8;480.9;413.33;453.15
7506;PENDENCIAS;RN;Estadual;Rural;7;439.01;520.63;451.33;414.69;440.0;453.13
7507;IBICUI;BA;Estadual;Urbana;50;470.51;505.5;445.21;419.12;425.2;453.11
7508;CUMARU DO NORTE;PA;Estadual;Urbana;13;465.8;513.87;452.92;399.05;433.85;453.1
7509;ITAMARAJU;BA;Municipal;Urbana;4;495.82;531.2;415.78;442.65;380.0;453.09
7510;MORRO DO CHAPEU;BA;Estadual;Rural;20;479.84;499.84;447.53;405.22;433.0;453.09
7511;CONDE;BA;Estadual;Urbana;62;457.76;499.2;449.37;425.42;433.55;453.06
7512;TURIACU;MA;Estadual;Rural;10;458.82;486.98;436.56;430.89;452.0;453.05
7513;MULUNGU;CE;Estadual;Urbana;121;469.77;491.52;445.65;414.77;443.47;453.04
7514;CHAPADINHA;MA;Estadual;Rural;9;501.37;501.76;418.03;417.37;426.67;453.04
7515;CARNEIROS;AL;Estadual;Urbana;30;475.57;513.99;439.59;411.33;424.67;453.03
7516;TIMBIRAS;MA;Estadual;Urbana;135;465.5;502.67;451.91;419.79;425.19;453.01
7517;CAARAPO;MS;Estadual;Rural;19;464.22;507.74;446.76;418.98;427.37;453.01
7518;CAMARAGIBE;PE;Municipal;Urbana;1;462.5;555.5;476.0;391.0;380.0;453.0
7519;CANABRAVA DO NORTE;MT;Estadual;Rural;6;461.83;489.9;451.53;465.07;396.67;453.0
7520;BABACULANDIA;TO;Estadual;Urbana;41;469.02;496.58;453.39;421.06;424.88;452.99
7521;ITAPIUNA;CE;Estadual;Rural;25;477.37;503.92;440.84;436.43;406.4;452.99
7522;BREJO ALEGRE;SP;Estadual;Urbana;15;476.11;518.14;447.75;412.27;410.67;452.99
7523;LAGOA SALGADA;RN;Estadual;Urbana;51;470.1;507.77;450.95;421.59;414.51;452.98
7524;IBIAPINA;CE;Estadual;Urbana;211;470.27;497.62;455.48;423.59;417.91;452.98
7525;GENERAL SAMPAIO;CE;Estadual;Urbana;59;476.04;496.07;453.21;425.58;413.9;452.96
7526;ROSARIO OESTE;MT;Estadual;Urbana;60;470.54;512.33;439.92;419.0;423.0;452.96
7527;PORTO NACIONAL;TO;Estadual;Rural;24;466.52;516.95;450.38;431.76;399.17;452.96
7528;AQUIDABA;SE;Estadual;Urbana;107;468.51;507.88;449.69;427.13;411.59;452.96
7529;ITIUBA;BA;Estadual;Urbana;59;472.77;506.76;449.08;415.18;421.02;452.96
7530;SANTANOPOLIS;BA;Estadual;Urbana;48;467.5;500.7;445.25;410.26;440.83;452.91
7531;CHA DE ALEGRIA;PE;Estadual;Urbana;38;484.74;504.0;448.82;418.55;408.42;452.91
7532;SANTA ISABEL DO PARA;PA;Municipal;Rural;13;474.9;531.75;449.76;426.4;381.54;452.87
7533;RIACHAO DO POCO;PB;Estadual;Urbana;22;482.37;522.53;465.02;411.64;382.73;452.86
7534;SANTA INES;MA;Estadual;Urbana;569;465.4;506.35;443.75;424.12;424.67;452.86
7535;PENAFORTE;CE;Estadual;Urbana;89;477.85;497.32;444.55;445.1;399.33;452.83
7536;SANTO ANDRE;PB;Estadual;Urbana;17;478.76;499.36;448.2;429.54;408.24;452.82
7537;CASTANHEIRAS;RO;Estadual;Urbana;19;465.15;522.94;442.12;438.07;395.79;452.81
7538;VITORIA DO XINGU;PA;Estadual;Urbana;88;465.66;507.63;435.68;408.22;446.82;452.8
7539;CATOLE DO ROCHA;PB;Estadual;Urbana;74;475.36;503.71;446.09;417.21;421.62;452.8
7540;MIRIM DOCE;SC;Estadual;Urbana;15;451.61;519.18;449.43;430.47;413.33;452.8
7541;ARUANA;GO;Estadual;Urbana;36;476.94;511.06;449.87;415.02;411.11;452.8
7542;OROCO;PE;Estadual;Urbana;70;469.23;496.87;454.88;433.27;409.71;452.79
7543;OIAPOQUE;AP;Estadual;Urbana;126;468.65;512.23;449.24;413.0;420.79;452.78
7544;TANGARA DA SERRA;MT;Estadual;Rural;39;447.09;508.85;474.04;425.73;408.21;452.78
7545;CAMAMU;BA;Estadual;Urbana;145;467.85;510.92;448.32;412.26;424.55;452.78
7546;PARANATAMA;PE;Estadual;Urbana;54;475.27;507.24;444.52;422.74;414.07;452.77
7547;BOCA DO ACRE;AM;Estadual;Urbana;165;462.81;499.38;441.9;425.53;434.18;452.76
7548;CICERO DANTAS;BA;Estadual;Urbana;121;473.47;500.47;447.9;430.33;411.57;452.75
7549;CRISOLITA;MG;Estadual;Urbana;18;485.94;493.36;435.47;436.74;412.22;452.75
7550;MEDICILANDIA;PA;Estadual;Urbana;70;472.69;513.46;448.42;424.76;404.41;452.75
7551;PORANGA;CE;Estadual;Urbana;116;463.15;499.54;455.61;423.38;422.07;452.75
7552;CURRALINHOS;PI;Estadual;Urbana;17;456.36;495.69;448.76;423.96;438.82;452.72
7553;GENTIO DO OURO;BA;Municipal;Rural;2;411.15;517.65;466.75;398.05;470.0;452.72
7554;COLMEIA;TO;Estadual;Rural;6;462.52;510.22;443.17;417.58;430.0;452.7
7555;NOVA VICOSA;BA;Estadual;Rural;71;472.71;501.73;456.27;431.35;401.41;452.69
7556;GRANDES RIOS;PR;Estadual;Urbana;33;467.15;509.16;447.01;431.61;408.48;452.68
7557;GURINHEM;PB;Estadual;Urbana;42;460.68;498.56;452.56;421.48;430.0;452.66
7558;GADO BRAVO;PB;Estadual;Urbana;43;477.64;513.95;443.69;420.05;407.91;452.65
7559;POCAO DE PEDRAS;MA;Estadual;Urbana;45;468.2;499.74;462.53;437.18;395.56;452.64
7560;CHAVES;PA;Estadual;Urbana;32;474.88;500.85;441.89;395.55;450.0;452.64
7561;SAO BENTINHO;PB;Estadual;Urbana;28;479.42;495.16;440.65;433.65;414.29;452.64
7562;SANTA BRIGIDA;BA;Estadual;Urbana;42;464.16;507.45;455.5;419.8;416.19;452.62
7563;OEIRAS DO PARA;PA;Estadual;Urbana;150;466.78;508.92;437.78;412.9;436.67;452.61
7564;CABROBO;PE;Estadual;Urbana;200;471.12;506.32;442.36;420.14;423.1;452.61
7565;CANARANA;BA;Estadual;Urbana;80;469.22;497.37;447.44;427.47;421.5;452.6
7566;SAMBAIBA;MA;Estadual;Urbana;14;459.0;493.39;467.87;434.13;408.57;452.59
7567;VARZELANDIA;MG;Estadual;Rural;17;465.77;510.66;464.83;418.14;403.53;452.59
7568;WALL FERRAZ;PI;Estadual;Urbana;29;455.87;493.39;470.69;419.54;423.45;452.59
7569;ANCHIETA;ES;Municipal;Rural;5;468.96;476.28;446.04;407.6;464.0;452.58
7570;COREMAS;PB;Estadual;Urbana;69;464.89;494.3;448.18;436.87;418.55;452.56
7571;DOVERLANDIA;GO;Estadual;Urbana;38;474.16;509.05;468.54;432.03;378.95;452.55
7572;LAGOA DO CARRO;PE;Estadual;Urbana;55;474.81;508.47;449.36;425.75;404.36;452.55
7573;BONITO DE SANTA FE;PB;Estadual;Urbana;58;464.46;505.49;455.32;422.89;414.48;452.53
7574;BOM JESUS DA SERRA;BA;Estadual;Urbana;43;469.19;514.75;451.27;417.18;410.23;452.52
7575;GOVERNADOR NEWTON BELLO;MA;Estadual;Urbana;22;475.06;509.52;455.55;386.09;436.36;452.51
7576;ANAJATUBA;MA;Estadual;Urbana;52;463.77;512.89;443.26;415.34;427.31;452.51
7577;SAO MATEUS DO MARANHAO;MA;Estadual;Urbana;111;463.44;496.86;437.99;413.13;450.99;452.48
7578;MANCIO LIMA;AC;Estadual;Rural;1;363.0;468.2;507.6;323.6;600.0;452.48
7579;JACOBINA;BA;Municipal;Urbana;1;508.4;478.0;499.3;456.6;320.0;452.46
7580;CAREIRO;AM;Estadual;Urbana;75;460.97;506.37;447.57;418.98;428.27;452.43
7581;ALENQUER;PA;Estadual;Urbana;230;461.18;503.08;447.45;417.03;433.39;452.43
7582;LARANJAL DO JARI;AP;Estadual;Urbana;225;472.05;507.51;447.82;414.92;419.82;452.43
7583;LAJEDO DO TABOCAL;BA;Estadual;Urbana;26;483.32;507.63;442.79;409.73;418.46;452.39
7584;ITAPORANGA D AJUDA;SE;Estadual;Urbana;86;462.14;501.35;445.57;405.23;447.67;452.39
7585;CONCEICAO DO ARAGUAIA;PA;Estadual;Urbana;230;467.91;507.85;448.39;420.1;417.57;452.36
7586;BREJOLANDIA;BA;Estadual;Urbana;26;457.78;510.35;445.93;420.06;427.69;452.36
7587;PINDARE-MIRIM;MA;Estadual;Urbana;126;464.76;505.01;445.66;412.33;433.97;452.34
7588;CIDELANDIA;MA;Estadual;Urbana;66;466.65;508.42;437.3;417.16;432.12;452.33
7589;GUARANTA;SP;Estadual;Urbana;24;495.69;512.83;440.24;411.1;401.67;452.31
7590;RIBEIRA DO POMBAL;BA;Estadual;Urbana;173;476.06;513.91;448.51;419.46;403.58;452.31
7591;DOURADOS;MS;Municipal;Urbana;1;486.7;493.3;577.0;404.4;300.0;452.28
7592;OURINHOS;SP;Estadual;Rural;7;495.91;520.46;453.84;408.3;382.86;452.27
7593;TEIXEIRA SOARES;PR;Estadual;Rural;4;507.4;552.38;405.88;430.68;365.0;452.26
7594;NOVA VICOSA;BA;Estadual;Urbana;98;471.03;505.13;445.72;434.87;404.49;452.25
7595;CURITIBANOS;SC;Municipal;Rural;7;471.69;515.39;457.91;421.93;394.29;452.24
7596;LAGARTO;SE;Estadual;Rural;162;462.94;498.88;450.59;426.51;422.22;452.23
7597;PRAIA NORTE;TO;Estadual;Urbana;37;461.46;491.95;445.25;412.74;449.73;452.23
7598;ACOPIARA;CE;Municipal;Urbana;6;488.68;521.78;430.32;443.65;376.67;452.22
7599;CAMPO NOVO DO PARECIS;MT;Estadual;Rural;26;466.42;491.82;459.66;421.63;421.54;452.21
7600;RIACHINHO;MG;Estadual;Urbana;53;463.93;506.98;455.42;422.21;412.45;452.2
7601;DUERE;TO;Estadual;Urbana;35;485.99;517.3;435.04;412.93;409.71;452.19
7602;CORACAO DE MARIA;BA;Estadual;Urbana;81;465.44;507.69;456.69;430.64;400.49;452.19
7603;SAO JOSE DE RIBAMAR;MA;Estadual;Urbana;305;471.3;506.08;444.5;418.06;420.98;452.18
7604;GOIANIA;GO;Municipal;Urbana;8;480.68;506.08;448.09;406.06;420.0;452.18
7605;MARUIM;SE;Privada;Urbana;18;475.88;514.12;427.09;414.89;428.89;452.17
7606;COLONIA LEOPOLDINA;AL;Estadual;Urbana;58;460.28;491.86;453.29;417.86;437.59;452.17
7607;JUSSARA;BA;Estadual;Urbana;64;468.42;512.94;437.01;428.12;414.38;452.17
7608;SAO GONCALO DOS CAMPOS;BA;Municipal;Rural;23;443.26;499.89;451.67;409.18;456.52;452.1
7609;CHORROCHO;BA;Estadual;Rural;23;466.33;500.3;454.03;415.45;424.35;452.09
7610;JAQUEIRA;PE;Estadual;Urbana;38;461.69;513.81;432.16;429.59;423.16;452.08
7611;MAMANGUAPE;PB;Estadual;Urbana;222;464.53;510.13;447.84;424.45;413.35;452.06
7612;SAPEACU;BA;Estadual;Urbana;69;468.76;501.36;451.12;430.77;408.12;452.02
7613;CARAVELAS;BA;Estadual;Urbana;78;480.0;505.52;450.6;426.23;397.69;452.01
7614;NOVO LINO;AL;Estadual;Urbana;40;467.0;510.24;441.79;415.96;425.0;452.0
7615;SAO JOSE DO BONFIM;PB;Estadual;Urbana;19;462.59;496.7;460.51;415.97;424.21;452.0
7616;FORTIM;CE;Estadual;Urbana;87;468.96;495.89;444.43;429.23;421.38;451.98
7617;BARRA DO CHOCA;BA;Estadual;Rural;23;472.38;509.68;463.97;426.03;387.83;451.98
7618;PORTO;PI;Estadual;Urbana;43;475.11;507.3;453.43;413.83;410.23;451.98
7619;ALMADINA;BA;Estadual;Urbana;28;465.6;516.18;433.68;408.69;435.71;451.97
7620;SALOA;PE;Estadual;Urbana;71;476.49;507.07;438.96;419.81;417.46;451.96
7621;AUGUSTO CORREA;PA;Estadual;Urbana;180;467.24;503.97;450.58;409.44;428.56;451.96
7622;CAIUA;SP;Estadual;Rural;13;484.13;491.71;439.52;427.45;416.92;451.95
7623;IRANDUBA;AM;Estadual;Urbana;129;470.61;503.87;442.3;416.86;426.05;451.94
7624;SANTA LUZ;PI;Estadual;Urbana;18;476.29;509.34;450.39;402.26;421.11;451.88
7625;PEDRA LAVRADA;PB;Estadual;Rural;11;454.66;512.65;438.05;404.84;449.09;451.86
7626;MACAMBARA;RS;Municipal;Rural;6;488.25;510.63;434.28;405.98;420.0;451.83
7627;NOVA BANDEIRANTES;MT;Estadual;Urbana;44;453.94;492.86;455.15;437.21;420.0;451.83
7628;PILOES;PB;Estadual;Urbana;49;467.68;496.5;441.86;422.06;431.02;451.83
7629;FIGUEIROPOLIS;TO;Estadual;Urbana;47;467.78;497.3;440.31;454.55;399.15;451.82
7630;SAO JOAO DA VARJOTA;PI;Municipal;Rural;2;480.25;519.0;419.25;410.6;430.0;451.82
7631;MORRO AGUDO DE GOIAS;GO;Estadual;Urbana;12;480.14;528.0;460.72;398.28;391.67;451.76
7632;QUERENCIA;MT;Estadual;Rural;3;487.47;533.2;466.1;425.27;346.67;451.74
7633;RAPOSA;MA;Estadual;Rural;105;468.08;503.91;448.01;426.46;412.19;451.73
7634;OLIVEDOS;PB;Estadual;Urbana;9;451.51;525.02;482.41;399.61;400.0;451.71
7635;NOSSA SENHORA DOS REMEDIOS;PI;Estadual;Urbana;49;476.45;504.07;466.85;411.99;399.18;451.71
7636;ANAGE;BA;Estadual;Rural;7;475.74;502.51;435.71;433.09;411.43;451.7
7637;PARIPUEIRA;AL;Estadual;Urbana;53;464.77;503.49;446.4;415.08;428.68;451.68
7638;PETROLINA;PE;Municipal;Urbana;1;507.1;523.7;369.2;378.4;480.0;451.68
7639;ARAPOEMA;TO;Estadual;Urbana;46;474.83;510.25;439.97;420.5;412.83;451.67
7640;CATALAO;GO;Estadual;Rural;22;476.68;506.69;453.36;426.16;395.45;451.67
7641;CAMPO NOVO DE RONDONIA;RO;Estadual;Rural;15;463.86;513.74;451.83;432.93;396.0;451.67
7642;IRETAMA;PR;Estadual;Rural;9;454.07;526.37;471.73;428.12;377.78;451.61
7643;AXIXA;MA;Estadual;Urbana;58;458.64;506.7;445.9;422.57;424.14;451.59
7644;ARIRANHA DO IVAI;PR;Estadual;Urbana;3;491.7;475.87;473.87;416.37;400.0;451.56
7645;CABRALIA PAULISTA;SP;Estadual;Urbana;11;472.9;488.46;451.26;443.22;401.82;451.53
7646;PINDAI;BA;Estadual;Urbana;54;463.49;511.43;446.56;430.24;405.93;451.53
7647;ITUPIRANGA;PA;Estadual;Urbana;116;472.55;502.51;448.89;426.61;407.07;451.53
7648;POTIRAGUA;BA;Estadual;Urbana;17;478.72;492.53;452.12;430.71;403.53;451.52
7649;POCONE;MT;Estadual;Urbana;111;467.59;500.68;446.72;422.58;420.0;451.51
7650;ALTO PARAISO;RO;Estadual;Urbana;80;472.08;519.5;462.52;424.34;379.0;451.49
7651;SAO DESIDERIO;BA;Municipal;Rural;18;465.58;486.43;443.06;410.09;452.22;451.48
7652;TAPAUA;AM;Estadual;Urbana;106;454.57;488.41;429.32;415.1;469.81;451.44
7653;CAJAPIO;MA;Estadual;Urbana;17;475.0;503.27;437.91;416.3;424.71;451.44
7654;GUAJARA;AM;Estadual;Urbana;61;465.6;495.51;437.82;409.05;449.18;451.43
7655;PITIMBU;PB;Estadual;Rural;18;459.38;505.4;453.48;417.72;421.11;451.42
7656;BELA CRUZ;CE;Estadual;Urbana;340;463.83;495.18;446.68;435.26;416.07;451.4
7657;ROSARIO;MA;Estadual;Urbana;140;467.96;504.93;448.36;417.63;418.0;451.38
7658;SANTA CRUZ DO ARARI;PA;Estadual;Urbana;8;469.39;527.2;465.18;405.16;390.0;451.38
7659;CAMETA;PA;Estadual;Urbana;919;459.35;500.32;447.71;415.21;434.32;451.38
7660;PARA DE MINAS;MG;Municipal;Urbana;5;471.14;543.28;495.82;350.56;396.0;451.36
7661;SENADOR RUI PALMEIRA;AL;Estadual;Urbana;38;455.67;509.97;462.8;389.91;438.42;451.35
7662;IBICARAI;BA;Estadual;Urbana;124;463.53;506.11;445.22;421.94;419.84;451.33
7663;SALINAS DA MARGARIDA;BA;Estadual;Urbana;34;481.55;507.33;434.73;418.27;414.71;451.32
7664;COROATA;MA;Estadual;Urbana;277;462.84;493.25;450.04;413.65;436.75;451.31
7665;SANTANA DO MARANHAO;MA;Estadual;Urbana;38;474.55;499.64;458.94;414.39;408.95;451.29
7666;JOAQUIM PIRES;PI;Estadual;Urbana;84;473.66;511.12;454.15;420.64;396.9;451.29
7667;MONTALVANIA;MG;Estadual;Rural;15;457.14;499.99;432.49;445.45;421.33;451.28
7668;BERTIOGA;SP;Municipal;Urbana;3;424.13;495.03;426.4;457.33;453.33;451.25
7669;TUNTUM;MA;Estadual;Urbana;99;465.36;504.76;444.78;437.71;403.64;451.25
7670;NOVA MARINGA;MT;Estadual;Rural;4;458.65;478.08;407.35;472.12;440.0;451.24
7671;VERA CRUZ;RN;Estadual;Urbana;97;481.55;509.58;442.97;420.82;401.24;451.23
7672;SUMIDOURO;RJ;Estadual;Rural;6;461.93;503.93;474.27;429.35;386.67;451.23
7673;CAPELA;AL;Estadual;Urbana;47;470.09;511.2;442.09;404.67;428.09;451.23
7674;DIAMANTE DO SUL;PR;Estadual;Urbana;24;480.79;495.82;446.49;437.11;395.83;451.21
7675;CLEVELANDIA;PR;Estadual;Rural;8;463.68;509.34;427.12;433.39;422.5;451.2
7676;CEDRO;PE;Estadual;Urbana;96;461.64;501.03;445.5;420.49;427.29;451.19
7677;ITABELA;BA;Estadual;Urbana;102;465.43;518.03;446.55;419.25;406.67;451.19
7678;SANTA LUZIA;MG;Municipal;Urbana;1;478.7;533.8;421.9;381.5;440.0;451.18
7679;PEDRO AFONSO;TO;Estadual;Urbana;110;479.97;512.76;446.47;430.48;386.18;451.17
7680;PEDRO VELHO;RN;Estadual;Urbana;60;473.64;505.6;451.36;413.58;411.67;451.17
7681;RIO BRANCO;AC;Municipal;Urbana;7;467.63;536.57;437.97;425.11;388.57;451.17
7682;PIO XII;MA;Estadual;Urbana;72;468.57;509.6;458.52;411.63;407.5;451.16
7683;CAPIXABA;AC;Estadual;Urbana;45;463.46;489.43;449.44;416.97;436.44;451.15
7684;SERRA DOS AIMORES;MG;Estadual;Urbana;26;463.57;501.67;459.24;440.48;390.77;451.14
7685;SAO JOSE DA TAPERA;AL;Estadual;Urbana;76;462.92;498.98;451.44;420.17;422.11;451.12
7686;NOVO ORIENTE DO PIAUI;PI;Estadual;Urbana;27;470.51;512.5;449.5;423.84;399.26;451.12
7687;SAO FRANCISCO DO BREJAO;MA;Estadual;Urbana;19;453.54;511.99;444.28;411.04;434.74;451.12
7688;LAGOA DO SITIO;PI;Estadual;Urbana;29;468.28;487.94;468.4;435.1;395.86;451.12
7689;PEDRAS DE MARIA DA CRUZ;MG;Estadual;Urbana;51;464.43;503.93;451.39;434.17;401.57;451.1
7690;PRAIA GRANDE;SP;Municipal;Urbana;35;466.92;529.87;466.09;416.62;376.0;451.1
7691;BALSAS;MA;Estadual;Urbana;405;460.58;506.41;449.89;419.32;419.26;451.09
7692;ARAMARI;BA;Estadual;Urbana;24;470.95;502.22;455.15;413.79;413.33;451.09
7693;LAGO DA PEDRA;MA;Estadual;Urbana;164;472.0;511.36;450.22;415.62;406.22;451.08
7694;MIRANTE DO PARANAPANEMA;SP;Estadual;Rural;22;466.26;508.52;446.09;414.47;420.0;451.07
7695;PACUJA;CE;Estadual;Urbana;74;469.13;495.43;450.62;436.92;403.24;451.07
7696;FLORES DE GOIAS;GO;Estadual;Urbana;7;427.37;512.89;482.26;427.09;405.71;451.06
7697;PARAMIRIM;BA;Municipal;Urbana;2;494.9;495.55;483.1;381.7;400.0;451.05
7698;MANCIO LIMA;AC;Estadual;Urbana;102;464.33;500.77;445.24;421.16;423.73;451.04
7699;JEREMOABO;BA;Estadual;Urbana;131;463.27;503.41;447.18;414.47;426.87;451.04
7700;OLIVENCA;AL;Estadual;Urbana;38;458.33;493.29;443.61;435.7;424.21;451.03
7701;CHOROZINHO;CE;Estadual;Urbana;165;460.46;494.43;451.33;428.12;420.73;451.01
7702;CAMPO NOVO DE RONDONIA;RO;Estadual;Urbana;31;474.78;500.29;455.64;419.81;404.52;451.01
7703;CAMPO ALEGRE;AL;Estadual;Urbana;128;460.57;495.89;449.56;406.87;442.03;450.98
7704;BOM JESUS;PB;Estadual;Urbana;29;470.07;493.66;446.78;398.88;445.52;450.98
7705;SERRA DO RAMALHO;BA;Municipal;Rural;2;441.1;500.2;457.9;475.65;380.0;450.97
7706;ARAGUAPAZ;GO;Estadual;Urbana;29;472.43;502.97;449.37;444.11;386.0;450.97
7707;LAJEADO;TO;Estadual;Urbana;15;458.21;489.75;452.93;428.55;425.33;450.95
7708;NOVA ALIANCA DO IVAI;PR;Estadual;Urbana;5;453.8;512.56;447.78;424.52;416.0;450.93
7709;SANTA HELENA DE MINAS;MG;Estadual;Urbana;33;464.31;485.39;447.58;430.07;427.27;450.92
7710;JAPARATINGA;AL;Estadual;Urbana;14;457.19;503.2;434.7;417.95;441.43;450.89
7711;NOVA CRIXAS;GO;Estadual;Urbana;54;471.74;501.89;439.5;417.2;424.07;450.88
7712;XEXEU;PE;Estadual;Rural;12;480.58;498.61;433.18;427.01;415.0;450.88
7713;UNAI;MG;Estadual;Rural;25;469.0;483.55;453.26;442.19;406.4;450.88
7714;ITABAIANA;PB;Estadual;Urbana;80;464.22;498.2;448.8;415.36;427.75;450.87
7715;ITAPE;BA;Estadual;Urbana;47;470.46;517.43;448.26;400.68;417.45;450.85
7716;CASTANHAL;PA;Estadual;Rural;18;469.81;508.21;462.36;406.11;407.78;450.85
7717;TERRA NOVA;BA;Estadual;Urbana;42;458.0;512.93;440.26;418.72;424.29;450.84
7718;CAMPINA GRANDE DO SUL;PR;Estadual;Rural;16;472.94;516.44;454.48;406.62;403.75;450.84
7719;RONDONOPOLIS;MT;Municipal;Rural;3;490.67;531.73;426.1;412.27;393.33;450.82
7720;OROS;CE;Estadual;Urbana;190;467.53;496.29;442.4;427.92;419.89;450.81
7721;COLNIZA;MT;Estadual;Urbana;100;463.3;507.7;456.52;429.76;396.8;450.81
7722;MARAGOGIPE;BA;Estadual;Urbana;82;471.82;509.0;457.59;413.89;401.71;450.8
7723;CARUARU;PE;Municipal;Rural;2;481.25;476.1;469.8;446.75;380.0;450.78
7724;SAO JOSE DO JACUIPE;BA;Estadual;Urbana;21;470.49;505.95;454.67;415.19;407.62;450.78
7725;SAO BENTO DO TRAIRI;RN;Estadual;Urbana;16;471.08;512.84;447.99;404.46;417.5;450.77
7726;SANTA RITA;MA;Estadual;Rural;20;479.83;518.24;443.18;411.58;401.0;450.77
7727;ITACARAMBI;MG;Estadual;Urbana;70;477.94;507.73;442.09;410.3;415.71;450.76
7728;COLMEIA;TO;Estadual;Urbana;51;471.65;494.44;451.7;429.71;406.27;450.76
7729;BARRO ALTO;GO;Estadual;Urbana;60;469.87;496.87;453.5;423.24;410.33;450.76
7730;SANTA CRUZ DO CAPIBARIBE;PE;Municipal;Urbana;10;482.8;514.95;429.09;400.88;426.0;450.74
7731;AVEIRO;PA;Estadual;Urbana;15;434.21;485.76;457.77;435.97;440.0;450.74
7732;PORTEIRAS;CE;Estadual;Urbana;94;464.91;490.69;442.25;433.69;422.13;450.73
7733;BACABAL;MA;Municipal;Rural;21;473.24;521.58;467.33;420.03;371.43;450.72
7734;NOVA ROMA;GO;Estadual;Urbana;34;471.86;489.3;437.27;415.74;439.41;450.72
7735;MATA GRANDE;AL;Estadual;Urbana;46;465.95;510.12;449.64;418.67;409.13;450.7
7736;SAO JOSE DA LAPA;MG;Municipal;Urbana;9;471.7;513.69;457.22;446.21;364.44;450.65
7737;MARANHAOZINHO;MA;Estadual;Urbana;5;460.68;504.44;437.48;446.58;404.0;450.64
7738;MACAUBAS;BA;Privada;Rural;5;458.76;518.92;480.4;447.1;348.0;450.64
7739;BOA NOVA;BA;Municipal;Rural;1;478.6;515.2;448.2;491.1;320.0;450.62
7740;ANAHY;PR;Estadual;Urbana;12;453.62;496.73;464.87;402.88;435.0;450.62
7741;CORTES;PE;Estadual;Urbana;72;468.91;503.78;439.95;419.04;421.39;450.61
7742;FATIMA;TO;Estadual;Urbana;29;477.46;503.69;463.83;408.76;399.31;450.61
7743;SENTO SE;BA;Estadual;Urbana;52;457.98;506.32;434.97;429.5;424.23;450.6
7744;THEOBROMA;RO;Municipal;Urbana;1;519.5;533.8;444.1;415.6;340.0;450.6
7745;MAXARANGUAPE;RN;Estadual;Urbana;28;475.21;494.22;454.22;426.45;402.86;450.59
7746;CHUPINGUAIA;RO;Estadual;Rural;12;471.89;515.99;451.78;438.28;375.0;450.59
7747;IPANGUACU;RN;Estadual;Urbana;44;467.55;503.95;427.62;436.05;417.73;450.58
7748;ACARAU;CE;Estadual;Rural;106;460.37;498.86;449.1;434.58;410.0;450.58
7749;BOA NOVA;BA;Estadual;Urbana;39;475.38;499.97;442.6;401.58;433.33;450.57
7750;PRESIDENTE JUSCELINO;RN;Estadual;Urbana;40;481.5;500.74;452.66;418.39;399.5;450.56
7751;ALTANEIRA;CE;Estadual;Urbana;108;469.46;508.79;452.25;429.34;392.96;450.56
7752;JACIARA;MT;Estadual;Rural;1;441.9;468.7;418.4;423.7;500.0;450.54
7753;PAQUETA;PI;Estadual;Urbana;11;481.76;490.09;457.28;412.6;410.91;450.53
7754;CONDE;PB;Estadual;Urbana;60;465.65;501.09;450.02;422.82;413.0;450.52
7755;CANGUARETAMA;RN;Estadual;Urbana;124;474.35;512.66;442.89;421.39;401.29;450.52
7756;SAO BENEDITO;CE;Estadual;Rural;30;475.54;503.39;467.39;410.96;395.33;450.52
7757;ANAPU;PA;Privada;Urbana;1;451.9;566.1;431.2;443.4;360.0;450.52
7758;SANTA LUZIA DO PARA;PA;Estadual;Urbana;120;464.94;502.03;441.63;416.82;427.17;450.52
7759;LARANJAL;PR;Estadual;Rural;9;455.61;507.13;425.52;390.93;473.33;450.51
7760;BODO;RN;Estadual;Urbana;9;476.24;498.11;461.27;396.83;420.0;450.49
7761;GONCALVES DIAS;MA;Estadual;Urbana;35;455.27;504.94;458.48;419.48;414.29;450.49
7762;NOVO SANTO ANTONIO;PI;Estadual;Urbana;19;463.07;502.36;445.17;415.46;426.32;450.48
7763;SENADOR LA ROCQUE;MA;Estadual;Urbana;69;462.5;508.61;443.27;425.46;412.46;450.46
7764;PILAR;AL;Estadual;Urbana;98;465.49;504.14;443.43;407.74;431.43;450.45
7765;ALTO ALEGRE DO PINDARE;MA;Estadual;Urbana;85;464.93;496.31;447.46;439.98;403.53;450.44
7766;SANTA TEREZINHA;MT;Estadual;Urbana;15;477.72;500.62;449.92;439.85;384.0;450.42
7767;BREJAO;PE;Estadual;Urbana;58;466.63;506.96;441.21;431.4;405.86;450.41
7768;FONTOURA XAVIER;RS;Estadual;Rural;7;441.34;495.41;484.3;433.83;397.14;450.41
7769;SITIO DO QUINTO;BA;Estadual;Urbana;80;468.29;499.17;453.52;438.49;392.5;450.39
7770;CURVELO;MG;Estadual;Rural;8;475.49;511.65;462.9;404.42;397.5;450.39
7771;BARRA;BA;Estadual;Urbana;129;470.83;506.97;445.88;415.58;412.71;450.39
7772;NOVA UBIRATA;MT;Estadual;Urbana;42;456.69;508.11;464.23;426.2;396.67;450.38
7773;LUCRECIA;RN;Estadual;Urbana;11;461.63;509.65;446.96;431.57;401.82;450.33
7774;SORRISO;MT;Municipal;Rural;1;480.1;562.1;413.5;355.8;440.0;450.3
7775;ITAPEBI;BA;Estadual;Urbana;19;472.34;519.71;450.14;423.99;385.26;450.29
7776;SANTALUZ;BA;Municipal;Rural;2;469.55;480.2;435.1;416.5;450.0;450.27
7777;CAREIRO;AM;Estadual;Rural;54;459.36;488.88;427.64;415.05;460.37;450.26
7778;SANHARO;PE;Municipal;Urbana;5;481.6;528.62;431.74;389.26;420.0;450.24
7779;ALVORADA DO NORTE;GO;Estadual;Urbana;64;481.04;506.83;445.79;421.88;395.62;450.23
7780;TUPIRAMA;TO;Estadual;Urbana;9;470.08;531.12;469.49;449.34;331.11;450.23
7781;MANAUS;AM;Estadual;Rural;7;465.76;481.49;461.71;393.53;448.57;450.21
7782;CAPIM;PB;Municipal;Urbana;23;480.4;522.46;456.96;412.83;378.26;450.18
7783;RIO BRANCO DO IVAI;PR;Estadual;Urbana;16;466.4;501.36;448.54;408.24;426.25;450.16
7784;AUGUSTINOPOLIS;TO;Estadual;Urbana;71;478.66;501.27;454.16;426.28;390.42;450.16
7785;CACAULANDIA;RO;Estadual;Urbana;21;475.47;524.59;450.25;417.57;382.86;450.15
7786;GIRAU DO PONCIANO;AL;Estadual;Urbana;118;461.4;507.23;441.36;419.23;421.53;450.15
7787;CARRAPATEIRA;PB;Estadual;Urbana;21;457.1;500.14;447.24;420.5;425.71;450.14
7788;RIACHO DOS MACHADOS;MG;Estadual;Urbana;44;467.2;510.08;442.97;451.2;379.09;450.11
7789;CRUZEIRO DO SUL;AC;Municipal;Rural;2;493.85;526.8;491.25;408.6;330.0;450.1
7790;IGARACU DO TIETE;SP;Privada;Urbana;10;459.36;519.4;461.88;387.83;422.0;450.09
7791;RIO VERDE;GO;Federal;Rural;2;417.7;529.65;423.8;459.3;420.0;450.09
7792;ITAJU DO COLONIA;BA;Estadual;Urbana;14;482.91;513.04;448.31;417.55;388.57;450.08
7793;MULUNGU DO MORRO;BA;Estadual;Urbana;39;465.67;500.75;438.77;434.42;410.77;450.07
7794;GARRAFAO DO NORTE;PA;Estadual;Urbana;50;454.85;507.65;433.24;428.91;425.6;450.05
7795;LAGOA DE ITAENGA;PE;Estadual;Urbana;138;469.2;504.47;447.06;428.23;401.3;450.05
7796;SAO RAIMUNDO DAS MANGABEIRAS;MA;Estadual;Urbana;84;465.66;500.31;437.47;422.71;424.05;450.04
7797;NOVO SANTO ANTONIO;MT;Estadual;Urbana;6;464.33;511.8;435.73;434.9;403.33;450.02
7798;TABATINGA;AM;Estadual;Urbana;195;467.89;502.72;443.71;408.51;427.28;450.02
7799;CATURAMA;BA;Estadual;Urbana;36;455.33;493.04;441.22;418.79;441.67;450.01
7800;MONTE HOREBE;PB;Estadual;Urbana;19;436.49;489.71;439.22;444.56;440.0;450.0
7801;BREJOES;BA;Estadual;Rural;31;467.93;519.95;461.38;399.38;401.29;449.99
7802;MARCOS PARENTE;PI;Estadual;Urbana;27;464.34;487.4;441.78;432.7;423.7;449.98
7803;FRANCISCO MACEDO;PI;Estadual;Urbana;6;464.82;467.92;454.25;439.48;423.33;449.96
7804;JABORANDI;BA;Estadual;Urbana;35;469.54;508.4;447.39;414.14;410.29;449.95
7805;NOVA AURORA;GO;Estadual;Urbana;8;459.84;490.91;458.5;447.92;392.5;449.94
7806;ARAPUA;PR;Estadual;Rural;6;462.52;514.18;439.3;423.53;410.0;449.91
7807;PORTO DE MOZ;PA;Estadual;Urbana;65;461.39;512.11;440.07;421.07;414.77;449.88
7808;AGUA FRIA;BA;Estadual;Urbana;67;470.17;506.05;441.66;420.95;410.45;449.86
7809;CHA GRANDE;PE;Estadual;Urbana;65;489.76;500.53;441.1;406.17;411.69;449.85
7810;FILADELFIA;BA;Estadual;Urbana;66;464.69;493.17;457.08;415.14;419.09;449.83
7811;MARITUBA;PA;Municipal;Urbana;11;463.56;490.9;438.89;424.88;430.91;449.83
7812;PARICONHA;AL;Estadual;Rural;3;452.17;499.83;434.43;416.07;446.67;449.83
7813;CRICIUMA;SC;Municipal;Urbana;1;444.5;377.2;459.4;508.0;460.0;449.82
7814;HOLAMBRA;SP;Municipal;Urbana;1;481.9;579.7;483.2;424.2;280.0;449.8
7815;TEREZOPOLIS DE GOIAS;GO;Estadual;Urbana;25;469.99;499.68;448.1;450.34;380.8;449.78
7816;PASSA E FICA;RN;Estadual;Urbana;67;462.32;497.58;444.54;435.52;408.96;449.78
7817;AFONSO BEZERRA;RN;Estadual;Urbana;34;463.04;497.66;440.81;446.65;400.59;449.75
7818;CATURITE;PB;Estadual;Urbana;32;465.25;504.9;449.76;428.74;400.0;449.73
7819;CAJUEIRO DA PRAIA;PI;Estadual;Urbana;33;464.35;506.6;442.65;408.85;426.06;449.7
7820;ITAPIUNA;CE;Estadual;Urbana;135;470.33;510.16;455.09;416.99;395.85;449.69
7821;ITAPICURU;BA;Estadual;Urbana;35;469.76;497.33;462.37;427.46;391.43;449.67
7822;NAZARE;BA;Estadual;Urbana;83;469.38;502.49;452.81;420.95;402.65;449.66
7823;LAJEDINHO;BA;Estadual;Urbana;16;473.29;480.05;438.18;402.89;453.75;449.63
7824;CRISOPOLIS;BA;Estadual;Urbana;84;456.87;500.87;451.2;420.34;418.81;449.62
7825;GUARARA;MG;Municipal;Urbana;1;485.6;536.6;397.5;448.4;380.0;449.62
7826;PARANHOS;MS;Estadual;Urbana;45;462.96;499.22;463.67;435.15;387.11;449.62
7827;DIAMANTE;PB;Estadual;Urbana;52;466.25;500.06;441.94;419.84;420.0;449.62
7828;CHA PRETA;AL;Estadual;Urbana;48;461.3;498.99;433.3;401.43;452.92;449.59
7829;QUEIROZ;SP;Estadual;Urbana;8;457.5;526.41;446.31;377.69;440.0;449.58
7830;LAGOA DA CONFUSAO;TO;Estadual;Urbana;36;456.14;506.35;447.27;419.26;418.89;449.58
7831;FEIRA NOVA DO MARANHAO;MA;Estadual;Urbana;18;474.52;509.17;443.63;422.67;397.78;449.56
7832;INHACORA;RS;Estadual;Urbana;3;461.1;463.93;421.77;447.67;453.33;449.56
7833;MATINA;BA;Estadual;Urbana;53;470.24;500.89;450.78;401.59;424.15;449.53
7834;SERRA DOURADA;BA;Estadual;Urbana;97;471.26;499.13;450.7;424.66;401.86;449.52
7835;ALTO SANTO;CE;Estadual;Urbana;94;473.51;494.62;445.14;421.11;413.19;449.51
7836;GRAVATA;PE;Municipal;Rural;3;486.13;494.73;465.5;414.5;386.67;449.51
7837;RUY BARBOSA;BA;Estadual;Urbana;86;467.22;503.11;445.73;419.71;411.63;449.48
7838;VARZEA NOVA;BA;Estadual;Urbana;51;475.45;503.43;446.15;408.22;414.12;449.47
7839;AGUA PRETA;PE;Estadual;Rural;14;478.49;491.33;433.74;395.24;448.57;449.47
7840;TERRA ALTA;PA;Estadual;Urbana;28;477.06;501.8;460.32;414.61;393.57;449.47
7841;BARBALHA;CE;Estadual;Rural;48;464.1;494.41;441.66;423.81;423.33;449.46
7842;MUITOS CAPOES;RS;Estadual;Urbana;6;466.87;451.0;431.63;401.15;496.67;449.46
7843;CRAVOLANDIA;BA;Estadual;Urbana;19;451.42;512.96;444.53;405.65;432.63;449.44
7844;MANGARATIBA;RJ;Municipal;Urbana;5;452.68;548.52;449.26;452.74;344.0;449.44
7845;LAGO DO JUNCO;MA;Estadual;Urbana;40;472.94;502.38;440.26;414.55;417.0;449.43
7846;CARAUARI;AM;Estadual;Urbana;159;458.41;506.01;442.3;412.96;427.42;449.42
7847;PACO DO LUMIAR;MA;Estadual;Rural;101;463.47;502.76;447.6;423.31;409.9;449.41
7848;NORMANDIA;RR;Estadual;Urbana;14;436.04;480.1;454.44;424.98;451.43;449.4
7849;OLHO D AGUA;PB;Estadual;Urbana;30;477.77;502.69;431.3;420.5;414.67;449.39
7850;SANTA CRUZ;RN;Estadual;Urbana;144;466.59;505.0;436.43;419.2;419.72;449.39
7851;RUBELITA;MG;Municipal;Urbana;1;435.6;476.5;484.3;430.5;420.0;449.38
7852;JUSSIAPE;BA;Estadual;Urbana;16;467.16;497.64;447.46;430.86;403.75;449.37
7853;CATANDUVA;SP;Municipal;Urbana;6;496.63;505.55;449.85;428.15;366.67;449.37
7854;PINDOBACU;BA;Estadual;Rural;21;449.66;511.32;447.06;398.75;440.0;449.36
7855;SAO JOSE DO SABUGI;PB;Estadual;Urbana;39;456.17;493.08;441.85;428.51;427.18;449.36
7856;SAO RAIMUNDO NONATO;PI;Estadual;Urbana;289;464.54;504.49;449.5;424.86;403.32;449.34
7857;CRISTOPOLIS;BA;Estadual;Urbana;80;460.8;501.76;444.29;424.36;415.5;449.34
7858;ZE DOCA;MA;Estadual;Urbana;160;468.41;504.5;446.4;416.76;410.25;449.26
7859;BERTOLINIA;PI;Estadual;Urbana;41;460.75;508.02;457.89;412.54;406.83;449.21
7860;SERRINHA;RN;Estadual;Urbana;28;470.4;507.01;437.09;445.06;386.43;449.2
7861;QUILOMBO;SC;Estadual;Rural;18;459.38;499.07;452.78;431.38;403.33;449.19
7862;SAO LUIS DO QUITUNDE;AL;Estadual;Urbana;77;463.07;502.04;445.8;418.89;416.1;449.18
7863;TRIUNFO;PB;Estadual;Urbana;49;459.26;496.03;436.24;412.68;441.63;449.17
7864;CORIBE;BA;Estadual;Urbana;72;464.44;497.98;460.58;427.87;395.0;449.17
7865;ANTAS;BA;Estadual;Urbana;32;463.9;496.43;454.03;420.76;410.62;449.15
7866;ITAETE;BA;Estadual;Urbana;29;470.09;503.07;429.48;427.95;415.17;449.15
7867;ESPLANADA;BA;Estadual;Urbana;118;469.92;501.73;450.68;433.69;389.66;449.14
7868;ITAPORANGA;PB;Estadual;Urbana;99;461.31;498.59;448.73;421.93;415.15;449.14
7869;AQUIRAZ;CE;Estadual;Rural;99;471.51;505.49;435.25;417.09;416.36;449.14
7870;PEDRAS ALTAS;RS;Estadual;Urbana;10;461.39;501.28;412.51;418.44;452.0;449.12
7871;BREJINHO;RN;Estadual;Urbana;77;465.98;507.16;452.91;414.39;404.94;449.07
7872;SAO RAFAEL;RN;Estadual;Urbana;58;462.45;497.35;448.32;424.77;412.41;449.06
7873;TERRA SANTA;PA;Estadual;Urbana;73;453.56;493.09;438.76;410.83;449.04;449.06
7874;DOMINGOS MARTINS;ES;Municipal;Urbana;13;457.45;487.55;453.23;434.78;412.31;449.06
7875;OUREM;PA;Estadual;Urbana;122;464.18;498.38;442.39;414.25;426.07;449.05
7876;SAO MIGUEL DO TAPUIO;PI;Estadual;Urbana;59;467.11;495.15;447.63;413.96;421.36;449.04
7877;PRESIDENTE PRUDENTE;SP;Municipal;Urbana;5;481.22;485.82;415.98;410.14;452.0;449.03
7878;BOM PRINCIPIO DO PIAUI;PI;Estadual;Urbana;25;460.95;493.76;458.06;429.15;403.2;449.02
7879;BORBA;AM;Estadual;Urbana;159;460.23;495.75;443.1;415.56;430.31;448.99
7880;ITAQUIRAI;MS;Privada;Rural;12;458.11;518.27;484.2;434.33;350.0;448.98
7881;GRANJEIRO;CE;Estadual;Urbana;59;465.4;499.45;454.6;426.44;398.98;448.98
7882;CRISTINAPOLIS;SE;Estadual;Urbana;67;460.06;493.53;449.46;432.18;409.61;448.97
7883;SANTA FE DO ARAGUAIA;TO;Estadual;Rural;1;444.1;555.5;404.4;480.7;360.0;448.94
7884;POTIRETAMA;CE;Estadual;Urbana;52;465.03;497.42;447.96;422.98;411.15;448.91
7885;COCOS;BA;Estadual;Urbana;64;454.19;507.22;463.8;422.69;396.56;448.89
7886;FEIRA NOVA;SE;Estadual;Urbana;5;472.76;529.24;442.36;380.06;420.0;448.88
7887;AMARANTE;PI;Estadual;Urbana;93;467.95;505.51;451.87;420.95;397.85;448.83
7888;TANGARA;RN;Estadual;Urbana;57;465.32;509.99;432.93;419.05;416.84;448.82
7889;JOAO DIAS;RN;Estadual;Urbana;15;458.93;517.19;435.67;406.99;425.33;448.82
7890;NOVA OLINDA DO NORTE;AM;Estadual;Urbana;180;458.4;497.95;440.98;410.51;436.22;448.81
7891;ALVARAES;AM;Estadual;Urbana;56;461.93;501.54;450.53;402.16;427.86;448.8
7892;MATOES DO NORTE;MA;Estadual;Urbana;9;446.73;522.57;440.72;440.49;393.33;448.77
7893;SAO SEBASTIAO DA BOA VISTA;PA;Estadual;Urbana;217;458.84;500.44;434.76;415.08;434.75;448.77
7894;MONTES CLAROS;MG;Municipal;Urbana;7;461.9;517.27;456.43;405.39;402.86;448.77
7895;BAGRE;PA;Estadual;Urbana;55;450.62;499.0;437.27;404.11;452.73;448.75
7896;SAO GABRIEL DA CACHOEIRA;AM;Estadual;Urbana;186;454.52;494.17;447.54;413.81;433.66;448.74
7897;EIRUNEPE;AM;Estadual;Urbana;132;457.4;498.48;451.61;421.66;414.55;448.74
7898;IGACI;AL;Municipal;Urbana;10;450.78;478.7;452.6;411.58;450.0;448.73
7899;MACAMBARA;RS;Estadual;Urbana;23;453.02;503.61;464.08;422.07;400.87;448.73
7900;CRUZEIRO DO SUL;AC;Municipal;Urbana;1;448.6;483.5;481.9;409.6;420.0;448.72
7901;SERRA REDONDA;PB;Estadual;Urbana;22;476.03;504.67;438.25;420.02;404.55;448.7
7902;CAMPINA DO SIMAO;PR;Estadual;Urbana;36;456.5;506.16;452.36;416.74;411.67;448.69
7903;CAMPO MAGRO;PR;Estadual;Rural;6;463.97;487.4;456.65;432.08;403.33;448.69
7904;CURUA;PA;Estadual;Urbana;28;466.23;500.58;444.66;398.34;433.57;448.68
7905;MONJOLOS;MG;Estadual;Urbana;19;472.64;513.38;442.86;424.99;389.47;448.67
7906;ABAETETUBA;PA;Municipal;Rural;27;463.65;501.38;448.76;419.14;410.37;448.66
7907;FLORA RICA;SP;Estadual;Urbana;11;469.39;483.4;449.24;421.27;420.0;448.66
7908;SAO JOAO DA BALIZA;RR;Estadual;Urbana;21;454.09;506.61;446.24;407.74;428.57;448.65
7909;CAMPO BELO DO SUL;SC;Municipal;Rural;6;490.93;524.72;447.73;436.47;343.33;448.64
7910;PIRAI DO NORTE;BA;Estadual;Urbana;23;472.17;509.74;458.03;420.61;382.61;448.63
7911;PIRAPEMAS;MA;Estadual;Urbana;40;446.94;518.21;438.08;429.33;410.5;448.61
7912;VIANA;MA;Estadual;Rural;7;445.41;498.24;437.59;413.23;448.57;448.61
7913;NOVA BANDEIRANTES;MT;Estadual;Rural;19;453.96;497.08;452.31;442.82;396.84;448.6
7914;CAETANOS;BA;Estadual;Urbana;24;487.52;512.06;455.0;406.76;381.67;448.6
7915;MONTE SANTO;BA;Municipal;Urbana;41;469.95;511.67;432.12;413.15;416.1;448.6
7916;LUISLANDIA;MG;Municipal;Rural;1;560.5;535.6;501.6;385.3;260.0;448.6
7917;CODO;MA;Estadual;Urbana;342;470.87;507.13;444.82;410.44;409.65;448.58
7918;MIRANORTE;TO;Estadual;Urbana;80;454.18;505.81;450.19;434.73;398.0;448.58
7919;ALCANTARA;MA;Estadual;Urbana;44;471.08;488.33;436.81;408.91;437.73;448.57
7920;MARECHAL DEODORO;AL;Estadual;Urbana;78;458.99;496.24;434.64;412.67;440.26;448.56
7921;OBIDOS;PA;Privada;Rural;2;436.85;520.45;459.45;496.05;330.0;448.56
7922;SANTO ANTONIO DO LEVERGER;MT;Estadual;Urbana;35;462.48;498.24;455.13;418.35;408.57;448.55
7923;GLORIA D OESTE;MT;Estadual;Rural;3;474.03;531.9;456.43;400.37;380.0;448.55
7924;VITORIA DO MEARIM;MA;Estadual;Urbana;105;459.03;490.61;442.96;412.55;437.52;448.54
7925;PAJEU DO PIAUI;PI;Estadual;Urbana;22;458.25;499.67;461.12;444.51;379.09;448.53
7926;CAXINGO;PI;Estadual;Urbana;31;465.66;487.34;454.52;423.47;411.61;448.52
7927;CARNAUBAIS;RN;Estadual;Urbana;40;479.61;508.29;440.85;413.22;400.5;448.5
7928;FORTALEZA DO TABOCAO;TO;Estadual;Urbana;29;474.78;500.75;436.05;428.11;402.76;448.49
7929;PALESTINA DE GOIAS;GO;Estadual;Urbana;7;475.1;524.46;439.31;432.06;371.43;448.47
7930;ALTO LONGA;PI;Estadual;Urbana;51;470.61;491.55;454.06;431.13;394.9;448.45
7931;SANTA CECILIA;PB;Estadual;Urbana;17;485.22;510.72;441.49;398.86;405.88;448.44
7932;LARANJEIRAS;SE;Estadual;Urbana;77;463.8;500.71;444.13;410.09;423.38;448.42
7933;CANAA DOS CARAJAS;PA;Estadual;Urbana;119;468.78;507.48;444.18;419.28;402.18;448.38
7934;LAGO DOS RODRIGUES;MA;Estadual;Urbana;47;467.89;502.23;441.07;416.19;414.47;448.37
7935;CAAPORA;PB;Estadual;Urbana;78;468.17;503.91;438.98;416.64;414.1;448.36
7936;URUCARA;AM;Estadual;Urbana;125;447.67;495.11;437.15;413.56;448.32;448.36
7937;OLHO D AGUA DO CASADO;AL;Estadual;Urbana;23;453.4;520.32;431.26;398.51;438.26;448.35
7938;JACAREACANGA;PA;Estadual;Urbana;10;466.75;486.76;433.03;429.16;426.0;448.34
7939;JOSE GONCALVES DE MINAS;MG;Estadual;Urbana;29;465.57;499.32;462.25;426.25;388.28;448.33
7940;TRACUNHAEM;PE;Estadual;Urbana;93;470.68;497.43;451.16;422.27;400.0;448.31
7941;PINDARE-MIRIM;MA;Privada;Urbana;5;479.3;459.0;441.2;429.9;432.0;448.28
7942;RIACHAO DAS NEVES;BA;Estadual;Urbana;68;465.56;505.98;451.63;410.55;407.65;448.27
7943;SENADOR ALEXANDRE COSTA;MA;Estadual;Urbana;55;470.14;503.72;449.06;417.92;400.36;448.24
7944;LAGOA GRANDE;PE;Estadual;Urbana;45;463.02;496.12;434.24;414.47;433.33;448.23
7945;IUIU;BA;Estadual;Urbana;39;467.69;503.65;463.03;438.02;368.72;448.22
7946;TOUROS;RN;Estadual;Urbana;129;462.79;492.22;440.67;427.44;417.98;448.22
7947;AGUA AZUL DO NORTE;PA;Estadual;Urbana;25;471.41;504.16;453.06;424.38;388.0;448.2
7948;SAO JOSE DA LAGOA TAPADA;PB;Estadual;Urbana;35;474.27;478.97;439.09;432.56;416.0;448.18
7949;FAINA;GO;Estadual;Urbana;36;468.91;504.55;447.81;432.28;387.22;448.16
7950;LAGOA REAL;BA;Estadual;Urbana;55;466.03;492.55;450.99;420.32;410.91;448.16
7951;SITIO NOVO DO TOCANTINS;TO;Estadual;Urbana;54;471.53;500.5;454.13;396.79;417.78;448.15
7952;CUIABA;MT;Municipal;Urbana;10;463.47;477.19;483.87;406.23;410.0;448.15
7953;LAVANDEIRA;TO;Estadual;Urbana;14;468.92;530.13;444.26;428.69;368.57;448.12
7954;RIO SONO;TO;Estadual;Rural;4;474.48;459.35;458.15;423.58;425.0;448.11
7955;URUANA DE MINAS;MG;Estadual;Urbana;20;463.08;488.6;435.19;405.6;448.0;448.1
7956;CACERES;MT;Estadual;Rural;51;462.31;502.16;455.42;427.24;393.33;448.1
7957;JAPORA;MS;Municipal;Rural;2;416.0;490.95;485.25;438.25;410.0;448.09
7958;MARUIM;SE;Estadual;Urbana;50;477.38;513.77;433.55;420.83;394.8;448.07
7959;UNIAO;PI;Estadual;Urbana;247;469.92;505.57;453.12;415.44;396.28;448.07
7960;TERESINA;PI;Estadual;Rural;100;475.2;507.01;457.1;413.77;387.2;448.06
7961;AGUAS BELAS;PE;Estadual;Rural;6;429.45;518.1;427.8;421.48;443.33;448.03
7962;NEOPOLIS;SE;Estadual;Rural;6;477.12;527.48;448.53;410.33;376.67;448.03
7963;AMPARO;PB;Estadual;Urbana;11;451.7;484.91;417.83;400.19;485.45;448.02
7964;FAGUNDES;PB;Municipal;Urbana;20;462.51;510.54;440.19;418.79;408.0;448.01
7965;COLIDER;MT;Estadual;Rural;20;445.37;499.21;440.7;414.75;440.0;448.01
7966;SAO MIGUEL DE TAIPU;PB;Estadual;Rural;6;480.58;468.85;438.12;419.15;433.33;448.01
7967;ARES;RN;Estadual;Urbana;48;461.86;506.64;431.68;422.32;417.5;448.0
7968;BARREIRINHAS;MA;Estadual;Urbana;176;465.59;505.33;450.25;422.13;396.59;447.98
7969;COLONIA DO GURGUEIA;PI;Estadual;Urbana;56;466.91;502.13;458.88;421.27;390.71;447.98
7970;PADRE MARCOS;PI;Estadual;Urbana;37;471.18;491.26;454.72;407.98;414.59;447.95
7971;CAPITAO GERVASIO OLIVEIRA;PI;Estadual;Urbana;11;451.88;510.26;446.45;420.18;410.91;447.94
7972;IRANDUBA;AM;Estadual;Rural;99;456.82;506.76;439.66;408.57;427.88;447.94
7973;MATINHA;MA;Estadual;Urbana;129;464.12;509.37;454.4;420.47;391.32;447.93
7974;FLORIANOPOLIS;SC;Municipal;Urbana;8;462.76;516.34;463.06;397.4;400.0;447.91
7975;PORTO FRANCO;MA;Municipal;Urbana;3;439.37;465.17;499.77;415.2;420.0;447.9
7976;SAPEACU;BA;Estadual;Rural;24;462.88;516.04;456.68;410.56;393.33;447.9
7977;ANGICAL;BA;Estadual;Urbana;58;457.46;501.56;433.64;420.54;426.21;447.88
7978;CAJAPIO;MA;Estadual;Rural;1;455.5;469.6;522.1;392.2;400.0;447.88
7979;CAJARI;MA;Estadual;Urbana;39;463.47;508.66;433.47;417.35;416.41;447.87
7980;SIGEFREDO PACHECO;PI;Estadual;Urbana;42;468.76;500.57;452.34;430.5;387.14;447.86
7981;LAGOA DA CANOA;AL;Estadual;Urbana;106;461.62;497.62;452.31;430.01;397.74;447.86
7982;CAMETA;PA;Estadual;Rural;25;463.4;507.51;442.96;421.44;404.0;447.86
7983;ELDORADO DOS CARAJAS;PA;Estadual;Urbana;86;462.21;506.45;445.77;423.42;401.4;447.85
7984;MARIANA;MG;Municipal;Urbana;29;471.9;523.32;450.32;431.59;362.07;447.84
7985;TERESOPOLIS;RJ;Municipal;Rural;1;520.6;479.8;412.8;406.0;420.0;447.84
7986;CARINHANHA;BA;Estadual;Urbana;93;466.82;510.54;444.02;408.33;409.46;447.83
7987;TABAPORA;MT;Estadual;Rural;20;468.38;502.28;440.38;413.06;415.0;447.82
7988;TUPARETAMA;PE;Municipal;Rural;6;465.57;496.45;436.22;394.12;446.67;447.8
7989;APUIARES;CE;Estadual;Urbana;170;470.34;505.71;449.78;425.19;388.0;447.8
7990;ALAGOINHA;PE;Estadual;Urbana;35;481.61;502.97;439.09;417.54;397.71;447.79
7991;PIRACANJUBA;GO;Municipal;Urbana;14;459.11;495.75;446.12;467.74;370.0;447.74
7992;SANTO ANTONIO DO ICA;AM;Estadual;Urbana;108;449.12;493.97;427.02;410.04;458.52;447.73
7993;BOQUIM;SE;Estadual;Urbana;207;461.75;493.1;449.8;417.98;415.94;447.72
7994;MADALENA;CE;Estadual;Rural;29;459.33;497.69;455.81;425.03;400.69;447.71
7995;CANTO DO BURITI;PI;Estadual;Urbana;95;474.86;509.76;447.04;415.62;391.22;447.7
7996;SIMPLICIO MENDES;PI;Estadual;Urbana;76;465.22;502.45;446.18;422.28;402.37;447.7
7997;BARRO PRETO;BA;Estadual;Urbana;30;469.67;498.11;430.2;415.13;425.33;447.69
7998;BOM LUGAR;MA;Estadual;Urbana;29;466.99;501.0;444.97;420.59;404.83;447.68
7999;ITAQUARA;BA;Estadual;Urbana;27;469.77;507.31;444.96;424.44;391.85;447.67
8000;ITAPIRATINS;TO;Estadual;Urbana;26;463.62;512.6;442.45;421.96;397.69;447.67
8001;CHAPADINHA;MA;Estadual;Urbana;355;464.84;498.14;447.04;415.0;413.18;447.64
8002;CORONEL JOAO PESSOA;RN;Estadual;Urbana;26;457.3;491.5;433.97;421.5;433.85;447.62
8003;AVELINOPOLIS;GO;Estadual;Urbana;9;466.34;492.54;472.63;419.83;386.67;447.6
8004;ANGICOS;RN;Estadual;Urbana;52;477.55;500.61;434.13;423.65;401.92;447.57
8005;CATINGUEIRA;PB;Estadual;Urbana;17;456.2;501.75;438.36;394.39;447.06;447.55
8006;CARIRA;SE;Estadual;Urbana;79;471.32;510.54;449.35;421.86;384.56;447.53
8007;NOVA SANTA RITA;PI;Estadual;Urbana;14;480.89;508.41;453.94;388.61;405.71;447.51
8008;VARJOTA;CE;Estadual;Urbana;151;465.1;494.45;443.85;427.39;406.49;447.46
8009;ADAMANTINA;SP;Estadual;Rural;13;436.65;488.38;474.07;421.25;416.92;447.46
8010;JANDAIRA;RN;Estadual;Urbana;16;469.08;503.91;448.74;429.19;386.25;447.44
8011;OURO VERDE;SC;Estadual;Urbana;6;446.78;469.87;480.63;423.27;416.67;447.44
8012;VISEU;PA;Municipal;Urbana;2;418.95;457.75;423.35;467.15;470.0;447.44
8013;CANTA;RR;Estadual;Rural;24;453.54;505.93;469.66;413.79;394.17;447.42
8014;MIRANDA DO NORTE;MA;Estadual;Rural;1;397.3;484.5;436.9;398.4;520.0;447.42
8015;RIO TINTO;PB;Estadual;Urbana;72;467.55;491.62;439.57;416.63;421.67;447.41
8016;OURO BRANCO;AL;Estadual;Urbana;46;462.07;496.76;440.48;419.47;418.26;447.41
8017;PRESIDENTE VARGAS;MA;Estadual;Urbana;19;462.12;491.59;440.27;413.52;429.47;447.4
8018;GOVERNADOR NUNES FREIRE;MA;Estadual;Urbana;78;470.1;500.33;444.7;414.1;407.69;447.39
8019;SANTO ANTONIO;RN;Estadual;Urbana;91;468.02;493.09;450.75;415.6;409.45;447.38
8020;FORQUILHA;CE;Estadual;Urbana;302;462.44;491.75;449.82;431.58;401.19;447.36
8021;SOUSA;PB;Estadual;Rural;18;464.94;500.21;445.55;404.81;421.11;447.32
8022;SANTA BARBARA;BA;Estadual;Urbana;74;464.1;498.01;449.29;409.42;415.68;447.3
8023;NOVO CRUZEIRO;MG;Estadual;Rural;32;482.88;485.37;455.56;419.49;393.12;447.29
8024;SATUBINHA;MA;Estadual;Urbana;33;465.75;482.1;460.22;409.53;418.79;447.28
8025;AURORA DO TOCANTINS;TO;Estadual;Urbana;35;481.49;502.83;447.56;433.61;370.86;447.27
8026;GRAJAU;MA;Estadual;Urbana;287;465.69;507.89;450.84;415.4;396.52;447.27
8027;TURURU;CE;Estadual;Urbana;181;468.5;490.11;445.26;415.91;416.46;447.25
8028;NOVA AMERICA DA COLINA;PR;Estadual;Urbana;19;461.37;500.42;452.13;441.05;381.05;447.2
8029;MEDICILANDIA;PA;Municipal;Urbana;1;507.6;561.3;370.7;356.2;440.0;447.16
8030;AUGUSTO CORREA;PA;Estadual;Rural;21;462.67;497.5;447.12;415.2;413.33;447.16
8031;COSTA MARQUES;RO;Estadual;Urbana;55;457.15;509.44;445.91;413.43;409.82;447.15
8032;ITAQUITINGA;PE;Estadual;Urbana;70;465.35;479.37;445.05;423.65;422.29;447.14
8033;IPUEIRAS;TO;Estadual;Urbana;4;478.08;499.22;456.85;416.5;385.0;447.13
8034;UNA;BA;Estadual;Urbana;90;469.53;510.51;449.26;411.47;394.89;447.13
8035;VIEIROPOLIS;PB;Estadual;Urbana;46;459.89;499.5;450.25;416.9;409.13;447.13
8036;PENALVA;MA;Estadual;Urbana;86;462.62;496.14;428.88;404.52;443.49;447.13
8037;BREJINHO DE NAZARE;TO;Estadual;Urbana;70;462.35;496.67;452.86;414.88;408.86;447.12
8038;CAMBUCI;RJ;Estadual;Rural;15;479.15;506.88;436.85;412.68;400.0;447.11
8039;ALTINOPOLIS;SP;Municipal;Urbana;5;428.12;482.32;454.24;390.56;480.0;447.05
8040;IBITIARA;BA;Estadual;Rural;18;474.43;503.52;444.68;402.6;410.0;447.05
8041;SAO FELIPE;BA;Estadual;Urbana;89;469.18;504.93;451.72;415.19;394.16;447.04
8042;ITAINOPOLIS;PI;Estadual;Rural;9;464.12;499.01;442.38;431.87;397.78;447.03
8043;ATALAIA;AL;Estadual;Urbana;172;465.82;496.53;438.48;414.56;419.77;447.03
8044;UBERLANDIA;MG;Federal;Urbana;2;419.35;550.65;426.8;428.2;410.0;447.0
8045;NAZARE;TO;Estadual;Rural;5;436.84;480.38;501.18;420.62;396.0;447.0
8046;SUCUPIRA;TO;Estadual;Urbana;7;447.1;489.9;462.97;423.43;411.43;446.97
8047;GUAMARE;RN;Municipal;Urbana;1;483.3;459.7;501.3;390.3;400.0;446.92
8048;SAUDE;BA;Estadual;Urbana;28;473.84;511.1;437.48;395.02;417.14;446.92
8049;BOA VISTA DO GURUPI;MA;Estadual;Urbana;29;465.57;500.51;441.26;405.82;421.38;446.91
8050;COLARES;PA;Estadual;Urbana;50;456.73;501.67;457.37;415.56;403.2;446.9
8051;PARATINGA;BA;Estadual;Urbana;94;469.54;498.29;441.66;409.07;415.96;446.9
8052;MATO GROSSO;PB;Estadual;Urbana;4;489.02;506.55;411.12;412.75;415.0;446.89
8053;CAAPIRANGA;AM;Estadual;Urbana;34;453.4;510.16;435.85;401.52;433.53;446.89
8054;CAETES;PE;Municipal;Urbana;53;475.51;496.9;457.1;400.76;404.15;446.88
8055;NOVO ORIENTE DE MINAS;MG;Estadual;Rural;3;450.13;523.23;472.0;435.63;353.33;446.87
8056;BARRA DO OURO;TO;Estadual;Rural;8;442.31;476.8;446.89;455.7;412.5;446.84
8057;PASSIRA;PE;Estadual;Rural;39;480.63;506.95;451.4;426.0;369.23;446.84
8058;ACARAPE;CE;Estadual;Urbana;77;463.7;504.21;445.79;406.36;414.03;446.82
8059;JUNDIA;AL;Estadual;Urbana;29;456.89;486.4;463.41;415.64;411.72;446.81
8060;ALMINO AFONSO;RN;Estadual;Urbana;20;468.12;490.29;439.04;402.48;434.0;446.79
8061;CAMPESTRE DE GOIAS;GO;Estadual;Urbana;26;472.26;499.32;442.0;446.45;373.85;446.77
8062;CANDIDO MENDES;MA;Estadual;Urbana;35;458.44;496.38;443.37;418.5;417.14;446.77
8063;SOLONOPOLE;CE;Estadual;Urbana;148;468.47;498.38;450.83;435.01;381.08;446.75
8064;NOVA OLINDA DO MARANHAO;MA;Estadual;Urbana;81;456.21;499.82;448.56;420.11;408.89;446.72
8065;RIACHO DE SANTANA;BA;Municipal;Urbana;5;469.9;480.32;443.34;463.86;376.0;446.68
8066;CACHOEIRA DO ARARI;PA;Estadual;Rural;32;448.41;498.6;440.92;418.59;426.88;446.68
8067;RIO DO PRADO;MG;Estadual;Urbana;20;464.58;498.46;433.22;419.15;418.0;446.68
8068;ITAPIRAPUA PAULISTA;SP;Estadual;Urbana;19;458.96;508.42;458.0;430.03;377.89;446.66
8069;BAIAO;PA;Estadual;Urbana;183;456.22;503.92;435.31;419.82;418.03;446.66
8070;RAFAEL JAMBEIRO;BA;Estadual;Rural;33;456.74;496.8;447.47;431.83;400.42;446.65
8071;ASSIS BRASIL;AC;Estadual;Urbana;36;457.83;507.51;438.46;398.29;431.11;446.64
8072;MUNDO NOVO;BA;Privada;Rural;7;464.06;496.91;447.14;422.24;402.86;446.64
8073;FELIPE GUERRA;RN;Municipal;Urbana;2;449.4;483.15;464.95;425.7;410.0;446.64
8074;JUNDIA;RN;Estadual;Urbana;15;453.17;511.41;430.65;419.43;418.47;446.63
8075;NOVO ORIENTE;CE;Estadual;Urbana;199;472.68;498.0;453.77;429.36;379.3;446.62
8076;CAMPOS VERDES;GO;Estadual;Urbana;20;464.85;520.21;444.29;414.71;389.0;446.61
8077;CAIRU;BA;Municipal;Rural;9;461.4;489.43;445.76;423.08;413.33;446.6
8078;OIAPOQUE;AP;Privada;Urbana;10;473.16;511.3;440.19;382.35;426.0;446.6
8079;CACIMBINHAS;AL;Estadual;Urbana;34;456.81;492.11;440.08;414.03;430.0;446.6
8080;PRESIDENTE DUTRA;MA;Estadual;Rural;27;476.14;501.53;450.99;421.39;382.96;446.6
8081;SAO JOAO DO PIAUI;PI;Estadual;Urbana;100;461.33;505.19;445.38;417.62;403.4;446.59
8082;PASSAGEM;PB;Estadual;Urbana;11;470.33;491.4;429.95;413.88;427.27;446.57
8083;BONITO;PA;Estadual;Urbana;30;469.33;506.64;433.03;414.99;408.67;446.53
8084;SAO JOSE DE MIPIBU;RN;Estadual;Rural;24;475.48;490.2;451.69;393.52;421.67;446.51
8085;FELIPE GUERRA;RN;Estadual;Urbana;46;449.66;489.01;440.3;432.16;421.3;446.49
8086;SITIO NOVO DO TOCANTINS;TO;Estadual;Rural;3;478.67;476.63;479.43;384.4;413.33;446.49
8087;ROSARIO;MA;Estadual;Rural;11;449.23;511.71;442.65;399.73;429.09;446.48
8088;SIMOLANDIA;GO;Estadual;Urbana;49;477.52;496.99;445.42;441.79;370.61;446.47
8089;SAO PATRICIO;GO;Estadual;Urbana;9;479.57;509.19;450.11;435.67;357.78;446.46
8090;SITIO DO MATO;BA;Estadual;Urbana;34;469.04;494.09;449.26;431.56;388.24;446.44
8091;VERDELANDIA;MG;Estadual;Urbana;18;457.01;510.26;459.73;411.8;393.33;446.43
8092;GOVERNADOR ARCHER;MA;Estadual;Urbana;36;446.69;492.78;448.26;415.52;428.89;446.43
8093;VILA NOVA DOS MARTIRIOS;MA;Estadual;Urbana;8;466.16;502.11;427.6;381.21;455.0;446.42
8094;MONTE ALEGRE;RN;Estadual;Urbana;97;468.08;505.55;440.75;415.09;402.47;446.39
8095;CASCAVEL;CE;Municipal;Urbana;1;476.1;542.3;450.4;402.9;360.0;446.34
8096;CAUCAIA;CE;Estadual;Rural;59;460.43;492.08;453.79;428.43;396.95;446.33
8097;ITABAIANINHA;SE;Estadual;Urbana;217;459.94;502.73;444.75;435.37;388.76;446.31
8098;BACURI;MA;Estadual;Urbana;84;461.63;506.0;442.28;413.7;407.86;446.29
8099;BEQUIMAO;MA;Estadual;Urbana;94;463.09;498.98;443.97;416.82;408.51;446.27
8100;CEARA-MIRIM;RN;Estadual;Urbana;302;465.59;503.37;437.07;418.71;406.49;446.25
8101;TRACUATEUA;PA;Estadual;Rural;102;455.25;498.89;447.02;414.41;415.69;446.25
8102;PALMEIRANDIA;MA;Estadual;Urbana;38;454.91;485.04;441.18;405.17;444.74;446.21
8103;VILA PROPICIO;GO;Estadual;Urbana;19;482.14;489.73;468.99;419.58;370.53;446.19
8104;PIANCO;PB;Estadual;Urbana;54;444.0;498.69;433.72;421.15;433.33;446.18
8105;ANAPURUS;MA;Privada;Urbana;1;457.4;536.2;384.1;513.2;340.0;446.18
8106;FORMOSA;GO;Estadual;Rural;41;465.72;504.62;448.76;426.89;384.88;446.17
8107;CONDADO;PE;Privada;Urbana;5;479.56;493.36;443.84;402.06;412.0;446.16
8108;FLORESTA DO ARAGUAIA;PA;Estadual;Urbana;53;461.53;510.31;438.88;427.07;392.83;446.12
8109;SAMPAIO;TO;Estadual;Urbana;20;463.66;512.31;439.08;422.5;393.0;446.11
8110;SANTA FILOMENA DO MARANHAO;MA;Estadual;Urbana;2;454.5;474.0;465.85;436.15;400.0;446.1
8111;NOVO REPARTIMENTO;PA;Estadual;Urbana;182;460.59;500.96;444.93;421.39;402.64;446.1
8112;BONITO;PE;Municipal;Rural;17;479.14;500.48;458.96;388.33;403.53;446.09
8113;ARACOIABA;PE;Estadual;Urbana;136;469.22;508.13;449.82;408.25;394.85;446.06
8114;SENGES;PR;Estadual;Rural;10;439.65;515.69;461.16;415.67;398.0;446.03
8115;FERREIROS;PE;Estadual;Urbana;59;474.14;494.67;447.47;411.15;402.71;446.03
8116;MIRASSOL D OESTE;MT;Estadual;Rural;14;463.15;510.01;460.97;424.51;371.43;446.01
8117;MONTE ALEGRE DO PIAUI;PI;Estadual;Rural;2;423.5;528.3;424.9;393.3;460.0;446.0
8118;CATOLANDIA;BA;Estadual;Urbana;12;465.25;502.13;454.88;410.97;396.67;445.98
8119;MURICI DOS PORTELAS;PI;Municipal;Urbana;4;462.85;511.95;441.62;373.32;440.0;445.95
8120;SAO JOSE DO XINGU;MT;Estadual;Urbana;13;444.66;492.47;450.61;398.88;443.08;445.94
8121;COARI;AM;Estadual;Urbana;500;454.96;500.77;439.47;411.48;423.03;445.94
8122;INHANGAPI;PA;Estadual;Urbana;42;458.41;507.63;448.72;400.58;414.29;445.93
8123;NOSSA SENHORA DO LIVRAMENTO;MT;Estadual;Urbana;22;461.28;502.08;443.25;424.8;398.18;445.92
8124;ANGICO;TO;Estadual;Urbana;25;460.73;499.35;438.56;421.31;409.6;445.91
8125;ITAMBE;BA;Estadual;Urbana;86;454.53;505.77;450.0;405.3;413.95;445.91
8126;SANTANA;AP;Estadual;Rural;62;453.29;499.68;436.47;405.55;434.5;445.9
8127;JAGUARAO;RS;Municipal;Rural;5;475.78;525.38;415.4;392.78;420.0;445.87
8128;BATALHA;PI;Estadual;Urbana;136;466.47;498.34;454.69;423.17;386.62;445.86
8129;PEDRA GRANDE;RN;Estadual;Urbana;16;465.66;494.19;435.62;398.84;435.0;445.86
8130;CARDEAL DA SILVA;BA;Estadual;Urbana;60;460.66;506.15;451.76;412.35;398.33;445.85
8131;MAZAGAO;AP;Estadual;Urbana;75;450.94;511.53;440.01;412.82;413.87;445.83
8132;FIGUEIRAO;MS;Estadual;Urbana;18;469.68;502.17;433.89;424.48;398.89;445.82
8133;SANTA TEREZINHA;SC;Estadual;Rural;2;480.55;470.6;483.4;424.55;370.0;445.82
8134;SANTA RITA DO NOVO DESTINO;GO;Estadual;Urbana;9;437.99;501.2;448.13;432.86;408.89;445.81
8135;CARIDADE DO PIAUI;PI;Estadual;Urbana;9;438.99;487.92;422.16;444.42;435.56;445.81
8136;RIO BRANCO DO SUL;PR;Estadual;Rural;14;462.58;500.79;458.21;416.04;391.43;445.81
8137;MANARI;PE;Estadual;Urbana;35;458.25;508.67;447.19;398.87;416.0;445.8
8138;CACHOEIRO DE ITAPEMIRIM;ES;Privada;Rural;9;426.8;506.86;448.23;442.64;404.44;445.8
8139;DAMIANOPOLIS;GO;Estadual;Urbana;34;467.37;507.18;451.44;415.87;387.06;445.79
8140;JARAMATAIA;AL;Estadual;Urbana;27;465.92;495.39;450.0;435.43;382.22;445.79
8141;BOCA DA MATA;AL;Estadual;Urbana;77;469.92;511.24;432.72;408.53;406.49;445.78
8142;SAO FRANCISCO DO CONDE;BA;Estadual;Urbana;83;455.87;505.96;438.2;423.27;405.54;445.77
8143;PARNARAMA;MA;Estadual;Urbana;128;462.68;496.42;449.03;424.73;395.94;445.76
8144;COLINAS;MA;Municipal;Urbana;1;473.3;505.8;422.8;386.8;440.0;445.74
8145;PRIMAVERA DE RONDONIA;RO;Estadual;Urbana;22;446.96;479.0;457.07;443.61;401.82;445.69
8146;MIRANTE DA SERRA;RO;Estadual;Urbana;87;465.45;504.51;454.85;424.98;378.62;445.68
8147;ARIPUANA;MT;Estadual;Rural;25;456.2;489.84;446.08;434.41;401.6;445.63
8148;TUTOIA;MA;Estadual;Urbana;191;463.64;496.45;443.79;410.4;413.82;445.62
8149;SANTALUZ;BA;Estadual;Rural;12;461.87;504.18;436.08;411.0;415.0;445.62
8150;BATALHA;AL;Estadual;Urbana;83;464.76;496.85;441.42;414.85;410.12;445.6
8151;MOREILANDIA;PE;Estadual;Urbana;77;458.9;503.9;442.18;410.71;412.21;445.58
8152;VISTA GAUCHA;RS;Municipal;Urbana;1;443.2;513.9;551.2;439.5;280.0;445.56
8153;PINDOBACU;BA;Estadual;Urbana;44;465.82;506.04;443.39;423.82;388.64;445.54
8154;CONCEICAO;PB;Estadual;Urbana;68;463.97;505.72;442.64;420.91;394.41;445.53
8155;PORTO VELHO;RO;Estadual;Rural;64;459.55;494.57;451.18;418.88;403.44;445.52
8156;IPIXUNA;AM;Estadual;Urbana;74;453.94;495.42;444.39;414.81;418.92;445.5
8157;RIACHUELO;RN;Estadual;Urbana;33;463.99;511.95;425.68;414.85;410.91;445.48
8158;CASA NOVA;BA;Estadual;Urbana;240;460.98;498.5;444.52;421.26;402.08;445.47
8159;SUME;PB;Municipal;Rural;2;473.55;482.45;403.7;447.65;420.0;445.47
8160;CASTANHEIRA;MT;Estadual;Rural;14;439.08;510.16;464.76;408.95;404.29;445.45
8161;NOVA ITARANA;BA;Estadual;Urbana;36;462.13;499.86;436.82;410.46;417.78;445.41
8162;SANTA CRUZ CABRALIA;BA;Municipal;Urbana;1;472.4;552.2;450.6;371.8;380.0;445.4
8163;ABARE;BA;Estadual;Urbana;34;463.91;493.61;448.79;405.89;414.71;445.38
8164;GENTIO DO OURO;BA;Estadual;Urbana;29;458.1;500.66;442.03;421.28;404.83;445.38
8165;SAO LUIZ;RR;Estadual;Urbana;9;451.28;485.92;438.76;381.98;468.89;445.36
8166;VITORIA;ES;Municipal;Urbana;4;460.22;502.42;465.02;414.05;385.0;445.34
8167;SAO PEDRO DO PIAUI;PI;Estadual;Urbana;60;464.02;500.02;442.2;417.81;402.67;445.34
8168;SANTA ROSA DO PURUS;AC;Estadual;Urbana;19;471.93;503.12;441.16;413.59;396.84;445.33
8169;BOA VISTA;RR;Estadual;Rural;21;449.88;486.25;472.67;402.47;415.24;445.3
8170;QUIXERAMOBIM;CE;Estadual;Rural;91;462.8;494.45;441.37;421.19;406.59;445.28
8171;PAES LANDIM;PI;Estadual;Urbana;19;457.96;491.7;459.04;415.55;402.11;445.27
8172;RIO VERMELHO;MG;Estadual;Rural;12;461.52;491.59;464.72;428.42;380.0;445.25
8173;PEDRAS DE FOGO;PB;Estadual;Urbana;70;460.81;506.46;436.43;404.76;417.71;445.23
8174;IBIMIRIM;PE;Estadual;Rural;2;491.4;515.55;406.4;362.8;450.0;445.23
8175;TABOCAS DO BREJO VELHO;BA;Estadual;Urbana;61;462.87;507.4;443.42;411.99;400.33;445.2
8176;MACAPA;AP;Privada;Rural;13;449.86;507.35;458.78;436.13;373.85;445.2
8177;SANTA FE DE GOIAS;GO;Estadual;Urbana;33;452.24;497.55;456.42;414.2;405.45;445.18
8178;CAPINZAL DO NORTE;MA;Estadual;Urbana;32;451.88;500.16;445.47;421.28;406.88;445.13
8179;UNIFLOR;PR;Estadual;Urbana;14;455.19;514.6;457.91;423.65;374.29;445.13
8180;IPIXUNA DO PARA;PA;Municipal;Rural;2;428.25;525.35;392.15;439.8;440.0;445.11
8181;JANDUIS;RN;Estadual;Urbana;18;443.02;516.38;436.87;399.23;430.0;445.1
8182;BARRA DE GUABIRABA;PE;Estadual;Urbana;38;461.6;497.19;440.48;412.02;414.21;445.1
8183;MULUNGU;PB;Estadual;Urbana;21;468.3;500.48;437.13;430.08;389.52;445.1
8184;GAMELEIRAS;MG;Estadual;Urbana;19;455.75;474.58;429.2;415.43;450.53;445.1
8185;ITAJU DO COLONIA;BA;Estadual;Rural;6;451.97;472.7;429.9;397.57;473.33;445.09
8186;CACHOEIRA;BA;Estadual;Urbana;71;469.58;506.76;448.07;408.08;392.96;445.09
8187;MANOEL VITORINO;BA;Municipal;Rural;3;511.5;498.9;486.3;415.37;313.33;445.08
8188;TERESINA;PI;Municipal;Urbana;26;465.51;509.01;442.04;431.88;376.92;445.07
8189;SAO VICENTE FERRER;MA;Estadual;Rural;1;359.0;541.6;489.2;415.5;420.0;445.06
8190;NOVO ARIPUANA;AM;Estadual;Urbana;90;444.3;496.92;438.53;416.98;428.44;445.04
8191;PENDENCIAS;RN;Estadual;Urbana;65;470.86;504.47;433.35;399.93;416.62;445.04
8192;SAO GABRIEL DA CACHOEIRA;AM;Estadual;Rural;39;430.83;492.52;444.19;400.96;456.41;444.98
8193;MACHADINHO D OESTE;RO;Estadual;Rural;21;454.48;513.88;442.1;425.81;388.57;444.97
8194;BREJO GRANDE DO ARAGUAIA;PA;Estadual;Urbana;24;459.68;495.42;447.58;422.18;400.0;444.97
8195;ALIANCA;PE;Municipal;Urbana;14;464.46;511.86;441.21;401.61;405.71;444.97
8196;OLHO D AGUA DAS CUNHAS;MA;Estadual;Urbana;53;460.73;494.29;448.72;411.28;409.81;444.97
8197;BARRA D ALCANTARA;PI;Estadual;Urbana;28;457.34;507.71;437.12;421.18;401.43;444.96
8198;ENCRUZILHADA;BA;Estadual;Rural;5;462.42;514.06;442.26;437.94;368.0;444.94
8199;UNIAO PAULISTA;SP;Estadual;Urbana;9;498.18;503.81;458.1;411.16;353.33;444.92
8200;PAU BRASIL;BA;Estadual;Urbana;40;456.0;509.16;438.79;415.46;405.0;444.89
8201;SALINAS DA MARGARIDA;BA;Municipal;Rural;39;460.21;504.85;432.52;405.33;421.54;444.89
8202;JOSENOPOLIS;MG;Estadual;Urbana;5;481.56;495.58;445.34;413.9;388.0;444.88
8203;JATEI;MS;Estadual;Rural;10;464.59;509.08;471.33;411.35;368.0;444.87
8204;CURIONOPOLIS;PA;Estadual;Urbana;111;464.13;506.65;440.62;419.79;392.97;444.83
8205;BRANQUINHA;AL;Estadual;Urbana;40;453.08;492.17;431.57;408.72;438.5;444.81
8206;BELMONTE;BA;Estadual;Urbana;30;463.07;508.34;451.42;423.05;378.0;444.78
8207;PORTO ACRE;AC;Estadual;Urbana;19;453.44;519.34;430.76;416.14;404.21;444.78
8208;DEODAPOLIS;MS;Estadual;Rural;21;457.95;504.44;441.24;436.4;383.81;444.77
8209;PEIXOTO DE AZEVEDO;MT;Estadual;Rural;38;449.53;516.41;454.59;412.76;390.53;444.76
8210;LAGOA D ANTA;RN;Estadual;Urbana;25;460.79;511.39;438.18;431.62;381.6;444.72
8211;BREJETUBA;ES;Estadual;Urbana;94;450.37;498.81;447.28;428.05;398.94;444.69
8212;INHUMA;PI;Estadual;Urbana;60;468.48;494.62;442.56;423.06;394.67;444.68
8213;CENTRO NOVO DO MARANHAO;MA;Estadual;Rural;21;455.35;515.7;435.53;398.65;418.1;444.67
8214;QUITERIANOPOLIS;CE;Estadual;Urbana;239;465.62;493.41;449.8;425.52;388.95;444.66
8215;MURITIBA;BA;Municipal;Urbana;5;446.02;501.8;440.14;463.28;372.0;444.65
8216;NOVA CANAA;BA;Estadual;Urbana;55;458.39;490.11;445.48;409.52;419.64;444.63
8217;MIRACATU;SP;Estadual;Rural;12;452.17;516.33;454.5;423.49;376.67;444.63
8218;MATRIZ DE CAMARAGIBE;AL;Estadual;Urbana;62;456.79;499.84;434.25;409.58;422.58;444.61
8219;ESPERANTINA;TO;Estadual;Rural;27;462.59;499.13;437.73;420.37;402.96;444.56
8220;BENEDITO LEITE;MA;Estadual;Urbana;23;458.47;491.09;452.12;398.47;422.61;444.55
8221;SIRINHAEM;PE;Estadual;Urbana;180;466.76;492.02;439.64;415.75;408.56;444.54
8222;ALENQUER;PA;Privada;Urbana;1;474.1;439.4;507.5;421.7;380.0;444.54
8223;PEDRO DO ROSARIO;MA;Estadual;Urbana;34;462.99;516.9;444.91;396.71;401.18;444.54
8224;POCO REDONDO;SE;Estadual;Rural;26;459.12;495.57;448.6;407.81;411.54;444.53
8225;BONINAL;BA;Municipal;Urbana;24;448.48;486.95;437.28;433.21;416.67;444.52
8226;LAMARAO;BA;Estadual;Urbana;24;467.83;516.92;436.4;422.3;379.17;444.52
8227;SANTO ANTONIO DO PARAISO;PR;Estadual;Urbana;13;468.34;495.72;443.62;413.18;401.54;444.48
8228;NOVA UNIAO;RO;Estadual;Urbana;53;457.09;497.55;452.2;434.58;380.75;444.44
8229;MUANA;PA;Estadual;Urbana;99;459.34;500.18;432.99;399.31;430.3;444.43
8230;NOVA IORQUE;MA;Estadual;Urbana;19;454.31;487.43;462.79;428.97;388.42;444.38
8231;PEDRO ALEXANDRE;BA;Estadual;Urbana;61;463.72;503.22;453.77;431.28;369.84;444.37
8232;FLORESTA;PE;Estadual;Rural;12;488.5;515.58;432.47;400.32;385.0;444.37
8233;BOQUIRA;BA;Estadual;Urbana;100;458.94;493.12;447.37;422.34;400.0;444.36
8234;CAPISTRANO;CE;Estadual;Urbana;169;468.07;501.98;436.35;420.01;395.38;444.36
8235;ESPIRITO SANTO;RN;Estadual;Urbana;43;475.02;496.51;436.18;416.8;397.21;444.34
8236;ALTAMIRA;PA;Municipal;Rural;3;476.3;484.17;441.47;399.67;420.0;444.32
8237;SAO JOSE DE MIPIBU;RN;Estadual;Urbana;113;471.81;503.33;444.38;414.34;387.61;444.3
8238;INHAMBUPE;BA;Estadual;Urbana;106;460.9;498.83;441.43;405.42;414.91;444.3
8239;SAO JOAO DO ARRAIAL;PI;Estadual;Urbana;21;463.25;503.5;461.46;409.47;383.81;444.3
8240;COLONIA DO PIAUI;PI;Estadual;Urbana;68;464.96;511.46;454.45;424.06;366.47;444.28
8241;COUTO MAGALHAES;TO;Estadual;Urbana;33;457.77;503.47;428.39;411.57;420.0;444.24
8242;SAO ROMAO;MG;Estadual;Rural;8;470.46;487.21;457.14;396.34;410.0;444.23
8243;SANTA RITA;PB;Estadual;Rural;3;455.13;485.67;457.27;402.53;420.0;444.12
8244;CANDIOTA;RS;Estadual;Rural;19;464.39;511.36;445.35;403.59;395.79;444.1
8245;PORTO VELHO;RO;Municipal;Rural;8;469.65;471.54;438.88;387.96;452.5;444.1
8246;JABOATAO DOS GUARARAPES;PE;Estadual;Rural;51;471.01;493.96;442.2;426.28;387.06;444.1
8247;IMACULADA;PB;Estadual;Urbana;10;480.3;494.82;423.07;419.96;402.0;444.03
8248;CATENDE;PE;Estadual;Rural;19;462.51;508.12;436.03;405.98;407.37;444.0
8249;ITIRUCU;BA;Estadual;Rural;7;442.19;482.87;457.96;428.34;408.57;443.99
8250;DUAS ESTRADAS;PB;Estadual;Urbana;20;465.08;494.16;442.79;416.79;401.0;443.96
8251;CASEARA;TO;Estadual;Urbana;20;466.81;499.06;430.5;400.25;423.0;443.92
8252;ABAETETUBA;PA;Estadual;Rural;313;456.46;501.63;439.07;412.1;410.22;443.9
8253;TEODORO SAMPAIO;BA;Estadual;Urbana;33;452.84;499.09;450.7;416.7;400.0;443.87
8254;ITAINOPOLIS;PI;Estadual;Urbana;35;467.63;501.43;433.58;439.55;377.14;443.87
8255;TACURU;MS;Estadual;Urbana;29;470.96;511.01;442.5;425.89;368.97;443.87
8256;RIACHAO DO DANTAS;SE;Estadual;Urbana;73;455.42;498.64;449.4;416.39;399.45;443.86
8257;LAGOA;PB;Estadual;Urbana;14;444.0;493.29;422.61;417.81;441.43;443.83
8258;SAO PEDRO DOS CRENTES;MA;Estadual;Urbana;19;466.82;504.21;426.72;423.11;397.89;443.75
8259;JAPURA;AM;Estadual;Urbana;11;440.4;483.84;440.44;442.95;410.91;443.71
8260;UMBURANAS;BA;Estadual;Urbana;41;460.53;494.58;445.16;404.55;413.66;443.7
8261;AUTAZES;AM;Estadual;Urbana;126;455.31;497.37;433.09;415.6;417.14;443.7
8262;SAO BENTO DO TOCANTINS;TO;Estadual;Urbana;17;470.68;501.81;427.81;434.31;383.53;443.63
8263;OURICANGAS;BA;Estadual;Urbana;39;467.59;506.66;441.27;410.79;391.79;443.62
8264;JACAREZINHO;PR;Estadual;Rural;9;466.16;501.46;443.18;411.72;395.56;443.61
8265;MAGALHAES BARATA;PA;Estadual;Urbana;22;471.15;487.84;440.14;417.04;401.82;443.59
8266;DUQUE DE CAXIAS;RJ;Municipal;Urbana;3;504.37;447.8;403.1;436.0;426.67;443.59
8267;SERTAOZINHO;PB;Estadual;Urbana;45;454.55;512.0;439.11;406.03;406.22;443.58
8268;CANUDOS;BA;Estadual;Urbana;59;455.79;493.67;442.55;414.59;411.19;443.56
8269;SAO TOME;RN;Estadual;Urbana;63;460.13;488.57;431.12;411.0;426.98;443.56
8270;PEDRA BRANCA DO AMAPARI;AP;Estadual;Urbana;63;448.22;495.17;448.78;419.51;406.03;443.54
8271;ELDORADO;SP;Estadual;Rural;34;470.22;489.76;441.13;410.65;405.88;443.53
8272;SAO MIGUEL DO GOSTOSO;RN;Estadual;Urbana;28;477.4;525.01;441.29;408.24;365.71;443.53
8273;COROATA;MA;Estadual;Rural;5;462.9;504.64;388.8;393.22;468.0;443.51
8274;GILBUES;PI;Estadual;Urbana;47;463.18;503.94;457.13;404.78;388.51;443.51
8275;CARAUBAS DO PIAUI;PI;Estadual;Urbana;27;464.71;504.89;457.6;399.97;390.37;443.51
8276;ITAJA;RN;Estadual;Urbana;41;458.88;491.63;439.53;417.2;410.24;443.5
8277;TARAUACA;AC;Estadual;Urbana;187;470.47;504.9;436.95;413.48;391.34;443.43
8278;LUZINOPOLIS;TO;Estadual;Urbana;9;487.94;523.58;438.91;408.94;357.78;443.43
8279;MORRINHOS;CE;Estadual;Urbana;288;454.87;491.66;434.95;421.77;413.75;443.4
8280;OLHO D AGUA GRANDE;AL;Estadual;Urbana;12;452.18;501.32;452.62;384.15;426.67;443.39
8281;ESPUMOSO;RS;Estadual;Rural;3;455.0;500.2;468.73;486.33;306.67;443.39
8282;JOAQUIM NABUCO;PE;Estadual;Urbana;55;463.25;492.99;441.95;409.77;408.73;443.34
8283;SANTANA DO ACARAU;CE;Municipal;Urbana;5;448.8;522.0;449.16;416.66;380.0;443.32
8284;REDENCAO;PA;Municipal;Rural;1;462.6;557.7;455.0;501.3;240.0;443.32
8285;ELESBAO VELOSO;PI;Estadual;Urbana;62;459.5;493.58;455.43;408.71;399.35;443.32
8286;TONANTINS;AM;Estadual;Rural;16;443.38;469.38;428.44;415.39;460.0;443.32
8287;ARRAIAS;TO;Estadual;Rural;21;470.49;493.61;449.44;425.79;377.14;443.29
8288;DOIS IRMAOS DO TOCANTINS;TO;Estadual;Urbana;31;456.99;481.66;458.21;413.73;405.81;443.28
8289;FORTALEZA;CE;Municipal;Urbana;15;453.57;502.6;438.21;423.27;398.67;443.27
8290;PEIXE-BOI;PA;Estadual;Urbana;34;453.42;494.79;436.69;414.88;416.47;443.25
8291;BENEVIDES;PA;Estadual;Rural;21;463.06;504.28;444.26;401.62;402.86;443.22
8292;MANOEL VITORINO;BA;Estadual;Urbana;32;474.43;505.2;439.57;419.93;376.88;443.2
8293;SAO FELIX DE BALSAS;MA;Estadual;Urbana;5;472.28;476.06;434.76;432.7;400.0;443.16
8294;REDENCAO;PA;Municipal;Urbana;21;456.89;486.86;446.54;399.81;425.71;443.16
8295;CURRAL DE CIMA;PB;Estadual;Urbana;14;457.86;502.07;436.05;405.51;414.29;443.16
8296;CAMPO ALEGRE DE LOURDES;BA;Estadual;Urbana;43;462.33;496.81;438.45;428.82;389.3;443.14
8297;ITAPOROROCA;PB;Estadual;Urbana;88;467.77;497.04;447.28;417.7;385.91;443.14
8298;GUAJARA-MIRIM;RO;Municipal;Urbana;1;433.3;497.8;419.3;385.2;480.0;443.12
8299;ARAPEI;SP;Estadual;Urbana;8;456.82;497.3;421.95;441.94;397.5;443.1
8300;URUCUCA;BA;Estadual;Urbana;64;470.29;501.25;436.23;406.45;401.25;443.09
8301;MARAJA DO SENA;MA;Estadual;Urbana;6;466.02;473.73;431.9;416.6;426.67;442.98
8302;LIMOEIRO DO AJURU;PA;Municipal;Rural;9;437.67;482.7;451.66;402.82;440.0;442.97
8303;LANDRI SALES;PI;Estadual;Urbana;17;455.98;506.22;442.11;410.49;400.0;442.96
8304;ACAILANDIA;MA;Estadual;Rural;53;464.74;504.33;440.21;430.76;374.72;442.95
8305;PORTEL;PA;Municipal;Urbana;4;421.42;516.1;454.75;432.38;390.0;442.93
8306;JACUIPE;AL;Estadual;Urbana;21;463.8;505.21;439.75;398.2;407.62;442.92
8307;SENA MADUREIRA;AC;Federal;Urbana;4;481.38;540.1;449.4;393.6;350.0;442.9
8308;JATOBA DO PIAUI;PI;Estadual;Urbana;32;451.73;510.7;438.22;440.07;373.75;442.89
8309;IBIPEBA;BA;Estadual;Urbana;46;457.86;475.83;446.91;411.64;422.17;442.88
8310;RIACHO DA CRUZ;RN;Estadual;Urbana;16;453.29;473.3;438.57;404.16;445.0;442.86
8311;PRATINHA;MG;Estadual;Urbana;26;457.15;509.56;443.94;415.89;387.69;442.85
8312;BERNARDO SAYAO;TO;Estadual;Urbana;37;464.77;500.71;451.32;447.12;350.27;442.84
8313;MARCO;CE;Estadual;Urbana;169;462.5;489.34;442.26;423.37;396.69;442.83
8314;BANABUIU;CE;Estadual;Urbana;183;462.4;493.13;441.65;411.78;405.14;442.82
8315;CANDEAL;BA;Estadual;Urbana;20;458.56;506.76;447.5;424.24;377.0;442.81
8316;RIO BRANCO;AC;Estadual;Rural;100;460.1;498.11;444.52;415.99;395.0;442.74
8317;COMODORO;MT;Estadual;Rural;26;445.2;494.2;446.97;411.89;415.38;442.73
8318;RIO FORMOSO;PE;Estadual;Rural;34;462.41;489.53;455.79;395.71;410.0;442.69
8319;AMARAL FERRADOR;RS;Estadual;Urbana;16;467.06;498.21;452.79;403.87;391.25;442.63
8320;PIRENOPOLIS;GO;Estadual;Rural;14;438.19;496.99;455.51;466.68;355.71;442.62
8321;VITORIA DO JARI;AP;Estadual;Urbana;37;462.55;501.4;441.17;398.77;409.19;442.62
8322;CANAS;SP;Estadual;Urbana;11;492.65;492.13;409.35;397.1;421.82;442.61
8323;CIDADE OCIDENTAL;GO;Municipal;Urbana;2;477.55;502.9;379.1;453.45;400.0;442.6
8324;BUJARU;PA;Estadual;Urbana;122;457.35;500.37;436.07;422.58;396.56;442.59
8325;BENJAMIN CONSTANT;AM;Estadual;Urbana;177;453.27;496.45;437.67;409.73;415.71;442.57
8326;IPECAETA;BA;Estadual;Urbana;35;453.52;490.51;446.99;433.76;388.0;442.56
8327;RUBELITA;MG;Estadual;Rural;14;464.55;477.74;438.75;440.24;391.43;442.54
8328;ARAXA;MG;Municipal;Urbana;6;453.8;518.12;467.87;422.88;350.0;442.53
8329;SANTAREM NOVO;PA;Estadual;Urbana;48;452.3;495.05;436.43;412.88;415.92;442.52
8330;IGARAPE-MIRI;PA;Municipal;Rural;10;474.2;477.73;442.55;402.0;416.0;442.5
8331;PORTO CALVO;AL;Estadual;Urbana;81;453.98;484.94;437.33;408.55;427.65;442.49
8332;NAZARE;TO;Estadual;Urbana;20;474.11;485.63;437.97;406.66;408.0;442.48
8333;JOAO COSTA;PI;Estadual;Urbana;9;454.28;520.12;450.28;398.86;388.89;442.48
8334;SANTO INACIO DO PIAUI;PI;Estadual;Urbana;17;463.99;484.29;453.41;424.82;385.88;442.48
8335;AGUA PRETA;PE;Estadual;Urbana;129;467.24;499.09;432.28;410.62;403.1;442.47
8336;JUTAI;AM;Estadual;Urbana;59;452.28;499.42;425.83;408.75;426.1;442.47
8337;VISEU;PA;Estadual;Urbana;98;458.89;495.89;446.0;412.58;398.98;442.47
8338;AXIXA DO TOCANTINS;TO;Estadual;Urbana;71;452.08;500.24;445.64;413.54;400.56;442.41
8339;IRACEMA;RR;Estadual;Rural;7;470.01;512.13;429.24;414.83;385.71;442.39
8340;NOVA PORTEIRINHA;MG;Estadual;Urbana;7;465.16;506.87;446.84;395.86;397.14;442.37
8341;MAZAGAO;AP;Municipal;Rural;2;492.45;512.9;409.7;406.75;390.0;442.36
8342;TARTARUGALZINHO;AP;Privada;Rural;1;464.2;528.6;384.3;394.7;440.0;442.36
8343;BOM JESUS DO NORTE;ES;Estadual;Urbana;13;460.83;504.18;453.87;422.03;370.77;442.34
8344;SALITRE;CE;Estadual;Urbana;125;460.11;487.0;441.78;422.51;400.32;442.34
8345;MARAPANIM;PA;Estadual;Urbana;86;461.6;494.76;434.3;410.7;410.23;442.32
8346;COXIXOLA;PB;Estadual;Urbana;7;469.44;505.33;447.9;411.73;377.14;442.31
8347;CORACAO DE JESUS;MG;Estadual;Rural;18;461.44;492.66;431.81;408.86;416.67;442.29
8348;JOCA CLAUDINO;PB;Estadual;Urbana;12;441.41;488.93;433.85;417.06;430.0;442.25
8349;JITAUNA;BA;Estadual;Urbana;57;459.14;506.69;438.01;413.32;394.04;442.24
8350;RODOLFO FERNANDES;RN;Estadual;Urbana;28;467.11;481.34;428.9;410.24;423.57;442.23
8351;ATALAIA DO NORTE;AM;Estadual;Urbana;56;448.67;487.01;438.28;403.22;433.93;442.22
8352;TRINDADE;PE;Privada;Urbana;6;444.57;499.23;452.88;447.65;366.67;442.2
8353;ACOPIARA;CE;Estadual;Rural;56;459.07;490.52;437.25;411.68;412.5;442.2
8354;ITABAIANA;SE;Municipal;Urbana;1;531.9;565.7;442.7;370.7;300.0;442.2
8355;CAREIRO DA VARZEA;AM;Estadual;Rural;42;449.11;496.31;430.77;415.17;419.52;442.18
8356;SAO DOMINGOS DO CARIRI;PB;Estadual;Urbana;5;483.96;522.46;452.14;368.36;384.0;442.18
8357;BURITICUPU;MA;Privada;Urbana;8;449.2;514.83;437.5;436.8;372.5;442.16
8358;ICATU;MA;Estadual;Urbana;76;461.72;488.1;444.72;422.5;393.68;442.15
8359;VARGEM GRANDE;MA;Estadual;Urbana;141;458.03;505.92;447.67;406.92;392.2;442.15
8360;SILVES;AM;Estadual;Urbana;28;453.26;484.37;430.1;425.1;417.86;442.14
8361;GIRAU DO PONCIANO;AL;Estadual;Rural;117;454.33;498.89;452.98;409.45;395.04;442.14
8362;TURIACU;MA;Estadual;Urbana;83;466.86;503.95;437.18;420.5;382.17;442.13
8363;OLINDA NOVA DO MARANHAO;MA;Estadual;Urbana;43;451.64;491.68;436.61;416.31;414.42;442.13
8364;PASSAGEM FRANCA;MA;Estadual;Urbana;73;461.38;489.25;444.74;408.1;407.12;442.12
8365;TRES PONTAS;MG;Municipal;Urbana;5;491.94;479.0;435.38;424.06;380.0;442.08
8366;AMONTADA;CE;Estadual;Urbana;555;458.86;484.08;450.31;428.1;389.01;442.07
8367;NHAMUNDA;AM;Estadual;Urbana;105;447.43;496.82;436.9;406.99;421.9;442.01
8368;VIGIA;PA;Estadual;Rural;25;466.55;499.31;445.46;392.09;406.4;441.96
8369;IGREJA NOVA;AL;Estadual;Urbana;52;455.83;494.14;437.45;407.72;414.62;441.95
8370;PINHEIRO;MA;Estadual;Rural;22;450.37;497.65;443.26;418.43;400.0;441.94
8371;MIRINZAL;MA;Estadual;Urbana;53;450.68;487.81;428.91;412.22;429.81;441.89
8372;WANDERLANDIA;TO;Estadual;Urbana;79;461.03;498.63;436.64;401.96;411.14;441.88
8373;FEIRA GRANDE;AL;Estadual;Urbana;87;454.44;495.05;454.35;427.83;377.66;441.87
8374;SUCUPIRA DO NORTE;MA;Estadual;Urbana;31;452.12;491.15;458.31;420.64;387.1;441.86
8375;MAURITI;CE;Estadual;Urbana;516;457.21;487.23;445.63;420.12;398.9;441.82
8376;SAO PEDRO DA CIPA;MT;Estadual;Urbana;22;454.92;499.65;442.85;429.54;381.82;441.76
8377;MARECHAL DEODORO;AL;Privada;Urbana;9;465.62;501.18;442.82;421.74;377.33;441.74
8378;SAO VICENTE DO SERIDO;PB;Municipal;Urbana;1;439.6;428.7;424.6;435.8;480.0;441.74
8379;MARACACUME;MA;Estadual;Urbana;68;459.51;496.28;441.21;408.08;403.53;441.72
8380;SAO JOAO BATISTA;MA;Estadual;Urbana;78;463.05;500.36;435.85;409.36;400.0;441.72
8381;PORTO RICO;PR;Estadual;Urbana;31;448.56;497.07;435.75;414.32;412.9;441.72
8382;ANAJAS;PA;Estadual;Urbana;63;453.37;509.26;436.42;415.13;394.29;441.69
8383;BELA VISTA DO PIAUI;PI;Estadual;Urbana;8;435.95;486.91;451.35;411.7;422.5;441.68
8384;QUIXELO;CE;Municipal;Urbana;19;449.23;506.39;454.96;426.12;371.58;441.66
8385;ESPERANTINA;TO;Estadual;Urbana;28;460.53;509.69;452.37;410.02;375.71;441.66
8386;MONTE ALEGRE DO PIAUI;PI;Estadual;Urbana;25;455.39;513.47;451.42;409.4;378.4;441.62
8387;LIZARDA;TO;Estadual;Urbana;18;444.22;492.52;442.55;427.63;401.11;441.61
8388;PACARAIMA;RR;Estadual;Rural;11;434.55;493.42;445.66;414.43;420.0;441.61
8389;LUCIARA;MT;Estadual;Urbana;13;448.78;500.77;433.72;407.84;416.92;441.61
8390;PAULINO NEVES;MA;Estadual;Urbana;31;462.06;501.95;440.72;429.03;374.19;441.59
8391;BELA CRUZ;CE;Estadual;Rural;82;458.24;497.56;442.89;413.79;395.37;441.57
8392;ACAILANDIA;MA;Privada;Rural;4;454.65;533.42;445.3;424.42;350.0;441.56
8393;CATANDUVAS;PR;Estadual;Rural;13;465.68;510.25;435.78;409.95;386.15;441.56
8394;ARACI;BA;Estadual;Urbana;80;465.15;502.1;420.2;422.05;398.25;441.55
8395;BARRA DO MENDES;BA;Estadual;Urbana;54;469.88;489.12;436.65;409.33;402.59;441.52
8396;FRAIBURGO;SC;Municipal;Urbana;3;440.8;515.5;433.27;404.67;413.33;441.51
8397;BAIA DA TRAICAO;PB;Estadual;Urbana;44;455.6;487.32;443.11;433.08;388.18;441.46
8398;SAO PAULO DE OLIVENCA;AM;Estadual;Urbana;160;449.98;494.16;443.15;409.89;410.12;441.46
8399;NIOAQUE;MS;Estadual;Rural;19;461.06;500.28;445.71;428.62;371.58;441.45
8400;CRUZ DO ESPIRITO SANTO;PB;Estadual;Urbana;17;451.18;495.11;439.29;406.26;415.29;441.43
8401;MIRINZAL;MA;Estadual;Rural;46;452.63;499.52;431.3;399.36;424.35;441.43
8402;MATOES;MA;Estadual;Rural;3;443.9;468.6;474.33;460.27;360.0;441.42
8403;ARAME;MA;Estadual;Urbana;71;468.06;497.51;449.04;408.84;383.66;441.42
8404;SANTA CRUZ DO XINGU;MT;Estadual;Urbana;8;474.51;495.41;452.25;394.78;390.0;441.39
8405;CORONEL JOSE DIAS;PI;Estadual;Urbana;25;464.28;509.86;421.2;421.16;390.4;441.38
8406;BERNARDINO BATISTA;PB;Estadual;Urbana;15;456.63;487.63;410.09;420.53;432.0;441.38
8407;RIACHAO;PB;Estadual;Urbana;14;466.05;502.79;412.65;396.8;428.57;441.37
8408;XINGUARA;PA;Estadual;Rural;21;460.3;490.77;444.78;400.49;410.48;441.36
8409;CATARINA;CE;Estadual;Urbana;83;465.24;490.21;445.68;425.09;380.48;441.34
8410;QUIJINGUE;BA;Estadual;Urbana;78;464.42;503.88;446.46;413.44;378.21;441.28
8411;PAO DE ACUCAR;AL;Estadual;Urbana;108;453.43;486.95;438.93;410.3;416.67;441.26
8412;TANQUE D ARCA;AL;Estadual;Urbana;23;456.36;498.8;454.24;391.43;405.22;441.21
8413;MARECHAL DEODORO;AL;Municipal;Urbana;1;481.7;564.5;398.4;381.4;380.0;441.2
8414;JUNCO DO SERIDO;PB;Estadual;Urbana;19;454.05;506.76;424.24;429.29;391.58;441.19
8415;BREJO DE AREIA;MA;Estadual;Urbana;8;450.92;501.99;444.49;418.54;390.0;441.19
8416;ACARA;PA;Estadual;Rural;115;449.84;503.67;440.57;414.01;397.74;441.17
8417;PATIS;MG;Estadual;Urbana;27;467.49;501.6;440.85;405.43;390.37;441.15
8418;SAO SALVADOR DO TOCANTINS;TO;Estadual;Rural;9;450.87;501.01;454.9;423.32;375.56;441.13
8419;MATARACA;PB;Estadual;Urbana;27;482.8;500.33;438.72;413.44;370.37;441.13
8420;ITACAJA;TO;Estadual;Urbana;49;457.26;480.75;441.5;428.57;397.55;441.12
8421;GENERAL CARNEIRO;MT;Estadual;Rural;5;453.46;484.56;474.76;412.78;380.0;441.11
8422;MATEIROS;TO;Estadual;Urbana;11;469.68;492.01;455.13;405.06;383.64;441.1
8423;ANDARAI;BA;Municipal;Rural;10;436.83;487.19;483.52;411.82;386.0;441.07
8424;JOSE BOITEUX;SC;Estadual;Rural;3;460.5;500.3;415.37;428.87;400.0;441.01
8425;ESPERANTINOPOLIS;MA;Municipal;Urbana;2;473.6;491.15;479.85;400.2;360.0;440.96
8426;JOAO PINHEIRO;MG;Municipal;Urbana;2;431.3;527.35;415.45;400.7;430.0;440.96
8427;ILHEUS;BA;Estadual;Rural;24;470.96;509.5;447.48;404.26;372.5;440.94
8428;ARAPIRACA;AL;Municipal;Urbana;1;397.2;570.2;456.4;460.9;320.0;440.94
8429;CARNAUBEIRA DA PENHA;PE;Estadual;Urbana;60;475.13;482.26;433.2;408.12;405.67;440.87
8430;CORNELIO PROCOPIO;PR;Municipal;Urbana;1;477.0;532.8;411.6;442.9;340.0;440.86
8431;BARRA DO ROCHA;BA;Estadual;Urbana;16;472.16;496.69;434.41;399.56;401.25;440.81
8432;SAO SEBASTIAO DO PASSE;BA;Municipal;Rural;4;473.98;493.75;430.35;405.85;400.0;440.78
8433;GARARU;SE;Estadual;Urbana;51;467.69;505.3;444.18;414.93;371.76;440.77
8434;BERURI;AM;Estadual;Urbana;81;450.34;499.41;434.26;414.08;405.68;440.75
8435;DOM MACEDO COSTA;BA;Estadual;Urbana;17;453.26;494.0;435.26;395.31;425.88;440.74
8436;MOCAJUBA;PA;Municipal;Urbana;187;452.66;498.78;442.71;409.62;399.91;440.74
8437;PEDRAO;BA;Estadual;Urbana;27;463.39;496.39;439.7;420.49;383.7;440.73
8438;CENTRAL DO MARANHAO;MA;Estadual;Urbana;43;446.53;498.17;452.67;406.27;400.0;440.73
8439;RODRIGUES ALVES;AC;Estadual;Urbana;47;442.78;501.12;449.63;418.65;391.49;440.73
8440;PINHEIRO;MA;Municipal;Urbana;2;449.45;456.45;494.7;382.95;420.0;440.71
8441;SANTO ANTONIO DA PATRULHA;RS;Municipal;Urbana;1;394.6;494.4;499.6;414.9;400.0;440.7
8442;MINACU;GO;Estadual;Rural;13;456.15;505.88;439.26;415.82;386.15;440.65
8443;AMARALINA;GO;Estadual;Urbana;16;468.91;494.6;460.56;401.52;377.5;440.62
8444;JANUARIA;MG;Estadual;Rural;40;460.97;492.13;445.08;399.29;405.5;440.59
8445;SANTO ANTONIO DA PLATINA;PR;Estadual;Rural;4;463.85;476.1;424.2;438.78;400.0;440.58
8446;NOVA VENECIA;ES;Estadual;Rural;16;436.09;494.51;466.72;428.04;377.5;440.57
8447;SANTANA DO MUNDAU;AL;Estadual;Urbana;62;445.71;488.27;438.98;404.4;425.48;440.57
8448;CAPIXABA;AC;Estadual;Rural;9;450.76;506.91;430.69;410.04;404.44;440.57
8449;VERDEJANTE;PE;Estadual;Urbana;29;456.84;492.44;443.57;422.3;387.59;440.55
8450;ITINGA;MG;Estadual;Rural;11;482.14;500.98;441.84;408.65;369.09;440.54
8451;BENJAMIN CONSTANT DO SUL;RS;Estadual;Urbana;14;449.48;512.11;456.49;424.57;360.0;440.53
8452;NOVO JARDIM;TO;Estadual;Urbana;21;454.53;503.8;442.18;401.19;400.95;440.53
8453;SAO DOMINGOS DO CAPIM;PA;Municipal;Rural;1;491.3;484.7;375.9;410.7;440.0;440.52
8454;BREJO GRANDE;SE;Estadual;Urbana;9;478.07;491.7;454.18;400.88;377.78;440.52
8455;ELDORADO DOS CARAJAS;PA;Municipal;Urbana;10;466.19;492.02;451.46;422.78;370.0;440.49
8456;REDENCAO DO GURGUEIA;PI;Estadual;Urbana;69;454.51;499.01;445.47;399.69;403.77;440.49
8457;GOVERNADOR CELSO RAMOS;SC;Municipal;Urbana;1;503.4;467.7;452.7;378.6;400.0;440.48
8458;BOM JESUS DO ARAGUAIA;MT;Estadual;Urbana;29;460.04;493.06;436.88;422.03;390.34;440.47
8459;RIBEIRAO DO PINHAL;PR;Estadual;Rural;5;448.16;521.12;461.84;395.1;376.0;440.44
8460;ANISIO DE ABREU;PI;Estadual;Urbana;28;465.45;502.61;437.22;413.16;383.57;440.4
8461;SANTA CRUZ DOS MILAGRES;PI;Estadual;Urbana;14;471.57;497.35;441.59;406.99;384.29;440.36
8462;AMAPA DO MARANHAO;MA;Estadual;Urbana;23;450.07;489.26;445.13;406.79;410.43;440.34
8463;SANTA LUZIA;BA;Estadual;Urbana;37;440.59;503.99;440.92;415.54;400.54;440.32
8464;BURITI DOS MONTES;PI;Estadual;Urbana;47;454.79;487.33;438.76;414.8;405.53;440.24
8465;GOVERNADOR EUGENIO BARROS;MA;Estadual;Urbana;24;455.15;487.05;438.75;436.86;383.33;440.23
8466;CACAPAVA DO SUL;RS;Municipal;Urbana;1;449.6;431.6;373.1;506.8;440.0;440.22
8467;LAGOA DO BARRO DO PIAUI;PI;Estadual;Urbana;17;454.59;476.04;445.82;415.18;409.41;440.21
8468;PRAINHA;PA;Estadual;Urbana;86;448.9;495.04;435.32;416.93;404.65;440.17
8469;RIO DO FOGO;RN;Estadual;Urbana;76;466.65;499.05;435.35;410.57;389.21;440.17
8470;BOM JESUS;PI;Estadual;Urbana;199;455.31;499.33;448.16;419.8;378.19;440.16
8471;ITANHANGA;MT;Estadual;Rural;2;446.7;532.8;440.35;380.9;400.0;440.15
8472;MARACANA;PA;Municipal;Urbana;51;455.1;481.0;440.97;415.79;407.84;440.14
8473;IBIARA;PB;Estadual;Urbana;33;464.05;492.19;437.54;416.6;390.3;440.14
8474;COLINAS;MA;Estadual;Urbana;160;450.98;485.69;441.08;420.42;402.5;440.13
8475;BREVES;PA;Municipal;Rural;3;368.27;500.9;406.93;344.57;580.0;440.13
8476;COTRIGUACU;MT;Municipal;Rural;1;454.7;458.9;481.4;425.6;380.0;440.12
8477;REMANSO;BA;Municipal;Rural;8;469.24;484.86;469.12;414.81;362.5;440.11
8478;SAO FRANCISCO DO MARANHAO;MA;Estadual;Urbana;28;442.46;495.1;450.76;410.77;401.43;440.1
8479;NOVA OLINDA;TO;Estadual;Urbana;49;455.88;495.72;433.29;420.42;395.1;440.08
8480;SANTA TEREZINHA;PE;Municipal;Urbana;1;493.8;468.6;392.0;345.7;500.0;440.02
8481;PILAO ARCADO;BA;Estadual;Urbana;42;455.24;494.2;440.27;414.08;396.19;440.0
8482;PORTO WALTER;AC;Estadual;Urbana;40;449.55;493.76;417.94;405.1;433.5;439.97
8483;CAMPO ALEGRE DE LOURDES;BA;Municipal;Rural;2;384.95;519.65;410.9;444.15;440.0;439.93
8484;CONEGO MARINHO;MG;Estadual;Rural;18;443.33;500.01;450.58;405.66;400.0;439.92
8485;PASTOS BONS;MA;Estadual;Urbana;83;453.93;495.7;441.5;423.2;385.06;439.88
8486;SIRIRI;SE;Estadual;Urbana;23;449.07;498.84;443.73;415.39;392.17;439.84
8487;BOQUIRA;BA;Privada;Urbana;3;469.87;515.97;496.57;383.4;333.33;439.83
8488;MONTE FORMOSO;MG;Estadual;Urbana;20;468.17;492.79;447.42;414.74;376.0;439.83
8489;JOAQUIM GOMES;AL;Estadual;Urbana;44;445.51;491.26;434.8;390.66;436.82;439.81
8490;ALMAS;TO;Estadual;Urbana;38;455.35;497.61;427.78;437.1;381.05;439.78
8491;SIDROLANDIA;MS;Municipal;Urbana;1;457.0;507.2;437.6;437.1;360.0;439.78
8492;BANNACH;PA;Estadual;Urbana;4;483.78;504.15;439.98;426.0;345.0;439.78
8493;BOA VISTA DO RAMOS;AM;Estadual;Urbana;88;445.3;494.01;430.99;399.9;428.41;439.72
8494;MEDICILANDIA;PA;Municipal;Rural;3;463.57;481.63;414.87;371.57;466.67;439.66
8495;MARANGUAPE;CE;Estadual;Rural;165;459.25;494.04;433.79;423.09;388.12;439.66
8496;DAMIAO;PB;Estadual;Urbana;23;462.41;491.95;436.68;410.65;396.52;439.64
8497;PARAPUA;SP;Municipal;Urbana;1;489.4;479.5;433.6;355.6;440.0;439.62
8498;PANELAS;PE;Estadual;Urbana;82;455.32;489.8;438.93;408.2;405.61;439.57
8499;BUJARI;AC;Estadual;Urbana;63;461.9;510.92;450.14;408.0;366.67;439.53
8500;SANTA ISABEL DO RIO NEGRO;AM;Estadual;Urbana;52;445.49;488.1;432.13;402.33;429.62;439.53
8501;IGACI;AL;Estadual;Rural;49;441.31;487.66;442.15;400.73;425.71;439.51
8502;MONTE DAS GAMELEIRAS;RN;Estadual;Urbana;15;459.24;485.95;448.61;420.97;382.67;439.49
8503;NOVA OLIMPIA;MT;Estadual;Rural;5;465.98;518.34;439.4;389.56;384.0;439.46
8504;SAO FRANCISCO DE ASSIS DO PIAUI;PI;Estadual;Urbana;22;461.56;509.63;444.57;416.99;364.55;439.46
8505;FREI MIGUELINHO;PE;Municipal;Urbana;1;473.3;420.9;509.0;374.0;420.0;439.44
8506;MATOES DO NORTE;MA;Estadual;Rural;6;455.4;495.9;465.15;417.32;363.33;439.42
8507;BOA VISTA DO TUPIM;BA;Estadual;Urbana;49;461.2;495.13;436.62;419.22;384.9;439.41
8508;CARUARU;PE;Municipal;Urbana;1;501.7;481.2;507.1;347.0;360.0;439.4
8509;SAO JOAO DA PONTA;PA;Estadual;Urbana;12;458.64;486.83;428.46;392.76;430.0;439.34
8510;JOSE DE FREITAS;PI;Estadual;Urbana;254;467.25;500.18;447.98;412.02;369.06;439.3
8511;TASSO FRAGOSO;MA;Estadual;Urbana;32;450.51;488.03;440.54;411.67;405.62;439.28
8512;CALDEIRAO GRANDE;BA;Estadual;Urbana;29;471.95;513.46;423.33;404.74;382.76;439.25
8513;LAGO VERDE;MA;Estadual;Urbana;46;454.76;491.37;432.23;420.04;397.83;439.25
8514;ESTRELA DO NORTE;GO;Estadual;Urbana;29;467.87;492.58;431.37;413.1;391.03;439.19
8515;SANTA CRUZ;RN;Municipal;Rural;10;461.01;496.69;414.32;401.73;422.0;439.15
8516;ALHANDRA;PB;Estadual;Urbana;93;465.57;496.3;433.57;413.15;387.1;439.14
8517;LAPAO;BA;Estadual;Rural;23;460.86;500.58;440.03;412.56;381.65;439.13
8518;CEARA-MIRIM;RN;Estadual;Rural;33;451.3;486.76;444.33;394.46;418.79;439.13
8519;IACIARA;GO;Estadual;Urbana;92;461.21;494.57;444.42;414.05;381.3;439.11
8520;NOVA LACERDA;MT;Estadual;Urbana;33;455.27;493.94;446.18;415.23;384.85;439.1
8521;PARANATINGA;MT;Municipal;Rural;1;509.2;571.1;531.2;384.0;200.0;439.1
8522;NOVA IGUACU DE GOIAS;GO;Estadual;Urbana;21;461.88;495.57;429.0;420.49;388.57;439.1
8523;MARAPANIM;PA;Municipal;Urbana;14;442.13;483.46;449.21;410.64;410.0;439.09
8524;CASTANHEIRA;MT;Estadual;Urbana;43;453.4;501.5;444.4;417.28;378.6;439.04
8525;DOURADINA;MS;Estadual;Urbana;30;469.0;494.57;450.4;430.33;350.67;439.0
8526;AGUA DOCE DO MARANHAO;MA;Estadual;Urbana;16;477.35;493.14;443.26;433.7;347.5;438.99
8527;CENTRO NOVO DO MARANHAO;MA;Estadual;Urbana;73;456.96;496.52;443.42;427.88;370.14;438.98
8528;BURITICUPU;MA;Estadual;Rural;11;472.84;512.63;425.31;405.83;378.18;438.96
8529;FERREIRA GOMES;AP;Estadual;Urbana;51;448.08;498.12;444.56;406.24;397.65;438.93
8530;PIMENTA BUENO;RO;Estadual;Rural;2;427.45;485.45;459.8;401.9;420.0;438.92
8531;CARIACICA;ES;Municipal;Urbana;1;519.8;560.1;490.9;403.7;220.0;438.9
8532;BREJO;MA;Estadual;Urbana;122;459.79;484.75;440.31;415.49;394.1;438.89
8533;POXOREO;MT;Estadual;Rural;24;448.55;498.92;449.54;415.73;381.67;438.88
8534;PORTO MAUA;RS;Estadual;Urbana;11;439.96;485.47;447.08;454.44;367.27;438.85
8535;RIACHINHO;TO;Estadual;Urbana;20;465.94;488.49;430.54;423.3;386.0;438.85
8536;BARROLANDIA;TO;Estadual;Urbana;38;465.36;490.19;448.64;402.01;387.89;438.82
8537;MAZAGAO;AP;Estadual;Rural;30;436.72;490.62;447.65;411.08;408.0;438.81
8538;BAIXA GRANDE DO RIBEIRO;PI;Estadual;Urbana;25;426.07;478.2;443.73;427.59;418.4;438.8
8539;BAIANOPOLIS;BA;Estadual;Urbana;31;442.65;490.74;436.21;419.23;405.16;438.8
8540;CAMUTANGA;PE;Estadual;Urbana;53;454.81;499.69;451.96;413.15;374.34;438.79
8541;PINTOPOLIS;MG;Estadual;Rural;5;453.52;483.98;438.14;462.16;356.0;438.76
8542;PALMEIRA;SC;Estadual;Urbana;3;463.53;494.57;428.93;466.63;340.0;438.73
8543;URUGUAIANA;RS;Estadual;Rural;18;469.86;494.76;427.86;408.87;392.22;438.72
8544;SAO BENEDITO DO RIO PRETO;MA;Estadual;Urbana;46;461.07;498.09;446.84;413.65;373.91;438.71
8545;MATOES;MA;Municipal;Rural;1;516.9;494.4;346.0;356.1;480.0;438.68
8546;CHORO;CE;Estadual;Urbana;150;454.25;489.37;438.82;404.6;406.0;438.61
8547;CALDAS NOVAS;GO;Municipal;Urbana;1;516.6;504.6;450.8;441.0;280.0;438.6
8548;WENCESLAU GUIMARAES;BA;Municipal;Rural;1;463.0;460.8;355.1;434.1;480.0;438.6
8549;RIBEIRA;SP;Estadual;Rural;10;470.65;484.02;402.12;438.2;398.0;438.6
8550;GRAJAU;MA;Municipal;Rural;1;445.3;532.0;396.8;458.3;360.0;438.48
8551;MIRADOR;MA;Estadual;Rural;19;451.76;483.03;434.23;400.22;423.16;438.48
8552;CONTENDA;PR;Estadual;Rural;6;472.93;525.17;420.4;403.87;370.0;438.47
8553;UMIRIM;CE;Estadual;Urbana;139;461.85;488.84;447.55;416.28;377.7;438.45
8554;SAO LUIZ;RR;Estadual;Rural;3;443.03;492.5;446.87;409.73;400.0;438.43
8555;DIVINOPOLIS DE GOIAS;GO;Estadual;Rural;1;494.4;550.4;423.1;444.1;280.0;438.4
8556;PORTO RICO DO MARANHAO;MA;Estadual;Urbana;33;445.97;488.55;421.85;421.77;413.33;438.29
8557;ALGODAO DE JANDAIRA;PB;Estadual;Urbana;26;463.46;494.37;451.81;398.57;383.08;438.26
8558;SANTO ANTONIO DOS MILAGRES;PI;Estadual;Urbana;11;466.25;488.86;425.72;392.15;418.18;438.23
8559;PERITORO;MA;Estadual;Urbana;38;463.43;507.3;436.62;424.81;358.95;438.22
8560;NOVA LARANJEIRAS;PR;Estadual;Rural;14;445.19;497.71;461.69;443.31;342.86;438.15
8561;PIRES FERREIRA;CE;Estadual;Urbana;80;454.42;480.19;443.58;425.56;387.0;438.15
8562;URUCUI;PI;Estadual;Urbana;129;459.19;494.4;447.04;417.65;372.25;438.11
8563;SAO SEBASTIAO DO TOCANTINS;TO;Estadual;Urbana;18;463.09;507.34;432.01;418.03;370.0;438.1
8564;JOSELANDIA;MA;Estadual;Urbana;46;466.1;499.19;434.25;416.13;374.78;438.09
8565;RORAINOPOLIS;RR;Estadual;Rural;22;443.41;482.33;437.77;410.53;416.36;438.08
8566;PRESIDENTE JANIO QUADROS;BA;Estadual;Urbana;51;451.38;493.25;443.3;412.61;389.8;438.07
8567;SAO JOAO DO ARAGUAIA;PA;Municipal;Urbana;2;457.8;469.1;455.95;417.5;390.0;438.07
8568;ARAGUACEMA;TO;Estadual;Urbana;28;445.47;495.57;435.8;422.1;391.43;438.07
8569;BREU BRANCO;PA;Estadual;Rural;32;450.02;517.31;436.57;404.52;381.88;438.06
8570;PARNARAMA;MA;Estadual;Rural;19;459.73;507.79;439.77;414.49;368.42;438.04
8571;PORTO REAL DO COLEGIO;AL;Estadual;Urbana;42;452.19;489.97;443.04;431.03;373.81;438.01
8572;MARAA;AM;Estadual;Urbana;26;456.52;500.68;437.05;406.5;389.23;438.0
8573;VILA FLOR;RN;Estadual;Urbana;10;454.71;496.04;451.13;406.08;382.0;437.99
8574;LUIS CORREIA;PI;Estadual;Rural;23;467.87;505.8;448.46;410.39;357.39;437.98
8575;MANGA;MG;Estadual;Rural;5;486.94;510.54;430.98;393.18;368.0;437.93
8576;ALTO PARAGUAI;MT;Estadual;Rural;15;446.17;474.61;446.55;432.96;389.33;437.93
8577;TAIPU;RN;Estadual;Urbana;31;470.7;507.84;441.83;399.53;369.68;437.92
8578;FARIA LEMOS;MG;Estadual;Urbana;9;459.9;497.39;455.29;410.33;366.67;437.92
8579;SAO GONCALO DO PIAUI;PI;Estadual;Urbana;41;447.02;493.23;445.62;414.38;389.27;437.9
8580;SANTA INES;MA;Estadual;Rural;6;496.37;513.32;452.95;416.85;310.0;437.9
8581;PARAIBANO;MA;Estadual;Urbana;85;452.8;491.02;443.15;413.71;388.47;437.83
8582;RAPOSA;MA;Estadual;Urbana;9;453.58;518.88;446.92;414.18;355.56;437.82
8583;TRES LAGOAS;MS;Estadual;Rural;6;449.55;487.85;426.73;431.57;393.33;437.81
8584;PARAZINHO;RN;Estadual;Urbana;14;453.6;522.15;444.48;397.34;371.43;437.8
8585;SAO DOMINGOS DO CAPIM;PA;Estadual;Urbana;85;450.38;497.52;448.63;411.48;380.94;437.79
8586;ESPERANTINA;PI;Estadual;Rural;15;450.17;483.73;443.33;429.01;382.67;437.78
8587;FORMOSA DA SERRA NEGRA;MA;Estadual;Urbana;79;446.05;491.34;444.73;424.0;382.78;437.78
8588;INDIAROBA;SE;Estadual;Urbana;64;467.22;490.6;433.87;406.75;390.31;437.75
8589;JUARINA;TO;Estadual;Urbana;21;453.72;480.38;451.66;429.61;373.33;437.74
8590;SEBASTIAO LEAL;PI;Estadual;Urbana;10;458.29;478.64;440.7;436.89;374.0;437.7
8591;URUCURITUBA;AM;Estadual;Urbana;89;444.75;494.35;438.23;406.59;404.49;437.68
8592;BOM JESUS DO ITABAPOANA;RJ;Estadual;Rural;22;453.15;482.75;447.56;424.88;380.0;437.67
8593;PARANA;TO;Estadual;Rural;4;474.28;488.5;437.42;398.05;390.0;437.65
8594;SAO JOSE DOS CORDEIROS;PB;Municipal;Urbana;6;421.27;493.27;425.98;447.63;400.0;437.63
8595;SERRA DO RAMALHO;BA;Estadual;Urbana;78;456.82;495.17;447.39;411.3;377.44;437.62
8596;CAPITAO POCO;PA;Municipal;Urbana;1;415.2;448.5;490.5;353.8;480.0;437.6
8597;ASSUNCAO DO PIAUI;PI;Estadual;Urbana;27;452.22;493.46;439.99;434.11;368.15;437.59
8598;MATO RICO;PR;Estadual;Urbana;14;461.36;490.26;438.65;434.83;362.86;437.59
8599;JAGUARETAMA;CE;Estadual;Rural;19;467.59;502.75;448.42;421.73;347.37;437.57
8600;MONTE DO CARMO;TO;Estadual;Urbana;29;456.75;499.22;428.58;407.33;395.86;437.55
8601;CONCEICAO DO LAGO-ACU;MA;Estadual;Urbana;32;466.42;496.82;443.35;410.46;370.62;437.54
8602;ZABELE;PB;Estadual;Urbana;4;455.05;455.52;395.95;431.12;450.0;437.53
8603;INOCENCIA;MS;Estadual;Rural;4;467.88;474.2;440.12;410.4;395.0;437.52
8604;PRESIDENTE TANCREDO NEVES;BA;Estadual;Urbana;91;454.49;502.49;445.95;415.22;369.45;437.52
8605;GAMELEIRAS;MG;Estadual;Rural;3;457.13;496.5;377.93;455.87;400.0;437.49
8606;MOSSORO;RN;Estadual;Rural;21;462.61;511.5;435.97;414.06;362.86;437.4
8607;CHORROCHO;BA;Estadual;Urbana;13;451.81;490.75;441.02;407.78;395.38;437.35
8608;CABECEIRAS DO PIAUI;PI;Estadual;Urbana;71;462.22;500.53;444.72;398.45;380.85;437.35
8609;PATO BRANCO;PR;Municipal;Urbana;1;397.1;462.2;439.0;388.4;500.0;437.34
8610;IRAMAIA;BA;Estadual;Urbana;21;467.16;488.12;431.8;414.76;384.76;437.32
8611;SANTA TEREZINHA DO TOCANTINS;TO;Estadual;Urbana;14;445.8;486.45;460.35;423.94;370.0;437.31
8612;PARAUAPEBAS;PA;Municipal;Rural;3;494.1;472.73;431.0;401.93;386.67;437.29
8613;IPANGUACU;RN;Estadual;Rural;10;459.37;488.89;416.88;395.26;426.0;437.28
8614;SANTA LUZIA DO ITANHY;SE;Estadual;Urbana;22;463.69;508.95;441.72;395.65;376.36;437.27
8615;RIO QUENTE;GO;Municipal;Urbana;10;447.45;525.71;444.79;406.24;362.0;437.24
8616;MARACACUME;MA;Estadual;Rural;2;466.5;547.6;380.05;422.05;370.0;437.24
8617;ITAPERUCU;PR;Estadual;Rural;2;493.75;479.7;443.65;389.0;380.0;437.22
8618;ARRAIAL;PI;Estadual;Urbana;27;465.16;494.3;440.01;411.75;374.81;437.21
8619;BAGRE;PA;Municipal;Urbana;1;379.3;477.5;407.7;321.5;600.0;437.2
8620;MONCAO;MA;Estadual;Urbana;71;449.36;496.96;433.08;419.01;387.61;437.2
8621;CABEDELO;PB;Municipal;Urbana;51;465.05;504.98;441.95;403.43;370.59;437.2
8622;BARREIRINHA;AM;Estadual;Rural;56;444.63;494.09;434.08;403.76;409.29;437.17
8623;PORTO ESPERIDIAO;MT;Estadual;Rural;54;453.04;499.3;460.58;405.1;367.78;437.16
8624;BOQUEIRAO DO PIAUI;PI;Estadual;Urbana;33;451.99;483.42;439.37;417.06;393.94;437.16
8625;PAVUSSU;PI;Estadual;Urbana;5;469.2;491.06;428.96;448.48;348.0;437.14
8626;TARTARUGALZINHO;AP;Estadual;Urbana;74;456.18;475.93;438.51;410.48;404.59;437.14
8627;TIMON;MA;Estadual;Rural;18;461.0;501.34;446.27;385.92;391.11;437.13
8628;CURIUVA;PR;Estadual;Rural;5;446.94;495.04;467.62;412.06;364.0;437.13
8629;NOVA REDENCAO;BA;Estadual;Urbana;9;456.97;464.07;426.03;416.36;422.22;437.13
8630;NOVA GLORIA;GO;Estadual;Rural;7;458.07;491.39;471.44;427.51;337.14;437.11
8631;JOCA MARQUES;PI;Estadual;Urbana;14;433.48;497.03;454.61;431.5;368.57;437.04
8632;PERI MIRIM;MA;Estadual;Urbana;38;444.54;490.37;441.36;409.8;398.95;437.0
8633;CONFRESA;MT;Estadual;Rural;28;455.01;493.28;452.49;413.26;370.71;436.95
8634;CAPELA;SE;Estadual;Urbana;122;460.43;492.26;440.81;413.58;377.54;436.93
8635;BURITI DOS LOPES;PI;Estadual;Rural;21;450.59;486.64;446.0;425.17;376.19;436.92
8636;CAJUEIRO;AL;Estadual;Urbana;45;442.79;487.48;442.71;389.3;422.22;436.9
8637;SANTO ANTONIO DO RETIRO;MG;Estadual;Urbana;51;453.85;497.25;436.48;408.63;387.84;436.81
8638;GODOFREDO VIANA;MA;Estadual;Urbana;28;464.29;497.96;433.05;400.19;388.57;436.81
8639;MONTE NEGRO;RO;Privada;Urbana;3;415.07;492.4;463.8;386.07;426.67;436.8
8640;NOSSA SENHORA DO LIVRAMENTO;MT;Estadual;Rural;21;447.13;502.7;439.51;403.1;391.43;436.77
8641;AFONSO CLAUDIO;ES;Estadual;Rural;6;429.93;471.12;471.8;407.62;403.33;436.76
8642;CATUNDA;CE;Estadual;Urbana;101;462.99;482.1;437.5;411.85;389.31;436.75
8643;CURRAIS;PI;Municipal;Urbana;2;533.2;508.9;440.6;391.0;310.0;436.74
8644;PORTO SEGURO;BA;Estadual;Rural;8;442.82;492.74;442.52;375.56;430.0;436.73
8645;TERESINA;PI;Privada;Rural;5;457.02;490.12;429.8;386.66;420.0;436.72
8646;SIRINHAEM;PE;Estadual;Rural;12;477.78;509.28;442.08;384.29;370.0;436.69
8647;AMARANTE DO MARANHAO;MA;Municipal;Rural;5;447.5;454.5;480.28;484.86;316.0;436.63
8648;MOGI DAS CRUZES;SP;Municipal;Rural;1;470.2;411.5;505.6;435.6;360.0;436.58
8649;ITATUBA;PB;Estadual;Urbana;24;448.39;493.62;457.03;411.27;372.5;436.56
8650;SANTA MARIA DA BOA VISTA;PE;Estadual;Rural;30;446.31;498.09;440.07;405.02;393.33;436.56
8651;SILVEIRAS;SP;Municipal;Rural;5;453.26;493.52;456.7;407.3;372.0;436.56
8652;PORTEL;PA;Municipal;Rural;2;436.6;519.85;416.2;440.0;370.0;436.53
8653;BURITICUPU;MA;Estadual;Urbana;124;455.0;504.36;435.83;405.03;382.26;436.5
8654;SAO BERNARDO;MA;Estadual;Urbana;96;458.39;491.19;445.02;413.94;373.96;436.5
8655;SAO SEBASTIAO DO UATUMA;AM;Estadual;Urbana;71;443.89;482.26;438.49;406.07;411.55;436.45
8656;BARRO ALTO;BA;Estadual;Urbana;59;451.67;488.21;445.74;407.01;389.64;436.45
8657;MONTE ALEGRE DE GOIAS;GO;Estadual;Rural;7;454.46;495.43;452.96;404.89;374.29;436.4
8658;PONTE ALTA DO TOCANTINS;TO;Estadual;Urbana;36;460.92;493.58;447.21;422.39;357.78;436.38
8659;BACURITUBA;MA;Estadual;Urbana;25;452.42;504.62;459.14;392.95;372.8;436.38
8660;VITORIA DO MEARIM;MA;Estadual;Rural;5;420.28;464.84;462.8;401.94;432.0;436.37
8661;BACABEIRA;MA;Estadual;Rural;16;447.46;496.49;414.53;405.79;417.5;436.35
8662;REGENERACAO;PI;Estadual;Urbana;122;455.26;495.41;446.91;408.52;375.57;436.34
8663;PALESTINA DO PARA;PA;Estadual;Urbana;12;465.96;496.12;444.52;373.13;401.67;436.28
8664;MONTIVIDIU DO NORTE;GO;Estadual;Urbana;24;452.57;496.98;433.3;433.4;365.0;436.25
8665;CABACEIRAS;PB;Municipal;Urbana;10;443.2;490.75;429.84;415.32;402.0;436.22
8666;PARELHAS;RN;Estadual;Rural;2;463.5;516.8;426.85;393.9;380.0;436.21
8667;TRAIPU;AL;Estadual;Urbana;56;449.66;493.98;442.34;415.71;379.29;436.2
8668;ABAIARA;CE;Estadual;Urbana;95;455.41;477.88;440.37;412.75;394.53;436.19
8669;HUGO NAPOLEAO;PI;Estadual;Urbana;13;432.28;486.73;448.03;432.22;381.54;436.16
8670;ABARE;BA;Estadual;Rural;19;450.65;492.96;423.46;422.11;391.58;436.15
8671;CAPITAO POCO;PA;Estadual;Rural;13;458.54;495.12;445.58;409.15;372.31;436.14
8672;SAO RAIMUNDO DO DOCA BEZERRA;MA;Estadual;Urbana;16;465.39;507.08;441.59;404.14;362.5;436.14
8673;BURITI DO TOCANTINS;TO;Estadual;Urbana;45;452.8;495.92;437.13;421.36;373.33;436.11
8674;CHA PRETA;AL;Municipal;Urbana;1;493.1;465.2;454.2;348.0;420.0;436.1
8675;AURORA DO PARA;PA;Estadual;Rural;10;431.56;506.93;418.74;401.18;422.0;436.08
8676;CASTANHAL;PA;Municipal;Urbana;16;475.28;503.31;447.94;412.37;341.25;436.03
8677;RIO SONO;TO;Estadual;Urbana;11;449.99;510.07;446.66;416.88;356.36;435.99
8678;CAICARA DO RIO DO VENTO;RN;Estadual;Urbana;19;446.71;496.29;436.64;396.05;404.21;435.98
8679;BARREIRAS DO PIAUI;PI;Estadual;Urbana;9;447.24;493.66;447.26;411.59;380.0;435.95
8680;MIGUEL ALVES;PI;Estadual;Urbana;74;458.09;494.32;437.83;410.35;379.19;435.95
8681;IGRAPIUNA;BA;Estadual;Urbana;53;452.07;500.1;434.62;409.53;383.4;435.94
8682;RESERVA DO IGUACU;PR;Estadual;Rural;6;460.32;501.47;449.98;407.82;360.0;435.92
8683;SOBRAL;CE;Municipal;Urbana;3;465.23;478.1;428.97;407.23;400.0;435.91
8684;MARAPANIM;PA;Estadual;Rural;28;456.1;482.61;439.99;397.87;402.86;435.88
8685;LAMBARI D OESTE;MT;Estadual;Urbana;20;449.16;487.58;436.4;409.05;397.0;435.84
8686;VILA BOA;GO;Estadual;Urbana;9;466.12;481.96;461.68;418.31;351.11;435.84
8687;MACEIO;AL;Municipal;Urbana;2;460.8;498.3;418.35;401.55;400.0;435.8
8688;CHAPADA DA NATIVIDADE;TO;Estadual;Urbana;20;463.79;499.72;431.58;413.84;370.0;435.79
8689;AMAPA;AP;Municipal;Urbana;1;440.8;423.2;469.2;525.7;320.0;435.78
8690;SAO JOAQUIM DE BICAS;MG;Municipal;Urbana;1;418.6;538.8;434.5;326.9;460.0;435.76
8691;PEDRA PRETA;RN;Estadual;Urbana;11;466.78;506.55;420.77;408.2;376.36;435.73
8692;PRESIDENTE KENNEDY;TO;Estadual;Urbana;23;465.3;507.7;427.24;426.07;352.17;435.7
8693;LAGOA DOS PATOS;MG;Estadual;Urbana;43;465.51;503.57;447.92;401.82;359.53;435.67
8694;RESERVA DO CABACAL;MT;Estadual;Urbana;10;455.39;483.17;460.13;425.63;354.0;435.66
8695;JAIBA;MG;Privada;Urbana;1;440.1;516.6;462.6;379.0;380.0;435.66
8696;MANSIDAO;BA;Estadual;Urbana;23;445.54;479.98;445.98;413.65;393.04;435.64
8697;POCONE;MT;Estadual;Rural;18;439.51;503.15;444.16;396.85;394.44;435.62
8698;GUARANIACU;PR;Estadual;Rural;7;414.84;478.64;444.91;402.54;437.14;435.62
8699;GOIOXIM;PR;Estadual;Rural;4;453.15;484.38;472.12;423.42;345.0;435.62
8700;ITACOATIARA;AM;Estadual;Rural;32;455.98;491.06;438.04;396.0;396.88;435.59
8701;CAJAZEIRINHAS;PB;Estadual;Urbana;17;451.71;508.12;422.27;389.84;405.88;435.56
8702;AGUA LIMPA;GO;Estadual;Urbana;10;449.99;497.16;434.52;446.13;350.0;435.56
8703;ITAREMA;CE;Estadual;Rural;76;444.87;479.5;437.45;408.31;407.63;435.55
8704;PUREZA;RN;Estadual;Urbana;28;450.2;497.88;436.92;421.11;371.43;435.51
8705;CALMON;SC;Estadual;Urbana;8;465.22;474.51;434.52;420.74;382.5;435.5
8706;SAO GERALDO DO ARAGUAIA;PA;Estadual;Rural;12;440.02;483.1;427.34;405.3;421.67;435.49
8707;BURITI BRAVO;MA;Estadual;Urbana;97;459.63;492.85;438.91;407.18;378.76;435.47
8708;CORACAO DE MARIA;BA;Estadual;Rural;37;458.01;496.34;442.95;394.97;384.86;435.43
8709;ANDORINHA;BA;Estadual;Rural;1;516.4;515.9;516.1;348.7;280.0;435.42
8710;MIRAIMA;CE;Estadual;Urbana;190;446.93;487.89;445.34;418.27;378.53;435.39
8711;NILO PECANHA;BA;Estadual;Urbana;23;457.73;486.09;434.58;414.02;384.35;435.35
8712;SAO JOSE DE PRINCESA;PB;Estadual;Urbana;6;468.62;491.32;435.3;404.65;376.67;435.31
8713;IMPERATRIZ;MA;Municipal;Urbana;1;488.6;541.4;491.5;355.0;300.0;435.3
8714;IBITINGA;SP;Municipal;Urbana;1;390.1;510.3;469.4;426.6;380.0;435.28
8715;MACAPA;AP;Estadual;Rural;125;450.19;493.32;431.83;413.34;387.68;435.27
8716;VERA MENDES;PI;Estadual;Urbana;8;469.72;502.44;412.12;399.41;392.5;435.24
8717;AURELINO LEAL;BA;Estadual;Urbana;79;452.18;477.09;442.33;417.22;387.34;435.23
8718;CACHOEIRA DO ARARI;PA;Estadual;Urbana;64;440.33;483.93;433.22;416.75;401.88;435.22
8719;JACOBINA DO PIAUI;PI;Estadual;Urbana;18;456.43;495.56;440.98;410.83;372.22;435.2
8720;JAGUARIBARA;CE;Estadual;Urbana;82;458.18;480.21;441.23;418.44;377.56;435.13
8721;BOM JESUS DA LAPA;BA;Municipal;Rural;2;504.4;512.25;430.6;428.25;300.0;435.1
8722;MEDEIROS NETO;BA;Estadual;Rural;7;447.61;511.6;456.93;416.49;342.86;435.1
8723;DIVINA PASTORA;SE;Estadual;Urbana;22;439.65;468.63;447.5;439.62;380.0;435.08
8724;LUCENA;PB;Estadual;Urbana;24;463.63;495.43;431.38;409.93;375.0;435.07
8725;SAO JOSE DO PEIXE;PI;Estadual;Urbana;11;462.94;481.39;430.91;398.11;401.82;435.03
8726;CAMPO REDONDO;RN;Estadual;Urbana;47;451.46;487.65;428.37;410.59;397.02;435.02
8727;CURIMATA;PI;Estadual;Urbana;51;456.69;494.19;435.0;421.32;367.84;435.01
8728;HUMBERTO DE CAMPOS;MA;Estadual;Urbana;112;450.64;491.0;429.77;414.38;389.29;435.01
8729;JACUIZINHO;RS;Estadual;Urbana;8;458.31;517.74;449.18;382.3;367.5;435.0
8730;TUPIRATINS;TO;Estadual;Urbana;15;453.53;476.62;412.2;411.21;421.33;434.98
8731;PADRE CARVALHO;MG;Estadual;Rural;10;470.06;490.33;423.68;446.73;344.0;434.96
8732;CIDELANDIA;MA;Estadual;Rural;4;479.45;505.22;463.42;421.68;305.0;434.96
8733;SANTANA;BA;Privada;Rural;17;416.28;486.58;448.5;444.55;378.82;434.95
8734;OURO VELHO;PB;Estadual;Urbana;12;430.49;483.22;423.18;424.45;413.33;434.94
8735;RIACHUELO;SE;Estadual;Urbana;37;446.19;492.68;426.56;421.1;388.11;434.93
8736;MANAQUIRI;AM;Estadual;Urbana;57;445.89;494.37;441.39;410.5;382.46;434.92
8737;ITAPIRANGA;AM;Municipal;Urbana;3;448.87;483.3;485.43;383.57;373.33;434.9
8738;XAXIM;SC;Municipal;Urbana;1;454.0;532.5;370.1;357.8;460.0;434.88
8739;ARAUA;SE;Estadual;Urbana;100;458.25;489.66;438.73;409.38;378.4;434.88
8740;PEQUIZEIRO;TO;Estadual;Urbana;31;453.0;489.68;437.74;416.53;377.42;434.87
8741;SAO MIGUEL DE TAIPU;PB;Estadual;Urbana;22;447.6;497.47;438.63;409.61;380.91;434.84
8742;DOM INOCENCIO;PI;Estadual;Urbana;19;456.22;497.25;422.31;432.1;366.32;434.84
8743;ITACARAMBI;MG;Estadual;Rural;6;478.53;499.4;420.1;426.08;350.0;434.82
8744;RIBAMAR FIQUENE;MA;Estadual;Urbana;17;452.55;481.26;460.59;412.41;367.06;434.77
8745;DIVINOPOLIS DE GOIAS;GO;Estadual;Urbana;26;454.93;496.13;435.28;422.81;364.62;434.75
8746;MATO VERDE;MG;Municipal;Urbana;4;432.62;471.8;463.52;380.78;425.0;434.74
8747;SAO JOAO DA PONTE;MG;Estadual;Rural;24;434.86;481.9;446.06;413.85;396.67;434.67
8748;PONTE ALTA DO BOM JESUS;TO;Estadual;Urbana;20;457.36;482.53;427.18;403.13;403.0;434.64
8749;ITINGA;MG;Privada;Rural;5;450.08;487.72;458.94;392.3;384.0;434.61
8750;SAO BORJA;RS;Estadual;Rural;31;458.53;504.95;443.31;402.38;363.87;434.61
8751;CHAPADA DO NORTE;MG;Estadual;Rural;14;465.29;503.84;466.25;403.33;334.29;434.6
8752;SAO JOSE DE RIBAMAR;MA;Estadual;Rural;147;463.6;496.75;433.32;416.4;362.86;434.59
8753;IGARAPE DO MEIO;MA;Estadual;Urbana;44;470.03;487.01;451.19;415.64;349.09;434.59
8754;AMAPA;AP;Estadual;Urbana;55;439.78;486.03;440.63;403.44;402.91;434.56
8755;JUAREZ TAVORA;PB;Estadual;Urbana;48;461.51;489.6;438.05;414.92;368.75;434.56
8756;PIUM;TO;Estadual;Urbana;25;450.6;485.12;428.77;408.23;400.0;434.54
8757;SAO GONCALO DO ABAETE;MG;Municipal;Rural;1;507.7;509.9;553.1;341.9;260.0;434.52
8758;SANTO AMARO;BA;Municipal;Rural;12;447.67;494.16;429.91;429.21;371.67;434.52
8759;SILVANOPOLIS;TO;Estadual;Urbana;32;458.0;479.37;434.5;416.61;383.75;434.44
8760;BENEDITO LEITE;MA;Municipal;Urbana;1;468.1;521.2;444.0;418.8;320.0;434.42
8761;ITAPECURU MIRIM;MA;Municipal;Urbana;2;397.8;555.05;386.05;423.0;410.0;434.38
8762;PILOEZINHOS;PB;Estadual;Urbana;8;456.95;485.51;430.91;396.0;402.5;434.38
8763;MARCO;CE;Estadual;Rural;76;443.99;487.75;435.43;426.86;377.89;434.38
8764;DOIS RIACHOS;AL;Estadual;Urbana;40;458.08;492.23;435.4;415.68;370.5;434.38
8765;PARANA;TO;Estadual;Urbana;43;454.69;491.95;431.5;413.71;380.0;434.37
8766;IRAUCUBA;CE;Estadual;Rural;50;462.23;491.91;433.66;412.08;372.0;434.37
8767;CANTANHEDE;MA;Estadual;Urbana;46;462.68;497.53;439.58;420.72;351.3;434.36
8768;BELEM DO PIAUI;PI;Estadual;Urbana;11;450.14;473.21;441.82;395.18;410.91;434.25
8769;PADRE CARVALHO;MG;Estadual;Urbana;23;442.23;485.9;435.29;400.81;406.96;434.24
8770;ITAQUITINGA;PE;Municipal;Urbana;8;468.12;478.4;424.72;397.19;402.5;434.19
8771;NOVA ROSALANDIA;TO;Estadual;Urbana;25;453.29;484.75;435.37;435.74;361.6;434.15
8772;RECIFE;PE;Municipal;Urbana;12;463.4;505.88;443.49;394.6;363.33;434.14
8773;PINDORAMA DO TOCANTINS;TO;Estadual;Urbana;34;446.5;499.02;460.16;423.1;341.76;434.11
8774;NAZARE DO PIAUI;PI;Estadual;Urbana;66;454.71;488.58;444.12;414.59;368.48;434.1
8775;FARTURA DO PIAUI;PI;Estadual;Urbana;19;438.32;484.28;441.22;427.55;378.95;434.06
8776;ALCOBACA;BA;Estadual;Rural;27;459.89;494.93;439.1;392.42;383.7;434.01
8777;ARAGUATINS;TO;Estadual;Rural;16;456.84;481.92;431.52;403.11;396.25;433.93
8778;CEARA-MIRIM;RN;Municipal;Rural;1;519.8;563.3;405.6;360.8;320.0;433.9
8779;SUSSUAPARA;PI;Estadual;Urbana;45;447.15;482.16;436.94;410.81;392.44;433.9
8780;NOVA IPIXUNA;PA;Municipal;Urbana;4;462.82;430.48;443.45;447.72;385.0;433.9
8781;SAO BENTO;MA;Municipal;Urbana;43;452.7;485.61;430.92;414.41;385.58;433.84
8782;GRANJA;CE;Estadual;Urbana;532;456.66;481.83;441.27;408.15;381.2;433.82
8783;JORDAO;AC;Estadual;Urbana;41;452.74;490.25;431.32;414.74;380.0;433.81
8784;URUCURITUBA;AM;Estadual;Rural;19;431.05;488.55;438.66;407.43;403.16;433.77
8785;MATIAS CARDOSO;MG;Estadual;Urbana;35;453.41;490.77;458.81;401.27;364.57;433.77
8786;SAO DOMINGOS DO ARAGUAIA;PA;Estadual;Urbana;99;447.43;495.52;435.56;412.77;377.37;433.73
8787;CASINHAS;PE;Estadual;Urbana;50;466.44;479.1;441.4;413.38;368.0;433.66
8788;ALTO ALEGRE DO MARANHAO;MA;Estadual;Urbana;59;453.94;489.14;439.18;411.92;373.9;433.62
8789;BARRETOS;SP;Federal;Urbana;2;452.25;452.1;461.05;392.6;410.0;433.6
8790;PORTO RICO DO MARANHAO;MA;Estadual;Rural;5;410.52;460.24;432.26;420.94;444.0;433.59
8791;DOMINGOS MARTINS;ES;Estadual;Rural;8;414.75;488.01;485.89;451.69;327.5;433.57
8792;ICO;CE;Estadual;Rural;69;441.65;480.16;434.61;412.17;399.13;433.54
8793;VESPASIANO;MG;Municipal;Urbana;5;446.34;494.26;460.26;458.84;308.0;433.54
8794;JANGADA;MT;Estadual;Urbana;32;447.64;494.34;459.02;397.32;369.38;433.54
8795;IELMO MARINHO;RN;Estadual;Urbana;46;449.99;488.93;424.95;413.7;390.0;433.51
8796;ITUPIRANGA;PA;Estadual;Rural;4;463.08;455.22;457.5;391.68;400.0;433.5
8797;MALHADA;BA;Estadual;Urbana;47;446.18;489.1;445.88;430.94;355.32;433.48
8798;LUZIANIA;GO;Estadual;Rural;32;460.03;496.44;448.92;413.75;348.12;433.45
8799;BELEM;AL;Estadual;Urbana;24;454.54;481.8;434.25;392.4;404.17;433.43
8800;MATOES;MA;Estadual;Urbana;98;452.87;490.91;440.33;405.58;377.35;433.41
8801;CAPANEMA;PA;Estadual;Rural;43;435.49;489.81;434.72;407.43;399.53;433.4
8802;SAO LOURENCO DO PIAUI;PI;Privada;Rural;2;432.2;492.1;497.5;415.05;330.0;433.37
8803;PAICANDU;PR;Municipal;Urbana;5;439.54;520.92;454.48;459.88;292.0;433.36
8804;ACARA;PA;Municipal;Urbana;4;435.72;479.48;421.5;435.12;395.0;433.36
8805;DOM PEDRO;MA;Estadual;Rural;1;504.7;527.3;485.8;388.9;260.0;433.34
8806;SEROPEDICA;RJ;Municipal;Rural;1;396.8;453.3;494.8;461.7;360.0;433.32
8807;SAO JOAO DO SUL;SC;Municipal;Urbana;5;462.04;490.72;428.36;425.08;360.0;433.24
8808;GARRAFAO DO NORTE;PA;Estadual;Rural;7;450.2;470.57;415.27;427.26;402.86;433.23
8809;CABIXI;RO;Estadual;Rural;5;428.84;513.34;422.68;424.56;376.0;433.08
8810;TRAIRI;CE;Estadual;Urbana;415;459.8;485.01;438.95;415.53;366.12;433.08
8811;RECURSOLANDIA;TO;Estadual;Urbana;18;456.32;478.43;441.46;421.33;367.78;433.07
8812;LABREA;AM;Estadual;Urbana;148;432.37;483.47;436.69;404.98;407.49;433.0
8813;UNIAO;PI;Estadual;Rural;58;466.8;489.29;445.41;405.22;357.93;432.93
8814;SAO LOURENCO DA MATA;PE;Estadual;Rural;42;466.95;492.64;427.3;396.51;380.95;432.87
8815;CABACEIRAS DO PARAGUACU;BA;Estadual;Urbana;88;453.2;490.65;446.94;413.98;359.55;432.86
8816;SAO JOAO DA PARAUNA;GO;Estadual;Urbana;13;440.85;478.82;444.79;438.04;361.54;432.81
8817;ARAGOMINAS;TO;Estadual;Urbana;24;459.78;496.26;431.84;395.92;380.0;432.76
8818;ANTONIO CARDOSO;BA;Estadual;Urbana;33;454.38;507.49;438.52;405.17;358.18;432.75
8819;ALIANCA;PE;Estadual;Rural;11;457.5;483.82;435.89;393.81;392.73;432.75
8820;SAO PEDRO DA AGUA BRANCA;MA;Estadual;Rural;3;479.57;495.63;420.17;408.33;360.0;432.74
8821;CARUTAPERA;MA;Estadual;Rural;8;443.28;506.09;433.18;406.15;375.0;432.74
8822;CANHOBA;SE;Estadual;Urbana;13;453.82;487.45;429.15;442.48;350.77;432.73
8823;JUAZEIRO;BA;Municipal;Rural;2;474.2;515.05;477.35;367.0;330.0;432.72
8824;IVOLANDIA;GO;Estadual;Urbana;5;428.4;511.38;446.18;377.62;400.0;432.72
8825;JUCURUCU;BA;Estadual;Urbana;6;445.97;505.75;424.5;373.85;413.33;432.68
8826;DONA EMMA;SC;Estadual;Rural;2;483.5;536.65;440.8;382.35;320.0;432.66
8827;TARTARUGALZINHO;AP;Estadual;Rural;3;428.47;504.93;440.3;376.27;413.33;432.66
8828;BREVES;PA;Privada;Urbana;29;439.25;506.51;427.71;405.43;384.14;432.61
8829;VILA BELA DA SANTISSIMA TRINDADE;MT;Estadual;Rural;10;448.55;483.82;451.14;397.46;382.0;432.59
8830;VIAMAO;RS;Municipal;Urbana;1;499.0;469.4;449.0;485.5;260.0;432.58
8831;CORDEIROS;BA;Municipal;Rural;1;544.9;415.0;448.0;434.9;320.0;432.56
8832;MARAIAL;PE;Estadual;Urbana;35;447.83;474.39;416.7;413.02;410.86;432.56
8833;GRAJAU;MA;Estadual;Rural;32;445.73;497.72;439.48;407.23;372.5;432.53
8834;CACHOEIRA;BA;Estadual;Rural;23;445.21;494.93;422.12;396.01;404.35;432.52
8835;VARZEA GRANDE;PI;Estadual;Urbana;26;450.63;484.82;441.04;409.87;376.15;432.5
8836;SANTA RITA DO NOVO DESTINO;GO;Estadual;Rural;4;467.75;526.08;412.4;421.3;335.0;432.5
8837;CAMPOS GERAIS;MG;Municipal;Urbana;1;410.0;505.6;432.8;454.1;360.0;432.5
8838;BURITIRANA;MA;Estadual;Urbana;15;438.57;495.79;454.73;409.41;364.0;432.5
8839;GOVERNADOR MANGABEIRA;BA;Federal;Urbana;1;429.4;576.5;490.5;346.0;320.0;432.48
8840;MARAGOGIPE;BA;Estadual;Rural;20;455.42;499.01;431.22;413.59;363.0;432.45
8841;DUQUE BACELAR;MA;Estadual;Urbana;37;465.67;493.34;425.99;402.03;375.14;432.43
8842;SENADOR ELOI DE SOUZA;RN;Estadual;Urbana;20;445.94;485.29;432.98;413.84;384.0;432.41
8843;TESOURO;MT;Estadual;Urbana;19;450.37;482.48;427.18;404.94;396.84;432.36
8844;ALTO ALEGRE;RR;Estadual;Rural;15;446.59;488.02;451.53;396.87;378.67;432.34
8845;GRUPIARA;MG;Estadual;Urbana;6;441.73;454.77;474.0;451.15;340.0;432.33
8846;MATO RICO;PR;Estadual;Rural;3;464.43;504.07;429.03;377.33;386.67;432.31
8847;CACHOEIRINHA;TO;Estadual;Urbana;8;448.55;465.79;423.64;390.78;432.5;432.25
8848;TABAI;RS;Municipal;Rural;1;468.4;517.2;453.7;381.9;340.0;432.24
8849;SANTA LUZIA;MA;Estadual;Rural;6;436.9;488.62;447.35;438.22;350.0;432.22
8850;CARRASCO BONITO;TO;Estadual;Urbana;19;466.53;496.13;445.13;394.28;358.95;432.21
8851;FERNANDO PEDROZA;RN;Estadual;Urbana;14;450.27;480.57;432.91;421.56;375.71;432.2
8852;COLARES;PA;Estadual;Rural;23;425.67;500.72;438.32;424.0;372.17;432.18
8853;CIPO;BA;Municipal;Urbana;7;442.97;500.73;421.76;412.39;382.86;432.14
8854;MURICILANDIA;TO;Estadual;Urbana;18;458.32;496.54;428.42;423.98;353.33;432.12
8855;FONTE BOA;AM;Estadual;Urbana;123;443.3;491.59;429.12;405.95;390.41;432.07
8856;RIO GRANDE;RS;Municipal;Rural;1;396.2;486.8;399.2;358.1;520.0;432.06
8857;LAJEADO NOVO;MA;Estadual;Urbana;36;455.28;485.91;420.0;415.04;383.86;432.02
8858;FLORES DO PIAUI;PI;Estadual;Urbana;22;455.55;504.97;435.77;425.56;338.18;432.0
8859;SAO FRANCISCO DO BREJAO;MA;Estadual;Rural;9;445.56;504.59;441.42;403.93;364.44;431.99
8860;RUY BARBOSA;RN;Estadual;Urbana;16;457.54;491.35;439.32;405.49;366.25;431.99
8861;POJUCA;BA;Municipal;Urbana;1;424.9;362.3;371.9;440.7;560.0;431.96
8862;PRESIDENTE FIGUEIREDO;AM;Estadual;Rural;26;446.25;468.0;422.62;421.4;401.54;431.96
8863;POCO BRANCO;RN;Estadual;Urbana;40;445.19;478.36;435.74;407.28;393.0;431.91
8864;JUAZEIRO;BA;Estadual;Rural;25;454.45;489.86;433.89;417.15;364.0;431.87
8865;CABO DE SANTO AGOSTINHO;PE;Municipal;Rural;1;460.2;495.5;467.5;336.1;400.0;431.86
8866;DIAMANTINO;MT;Municipal;Rural;1;493.1;413.2;422.6;370.2;460.0;431.82
8867;BELEM DO SAO FRANCISCO;PE;Estadual;Rural;21;456.02;496.32;421.67;398.44;386.67;431.82
8868;POCO REDONDO;SE;Estadual;Urbana;58;465.27;482.79;446.84;395.47;368.62;431.8
8869;SAO MIGUEL DO FIDALGO;PI;Estadual;Urbana;10;452.32;496.41;423.19;400.66;386.0;431.72
8870;SENA MADUREIRA;AC;Municipal;Rural;1;472.1;498.6;463.1;384.8;340.0;431.72
8871;AMATURA;AM;Estadual;Urbana;46;441.65;488.05;427.43;404.81;396.52;431.69
8872;ITAMARI;BA;Estadual;Urbana;23;457.43;490.13;442.86;414.82;353.04;431.65
8873;SAO JOAO DA FRONTEIRA;PI;Estadual;Urbana;23;461.85;487.54;435.53;396.56;376.52;431.6
8874;CACIMBA DE AREIA;PB;Estadual;Urbana;9;449.18;481.41;418.27;437.79;371.11;431.55
8875;CACHOEIRA DE GOIAS;GO;Estadual;Urbana;7;471.69;490.0;421.37;383.26;391.43;431.55
8876;MANCIO LIMA;AC;Municipal;Rural;3;434.1;499.2;436.03;401.53;386.67;431.51
8877;ITACURUBA;PE;Estadual;Urbana;30;461.97;496.94;424.98;406.32;367.33;431.51
8878;JURUA;AM;Estadual;Urbana;29;433.72;479.28;425.65;422.87;395.86;431.48
8879;NINA RODRIGUES;MA;Estadual;Urbana;52;449.45;474.21;426.99;412.76;393.85;431.45
8880;SAO JOSE DA COROA GRANDE;PE;Estadual;Rural;1;402.3;471.4;503.3;400.0;380.0;431.4
8881;MURICI;AL;Estadual;Urbana;82;448.09;487.15;437.67;409.38;374.63;431.39
8882;ARAIOSES;MA;Estadual;Rural;52;444.48;486.08;441.17;412.92;372.31;431.39
8883;SAO SEBASTIAO DE LAGOA DE ROCA;PB;Municipal;Rural;2;438.45;503.2;404.55;400.5;410.0;431.34
8884;ARINOS;MG;Estadual;Rural;3;410.63;488.97;397.8;459.23;400.0;431.33
8885;MOJU;PA;Privada;Rural;2;449.45;480.3;409.2;437.65;380.0;431.32
8886;DOIS IRMAOS DO BURITI;MS;Estadual;Rural;7;432.24;497.6;455.84;396.53;374.29;431.3
8887;ANAMA;AM;Estadual;Rural;19;422.73;476.75;416.52;421.54;418.95;431.3
8888;CAXIAS;MA;Municipal;Rural;1;456.2;551.0;451.8;417.4;280.0;431.28
8889;NOVA MUTUM;MT;Municipal;Rural;1;527.7;490.6;416.6;401.5;320.0;431.28
8890;CAMETA;PA;Municipal;Rural;14;455.14;488.24;430.41;428.26;354.29;431.26
8891;ITAPAGE;CE;Municipal;Urbana;15;461.43;506.69;439.04;399.77;349.33;431.25
8892;IRANDUBA;AM;Municipal;Rural;1;505.9;546.1;405.3;418.8;280.0;431.22
8893;ATALAIA;AL;Privada;Urbana;13;420.31;499.65;433.56;433.32;369.23;431.21
8894;URBANO SANTOS;MA;Estadual;Urbana;71;450.89;490.85;444.87;409.92;359.44;431.19
8895;ALTO BOA VISTA;MT;Estadual;Urbana;27;439.18;472.96;439.04;417.31;387.41;431.18
8896;SENADOR CANEDO;GO;Municipal;Urbana;3;465.57;494.73;437.03;451.77;306.67;431.15
8897;CAMPO LARGO DO PIAUI;PI;Estadual;Urbana;14;448.89;500.94;447.18;415.47;342.86;431.07
8898;PAULO RAMOS;MA;Estadual;Urbana;50;440.91;480.64;428.69;421.76;383.2;431.04
8899;PRACUUBA;AP;Estadual;Urbana;5;452.5;445.22;409.86;391.32;456.0;430.98
8900;BREJO;MA;Estadual;Rural;17;433.58;504.25;416.08;412.49;388.24;430.93
8901;SUCUPIRA DO RIACHAO;MA;Estadual;Urbana;29;442.52;481.93;451.26;412.5;366.21;430.88
8902;IPU;CE;Estadual;Rural;64;440.84;483.0;432.09;413.91;384.38;430.84
8903;SANTA ROSA DO TOCANTINS;TO;Estadual;Urbana;29;435.86;473.18;433.62;420.25;391.03;430.79
8904;QUATIPURU;PA;Estadual;Rural;4;459.1;482.72;429.2;432.52;350.0;430.71
8905;MUCAJAI;RR;Estadual;Rural;21;441.22;475.31;423.34;394.58;419.05;430.7
8906;CONCORDIA DO PARA;PA;Privada;Urbana;4;494.7;516.0;418.42;449.1;275.0;430.64
8907;SANTANA DOS GARROTES;PB;Municipal;Rural;1;518.0;531.6;414.7;368.9;320.0;430.64
8908;IRAQUARA;BA;Municipal;Rural;12;455.67;513.55;416.95;410.16;356.67;430.6
8909;BOA HORA;PI;Estadual;Urbana;40;453.16;485.91;439.29;403.44;371.0;430.56
8910;CAPITAO DE CAMPOS;PI;Estadual;Rural;6;448.32;495.15;448.22;394.28;366.67;430.53
8911;SAO LUIS GONZAGA DO MARANHAO;MA;Estadual;Urbana;74;447.28;494.02;434.82;404.15;372.16;430.49
8912;SAO MATEUS;ES;Estadual;Rural;33;453.04;498.06;442.22;398.45;360.61;430.48
8913;PRESIDENTE EPITACIO;SP;Municipal;Urbana;10;461.18;487.46;434.78;424.56;344.0;430.4
8914;EMAS;PB;Estadual;Urbana;19;418.31;477.13;424.34;414.05;417.89;430.34
8915;NOSSA SENHORA DE LOURDES;SE;Estadual;Rural;10;459.87;481.85;430.76;407.01;372.0;430.3
8916;BOCAIUVA;MG;Estadual;Rural;19;475.22;490.27;434.24;395.38;355.79;430.18
8917;QUIXABA;PB;Estadual;Urbana;7;451.37;475.0;433.19;434.07;357.14;430.15
8918;CENTRO DO GUILHERME;MA;Estadual;Urbana;18;417.07;497.42;441.3;420.36;374.44;430.12
8919;CONCORDIA DO PARA;PA;Municipal;Urbana;8;462.3;489.02;408.86;405.4;385.0;430.12
8920;RIO DA CONCEICAO;TO;Estadual;Urbana;12;457.69;478.04;429.85;399.65;385.0;430.05
8921;ITAMARATI;AM;Estadual;Urbana;35;415.11;484.56;436.0;411.72;402.86;430.05
8922;ARAGUANA;MA;Estadual;Urbana;40;447.66;492.79;415.65;400.38;393.5;430.0
8923;JEREMOABO;BA;Municipal;Urbana;1;502.6;550.2;409.7;447.4;240.0;429.98
8924;PRIMEIRA CRUZ;MA;Estadual;Urbana;12;441.66;470.85;428.75;425.08;383.33;429.94
8925;COMERCINHO;MG;Privada;Rural;5;426.82;476.7;428.74;429.14;388.0;429.88
8926;CONCEICAO DO ARAGUAIA;PA;Municipal;Urbana;1;501.2;421.9;412.7;413.4;400.0;429.84
8927;URUARA;PA;Municipal;Urbana;2;437.85;508.85;445.85;386.45;370.0;429.8
8928;MARECHAL THAUMATURGO;AC;Estadual;Urbana;53;446.01;485.82;425.86;408.18;383.02;429.78
8929;ANAPURUS;MA;Estadual;Urbana;44;444.67;475.86;433.49;420.09;374.55;429.73
8930;JANDAIRA;BA;Estadual;Urbana;28;456.35;485.07;459.4;415.64;332.14;429.72
8931;SALVADOR;BA;Municipal;Urbana;13;466.12;486.3;445.86;405.48;344.62;429.68
8932;TOME-ACU;PA;Municipal;Rural;2;417.65;508.2;418.0;404.25;400.0;429.62
8933;SAO MIGUEL DO GUAPORE;RO;Municipal;Urbana;1;454.0;509.1;410.3;434.7;340.0;429.62
8934;MAGALHAES DE ALMEIDA;MA;Estadual;Rural;7;455.99;475.49;427.71;440.17;348.57;429.59
8935;ANAPU;PA;Estadual;Urbana;52;458.69;491.9;436.22;402.83;358.08;429.54
8936;ARATUBA;CE;Estadual;Rural;15;460.99;482.37;448.08;414.86;341.33;429.53
8937;VALPARAISO DE GOIAS;GO;Municipal;Urbana;3;433.53;506.17;453.17;408.07;346.67;429.52
8938;CANAVIEIRA;PI;Estadual;Urbana;4;460.6;506.58;407.65;417.75;355.0;429.52
8939;GOIANORTE;TO;Estadual;Urbana;30;449.63;489.02;446.83;395.42;366.67;429.51
8940;SANTA ROSA DE LIMA;SE;Estadual;Urbana;41;439.1;480.58;447.59;409.46;370.73;429.49
8941;MORROS;MA;Estadual;Urbana;93;447.98;493.97;432.08;403.17;370.11;429.46
8942;IMPERATRIZ;MA;Estadual;Rural;2;441.8;504.95;439.95;410.2;350.0;429.38
8943;MAZAGAO;AP;Privada;Rural;9;427.58;489.7;448.08;387.99;393.33;429.34
8944;PIRIPIRI;PI;Estadual;Rural;18;455.75;483.62;444.53;393.83;368.89;429.33
8945;BARRA DO BUGRES;MT;Estadual;Rural;29;452.22;478.81;435.38;411.15;368.97;429.31
8946;SANTA QUITERIA DO MARANHAO;MA;Estadual;Urbana;123;435.43;476.21;450.81;408.09;375.93;429.29
8947;AMAJARI;RR;Estadual;Rural;12;436.95;482.85;456.68;406.59;363.33;429.28
8948;SAO JOAO DO PIAUI;PI;Estadual;Rural;31;443.29;515.65;440.53;386.64;360.0;429.22
8949;CUTIAS;AP;Estadual;Urbana;15;452.33;473.71;426.12;420.19;373.33;429.14
8950;MILAGRES DO MARANHAO;MA;Estadual;Urbana;12;423.51;470.34;418.08;408.45;425.0;429.08
8951;CAJAZEIRAS DO PIAUI;PI;Estadual;Urbana;13;462.57;482.72;467.76;419.99;312.31;429.07
8952;SAO FRANCISCO;MG;Privada;Rural;8;416.79;496.98;449.4;399.64;382.5;429.06
8953;ANAPOLIS;GO;Municipal;Urbana;3;480.47;467.8;472.03;378.3;346.67;429.05
8954;CAMPO MAIOR;PI;Municipal;Rural;5;456.7;491.8;445.18;383.3;368.0;429.0
8955;TANQUINHO;BA;Estadual;Urbana;18;461.79;496.47;445.57;405.32;335.56;428.94
8956;CONCORDIA DO PARA;PA;Municipal;Rural;1;398.9;521.0;384.8;419.9;420.0;428.92
8957;CORRENTE;PI;Estadual;Urbana;140;443.1;491.53;445.86;410.22;353.71;428.89
8958;RUBELITA;MG;Estadual;Urbana;20;429.02;496.8;443.38;411.19;364.0;428.88
8959;LAJES PINTADAS;RN;Estadual;Urbana;13;427.65;481.48;427.76;419.62;387.69;428.84
8960;LAGOA DO CARRO;PE;Municipal;Urbana;1;375.6;538.9;543.9;345.5;340.0;428.78
8961;TRABIJU;SP;Municipal;Urbana;1;434.2;427.2;547.0;415.4;320.0;428.76
8962;ESMERALDAS;MG;Municipal;Urbana;10;467.79;493.76;438.16;433.96;310.0;428.73
8963;SAO JOSE DO CAMPESTRE;RN;Estadual;Urbana;44;447.93;482.48;427.4;411.24;374.55;428.72
8964;AUTAZES;AM;Estadual;Rural;2;426.2;487.55;415.9;423.7;390.0;428.67
8965;MADEIRO;PI;Estadual;Urbana;28;452.2;483.89;455.81;404.91;346.43;428.65
8966;ESPERANTINOPOLIS;MA;Municipal;Rural;2;430.25;443.0;464.75;425.25;380.0;428.65
8967;JAPURA;AM;Estadual;Rural;4;448.2;512.4;408.62;378.88;395.0;428.62
8968;MIRADOR;PR;Estadual;Urbana;5;433.6;452.94;448.9;415.62;392.0;428.61
8969;FARO;PA;Estadual;Rural;1;438.6;497.9;369.7;396.8;440.0;428.6
8970;IPIRANGA DE GOIAS;GO;Estadual;Urbana;14;448.06;468.41;437.98;429.79;358.57;428.56
8971;PALMEIRAIS;PI;Estadual;Urbana;49;446.71;490.67;443.03;408.48;353.88;428.55
8972;SANTA ROSA DO PIAUI;PI;Estadual;Urbana;39;442.58;493.43;443.57;403.64;359.49;428.54
8973;PALMEIRANTE;TO;Estadual;Urbana;20;462.84;487.74;431.8;401.16;359.0;428.51
8974;MIRACEMA DO TOCANTINS;TO;Municipal;Rural;1;412.9;525.2;422.7;341.4;440.0;428.44
8975;SAO BORJA;RS;Municipal;Urbana;2;439.5;501.0;446.25;455.4;300.0;428.43
8976;SAO VICENTE FERRER;MA;Estadual;Urbana;87;443.44;481.86;438.53;405.6;372.64;428.42
8977;ACORIZAL;MT;Estadual;Rural;14;449.18;481.31;414.2;432.71;364.29;428.34
8978;BRAZABRANTES;GO;Estadual;Urbana;12;465.96;492.78;416.06;411.82;355.0;428.32
8979;SAO GONCALO DO GURGUEIA;PI;Estadual;Urbana;13;453.82;487.16;431.53;419.76;349.23;428.3
8980;SERRANOPOLIS DE MINAS;MG;Estadual;Urbana;19;473.77;487.04;447.59;398.18;334.74;428.26
8981;UARINI;AM;Estadual;Urbana;28;441.36;486.07;425.61;420.3;367.86;428.24
8982;BERNARDO DO MEARIM;MA;Estadual;Rural;1;433.8;514.8;378.0;414.2;400.0;428.16
8983;NOBRES;MT;Estadual;Rural;12;438.76;487.19;417.83;400.18;396.67;428.12
8984;ALTO ALEGRE DO PINDARE;MA;Estadual;Rural;45;447.11;487.02;427.04;409.16;370.22;428.11
8985;CANAPOLIS;BA;Estadual;Urbana;18;454.82;487.71;460.22;404.43;333.33;428.1
8986;PAU D ARCO DO PIAUI;PI;Estadual;Urbana;10;445.58;488.86;425.66;422.17;358.0;428.05
8987;TELHA;SE;Estadual;Urbana;15;454.75;475.59;422.15;406.34;381.33;428.03
8988;JURUTI;PA;Privada;Rural;4;429.22;494.52;433.92;382.35;400.0;428.0
8989;ITAMONTE;MG;Municipal;Urbana;2;458.4;482.35;403.1;346.1;450.0;427.99
8990;MARAU;BA;Estadual;Rural;18;434.17;484.98;432.54;406.94;381.11;427.95
8991;BELO MONTE;AL;Estadual;Urbana;21;438.61;477.93;434.07;389.97;399.05;427.93
8992;RIBEIRAO;PE;Estadual;Rural;8;442.34;515.42;413.3;400.38;367.5;427.79
8993;UARINI;AM;Estadual;Rural;2;403.75;471.0;447.1;417.1;400.0;427.79
8994;PIRAPORA DO BOM JESUS;SP;Municipal;Urbana;1;492.6;414.9;441.4;330.0;460.0;427.78
8995;LUCAS DO RIO VERDE;MT;Municipal;Urbana;3;441.03;472.63;444.93;393.53;386.67;427.76
8996;MATA ROMA;MA;Estadual;Urbana;71;430.7;476.13;440.84;409.51;381.41;427.72
8997;CATU;BA;Municipal;Urbana;1;505.6;444.9;445.8;362.0;380.0;427.66
8998;TUNTUM;MA;Estadual;Rural;15;443.75;486.07;448.67;410.09;349.33;427.58
8999;BURITI;MA;Municipal;Urbana;1;428.1;439.7;404.7;345.3;520.0;427.56
9000;ISAIAS COELHO;PI;Estadual;Urbana;26;452.9;485.85;444.2;399.37;355.38;427.54
9001;ITAPISSUMA;PE;Estadual;Rural;28;439.61;492.58;425.24;399.51;380.71;427.53
9002;SAO JOAO DA PONTE;MG;Municipal;Rural;3;453.83;491.03;434.37;431.67;326.67;427.51
9003;SANTA ISABEL;GO;Estadual;Urbana;15;427.75;494.82;434.91;393.15;386.67;427.46
9004;SAO MIGUEL DOS MILAGRES;AL;Estadual;Urbana;15;429.89;466.93;416.4;412.02;412.0;427.45
9005;SITIO DO MATO;BA;Estadual;Rural;13;467.17;466.44;463.01;408.15;332.31;427.42
9006;TEJUCUOCA;CE;Municipal;Urbana;1;403.7;428.1;533.9;391.2;380.0;427.38
9007;MACURURE;BA;Estadual;Urbana;19;440.81;487.29;429.98;413.35;365.26;427.34
9008;ALVORADA DO GURGUEIA;PI;Estadual;Urbana;23;454.59;473.61;456.73;406.13;345.22;427.26
9009;RIO REAL;BA;Privada;Rural;14;448.05;469.01;466.06;387.2;365.71;427.21
9010;JANUARIO CICCO;RN;Estadual;Urbana;29;443.86;477.75;435.62;419.06;359.31;427.12
9011;SAO BRAS;AL;Estadual;Urbana;21;450.56;474.23;448.22;381.63;380.95;427.12
9012;VITORIA DE SANTO ANTAO;PE;Municipal;Rural;7;448.27;499.2;447.63;411.87;328.57;427.11
9013;SAO JOAO DAS MISSOES;MG;Estadual;Rural;19;440.99;498.27;426.78;399.91;369.47;427.09
9014;MARIANOPOLIS DO TOCANTINS;TO;Estadual;Urbana;15;447.21;486.97;437.15;406.66;357.33;427.06
9015;COLNIZA;MT;Estadual;Rural;4;445.7;453.52;439.4;401.6;395.0;427.04
9016;AMPARO;PB;Municipal;Urbana;6;423.37;482.33;436.27;389.55;403.33;426.97
9017;PORTO GRANDE;AP;Municipal;Rural;1;433.2;412.1;447.1;362.4;480.0;426.96
9018;BAIA DA TRAICAO;PB;Estadual;Rural;30;467.46;496.88;433.48;416.16;320.67;426.93
9019;THEOBROMA;RO;Municipal;Rural;3;409.1;499.8;442.9;342.7;440.0;426.9
9020;MONSENHOR TABOSA;CE;Estadual;Rural;50;431.97;475.72;439.35;420.62;366.8;426.89
9021;JUAZEIRINHO;PB;Municipal;Urbana;22;457.8;497.72;432.64;413.35;332.73;426.85
9022;RIACHAO DO DANTAS;SE;Estadual;Rural;23;431.38;470.93;430.24;424.45;376.52;426.7
9023;JATOBA DO PIAUI;PI;Estadual;Rural;21;449.56;486.13;449.0;390.72;358.1;426.7
9024;SAO FRANCISCO DO MARANHAO;MA;Estadual;Rural;2;415.05;481.6;431.15;455.6;350.0;426.68
9025;AURORA;CE;Estadual;Rural;33;444.48;462.1;439.5;404.79;382.42;426.66
9026;SAO JOSE DOS BASILIOS;MA;Estadual;Urbana;15;437.72;493.11;432.69;402.66;366.67;426.57
9027;SANTA HELENA;MA;Estadual;Rural;11;449.48;462.01;421.05;414.85;385.45;426.57
9028;MUCUGE;BA;Municipal;Urbana;2;488.65;451.4;436.15;406.3;350.0;426.5
9029;CURRAL VELHO;PB;Estadual;Urbana;12;430.35;493.05;404.6;430.74;373.33;426.42
9030;XAPURI;AC;Estadual;Urbana;55;443.16;486.96;439.08;413.34;349.45;426.4
9031;POCO DANTAS;PB;Estadual;Urbana;12;420.42;476.9;416.93;399.3;418.33;426.38
9032;CAMPINAS DO PIAUI;PI;Estadual;Urbana;13;434.62;476.98;445.98;418.86;355.38;426.37
9033;CANSANCAO;BA;Estadual;Rural;11;469.01;480.11;428.48;397.8;356.36;426.35
9034;ITAGUATINS;TO;Estadual;Urbana;22;445.71;498.78;443.07;404.88;339.09;426.31
9035;CURRALINHO;PA;Estadual;Urbana;242;437.53;487.09;426.74;405.43;374.46;426.25
9036;LAGOA DE PEDRAS;RN;Estadual;Urbana;46;446.24;483.23;427.49;415.95;358.26;426.23
9037;BARRA DO JACARE;PR;Estadual;Urbana;8;465.31;457.35;409.2;431.75;367.5;426.22
9038;PORTO SEGURO;BA;Municipal;Rural;6;449.75;461.02;435.78;367.23;416.67;426.09
9039;VICOSA DO CEARA;CE;Municipal;Urbana;2;443.7;510.15;407.8;378.75;390.0;426.08
9040;DAMOLANDIA;GO;Estadual;Urbana;12;458.42;487.27;416.01;413.33;355.0;426.01
9041;ABREULANDIA;TO;Estadual;Urbana;11;435.6;485.77;427.83;418.89;361.82;425.98
9042;XAPURI;AC;Estadual;Rural;12;449.4;485.73;412.66;407.01;375.0;425.96
9043;BARAO DE GRAJAU;MA;Municipal;Rural;1;401.7;453.6;506.4;388.0;380.0;425.94
9044;TEFE;AM;Estadual;Rural;8;459.14;493.5;427.86;413.61;335.0;425.82
9045;SERRANO DO MARANHAO;MA;Estadual;Urbana;30;445.85;480.75;445.09;403.29;354.0;425.8
9046;SANTA MARIA DE JETIBA;ES;Privada;Urbana;1;348.1;483.4;494.2;483.1;320.0;425.76
9047;ABAETE;MG;Municipal;Urbana;6;480.68;522.58;437.63;371.2;316.67;425.75
9048;SERRA NOVA DOURADA;MT;Estadual;Urbana;8;447.32;483.21;402.45;410.69;385.0;425.74
9049;PORTO ESTRELA;MT;Estadual;Urbana;32;438.37;480.81;435.18;393.6;380.62;425.72
9050;GUARABIRA;PB;Municipal;Urbana;3;473.27;541.3;436.9;369.93;306.67;425.61
9051;PORTO DA FOLHA;SE;Estadual;Rural;56;454.61;488.88;432.99;399.97;351.43;425.58
9052;UBAJARA;CE;Municipal;Rural;3;410.37;485.83;440.7;450.73;340.0;425.53
9053;CARLOPOLIS;PR;Estadual;Rural;1;419.5;464.9;466.5;396.7;380.0;425.52
9054;BACURI;MA;Estadual;Rural;15;443.6;488.31;433.91;415.08;346.67;425.51
9055;IVINHEMA;MS;Estadual;Rural;3;465.6;470.03;463.83;414.5;313.33;425.46
9056;MONTE DO CARMO;TO;Estadual;Rural;11;444.1;485.17;424.12;412.08;361.82;425.46
9057;RIACHO FRIO;PI;Estadual;Urbana;16;463.92;485.34;457.24;394.28;326.25;425.41
9058;JARDIM;CE;Municipal;Urbana;1;399.5;397.5;500.7;429.1;400.0;425.36
9059;XEXEU;PE;Estadual;Urbana;20;470.32;494.93;419.86;398.34;343.0;425.29
9060;BOM JESUS DO TOCANTINS;TO;Estadual;Urbana;19;447.58;467.35;433.85;406.51;370.53;425.16
9061;JUREMA;PI;Estadual;Urbana;13;443.52;483.39;447.18;433.25;318.46;425.16
9062;SAO JOSE DA TAPERA;AL;Estadual;Rural;12;434.15;493.93;450.16;389.07;358.33;425.13
9063;PARINTINS;AM;Estadual;Rural;48;433.02;472.69;432.87;397.93;388.75;425.05
9064;ARACUAI;MG;Estadual;Rural;10;459.64;467.76;439.52;394.29;364.0;425.04
9065;SITIO NOVO;MA;Estadual;Urbana;65;445.52;472.69;428.11;403.33;374.77;424.88
9066;TOME-ACU;PA;Municipal;Urbana;6;431.3;487.87;461.85;406.67;336.67;424.87
9067;IBIQUERA;BA;Estadual;Urbana;3;481.77;509.7;432.8;373.3;326.67;424.85
9068;PASSAGEM FRANCA DO PIAUI;PI;Estadual;Urbana;18;438.78;490.11;439.71;394.48;361.11;424.84
9069;ILHA DAS FLORES;SE;Estadual;Urbana;19;461.04;486.72;437.21;397.66;341.05;424.73
9070;CACHOEIRA DO PIRIA;PA;Estadual;Rural;2;429.4;537.95;443.3;362.65;350.0;424.66
9071;PACAJA;PA;Municipal;Rural;5;435.4;496.48;422.5;428.36;340.0;424.55
9072;LAGOA DO MATO;MA;Estadual;Urbana;51;442.1;478.05;436.4;409.74;356.47;424.55
9073;MOJUI DOS CAMPOS;PA;Municipal;Rural;1;411.0;423.2;397.6;510.9;380.0;424.54
9074;CARACARAI;RR;Estadual;Rural;18;450.61;473.66;429.76;413.14;355.56;424.54
9075;SANTA TEREZA DO TOCANTINS;TO;Estadual;Urbana;15;446.08;490.55;427.67;408.73;349.33;424.47
9076;SAO VICENTE FERRER;PE;Municipal;Urbana;13;432.18;491.44;429.13;429.52;340.0;424.45
9077;BONOPOLIS;GO;Estadual;Urbana;22;445.12;473.65;425.72;405.65;371.82;424.39
9078;JENIPAPO DOS VIEIRAS;MA;Estadual;Rural;8;427.28;486.7;450.96;409.42;347.5;424.37
9079;NOVO TRIUNFO;BA;Municipal;Urbana;19;448.84;465.48;427.8;404.47;374.74;424.27
9080;PARATINGA;BA;Municipal;Rural;29;432.58;487.42;444.72;394.41;362.07;424.24
9081;LORETO;MA;Estadual;Rural;5;416.3;472.96;417.76;406.14;408.0;424.23
9082;PACATUBA;SE;Estadual;Urbana;29;457.43;492.92;424.98;404.29;341.38;424.2
9083;ALTO PARNAIBA;MA;Estadual;Urbana;35;452.07;484.45;432.62;404.35;347.43;424.18
9084;PALMEIRANDIA;MA;Estadual;Rural;3;460.93;459.7;433.17;367.03;400.0;424.17
9085;SENA MADUREIRA;AC;Estadual;Rural;12;439.69;490.18;442.84;416.34;331.67;424.14
9086;PEDRO II;PI;Estadual;Rural;2;425.4;411.35;507.85;416.05;360.0;424.13
9087;BURITI;MA;Estadual;Urbana;56;444.58;487.73;429.53;408.45;350.0;424.06
9088;BOM JARDIM;MA;Estadual;Urbana;88;450.16;483.34;438.75;404.06;343.86;424.03
9089;LAJES;RN;Estadual;Urbana;45;451.45;484.7;431.59;404.12;348.0;423.97
9090;RIO DOS BOIS;TO;Estadual;Urbana;7;443.23;486.37;417.97;409.36;362.86;423.96
9091;TONANTINS;AM;Estadual;Urbana;101;429.51;476.5;423.72;387.89;402.18;423.96
9092;ALVARO DE CARVALHO;SP;Estadual;Urbana;16;438.47;478.74;418.18;416.62;367.5;423.9
9093;PALMELO;GO;Estadual;Urbana;8;418.96;496.48;427.28;409.0;367.5;423.84
9094;SITIO NOVO;MA;Estadual;Rural;12;432.51;468.95;414.9;407.81;395.0;423.83
9095;VILA NOVA DOS MARTIRIOS;MA;Estadual;Rural;6;458.02;484.32;419.73;376.9;380.0;423.79
9096;ACU;RN;Municipal;Urbana;1;413.2;556.2;480.5;448.6;220.0;423.7
9097;PERITORO;MA;Estadual;Rural;13;444.45;494.14;428.89;411.02;340.0;423.7
9098;PORTO VELHO;RO;Municipal;Urbana;1;379.3;580.2;396.3;422.6;340.0;423.68
9099;ARAGUANA;TO;Estadual;Urbana;53;439.31;482.06;433.48;402.95;360.38;423.63
9100;RIBEIRO GONCALVES;PI;Estadual;Urbana;20;422.98;487.48;427.64;411.92;368.0;423.6
9101;BOM DESPACHO;MG;Municipal;Urbana;4;441.2;515.2;460.15;451.48;250.0;423.6
9102;CAMPOS LINDOS;TO;Estadual;Urbana;22;446.29;484.24;435.04;407.68;344.55;423.56
9103;AMAMBAI;MS;Estadual;Rural;20;446.59;480.55;433.71;386.84;370.0;423.54
9104;SUCUPIRA DO RIACHAO;MA;Municipal;Urbana;1;400.0;501.0;491.5;324.8;400.0;423.46
9105;AMAJARI;RR;Estadual;Urbana;2;423.1;485.35;390.85;477.75;340.0;423.41
9106;RAFAEL JAMBEIRO;BA;Municipal;Rural;1;373.9;492.0;417.5;393.4;440.0;423.36
9107;PERI MIRIM;MA;Estadual;Rural;3;428.67;485.23;397.43;444.9;360.0;423.25
9108;GARARU;SE;Estadual;Rural;15;416.09;493.17;439.67;412.69;353.33;422.99
9109;BRAGANCA;PA;Estadual;Rural;62;441.53;474.33;430.57;414.37;353.87;422.93
9110;ITAPORA DO TOCANTINS;TO;Estadual;Urbana;18;442.17;474.82;422.8;403.11;371.11;422.8
9111;PAULISTA;PE;Estadual;Rural;13;465.01;478.58;448.12;388.34;333.85;422.78
9112;PORTO ALEGRE DO PIAUI;PI;Estadual;Urbana;8;442.48;472.3;454.26;407.06;337.5;422.72
9113;PADRE PARAISO;MG;Municipal;Rural;1;432.8;496.5;422.4;321.6;440.0;422.66
9114;MONTE ALEGRE DE GOIAS;GO;Estadual;Urbana;18;434.47;484.68;441.52;422.26;330.0;422.59
9115;AGUIAR;PB;Municipal;Urbana;2;421.6;424.3;421.8;394.35;450.0;422.41
9116;BARRO;CE;Estadual;Rural;11;453.84;476.55;430.21;382.35;369.09;422.41
9117;BURITIZEIRO;MG;Municipal;Rural;1;449.0;457.8;451.7;513.5;240.0;422.4
9118;MARIZOPOLIS;PB;Estadual;Urbana;17;445.38;472.92;447.61;394.12;351.76;422.36
9119;PACAJA;PA;Municipal;Urbana;4;474.08;468.88;434.85;413.52;320.0;422.26
9120;SAO PEDRO DA AGUA BRANCA;MA;Municipal;Urbana;1;364.7;493.8;495.3;397.5;360.0;422.26
9121;TRAIRAO;PA;Municipal;Urbana;1;419.4;445.6;580.1;445.7;220.0;422.16
9122;CENTENARIO;TO;Estadual;Urbana;14;442.04;468.54;431.2;400.36;368.57;422.14
9123;CACHOEIRA GRANDE;MA;Estadual;Urbana;30;429.03;478.1;428.15;408.72;366.67;422.13
9124;SIGEFREDO PACHECO;PI;Estadual;Rural;16;453.22;468.72;434.83;403.73;350.0;422.1
9125;NOVO SAO JOAQUIM;MT;Estadual;Rural;4;456.58;477.98;414.22;396.62;365.0;422.08
9126;PILAR;AL;Municipal;Urbana;1;506.6;504.5;422.1;337.0;340.0;422.04
9127;CIDELANDIA;MA;Municipal;Urbana;1;454.8;492.8;409.9;352.7;400.0;422.04
9128;SANHARO;PE;Municipal;Rural;2;447.95;466.6;426.15;419.4;350.0;422.02
9129;BARAO DE MELGACO;MT;Estadual;Urbana;11;436.65;472.73;422.94;417.74;360.0;422.01
9130;SANTO AFONSO;MT;Estadual;Rural;2;472.7;484.55;462.5;410.2;280.0;421.99
9131;NHANDEARA;SP;Municipal;Urbana;2;475.35;492.15;449.65;382.65;310.0;421.96
9132;ROSARIO DO IVAI;PR;Estadual;Rural;13;431.75;485.11;412.04;425.48;355.38;421.95
9133;ILHA DAS FLORES;SE;Estadual;Rural;13;455.18;470.12;414.56;398.9;370.77;421.9
9134;SAO MIGUEL DE TAIPU;PB;Municipal;Urbana;3;460.9;466.93;449.0;399.33;333.33;421.9
9135;SAO NICOLAU;RS;Estadual;Rural;7;426.54;458.11;428.17;393.43;402.86;421.82
9136;SAO JOAO DO CARU;MA;Estadual;Urbana;31;429.0;481.59;443.17;411.25;343.87;421.78
9137;NATAL;RN;Municipal;Urbana;6;441.02;496.5;471.9;395.9;303.33;421.73
9138;SANTANA DOS GARROTES;PB;Estadual;Urbana;18;451.68;482.46;419.86;412.21;342.22;421.68
9139;BUJARU;PA;Municipal;Rural;1;466.4;486.8;490.1;364.8;300.0;421.62
9140;POCO VERDE;SE;Municipal;Rural;1;354.3;543.9;369.4;420.4;420.0;421.6
9141;DUQUE BACELAR;MA;Municipal;Urbana;1;478.7;520.5;480.4;368.4;260.0;421.6
9142;JOAO PESSOA;PB;Municipal;Urbana;2;457.05;461.45;393.25;435.95;360.0;421.54
9143;MIGUEL LEAO;PI;Estadual;Urbana;3;465.37;487.83;394.07;460.43;300.0;421.54
9144;MACAIBA;RN;Estadual;Rural;19;452.84;465.67;424.36;411.83;352.63;421.47
9145;INDAIAL;SC;Municipal;Urbana;1;436.5;469.3;462.8;338.5;400.0;421.42
9146;PACAJA;PA;Estadual;Urbana;21;432.35;491.5;436.51;411.14;335.24;421.35
9147;ALFENAS;MG;Municipal;Rural;2;467.1;475.85;409.2;383.35;370.0;421.1
9148;FEIRA GRANDE;AL;Estadual;Rural;2;455.7;491.0;420.85;357.7;380.0;421.05
9149;BURITI BRAVO;MA;Estadual;Rural;18;433.86;476.98;422.99;401.41;370.0;421.05
9150;BELAGUA;MA;Estadual;Urbana;26;430.73;480.98;417.4;400.65;375.38;421.03
9151;IBIRITE;MG;Municipal;Urbana;9;443.41;464.31;456.48;416.39;324.44;421.01
9152;AFONSO CUNHA;MA;Estadual;Urbana;17;426.13;472.29;443.38;409.69;352.94;420.89
9153;PALMEIRA DOS INDIOS;AL;Municipal;Urbana;1;447.9;405.5;431.4;419.3;400.0;420.82
9154;SANTA QUITERIA DO MARANHAO;MA;Estadual;Rural;7;426.19;489.54;422.06;397.47;368.57;420.77
9155;SANTAREM;PA;Municipal;Rural;7;439.64;488.21;438.74;420.06;317.14;420.76
9156;FLORIANO;PI;Municipal;Urbana;1;419.4;516.2;473.0;335.2;360.0;420.76
9157;GOVERNADOR NEWTON BELLO;MA;Municipal;Urbana;2;478.05;511.4;413.4;400.75;300.0;420.72
9158;SAO JOAO DO ARAGUAIA;PA;Estadual;Rural;22;453.84;471.92;418.81;407.18;351.82;420.71
9159;SAO BERNARDO;MA;Estadual;Rural;21;455.49;491.65;433.98;407.84;314.29;420.65
9160;ITAIPAVA DO GRAJAU;MA;Estadual;Urbana;33;445.87;483.47;435.18;394.44;344.24;420.64
9161;MIRADOR;MA;Estadual;Urbana;80;429.44;471.5;429.4;408.81;364.0;420.63
9162;SAO JOSE DO PIAUI;PI;Estadual;Rural;1;404.1;410.7;461.7;406.6;420.0;420.62
9163;WENCESLAU BRAZ;MG;Municipal;Urbana;1;460.0;539.1;482.0;361.6;260.0;420.54
9164;ITAPECURU MIRIM;MA;Estadual;Rural;4;431.85;483.72;454.9;376.6;355.0;420.42
9165;PARNAGUA;PI;Estadual;Urbana;31;437.55;485.07;428.14;407.28;343.23;420.25
9166;PRESIDENTE SARNEY;MA;Estadual;Rural;2;387.9;466.3;405.75;411.1;430.0;420.21
9167;JURUA;AM;Municipal;Rural;1;382.3;494.3;375.9;528.5;320.0;420.2
9168;CURRAIS;PI;Estadual;Urbana;6;456.98;480.33;421.13;432.38;310.0;420.17
9169;CHAPADA GAUCHA;MG;Estadual;Rural;9;461.47;479.93;434.3;395.61;328.89;420.04
9170;SAO JOSE DOS PINHAIS;PR;Municipal;Urbana;1;364.8;437.2;366.5;391.7;540.0;420.04
9171;LARANJAL DO JARI;AP;Estadual;Rural;3;381.17;504.63;423.93;410.13;380.0;419.97
9172;PAULO JACINTO;AL;Municipal;Urbana;1;440.6;529.8;493.4;376.0;260.0;419.96
9173;ALDEIAS ALTAS;MA;Estadual;Urbana;109;428.83;481.0;428.73;411.83;349.17;419.91
9174;GENERAL MAYNARD;SE;Estadual;Urbana;6;439.37;455.82;451.98;445.72;306.67;419.91
9175;SAO JOAO DO CARU;MA;Municipal;Urbana;2;436.25;463.1;511.9;417.9;270.0;419.83
9176;SANDOLANDIA;TO;Estadual;Urbana;10;413.59;497.36;432.88;416.6;338.0;419.69
9177;SANTA TEREZINHA;MT;Estadual;Rural;6;417.22;492.08;446.18;409.13;333.33;419.59
9178;MUNDO NOVO;GO;Estadual;Rural;16;442.22;478.08;446.66;390.93;340.0;419.58
9179;JENIPAPO DOS VIEIRAS;MA;Estadual;Urbana;6;402.82;444.95;438.63;401.28;410.0;419.54
9180;MIMOSO DE GOIAS;GO;Estadual;Urbana;8;462.11;479.59;428.14;380.3;347.5;419.53
9181;FRANCISCO AYRES;PI;Estadual;Urbana;28;454.81;465.91;423.87;420.14;332.86;419.52
9182;FORQUILHA;CE;Municipal;Urbana;3;434.97;486.03;377.93;385.27;413.33;419.51
9183;COQUEIRO SECO;AL;Estadual;Urbana;13;444.82;501.97;420.11;395.19;335.38;419.49
9184;ARES;RN;Municipal;Urbana;2;487.25;476.5;432.7;391.0;310.0;419.49
9185;PRESIDENTE SARNEY;MA;Estadual;Urbana;36;437.58;492.17;424.66;378.77;363.33;419.3
9186;CAMPO ALEGRE DE GOIAS;GO;Municipal;Urbana;1;345.4;543.8;493.6;373.6;340.0;419.28
9187;CACAPAVA DO SUL;RS;Municipal;Rural;2;455.7;558.1;401.75;390.5;290.0;419.21
9188;ALCANTARA;MA;Estadual;Rural;13;405.25;458.76;427.37;406.0;398.46;419.17
9189;PARINTINS;AM;Municipal;Rural;3;373.23;498.87;405.93;457.67;360.0;419.14
9190;CARRASCO BONITO;TO;Estadual;Rural;3;468.63;468.97;412.87;405.2;340.0;419.13
9191;MARITUBA;PA;Municipal;Rural;2;429.4;486.9;447.25;382.05;350.0;419.12
9192;SANTANA DO SAO FRANCISCO;SE;Estadual;Rural;13;464.58;477.15;427.32;391.16;335.38;419.12
9193;GOVERNADOR LUIZ ROCHA;MA;Estadual;Urbana;38;442.18;473.01;427.76;395.58;356.84;419.07
9194;NHAMUNDA;AM;Estadual;Rural;15;418.36;483.5;430.95;376.92;385.33;419.01
9195;IVAIPORA;PR;Estadual;Rural;1;478.2;481.6;372.6;362.4;400.0;418.96
9196;PALMARES;PE;Estadual;Rural;18;430.33;478.77;413.46;412.05;360.0;418.92
9197;IBIPEBA;BA;Estadual;Rural;27;428.31;444.3;427.77;399.82;394.07;418.85
9198;COIVARAS;PI;Estadual;Urbana;7;455.23;467.84;466.14;387.84;317.14;418.84
9199;DORESOPOLIS;MG;Estadual;Urbana;2;385.55;468.95;427.8;411.8;400.0;418.82
9200;MULUNGU;PB;Estadual;Rural;1;526.4;361.6;419.6;386.4;400.0;418.8
9201;SAO ROQUE;SP;Municipal;Urbana;1;452.8;554.3;452.0;394.6;240.0;418.74
9202;MOJU;PA;Municipal;Rural;12;439.06;477.6;447.42;426.26;303.33;418.73
9203;BACABAL;MA;Estadual;Rural;8;427.86;486.48;438.26;373.26;367.5;418.67
9204;CAMPESTRE;MG;Municipal;Rural;1;420.2;458.3;438.8;455.9;320.0;418.64
9205;SANTO ANTONIO DO JACINTO;MG;Estadual;Rural;1;380.4;518.1;425.6;368.6;400.0;418.54
9206;MATA GRANDE;AL;Estadual;Rural;10;444.71;462.18;460.2;387.6;338.0;418.54
9207;SENADOR GEORGINO AVELINO;RN;Estadual;Urbana;11;437.54;470.7;419.85;413.55;350.91;418.51
9208;DIRCEU ARCOVERDE;PI;Estadual;Urbana;18;444.43;472.27;426.12;419.25;330.0;418.41
9209;MARACAS;BA;Municipal;Rural;5;449.4;462.5;440.92;382.12;356.0;418.19
9210;BURITICUPU;MA;Municipal;Rural;1;480.6;450.4;359.9;459.4;340.0;418.06
9211;SARZEDO;MG;Municipal;Urbana;3;464.3;508.63;451.97;385.13;280.0;418.01
9212;OSORIO;RS;Municipal;Urbana;1;398.3;446.8;401.3;503.5;340.0;417.98
9213;ARACI;BA;Estadual;Rural;21;435.78;479.87;419.19;412.18;342.86;417.97
9214;BREU BRANCO;PA;Municipal;Urbana;4;439.65;478.92;442.5;398.52;330.0;417.92
9215;SAO BRAZ DO PIAUI;PI;Estadual;Urbana;13;444.37;487.9;435.15;402.14;320.0;417.91
9216;RIBEIRAO DAS NEVES;MG;Municipal;Urbana;9;420.54;492.46;423.19;364.39;388.89;417.89
9217;CRISTALANDIA DO PIAUI;PI;Estadual;Urbana;22;420.68;495.04;456.15;404.63;312.73;417.85
9218;PARANATINGA;MT;Municipal;Urbana;1;443.5;489.9;403.7;391.1;360.0;417.64
9219;COMODORO;MT;Municipal;Rural;1;514.9;510.2;411.6;391.4;260.0;417.62
9220;JANGADA;MT;Estadual;Rural;26;421.78;465.48;434.02;398.07;368.46;417.56
9221;LAGOA DO TOCANTINS;TO;Estadual;Urbana;16;439.29;454.34;433.43;404.79;355.0;417.37
9222;ANAJATUBA;MA;Estadual;Rural;25;440.52;480.33;429.33;408.63;328.0;417.36
9223;BONITO;PE;Municipal;Urbana;7;463.63;509.84;431.94;381.4;300.0;417.36
9224;PIANCO;PB;Municipal;Urbana;4;459.82;532.4;433.6;390.95;270.0;417.36
9225;CALCOENE;AP;Estadual;Urbana;60;435.96;472.62;425.91;395.34;356.67;417.3
9226;VARZEA GRANDE;MT;Estadual;Rural;7;422.73;492.61;422.07;443.31;305.71;417.29
9227;JAPOATA;SE;Estadual;Rural;26;443.74;474.15;441.62;399.8;326.92;417.25
9228;CAXIAS;MA;Estadual;Rural;37;439.11;480.69;432.33;392.7;341.08;417.18
9229;COSTA MARQUES;RO;Estadual;Rural;16;432.06;485.04;431.13;402.39;335.0;417.12
9230;SANTA MARIA DO TOCANTINS;TO;Estadual;Urbana;7;407.14;463.5;432.17;447.84;334.29;416.99
9231;SERRA DOURADA;BA;Municipal;Urbana;3;417.8;470.47;429.63;446.8;320.0;416.94
9232;CAMPO LIMPO PAULISTA;SP;Municipal;Urbana;2;461.15;497.75;417.85;387.75;320.0;416.9
9233;SANTO AMARO DO MARANHAO;MA;Estadual;Urbana;17;427.62;471.09;445.59;409.39;330.59;416.86
9234;FILADELFIA;TO;Estadual;Urbana;36;454.75;478.04;436.33;394.4;320.56;416.81
9235;AGUA BRANCA;PB;Municipal;Urbana;3;446.27;511.33;446.17;453.43;226.67;416.77
9236;PALESTINA DO PARA;PA;Municipal;Urbana;1;479.9;506.5;431.3;385.6;280.0;416.66
9237;BREJINHO;PE;Municipal;Urbana;2;465.45;467.55;467.9;402.35;280.0;416.65
9238;TOCANTINIA;TO;Estadual;Urbana;27;451.4;473.55;429.96;404.7;322.96;416.52
9239;SAO DOMINGOS DO CAPIM;PA;Estadual;Rural;2;446.7;490.0;424.05;341.8;380.0;416.51
9240;PORTO DO MANGUE;RN;Estadual;Urbana;12;420.48;476.67;413.06;394.88;376.67;416.35
9241;JAGUARIPE;BA;Estadual;Urbana;25;440.95;491.98;422.5;397.6;328.0;416.21
9242;RIBAS DO RIO PARDO;MS;Privada;Urbana;8;455.84;524.67;429.35;358.25;312.5;416.12
9243;PENHA;SC;Municipal;Urbana;1;454.5;465.8;375.3;384.2;400.0;415.96
9244;SUCUPIRA DO NORTE;MA;Privada;Rural;4;380.95;494.12;437.48;457.15;310.0;415.94
9245;GUARAITA;GO;Municipal;Urbana;4;449.9;460.85;449.8;418.92;300.0;415.9
9246;DELFIM MOREIRA;MG;Estadual;Rural;3;477.37;501.77;414.57;438.83;246.67;415.84
9247;ARAIOSES;MA;Municipal;Urbana;1;396.5;475.5;427.8;418.9;360.0;415.74
9248;BRAGANCA;PA;Municipal;Rural;2;485.75;412.15;433.05;387.25;360.0;415.64
9249;BORBA;AM;Estadual;Rural;23;422.96;458.38;431.99;394.27;370.43;415.61
9250;LAGOA DO CARRO;PE;Municipal;Rural;1;464.0;526.8;406.6;400.6;280.0;415.6
9251;BARAO DE GRAJAU;MA;Estadual;Rural;29;454.63;484.41;423.11;399.14;315.86;415.43
9252;BONFIM DO PIAUI;PI;Estadual;Urbana;3;441.9;490.47;429.57;388.5;326.67;415.42
9253;ARARUNA;PB;Municipal;Urbana;1;310.6;467.2;421.9;477.3;400.0;415.4
9254;BOM JESUS DA LAPA;BA;Estadual;Rural;12;445.95;484.52;413.65;424.49;308.33;415.39
9255;RODRIGUES ALVES;AC;Estadual;Rural;17;426.93;473.24;421.14;401.51;354.12;415.39
9256;RIO VERDE DE MATO GROSSO;MS;Municipal;Urbana;1;343.7;534.3;437.7;380.9;380.0;415.32
9257;AIQUARA;BA;Municipal;Urbana;1;454.9;474.7;406.7;419.4;320.0;415.14
9258;GONGOGI;BA;Estadual;Urbana;9;422.9;488.82;419.17;408.36;335.56;414.96
9259;JOAO LISBOA;MA;Estadual;Rural;1;432.3;499.3;419.6;423.4;300.0;414.92
9260;MANTENA;MG;Municipal;Rural;1;477.7;576.2;399.0;360.4;260.0;414.66
9261;TANGARA DA SERRA;MT;Municipal;Rural;1;464.3;479.7;379.3;389.3;360.0;414.52
9262;SOCORRO DO PIAUI;PI;Estadual;Urbana;13;442.06;464.57;436.9;400.6;327.69;414.36
9263;MARCACAO;PB;Estadual;Urbana;30;442.46;470.1;433.62;388.91;336.67;414.35
9264;CACHOEIRA DOURADA;MG;Municipal;Urbana;4;374.98;468.08;433.52;445.15;350.0;414.34
9265;OEIRAS;PI;Municipal;Rural;2;432.65;373.3;388.35;427.35;450.0;414.33
9266;TIO HUGO;RS;Municipal;Urbana;1;432.8;483.2;405.9;369.3;380.0;414.24
9267;SUCUPIRA DO NORTE;MA;Estadual;Rural;2;424.45;459.45;394.4;382.85;410.0;414.23
9268;FRAIBURGO;SC;Estadual;Rural;4;407.6;464.92;450.5;442.85;305.0;414.17
9269;GUARIBAS;PI;Estadual;Urbana;12;445.72;488.85;429.88;410.72;295.0;414.04
9270;IGARAPE DO MEIO;MA;Estadual;Rural;5;407.18;493.84;431.36;401.32;336.0;413.94
9271;MARABA;PA;Estadual;Rural;5;455.6;504.38;397.94;386.92;324.0;413.77
9272;PALESTINA DO PARA;PA;Municipal;Rural;1;423.0;439.9;470.4;334.7;400.0;413.6
9273;ITAUEIRA;PI;Municipal;Urbana;14;436.36;478.61;439.78;370.16;342.86;413.55
9274;BAGE;RS;Municipal;Urbana;2;468.0;495.45;424.45;379.8;300.0;413.54
9275;AUTAZES;AM;Municipal;Rural;2;402.85;474.65;412.4;347.75;430.0;413.53
9276;SENHOR DO BONFIM;BA;Estadual;Rural;16;432.58;469.13;417.61;394.52;353.75;413.52
9277;AURELINO LEAL;BA;Municipal;Urbana;1;442.1;416.9;463.0;505.3;240.0;413.46
9278;MESSIAS TARGINO;RN;Estadual;Urbana;23;420.46;455.63;430.14;395.59;365.22;413.41
9279;SAO SEBASTIAO DO UATUMA;AM;Estadual;Rural;2;443.05;494.95;463.95;405.0;260.0;413.39
9280;ITAUBAL;AP;Estadual;Rural;1;348.2;474.7;461.4;342.0;440.0;413.26
9281;RIO MARIA;PA;Municipal;Rural;1;413.9;431.3;516.9;463.1;240.0;413.04
9282;ALMEIRIM;PA;Municipal;Urbana;2;402.05;454.4;437.45;431.15;340.0;413.01
9283;SANTO ANTONIO DE GOIAS;GO;Municipal;Urbana;3;443.77;494.33;452.77;367.27;306.67;412.96
9284;AUGUSTO CORREA;PA;Municipal;Rural;3;448.47;478.33;453.63;410.5;273.33;412.85
9285;PALMAS;PR;Municipal;Urbana;1;459.1;538.4;414.3;332.4;320.0;412.84
9286;SANTANA DO MARANHAO;MA;Estadual;Rural;13;422.55;483.08;425.95;400.22;332.31;412.82
9287;SANTA CRUZ DO SUL;RS;Municipal;Urbana;1;492.3;492.5;393.8;365.3;320.0;412.78
9288;SAO FELIX DO TOCANTINS;TO;Estadual;Urbana;9;446.13;479.93;440.33;386.38;311.11;412.78
9289;ABAETETUBA;PA;Municipal;Urbana;1;428.3;544.1;406.6;384.4;300.0;412.68
9290;TABATINGA;AM;Estadual;Rural;2;367.9;465.2;400.2;440.0;390.0;412.66
9291;BOA VISTA DO TUPIM;BA;Estadual;Rural;23;450.8;470.66;422.47;398.93;320.0;412.57
9292;PONTE ALTA DO BOM JESUS;TO;Estadual;Rural;5;441.1;458.92;437.36;384.96;340.0;412.47
9293;ICATU;MA;Estadual;Rural;11;396.55;479.44;422.92;388.58;374.55;412.41
9294;JAPI;RN;Estadual;Urbana;15;440.91;466.43;426.35;388.22;340.0;412.38
9295;PRACUUBA;AP;Estadual;Rural;2;442.25;490.95;412.45;436.2;280.0;412.37
9296;SANTANA DO ARAGUAIA;PA;Privada;Urbana;4;443.98;430.68;420.83;450.8;315.0;412.26
9297;RIO GRANDE DO PIAUI;PI;Estadual;Urbana;3;443.77;477.67;432.4;413.53;293.33;412.14
9298;CABROBO;PE;Estadual;Rural;5;419.9;479.4;432.1;372.74;356.0;412.03
9299;SANTO INACIO DO PIAUI;PI;Municipal;Rural;2;466.25;507.65;454.65;371.55;260.0;412.02
9300;PILAO ARCADO;BA;Municipal;Urbana;1;420.4;530.5;388.1;401.1;320.0;412.02
9301;MAURILANDIA DO TOCANTINS;TO;Estadual;Urbana;8;427.68;458.34;414.44;404.55;355.0;412.0
9302;IMBAU;PR;Estadual;Rural;3;424.77;438.9;444.1;438.87;313.33;411.99
9303;MONTEIROPOLIS;AL;Estadual;Urbana;2;398.75;554.3;399.9;376.6;330.0;411.91
9304;MIRANDA;MS;Estadual;Rural;7;449.3;489.71;427.67;355.49;337.14;411.86
9305;BORACEIA;SP;Municipal;Urbana;1;469.8;371.0;361.2;436.4;420.0;411.68
9306;NOSSA SENHORA DOS REMEDIOS;PI;Estadual;Rural;7;448.1;471.1;424.86;379.86;334.29;411.64
9307;BANDEIRANTES DO TOCANTINS;TO;Estadual;Urbana;11;439.99;469.92;421.34;386.15;340.0;411.48
9308;BONITO DE MINAS;MG;Estadual;Rural;3;375.7;505.5;420.7;395.43;360.0;411.47
9309;IGARASSU;PE;Municipal;Urbana;3;431.73;480.37;461.87;436.27;246.67;411.38
9310;JARDIM DO MULATO;PI;Estadual;Urbana;22;448.92;480.38;429.26;401.87;296.36;411.36
9311;ITAUBAL;AP;Estadual;Urbana;15;412.17;474.91;428.43;389.22;352.0;411.34
9312;PITIMBU;PB;Municipal;Urbana;1;358.5;508.3;421.2;328.7;440.0;411.34
9313;MUNDO NOVO;GO;Estadual;Urbana;10;419.18;470.69;470.66;394.09;302.0;411.32
9314;RONDON DO PARA;PA;Municipal;Urbana;2;442.25;474.25;430.3;419.8;290.0;411.32
9315;MAUES;AM;Municipal;Rural;1;492.6;502.2;421.7;319.0;320.0;411.1
9316;TOCANTINIA;TO;Estadual;Rural;6;444.3;447.83;426.02;453.33;283.33;410.96
9317;PRESIDENTE JANIO QUADROS;BA;Municipal;Urbana;1;446.0;418.6;402.1;427.5;360.0;410.84
9318;PESQUEIRA;PE;Estadual;Rural;5;424.82;483.7;403.7;409.52;332.0;410.75
9319;PEDRA BONITA;MG;Estadual;Rural;2;485.05;520.6;411.8;356.3;280.0;410.75
9320;MAGALHAES BARATA;PA;Estadual;Rural;5;427.66;456.06;429.4;368.12;372.0;410.65
9321;PINDOBA;AL;Municipal;Urbana;2;351.75;445.7;400.3;394.95;460.0;410.54
9322;AREIA DE BARAUNAS;PB;Estadual;Urbana;6;444.23;514.88;404.08;359.43;330.0;410.53
9323;NOVA IGUACU;RJ;Municipal;Urbana;1;391.6;527.5;427.2;406.3;300.0;410.52
9324;ALFREDO MARCONDES;SP;Municipal;Urbana;1;361.5;399.2;377.9;373.2;540.0;410.36
9325;JULIO BORGES;PI;Estadual;Urbana;18;416.71;465.68;431.07;398.22;340.0;410.34
9326;PUGMIL;TO;Estadual;Urbana;14;432.04;476.66;436.06;403.94;302.86;410.31
9327;PALMEIRA DAS MISSOES;RS;Municipal;Urbana;1;429.5;467.9;479.5;454.5;220.0;410.28
9328;LAGOA SANTA;GO;Estadual;Urbana;4;447.9;471.82;435.98;359.65;335.0;410.07
9329;ESPERA FELIZ;MG;Municipal;Urbana;1;446.5;524.2;424.1;335.5;320.0;410.06
9330;TURILANDIA;MA;Estadual;Rural;1;409.6;542.2;391.3;387.1;320.0;410.04
9331;RIBEIRA DO PIAUI;PI;Estadual;Urbana;12;449.67;473.91;433.59;366.3;326.67;410.03
9332;PRINCESA ISABEL;PB;Municipal;Urbana;2;426.85;461.35;432.5;369.15;360.0;409.97
9333;ITAMONTE;MG;Municipal;Rural;1;445.4;438.2;373.6;432.6;360.0;409.96
9334;LAGOA GRANDE DO MARANHAO;MA;Estadual;Urbana;5;452.34;481.42;415.44;387.9;312.0;409.82
9335;BOM JESUS DO TOCANTINS;PA;Estadual;Rural;2;397.95;474.9;444.45;400.5;330.0;409.56
9336;MESQUITA;RJ;Municipal;Urbana;2;428.05;496.4;371.3;391.9;360.0;409.53
9337;SOUSA;PB;Municipal;Rural;1;420.5;446.3;418.8;341.1;420.0;409.34
9338;RIACHAO;MA;Estadual;Rural;13;425.81;479.06;454.55;398.56;287.69;409.14
9339;CASTRO ALVES;BA;Municipal;Rural;10;422.63;473.95;430.64;398.5;320.0;409.14
9340;POCO DAS TRINCHEIRAS;AL;Estadual;Rural;8;441.06;496.14;430.76;419.69;257.5;409.03
9341;OLINDA NOVA DO MARANHAO;MA;Estadual;Rural;13;421.05;469.82;438.88;395.98;318.46;408.84
9342;ANTONIO ALMEIDA;PI;Estadual;Urbana;9;432.83;467.54;445.17;407.43;291.11;408.82
9343;OLHO D AGUA DO PIAUI;PI;Estadual;Urbana;12;433.98;480.02;416.15;385.55;328.33;408.81
9344;PEDRA BRANCA DO AMAPARI;AP;Privada;Rural;9;431.39;478.44;426.38;395.39;311.11;408.54
9345;MANACAPURU;AM;Estadual;Rural;32;422.83;459.45;432.92;405.78;321.25;408.45
9346;SAO JOAO DEL REI;MG;Estadual;Rural;4;422.02;477.28;424.92;457.85;260.0;408.42
9347;VIRGINIA;MG;Estadual;Rural;1;399.3;447.8;464.6;410.2;320.0;408.38
9348;BARRO ALTO;GO;Privada;Urbana;3;421.23;489.27;425.63;398.67;306.67;408.29
9349;PARACATU;MG;Estadual;Rural;1;421.1;461.4;390.6;368.1;400.0;408.24
9350;BREJO GRANDE;SE;Estadual;Rural;15;451.9;470.71;431.25;406.33;278.67;407.77
9351;SANTA ISABEL DO PARA;PA;Municipal;Urbana;2;481.5;502.2;406.45;358.6;290.0;407.75
9352;BARBALHA;CE;Municipal;Urbana;1;346.2;518.2;403.1;369.9;400.0;407.48
9353;CODO;MA;Estadual;Rural;5;443.88;464.86;461.72;390.82;276.0;407.46
9354;CARNAUBEIRA DA PENHA;PE;Estadual;Rural;9;425.71;465.08;405.87;417.98;320.0;406.93
9355;SANTA FILOMENA DO MARANHAO;MA;Municipal;Urbana;1;353.6;491.4;390.8;418.6;380.0;406.88
9356;SIDEROPOLIS;SC;Municipal;Urbana;2;435.25;517.75;378.55;412.75;290.0;406.86
9357;JATOBA;MA;Estadual;Urbana;19;398.49;489.54;430.92;409.59;305.26;406.76
9358;JERUMENHA;PI;Estadual;Urbana;15;442.19;458.37;402.81;400.59;329.33;406.66
9359;CACHOEIRINHA;RS;Municipal;Urbana;1;358.3;501.3;437.7;456.0;280.0;406.66
9360;BOA ESPERANCA;MG;Municipal;Urbana;1;468.1;448.9;408.9;406.6;300.0;406.5
9361;PARAUNA;GO;Municipal;Urbana;4;414.4;430.08;467.38;445.3;275.0;406.43
9362;NOVA OLINDA DO NORTE;AM;Estadual;Rural;3;421.03;482.8;406.73;394.87;326.67;406.42
9363;MONSENHOR GIL;PI;Municipal;Rural;1;483.4;452.8;446.4;429.3;220.0;406.38
9364;BURITIS;MG;Municipal;Urbana;4;404.25;494.58;407.7;349.9;375.0;406.28
9365;MOSSORO;RN;Municipal;Urbana;1;454.3;474.6;435.1;327.3;340.0;406.26
9366;SAO JOAO DO RIO DO PEIXE;PB;Municipal;Urbana;1;467.4;369.3;371.2;462.4;360.0;406.06
9367;BARRAS;PI;Estadual;Rural;10;419.87;501.89;409.56;380.04;318.0;405.87
9368;MOJU;PA;Municipal;Urbana;2;386.15;500.45;404.6;356.9;380.0;405.62
9369;JOSE DE FREITAS;PI;Estadual;Rural;7;428.73;477.83;420.23;392.76;308.57;405.62
9370;BOM JARDIM;MA;Estadual;Rural;4;411.0;472.62;413.48;400.62;330.0;405.54
9371;COLORADO;PR;Municipal;Urbana;1;391.9;464.9;400.4;429.5;340.0;405.34
9372;SAO MATEUS;ES;Municipal;Urbana;1;443.2;518.5;384.2;397.1;280.0;404.6
9373;CAROLINA;MA;Estadual;Rural;16;437.79;462.08;431.88;405.95;285.0;404.54
9374;CIDREIRA;RS;Municipal;Urbana;1;440.9;511.1;406.9;443.7;220.0;404.52
9375;BURITI;MA;Estadual;Rural;2;397.85;477.9;419.85;344.9;380.0;404.1
9376;JACUNDA;PA;Municipal;Urbana;3;434.73;444.93;396.03;384.43;360.0;404.03
9377;BAIXA GRANDE;BA;Municipal;Rural;1;401.1;423.7;466.7;408.4;320.0;403.98
9378;PENALVA;MA;Estadual;Rural;20;404.08;460.0;417.24;407.24;330.0;403.71
9379;FEIRA DE SANTANA;BA;Municipal;Urbana;1;484.6;485.2;442.8;365.7;240.0;403.66
9380;BRAGANCA;PA;Municipal;Urbana;2;457.45;416.95;448.2;425.2;270.0;403.56
9381;ESPERANTINOPOLIS;MA;Estadual;Rural;7;415.87;466.69;438.84;382.01;314.29;403.54
9382;PARAISO;SP;Municipal;Urbana;1;477.1;508.5;400.1;330.2;300.0;403.18
9383;TAUA;CE;Municipal;Urbana;1;468.3;474.3;436.8;396.2;240.0;403.12
9384;SAO BENTINHO;PB;Municipal;Urbana;1;436.6;511.4;388.0;379.4;300.0;403.08
9385;PARNAIBA;PI;Estadual;Rural;2;454.8;442.7;409.55;398.25;310.0;403.06
9386;ITAPICURU;BA;Municipal;Urbana;3;430.57;486.83;420.8;416.8;260.0;403.0
9387;MORRO CABECA NO TEMPO;PI;Estadual;Urbana;5;420.8;458.72;424.58;422.4;288.0;402.9
9388;IBICARAI;BA;Estadual;Rural;3;472.4;462.23;415.7;396.3;266.67;402.66
9389;RIO PARDO DE MINAS;MG;Municipal;Urbana;1;430.2;457.4;515.6;349.4;260.0;402.52
9390;VEREDA;BA;Estadual;Rural;3;433.97;461.53;434.73;368.07;313.33;402.33
9391;SAO JOAO DO CARU;MA;Estadual;Rural;6;386.05;461.83;405.23;401.8;356.67;402.32
9392;CUTIAS;AP;Estadual;Rural;2;370.3;433.75;465.9;480.8;260.0;402.15
9393;BAIAO;PA;Municipal;Urbana;2;377.05;434.65;430.55;437.55;330.0;401.96
9394;SAO JOAO DO ARAGUAIA;PA;Municipal;Rural;3;399.33;481.7;404.73;375.6;346.67;401.61
9395;CAMPO FORMOSO;BA;Municipal;Rural;2;445.05;481.2;380.75;390.55;310.0;401.51
9396;SAO JOAO DO SOTER;MA;Municipal;Rural;2;428.15;422.3;391.0;393.2;370.0;400.93
9397;BENJAMIN CONSTANT;AM;Estadual;Rural;22;400.33;462.26;422.87;382.75;335.45;400.73
9398;URUANA DE MINAS;MG;Municipal;Urbana;3;448.63;487.23;413.63;339.93;313.33;400.55
9399;ARAME;MA;Estadual;Rural;1;382.3;480.2;422.8;397.3;320.0;400.52
9400;PASSABEM;MG;Estadual;Urbana;1;447.4;535.6;405.0;334.3;280.0;400.46
9401;AMAJARI;RR;Municipal;Rural;1;473.6;453.6;383.1;411.8;280.0;400.42
9402;RIACHINHO;MG;Municipal;Urbana;2;442.4;465.8;450.1;333.45;310.0;400.35
9403;BURITI DO TOCANTINS;TO;Estadual;Rural;11;410.92;444.45;418.25;408.09;320.0;400.34
9404;SAQUAREMA;RJ;Municipal;Urbana;1;438.6;451.4;382.2;327.9;400.0;400.02
9405;ITABIRITO;MG;Municipal;Urbana;1;444.0;474.2;441.8;376.5;260.0;399.3
9406;PONTA GROSSA;PR;Municipal;Urbana;2;451.3;403.15;450.0;361.55;330.0;399.2
9407;PICOS;PI;Municipal;Urbana;2;425.95;451.1;414.6;432.4;270.0;398.81
9408;SANTO ANGELO;RS;Municipal;Urbana;1;394.5;480.5;394.5;503.5;220.0;398.6
9409;BALNEARIO PICARRAS;SC;Municipal;Urbana;1;501.9;393.1;401.9;334.0;360.0;398.18
9410;PEDRO LAURENTINO;PI;Estadual;Urbana;2;403.05;488.95;460.15;437.85;200.0;398.0
9411;PEDRAS DE FOGO;PB;Municipal;Rural;1;375.2;455.1;407.7;369.3;380.0;397.46
9412;BOQUIM;SE;Municipal;Rural;1;450.2;443.1;463.9;389.8;240.0;397.4
9413;BARREIRAS;BA;Municipal;Rural;2;414.0;466.35;392.65;383.15;330.0;397.23
9414;CORRENTINA;BA;Municipal;Rural;1;468.1;477.6;441.7;356.3;240.0;396.74
9415;SENADOR LA ROCQUE;MA;Municipal;Urbana;1;482.9;517.9;426.8;335.4;220.0;396.6
9416;PAU BRASIL;BA;Estadual;Rural;9;412.09;473.04;419.68;388.74;288.89;396.49
9417;BURITIRANA;MA;Estadual;Rural;5;380.96;466.0;405.58;369.68;360.0;396.44
9418;ALPINOPOLIS;MG;Municipal;Urbana;1;420.5;428.2;410.4;421.4;300.0;396.1
9419;GOVERNADOR EUGENIO BARROS;MA;Municipal;Urbana;2;425.1;461.3;397.7;434.65;260.0;395.75
9420;ORLEANS;SC;Municipal;Urbana;1;408.4;441.8;386.8;380.9;360.0;395.58
9421;CONCEICAO DO ARAGUAIA;PA;Municipal;Rural;3;406.03;469.97;406.4;428.27;266.67;395.47
9422;BARRA DO CORDA;MA;Municipal;Urbana;1;489.6;447.1;491.7;366.6;180.0;395.0
9423;PAULINO NEVES;MA;Estadual;Rural;15;409.52;454.03;407.07;373.55;330.67;394.97
9424;PONTO NOVO;BA;Municipal;Rural;1;520.8;454.4;342.7;414.9;240.0;394.56
9425;GEMINIANO;PI;Estadual;Rural;1;499.2;473.8;349.6;369.7;280.0;394.46
9426;MAJOR ISIDORO;AL;Estadual;Rural;2;393.6;453.95;411.2;422.95;290.0;394.34
9427;NINA RODRIGUES;MA;Estadual;Rural;5;389.76;464.9;430.9;416.8;268.0;394.07
9428;CAVALCANTE;GO;Estadual;Rural;1;384.2;473.3;436.3;336.0;340.0;393.96
9429;DIAS D AVILA;BA;Municipal;Urbana;1;325.8;448.7;411.5;443.5;340.0;393.9
9430;MENDES PIMENTEL;MG;Municipal;Urbana;2;452.2;455.4;420.65;388.7;250.0;393.39
9431;CAJARI;MA;Estadual;Rural;1;442.5;527.4;386.6;349.8;260.0;393.26
9432;LAJEADO;RS;Municipal;Urbana;1;387.4;415.6;423.3;418.1;320.0;392.88
9433;CRISTALANDIA DO PIAUI;PI;Municipal;Rural;1;318.4;433.2;379.9;512.1;320.0;392.72
9434;PEDREIRAS;MA;Estadual;Rural;2;438.15;420.9;452.35;370.35;280.0;392.35
9435;TAIO;SC;Municipal;Urbana;1;397.9;446.7;458.8;457.1;200.0;392.1
9436;CIPO;BA;Municipal;Rural;1;501.1;573.7;367.6;337.6;180.0;392.0
9437;ITAGUAI;RJ;Municipal;Urbana;1;479.2;456.4;396.2;387.7;240.0;391.9
9438;ANANAS;TO;Estadual;Rural;1;391.6;533.4;368.9;385.6;280.0;391.9
9439;JATOBA;MA;Estadual;Rural;3;404.53;425.87;403.43;412.23;313.33;391.88
9440;NORMANDIA;RR;Estadual;Rural;3;418.3;468.23;407.03;351.87;313.33;391.75
9441;MONTEIRO;PB;Municipal;Urbana;1;422.8;401.5;406.7;346.3;380.0;391.46
9442;BENEDITO LEITE;MA;Estadual;Rural;3;430.77;457.53;445.83;394.9;226.67;391.14
9443;BARAO DE MELGACO;MT;Estadual;Rural;1;431.2;446.5;436.2;421.7;220.0;391.12
9444;MATA ROMA;MA;Estadual;Rural;3;402.07;430.23;426.1;390.33;306.67;391.08
9445;SERRANO DO MARANHAO;MA;Estadual;Rural;3;374.97;513.7;367.2;378.53;320.0;390.88
9446;ORIZANIA;MG;Estadual;Rural;1;414.9;454.1;436.4;446.7;200.0;390.42
9447;QUEIMADOS;RJ;Estadual;Rural;1;399.8;490.9;396.3;378.7;280.0;389.14
9448;PRESIDENTE VARGAS;MA;Estadual;Rural;1;351.3;463.5;381.8;428.7;320.0;389.06
9449;SANTANA DO MARANHAO;MA;Municipal;Rural;2;414.3;494.05;388.0;356.55;290.0;388.58
9450;LAGOA DA CONFUSAO;TO;Estadual;Rural;1;354.8;486.3;426.0;514.6;160.0;388.34
9451;SILVES;AM;Estadual;Rural;1;435.5;516.9;344.4;364.9;280.0;388.34
9452;LIMOEIRO DO AJURU;PA;Estadual;Rural;1;509.3;441.9;409.0;321.3;260.0;388.3
9453;OCARA;CE;Municipal;Rural;2;392.7;480.5;453.7;374.05;240.0;388.19
9454;ABRE CAMPO;MG;Municipal;Urbana;1;392.5;524.7;405.7;332.9;280.0;387.16
9455;SAPIRANGA;RS;Municipal;Urbana;1;353.0;429.8;361.5;351.0;440.0;387.06
9456;PARNAGUA;PI;Estadual;Rural;4;419.6;423.78;405.28;424.72;255.0;385.68
9457;MARABA;PA;Municipal;Rural;2;364.05;476.05;404.7;352.6;330.0;385.48
9458;TUFILANDIA;MA;Municipal;Rural;1;436.7;546.6;397.3;326.5;220.0;385.42
9459;LAGO DOS RODRIGUES;MA;Estadual;Rural;2;397.95;499.0;417.9;381.45;230.0;385.26
9460;LAGUNA;SC;Municipal;Urbana;1;516.7;365.3;413.5;328.4;300.0;384.78
9461;MOCAJUBA;PA;Municipal;Rural;1;395.1;481.4;409.7;395.1;240.0;384.26
9462;MANAQUIRI;AM;Municipal;Rural;1;354.8;390.7;452.2;373.7;340.0;382.28
9463;PIMENTA BUENO;RO;Municipal;Rural;1;398.8;407.7;476.9;366.7;260.0;382.02
9464;OLHO-D AGUA DO BORGES;RN;Municipal;Urbana;1;419.5;404.8;418.5;341.2;320.0;380.8
9465;REDENCAO;CE;Municipal;Urbana;2;398.0;380.05;421.5;420.45;280.0;380.0
9466;XAPURI;AC;Municipal;Rural;4;353.02;468.05;398.08;365.28;305.0;377.88
9467;ASSUNCAO DO PIAUI;PI;Estadual;Rural;2;396.05;473.9;450.85;358.6;210.0;377.88
9468;SANTO ANTONIO DO ICA;AM;Estadual;Rural;9;408.16;450.94;395.14;377.59;255.56;377.48
9469;SEBASTIAO LARANJEIRAS;BA;Municipal;Rural;1;386.8;466.4;413.8;320.2;300.0;377.44
9470;DIADEMA;SP;Municipal;Urbana;1;374.4;470.4;381.4;359.8;300.0;377.2
9471;ROSARIO DO CATETE;SE;Municipal;Rural;2;417.95;439.3;412.95;395.1;220.0;377.06
9472;PLANALTINA;GO;Municipal;Urbana;1;491.9;484.3;421.0;327.8;160.0;377.0
9473;COLONIA DO GURGUEIA;PI;Municipal;Urbana;1;375.8;425.3;423.2;340.1;320.0;376.88
9474;SAO PAULO DE OLIVENCA;AM;Estadual;Rural;7;408.69;435.46;429.83;402.23;205.71;376.38
9475;MONTE ALEGRE DO PIAUI;PI;Municipal;Rural;2;367.2;407.45;376.45;348.4;380.0;375.9
9476;SANTO ANTONIO DOS LOPES;MA;Estadual;Rural;2;368.4;420.9;405.15;363.5;320.0;375.59
9477;AMERICA DOURADA;BA;Municipal;Rural;1;374.3;370.7;405.4;461.8;260.0;374.44
9478;BACABAL;MA;Municipal;Urbana;1;359.3;385.6;450.4;336.7;340.0;374.4
9479;BRITANIA;GO;Municipal;Urbana;1;331.5;463.7;378.7;517.0;180.0;374.18
9480;LAURO DE FREITAS;BA;Municipal;Urbana;1;372.7;433.1;373.1;390.4;300.0;373.86
9481;MARECHAL CANDIDO RONDON;PR;Municipal;Urbana;1;365.0;401.1;457.9;423.4;220.0;373.48
9482;UNAI;MG;Municipal;Urbana;1;344.8;514.4;438.7;344.9;220.0;372.56
9483;MONTIVIDIU;GO;Privada;Urbana;1;381.1;408.3;432.2;398.8;240.0;372.08
9484;POCAO DE PEDRAS;MA;Estadual;Rural;1;426.7;360.0;372.8;417.6;280.0;371.42
9485;BANZAE;BA;Estadual;Rural;1;377.2;457.8;379.2;357.9;280.0;370.42
9486;FRANCISCO MORATO;SP;Municipal;Urbana;2;458.25;436.7;413.0;380.95;160.0;369.78
9487;TURVO;SC;Municipal;Urbana;1;318.2;483.7;407.6;398.5;240.0;369.6
9488;JANDAIRA;BA;Municipal;Rural;1;353.2;348.9;380.0;463.5;300.0;369.12
9489;PLACAS;PA;Municipal;Urbana;1;333.5;465.9;493.0;387.8;160.0;368.04
9490;CAMPOS DE JULIO;MT;Municipal;Urbana;1;375.9;432.7;433.4;413.3;180.0;367.06
9491;PIMENTEIRAS;PI;Municipal;Rural;1;354.8;420.1;432.0;367.1;260.0;366.8
9492;TRAIRI;CE;Municipal;Urbana;1;368.5;461.0;478.3;364.2;160.0;366.4
9493;PIRIPA;BA;Municipal;Rural;1;451.6;408.7;377.9;353.0;240.0;366.24
9494;POCAO DE PEDRAS;MA;Municipal;Rural;5;379.74;426.6;417.08;355.62;252.0;366.21
9495;MARECHAL THAUMATURGO;AC;Municipal;Rural;1;362.9;439.9;372.2;385.5;260.0;364.1
9496;QUELUZ;SP;Municipal;Urbana;1;389.7;354.3;413.9;417.1;240.0;363.0
9497;TARAUACA;AC;Municipal;Rural;1;365.9;474.2;364.9;350.0;260.0;363.0
9498;BRASNORTE;MT;Estadual;Rural;1;414.5;376.6;366.6;417.0;240.0;362.94
9499;MONTES ALTOS;MA;Estadual;Rural;1;323.2;422.3;354.7;346.4;360.0;361.32
9500;PILAO ARCADO;BA;Municipal;Rural;1;374.9;412.9;388.8;384.9;240.0;360.3
9501;ARACI;BA;Municipal;Urbana;1;411.3;496.3;368.9;344.8;180.0;360.26
9502;HUMBERTO DE CAMPOS;MA;Estadual;Rural;1;358.0;430.1;405.4;405.3;200.0;359.76
9503;BAIANOPOLIS;BA;Municipal;Rural;1;419.3;378.7;353.1;401.1;240.0;358.44
9504;SANTO ANTONIO DO JACINTO;MG;Municipal;Urbana;1;328.3;407.0;361.6;372.4;320.0;357.86
9505;FAXINAL DOS GUEDES;SC;Municipal;Urbana;1;318.8;382.4;458.6;347.3;280.0;357.42
9506;SANTA MARIA;RS;Municipal;Urbana;1;425.5;388.3;363.3;369.2;240.0;357.26
9507;SAO GONCALO DO AMARANTE;RN;Municipal;Urbana;1;428.6;448.0;367.5;380.4;160.0;356.9
9508;GIRAU DO PONCIANO;AL;Municipal;Urbana;1;424.1;377.4;465.0;392.3;120.0;355.76
9509;JORDAO;AC;Municipal;Rural;2;400.45;411.65;409.85;325.85;230.0;355.56
9510;MADEIRO;PI;Municipal;Urbana;1;391.8;438.9;377.7;363.3;200.0;354.34
9511;BALSAS;MA;Municipal;Urbana;1;451.1;451.0;402.9;346.3;120.0;354.26
9512;ITAITUBA;PA;Municipal;Rural;1;306.9;469.0;398.3;432.7;160.0;353.38
9513;LINHARES;ES;Municipal;Rural;1;383.3;371.7;385.0;400.8;220.0;352.16
9514;SANTO ANTONIO DOS MILAGRES;PI;Municipal;Urbana;1;355.1;446.3;382.3;356.0;220.0;351.94
9515;SAO LUIS;MA;Municipal;Urbana;1;336.4;358.4;387.9;393.1;280.0;351.16
9516;PALMAS;TO;Municipal;Urbana;1;376.3;499.9;374.9;457.3;40.0;349.68
9517;SARANDI;PR;Municipal;Urbana;1;385.2;380.5;406.8;348.2;220.0;348.14
9518;BENEDITINOS;PI;Municipal;Urbana;2;347.05;422.2;435.4;390.7;130.0;345.07
9519;CARIRE;CE;Municipal;Urbana;1;329.7;424.9;390.5;319.1;240.0;340.84
9520;JARAGUARI;MS;Estadual;Rural;1;385.4;390.5;398.2;349.9;180.0;340.8
9521;ALTO DO RODRIGUES;RN;Municipal;Urbana;1;336.4;379.2;384.9;370.4;220.0;338.18
9522;ITACOATIARA;AM;Municipal;Rural;1;344.3;467.2;378.9;321.1;140.0;330.3
9523;PIO XII;MA;Municipal;Urbana;1;333.2;413.6;375.3;323.9;200.0;329.2
9524;UBERABA;MG;Municipal;Urbana;1;408.2;394.8;380.5;329.7;120.0;326.64
9525;AGUA BOA;MT;Municipal;Rural;1;329.9;379.9;421.3;392.8;80.0;320.78
