POSICAO;NO_MUNICIPIO_ESC;SG_UF_ESC;DEPENDENCIA;ALUNOS;LC;CH;CN;MT;RD;MEDIA
1;São Roque de Minas;MG;Privada;1;652.8;620.0;677.9;849.1;940.0;747.96
2;Matipó;MG;Privada;1;641.3;679.6;620.3;791.5;960.0;738.54
3;Viçosa;MG;Federal;153;619.84;674.53;647.35;807.24;916.47;733.09
4;Cássia;MG;Privada;4;642.62;672.1;652.83;801.82;890.0;731.88
5;Serafina Corrêa;RS;Privada;2;608.0;601.8;613.85;753.9;940.0;703.51
6;Vila Velha;ES;Federal;32;607.73;645.04;627.44;741.99;835.0;691.44
7;Divinópolis;MG;Federal;94;603.95;623.42;598.79;732.8;891.28;690.05
8;Patos;PB;Municipal;1;627.6;633.1;584.6;736.2;860.0;688.3
9;Capelinha;MG;Privada;9;601.48;622.99;623.97;718.18;871.11;687.54
10;Quixeré;CE;Privada;6;600.17;614.55;621.52;748.28;850.0;686.9
11;Jaguaribe;CE;Privada;5;600.98;622.58;592.56;733.88;884.0;686.8
12;Ipatinga;MG;Privada;316;597.61;620.73;601.39;721.91;889.62;686.25
13;Carmópolis de Minas;MG;Privada;2;608.05;671.5;630.45;722.9;790.0;684.58
14;Itapecerica;MG;Privada;6;602.37;626.68;608.47;733.28;850.0;684.16
15;Caeté;MG;Privada;10;607.03;617.5;594.73;720.89;862.0;680.43
16;Monte Santo de Minas;MG;Privada;8;604.54;608.55;581.46;743.09;860.0;679.53
17;São Sebastião do Paraíso;MG;Privada;41;596.83;615.24;591.36;702.07;891.71;679.44
18;Matelândia;PR;Privada;1;603.6;608.7;649.9;728.8;800.0;678.2
19;Pompéu;MG;Privada;10;586.9;608.48;606.21;728.65;860.0;678.05
20;Timóteo;MG;Federal;75;598.02;629.75;602.0;736.69;819.2;677.13
21;Cachoeiro de Itapemirim;ES;Federal;68;606.86;628.13;607.37;722.65;820.0;677.0
22;Itapiranga;SC;Privada;5;593.82;616.0;590.38;738.04;840.0;675.65
23;Cláudio;MG;Privada;1;655.4;665.6;617.4;736.6;700.0;675.0
24;Ubá;MG;Privada;123;590.8;620.41;599.57;712.7;846.5;674.0
25;São Gonçalo do Sapucaí;MG;Privada;26;584.6;607.68;581.19;722.94;871.54;673.59
26;Belo Horizonte;MG;Federal;693;603.53;625.13;602.56;738.53;796.08;673.16
27;Taquari;RS;Privada;9;612.43;620.3;579.79;715.28;835.56;672.67
28;Vitória;ES;Federal;257;597.05;618.77;609.67;732.14;796.26;670.78
29;Varginha;MG;Federal;65;608.38;621.95;585.03;714.33;823.38;670.61
30;Vespasiano;MG;Privada;30;597.73;629.37;586.35;708.21;830.0;670.33
31;Carmo do Rio Claro;MG;Privada;17;588.46;599.71;603.64;710.94;848.24;670.2
32;Muriaé;MG;Federal;62;590.5;614.12;591.9;711.35;838.06;669.19
33;Santa Teresa;ES;Privada;12;579.13;614.44;596.26;693.2;853.33;667.27
34;Matozinhos;MG;Privada;3;612.9;632.83;615.93;672.63;800.0;666.86
35;Vila Lângaro;RS;Estadual;2;593.8;579.4;526.65;713.55;920.0;666.68
36;São Bento do Sapucaí;SP;Privada;1;572.3;603.1;610.5;686.5;860.0;666.48
37;Governador Valadares;MG;Federal;56;602.87;619.47;589.79;700.92;819.29;666.47
38;Itaúna;MG;Privada;95;598.35;616.46;574.25;713.77;828.84;666.33
39;Tanabi;SP;Privada;9;593.6;625.84;600.92;714.39;793.33;665.62
40;Nova Friburgo;RJ;Federal;18;597.95;629.06;585.31;692.06;823.33;665.54
41;Abaeté;MG;Privada;5;590.18;587.72;586.06;707.52;856.0;665.5
42;Morretes;PR;Privada;1;700.3;675.8;598.5;632.4;720.0;665.4
43;Angra dos Reis;RJ;Federal;18;605.23;642.1;575.11;784.16;718.89;665.1
44;Livramento de Nossa Senhora;BA;Privada;6;603.83;604.2;578.0;664.88;873.33;664.85
45;Caconde;SP;Privada;6;595.93;652.57;601.02;706.88;766.67;664.61
46;Pato Branco;PR;Federal;23;598.35;625.58;592.92;740.4;765.22;664.49
47;Pomerode;SC;Privada;8;599.24;612.4;600.72;738.66;770.0;664.2
48;Raul Soares;MG;Privada;21;577.76;607.17;587.65;663.56;883.81;663.99
49;Caetité;BA;Privada;33;588.9;593.07;571.74;697.57;868.48;663.95
50;Diamantina;MG;Privada;17;594.31;606.61;582.66;685.51;850.59;663.93
51;Timóteo;MG;Privada;92;580.43;611.91;578.7;688.54;858.7;663.66
52;Ervália;MG;Privada;7;591.07;606.9;562.59;674.64;882.86;663.61
53;Guanhães;MG;Privada;14;597.84;600.71;576.76;719.95;821.43;663.34
54;Governador Valadares;MG;Privada;187;592.64;603.12;571.88;692.59;854.12;662.87
55;Venâncio Aires;RS;Privada;29;580.23;604.71;563.02;693.63;866.9;661.7
56;Corinto;MG;Privada;6;616.25;614.1;585.75;735.23;753.33;660.93
57;Guarapari;ES;Federal;93;592.29;606.04;586.31;702.87;814.19;660.34
58;Lagoa Santa;MG;Privada;37;591.01;608.42;589.15;690.19;821.62;660.08
59;Valinhos;SP;Privada;306;600.11;615.19;596.52;713.29;774.38;659.9
60;Quedas do Iguaçu;PR;Privada;3;579.73;621.87;588.13;727.5;780.0;659.45
61;Sete Lagoas;MG;Privada;314;589.18;612.72;584.86;684.56;825.16;659.3
62;Alpinópolis;MG;Privada;18;571.76;597.91;582.98;707.67;835.56;659.17
63;Santa Maria;RS;Federal;197;597.86;612.96;582.76;691.74;809.24;658.91
64;Belo Horizonte;MG;Privada;3633;593.99;613.86;583.85;699.93;802.51;658.83
65;Miguel Pereira;RJ;Privada;17;591.42;606.22;566.87;706.99;821.18;658.54
66;Aracruz;ES;Federal;207;588.81;608.62;588.86;694.51;810.82;658.32
67;São João Nepomuceno;MG;Privada;40;584.62;609.52;562.91;711.41;821.5;657.99
68;Varre-Sai;RJ;Privada;1;623.9;616.6;568.6;680.0;800.0;657.82
69;Valença do Piauí;PI;Privada;1;591.1;568.6;578.2;668.3;880.0;657.24
70;Divinópolis;MG;Privada;191;588.91;608.76;580.95;699.28;807.43;657.07
71;Cariacica;ES;Federal;255;598.16;616.01;580.33;699.92;790.04;656.89
72;Serra;ES;Federal;49;599.01;604.72;572.88;724.22;783.27;656.82
73;Formiga;MG;Federal;57;586.5;596.82;569.77;679.58;849.47;656.43
74;Nova Lima;MG;Privada;146;590.79;613.21;581.61;696.18;800.27;656.41
75;Vitória;ES;Privada;857;585.92;602.3;578.17;683.07;832.56;656.4
76;Boa Esperança;MG;Privada;16;578.34;589.12;586.35;710.32;817.5;656.33
77;Ipameri;GO;Privada;6;597.28;609.8;582.9;693.43;796.67;656.02
78;Guaçuí;ES;Privada;8;589.31;609.2;589.59;711.5;780.0;655.92
79;Colorado;PR;Privada;2;594.3;612.35;606.15;695.95;770.0;655.75
80;João Monlevade;MG;Privada;68;581.26;597.88;575.52;687.1;835.59;655.47
81;Curvelo;MG;Federal;67;583.26;605.05;593.52;708.01;786.27;655.22
82;Montes Claros;MG;Federal;44;596.04;613.92;596.88;702.84;766.36;655.21
83;Itapetininga;SP;Federal;2;613.4;624.45;582.65;694.5;760.0;655.0
84;Brazópolis;MG;Privada;5;575.48;629.7;527.34;745.2;796.0;654.74
85;Florestal;MG;Federal;63;595.37;609.16;584.2;713.51;768.25;654.1
86;Niterói;RJ;Federal;141;596.58;618.16;576.85;677.4;799.72;653.74
87;São José dos Quatro Marcos;MT;Privada;1;614.7;597.8;559.5;696.0;800.0;653.6
88;Nova Era;MG;Privada;16;593.36;586.22;578.77;677.55;830.0;653.18
89;Coronel Fabriciano;MG;Privada;54;570.67;584.15;553.05;675.18;881.85;652.98
90;Pouso Alegre;MG;Privada;231;590.48;597.89;579.89;684.87;811.0;652.82
91;Varginha;MG;Privada;156;582.85;599.8;571.61;680.33;829.49;652.82
92;Viçosa;MG;Privada;150;580.17;592.52;575.06;678.19;837.6;652.71
93;Petrópolis;RJ;Federal;20;599.76;604.97;584.09;713.73;761.0;652.71
94;Itumbiara;GO;Federal;36;585.1;599.54;578.19;652.69;847.78;652.66
95;Congonhas;MG;Federal;94;585.91;589.32;580.81;696.86;810.0;652.58
96;Ponte Nova;MG;Federal;62;588.35;595.34;580.56;664.94;831.61;652.16
97;Nova Prata;RS;Privada;12;583.17;599.29;574.54;658.7;845.0;652.14
98;Arroio do Meio;RS;Privada;15;582.43;588.42;581.39;686.83;821.33;652.08
99;Uberaba;MG;Privada;337;583.93;601.62;575.45;669.95;827.83;651.76
100;Ouro Branco;MG;Federal;88;589.71;608.94;578.6;692.14;789.09;651.7
101;São Mateus;ES;Federal;74;585.43;595.39;580.43;700.54;795.41;651.44
102;Brodowski;SP;Privada;6;579.52;613.13;598.27;674.4;790.0;651.06
103;Santa Rosa;RS;Federal;47;588.38;611.7;558.26;674.51;821.28;650.83
104;Juiz de Fora;MG;Privada;920;582.85;603.02;574.34;668.42;823.76;650.48
105;Limoeiro do Norte;CE;Privada;107;573.24;585.64;563.46;639.96;889.35;650.33
106;Uberlândia;MG;Privada;716;580.44;593.84;569.01;660.84;845.92;650.01
107;Conceição do Mato Dentro;MG;Privada;6;590.85;581.32;566.98;710.87;800.0;650.0
108;Santa Cruz do Sul;RS;Privada;121;591.2;601.19;575.66;689.92;791.4;649.88
109;Conselheiro Lafaiete;MG;Federal;59;580.4;593.7;570.04;660.01;844.41;649.71
110;Curvelo;MG;Privada;39;571.54;585.6;566.32;683.14;841.54;649.63
111;Lagoa da Prata;MG;Privada;34;575.86;591.42;564.37;667.6;848.24;649.5
112;Suzano;SP;Federal;56;607.92;621.97;586.49;697.95;729.64;648.79
113;São João del Rei;MG;Privada;149;583.41;604.49;568.06;684.52;802.95;648.69
114;Contagem;MG;Federal;69;591.85;600.69;580.63;681.03;788.99;648.64
115;Teutônia;RS;Privada;10;584.99;602.77;587.59;698.86;768.0;648.44
116;Caratinga;MG;Privada;35;585.32;603.13;563.11;676.75;812.0;648.06
117;Luz;MG;Privada;18;585.69;595.72;586.13;677.01;795.56;648.02
118;Itatim;BA;Privada;1;591.3;627.6;559.1;659.7;800.0;647.54
119;Bom Despacho;MG;Privada;31;593.95;603.32;589.71;694.19;756.13;647.46
120;Pará de Minas;MG;Privada;35;575.31;601.94;574.93;679.63;802.29;646.82
121;Cajuru;SP;Privada;4;604.58;627.3;622.7;678.15;700.0;646.55
122;Boa Viagem;CE;Privada;1;595.0;601.5;500.1;596.0;940.0;646.52
123;Barbacena;MG;Federal;192;589.02;605.35;581.67;704.48;751.88;646.48
124;Junqueirópolis;SP;Privada;4;574.1;612.83;546.38;647.2;850.0;646.1
125;São Leopoldo;RS;Privada;108;596.13;610.61;575.82;704.75;743.15;646.09
126;Cachoeiras de Macacu;RJ;Privada;8;565.16;588.55;554.98;663.98;857.5;646.03
127;Espírito Santo do Pinhal;SP;Privada;21;591.05;600.99;582.3;694.38;760.95;645.94
128;Recife;PE;Federal;479;592.32;605.51;576.41;696.55;757.7;645.7
129;Poços de Caldas;MG;Privada;190;589.52;603.41;578.09;680.79;776.32;645.62
130;Nova Friburgo;RJ;Privada;277;585.85;593.39;562.29;660.06;825.34;645.38
131;Ouro Preto;MG;Privada;13;571.3;594.68;569.53;684.32;806.15;645.2
132;Vera Cruz;RS;Privada;13;587.99;614.31;561.65;694.05;767.69;645.14
133;Sabinópolis;MG;Privada;11;568.51;588.29;579.76;689.48;796.36;644.48
134;Oliveira;MG;Privada;30;582.02;618.57;575.06;677.01;769.33;644.4
135;Três de Maio;RS;Privada;32;585.86;598.37;565.35;668.49;803.75;644.36
136;Porto Franco;MA;Privada;2;579.75;638.6;586.25;666.15;750.0;644.15
137;Francisco Sá;MG;Privada;8;567.06;566.15;548.78;647.05;890.0;643.81
138;Pompéia;SP;Privada;24;586.66;591.02;569.6;652.61;816.67;643.31
139;Bariri;SP;Privada;38;585.07;605.22;573.36;677.07;775.79;643.3
140;Palmas;TO;Privada;300;587.54;591.27;574.46;659.84;801.93;643.01
141;Betim;MG;Federal;117;586.68;594.66;579.13;675.93;778.63;643.01
142;Sarandi;RS;Privada;4;596.5;568.1;585.33;699.98;765.0;642.98
143;Formiga;MG;Privada;71;572.71;590.18;561.05;672.44;817.75;642.82
144;Jaguaruana;CE;Privada;11;582.26;583.2;566.86;645.13;836.36;642.76
145;Araxá;MG;Federal;104;585.71;591.24;572.82;670.47;793.08;642.66
146;Realeza;PR;Privada;5;604.1;606.46;592.38;697.88;712.0;642.56
147;Campo Belo;MG;Privada;43;571.12;579.6;562.05;671.11;828.84;642.54
148;Lajeado;RS;Privada;57;597.09;602.94;566.25;697.9;747.72;642.38
149;Santa Luzia;MG;Federal;71;583.88;596.0;565.41;671.06;795.49;642.37
150;Novo Horizonte;SP;Privada;18;576.54;564.13;545.4;651.04;874.44;642.31
151;Itanhandu;MG;Privada;10;579.29;589.59;584.85;677.68;780.0;642.28
152;Vacaria;RS;Privada;23;606.38;613.25;576.38;682.44;732.17;642.12
153;Alta Floresta;MT;Privada;23;581.98;613.25;561.06;671.93;780.0;641.64
154;Veranópolis;RS;Privada;44;578.97;579.68;558.96;642.93;847.27;641.56
155;Betim;MG;Privada;142;583.52;590.16;567.09;658.74;808.03;641.51
156;Barueri;SP;Privada;191;591.87;604.08;576.6;682.28;752.04;641.37
157;Surubim;PE;Privada;54;574.7;587.69;549.67;650.21;843.33;641.12
158;Cubatão;SP;Federal;94;589.54;603.15;557.24;695.59;759.79;641.06
159;Rio de Janeiro;RJ;Federal;1984;591.94;602.83;567.53;668.1;774.81;641.04
160;Santa Mariana;PR;Privada;1;654.9;633.7;564.2;671.0;680.0;640.76
161;Auriflama;SP;Privada;8;578.99;590.01;570.85;673.86;790.0;640.74
162;Goiânia;GO;Privada;2932;579.52;589.29;569.59;656.74;807.49;640.53
163;São Lourenço;MG;Privada;84;578.93;596.64;562.88;676.67;786.9;640.4
164;Teófilo Otoni;MG;Federal;26;579.11;590.32;547.47;665.78;819.23;640.38
165;Santa Rosa;RS;Privada;94;583.68;600.66;565.89;663.93;787.66;640.37
166;Niterói;RJ;Privada;1316;582.19;593.14;558.13;658.1;809.71;640.25
167;Paranapanema;SP;Privada;12;572.77;585.46;531.73;684.48;826.67;640.22
168;Porto Belo;SC;Privada;2;615.15;605.05;608.0;662.55;710.0;640.15
169;Caxambu;MG;Privada;38;577.71;604.12;560.92;681.58;776.32;640.13
170;Pacajus;CE;Privada;36;564.29;585.16;548.53;658.65;843.33;639.99
171;Tocantins;MG;Privada;9;582.94;592.88;587.94;672.97;762.22;639.79
172;Curitiba;PR;Federal;385;595.1;612.91;584.87;696.34;709.35;639.71
173;Ouro Branco;MG;Privada;18;567.96;576.52;566.92;651.96;834.44;639.56
174;Goianinha;RN;Privada;4;529.33;595.88;551.3;675.3;845.0;639.36
175;Oeiras;PI;Privada;24;570.8;581.09;544.86;665.64;834.17;639.31
176;Conceição do Coité;BA;Privada;17;592.29;616.06;592.68;651.78;743.53;639.27
177;Brumadinho;MG;Privada;26;587.83;612.03;567.94;659.07;769.23;639.22
178;Pedro Leopoldo;MG;Privada;60;583.18;581.92;562.02;660.64;808.0;639.15
179;Campos Gerais;MG;Privada;14;550.85;572.76;562.0;659.08;850.0;638.94
180;Itabira;MG;Privada;75;568.51;582.79;558.39;660.93;823.73;638.87
181;Lavras;MG;Privada;226;577.46;584.43;564.03;661.45;806.37;638.75
182;Maravilha;SC;Privada;3;600.13;583.87;613.43;715.47;680.0;638.58
183;Milhã;CE;Privada;8;581.29;580.71;570.94;676.24;782.5;638.34
184;Tupi Paulista;SP;Privada;18;569.14;590.45;572.21;682.19;776.67;638.13
185;Feliz;RS;Federal;28;568.49;593.16;563.2;686.46;777.86;637.83
186;Santo Augusto;RS;Privada;9;580.14;608.77;580.32;608.13;811.11;637.7
187;Alfenas;MG;Privada;62;578.44;586.48;568.95;657.1;797.42;637.68
188;Caucaia;CE;Municipal;1;612.7;594.5;569.6;711.3;700.0;637.62
189;Patos de Minas;MG;Privada;149;580.8;589.78;571.37;644.37;801.74;637.61
190;Bicas;MG;Privada;3;586.03;611.93;550.97;685.47;753.33;637.55
191;Itabirito;MG;Privada;6;568.02;558.22;548.15;652.68;860.0;637.41
192;Barra Mansa;RJ;Privada;113;566.26;577.04;548.08;668.12;826.73;637.24
193;Contagem;MG;Privada;399;582.71;594.12;566.74;663.83;777.69;637.02
194;Juazeiro do Norte;CE;Privada;315;576.69;585.65;567.06;655.24;799.3;636.79
195;Pombal;PB;Privada;14;568.15;565.31;542.56;624.84;882.86;636.74
196;Ipaussu;SP;Privada;19;588.34;588.07;569.27;672.62;763.16;636.29
197;Resende;RJ;Privada;183;584.44;596.21;561.15;657.83;781.2;636.17
198;Carmo de Minas;MG;Federal;12;588.24;592.59;568.69;704.45;726.67;636.13
199;Lauro de Freitas;BA;Privada;343;581.73;596.8;564.81;647.71;788.1;635.83
200;Atibaia;SP;Privada;188;585.38;591.24;568.17;677.56;756.06;635.68
201;Mossoró;RN;Federal;158;589.26;588.69;563.79;660.6;775.57;635.58
202;Aquidauana;MS;Privada;4;572.52;561.65;537.3;680.53;825.0;635.4
203;Leopoldina;MG;Federal;45;583.18;595.58;569.49;685.29;743.11;635.33
204;São José dos Campos;SP;Privada;1451;584.44;594.71;568.95;672.09;756.2;635.28
205;Guaxupé;MG;Privada;25;587.82;602.31;574.6;648.38;763.2;635.26
206;Torres;RS;Privada;5;596.76;599.32;573.9;697.9;708.0;635.18
207;Gramado;RS;Privada;7;596.54;610.01;575.06;653.81;740.0;635.09
208;Farroupilha;RS;Federal;25;597.1;607.4;562.54;673.8;734.4;635.05
209;Três Corações;MG;Federal;42;565.86;560.96;532.79;670.52;843.81;634.79
210;Montes Claros;MG;Privada;597;576.15;589.98;557.14;642.52;808.07;634.77
211;Linhares;ES;Federal;193;582.68;592.11;566.83;668.1;763.83;634.71
212;Teófilo Otoni;MG;Privada;100;584.38;596.11;556.82;658.6;777.6;634.7
213;Rondon do Pará;PA;Privada;6;564.68;606.78;534.35;610.55;856.67;634.61
214;Palotina;PR;Privada;14;594.61;607.76;569.07;693.66;707.14;634.45
215;Caraguatatuba;SP;Federal;30;595.32;608.38;569.37;675.28;723.33;634.34
216;Guaíra;PR;Privada;6;595.85;588.67;553.05;636.9;796.67;634.23
217;Sobral;CE;Privada;207;571.95;581.18;554.2;652.69;811.11;634.23
218;Santa Cruz das Palmeiras;SP;Municipal;1;550.0;589.3;586.9;624.5;820.0;634.14
219;Orlândia;SP;Privada;32;573.48;584.97;558.3;656.02;796.25;633.8
220;Volta Redonda;RJ;Federal;87;584.39;591.05;557.48;700.6;735.17;633.74
221;Roca Sales;RS;Privada;6;608.88;600.02;563.58;642.57;753.33;633.68
222;Campo Maior;PI;Privada;31;570.21;585.75;548.91;638.02;825.16;633.61
223;Crateús;CE;Privada;33;561.55;575.38;534.76;639.65;856.36;633.54
224;Piraju;SP;Privada;11;592.21;599.87;564.79;672.75;736.36;633.2
225;São Pedro;SP;Privada;10;584.91;600.33;568.78;645.28;766.0;633.06
226;Nepomuceno;MG;Federal;49;573.98;595.3;545.62;642.16;807.76;632.96
227;Lagoa Vermelha;RS;Privada;19;569.21;573.61;546.51;686.81;788.42;632.91
228;Salvador;BA;Federal;511;589.09;601.88;566.7;666.55;739.33;632.71
229;Itabaiana;SE;Privada;166;569.07;584.85;555.29;633.29;820.24;632.55
230;Monte Carmelo;MG;Privada;8;567.36;593.14;560.19;661.44;780.0;632.42
231;São João da Boa Vista;SP;Privada;167;582.02;588.84;565.74;662.34;763.11;632.41
232;Santo Antônio do Monte;MG;Privada;4;585.72;613.28;536.78;661.12;765.0;632.38
233;Manhuaçu;MG;Privada;56;572.17;585.68;565.94;674.22;763.57;632.31
234;Santa Bárbara;MG;Privada;4;565.43;585.25;535.45;620.3;855.0;632.28
235;Fortaleza;CE;Privada;4511;573.6;584.34;558.0;653.6;791.2;632.15
236;Cunha;SP;Privada;4;582.5;615.62;527.78;714.78;720.0;632.14
237;Monte Sião;MG;Privada;21;576.79;562.92;547.45;652.94;820.0;632.02
238;Coronel Pilar;RS;Estadual;1;555.0;590.1;549.8;645.0;820.0;631.98
239;Teresópolis;RJ;Privada;161;581.28;592.33;556.16;659.03;770.68;631.9
240;Pouso Alegre;MG;Federal;79;589.84;595.42;550.12;653.26;770.13;631.76
241;Russas;CE;Privada;36;571.69;589.4;556.71;643.5;797.22;631.7
242;Arapiraca;AL;Federal;143;584.48;593.61;551.29;662.21;766.57;631.63
243;Macaé;RJ;Federal;150;588.71;595.63;564.94;668.8;740.0;631.61
244;São José do Rio Pardo;SP;Privada;57;578.29;592.23;565.0;656.74;764.91;631.44
245;Indaial;SC;Privada;14;587.46;600.28;560.46;685.45;722.86;631.3
246;Vassouras;RJ;Privada;18;566.01;568.27;576.32;658.06;787.78;631.29
247;Brusque;SC;Privada;49;578.31;598.13;571.67;667.71;740.0;631.17
248;São Paulo;SP;Federal;260;592.06;594.34;572.77;681.27;714.92;631.07
249;Itaporanga;PB;Privada;32;560.51;576.42;526.82;642.2;848.75;630.94
250;São Marcos;RS;Privada;3;585.4;620.13;543.83;625.23;780.0;630.92
251;São Carlos;SP;Privada;380;577.4;586.44;562.07;647.51;780.11;630.7
252;Passos;MG;Privada;63;574.22;574.2;553.55;635.33;815.87;630.63
253;Rio Casca;MG;Privada;7;567.11;594.59;548.13;657.09;785.71;630.53
254;Portão;RS;Privada;21;593.91;623.04;557.43;657.87;720.0;630.45
255;Bragança Paulista;SP;Federal;58;585.55;585.4;553.37;686.59;740.0;630.18
256;Assis Chateaubriand;PR;Privada;2;589.8;609.2;624.6;716.85;610.0;630.09
257;Duque de Caxias;RJ;Federal;185;588.5;596.95;569.27;650.44;745.19;630.07
258;São Caetano do Sul;SP;Privada;269;582.29;587.64;564.13;677.92;737.55;629.91
259;Patos de Minas;MG;Federal;55;579.75;585.85;548.74;649.71;785.09;629.83
260;Ipirá;BA;Privada;12;581.43;601.78;554.85;658.91;751.67;629.73
261;Limoeiro;PE;Privada;146;568.62;581.34;558.41;647.92;790.27;629.31
262;Palmeira das Missões;RS;Privada;3;584.9;577.77;551.23;705.8;726.67;629.27
263;Araxá;MG;Privada;71;581.95;581.62;554.36;629.52;798.59;629.21
264;Colina;SP;Privada;1;603.1;630.0;577.9;674.9;660.0;629.18
265;Teresina;PI;Privada;2399;571.43;576.31;551.43;638.39;808.15;629.14
266;Vinhedo;SP;Privada;149;580.47;585.18;564.14;648.68;766.98;629.09
267;Adamantina;SP;Privada;12;589.28;599.71;586.95;651.16;718.33;629.08
268;Bastos;SP;Privada;3;566.67;566.4;556.53;681.9;773.33;628.97
269;Colatina;ES;Federal;245;571.39;584.11;567.02;661.25;760.82;628.92
270;Campo Grande;MS;Federal;259;582.35;588.46;564.02;659.85;748.96;628.73
271;Barroso;MG;Privada;9;567.5;565.63;559.54;681.77;768.89;628.67
272;Estrela;RS;Privada;19;582.04;608.36;559.29;664.34;728.42;628.49
273;Maria da Fé;MG;Privada;22;575.38;578.7;552.44;676.37;759.09;628.4
274;Granja;CE;Privada;8;571.46;577.12;562.96;615.48;815.0;628.4
275;Minaçu;GO;Privada;15;560.46;563.01;537.76;645.49;834.67;628.28
276;Volta Redonda;RJ;Privada;264;572.92;576.7;556.29;655.15;779.32;628.08
277;Passos;MG;Federal;78;573.87;567.7;545.4;636.43;816.41;627.96
278;Campos do Jordão;SP;Federal;15;596.39;601.7;550.27;667.37;724.0;627.95
279;Guarapari;ES;Privada;63;577.94;586.14;551.28;642.57;780.63;627.71
280;Criciúma;SC;Federal;79;574.73;586.03;559.13;670.57;747.59;627.61
281;Viana;ES;Federal;51;573.47;592.06;543.35;639.59;789.02;627.5
282;Fartura;SP;Privada;14;590.82;624.34;586.18;674.63;661.43;627.48
283;Recife;PE;Privada;2656;577.78;587.59;553.8;655.42;761.93;627.3
284;Cantagalo;RJ;Privada;5;582.34;539.64;561.54;596.86;856.0;627.28
285;Guarulhos;SP;Federal;65;586.88;589.41;574.13;664.16;720.31;626.98
286;Muzambinho;MG;Privada;18;574.44;582.93;560.09;647.38;770.0;626.97
287;Jaru;RO;Federal;1;571.2;573.1;558.2;572.2;860.0;626.94
288;Cerro Largo;RS;Privada;25;565.92;593.06;554.62;655.51;764.8;626.78
289;Ivoti;RS;Privada;17;588.54;600.61;550.71;666.82;727.06;626.75
290;Campina Grande;PB;Privada;856;569.12;579.32;552.22;634.77;797.43;626.57
291;Vitória da Conquista;BA;Federal;120;576.56;593.63;554.55;653.02;755.0;626.55
292;Petrolina;PE;Privada;406;576.11;579.36;556.53;649.3;771.28;626.52
293;São José do Rio Preto;SP;Privada;753;578.61;585.58;562.82;652.76;752.8;626.51
294;Arraial do Cabo;RJ;Federal;44;586.92;588.93;551.64;667.66;736.36;626.3
295;Dracena;SP;Privada;56;578.36;585.75;576.83;668.91;721.07;626.18
296;Chapecó;SC;Privada;149;575.75;584.24;558.84;664.05;747.79;626.13
297;Canarana;MT;Privada;6;596.4;572.47;579.82;661.78;720.0;626.09
298;Salto;SP;Privada;78;583.93;585.3;568.45;662.4;730.26;626.07
299;Ituverava;SP;Privada;35;585.42;583.04;557.05;635.63;769.14;626.06
300;Itaocara;RJ;Privada;26;569.08;580.02;564.48;628.66;787.69;625.99
301;Utinga;BA;Privada;3;601.1;613.8;585.23;582.6;746.67;625.88
302;Campo Mourão;PR;Federal;27;588.59;589.74;559.7;671.95;719.26;625.85
303;Espera Feliz;MG;Privada;8;563.04;570.71;529.96;643.01;822.5;625.84
304;Caxias do Sul;RS;Privada;217;581.98;591.13;553.83;651.32;750.32;625.72
305;Dourados;MS;Privada;284;573.59;571.9;555.49;637.42;790.07;625.69
306;São Gonçalo;RJ;Federal;82;582.49;574.07;573.45;649.53;748.78;625.66
307;São Mateus;ES;Privada;53;570.91;583.15;566.4;652.3;755.47;625.65
308;Amargosa;BA;Privada;23;578.16;590.43;567.59;666.2;725.22;625.52
309;Camaçari;BA;Federal;88;590.13;599.23;555.41;643.87;738.41;625.41
310;Natal;RN;Federal;583;583.52;584.0;552.09;642.81;764.49;625.38
311;Rio Grande;RS;Federal;102;580.37;577.7;544.26;644.12;780.39;625.37
312;Holambra;SP;Privada;18;580.22;583.84;577.45;674.11;711.11;625.35
313;Jaraguá do Sul;SC;Privada;173;576.9;576.44;554.92;665.41;753.06;625.35
314;Florianópolis;SC;Privada;1061;581.11;592.78;568.16;665.62;718.64;625.26
315;Ribeirão Preto;SP;Privada;1394;576.93;584.7;565.2;651.22;747.98;625.2
316;Juruti;PA;Privada;12;571.68;578.44;550.09;650.23;775.0;625.09
317;Cataguases;MG;Privada;72;571.04;575.01;562.34;641.76;774.72;624.98
318;Pirassununga;SP;Privada;63;581.45;590.05;572.14;647.38;732.38;624.68
319;Paraisópolis;MG;Privada;19;567.98;584.35;545.71;660.71;764.21;624.59
320;Itaguaí;RJ;Federal;58;579.82;589.72;554.27;680.67;718.28;624.55
321;Juiz de Fora;MG;Federal;236;580.59;591.15;558.07;649.64;743.22;624.53
322;Vila Velha;ES;Privada;670;572.42;583.24;553.1;643.79;769.97;624.5
323;São Carlos;SP;Federal;22;574.69;590.85;563.93;659.49;732.73;624.34
324;Mineiros;GO;Privada;35;566.01;564.59;537.76;620.01;833.14;624.3
325;Santo Antônio de Jesus;BA;Privada;69;576.52;577.91;571.31;661.52;733.04;624.06
326;Igarapava;SP;Privada;14;576.83;555.46;544.93;642.67;800.0;623.98
327;Manhumirim;MG;Privada;7;600.29;583.74;556.0;679.84;700.0;623.97
328;Jaguariúna;SP;Privada;26;578.32;582.78;582.06;661.75;714.62;623.9
329;Bambuí;MG;Privada;9;573.34;586.22;558.46;634.67;766.67;623.87
330;Jaraguá do Sul;SC;Federal;54;594.83;604.64;574.7;661.09;682.96;623.65
331;Quixeramobim;CE;Privada;34;581.59;573.0;554.01;656.52;751.76;623.38
332;Olímpia;SP;Privada;25;569.19;577.07;562.12;653.18;755.2;623.35
333;Araras;SP;Privada;84;576.91;580.81;556.83;657.97;743.57;623.22
334;Florianópolis;SC;Federal;342;580.0;592.66;563.33;674.04;705.91;623.19
335;Barbacena;MG;Privada;150;574.95;573.97;547.55;642.45;776.4;623.07
336;Andradas;MG;Privada;46;575.37;580.21;567.45;637.57;754.78;623.07
337;Iguatu;CE;Privada;83;570.66;578.62;560.11;636.71;769.16;623.05
338;Ibatiba;ES;Federal;68;565.66;584.06;574.22;643.87;747.35;623.03
339;Joinville;SC;Privada;530;581.76;585.74;556.56;652.79;738.3;623.03
340;Sacramento;MG;Privada;10;568.81;588.21;548.55;641.14;768.0;622.94
341;Parelhas;RN;Privada;16;567.38;568.63;520.21;610.76;847.5;622.9
342;Sertãozinho;SP;Federal;69;582.16;584.33;570.31;651.88;725.51;622.84
343;Janaúba;MG;Federal;36;574.64;578.12;534.05;626.01;801.11;622.79
344;Porto Alegre;RS;Privada;1904;584.86;594.07;552.9;653.97;728.01;622.76
345;Carlos Barbosa;RS;Privada;8;577.01;614.14;556.72;695.78;670.0;622.73
346;Peçanha;MG;Privada;3;553.87;545.13;571.6;589.47;853.33;622.68
347;Três Pontas;MG;Privada;28;561.28;573.22;538.9;651.4;788.57;622.67
348;Barão de Cocais;MG;Privada;22;577.82;590.43;567.41;642.79;734.55;622.6
349;Itaperuna;RJ;Privada;90;569.82;593.07;559.71;648.9;741.33;622.57
350;Colinas do Tocantins;TO;Privada;14;565.16;575.12;558.81;626.56;787.14;622.56
351;Santa Rita do Passa Quatro;SP;Privada;33;579.22;596.74;568.51;659.14;709.09;622.54
352;Brasília de Minas;MG;Privada;8;569.44;565.99;535.65;641.46;800.0;622.51
353;Cruz das Almas;BA;Privada;68;568.33;585.13;553.96;643.09;761.76;622.46
354;Rio Pomba;MG;Privada;6;556.2;590.93;533.6;651.55;780.0;622.46
355;São Gabriel do Oeste;MS;Privada;13;598.65;570.65;560.99;675.62;706.15;622.41
356;Santa Cruz das Palmeiras;SP;Privada;19;584.39;589.22;573.4;628.97;735.79;622.36
357;Jales;SP;Privada;36;574.09;566.01;559.58;643.1;768.89;622.33
358;Caicó;RN;Privada;43;572.1;573.18;555.82;601.05;809.3;622.29
359;Londrina;PR;Federal;39;584.24;599.24;574.04;633.76;720.0;622.25
360;Tupaciguara;MG;Privada;6;573.87;564.32;560.92;681.62;730.0;622.14
361;Janaúba;MG;Privada;82;563.45;569.01;540.9;628.8;808.29;622.09
362;Tietê;SP;Privada;34;575.8;578.31;561.41;654.47;740.0;622.0
363;Ribeira do Pombal;BA;Privada;41;569.78;569.0;533.93;622.9;814.15;621.95
364;Campinas;SP;Privada;1400;580.7;587.25;562.0;654.69;724.74;621.88
365;Guaíra;SP;Privada;46;566.5;573.69;568.66;632.09;768.26;621.84
366;Franca;SP;Privada;381;574.43;573.46;549.0;643.76;768.08;621.75
367;Gandu;BA;Privada;14;570.24;580.84;556.48;645.25;755.71;621.71
368;Joinville;SC;Federal;95;588.01;585.16;559.15;676.15;699.79;621.65
369;Cerqueira César;SP;Privada;4;579.25;577.08;545.88;695.95;710.0;621.63
370;Cachoeira do Sul;RS;Privada;87;583.31;598.1;549.8;661.0;715.17;621.48
371;São Fidélis;RJ;Privada;6;584.25;589.9;560.17;679.67;693.33;621.46
372;Juquitiba;SP;Privada;2;596.45;586.95;587.15;696.6;640.0;621.43
373;Feira de Santana;BA;Privada;527;575.57;585.23;549.66;639.62;756.96;621.41
374;Carangola;MG;Privada;48;568.96;568.4;538.94;653.51;777.08;621.38
375;Catanduva;SP;Privada;143;576.82;576.87;551.42;643.01;758.74;621.37
376;Barra do Piraí;RJ;Privada;61;570.01;562.48;552.99;630.82;790.49;621.36
377;Bocaiúva;MG;Privada;30;565.87;585.45;551.29;623.74;780.0;621.27
378;Sidrolândia;MS;Privada;3;558.47;578.17;537.83;637.8;793.33;621.12
379;Parnamirim;RN;Federal;153;582.42;578.64;564.42;647.67;731.9;621.01
380;Maricá;RJ;Federal;22;583.49;580.76;554.32;639.04;747.27;620.98
381;Venda Nova do Imigrante;ES;Privada;8;577.24;567.91;555.42;634.16;770.0;620.95
382;Muritiba;BA;Privada;29;565.64;582.32;546.01;654.77;755.86;620.92
383;Seropédica;RJ;Federal;104;580.43;588.06;556.72;623.28;755.96;620.89
384;Ceres;GO;Privada;37;573.22;580.02;547.18;637.13;766.49;620.81
385;Taquaritinga;SP;Privada;48;572.6;572.39;562.0;637.79;759.17;620.79
386;Valença;RJ;Federal;85;584.52;591.89;555.73;638.83;732.71;620.74
387;Santa Maria;RS;Privada;293;575.02;582.03;552.7;636.81;757.06;620.72
388;Brumado;BA;Privada;55;571.12;597.05;560.71;654.15;720.36;620.68
389;Monte Mor;SP;Privada;7;550.97;593.51;580.67;660.39;717.14;620.54
390;Patrocínio;MG;Federal;82;573.57;569.77;563.67;646.29;748.78;620.42
391;Patrocínio;MG;Privada;56;564.17;559.81;533.64;638.28;805.36;620.25
392;Serra Negra;SP;Privada;8;583.58;585.76;594.31;672.22;665.0;620.17
393;Acopiara;CE;Privada;1;524.0;544.9;582.9;569.0;880.0;620.16
394;Blumenau;SC;Federal;86;583.45;604.18;567.89;678.87;666.05;620.09
395;Inhumas;GO;Privada;39;559.69;562.2;552.32;635.08;790.26;619.91
396;Bento Gonçalves;RS;Federal;89;585.03;596.55;557.91;637.99;721.12;619.72
397;São Gotardo;MG;Privada;25;575.67;566.17;559.68;640.86;756.0;619.67
398;Rio de Janeiro;RJ;Privada;9278;575.59;581.63;547.19;638.74;755.07;619.64
399;Alegrete;RS;Privada;12;558.78;564.21;547.72;607.49;820.0;619.64
400;Balneário Camboriú;SC;Privada;197;576.72;586.7;556.2;643.0;735.33;619.59
401;Nilópolis;RJ;Federal;128;582.74;587.74;585.74;649.78;691.72;619.54
402;Coremas;PB;Privada;3;581.9;575.83;502.3;563.73;873.33;619.42
403;Uberlândia;MG;Federal;193;575.13;588.67;543.91;621.09;768.19;619.4
404;Caaporã;PB;Privada;1;570.7;613.9;426.4;525.2;960.0;619.24
405;Mogi Mirim;SP;Privada;32;575.73;596.86;568.05;655.82;698.75;619.04
406;Birigui;SP;Privada;62;578.92;585.4;563.9;644.42;722.26;618.98
407;Eunápolis;BA;Privada;68;572.98;571.56;552.73;628.16;769.12;618.91
408;Macaé;RJ;Privada;213;569.99;575.17;545.75;633.58;769.95;618.89
409;Bento Gonçalves;RS;Privada;54;584.72;597.7;557.14;645.31;709.26;618.83
410;Erechim;RS;Privada;111;583.25;585.52;563.21;652.35;709.73;618.81
411;Rio das Ostras;RJ;Privada;166;576.48;578.22;547.26;624.57;767.47;618.8
412;Caicó;RN;Federal;148;570.07;566.26;550.75;625.4;780.95;618.69
413;Crato;CE;Privada;129;566.39;567.17;547.35;614.08;798.14;618.63
414;Amparo;SP;Privada;78;577.75;583.69;552.09;639.98;739.49;618.6
415;Cascavel;PR;Federal;50;582.71;587.3;557.79;644.4;720.8;618.6
416;Poços de Caldas;MG;Federal;43;577.73;575.44;562.93;669.84;706.98;618.58
417;Barreiras;BA;Privada;161;564.44;566.12;544.7;617.6;799.13;618.4
418;Muriaé;MG;Privada;60;558.58;560.43;558.13;616.67;798.0;618.36
419;Serra Talhada;PE;Privada;49;568.0;577.22;553.69;643.98;748.57;618.29
420;Itabirito;MG;Federal;48;573.54;577.97;548.74;640.32;750.42;618.2
421;Itu;SP;Privada;165;580.2;587.24;560.37;635.59;727.52;618.18
422;Jacutinga;MG;Privada;20;574.54;604.92;565.02;651.31;695.0;618.16
423;Colatina;ES;Privada;89;556.16;567.3;544.83;611.7;810.79;618.15
424;Armação dos Búzios;RJ;Privada;13;558.42;590.1;528.8;619.52;793.85;618.14
425;Rio do Sul;SC;Privada;88;579.79;574.61;561.96;668.07;706.14;618.11
426;Assis;SP;Privada;70;576.38;572.3;547.1;646.03;748.57;618.08
427;Santa Rita do Sapucaí;MG;Privada;87;562.8;558.66;531.84;642.4;794.71;618.08
428;Iporá;GO;Federal;57;557.57;553.74;554.12;646.72;777.89;618.01
429;Mucuri;BA;Privada;21;563.12;579.27;551.56;642.6;753.33;617.98
430;Ourinhos;SP;Privada;86;581.31;589.28;568.08;646.71;704.42;617.96
431;Carmo;RJ;Privada;7;563.47;564.21;535.03;581.37;845.71;617.96
432;Nova Iguaçu;RJ;Federal;89;588.23;588.18;562.32;660.98;689.89;617.92
433;Caçador;SC;Privada;27;586.08;601.54;557.47;659.83;683.7;617.73
434;Toledo;PR;Privada;177;572.94;579.3;550.47;635.16;750.73;617.72
435;Garibaldi;RS;Privada;8;556.54;540.12;537.99;658.78;795.0;617.69
436;Caruaru;PE;Federal;102;575.7;574.25;557.17;647.69;733.53;617.67
437;Faxinal;PR;Privada;8;595.75;601.92;548.19;666.52;675.0;617.48
438;Jarinu;SP;Privada;9;575.93;565.66;558.07;663.27;724.44;617.47
439;Poções;BA;Privada;6;551.68;569.78;544.18;648.25;773.33;617.45
440;Fraiburgo;SC;Privada;20;578.98;582.16;560.5;645.51;720.0;617.43
441;São Bento do Sul;SC;Privada;71;568.53;580.35;546.75;661.6;729.58;617.36
442;Americana;SP;Privada;359;574.7;583.89;561.71;651.22;714.82;617.27
443;Nepomuceno;MG;Privada;14;540.1;544.81;557.78;643.5;800.0;617.24
444;Alto Araguaia;MT;Privada;1;585.1;625.3;595.0;600.7;680.0;617.22
445;Campo Grande;MS;Privada;1033;570.36;573.01;549.03;635.64;757.7;617.15
446;Parnamirim;RN;Privada;337;567.77;572.78;548.55;639.2;757.39;617.14
447;Votuporanga;SP;Federal;73;571.29;572.76;560.14;673.55;707.67;617.08
448;Aroeiras;PB;Privada;3;568.9;588.57;558.03;556.3;813.33;617.03
449;Concórdia;SC;Privada;41;566.83;571.78;528.9;627.31;790.24;617.01
450;Campanha;MG;Privada;19;568.27;566.1;565.36;643.36;741.05;616.83
451;Ituiutaba;MG;Privada;56;564.17;569.82;544.03;614.36;791.79;616.83
452;Mafra;SC;Privada;48;583.27;585.74;567.99;638.36;707.92;616.66
453;Ribeirão Bonito;SP;Privada;7;573.11;580.29;577.54;534.9;817.14;616.6
454;Marília;SP;Privada;329;566.5;572.65;549.13;629.42;765.29;616.6
455;Saquarema;RJ;Privada;36;572.16;575.79;551.44;626.19;757.22;616.56
456;Xanxerê;SC;Federal;47;569.6;573.3;546.76;639.03;754.04;616.55
457;Sorocaba;SP;Privada;632;575.08;579.9;556.02;647.81;723.58;616.48
458;Teofilândia;BA;Privada;23;557.68;571.53;531.9;616.87;804.35;616.47
459;Pinheiral;RJ;Federal;138;572.69;572.0;545.91;616.47;775.07;616.43
460;Águas de Lindóia;SP;Privada;5;586.84;606.68;583.94;628.28;676.0;616.35
461;Três Passos;RS;Privada;16;570.24;596.16;567.92;629.92;717.5;616.35
462;Salto;SP;Federal;69;579.86;589.32;543.71;646.73;721.16;616.16
463;Aquiraz;CE;Privada;17;581.34;585.75;541.87;615.32;756.47;616.15
464;Tangará da Serra;MT;Privada;68;564.83;567.44;544.13;627.08;777.06;616.11
465;Curitiba;PR;Privada;3554;578.93;587.65;563.37;650.97;699.25;616.04
466;João Pessoa;PB;Privada;1833;565.56;571.02;546.64;627.64;768.43;615.86
467;Londrina;PR;Privada;515;578.23;587.26;564.58;652.13;696.85;615.81
468;Ponte Nova;MG;Privada;72;563.58;569.52;542.42;637.87;765.28;615.73
469;Serrinha;BA;Privada;62;567.69;577.77;542.69;606.11;782.9;615.43
470;Rio Claro;SP;Privada;258;576.39;577.52;562.72;646.95;713.49;615.41
471;Maringá;PR;Privada;520;572.87;578.36;558.76;637.61;729.42;615.4
472;Caxias do Sul;RS;Federal;120;576.01;585.98;554.11;659.6;701.17;615.37
473;São Borja;RS;Privada;5;591.06;609.8;519.72;627.76;728.0;615.27
474;São Bernardo do Campo;SP;Privada;982;579.97;581.45;551.98;649.75;712.69;615.17
475;Tubarão;SC;Privada;142;568.04;582.52;548.45;636.15;740.28;615.09
476;Imbituba;SC;Privada;13;582.17;578.19;597.42;640.62;676.92;615.07
477;Venda Nova do Imigrante;ES;Federal;108;563.97;583.19;555.75;639.73;731.67;614.86
478;Valença;BA;Privada;38;569.7;560.71;535.45;632.55;775.79;614.84
479;Indaiatuba;SP;Privada;273;575.94;584.61;555.18;637.15;721.03;614.78
480;Várzea Alegre;CE;Privada;9;561.42;556.73;531.6;650.5;773.33;614.72
481;São Miguel do Oeste;SC;Privada;34;575.49;578.93;536.54;658.99;723.53;614.7
482;Alegre;ES;Federal;111;558.7;577.81;544.18;604.55;787.57;614.56
483;Santo Antônio de Pádua;RJ;Federal;70;576.19;586.57;553.1;628.36;728.57;614.56
484;São José dos Campos;SP;Federal;60;565.89;589.32;563.21;674.98;679.33;614.55
485;São João da Boa Vista;SP;Federal;57;570.15;574.78;541.03;653.98;732.63;614.51
486;Tabuleiro do Norte;CE;Privada;7;550.29;542.06;532.86;561.66;885.71;614.51
487;Santo Antônio do Amparo;MG;Privada;4;578.1;585.38;570.55;592.67;745.0;614.34
488;Rio Verde;GO;Privada;164;569.49;578.59;550.95;626.61;745.98;614.32
489;Araranguá;SC;Privada;48;565.64;582.04;560.22;650.1;713.33;614.27
490;Cachoeiro de Itapemirim;ES;Privada;151;558.43;562.01;546.92;637.73;765.96;614.21
491;Paulínia;SP;Municipal;106;582.9;583.19;562.67;650.38;691.51;614.13
492;Três Rios;RJ;Privada;96;567.09;569.91;540.09;619.79;773.75;614.13
493;Timbó;SC;Privada;28;580.18;586.72;554.17;640.17;709.29;614.1
494;Marabá;PA;Privada;168;561.17;566.72;536.7;607.31;798.57;614.09
495;Jaú;SP;Privada;173;575.5;575.08;549.71;639.42;730.75;614.09
496;Pindamonhangaba;SP;Privada;104;571.12;580.66;555.94;643.35;719.04;614.02
497;Rolândia;PR;Privada;35;573.35;578.91;576.29;650.15;691.43;614.02
498;Lagarto;SE;Privada;34;559.8;565.96;544.31;629.25;770.59;613.98
499;São Paulo;SP;Privada;12275;578.63;583.91;552.93;649.19;704.78;613.88
500;Tomazina;PR;Privada;4;558.42;603.98;572.85;669.08;665.0;613.86
501;Nossa Senhora da Glória;SE;Privada;32;559.96;565.25;524.37;617.86;801.88;613.86
502;Batalha;PI;Municipal;1;537.7;563.4;563.3;684.8;720.0;613.84
503;Anápolis;GO;Privada;316;564.95;568.62;547.65;626.77;761.2;613.84
504;Salinas;MG;Privada;17;574.08;571.47;525.94;649.19;748.24;613.78
505;Buriti;MA;Privada;5;552.74;585.28;555.08;627.54;748.0;613.73
506;Tucano;BA;Privada;12;567.72;567.88;532.17;610.77;790.0;613.71
507;Serra;ES;Privada;207;562.56;565.31;542.8;629.18;768.6;613.69
508;Brotas;SP;Privada;22;566.7;581.83;562.34;650.18;707.27;613.66
509;Caçu;GO;Privada;6;571.03;571.33;591.12;628.1;706.67;613.65
510;Ilha Solteira;SP;Privada;14;584.65;602.4;574.19;675.16;631.43;613.56
511;Mogi Guaçu;SP;Privada;113;574.62;576.4;554.47;643.39;718.23;613.42
512;Itajubá;MG;Privada;246;570.6;571.87;546.83;630.08;747.24;613.32
513;Porto Ferreira;SP;Privada;46;573.16;563.9;553.93;614.28;761.3;613.31
514;Osório;RS;Federal;72;583.7;591.11;544.06;636.74;710.83;613.29
515;Araguari;MG;Privada;92;570.01;571.57;547.53;599.19;776.96;613.05
516;Jundiaí;SP;Federal;23;569.53;593.49;536.93;607.07;758.26;613.05
517;Laranjal Paulista;SP;Privada;8;569.8;561.19;536.51;646.91;750.0;612.88
518;Cruz Alta;RS;Privada;11;590.8;581.72;547.35;599.02;745.45;612.87
519;Brasília;DF;Privada;5121;577.03;581.04;554.67;632.51;719.03;612.86
520;Foz do Iguaçu;PR;Federal;64;579.88;583.32;548.8;634.4;717.81;612.84
521;Itabuna;BA;Privada;221;570.09;570.58;549.28;620.92;752.31;612.64
522;Picos;PI;Privada;232;562.32;567.46;532.93;615.15;785.0;612.57
523;Cidade Gaúcha;PR;Privada;1;576.7;580.0;577.8;767.7;560.0;612.44
524;Nova Venécia;ES;Federal;119;565.0;578.78;558.08;650.2;710.08;612.43
525;Canoas;RS;Federal;58;587.67;587.07;555.52;652.07;679.66;612.4
526;Pirajuí;SP;Privada;2;580.15;563.7;534.85;693.15;690.0;612.37
527;Aracruz;ES;Privada;99;564.9;578.27;558.71;642.1;717.78;612.35
528;Simão Dias;SE;Privada;22;562.07;567.58;534.01;601.6;796.36;612.33
529;Botucatu;SP;Privada;337;579.23;580.42;557.8;641.68;702.49;612.32
530;Valente;BA;Privada;7;559.33;581.96;539.0;615.34;765.71;612.27
531;Aracaju;SE;Federal;92;569.26;575.06;546.0;614.91;756.09;612.26
532;Blumenau;SC;Privada;255;577.44;580.5;559.96;658.51;684.55;612.19
533;Currais Novos;RN;Federal;155;572.94;576.22;544.3;624.54;742.58;612.12
534;Cabo Frio;RJ;Privada;180;562.36;568.0;537.83;624.01;768.11;612.06
535;Quixadá;CE;Privada;52;570.1;578.62;533.2;600.23;777.69;611.97
536;Jacareí;SP;Federal;36;588.0;596.8;542.64;630.05;701.11;611.72
537;Mutum;MG;Privada;5;577.76;553.54;537.56;629.24;760.0;611.62
538;Boa Vista do Cadeado;RS;Estadual;2;581.55;583.6;557.5;565.35;770.0;611.6
539;Piracicaba;SP;Privada;393;574.18;579.92;554.13;640.13;709.31;611.53
540;Marau;RS;Privada;27;581.5;561.52;546.39;592.73;774.81;611.39
541;Vitória da Conquista;BA;Privada;372;568.4;572.89;539.47;626.56;749.57;611.38
542;Rio Branco;AC;Privada;310;561.72;571.25;531.89;593.39;798.45;611.34
543;Quedas do Iguaçu;PR;Federal;16;582.06;588.8;551.37;649.39;685.0;611.32
544;Juína;MT;Privada;9;563.42;573.82;559.53;628.61;731.11;611.3
545;Santo Ângelo;RS;Privada;52;581.54;570.4;535.17;642.76;726.54;611.28
546;Cascavel;PR;Privada;364;573.0;575.06;555.2;634.83;717.64;611.15
547;Frutal;MG;Privada;35;571.79;574.78;556.02;637.71;714.86;611.03
548;Passo Fundo;RS;Privada;173;578.98;579.46;550.11;636.23;710.17;610.99
549;Serra Talhada;PE;Federal;31;578.86;562.08;527.84;636.48;749.68;610.99
550;Nova Granada;SP;Privada;26;564.03;579.02;544.87;600.7;766.15;610.96
551;Teixeira de Freitas;BA;Privada;82;562.15;557.61;526.4;622.15;786.34;610.93
552;Guaíba;RS;Privada;23;585.12;579.15;532.62;625.54;732.17;610.92
553;Lucas do Rio Verde;MT;Privada;27;559.71;574.56;534.8;668.11;717.04;610.84
554;Arcos;MG;Privada;29;568.29;561.1;530.3;637.1;756.55;610.67
555;São Roque;SP;Federal;90;562.29;577.79;551.68;619.53;741.78;610.61
556;Cotia;SP;Privada;279;578.06;579.43;546.58;646.44;702.22;610.55
557;Osório;RS;Privada;8;586.71;591.33;544.58;612.48;717.5;610.52
558;Cosmópolis;SP;Privada;20;562.99;562.89;573.43;648.18;705.0;610.5
559;Itatiba;SP;Privada;131;574.9;572.04;561.69;659.38;684.43;610.49
560;Araruama;RJ;Privada;120;571.12;578.09;552.09;626.6;723.5;610.28
561;Casa Branca;SP;Privada;10;555.72;567.12;547.09;637.3;744.0;610.25
562;Garanhuns;PE;Federal;122;565.04;569.79;550.77;616.9;748.52;610.21
563;São Francisco de Paula;RS;Privada;1;591.6;568.8;597.6;612.9;680.0;610.18
564;Imperatriz;MA;Privada;204;558.8;560.14;536.61;610.09;785.2;610.17
565;Guará;SP;Privada;18;560.98;556.58;546.39;605.58;781.11;610.13
566;Cachoeirinha;RS;Privada;37;576.95;578.68;550.58;650.16;694.05;610.09
567;Paraopeba;MG;Privada;13;564.54;566.92;550.82;649.58;718.46;610.06
568;Sapé;PB;Privada;39;554.06;554.07;542.86;600.83;797.95;609.95
569;Jataí;GO;Privada;74;561.48;566.78;562.41;627.95;730.81;609.89
570;Cabo Frio;RJ;Federal;108;575.52;573.94;543.43;613.5;742.96;609.87
571;Piumhi;MG;Privada;73;562.11;572.94;544.52;639.38;729.86;609.76
572;Santo Antônio de Pádua;RJ;Privada;17;547.05;559.14;504.97;593.39;843.53;609.62
573;Aracaju;SE;Privada;1700;564.65;565.87;539.11;612.28;765.59;609.5
574;Santana de Parnaíba;SP;Privada;166;577.25;575.59;549.36;651.77;693.13;609.42
575;Garça;SP;Privada;48;568.72;565.49;547.13;609.89;755.83;609.41
576;Cambuí;MG;Privada;12;573.8;577.73;558.03;620.7;716.67;609.39
577;Araraquara;SP;Privada;406;574.61;573.94;555.33;621.39;721.48;609.35
578;Matão;SP;Municipal;91;581.93;585.18;560.24;644.64;674.51;609.3
579;Bento Gonçalves;RS;Municipal;17;566.75;578.16;498.94;640.22;762.35;609.28
580;Três Corações;MG;Privada;40;572.94;574.0;555.71;619.3;724.0;609.19
581;Ipiaú;BA;Privada;33;567.75;573.87;553.79;628.62;721.82;609.17
582;Mogi das Cruzes;SP;Privada;443;572.57;568.37;545.75;638.82;719.55;609.01
583;Pilar do Sul;SP;Privada;15;571.27;577.77;553.32;626.03;716.0;608.88
584;Salvador;BA;Privada;3418;570.33;573.45;543.13;616.15;740.62;608.74
585;Pato Branco;PR;Privada;147;573.05;574.8;546.96;641.85;706.94;608.72
586;Prudentópolis;PR;Privada;12;583.28;601.79;556.31;675.47;626.67;608.7
587;Viçosa do Ceará;CE;Privada;15;561.57;561.36;518.18;576.85;825.33;608.66
588;Lambari;MG;Privada;9;563.79;560.28;545.93;599.97;773.33;608.66
589;Campos dos Goytacazes;RJ;Privada;412;567.28;570.94;547.16;618.22;739.61;608.64
590;Guaporé;RS;Privada;8;600.64;552.55;552.92;607.0;730.0;608.62
591;Jaguaquara;BA;Privada;39;562.54;557.78;530.16;617.71;774.87;608.61
592;Gurupi;TO;Federal;56;575.42;578.43;553.24;607.3;728.21;608.52
593;Três Marias;MG;Privada;25;560.37;558.3;554.16;612.76;756.8;608.48
594;Sinop;MT;Privada;120;552.8;561.04;540.24;650.93;737.17;608.44
595;Esmeraldas;MG;Privada;6;555.83;561.9;525.77;645.12;753.33;608.39
596;João Pessoa;PB;Federal;293;570.06;571.23;538.51;633.21;728.94;608.39
597;Santa Luzia;MG;Privada;67;566.24;571.63;542.66;627.24;733.43;608.24
598;Cruzeiro do Sul;AC;Privada;18;557.41;572.54;527.56;607.95;775.56;608.2
599;Seabra;BA;Federal;102;569.63;577.16;540.91;595.43;757.84;608.2
600;Campo do Brito;SE;Privada;1;566.4;601.0;548.0;445.2;880.0;608.12
601;Hortolândia;SP;Federal;73;571.66;571.49;541.87;632.64;722.74;608.08
602;Piedade;SP;Privada;10;581.71;577.96;561.82;604.84;714.0;608.07
603;Foz do Iguaçu;PR;Privada;367;572.45;575.54;551.14;634.45;706.32;607.98
604;Nova Esperança;PR;Privada;3;585.87;606.63;590.7;643.37;613.33;607.98
605;Machado;MG;Privada;19;562.66;565.82;555.51;632.4;723.16;607.91
606;Igarapé;MG;Privada;9;561.84;553.17;528.72;602.24;793.33;607.86
607;Balsas;MA;Privada;62;566.77;569.21;533.78;612.56;756.77;607.82
608;Nova Russas;CE;Privada;9;560.59;568.78;533.12;609.62;766.67;607.76
609;Canela;RS;Privada;21;569.99;593.87;545.3;627.69;701.9;607.75
610;Videira;SC;Privada;12;580.89;578.38;545.84;660.19;673.33;607.73
611;Piracicaba;SP;Federal;23;585.2;594.58;540.7;646.0;672.17;607.73
612;Boituva;SP;Privada;49;568.09;571.59;554.52;638.55;705.71;607.69
613;Carmo do Paranaíba;MG;Privada;5;551.06;541.36;557.84;584.16;804.0;607.68
614;Sombrio;SC;Privada;20;558.18;561.21;545.79;590.96;782.0;607.63
615;Capão Bonito;SP;Privada;16;590.84;580.07;562.99;609.08;695.0;607.6
616;Jundiaí;SP;Privada;698;572.27;575.7;549.56;642.69;697.28;607.5
617;Campo Mourão;PR;Privada;110;574.85;578.39;543.59;620.75;719.82;607.48
618;Conselheiro Lafaiete;MG;Privada;27;554.34;559.67;526.1;640.34;756.3;607.35
619;São Miguel do Oeste;SC;Federal;75;560.42;578.9;550.89;624.63;721.33;607.23
620;Registro;SP;Federal;79;570.31;580.6;552.46;647.4;685.32;607.22
621;Pau dos Ferros;RN;Federal;193;559.59;557.31;525.17;605.57;788.19;607.16
622;Petrópolis;RJ;Privada;490;566.51;571.17;539.2;621.9;735.55;606.87
623;Itaporanga;SP;Privada;2;572.1;586.15;552.65;663.2;660.0;606.82
624;Taubaté;SP;Privada;369;572.24;567.62;545.65;635.54;713.01;606.81
625;Cruzaltense;RS;Estadual;7;561.17;543.61;505.87;668.56;754.29;606.7
626;Umuarama;PR;Privada;148;566.61;565.82;539.98;620.97;739.59;606.6
627;Valença;RJ;Privada;28;559.99;572.77;550.74;607.22;742.14;606.57
628;Imperatriz;MA;Federal;146;554.26;560.11;550.11;644.04;723.7;606.44
629;Pitangui;MG;Privada;28;575.67;587.66;547.16;638.21;682.86;606.31
630;Pontalina;GO;Privada;4;553.17;572.95;521.5;588.65;795.0;606.26
631;Linhares;ES;Privada;112;561.26;555.18;534.88;629.08;750.36;606.15
632;Bragança Paulista;SP;Privada;194;566.07;575.22;541.29;630.53;717.53;606.13
633;São Gonçalo do Amarante;RN;Federal;122;573.61;564.38;539.43;618.34;734.26;606.01
634;Rio Bonito;RJ;Privada;48;564.29;571.19;548.5;608.11;737.92;606.0
635;Fortaleza;CE;Federal;477;570.72;572.71;538.48;633.66;714.42;606.0
636;Irecê;BA;Federal;86;565.63;568.29;527.68;620.21;747.91;605.94
637;Porto Alegre;RS;Federal;175;574.51;580.38;538.43;635.33;701.03;605.93
638;Nazaré da Mata;PE;Privada;30;543.97;578.86;544.27;603.14;759.33;605.91
639;Campo Verde;MT;Privada;40;570.68;568.34;533.87;614.5;742.0;605.88
640;Paracatu;MG;Privada;66;562.33;568.71;553.96;616.63;727.58;605.84
641;São João Evangelista;MG;Federal;144;563.73;568.28;539.59;628.39;728.89;605.78
642;Sombrio;SC;Federal;82;564.07;578.42;519.03;610.88;756.34;605.75
643;Descalvado;SP;Privada;52;569.81;574.78;533.12;620.18;730.38;605.66
644;Estância Velha;RS;Privada;6;564.55;562.0;571.27;623.67;706.67;605.63
645;Campo Largo;PR;Federal;44;572.76;579.35;551.91;650.91;673.18;605.62
646;Sousa;PB;Privada;102;553.63;556.86;527.59;603.29;786.27;605.53
647;Ubajara;CE;Privada;16;566.77;570.59;535.26;632.2;722.5;605.46
648;Santa Quitéria;CE;Privada;7;579.06;584.27;518.54;596.8;748.57;605.45
649;Criciúma;SC;Privada;421;570.03;569.49;539.08;635.33;712.97;605.38
650;Pelotas;RS;Privada;303;568.99;571.17;537.89;626.54;721.91;605.3
651;Votuporanga;SP;Privada;149;571.87;565.86;548.37;635.16;705.1;605.27
652;Canoas;RS;Privada;282;575.77;572.84;540.99;640.17;695.82;605.12
653;Luziânia;GO;Federal;76;574.43;576.81;547.45;621.24;705.53;605.09
654;Campos Novos;SC;Privada;2;565.75;572.95;505.75;600.6;780.0;605.01
655;Xanxerê;SC;Privada;63;560.79;572.02;545.75;616.92;729.52;605.0
656;Dores do Indaiá;MG;Privada;15;561.74;544.82;541.93;640.22;736.0;604.94
657;Nova Cruz;RN;Privada;26;561.92;558.93;515.61;597.15;790.77;604.87
658;Irati;PR;Federal;144;570.26;579.83;549.08;624.37;700.56;604.82
659;Coelho Neto;MA;Privada;5;592.98;561.44;535.42;666.24;668.0;604.82
660;Cuiabá;MT;Privada;1136;555.15;561.08;531.23;610.91;765.65;604.8
661;Barbalha;CE;Privada;26;548.49;543.34;537.41;590.16;803.85;604.65
662;Malhador;SE;Privada;25;533.04;557.38;526.54;580.69;825.6;604.65
663;Presidente Prudente;SP;Privada;274;569.29;572.38;553.59;635.36;692.48;604.62
664;Itajaí;SC;Privada;234;570.41;570.03;537.8;624.78;719.91;604.59
665;Paulo Afonso;BA;Privada;125;560.4;558.45;524.48;616.3;763.2;604.57
666;Ribeirão das Neves;MG;Privada;9;584.18;591.39;549.16;598.11;700.0;604.57
667;Chapecó;SC;Federal;55;571.97;584.24;553.06;646.61;666.91;604.56
668;Belém;PA;Privada;3033;560.87;567.48;534.86;590.27;769.32;604.56
669;Mossoró;RN;Privada;496;559.08;557.92;536.55;616.74;752.46;604.55
670;José Bonifácio;SP;Privada;46;561.09;554.49;534.56;613.86;758.7;604.54
671;Piracanjuba;GO;Privada;9;557.29;537.74;551.5;649.52;726.67;604.54
672;Barreiras;BA;Federal;182;569.4;567.71;534.81;613.52;737.25;604.54
673;Itamogi;MG;Privada;1;579.4;588.2;547.9;627.1;680.0;604.52
674;Pirapora;MG;Federal;42;558.7;566.67;532.27;640.64;724.29;604.51
675;Santo Antônio da Patrulha;RS;Privada;6;587.05;570.0;537.05;611.68;716.67;604.49
676;Limeira;SP;Privada;215;567.91;570.35;547.0;629.31;707.16;604.35
677;Encantado;RS;Privada;6;590.38;595.48;521.3;603.68;710.0;604.17
678;Curitibanos;SC;Privada;12;592.13;610.57;547.43;612.08;658.33;604.11
679;Nhandeara;SP;Privada;4;576.12;564.12;537.55;542.52;800.0;604.06
680;Araquari;SC;Privada;43;562.58;560.46;541.5;624.53;731.16;604.05
681;Dom Pedro;MA;Privada;12;558.91;567.98;528.93;630.38;733.33;603.91
682;Piracaia;SP;Privada;6;595.68;596.68;586.08;637.57;603.33;603.87
683;Tobias Barreto;SE;Privada;20;562.81;563.0;535.83;632.55;725.0;603.84
684;Ijuí;RS;Privada;15;561.88;582.91;560.05;606.1;708.0;603.79
685;Apodi;RN;Federal;138;562.83;561.27;537.11;603.69;754.06;603.79
686;Tijucas;SC;Privada;36;568.43;571.29;535.46;633.08;710.56;603.76
687;Araquari;SC;Federal;166;569.19;588.39;549.74;617.38;694.1;603.76
688;Camanducaia;MG;Privada;7;557.01;606.51;530.53;670.4;654.29;603.75
689;Barra de São Francisco;ES;Privada;4;561.58;547.08;504.48;655.6;750.0;603.74
690;Não-Me-Toque;RS;Privada;4;582.88;584.15;542.62;634.0;675.0;603.73
691;Diamantino;MT;Privada;3;563.4;592.7;555.93;606.23;700.0;603.65
692;Ourilândia do Norte;PA;Privada;10;565.12;564.68;528.25;598.11;762.0;603.63
693;Cícero Dantas;BA;Privada;10;547.95;549.42;511.46;625.23;784.0;603.61
694;Bragança;PA;Privada;48;551.95;561.13;501.54;577.93;825.42;603.59
695;Altônia;PR;Privada;2;578.8;597.45;581.65;700.05;560.0;603.59
696;Ibirubá;RS;Privada;11;558.74;565.78;537.65;621.11;734.55;603.57
697;Tapiratiba;SP;Privada;4;580.93;602.08;563.02;641.08;630.0;603.42
698;São José de Ribamar;MA;Privada;40;563.76;558.04;517.05;596.62;781.5;603.39
699;Porto União;SC;Privada;30;571.78;580.5;553.81;618.77;692.0;603.37
700;Paraíso do Tocantins;TO;Privada;10;559.26;553.64;559.2;640.76;704.0;603.37
701;Boquim;SE;Privada;19;546.54;539.83;521.53;586.63;822.11;603.33
702;Santos Dumont;MG;Privada;6;575.33;563.65;560.53;650.33;666.67;603.3
703;Pinhalzinho;SC;Privada;6;566.75;566.25;549.13;607.1;726.67;603.18
704;Passa Quatro;MG;Privada;5;576.82;585.96;536.24;572.84;744.0;603.17
705;Canguçu;RS;Municipal;2;556.05;539.9;514.0;555.8;850.0;603.15
706;Extrema;MG;Privada;14;572.21;569.32;554.86;599.31;720.0;603.14
707;Natal;RN;Privada;1723;563.75;563.63;536.73;605.01;746.14;603.05
708;Ponta Grossa;PR;Privada;333;573.56;587.37;565.76;633.14;655.2;603.01
709;Quirinópolis;GO;Privada;18;570.49;569.04;557.12;596.07;722.22;602.99
710;Bom Jesus da Lapa;BA;Privada;36;563.27;564.15;529.24;623.17;735.0;602.97
711;Conceição de Macabu;RJ;Privada;10;560.86;576.09;570.96;668.65;638.0;602.91
712;Inhumas;GO;Federal;50;553.37;552.34;514.11;603.63;790.8;602.85
713;Sant'Ana do Livramento;RS;Privada;51;574.23;570.58;529.93;622.7;716.47;602.78
714;Bom Jesus;PI;Federal;36;546.66;526.73;507.61;630.66;801.67;602.67
715;Santa Isabel;SP;Privada;20;561.36;564.28;551.64;593.74;741.0;602.4
716;Machado;MG;Federal;79;560.26;562.46;549.99;639.2;700.0;602.38
717;Goiânia;GO;Federal;316;571.52;574.74;537.82;602.61;724.87;602.31
718;São Luís;MA;Privada;1369;565.44;567.86;530.78;603.94;742.89;602.18
719;Santo André;SP;Privada;1262;573.63;574.04;545.33;634.03;683.72;602.15
720;Paraipaba;CE;Privada;9;567.47;559.82;525.68;553.18;804.44;602.12
721;Francisco Beltrão;PR;Privada;97;569.16;577.64;554.45;634.51;674.85;602.12
722;Ibiapina;CE;Privada;19;546.66;544.4;511.62;621.62;786.32;602.12
723;Marialva;PR;Privada;9;559.01;543.16;547.11;594.1;766.67;602.01
724;Fernandópolis;SP;Privada;66;560.47;554.65;552.78;631.85;710.3;602.01
725;Colombo;PR;Privada;40;571.46;558.36;540.38;625.78;714.0;602.0
726;Urupês;SP;Privada;21;566.95;568.53;531.0;633.03;710.48;602.0
727;Itaberaí;GO;Privada;34;546.95;558.49;534.26;605.3;764.71;601.94
728;São Benedito;CE;Privada;31;550.28;552.63;528.19;623.78;754.84;601.94
729;Santarém;PA;Privada;148;559.3;558.72;523.13;587.93;780.54;601.92
730;Cajati;SP;Privada;7;589.07;595.53;574.23;613.59;637.14;601.91
731;Jaboticabal;SP;Privada;104;569.22;563.4;549.85;627.94;698.85;601.85
732;Lorena;SP;Privada;121;568.42;571.67;536.48;611.99;720.66;601.84
733;Cianorte;PR;Privada;66;568.24;564.27;546.58;631.79;698.18;601.81
734;Piúma;ES;Federal;86;564.23;570.6;546.47;609.28;718.37;601.79
735;Paracambi;RJ;Federal;81;572.53;568.57;530.76;644.74;692.1;601.74
736;Itapetinga;BA;Privada;45;565.82;566.95;528.75;662.1;684.89;601.7
737;Brusque;SC;Federal;48;565.45;564.94;558.16;620.96;698.75;601.65
738;Trindade;GO;Federal;64;564.39;558.58;529.52;627.03;728.44;601.59
739;Águas Formosas;MG;Privada;4;527.47;550.28;544.85;600.33;785.0;601.58
740;Tatuí;SP;Privada;92;570.84;568.73;547.14;636.63;684.35;601.54
741;Farroupilha;RS;Privada;19;576.84;580.26;537.94;628.25;684.21;601.5
742;Maricá;RJ;Privada;97;571.89;568.57;533.18;605.68;728.04;601.47
743;Santos;SP;Privada;769;573.6;569.64;541.88;623.57;698.44;601.43
744;Ipuiúna;MG;Privada;3;573.03;552.73;535.5;645.87;700.0;601.43
745;Catanduvas;SC;Privada;1;569.1;583.6;585.8;568.2;700.0;601.34
746;Montanha;ES;Federal;98;547.77;549.62;533.85;599.01;776.33;601.32
747;Pedreiras;MA;Privada;16;557.03;548.38;522.97;587.82;790.0;601.24
748;Araraquara;SP;Federal;50;581.4;582.5;559.0;622.18;660.8;601.18
749;Senhor do Bonfim;BA;Privada;56;554.59;578.29;541.14;607.42;724.29;601.14
750;Barra do Garças;MT;Privada;60;565.89;566.29;522.77;608.76;742.0;601.14
751;Panambi;RS;Federal;70;555.75;561.6;543.62;629.23;715.43;601.13
752;Formosa;GO;Federal;47;560.65;556.96;537.53;609.84;740.43;601.08
753;Araçatuba;SP;Privada;184;567.04;568.44;544.08;618.21;707.28;601.01
754;Sorriso;MT;Privada;58;556.42;556.5;547.97;637.6;706.55;601.01
755;São Domingos do Sul;RS;Estadual;36;537.91;558.72;514.5;588.91;805.0;601.01
756;Itapaci;GO;Privada;10;555.05;551.29;515.09;589.5;794.0;600.99
757;Laguna;SC;Privada;76;564.61;577.65;534.4;605.13;722.89;600.94
758;São Sebastião da Grama;SP;Privada;3;559.47;537.27;548.93;605.5;753.33;600.9
759;Suzano;SP;Privada;181;562.74;555.05;532.26;605.22;748.73;600.8
760;Pederneiras;SP;Privada;49;563.79;566.77;555.91;640.89;675.92;600.66
761;Soledade;RS;Privada;8;574.1;572.41;511.36;620.45;725.0;600.66
762;Barretos;SP;Privada;116;554.17;564.95;534.81;624.27;725.0;600.64
763;Muzambinho;MG;Federal;133;564.28;561.13;543.85;623.3;710.53;600.62
764;Ribeirão das Neves;MG;Federal;76;558.72;570.38;528.17;610.22;735.26;600.55
765;Além Paraíba;MG;Privada;23;564.33;563.76;546.51;614.19;713.91;600.54
766;Piracuruca;PI;Privada;9;550.14;550.4;514.03;614.57;773.33;600.5
767;Barrinha;SP;Privada;2;507.8;552.85;504.8;576.95;860.0;600.48
768;Pinhais;PR;Federal;44;583.46;570.0;547.9;621.6;679.09;600.41
769;Ibirubá;RS;Federal;64;559.42;581.87;544.79;623.42;692.5;600.4
770;Tapira;PR;Estadual;3;580.23;566.33;560.13;608.43;686.67;600.36
771;Tauá;CE;Federal;31;564.71;556.67;516.43;610.39;753.55;600.35
772;Ibema;PR;Privada;2;584.5;602.45;518.95;595.6;700.0;600.3
773;Mococa;SP;Privada;86;556.77;562.76;536.14;620.13;725.58;600.28
774;Leme;SP;Privada;37;565.52;562.18;555.7;619.06;698.38;600.17
775;Irecê;BA;Privada;189;554.09;556.13;526.62;604.05;759.79;600.14
776;Araguaína;TO;Privada;93;556.46;566.65;533.17;608.79;735.48;600.11
777;Taboão da Serra;SP;Privada;122;565.91;558.66;528.76;620.54;726.56;600.09
778;Teixeira de Freitas;BA;Federal;68;557.23;569.68;534.42;581.23;756.76;599.86
779;Pesqueira;PE;Privada;19;553.02;555.01;517.36;620.78;752.63;599.76
780;Jacobina;BA;Federal;98;566.84;576.89;536.13;605.63;713.27;599.75
781;Colíder;MT;Privada;2;577.25;566.4;514.95;599.9;740.0;599.7
782;Cambará;PR;Privada;8;588.2;579.5;538.26;589.76;702.5;599.64
783;Milagres;CE;Privada;20;550.97;553.12;513.17;605.72;775.0;599.6
784;Pereira Barreto;SP;Privada;12;565.22;566.43;573.34;627.91;665.0;599.58
785;Afogados da Ingazeira;PE;Federal;39;573.09;565.55;533.61;618.98;706.15;599.48
786;Rosário do Sul;RS;Privada;6;541.57;566.33;522.7;579.93;786.67;599.44
787;Marechal Cândido Rondon;PR;Privada;74;554.88;551.7;544.1;623.61;722.7;599.4
788;Bauru;SP;Privada;383;566.11;570.92;546.31;616.42;696.29;599.21
789;Ilhéus;BA;Privada;142;570.03;564.31;538.25;598.24;725.21;599.21
790;Batatais;SP;Privada;53;557.48;554.85;547.82;630.2;705.66;599.2
791;Macaúbas;BA;Privada;21;537.65;525.72;531.82;583.28;817.14;599.12
792;Uruguaiana;RS;Privada;48;574.96;569.67;540.34;610.19;700.42;599.12
793;Camaquã;RS;Federal;74;574.62;577.64;541.92;609.7;691.35;599.05
794;Rondonópolis;MT;Privada;113;558.87;557.9;533.16;609.97;735.22;599.02
795;Birigui;SP;Federal;54;570.97;561.41;525.71;622.2;714.44;598.95
796;Socorro;SP;Privada;40;567.31;580.94;546.84;609.76;689.5;598.87
797;Sarandi;PR;Privada;3;573.83;584.8;514.4;661.13;660.0;598.83
798;Tauá;CE;Privada;19;537.65;546.27;522.12;631.16;756.84;598.81
799;Itaperuna;RJ;Federal;107;566.75;559.44;539.67;603.3;724.86;598.8
800;Vargem Grande Paulista;SP;Privada;44;566.76;565.44;559.13;619.36;683.18;598.77
801;Uberaba;MG;Federal;190;561.77;554.7;537.0;607.72;732.32;598.7
802;Poço Fundo;MG;Privada;7;521.0;555.09;494.96;656.63;765.71;598.68
803;Guanambi;BA;Privada;22;552.94;556.28;530.94;620.12;732.73;598.6
804;Alagoinhas;BA;Privada;94;566.03;568.64;555.05;618.92;684.26;598.58
805;Papagaios;MG;Privada;6;517.08;588.87;558.5;614.98;713.33;598.55
806;Juazeiro do Norte;CE;Federal;71;546.98;545.0;518.85;600.74;781.13;598.54
807;Aparecida de Goiânia;GO;Federal;83;565.53;569.52;540.14;601.02;715.9;598.42
808;Jequié;BA;Privada;73;559.67;561.61;533.19;601.47;735.89;598.37
809;Palhoça;SC;Privada;110;571.87;575.33;552.55;629.52;662.36;598.33
810;Carazinho;RS;Privada;44;572.03;571.46;546.5;633.45;668.18;598.32
811;Ubatuba;SP;Privada;26;581.93;581.73;554.45;628.84;644.62;598.31
812;Floriano;PI;Privada;75;558.15;569.74;534.27;603.14;724.8;598.02
813;Almenara;MG;Federal;84;562.47;552.36;523.59;612.61;737.86;597.78
814;Caetanópolis;MG;Privada;8;557.22;556.46;552.48;612.69;710.0;597.77
815;Naviraí;MS;Privada;33;560.73;561.33;529.05;621.62;715.76;597.7
816;Ibiporã;PR;Privada;6;578.83;580.5;556.68;648.82;623.33;597.63
817;Campo Largo;PR;Privada;45;567.05;574.42;540.49;614.55;691.56;597.61
818;Mariana;MG;Privada;14;554.68;574.73;545.52;619.27;692.86;597.41
819;Luzerna;SC;Federal;69;563.38;579.11;538.3;612.19;693.62;597.32
820;Carapicuíba;SP;Privada;84;569.59;570.03;540.5;618.6;687.86;597.31
821;Frederico Westphalen;RS;Privada;24;563.37;573.73;535.03;603.6;710.83;597.31
822;Itápolis;SP;Privada;45;550.11;566.9;559.5;614.36;695.56;597.29
823;Jacobina;BA;Privada;41;560.53;570.02;538.96;611.56;705.37;597.29
824;São Luiz Gonzaga;RS;Privada;21;560.55;580.07;553.92;610.89;680.95;597.28
825;Engenheiro Coelho;SP;Privada;64;573.94;573.43;536.52;621.22;681.25;597.27
826;Altinópolis;SP;Privada;7;554.41;573.56;530.96;618.69;708.57;597.24
827;Lapa;PR;Privada;1;561.2;547.5;575.1;642.1;660.0;597.18
828;Santa Cruz do Rio Pardo;SP;Privada;49;567.48;569.28;540.1;624.69;684.08;597.13
829;Teresina;PI;Federal;299;565.71;558.59;526.41;601.18;733.71;597.12
830;Floresta;PE;Federal;33;549.42;551.99;525.88;582.99;775.15;597.09
831;Unaí;MG;Privada;46;556.37;549.02;541.52;595.36;743.04;597.06
832;Guaratinguetá;SP;Privada;83;570.51;569.58;544.32;618.16;682.65;597.04
833;Paty do Alferes;RJ;Privada;1;582.1;560.4;440.9;601.6;800.0;597.0
834;Avaré;SP;Privada;89;565.12;579.77;545.72;629.28;664.94;596.97
835;Feira de Santana;BA;Federal;63;573.46;570.46;525.82;592.45;722.54;596.95
836;Cáceres;MT;Privada;60;542.29;540.92;509.99;583.15;808.33;596.94
837;João Dourado;BA;Privada;12;561.61;563.27;538.57;609.06;711.67;596.83
838;Wenceslau Braz;PR;Privada;6;564.72;574.93;557.25;680.27;606.67;596.77
839;Itapuranga;GO;Privada;3;566.23;573.13;535.47;569.03;740.0;596.77
840;São Miguel do Guamá;PA;Privada;25;539.66;557.73;524.22;586.26;776.0;596.77
841;Belém;PA;Federal;499;561.82;561.12;535.34;591.46;733.55;596.66
842;Itarema;CE;Privada;12;545.55;545.44;549.4;594.54;748.33;596.65
843;Boituva;SP;Federal;62;564.95;566.74;529.99;632.15;688.39;596.44
844;Bela Vista;MS;Privada;11;568.25;568.07;517.19;614.75;712.73;596.2
845;Nova Cruz;RN;Federal;179;557.74;548.95;521.2;603.47;749.61;596.19
846;Arraial do Cabo;RJ;Privada;2;547.05;539.25;501.3;673.35;720.0;596.19
847;São Miguel do Iguaçu;PR;Privada;17;566.62;568.6;535.38;624.16;685.88;596.13
848;Monte Aprazível;SP;Privada;32;562.75;553.46;546.14;628.98;688.75;596.02
849;Gravataí;RS;Federal;33;573.65;580.89;521.21;619.94;684.24;595.99
850;Campo Bom;RS;Privada;22;558.91;569.0;519.43;620.68;711.82;595.97
851;Olinda;PE;Privada;517;559.21;564.02;532.4;595.7;727.97;595.86
852;Caruaru;PE;Privada;458;559.33;555.85;533.15;624.17;706.38;595.78
853;Cornélio Procópio;PR;Privada;45;575.92;568.02;542.89;633.38;658.67;595.77
854;Mirassol;SP;Privada;23;561.07;574.03;553.94;628.65;660.87;595.71
855;Santo Augusto;RS;Federal;105;551.69;568.6;541.38;607.79;708.95;595.68
856;Itaú de Minas;MG;Privada;16;534.34;534.91;519.66;641.88;747.5;595.66
857;Três Lagoas;MS;Privada;96;564.18;561.59;537.31;611.41;703.12;595.52
858;Pojuca;BA;Privada;99;564.42;555.06;517.61;604.57;735.76;595.48
859;Porto Seguro;BA;Federal;77;570.08;573.25;547.73;598.07;687.79;595.38
860;Magé;RJ;Privada;105;561.31;565.61;534.65;606.22;708.76;595.31
861;Itaberaba;BA;Privada;39;570.33;565.01;527.87;571.72;741.54;595.29
862;Itapeva;SP;Privada;57;572.67;574.18;547.05;620.39;662.11;595.28
863;Pau dos Ferros;RN;Privada;9;567.9;551.01;537.62;590.73;728.89;595.23
864;Pontes e Lacerda;MT;Privada;5;553.74;566.7;550.26;585.0;720.0;595.14
865;Osasco;SP;Privada;943;568.23;569.2;536.63;614.7;686.85;595.12
866;Rio Pomba;MG;Federal;94;555.7;556.77;542.09;608.17;712.77;595.1
867;Serrana;SP;Privada;13;551.6;561.35;515.58;588.52;758.46;595.1
868;Agudos;SP;Privada;24;567.05;561.38;518.98;600.32;727.5;595.04
869;Gravataí;RS;Privada;283;568.74;566.89;533.66;604.06;701.2;594.91
870;Pelotas;RS;Federal;413;567.65;562.63;533.28;618.22;692.69;594.89
871;Catanduva;SP;Federal;82;563.49;550.06;539.27;618.99;702.44;594.85
872;Amambai;MS;Privada;5;569.22;584.62;535.48;604.86;680.0;594.84
873;Nazaré;BA;Privada;18;557.07;562.49;515.35;598.17;741.11;594.84
874;Vitória de Santo Antão;PE;Privada;190;550.62;552.97;527.54;586.42;756.42;594.79
875;Buritis;MG;Privada;1;485.1;520.3;506.6;641.5;820.0;594.7
876;Cajazeiras;PB;Federal;155;563.14;564.12;537.88;607.85;700.26;594.65
877;Congonhas;MG;Privada;38;555.22;553.91;514.43;592.55;756.32;594.48
878;Paranaguá;PR;Federal;66;569.7;576.21;539.41;631.61;655.45;594.48
879;Lages;SC;Privada;185;564.84;564.33;541.4;613.18;688.65;594.48
880;Aguaí;SP;Privada;3;595.57;590.4;553.53;579.23;653.33;594.41
881;General Salgado;SP;Privada;4;575.02;534.83;534.83;661.32;665.0;594.2
882;Sabará;MG;Federal;24;564.57;577.28;540.94;598.7;689.17;594.13
883;Montenegro;RS;Privada;56;568.47;572.27;538.58;616.58;674.64;594.11
884;Leopoldina;MG;Privada;26;544.81;540.95;542.8;610.96;730.77;594.06
885;Camaquã;RS;Privada;10;563.32;566.63;523.11;664.55;652.0;593.92
886;Goioerê;PR;Privada;12;555.72;550.41;539.15;652.28;671.67;593.84
887;Retirolândia;BA;Privada;7;562.41;559.33;510.73;536.49;800.0;593.79
888;Capão da Canoa;RS;Privada;27;576.12;568.72;516.77;612.49;694.81;593.78
889;Penápolis;SP;Privada;80;566.07;573.25;543.4;616.41;669.75;593.78
890;Presidente Venceslau;SP;Privada;27;555.46;540.34;543.93;616.51;712.59;593.77
891;Macaíba;RN;Federal;99;561.41;554.9;536.61;596.24;719.6;593.75
892;Goioerê;PR;Federal;29;564.34;567.28;515.89;602.42;718.62;593.71
893;Garanhuns;PE;Privada;131;559.66;561.59;535.23;595.36;716.64;593.7
894;Horizontina;RS;Privada;34;564.83;549.32;509.24;618.62;726.47;593.69
895;Imbituva;PR;Privada;2;581.7;586.8;558.15;661.55;580.0;593.64
896;Porecatu;PR;Privada;14;567.42;574.19;556.6;636.99;632.86;593.61
897;Eldorado do Sul;RS;Privada;5;562.06;577.32;537.56;638.9;652.0;593.57
898;Rosana;SP;Privada;9;552.01;549.3;526.39;635.61;704.44;593.55
899;Guaraciaba do Norte;CE;Privada;14;545.81;554.45;521.19;589.12;757.14;593.54
900;Biritiba Mirim;SP;Privada;2;572.1;567.35;506.1;572.15;750.0;593.54
901;Chapadão do Sul;MS;Privada;12;558.17;560.52;559.37;627.84;661.67;593.51
902;Bom Jardim;RJ;Privada;23;556.82;565.53;544.62;585.7;714.78;593.49
903;Itaparica;BA;Privada;5;533.92;540.8;539.32;601.18;752.0;593.44
904;Jequié;BA;Federal;59;565.58;559.92;530.51;614.92;695.93;593.37
905;Santa Teresa;ES;Federal;79;557.01;562.14;552.18;605.44;689.37;593.23
906;Esperança;PB;Federal;35;557.55;559.11;527.69;585.22;736.57;593.23
907;Perdões;MG;Privada;19;559.62;563.23;550.35;581.03;711.58;593.16
908;Paraguaçu Paulista;SP;Privada;23;563.84;567.66;525.63;601.54;706.96;593.12
909;Nova Araçá;RS;Privada;4;574.58;577.05;505.33;623.58;685.0;593.1
910;Guarulhos;SP;Privada;867;565.23;562.81;536.26;617.56;683.51;593.07
911;Camboriú;SC;Federal;179;569.53;580.26;542.13;612.14;661.23;593.06
912;Itaituba;PA;Privada;72;538.46;541.95;509.29;588.89;786.67;593.05
913;São Miguel Arcanjo;SP;Privada;1;587.2;571.3;517.5;589.2;700.0;593.04
914;Brejo do Cruz;PB;Privada;12;537.67;540.84;523.22;549.68;813.33;592.95
915;Arari;MA;Privada;5;590.12;558.22;554.38;589.38;672.0;592.82
916;Barracão;PR;Federal;29;557.71;574.15;537.27;598.38;696.55;592.81
917;Regente Feijó;SP;Privada;19;564.46;568.59;530.95;620.89;678.95;592.77
918;Boa Vista;RR;Privada;210;563.87;570.77;532.22;601.4;695.43;592.74
919;Arujá;SP;Privada;46;571.22;556.07;544.94;612.27;678.26;592.55
920;Campina Verde;MG;Privada;4;555.88;563.25;512.58;655.75;675.0;592.49
921;Arapongas;PR;Privada;70;565.55;568.32;549.77;628.12;650.57;592.47
922;Valparaíso de Goiás;GO;Federal;43;564.97;573.45;546.8;607.93;668.37;592.3
923;Presidente Epitácio;SP;Federal;45;557.97;554.0;537.4;602.1;709.33;592.16
924;Itupeva;SP;Privada;59;568.99;564.31;549.96;612.03;665.08;592.08
925;Ouro Preto;MG;Federal;258;553.0;557.82;532.01;596.96;720.31;592.02
926;Eusébio;CE;Privada;13;564.48;581.02;539.43;587.2;687.69;591.96
927;Casimiro de Abreu;RJ;Privada;28;567.58;556.59;540.96;612.36;682.14;591.93
928;Pontal;SP;Privada;11;567.67;565.76;567.62;629.35;629.09;591.9
929;São Pedro da Aldeia;RJ;Privada;33;561.52;577.39;532.86;603.06;683.64;591.69
930;Joaçaba;SC;Privada;51;551.77;561.61;514.47;608.35;721.96;591.63
931;Ampére;PR;Privada;10;559.74;572.48;528.08;599.18;698.0;591.5
932;Eunápolis;BA;Federal;108;566.35;555.14;525.96;594.39;715.56;591.48
933;Manaus;AM;Privada;1379;567.46;561.74;529.46;598.32;700.29;591.45
934;Cuiabá;MT;Federal;433;560.69;560.49;525.85;601.18;708.13;591.27
935;Araripina;PE;Privada;52;535.91;526.53;519.53;591.5;782.31;591.16
936;Arapiraca;AL;Privada;247;553.78;548.78;518.63;609.76;724.78;591.15
937;Itaboraí;RJ;Privada;88;562.34;553.82;518.16;561.77;759.55;591.13
938;Presidente Bernardes;SP;Privada;12;563.46;577.43;547.0;606.03;661.67;591.12
939;Teresina de Goiás;GO;Estadual;1;583.4;644.2;557.9;589.9;580.0;591.08
940;Palmas;TO;Federal;190;561.7;559.86;535.95;609.04;688.53;591.01
941;Anápolis;GO;Federal;67;564.28;572.84;542.83;589.19;685.67;590.96
942;Fazenda Rio Grande;PR;Privada;21;567.8;563.2;559.82;624.97;638.1;590.78
943;Bom Conselho;PE;Privada;9;561.99;535.21;509.88;626.68;720.0;590.75
944;Caçapava do Sul;RS;Privada;10;565.36;557.81;547.96;604.38;678.0;590.7
945;Frederico Westphalen;RS;Federal;85;549.83;558.55;537.91;601.89;705.18;590.67
946;Sertãozinho;SP;Privada;114;558.53;555.97;543.33;593.94;701.58;590.67
947;Itapetininga;SP;Privada;152;567.61;570.03;551.5;624.54;639.21;590.58
948;Andradina;SP;Privada;58;567.39;550.5;533.25;609.63;691.72;590.5
949;Itapipoca;CE;Privada;10;542.78;534.53;505.83;619.26;750.0;590.48
950;Maceió;AL;Federal;409;556.88;551.03;523.55;617.54;703.13;590.43
951;Ituiutaba;MG;Federal;113;560.52;558.67;537.79;600.78;694.34;590.42
952;Barras;PI;Privada;32;547.14;555.14;511.31;569.1;769.38;590.41
953;São Raimundo Nonato;PI;Privada;12;558.98;569.9;512.03;574.1;736.67;590.34
954;Guarabira;PB;Privada;206;545.87;546.49;518.16;575.84;765.05;590.28
955;Palmeira dos Índios;AL;Federal;167;553.96;545.45;517.5;615.19;718.8;590.18
956;Miracema;RJ;Privada;6;575.85;542.87;545.62;569.8;716.67;590.16
957;Bandeirantes;PR;Privada;37;564.15;555.1;534.61;602.89;693.51;590.05
958;Votorantim;SP;Privada;66;572.86;561.7;535.19;614.57;665.45;589.95
959;Araranguá;SC;Federal;52;563.87;563.6;543.41;586.63;691.15;589.73
960;Macaé;RJ;Municipal;110;564.51;558.22;530.93;580.91;714.0;589.71
961;João Pinheiro;MG;Privada;9;534.08;544.36;567.63;589.14;713.33;589.71
962;São José;SC;Federal;80;558.98;576.95;535.35;628.13;648.75;589.63
963;Caldas Novas;GO;Privada;44;556.23;552.64;532.95;595.17;710.91;589.58
964;Itaituba;PA;Municipal;3;564.67;560.43;515.9;560.2;746.67;589.57
965;Uruaçu;GO;Federal;55;549.94;558.08;529.32;621.4;689.09;589.56
966;Vale Real;RS;Estadual;4;575.02;567.2;486.6;623.98;695.0;589.56
967;Ipanguaçu;RN;Federal;112;556.49;561.56;528.95;599.76;700.36;589.43
968;Campos dos Goytacazes;RJ;Federal;257;563.7;560.33;531.59;617.0;674.16;589.36
969;Palmital;SP;Privada;12;538.82;541.84;532.14;607.28;726.67;589.35
970;União da Vitória;PR;Federal;23;571.53;577.2;531.2;606.71;660.0;589.33
971;Campina Grande;PB;Federal;253;555.98;561.67;525.91;587.53;715.34;589.29
972;Guararapes;SP;Privada;38;564.86;558.01;531.4;595.89;696.32;589.29
973;Guarapuava;PR;Privada;159;565.57;564.62;547.81;604.86;662.77;589.13
974;Capivari;SP;Federal;66;565.55;566.75;532.05;609.62;670.91;588.98
975;Floriano;PI;Federal;174;544.55;546.32;523.85;591.65;737.93;588.86
976;Coronel Vivida;PR;Federal;57;560.05;567.76;523.58;603.01;689.82;588.85
977;Martinópolis;SP;Privada;21;556.91;544.8;550.22;635.0;657.14;588.82
978;Avaré;SP;Federal;74;569.1;565.48;528.32;611.1;670.0;588.8
979;Capivari;SP;Privada;18;565.31;585.48;566.39;585.62;641.11;588.78
980;Lençóis Paulista;SP;Privada;70;560.39;554.43;538.57;604.17;686.0;588.71
981;Prados;MG;Estadual;41;545.51;544.84;514.34;625.58;713.17;588.69
982;Iguaí;BA;Privada;6;563.05;582.95;507.17;596.43;693.33;588.59
983;Porto Velho;RO;Privada;312;558.37;559.98;526.43;592.64;705.45;588.57
984;São José;SC;Privada;396;564.62;565.43;538.97;608.13;665.0;588.43
985;Cerquilho;SP;Privada;41;561.84;565.1;528.05;626.52;660.49;588.4
986;Santiago;RS;Privada;31;569.89;566.9;538.56;609.14;657.42;588.38
987;Governador Celso Ramos;SC;Municipal;1;516.2;547.9;521.9;615.2;740.0;588.24
988;Pedro II;PI;Federal;61;546.1;553.16;510.75;576.64;754.43;588.22
989;Nova Petrópolis;RS;Privada;17;556.89;566.79;551.34;602.32;663.53;588.18
990;Santo Amaro;BA;Federal;95;559.72;564.37;528.3;575.63;712.42;588.09
991;Paulistana;PI;Federal;52;522.16;534.54;504.82;580.81;798.08;588.08
992;Ananindeua;PA;Privada;820;549.36;553.01;522.36;567.71;747.83;588.05
993;Novo Hamburgo;RS;Privada;182;566.08;569.19;519.41;595.84;689.56;588.02
994;Concórdia;SC;Federal;140;554.65;566.62;561.19;599.65;658.0;588.02
995;Goiatuba;GO;Privada;9;552.37;542.99;516.12;616.68;711.11;587.85
996;Várzea Paulista;SP;Privada;7;559.73;565.56;549.04;627.31;637.14;587.76
997;Conchas;SP;Privada;9;562.12;545.64;539.41;633.84;657.78;587.76
998;Rio Branco do Sul;PR;Privada;1;557.2;554.8;542.6;644.0;640.0;587.72
999;Cruzeiro;SP;Privada;180;562.9;553.68;528.71;604.28;689.0;587.71
1000;Anta Gorda;RS;Privada;10;555.13;564.28;513.47;591.33;714.0;587.64
1001;Umbaúba;SE;Privada;25;540.72;528.64;521.17;557.03;790.4;587.59
1002;Lins;SP;Privada;80;567.07;555.67;534.62;613.08;667.0;587.49
1003;Luís Eduardo Magalhães;BA;Privada;96;560.33;553.81;528.67;592.05;702.5;587.47
1004;Lajinha;MG;Privada;3;560.37;557.13;496.43;656.77;666.67;587.47
1005;Paracatu;MG;Federal;135;546.86;540.68;526.53;594.85;728.3;587.44
1006;Santa Fé do Sul;SP;Privada;23;547.68;526.57;533.1;636.1;692.17;587.13
1007;Patos;PB;Privada;188;553.35;551.63;528.72;608.78;692.98;587.09
1008;Castanhal;PA;Privada;363;542.35;545.56;519.28;558.36;769.42;586.99
1009;Boa Viagem;CE;Federal;2;561.05;582.0;541.05;640.85;610.0;586.99
1010;Mato Leitão;RS;Estadual;17;556.77;552.26;508.37;618.64;698.82;586.97
1011;Capanema;PR;Privada;4;565.2;569.48;541.98;627.72;630.0;586.88
1012;Cravinhos;SP;Privada;13;562.9;558.98;568.98;651.78;590.77;586.68
1013;Catalão;GO;Privada;246;553.36;552.71;530.66;582.73;713.9;586.67
1014;Baependi;MG;Privada;29;556.7;552.33;542.22;586.19;695.86;586.66
1015;Porteirinha;MG;Privada;6;538.13;562.88;537.5;614.33;680.0;586.57
1016;Araçuaí;MG;Federal;116;550.66;562.8;526.61;601.81;690.52;586.48
1017;Januária;MG;Federal;149;551.3;546.61;530.4;598.74;705.1;586.43
1018;Ilhéus;BA;Federal;119;562.75;560.88;524.25;579.25;704.87;586.4
1019;Itaporanga;PB;Federal;51;549.9;559.35;521.82;575.34;725.49;586.38
1020;Piripiri;PI;Privada;22;561.82;533.55;513.18;545.62;777.27;586.29
1021;Espigão D'Oeste;RO;Privada;11;550.26;571.47;526.48;646.64;636.36;586.24
1022;Colombo;PR;Federal;29;564.97;574.68;522.51;601.37;667.59;586.22
1023;Rio Grande;RS;Privada;125;558.3;558.65;521.92;587.73;704.16;586.15
1024;Dona Francisca;RS;Estadual;10;536.36;555.92;540.95;575.3;722.0;586.11
1025;Videira;SC;Federal;89;562.71;577.95;535.01;619.47;635.06;586.04
1026;Candelária;RS;Privada;29;556.98;562.79;511.21;575.52;723.45;585.99
1027;Oriximiná;PA;Privada;32;545.34;541.02;508.47;555.14;780.0;585.99
1028;Santo Amaro da Imperatriz;SC;Privada;20;568.13;562.63;536.66;591.26;671.0;585.94
1029;Itapema;SC;Privada;38;560.05;555.16;544.77;601.98;667.37;585.87
1030;Santa Vitória;MG;Privada;1;528.0;534.9;460.6;624.7;780.0;585.64
1031;Jatobá do Piauí;PI;Municipal;1;568.6;533.2;488.1;638.2;700.0;585.62
1032;Bambuí;MG;Federal;87;550.35;547.2;532.43;591.84;705.98;585.56
1033;Umuarama;PR;Federal;65;558.63;566.49;544.91;614.04;642.77;585.37
1034;Rio das Ostras;RJ;Municipal;22;569.72;562.62;522.52;590.78;680.91;585.31
1035;Pontal do Paraná;PR;Privada;7;569.63;575.24;551.54;609.36;620.0;585.15
1036;Ibaiti;PR;Privada;12;573.78;573.52;540.48;617.68;620.0;585.09
1037;Matão;SP;Privada;31;555.44;555.83;531.11;616.57;666.45;585.08
1038;Castelo;ES;Privada;22;563.65;572.61;539.76;566.51;682.73;585.05
1039;Conceição do Jacuípe;BA;Privada;27;552.74;549.33;518.21;578.97;725.93;585.04
1040;Parelhas;RN;Federal;82;551.07;541.78;523.04;592.04;717.07;585.0
1041;Esteio;RS;Privada;25;571.06;566.38;525.14;615.82;646.4;584.96
1042;Lucas do Rio Verde;MT;Federal;41;572.1;576.05;559.5;571.03;645.85;584.9
1043;Jacareí;SP;Privada;245;560.28;556.8;531.92;599.14;676.24;584.88
1044;Riachão do Jacuípe;BA;Privada;23;560.26;552.17;513.46;598.21;700.0;584.82
1045;Santa Rosa de Viterbo;SP;Privada;20;559.08;554.29;549.54;584.88;676.0;584.76
1046;Paulínia;SP;Privada;59;557.65;566.88;534.68;606.88;657.63;584.74
1047;Vilhena;RO;Privada;36;561.69;555.24;527.19;619.53;660.0;584.73
1048;Tremembé;SP;Privada;17;559.98;566.85;513.31;545.81;737.65;584.72
1049;Ibitinga;SP;Privada;23;557.2;544.11;537.79;563.18;720.87;584.63
1050;Afogados da Ingazeira;PE;Privada;6;576.75;566.72;506.07;583.45;690.0;584.6
1051;Quissamã;RJ;Federal;46;561.08;562.48;532.37;577.84;689.13;584.58
1052;Campo Limpo Paulista;SP;Privada;59;559.15;547.68;537.58;596.72;681.36;584.5
1053;Santa Rita;PB;Federal;49;545.57;537.28;509.49;569.99;760.0;584.47
1054;São Sebastião;SP;Privada;28;561.5;567.06;536.22;602.45;655.0;584.45
1055;Itararé;SP;Privada;18;554.96;557.68;536.72;615.13;657.78;584.45
1056;Bebedouro;SP;Privada;113;558.59;561.33;532.75;596.81;672.74;584.44
1057;Mirandópolis;SP;Privada;35;562.62;555.34;525.11;614.81;663.43;584.26
1058;Sumaré;SP;Privada;47;558.1;555.36;530.07;630.23;647.23;584.2
1059;Aracati;CE;Federal;31;560.51;536.75;540.53;584.09;698.71;584.12
1060;Jardim de Piranhas;RN;Privada;8;551.06;567.49;526.81;570.04;705.0;584.08
1061;Quatá;SP;Privada;7;563.01;564.4;553.49;572.79;665.71;583.88
1062;São João da Barra;RJ;Federal;20;545.34;504.7;491.34;573.46;804.0;583.77
1063;Embu das Artes;SP;Privada;26;563.6;555.52;533.22;587.25;679.23;583.77
1064;Nacip Raydan;MG;Estadual;7;534.61;531.37;522.79;587.01;742.86;583.73
1065;Escada;PE;Privada;19;538.36;547.95;508.09;586.29;737.89;583.72
1066;Viamão;RS;Privada;104;565.49;573.4;514.58;577.39;687.69;583.71
1067;Nossa Senhora do Socorro;SE;Privada;87;536.48;531.53;490.75;553.39;806.44;583.71
1068;Jataí;GO;Federal;62;552.09;556.52;525.33;596.8;687.74;583.7
1069;Iraceminha;SC;Estadual;12;535.7;540.73;522.06;626.47;693.33;583.66
1070;Conceição;PB;Privada;16;528.58;530.07;502.05;602.1;755.0;583.56
1071;Santa Adélia;SP;Privada;13;553.68;539.05;536.58;649.94;638.46;583.54
1072;Ituporanga;SC;Privada;6;558.85;566.03;553.75;625.42;613.33;583.48
1073;Ibiúna;SP;Privada;44;558.15;548.85;539.8;614.64;655.91;583.47
1074;Japaratuba;SE;Privada;1;480.5;456.0;493.1;547.6;940.0;583.44
1075;Laranjeiras do Sul;PR;Privada;14;558.61;545.09;541.09;610.79;661.43;583.4
1076;Sertão;RS;Federal;57;542.85;546.92;544.73;604.78;677.54;583.36
1077;Angra dos Reis;RJ;Privada;104;560.73;564.48;521.83;601.0;668.65;583.34
1078;Bezerros;PE;Privada;2;616.85;528.4;563.25;548.0;660.0;583.3
1079;Pão de Açúcar;AL;Privada;3;534.87;551.63;551.8;631.2;646.67;583.23
1080;Simões Filho;BA;Federal;111;559.18;553.47;521.13;583.14;698.02;582.99
1081;Porto Seguro;BA;Privada;68;552.06;555.87;524.52;594.79;687.65;582.98
1082;Santo Anastácio;SP;Privada;23;548.69;550.77;512.97;592.86;709.57;582.97
1083;Registro;SP;Privada;92;557.56;553.64;527.68;602.21;673.7;582.96
1084;São Gonçalo;RJ;Privada;751;554.59;552.84;517.76;579.56;710.01;582.95
1085;Pitangueiras;SP;Privada;12;555.0;549.12;513.65;606.9;690.0;582.94
1086;Juquiá;SP;Privada;6;552.65;574.87;528.13;644.95;613.33;582.79
1087;Igaraçu do Tietê;SP;Privada;16;572.49;567.06;520.66;606.16;647.5;582.77
1088;Ruy Barbosa;BA;Privada;14;550.34;562.71;530.47;599.68;670.0;582.64
1089;Lima Duarte;MG;Privada;7;546.77;554.81;543.39;645.0;622.86;582.57
1090;Araucária;PR;Privada;99;559.93;561.46;535.66;604.47;650.71;582.44
1091;Santo Expedito do Sul;RS;Estadual;3;550.47;497.33;489.53;581.3;793.33;582.39
1092;Hortolândia;SP;Privada;209;555.24;549.34;520.86;590.08;696.17;582.34
1093;Itapira;SP;Privada;66;558.29;548.21;528.8;597.16;679.09;582.31
1094;Salinópolis;PA;Privada;17;545.25;541.54;535.95;577.93;710.59;582.25
1095;Areia;PB;Privada;14;553.17;556.05;510.47;562.93;728.57;582.24
1096;Navegantes;SC;Privada;24;560.84;569.99;531.8;586.02;662.5;582.23
1097;Vazante;MG;Privada;16;540.46;545.64;515.04;594.77;715.0;582.18
1098;Tupã;SP;Federal;53;556.24;557.49;520.64;595.3;681.13;582.16
1099;Itajaí;SC;Federal;51;559.03;550.62;527.16;597.39;675.69;581.98
1100;Itamaraju;BA;Privada;16;529.72;541.68;506.84;602.6;728.75;581.92
1101;Pirapozinho;SP;Privada;11;562.45;554.53;545.45;617.71;629.09;581.85
1102;Dois Vizinhos;PR;Privada;40;558.69;547.93;527.94;612.69;662.0;581.85
1103;Tupã;SP;Privada;20;556.4;573.4;550.6;582.81;646.0;581.84
1104;São José dos Pinhais;PR;Privada;189;567.93;565.25;530.75;601.95;642.86;581.75
1105;Bonito;MS;Privada;6;557.63;514.53;512.32;564.22;760.0;581.74
1106;Maceió;AL;Privada;1760;549.87;545.01;513.82;590.32;709.51;581.71
1107;Camboriú;SC;Privada;18;567.31;564.05;543.85;579.64;653.33;581.64
1108;São Bento do Sul;SC;Federal;74;568.12;572.83;535.89;593.55;637.84;581.64
1109;Gaspar;SC;Privada;15;553.4;535.27;543.65;620.51;654.67;581.5
1110;Macapá;AP;Privada;437;559.98;554.45;512.23;558.55;722.24;581.49
1111;Coruripe;AL;Federal;64;538.05;534.4;508.26;596.6;730.0;581.46
1112;Santa Maria de Jetibá;ES;Federal;89;552.87;556.21;516.98;600.22;680.9;581.44
1113;Assis Chateaubriand;PR;Federal;50;556.6;555.34;538.85;620.52;635.6;581.38
1114;Blumenau;SC;Municipal;101;563.5;572.58;540.34;607.83;622.18;581.29
1115;São Manuel;SP;Privada;22;550.83;548.58;539.45;592.05;674.55;581.09
1116;Cariacica;ES;Privada;136;554.91;555.48;522.62;594.22;677.5;580.95
1117;Planaltina;GO;Privada;16;567.33;555.72;538.7;582.63;660.0;580.88
1118;Bom Jesus de Goiás;GO;Privada;1;531.3;551.3;503.1;738.5;580.0;580.84
1119;Sinop;MT;Federal;47;560.05;558.73;529.61;596.9;658.72;580.8
1120;Orleans;SC;Privada;18;546.29;566.86;541.21;597.52;651.11;580.6
1121;Gaspar;SC;Federal;66;562.94;568.56;532.75;612.03;626.36;580.53
1122;Castro;PR;Privada;40;560.86;570.12;546.09;616.4;609.0;580.49
1123;Visconde do Rio Branco;MG;Municipal;96;537.54;548.48;523.01;595.77;697.29;580.42
1124;Ilhabela;SP;Privada;14;572.49;564.94;533.74;593.63;637.14;580.39
1125;Três Lagoas;MS;Federal;69;551.14;541.11;512.49;599.32;697.68;580.35
1126;Araci;BA;Privada;18;535.42;549.07;504.15;575.32;737.78;580.35
1127;Mãe do Rio;PA;Privada;10;525.24;521.74;523.92;560.73;770.0;580.33
1128;Barracão;PR;Privada;2;549.5;554.3;558.75;668.9;570.0;580.29
1129;Ibirama;SC;Federal;70;565.59;570.93;527.54;606.55;630.57;580.23
1130;Rio Pardo;RS;Privada;11;583.01;577.82;519.73;613.0;607.27;580.17
1131;Igarapé-Açu;PA;Privada;37;527.55;531.48;505.45;524.36;811.89;580.15
1132;Jaciara;MT;Privada;20;547.92;562.14;527.94;594.5;668.0;580.1
1133;Urubici;SC;Privada;6;567.62;589.82;515.0;627.68;600.0;580.02
1134;Serro;MG;Privada;2;562.75;514.55;481.85;650.6;690.0;579.95
1135;Paraty;RJ;Privada;15;546.02;563.28;527.27;601.6;661.33;579.9
1136;Areado;MG;Privada;12;543.79;558.63;528.01;585.67;683.33;579.89
1137;Jaguarão;RS;Federal;11;551.75;559.72;526.15;613.53;647.27;579.68
1138;Salinas;MG;Federal;137;542.36;541.37;514.86;591.98;707.74;579.66
1139;Rio Negro;PR;Privada;92;565.71;570.05;526.43;600.85;634.78;579.56
1140;Alvorada;RS;Privada;20;566.07;544.89;516.02;603.4;667.0;579.48
1141;Inconfidentes;MG;Federal;117;556.48;552.93;527.34;591.86;668.03;579.33
1142;São Mateus do Sul;PR;Privada;10;553.49;550.67;551.36;623.13;618.0;579.33
1143;Canelinha;SC;Privada;9;564.29;571.87;520.2;584.03;655.56;579.19
1144;Itapecerica da Serra;SP;Privada;75;563.58;561.4;533.99;610.12;626.67;579.15
1145;Vila Flores;RS;Estadual;5;546.38;564.22;506.04;598.52;680.0;579.03
1146;Belo Jardim;PE;Privada;54;547.05;544.82;511.83;581.23;708.52;578.69
1147;Brejo Santo;CE;Privada;54;539.91;545.71;521.64;580.67;705.19;578.62
1148;Jaguariaíva;PR;Federal;17;561.62;562.66;552.6;600.86;615.29;578.61
1149;Santa Cruz do Capibaribe;PE;Privada;50;541.55;536.66;514.59;598.47;701.6;578.57
1150;Caçapava;SP;Privada;52;565.54;544.57;512.68;578.55;691.54;578.57
1151;Iguaba Grande;RJ;Privada;9;573.36;556.61;550.17;579.33;633.33;578.56
1152;Coroatá;MA;Privada;31;538.11;534.0;501.07;551.47;767.74;578.48
1153;Guanambi;BA;Federal;94;547.78;544.37;522.65;583.14;694.26;578.44
1154;Canguaretama;RN;Federal;120;556.65;549.28;507.01;571.47;707.5;578.38
1155;Florestal;MG;Estadual;117;550.05;552.34;543.64;588.69;656.58;578.26
1156;São Simão;SP;Privada;5;579.6;523.82;522.52;653.24;612.0;578.24
1157;Duartina;SP;Privada;9;540.53;550.58;557.03;587.49;655.56;578.24
1158;Araguaína;TO;Federal;90;560.23;552.19;521.62;564.76;692.22;578.2
1159;Itaquaquecetuba;SP;Privada;26;554.89;559.8;538.5;607.43;630.0;578.13
1160;Posse;GO;Privada;13;549.68;550.85;526.38;579.08;684.62;578.12
1161;Taquarituba;SP;Privada;16;565.19;562.41;565.09;644.99;552.5;578.04
1162;Caraguatatuba;SP;Privada;35;564.03;538.75;541.26;582.99;662.86;577.98
1163;Rondonópolis;MT;Federal;78;556.33;552.65;521.76;570.97;688.21;577.98
1164;Parnaíba;PI;Privada;241;544.0;533.11;511.71;565.48;735.35;577.93
1165;Coromandel;MG;Privada;9;555.98;521.03;503.26;575.86;733.33;577.89
1166;Conselheiro Pena;MG;Privada;10;554.48;521.08;471.88;587.66;754.0;577.82
1167;Remanso;BA;Privada;18;545.06;559.29;532.11;596.98;655.56;577.8
1168;Posse;GO;Municipal;43;551.05;545.93;513.64;591.19;686.98;577.76
1169;Campo Novo do Parecis;MT;Federal;52;540.5;526.68;517.59;562.88;741.15;577.76
1170;Getúlio Vargas;RS;Privada;12;568.73;548.09;498.54;568.26;705.0;577.72
1171;Brasília;DF;Federal;486;563.86;560.4;528.27;590.18;645.72;577.68
1172;Trindade;GO;Privada;41;541.07;546.44;516.85;571.25;712.68;577.66
1173;Cordeiro;RJ;Privada;19;535.75;550.86;524.86;594.73;682.11;577.66
1174;Abaetetuba;PA;Privada;102;529.62;530.38;511.54;529.09;787.45;577.62
1175;Ceará-Mirim;RN;Federal;114;561.05;550.98;517.04;582.74;675.79;577.52
1176;Januária;MG;Privada;10;566.23;584.65;532.57;567.34;636.0;577.36
1177;Primavera do Leste;MT;Privada;30;541.03;548.98;529.67;595.39;671.33;577.28
1178;Tabaí;RS;Estadual;11;558.4;547.12;492.54;609.86;678.18;577.22
1179;Porto Velho;RO;Federal;336;553.1;542.31;509.31;572.84;707.98;577.11
1180;Itamonte;MG;Privada;10;560.32;565.18;520.71;581.23;658.0;577.09
1181;Mauá;SP;Privada;244;562.57;555.22;519.59;595.98;651.89;577.05
1182;Jacarezinho;PR;Privada;33;565.67;558.75;534.0;585.17;641.21;576.96
1183;Macapá;AP;Federal;134;557.07;552.57;527.01;570.63;677.01;576.86
1184;Cachoeira da Prata;MG;Estadual;15;532.37;532.84;517.04;587.18;714.67;576.82
1185;Ingá;PB;Privada;26;527.93;528.47;504.93;558.63;763.85;576.76
1186;Nova Serrana;MG;Privada;22;548.52;523.7;513.55;606.1;691.82;576.74
1187;Campo Formoso;BA;Privada;12;540.9;558.3;525.22;595.5;663.33;576.65
1188;Catolé do Rocha;PB;Federal;60;541.26;532.26;514.38;575.3;719.0;576.44
1189;Promissão;SP;Privada;36;547.96;550.99;541.8;596.29;644.44;576.3
1190;Timbaúba;PE;Privada;24;543.35;539.88;518.89;586.24;692.5;576.17
1191;Mirassol d'Oeste;MT;Privada;8;557.17;545.72;517.62;590.05;670.0;576.12
1192;Uruçuí;PI;Municipal;1;551.4;571.2;571.4;606.4;580.0;576.08
1193;Açailândia;MA;Federal;152;552.26;546.67;516.82;556.1;707.63;575.9
1194;João Câmara;RN;Federal;110;555.09;539.87;514.12;582.22;688.18;575.9
1195;Caçador;SC;Federal;54;556.83;553.49;514.62;582.0;672.22;575.83
1196;Jacundá;PA;Privada;37;544.23;540.75;511.54;555.22;727.03;575.76
1197;Bagé;RS;Privada;82;559.37;550.8;522.85;583.66;661.95;575.73
1198;Princesa;SC;Estadual;5;535.44;542.06;516.1;596.98;688.0;575.72
1199;Porto Nacional;TO;Privada;20;541.84;540.19;504.56;579.78;712.0;575.67
1200;Nova Palma;RS;Estadual;36;533.88;532.23;505.48;569.98;736.67;575.65
1201;Rio do Sul;SC;Federal;89;540.89;549.18;536.86;610.08;640.9;575.58
1202;Jaboatão dos Guararapes;PE;Privada;394;550.77;543.8;515.63;580.69;686.85;575.55
1203;Taquara;RS;Privada;56;558.04;550.48;518.16;592.16;658.93;575.55
1204;Euclides da Cunha;BA;Privada;32;543.26;538.13;485.43;539.62;771.25;575.54
1205;Santos Dumont;MG;Federal;45;557.87;557.88;508.12;596.8;656.89;575.51
1206;Carpina;PE;Privada;55;537.04;520.24;506.01;566.21;748.0;575.5
1207;Paracambi;RJ;Privada;12;559.84;539.49;514.68;551.73;711.67;575.48
1208;Formosa;GO;Privada;76;553.6;553.74;522.53;582.05;665.26;575.44
1209;Biguaçu;SC;Municipal;1;564.7;522.8;484.8;484.7;820.0;575.4
1210;Cândido Godói;RS;Estadual;26;533.88;529.8;505.76;544.38;763.08;575.38
1211;Salvador das Missões;RS;Estadual;12;541.79;525.63;525.72;609.87;673.33;575.27
1212;São Domingos do Maranhão;MA;Privada;7;547.71;493.54;514.69;600.21;720.0;575.23
1213;Maranguape;CE;Privada;55;542.49;540.6;505.25;550.72;736.36;575.09
1214;Sapucaia do Sul;RS;Federal;100;565.71;559.14;510.26;589.5;650.6;575.04
1215;Ipu;CE;Privada;17;527.34;528.74;499.49;551.29;768.24;575.02
1216;Charqueadas;RS;Federal;57;564.91;550.68;512.56;617.57;629.12;574.97
1217;Lajedo;PE;Privada;38;545.75;546.86;493.59;550.07;738.42;574.94
1218;Alumínio;SP;Privada;24;567.34;559.08;505.77;590.5;651.67;574.87
1219;Avanhandava;SP;Privada;10;544.54;545.15;516.19;576.32;692.0;574.84
1220;Mairinque;SP;Privada;20;556.82;566.14;534.38;575.83;641.0;574.83
1221;Senhora de Oliveira;MG;Estadual;18;537.58;546.29;526.14;609.64;654.44;574.82
1222;Estância;SE;Privada;69;544.28;554.41;502.91;584.05;688.41;574.81
1223;Mamanguape;PB;Privada;56;540.58;531.63;503.05;588.56;709.64;574.69
1224;Paranaíba;MS;Privada;27;550.4;532.31;530.94;575.9;682.96;574.51
1225;Itinga do Maranhão;MA;Privada;1;504.6;566.0;592.1;489.7;720.0;574.48
1226;Biguaçu;SC;Privada;39;547.51;542.84;498.52;587.0;696.41;574.46
1227;Santana de Parnaíba;SP;Estadual;151;571.51;563.4;512.2;590.69;633.91;574.34
1228;Rolim de Moura;RO;Privada;10;548.84;532.03;506.65;596.08;688.0;574.32
1229;Guarantã do Norte;MT;Federal;41;545.76;551.83;525.5;590.79;657.56;574.29
1230;Paulo Bento;RS;Estadual;4;552.22;571.22;534.05;603.58;610.0;574.22
1231;Serafina Corrêa;RS;Estadual;47;541.06;547.2;519.92;592.37;670.21;574.15
1232;Santa Izabel do Pará;PA;Privada;70;535.91;537.22;499.07;548.55;749.71;574.09
1233;Ivorá;RS;Estadual;9;527.61;531.03;494.92;581.22;735.56;574.07
1234;Xique-Xique;BA;Privada;11;534.06;542.23;511.09;560.93;721.82;574.03
1235;Pinhão;PR;Privada;3;567.67;546.6;509.67;599.5;646.67;574.02
1236;Picuí;PB;Federal;120;536.03;533.74;506.03;567.06;727.17;574.01
1237;Jaborá;SC;Estadual;22;558.25;551.5;505.4;563.19;690.91;573.85
1238;Cacoal;RO;Federal;135;549.56;548.14;520.88;592.95;657.33;573.77
1239;Guiricema;MG;Estadual;33;534.51;533.48;510.85;585.21;704.24;573.66
1240;Camacan;BA;Privada;18;537.22;531.82;518.94;573.62;706.67;573.65
1241;Piancó;PB;Privada;30;532.42;529.32;503.01;552.41;750.67;573.56
1242;Nova Andradina;MS;Privada;15;556.18;545.79;522.97;569.37;673.33;573.53
1243;Picos;PI;Federal;99;544.46;535.34;505.22;574.88;707.68;573.52
1244;Monte Alto;SP;Privada;61;541.89;540.01;520.7;576.16;688.52;573.46
1245;Coaraci;BA;Privada;15;550.48;532.08;513.19;560.5;710.67;573.38
1246;Tambaú;SP;Privada;17;562.34;549.19;513.58;559.96;681.18;573.25
1247;Peruíbe;SP;Privada;43;561.95;549.43;528.66;607.08;619.07;573.24
1248;Venâncio Aires;RS;Federal;45;565.51;563.41;511.41;581.5;644.0;573.17
1249;Santa Cruz;RN;Federal;133;552.17;548.71;521.29;574.93;668.72;573.16
1250;Rio Largo;AL;Privada;40;545.19;524.17;492.19;566.42;737.5;573.09
1251;Senador Canedo;GO;Federal;47;558.25;545.68;516.59;560.96;683.83;573.06
1252;Cajamar;SP;Privada;30;553.24;542.71;488.99;592.72;687.33;573.0
1253;Esplanada;BA;Privada;9;541.4;535.4;496.08;565.27;726.67;572.96
1254;São João de Meriti;RJ;Privada;277;548.1;542.15;504.7;568.05;700.29;572.66
1255;Delmiro Gouveia;AL;Privada;24;560.42;538.96;516.21;557.68;690.0;572.65
1256;Sant'Ana do Livramento;RS;Federal;31;555.09;544.61;513.09;603.99;646.45;572.65
1257;Corumbá;MS;Federal;71;558.4;555.84;520.67;591.43;636.9;572.65
1258;Aparecida de Goiânia;GO;Privada;335;544.41;545.85;521.89;564.79;686.03;572.59
1259;São Roque;SP;Privada;98;557.45;541.06;518.91;597.58;647.96;572.59
1260;Praia Grande;SP;Privada;205;556.7;551.32;520.52;586.96;647.41;572.58
1261;Marataízes;ES;Privada;5;552.84;565.7;547.56;524.58;672.0;572.54
1262;Abadiânia;GO;Privada;55;545.96;530.34;485.39;579.87;721.09;572.53
1263;Bagé;RS;Federal;53;568.4;548.25;528.43;589.57;627.92;572.52
1264;Itabaianinha;SE;Privada;26;526.12;520.45;498.35;512.88;804.62;572.48
1265;Euclides da Cunha;BA;Federal;23;545.56;529.23;493.39;565.36;728.7;572.45
1266;Paranavaí;PR;Federal;59;551.9;543.67;526.41;569.37;670.85;572.44
1267;Guaraí;TO;Privada;2;532.0;463.2;534.6;562.15;770.0;572.39
1268;Caieiras;SP;Privada;60;560.69;551.89;521.72;590.66;636.67;572.33
1269;Tapurah;MT;Privada;7;539.44;540.56;513.59;582.01;685.71;572.26
1270;Canaã dos Carajás;PA;Privada;101;543.89;540.96;517.88;567.77;690.5;572.2
1271;Porangatu;GO;Privada;14;546.69;534.65;505.44;589.85;684.29;572.18
1272;Maracaí;SP;Privada;1;515.7;551.8;510.6;702.5;580.0;572.12
1273;Ouro Fino;MG;Privada;27;538.3;534.0;513.25;605.37;669.63;572.11
1274;Parauapebas;PA;Federal;56;547.48;543.08;511.85;569.51;688.57;572.1
1275;Campina Grande do Sul;PR;Privada;12;560.07;549.02;515.12;587.78;648.33;572.06
1276;Santo Antônio da Platina;PR;Privada;31;555.14;550.14;509.73;583.25;661.94;572.04
1277;Apiaí;SP;Privada;7;557.43;545.87;544.13;567.03;645.71;572.03
1278;Apucarana;PR;Privada;95;558.03;554.65;533.11;608.82;605.47;572.02
1279;São Paulo do Potengi;RN;Federal;110;545.28;532.58;526.82;568.44;686.73;571.97
1280;Caucaia;CE;Federal;92;550.2;541.85;525.4;593.51;648.04;571.8
1281;Encantado;RS;Estadual;58;538.98;535.47;492.1;565.45;726.9;571.78
1282;Ceres;GO;Federal;171;542.31;535.53;510.4;572.13;698.25;571.72
1283;Porto Franco;MA;Federal;24;523.16;536.43;491.09;560.28;747.5;571.69
1284;Governador Mangabeira;BA;Privada;8;556.35;567.58;523.41;556.0;655.0;571.67
1285;Jardim;MS;Federal;50;556.47;542.47;505.61;577.29;675.6;571.49
1286;Coronel Xavier Chaves;MG;Estadual;18;551.72;535.09;485.57;577.08;707.78;571.45
1287;Sorriso;MT;Federal;75;543.11;555.46;525.09;574.06;659.47;571.44
1288;Santa Inês;MA;Privada;53;533.1;534.52;498.27;556.33;734.72;571.39
1289;São Valério;TO;Estadual;1;517.2;551.2;513.3;535.2;740.0;571.38
1290;Paulista;PE;Privada;380;547.29;540.38;510.64;575.41;683.16;571.37
1291;Iturama;MG;Privada;22;550.63;529.54;535.6;569.99;670.91;571.33
1292;Lagarto;SE;Federal;75;544.85;544.19;504.76;578.71;683.73;571.25
1293;Ouricuri;PE;Privada;2;549.2;534.95;559.5;622.25;590.0;571.18
1294;Ilópolis;RS;Estadual;10;559.13;571.03;495.5;606.18;624.0;571.17
1295;Jacarezinho;PR;Federal;53;559.72;549.64;520.84;581.87;643.77;571.17
1296;Pedreiras;MA;Federal;59;532.47;538.51;500.43;550.77;733.56;571.15
1297;Patos;PB;Federal;153;550.13;537.41;522.46;584.4;661.18;571.12
1298;Nova Boa Vista;RS;Estadual;21;546.91;556.98;495.65;591.2;664.76;571.1
1299;São Joaquim;SC;Privada;4;567.8;568.7;537.85;600.92;580.0;571.06
1300;Ipuã;SP;Privada;17;539.76;545.71;527.21;584.66;657.65;571.0
1301;Acreúna;GO;Privada;1;553.7;529.8;483.2;688.0;600.0;570.94
1302;Piranguinho;MG;Privada;3;572.93;538.17;574.67;535.4;633.33;570.9
1303;Guaratuba;PR;Privada;14;551.47;536.79;515.61;590.51;660.0;570.88
1304;Bom Jesus do Itabapoana;RJ;Federal;142;541.63;540.6;512.59;580.56;678.87;570.85
1305;Sete de Setembro;RS;Estadual;5;553.44;569.74;520.58;537.92;672.0;570.74
1306;São Francisco de Itabapoana;RJ;Privada;2;540.0;570.15;511.85;571.65;660.0;570.73
1307;Cabo de Santo Agostinho;PE;Privada;110;546.75;546.03;513.41;580.2;667.27;570.73
1308;Tangará da Serra;MT;Federal;98;545.51;543.19;506.42;556.14;702.24;570.7
1309;Santana do Ipanema;AL;Federal;51;545.75;542.86;516.91;573.33;674.51;570.67
1310;Fraiburgo;SC;Federal;55;559.23;556.57;511.52;583.39;642.55;570.65
1311;Diadema;SP;Privada;205;553.47;539.56;508.44;579.11;672.49;570.61
1312;Manfrinópolis;PR;Estadual;6;548.08;538.87;517.02;565.32;683.33;570.52
1313;Campos Belos;GO;Federal;49;534.47;544.04;511.64;556.73;705.71;570.52
1314;Gurupi;TO;Privada;39;551.89;542.48;520.07;591.19;646.67;570.46
1315;Cachoeira;BA;Privada;73;544.04;538.28;496.03;543.91;729.86;570.42
1316;Jeremoabo;BA;Privada;16;551.93;544.41;503.56;573.28;678.75;570.38
1317;Dourados;MS;Federal;89;554.44;547.17;514.27;578.91;657.08;570.37
1318;Itapororoca;PB;Privada;16;535.86;538.52;495.52;575.19;706.25;570.27
1319;Santa Maria;RS;Municipal;1;561.6;550.8;497.3;521.6;720.0;570.26
1320;Cocal dos Alves;PI;Estadual;47;538.1;540.17;506.86;591.81;673.62;570.11
1321;Vitória de Santo Antão;PE;Federal;108;547.55;538.38;513.0;562.34;689.26;570.1
1322;São Benedito;CE;Municipal;2;495.35;552.95;523.5;558.5;720.0;570.06
1323;Miracema;RJ;Municipal;2;510.15;536.8;538.65;424.2;840.0;569.96
1324;Sapezal;MT;Privada;4;571.05;511.2;550.88;546.5;670.0;569.92
1325;Parnaíba;PI;Federal;76;548.16;526.1;509.31;565.09;700.79;569.89
1326;Ibarama;RS;Estadual;25;527.57;536.14;484.42;542.02;758.4;569.71
1327;Queimados;RJ;Privada;69;548.73;527.45;506.31;572.69;693.04;569.64
1328;Júlio de Castilhos;RS;Federal;56;538.1;544.17;520.37;596.65;648.93;569.64
1329;Paulo Afonso;BA;Federal;84;556.59;538.52;513.52;572.22;667.14;569.6
1330;Açu;RN;Privada;109;528.36;524.84;502.76;550.58;741.47;569.6
1331;Cambuci;RJ;Federal;28;539.36;557.37;527.81;543.97;679.29;569.56
1332;Barra Bonita;SP;Privada;49;547.94;544.72;526.28;607.58;621.22;569.55
1333;Mandaguaçu;PR;Privada;13;534.82;519.26;509.67;596.28;687.69;569.54
1334;Guarabira;PB;Federal;95;538.84;531.8;502.16;579.13;695.79;569.54
1335;Presidente Epitácio;SP;Privada;24;535.99;518.91;489.54;569.93;732.5;569.37
1336;São Vicente do Sul;RS;Federal;184;540.18;551.14;511.55;580.23;663.59;569.34
1337;Canoinhas;SC;Federal;54;556.27;544.14;517.44;568.43;660.37;569.33
1338;Ponta Porã;MS;Privada;33;542.81;538.35;499.0;582.71;683.64;569.3
1339;Alvorada do Sul;PR;Privada;4;555.98;550.88;514.17;590.12;635.0;569.23
1340;Arcoverde;PE;Privada;72;539.2;538.1;506.92;576.59;685.28;569.22
1341;Boa Vista;RR;Federal;172;550.82;550.48;517.61;573.36;653.49;569.15
1342;Ipira;SC;Estadual;15;522.43;526.25;499.92;606.17;690.67;569.09
1343;Santa Teresa;ES;Estadual;92;533.78;539.79;497.54;564.03;710.22;569.07
1344;Rio Branco;AC;Federal;158;543.64;528.76;506.62;564.17;702.15;569.07
1345;Viradouro;SP;Privada;15;552.33;541.95;532.17;629.47;589.33;569.05
1346;Santa Rosa do Sul;SC;Federal;101;543.61;550.24;530.74;563.37;657.03;569.0
1347;São Caetano do Sul;SP;Municipal;265;566.92;555.73;512.21;589.1;620.91;568.97
1348;São Miguel dos Campos;AL;Privada;48;532.99;524.06;499.39;568.79;719.17;568.88
1349;Bananeiras;PB;Privada;7;537.44;537.79;482.49;535.23;751.43;568.87
1350;Sapiranga;RS;Privada;25;565.46;549.07;502.12;590.51;636.8;568.79
1351;Nilópolis;RJ;Privada;205;553.24;548.86;506.49;567.22;668.0;568.76
1352;Santaluz;BA;Privada;16;536.56;537.39;497.48;588.46;683.75;568.73
1353;Capitão de Campos;PI;Privada;43;528.93;531.63;488.35;561.17;733.49;568.71
1354;Pirapora;MG;Privada;10;552.78;536.85;532.77;594.76;626.0;568.63
1355;Santo Antônio do Tauá;PA;Privada;17;541.76;532.62;508.51;520.9;738.82;568.52
1356;Monteiro;PB;Federal;80;545.29;541.12;516.23;556.66;683.0;568.46
1357;Pinhal Grande;RS;Estadual;12;545.86;568.62;507.72;570.1;650.0;568.46
1358;São Gabriel;RS;Privada;13;569.53;558.69;517.25;575.28;621.54;568.46
1359;Valparaíso;SP;Privada;6;521.57;533.97;496.32;556.7;733.33;568.38
1360;Petrolina;PE;Federal;139;548.5;534.78;525.53;579.08;653.96;568.37
1361;Almeirim;PA;Privada;14;568.99;544.76;527.03;542.44;658.57;568.36
1362;Cafelândia;PR;Privada;2;551.15;528.55;473.85;568.2;720.0;568.35
1363;Cabreúva;SP;Privada;8;559.26;557.7;532.21;594.86;597.5;568.31
1364;Sairé;PE;Privada;26;531.04;549.56;509.63;577.43;673.85;568.3
1365;Japaraíba;MG;Estadual;18;536.08;521.3;483.17;569.77;731.11;568.29
1366;São Bento;PB;Privada;5;536.24;507.08;511.34;594.36;692.0;568.2
1367;Balneário Piçarras;SC;Privada;18;558.5;548.92;529.71;566.01;637.78;568.18
1368;São Francisco do Sul;SC;Federal;85;560.04;546.34;519.23;585.61;629.18;568.08
1369;Maracanaú;CE;Privada;67;544.99;539.81;502.67;558.05;694.63;568.03
1370;São Gonçalo do Rio Abaixo;MG;Estadual;41;547.65;542.14;510.81;571.26;667.8;567.93
1371;Nova Iguaçu;RJ;Privada;563;548.82;536.65;508.42;567.57;678.19;567.93
1372;Dois Irmãos;RS;Estadual;71;555.81;531.7;492.55;581.4;677.46;567.78
1373;Santo Cristo;RS;Estadual;58;546.93;545.41;505.38;583.45;657.59;567.75
1374;Goianésia;GO;Privada;14;549.26;537.82;514.14;579.79;657.14;567.63
1375;Santarém;PA;Federal;98;549.38;542.59;512.9;547.94;685.31;567.62
1376;Tupã;SP;Estadual;191;546.06;537.45;507.75;572.38;673.93;567.51
1377;São Felipe;BA;Privada;10;533.37;529.07;496.43;546.61;732.0;567.5
1378;Pesqueira;PE;Federal;79;552.09;520.45;502.92;577.42;684.3;567.44
1379;Tianguá;CE;Privada;49;530.01;531.58;516.0;586.11;673.47;567.43
1380;Correntina;BA;Privada;12;537.05;547.28;534.54;588.08;630.0;567.39
1381;Igarassu;PE;Privada;59;546.44;550.1;512.98;563.98;663.39;567.38
1382;Passa e Fica;RN;Privada;19;537.45;564.02;494.49;573.97;666.32;567.25
1383;União;PI;Privada;24;539.89;530.1;497.01;528.35;740.83;567.24
1384;Aracati;CE;Privada;110;551.16;543.13;495.51;579.63;666.73;567.23
1385;Pedralva;MG;Privada;3;516.2;484.4;543.7;637.93;653.33;567.11
1386;Volta Redonda;RJ;Municipal;138;548.24;539.24;509.06;570.97;667.39;566.98
1387;Palmeira d'Oeste;SP;Privada;2;560.6;556.55;499.2;598.25;620.0;566.92
1388;Alto Feliz;RS;Estadual;9;548.58;545.72;476.4;588.28;675.56;566.91
1389;Ibicaraí;BA;Privada;7;532.1;544.91;518.27;558.89;680.0;566.83
1390;Victor Graeff;RS;Estadual;10;551.03;537.53;513.16;581.97;650.0;566.74
1391;Barretos;SP;Federal;91;542.06;538.83;520.62;558.01;673.85;566.67
1392;Bom Jesus do Itabapoana;RJ;Privada;10;553.62;497.5;496.88;575.16;710.0;566.63
1393;Cupira;PE;Privada;1;546.2;539.3;451.3;556.1;740.0;566.58
1394;Gravatá;PE;Privada;40;548.54;538.24;498.59;573.48;674.0;566.57
1395;Cambé;PR;Privada;36;544.53;544.51;525.5;586.04;632.22;566.56
1396;Ariquemes;RO;Privada;6;573.63;568.88;483.82;569.7;636.67;566.54
1397;Crateús;CE;Federal;8;527.96;530.31;518.4;560.98;695.0;566.53
1398;Presidente Lucena;RS;Estadual;6;547.27;545.13;488.92;591.23;660.0;566.51
1399;Acaraú;CE;Privada;12;526.53;523.89;470.38;546.28;765.0;566.42
1400;Duque de Caxias;RJ;Privada;473;549.86;540.58;504.73;560.97;675.56;566.34
1401;Treze de Maio;SC;Estadual;37;535.99;536.82;482.09;552.47;724.32;566.34
1402;Campina das Missões;RS;Estadual;30;541.68;556.8;506.34;571.43;655.33;566.32
1403;Tailândia;PA;Privada;18;533.32;510.27;503.79;558.58;725.56;566.3
1404;Itamarati de Minas;MG;Estadual;6;517.85;501.53;462.67;604.92;743.33;566.06
1405;Caxias;MA;Privada;47;532.26;534.94;515.71;579.09;668.09;566.02
1406;Catalão;GO;Federal;44;545.98;533.31;510.86;584.9;655.0;566.01
1407;Ramilândia;PR;Estadual;6;554.87;557.2;512.47;575.47;630.0;566.0
1408;Santo Ângelo;RS;Federal;73;550.27;555.66;522.88;574.05;626.85;565.94
1409;Lago da Pedra;MA;Privada;44;521.28;535.41;483.73;545.55;743.64;565.92
1410;Presidente Nereu;SC;Estadual;8;542.19;540.29;499.1;554.66;692.5;565.75
1411;Rio Real;BA;Privada;30;538.95;529.62;512.5;538.29;709.33;565.74
1412;Senador Firmino;MG;Estadual;41;538.14;540.44;506.07;593.3;650.73;565.74
1413;Conceição das Alagoas;MG;Privada;9;554.59;534.17;538.8;547.7;653.33;565.72
1414;Itabaiana;PB;Privada;59;525.96;534.87;497.58;543.98;726.1;565.7
1415;Ivaiporã;PR;Privada;54;550.27;542.17;523.11;566.46;645.93;565.59
1416;Romelândia;SC;Estadual;18;536.01;536.35;508.77;570.04;676.67;565.57
1417;Ajuricaba;RS;Estadual;22;533.73;517.4;492.54;545.04;739.09;565.56
1418;Ji-Paraná;RO;Federal;134;541.53;532.88;513.68;568.88;670.75;565.54
1419;Piratininga;SP;Privada;5;522.18;546.5;543.5;578.58;636.0;565.35
1420;Cajazeiras;PB;Privada;45;528.8;525.66;489.89;571.76;710.22;565.27
1421;Pitanga;PR;Federal;21;544.97;558.15;525.08;548.38;649.52;565.22
1422;Juazeiro;BA;Privada;107;533.52;541.04;496.35;561.16;693.83;565.18
1423;São Luís;MA;Federal;558;548.14;542.47;506.28;551.36;677.24;565.1
1424;Aparecida do Taboado;MS;Privada;19;544.82;530.12;527.61;568.29;653.68;564.9
1425;Murici;AL;Federal;50;547.27;540.43;511.48;569.79;655.2;564.83
1426;Franco da Rocha;SP;Privada;14;541.46;533.2;520.91;572.81;655.71;564.82
1427;Nobres;MT;Privada;9;536.81;530.38;495.53;599.11;662.22;564.81
1428;Bom Jesus;PI;Privada;8;556.67;528.25;488.16;505.96;745.0;564.81
1429;Faxinal do Soturno;RS;Estadual;24;538.2;536.56;502.05;581.4;665.83;564.81
1430;Prado;BA;Privada;9;543.78;557.47;509.23;548.46;664.44;564.68
1431;Ponta Porã;MS;Federal;60;551.53;540.02;520.22;570.62;641.0;564.68
1432;Bom Sucesso;MG;Estadual;65;525.49;528.81;504.32;573.17;691.08;564.57
1433;Santa Maria da Vitória;BA;Privada;26;542.07;533.67;517.1;576.05;653.85;564.55
1434;Quatro Barras;PR;Privada;56;549.9;538.16;511.68;590.51;632.5;564.55
1435;Caiçara;RS;Estadual;21;536.03;541.43;491.58;594.44;659.05;564.51
1436;Pires do Rio;GO;Privada;31;530.4;536.82;510.92;565.54;678.71;564.48
1437;Pirangi;SP;Privada;3;546.93;523.73;515.57;575.93;660.0;564.43
1438;Irará;BA;Privada;12;522.06;539.28;499.89;562.12;698.33;564.34
1439;São Sebastião do Passé;BA;Privada;11;548.08;528.64;492.6;552.21;700.0;564.31
1440;São Sepé;RS;Estadual;57;540.91;548.36;508.19;576.8;647.02;564.26
1441;Itaguaí;RJ;Privada;77;542.82;535.1;510.89;575.76;656.62;564.24
1442;Jaraguá;GO;Privada;16;530.67;529.38;492.8;541.76;726.25;564.17
1443;Aparecida;SP;Privada;7;557.39;505.09;505.54;592.13;660.0;564.03
1444;Porto Vera Cruz;RS;Estadual;8;543.45;524.78;510.74;583.65;657.5;564.02
1445;Itumbiara;GO;Privada;154;540.18;540.76;511.07;574.49;653.51;564.0
1446;Itapipoca;CE;Federal;43;540.28;552.72;490.59;571.7;664.65;563.99
1447;Luziânia;GO;Privada;52;547.04;544.55;520.15;566.09;641.92;563.95
1448;Engenho Velho;RS;Estadual;3;552.3;547.63;530.67;561.87;626.67;563.83
1449;Camacho;MG;Estadual;18;540.05;535.43;495.43;587.92;660.0;563.77
1450;Silveiras;SP;Estadual;10;556.2;568.62;489.3;541.77;662.0;563.58
1451;Jaguarão;RS;Privada;5;552.06;560.5;503.58;549.44;652.0;563.52
1452;Planaltina do Paraná;PR;Estadual;1;538.3;558.9;533.3;627.0;560.0;563.5
1453;Morrinhos;GO;Federal;70;540.09;543.02;527.02;559.28;647.71;563.43
1454;Nova Odessa;SP;Privada;37;553.55;540.37;518.37;593.05;611.35;563.34
1455;Bertioga;SP;Privada;37;560.62;544.01;527.79;580.44;603.78;563.33
1456;Goiana;PE;Privada;70;533.37;529.92;501.97;552.23;699.14;563.33
1457;Vera Cruz;BA;Privada;14;531.46;518.81;501.29;551.74;712.86;563.23
1458;Itapevi;SP;Privada;22;550.94;527.48;498.31;556.6;682.73;563.21
1459;Pinheiro;MA;Privada;138;538.23;537.24;497.06;547.8;695.36;563.14
1460;Mesquita;RJ;Privada;39;554.41;547.95;507.13;560.34;645.64;563.09
1461;Paranavaí;PR;Privada;205;548.68;537.93;521.87;567.34;639.51;563.07
1462;Osvaldo Cruz;SP;Privada;18;553.21;540.31;505.59;557.94;657.78;562.97
1463;Alto Bela Vista;SC;Estadual;8;542.61;545.99;530.65;615.26;580.0;562.9
1464;Paranaguá;PR;Privada;93;556.48;538.15;512.52;574.63;632.47;562.85
1465;Terra Rica;PR;Privada;5;514.8;516.68;543.08;587.64;652.0;562.84
1466;Nova Itaberaba;SC;Estadual;6;527.4;543.92;492.88;516.25;733.33;562.76
1467;Antônio Carlos;SC;Estadual;104;540.2;544.82;497.48;583.39;647.5;562.68
1468;Mercedes;PR;Estadual;34;544.01;540.49;509.26;567.07;651.76;562.52
1469;Cacimbinhas;AL;Privada;6;526.12;532.0;506.52;544.4;703.33;562.47
1470;Coqueiros do Sul;RS;Estadual;10;548.51;549.23;496.96;582.69;634.0;562.28
1471;Breves;PA;Federal;22;529.08;525.25;505.47;543.36;708.18;562.27
1472;Guarujá;SP;Privada;98;548.3;539.8;512.83;580.94;628.98;562.17
1473;Taubaté;SP;Municipal;147;560.41;553.0;519.61;576.83;600.27;562.02
1474;Charqueadas;RS;Privada;4;567.75;558.4;493.58;579.88;610.0;561.92
1475;Passa Vinte;MG;Estadual;18;526.17;515.06;485.07;557.91;724.44;561.73
1476;Mairiporã;SP;Privada;22;547.52;540.62;511.93;581.88;626.36;561.66
1477;Palmas;PR;Federal;34;539.83;534.04;509.25;550.9;674.12;561.63
1478;Barreiros;PE;Privada;19;523.23;525.41;484.62;558.91;715.79;561.59
1479;Manaus;AM;Federal;460;550.27;536.02;505.83;570.08;645.74;561.59
1480;Cardoso;SP;Privada;2;527.55;539.1;543.0;587.45;610.0;561.42
1481;Itaquaquecetuba;SP;Federal;57;547.99;550.49;500.08;587.3;620.7;561.31
1482;Joaquim Gomes;AL;Municipal;1;526.5;532.9;560.9;625.3;560.0;561.12
1483;Riolândia;SP;Privada;8;522.46;529.38;520.5;580.76;652.5;561.12
1484;Piracicaba;SP;Municipal;25;551.85;525.29;509.07;567.32;652.0;561.11
1485;São Raimundo Nonato;PI;Federal;64;526.11;526.74;494.66;525.65;732.19;561.07
1486;Colinas;MA;Privada;4;539.83;493.72;487.2;544.53;740.0;561.06
1487;Madre de Deus;BA;Privada;16;545.82;553.74;480.89;573.56;651.25;561.05
1488;Santa Cruz;RN;Privada;41;535.93;518.5;500.12;568.25;681.95;560.95
1489;Santana do Acaraú;CE;Privada;12;540.32;532.02;505.59;574.81;651.67;560.88
1490;Taquaruçu do Sul;RS;Estadual;9;550.73;535.69;498.86;563.48;655.56;560.86
1491;Entre Rios;BA;Privada;9;536.16;542.21;501.02;571.48;653.33;560.84
1492;Descoberto;MG;Estadual;34;541.44;539.48;500.91;564.59;657.65;560.81
1493;Alecrim;RS;Estadual;17;522.66;516.92;501.49;565.28;697.65;560.8
1494;Benevides;PA;Privada;49;538.44;532.64;496.86;546.03;689.8;560.75
1495;Rio Branco do Ivaí;PR;Municipal;1;537.8;569.0;552.4;564.0;580.0;560.64
1496;Petrópolis;RJ;Municipal;68;551.32;537.18;500.18;575.64;638.82;560.63
1497;Itaperuçu;PR;Privada;6;566.05;552.02;465.62;552.73;666.67;560.62
1498;Ipojuca;PE;Privada;24;538.94;532.28;493.83;568.83;669.17;560.61
1499;Mathias Lobato;MG;Estadual;5;518.94;532.84;522.32;596.06;632.0;560.43
1500;Arinos;MG;Federal;85;528.89;513.89;507.86;554.08;697.18;560.38
1501;Travesseiro;RS;Estadual;3;547.77;525.77;521.83;619.43;586.67;560.29
1502;Boca da Mata;AL;Privada;26;518.06;522.33;491.54;546.37;723.08;560.28
1503;Capanema;PA;Privada;67;538.5;531.17;493.27;519.23;719.1;560.26
1504;Tauá;CE;Municipal;2;546.75;574.9;441.9;667.5;570.0;560.21
1505;Olímpio Noronha;MG;Estadual;11;530.13;538.6;506.29;580.55;645.45;560.21
1506;Barueri;SP;Municipal;1472;554.23;543.05;503.48;567.1;632.88;560.15
1507;Corumbá;MS;Privada;123;546.46;544.49;504.16;551.97;653.5;560.11
1508;Posse;GO;Federal;17;527.45;525.87;526.19;545.67;675.29;560.1
1509;Jequitinhonha;MG;Privada;5;535.62;531.86;499.08;545.78;688.0;560.07
1510;Ribeirão Pires;SP;Privada;93;549.9;529.05;508.07;569.86;642.8;559.93
1511;Uruaçu;GO;Privada;28;543.25;539.19;494.61;571.19;651.43;559.93
1512;Teixeiras;MG;Estadual;41;522.38;525.61;490.21;564.02;697.07;559.86
1513;Pinhais;PR;Privada;55;553.52;548.05;513.2;578.96;605.45;559.84
1514;Capanema;PR;Federal;24;552.47;557.77;505.71;575.56;607.5;559.8
1515;Carlos Chagas;MG;Privada;7;536.46;518.7;496.01;573.5;674.29;559.79
1516;Ribeirão;PE;Privada;60;524.7;507.3;494.46;545.94;726.33;559.75
1517;Paraí;RS;Estadual;23;537.19;535.46;486.75;537.59;701.74;559.75
1518;Currais Novos;RN;Privada;36;533.53;533.49;499.27;562.82;668.89;559.6
1519;Penedo;AL;Federal;124;541.84;528.48;509.95;560.63;656.94;559.57
1520;Carmo da Mata;MG;Estadual;27;535.68;521.16;491.63;551.41;697.78;559.53
1521;Cotiporã;RS;Estadual;19;533.8;548.99;501.98;538.61;673.68;559.41
1522;Novo Hamburgo;RS;Estadual;675;550.64;536.65;495.1;587.89;626.1;559.28
1523;Iporã;PR;Privada;3;546.43;533.33;519.5;503.5;693.33;559.22
1524;São Vicente;SP;Privada;195;552.41;536.12;507.42;572.01;627.18;559.03
1525;Anchieta;SC;Estadual;34;524.89;536.04;507.06;540.05;687.06;559.02
1526;Araçoiaba da Serra;SP;Privada;4;556.95;519.1;522.12;586.15;610.0;558.86
1527;Ouricuri;PE;Federal;26;537.14;547.43;501.02;569.13;639.23;558.79
1528;Novo Itacolomi;PR;Estadual;19;553.03;550.68;494.52;578.41;616.84;558.7
1529;Itabaiana;SE;Federal;55;539.43;525.22;490.73;554.3;683.64;558.66
1530;Palmeira;PR;Privada;10;544.18;555.34;489.52;597.89;606.0;558.59
1531;Jitaúna;BA;Privada;4;534.92;475.85;445.65;631.3;705.0;558.54
1532;Humaitá;AM;Privada;5;563.94;548.46;532.28;575.94;572.0;558.52
1533;Pedra;PE;Municipal;1;529.9;599.6;539.9;603.1;520.0;558.5
1534;Bela Cruz;CE;Privada;2;547.0;493.75;479.25;541.7;730.0;558.34
1535;Senhor do Bonfim;BA;Federal;106;534.26;529.57;506.32;541.1;680.19;558.29
1536;Mauriti;CE;Privada;16;535.08;539.24;476.38;548.07;692.5;558.25
1537;Bacabal;MA;Privada;58;537.57;536.22;485.86;543.22;687.93;558.16
1538;Sousa;PB;Federal;58;531.2;517.92;496.57;545.21;699.31;558.04
1539;Nova Andradina;MS;Federal;44;544.37;518.28;505.83;579.86;641.82;558.03
1540;Marechal Floriano;ES;Estadual;88;532.31;544.26;503.22;568.33;642.05;558.03
1541;Bento Gonçalves;RS;Estadual;216;545.88;544.23;494.9;571.39;633.7;558.02
1542;Santiago do Sul;SC;Estadual;7;548.77;535.21;476.33;566.84;662.86;558.0
1543;Cerro Largo;RS;Estadual;29;543.74;550.18;493.81;554.58;646.9;557.84
1544;Ji-Paraná;RO;Privada;31;547.04;542.0;513.94;562.14;623.87;557.8
1545;Independência;RS;Estadual;28;542.02;541.19;484.57;576.11;645.0;557.78
1546;Palestina;AL;Municipal;1;589.6;572.7;546.5;400.0;680.0;557.76
1547;Castro Alves;BA;Privada;2;532.4;512.65;522.55;521.2;700.0;557.76
1548;Nova Alvorada;RS;Estadual;10;538.6;537.51;487.34;588.89;636.0;557.67
1549;Gabriel Monteiro;SP;Estadual;11;532.05;534.39;491.98;605.78;623.64;557.57
1550;Camaragibe;PE;Privada;44;542.41;533.78;513.75;565.84;631.82;557.52
1551;São João do Piauí;PI;Federal;53;530.25;529.95;505.15;527.92;694.34;557.52
1552;Brotas;SP;Municipal;10;547.65;544.3;485.09;542.2;668.0;557.45
1553;Presidente Dutra;MA;Privada;15;549.72;532.65;503.87;534.23;666.67;557.43
1554;Sabará;MG;Privada;10;550.71;519.29;509.07;573.89;634.0;557.39
1555;Tucuruí;PA;Federal;184;540.2;532.13;505.08;560.79;648.7;557.38
1556;Niquelândia;GO;Privada;18;547.44;534.23;499.89;570.74;634.44;557.35
1557;Cristalina;GO;Federal;48;538.97;535.88;518.37;542.54;650.42;557.23
1558;Santa Terezinha de Itaipu;PR;Privada;9;538.47;539.78;507.17;591.71;608.89;557.2
1559;Lajes;RN;Federal;66;545.42;540.72;493.55;543.29;663.03;557.2
1560;Contagem;MG;Municipal;740;548.99;539.74;507.99;553.06;635.27;557.01
1561;Paragominas;PA;Privada;126;536.53;529.06;500.5;553.83;664.76;556.94
1562;Sertanópolis;PR;Privada;15;555.22;530.26;508.32;605.49;585.33;556.92
1563;São Joaquim da Barra;SP;Privada;29;526.2;527.69;508.7;517.78;704.14;556.9
1564;Santana;AP;Privada;87;528.0;529.18;495.47;547.41;684.37;556.89
1565;Abaíra;BA;Municipal;1;519.5;490.6;521.9;512.2;740.0;556.84
1566;Toritama;PE;Privada;2;487.75;547.5;491.95;587.0;670.0;556.84
1567;Nova Mutum;MT;Privada;17;538.91;537.19;511.21;554.93;641.18;556.68
1568;Nova Soure;BA;Privada;2;565.4;487.75;442.4;567.65;720.0;556.64
1569;Nova Prata;RS;Estadual;89;531.44;525.88;487.76;558.81;679.33;556.64
1570;Dom Pedrito;RS;Privada;20;539.33;535.94;485.94;549.96;672.0;556.63
1571;Tramandaí;RS;Privada;20;550.71;507.66;493.21;585.91;645.0;556.5
1572;Maripá;PR;Estadual;14;547.62;536.77;482.2;600.14;615.71;556.49
1573;Tucuruí;PA;Privada;43;540.17;525.67;495.43;553.45;667.44;556.43
1574;Marilândia;ES;Privada;2;501.5;481.4;543.55;615.6;640.0;556.41
1575;Cruzeiro da Fortaleza;MG;Estadual;22;539.09;519.88;517.84;579.75;625.45;556.4
1576;Maximiliano de Almeida;RS;Estadual;13;528.92;532.05;511.12;564.65;644.62;556.27
1577;Condor;RS;Estadual;21;515.5;510.31;475.48;542.81;737.14;556.25
1578;Goiás;GO;Privada;10;521.24;508.5;487.08;584.03;680.0;556.17
1579;Campinas;SP;Federal;4;552.12;530.75;509.0;558.88;630.0;556.15
1580;Piripiri;PI;Federal;57;539.22;530.73;491.55;534.86;684.21;556.11
1581;Alta Floresta;MT;Federal;98;525.58;527.33;490.55;551.11;685.92;556.1
1582;Ariquemes;RO;Federal;117;541.8;536.42;499.72;563.79;638.63;556.07
1583;Paço do Lumiar;MA;Privada;24;523.97;546.08;491.05;548.23;670.0;555.87
1584;Camaçari;BA;Privada;105;541.4;532.66;501.7;532.9;670.67;555.87
1585;São Ludgero;SC;Privada;5;509.82;532.44;495.86;613.04;628.0;555.83
1586;Salgado Filho;PR;Estadual;18;534.03;534.92;496.98;587.6;625.56;555.82
1587;Jandira;SP;Privada;15;554.53;559.39;491.46;549.62;624.0;555.8
1588;Augusto Pestana;RS;Estadual;19;541.57;539.92;499.74;577.65;620.0;555.77
1589;Alto Alegre;RS;Estadual;8;519.56;527.2;462.91;568.84;700.0;555.7
1590;Santa Bárbara d'Oeste;SP;Privada;48;536.33;531.22;505.77;573.44;631.67;555.68
1591;Oliveira Fortes;MG;Estadual;7;537.99;558.29;507.34;548.71;625.71;555.61
1592;Cocal do Sul;SC;Privada;13;557.27;542.35;505.42;562.18;610.77;555.6
1593;Cristalina;GO;Privada;12;541.5;538.71;507.62;568.29;621.67;555.56
1594;São Cristóvão;SE;Federal;103;539.2;530.66;498.28;539.8;669.71;555.53
1595;Piranguçu;MG;Estadual;26;531.92;540.24;519.06;592.87;593.08;555.43
1596;Pinheiral;RJ;Privada;5;547.98;512.7;518.12;578.14;620.0;555.39
1597;Fernão;SP;Estadual;7;556.23;529.67;506.39;570.24;614.29;555.36
1598;Presidente Castelo Branco;PR;Estadual;2;577.9;562.3;490.95;525.55;620.0;555.34
1599;Formosa do Sul;SC;Estadual;7;532.56;537.99;493.81;552.36;660.0;555.34
1600;Ipameri;GO;Federal;42;541.85;540.57;494.32;568.43;631.43;555.32
1601;Jaguariaíva;PR;Privada;45;551.77;546.81;500.18;577.37;600.44;555.32
1602;Guaratinguetá;SP;Estadual;391;546.96;542.2;504.46;578.75;604.25;555.32
1603;Parauapebas;PA;Privada;89;541.18;525.62;504.81;544.39;660.22;555.24
1604;Santa Maria da Boa Vista;PE;Federal;3;556.63;514.73;505.73;505.6;693.33;555.21
1605;Mamonas;MG;Estadual;14;525.0;523.04;484.02;593.32;650.0;555.08
1606;Senador Pompeu;CE;Privada;6;514.7;517.67;458.32;597.8;686.67;555.03
1607;Santo Amaro da Imperatriz;SC;Municipal;1;534.3;536.6;503.3;660.8;540.0;555.0
1608;Lagoa Formosa;MG;Estadual;88;528.22;523.63;493.39;548.52;681.14;554.98
1609;Codó;MA;Privada;44;521.49;523.75;472.4;536.96;720.0;554.92
1610;Ivaiporã;PR;Federal;49;537.08;528.32;529.69;562.26;617.14;554.9
1611;Catolé do Rocha;PB;Privada;36;515.45;499.95;488.91;539.5;730.56;554.87
1612;Colinas do Tocantins;TO;Federal;56;537.44;528.64;502.06;549.74;656.43;554.86
1613;Entre Rios de Minas;MG;Estadual;93;528.42;519.36;503.53;562.52;660.22;554.81
1614;Mariano Moro;RS;Estadual;4;546.08;549.5;486.62;501.65;690.0;554.77
1615;Sapiranga;RS;Federal;26;558.54;538.76;513.86;580.17;582.31;554.73
1616;Três Cachoeiras;RS;Estadual;36;543.92;529.97;482.04;588.72;628.89;554.71
1617;Juína;MT;Federal;102;532.44;539.19;523.13;544.12;634.51;554.68
1618;Altos;PI;Privada;3;560.5;532.8;500.83;479.07;700.0;554.64
1619;Sumaré;SP;Municipal;143;551.97;534.25;496.26;563.03;627.41;554.58
1620;Jardim;MS;Privada;6;539.18;527.88;499.35;562.82;643.33;554.51
1621;Pontes e Lacerda;MT;Federal;84;529.82;529.6;493.31;552.82;666.67;554.44
1622;Itapetinga;BA;Federal;82;542.25;532.5;509.3;553.53;634.63;554.44
1623;São Domingos do Cariri;PB;Municipal;9;550.94;515.88;496.86;552.87;655.56;554.42
1624;Bacabal;MA;Federal;101;536.49;519.48;490.17;531.68;694.06;554.37
1625;Eldorado;MS;Privada;2;530.95;491.0;517.4;551.95;680.0;554.26
1626;Tabuleiro do Norte;CE;Federal;55;521.18;519.71;508.94;546.01;675.27;554.22
1627;Sapucaia do Sul;RS;Privada;48;547.75;533.68;510.51;544.85;634.17;554.19
1628;Água Boa;MT;Privada;5;520.0;489.22;509.44;608.1;644.0;554.15
1629;Mogi Guaçu;SP;Municipal;87;541.15;529.5;514.47;574.08;611.49;554.14
1630;Cruzeiro do Iguaçu;PR;Estadual;28;536.6;526.99;500.6;571.43;635.0;554.12
1631;Crixás;GO;Privada;14;531.46;523.54;485.49;553.5;675.71;553.94
1632;Limeira;SP;Estadual;1003;545.96;536.92;503.69;578.25;604.73;553.91
1633;Central;BA;Privada;22;527.73;527.44;492.8;552.14;669.09;553.84
1634;Cacoal;RO;Privada;159;534.61;530.16;497.95;554.57;651.57;553.77
1635;Caucaia;CE;Privada;124;528.96;524.17;492.18;546.5;676.45;553.65
1636;Uruçuí;PI;Federal;52;521.81;513.75;498.18;528.14;706.15;553.61
1637;Ibicaré;SC;Estadual;4;532.7;542.55;447.28;570.02;675.0;553.51
1638;Conselheiro Lafaiete;MG;Municipal;53;536.25;515.67;486.36;547.9;681.13;553.46
1639;Ribeirão do Pinhal;PR;Privada;2;520.2;546.6;498.35;661.55;540.0;553.34
1640;Joaquim Távora;PR;Estadual;26;538.59;523.92;491.01;581.13;631.54;553.24
1641;Águas Lindas de Goiás;GO;Privada;122;532.39;526.63;494.71;541.21;671.15;553.22
1642;Igaratinga;MG;Estadual;34;538.8;528.21;513.72;560.05;625.29;553.22
1643;Casca;RS;Estadual;44;536.02;537.04;475.16;560.11;657.73;553.21
1644;Estrela Velha;RS;Estadual;8;520.72;510.44;479.69;559.95;695.0;553.16
1645;Pedralva;MG;Estadual;49;535.75;521.17;497.67;564.54;646.53;553.13
1646;Naviraí;MS;Federal;82;534.56;520.85;501.57;552.84;655.61;553.09
1647;Cumbe;SE;Estadual;18;528.92;517.56;500.24;548.74;670.0;553.09
1648;Jardinópolis;SP;Privada;33;545.66;519.9;510.55;567.91;621.21;553.05
1649;Tuparetama;PE;Municipal;1;552.9;534.2;500.2;537.8;640.0;553.02
1650;Dias d'Ávila;BA;Privada;37;547.15;536.11;501.49;525.19;655.14;553.02
1651;Paraíso do Tocantins;TO;Federal;67;534.96;528.21;504.3;555.42;642.09;553.0
1652;Morro Agudo;SP;Municipal;58;544.01;531.44;505.53;545.89;637.93;552.96
1653;Oliveira;MG;Estadual;138;530.11;531.4;477.92;554.21;670.87;552.9
1654;Santa Amélia;PR;Estadual;5;540.2;541.56;469.72;592.98;620.0;552.89
1655;Belford Roxo;RJ;Privada;50;533.38;522.18;490.0;518.55;699.6;552.74
1656;Altamira;PA;Privada;77;514.42;504.09;504.84;546.08;694.29;552.74
1657;Coimbra;MG;Estadual;50;525.26;525.02;488.26;545.96;678.8;552.66
1658;Taiobeiras;MG;Privada;34;530.81;526.74;501.7;546.29;657.65;552.64
1659;João Monlevade;MG;Estadual;428;533.09;524.05;494.74;556.29;655.0;552.63
1660;Pedras Grandes;SC;Estadual;14;529.26;535.49;478.79;530.84;688.57;552.59
1661;Sananduva;RS;Estadual;74;533.72;535.51;470.58;561.31;661.62;552.55
1662;Vilhena;RO;Federal;103;541.79;529.05;504.03;568.37;619.22;552.49
1663;Brazópolis;MG;Estadual;100;534.64;522.52;493.38;577.62;634.2;552.47
1664;Edéia;GO;Privada;4;515.02;514.17;506.95;530.05;695.0;552.24
1665;Coxim;MS;Federal;37;542.14;527.97;490.28;556.91;643.24;552.11
1666;Floriano Peixoto;RS;Estadual;5;540.26;560.56;470.54;584.5;604.0;551.97
1667;São João del Rei;MG;Estadual;368;533.95;525.36;488.74;558.99;652.61;551.93
1668;Macau;RN;Federal;107;544.01;521.01;503.89;551.81;638.88;551.92
1669;Palmares;PE;Privada;31;523.43;517.36;483.85;548.48;686.45;551.91
1670;Ijuí;RS;Estadual;311;541.57;537.45;501.86;563.71;614.86;551.89
1671;Seropédica;RJ;Municipal;1;524.7;568.7;510.1;475.7;680.0;551.84
1672;Nazaré da Mata;PE;Estadual;294;525.34;521.08;481.9;537.23;693.06;551.72
1673;Montauri;RS;Estadual;7;529.39;548.34;511.51;551.61;617.14;551.6
1674;Jaguaré;ES;Privada;2;525.35;474.9;553.6;523.65;680.0;551.5
1675;Itapuranga;GO;Estadual;116;531.26;527.41;484.54;555.09;658.97;551.45
1676;Itanhangá;MT;Estadual;16;536.53;536.1;522.98;522.67;638.75;551.4
1677;Teutônia;RS;Estadual;124;541.05;538.82;478.24;548.03;650.81;551.39
1678;Doutor Maurício Cardoso;RS;Estadual;17;528.18;533.4;500.89;581.55;612.94;551.39
1679;Novo Tiradentes;RS;Estadual;6;523.53;543.58;511.95;513.87;663.33;551.25
1680;Quatro Pontes;PR;Estadual;10;544.59;542.99;517.07;551.51;600.0;551.23
1681;Belém;PB;Privada;17;483.2;480.82;442.16;525.76;823.53;551.1
1682;Campos do Jordão;SP;Privada;28;553.72;534.37;510.21;567.87;589.29;551.09
1683;Águas Mornas;SC;Estadual;26;532.7;527.52;482.15;594.38;618.46;551.04
1684;Santo Afonso;MT;Estadual;5;532.78;497.02;484.68;516.36;724.0;550.97
1685;São Joaquim da Barra;SP;Estadual;185;536.1;527.58;490.6;549.09;651.35;550.94
1686;Cáceres;MT;Federal;80;518.98;518.18;495.8;531.88;689.75;550.92
1687;Piranhas;AL;Privada;14;544.35;531.74;480.64;527.73;670.0;550.89
1688;Cordisburgo;MG;Estadual;26;526.92;515.83;475.28;560.81;675.38;550.85
1689;Guajará-Mirim;RO;Federal;69;541.9;536.1;508.84;535.24;632.17;550.85
1690;Simões Filho;BA;Privada;33;529.88;527.28;501.27;555.24;640.61;550.85
1691;Nova Guataporanga;SP;Estadual;5;532.34;527.86;534.72;535.2;624.0;550.82
1692;Rio Negrinho;SC;Privada;7;563.94;547.01;512.66;618.73;511.43;550.75
1693;Nossa Senhora da Glória;SE;Federal;8;512.56;526.16;482.72;589.69;642.5;550.73
1694;Estrela;RS;Estadual;99;540.24;536.41;496.88;566.74;612.93;550.64
1695;Cabedelo;PB;Federal;105;534.9;524.85;491.12;541.4;660.95;550.64
1696;Paula Freitas;PR;Estadual;16;540.46;544.17;488.88;573.39;606.25;550.63
1697;Maracaju;MS;Privada;30;522.64;513.78;506.0;537.69;672.67;550.56
1698;Lavínia;SP;Estadual;21;536.4;536.7;490.14;559.75;629.52;550.5
1699;Corrente;PI;Privada;9;529.49;509.02;439.98;507.1;766.67;550.45
1700;São Luís do Quitunde;AL;Privada;4;536.48;531.33;478.7;530.42;675.0;550.38
1701;Várzea Grande;MT;Privada;77;532.24;527.39;495.12;559.31;637.66;550.34
1702;Tunápolis;SC;Estadual;24;537.96;525.78;492.93;577.17;617.5;550.27
1703;Bom Jesus da Lapa;BA;Federal;68;529.92;529.26;507.75;558.8;625.29;550.2
1704;Timon;MA;Federal;113;538.33;512.51;495.83;548.11;656.11;550.18
1705;Severiano de Almeida;RS;Estadual;21;535.72;533.22;476.62;551.87;653.33;550.15
1706;São Borja;RS;Federal;83;547.84;546.11;485.6;550.83;620.24;550.13
1707;Iraquara;BA;Privada;9;527.91;514.98;475.34;552.27;680.0;550.1
1708;Itaí;SP;Privada;7;543.56;548.37;531.41;538.33;588.57;550.05
1709;Sulina;PR;Estadual;7;538.9;569.01;499.99;542.16;600.0;550.01
1710;Taquara;RS;Estadual;222;540.47;535.5;488.32;568.41;617.21;549.98
1711;Embu-Guaçu;SP;Privada;39;539.85;528.43;488.5;576.54;616.41;549.95
1712;Osvaldo Cruz;SP;Estadual;173;542.97;529.64;497.12;563.46;616.53;549.94
1713;Iconha;ES;Estadual;93;517.42;517.55;483.47;553.8;677.42;549.93
1714;Primavera do Leste;MT;Federal;107;535.71;524.83;491.96;560.88;636.07;549.89
1715;Cachoeira Paulista;SP;Privada;30;536.3;522.69;475.48;568.91;646.0;549.88
1716;Maravilha;SC;Estadual;135;536.51;534.77;495.34;562.21;620.15;549.8
1717;Abadia dos Dourados;MG;Estadual;16;518.39;522.69;478.72;565.41;663.75;549.79
1718;Heliodora;MG;Estadual;20;535.65;522.96;484.08;560.16;646.0;549.77
1719;Catu;BA;Federal;113;539.84;531.99;504.35;534.26;638.41;549.77
1720;Valença;BA;Federal;263;535.31;532.64;499.22;525.52;656.05;549.75
1721;Aquidauana;MS;Federal;71;540.31;527.06;497.24;555.03;629.01;549.73
1722;Galvão;SC;Estadual;13;530.87;532.98;473.21;545.35;666.15;549.71
1723;Valença do Piauí;PI;Federal;55;527.17;524.26;494.35;539.15;663.27;549.64
1724;Poço das Antas;RS;Estadual;5;515.64;518.06;467.3;583.18;664.0;549.64
1725;Esperança;PB;Privada;20;519.55;507.3;493.68;561.66;666.0;549.64
1726;Alagoa Grande;PB;Privada;25;512.82;514.95;477.94;525.38;716.8;549.58
1727;Santana;AP;Federal;109;533.04;532.67;487.26;540.7;654.13;549.56
1728;Ritápolis;MG;Estadual;28;523.06;526.26;489.91;547.78;660.71;549.54
1729;Senador Canedo;GO;Privada;8;513.64;511.38;477.29;535.24;710.0;549.51
1730;Aurora;SC;Estadual;9;539.29;552.8;483.17;545.62;626.67;549.51
1731;Catuípe;RS;Estadual;11;528.43;548.45;493.19;530.03;647.27;549.47
1732;Pompéu;MG;Estadual;105;514.42;503.39;474.37;526.1;728.95;549.45
1733;São José do Inhacorá;RS;Estadual;12;527.53;537.62;490.18;576.12;615.0;549.29
1734;Mundo Novo;MS;Privada;4;556.48;569.22;512.0;503.45;605.0;549.23
1735;Jaguari;RS;Federal;9;547.99;546.19;510.73;543.28;597.78;549.19
1736;Angical do Piauí;PI;Federal;45;529.57;521.02;497.26;531.72;666.22;549.16
1737;Ibiraiaras;RS;Estadual;17;532.5;526.39;467.35;519.22;700.0;549.09
1738;Carlos Barbosa;RS;Estadual;108;538.08;530.15;483.65;568.36;625.19;549.08
1739;São Jorge;RS;Estadual;11;515.81;533.84;494.73;577.33;623.64;549.07
1740;Amparo;SP;Estadual;300;544.72;536.34;507.13;565.75;591.2;549.03
1741;Piranhas;AL;Federal;114;529.58;522.22;482.55;514.23;696.49;549.01
1742;Resende Costa;MG;Estadual;37;532.99;517.97;487.06;563.23;643.78;549.01
1743;Salto do Jacuí;RS;Estadual;43;529.84;522.98;476.37;544.18;670.23;548.72
1744;São Francisco do Conde;BA;Municipal;1;524.2;538.4;492.3;448.6;740.0;548.7
1745;Piraju;SP;Estadual;151;540.77;524.93;497.91;565.47;614.3;548.68
1746;Tiradentes do Sul;RS;Estadual;13;534.32;534.91;469.93;542.6;661.54;548.66
1747;Palmas;PR;Privada;35;541.0;549.76;501.06;546.15;605.14;548.62
1748;Chapada dos Guimarães;MT;Privada;5;522.66;505.76;497.44;537.16;680.0;548.6
1749;Andorinha;BA;Privada;18;530.77;505.76;497.67;536.59;672.22;548.6
1750;Flores da Cunha;RS;Estadual;101;534.79;527.27;483.75;557.2;639.8;548.56
1751;Rosário da Limeira;MG;Estadual;26;515.76;501.16;489.25;561.22;675.38;548.55
1752;Santo Antônio de Jesus;BA;Federal;1;508.6;521.8;433.6;558.4;720.0;548.48
1753;Bom Sucesso do Sul;PR;Estadual;11;521.52;520.2;486.39;556.02;658.18;548.46
1754;Sede Nova;RS;Estadual;7;524.66;508.5;473.6;580.74;654.29;548.36
1755;Palmeira dos Índios;AL;Privada;94;520.65;503.98;492.41;539.15;685.53;548.35
1756;São Luís de Montes Belos;GO;Privada;19;513.41;496.06;479.95;514.44;737.89;548.35
1757;Nova Araçá;RS;Estadual;1;525.7;479.3;528.9;587.7;620.0;548.32
1758;Galinhos;RN;Estadual;3;530.83;508.43;525.8;536.5;640.0;548.31
1759;Doutor Ricardo;RS;Estadual;4;535.52;557.48;505.02;528.38;615.0;548.28
1760;Batalha;PI;Privada;7;513.43;514.91;500.86;574.99;637.14;548.27
1761;Valparaíso de Goiás;GO;Privada;106;548.36;532.2;501.44;536.3;623.02;548.26
1762;Natalândia;MG;Privada;17;499.85;511.57;494.57;540.98;694.12;548.22
1763;Morro da Garça;MG;Estadual;7;543.24;554.86;517.1;591.27;534.29;548.15
1764;Itanhomi;MG;Estadual;29;537.28;533.13;487.04;560.38;622.76;548.12
1765;Rio Bananal;ES;Privada;9;545.22;541.23;510.06;550.62;593.33;548.09
1766;Iguatu;PR;Estadual;12;537.81;539.36;506.39;515.93;640.0;547.9
1767;Estrela Dalva;MG;Estadual;7;539.63;537.46;480.36;584.81;597.14;547.88
1768;São João da Urtiga;RS;Estadual;24;522.1;513.85;475.78;534.9;692.5;547.83
1769;Itaipulândia;PR;Estadual;21;533.93;526.87;496.52;576.9;604.76;547.8
1770;Turiúba;SP;Estadual;7;527.4;539.23;497.03;549.46;625.71;547.77
1771;Porto Ferreira;SP;Estadual;74;535.41;543.51;496.74;545.97;616.76;547.68
1772;Rio Manso;MG;Estadual;29;521.5;523.33;502.62;586.02;604.83;547.66
1773;Bayeux;PB;Privada;169;530.6;511.65;492.41;530.2;673.02;547.57
1774;Salvador do Sul;RS;Estadual;42;527.92;515.21;487.14;561.64;645.71;547.53
1775;Santa Inês;MA;Federal;135;523.56;523.68;478.64;532.24;679.26;547.48
1776;Erval Velho;SC;Municipal;1;538.5;561.6;458.0;499.1;680.0;547.44
1777;Pará de Minas;MG;Estadual;361;529.01;513.54;479.85;552.71;661.66;547.35
1778;Conceição do Pará;MG;Estadual;5;541.5;532.9;492.34;529.98;640.0;547.34
1779;Iguatama;MG;Estadual;26;539.59;536.86;494.51;562.55;603.08;547.32
1780;Dois Lajeados;RS;Estadual;9;542.1;532.01;507.09;575.34;580.0;547.31
1781;Imbituva;PR;Municipal;1;593.5;563.9;511.4;467.5;600.0;547.26
1782;Grajaú;MA;Federal;71;513.22;509.21;480.35;531.54;701.69;547.2
1783;Carvalhos;MG;Estadual;17;530.76;524.06;476.69;547.86;656.47;547.17
1784;Marabá;PA;Federal;93;533.31;521.23;492.88;528.15;660.22;547.16
1785;Mato Queimado;RS;Estadual;13;508.35;501.45;484.12;549.35;692.31;547.12
1786;Itaiópolis;SC;Privada;2;559.85;502.55;503.8;629.4;540.0;547.12
1787;Estrela d'Oeste;SP;Privada;6;512.42;499.37;480.8;569.65;673.33;547.11
1788;Santo Antônio do Monte;MG;Estadual;102;536.0;521.2;486.5;552.48;639.22;547.08
1789;Antônio Prado;RS;Estadual;36;534.54;544.83;492.04;557.85;605.56;546.96
1790;Poços de Caldas;MG;Municipal;78;543.91;529.56;484.78;556.26;620.26;546.95
1791;Rodeio Bonito;RS;Estadual;50;535.31;521.32;461.0;541.87;675.2;546.94
1792;Itaúna;MG;Estadual;288;537.08;524.71;481.37;572.92;618.54;546.92
1793;Pitanga;PR;Privada;13;523.12;527.19;501.7;548.68;633.85;546.91
1794;Campo Verde;MT;Federal;96;533.34;526.92;502.32;542.14;629.79;546.9
1795;Santa Rita do Sapucaí;MG;Municipal;1;592.7;547.9;542.5;511.3;540.0;546.88
1796;Barra do Bugres;MT;Privada;7;521.64;517.96;519.27;523.97;651.43;546.85
1797;Novo Xingu;RS;Estadual;16;532.92;524.36;477.33;560.5;638.75;546.77
1798;Mogi Mirim;SP;Estadual;290;549.41;538.34;493.32;562.18;590.41;546.73
1799;Siderópolis;SC;Privada;6;528.68;535.43;524.35;560.15;583.33;546.39
1800;Frederico Westphalen;RS;Estadual;135;531.15;530.56;478.19;532.94;659.11;546.39
1801;Comodoro;MT;Privada;4;542.88;534.9;493.35;525.48;635.0;546.32
1802;Bebedouro;SP;Estadual;174;546.01;534.04;494.92;552.09;604.48;546.31
1803;São Sebastião do Paraíso;MG;Estadual;293;536.19;530.06;490.69;558.9;614.95;546.16
1804;Nova Bréscia;RS;Estadual;12;529.96;543.59;479.13;583.02;595.0;546.14
1805;Adustina;BA;Municipal;38;526.52;510.91;462.53;554.18;676.32;546.09
1806;Parobé;RS;Municipal;3;538.4;513.13;506.43;545.67;626.67;546.06
1807;Natércia;MG;Estadual;26;513.49;525.72;477.3;579.77;633.85;546.03
1808;Cruzeta;RN;Estadual;13;525.54;529.58;463.54;512.95;698.46;546.01
1809;Barracão;RS;Estadual;12;532.12;533.48;488.75;563.82;611.67;545.97
1810;Piracema;MG;Estadual;29;530.84;509.92;495.14;551.67;642.07;545.93
1811;Itabaiana;PB;Federal;55;513.75;512.31;496.26;537.05;670.18;545.91
1812;Água Branca;PI;Privada;20;524.02;511.6;498.61;554.26;641.0;545.9
1813;Cruzeiro do Sul;AC;Federal;98;524.85;525.37;503.09;534.47;641.22;545.8
1814;Cafeara;PR;Estadual;9;529.59;506.87;509.89;538.07;644.44;545.77
1815;Araguatins;TO;Federal;113;528.88;519.88;497.69;537.68;644.6;545.75
1816;Fortuna de Minas;MG;Estadual;14;525.02;537.26;496.09;534.64;635.71;545.74
1817;Areia Branca;RN;Privada;14;519.31;519.01;467.86;573.79;648.57;545.71
1818;Morrinhos;CE;Privada;20;527.74;526.13;468.1;557.53;649.0;545.7
1819;Tapejara;RS;Estadual;80;530.17;518.68;477.15;539.75;662.75;545.7
1820;Quixadá;CE;Federal;13;538.58;544.96;515.15;546.59;583.08;545.67
1821;Antônio Prado de Minas;MG;Estadual;7;486.14;521.21;487.94;555.84;677.14;545.66
1822;Castanhal;PA;Federal;79;523.99;527.69;498.38;515.3;662.78;545.63
1823;Bonfim;MG;Estadual;32;528.65;519.58;488.02;569.98;621.88;545.62
1824;Nova Friburgo;RJ;Estadual;600;537.97;527.58;488.12;530.7;643.5;545.57
1825;Ferraz de Vasconcelos;SP;Privada;53;543.52;527.63;495.51;544.99;615.85;545.5
1826;Santa Gertrudes;SP;Municipal;1;530.9;536.2;543.0;537.1;580.0;545.44
1827;Redenção;PA;Privada;44;534.79;517.12;484.26;544.61;646.36;545.43
1828;Paineiras;MG;Estadual;16;531.72;529.33;473.26;551.25;641.25;545.36
1829;Cubatão;SP;Privada;54;542.52;520.41;482.57;563.91;617.04;545.29
1830;Timóteo;MG;Estadual;308;533.15;522.83;478.75;546.62;645.06;545.28
1831;Barra do Mendes;BA;Privada;13;533.44;524.3;487.08;553.83;627.69;545.27
1832;Barbosa Ferraz;PR;Privada;3;539.67;533.5;456.1;557.0;640.0;545.25
1833;Piraí do Sul;PR;Privada;4;548.58;529.98;505.55;507.15;635.0;545.25
1834;Entre Rios;SC;Estadual;7;538.04;551.9;470.91;522.56;642.86;545.25
1835;Chapada;RS;Estadual;33;528.21;535.19;480.27;542.75;639.39;545.16
1836;Quixaba;PE;Estadual;115;523.45;510.57;476.42;562.7;652.52;545.13
1837;Zacarias;SP;Estadual;7;532.91;524.71;474.77;516.11;677.14;545.13
1838;Ipatinga;MG;Estadual;908;531.97;517.0;483.42;538.66;654.34;545.08
1839;Canindé;CE;Federal;23;540.05;533.59;488.4;525.93;637.39;545.07
1840;Lavrinhas;SP;Estadual;1;563.6;543.3;484.5;593.7;540.0;545.02
1841;Marechal Cândido Rondon;PR;Estadual;180;532.44;535.86;480.89;546.71;629.11;545.0
1842;Quatro Irmãos;RS;Estadual;3;536.1;534.33;471.03;543.43;640.0;544.98
1843;Telêmaco Borba;PR;Federal;42;554.2;541.11;497.76;549.88;581.9;544.97
1844;Cabaceiras;PB;Estadual;41;521.1;509.32;465.73;552.39;676.1;544.93
1845;Carnaíba;PE;Estadual;100;522.77;503.52;474.96;559.65;663.6;544.9
1846;Santa Cruz do Sul;RS;Estadual;325;538.23;527.37;478.86;545.04;634.95;544.89
1847;Apodi;RN;Privada;4;536.0;479.2;471.12;523.03;715.0;544.87
1848;Arapuá;MG;Estadual;21;517.26;521.5;481.89;537.85;665.71;544.84
1849;Água Boa;MG;Estadual;13;521.4;519.09;487.14;568.66;627.69;544.8
1850;Engenheiro Paulo de Frontin;RJ;Municipal;5;558.8;535.6;504.82;548.52;576.0;544.75
1851;Penedo;AL;Privada;28;517.42;506.13;486.72;540.25;672.86;544.68
1852;Capitólio;MG;Estadual;37;538.36;534.61;493.67;558.21;598.38;544.65
1853;São João do Itaperiú;SC;Estadual;10;552.3;500.19;479.91;574.84;616.0;544.65
1854;Silveira Martins;RS;Estadual;13;534.81;554.67;495.16;527.49;610.77;544.58
1855;Olímpia;SP;Estadual;213;536.48;523.58;493.96;565.27;603.29;544.51
1856;Guimarânia;MG;Estadual;25;530.7;528.46;484.33;544.64;634.4;544.5
1857;Domingos Martins;ES;Estadual;202;521.53;522.93;487.44;562.42;628.02;544.47
1858;Álvares Machado;SP;Privada;44;523.95;520.92;506.27;581.09;590.0;544.45
1859;São José do Ouro;RS;Estadual;37;535.54;517.51;478.37;535.17;655.68;544.45
1860;Conceição do Araguaia;PA;Privada;64;524.22;518.55;473.0;536.3;670.0;544.41
1861;Pinheiro Preto;SC;Estadual;4;534.78;545.22;452.5;579.4;610.0;544.38
1862;Quinta do Sol;PR;Estadual;7;535.96;526.64;481.54;511.86;665.71;544.34
1863;Rio dos Cedros;SC;Estadual;41;542.02;540.31;472.93;554.45;610.73;544.09
1864;Jaú;SP;Estadual;627;537.33;523.93;486.85;546.91;625.3;544.06
1865;Picada Café;RS;Estadual;12;545.95;541.88;473.43;552.16;606.67;544.02
1866;Tibagi;PR;Privada;5;562.2;555.38;537.08;517.08;548.0;543.95
1867;São João do Polêsine;RS;Estadual;19;504.84;507.61;482.32;545.94;678.95;543.93
1868;Vila Nova do Sul;RS;Estadual;11;518.65;514.47;488.73;577.63;620.0;543.89
1869;Brotas de Macaúbas;BA;Privada;7;519.91;518.03;448.5;546.11;685.71;543.65
1870;Oeiras;PI;Federal;59;516.3;502.54;482.48;534.22;682.71;543.65
1871;Caetanópolis;MG;Estadual;10;531.69;508.28;461.0;545.23;672.0;543.64
1872;Confresa;MT;Federal;44;524.05;521.4;497.57;524.15;650.91;543.62
1873;Catas Altas da Noruega;MG;Privada;1;541.8;562.0;521.9;612.2;480.0;543.58
1874;Ceará-Mirim;RN;Municipal;1;557.1;542.6;523.4;474.3;620.0;543.48
1875;Astorga;PR;Federal;22;541.69;553.34;500.12;523.88;598.18;543.44
1876;Cascavel;CE;Privada;34;548.47;513.29;490.73;535.7;628.82;543.4
1877;São Cristóvão;SE;Privada;23;528.41;507.63;490.03;525.68;665.22;543.39
1878;Cametá;PA;Privada;156;507.84;496.59;473.56;516.65;722.31;543.39
1879;Itamaraju;BA;Municipal;1;551.3;553.5;525.0;467.1;620.0;543.38
1880;Piedade do Rio Grande;MG;Estadual;21;515.79;506.86;481.36;583.05;629.52;543.32
1881;Seropédica;RJ;Privada;33;537.24;526.88;495.87;566.08;590.3;543.28
1882;Viadutos;RS;Estadual;16;516.66;510.12;488.41;582.24;618.75;543.24
1883;Nova Petrópolis;RS;Estadual;30;538.62;530.1;489.43;551.91;606.0;543.21
1884;Teodoro Sampaio;SP;Privada;7;532.24;548.2;480.09;566.84;588.57;543.19
1885;Mariápolis;SP;Estadual;1;527.4;521.0;501.8;405.7;760.0;543.18
1886;Santa Clara do Sul;RS;Estadual;15;528.92;528.32;496.68;575.27;586.67;543.17
1887;Descanso;SC;Estadual;23;527.74;524.79;480.09;564.65;618.26;543.11
1888;São Pedro;SP;Estadual;135;544.87;537.39;499.1;555.14;578.67;543.03
1889;Lontras;SC;Estadual;27;549.06;531.46;469.08;543.91;621.48;543.0
1890;Ceará-Mirim;RN;Privada;6;538.7;559.0;499.62;514.35;603.33;543.0
1891;Várzea Grande;MT;Federal;137;527.4;523.76;478.18;549.83;635.77;542.99
1892;Novo Gama;GO;Privada;15;532.63;510.61;484.81;560.23;626.67;542.99
1893;Erechim;RS;Estadual;396;535.85;529.47;488.91;548.46;612.07;542.95
1894;Cocalinho;MT;Estadual;2;517.5;552.75;495.4;479.1;670.0;542.95
1895;Santa Rita;PB;Privada;48;524.4;511.71;490.43;518.56;669.58;542.94
1896;Ivatuba;PR;Privada;42;537.64;515.9;492.62;543.9;624.29;542.87
1897;Nova Londrina;PR;Privada;1;501.9;539.3;547.2;565.9;560.0;542.86
1898;Palhoça;SC;Federal;25;544.2;527.52;488.68;528.14;625.6;542.83
1899;Ribeirópolis;SE;Estadual;106;510.71;502.62;478.88;515.43;706.42;542.81
1900;Manacapuru;AM;Federal;46;532.68;519.6;493.7;547.57;620.43;542.8
1901;Nova Odessa;SP;Estadual;211;542.96;528.5;485.49;547.03;609.86;542.77
1902;Bom Despacho;MG;Estadual;189;535.36;519.11;486.17;550.79;622.33;542.75
1903;Monte Carmelo;MG;Estadual;189;527.65;517.39;496.72;552.52;619.47;542.75
1904;Jardinópolis;SC;Estadual;10;521.57;528.35;451.38;582.41;630.0;542.74
1905;Barroso;MG;Estadual;94;532.77;521.09;481.7;549.33;628.51;542.68
1906;Derrubadas;RS;Estadual;17;500.38;507.55;476.53;558.19;670.59;542.65
1907;Planalto da Serra;MT;Estadual;11;508.33;497.89;482.19;551.87;672.73;542.6
1908;Juazeiro;BA;Federal;63;544.9;534.04;472.86;521.08;640.0;542.58
1909;Hidrolina;GO;Estadual;13;530.45;504.62;503.93;559.92;613.85;542.55
1910;Vargem Grande do Sul;SP;Privada;13;518.33;537.38;492.08;561.88;603.08;542.55
1911;Porto Nacional;TO;Federal;69;527.46;530.75;472.0;517.73;664.64;542.52
1912;Formiga;MG;Estadual;184;531.47;517.24;470.54;556.83;636.41;542.5
1913;Santo Antônio do Planalto;RS;Estadual;8;544.75;532.6;473.72;533.83;627.5;542.48
1914;Nova Bassano;RS;Estadual;18;541.85;515.54;475.65;527.92;651.11;542.41
1915;Marechal Deodoro;AL;Federal;123;529.66;521.89;489.18;530.49;640.49;542.34
1916;Divinópolis;MG;Estadual;997;531.26;517.5;486.1;551.17;625.22;542.25
1917;Santo Augusto;RS;Estadual;40;531.16;532.14;487.73;537.51;622.5;542.21
1918;Ouro;SC;Estadual;29;533.17;529.5;503.46;544.19;600.69;542.2
1919;Barra Bonita;SP;Estadual;183;534.47;522.48;487.24;554.41;611.58;542.04
1920;Santo Antônio do Palma;RS;Estadual;10;513.63;491.36;486.09;508.91;710.0;542.0
1921;Gonçalves;MG;Estadual;20;538.12;540.48;503.2;540.9;587.0;541.94
1922;Garopaba;SC;Estadual;105;536.57;525.47;498.09;545.31;604.19;541.93
1923;Novo Horizonte;SP;Estadual;173;521.32;505.67;476.8;531.97;673.76;541.9
1924;Lagoa Dourada;MG;Estadual;107;522.24;511.29;483.91;550.8;641.12;541.87
1925;Japeri;RJ;Privada;3;544.67;559.57;516.6;548.37;540.0;541.84
1926;São José de Ribamar;MA;Federal;153;532.44;523.45;484.18;527.39;641.57;541.81
1927;Presidente Bernardes;MG;Estadual;28;520.25;523.46;503.3;531.94;630.0;541.79
1928;Ipumirim;SC;Estadual;17;538.49;519.54;485.26;507.46;657.65;541.68
1929;Ribeirão Corrente;SP;Estadual;14;536.75;522.06;482.24;524.46;642.86;541.67
1930;Uibaí;BA;Privada;6;549.65;535.33;503.77;496.15;623.33;541.65
1931;Urutaí;GO;Federal;76;517.82;507.27;497.67;535.64;649.74;541.63
1932;Botelhos;MG;Estadual;43;535.69;524.93;489.77;550.63;606.98;541.6
1933;São Vicente de Minas;MG;Estadual;52;526.37;523.2;489.67;514.75;653.85;541.57
1934;Constantina;RS;Estadual;68;529.13;530.71;488.52;545.54;613.82;541.54
1935;Seabra;BA;Privada;15;513.24;510.59;498.14;549.48;636.0;541.49
1936;Jundiaí;SP;Estadual;1309;543.71;532.42;490.69;548.88;591.11;541.36
1937;Goiás;GO;Estadual;128;526.54;524.1;479.05;531.16;645.78;541.33
1938;Vale do Sol;RS;Estadual;14;527.0;546.73;480.3;535.35;617.14;541.3
1939;Guaporé;RS;Estadual;64;527.64;525.08;476.26;545.18;632.19;541.27
1940;Ourizona;PR;Estadual;5;505.68;514.5;497.22;556.32;632.0;541.14
1941;Itá;SC;Estadual;30;524.93;526.59;478.61;556.77;618.67;541.11
1942;Poço Fundo;MG;Estadual;60;517.92;516.18;495.5;575.91;600.0;541.1
1943;Canaã;MG;Estadual;29;503.77;523.79;497.6;539.2;640.69;541.01
1944;Goiás;GO;Federal;33;528.13;527.83;476.39;510.29;662.42;541.01
1945;São Lourenço da Mata;PE;Privada;8;523.81;494.75;472.28;536.15;677.5;540.9
1946;Rio Paranaíba;MG;Estadual;49;523.12;510.59;489.32;557.26;624.08;540.87
1947;Abdon Batista;SC;Estadual;4;523.52;546.28;493.38;571.02;570.0;540.84
1948;Paraíso;SC;Estadual;10;510.47;532.02;496.85;540.75;624.0;540.82
1949;Porto Feliz;SP;Privada;18;548.82;514.52;506.53;562.56;571.11;540.71
1950;Itacoatiara;AM;Privada;26;544.66;524.57;483.72;562.87;587.69;540.7
1951;São José do Hortêncio;RS;Estadual;14;552.95;549.16;496.51;544.75;560.0;540.68
1952;Restinga Sêca;RS;Estadual;37;525.1;526.29;483.53;543.83;624.32;540.61
1953;Carmo do Paranaíba;MG;Estadual;134;524.41;510.37;481.34;530.38;656.27;540.55
1954;Paragominas;PA;Federal;68;525.59;509.68;486.34;501.22;679.71;540.51
1955;Presidente Tancredo Neves;BA;Privada;3;529.93;528.07;531.87;532.4;580.0;540.45
1956;Santo Ângelo;RS;Estadual;235;536.08;523.01;485.82;555.51;601.7;540.42
1957;Jampruca;MG;Estadual;10;529.74;511.2;504.85;522.33;634.0;540.42
1958;Jales;SP;Estadual;187;534.51;520.46;485.59;552.17;609.3;540.41
1959;Bueno Brandão;MG;Estadual;53;520.34;515.08;477.85;537.65;650.94;540.37
1960;Rio Novo;MG;Estadual;24;534.97;520.48;481.8;559.53;605.0;540.36
1961;Comendador Gomes;MG;Estadual;8;533.4;530.78;477.82;559.66;600.0;540.33
1962;Sarandi;RS;Estadual;89;531.58;535.89;482.23;528.02;623.82;540.31
1963;Jesuânia;MG;Estadual;11;529.65;519.98;503.07;539.77;609.09;540.31
1964;Areial;PB;Estadual;35;518.65;511.27;481.71;510.43;679.43;540.3
1965;Iguape;SP;Privada;8;547.09;531.02;515.58;550.0;557.5;540.24
1966;Venda Nova do Imigrante;ES;Estadual;117;522.15;517.89;490.98;565.59;604.62;540.24
1967;Bom Princípio;RS;Estadual;9;541.8;525.88;493.83;550.64;588.89;540.21
1968;Osório;RS;Estadual;158;533.59;519.54;480.64;542.81;623.92;540.1
1969;Luminárias;MG;Estadual;33;521.81;517.82;485.48;519.51;655.76;540.08
1970;Lajeado;RS;Estadual;89;539.89;517.04;479.5;544.53;619.1;540.01
1971;Corrente;PI;Federal;71;514.88;522.78;464.97;504.99;692.39;540.0
1972;Guarujá do Sul;SC;Estadual;29;504.21;512.13;482.27;544.84;656.55;540.0
1973;Moreno;PE;Privada;35;522.6;534.06;494.75;526.16;622.29;539.97
1974;Braganey;PR;Privada;16;523.58;517.25;496.24;547.78;615.0;539.97
1975;Cordilheira Alta;SC;Estadual;15;523.75;530.98;480.89;534.63;629.33;539.92
1976;Abaeté;MG;Estadual;81;527.1;517.05;488.27;564.24;602.72;539.88
1977;Zé Doca;MA;Federal;54;521.12;516.35;473.71;528.62;659.63;539.88
1978;Vargem Alta;ES;Estadual;129;524.3;520.82;484.83;544.78;624.65;539.87
1979;Matupá;MT;Privada;6;536.62;522.3;502.18;541.5;596.67;539.85
1980;Presidente Olegário;MG;Estadual;66;524.44;523.36;490.45;547.6;613.33;539.84
1981;Pimenta;MG;Estadual;50;529.41;530.77;505.75;553.64;579.6;539.83
1982;Tucunduva;RS;Estadual;24;507.8;531.18;491.41;530.26;638.33;539.8
1983;Laranjeiras do Sul;PR;Estadual;131;535.04;533.52;493.4;546.37;590.53;539.77
1984;Adamantina;SP;Estadual;102;539.44;520.97;485.91;544.23;608.24;539.76
1985;Viçosa;AL;Federal;10;529.54;498.74;483.93;516.28;670.0;539.7
1986;Sena Madureira;AC;Federal;57;528.62;511.05;481.3;525.83;651.58;539.68
1987;Sumé;PB;Privada;3;518.97;488.6;485.0;525.57;680.0;539.63
1988;Italva;RJ;Estadual;53;532.94;525.82;490.81;533.41;615.09;539.61
1989;Florínea;SP;Estadual;11;519.1;502.84;475.36;520.35;680.0;539.53
1990;Fernandópolis;SP;Estadual;295;529.83;513.84;487.13;547.6;618.85;539.45
1991;Americana;SP;Estadual;809;541.41;525.98;490.11;547.39;592.31;539.44
1992;Inhuma;PI;Privada;15;524.56;502.29;481.21;536.64;652.0;539.34
1993;Goianésia;GO;Estadual;361;520.38;511.28;482.27;542.56;639.83;539.26
1994;Rodeiro;MG;Estadual;34;518.84;516.46;484.49;541.49;634.71;539.2
1995;Toledo;PR;Estadual;768;535.51;528.3;486.0;548.98;597.06;539.17
1996;Estação;RS;Estadual;15;541.2;528.59;484.97;504.79;636.0;539.11
1997;Campinas;SP;Municipal;3;539.97;526.73;452.37;509.5;666.67;539.05
1998;Marau;RS;Estadual;182;520.61;510.88;474.05;518.63;670.99;539.03
1999;Morrinhos do Sul;RS;Estadual;18;509.62;520.28;464.69;565.98;634.44;539.0
2000;Tiros;MG;Estadual;18;542.22;519.28;473.81;528.41;631.11;538.97
2001;Silveirânia;MG;Estadual;23;530.33;513.77;489.22;566.49;593.91;538.74
2002;Flórida;PR;Estadual;2;544.85;565.0;499.3;554.5;530.0;538.73
2003;São João Batista do Glória;MG;Estadual;38;497.26;479.72;473.92;529.08;713.68;538.73
2004;Teófilo Otoni;MG;Municipal;1;545.9;529.1;529.1;509.3;580.0;538.68
2005;Rio Claro;SP;Estadual;584;539.21;531.17;493.06;550.19;579.76;538.68
2006;São Caetano do Sul;SP;Estadual;599;542.24;527.46;486.75;551.09;585.88;538.68
2007;Garibaldi;RS;Estadual;65;536.89;524.44;479.51;555.84;596.62;538.66
2008;Canguaretama;RN;Privada;10;535.33;504.25;494.64;548.99;610.0;538.64
2009;Monte Belo do Sul;RS;Estadual;8;515.56;528.21;466.02;568.14;615.0;538.59
2010;Silvânia;GO;Privada;50;516.06;510.73;484.71;561.61;619.6;538.54
2011;São Francisco do Guaporé;RO;Privada;2;486.05;495.65;467.95;502.95;740.0;538.52
2012;Capela;SE;Privada;20;506.99;474.88;446.49;494.24;770.0;538.52
2013;Lorena;SP;Estadual;218;538.99;526.49;486.47;541.26;599.27;538.49
2014;Leme;SP;Estadual;184;537.6;523.28;494.89;541.55;595.11;538.48
2015;Resende Costa;MG;Municipal;19;516.31;516.31;497.78;570.09;591.58;538.41
2016;Iporã do Oeste;SC;Estadual;46;522.34;511.91;491.15;564.85;601.74;538.4
2017;Mocajuba;PA;Privada;9;531.14;516.31;481.93;511.2;651.11;538.34
2018;Leme do Prado;MG;Estadual;58;514.49;513.18;481.36;514.03;668.62;538.34
2019;Pedra do Anta;MG;Estadual;21;505.76;502.18;477.85;553.55;652.38;538.34
2020;Barra do Garças;MT;Federal;103;530.02;517.84;486.1;535.49;621.75;538.24
2021;Harmonia;RS;Estadual;21;529.47;507.92;490.16;569.3;594.29;538.23
2022;Santa Albertina;SP;Estadual;17;527.79;506.59;500.06;533.03;623.53;538.2
2023;Codó;MA;Federal;122;520.18;521.86;480.88;513.27;654.59;538.16
2024;Manhuaçu;MG;Estadual;301;525.99;516.01;482.54;542.73;623.26;538.11
2025;Fartura;SP;Estadual;100;526.49;518.18;471.21;546.53;628.0;538.08
2026;Monte Alegre de Minas;MG;Municipal;12;526.02;529.68;502.77;546.82;585.0;538.06
2027;Capelinha;MG;Estadual;181;530.77;523.94;488.65;553.97;592.93;538.05
2028;Rancharia;SP;Privada;10;530.05;527.52;505.16;561.39;566.0;538.02
2029;Santa Maria do Herval;RS;Estadual;23;546.9;540.6;492.78;571.43;538.26;538.0
2030;Marques de Souza;RS;Estadual;10;535.84;541.63;498.7;571.51;542.0;537.94
2031;Santa Maria Madalena;RJ;Estadual;25;527.45;531.44;487.66;530.11;612.8;537.89
2032;Santa Cecília do Sul;RS;Estadual;7;534.61;538.99;479.31;573.43;562.86;537.84
2033;Divinésia;MG;Estadual;18;510.67;494.48;471.68;577.93;634.44;537.84
2034;Vale Verde;RS;Estadual;16;527.45;527.21;454.81;529.62;650.0;537.82
2035;Matão;SP;Federal;79;536.81;515.42;501.29;534.73;600.76;537.8
2036;São Sebastião do Anta;MG;Estadual;20;537.24;518.4;506.89;524.4;602.0;537.79
2037;Cotia;SP;Municipal;1;547.6;592.4;531.5;417.4;600.0;537.78
2038;Abaetetuba;PA;Federal;135;521.61;511.44;481.66;515.01;659.11;537.77
2039;Piau;MG;Estadual;6;529.93;499.6;496.35;559.23;603.33;537.69
2040;Ibirá;SP;Estadual;7;529.07;527.09;512.34;562.7;557.14;537.67
2041;Anápolis;GO;Estadual;1466;530.85;514.56;480.39;535.52;626.77;537.62
2042;Redenção;CE;Privada;5;517.28;471.14;459.88;563.7;676.0;537.6
2043;Nanuque;MG;Privada;4;541.45;488.25;560.35;502.72;595.0;537.56
2044;Capela Nova;MG;Estadual;19;529.81;512.69;471.78;539.64;633.68;537.52
2045;Rio do Campo;SC;Estadual;31;525.7;521.55;493.4;554.69;592.26;537.52
2046;Carmo do Cajuru;MG;Estadual;85;514.64;507.88;478.72;546.49;639.76;537.5
2047;Xapuri;AC;Federal;69;521.73;499.66;514.27;537.68;613.91;537.45
2048;Santa Bárbara d'Oeste;SP;Estadual;532;536.77;522.51;485.83;540.14;601.92;537.43
2049;Quissamã;RJ;Privada;1;584.9;525.3;518.3;438.6;620.0;537.42
2050;Gramado dos Loureiros;RS;Estadual;11;504.75;547.85;502.2;537.63;594.55;537.4
2051;Sapiranga;RS;Estadual;205;536.19;523.5;470.06;540.34;616.59;537.34
2052;Floraí;PR;Estadual;10;532.73;516.47;466.19;532.9;638.0;537.26
2053;Dona Eusébia;MG;Estadual;24;526.36;527.18;479.87;540.28;612.5;537.24
2054;Chapadão do Lageado;SC;Estadual;9;496.87;495.1;460.16;513.68;720.0;537.16
2055;São José do Cedro;SC;Estadual;52;521.84;521.72;496.31;564.47;581.15;537.1
2056;Martinho Campos;MG;Municipal;4;551.58;502.38;459.55;501.85;670.0;537.07
2057;Batalha;AL;Federal;48;517.42;506.84;485.54;514.54;660.83;537.04
2058;Bauru;SP;Estadual;1118;537.25;529.11;489.24;541.76;587.66;537.0
2059;Uruçuca;BA;Federal;44;521.45;509.08;485.61;499.62;669.09;536.97
2060;Três Forquilhas;RS;Estadual;11;524.8;499.3;489.13;542.45;629.09;536.95
2061;São Valentim;RS;Estadual;16;521.42;513.08;493.8;521.48;635.0;536.95
2062;Chapadão do Céu;GO;Privada;4;525.08;503.08;526.3;545.22;585.0;536.93
2063;Itirapina;SP;Estadual;27;530.39;518.27;494.16;559.56;582.22;536.92
2064;Cabo Frio;RJ;Municipal;99;530.0;518.3;483.63;524.14;628.48;536.91
2065;São Paulo das Missões;RS;Estadual;27;527.32;517.65;464.39;578.04;597.04;536.89
2066;Maria Helena;PR;Estadual;6;523.97;549.45;461.87;519.18;630.0;536.89
2067;Ijuí;RS;Municipal;18;527.39;520.56;522.87;543.62;570.0;536.89
2068;Dormentes;PE;Estadual;83;512.43;509.59;458.95;527.97;675.42;536.87
2069;São Valério do Sul;RS;Estadual;3;549.27;539.27;527.37;514.87;553.33;536.82
2070;Erval Grande;RS;Estadual;13;519.99;538.85;498.65;541.95;584.62;536.81
2071;Catanduva;SP;Estadual;299;538.7;519.33;483.91;553.11;588.96;536.8
2072;Selbach;RS;Estadual;6;506.47;526.2;476.4;571.3;603.33;536.74
2073;Santa Maria;RS;Estadual;752;535.12;525.98;480.53;523.12;618.91;536.73
2074;Ipiranga;PR;Estadual;29;546.98;545.59;498.02;533.56;559.31;536.69
2075;Mongaguá;SP;Privada;7;553.0;508.29;504.54;540.41;577.14;536.68
2076;Santa Helena de Goiás;GO;Privada;31;538.07;517.07;484.47;544.35;599.35;536.66
2077;Biquinhas;MG;Estadual;13;528.23;523.39;485.99;533.38;612.31;536.66
2078;Boa Vista das Missões;RS;Estadual;7;531.1;499.49;433.93;490.11;728.57;536.64
2079;Pai Pedro;MG;Estadual;15;513.33;515.02;504.75;525.85;624.0;536.59
2080;Campestre;MG;Estadual;64;526.56;514.78;477.33;536.21;627.81;536.54
2081;São João dos Patos;MA;Federal;101;516.08;511.28;481.89;520.46;652.67;536.48
2082;Pariquera-Açu;SP;Privada;8;531.81;539.36;513.02;555.69;542.5;536.48
2083;Morro Reuter;RS;Estadual;15;539.93;525.99;484.04;539.02;593.33;536.46
2084;São Lourenço da Mata;PE;Federal;65;524.83;524.53;491.42;514.86;626.46;536.42
2085;Lagoa dos Três Cantos;RS;Estadual;6;525.47;529.57;482.5;551.08;593.33;536.39
2086;Patos de Minas;MG;Estadual;540;528.14;515.53;484.57;537.73;615.89;536.37
2087;Cândido Mota;SP;Privada;2;540.9;491.9;472.45;546.6;630.0;536.37
2088;Lagoa da Prata;MG;Estadual;167;525.37;507.15;481.38;540.09;627.54;536.31
2089;Catanduvas;PR;Estadual;37;532.47;522.65;484.64;525.21;616.22;536.24
2090;União da Serra;RS;Estadual;2;545.1;540.5;490.5;584.95;520.0;536.21
2091;Novo Progresso;PA;Privada;12;507.08;509.63;495.3;555.69;613.33;536.21
2092;Orlândia;SP;Estadual;162;533.58;509.41;486.33;533.45;618.27;536.21
2093;Marco;CE;Privada;20;529.81;490.06;471.76;541.28;648.0;536.18
2094;Entre Folhas;MG;Estadual;41;528.12;526.18;475.91;544.8;605.85;536.17
2095;Saudade do Iguaçu;PR;Estadual;34;528.59;514.65;473.28;523.7;640.59;536.16
2096;Peixoto de Azevedo;MT;Privada;2;526.6;540.8;448.0;555.35;610.0;536.15
2097;Gaurama;RS;Estadual;21;519.59;522.0;476.8;511.86;650.48;536.14
2098;Uberlândia;MG;Estadual;2362;530.55;514.09;481.34;534.61;620.11;536.14
2099;Zortéa;SC;Estadual;4;535.75;512.58;468.35;533.92;630.0;536.12
2100;Rio de Contas;BA;Estadual;38;519.65;515.13;468.05;544.58;633.16;536.11
2101;Caibaté;RS;Estadual;8;521.6;523.39;518.92;546.59;570.0;536.1
2102;Boa Vista do Sul;RS;Estadual;10;502.68;513.69;498.23;599.81;566.0;536.08
2103;Satuba;AL;Federal;128;522.14;505.82;484.44;523.4;644.53;536.07
2104;Gameleira de Goiás;GO;Estadual;21;524.4;515.95;480.46;520.45;639.05;536.06
2105;São Sebastião do Caí;RS;Estadual;54;536.69;532.6;473.9;540.82;595.93;535.99
2106;Belo Oriente;MG;Estadual;71;520.74;507.27;480.24;557.73;613.8;535.96
2107;Lindóia do Sul;SC;Estadual;14;511.29;525.54;480.69;553.13;608.57;535.84
2108;Marituba;PA;Privada;23;518.97;519.91;499.68;524.08;616.52;535.83
2109;Alpestre;RS;Estadual;34;537.19;518.03;466.1;541.25;616.47;535.81
2110;São Bento do Sapucaí;SP;Estadual;31;533.71;524.54;495.62;540.03;585.16;535.81
2111;Balneário Arroio do Silva;SC;Estadual;17;540.58;536.14;509.14;514.32;578.82;535.8
2112;Alto Caparaó;MG;Estadual;14;546.89;512.7;474.14;555.13;590.0;535.77
2113;Ariranha;SP;Estadual;17;529.46;517.45;472.85;543.62;615.29;535.73
2114;Itabira;MG;Estadual;434;528.67;520.42;482.31;531.54;615.62;535.71
2115;Guaxupé;MG;Estadual;157;529.59;515.34;478.12;542.06;613.38;535.7
2116;Jesúpolis;GO;Estadual;8;539.85;531.21;474.45;525.31;607.5;535.66
2117;Araras;SP;Estadual;415;535.81;522.5;488.4;549.18;582.36;535.65
2118;Casa Grande;MG;Estadual;16;518.61;540.61;463.72;532.74;622.5;535.64
2119;Estrela do Norte;SP;Estadual;17;534.9;519.61;476.42;521.35;625.88;535.63
2120;Salgueiro;PE;Privada;17;522.84;511.55;494.91;537.09;611.76;535.63
2121;Fernando de Noronha;PE;Estadual;9;537.76;505.04;473.73;577.09;584.44;535.61
2122;São Ludgero;SC;Estadual;33;525.45;522.05;475.39;548.49;606.67;535.61
2123;Nova Aliança;SP;Estadual;21;547.43;520.07;478.33;579.8;552.38;535.6
2124;Pareci Novo;RS;Estadual;13;520.23;524.85;463.79;570.3;598.46;535.53
2125;Passo Fundo;RS;Estadual;506;530.28;522.03;481.0;542.29;601.7;535.46
2126;Conselheiro Mairinck;PR;Estadual;17;518.76;514.01;455.35;522.07;667.06;535.45
2127;Bossoroca;RS;Estadual;17;525.06;511.49;475.74;518.88;645.88;535.41
2128;Catanduvas;SC;Estadual;16;521.11;531.52;492.02;529.61;602.5;535.35
2129;Maratá;RS;Estadual;7;541.13;521.41;452.96;541.03;620.0;535.31
2130;Três Passos;RS;Estadual;105;526.57;522.68;480.06;531.98;615.05;535.27
2131;Fazenda Nova;GO;Estadual;26;518.91;499.47;468.8;525.23;663.85;535.25
2132;Estância;SE;Federal;57;508.04;508.65;494.88;539.78;624.91;535.25
2133;Pantano Grande;RS;Estadual;41;549.32;534.59;462.56;502.81;626.83;535.22
2134;Queimadas;PB;Privada;13;513.48;483.25;489.45;536.08;653.85;535.22
2135;Agudo;RS;Estadual;57;526.94;516.54;472.24;531.51;628.77;535.2
2136;Cidade Ocidental;GO;Privada;15;535.8;541.36;488.47;506.35;604.0;535.2
2137;Itapira;SP;Estadual;165;536.51;526.3;488.32;535.4;589.33;535.17
2138;Alpercata;MG;Estadual;17;529.29;510.94;492.45;526.66;616.47;535.16
2139;Bom Retiro do Sul;RS;Estadual;28;533.7;521.75;460.21;530.78;629.29;535.14
2140;São José do Herval;RS;Estadual;1;576.9;589.0;494.9;434.7;580.0;535.1
2141;Santana de Cataguases;MG;Estadual;9;531.38;531.02;500.31;494.29;617.78;534.96
2142;Campo Bonito;PR;Estadual;13;537.75;516.33;496.48;541.09;583.08;534.95
2143;Sertão Santana;RS;Estadual;33;529.61;527.0;485.01;545.81;587.27;534.94
2144;Coxim;MS;Privada;3;529.2;460.87;544.27;526.87;613.33;534.91
2145;Nova Monte Verde;MT;Estadual;13;532.95;529.91;497.38;555.55;558.46;534.85
2146;Novo Repartimento;PA;Privada;8;508.39;510.91;487.51;544.54;622.5;534.77
2147;Diamantino;MT;Federal;37;525.55;508.76;492.24;510.29;636.76;534.72
2148;Paula Cândido;MG;Estadual;48;508.5;497.8;478.23;499.92;688.75;534.64
2149;Pejuçara;RS;Estadual;9;519.89;526.11;480.92;514.97;631.11;534.6
2150;Itapiranga;SC;Estadual;88;522.94;519.29;480.14;552.94;597.27;534.52
2151;Teixeira;PB;Privada;13;512.55;522.04;478.2;534.78;624.62;534.44
2152;Assis;SP;Estadual;334;536.3;523.3;483.78;546.63;582.16;534.43
2153;Cafelândia;SP;Privada;2;533.1;502.6;480.05;536.25;620.0;534.4
2154;Maragogi;AL;Federal;77;527.82;510.0;481.91;520.77;631.43;534.39
2155;Florianópolis;SC;Municipal;4;567.12;543.45;461.92;494.28;605.0;534.36
2156;Passa Tempo;MG;Estadual;23;529.83;511.23;474.57;542.97;613.04;534.33
2157;Ivoti;RS;Estadual;64;532.86;523.07;477.43;552.5;585.62;534.3
2158;Taquarituba;SP;Estadual;106;539.21;522.17;482.86;547.37;579.62;534.25
2159;Araraquara;SP;Estadual;559;534.85;519.69;480.78;533.53;601.82;534.14
2160;Iraí;RS;Estadual;29;524.11;514.46;472.62;521.26;637.93;534.08
2161;Marilândia;ES;Estadual;76;519.58;523.83;472.78;541.5;612.63;534.06
2162;Rianápolis;GO;Estadual;29;519.32;505.76;474.89;544.07;626.21;534.05
2163;Barão de Cocais;MG;Estadual;125;531.08;519.82;484.44;535.87;598.88;534.02
2164;União da Vitória;PR;Privada;41;536.38;528.85;479.83;551.62;573.17;533.97
2165;Lagoa Bonita do Sul;RS;Estadual;10;497.46;483.65;456.4;562.28;670.0;533.96
2166;João Neiva;ES;Estadual;39;525.18;507.5;469.32;530.3;637.44;533.95
2167;Porto Xavier;RS;Estadual;48;525.55;508.14;470.17;535.04;630.83;533.95
2168;Caxias do Sul;RS;Estadual;976;536.45;522.21;474.23;536.91;599.86;533.93
2169;Nova Candelária;RS;Estadual;12;518.45;524.77;494.13;552.29;580.0;533.93
2170;Abre Campo;MG;Estadual;49;526.29;511.69;482.78;540.28;608.57;533.92
2171;Mogi Guaçu;SP;Estadual;267;540.43;525.37;480.53;545.96;577.15;533.89
2172;Atibaia;SP;Estadual;374;540.02;523.47;487.77;535.69;582.14;533.82
2173;Medianeira;PR;Estadual;198;531.76;523.78;490.25;539.93;583.33;533.81
2174;Realeza;PR;Estadual;77;531.92;520.57;475.81;545.97;594.55;533.76
2175;São José do Alegre;MG;Estadual;15;529.63;501.67;494.94;570.06;572.0;533.66
2176;Tanque Novo;BA;Estadual;94;503.61;484.18;458.38;529.36;692.34;533.57
2177;São José do Rio Pardo;SP;Estadual;184;531.68;510.36;478.96;542.72;604.13;533.57
2178;Catas Altas;MG;Estadual;23;520.9;518.27;487.34;529.91;611.3;533.54
2179;Barbacena;MG;Estadual;396;530.97;519.48;487.98;543.32;585.96;533.54
2180;Arroio do Tigre;RS;Estadual;76;512.58;504.13;444.87;518.92;687.11;533.52
2181;Ipanema;MG;Estadual;72;510.38;490.67;465.47;518.04;683.06;533.52
2182;São Francisco de Paula;MG;Estadual;33;534.03;524.72;478.42;506.71;623.64;533.5
2183;Mineiros do Tietê;SP;Estadual;24;541.32;526.55;491.8;542.8;565.0;533.49
2184;Loanda;PR;Privada;21;525.75;516.25;495.09;557.86;572.38;533.47
2185;Tatuí;SP;Estadual;350;536.46;525.15;487.21;548.24;570.23;533.46
2186;Novo Hamburgo;RS;Municipal;1;522.7;556.8;430.7;577.0;580.0;533.44
2187;Canela;RS;Estadual;95;539.26;526.17;475.67;527.75;598.32;533.43
2188;Viradouro;SP;Municipal;1;549.2;549.5;531.5;456.8;580.0;533.4
2189;Cantagalo;RJ;Estadual;50;525.19;510.47;492.47;516.83;622.0;533.39
2190;Palotina;PR;Estadual;116;525.27;527.02;482.93;532.77;598.97;533.39
2191;Sacramento;MG;Estadual;86;521.2;505.84;476.32;547.95;615.58;533.38
2192;Rancho Queimado;SC;Estadual;4;536.65;548.62;452.35;549.28;580.0;533.38
2193;Vargem Grande;MA;Municipal;20;511.64;507.61;468.83;498.53;680.0;533.32
2194;Cachoeira de Minas;MG;Estadual;35;523.92;515.62;501.72;563.56;561.71;533.31
2195;São João do Oeste;SC;Estadual;43;524.2;508.3;486.52;557.66;589.77;533.29
2196;Dracena;SP;Estadual;138;531.14;519.45;492.56;542.31;580.87;533.27
2197;Trabiju;SP;Estadual;8;525.28;528.54;497.5;529.99;585.0;533.26
2198;Macaparana;PE;Estadual;169;502.22;497.22;475.12;535.15;656.57;533.26
2199;Lagoa do Piauí;PI;Municipal;1;484.4;533.7;493.1;435.0;720.0;533.24
2200;Coqueiro Baixo;RS;Estadual;8;525.0;514.04;481.34;555.76;590.0;533.23
2201;Pirassununga;SP;Estadual;137;539.69;525.03;488.5;538.48;574.45;533.23
2202;Motuca;SP;Estadual;1;540.6;548.6;533.2;463.7;580.0;533.22
2203;Salgueiro;PE;Federal;37;520.83;501.45;493.66;550.0;600.0;533.19
2204;Ubatuba;SP;Municipal;79;545.25;528.31;468.86;548.07;575.44;533.19
2205;Itatiba;SP;Estadual;477;535.91;522.09;486.04;544.22;577.57;533.17
2206;Pouso Novo;RS;Estadual;8;517.49;516.85;490.39;513.59;627.5;533.16
2207;Visconde do Rio Branco;MG;Privada;14;501.13;515.29;479.36;522.81;647.14;533.15
2208;Wenceslau Braz;MG;Estadual;15;533.45;543.51;475.91;542.15;570.67;533.14
2209;Bom Jesus do Galho;MG;Estadual;53;519.18;509.02;480.57;531.62;625.28;533.14
2210;Monte Alegre de Sergipe;SE;Estadual;48;505.51;489.54;469.94;531.86;668.75;533.12
2211;Itapecerica;MG;Estadual;93;516.13;504.45;472.53;550.18;622.15;533.09
2212;Cedro do Abaeté;MG;Estadual;8;517.95;470.14;456.84;557.86;662.5;533.06
2213;São José do Vale do Rio Preto;RJ;Estadual;58;525.68;518.8;480.23;525.28;615.17;533.03
2214;Palestina de Goiás;GO;Estadual;2;520.35;464.0;510.15;510.5;660.0;533.0
2215;Humaitá;RS;Estadual;22;526.87;521.13;492.2;519.17;605.45;532.96
2216;Mococa;SP;Estadual;290;525.11;512.44;481.5;538.1;607.52;532.93
2217;Carmo;RJ;Estadual;82;523.4;508.99;468.9;516.7;646.59;532.91
2218;Serrinha;BA;Federal;49;514.94;515.61;510.72;491.42;631.84;532.91
2219;Candiba;BA;Estadual;95;487.9;490.36;468.26;496.98;721.05;532.91
2220;Francisco Beltrão;PR;Estadual;409;529.47;521.46;483.22;538.44;591.78;532.87
2221;Águas Lindas de Goiás;GO;Federal;50;536.16;528.43;502.97;503.95;592.8;532.86
2222;Itanhaém;SP;Privada;11;532.93;484.84;497.3;566.97;581.82;532.77
2223;Conceição do Almeida;BA;Privada;8;528.92;509.91;515.81;516.65;592.5;532.76
2224;Telêmaco Borba;PR;Privada;56;544.7;531.64;496.94;532.84;557.5;532.72
2225;São José do Rio Preto;SP;Estadual;1267;533.74;518.77;480.69;540.27;590.02;532.7
2226;Sobradinho;RS;Estadual;76;525.35;522.86;470.02;526.71;618.42;532.67
2227;Arroio dos Ratos;RS;Privada;1;523.3;470.1;479.2;530.6;660.0;532.64
2228;Vermelho Novo;MG;Estadual;22;528.33;504.59;479.09;532.85;618.18;532.61
2229;Olivedos;PB;Estadual;39;509.13;505.52;484.48;529.47;634.36;532.59
2230;Canguçu;RS;Estadual;169;522.83;519.82;471.23;535.04;613.85;532.55
2231;Vista Alegre do Prata;RS;Estadual;11;508.68;534.55;461.15;513.79;643.64;532.36
2232;Torres;RS;Estadual;148;532.73;521.3;469.42;530.98;607.16;532.32
2233;Morrinhos;GO;Estadual;183;519.4;506.67;475.29;528.1;632.13;532.32
2234;Araxá;MG;Estadual;241;526.98;506.44;478.27;531.42;618.42;532.3
2235;Raposa;MA;Privada;2;527.3;504.85;472.5;536.6;620.0;532.25
2236;Campinas;SP;Estadual;3149;536.47;521.21;484.69;536.97;581.82;532.23
2237;Ibateguara;AL;Privada;1;491.3;488.2;453.7;627.9;600.0;532.22
2238;Conceição do Araguaia;PA;Federal;77;518.81;510.1;484.31;526.91;620.78;532.18
2239;Ilha Solteira;SP;Estadual;119;536.57;529.84;501.2;538.25;554.96;532.16
2240;Guarani;MG;Estadual;32;509.27;500.38;488.22;533.4;629.38;532.13
2241;São João Batista;SC;Estadual;79;530.42;520.04;470.73;516.3;623.04;532.11
2242;Cruzília;MG;Estadual;68;520.83;510.18;477.34;546.16;605.88;532.08
2243;Crissiumal;RS;Estadual;40;516.82;519.19;490.26;544.23;589.5;532.0
2244;Veranópolis;RS;Estadual;75;523.02;517.97;483.5;536.02;599.47;531.99
2245;Oscar Bressane;SP;Estadual;17;535.07;512.82;465.59;534.15;611.76;531.88
2246;Vitória do Mearim;MA;Privada;2;553.3;474.55;434.15;477.3;720.0;531.86
2247;Ipuiúna;MG;Estadual;16;522.8;517.33;466.69;584.86;567.5;531.84
2248;Sagres;SP;Estadual;1;526.5;448.4;475.2;609.1;600.0;531.84
2249;Manoel Ribas;PR;Estadual;53;519.93;502.98;483.67;508.33;644.15;531.81
2250;Alterosa;MG;Estadual;53;514.75;498.57;468.75;540.9;635.09;531.61
2251;Pinhal;RS;Estadual;7;539.49;546.56;487.51;490.14;594.29;531.6
2252;Pranchita;PR;Estadual;11;526.14;520.9;471.89;493.05;645.45;531.49
2253;Perdigão;MG;Estadual;38;528.89;518.65;486.63;556.99;566.32;531.49
2254;Nova Era;MG;Estadual;74;529.94;518.46;483.12;518.8;606.76;531.41
2255;Pomerode;SC;Estadual;109;534.1;512.09;489.23;547.14;574.31;531.38
2256;Ribeirão Pires;SP;Estadual;492;535.82;521.39;479.35;528.08;591.79;531.28
2257;Carbonita;MG;Estadual;56;517.26;509.49;468.09;526.44;635.0;531.26
2258;São Francisco de Paula;RS;Estadual;24;540.3;510.1;454.75;496.98;654.17;531.26
2259;Cruzeiro do Sul;AC;Municipal;1;525.3;535.4;495.8;399.7;700.0;531.24
2260;David Canabarro;RS;Estadual;20;506.61;474.5;494.44;543.63;637.0;531.24
2261;Guarará;MG;Estadual;25;519.8;505.93;472.88;530.36;627.2;531.23
2262;Mendonça;SP;Estadual;15;529.7;504.25;468.23;540.42;613.33;531.19
2263;Barra do Corda;MA;Federal;104;521.5;508.47;487.22;525.23;613.27;531.14
2264;Rio do Oeste;SC;Estadual;20;533.34;513.46;474.45;556.34;578.0;531.12
2265;Curitiba;PR;Estadual;5789;534.88;524.14;480.89;533.9;581.76;531.11
2266;Campo Belo;MG;Estadual;204;521.92;508.93;478.32;536.39;609.31;530.97
2267;Luiziânia;SP;Estadual;8;522.02;526.71;463.94;552.1;590.0;530.96
2268;Pedreira;SP;Privada;19;534.94;524.83;505.06;552.76;536.84;530.89
2269;Maquiné;RS;Estadual;21;533.71;525.58;452.02;501.14;641.9;530.87
2270;Laranjal do Jari;AP;Federal;132;529.41;503.18;477.34;519.01;625.3;530.85
2271;Tanque do Piauí;PI;Estadual;32;505.1;499.02;462.22;505.29;682.5;530.83
2272;Conceição dos Ouros;MG;Estadual;44;520.5;510.82;488.77;565.43;568.64;530.83
2273;Campo Maior;PI;Federal;38;512.74;510.38;476.16;524.8;630.0;530.82
2274;Franca;SP;Estadual;1201;530.48;513.03;477.06;533.7;599.67;530.79
2275;Alpinópolis;MG;Estadual;67;513.54;496.56;476.9;543.95;622.99;530.79
2276;Luiz Alves;SC;Estadual;23;532.75;511.87;484.87;540.92;583.48;530.78
2277;Vera Cruz;RS;Estadual;80;523.24;505.72;470.13;534.7;620.0;530.76
2278;Santana do Manhuaçu;MG;Estadual;10;515.62;515.11;481.12;553.87;588.0;530.74
2279;Rolador;RS;Estadual;6;557.8;528.22;474.85;536.0;556.67;530.71
2280;Teixeiras;MG;Privada;3;522.0;468.37;444.47;565.27;653.33;530.69
2281;Nova Prata do Iguaçu;PR;Estadual;79;522.68;523.52;483.38;508.87;614.94;530.68
2282;Pelotas;RS;Municipal;119;532.03;528.35;477.89;523.48;591.6;530.67
2283;Ouro Branco;MG;Estadual;136;525.84;519.09;479.63;517.12;611.62;530.66
2284;São Brás do Suaçuí;MG;Estadual;31;515.56;498.47;478.08;509.55;651.61;530.66
2285;Tarumirim;MG;Estadual;46;523.65;503.33;479.91;519.35;626.96;530.64
2286;Martins Soares;MG;Estadual;24;524.16;506.52;480.66;500.07;641.67;530.62
2287;São Gotardo;MG;Estadual;158;519.71;501.77;474.17;527.97;629.37;530.6
2288;Ibirubá;RS;Estadual;27;531.22;522.61;477.33;519.52;601.48;530.43
2289;Candeias;MG;Estadual;53;525.55;514.56;480.45;522.69;608.68;530.38
2290;Seara;SC;Estadual;83;517.92;525.21;483.19;533.47;592.05;530.37
2291;Dois Córregos;SP;Privada;16;526.21;506.92;517.01;559.11;542.5;530.35
2292;Arroio do Meio;RS;Estadual;33;527.91;523.57;453.7;542.19;604.24;530.32
2293;Piracicaba;SP;Estadual;947;537.18;526.19;487.4;537.4;563.42;530.32
2294;Capim Grosso;BA;Estadual;121;523.2;507.02;465.86;513.23;642.15;530.29
2295;Iguatu;CE;Federal;63;515.02;504.8;486.82;509.57;635.24;530.29
2296;Belo Horizonte;MG;Estadual;8121;531.3;516.85;479.8;526.28;597.15;530.27
2297;Guaraciama;MG;Estadual;13;532.63;490.61;481.9;499.74;646.15;530.21
2298;Itanhandu;MG;Estadual;65;531.27;522.08;475.56;512.86;609.23;530.2
2299;Lutécia;SP;Estadual;20;527.21;515.54;454.42;544.73;609.0;530.18
2300;Pilar do Sul;SP;Estadual;147;530.55;521.54;474.41;538.6;585.58;530.13
2301;Areal;RJ;Estadual;42;535.82;520.16;486.74;506.37;601.43;530.1
2302;Cachoeirinha;RS;Estadual;413;535.27;522.83;472.95;527.88;591.48;530.08
2303;Porto Lucena;RS;Estadual;14;540.31;522.1;476.81;553.96;557.14;530.07
2304;Guaraniaçu;PR;Estadual;50;522.3;516.74;475.94;514.81;620.4;530.04
2305;João Alfredo;PE;Estadual;186;509.24;495.98;475.75;528.41;640.75;530.03
2306;Monsenhor Paulo;MG;Estadual;28;526.94;518.22;466.73;531.08;607.14;530.02
2307;São Miguel do Araguaia;GO;Estadual;151;513.04;503.37;470.24;523.53;639.87;530.01
2308;Doutor Camargo;PR;Estadual;15;524.21;514.29;466.89;508.51;636.0;529.98
2309;Santana da Ponte Pensa;SP;Estadual;4;504.25;526.67;502.38;536.17;580.0;529.9
2310;Capitão;RS;Estadual;6;525.48;538.9;468.53;566.58;550.0;529.9
2311;Armação dos Búzios;RJ;Municipal;78;533.15;517.99;486.25;517.79;593.85;529.8
2312;Joanésia;MG;Estadual;2;516.4;557.7;452.5;502.4;620.0;529.8
2313;Bombinhas;SC;Estadual;84;528.06;515.52;473.03;526.14;606.19;529.79
2314;Óbidos;PA;Federal;33;513.78;518.26;493.41;512.35;610.91;529.74
2315;Luzerna;SC;Estadual;39;532.67;517.45;471.09;547.91;579.49;529.72
2316;Bragança;PA;Federal;60;513.43;508.72;473.83;509.93;642.67;529.72
2317;Junqueirópolis;SP;Estadual;56;535.57;515.71;482.05;529.56;585.71;529.72
2318;Divinolândia de Minas;MG;Estadual;17;510.27;503.11;467.45;526.58;641.18;529.72
2319;Irineópolis;SC;Estadual;31;524.89;527.91;471.83;538.72;585.16;529.7
2320;Quatro Barras;PR;Estadual;56;533.02;510.95;484.39;540.16;580.0;529.7
2321;Ibiaçá;RS;Estadual;17;519.29;501.48;497.02;529.49;601.18;529.69
2322;Caibi;SC;Estadual;29;515.69;513.63;465.03;521.95;631.72;529.61
2323;Barra Mansa;RJ;Estadual;451;526.29;508.21;472.78;513.36;627.23;529.57
2324;São Carlos;SP;Estadual;679;530.02;514.15;476.85;538.4;588.39;529.56
2325;Suzanápolis;SP;Estadual;7;522.76;497.54;502.47;504.83;620.0;529.52
2326;Colatina;ES;Estadual;604;522.87;509.95;472.52;533.37;608.84;529.51
2327;Itambé do Mato Dentro;MG;Estadual;12;519.96;482.9;475.42;504.25;665.0;529.5
2328;Pombal;PB;Estadual;208;506.07;506.69;461.84;517.41;655.29;529.46
2329;Pedra do Indaiá;MG;Estadual;19;517.08;502.01;485.72;541.31;601.05;529.43
2330;João Dias;RN;Estadual;7;499.57;516.37;431.74;519.31;680.0;529.4
2331;Virginópolis;MG;Estadual;41;515.7;512.16;474.42;523.22;621.46;529.39
2332;Lins;SP;Estadual;191;533.31;514.2;479.61;530.94;588.9;529.39
2333;Artur Nogueira;SP;Privada;2;507.45;489.55;543.25;556.7;550.0;529.39
2334;Santa Rita de Minas;MG;Estadual;28;522.38;505.48;486.54;514.54;617.86;529.36
2335;Araripina;PE;Estadual;377;503.69;493.56;461.12;516.36;671.72;529.29
2336;Conceição das Pedras;MG;Estadual;18;524.74;509.66;507.18;532.62;572.22;529.28
2337;Valinhos;SP;Estadual;397;536.06;519.52;478.48;527.1;585.19;529.27
2338;Vargem;SC;Estadual;12;532.95;512.47;491.12;526.49;583.33;529.27
2339;São Gabriel do Oeste;MS;Estadual;97;520.11;512.79;476.55;517.21;619.59;529.25
2340;Lagoa Santa;MG;Estadual;233;532.57;514.13;480.29;524.45;594.33;529.15
2341;Santana do Ipanema;AL;Privada;26;517.14;493.6;485.93;545.85;603.08;529.12
2342;Ribeirão Preto;SP;Estadual;1648;533.67;516.67;480.8;525.39;589.03;529.11
2343;Cacique Doble;RS;Estadual;19;512.63;523.56;479.26;540.61;589.47;529.11
2344;Coxixola;PB;Estadual;9;528.6;538.24;465.48;537.51;575.56;529.08
2345;Itapoá;SC;Estadual;71;537.63;529.62;480.84;543.24;554.08;529.08
2346;Caxias;MA;Federal;91;522.26;514.78;470.44;498.05;639.78;529.06
2347;Cachoeirinha;PE;Estadual;95;514.56;503.1;471.49;529.86;626.11;529.02
2348;Capinzal;SC;Estadual;68;521.18;514.75;473.7;522.46;612.94;529.01
2349;Estiva;MG;Estadual;35;506.86;506.43;473.36;552.41;605.71;528.96
2350;Piedade;SP;Estadual;210;533.53;517.56;484.32;534.33;574.95;528.94
2351;Prata do Piauí;PI;Estadual;9;491.27;514.23;465.77;542.26;631.11;528.93
2352;Mesquita;MG;Estadual;14;516.43;520.96;455.62;519.89;631.43;528.87
2353;Hidrolândia;GO;Federal;27;530.38;511.59;486.78;511.86;603.7;528.86
2354;Arapoti;PR;Privada;8;541.3;543.33;514.64;569.96;475.0;528.84
2355;Godoy Moreira;PR;Estadual;10;531.99;523.31;443.09;499.76;646.0;528.83
2356;Brochier;RS;Estadual;13;520.46;516.72;489.14;534.65;583.08;528.81
2357;Batatais;SP;Estadual;246;534.71;512.86;478.5;532.72;585.2;528.8
2358;Conceição da Barra de Minas;MG;Estadual;16;513.37;491.38;460.66;554.74;623.75;528.78
2359;Japurá;PR;Estadual;31;528.49;499.47;481.11;539.24;595.48;528.76
2360;Pindamonhangaba;SP;Estadual;527;535.71;517.25;478.59;532.16;580.04;528.75
2361;Córrego do Bom Jesus;MG;Estadual;23;523.94;502.75;452.67;536.54;627.83;528.75
2362;Francisco Morato;SP;Privada;13;550.38;518.83;511.81;502.69;560.0;528.74
2363;Blumenau;SC;Estadual;910;533.28;517.26;476.45;530.45;586.11;528.71
2364;Pedrinópolis;MG;Estadual;8;534.0;506.06;475.4;510.5;617.5;528.69
2365;Montanha;ES;Privada;4;521.1;515.05;547.48;509.78;550.0;528.68
2366;São João do Sul;SC;Estadual;14;509.29;499.46;473.76;530.8;630.0;528.66
2367;São Domingos das Dores;MG;Estadual;29;516.16;508.64;468.7;542.14;607.59;528.65
2368;Bocaina;PI;Estadual;18;510.91;500.23;458.26;528.07;645.56;528.61
2369;Cametá;PA;Federal;15;497.53;475.36;492.72;507.81;669.33;528.55
2370;Arabutã;SC;Estadual;9;518.8;507.46;485.81;510.6;620.0;528.53
2371;Governador Lindenberg;ES;Estadual;43;523.49;515.06;468.02;526.21;609.77;528.51
2372;São Luiz do Paraitinga;SP;Estadual;44;524.66;519.51;474.78;508.44;615.0;528.48
2373;Passo do Sobrado;RS;Estadual;13;532.22;525.04;454.6;544.18;586.15;528.44
2374;Sapucaia;RJ;Estadual;87;513.15;505.34;470.4;509.51;643.68;528.42
2375;Porto Alegre;RS;Estadual;2780;534.8;522.11;471.14;522.8;591.2;528.41
2376;Salto Veloso;SC;Estadual;14;519.24;538.48;511.09;574.62;498.57;528.4
2377;São Bonifácio;SC;Estadual;10;515.86;522.12;480.5;539.47;584.0;528.39
2378;Santo Amaro;BA;Privada;53;531.94;510.28;488.97;515.92;594.72;528.37
2379;Brotas de Macaúbas;BA;Estadual;11;501.05;490.34;468.24;545.87;636.36;528.37
2380;Florianópolis;SC;Estadual;1034;532.88;520.69;476.81;521.12;590.27;528.35
2381;Capela de Santana;RS;Estadual;7;536.99;548.04;444.53;566.43;545.71;528.34
2382;Lindolfo Collor;RS;Estadual;19;523.63;513.17;481.45;552.92;570.53;528.34
2383;Bom Jardim da Serra;SC;Estadual;17;530.95;502.78;460.38;521.66;625.88;528.33
2384;Umirim;CE;Federal;19;512.75;494.66;479.9;517.33;636.84;528.3
2385;Alto Rio Novo;ES;Estadual;50;507.29;497.77;467.8;505.66;662.8;528.26
2386;Lindoeste;PR;Estadual;23;511.89;513.7;448.13;527.55;640.0;528.25
2387;Botucatu;SP;Estadual;248;530.8;518.83;492.5;537.18;561.53;528.17
2388;Pedro II;PI;Privada;25;509.25;484.5;480.12;518.94;648.0;528.16
2389;Segredo;RS;Estadual;29;513.17;519.09;461.3;515.44;631.72;528.15
2390;Pouso Alegre;MG;Estadual;354;528.8;514.56;476.91;534.14;586.21;528.12
2391;Paulista;PB;Estadual;51;485.79;477.3;456.66;516.15;704.71;528.12
2392;Lençóis Paulista;SP;Estadual;170;535.53;523.04;476.87;528.58;576.59;528.12
2393;Nova Erechim;SC;Estadual;25;520.29;524.1;472.07;557.43;566.4;528.06
2394;Santa Margarida do Sul;RS;Estadual;5;517.36;528.88;474.2;555.82;564.0;528.05
2395;Encruzilhada do Sul;RS;Estadual;93;531.42;507.64;477.66;527.6;595.91;528.05
2396;Brazabrantes;GO;Estadual;8;520.12;504.98;479.11;538.51;597.5;528.04
2397;Populina;SP;Estadual;13;513.88;495.44;455.75;541.27;633.85;528.04
2398;Leopoldo de Bulhões;GO;Municipal;3;521.67;486.5;457.73;527.57;646.67;528.03
2399;Ouro Verde;SP;Estadual;21;532.36;511.44;477.27;551.46;567.62;528.03
2400;Paraopeba;MG;Estadual;96;518.33;506.64;473.59;524.25;617.29;528.02
2401;Indaiatuba;SP;Estadual;685;532.42;515.64;476.37;525.86;589.02;527.86
2402;Canoas;RS;Estadual;845;534.67;521.52;472.79;528.82;581.14;527.79
2403;Itararé;SP;Estadual;197;533.82;522.88;475.92;529.99;576.04;527.73
2404;Agrolândia;SC;Estadual;21;530.66;529.36;481.1;510.8;586.67;527.72
2405;Caetité;BA;Estadual;219;515.81;510.56;472.96;519.3;619.91;527.71
2406;Rio Grande da Serra;SP;Estadual;141;533.31;517.37;474.85;523.66;589.36;527.71
2407;Tupaciguara;MG;Estadual;77;511.41;509.11;471.18;521.12;625.71;527.71
2408;Caridade;CE;Estadual;245;511.06;498.58;466.97;527.08;634.78;527.69
2409;Anchieta;ES;Estadual;123;525.53;516.14;475.85;534.71;586.18;527.68
2410;Nova Ramada;RS;Estadual;9;514.03;533.38;449.04;499.74;642.22;527.68
2411;Saudades;SC;Estadual;48;519.66;508.35;478.11;555.58;576.67;527.67
2412;Sete Lagoas;MG;Estadual;723;523.16;509.4;476.26;527.01;602.49;527.66
2413;Colorado do Oeste;RO;Federal;96;513.25;501.58;490.48;554.4;578.54;527.65
2414;Nova Serrana;MG;Estadual;255;528.42;510.37;476.09;532.83;590.51;527.64
2415;Bariri;SP;Estadual;144;524.75;507.79;464.83;525.44;615.14;527.59
2416;Palmeira das Missões;RS;Estadual;174;521.0;511.12;478.99;533.18;593.68;527.59
2417;Relvado;RS;Estadual;13;520.55;548.15;482.55;537.33;549.23;527.56
2418;São Thomé das Letras;MG;Estadual;16;536.02;536.51;489.12;523.6;552.5;527.55
2419;Goiatuba;GO;Estadual;124;525.9;502.26;478.9;545.83;584.84;527.55
2420;Cláudio;MG;Estadual;207;527.63;510.13;471.27;539.8;588.79;527.53
2421;Quilombo;SC;Estadual;60;508.44;508.53;474.43;518.72;627.33;527.49
2422;Gurupá;PA;Municipal;1;537.3;528.7;388.4;483.0;700.0;527.48
2423;Iporá;GO;Privada;13;495.49;483.38;489.85;547.01;621.54;527.46
2424;Pacatuba;CE;Estadual;464;519.63;505.06;463.73;518.0;630.6;527.41
2425;Arealva;SP;Estadual;22;530.99;520.5;472.54;512.85;600.0;527.38
2426;Serrinha dos Pintos;RN;Estadual;24;537.17;513.86;460.25;502.97;622.5;527.35
2427;Pirapora do Bom Jesus;SP;Municipal;2;529.75;522.3;441.5;593.15;550.0;527.34
2428;Rinópolis;SP;Estadual;7;534.37;515.51;465.74;529.61;591.43;527.33
2429;Missal;PR;Estadual;46;521.17;512.68;472.52;559.75;570.43;527.31
2430;Mogi das Cruzes;SP;Estadual;1462;533.14;515.8;476.18;532.3;579.11;527.3
2431;São José do Egito;PE;Estadual;295;518.28;498.28;469.48;535.73;614.71;527.3
2432;Mutum;MG;Estadual;68;518.3;508.92;473.73;545.25;590.29;527.3
2433;Paverama;RS;Estadual;15;519.21;509.08;469.87;546.32;592.0;527.3
2434;Itaocara;RJ;Estadual;107;519.5;500.72;476.94;518.2;620.93;527.26
2435;Três de Maio;RS;Estadual;71;526.75;521.13;476.52;527.32;584.51;527.25
2436;Caraí;MG;Estadual;37;516.6;517.7;465.77;533.42;602.7;527.24
2437;Muriaé;MG;Estadual;455;517.51;497.35;471.3;522.41;627.6;527.24
2438;Campestre da Serra;RS;Estadual;15;526.89;505.37;473.18;523.99;606.67;527.22
2439;Salvador;BA;Municipal;5;510.12;488.82;470.74;546.42;620.0;527.22
2440;Piraquara;PR;Privada;2;576.25;524.95;514.8;580.1;440.0;527.22
2441;Passa Quatro;MG;Estadual;19;526.89;506.79;471.64;537.01;593.68;527.2
2442;Porto Mauá;RS;Estadual;2;510.15;485.15;477.45;523.25;640.0;527.2
2443;São João da Mata;MG;Estadual;9;521.8;519.01;468.39;533.34;593.33;527.18
2444;Monte Belo;MG;Estadual;34;521.6;497.66;479.64;543.07;593.53;527.1
2445;Lavras;MG;Estadual;356;522.11;508.28;478.7;519.96;606.46;527.1
2446;Piranga;MG;Estadual;99;515.01;511.3;470.33;540.02;598.79;527.09
2447;São Lourenço do Sul;RS;Estadual;159;520.76;517.5;466.96;519.32;610.82;527.07
2448;Santa Carmem;MT;Estadual;19;516.88;517.03;471.88;518.83;610.53;527.03
2449;Cocal;PI;Federal;70;503.4;506.45;481.58;505.32;638.29;527.01
2450;Ipiranga do Norte;MT;Estadual;27;506.02;517.95;469.37;500.96;640.74;527.01
2451;Curvelo;MG;Estadual;254;519.11;507.18;471.35;512.04;625.35;527.01
2452;Extrema;MG;Estadual;101;531.06;514.58;474.5;545.4;569.5;527.01
2453;Ubiratã;PR;Estadual;81;521.38;503.31;467.21;526.03;617.04;526.99
2454;Ibaté;SP;Estadual;134;518.21;515.81;475.69;526.82;598.21;526.95
2455;Jóia;RS;Estadual;24;522.21;523.86;468.43;516.79;603.33;526.92
2456;Maracaçumé;MA;Privada;3;495.83;447.0;466.6;505.17;720.0;526.92
2457;Muniz Freire;ES;Estadual;164;508.97;508.77;485.22;539.43;592.07;526.89
2458;Antônio Olinto;PR;Estadual;25;520.38;519.6;490.06;536.25;568.0;526.86
2459;Lavras do Sul;RS;Estadual;27;533.81;507.41;463.08;516.67;613.33;526.86
2460;Formigueiro;RS;Estadual;25;527.37;525.74;467.95;509.17;604.0;526.85
2461;Novo Horizonte;SC;Estadual;19;522.07;527.17;465.43;490.12;629.47;526.85
2462;Ubá;MG;Estadual;439;523.89;502.46;480.52;529.86;597.49;526.84
2463;Encanto;RN;Estadual;23;516.84;510.21;456.88;519.67;630.43;526.81
2464;Passos Maia;SC;Estadual;7;521.01;496.89;456.69;516.57;642.86;526.8
2465;Niterói;RJ;Estadual;1647;529.29;512.48;475.8;513.38;603.04;526.8
2466;Quirinópolis;GO;Estadual;179;522.74;501.23;475.45;527.58;606.82;526.76
2467;Barcarena;PA;Privada;26;516.73;515.55;491.06;490.45;620.0;526.76
2468;Colíder;MT;Estadual;105;511.87;504.94;466.52;503.57;646.86;526.75
2469;Diamante do Sul;PR;Estadual;11;518.54;502.84;476.23;539.76;596.36;526.75
2470;São Domingos do Araguaia;PA;Privada;1;532.8;497.9;550.2;412.8;640.0;526.74
2471;Palmeiras de Goiás;GO;Privada;15;509.53;485.93;496.09;496.81;645.33;526.74
2472;Braúna;SP;Estadual;9;524.09;510.22;439.59;515.31;644.44;526.73
2473;Andradas;MG;Estadual;99;528.11;513.96;479.03;536.2;576.36;526.73
2474;Cachoeiras de Macacu;RJ;Municipal;4;557.22;528.55;488.2;419.68;640.0;526.73
2475;Alfredo Chaves;ES;Estadual;33;520.91;509.39;487.65;533.81;581.82;526.72
2476;Mormaço;RS;Estadual;7;523.61;524.66;492.41;521.44;571.43;526.71
2477;Santa Rosa;RS;Estadual;204;523.09;520.05;471.75;530.77;587.84;526.7
2478;Venâncio Aires;RS;Estadual;140;517.8;508.5;467.84;534.65;604.71;526.7
2479;Farroupilha;RS;Estadual;208;530.98;519.57;462.03;533.99;586.63;526.64
2480;Carlópolis;PR;Estadual;29;521.45;519.51;468.96;563.24;560.0;526.63
2481;Alfredo Vasconcelos;MG;Estadual;22;524.85;540.9;476.3;539.07;551.82;526.59
2482;Dona Emma;SC;Estadual;22;522.64;520.84;479.2;527.48;582.73;526.58
2483;Ibitinga;SP;Estadual;195;526.73;509.67;477.5;534.16;584.72;526.55
2484;Mondaí;SC;Estadual;37;507.91;508.27;466.79;539.92;609.73;526.52
2485;Mortugaba;BA;Estadual;62;507.99;505.04;471.92;506.82;640.65;526.48
2486;Ampére;PR;Estadual;70;529.04;525.14;478.33;533.67;566.0;526.44
2487;Fazenda Vilanova;RS;Estadual;3;571.97;556.7;436.73;520.1;546.67;526.43
2488;Itati;RS;Estadual;9;510.79;524.09;446.73;552.69;597.78;526.42
2489;São José dos Campos;SP;Estadual;1971;531.79;518.28;475.9;530.15;575.85;526.39
2490;Rio Brilhante;MS;Privada;4;505.7;512.55;518.92;564.75;530.0;526.38
2491;Barra Bonita;SC;Estadual;9;509.28;515.16;453.21;522.97;631.11;526.34
2492;Anapurus;MA;Privada;8;514.99;511.89;427.35;514.86;662.5;526.32
2493;Guabiju;RS;Estadual;4;519.15;515.9;472.28;554.12;570.0;526.29
2494;Cláudia;MT;Estadual;41;504.79;514.88;483.92;514.2;613.66;526.29
2495;Esperantina;PI;Privada;8;529.39;501.1;486.06;497.36;617.5;526.28
2496;Major Gercino;SC;Estadual;7;519.26;505.34;467.13;499.67;640.0;526.28
2497;Rosário do Sul;RS;Estadual;82;525.72;506.73;460.18;510.38;628.29;526.26
2498;Araucária;PR;Municipal;1;556.6;558.4;420.4;535.9;560.0;526.26
2499;Urussanga;SC;Estadual;94;526.91;527.63;484.43;516.95;575.32;526.25
2500;Morros;MA;Privada;3;537.7;424.27;462.47;453.3;753.33;526.21
2501;Ouro Verde do Oeste;PR;Estadual;13;515.32;514.46;476.97;538.15;586.15;526.21
2502;Pereiro;CE;Estadual;232;511.18;499.13;467.97;518.46;634.14;526.18
2503;Santo André;SP;Estadual;2276;534.69;517.04;474.19;529.35;575.56;526.17
2504;Nova Trento;SC;Estadual;55;531.15;525.07;481.53;518.08;574.91;526.15
2505;Itajobi;SP;Privada;13;506.37;501.42;500.15;534.78;587.69;526.08
2506;Votuporanga;SP;Estadual;196;529.77;514.01;476.13;527.59;582.86;526.07
2507;Vitor Meireles;SC;Estadual;20;515.73;513.41;500.46;533.73;567.0;526.07
2508;São Marcos;RS;Estadual;59;528.94;515.13;462.01;533.38;590.85;526.06
2509;Crucilândia;MG;Estadual;15;513.33;511.83;480.91;518.89;605.33;526.06
2510;Princesa Isabel;PB;Federal;53;513.96;507.93;472.54;514.6;621.13;526.03
2511;Ubaporanga;MG;Estadual;58;506.07;496.13;475.59;535.42;616.9;526.02
2512;Tietê;SP;Estadual;156;521.49;514.76;470.96;524.21;598.59;526.0
2513;Cedral;SP;Estadual;33;529.23;524.42;490.67;543.88;541.82;526.0
2514;São Sebastião do Oeste;MG;Estadual;33;532.85;513.54;472.34;521.81;589.09;525.93
2515;Conselheiro Lafaiete;MG;Estadual;329;522.25;508.33;475.69;527.75;595.62;525.93
2516;Nova Pádua;RS;Estadual;18;512.94;515.94;482.32;551.46;566.67;525.87
2517;Santa Maria do Suaçuí;MG;Estadual;48;520.14;505.82;450.11;526.85;626.25;525.84
2518;Palmitos;SC;Estadual;83;518.93;517.34;471.6;532.15;588.92;525.79
2519;Águas de Lindóia;SP;Estadual;86;525.11;499.66;468.93;524.0;611.16;525.77
2520;Barra;BA;Privada;5;516.42;500.54;441.16;510.7;660.0;525.76
2521;União dos Palmares;AL;Privada;31;516.17;497.25;457.93;505.72;651.61;525.74
2522;Monte Alegre do Sul;SP;Estadual;54;522.67;510.07;467.59;527.1;601.11;525.71
2523;Panelas;PE;Estadual;148;503.69;490.96;454.75;507.07;672.03;525.7
2524;Santos;SP;Estadual;1055;537.58;519.46;473.69;527.13;570.64;525.7
2525;União do Sul;MT;Estadual;6;496.78;530.03;457.15;507.83;636.67;525.69
2526;Juatuba;MG;Estadual;61;523.18;511.73;480.59;528.63;584.26;525.68
2527;Avaré;SP;Estadual;224;530.24;513.41;475.18;529.3;579.82;525.59
2528;Mata de São João;BA;Privada;29;507.54;511.95;491.69;512.59;604.14;525.58
2529;Santa Rosa de Lima;SC;Estadual;8;527.78;528.86;487.12;509.15;575.0;525.58
2530;Delfinópolis;MG;Estadual;30;515.29;510.66;479.06;502.22;620.67;525.58
2531;Firminópolis;GO;Estadual;13;526.32;495.62;463.65;526.93;615.38;525.58
2532;Vianópolis;GO;Estadual;53;518.27;499.47;472.71;548.14;589.06;525.53
2533;Ipaussu;SP;Estadual;119;526.52;515.98;475.53;531.06;578.49;525.52
2534;Feliz;RS;Estadual;17;527.58;506.71;474.11;527.35;591.76;525.5
2535;Paraíso do Sul;RS;Estadual;24;511.31;501.73;469.84;521.2;623.33;525.48
2536;Bom Jardim de Minas;MG;Estadual;42;528.79;510.29;473.76;533.6;580.95;525.48
2537;Timon;MA;Privada;36;509.26;482.45;470.41;496.27;668.89;525.46
2538;Tupaciguara;MG;Municipal;7;509.24;489.6;470.81;483.37;674.29;525.46
2539;São Raimundo Nonato;PI;Municipal;1;520.2;414.9;488.2;584.0;620.0;525.46
2540;Xinguara;PA;Privada;9;481.61;508.5;486.23;535.23;615.56;525.43
2541;Cordislândia;MG;Estadual;14;529.89;505.93;467.82;537.73;585.71;525.42
2542;Governador Valadares;MG;Estadual;914;524.3;506.85;469.08;521.47;605.3;525.4
2543;Torrinha;SP;Estadual;7;505.4;493.83;505.63;536.4;585.71;525.39
2544;Macaíba;RN;Privada;34;508.89;497.21;457.22;507.07;656.47;525.37
2545;Vargem Alegre;MG;Estadual;25;522.51;496.66;488.55;507.95;611.2;525.37
2546;Belo Jardim;PE;Federal;66;516.89;506.72;479.24;517.91;606.06;525.36
2547;Divinópolis de Goiás;GO;Estadual;1;536.3;540.9;497.9;511.7;540.0;525.36
2548;Tapira;MG;Estadual;13;541.38;518.82;486.55;543.07;536.92;525.35
2549;Areado;MG;Estadual;66;514.24;508.16;476.28;532.82;595.15;525.33
2550;Governador Celso Ramos;SC;Estadual;36;527.92;511.78;460.56;540.67;585.56;525.3
2551;Santa Rosa de Goiás;GO;Estadual;12;528.19;523.19;458.35;516.71;600.0;525.29
2552;Governador Mangabeira;BA;Federal;50;516.19;511.99;494.48;518.97;584.8;525.29
2553;Tabatinga;SP;Privada;7;496.64;466.93;468.07;560.4;634.29;525.27
2554;Ronda Alta;RS;Estadual;48;519.94;517.74;485.35;527.02;576.25;525.26
2555;Nova Fátima;PR;Estadual;20;529.18;520.6;484.74;507.71;584.0;525.24
2556;Vitorino;PR;Estadual;17;518.5;508.14;465.12;544.97;589.41;525.23
2557;São Roque de Minas;MG;Estadual;29;531.54;513.6;494.33;527.31;559.31;525.22
2558;Mateus Leme;MG;Estadual;121;528.71;510.68;478.61;534.04;574.05;525.22
2559;Santa Inês;BA;Federal;97;519.83;497.02;475.03;513.78;620.41;525.21
2560;Grão Pará;SC;Estadual;23;507.37;519.33;456.62;546.15;596.52;525.2
2561;Pindorama;SP;Estadual;19;531.21;534.13;481.61;507.37;571.58;525.18
2562;Bom Jesus;SC;Estadual;5;509.64;526.28;498.04;487.94;604.0;525.18
2563;Guidoval;MG;Estadual;21;505.88;505.65;499.51;527.27;587.62;525.18
2564;Caçapava do Sul;RS;Estadual;128;523.85;506.24;484.58;527.7;583.44;525.16
2565;Maringá;PR;Estadual;648;528.31;511.34;474.62;518.93;592.53;525.15
2566;Coroaci;MG;Estadual;27;523.84;511.89;460.67;529.27;600.0;525.14
2567;São Bernardo do Campo;SP;Estadual;2838;533.43;515.02;472.28;526.03;578.74;525.1
2568;Aripuanã;MT;Estadual;36;507.66;495.29;464.09;511.65;646.67;525.07
2569;Santa Salete;SP;Estadual;9;534.64;527.1;490.26;513.03;560.0;525.01
2570;Nova Palmeira;PB;Estadual;33;496.92;501.49;460.87;490.0;675.76;525.01
2571;Sem-Peixe;MG;Estadual;15;521.72;516.81;479.71;525.45;581.33;525.01
2572;Novo Oriente de Minas;MG;Privada;15;521.59;504.42;495.76;531.12;572.0;524.98
2573;Mendes;RJ;Estadual;27;528.59;503.5;466.55;498.76;627.41;524.96
2574;Quaraí;RS;Estadual;63;531.5;520.5;476.35;518.68;577.78;524.96
2575;Vitória;ES;Estadual;1983;525.31;512.87;475.87;523.66;586.93;524.93
2576;Matias Barbosa;MG;Estadual;61;521.43;505.9;468.17;531.04;598.03;524.92
2577;Xaxim;SC;Estadual;132;520.38;514.24;474.51;529.81;585.45;524.88
2578;Sinimbu;RS;Estadual;25;524.76;512.03;454.19;525.35;608.0;524.87
2579;Serranópolis do Iguaçu;PR;Estadual;23;528.77;520.9;470.49;541.41;562.61;524.84
2580;Ituverava;SP;Estadual;146;519.2;502.94;468.18;515.53;618.36;524.84
2581;São Mateus do Maranhão;MA;Privada;16;524.69;483.04;452.0;486.82;677.5;524.81
2582;Guaraciaba;MG;Estadual;41;507.49;506.8;461.68;516.66;631.22;524.77
2583;Timbó;SC;Estadual;144;534.0;519.09;477.2;541.26;552.22;524.76
2584;Alfenas;MG;Municipal;3;543.37;507.4;469.9;496.47;606.67;524.76
2585;Pato Branco;PR;Estadual;295;522.7;513.64;470.59;528.78;588.07;524.75
2586;Marataízes;ES;Estadual;182;516.59;504.64;467.49;521.13;613.74;524.72
2587;Jaru;RO;Privada;4;526.02;470.95;470.78;570.72;585.0;524.7
2588;Lajeado;TO;Estadual;15;524.13;525.84;443.73;519.11;610.67;524.69
2589;Mirante da Serra;RO;Privada;12;534.9;514.86;494.32;509.28;570.0;524.67
2590;Aratiba;RS;Estadual;27;525.66;530.18;477.5;512.85;577.04;524.64
2591;Martinópolis;SP;Estadual;74;524.75;505.86;465.72;537.24;589.46;524.61
2592;Pocinhos;PB;Estadual;64;521.91;497.15;463.09;509.6;631.25;524.6
2593;Licínio de Almeida;BA;Estadual;80;515.42;509.49;468.87;519.68;609.5;524.59
2594;Tucumã;PA;Privada;12;533.66;509.35;474.68;505.21;600.0;524.58
2595;Colorado;RS;Estadual;13;516.3;524.94;487.37;529.52;564.62;524.55
2596;Jeceaba;MG;Estadual;9;526.26;515.18;464.68;527.66;588.89;524.53
2597;Santo Amaro da Imperatriz;SC;Estadual;98;521.68;513.49;472.93;536.15;578.37;524.52
2598;Arcos;MG;Estadual;160;519.01;497.87;477.7;528.04;599.88;524.5
2599;Itamonte;MG;Estadual;56;529.09;517.39;489.92;525.29;560.71;524.48
2600;Santo Antônio de Posse;SP;Privada;1;534.2;543.0;430.0;435.2;680.0;524.48
2601;Brusque;SC;Estadual;283;524.69;515.63;473.31;537.22;571.38;524.44
2602;Monte Alto;SP;Estadual;130;529.42;511.99;475.02;520.49;585.23;524.43
2603;Luisburgo;MG;Estadual;30;496.39;494.49;484.56;502.67;644.0;524.42
2604;São Domingos do Prata;MG;Estadual;67;518.46;506.36;474.29;534.83;588.06;524.4
2605;Maracás;BA;Estadual;116;515.9;508.59;469.68;507.98;619.83;524.4
2606;Agricolândia;PI;Estadual;34;503.55;472.02;447.38;516.01;682.94;524.38
2607;Pirapozinho;SP;Estadual;109;529.66;500.74;466.23;510.58;614.68;524.38
2608;São Pedro do Iguaçu;PR;Estadual;22;524.15;519.11;446.95;512.59;619.09;524.38
2609;Ouroeste;SP;Estadual;15;509.16;495.65;497.97;541.54;577.33;524.33
2610;São José da Barra;MG;Estadual;28;521.68;490.61;475.85;548.44;585.0;524.31
2611;Arantina;MG;Estadual;19;518.85;511.97;464.52;538.73;587.37;524.29
2612;Campo Limpo de Goiás;GO;Estadual;16;524.34;514.83;448.6;538.57;595.0;524.27
2613;Dumont;SP;Estadual;40;507.32;490.88;483.28;499.64;640.0;524.22
2614;Itaguara;MG;Estadual;84;511.73;497.78;468.42;533.06;610.0;524.2
2615;Birigui;SP;Estadual;330;530.21;511.48;477.44;527.33;574.55;524.2
2616;Jacareí;SP;Estadual;711;533.75;516.84;479.15;525.25;565.94;524.18
2617;Maria da Fé;MG;Estadual;58;514.7;504.88;469.83;529.77;601.72;524.18
2618;Inhumas;GO;Estadual;279;513.35;496.48;460.94;510.96;638.92;524.13
2619;Fontoura Xavier;RS;Estadual;41;522.16;509.65;452.42;491.46;644.88;524.11
2620;Pedro Osório;RS;Estadual;27;524.22;503.83;455.4;554.04;582.96;524.09
2621;Quixabeira;BA;Privada;16;523.76;494.68;485.77;493.69;622.5;524.08
2622;Clementina;SP;Estadual;4;527.2;509.22;482.0;621.55;480.0;524.0
2623;Tuparendi;RS;Estadual;21;525.24;516.66;464.17;543.43;570.48;524.0
2624;Sorocaba;SP;Estadual;2466;533.95;513.77;475.44;526.68;570.04;523.98
2625;Formosa do Oeste;PR;Estadual;7;537.81;539.61;499.84;471.11;571.43;523.96
2626;Vila Maria;RS;Estadual;29;521.35;505.49;441.61;518.86;632.41;523.94
2627;Jacuí;MG;Estadual;36;517.78;491.21;466.56;548.97;595.0;523.91
2628;Laurentino;SC;Estadual;22;533.74;520.14;454.61;517.18;593.64;523.86
2629;Santa Isabel;SP;Estadual;239;531.3;509.32;473.78;523.45;581.17;523.8
2630;Flor do Sertão;SC;Estadual;13;524.05;516.38;482.82;517.25;578.46;523.79
2631;Carambeí;PR;Estadual;41;529.17;523.26;483.73;519.79;562.93;523.78
2632;Jaraguá do Sul;SC;Estadual;632;525.53;513.63;464.81;526.13;588.64;523.75
2633;Itanhaém;SP;Estadual;387;531.98;514.05;476.56;522.43;573.59;523.72
2634;Guapé;MG;Estadual;55;513.07;493.26;463.48;525.91;622.91;523.72
2635;Cordeirópolis;SP;Estadual;117;532.76;519.2;476.69;510.19;579.66;523.7
2636;Pedranópolis;SP;Estadual;4;542.95;530.2;486.0;594.25;465.0;523.68
2637;Santo Antônio do Descoberto;GO;Privada;13;519.23;506.93;475.28;538.47;578.46;523.67
2638;Mar de Espanha;MG;Estadual;51;513.6;502.57;490.84;513.66;597.65;523.66
2639;Santa Bárbara;MG;Estadual;93;515.73;511.59;479.03;526.35;585.59;523.66
2640;Dourado;SP;Estadual;25;522.3;503.76;481.64;517.02;593.6;523.66
2641;Brumado;BA;Estadual;259;519.21;510.52;472.22;520.05;596.29;523.66
2642;Jacutinga;RS;Estadual;12;515.24;512.94;472.25;532.82;585.0;523.65
2643;Palmares Paulista;SP;Estadual;20;512.04;479.54;462.56;527.02;637.0;523.63
2644;Jaguari;RS;Estadual;49;517.49;503.45;488.3;524.16;584.49;523.58
2645;Irati;SC;Estadual;21;509.35;488.36;492.54;550.41;577.14;523.56
2646;Juruti;PA;Municipal;5;511.94;522.92;461.2;553.76;568.0;523.56
2647;Tupandi;RS;Estadual;22;527.9;511.64;461.32;577.79;539.09;523.55
2648;Palmeira;PR;Estadual;90;530.84;523.74;484.76;533.82;544.44;523.52
2649;Santa Rita de Jacutinga;MG;Estadual;22;509.16;515.34;468.45;545.55;579.09;523.52
2650;Soledade de Minas;MG;Estadual;16;525.0;500.66;475.06;548.04;568.75;523.5
2651;Santa Rosa da Serra;MG;Estadual;17;517.62;496.54;485.61;517.65;600.0;523.48
2652;Itaberaí;GO;Estadual;200;511.07;494.26;465.93;520.93;625.2;523.48
2653;Divinolândia;SP;Estadual;51;521.99;509.18;477.31;521.03;587.84;523.47
2654;Inimutaba;MG;Estadual;12;524.88;529.38;494.37;512.07;556.67;523.47
2655;Aripuanã;MT;Municipal;1;500.0;462.6;569.3;585.4;500.0;523.46
2656;Barão de Cotegipe;RS;Estadual;23;510.34;507.96;463.55;513.62;621.74;523.44
2657;Taquaritinga;SP;Estadual;161;525.46;511.24;480.16;520.99;579.25;523.42
2658;Cidade Gaúcha;PR;Estadual;40;520.08;509.38;477.51;514.02;596.0;523.4
2659;Chapecó;SC;Estadual;758;524.86;514.75;470.16;521.82;585.38;523.39
2660;São Francisco do Piauí;PI;Estadual;35;491.89;492.23;459.51;497.14;676.0;523.36
2661;Inhapim;MG;Estadual;100;521.35;507.06;472.93;532.22;583.0;523.31
2662;Barão de Antonina;SP;Estadual;20;532.63;511.92;484.87;554.12;533.0;523.31
2663;Cedro;CE;Federal;72;510.96;493.88;470.52;534.76;606.39;523.3
2664;Potirendaba;SP;Estadual;48;534.02;504.04;491.04;536.92;550.42;523.29
2665;Morro do Chapéu;BA;Municipal;1;563.0;573.8;408.8;470.8;600.0;523.28
2666;Barra do Chapéu;SP;Estadual;13;519.12;515.91;472.01;509.16;600.0;523.24
2667;Mantena;MG;Estadual;89;527.94;506.99;470.92;535.29;575.06;523.24
2668;Confins;MG;Estadual;7;538.06;523.57;479.79;486.09;588.57;523.21
2669;Estrela do Indaiá;MG;Estadual;14;517.54;477.4;493.94;525.66;601.43;523.19
2670;Chapadinha;MA;Privada;48;512.89;507.49;471.65;522.2;601.67;523.18
2671;Moiporá;GO;Estadual;10;520.53;488.95;483.97;520.4;602.0;523.17
2672;Pilar;AL;Privada;20;514.92;496.47;476.5;531.84;596.0;523.14
2673;Tio Hugo;RS;Estadual;4;503.88;469.8;460.82;486.18;695.0;523.14
2674;Tupi Paulista;SP;Estadual;30;526.03;514.36;473.87;514.5;586.67;523.09
2675;Taciba;SP;Estadual;28;527.46;495.14;468.69;526.94;597.14;523.08
2676;Itupeva;SP;Estadual;133;533.58;510.59;471.96;510.09;589.02;523.05
2677;Caçador;SC;Estadual;150;533.25;523.07;467.76;519.81;571.33;523.04
2678;Agudos do Sul;PR;Estadual;23;529.86;522.76;471.48;542.28;548.7;523.01
2679;Guapirama;PR;Estadual;5;524.94;542.22;479.1;552.62;516.0;522.98
2680;Benedito Novo;SC;Estadual;33;524.76;510.3;471.98;523.62;584.24;522.98
2681;Coelho Neto;MA;Federal;73;504.6;491.41;465.3;500.9;652.33;522.91
2682;Bonfinópolis de Minas;MG;Estadual;20;519.86;494.46;481.9;502.22;616.0;522.89
2683;Areias;SP;Estadual;15;524.67;522.16;486.58;492.99;588.0;522.88
2684;Rolante;RS;Federal;7;513.36;539.77;447.23;471.09;642.86;522.86
2685;Santa Cruz de Minas;MG;Estadual;7;531.0;509.36;479.23;528.93;565.71;522.85
2686;Gramado;RS;Estadual;75;529.25;511.09;461.88;523.88;587.73;522.77
2687;Varjão;GO;Estadual;11;514.48;505.85;461.46;512.0;620.0;522.76
2688;Piatã;BA;Estadual;76;505.37;495.97;469.66;500.36;642.37;522.75
2689;Santa Cruz do Capibaribe;PE;Estadual;456;517.82;500.0;464.72;519.88;611.27;522.74
2690;Petrolina de Goiás;GO;Privada;13;526.18;524.81;445.88;492.17;624.62;522.73
2691;Bom Jardim;RJ;Estadual;74;529.23;522.35;478.02;513.69;570.27;522.71
2692;Nova União;MG;Estadual;34;523.9;513.39;476.26;515.23;584.71;522.7
2693;Novais;SP;Estadual;15;504.77;482.92;433.5;484.2;708.0;522.68
2694;Bocaina de Minas;MG;Estadual;20;519.63;518.0;486.25;515.52;574.0;522.68
2695;Roque Gonzales;RS;Estadual;14;514.22;497.79;484.43;546.68;570.0;522.62
2696;Cajuri;MG;Estadual;21;511.03;487.45;474.38;512.53;627.62;522.6
2697;Verê;PR;Estadual;38;510.43;503.12;469.09;544.45;585.79;522.58
2698;Pacujá;CE;Estadual;181;506.22;499.85;477.07;546.33;583.31;522.56
2699;Cascavel;PR;Estadual;949;528.25;513.64;472.99;521.94;575.83;522.53
2700;Itamarandiba;MG;Estadual;218;518.52;515.82;473.82;531.52;572.84;522.5
2701;Mallet;PR;Estadual;61;518.78;506.33;463.65;535.15;588.52;522.49
2702;Palmeira d'Oeste;SP;Estadual;27;516.9;499.37;474.59;531.19;590.37;522.48
2703;Bragança Paulista;SP;Municipal;1;544.8;523.3;593.3;390.9;560.0;522.46
2704;Belo Vale;MG;Estadual;16;493.44;511.59;477.8;519.42;610.0;522.45
2705;Tupanciretã;RS;Estadual;75;531.13;516.15;477.8;516.75;570.4;522.45
2706;Araputanga;MT;Estadual;60;514.62;496.89;459.5;516.86;624.33;522.44
2707;Sericita;MG;Estadual;33;503.92;488.57;474.11;538.89;606.67;522.43
2708;Taquari;RS;Estadual;65;534.45;512.57;464.78;526.47;573.85;522.42
2709;Santo Estêvão;BA;Privada;16;522.15;494.69;466.29;545.14;583.75;522.4
2710;Itacoatiara;AM;Federal;21;528.29;501.18;476.41;533.68;572.38;522.39
2711;Mirassol;SP;Estadual;238;525.29;508.85;468.23;533.34;576.05;522.35
2712;Caçapava;SP;Estadual;311;531.45;515.61;473.0;536.27;555.43;522.35
2713;Cunhataí;SC;Estadual;4;529.5;553.4;521.17;547.65;460.0;522.34
2714;Paraguaçu;MG;Estadual;32;520.96;506.43;469.39;534.26;580.62;522.33
2715;Russas;CE;Estadual;619;512.04;495.95;469.16;527.11;607.27;522.31
2716;Caratinga;MG;Estadual;340;517.39;502.54;469.18;523.74;598.65;522.3
2717;Nova Lima;MG;Estadual;237;520.59;509.19;476.39;525.03;580.17;522.27
2718;Guaraciaba;SC;Estadual;49;517.38;510.25;470.5;545.02;568.16;522.26
2719;Coari;AM;Federal;89;497.72;482.97;465.43;493.03;672.13;522.26
2720;Bom Jesus do Amparo;MG;Estadual;28;522.48;503.92;507.88;519.11;557.86;522.25
2721;São Lourenço;MG;Estadual;147;529.96;510.19;469.31;528.61;573.2;522.25
2722;Salgueiro;PE;Estadual;430;513.3;495.66;463.82;528.54;609.91;522.24
2723;Praia Grande;SP;Estadual;1085;533.42;514.53;475.03;518.59;569.57;522.23
2724;Timbaúba;PE;Estadual;490;506.11;494.72;458.27;527.17;624.82;522.22
2725;Buriti Bravo;MA;Privada;15;499.15;476.39;448.79;504.12;682.67;522.22
2726;Bandeira;MG;Estadual;14;524.76;519.33;468.96;499.36;598.57;522.2
2727;Porto Grande;AP;Federal;50;520.21;507.19;481.04;503.19;599.2;522.16
2728;Dores de Campos;MG;Estadual;42;509.92;501.53;457.55;511.81;630.0;522.16
2729;Itapeva;SP;Estadual;455;526.96;511.62;470.06;538.46;563.6;522.14
2730;Barra Funda;RS;Estadual;22;522.24;515.73;456.45;504.43;611.82;522.13
2731;Butiá;RS;Estadual;63;523.33;508.83;444.89;515.7;617.78;522.11
2732;Campo Limpo Paulista;SP;Estadual;264;531.55;510.23;469.75;526.96;571.89;522.08
2733;Nova Santa Helena;MT;Estadual;16;494.02;494.37;474.49;524.99;622.5;522.07
2734;Montes Claros;MG;Estadual;1616;519.94;504.79;470.0;516.48;599.03;522.05
2735;Santa Rita do Tocantins;TO;Estadual;7;501.97;473.44;470.57;526.86;637.14;522.0
2736;Santana do Jacaré;MG;Estadual;23;504.8;494.78;467.67;530.51;612.17;521.99
2737;Tuparetama;PE;Estadual;43;511.6;484.81;448.76;527.04;637.67;521.98
2738;Rafard;SP;Estadual;30;533.66;512.76;477.75;528.95;556.67;521.96
2739;Santana do Itararé;PR;Estadual;19;529.22;504.64;454.36;539.39;582.11;521.95
2740;Resende;RJ;Estadual;394;528.95;512.28;473.33;512.15;582.89;521.92
2741;Ângulo;PR;Estadual;11;493.1;485.61;446.57;507.92;676.36;521.91
2742;São Luís de Montes Belos;GO;Estadual;99;516.66;497.97;476.26;523.58;594.95;521.88
2743;Cosmópolis;SP;Estadual;268;530.14;515.69;481.2;526.94;555.37;521.87
2744;São João do Oriente;MG;Estadual;29;512.36;494.38;461.59;535.1;605.52;521.79
2745;Montenegro;RS;Estadual;157;531.3;513.11;467.6;523.85;572.99;521.77
2746;Barro;CE;Estadual;205;510.81;487.24;458.5;521.0;631.32;521.77
2747;Maués;AM;Federal;52;517.4;513.67;475.59;505.83;596.15;521.73
2748;Vargeão;SC;Estadual;9;519.38;506.58;487.58;512.87;582.22;521.72
2749;Louveira;SP;Estadual;108;529.63;510.36;474.15;523.98;570.37;521.7
2750;Boa Vista do Buricá;RS;Estadual;28;519.96;498.26;471.19;525.52;593.57;521.7
2751;Itaiçaba;CE;Estadual;78;512.3;502.39;467.08;521.56;605.13;521.69
2752;Jacutinga;MG;Estadual;64;522.55;507.46;482.72;523.77;571.88;521.68
2753;Guaíba;RS;Estadual;393;527.09;514.52;463.95;510.36;592.42;521.67
2754;Cachoeiro de Itapemirim;ES;Estadual;815;512.91;495.23;469.4;512.05;618.55;521.63
2755;Governador Luiz Rocha;MA;Municipal;1;501.6;508.7;518.2;519.5;560.0;521.6
2756;Tubarão;SC;Estadual;352;520.12;505.39;465.41;512.29;604.77;521.6
2757;Campo Mourão;PR;Estadual;304;525.64;510.41;476.72;511.44;583.75;521.59
2758;São Bento do Sul;SC;Estadual;253;522.34;512.72;474.75;523.51;574.62;521.59
2759;São Caitano;PE;Privada;6;535.3;518.07;467.15;494.1;593.33;521.59
2760;Minduri;MG;Estadual;14;532.09;508.91;465.3;497.31;604.29;521.58
2761;Sanclerlândia;GO;Estadual;39;507.8;483.36;458.4;518.15;640.0;521.54
2762;Sud Mennucci;SP;Estadual;30;524.4;511.69;480.59;519.61;571.33;521.53
2763;Rolante;RS;Estadual;30;533.96;528.78;465.44;512.64;566.67;521.5
2764;Três Arroios;RS;Estadual;16;519.49;498.73;473.05;537.43;578.75;521.49
2765;Toledo;MG;Estadual;13;525.29;518.45;463.73;556.92;543.08;521.49
2766;Belo Jardim;PE;Estadual;354;514.89;498.69;462.8;525.54;605.54;521.49
2767;General Salgado;SP;Estadual;72;513.71;490.35;471.09;525.89;606.39;521.48
2768;Boquira;BA;Privada;1;547.0;495.6;430.4;554.4;580.0;521.48
2769;São Bernardo;MA;Municipal;1;482.6;442.2;430.3;612.2;640.0;521.46
2770;Imbé;RS;Estadual;71;525.93;512.59;466.69;532.68;569.3;521.44
2771;Borrazópolis;PR;Estadual;41;525.35;496.73;481.66;518.52;584.88;521.43
2772;Turmalina;SP;Estadual;9;525.78;504.49;477.6;559.27;540.0;521.43
2773;São Leopoldo;RS;Estadual;445;531.51;517.59;466.59;525.97;565.39;521.41
2774;Getúlio Vargas;RS;Estadual;28;524.29;501.64;452.12;524.65;604.29;521.4
2775;Barreiros;PE;Federal;83;499.72;497.77;485.84;516.39;607.23;521.39
2776;Gouveia;MG;Estadual;71;506.36;485.51;465.69;510.7;638.59;521.37
2777;Aporé;GO;Estadual;10;516.09;528.78;489.97;527.9;544.0;521.35
2778;Sentinela do Sul;RS;Estadual;20;502.45;498.57;464.0;502.7;639.0;521.34
2779;Pradópolis;SP;Estadual;49;542.48;519.53;481.46;503.48;559.59;521.31
2780;Suzano;SP;Estadual;1149;530.72;511.0;469.0;512.3;583.53;521.31
2781;Porto da Folha;SE;Privada;8;478.96;468.17;437.68;518.95;702.5;521.25
2782;Tocantins;MG;Estadual;53;509.65;501.37;471.83;517.73;605.66;521.25
2783;Junqueiro;AL;Estadual;128;491.86;487.68;459.88;501.06;665.78;521.25
2784;Pains;MG;Estadual;23;508.5;498.14;474.74;511.8;613.04;521.24
2785;Trindade do Sul;RS;Estadual;23;519.42;516.87;459.01;540.49;570.43;521.24
2786;Bom Jesus do Oeste;SC;Estadual;8;511.59;508.38;442.18;528.92;615.0;521.21
2787;Romaria;MG;Estadual;16;525.43;493.86;487.64;530.05;568.75;521.15
2788;Raul Soares;MG;Estadual;128;512.32;492.16;460.22;518.93;622.03;521.13
2789;Cruzeiro do Sul;RS;Estadual;28;523.54;521.53;467.37;542.3;550.71;521.09
2790;Cezarina;GO;Estadual;17;510.22;511.79;478.7;525.84;578.82;521.07
2791;Terra de Areia;RS;Estadual;41;529.44;517.29;462.89;505.49;590.24;521.07
2792;Santa Maria de Jetibá;ES;Estadual;101;516.67;506.56;463.17;512.58;606.34;521.06
2793;Presidente Figueiredo;AM;Federal;55;519.73;488.91;478.59;499.46;618.55;521.05
2794;Quatiguá;PR;Estadual;24;523.66;517.31;458.58;541.5;564.17;521.04
2795;Vitória da Conquista;BA;Estadual;1348;518.31;506.64;468.19;510.56;601.51;521.04
2796;Laguna;SC;Estadual;140;520.8;512.54;463.28;521.94;586.57;521.03
2797;Malhador;SE;Estadual;48;491.53;496.13;456.0;496.03;665.42;521.02
2798;Paial;SC;Estadual;4;543.3;551.58;438.88;486.33;585.0;521.02
2799;Leandro Ferreira;MG;Estadual;14;506.81;519.69;480.34;513.94;584.29;521.01
2800;Santa Luzia;PB;Privada;12;518.02;492.08;470.63;497.58;626.67;521.0
2801;Biguaçu;SC;Estadual;208;524.89;506.63;464.98;511.29;597.21;521.0
2802;Panambi;RS;Privada;16;513.31;512.85;463.24;546.84;568.75;521.0
2803;São Sebastião da Vargem Alegre;MG;Estadual;13;517.09;510.42;465.12;541.47;570.77;520.97
2804;Ascurra;SC;Estadual;19;512.16;509.33;453.11;508.12;622.11;520.96
2805;Potim;SP;Estadual;17;536.52;523.07;473.44;534.08;537.65;520.95
2806;Joinville;SC;Estadual;1427;529.28;511.66;465.97;520.78;577.07;520.95
2807;Unistalda;RS;Estadual;14;505.21;506.83;473.72;523.23;595.71;520.94
2808;Formoso do Araguaia;TO;Privada;52;490.65;488.28;485.66;516.19;623.85;520.92
2809;Angatuba;SP;Privada;3;544.23;506.7;488.47;538.37;526.67;520.89
2810;Córrego Fundo;MG;Estadual;15;496.58;464.02;461.29;537.23;645.33;520.89
2811;Laguna Carapã;MS;Estadual;2;508.15;526.8;543.1;456.4;570.0;520.89
2812;Jaguarão;RS;Estadual;87;525.51;513.08;463.99;524.8;577.01;520.88
2813;Liberato Salzano;RS;Estadual;31;517.21;516.92;466.37;511.58;592.26;520.87
2814;Patrocínio do Muriaé;MG;Estadual;15;512.59;499.3;460.22;502.84;629.33;520.86
2815;Juiz de Fora;MG;Estadual;1435;523.76;507.05;474.96;513.87;584.53;520.83
2816;Taubaté;SP;Estadual;695;532.36;514.63;473.86;528.62;554.68;520.83
2817;Aracitaba;MG;Estadual;2;509.5;544.3;486.0;464.3;600.0;520.82
2818;Guapiaçu;SP;Estadual;48;527.18;517.82;477.4;514.55;567.08;520.81
2819;Teresópolis;RJ;Estadual;551;527.6;503.57;471.92;510.25;590.67;520.8
2820;Araçatuba;SP;Estadual;427;529.42;510.39;474.19;524.92;565.06;520.79
2821;Goiânia;GO;Estadual;4619;519.34;502.18;466.59;511.72;604.12;520.79
2822;Nova Bandeirantes;MT;Estadual;28;510.58;488.09;472.43;529.24;603.57;520.78
2823;Arujá;SP;Estadual;370;527.04;505.98;464.84;516.06;589.95;520.77
2824;Durandé;MG;Estadual;17;529.31;497.79;449.82;500.98;625.88;520.76
2825;Senador Modestino Gonçalves;MG;Estadual;39;511.88;502.62;472.81;530.22;586.15;520.74
2826;Monsenhor Hipólito;PI;Estadual;78;500.58;484.53;454.69;509.0;654.87;520.73
2827;São Pedro de Alcântara;SC;Estadual;26;527.16;513.13;455.32;559.51;548.46;520.72
2828;Barão;RS;Estadual;21;521.28;517.92;440.6;504.51;619.05;520.67
2829;Vacaria;RS;Estadual;165;528.25;509.49;457.02;519.55;588.97;520.66
2830;Miracema;RJ;Estadual;149;513.33;496.85;465.62;496.32;631.14;520.65
2831;Ibiá;MG;Privada;2;514.9;453.15;451.05;563.95;620.0;520.61
2832;Itaperuna;RJ;Estadual;260;520.79;504.83;474.69;518.5;584.23;520.61
2833;Conchal;SP;Estadual;77;517.96;509.44;487.75;532.26;555.58;520.6
2834;Goiabeira;MG;Estadual;14;517.66;512.75;454.44;498.11;620.0;520.59
2835;Lagamar;MG;Estadual;15;508.43;481.44;476.24;542.16;594.67;520.59
2836;Machacalis;MG;Estadual;23;500.59;462.66;459.19;520.47;660.0;520.58
2837;Cristais;MG;Estadual;36;514.86;501.61;477.62;545.35;563.33;520.56
2838;Capela do Alto Alegre;BA;Estadual;47;523.85;512.62;468.06;507.63;590.64;520.56
2839;Espírito Santo do Pinhal;SP;Estadual;174;521.94;510.09;479.35;528.17;563.22;520.55
2840;Céu Azul;PR;Estadual;40;517.25;513.19;459.35;505.86;607.0;520.53
2841;Iguaba Grande;RJ;Estadual;113;527.24;508.2;470.87;511.71;584.6;520.52
2842;Chopinzinho;PR;Estadual;60;521.06;520.5;478.59;509.4;573.0;520.51
2843;Itaituba;PA;Federal;57;520.11;502.14;467.54;512.08;600.7;520.51
2844;Itajubá;MG;Estadual;288;521.58;498.12;470.66;525.2;586.94;520.5
2845;Passos;MG;Estadual;509;518.23;500.99;467.97;519.79;595.36;520.47
2846;Guanambi;BA;Estadual;324;515.44;505.67;468.61;520.69;591.79;520.44
2847;Tabatinga;SP;Estadual;56;517.17;506.1;470.37;532.48;576.07;520.44
2848;São Martinho;SC;Estadual;16;508.91;489.66;463.06;541.77;598.75;520.43
2849;Vazante;MG;Estadual;81;510.43;497.14;463.68;510.19;620.74;520.43
2850;Ituporanga;SC;Estadual;118;519.46;500.41;472.62;525.18;584.41;520.42
2851;Lagoa;PB;Estadual;20;516.03;500.24;456.58;514.22;615.0;520.41
2852;Itu;SP;Estadual;446;526.87;510.47;477.33;513.74;573.59;520.4
2853;Cianorte;PR;Estadual;253;524.1;510.94;471.55;516.7;578.66;520.39
2854;Monteiro;PB;Privada;15;508.47;491.61;465.34;552.5;584.0;520.38
2855;Mairinque;SP;Estadual;234;526.66;508.93;478.17;527.46;560.6;520.36
2856;Iguatu;CE;Estadual;612;508.06;491.84;462.5;517.4;621.63;520.29
2857;Diamante D'Oeste;PR;Estadual;15;534.09;521.62;491.14;515.93;538.67;520.29
2858;Santo Antônio;RN;Privada;8;505.0;473.88;485.2;529.86;607.5;520.29
2859;Itinga do Maranhão;MA;Municipal;1;526.9;560.2;527.8;606.5;380.0;520.28
2860;Nova Roma do Sul;RS;Estadual;21;521.72;512.74;464.41;537.72;564.76;520.27
2861;Espírito Santo do Turvo;SP;Estadual;5;534.88;517.14;492.74;540.6;516.0;520.27
2862;Porto União;SC;Estadual;122;521.07;512.77;466.75;514.55;586.23;520.27
2863;Palestina;SP;Estadual;23;525.36;493.33;479.78;512.38;590.43;520.26
2864;Campos Novos;SC;Estadual;115;516.01;508.74;472.1;511.03;593.39;520.25
2865;Cassilândia;MS;Privada;7;494.56;485.51;488.86;512.21;620.0;520.23
2866;Nova Esperança do Sul;RS;Estadual;12;525.98;486.85;470.33;543.0;575.0;520.23
2867;Cubati;PB;Estadual;48;499.34;487.88;487.9;518.05;607.92;520.22
2868;Limoeiro do Norte;CE;Estadual;389;507.88;493.2;465.66;510.77;623.5;520.2
2869;São José das Missões;RS;Estadual;9;494.52;504.57;445.37;516.52;640.0;520.2
2870;São Manuel;SP;Estadual;143;527.81;519.22;474.52;516.63;562.8;520.19
2871;Pirapó;RS;Estadual;6;488.57;472.53;416.6;519.82;703.33;520.17
2872;Sapezal;MT;Estadual;57;523.69;499.52;462.65;513.46;601.4;520.15
2873;Bragança;PA;Municipal;13;500.23;511.28;454.21;473.48;661.54;520.15
2874;Arvorezinha;RS;Estadual;35;519.82;506.04;455.25;545.34;574.29;520.15
2875;Tabira;PE;Estadual;125;516.2;489.93;462.25;536.64;595.68;520.14
2876;Campinas do Sul;RS;Estadual;19;518.78;509.4;470.63;538.6;563.16;520.11
2877;São Pedro da União;MG;Estadual;11;519.32;482.59;449.34;518.37;630.91;520.11
2878;Assaí;PR;Estadual;81;522.02;512.35;473.18;527.79;565.19;520.1
2879;Gentil;RS;Estadual;4;540.75;555.08;443.98;465.5;595.0;520.06
2880;Piranguinho;MG;Estadual;37;513.77;503.08;468.75;542.6;571.89;520.02
2881;Vicentina;MS;Estadual;30;517.38;518.81;467.78;494.76;601.33;520.01
2882;Cruz Alta;RS;Estadual;201;529.06;512.88;464.49;516.55;577.01;520.0
2883;Bady Bassitt;SP;Estadual;42;526.41;500.33;476.08;536.18;560.95;519.99
2884;Lauro Müller;SC;Estadual;53;510.31;505.38;475.29;507.03;601.89;519.98
2885;Paranapanema;SP;Estadual;50;509.93;502.75;472.34;529.67;585.2;519.98
2886;Cerquilho;SP;Estadual;139;534.78;518.61;464.7;518.33;563.45;519.98
2887;Lamim;MG;Estadual;23;509.3;484.9;447.5;508.52;649.57;519.96
2888;Lacerdópolis;SC;Estadual;5;524.04;501.68;496.58;525.48;552.0;519.96
2889;Itarana;ES;Estadual;45;504.34;484.13;484.33;528.32;598.67;519.96
2890;Campos Belos;GO;Estadual;66;516.13;504.79;447.7;498.07;633.03;519.94
2891;Ponta Grossa;PR;Estadual;555;531.18;525.1;480.59;517.79;545.01;519.93
2892;Castelo;ES;Estadual;192;507.85;493.93;470.44;528.78;598.54;519.91
2893;Conselheiro Pena;MG;Estadual;53;527.62;509.06;472.94;546.85;543.02;519.9
2894;Poá;SP;Estadual;603;529.94;511.34;470.57;521.89;565.67;519.88
2895;Major Vieira;SC;Estadual;22;514.26;516.82;474.63;492.7;600.91;519.87
2896;Ocauçu;SP;Estadual;8;523.98;507.45;463.28;499.65;605.0;519.87
2897;São Vicente;SP;Estadual;722;533.14;512.62;468.16;514.59;570.86;519.87
2898;Santo Inácio;PR;Estadual;16;508.78;500.0;481.19;526.69;582.5;519.83
2899;Propriá;SE;Privada;84;506.67;488.64;464.21;511.48;628.1;519.82
2900;Linhares;ES;Estadual;647;512.41;497.69;460.17;507.88;620.96;519.82
2901;Avanhandava;SP;Estadual;22;533.45;509.1;499.47;489.58;567.27;519.78
2902;Tabatinga;AM;Federal;54;524.89;500.7;470.17;486.14;616.67;519.71
2903;Bezerros;PE;Estadual;359;508.45;491.44;463.85;516.68;618.11;519.71
2904;Santa Gertrudes;SP;Estadual;79;532.17;505.55;470.4;529.85;560.51;519.69
2905;Poços de Caldas;MG;Estadual;365;526.86;509.14;466.12;510.86;585.42;519.68
2906;Jequié;BA;Estadual;638;512.66;497.18;463.74;496.34;628.37;519.66
2907;Tabapuã;SP;Estadual;28;520.6;494.87;457.78;541.41;583.57;519.65
2908;Pedra Bela;SP;Estadual;23;520.19;495.89;468.22;530.5;583.48;519.65
2909;Triunfo;PE;Estadual;105;517.54;492.16;470.71;537.09;580.76;519.65
2910;Vargem Grande do Sul;SP;Estadual;143;525.98;509.96;480.0;529.83;552.45;519.64
2911;Seberi;RS;Estadual;38;514.68;506.57;466.12;527.55;583.16;519.62
2912;Nazareno;MG;Estadual;37;519.7;492.35;451.61;493.18;641.08;519.58
2913;Ibipitanga;BA;Estadual;16;512.9;479.55;477.88;509.95;617.5;519.56
2914;Faxinal dos Guedes;SC;Estadual;38;526.58;502.18;464.17;513.23;591.58;519.55
2915;Miradouro;MG;Estadual;41;523.1;515.2;464.12;518.61;576.59;519.52
2916;Presidente Prudente;SP;Estadual;888;527.21;507.88;471.03;518.78;572.59;519.5
2917;Cumari;GO;Estadual;10;523.34;493.34;466.29;506.49;608.0;519.49
2918;Palhoça;SC;Estadual;553;521.31;506.28;466.11;517.15;586.55;519.48
2919;Concórdia;SC;Estadual;219;520.44;504.66;471.98;517.49;582.83;519.48
2920;Serrinha;BA;Municipal;2;529.15;500.05;474.05;524.0;570.0;519.45
2921;Jaguarari;BA;Privada;29;499.68;485.4;491.86;519.53;600.69;519.43
2922;Sertanópolis;PR;Estadual;55;520.86;506.79;466.19;529.73;573.45;519.4
2923;Jandira;SP;Estadual;439;527.62;511.11;468.24;509.64;580.14;519.35
2924;Rio das Flores;RJ;Estadual;31;519.7;517.82;477.25;507.09;574.84;519.34
2925;Pinhalzinho;SC;Estadual;63;518.03;501.07;464.13;522.94;590.48;519.33
2926;Ipiranga do Piauí;PI;Estadual;58;491.73;482.22;461.87;494.22;666.55;519.32
2927;Massaranduba;SC;Estadual;58;529.76;508.06;475.02;538.18;545.52;519.31
2928;Viçosa;AL;Privada;13;531.55;495.33;473.04;484.26;612.31;519.3
2929;Betim;MG;Estadual;1397;525.68;505.52;470.92;522.67;571.57;519.27
2930;Ibitiúra de Minas;MG;Estadual;13;540.47;484.85;457.07;510.69;603.08;519.23
2931;Boa Vista do Incra;RS;Estadual;15;498.35;504.77;457.53;504.8;630.67;519.22
2932;Alexânia;GO;Privada;4;514.58;505.0;464.42;507.05;605.0;519.21
2933;Belém do Piauí;PI;Estadual;19;519.92;506.49;448.41;524.37;596.84;519.21
2934;Matão;SP;Estadual;191;522.74;505.14;482.31;521.65;564.19;519.21
2935;Camboriú;SC;Municipal;1;511.6;544.4;525.6;434.4;580.0;519.2
2936;São José dos Pinhais;PR;Estadual;847;530.83;516.3;475.75;521.58;551.45;519.18
2937;Aurora;CE;Estadual;214;501.81;493.36;460.66;509.64;630.37;519.17
2938;Arapeí;SP;Estadual;9;532.63;526.63;451.24;507.53;577.78;519.16
2939;Rio Branco;MT;Estadual;20;506.7;492.55;479.29;534.27;583.0;519.16
2940;Lagoa Vermelha;RS;Estadual;87;522.79;504.52;463.37;512.1;592.87;519.13
2941;Barra do Corda;MA;Municipal;1;521.5;489.3;468.8;476.0;640.0;519.12
2942;Itaqui;RS;Estadual;198;517.35;506.45;454.99;509.35;607.47;519.12
2943;Bom Repouso;MG;Estadual;24;515.33;475.81;478.85;518.87;606.67;519.11
2944;José da Penha;RN;Estadual;37;494.6;476.28;452.25;482.51;689.73;519.07
2945;Tremembé;SP;Estadual;74;525.62;506.4;485.67;519.21;558.38;519.06
2946;Rio Fortuna;SC;Estadual;22;516.91;508.27;478.4;530.7;560.91;519.04
2947;Macatuba;SP;Estadual;58;521.0;507.47;471.53;539.88;555.17;519.01
2948;Santa Terezinha de Itaipu;PR;Estadual;62;525.94;512.95;466.12;512.94;577.1;519.01
2949;Ipê;RS;Estadual;19;524.32;481.82;449.46;551.05;588.42;519.01
2950;Itapejara d'Oeste;PR;Estadual;50;527.74;514.6;465.45;503.24;584.0;519.01
2951;Bom Jesus da Penha;MG;Estadual;17;499.3;483.15;475.24;536.14;601.18;519.0
2952;Viçosa;MG;Estadual;330;512.84;499.23;469.4;512.83;600.67;518.99
2953;Piraúba;MG;Estadual;37;516.82;495.93;466.57;541.02;574.59;518.99
2954;Indaial;SC;Estadual;221;528.71;511.92;474.38;522.64;557.1;518.95
2955;Americano do Brasil;GO;Estadual;14;527.19;497.19;455.14;516.57;598.57;518.93
2956;Almirante Tamandaré do Sul;RS;Estadual;6;502.97;486.1;491.97;570.08;543.33;518.89
2957;Carandaí;MG;Estadual;79;528.62;511.19;474.67;510.55;569.37;518.88
2958;Vila Velha;ES;Estadual;1490;520.49;503.44;468.82;515.27;586.32;518.87
2959;Itapema;SC;Estadual;132;527.43;514.22;467.27;520.87;564.39;518.84
2960;Xambrê;PR;Estadual;13;519.36;506.62;471.47;515.18;581.54;518.83
2961;Cordeiros;BA;Estadual;51;506.41;493.98;460.55;522.25;610.98;518.83
2962;Manhumirim;MG;Estadual;54;509.82;498.82;471.19;531.72;582.59;518.83
2963;Orleans;SC;Estadual;95;517.51;511.32;476.22;515.28;573.68;518.8
2964;Santana dos Montes;MG;Estadual;9;519.43;456.7;477.41;515.84;624.44;518.77
2965;Edealina;GO;Estadual;12;514.99;504.02;469.12;529.04;576.67;518.77
2966;Eugênio de Castro;RS;Estadual;3;505.93;479.5;494.57;500.4;613.33;518.75
2967;Dolcinópolis;SP;Estadual;8;522.51;508.0;468.48;534.76;560.0;518.75
2968;Taperoá;PB;Estadual;69;505.31;502.61;457.87;516.91;611.01;518.74
2969;Poá;SP;Privada;13;524.35;510.23;480.02;554.33;524.62;518.71
2970;Santópolis do Aguapeí;SP;Estadual;7;510.66;480.21;438.64;552.56;611.43;518.7
2971;Peritiba;SC;Estadual;13;517.4;524.6;471.02;525.11;555.38;518.7
2972;Afonso Cláudio;ES;Estadual;153;511.2;497.12;466.51;520.71;597.91;518.69
2973;Catas Altas da Noruega;MG;Estadual;19;519.36;495.76;466.35;524.59;587.37;518.69
2974;Forquetinha;RS;Estadual;3;513.6;520.0;497.03;516.13;546.67;518.69
2975;Tupãssi;PR;Estadual;32;526.27;492.83;466.82;539.34;568.12;518.68
2976;Júlio de Castilhos;RS;Estadual;81;513.78;512.92;468.12;493.37;605.19;518.68
2977;Cristiano Otoni;MG;Estadual;11;510.45;489.45;482.47;516.38;594.55;518.66
2978;Taboão da Serra;SP;Estadual;872;528.82;511.84;464.98;514.45;573.12;518.64
2979;Eirunepé;AM;Federal;86;509.59;496.4;455.8;502.28;629.07;518.63
2980;Mariana;MG;Estadual;199;516.44;503.33;464.71;505.45;603.12;518.61
2981;Sabáudia;PR;Estadual;36;522.32;508.16;467.89;531.86;562.78;518.6
2982;Marmelópolis;MG;Estadual;18;506.58;512.44;476.15;531.1;566.67;518.59
2983;Salto do Itararé;PR;Estadual;14;533.37;512.89;484.76;526.21;535.71;518.59
2984;João Câmara;RN;Privada;7;517.06;464.96;466.61;547.0;597.14;518.55
2985;Lapa;PR;Estadual;161;518.2;506.84;484.03;518.97;564.72;518.55
2986;Campo Largo;PR;Estadual;459;520.97;510.38;470.23;513.11;577.86;518.51
2987;Poloni;SP;Estadual;16;519.76;503.42;460.96;509.61;598.75;518.5
2988;Conceição do Castelo;ES;Estadual;52;511.9;512.96;476.94;516.72;573.85;518.47
2989;Buriticupu;MA;Federal;90;512.69;510.33;472.33;501.59;595.33;518.46
2990;Muliterno;RS;Estadual;3;476.93;502.7;446.13;553.2;613.33;518.46
2991;Cosmorama;SP;Estadual;30;535.11;503.56;457.56;505.26;590.67;518.43
2992;Registro;SP;Estadual;255;527.18;512.52;472.49;520.77;559.14;518.42
2993;Salgado;SE;Estadual;112;498.1;485.03;457.52;500.02;651.43;518.42
2994;Coronel Freitas;SC;Estadual;30;517.25;509.64;474.63;529.81;560.67;518.4
2995;Ouro Preto do Oeste;RO;Privada;5;516.6;527.36;486.98;556.82;504.0;518.35
2996;Indianópolis;MG;Estadual;20;506.68;502.97;478.48;521.48;582.0;518.32
2997;Rio do Sul;SC;Estadual;178;523.56;517.18;467.13;509.05;574.61;518.3
2998;Virmond;PR;Estadual;22;522.67;521.25;466.94;517.85;562.73;518.29
2999;São Miguel das Missões;RS;Estadual;9;539.0;503.1;475.58;475.94;597.78;518.28
3000;Amambai;MS;Estadual;129;511.37;505.18;478.03;532.94;563.88;518.28
3001;Liberdade;MG;Estadual;21;505.28;512.4;441.44;566.53;565.71;518.27
3002;Capitão Leônidas Marques;PR;Privada;14;519.9;487.19;450.66;520.56;612.86;518.23
3003;Niquelândia;GO;Estadual;157;509.77;486.22;466.97;517.36;610.83;518.23
3004;Barra do Turvo;SP;Estadual;30;526.92;505.1;454.61;499.78;604.67;518.22
3005;Uraí;PR;Estadual;72;526.56;514.08;461.14;508.71;580.56;518.21
3006;Gravataí;RS;Estadual;508;528.33;514.57;466.44;515.08;566.61;518.21
3007;Santo Antônio da Patrulha;RS;Estadual;132;519.51;509.91;465.36;516.69;579.55;518.2
3008;Angelim;PE;Estadual;39;513.84;516.04;460.42;505.85;594.87;518.2
3009;Serra do Salitre;MG;Estadual;53;514.26;498.98;447.11;530.54;600.0;518.18
3010;Berilo;MG;Estadual;58;506.67;507.87;476.75;511.7;587.93;518.18
3011;Sapucaí-Mirim;MG;Estadual;22;512.77;488.18;462.96;554.17;572.73;518.16
3012;Guamiranga;PR;Estadual;36;518.12;523.26;477.14;534.38;537.78;518.13
3013;Lambari;MG;Estadual;111;523.09;503.47;473.17;526.76;564.14;518.13
3014;Corumbá de Goiás;GO;Estadual;56;518.81;511.05;469.42;508.8;582.5;518.12
3015;Campo Bom;RS;Estadual;213;533.45;504.95;457.98;519.84;574.27;518.1
3016;Anahy;PR;Estadual;3;513.77;528.6;501.23;526.87;520.0;518.09
3017;Capão Bonito;SP;Estadual;347;526.85;512.07;473.13;524.94;553.43;518.08
3018;Cristianópolis;GO;Estadual;12;523.48;523.26;475.9;494.25;573.33;518.04
3019;Professor Jamil;GO;Estadual;12;498.22;495.78;454.01;492.14;650.0;518.03
3020;São Paulo;SP;Estadual;30186;529.34;510.71;466.23;514.86;568.94;518.02
3021;São Raimundo das Mangabeiras;MA;Federal;64;516.66;509.09;472.32;505.47;586.56;518.02
3022;Novo Machado;RS;Estadual;15;520.36;501.17;475.58;523.63;569.33;518.01
3023;Anta Gorda;RS;Estadual;9;519.91;513.52;452.48;488.59;615.56;518.01
3024;Malacacheta;MG;Privada;8;518.35;500.52;479.84;508.79;582.5;518.0
3025;Pitangui;MG;Estadual;78;513.65;499.64;471.6;523.27;581.79;517.99
3026;São Francisco;SP;Estadual;19;533.38;492.19;470.05;501.64;592.63;517.98
3027;Ijaci;MG;Estadual;25;516.23;516.61;459.8;495.68;601.6;517.98
3028;Canavieiras;BA;Estadual;65;525.69;498.78;459.72;498.87;606.77;517.97
3029;Alfredo Marcondes;SP;Estadual;12;505.07;488.45;452.87;540.02;603.33;517.95
3030;Capetinga;MG;Estadual;17;496.56;497.39;460.91;521.9;612.94;517.94
3031;Coronel Fabriciano;MG;Estadual;318;521.82;498.2;465.36;507.46;596.79;517.93
3032;Surubim;PE;Estadual;344;502.57;493.62;454.36;524.2;614.83;517.91
3033;Itabaiana;SE;Estadual;357;503.59;490.39;459.83;497.21;638.49;517.9
3034;Bofete;SP;Estadual;9;523.57;501.28;463.71;527.51;573.33;517.88
3035;Ressaquinha;MG;Estadual;25;528.5;478.74;474.59;521.8;585.6;517.85
3036;Mairiporã;SP;Estadual;261;524.2;515.3;470.0;514.97;564.75;517.84
3037;Santa Rosa do Sul;SC;Estadual;16;518.43;503.08;456.37;525.1;586.25;517.84
3038;Caseiros;RS;Estadual;11;490.38;496.07;429.08;490.01;683.64;517.84
3039;Serrana;SP;Estadual;155;518.47;502.46;469.49;520.55;577.94;517.78
3040;Olho d'Água das Flores;AL;Privada;2;522.85;517.55;476.5;531.9;540.0;517.76
3041;Extremoz;RN;Privada;4;529.1;468.78;426.75;524.12;640.0;517.75
3042;Acari;RN;Estadual;30;503.82;488.15;449.21;486.24;661.33;517.75
3043;Cruzeiro;SP;Estadual;159;531.08;512.06;472.59;520.65;552.33;517.74
3044;Caeté;MG;Estadual;113;521.18;509.12;468.69;523.81;565.84;517.73
3045;Turvo;SC;Estadual;42;525.74;505.95;475.25;529.65;551.9;517.7
3046;Centenário;RS;Estadual;18;506.57;508.48;469.87;540.22;563.33;517.69
3047;Tanabi;SP;Estadual;30;519.64;501.28;478.77;536.73;552.0;517.69
3048;Iracemápolis;SP;Estadual;58;534.47;506.08;481.38;516.48;550.0;517.68
3049;Imaruí;SC;Estadual;39;505.35;502.49;477.64;505.48;597.44;517.68
3050;Aspásia;SP;Estadual;5;497.16;515.58;454.28;493.36;628.0;517.68
3051;Diamantina;MG;Estadual;282;513.97;494.43;475.89;517.0;587.09;517.68
3052;Varginha;MG;Estadual;427;523.35;507.18;468.16;514.59;575.08;517.67
3053;Miranda;MS;Privada;31;491.75;498.74;473.9;502.67;621.29;517.67
3054;Gravataí;RS;Municipal;59;534.04;517.33;463.35;520.04;553.56;517.66
3055;São João do Piauí;PI;Privada;10;530.91;511.57;442.41;491.33;612.0;517.64
3056;Crato;CE;Federal;57;496.61;482.84;478.29;515.52;614.74;517.6
3057;Juruaia;MG;Estadual;42;512.7;492.33;464.77;555.25;562.86;517.58
3058;Novo Barreiro;RS;Estadual;27;508.13;502.33;455.21;512.5;609.63;517.56
3059;Cambé;PR;Estadual;258;522.06;511.59;472.14;520.4;561.55;517.55
3060;Cataguases;MG;Estadual;130;522.36;500.73;462.5;511.21;590.92;517.54
3061;Taparuba;MG;Estadual;12;498.12;485.33;449.41;544.8;610.0;517.53
3062;São Gabriel;RS;Estadual;129;521.87;513.79;463.19;516.52;572.25;517.52
3063;Monte Mor;SP;Estadual;225;530.04;505.86;474.79;518.25;558.58;517.5
3064;Morrinhos;GO;Privada;2;463.95;503.75;544.1;475.7;600.0;517.5
3065;Congonhal;MG;Estadual;17;515.14;507.28;460.43;530.48;574.12;517.49
3066;Araranguá;SC;Estadual;209;517.23;511.2;463.48;499.29;596.08;517.46
3067;Itamogi;MG;Estadual;39;510.9;502.49;452.27;516.81;604.62;517.42
3068;Água Comprida;MG;Estadual;2;516.05;443.8;507.45;599.7;520.0;517.4
3069;Porto Real;RJ;Estadual;57;522.26;493.14;480.64;500.92;589.82;517.36
3070;Iúna;ES;Estadual;123;511.4;499.75;473.38;525.68;576.42;517.33
3071;Barreirinhas;MA;Federal;100;499.69;495.96;476.28;505.04;609.6;517.32
3072;Martinho Campos;MG;Estadual;37;514.76;492.36;457.1;534.21;588.11;517.31
3073;Balneário Camboriú;SC;Estadual;216;524.9;508.06;457.54;516.6;578.98;517.22
3074;Santa Helena;PR;Estadual;92;526.67;523.47;481.54;517.54;536.74;517.19
3075;Cidreira;RS;Estadual;32;535.9;504.42;463.14;526.11;556.25;517.16
3076;Carangola;MG;Estadual;112;509.79;499.74;468.26;504.4;603.57;517.15
3077;Capela do Alto;SP;Estadual;66;522.16;507.27;473.1;529.8;553.33;517.13
3078;Barro Alto;GO;Estadual;17;526.64;534.01;493.28;496.26;535.29;517.1
3079;Água Santa;RS;Estadual;11;519.75;508.73;462.15;496.57;598.18;517.08
3080;Monte Carlo;SC;Estadual;10;525.25;532.28;474.31;465.39;588.0;517.05
3081;Divino;MG;Estadual;72;506.95;496.46;463.02;507.92;610.83;517.04
3082;Leopoldo de Bulhões;GO;Estadual;13;529.68;508.18;457.51;505.16;584.62;517.03
3083;Santa Rosa de Viterbo;SP;Estadual;74;525.94;506.49;476.93;512.29;563.51;517.03
3084;Muquém do São Francisco;BA;Estadual;2;480.15;502.85;447.8;514.3;640.0;517.02
3085;Nova Belém;MG;Estadual;4;511.82;440.42;501.83;566.0;565.0;517.02
3086;Minas do Leão;RS;Estadual;25;521.93;499.37;462.78;525.02;576.0;517.02
3087;Carmo da Cachoeira;MG;Estadual;29;513.64;486.99;457.53;533.11;593.79;517.01
3088;Ubarana;SP;Estadual;16;515.04;515.26;471.41;508.35;575.0;517.01
3089;Ilhota;SC;Estadual;11;516.66;509.45;464.33;530.92;563.64;517.0
3090;Campo Alegre;AL;Privada;8;481.85;495.84;474.94;464.82;667.5;516.99
3091;Itaoca;SP;Estadual;14;536.17;519.49;463.95;523.91;541.43;516.99
3092;Caturaí;GO;Estadual;12;494.82;517.33;431.83;517.45;623.33;516.96
3093;Descalvado;SP;Estadual;71;529.29;508.96;474.83;534.09;537.18;516.87
3094;Santa Bárbara de Goiás;GO;Estadual;9;530.36;499.12;467.13;476.63;611.11;516.87
3095;Gurinhatã;MG;Estadual;13;523.04;487.48;467.92;521.25;584.62;516.86
3096;Igarapé;MG;Estadual;146;523.26;500.31;465.76;517.92;576.99;516.85
3097;São Bento Abade;MG;Estadual;16;536.09;520.99;452.48;488.37;586.25;516.84
3098;Macedônia;SP;Estadual;17;519.48;507.36;486.93;504.56;565.88;516.84
3099;Contagem;MG;Estadual;1534;525.54;507.71;470.62;511.36;568.97;516.84
3100;Cajamar;SP;Estadual;344;521.71;499.72;465.48;504.32;592.85;516.82
3101;São Francisco do Sul;SC;Privada;10;523.24;513.53;462.76;514.54;570.0;516.81
3102;Serranópolis;GO;Estadual;27;520.3;506.44;456.32;508.84;591.85;516.75
3103;São Miguel;RN;Estadual;100;501.24;486.72;455.72;509.22;630.8;516.74
3104;Coronel Bicaco;RS;Estadual;15;514.74;510.01;460.31;526.53;572.0;516.72
3105;Rancharia;SP;Estadual;146;520.84;509.78;473.87;506.65;572.47;516.72
3106;Santo Antônio do Sudoeste;PR;Estadual;76;517.94;497.85;450.24;513.8;603.68;516.7
3107;Quatá;SP;Estadual;56;514.75;512.37;470.53;497.49;588.21;516.67
3108;São Miguel do Oeste;SC;Estadual;141;518.57;519.56;482.37;521.63;541.13;516.65
3109;Santo Antônio das Missões;RS;Estadual;23;521.28;518.09;477.42;500.31;566.09;516.64
3110;Brasília;DF;Estadual;12722;524.95;502.88;466.3;504.02;585.01;516.63
3111;Veredinha;MG;Estadual;25;496.72;503.15;468.24;528.48;586.4;516.6
3112;São João;PR;Estadual;53;518.65;505.82;463.13;519.8;575.47;516.58
3113;São Roque do Canaã;ES;Estadual;65;500.59;500.07;446.62;488.19;647.38;516.57
3114;Bom Jardim;PE;Estadual;182;496.72;491.04;454.24;513.16;627.69;516.57
3115;Putinga;RS;Estadual;16;505.2;502.85;453.64;509.82;611.25;516.55
3116;Alto Jequitibá;MG;Estadual;14;518.74;486.48;461.74;532.9;582.86;516.54
3117;Águas da Prata;SP;Estadual;15;528.15;503.42;467.09;509.26;574.67;516.52
3118;São Carlos;SC;Estadual;34;514.69;508.88;465.5;528.24;565.29;516.52
3119;Ernestina;RS;Estadual;13;508.69;511.46;472.34;519.28;570.77;516.51
3120;Uruguaiana;RS;Estadual;441;517.33;502.86;455.55;504.16;602.59;516.5
3121;Botuporã;BA;Estadual;66;502.43;505.82;462.2;519.87;592.12;516.49
3122;Santa Cruz;PB;Estadual;26;498.75;477.25;455.62;519.95;630.77;516.47
3123;Caraguatatuba;SP;Estadual;391;530.47;509.83;471.31;520.91;549.82;516.47
3124;São José;SC;Estadual;513;524.7;509.09;466.63;509.51;572.36;516.46
3125;Hortolândia;SP;Estadual;755;529.08;507.8;467.66;518.57;559.05;516.43
3126;Felipe Guerra;RN;Estadual;44;501.78;480.67;448.12;498.41;653.18;516.43
3127;Braço do Norte;SC;Estadual;113;514.96;494.56;460.17;520.22;592.21;516.42
3128;Mafra;SC;Estadual;210;522.82;515.11;468.04;517.06;559.05;516.42
3129;Riqueza;SC;Estadual;23;515.2;498.19;471.91;499.11;597.39;516.36
3130;Iguape;SP;Estadual;105;531.05;523.67;470.96;509.1;547.05;516.36
3131;Planalto;RS;Estadual;44;503.46;505.47;446.04;505.49;621.36;516.36
3132;Balneário Piçarras;SC;Estadual;41;522.52;500.85;464.81;532.61;560.98;516.35
3133;São Miguel do Anta;MG;Estadual;32;510.61;498.92;456.98;497.06;618.12;516.34
3134;Fundão;ES;Estadual;61;515.77;498.91;470.82;505.08;591.15;516.34
3135;Pinheiro;MA;Federal;127;499.43;494.69;466.81;484.09;636.69;516.34
3136;Campos do Jordão;SP;Estadual;83;522.46;499.72;466.95;513.51;579.04;516.33
3137;Silvianópolis;MG;Estadual;11;515.89;497.46;464.7;519.98;583.64;516.33
3138;Porangaba;SP;Estadual;6;482.97;476.77;486.18;495.6;640.0;516.3
3139;Iporá;GO;Estadual;140;506.82;496.54;471.58;508.25;598.14;516.27
3140;Coromandel;MG;Estadual;142;516.94;506.19;473.39;511.97;572.82;516.26
3141;Balsas;MA;Municipal;1;515.0;484.2;456.6;485.5;640.0;516.26
3142;Cunha Porã;SC;Estadual;47;515.25;506.39;479.65;519.89;560.0;516.24
3143;Teodoro Sampaio;SP;Estadual;138;520.86;504.14;470.09;513.03;573.04;516.23
3144;Peruíbe;SP;Estadual;221;525.53;511.29;475.77;511.61;556.92;516.23
3145;Cristal;RS;Estadual;12;521.91;512.39;486.52;533.62;526.67;516.22
3146;Carmópolis de Minas;MG;Estadual;97;518.17;493.3;470.21;493.3;605.98;516.19
3147;Itaobim;MG;Estadual;48;510.33;497.19;465.12;524.11;583.75;516.1
3148;Paulo Lopes;SC;Estadual;15;513.35;504.18;461.51;498.71;602.67;516.08
3149;Paulo Frontin;PR;Estadual;21;527.58;514.4;465.2;511.26;561.9;516.07
3150;Cubatão;SP;Estadual;429;524.12;506.92;464.82;507.82;576.6;516.06
3151;Itápolis;SP;Estadual;105;517.93;495.21;462.01;509.92;595.05;516.02
3152;Aguaí;SP;Estadual;88;523.95;505.06;477.53;530.8;542.73;516.02
3153;Esteio;RS;Estadual;199;522.38;512.16;457.48;503.0;585.03;516.01
3154;Jussara;GO;Estadual;147;520.46;505.53;475.13;500.88;577.96;515.99
3155;Glória de Dourados;MS;Estadual;49;512.69;493.65;459.99;521.7;591.84;515.97
3156;Angatuba;SP;Estadual;99;529.02;513.93;470.92;510.93;554.95;515.95
3157;Altônia;PR;Estadual;80;513.31;502.34;461.01;521.79;581.25;515.94
3158;Rio Casca;MG;Estadual;51;515.16;496.49;450.7;510.88;606.27;515.9
3159;Foz do Iguaçu;PR;Estadual;762;527.49;506.67;466.54;516.19;562.62;515.9
3160;Alegrete do Piauí;PI;Estadual;34;502.73;494.25;448.93;492.24;641.18;515.87
3161;Socorro;SP;Estadual;102;519.83;508.35;469.52;517.77;563.73;515.84
3162;Itaú de Minas;MG;Estadual;58;522.28;508.06;463.38;525.41;560.0;515.83
3163;Araújos;MG;Estadual;25;525.06;503.31;454.21;506.95;589.6;515.83
3164;Carmo de Minas;MG;Estadual;48;508.19;492.81;483.05;531.71;563.33;515.82
3165;Barra do Ribeiro;RS;Estadual;19;518.28;511.87;449.61;507.68;591.58;515.8
3166;Jaguaré;ES;Estadual;111;503.39;492.36;463.65;506.35;613.15;515.78
3167;Anicuns;GO;Estadual;76;505.58;499.68;474.74;530.48;568.42;515.78
3168;Paranhos;MS;Estadual;34;517.47;495.0;490.81;513.43;561.76;515.69
3169;Catuti;MG;Estadual;15;514.67;492.34;472.25;515.13;584.0;515.68
3170;Votorantim;SP;Estadual;301;530.44;508.27;467.9;511.77;560.0;515.68
3171;Pacaraima;RR;Estadual;11;507.24;496.65;422.26;544.85;607.27;515.65
3172;Guarapari;ES;Estadual;511;513.52;496.89;462.44;516.24;589.16;515.65
3173;Santo Antônio do Jardim;SP;Estadual;24;523.43;503.55;477.55;520.31;553.33;515.64
3174;Matozinhos;MG;Estadual;141;517.27;501.11;464.65;509.76;585.25;515.61
3175;Vespasiano;MG;Estadual;364;519.11;500.6;470.68;512.99;574.62;515.6
3176;Missão Velha;CE;Privada;5;491.06;492.94;463.12;478.76;652.0;515.58
3177;Espumoso;RS;Estadual;46;499.26;488.63;454.81;532.11;603.04;515.57
3178;Ingazeira;PE;Estadual;9;500.7;464.63;457.24;544.16;611.11;515.57
3179;Cândido Sales;BA;Municipal;1;480.7;454.4;493.9;468.7;680.0;515.54
3180;Paraguaçu Paulista;SP;Estadual;164;524.68;505.82;477.29;502.68;567.07;515.51
3181;Bituruna;PR;Estadual;43;523.72;519.28;446.45;505.51;582.33;515.46
3182;Santiago;RS;Estadual;167;522.99;513.3;465.54;505.55;569.82;515.44
3183;Itapaci;GO;Estadual;77;499.14;493.51;466.45;519.84;598.18;515.43
3184;Turvolândia;MG;Estadual;17;517.76;509.8;470.09;495.93;583.53;515.42
3185;Rio Doce;MG;Estadual;11;520.89;517.86;462.65;513.83;561.82;515.41
3186;Queluzito;MG;Estadual;4;522.92;482.72;461.65;519.72;590.0;515.4
3187;Afuá;PA;Municipal;1;547.8;474.7;436.1;558.3;560.0;515.38
3188;Elói Mendes;MG;Estadual;97;520.87;493.97;464.96;513.89;583.09;515.36
3189;Pescador;MG;Estadual;7;491.93;459.83;437.2;559.24;628.57;515.35
3190;Carmo do Rio Claro;MG;Estadual;81;515.18;490.35;458.11;521.82;591.11;515.32
3191;Grupiara;MG;Estadual;5;520.02;512.2;468.0;556.34;520.0;515.31
3192;Veredinha;MG;Privada;22;507.61;488.14;502.18;527.7;550.91;515.31
3193;Sousa;PB;Estadual;411;501.67;487.31;453.68;508.91;624.96;515.31
3194;Camaquã;RS;Estadual;154;517.25;494.63;454.85;518.13;591.69;515.31
3195;São Simão;GO;Municipal;42;527.85;497.58;473.58;507.88;569.52;515.28
3196;Santa Cruz do Rio Pardo;SP;Estadual;171;523.12;512.15;466.42;519.39;555.2;515.26
3197;Sapucaia do Sul;RS;Estadual;212;526.32;509.08;459.64;508.97;572.26;515.25
3198;Campos Gerais;MG;Estadual;154;508.87;496.37;462.97;515.38;592.6;515.24
3199;São Lourenço da Serra;SP;Estadual;68;523.35;509.9;454.9;501.59;586.47;515.24
3200;Santana do Riacho;MG;Estadual;21;503.72;480.1;449.04;530.92;612.38;515.23
3201;Rio Piracicaba;MG;Estadual;49;511.96;505.39;477.87;526.54;554.29;515.21
3202;Rubiataba;GO;Estadual;70;521.31;499.81;451.55;497.68;605.71;515.21
3203;Piên;PR;Estadual;47;507.25;499.43;455.57;530.36;583.4;515.2
3204;Nova Resende;MG;Estadual;27;485.8;480.47;458.62;507.34;643.7;515.19
3205;Londrina;PR;Estadual;743;528.14;513.55;475.19;517.03;541.94;515.17
3206;Ciríaco;RS;Estadual;13;535.26;501.05;442.09;477.26;620.0;515.13
3207;Ribeirão do Sul;SP;Estadual;18;526.38;518.04;472.1;536.82;522.22;515.11
3208;Imbituba;SC;Estadual;190;521.37;503.77;466.15;501.4;582.63;515.06
3209;São Geraldo;MG;Estadual;24;506.88;480.22;472.58;502.23;613.33;515.05
3210;Planalto;PR;Estadual;38;507.64;513.77;451.71;526.34;575.79;515.05
3211;Lagoão;RS;Estadual;23;518.85;492.53;465.6;511.28;586.96;515.04
3212;São Pedro da Aldeia;RJ;Estadual;208;521.4;494.89;462.69;502.66;593.46;515.02
3213;Parnamirim;RN;Estadual;743;516.07;499.12;468.58;504.37;586.97;515.02
3214;Vitória;ES;Municipal;1;548.4;508.8;449.5;428.3;640.0;515.0
3215;Jaboticabal;SP;Estadual;182;520.6;501.05;480.7;518.93;553.63;514.98
3216;Guarda-Mor;MG;Estadual;23;500.17;493.03;457.54;520.55;603.48;514.95
3217;Fátima do Sul;MS;Estadual;133;513.75;501.45;469.2;507.94;582.26;514.92
3218;Senhora dos Remédios;MG;Estadual;34;513.22;484.3;452.66;528.28;595.88;514.87
3219;Alegrete;RS;Federal;40;518.88;525.44;483.98;524.54;521.5;514.87
3220;Não-Me-Toque;RS;Estadual;43;512.61;513.38;468.12;529.48;550.7;514.86
3221;Nova Ponte;MG;Estadual;71;515.36;492.07;463.1;534.99;568.73;514.85
3222;Curiúva;PR;Estadual;31;524.62;512.84;469.56;500.79;566.45;514.85
3223;Tarabai;SP;Estadual;22;523.5;490.61;479.9;513.81;566.36;514.84
3224;Flor da Serra do Sul;PR;Estadual;31;501.82;513.69;466.2;526.06;566.45;514.84
3225;Sales;SP;Estadual;10;531.18;506.15;459.52;489.26;588.0;514.82
3226;Capivari de Baixo;SC;Estadual;81;512.06;494.18;465.56;501.83;600.49;514.82
3227;Enéas Marques;PR;Estadual;40;525.16;509.36;461.05;515.68;562.5;514.75
3228;Cordeiro;RJ;Estadual;68;526.86;509.81;469.19;498.71;569.12;514.74
3229;Guarapuava;PR;Estadual;567;521.35;510.23;467.42;511.46;563.21;514.73
3230;Jarinu;SP;Estadual;79;521.41;508.24;467.7;530.21;546.08;514.73
3231;Ipupiara;BA;Estadual;45;524.64;495.06;441.35;512.97;599.56;514.72
3232;Piúma;ES;Estadual;64;511.85;489.18;455.8;518.92;597.81;514.71
3233;Canarana;MT;Estadual;49;505.12;505.59;467.44;507.14;588.16;514.69
3234;Patu;RN;Estadual;69;491.21;471.99;451.14;507.22;651.88;514.69
3235;Alta Floresta D'Oeste;RO;Estadual;124;508.57;496.51;467.35;501.56;599.35;514.67
3236;Marcelino Ramos;RS;Estadual;18;512.59;521.04;474.06;510.09;555.56;514.67
3237;Jandaia do Sul;PR;Privada;7;520.04;498.93;484.03;516.03;554.29;514.66
3238;Embu das Artes;SP;Estadual;911;525.21;505.37;462.24;503.74;576.66;514.65
3239;Gastão Vidigal;SP;Estadual;21;520.97;475.72;448.54;524.04;603.81;514.61
3240;Valença;RJ;Estadual;220;519.51;506.83;465.88;508.28;572.55;514.61
3241;União do Oeste;SC;Estadual;11;506.53;498.93;460.25;518.21;589.09;514.6
3242;Várzea do Poço;BA;Estadual;29;512.56;512.05;449.31;503.85;595.17;514.59
3243;Macieira;SC;Estadual;7;500.03;492.1;462.93;549.33;568.57;514.59
3244;Cássia;MG;Estadual;53;497.62;474.0;459.8;510.81;630.57;514.56
3245;Guabiruba;SC;Estadual;34;534.04;515.66;463.9;542.14;517.06;514.56
3246;Jussiape;BA;Estadual;15;510.21;477.39;453.03;509.46;622.67;514.55
3247;Jataí;GO;Estadual;474;513.31;496.63;466.82;511.16;584.64;514.51
3248;Volta Redonda;RJ;Estadual;647;520.29;499.67;463.13;503.87;585.53;514.5
3249;Glorinha;RS;Estadual;4;515.83;517.45;466.08;528.12;545.0;514.5
3250;Meridiano;SP;Estadual;19;508.34;514.96;473.47;527.23;548.42;514.48
3251;Porangatu;GO;Estadual;207;511.16;487.81;467.42;502.39;603.57;514.47
3252;Nova Esperança do Sudoeste;PR;Estadual;14;512.2;488.49;473.34;542.56;555.71;514.46
3253;Santa Bárbara do Sul;RS;Estadual;32;516.14;501.07;459.53;508.61;586.88;514.45
3254;Afogados da Ingazeira;PE;Estadual;111;509.73;480.2;461.76;510.44;610.09;514.44
3255;Cafelândia;PR;Estadual;60;524.09;516.89;451.74;509.8;569.67;514.44
3256;São Félix do Xingu;PA;Privada;8;501.61;469.05;468.84;489.99;642.5;514.4
3257;Cabreúva;SP;Estadual;162;521.55;500.92;458.9;513.96;576.67;514.4
3258;Campo Grande;MS;Estadual;4151;519.02;500.19;464.06;504.57;584.04;514.38
3259;Porto Real;RJ;Municipal;1;548.0;501.2;508.4;494.2;520.0;514.36
3260;Carvalhópolis;MG;Estadual;20;499.3;485.34;455.1;508.98;623.0;514.34
3261;Itapetim;PE;Estadual;62;513.29;485.02;466.75;501.8;604.84;514.34
3262;Brunópolis;SC;Estadual;11;471.44;488.43;458.21;489.83;663.64;514.31
3263;Monte Castelo;SP;Estadual;10;526.84;487.95;472.79;555.91;528.0;514.3
3264;São Vendelino;RS;Estadual;5;543.1;525.74;465.14;481.4;556.0;514.28
3265;São Mateus;ES;Estadual;545;509.01;497.13;467.69;514.05;583.41;514.26
3266;Santa Rita de Caldas;MG;Estadual;23;510.86;485.48;462.16;497.96;614.78;514.25
3267;Sarzedo;MG;Estadual;96;519.02;508.26;474.99;501.09;567.71;514.21
3268;São Sebastião do Alto;RJ;Estadual;22;507.32;497.88;469.59;510.73;585.45;514.2
3269;Guapimirim;RJ;Estadual;138;524.78;504.48;470.41;501.05;570.29;514.2
3270;Tiradentes;MG;Estadual;22;511.3;496.32;457.28;507.03;599.09;514.2
3271;Bagé;RS;Estadual;250;522.0;502.77;464.76;519.2;562.24;514.19
3272;Caldas Novas;GO;Estadual;384;514.64;498.28;466.0;511.54;580.42;514.18
3273;Cachoeira do Sul;RS;Estadual;218;518.92;504.69;462.0;507.86;577.34;514.16
3274;Arroio do Sal;RS;Estadual;43;524.6;511.36;478.51;502.76;553.49;514.14
3275;Pedro Teixeira;MG;Estadual;18;503.17;473.38;492.56;550.42;551.11;514.13
3276;Marília;SP;Estadual;646;518.75;500.87;465.06;517.06;568.92;514.13
3277;Capanema;PR;Estadual;66;513.91;510.33;464.17;525.9;556.36;514.13
3278;Ivinhema;MS;Estadual;106;512.5;498.37;464.64;503.04;592.08;514.12
3279;Colombo;PR;Estadual;511;525.22;515.36;468.81;513.72;547.48;514.12
3280;Cana Verde;MG;Estadual;27;501.4;497.2;468.58;500.39;602.96;514.11
3281;Sarandi;PR;Estadual;169;518.68;502.64;464.41;505.83;578.93;514.1
3282;Brasilândia do Sul;PR;Estadual;5;489.72;510.76;445.44;524.52;600.0;514.09
3283;Boa Vista da Aparecida;PR;Estadual;37;527.48;506.08;481.6;510.42;544.86;514.09
3284;Sobrália;MG;Estadual;20;502.83;505.9;483.0;545.71;533.0;514.09
3285;Mucurici;ES;Estadual;22;497.15;480.45;445.25;489.37;658.18;514.08
3286;Penha;SC;Estadual;79;525.89;505.42;467.4;500.23;571.39;514.07
3287;Boquim;SE;Estadual;116;499.53;476.04;447.54;482.75;664.48;514.07
3288;Rolândia;PR;Estadual;192;527.31;510.59;469.06;505.53;557.81;514.06
3289;Urbano Santos;MA;Privada;8;505.44;500.05;468.12;544.16;552.5;514.06
3290;Orobó;PE;Estadual;185;495.56;484.32;453.9;504.82;631.68;514.05
3291;Saquarema;RJ;Estadual;311;519.23;500.22;462.84;499.7;588.17;514.03
3292;Picuí;PB;Estadual;119;505.22;490.35;464.22;489.2;621.18;514.03
3293;Araçariguama;SP;Estadual;69;529.59;513.51;457.42;509.22;560.29;514.01
3294;Deodápolis;MS;Estadual;91;505.21;493.58;453.57;503.34;614.29;514.0
3295;Rondinha;RS;Estadual;31;514.06;511.93;474.52;542.41;527.1;514.0
3296;Cândido Mota;SP;Estadual;85;522.81;495.66;473.2;512.32;565.88;513.97
3297;Iguaraçu;PR;Estadual;10;494.27;524.56;507.23;485.73;558.0;513.96
3298;Resplendor;MG;Estadual;20;525.54;496.22;484.48;498.56;565.0;513.96
3299;Pinheiral;RJ;Estadual;49;527.43;496.23;463.13;516.47;566.53;513.96
3300;Cornélio Procópio;PR;Estadual;179;517.62;508.0;458.91;508.71;576.54;513.95
3301;Brejo Alegre;SP;Estadual;7;515.03;505.06;426.67;500.09;622.86;513.94
3302;Iomerê;SC;Estadual;4;521.67;521.6;460.35;556.02;510.0;513.93
3303;Maricá;RJ;Estadual;375;520.33;500.1;463.12;494.78;591.2;513.91
3304;Santo Antônio de Lisboa;PI;Estadual;33;497.29;487.86;453.3;512.22;618.79;513.89
3305;Jaguarão;RS;Municipal;5;518.6;471.88;465.96;497.0;616.0;513.89
3306;Lagarto;SE;Estadual;557;504.43;488.19;453.73;495.07;628.01;513.88
3307;Canudos do Vale;RS;Estadual;5;483.96;517.48;456.5;527.38;584.0;513.86
3308;Taió;SC;Estadual;81;514.78;518.9;473.23;506.31;556.05;513.85
3309;Ervália;MG;Municipal;3;519.63;526.33;479.27;477.3;566.67;513.84
3310;Gravatal;SC;Estadual;51;511.4;494.48;444.92;520.75;597.65;513.84
3311;São Luiz Gonzaga;RS;Estadual;163;506.66;502.99;472.52;518.61;568.34;513.83
3312;Vinhedo;SP;Estadual;182;531.1;509.78;474.13;517.51;536.48;513.8
3313;Simão Pereira;MG;Estadual;5;535.28;537.58;440.4;495.74;560.0;513.8
3314;Sertãozinho;SP;Estadual;439;519.95;499.48;467.71;510.55;571.03;513.74
3315;Lucianópolis;SP;Estadual;16;528.29;495.09;439.53;534.49;571.25;513.73
3316;Rio Novo do Sul;ES;Estadual;85;498.4;486.02;462.6;518.28;603.29;513.72
3317;Monte Alegre de Minas;MG;Estadual;54;506.02;488.53;456.11;497.89;620.0;513.71
3318;São Roque;SP;Estadual;217;524.0;503.51;471.91;511.0;558.06;513.7
3319;Bálsamo;SP;Estadual;21;529.99;499.7;468.52;538.79;531.43;513.69
3320;Limoeiro;PE;Estadual;362;504.22;490.89;458.13;510.09;605.03;513.67
3321;Cuité;PB;Estadual;183;509.3;495.49;461.3;506.8;595.19;513.62
3322;Ribeirão Claro;PR;Estadual;19;531.86;510.17;492.11;537.06;496.84;513.61
3323;Nova Santa Rosa;PR;Estadual;39;498.33;496.01;472.72;538.35;562.56;513.6
3324;Sul Brasil;SC;Estadual;15;521.01;497.77;445.25;510.64;593.33;513.6
3325;Paim Filho;RS;Estadual;13;508.06;497.55;495.1;481.1;586.15;513.59
3326;Pedra Mole;SE;Estadual;15;501.91;481.47;454.25;494.2;636.0;513.57
3327;Bento de Abreu;SP;Estadual;5;512.82;474.72;466.16;518.0;596.0;513.54
3328;Tijucas;SC;Estadual;66;532.95;508.83;458.43;499.99;567.27;513.49
3329;Sobrado;PB;Estadual;41;496.94;494.43;454.16;493.59;628.29;513.48
3330;Chuvisca;RS;Estadual;26;504.17;499.84;472.08;563.57;527.69;513.47
3331;Paracambi;RJ;Estadual;179;515.97;492.95;460.56;495.6;602.23;513.46
3332;Braganey;PR;Estadual;23;506.72;494.82;479.49;528.85;557.39;513.45
3333;Guaíra;SP;Estadual;117;514.86;494.05;467.87;517.83;572.48;513.42
3334;Esperança Nova;PR;Estadual;8;500.98;499.59;443.99;527.55;595.0;513.42
3335;Tarumã;SP;Estadual;42;529.41;501.8;476.95;512.2;546.67;513.41
3336;Aparecida;SP;Estadual;120;521.03;504.23;467.19;520.94;553.67;513.41
3337;Peabiru;PR;Estadual;67;512.59;501.04;473.6;500.73;579.1;513.41
3338;Ametista do Sul;RS;Estadual;23;511.38;500.01;455.58;495.7;604.35;513.4
3339;Guia Lopes da Laguna;MS;Estadual;36;520.8;497.45;451.62;498.19;598.89;513.39
3340;Salto de Pirapora;SP;Privada;9;525.97;494.49;479.57;509.04;557.78;513.37
3341;Ervália;MG;Estadual;85;510.98;495.0;460.38;517.08;583.29;513.35
3342;Balneário Gaivota;SC;Estadual;5;495.74;479.36;468.68;546.92;576.0;513.34
3343;Santana de Pirapama;MG;Estadual;20;515.79;484.52;454.73;520.58;591.0;513.32
3344;Tijucas do Sul;PR;Estadual;44;521.01;512.98;471.22;521.31;540.0;513.3
3345;Congonhas;MG;Estadual;159;511.37;491.78;462.93;504.95;595.47;513.3
3346;Belmiro Braga;MG;Estadual;6;504.18;486.77;460.1;501.92;613.33;513.26
3347;Jaguariúna;SP;Estadual;203;527.1;505.95;469.39;513.94;549.66;513.21
3348;Bom Jesus;RS;Estadual;19;510.57;522.08;445.98;458.94;628.42;513.2
3349;Aracaju;SE;Estadual;2152;509.46;489.46;459.21;494.68;613.09;513.18
3350;Iporã;PR;Estadual;40;514.8;510.75;456.01;535.29;549.0;513.17
3351;Coremas;PB;Estadual;83;486.13;474.63;456.77;520.32;627.95;513.16
3352;Armazém;SC;Estadual;16;512.49;509.52;458.82;523.72;561.25;513.16
3353;Irati;PR;Estadual;129;523.18;504.76;469.69;518.44;549.46;513.11
3354;Cotia;SP;Estadual;939;523.21;508.11;461.57;504.98;567.65;513.11
3355;Joviânia;GO;Estadual;29;518.64;504.94;475.04;513.15;553.79;513.11
3356;Otacílio Costa;SC;Estadual;54;523.56;507.34;457.37;521.99;555.19;513.09
3357;Capim Grosso;BA;Privada;15;506.93;490.37;461.53;541.28;565.33;513.09
3358;Sussuapara;PI;Estadual;50;502.45;488.94;446.51;506.72;620.8;513.08
3359;Roca Sales;RS;Estadual;16;502.52;499.49;442.41;540.99;580.0;513.08
3360;Córrego Novo;MG;Estadual;8;496.41;485.25;471.89;531.84;580.0;513.08
3361;Humaitá;AM;Federal;55;516.88;501.7;468.69;482.79;595.27;513.06
3362;Serra Alta;SC;Estadual;8;516.36;481.81;458.32;546.25;562.5;513.05
3363;Santa Efigênia de Minas;MG;Estadual;16;517.51;485.38;459.08;509.42;593.75;513.03
3364;Comendador Levy Gasparian;RJ;Estadual;24;520.58;509.72;465.75;484.93;584.17;513.03
3365;Ferraz de Vasconcelos;SP;Estadual;466;524.39;503.57;461.71;506.39;569.01;513.02
3366;Dores do Turvo;MG;Estadual;35;510.15;501.55;459.07;558.79;535.43;513.0
3367;Araripe;CE;Estadual;241;495.1;486.28;447.4;504.75;631.37;512.98
3368;São Fidélis;RJ;Estadual;106;516.15;500.25;463.78;507.18;577.55;512.98
3369;Araponga;MG;Estadual;36;505.23;508.46;462.36;520.43;568.33;512.96
3370;Logradouro;PB;Estadual;21;512.0;481.52;448.89;493.67;628.57;512.93
3371;Araucária;PR;Estadual;417;525.41;511.41;467.25;509.51;551.03;512.92
3372;Caieiras;SP;Estadual;374;529.82;507.01;462.07;498.93;566.79;512.92
3373;Águas de São Pedro;SP;Estadual;6;524.22;511.52;485.82;513.03;530.0;512.92
3374;Palmares;PE;Estadual;381;507.92;485.21;459.64;512.89;598.9;512.91
3375;Sério;RS;Estadual;3;548.37;522.97;421.33;485.13;586.67;512.89
3376;Mercês;MG;Estadual;27;509.32;483.21;450.71;536.02;585.19;512.89
3377;Caculé;BA;Estadual;83;497.13;487.7;459.25;496.2;624.1;512.88
3378;Nova Olímpia;PR;Estadual;16;508.02;496.8;467.31;518.35;573.75;512.85
3379;Alegrete;RS;Estadual;213;519.15;500.86;461.64;500.61;581.78;512.81
3380;São Simão;SP;Estadual;97;514.83;503.97;471.24;504.29;569.69;512.8
3381;Águas Formosas;MG;Estadual;64;504.25;495.72;438.54;495.05;630.31;512.77
3382;Tanguá;RJ;Estadual;83;521.43;499.14;470.55;494.13;578.55;512.76
3383;Umuarama;PR;Estadual;256;523.37;507.75;468.36;503.81;560.47;512.75
3384;São José da Lapa;MG;Estadual;126;523.67;499.95;462.68;518.72;558.73;512.75
3385;Tunas;RS;Estadual;11;488.92;485.5;472.4;496.79;620.0;512.72
3386;Jaboticatubas;MG;Estadual;61;507.95;501.71;463.05;513.35;577.38;512.69
3387;Nova Andradina;MS;Estadual;227;516.09;500.53;459.62;511.17;575.95;512.67
3388;Caculé;BA;Privada;23;475.6;502.91;491.44;481.14;612.17;512.65
3389;Campo do Meio;MG;Estadual;58;509.53;482.43;460.55;510.4;600.34;512.65
3390;Orizona;GO;Estadual;72;508.62;492.19;463.72;518.16;580.56;512.65
3391;São Mateus do Sul;PR;Estadual;129;523.58;517.29;468.08;499.25;554.88;512.62
3392;Jaboticaba;RS;Estadual;18;509.5;485.65;441.01;499.01;627.78;512.59
3393;Camanducaia;MG;Estadual;38;519.48;506.58;457.07;517.64;562.11;512.58
3394;Capão da Canoa;RS;Estadual;162;524.05;506.35;469.03;508.5;554.81;512.55
3395;Ivaí;PR;Estadual;60;520.37;511.52;457.41;525.01;548.33;512.53
3396;Três Barras;SC;Estadual;39;520.14;503.36;470.81;511.38;556.92;512.52
3397;Cruz Machado;PR;Estadual;68;519.92;504.09;453.69;511.67;573.24;512.52
3398;Parintins;AM;Federal;92;519.58;498.67;474.38;505.39;564.57;512.52
3399;Portão;RS;Estadual;20;538.49;528.54;462.22;517.27;516.0;512.5
3400;Pinhais;PR;Estadual;336;522.79;510.61;469.42;516.53;543.1;512.49
3401;Canoinhas;SC;Estadual;227;514.96;502.46;469.69;509.52;565.81;512.49
3402;Estância Velha;RS;Estadual;95;527.8;500.02;459.7;520.84;554.11;512.49
3403;Porteirinha;MG;Estadual;162;507.6;489.97;452.12;500.99;611.6;512.46
3404;Caturité;PB;Estadual;13;489.76;482.26;467.04;526.34;596.92;512.46
3405;Rio Negrinho;SC;Estadual;146;512.53;505.02;467.67;513.17;563.84;512.45
3406;Carrancas;MG;Estadual;14;518.58;509.98;460.99;474.01;598.57;512.43
3407;Alcinópolis;MS;Estadual;21;516.37;502.54;487.67;546.04;509.52;512.43
3408;Paramirim;BA;Estadual;109;494.11;477.23;456.61;510.88;623.3;512.42
3409;Presidente Venceslau;SP;Estadual;183;516.59;501.32;460.99;509.27;573.88;512.41
3410;São José do Sul;RS;Estadual;4;521.62;490.02;479.85;540.5;530.0;512.4
3411;Ouro Verde de Goiás;GO;Estadual;10;511.13;484.22;455.28;511.35;600.0;512.4
3412;Orizânia;MG;Municipal;20;504.46;474.54;465.26;508.71;609.0;512.39
3413;Hidrolândia;CE;Estadual;190;503.32;486.03;451.73;505.21;615.68;512.39
3414;São Jerônimo;RS;Estadual;40;522.63;503.67;460.76;505.89;569.0;512.39
3415;Caruaru;PE;Estadual;1310;517.18;497.21;458.86;512.11;576.56;512.38
3416;Pelotas;RS;Estadual;835;521.4;503.57;462.5;500.1;574.16;512.35
3417;Uberaba;MG;Estadual;831;520.11;500.28;469.07;509.78;562.48;512.35
3418;Mariópolis;PR;Estadual;17;506.29;513.2;471.56;501.26;569.41;512.34
3419;Lidianópolis;PR;Estadual;11;508.36;524.06;456.73;505.18;567.27;512.32
3420;Icém;SP;Estadual;34;518.42;500.45;453.2;512.49;577.06;512.32
3421;Altinho;PE;Estadual;116;508.76;495.3;444.8;504.25;608.45;512.31
3422;Unaí;MG;Estadual;302;513.26;494.66;461.75;508.04;583.64;512.27
3423;Salto do Lontra;PR;Estadual;45;510.16;496.97;445.52;506.75;601.78;512.24
3424;Taguaí;SP;Estadual;22;524.56;522.08;468.34;498.91;547.27;512.23
3425;Macaúbas;BA;Estadual;174;488.32;472.45;457.18;491.59;651.61;512.23
3426;Itaporanga;SP;Estadual;47;521.01;496.94;480.45;525.26;537.45;512.22
3427;Pirapora;MG;Estadual;161;521.19;499.28;469.65;505.48;565.47;512.21
3428;Garça;SP;Estadual;182;514.22;502.63;468.67;500.37;575.16;512.21
3429;Igrejinha;RS;Estadual;87;524.84;509.21;452.8;499.04;575.17;512.21
3430;Landri Sales;PI;Estadual;33;503.31;486.46;447.27;489.99;633.94;512.19
3431;Machados;PE;Estadual;43;493.17;482.53;454.38;499.23;631.63;512.19
3432;Itaíba;PE;Estadual;61;510.52;497.75;456.42;493.99;602.3;512.19
3433;Guaranésia;MG;Estadual;33;523.56;504.95;476.47;504.97;550.91;512.17
3434;Itabirito;MG;Estadual;188;514.13;496.65;459.96;517.22;572.87;512.17
3435;Cupira;PE;Estadual;106;493.71;481.95;456.61;506.9;621.7;512.17
3436;Itabuna;BA;Estadual;719;512.97;495.45;457.58;497.13;597.69;512.16
3437;Rio Pardo;RS;Estadual;110;515.28;492.87;450.75;522.24;579.64;512.15
3438;Belo Campo;BA;Estadual;91;506.01;493.67;469.69;510.62;580.66;512.13
3439;Lucas do Rio Verde;MT;Estadual;196;518.52;507.14;469.28;506.47;559.18;512.12
3440;Franco da Rocha;SP;Estadual;462;525.38;505.22;465.71;504.67;559.52;512.1
3441;Nova Venécia;ES;Estadual;223;509.97;492.43;460.3;509.44;588.34;512.1
3442;Teixeira de Freitas;BA;Estadual;480;513.76;500.16;460.27;494.2;592.08;512.1
3443;Nerópolis;GO;Estadual;109;515.04;500.23;456.3;511.55;577.25;512.08
3444;Porto Amazonas;PR;Estadual;14;523.46;516.16;450.19;526.24;544.29;512.07
3445;Tramandaí;RS;Estadual;97;526.99;496.9;455.6;505.93;574.85;512.05
3446;Espera Feliz;MG;Estadual;80;512.43;499.45;460.01;496.61;591.75;512.05
3447;Foz do Jordão;PR;Estadual;24;520.49;517.92;454.1;491.92;575.83;512.05
3448;Vicente Dutra;RS;Estadual;18;509.26;504.17;459.9;484.64;602.22;512.04
3449;Pérola;PR;Estadual;28;512.84;499.16;451.85;503.37;592.86;512.02
3450;Alvinópolis;MG;Estadual;44;508.95;498.1;463.43;501.89;587.73;512.02
3451;Nossa Senhora Aparecida;SE;Estadual;54;489.9;478.29;446.74;494.7;650.37;512.0
3452;Américo de Campos;SP;Estadual;3;494.57;482.83;509.37;546.57;526.67;512.0
3453;São José;SC;Municipal;16;538.06;507.8;463.37;500.73;550.0;511.99
3454;Marilândia do Sul;PR;Estadual;35;530.18;511.61;457.11;490.04;570.86;511.96
3455;Faina;GO;Estadual;19;499.08;502.17;440.09;507.93;610.53;511.96
3456;Novo Horizonte;SP;Municipal;12;523.54;525.18;455.11;510.7;545.0;511.9
3457;Witmarsum;SC;Estadual;19;499.84;495.37;471.87;525.02;567.37;511.89
3458;Nova Hartz;RS;Estadual;54;520.68;509.04;464.46;509.08;555.93;511.84
3459;Bragança Paulista;SP;Estadual;385;522.88;502.4;465.25;518.53;550.13;511.84
3460;Rio das Pedras;SP;Estadual;113;520.11;496.95;467.83;513.03;561.24;511.83
3461;Mongaguá;SP;Estadual;200;526.49;507.77;463.22;515.91;545.7;511.82
3462;Dores do Indaiá;MG;Municipal;9;525.71;492.12;469.9;522.44;548.89;511.81
3463;Vila Valério;ES;Estadual;44;494.03;486.85;461.37;509.46;607.27;511.8
3464;Santa Cruz de Goiás;GO;Estadual;13;500.65;491.22;478.15;516.65;572.31;511.8
3465;Fernandes Tourinho;MG;Estadual;19;513.26;498.76;472.11;551.65;523.16;511.79
3466;Balsa Nova;PR;Estadual;40;522.29;507.1;462.19;512.65;554.5;511.75
3467;Rio Verde;GO;Estadual;452;514.2;488.06;463.61;513.91;578.85;511.73
3468;Holambra;SP;Estadual;56;510.34;499.74;473.35;511.3;563.93;511.73
3469;Rio Pomba;MG;Estadual;20;518.06;507.02;471.11;491.42;571.0;511.72
3470;Pirangi;SP;Estadual;24;523.43;502.21;489.44;520.16;523.33;511.71
3471;Rubinéia;SP;Estadual;22;533.67;511.6;494.35;516.13;502.73;511.7
3472;Capivari do Sul;RS;Estadual;26;516.44;508.21;445.47;481.46;606.92;511.7
3473;Laranjal Paulista;SP;Estadual;90;518.57;497.74;455.58;503.27;583.33;511.7
3474;Cachoeiras de Macacu;RJ;Estadual;186;519.14;492.02;465.17;499.1;583.01;511.69
3475;Rio Brilhante;MS;Estadual;133;515.81;498.06;474.16;503.77;566.62;511.68
3476;São Martinho da Serra;RS;Estadual;4;550.72;536.05;466.98;524.6;480.0;511.67
3477;Matinhos;PR;Estadual;115;529.34;505.78;468.9;510.88;543.48;511.67
3478;Jussara;PR;Estadual;17;520.87;507.48;475.89;511.59;542.35;511.64
3479;Álvares Machado;SP;Estadual;70;516.82;500.81;454.77;497.12;588.57;511.62
3480;Palmeiras;BA;Estadual;37;512.04;508.41;453.9;487.93;595.68;511.59
3481;Teófilo Otoni;MG;Estadual;490;514.51;497.9;464.49;512.02;568.98;511.58
3482;Reserva do Iguaçu;PR;Estadual;22;512.12;526.78;444.27;490.98;583.64;511.56
3483;Três Lagoas;MS;Estadual;317;507.93;488.69;465.49;502.3;593.38;511.56
3484;Cristina;MG;Estadual;40;516.41;510.89;472.21;533.66;524.5;511.54
3485;São Lourenço do Oeste;SC;Estadual;102;516.24;503.2;462.36;516.08;559.8;511.54
3486;Dianópolis;TO;Federal;59;510.12;493.57;466.51;508.7;578.64;511.51
3487;Cabo Verde;MG;Estadual;32;509.53;497.71;458.95;493.77;597.5;511.49
3488;Arroio dos Ratos;RS;Estadual;20;507.36;497.6;452.88;489.5;610.0;511.47
3489;Fazenda Rio Grande;PR;Estadual;317;523.1;507.53;466.6;507.29;552.81;511.47
3490;Guararapes;SP;Estadual;105;517.39;498.78;456.02;501.11;584.0;511.46
3491;Igarapé do Meio;MA;Estadual;20;499.88;491.79;440.38;480.16;645.0;511.44
3492;Itaiópolis;SC;Estadual;60;509.05;507.5;470.5;524.78;545.33;511.43
3493;Santa Fé;PR;Estadual;19;514.15;482.2;466.52;542.69;551.58;511.43
3494;Xanxerê;SC;Estadual;136;518.32;509.17;467.1;498.36;564.12;511.41
3495;Juazeiro do Norte;CE;Estadual;2215;503.88;484.71;455.76;506.41;606.28;511.41
3496;Ipuaçu;SC;Estadual;11;506.8;501.0;465.96;505.04;578.18;511.4
3497;João Pinheiro;MG;Estadual;187;509.09;495.79;463.79;512.95;575.29;511.39
3498;Itumbiara;GO;Estadual;303;517.02;497.12;466.07;509.71;567.0;511.38
3499;Casserengue;PB;Estadual;35;510.7;469.74;438.17;495.41;642.86;511.38
3500;Sem-Peixe;MG;Privada;4;509.75;509.42;505.08;507.42;525.0;511.34
3501;Baldim;MG;Estadual;15;509.11;498.29;469.36;499.87;580.0;511.33
3502;Ibiraci;MG;Estadual;30;530.86;482.91;461.76;499.69;581.33;511.31
3503;Japaratuba;SE;Estadual;69;487.6;476.75;442.09;474.97;675.07;511.3
3504;Barros Cassal;RS;Estadual;17;506.92;493.39;455.02;518.82;582.35;511.3
3505;Itajaí;SC;Estadual;521;523.02;503.32;456.79;507.42;565.95;511.3
3506;Brumadinho;MG;Estadual;120;516.67;496.56;471.11;515.98;556.17;511.3
3507;Douradina;PR;Estadual;24;509.93;493.71;452.99;524.83;575.0;511.29
3508;Dom Macedo Costa;BA;Estadual;26;507.46;494.74;463.08;502.65;588.46;511.28
3509;Vanini;RS;Estadual;1;485.2;497.7;455.9;537.5;580.0;511.26
3510;Turuçu;RS;Estadual;16;515.38;508.0;433.17;507.23;592.5;511.26
3511;Nonoai;RS;Estadual;33;516.04;509.53;453.87;500.34;576.36;511.23
3512;São Mamede;PB;Estadual;49;511.36;501.89;461.89;502.58;578.37;511.22
3513;São Martinho;RS;Estadual;7;510.27;486.24;465.66;493.9;600.0;511.21
3514;Brejo;MA;Privada;29;489.8;472.58;450.14;506.99;636.55;511.21
3515;Planalto Alegre;SC;Estadual;5;509.02;499.92;483.56;523.46;540.0;511.19
3516;Carazinho;RS;Estadual;193;522.62;505.66;465.57;501.85;560.21;511.18
3517;Santa Bárbara do Monte Verde;MG;Estadual;14;528.52;524.19;485.84;498.72;518.57;511.17
3518;Apiúna;SC;Estadual;12;503.52;495.23;458.25;537.02;561.67;511.14
3519;Itatiaiuçu;MG;Estadual;41;513.73;479.99;457.57;544.38;560.0;511.14
3520;Caçu;GO;Estadual;33;507.23;501.03;451.54;489.08;606.67;511.11
3521;Machadinho D'Oeste;RO;Estadual;105;502.1;491.0;470.96;501.1;590.29;511.09
3522;Içara;SC;Estadual;165;516.06;499.86;465.26;516.52;557.7;511.08
3523;Rio Negro;PR;Estadual;93;511.22;501.89;476.22;519.16;546.88;511.07
3524;Araguari;MG;Estadual;360;517.75;501.19;467.49;504.73;563.94;511.02
3525;Estiva Gerbi;SP;Estadual;30;520.66;497.51;460.3;485.85;590.67;511.0
3526;Arara;PB;Estadual;66;495.45;480.56;461.31;498.41;619.09;510.96
3527;Águas Frias;SC;Estadual;13;499.8;482.02;470.7;488.45;613.85;510.96
3528;Glória do Goitá;PE;Estadual;144;489.25;477.49;445.49;489.54;652.92;510.94
3529;Lagoa do Ouro;PE;Estadual;69;505.14;495.44;461.99;523.33;568.7;510.92
3530;Barra de São Francisco;ES;Estadual;213;508.61;495.93;469.86;521.73;558.4;510.91
3531;Salto Grande;SP;Estadual;16;524.92;529.67;485.56;476.79;537.5;510.89
3532;Arcoverde;PE;Estadual;424;518.26;502.33;464.47;509.64;559.72;510.88
3533;Itabi;SE;Estadual;42;490.48;479.67;465.5;482.4;636.19;510.85
3534;Serrania;MG;Estadual;36;505.03;489.52;468.77;521.25;569.44;510.8
3535;Lençóis;BA;Estadual;24;534.15;505.13;461.02;506.21;547.5;510.8
3536;Crateús;CE;Estadual;672;499.67;483.81;455.52;499.41;615.54;510.79
3537;Lassance;MG;Estadual;20;500.71;496.88;475.08;535.29;546.0;510.79
3538;Mossâmedes;GO;Estadual;18;505.92;484.33;453.87;520.63;588.89;510.73
3539;Colina;SP;Municipal;20;524.23;508.12;499.47;515.79;506.0;510.72
3540;Rolim de Moura;RO;Estadual;311;509.66;495.62;467.38;508.93;572.03;510.72
3541;Atalaia;PR;Estadual;21;514.81;491.0;455.61;502.57;589.52;510.7
3542;Agronômica;SC;Estadual;10;524.67;504.55;442.4;515.82;566.0;510.69
3543;Aceguá;RS;Estadual;12;527.13;489.47;449.22;517.57;570.0;510.68
3544;Coqueiral;MG;Estadual;51;498.58;476.19;454.63;511.36;612.55;510.66
3545;Conceição do Mato Dentro;MG;Estadual;64;506.6;499.92;463.8;517.98;565.0;510.66
3546;Moema;MG;Estadual;17;514.89;490.38;444.3;494.29;609.41;510.66
3547;Renascença;PR;Estadual;33;516.53;493.53;479.74;513.77;549.7;510.65
3548;Pau D'Arco;TO;Estadual;15;493.21;481.56;429.97;515.01;633.33;510.61
3549;Tefé;AM;Federal;59;504.33;493.05;488.91;493.9;572.88;510.61
3550;Petrópolis;RJ;Estadual;929;519.0;502.67;467.11;496.44;567.79;510.6
3551;Alvorada;RS;Estadual;426;520.57;504.33;458.88;501.33;567.89;510.6
3552;Dois Vizinhos;PR;Estadual;201;512.31;498.24;466.71;517.88;557.81;510.59
3553;Macaubal;SP;Estadual;23;495.52;501.23;457.13;514.7;584.35;510.58
3554;Paraty;RJ;Estadual;140;522.3;502.81;472.72;494.09;561.0;510.58
3555;Mendes Pimentel;MG;Estadual;11;527.85;506.99;464.49;517.17;536.36;510.57
3556;Rio das Ostras;RJ;Estadual;436;521.58;497.19;463.83;501.42;568.81;510.56
3557;Castelo do Piauí;PI;Estadual;130;498.67;489.86;452.18;493.8;618.31;510.56
3558;Águas Vermelhas;MG;Estadual;45;506.33;475.95;460.98;522.4;587.11;510.56
3559;Baixo Guandu;ES;Estadual;54;511.5;494.32;451.91;509.06;585.93;510.54
3560;Tarauacá;AC;Federal;35;502.28;484.73;475.52;481.57;608.57;510.53
3561;Rio de Janeiro;RJ;Estadual;11878;523.51;500.97;464.04;500.4;563.64;510.51
3562;Recife;PE;Estadual;7395;512.03;493.34;459.03;502.04;586.04;510.5
3563;Simonésia;MG;Privada;5;521.82;522.96;450.58;493.08;564.0;510.49
3564;Canápolis;BA;Estadual;32;505.38;486.82;451.17;492.82;616.25;510.49
3565;General Câmara;RS;Estadual;18;523.07;521.99;465.07;531.15;511.11;510.48
3566;Caxambu;MG;Estadual;66;514.73;505.56;461.31;510.47;560.3;510.48
3567;Alfenas;MG;Estadual;303;513.61;491.61;462.03;513.12;572.01;510.48
3568;Viamão;RS;Estadual;514;521.9;508.0;460.8;502.18;559.49;510.47
3569;Rio Bonito;RJ;Estadual;182;511.42;491.84;467.52;493.65;587.91;510.47
3570;Entre-Ijuís;RS;Estadual;24;497.77;509.01;465.07;501.23;579.17;510.45
3571;São Gonçalo do Sapucaí;MG;Estadual;107;511.72;484.82;452.76;513.23;589.72;510.45
3572;Dom Viçoso;MG;Estadual;10;523.29;495.74;458.8;498.31;576.0;510.43
3573;Piracanjuba;GO;Estadual;95;508.71;487.15;455.28;514.45;586.53;510.42
3574;Ponte Serrada;SC;Estadual;28;508.08;503.89;460.11;503.6;576.43;510.42
3575;Fortaleza de Minas;MG;Estadual;18;506.41;500.72;454.07;519.76;571.11;510.41
3576;Esmeralda;RS;Estadual;4;519.28;503.2;458.5;521.08;550.0;510.41
3577;Giruá;RS;Estadual;35;518.74;506.99;465.65;489.93;570.29;510.32
3578;Cambuí;MG;Estadual;91;513.5;498.28;473.85;515.63;550.33;510.32
3579;São Pedro do Butiá;RS;Estadual;7;503.99;462.06;485.83;494.03;605.71;510.32
3580;Macaé;RJ;Estadual;587;517.41;494.92;465.55;501.94;571.72;510.31
3581;Schroeder;SC;Estadual;45;516.13;499.95;447.2;532.64;555.56;510.3
3582;Urupá;RO;Estadual;54;501.65;498.01;446.13;503.03;602.59;510.28
3583;Cocalzinho de Goiás;GO;Estadual;75;505.8;494.42;445.95;517.89;587.2;510.25
3584;Petrolina;PE;Estadual;1800;507.7;487.4;457.54;513.47;585.08;510.24
3585;Santa Tereza;RS;Estadual;3;500.3;504.2;449.77;536.77;560.0;510.21
3586;Diadema;SP;Estadual;1342;526.04;504.05;461.62;505.81;553.34;510.17
3587;Santo Antônio da Platina;PR;Estadual;84;525.11;507.06;465.85;516.11;536.67;510.16
3588;Delfim Moreira;MG;Privada;10;506.32;482.86;496.84;548.79;516.0;510.16
3589;São João do Paraíso;MG;Estadual;97;498.66;483.15;455.58;524.66;588.66;510.14
3590;Vassouras;RJ;Estadual;113;513.02;496.66;472.98;494.49;573.45;510.12
3591;Iracema;RR;Estadual;6;532.43;495.52;451.28;504.67;566.67;510.11
3592;Santa Maria do Pará;PA;Estadual;103;498.94;488.57;452.4;474.72;635.92;510.11
3593;Carneirinho;MG;Estadual;44;514.28;501.37;453.43;536.86;544.55;510.1
3594;Vertentes;PE;Estadual;74;510.44;490.79;459.76;531.62;557.84;510.09
3595;Aguanil;MG;Estadual;18;497.11;505.94;452.47;536.01;558.89;510.08
3596;Gurupi;TO;Estadual;263;509.76;492.68;453.17;493.94;600.68;510.05
3597;Alto Paraíso de Goiás;GO;Privada;3;535.63;490.43;460.13;450.63;613.33;510.03
3598;São Valentim do Sul;RS;Estadual;11;497.33;492.67;447.71;532.4;580.0;510.02
3599;Rio Grande;RS;Estadual;666;519.52;500.04;456.82;494.99;578.74;510.02
3600;Alagoa;MG;Estadual;9;511.3;524.29;460.5;502.84;551.11;510.01
3601;Virgínia;MG;Estadual;29;525.05;482.73;442.41;510.16;589.66;510.0
3602;Irani;SC;Estadual;38;525.02;508.78;466.33;514.56;535.26;509.99
3603;Piratuba;SC;Estadual;36;519.11;504.06;448.57;498.19;580.0;509.99
3604;Santa Cruz das Palmeiras;SP;Estadual;97;517.46;504.16;463.07;513.87;551.34;509.98
3605;Sete Quedas;MS;Estadual;30;501.96;476.29;454.99;497.27;619.33;509.97
3606;Santo Antônio de Jesus;BA;Estadual;366;514.21;496.78;459.4;498.1;581.37;509.97
3607;Campina do Monte Alegre;SP;Estadual;33;517.61;503.27;452.46;502.49;573.94;509.95
3608;Sidrolândia;MS;Estadual;146;505.27;496.45;453.57;503.78;590.68;509.95
3609;Santa Bárbara do Leste;MG;Estadual;40;511.12;486.65;450.85;526.56;574.5;509.94
3610;Abreu e Lima;PE;Privada;37;514.18;491.78;473.21;496.39;574.05;509.92
3611;Itapetininga;SP;Estadual;408;524.5;509.96;466.75;509.51;538.73;509.89
3612;Patrocínio;MG;Estadual;274;514.39;496.86;459.46;513.23;565.47;509.88
3613;Soledade;RS;Estadual;69;517.72;498.55;469.03;497.66;566.38;509.87
3614;Dom Silvério;MG;Estadual;18;483.39;482.93;472.31;529.58;581.11;509.86
3615;Água Nova;RN;Estadual;27;492.75;486.05;447.49;493.35;629.63;509.85
3616;Jundiá;AL;Estadual;19;487.4;484.37;469.23;505.04;603.16;509.84
3617;Reduto;MG;Estadual;11;521.8;496.98;483.84;493.8;552.73;509.83
3618;Avaré;SP;Municipal;1;548.8;539.0;373.5;507.8;580.0;509.82
3619;Taquaraçu de Minas;MG;Estadual;17;512.79;515.93;474.25;514.24;531.76;509.8
3620;Camboriú;SC;Estadual;171;522.32;501.73;457.59;500.29;567.02;509.79
3621;Coronel Barros;RS;Estadual;9;517.96;526.02;469.86;490.66;544.44;509.79
3622;São Sebastião do Rio Verde;MG;Estadual;15;513.66;508.65;468.09;543.81;514.67;509.78
3623;Aricanduva;MG;Estadual;44;508.31;499.07;457.83;519.93;563.64;509.76
3624;Vidal Ramos;SC;Estadual;20;504.36;485.28;457.9;477.26;624.0;509.76
3625;Três Marias;MG;Estadual;101;515.5;490.65;461.59;521.24;559.8;509.76
3626;Santa Luzia;MG;Estadual;612;518.14;499.25;464.8;503.04;563.5;509.74
3627;Cabrália Paulista;SP;Estadual;37;529.28;494.27;484.06;506.48;534.59;509.74
3628;Paulínia;SP;Estadual;248;520.2;497.64;465.1;509.95;555.73;509.72
3629;Restinga;SP;Estadual;11;509.29;490.11;432.99;530.54;585.45;509.68
3630;Pedro Canário;ES;Estadual;123;505.72;489.17;459.73;497.1;596.59;509.66
3631;Analândia;SP;Estadual;9;531.76;521.97;472.47;497.62;524.44;509.65
3632;Passabém;MG;Estadual;9;500.68;476.28;463.26;525.77;582.22;509.64
3633;Alegrete;RS;Municipal;3;522.9;500.83;475.57;448.73;600.0;509.61
3634;Porto Barreiro;PR;Estadual;18;503.58;499.76;468.09;505.36;571.11;509.58
3635;Paraíso;SP;Estadual;11;532.71;497.82;466.22;516.52;534.55;509.56
3636;Itapecerica da Serra;SP;Estadual;649;524.84;508.32;460.1;504.29;550.2;509.55
3637;Itatim;BA;Estadual;45;503.68;479.17;460.24;500.06;604.44;509.52
3638;Tapera;RS;Estadual;52;512.69;495.53;458.06;513.18;568.08;509.51
3639;Formosa;GO;Estadual;461;510.65;493.39;457.98;510.23;575.23;509.5
3640;Dezesseis de Novembro;RS;Estadual;6;514.7;518.45;470.03;514.27;530.0;509.49
3641;Iacri;SP;Estadual;14;511.67;502.89;484.8;543.76;504.29;509.48
3642;Serra;ES;Municipal;1;529.4;565.5;502.1;430.4;520.0;509.48
3643;Itapecuru Mirim;MA;Privada;7;492.63;480.71;447.39;569.47;557.14;509.47
3644;Pocrane;MG;Estadual;25;519.3;499.7;463.19;524.3;540.8;509.46
3645;Meleiro;SC;Estadual;18;511.76;502.37;478.79;515.46;538.89;509.45
3646;Ecoporanga;ES;Estadual;110;501.45;490.34;467.67;523.22;564.55;509.45
3647;Alegria;RS;Estadual;14;506.74;507.55;456.54;506.33;570.0;509.43
3648;Rifaina;SP;Estadual;9;510.74;481.62;458.87;500.3;595.56;509.42
3649;Trairão;PA;Municipal;3;483.63;497.2;457.43;528.73;580.0;509.4
3650;Alfredo Wagner;SC;Estadual;29;515.47;521.53;447.03;498.77;564.14;509.39
3651;Barreiros;PE;Estadual;155;498.0;482.14;453.45;503.24;609.94;509.35
3652;Gaúcha do Norte;MT;Estadual;5;522.62;487.72;438.64;497.74;600.0;509.34
3653;Maracaí;SP;Estadual;46;514.45;513.15;464.03;502.41;552.61;509.33
3654;Camargo;RS;Estadual;17;511.66;490.96;445.96;525.14;572.94;509.33
3655;Marmeleiro;PR;Estadual;48;518.21;518.43;460.06;509.86;540.0;509.31
3656;Amparo do Serra;MG;Estadual;18;498.41;477.76;472.04;516.06;582.22;509.3
3657;Lajedo;PE;Estadual;238;508.12;490.88;460.77;510.36;576.39;509.3
3658;Fronteiras;PI;Estadual;60;489.45;478.68;462.28;508.59;607.33;509.27
3659;Canas;SP;Estadual;9;520.88;497.49;465.98;477.56;584.44;509.27
3660;Salesópolis;SP;Estadual;86;517.03;495.52;457.82;508.99;566.98;509.27
3661;Lages;SC;Municipal;6;514.15;486.13;460.22;499.15;586.67;509.26
3662;Piranhas;GO;Estadual;36;509.17;513.57;459.39;508.52;555.56;509.24
3663;Ibatiba;ES;Estadual;59;509.17;487.33;477.86;527.76;544.07;509.24
3664;Guarujá;SP;Estadual;599;523.92;500.35;463.42;506.04;552.35;509.22
3665;Curionópolis;PA;Municipal;2;449.8;472.75;452.35;481.1;690.0;509.2
3666;Itatiba do Sul;RS;Estadual;10;489.67;504.24;445.95;500.01;606.0;509.17
3667;Palmeirópolis;TO;Estadual;32;509.16;504.61;462.54;493.84;575.62;509.16
3668;Tabuleiro do Norte;CE;Estadual;256;501.33;482.23;458.99;503.35;599.84;509.15
3669;Irupi;ES;Estadual;39;506.55;490.73;464.85;502.6;581.03;509.15
3670;Três Corações;MG;Estadual;185;510.19;499.91;458.31;515.2;561.95;509.11
3671;Cacaulândia;RO;Estadual;24;494.04;492.95;477.78;480.77;600.0;509.11
3672;São Sebastião de Lagoa de Roça;PB;Estadual;64;494.24;488.97;463.28;482.77;616.25;509.1
3673;São Paulo;SP;Municipal;368;520.02;505.48;461.48;502.58;555.92;509.1
3674;Pereira Barreto;SP;Estadual;58;519.19;496.34;474.83;526.06;528.97;509.08
3675;São Gabriel da Palha;ES;Privada;12;504.42;496.61;481.62;506.1;556.67;509.08
3676;Aracruz;ES;Estadual;412;507.78;496.11;460.6;501.24;579.51;509.05
3677;Serra Talhada;PE;Estadual;424;504.49;484.06;458.9;510.28;587.45;509.04
3678;Gramado Xavier;RS;Estadual;13;521.27;515.33;448.81;488.98;570.77;509.03
3679;Ourinhos;SP;Estadual;365;520.4;500.64;462.59;517.17;544.33;509.02
3680;Lagoa de Dentro;PB;Estadual;30;513.91;465.28;454.68;493.18;618.0;509.01
3681;Uchoa;SP;Estadual;19;520.73;487.76;464.93;537.93;533.68;509.01
3682;Papagaios;MG;Estadual;40;505.02;470.02;446.26;511.13;612.5;508.99
3683;Novo Alegre;TO;Estadual;14;503.03;469.33;458.66;509.51;604.29;508.96
3684;Natal;RN;Estadual;2647;512.45;492.61;461.08;493.46;585.07;508.93
3685;Andrelândia;MG;Estadual;73;501.41;481.84;466.33;539.05;555.89;508.9
3686;Araruama;RJ;Estadual;319;513.9;495.35;462.74;504.63;567.84;508.89
3687;São Vicente;RN;Estadual;22;502.87;477.34;456.76;488.22;619.09;508.86
3688;Cravinhos;SP;Estadual;123;521.87;497.7;464.03;507.02;553.66;508.86
3689;Brotas;SP;Estadual;47;520.91;498.73;466.97;524.0;533.62;508.85
3690;Itaverava;MG;Estadual;10;514.97;497.32;455.91;529.94;546.0;508.83
3691;Caiçara;PB;Estadual;27;490.8;477.95;449.48;479.21;646.67;508.82
3692;Casimiro de Abreu;RJ;Estadual;121;522.42;499.35;465.39;491.98;564.96;508.82
3693;Nossa Senhora da Glória;SE;Estadual;285;500.45;492.71;458.64;509.44;582.88;508.82
3694;Guiratinga;MT;Estadual;38;488.08;488.24;447.38;499.23;621.05;508.8
3695;Roncador;PR;Estadual;20;516.88;506.46;447.23;517.26;556.0;508.77
3696;Santo Antônio de Pádua;RJ;Estadual;177;502.33;483.33;457.76;504.51;595.93;508.77
3697;Igaratá;SP;Estadual;36;516.51;510.54;470.23;522.64;523.89;508.76
3698;Botuporã;BA;Privada;5;509.26;462.64;459.06;480.78;632.0;508.75
3699;Bom Retiro;SC;Estadual;29;512.98;496.27;464.08;533.76;536.55;508.73
3700;Guarani das Missões;RS;Estadual;78;492.26;496.78;478.01;518.67;557.95;508.73
3701;Criciúma;SC;Estadual;683;520.13;504.65;458.57;510.21;550.04;508.72
3702;Nilópolis;RJ;Estadual;571;520.29;500.46;458.14;493.47;571.24;508.72
3703;Bonito;PE;Estadual;283;496.33;481.97;448.15;504.71;612.23;508.68
3704;Siqueira Campos;PR;Estadual;49;524.53;512.13;445.45;486.2;575.1;508.68
3705;Mimoso do Sul;ES;Estadual;115;497.8;490.51;456.93;504.78;593.39;508.68
3706;Itaquiraí;MS;Estadual;57;503.39;481.77;460.08;499.58;598.6;508.68
3707;Dourados;MS;Estadual;807;512.5;496.95;468.06;504.09;561.69;508.66
3708;Fama;MG;Estadual;10;511.15;494.77;448.8;480.5;608.0;508.64
3709;Anagé;BA;Estadual;57;497.96;482.38;466.07;492.55;604.21;508.63
3710;Senador Salgado Filho;RS;Estadual;7;521.17;494.23;469.96;508.8;548.57;508.55
3711;Engenheiro Paulo de Frontin;RJ;Estadual;100;507.88;495.46;458.97;482.84;597.6;508.55
3712;Guarulhos;SP;Estadual;4169;522.9;501.02;457.51;503.84;557.42;508.54
3713;Boa Esperança;ES;Estadual;74;503.91;492.21;468.29;516.9;561.35;508.53
3714;Osasco;SP;Estadual;2077;523.32;502.37;461.05;502.53;553.38;508.53
3715;Navegantes;SC;Estadual;264;516.68;498.51;464.93;501.18;561.21;508.5
3716;Pombal;PB;Municipal;1;587.7;592.3;374.8;387.6;600.0;508.48
3717;Bicas;MG;Estadual;52;509.94;498.49;451.9;501.24;580.77;508.47
3718;Iapu;MG;Estadual;29;521.32;484.04;454.37;517.76;564.83;508.46
3719;Itaí;SP;Estadual;39;519.49;505.15;465.13;505.37;547.18;508.46
3720;Piedade de Caratinga;MG;Estadual;28;495.56;487.9;457.37;514.72;586.43;508.4
3721;Mirante do Paranapanema;SP;Estadual;94;513.36;479.97;460.48;509.02;579.15;508.39
3722;Nova União;RO;Estadual;27;513.16;490.76;447.8;491.72;598.52;508.39
3723;Itauçu;GO;Estadual;60;501.09;475.76;452.25;519.74;593.0;508.37
3724;Imigrante;RS;Estadual;9;509.18;511.47;464.74;491.94;564.44;508.36
3725;Tocos do Moji;MG;Estadual;26;512.45;500.13;452.21;546.21;530.77;508.35
3726;Piracaia;SP;Estadual;71;517.73;501.05;451.58;502.67;568.73;508.35
3727;Matutina;MG;Estadual;17;510.65;511.77;479.21;526.0;514.12;508.35
3728;Pato Branco;PR;Municipal;4;516.52;472.05;442.7;495.45;615.0;508.34
3729;Araguaína;TO;Estadual;742;503.53;482.79;455.39;496.81;603.13;508.33
3730;Itaguari;GO;Estadual;21;499.12;475.07;454.5;546.28;566.67;508.33
3731;Roseira;SP;Estadual;22;515.39;500.8;467.32;526.26;531.82;508.32
3732;Boa Esperança;MG;Estadual;193;507.84;494.03;465.03;522.05;552.64;508.32
3733;Oriente;SP;Estadual;2;521.5;511.4;508.75;539.95;460.0;508.32
3734;Taiobeiras;MG;Estadual;135;506.51;493.54;467.42;515.96;558.07;508.3
3735;Comodoro;MT;Estadual;36;509.14;499.15;477.35;511.94;543.89;508.29
3736;Lagoa dos Gatos;PE;Estadual;37;495.4;482.79;447.98;499.57;615.68;508.28
3737;Imbituva;PR;Estadual;78;511.44;510.51;470.3;515.56;533.59;508.28
3738;Paraíba do Sul;RJ;Estadual;153;515.77;500.82;458.6;498.73;567.45;508.27
3739;Bananeiras;PB;Federal;40;510.02;471.69;480.46;490.67;588.5;508.27
3740;Castro;PR;Estadual;210;524.4;514.74;473.09;508.76;520.38;508.27
3741;Tenório;PB;Estadual;7;515.91;508.49;457.67;519.3;540.0;508.27
3742;Corbélia;PR;Estadual;34;528.16;499.71;459.51;507.34;546.47;508.24
3743;Aparecida d'Oeste;SP;Estadual;9;499.79;481.09;458.9;510.13;591.11;508.2
3744;Manduri;SP;Estadual;24;508.58;498.3;480.59;527.59;525.83;508.18
3745;Carpina;PE;Estadual;443;502.92;483.97;461.57;502.01;590.2;508.13
3746;Gravatá;PE;Estadual;492;500.04;483.63;458.73;508.28;589.92;508.12
3747;Juru;PB;Estadual;24;506.98;494.28;455.28;507.42;576.67;508.12
3748;Pato Bragado;PR;Estadual;29;502.45;499.73;460.7;521.1;556.55;508.11
3749;Palma Sola;SC;Estadual;35;512.14;499.15;461.32;503.23;564.57;508.08
3750;Santo Antônio de Posse;SP;Estadual;45;510.02;482.34;453.5;513.07;581.33;508.05
3751;Panambi;RS;Estadual;131;516.86;506.53;467.94;498.66;550.23;508.04
3752;Riacho de Santo Antônio;PB;Estadual;18;490.75;476.13;474.62;495.32;603.33;508.03
3753;Itaguaru;GO;Estadual;32;480.32;476.79;445.16;505.31;632.5;508.02
3754;Nhandeara;SP;Estadual;15;520.51;513.81;462.58;541.73;501.33;507.99
3755;Itambaracá;PR;Estadual;16;521.29;504.19;460.18;521.67;532.5;507.97
3756;Capivari;SP;Estadual;133;522.29;506.75;463.69;515.37;531.73;507.97
3757;Baependi;MG;Estadual;54;511.78;497.28;463.09;505.78;561.85;507.96
3758;Matupá;MT;Estadual;42;513.83;504.6;461.99;518.37;540.95;507.95
3759;Ibiporã;PR;Estadual;201;518.44;501.57;462.83;500.58;556.32;507.95
3760;Umbaúba;SE;Estadual;111;496.42;474.11;447.36;474.98;646.85;507.94
3761;Santana;BA;Privada;20;482.24;487.28;462.67;492.51;615.0;507.94
3762;Nova Esperança;PR;Estadual;78;515.83;501.61;454.61;494.72;572.82;507.92
3763;Garanhuns;PE;Estadual;739;511.53;494.93;459.7;504.15;569.31;507.92
3764;Várzea Paulista;SP;Estadual;214;522.1;507.74;459.29;507.08;543.36;507.91
3765;Vila Pavão;ES;Estadual;52;499.54;481.84;463.96;527.29;566.92;507.91
3766;Pau dos Ferros;RN;Estadual;159;508.01;485.33;455.02;493.08;598.11;507.91
3767;São Jorge do Patrocínio;PR;Estadual;35;501.25;493.49;459.49;549.85;535.43;507.9
3768;Panamá;GO;Estadual;11;514.43;499.96;483.54;483.28;558.18;507.88
3769;Bocaiúva;MG;Estadual;185;508.53;492.34;462.32;498.48;577.73;507.88
3770;Iati;PE;Estadual;74;499.71;498.14;450.28;506.59;584.59;507.86
3771;Terra Roxa;PR;Estadual;80;514.54;502.29;467.63;510.36;544.5;507.86
3772;Dário Meira;BA;Estadual;26;485.62;503.78;446.92;482.92;620.0;507.85
3773;Salinas;MG;Estadual;128;506.6;486.0;458.28;517.59;570.78;507.85
3774;Quarto Centenário;PR;Municipal;1;532.3;519.2;395.1;452.6;640.0;507.84
3775;Nova Xavantina;MT;Estadual;90;504.33;493.11;463.96;494.13;583.56;507.82
3776;Macambira;SE;Estadual;51;485.18;472.29;442.99;479.4;659.22;507.81
3777;Palmital;SP;Estadual;72;511.78;486.19;450.81;506.67;583.61;507.81
3778;São Domingos;SE;Estadual;47;499.46;467.19;443.8;492.02;636.6;507.81
3779;Nova Cantu;PR;Estadual;18;485.75;476.25;438.64;521.59;616.67;507.78
3780;Santa Luzia D'Oeste;RO;Estadual;38;514.78;504.26;454.64;480.86;584.21;507.75
3781;Jucati;PE;Estadual;83;507.68;488.99;448.74;518.13;575.18;507.74
3782;Condeúba;BA;Estadual;42;497.48;483.04;452.69;500.14;605.24;507.72
3783;Glaucilândia;MG;Estadual;14;510.34;496.92;469.2;473.47;588.57;507.7
3784;Cachoeira Paulista;SP;Estadual;96;521.96;505.71;456.94;517.85;536.04;507.7
3785;Turmalina;MG;Estadual;136;515.43;502.38;457.24;502.51;560.88;507.69
3786;Sossêgo;PB;Estadual;28;490.99;492.02;456.16;493.51;605.71;507.68
3787;Guaramirim;SC;Estadual;65;518.44;494.19;445.92;515.68;564.0;507.65
3788;Parecis;RO;Estadual;18;481.22;487.52;458.5;504.31;606.67;507.64
3789;Petrolândia;SC;Estadual;20;511.56;486.46;453.2;512.92;574.0;507.63
3790;Tuneiras do Oeste;PR;Estadual;13;503.38;467.97;482.53;519.64;564.62;507.63
3791;Esperança;PB;Estadual;117;497.27;479.28;457.18;494.72;609.57;507.61
3792;Sobral;CE;Estadual;1710;502.07;486.03;458.31;514.16;577.38;507.59
3793;Três Coroas;RS;Estadual;61;517.78;496.3;441.31;505.47;577.05;507.58
3794;Pé de Serra;BA;Estadual;73;504.37;494.77;446.94;520.02;571.78;507.58
3795;Santa Maria de Jetibá;ES;Privada;13;502.22;500.99;471.9;495.0;567.69;507.56
3796;Morro Agudo;SP;Privada;1;528.9;550.8;461.7;456.4;540.0;507.56
3797;Aperibé;RJ;Estadual;30;504.58;484.81;468.2;494.89;585.33;507.56
3798;Bela Cruz;CE;Estadual;318;495.19;479.65;453.85;514.03;595.03;507.55
3799;Aparecida de Goiânia;GO;Estadual;1849;513.18;493.43;455.42;497.32;578.35;507.54
3800;Pedregulho;SP;Estadual;57;515.36;487.21;459.03;508.98;567.02;507.52
3801;Águas de Santa Bárbara;SP;Estadual;10;532.6;512.05;442.43;498.51;552.0;507.52
3802;Corupá;SC;Estadual;33;517.92;510.47;475.06;523.06;510.91;507.48
3803;Videira;SC;Estadual;163;518.24;500.99;453.22;504.38;560.49;507.47
3804;Parari;PB;Estadual;16;491.98;484.26;420.87;503.88;636.25;507.45
3805;Ipiaçu;MG;Estadual;30;517.83;495.39;457.13;486.84;580.0;507.44
3806;Quatis;RJ;Estadual;24;526.56;492.64;462.38;498.88;556.67;507.43
3807;Sonora;MS;Estadual;70;517.14;484.7;465.4;500.38;569.43;507.41
3808;Prudente de Morais;MG;Estadual;17;517.57;517.13;483.81;471.38;547.06;507.39
3809;São João da Serra;PI;Estadual;41;492.25;478.0;442.71;476.49;647.32;507.35
3810;Mauá;SP;Estadual;1293;523.01;501.68;458.36;501.73;551.96;507.35
3811;Colorado;PR;Estadual;90;496.98;471.37;465.2;486.27;616.89;507.34
3812;Campina Grande;PB;Estadual;1967;503.88;487.57;454.74;489.36;601.15;507.34
3813;Caiana;MG;Estadual;18;504.62;487.09;449.01;504.87;591.11;507.34
3814;Pedra Azul;MG;Estadual;53;511.31;485.31;457.43;505.93;576.6;507.32
3815;Gaspar;SC;Estadual;122;523.26;504.15;454.41;511.64;543.11;507.32
3816;São Gabriel da Palha;ES;Estadual;117;502.15;484.08;453.51;513.96;582.91;507.32
3817;Palminópolis;GO;Estadual;26;514.52;499.73;455.98;508.47;557.69;507.28
3818;Ceres;GO;Estadual;86;513.42;480.44;463.91;489.1;589.53;507.28
3819;Jacupiranga;SP;Estadual;36;509.51;493.24;453.49;505.05;575.0;507.26
3820;Petrolândia;PE;Estadual;135;506.92;480.62;446.21;516.47;586.07;507.26
3821;Engenheiro Coelho;SP;Estadual;34;520.35;492.02;461.96;510.11;551.76;507.24
3822;Morada Nova;CE;Estadual;538;496.3;479.44;454.39;506.67;599.41;507.24
3823;Pontal do Paraná;PR;Estadual;72;527.12;499.78;474.07;506.68;528.33;507.2
3824;Itumirim;MG;Estadual;40;491.06;487.44;454.11;526.22;577.0;507.17
3825;Mirim Doce;SC;Estadual;9;481.97;486.59;441.09;532.7;593.33;507.14
3826;Primavera de Rondônia;RO;Estadual;13;503.33;478.18;463.25;464.76;626.15;507.14
3827;Anitápolis;SC;Estadual;12;516.32;507.29;471.58;480.47;560.0;507.13
3828;São Sebastião da Grama;SP;Estadual;23;518.9;489.88;477.44;484.18;565.22;507.12
3829;Raposos;MG;Estadual;41;525.47;491.45;459.25;499.35;560.0;507.1
3830;Arapongas;PR;Estadual;424;519.15;502.06;453.78;513.88;546.6;507.1
3831;Mossoró;RN;Estadual;1139;510.02;487.29;456.47;499.41;582.25;507.09
3832;Santa Rita do Araguaia;GO;Estadual;56;508.71;483.06;457.52;510.0;576.07;507.07
3833;Urânia;SP;Estadual;30;520.32;501.95;467.77;497.88;547.33;507.05
3834;Redenção;CE;Estadual;339;498.15;475.23;453.24;500.59;607.79;507.0
3835;Biritiba Mirim;SP;Estadual;103;517.15;498.95;469.43;501.7;547.57;506.96
3836;Treze Tílias;SC;Estadual;13;510.93;510.62;464.9;549.88;498.46;506.96
3837;Iretama;PR;Estadual;53;513.92;513.38;482.56;516.14;508.68;506.93
3838;Barretos;SP;Estadual;341;514.33;492.45;464.43;503.28;560.12;506.92
3839;Santa Fé de Goiás;GO;Estadual;2;505.85;514.4;436.7;497.65;580.0;506.92
3840;Nova Santa Rita;RS;Estadual;46;522.0;496.11;460.3;505.3;550.87;506.91
3841;Resende;RJ;Municipal;2;473.25;472.95;436.2;592.15;560.0;506.91
3842;Cerro Branco;RS;Estadual;9;503.38;506.54;438.22;506.31;580.0;506.89
3843;Dores de Guanhães;MG;Estadual;23;512.78;510.78;456.72;511.53;542.61;506.88
3844;Minaçu;GO;Estadual;120;513.04;481.76;453.69;497.27;588.5;506.85
3845;Sooretama;ES;Estadual;121;495.9;477.04;454.98;505.24;600.99;506.83
3846;Piraí;RJ;Estadual;70;511.12;485.96;450.55;493.27;593.14;506.81
3847;Indiana;SP;Estadual;12;502.96;493.92;457.7;536.15;543.33;506.81
3848;Colinas;RS;Estadual;2;494.7;467.25;494.8;537.2;540.0;506.79
3849;Eldorado;MS;Estadual;39;503.18;484.39;469.68;501.78;574.87;506.78
3850;Parobé;RS;Estadual;132;516.74;505.59;448.56;497.23;565.76;506.77
3851;Feira de Santana;BA;Estadual;2206;510.05;492.5;459.15;496.82;575.14;506.73
3852;Barra Velha;SC;Estadual;72;513.7;500.82;458.36;508.48;552.22;506.72
3853;Paiçandu;PR;Estadual;45;524.2;506.41;460.23;472.98;569.78;506.72
3854;Mineiros;GO;Estadual;159;504.97;484.56;462.39;505.22;576.35;506.7
3855;Gracho Cardoso;SE;Estadual;26;499.43;483.63;453.13;503.43;593.85;506.69
3856;Nova Mutum;MT;Estadual;208;505.7;493.81;459.13;490.75;584.04;506.69
3857;Mirassol d'Oeste;MT;Estadual;90;500.63;492.83;452.37;500.19;587.33;506.67
3858;Caicó;RN;Estadual;294;501.91;482.83;453.25;488.5;606.8;506.66
3859;Santa Maria do Oeste;PR;Estadual;39;510.35;496.56;458.15;486.18;582.05;506.66
3860;Toropi;RS;Estadual;15;479.0;485.87;442.32;521.93;604.0;506.62
3861;Simão Dias;SE;Estadual;269;494.66;478.0;450.48;492.6;617.25;506.6
3862;Jerônimo Monteiro;ES;Estadual;36;507.43;495.35;464.75;490.43;575.0;506.59
3863;Indiara;GO;Estadual;60;505.95;482.46;459.64;502.26;582.67;506.59
3864;Rio Maria;PA;Privada;6;522.08;431.75;466.93;452.1;660.0;506.57
3865;Ascurra;SC;Privada;2;531.5;512.6;412.6;516.15;560.0;506.57
3866;Currais Novos;RN;Estadual;196;507.93;493.79;451.02;490.92;589.08;506.55
3867;Cariré;CE;Estadual;226;502.26;482.47;454.53;520.2;573.27;506.55
3868;Corumbaíba;GO;Municipal;6;473.02;468.42;473.33;534.62;583.33;506.54
3869;Doutor Severiano;RN;Estadual;44;495.76;483.05;438.59;530.3;585.0;506.54
3870;Cafelândia;SP;Estadual;70;523.44;502.49;468.69;499.11;538.86;506.52
3871;Altair;SP;Estadual;14;506.09;482.11;469.72;511.67;562.86;506.49
3872;Borda da Mata;MG;Estadual;31;515.5;490.36;467.39;523.05;536.13;506.49
3873;Crato;CE;Estadual;991;500.6;483.84;455.64;496.23;596.1;506.48
3874;Piripá;BA;Estadual;52;506.73;485.42;467.9;491.52;580.77;506.47
3875;Entre Rios do Oeste;PR;Estadual;17;524.48;510.96;476.56;529.72;490.59;506.46
3876;Rio do Antônio;BA;Estadual;57;498.31;478.18;444.18;528.1;583.51;506.46
3877;Poço Verde;SE;Estadual;143;501.08;484.54;445.36;496.51;604.76;506.45
3878;Ilhéus;BA;Estadual;568;508.28;491.4;461.74;496.93;573.84;506.44
3879;São Gonçalo;RJ;Estadual;1995;513.69;495.22;459.66;489.77;573.76;506.42
3880;Garuva;SC;Estadual;40;516.34;506.16;450.2;511.36;548.0;506.41
3881;Pouso Redondo;SC;Estadual;41;513.93;494.12;459.07;521.5;543.41;506.41
3882;Barreiras;BA;Estadual;583;499.63;480.28;453.73;488.3;610.09;506.4
3883;Francisco Morato;SP;Estadual;618;521.33;502.35;460.59;499.26;548.41;506.39
3884;Mundo Novo;BA;Privada;14;524.84;490.29;450.03;483.86;582.86;506.37
3885;Araruna;PR;Estadual;61;510.1;493.79;456.8;494.11;577.05;506.37
3886;Malacacheta;MG;Estadual;70;508.36;487.69;456.47;528.68;550.57;506.36
3887;Tupanci do Sul;RS;Estadual;12;503.53;491.1;478.88;493.23;565.0;506.35
3888;Piracuruca;PI;Estadual;236;501.41;489.18;450.19;492.83;598.05;506.33
3889;Itambé;PR;Estadual;30;515.87;511.79;459.24;489.28;555.33;506.3
3890;Progresso;RS;Estadual;23;490.89;506.6;472.82;506.3;554.78;506.28
3891;Abaiara;CE;Estadual;84;477.9;458.83;426.73;465.33;702.62;506.28
3892;Volta Grande;MG;Estadual;7;534.89;488.2;449.83;515.6;542.86;506.27
3893;Catu;BA;Privada;29;498.47;478.97;468.74;492.78;592.41;506.27
3894;Frutal;MG;Municipal;1;518.4;558.0;478.2;416.6;560.0;506.24
3895;Pedro Leopoldo;MG;Estadual;182;515.63;497.32;462.51;508.77;546.92;506.23
3896;Dom Feliciano;RS;Estadual;31;511.95;504.63;464.6;501.54;548.39;506.22
3897;Belém do Brejo do Cruz;PB;Estadual;47;469.65;465.46;445.56;476.37;674.04;506.21
3898;Bom Jesus de Goiás;GO;Estadual;107;510.01;485.86;453.0;520.06;562.06;506.2
3899;Itambé;PE;Estadual;201;502.07;481.14;460.22;505.67;581.79;506.18
3900;Aracoiaba;CE;Estadual;420;497.96;483.36;451.15;498.05;600.33;506.17
3901;Tavares;PB;Estadual;70;509.31;488.14;457.58;501.78;574.0;506.16
3902;Bacabeira;MA;Estadual;125;497.52;488.05;447.41;491.05;606.72;506.15
3903;Monteiro Lobato;SP;Estadual;17;512.76;526.21;455.63;524.32;511.76;506.14
3904;Charqueada;SP;Estadual;30;523.82;504.9;472.47;493.51;536.0;506.14
3905;São José do Seridó;RN;Estadual;25;488.36;466.91;449.71;485.67;640.0;506.13
3906;Taquarivaí;SP;Estadual;48;522.41;514.48;474.99;521.65;497.08;506.12
3907;Guaraciaba do Norte;CE;Estadual;427;488.62;479.05;446.84;506.48;609.6;506.12
3908;Sumaré;SP;Estadual;674;520.34;497.81;459.11;506.95;546.41;506.12
3909;Nova Veneza;SC;Estadual;35;518.74;506.8;448.41;514.81;541.71;506.1
3910;Paranatinga;MT;Estadual;74;507.56;491.81;466.43;488.16;576.49;506.09
3911;João Pessoa;PB;Estadual;3079;508.82;489.4;452.88;488.21;591.08;506.08
3912;Américo de Campos;SP;Municipal;8;512.42;498.7;437.94;528.71;552.5;506.06
3913;Paraisópolis;MG;Estadual;43;512.17;496.59;459.23;517.59;544.65;506.05
3914;São Francisco do Glória;MG;Estadual;29;497.31;490.53;449.62;488.63;604.14;506.05
3915;Tapiraí;MG;Estadual;6;468.65;476.65;452.95;475.3;656.67;506.04
3916;Granjeiro;CE;Estadual;58;492.06;480.72;430.28;476.04;651.03;506.03
3917;Laje do Muriaé;RJ;Estadual;24;511.26;499.71;456.43;493.6;569.17;506.03
3918;Ortigueira;PR;Privada;7;502.93;504.67;431.06;502.71;588.57;505.99
3919;Bozano;RS;Estadual;1;534.3;518.7;358.0;518.9;600.0;505.98
3920;Maragogipe;BA;Privada;1;533.4;529.5;464.9;442.1;560.0;505.98
3921;Sengés;PR;Estadual;77;524.69;495.69;460.74;507.64;541.04;505.96
3922;Caiabu;SP;Estadual;9;498.76;503.28;418.1;498.56;611.11;505.96
3923;Desterro de Entre Rios;MG;Estadual;38;503.81;493.59;482.02;524.02;526.32;505.95
3924;Araçuaí;MG;Estadual;82;509.68;481.55;444.63;493.42;600.49;505.95
3925;Serra;ES;Estadual;2104;509.19;491.32;455.47;505.29;568.44;505.94
3926;Barra dos Coqueiros;SE;Privada;3;502.93;519.6;433.43;460.23;613.33;505.91
3927;Jaboti;PR;Estadual;25;506.37;481.26;458.8;496.65;586.4;505.9
3928;Martins;RN;Estadual;31;501.7;480.65;459.79;487.98;599.35;505.9
3929;São João da Boa Vista;SP;Estadual;203;522.41;494.76;466.4;510.81;535.07;505.89
3930;Arandu;SP;Estadual;7;499.87;471.84;472.67;542.21;542.86;505.89
3931;Varre-Sai;RJ;Estadual;47;500.29;488.55;475.99;508.01;556.6;505.89
3932;Bocaina;SP;Estadual;21;532.78;507.22;474.93;516.32;498.1;505.87
3933;Apodi;RN;Estadual;161;492.42;487.65;452.83;509.96;586.46;505.86
3934;Boqueirão do Leão;RS;Estadual;11;515.05;508.01;469.08;480.73;556.36;505.85
3935;Baraúna;RN;Privada;9;498.47;470.13;467.01;506.92;586.67;505.84
3936;Igarapava;SP;Estadual;89;501.37;495.41;475.03;489.52;567.87;505.84
3937;Sardoá;MG;Estadual;27;497.25;486.69;458.22;507.76;579.26;505.84
3938;Presidente Getúlio;SC;Estadual;33;511.95;511.4;453.83;515.46;536.36;505.8
3939;Lafaiete Coutinho;BA;Estadual;11;521.19;479.89;434.19;500.85;592.73;505.77
3940;Santana do Araguaia;PA;Municipal;1;563.3;414.4;507.3;483.8;560.0;505.76
3941;Leoberto Leal;SC;Estadual;28;502.82;498.02;451.81;512.57;563.57;505.76
3942;Sarutaiá;SP;Estadual;6;511.37;521.17;462.42;490.43;543.33;505.74
3943;Ribeirão Branco;SP;Estadual;65;515.21;482.47;448.0;534.05;548.92;505.73
3944;Auriflama;SP;Estadual;43;514.7;496.38;466.64;509.08;541.86;505.73
3945;Iturama;MG;Estadual;177;509.83;493.83;463.01;520.96;541.02;505.73
3946;Cerqueira César;SP;Estadual;89;513.61;500.24;463.09;511.17;540.45;505.71
3947;São Félix do Piauí;PI;Estadual;19;500.78;499.13;432.65;504.36;591.58;505.7
3948;São João da Canabrava;PI;Estadual;20;487.39;468.76;421.42;480.34;670.0;505.58
3949;Agrestina;PE;Estadual;77;508.47;497.78;468.98;504.32;548.31;505.57
3950;Tapiraí;SP;Estadual;31;513.76;485.5;465.84;522.11;540.65;505.57
3951;São Francisco do Oeste;RN;Estadual;14;510.54;506.68;453.55;486.93;570.0;505.54
3952;Água Doce;SC;Estadual;38;500.01;498.88;479.65;517.03;532.11;505.54
3953;Paranapanema;SP;Municipal;3;528.77;521.67;473.1;517.47;486.67;505.53
3954;Porto Murtinho;MS;Estadual;22;519.61;500.92;464.72;494.17;548.18;505.52
3955;Tambaú;SP;Estadual;46;511.01;483.89;462.15;506.02;564.35;505.48
3956;Lima Duarte;MG;Estadual;75;512.02;498.96;468.53;510.24;537.6;505.47
3957;Jundiaí do Sul;PR;Estadual;8;515.25;518.79;434.18;479.08;580.0;505.46
3958;Lindóia;SP;Estadual;12;525.47;510.53;466.99;484.19;540.0;505.44
3959;Cabedelo;PB;Privada;5;493.0;494.22;434.18;493.76;612.0;505.43
3960;Arenópolis;GO;Estadual;5;544.14;488.2;456.8;498.0;540.0;505.43
3961;Jequitibá;MG;Estadual;22;494.41;480.63;453.06;512.54;586.36;505.4
3962;São Francisco de Itabapoana;RJ;Estadual;105;511.67;488.54;465.1;495.39;566.29;505.4
3963;Chácara;MG;Estadual;7;506.0;483.89;472.66;513.03;551.43;505.4
3964;Mampituba;RS;Estadual;12;510.62;472.95;461.42;530.13;551.67;505.36
3965;Jaraguá;GO;Estadual;216;508.86;486.32;454.07;504.42;573.15;505.36
3966;Paty do Alferes;RJ;Estadual;113;516.83;494.09;463.66;487.8;564.42;505.36
3967;Goioerê;PR;Estadual;57;509.59;494.37;459.05;509.59;554.04;505.33
3968;Ipueira;RN;Estadual;11;499.68;507.0;454.15;502.15;563.64;505.32
3969;Inácio Martins;PR;Estadual;39;505.63;495.87;454.63;488.42;582.05;505.32
3970;São João Batista;SC;Privada;2;530.3;493.95;499.9;462.4;540.0;505.31
3971;Arari;MA;Municipal;4;510.25;509.0;467.9;449.42;590.0;505.31
3972;Taiaçu;SP;Estadual;22;508.33;504.42;442.64;492.03;579.09;505.3
3973;Itapajé;CE;Estadual;595;491.57;481.03;456.73;511.4;585.75;505.3
3974;Espinosa;MG;Estadual;88;504.96;489.23;456.68;518.34;557.27;505.3
3975;Planalto;SP;Estadual;11;490.9;476.46;439.94;491.88;627.27;505.29
3976;Sant'Ana do Livramento;RS;Estadual;265;515.07;495.81;448.62;499.45;567.47;505.29
3977;Arraial do Cabo;RJ;Estadual;73;516.21;491.41;461.22;500.63;556.99;505.29
3978;Brejinho;PE;Estadual;30;498.11;492.47;458.58;508.39;568.67;505.24
3979;Onda Verde;SP;Estadual;13;515.32;504.58;469.25;498.32;538.46;505.18
3980;Iepê;SP;Estadual;30;514.66;487.13;480.08;518.03;526.0;505.18
3981;Rondonópolis;MT;Estadual;1008;506.18;487.85;460.54;500.3;571.01;505.18
3982;Pontal;SP;Municipal;3;489.43;463.1;483.8;516.2;573.33;505.17
3983;Chapadão do Céu;GO;Estadual;45;509.5;488.22;462.79;511.92;553.33;505.15
3984;Monte Negro;RO;Estadual;60;513.47;505.36;446.22;493.0;567.67;505.14
3985;Joanópolis;SP;Estadual;43;518.17;511.91;463.94;507.95;523.72;505.14
3986;Castanhal;PA;Estadual;767;497.65;483.81;449.73;480.59;613.61;505.08
3987;Alumínio;SP;Estadual;32;521.96;496.46;459.83;517.67;529.38;505.06
3988;São Miguel do Iguaçu;PR;Estadual;89;517.98;507.27;473.38;517.58;508.99;505.04
3989;Lages;SC;Estadual;404;519.17;499.38;460.65;500.38;545.59;505.04
3990;Monte Sião;MG;Estadual;84;511.92;486.27;454.79;508.67;563.33;505.0
3991;Porto Firme;MG;Estadual;43;496.28;485.99;451.03;497.29;594.42;505.0
3992;Sebastião Laranjeiras;BA;Estadual;43;492.29;486.12;456.76;511.17;578.6;504.99
3993;Embu-Guaçu;SP;Estadual;308;515.02;497.35;450.71;508.39;553.44;504.98
3994;São Bento do Una;PE;Estadual;232;505.76;487.17;460.52;512.31;559.14;504.98
3995;Pitangueiras;SP;Estadual;68;511.26;496.41;458.37;504.98;553.82;504.97
3996;Inúbia Paulista;SP;Estadual;2;528.35;527.85;492.6;526.05;450.0;504.97
3997;Muçum;RS;Estadual;11;514.11;504.71;426.63;506.47;572.73;504.93
3998;Rio Preto da Eva;AM;Privada;10;531.95;487.39;470.1;495.15;540.0;504.92
3999;Livramento de Nossa Senhora;BA;Estadual;187;493.99;487.37;455.6;511.62;576.04;504.92
4000;Iracema do Oeste;PR;Estadual;11;524.95;480.68;456.66;484.0;578.18;504.9
4001;Porto Alegre;RS;Municipal;28;530.02;519.52;457.98;492.61;524.29;504.88
4002;Tutóia;MA;Privada;12;486.05;502.82;468.19;510.66;556.67;504.88
4003;São Joaquim de Bicas;MG;Estadual;91;518.31;498.45;459.85;506.64;541.1;504.87
4004;Pinhalão;PR;Estadual;20;524.74;510.16;449.07;493.37;547.0;504.87
4005;Catalão;GO;Estadual;325;506.68;488.0;456.71;500.51;572.43;504.87
4006;Lagoinha;SP;Estadual;23;515.24;489.82;457.64;498.93;562.61;504.85
4007;Boa Esperança;ES;Privada;5;505.32;446.34;466.46;558.06;548.0;504.84
4008;Borebi;SP;Estadual;3;518.17;523.27;431.07;484.93;566.67;504.82
4009;Orindiúva;SP;Estadual;23;515.05;492.53;455.73;554.6;506.09;504.8
4010;Barra do Rocha;BA;Estadual;14;507.95;487.68;459.45;488.94;580.0;504.8
4011;Santa Margarida;MG;Estadual;63;502.56;484.9;462.31;506.77;567.3;504.77
4012;Tobias Barreto;SE;Estadual;235;501.04;478.35;447.91;492.16;604.34;504.76
4013;Itapura;SP;Estadual;7;529.21;466.14;458.74;506.86;562.86;504.76
4014;Coração de Jesus;MG;Estadual;95;502.74;483.62;459.95;498.42;578.95;504.73
4015;Candeias;BA;Privada;19;506.43;446.94;456.88;491.28;622.11;504.73
4016;Saldanha Marinho;RS;Estadual;12;514.32;500.14;460.54;503.58;545.0;504.72
4017;Três Fronteiras;SP;Estadual;16;513.38;510.48;452.68;480.78;566.25;504.72
4018;Matipó;MG;Estadual;84;505.15;487.86;456.64;506.77;567.14;504.71
4019;Leopoldina;MG;Estadual;188;513.53;490.25;455.44;495.17;569.15;504.71
4020;Santo Antônio do Grama;MG;Estadual;15;501.65;479.23;447.09;479.51;616.0;504.7
4021;Laranja da Terra;ES;Estadual;76;503.11;487.13;455.57;502.94;574.74;504.7
4022;Santana da Vargem;MG;Estadual;39;509.96;493.21;459.87;511.12;549.23;504.68
4023;Barra de São Francisco;ES;Municipal;3;511.43;502.9;501.7;480.67;526.67;504.67
4024;São Domingos;BA;Estadual;46;513.52;492.68;462.87;494.27;560.0;504.67
4025;Sorriso;MT;Estadual;232;508.88;495.34;458.3;501.95;558.62;504.62
4026;Várzea;RN;Estadual;18;466.19;476.19;439.95;470.66;670.0;504.6
4027;Ilicínea;MG;Estadual;101;493.23;468.9;464.26;516.44;580.0;504.57
4028;José Bonifácio;SP;Estadual;117;512.74;500.41;455.95;507.72;545.98;504.56
4029;Luz;MG;Estadual;34;509.36;497.39;472.89;535.46;507.65;504.55
4030;Hidrolândia;GO;Estadual;48;513.58;490.8;449.14;504.6;564.58;504.54
4031;Siderópolis;SC;Municipal;1;506.1;521.7;472.8;522.1;500.0;504.54
4032;Cipotânea;MG;Estadual;26;517.01;483.83;464.08;515.23;542.31;504.49
4033;Pacajá;PA;Estadual;74;494.53;480.26;450.99;475.8;620.81;504.48
4034;Princesa Isabel;PB;Estadual;109;495.31;471.13;450.64;499.61;605.5;504.44
4035;São Tiago;MG;Estadual;65;507.72;482.06;456.03;513.24;563.08;504.43
4036;Bela Vista de Goiás;GO;Privada;14;489.69;487.68;444.83;507.08;592.86;504.43
4037;Ribeira;SP;Estadual;18;519.06;472.35;462.54;517.07;551.11;504.43
4038;Água Boa;MT;Estadual;65;516.83;491.54;457.99;496.35;559.38;504.42
4039;São José do Cerrito;SC;Municipal;1;514.7;358.0;515.0;614.4;520.0;504.42
4040;Montezuma;MG;Estadual;24;506.97;477.37;450.88;476.89;610.0;504.42
4041;Candelária;RS;Estadual;67;511.77;501.25;449.68;517.58;541.79;504.42
4042;Itatiaia;RJ;Estadual;49;517.51;503.12;469.08;496.84;535.51;504.41
4043;Nova Olinda;CE;Estadual;237;493.72;475.39;448.28;502.23;602.45;504.41
4044;Soledade;PB;Estadual;81;489.35;477.61;437.77;492.1;625.19;504.4
4045;Dom Pedro;MA;Estadual;139;503.82;487.32;448.57;512.82;569.5;504.4
4046;São Geraldo da Piedade;MG;Estadual;15;503.65;480.71;460.75;487.4;589.33;504.37
4047;Rafael Godeiro;RN;Estadual;20;489.03;466.7;452.92;508.1;605.0;504.35
4048;Calumbi;PE;Estadual;26;500.73;468.47;455.3;524.88;572.31;504.34
4049;Caririaçu;CE;Estadual;249;491.82;478.31;446.77;492.07;612.69;504.33
4050;Canelinha;SC;Estadual;26;505.23;506.86;448.53;491.8;569.23;504.33
4051;Juara;MT;Estadual;170;508.09;494.7;457.63;495.24;566.0;504.33
4052;Frei Inocêncio;MG;Estadual;28;505.24;470.74;460.68;509.95;575.0;504.32
4053;Cruz;CE;Privada;5;515.28;462.04;429.52;478.62;636.0;504.29
4054;Vargem Grande Paulista;SP;Estadual;193;517.29;495.15;462.68;510.28;536.06;504.29
4055;Catolé do Rocha;PB;Estadual;133;489.02;472.84;451.63;491.68;616.24;504.28
4056;Aiuruoca;MG;Estadual;30;500.93;495.56;445.31;500.22;579.33;504.27
4057;Rio Bananal;ES;Estadual;80;487.93;478.27;444.92;501.62;608.5;504.25
4058;Palmópolis;MG;Estadual;13;499.52;492.68;465.88;475.3;587.69;504.22
4059;Santa Luzia;BA;Estadual;20;494.66;489.03;439.54;523.64;574.0;504.17
4060;Canindé;CE;Estadual;765;496.65;482.48;451.77;501.9;587.97;504.16
4061;Divisópolis;MG;Estadual;39;505.65;491.99;448.91;493.11;581.03;504.14
4062;Conceição do Coité;BA;Estadual;343;504.09;490.92;452.39;492.63;580.58;504.12
4063;Esperança do Sul;RS;Estadual;12;509.31;500.49;462.12;510.33;538.33;504.12
4064;General Carneiro;PR;Estadual;28;520.02;514.67;456.1;477.62;552.14;504.11
4065;Sertânia;PE;Municipal;1;525.0;553.4;490.5;371.6;580.0;504.1
4066;Vera Cruz;SP;Estadual;74;502.19;491.37;464.23;503.73;558.92;504.09
4067;Tibau;RN;Estadual;12;508.01;466.42;451.56;504.31;590.0;504.06
4068;Monte Santo;BA;Privada;26;494.63;481.9;470.8;509.08;563.85;504.05
4069;Juruena;MT;Estadual;24;508.1;497.47;468.93;510.76;535.0;504.05
4070;Bananeiras;PB;Estadual;127;501.85;482.39;443.7;486.9;605.35;504.04
4071;Alto Rio Doce;MG;Estadual;38;502.54;481.67;455.8;536.46;543.68;504.03
4072;Diamante do Norte;PR;Estadual;50;497.19;485.1;495.81;492.79;549.2;504.02
4073;Nova Glória;GO;Estadual;22;515.22;489.62;454.15;467.49;593.64;504.02
4074;Chapadão do Sul;MS;Estadual;91;512.57;498.15;465.72;508.43;535.16;504.01
4075;Aparecida do Taboado;MS;Estadual;43;499.2;498.6;459.99;502.72;559.53;504.01
4076;Epitaciolândia;AC;Estadual;49;515.89;487.75;468.8;496.0;551.43;503.97
4077;Pacoti;CE;Estadual;74;493.34;485.37;437.76;467.9;635.41;503.96
4078;Glória D'Oeste;MT;Estadual;22;484.97;487.94;466.4;482.32;598.18;503.96
4079;Campanha;MG;Estadual;56;514.0;488.29;452.35;510.09;555.0;503.95
4080;Boracéia;SP;Estadual;13;499.06;492.07;465.68;496.72;566.15;503.94
4081;Santarém;PA;Estadual;1533;495.71;485.42;447.78;481.16;609.55;503.92
4082;São Miguel das Matas;BA;Estadual;35;500.72;493.06;448.87;480.33;596.57;503.91
4083;Anaurilândia;MS;Estadual;21;503.5;504.97;443.22;499.13;568.57;503.88
4084;Wagner;BA;Estadual;35;510.86;496.26;459.08;510.34;542.86;503.88
4085;Palmas;TO;Estadual;1291;505.76;484.5;456.72;496.55;575.76;503.86
4086;São Felipe D'Oeste;RO;Estadual;22;494.29;469.57;454.29;487.51;613.64;503.86
4087;Centralina;MG;Estadual;15;486.24;466.61;470.26;514.85;581.33;503.86
4088;Imbuia;SC;Estadual;42;504.89;483.55;453.5;533.5;543.81;503.85
4089;São Francisco do Guaporé;RO;Estadual;74;496.46;477.24;450.5;502.61;592.43;503.85
4090;Pindorama do Tocantins;TO;Estadual;9;505.73;471.18;460.88;492.58;588.89;503.85
4091;Campo Erê;SC;Estadual;49;503.32;495.42;474.28;523.37;522.86;503.85
4092;Passo de Torres;SC;Estadual;24;503.8;479.09;457.61;524.57;554.17;503.85
4093;São Félix de Minas;MG;Estadual;9;501.14;498.06;458.41;506.03;555.56;503.84
4094;Mato Verde;MG;Estadual;56;499.48;468.27;452.58;511.65;587.14;503.83
4095;Astorga;PR;Estadual;70;506.48;492.52;452.28;525.89;542.0;503.83
4096;Nova Timboteua;PA;Estadual;74;479.26;481.17;443.57;486.56;628.38;503.79
4097;Nazarezinho;PB;Estadual;19;510.88;500.06;435.33;503.22;569.47;503.79
4098;Tangará da Serra;MT;Estadual;383;504.07;492.34;456.15;487.64;578.75;503.79
4099;Cabeceiras;GO;Estadual;32;500.92;494.63;463.27;492.54;567.5;503.77
4100;Padre Paraíso;MG;Estadual;40;500.52;487.52;458.79;501.88;570.0;503.74
4101;Campos Borges;RS;Estadual;20;496.88;472.69;446.71;502.19;600.0;503.69
4102;Guzolândia;SP;Estadual;19;514.99;499.89;467.94;510.26;525.26;503.67
4103;Pentecoste;CE;Estadual;391;499.75;484.77;460.68;506.05;567.01;503.65
4104;Nhamundá;AM;Municipal;1;466.8;506.2;450.2;375.0;720.0;503.64
4105;Balneário Rincão;SC;Estadual;14;503.01;504.32;473.09;499.11;538.57;503.62
4106;Francisco Dumont;MG;Estadual;22;494.42;487.81;462.45;489.75;583.64;503.61
4107;São Miguel da Boa Vista;SC;Estadual;6;494.25;503.32;462.95;544.22;513.33;503.61
4108;Palmácia;CE;Estadual;207;502.81;486.45;445.71;488.9;594.01;503.58
4109;Fernando Prestes;SP;Estadual;33;516.03;506.98;473.09;513.9;507.88;503.58
4110;Cantagalo;PR;Estadual;55;511.05;485.36;459.36;517.36;544.73;503.57
4111;Santa Maria do Cambucá;PE;Estadual;53;492.65;488.22;434.82;506.62;595.47;503.55
4112;Monte Alegre dos Campos;RS;Estadual;3;548.53;524.27;427.4;524.23;493.33;503.55
4113;Uauá;BA;Estadual;74;504.76;485.05;459.55;503.94;564.32;503.53
4114;Artur Nogueira;SP;Estadual;170;518.71;493.2;458.84;506.33;540.59;503.53
4115;Paulistânia;SP;Estadual;9;517.17;498.61;456.8;516.11;528.89;503.52
4116;Mutunópolis;GO;Estadual;18;504.77;495.53;455.53;528.41;533.33;503.51
4117;Santo Antônio do Pinhal;SP;Estadual;17;520.39;506.88;469.24;498.7;522.35;503.51
4118;Barrinha;SP;Estadual;98;503.84;477.83;459.07;495.08;581.63;503.49
4119;Três Barras do Paraná;PR;Estadual;30;510.44;493.5;457.48;479.35;576.67;503.49
4120;São Pedro da Água Branca;MA;Estadual;11;516.1;492.9;459.34;467.24;581.82;503.48
4121;Tapes;RS;Estadual;51;525.01;496.43;447.28;494.06;554.51;503.46
4122;Pariquera-Açu;SP;Estadual;50;515.97;504.48;466.25;487.72;542.8;503.44
4123;Reginópolis;SP;Estadual;7;515.87;458.57;478.0;539.01;525.71;503.43
4124;Sabino;SP;Estadual;13;515.22;495.27;445.57;514.96;546.15;503.43
4125;Querência;MT;Estadual;39;509.77;491.86;453.71;492.56;569.23;503.43
4126;Mariluz;PR;Estadual;19;502.5;503.74;452.05;481.81;576.84;503.39
4127;Moita Bonita;SE;Estadual;42;485.48;476.95;441.54;494.88;618.1;503.39
4128;Cerejeiras;RO;Estadual;81;496.01;479.73;461.38;487.81;591.85;503.36
4129;Nova Brasilândia D'Oeste;RO;Estadual;75;496.59;487.74;451.85;502.7;577.87;503.35
4130;São Cristóvão do Sul;SC;Estadual;14;511.48;506.96;422.32;485.99;590.0;503.35
4131;Jardim de Piranhas;RN;Estadual;45;488.62;478.31;441.46;502.5;605.78;503.33
4132;Passo de Torres;SC;Municipal;1;522.3;494.8;422.6;536.9;540.0;503.32
4133;Conceição do Rio Verde;MG;Estadual;45;515.03;491.54;446.71;510.88;552.44;503.32
4134;Agudos;SP;Estadual;96;515.15;499.4;456.13;486.85;558.96;503.3
4135;Alcantil;PB;Estadual;30;486.42;477.93;446.36;497.72;608.0;503.29
4136;União da Vitória;PR;Estadual;106;519.07;507.91;460.2;505.06;524.15;503.28
4137;Nova Luzitânia;SP;Estadual;9;534.2;489.27;446.36;499.87;546.67;503.27
4138;São Domingos do Cariri;PB;Estadual;10;515.06;497.38;460.38;493.44;550.0;503.25
4139;Ibirama;SC;Estadual;61;518.73;504.06;462.16;504.1;527.21;503.25
4140;São Sebastião;SP;Estadual;353;522.91;503.93;458.21;499.65;531.5;503.24
4141;São Francisco de Sales;MG;Estadual;29;501.18;503.37;454.66;497.67;559.31;503.24
4142;Almenara;MG;Estadual;140;508.85;488.08;443.88;494.8;580.57;503.23
4143;Três Rios;RJ;Estadual;339;512.91;489.08;455.31;487.31;571.56;503.23
4144;Marcelândia;MT;Estadual;22;503.43;509.07;455.75;509.72;538.18;503.23
4145;Braúnas;MG;Estadual;12;501.42;477.02;438.79;497.21;601.67;503.22
4146;Campina do Simão;PR;Estadual;12;506.94;504.66;462.49;483.7;558.33;503.22
4147;Bertioga;SP;Municipal;1;536.4;508.1;380.9;450.6;640.0;503.2
4148;Saúde;BA;Estadual;49;505.47;507.1;462.49;468.13;572.65;503.17
4149;Águas de Chapecó;SC;Estadual;15;507.25;499.12;470.28;496.53;542.67;503.17
4150;Claro dos Poções;MG;Estadual;30;501.77;465.54;464.56;505.23;578.67;503.15
4151;São João de Meriti;RJ;Estadual;1361;514.88;494.37;457.45;489.99;559.09;503.15
4152;Campo do Brito;SE;Estadual;78;496.06;472.34;451.02;487.84;608.46;503.14
4153;Coronel Vivida;PR;Estadual;69;507.73;499.72;455.92;496.47;555.65;503.1
4154;Miraí;MG;Estadual;50;510.89;491.04;454.54;499.24;559.6;503.06
4155;Lagoa Real;BA;Estadual;26;487.91;490.35;456.25;477.66;603.08;503.05
4156;Apiaí;SP;Estadual;94;522.14;506.52;467.66;498.32;520.43;503.01
4157;Acaraú;CE;Estadual;571;495.86;476.13;451.42;500.24;591.35;503.0
4158;Eusébio;CE;Estadual;443;503.8;486.33;457.91;505.72;561.26;503.0
4159;Alexandria;RN;Estadual;48;491.12;478.5;447.51;505.2;592.5;502.96
4160;Aragoiânia;GO;Estadual;18;519.23;500.22;463.58;487.3;544.44;502.96
4161;Campo Verde;MT;Estadual;172;506.13;492.7;460.01;501.71;554.19;502.95
4162;Tabuleiro;MG;Estadual;2;485.2;502.8;501.8;534.95;490.0;502.95
4163;Santa Vitória do Palmar;RS;Estadual;101;514.0;485.48;461.69;486.1;567.33;502.92
4164;Arapoti;PR;Estadual;68;513.67;503.85;460.7;504.23;532.06;502.9
4165;Presidente Kubitschek;MG;Estadual;22;506.3;500.12;450.72;490.06;567.27;502.9
4166;Nova Lacerda;MT;Estadual;38;495.52;498.95;471.51;495.76;552.63;502.87
4167;Riachinho;MG;Estadual;23;502.12;469.75;462.62;499.83;580.0;502.86
4168;São José do Mantimento;MG;Estadual;8;498.19;496.29;468.21;501.64;550.0;502.86
4169;Tamandaré;PE;Estadual;57;497.83;478.43;452.69;503.18;582.11;502.85
4170;Nova Marilândia;MT;Estadual;11;530.88;472.75;473.96;532.88;503.64;502.82
4171;Guaçuí;ES;Estadual;129;509.22;492.42;466.93;506.95;538.45;502.79
4172;Sucupira;TO;Estadual;12;495.02;501.4;440.62;483.55;593.33;502.78
4173;Apucarana;PR;Estadual;474;514.44;499.56;464.51;506.45;528.9;502.77
4174;Santa Rita do Passa Quatro;SP;Estadual;56;514.28;489.07;468.46;511.78;530.0;502.72
4175;Barueri;SP;Estadual;761;520.33;496.77;454.85;497.35;544.26;502.71
4176;Sertânia;PE;Estadual;204;498.67;480.99;457.53;498.41;577.84;502.69
4177;Miraselva;PR;Estadual;7;497.64;446.9;470.59;521.14;577.14;502.68
4178;Fortaleza;CE;Estadual;17898;505.96;487.08;452.15;493.04;574.96;502.64
4179;Bom Jesus dos Perdões;SP;Estadual;39;523.23;497.73;461.14;501.3;529.74;502.63
4180;Ubaitaba;BA;Estadual;59;503.16;493.81;448.51;485.42;582.03;502.59
4181;São José do Belmonte;PE;Estadual;245;500.9;482.55;454.28;499.76;575.43;502.58
4182;Candói;PR;Estadual;59;509.47;499.4;453.84;491.17;558.98;502.57
4183;Alambari;SP;Estadual;7;496.87;482.93;460.03;475.73;597.14;502.54
4184;Planalto;BA;Estadual;101;501.32;489.62;440.06;485.29;596.44;502.54
4185;Pinheiros;ES;Estadual;99;494.48;476.72;452.24;512.17;576.97;502.52
4186;Macuco;RJ;Estadual;32;505.95;491.39;460.09;505.13;550.0;502.51
4187;Barras;PI;Municipal;3;528.67;477.1;443.83;496.3;566.67;502.51
4188;Francisco Badaró;MG;Estadual;63;485.64;475.85;452.69;497.87;600.32;502.47
4189;Lajinha;MG;Estadual;39;504.03;489.8;471.79;506.24;540.51;502.47
4190;Mostardas;RS;Estadual;41;508.38;489.57;444.43;499.69;570.24;502.46
4191;Ferros;MG;Estadual;40;506.03;496.97;460.98;517.97;530.0;502.39
4192;Campo Magro;PR;Estadual;64;522.37;506.73;455.67;505.84;521.25;502.37
4193;Papanduva;SC;Estadual;67;507.1;495.58;451.34;489.42;568.36;502.36
4194;Pingo d'Água;MG;Estadual;15;511.15;473.56;462.61;518.89;545.33;502.31
4195;Aparecida;PB;Estadual;19;483.01;475.87;440.85;494.86;616.84;502.29
4196;Consolação;MG;Estadual;5;517.42;482.54;461.76;505.62;544.0;502.27
4197;Campo Novo;RS;Estadual;6;518.02;479.72;452.37;471.13;590.0;502.25
4198;São Pedro do Suaçuí;MG;Estadual;22;501.44;473.67;457.04;479.99;599.09;502.25
4199;Tocantinópolis;TO;Estadual;144;503.65;484.42;446.11;473.01;604.03;502.24
4200;Ribeirão das Neves;MG;Estadual;915;513.52;490.2;459.21;497.4;550.82;502.23
4201;Ouro Preto do Oeste;RO;Estadual;163;501.7;488.18;450.35;487.18;583.68;502.22
4202;Angicos;RN;Estadual;84;494.63;473.49;446.28;482.19;614.52;502.22
4203;Terra Nova do Norte;MT;Estadual;60;499.18;490.5;466.27;493.67;561.33;502.19
4204;Nova Venécia;ES;Privada;10;520.64;468.67;472.57;517.05;532.0;502.19
4205;São Francisco do Sul;SC;Estadual;78;516.59;501.71;461.04;494.14;537.44;502.18
4206;Campo Maior;PI;Estadual;347;495.16;476.06;448.67;489.98;600.98;502.17
4207;Terra Boa;PR;Estadual;101;513.9;488.9;459.34;507.61;540.99;502.15
4208;Cajati;SP;Estadual;63;513.79;494.73;463.98;502.39;535.87;502.15
4209;Vitorino Freire;MA;Estadual;186;488.96;473.0;438.09;484.15;626.45;502.13
4210;Ilha Comprida;SP;Estadual;42;519.62;513.92;463.71;505.08;508.1;502.09
4211;Imperatriz;MA;Estadual;1742;503.43;482.49;448.85;489.09;586.48;502.07
4212;Uruará;PA;Privada;27;483.49;468.44;445.93;476.95;635.56;502.07
4213;Petrolina;PE;Municipal;2;518.4;450.6;457.0;514.3;570.0;502.06
4214;Pirenópolis;GO;Estadual;91;509.82;503.17;447.95;492.28;556.92;502.03
4215;Santa Terezinha;SC;Estadual;35;491.22;499.54;465.02;505.18;549.14;502.02
4216;Guajará-Mirim;RO;Privada;6;525.2;477.47;482.6;534.73;490.0;502.0
4217;Paulista;PE;Estadual;1448;504.42;487.57;454.19;493.6;570.12;501.98
4218;Tracunhaém;PE;Estadual;81;485.67;480.38;448.67;495.44;599.75;501.98
4219;Rodeio;SC;Estadual;30;527.37;489.51;465.95;485.67;541.33;501.97
4220;Braga;RS;Estadual;15;519.75;500.92;442.81;486.27;560.0;501.95
4221;Jijoca de Jericoacoara;CE;Estadual;182;503.42;473.23;446.63;514.75;571.65;501.94
4222;Águia Branca;ES;Estadual;97;495.1;477.27;452.22;505.34;579.79;501.94
4223;Salto de Pirapora;SP;Estadual;120;516.6;496.95;467.13;503.35;525.5;501.91
4224;Tangará;SC;Estadual;39;502.11;491.3;461.0;497.19;557.95;501.91
4225;Juazeirinho;PB;Estadual;79;491.66;488.92;443.53;474.9;610.38;501.88
4226;São José de Ubá;RJ;Estadual;13;496.08;491.03;437.83;505.97;578.46;501.88
4227;Jaguaruna;SC;Estadual;54;497.35;486.67;451.52;500.13;573.7;501.87
4228;Itapeva;MG;Estadual;44;520.68;484.04;453.95;511.61;539.09;501.87
4229;Tanhaçu;BA;Estadual;49;494.54;478.98;450.59;502.8;582.45;501.87
4230;Abadia de Goiás;GO;Estadual;63;502.79;490.53;455.83;492.6;567.62;501.87
4231;Juiz de Fora;MG;Municipal;43;517.17;509.48;469.02;479.59;533.95;501.84
4232;Porto Vitória;PR;Estadual;13;507.39;521.65;441.68;527.64;510.77;501.83
4233;São Pedro do Ivaí;PR;Estadual;38;511.38;486.73;450.31;496.95;563.68;501.81
4234;Santo Antônio do Rio Abaixo;MG;Estadual;12;501.34;506.63;463.09;511.21;526.67;501.79
4235;Araquari;SC;Estadual;46;515.77;493.85;448.71;491.5;559.13;501.79
4236;Morada Nova de Minas;MG;Estadual;22;512.31;515.85;455.75;516.8;508.18;501.78
4237;General Maynard;SE;Estadual;38;477.74;464.93;424.04;438.35;703.68;501.75
4238;Campos Altos;MG;Estadual;43;510.42;486.38;443.9;510.65;557.21;501.71
4239;Coronel Martins;SC;Estadual;21;496.21;494.97;434.59;525.66;557.14;501.71
4240;Senador Pompeu;CE;Estadual;244;497.26;484.27;440.0;502.22;584.75;501.7
4241;Dom Pedrito;RS;Estadual;92;509.3;488.63;450.62;489.87;570.0;501.68
4242;Cariri do Tocantins;TO;Estadual;13;486.92;488.1;464.05;463.13;606.15;501.67
4243;Itacarambi;MG;Estadual;61;497.09;485.34;464.8;470.97;590.16;501.67
4244;Buritama;SP;Estadual;53;512.87;484.37;447.5;512.53;550.94;501.64
4245;Monte Santo de Minas;MG;Estadual;80;500.05;475.09;448.08;499.92;585.0;501.63
4246;Pequi;MG;Estadual;9;509.38;515.24;453.41;523.4;506.67;501.62
4247;Porto Velho;RO;Estadual;2569;503.74;485.02;448.27;488.27;582.79;501.62
4248;São José do Jacuri;MG;Estadual;25;495.32;489.57;456.65;490.55;576.0;501.62
4249;Promissão;SP;Estadual;85;514.02;501.37;464.48;497.36;530.82;501.61
4250;Santo Anastácio;SP;Estadual;36;510.3;468.62;437.22;510.23;581.67;501.61
4251;Embaúba;SP;Estadual;4;526.5;519.0;434.7;522.83;505.0;501.6
4252;Bugre;MG;Estadual;15;501.53;484.63;471.82;515.25;534.67;501.58
4253;Ji-Paraná;RO;Estadual;576;501.67;483.36;454.09;500.09;568.68;501.58
4254;Quixelô;CE;Estadual;50;506.45;486.01;438.45;513.07;563.6;501.52
4255;Rio dos Índios;RS;Estadual;5;479.36;486.94;445.24;483.98;612.0;501.5
4256;Paraíso do Norte;PR;Estadual;37;499.77;481.69;449.57;503.95;572.43;501.48
4257;Pires do Rio;GO;Estadual;120;508.05;489.96;460.02;497.17;552.17;501.47
4258;Sangão;SC;Estadual;33;506.08;502.9;454.81;490.16;553.33;501.46
4259;União de Minas;MG;Estadual;21;501.34;477.44;446.9;513.06;568.57;501.46
4260;São Bento;PB;Estadual;239;496.38;475.94;442.76;506.45;585.44;501.4
4261;Conquista;MG;Estadual;14;510.94;491.07;437.63;510.16;557.14;501.39
4262;Ventania;PR;Estadual;27;509.91;495.33;472.28;495.3;534.07;501.38
4263;Areial;PB;Municipal;2;518.35;523.7;423.75;451.1;590.0;501.38
4264;Água Clara;MS;Estadual;32;512.9;486.32;459.6;506.86;541.25;501.38
4265;Jambeiro;SP;Estadual;15;515.37;507.85;463.4;520.23;500.0;501.37
4266;Diogo de Vasconcelos;MG;Estadual;12;500.7;485.65;431.62;517.19;571.67;501.36
4267;Senador José Bento;MG;Estadual;13;490.75;493.75;468.16;524.92;529.23;501.36
4268;Juquitiba;SP;Estadual;136;513.39;493.82;454.16;501.54;543.82;501.35
4269;Urucânia;MG;Estadual;20;509.11;503.65;456.38;503.61;534.0;501.35
4270;Três Pontas;MG;Estadual;195;507.61;495.58;452.59;507.87;543.08;501.35
4271;Olaria;MG;Estadual;22;503.41;488.86;447.09;523.7;543.64;501.34
4272;Oliveira dos Brejinhos;BA;Estadual;21;510.1;481.51;446.79;488.23;580.0;501.33
4273;Guapiara;SP;Estadual;69;511.91;499.34;456.34;490.1;548.99;501.33
4274;Capitão Andrade;MG;Estadual;18;500.43;455.26;437.95;510.76;602.22;501.32
4275;Bom Jesus das Selvas;MA;Municipal;4;505.98;500.4;461.4;448.75;590.0;501.3
4276;Vargem Bonita;SC;Estadual;15;524.17;490.01;436.86;495.47;560.0;501.3
4277;Ipiguá;SP;Estadual;15;519.79;498.93;463.93;545.1;478.67;501.28
4278;Miguel Pereira;RJ;Estadual;77;524.4;502.89;463.72;505.25;510.13;501.28
4279;Campos dos Goytacazes;RJ;Estadual;1026;510.28;487.0;456.35;495.0;557.78;501.28
4280;Boa Hora;PI;Estadual;75;469.46;463.43;432.87;471.19;669.33;501.26
4281;Jericó;PB;Estadual;30;503.1;485.82;445.38;477.93;594.0;501.25
4282;Carapicuíba;SP;Estadual;1344;519.31;496.0;451.86;495.33;543.75;501.25
4283;São Francisco;PB;Estadual;22;499.25;495.25;450.23;472.38;589.09;501.24
4284;Guaíra;PR;Estadual;107;515.04;490.63;456.22;509.87;534.39;501.23
4285;Guaratuba;PR;Estadual;119;517.36;493.01;451.79;489.18;554.62;501.19
4286;Ipiaú;BA;Estadual;178;506.17;490.71;465.63;476.38;567.08;501.19
4287;Abelardo Luz;SC;Estadual;41;499.53;488.3;454.2;497.52;566.34;501.18
4288;Barcelona;RN;Estadual;9;516.44;487.64;427.11;483.32;591.11;501.13
4289;Camocim;CE;Estadual;584;502.2;487.17;455.05;511.26;549.93;501.12
4290;Atalanta;SC;Estadual;10;511.01;499.45;438.81;518.3;538.0;501.11
4291;Muzambinho;MG;Estadual;105;507.19;489.6;459.55;490.94;558.29;501.11
4292;Dilermando de Aguiar;RS;Estadual;9;510.91;481.28;482.39;517.6;513.33;501.1
4293;Mauá da Serra;PR;Estadual;28;506.61;511.92;450.22;471.76;565.0;501.1
4294;Jupi;PE;Estadual;93;490.83;483.45;452.07;497.39;581.72;501.09
4295;Ituaçu;BA;Estadual;61;509.04;489.33;455.25;490.17;561.64;501.08
4296;Jacaraú;PB;Estadual;89;497.17;484.51;442.54;495.73;585.39;501.07
4297;Nova Campina;SP;Estadual;24;511.65;498.21;446.2;503.47;545.83;501.07
4298;Funilândia;MG;Estadual;17;503.28;477.17;466.58;490.05;568.24;501.06
4299;Riacho das Almas;PE;Estadual;51;502.82;488.45;444.02;479.36;590.59;501.05
4300;Vitória das Missões;RS;Estadual;10;484.45;484.6;481.72;492.41;562.0;501.04
4301;Oeiras;PI;Estadual;296;485.94;467.81;443.2;493.24;614.93;501.02
4302;Brejo da Madre de Deus;PE;Estadual;116;495.86;479.36;438.74;504.18;586.9;501.01
4303;Japonvar;MG;Estadual;35;505.39;497.21;438.11;490.64;573.71;501.01
4304;Maracaju;MS;Estadual;116;507.8;492.56;465.77;499.67;539.14;500.99
4305;Campos Sales;CE;Estadual;333;491.07;472.24;447.15;489.65;604.8;500.98
4306;Dom Basílio;BA;Estadual;51;501.87;491.77;453.06;502.72;555.29;500.95
4307;Telêmaco Borba;PR;Estadual;93;522.68;505.35;454.73;498.1;523.87;500.95
4308;São Luis do Piauí;PI;Estadual;20;493.86;474.18;447.6;497.92;591.0;500.91
4309;Pontão;RS;Estadual;12;514.47;525.58;429.21;483.52;551.67;500.89
4310;Guatambú;SC;Estadual;7;514.31;484.29;428.06;477.69;600.0;500.87
4311;Boituva;SP;Estadual;115;518.58;493.9;456.38;496.13;539.3;500.86
4312;Pirajuí;SP;Estadual;62;521.36;506.33;455.54;490.09;530.97;500.86
4313;Buritis;MG;Estadual;95;497.67;491.44;457.92;490.53;566.74;500.86
4314;Perolândia;GO;Estadual;10;501.31;468.65;489.73;502.57;542.0;500.85
4315;Herval d'Oeste;SC;Estadual;35;517.22;485.0;456.14;505.91;540.0;500.85
4316;Catingueira;PB;Estadual;24;494.58;471.37;454.3;505.6;578.33;500.84
4317;São Miguel Arcanjo;SP;Estadual;96;521.63;504.36;460.79;487.4;530.0;500.84
4318;Itapissuma;PE;Privada;9;500.27;513.0;477.91;515.27;497.78;500.84
4319;Perobal;PR;Estadual;11;503.29;486.82;441.28;487.22;585.45;500.81
4320;Lobato;PR;Estadual;3;491.1;471.4;449.63;545.13;546.67;500.79
4321;Itacurubi;RS;Estadual;7;519.89;496.3;434.84;492.84;560.0;500.77
4322;Vera Cruz do Oeste;PR;Estadual;31;505.97;481.23;443.82;503.75;569.03;500.76
4323;São Lourenço da Mata;PE;Estadual;503;500.38;483.46;455.62;496.1;568.19;500.75
4324;Santa Rita do Sapucaí;MG;Estadual;102;505.04;485.42;452.11;507.18;553.92;500.74
4325;Pedras Grandes;SC;Privada;8;507.09;503.64;483.64;456.85;552.5;500.74
4326;Guariba;SP;Estadual;132;511.73;491.13;461.1;513.02;526.67;500.73
4327;Santana do Deserto;MG;Estadual;12;507.77;485.44;463.4;505.26;541.67;500.71
4328;Curitibanos;SC;Estadual;189;506.56;491.5;451.19;500.85;553.44;500.71
4329;Guarantã do Norte;MT;Estadual;48;498.61;482.94;444.37;508.0;569.58;500.7
4330;São Miguel do Guaporé;RO;Estadual;90;492.89;484.39;462.25;491.59;572.22;500.67
4331;São Gonçalo do Amarante;RN;Estadual;214;504.11;486.09;454.68;484.55;573.83;500.65
4332;Ibirité;MG;Estadual;441;512.82;497.15;458.62;495.02;539.55;500.63
4333;Granito;PE;Estadual;46;479.61;464.78;439.09;494.81;624.78;500.62
4334;Caldas;MG;Estadual;61;501.83;481.9;463.63;499.62;556.07;500.61
4335;Jandaia do Sul;PR;Estadual;104;513.41;483.45;452.53;503.31;550.19;500.58
4336;São José do Cerrito;SC;Estadual;47;491.86;500.26;462.52;522.09;525.96;500.54
4337;Vista Serrana;PB;Estadual;25;485.1;483.09;450.25;512.98;571.2;500.52
4338;Nossa Senhora das Dores;SE;Estadual;140;488.98;477.51;452.14;475.12;608.86;500.52
4339;Canápolis;MG;Estadual;37;513.38;489.89;448.18;490.01;561.08;500.51
4340;Viamão;RS;Municipal;1;535.8;478.1;426.7;501.9;560.0;500.5
4341;Florânia;RN;Estadual;32;511.34;486.13;449.71;490.31;565.0;500.5
4342;Goianira;GO;Estadual;160;509.3;486.55;454.0;486.78;565.88;500.5
4343;Cajuru;SP;Estadual;94;510.86;483.81;448.64;492.29;566.6;500.44
4344;Bodocó;PE;Estadual;105;493.22;487.33;458.43;498.04;565.14;500.43
4345;Duque de Caxias;RJ;Estadual;2117;510.47;489.33;456.2;486.37;559.76;500.43
4346;Muitos Capões;RS;Estadual;14;515.31;493.26;444.9;507.2;541.43;500.42
4347;Mesópolis;SP;Estadual;12;492.78;476.7;443.97;497.01;591.67;500.42
4348;Mundo Novo;MS;Estadual;72;512.58;495.33;453.28;498.36;542.5;500.41
4349;Taquarussu;MS;Estadual;22;480.55;459.39;455.7;515.46;590.91;500.4
4350;São João do Sabugi;RN;Estadual;39;480.57;466.1;438.67;495.96;620.51;500.36
4351;Rosário do Ivaí;PR;Estadual;29;503.83;484.33;449.08;508.01;556.55;500.36
4352;Itaquaquecetuba;SP;Estadual;951;515.54;494.63;451.59;494.09;545.91;500.35
4353;Ibema;PR;Estadual;9;514.72;508.33;451.58;480.41;546.67;500.34
4354;Bias Fortes;MG;Estadual;8;502.22;483.68;478.46;517.33;520.0;500.34
4355;Valentim Gentil;SP;Estadual;20;502.92;481.54;445.8;507.44;564.0;500.34
4356;Vargem Grande do Rio Pardo;MG;Estadual;31;507.97;474.02;442.25;490.94;586.45;500.33
4357;Aparecida do Rio Doce;GO;Estadual;15;491.96;472.13;470.1;523.39;544.0;500.31
4358;Caraúbas;RN;Estadual;100;499.0;485.69;451.73;485.33;579.8;500.31
4359;Frei Paulo;SE;Estadual;66;484.46;479.08;437.99;476.34;623.64;500.3
4360;Paranapuã;SP;Estadual;12;526.23;481.38;448.63;518.34;526.67;500.25
4361;Virgem da Lapa;MG;Estadual;52;508.47;488.34;442.83;469.7;591.92;500.25
4362;Lajedão;BA;Estadual;15;518.79;486.49;436.84;497.76;561.33;500.24
4363;Ariquemes;RO;Estadual;433;502.59;483.17;455.26;496.46;563.65;500.23
4364;Palmeiras de Goiás;GO;Estadual;81;496.1;474.18;456.14;493.41;581.23;500.21
4365;Pimenta Bueno;RO;Estadual;250;497.63;479.77;456.26;491.19;576.16;500.2
4366;Dom Cavati;MG;Estadual;31;513.14;488.48;471.22;487.49;540.65;500.19
4367;Itapemirim;ES;Estadual;117;496.71;471.99;460.26;511.48;560.34;500.16
4368;Girau do Ponciano;AL;Privada;9;493.06;495.94;459.01;510.5;542.22;500.15
4369;Campo Grande;MS;Municipal;20;487.62;484.72;490.69;516.66;521.0;500.14
4370;Vista Alegre do Alto;SP;Estadual;13;509.03;468.83;459.45;520.28;543.08;500.14
4371;Tuiuti;SP;Estadual;13;518.65;500.17;425.98;494.35;561.54;500.14
4372;Mata;RS;Estadual;16;500.19;486.69;453.04;484.43;576.25;500.12
4373;Triunfo;RS;Estadual;17;503.9;488.98;451.34;523.39;532.94;500.11
4374;Itaqui;RS;Privada;1;579.9;583.1;490.7;406.8;440.0;500.1
4375;Conceição das Alagoas;MG;Estadual;80;509.31;489.28;450.31;510.25;541.25;500.08
4376;Nova Iguaçu;RJ;Estadual;2134;511.62;487.45;453.88;487.02;560.26;500.05
4377;Aral Moreira;MS;Estadual;27;502.91;486.79;447.75;481.27;581.48;500.04
4378;São João da Barra;RJ;Estadual;79;511.81;479.51;451.33;494.15;563.29;500.02
4379;São João Nepomuceno;MG;Estadual;55;501.63;474.77;458.97;498.54;566.18;500.02
4380;Angelina;SC;Estadual;23;515.19;492.53;449.59;526.21;516.52;500.01
4381;Pirapetinga;MG;Estadual;13;523.98;488.59;460.95;489.51;536.92;499.99
4382;Paraíso do Tocantins;TO;Estadual;226;501.81;475.8;443.19;500.62;578.5;499.98
4383;Congonhas do Norte;MG;Estadual;25;499.05;475.34;465.51;509.58;550.4;499.98
4384;Brás Pires;MG;Estadual;33;506.95;497.68;432.01;492.93;570.3;499.97
4385;Seritinga;MG;Estadual;13;493.25;500.61;452.38;527.28;526.15;499.94
4386;Ribeirãozinho;MT;Estadual;13;508.8;475.05;449.25;521.8;544.62;499.9
4387;Jandira;SP;Municipal;7;531.1;485.36;460.31;499.87;522.86;499.9
4388;Amélia Rodrigues;BA;Estadual;117;499.77;481.96;448.89;488.69;580.0;499.86
4389;Barra da Estiva;BA;Estadual;105;492.08;482.7;451.45;503.0;570.1;499.86
4390;Magé;RJ;Estadual;720;509.23;486.05;449.12;485.84;569.0;499.85
4391;Gandu;BA;Estadual;127;497.95;485.34;447.81;470.99;597.17;499.85
4392;Angra dos Reis;RJ;Estadual;482;518.19;495.41;455.84;487.3;542.45;499.84
4393;Joaçaba;SC;Estadual;30;509.44;493.23;443.48;496.29;556.67;499.82
4394;Barra do Quaraí;RS;Estadual;10;533.41;490.53;461.47;469.71;544.0;499.82
4395;Barra dos Coqueiros;SE;Estadual;43;500.45;480.25;438.73;467.95;611.63;499.8
4396;Ermo;SC;Estadual;5;514.72;418.1;452.62;469.46;644.0;499.78
4397;Olho d'Água do Borges;RN;Estadual;25;495.96;487.62;452.28;505.35;557.6;499.76
4398;Cardoso Moreira;RJ;Estadual;37;511.18;493.51;459.77;496.42;537.84;499.74
4399;Campo do Tenente;PR;Estadual;16;515.66;477.08;456.94;521.34;527.5;499.7
4400;Camaragibe;PE;Estadual;1042;504.86;484.79;453.46;488.15;567.16;499.69
4401;Luís Eduardo Magalhães;BA;Estadual;267;505.81;482.31;452.97;489.51;567.64;499.65
4402;Piumhi;MG;Estadual;105;501.36;489.58;460.49;499.02;547.81;499.65
4403;Douradoquara;MG;Estadual;10;506.47;477.41;468.28;511.97;534.0;499.63
4404;Penápolis;SP;Estadual;123;507.13;493.25;458.22;497.88;541.46;499.59
4405;Itaipé;MG;Estadual;51;501.18;484.67;454.08;502.26;555.69;499.58
4406;São Nicolau;RS;Estadual;18;516.28;476.98;433.38;480.14;591.11;499.58
4407;Junco do Seridó;PB;Estadual;45;505.04;476.22;456.19;485.28;575.11;499.57
4408;Buriti dos Montes;PI;Estadual;30;492.49;482.67;436.25;517.55;568.67;499.53
4409;Bonito de Santa Fé;PB;Estadual;34;497.14;488.04;453.69;480.46;578.24;499.52
4410;Maracás;BA;Municipal;8;485.04;501.75;448.55;472.21;590.0;499.51
4411;Nova Granada;SP;Estadual;44;515.24;500.89;450.89;478.15;552.27;499.49
4412;Dionísio Cerqueira;SC;Estadual;30;500.57;498.06;461.65;502.48;534.67;499.49
4413;Santa Maria da Serra;SP;Estadual;15;541.35;506.23;468.49;498.71;482.67;499.49
4414;Cruzeiro do Oeste;PR;Estadual;44;518.58;487.17;455.41;534.42;501.82;499.48
4415;Carira;SE;Estadual;87;492.98;477.76;442.8;470.76;613.1;499.48
4416;Balneário Barra do Sul;SC;Estadual;18;519.04;495.07;440.19;500.7;542.22;499.45
4417;Mangaratiba;RJ;Estadual;67;517.72;489.92;456.29;492.14;541.19;499.45
4418;Ibaiti;PR;Estadual;72;509.17;495.72;452.09;485.39;554.72;499.42
4419;Brejetuba;ES;Estadual;89;495.33;481.2;456.44;504.19;559.78;499.39
4420;Barra do Piraí;RJ;Estadual;156;511.19;491.1;453.87;477.26;563.46;499.38
4421;Presidente Castello Branco;SC;Estadual;10;509.04;488.16;426.15;523.39;550.0;499.35
4422;Marilac;MG;Estadual;7;507.21;515.21;437.03;505.83;531.43;499.34
4423;Cerro Grande;RS;Estadual;14;500.26;478.0;458.44;511.41;548.57;499.33
4424;Itapirapuã Paulista;SP;Estadual;11;503.68;481.02;480.06;529.95;501.82;499.31
4425;Curitiba;PR;Municipal;2;514.95;453.25;488.4;459.85;580.0;499.29
4426;Perdões;MG;Estadual;86;498.73;478.73;458.9;506.03;553.95;499.27
4427;Ourilândia do Norte;PA;Estadual;84;502.24;475.68;457.3;497.26;563.81;499.26
4428;Cunha;SP;Estadual;54;514.29;496.45;461.32;485.37;538.89;499.26
4429;Patos;PB;Estadual;474;498.87;482.47;454.39;496.57;563.92;499.25
4430;Muqui;ES;Estadual;61;494.44;467.45;455.08;500.24;579.02;499.25
4431;Salto;SP;Estadual;289;519.49;491.07;456.19;498.85;530.66;499.25
4432;Virgolândia;MG;Estadual;16;505.99;498.45;471.98;506.07;513.75;499.25
4433;Cromínia;GO;Estadual;12;509.44;494.88;423.38;488.57;580.0;499.25
4434;São Domingos do Norte;ES;Estadual;58;500.76;479.93;455.97;501.61;557.93;499.24
4435;Brasilândia de Minas;MG;Estadual;60;498.97;480.06;461.27;505.56;550.33;499.24
4436;Bela Vista do Paraíso;PR;Estadual;38;516.67;487.81;464.45;489.92;537.37;499.24
4437;Ewbank da Câmara;MG;Estadual;17;507.06;496.51;468.04;460.96;563.53;499.22
4438;Santa Fé do Sul;SP;Estadual;60;522.1;500.97;468.26;517.35;487.33;499.2
4439;Delfim Moreira;MG;Estadual;34;489.36;472.54;450.5;507.69;575.88;499.19
4440;São Caitano;PE;Estadual;139;508.14;488.4;459.4;496.52;543.45;499.18
4441;Ponte Nova;MG;Estadual;152;509.29;486.92;454.6;486.57;558.42;499.16
4442;Santa Cruz da Baixa Verde;PE;Estadual;40;499.41;476.38;447.93;500.07;572.0;499.16
4443;Novo Horizonte do Oeste;RO;Estadual;40;500.1;469.29;466.12;510.27;550.0;499.16
4444;Andradina;SP;Estadual;156;504.88;484.81;460.02;494.63;551.41;499.15
4445;Pedreira;SP;Estadual;75;515.51;497.69;465.53;491.9;525.07;499.14
4446;Charqueadas;RS;Estadual;92;511.0;494.5;444.94;468.24;576.96;499.13
4447;Limeira do Oeste;MG;Estadual;35;506.69;477.41;464.51;501.83;545.14;499.12
4448;Várzea Nova;BA;Estadual;44;492.49;487.25;446.55;487.46;581.82;499.11
4449;Pinhal de São Bento;PR;Estadual;8;518.88;501.34;464.82;525.52;485.0;499.11
4450;Anchieta;ES;Privada;14;487.21;493.34;487.92;502.81;524.29;499.11
4451;Pancas;ES;Estadual;88;492.91;472.97;451.22;508.88;569.55;499.11
4452;Icaraíma;PR;Estadual;20;503.75;475.7;449.46;482.4;584.0;499.06
4453;Presidente Médici;MA;Estadual;62;486.08;482.39;438.39;486.11;602.26;499.05
4454;Faxinal;PR;Estadual;47;505.77;491.07;446.62;486.69;565.11;499.05
4455;Ingá;PB;Estadual;62;494.52;469.24;449.43;501.63;580.32;499.03
4456;Cristalândia;TO;Estadual;25;492.0;487.21;441.44;496.1;578.4;499.03
4457;Taboleiro Grande;RN;Estadual;17;492.28;468.42;442.3;476.79;615.29;499.02
4458;Trindade;PE;Estadual;122;492.29;467.36;450.8;510.86;573.77;499.02
4459;Silvânia;GO;Estadual;44;506.68;468.67;446.65;507.12;565.91;499.01
4460;Rio Claro;RJ;Estadual;87;498.47;478.41;451.68;482.35;584.14;499.01
4461;Santana do Paraíso;MG;Estadual;62;509.35;486.26;463.51;502.68;533.23;499.01
4462;Ibiúna;SP;Estadual;227;511.16;492.89;457.23;497.6;536.04;498.98
4463;Caputira;MG;Estadual;31;505.11;474.41;457.96;509.67;547.74;498.98
4464;General Carneiro;MT;Estadual;4;471.48;486.1;473.62;543.65;520.0;498.97
4465;Quitandinha;PR;Estadual;46;509.7;497.73;453.39;507.04;526.96;498.96
4466;Primavera do Leste;MT;Estadual;142;501.37;489.11;450.91;500.4;552.96;498.95
4467;Jaupaci;GO;Estadual;9;487.61;473.04;464.2;505.41;564.44;498.94
4468;Novo Horizonte do Oeste;RO;Privada;10;494.32;466.77;508.87;478.76;546.0;498.94
4469;Araguanã;TO;Estadual;21;481.17;487.27;445.38;496.04;584.76;498.92
4470;Luziânia;GO;Estadual;430;512.62;493.59;452.35;495.36;540.6;498.91
4471;Iacanga;SP;Estadual;40;511.27;499.05;471.16;509.59;503.5;498.91
4472;Augusto de Lima;MG;Estadual;19;497.92;503.05;448.29;491.48;553.68;498.89
4473;Ubiretama;RS;Estadual;10;489.41;493.01;468.36;481.63;562.0;498.88
4474;Nepomuceno;MG;Estadual;52;501.72;478.33;446.24;513.45;554.62;498.87
4475;Uruburetama;CE;Estadual;296;499.12;480.6;448.22;499.49;566.89;498.86
4476;Formoso;MG;Estadual;9;504.28;471.07;451.46;485.18;582.22;498.84
4477;Rio Bonito do Iguaçu;PR;Estadual;64;499.44;496.45;466.62;484.13;547.5;498.83
4478;Morro Redondo;RS;Estadual;27;507.9;483.87;461.58;509.51;531.11;498.79
4479;Diorama;GO;Estadual;8;518.22;475.38;443.95;488.78;567.5;498.76
4480;Quatis;RJ;Municipal;1;511.6;471.8;375.0;455.4;680.0;498.76
4481;Serra Branca;PB;Estadual;85;491.48;481.84;458.35;481.8;580.24;498.74
4482;Ouro Branco;RN;Estadual;21;509.32;496.85;439.78;475.4;572.38;498.74
4483;Cambará do Sul;RS;Estadual;10;511.0;490.47;465.08;489.08;538.0;498.73
4484;São Jorge d'Oeste;PR;Estadual;41;508.96;485.15;449.81;528.12;521.46;498.7
4485;Mato Grosso;PB;Estadual;12;480.42;468.64;434.88;479.58;630.0;498.7
4486;Jesuítas;PR;Estadual;14;493.02;481.79;450.13;482.77;585.71;498.69
4487;Dona Inês;PB;Estadual;31;499.21;475.55;444.05;484.89;589.68;498.68
4488;Manoel Vitorino;BA;Estadual;35;498.86;487.23;455.3;472.6;579.43;498.68
4489;Quedas do Iguaçu;PR;Estadual;92;502.11;483.17;450.88;515.04;542.17;498.68
4490;São Vicente;SP;Municipal;9;515.32;514.66;466.88;472.07;524.44;498.67
4491;São Borja;RS;Estadual;206;518.31;489.69;449.03;490.86;545.44;498.66
4492;Picos;PI;Municipal;2;468.85;452.5;450.6;501.35;620.0;498.66
4493;Alagoa Nova;PB;Estadual;83;491.89;491.9;451.19;474.9;583.37;498.65
4494;Santos Dumont;MG;Estadual;178;498.58;491.38;452.15;497.23;553.93;498.65
4495;Campos de Júlio;MT;Estadual;11;506.26;521.1;477.69;480.94;507.27;498.65
4496;Divisa Alegre;MG;Estadual;47;501.78;479.53;446.01;480.32;585.53;498.64
4497;Alta Floresta;MT;Estadual;160;498.88;487.95;451.7;483.13;571.5;498.63
4498;Bertópolis;MG;Estadual;8;519.34;460.44;444.94;483.45;585.0;498.63
4499;Brasília de Minas;MG;Estadual;142;504.91;491.43;450.91;496.48;549.3;498.61
4500;Neves Paulista;SP;Estadual;25;522.36;504.18;439.0;497.91;529.6;498.61
4501;Ouro Fino;MG;Estadual;58;497.03;500.55;467.88;492.0;535.52;498.6
4502;Santa Maria do Salto;MG;Estadual;17;500.18;466.41;441.46;488.41;596.47;498.59
4503;Vinhedo;SP;Municipal;3;519.53;469.77;476.7;460.23;566.67;498.58
4504;Caparaó;MG;Estadual;21;504.42;480.04;433.37;490.33;584.76;498.58
4505;Piraquara;PR;Estadual;228;517.74;495.49;457.5;489.49;532.63;498.57
4506;Flores de Goiás;GO;Estadual;13;512.02;483.18;450.02;459.85;587.69;498.55
4507;Pinto Bandeira;RS;Estadual;8;511.66;491.74;468.58;530.7;490.0;498.54
4508;Milagres;CE;Estadual;280;494.22;478.99;448.78;491.36;579.29;498.53
4509;Porto Feliz;SP;Estadual;76;512.96;494.89;462.26;488.61;533.95;498.53
4510;Fronteira;MG;Estadual;28;508.38;493.57;442.96;498.42;549.29;498.52
4511;Campos dos Goytacazes;RJ;Municipal;6;498.1;502.87;451.67;483.3;556.67;498.52
4512;Passa Sete;RS;Estadual;20;481.81;456.58;456.51;476.64;621.0;498.51
4513;Itaboraí;RJ;Estadual;556;506.91;483.92;450.88;485.46;565.25;498.48
4514;Ituiutaba;MG;Estadual;361;501.89;478.65;455.76;494.44;561.66;498.48
4515;Turvo;PR;Estadual;80;510.94;489.38;457.05;499.24;535.75;498.47
4516;Pontalina;GO;Estadual;73;499.28;472.62;445.72;496.92;577.81;498.47
4517;Jataizinho;PR;Estadual;32;515.22;489.77;435.49;492.49;559.38;498.47
4518;Pontal;SP;Estadual;136;503.05;480.14;452.67;504.84;551.62;498.46
4519;Irati;PR;Privada;23;511.06;494.53;455.49;491.24;540.0;498.46
4520;Jacobina;BA;Estadual;267;504.02;481.78;448.98;482.33;575.13;498.45
4521;Itaara;RS;Estadual;16;497.43;504.66;462.78;477.34;550.0;498.44
4522;Taguatinga;TO;Estadual;50;499.91;478.94;452.62;499.06;561.6;498.43
4523;Manoel Viana;RS;Estadual;29;516.89;507.67;454.29;455.86;557.24;498.39
4524;Nova Canaã do Norte;MT;Estadual;33;497.43;492.19;460.83;491.12;550.3;498.38
4525;Marialva;PR;Estadual;60;509.91;492.34;461.78;490.77;537.0;498.36
4526;Araxá;MG;Municipal;4;536.12;523.6;434.65;467.42;530.0;498.36
4527;Portelândia;GO;Estadual;16;507.71;469.21;453.34;491.48;570.0;498.35
4528;Campo Novo do Parecis;MT;Estadual;89;503.38;491.61;453.08;499.29;544.27;498.33
4529;Costa Rica;MS;Estadual;57;509.19;476.72;458.56;492.71;554.39;498.31
4530;Pouso Alto;MG;Estadual;14;498.91;477.71;473.29;505.9;535.71;498.31
4531;Boquira;BA;Estadual;84;473.85;468.12;444.49;480.36;624.76;498.31
4532;Santana do Garambéu;MG;Estadual;10;493.46;477.48;428.45;470.09;622.0;498.3
4533;Jaguaribe;CE;Estadual;337;495.64;476.09;445.26;500.74;573.71;498.29
4534;Nova Tebas;PR;Estadual;20;502.26;470.91;459.96;504.24;554.0;498.27
4535;Rebouças;PR;Estadual;39;506.03;487.12;453.66;502.87;541.54;498.24
4536;Santa Izabel do Oeste;PR;Estadual;49;503.39;498.2;450.33;509.44;529.8;498.23
4537;Pinheirinho do Vale;RS;Estadual;30;487.65;469.2;437.39;506.8;590.0;498.21
4538;Salvador;BA;Estadual;7396;509.34;488.69;451.46;484.1;557.45;498.21
4539;Madre de Deus de Minas;MG;Estadual;17;503.3;495.13;445.4;500.17;547.06;498.21
4540;Feliz Natal;MT;Estadual;25;506.91;487.31;464.83;483.13;548.8;498.2
4541;Teresina;PI;Estadual;4312;498.33;477.95;448.87;485.36;580.5;498.2
4542;Itaberaba;BA;Estadual;237;505.76;489.13;446.5;480.31;569.2;498.18
4543;Picos;PI;Estadual;344;491.86;477.46;436.83;490.24;594.48;498.17
4544;Queluz;SP;Estadual;10;504.17;505.48;468.45;506.71;506.0;498.16
4545;Lagoa de Velhos;RN;Estadual;8;486.68;484.92;463.09;458.56;597.5;498.15
4546;Pescaria Brava;SC;Estadual;27;509.77;506.56;456.22;480.15;537.78;498.1
4547;Faxinalzinho;RS;Estadual;18;500.21;493.66;470.64;480.45;545.56;498.1
4548;Goianorte;TO;Estadual;25;490.77;462.28;445.1;472.14;620.0;498.06
4549;Antonina;PR;Estadual;43;510.54;501.07;450.52;502.14;526.05;498.06
4550;Inconfidentes;MG;Estadual;21;500.61;488.3;433.98;503.48;563.81;498.04
4551;Santa Helena;SC;Estadual;12;482.88;469.22;472.7;528.67;536.67;498.02
4552;Mairi;BA;Estadual;65;499.84;490.03;449.8;491.38;559.08;498.02
4553;Varjão de Minas;MG;Estadual;25;500.72;468.86;458.25;502.95;559.2;498.0
4554;Barracão;PR;Estadual;55;510.4;492.77;461.09;492.62;533.09;497.99
4555;Espigão D'Oeste;RO;Estadual;179;495.29;490.18;458.66;495.41;550.28;497.96
4556;Cássia dos Coqueiros;SP;Estadual;22;492.89;479.15;461.09;497.58;559.09;497.96
4557;São José do Norte;RS;Estadual;92;509.06;485.43;455.82;491.48;547.83;497.92
4558;Conde;BA;Estadual;48;492.6;475.69;455.71;506.16;559.17;497.87
4559;Perdizes;MG;Estadual;53;506.0;478.99;461.09;520.24;523.02;497.87
4560;Paranaguá;PR;Estadual;191;517.45;490.41;451.89;487.56;541.99;497.86
4561;Aragarças;GO;Estadual;40;499.8;487.72;459.83;496.85;545.0;497.84
4562;Senador Canedo;GO;Estadual;452;509.48;487.08;450.92;480.99;560.75;497.84
4563;Abaíra;BA;Estadual;20;506.22;465.87;473.92;494.08;549.0;497.82
4564;Malhada de Pedras;BA;Estadual;36;485.01;478.32;439.78;480.98;605.0;497.81
4565;Belém;PA;Municipal;47;493.64;487.58;457.92;469.03;580.85;497.8
4566;Iperó;SP;Estadual;37;521.53;497.1;459.53;486.46;524.32;497.79
4567;Várzea;PB;Estadual;11;508.65;494.32;447.65;489.16;549.09;497.78
4568;Boa Vista do Tupim;BA;Estadual;38;502.38;479.12;447.97;465.14;594.21;497.77
4569;Passira;PE;Estadual;147;496.98;475.59;443.78;495.68;576.73;497.75
4570;Nova Aurora;PR;Estadual;57;504.58;480.81;454.43;501.54;547.37;497.75
4571;Óleo;SP;Estadual;20;503.31;482.84;475.24;517.29;510.0;497.74
4572;Mário Campos;MG;Estadual;46;514.31;491.05;461.11;493.23;528.7;497.68
4573;Porto Belo;SC;Municipal;1;529.3;518.8;430.5;409.7;600.0;497.66
4574;São Jerônimo da Serra;PR;Estadual;35;509.28;487.36;450.39;498.38;542.86;497.65
4575;Bandeira do Sul;MG;Estadual;17;517.71;484.11;445.91;488.76;551.76;497.65
4576;Erval Velho;SC;Estadual;20;495.38;491.11;455.66;492.84;553.0;497.6
4577;Ilha de Itamaracá;PE;Estadual;64;500.37;476.13;446.41;481.86;583.12;497.58
4578;Canguçu;RS;Privada;6;513.32;486.53;459.82;471.58;556.67;497.58
4579;Clevelândia;PR;Estadual;75;501.98;493.93;455.21;488.67;548.0;497.56
4580;Jaci;SP;Estadual;20;523.6;503.93;470.38;511.64;478.0;497.51
4581;Piquet Carneiro;CE;Estadual;83;509.53;490.06;434.26;512.19;541.45;497.5
4582;São José da Laje;AL;Privada;1;494.7;471.2;474.4;467.2;580.0;497.5
4583;Cajazeiras;PB;Estadual;335;494.33;479.99;446.35;481.95;584.78;497.48
4584;São João do Triunfo;PR;Estadual;43;512.48;506.26;466.55;507.13;494.88;497.46
4585;Diamante;PB;Estadual;51;477.31;471.18;435.21;516.82;586.67;497.44
4586;São João d'Aliança;GO;Estadual;28;498.76;487.78;439.24;488.51;572.86;497.43
4587;Cabo Frio;RJ;Estadual;361;516.47;486.0;455.82;482.23;546.65;497.43
4588;Cariacica;ES;Estadual;1350;507.08;487.95;449.47;488.6;553.96;497.41
4589;Santa Bárbara do Tugúrio;MG;Estadual;22;489.04;472.5;467.56;481.54;576.36;497.4
4590;Luís Correia;PI;Estadual;88;488.13;492.07;445.77;481.95;579.09;497.4
4591;Flores;PE;Estadual;76;499.53;469.9;454.96;502.3;560.26;497.39
4592;Montanhas;RN;Estadual;44;485.49;467.4;436.32;495.94;601.82;497.39
4593;Nantes;SP;Estadual;18;521.94;465.8;448.83;474.76;575.56;497.38
4594;Trindade;GO;Estadual;448;506.17;481.51;448.78;495.67;554.73;497.37
4595;Duas Barras;RJ;Estadual;23;503.39;499.18;450.7;475.14;558.26;497.33
4596;Nova Brasilândia;MT;Estadual;11;489.12;509.95;451.49;492.42;543.64;497.32
4597;Arroio Trinta;SC;Estadual;16;488.04;476.8;455.2;507.76;558.75;497.31
4598;Horizonte;CE;Estadual;510;503.73;486.43;448.61;506.92;540.75;497.29
4599;Itaúba;MT;Estadual;22;492.43;481.34;450.58;489.33;572.73;497.28
4600;Iraí de Minas;MG;Estadual;27;499.75;491.9;460.27;507.71;526.67;497.26
4601;Pedro de Toledo;SP;Estadual;23;523.47;507.95;441.98;485.87;526.96;497.25
4602;Wenceslau Braz;PR;Estadual;44;514.07;501.05;440.48;495.19;535.45;497.25
4603;Brasil Novo;PA;Estadual;79;497.12;486.97;456.12;477.37;568.61;497.24
4604;Pérola d'Oeste;PR;Estadual;29;500.49;491.19;445.6;518.57;530.34;497.24
4605;Campina Grande do Sul;PR;Estadual;130;516.31;498.67;455.02;497.51;518.62;497.22
4606;Mandaguaçu;PR;Estadual;32;515.49;502.77;468.56;486.17;513.12;497.22
4607;Riversul;SP;Estadual;27;491.82;483.33;452.96;506.8;551.11;497.21
4608;Espírito Santo do Dourado;MG;Estadual;6;509.08;485.12;431.3;470.5;590.0;497.2
4609;Itaporã;MS;Estadual;80;503.71;476.55;454.47;483.51;567.75;497.2
4610;Presidente Bernardes;SP;Estadual;58;509.04;488.96;451.09;500.69;536.21;497.2
4611;Macau;RN;Estadual;94;488.26;476.81;454.18;480.51;586.17;497.19
4612;Itariri;SP;Estadual;46;499.22;480.59;462.1;502.68;541.3;497.18
4613;Itaguaí;RJ;Estadual;342;510.66;484.6;455.63;482.74;552.28;497.18
4614;Xavantina;SC;Estadual;24;501.39;494.62;475.35;501.97;512.5;497.17
4615;Irará;BA;Estadual;101;493.87;480.83;440.63;473.66;596.83;497.16
4616;Laranjal;MG;Estadual;15;486.21;465.36;444.35;517.79;572.0;497.14
4617;Miracema do Tocantins;TO;Estadual;95;505.59;476.99;447.31;495.64;560.0;497.11
4618;Jaguaruana;CE;Estadual;326;495.93;473.77;452.71;494.36;568.71;497.1
4619;Alexânia;GO;Estadual;101;507.44;495.79;456.97;495.3;529.9;497.08
4620;Carolina;MA;Estadual;126;501.8;478.39;444.36;487.3;573.49;497.07
4621;Açucena;MG;Estadual;21;515.66;496.56;447.43;498.06;527.62;497.07
4622;Ministro Andreazza;RO;Estadual;74;481.83;465.01;451.04;495.29;592.16;497.07
4623;Sombrio;SC;Estadual;80;507.79;492.58;456.32;495.64;532.75;497.02
4624;Tauá;CE;Estadual;458;495.4;482.62;449.06;503.48;554.45;497.0
4625;Ibiam;SC;Estadual;5;504.16;510.0;467.0;491.84;512.0;497.0
4626;Xapuri;AC;Estadual;23;497.69;487.02;447.49;474.51;578.26;496.99
4627;Duartina;SP;Estadual;16;497.98;492.08;451.91;507.91;535.0;496.98
4628;Bertioga;SP;Estadual;197;513.38;494.06;449.12;492.99;535.23;496.96
4629;Tacima;PB;Estadual;16;498.42;474.38;452.22;474.75;585.0;496.96
4630;Paripiranga;BA;Estadual;154;494.07;482.17;444.52;484.84;579.22;496.96
4631;Santa Branca;SP;Estadual;38;514.31;483.99;467.26;497.59;521.58;496.95
4632;Prado;BA;Estadual;44;501.43;482.39;463.2;495.78;541.82;496.93
4633;Valente;BA;Estadual;123;499.6;484.93;439.86;478.33;581.95;496.93
4634;Estrela d'Oeste;SP;Estadual;20;498.61;480.74;443.48;504.76;557.0;496.92
4635;Caiuá;SP;Estadual;18;507.36;492.72;457.34;508.27;518.89;496.92
4636;Inaciolândia;GO;Estadual;34;501.52;484.92;450.83;486.04;561.18;496.9
4637;Taiúva;SP;Estadual;32;524.55;498.51;453.33;496.82;511.25;496.89
4638;Novo Mundo;MT;Estadual;17;502.22;476.58;461.36;487.81;556.47;496.89
4639;São Pedro da Cipa;MT;Estadual;17;498.4;483.86;440.49;476.94;584.71;496.88
4640;Paranaíba;MS;Estadual;148;503.27;474.83;450.4;492.06;563.78;496.87
4641;Lontra;MG;Estadual;59;498.91;477.43;448.96;502.75;556.27;496.86
4642;Serrolândia;BA;Estadual;22;499.42;501.44;445.88;472.02;565.45;496.84
4643;Elias Fausto;SP;Estadual;41;509.86;500.44;456.53;506.58;510.73;496.83
4644;Riacho de Santana;BA;Estadual;111;490.45;470.9;446.82;490.2;585.77;496.83
4645;Pavão;MG;Estadual;28;500.53;475.64;445.98;469.8;592.14;496.82
4646;Frutal;MG;Estadual;188;506.94;483.7;455.07;507.9;530.32;496.79
4647;Jenipapo de Minas;MG;Estadual;31;513.71;487.07;459.73;487.25;536.13;496.78
4648;Siderópolis;SC;Estadual;29;507.65;492.47;451.58;495.59;536.55;496.77
4649;Ouro Preto;MG;Estadual;233;504.88;488.11;456.68;493.42;540.69;496.76
4650;São Miguel do Passa Quatro;GO;Estadual;20;501.62;489.67;433.83;486.62;572.0;496.75
4651;Arambaré;RS;Estadual;14;508.87;493.54;431.24;481.51;568.57;496.75
4652;Domingos Martins;ES;Municipal;4;487.02;437.85;453.78;480.02;625.0;496.74
4653;Itaguaçu;ES;Estadual;46;488.91;483.87;451.45;508.56;550.87;496.73
4654;Itapebi;BA;Estadual;20;504.4;462.98;447.42;473.83;595.0;496.72
4655;Lapão;BA;Estadual;103;491.97;474.03;442.12;473.27;602.14;496.71
4656;Altamira;PA;Estadual;569;498.88;478.03;446.28;490.31;569.91;496.68
4657;São José dos Quatro Marcos;MT;Estadual;68;492.43;478.51;443.55;477.38;591.47;496.67
4658;Ponta Porã;MS;Estadual;259;508.85;487.18;454.11;498.06;535.06;496.65
4659;Barão de Monte Alto;MG;Estadual;20;506.72;467.74;460.69;505.04;543.0;496.64
4660;Itaitinga;CE;Estadual;351;496.72;476.97;442.24;499.46;567.81;496.64
4661;Confresa;MT;Estadual;91;500.1;480.87;445.6;501.02;555.6;496.64
4662;Ipirá;BA;Estadual;218;491.64;474.16;438.07;484.44;594.77;496.62
4663;Cristal do Sul;RS;Estadual;9;473.0;455.17;433.18;479.49;642.22;496.61
4664;Cascalho Rico;MG;Estadual;13;513.73;496.85;458.52;538.55;475.38;496.61
4665;Colinas do Tocantins;TO;Estadual;113;500.97;482.8;458.51;481.3;559.29;496.58
4666;Ubatuba;SP;Estadual;139;509.65;495.44;452.39;499.32;526.04;496.57
4667;Quijingue;BA;Estadual;39;492.1;482.44;437.24;481.29;589.74;496.56
4668;Janaúba;MG;Estadual;373;497.79;479.44;451.8;494.9;558.82;496.55
4669;Santa Isabel;GO;Estadual;10;500.1;493.54;475.68;503.36;510.0;496.54
4670;Castilho;SP;Estadual;70;512.53;482.93;454.41;487.13;545.71;496.54
4671;Coronel Pacheco;MG;Estadual;10;509.51;477.83;436.81;460.49;598.0;496.53
4672;Medina;MG;Estadual;61;506.73;479.87;439.52;502.77;553.77;496.53
4673;Elísio Medrado;BA;Estadual;22;494.6;470.58;449.25;474.59;593.64;496.53
4674;Porto Ferreira;SP;Municipal;34;517.86;483.1;454.37;493.23;534.12;496.53
4675;Juazeiro;BA;Estadual;995;498.63;482.55;450.75;487.66;562.93;496.51
4676;Conchas;SP;Estadual;41;518.9;495.66;440.84;478.8;548.29;496.5
4677;São João do Manhuaçu;MG;Estadual;38;494.59;464.8;452.19;502.43;568.42;496.49
4678;Pedra Branca;PB;Estadual;26;466.87;467.36;435.17;499.19;613.85;496.49
4679;Cândido de Abreu;PR;Estadual;60;519.22;491.94;449.04;486.92;535.33;496.49
4680;Vale do Paraíso;RO;Estadual;30;501.58;479.17;449.59;476.04;576.0;496.48
4681;Alcântara;MA;Federal;25;484.18;462.84;450.82;480.5;604.0;496.47
4682;Sebastianópolis do Sul;SP;Estadual;16;513.76;499.45;440.54;499.84;528.75;496.47
4683;Equador;RN;Estadual;29;494.66;467.05;445.29;491.19;584.14;496.47
4684;Tenente Portela;RS;Estadual;36;505.43;493.71;457.81;498.13;527.22;496.46
4685;Bandeirantes;PR;Estadual;67;509.72;486.11;453.63;491.37;541.49;496.46
4686;Aimorés;MG;Estadual;51;510.91;494.02;453.11;480.25;543.92;496.44
4687;Xangri-lá;RS;Estadual;21;502.99;500.12;436.33;509.4;533.33;496.44
4688;Jaboatão dos Guararapes;PE;Estadual;2272;505.18;482.85;448.24;488.75;557.2;496.44
4689;Pontalinda;SP;Estadual;9;501.87;463.82;394.84;519.38;602.22;496.43
4690;Fortaleza do Tabocão;TO;Estadual;26;504.38;478.62;423.77;481.27;593.85;496.38
4691;Xexéu;PE;Estadual;18;498.18;483.52;446.93;482.12;571.11;496.37
4692;Pinhalzinho;SP;Estadual;60;500.83;489.88;440.73;493.7;556.67;496.36
4693;Sertaneja;PR;Estadual;37;520.72;474.76;434.94;483.1;568.11;496.33
4694;Baixa Grande;BA;Estadual;82;501.48;481.89;447.04;495.37;555.85;496.32
4695;Herculândia;SP;Estadual;10;516.84;489.24;468.69;484.76;522.0;496.31
4696;Brasilândia do Tocantins;TO;Estadual;8;510.01;449.25;459.7;475.1;587.5;496.31
4697;Campinaçu;GO;Estadual;6;508.7;519.95;439.87;493.03;520.0;496.31
4698;Goianá;MG;Estadual;27;503.92;501.45;464.41;488.76;522.96;496.3
4699;Palma;MG;Estadual;10;514.55;485.04;456.64;511.26;514.0;496.3
4700;Barra do Garças;MT;Estadual;212;506.46;480.47;446.93;479.02;568.49;496.28
4701;Autazes;AM;Municipal;3;456.37;489.83;455.07;466.77;613.33;496.27
4702;São Cristóvão;SE;Estadual;212;506.58;484.26;449.08;476.41;565.0;496.26
4703;Herval;RS;Estadual;18;513.17;485.94;461.47;500.68;520.0;496.25
4704;Torre de Pedra;SP;Estadual;3;512.87;498.2;472.93;497.17;500.0;496.23
4705;Bandeirantes;MS;Estadual;34;491.13;486.77;458.68;484.99;559.41;496.2
4706;Alto do Rodrigues;RN;Estadual;64;500.38;469.38;450.69;477.41;583.12;496.2
4707;Dores do Indaiá;MG;Estadual;29;503.43;475.48;426.47;499.76;575.86;496.2
4708;São Raimundo das Mangabeiras;MA;Municipal;1;451.3;478.5;412.0;439.2;700.0;496.2
4709;Campo Novo de Rondônia;RO;Estadual;41;483.78;468.4;456.34;477.23;595.12;496.17
4710;Guapó;GO;Estadual;40;505.12;492.72;447.68;479.32;556.0;496.17
4711;Rio Branco;AC;Estadual;2124;502.15;481.47;449.41;483.42;564.41;496.17
4712;Wenceslau Guimarães;BA;Estadual;34;487.57;479.8;442.83;470.58;600.0;496.15
4713;Marliéria;MG;Estadual;26;496.73;488.58;450.42;485.73;559.23;496.14
4714;Maringá;PR;Municipal;2;545.55;533.55;498.7;542.75;360.0;496.11
4715;Condado;PB;Estadual;42;488.62;477.69;438.17;482.23;593.81;496.1
4716;Sarapuí;SP;Estadual;37;511.28;494.27;454.71;490.38;529.73;496.08
4717;Serrinha;BA;Estadual;320;498.11;483.34;453.74;483.28;561.88;496.07
4718;Bela Vista do Piauí;PI;Estadual;18;476.6;441.91;441.2;495.91;624.44;496.01
4719;Heitoraí;GO;Estadual;6;485.2;481.52;499.23;487.38;526.67;496.0
4720;Coronel Murta;MG;Estadual;41;495.77;462.59;437.13;505.44;579.02;495.99
4721;Ponte Alta do Norte;SC;Estadual;11;509.84;495.27;486.63;511.78;476.36;495.98
4722;Figueirão;MS;Estadual;7;515.61;485.46;449.86;468.93;560.0;495.97
4723;Urandi;BA;Estadual;48;492.92;476.05;459.78;499.85;551.25;495.97
4724;Novo Oriente;CE;Estadual;308;489.84;471.35;453.56;492.74;572.34;495.97
4725;Ibiassucê;BA;Estadual;32;486.04;474.99;448.27;464.86;605.62;495.96
4726;Maribondo;AL;Estadual;60;481.33;461.34;421.0;488.48;627.67;495.96
4727;Barrocas;BA;Estadual;77;485.57;471.63;440.9;484.43;597.14;495.93
4728;Uru;SP;Estadual;4;531.92;488.02;434.55;465.12;560.0;495.92
4729;Barra Longa;MG;Estadual;23;511.23;485.03;451.65;480.35;551.3;495.91
4730;São Luís;MA;Estadual;6241;501.8;479.01;448.4;483.02;567.27;495.9
4731;Frei Miguelinho;PE;Estadual;71;485.86;462.05;435.22;509.29;587.04;495.89
4732;Aveiro;PA;Municipal;1;520.0;440.4;442.4;556.6;520.0;495.88
4733;Alegre;ES;Estadual;125;499.33;481.49;450.98;486.67;560.8;495.86
4734;Vigia;PA;Estadual;242;489.76;478.24;448.92;477.55;584.79;495.85
4735;Protásio Alves;RS;Estadual;6;503.8;479.7;430.15;462.17;603.33;495.83
4736;Ourolândia;BA;Estadual;28;506.04;481.61;446.2;484.59;560.71;495.83
4737;Angical do Piauí;PI;Estadual;54;490.36;466.06;449.65;486.01;587.04;495.82
4738;Caconde;SP;Estadual;48;506.45;485.34;443.73;504.75;538.75;495.8
4739;Salete;SC;Estadual;30;506.5;489.85;461.43;505.8;515.33;495.78
4740;Seropédica;RJ;Estadual;352;508.49;487.92;454.98;480.41;547.05;495.77
4741;Orizona;GO;Privada;17;479.03;480.75;453.75;538.24;527.06;495.76
4742;Timbaúba dos Batistas;RN;Estadual;8;463.85;478.82;438.92;494.6;602.5;495.74
4743;Trombudo Central;SC;Estadual;9;517.09;488.04;479.67;533.89;460.0;495.74
4744;Miraguaí;RS;Estadual;16;493.49;502.79;452.39;481.21;548.75;495.73
4745;Treviso;SC;Estadual;15;516.81;505.9;489.68;488.86;477.33;495.72
4746;Itapevi;SP;Estadual;583;517.55;492.4;451.65;485.24;531.6;495.69
4747;Bom Jesus do Tocantins;PA;Estadual;41;492.77;492.49;440.77;462.12;590.24;495.68
4748;Fronteira dos Vales;MG;Estadual;22;496.67;475.25;430.36;503.32;572.73;495.67
4749;Antônio Carlos;MG;Estadual;30;509.9;482.86;457.59;502.01;526.0;495.67
4750;Curvelândia;MT;Estadual;17;499.18;485.7;446.89;479.46;567.06;495.66
4751;Fagundes;PB;Estadual;65;480.61;473.22;441.48;470.93;612.0;495.65
4752;Naviraí;MS;Estadual;119;505.43;488.98;442.46;486.84;554.45;495.63
4753;Arapiraca;AL;Estadual;898;495.88;477.38;444.83;490.16;569.84;495.62
4754;Áurea;RS;Estadual;12;503.34;491.53;446.7;523.17;513.33;495.62
4755;São João da Lagoa;MG;Estadual;23;491.18;465.74;436.67;516.35;567.83;495.55
4756;Curral de Dentro;MG;Estadual;23;496.17;467.22;438.38;506.4;569.57;495.55
4757;Nova Russas;CE;Estadual;327;493.32;475.91;447.94;491.7;568.81;495.54
4758;Formoso do Araguaia;TO;Estadual;59;497.17;471.05;444.91;470.18;594.24;495.51
4759;Viçosa do Ceará;CE;Municipal;1;534.7;538.6;440.1;424.1;540.0;495.5
4760;Cruzeiro do Sul;AC;Estadual;535;499.68;480.6;439.41;480.79;576.86;495.47
4761;Luís Antônio;SP;Estadual;34;513.43;481.77;457.96;491.27;532.94;495.47
4762;Pilões;RN;Estadual;17;494.59;476.24;457.53;520.63;528.24;495.44
4763;Modelo;SC;Estadual;20;503.68;497.78;447.78;512.92;515.0;495.43
4764;Casa Branca;SP;Estadual;96;511.04;492.99;458.22;492.21;522.71;495.43
4765;Atalaia;AL;Privada;12;505.66;463.38;439.38;496.99;571.67;495.42
4766;Pintadas;BA;Estadual;47;478.64;483.95;446.79;506.84;560.85;495.42
4767;Joaquim Felício;MG;Estadual;14;490.64;486.01;454.04;473.48;572.86;495.41
4768;Poções;BA;Estadual;260;495.28;483.64;449.26;478.69;570.15;495.4
4769;Imbé de Minas;MG;Estadual;19;493.07;477.55;446.11;509.68;550.53;495.39
4770;Itacambira;MG;Estadual;27;498.72;489.84;428.25;500.16;560.0;495.39
4771;Conceição da Aparecida;MG;Estadual;55;503.95;465.81;448.05;506.77;552.36;495.39
4772;São João do Rio do Peixe;PB;Municipal;4;498.02;525.62;461.25;512.0;480.0;495.38
4773;Belém;PA;Estadual;6729;496.68;480.47;447.68;472.61;579.47;495.38
4774;Nova Mamoré;RO;Privada;1;473.1;449.5;393.2;581.0;580.0;495.36
4775;Triunfo;RS;Municipal;55;507.64;482.06;453.05;499.44;534.55;495.35
4776;Bambuí;MG;Estadual;49;513.94;497.27;454.19;494.17;517.14;495.34
4777;Barra de Santana;PB;Municipal;1;490.9;468.2;507.5;450.1;560.0;495.34
4778;São Bernardino;SC;Estadual;21;489.28;473.58;449.61;504.24;560.0;495.34
4779;Caarapó;MS;Estadual;111;496.43;486.66;452.05;501.34;540.18;495.33
4780;Alagoinhas;BA;Estadual;466;508.28;488.66;453.6;483.01;543.0;495.31
4781;Alvorada;RS;Municipal;1;513.7;529.5;450.2;503.1;480.0;495.3
4782;Piacatu;SP;Estadual;28;502.92;497.98;459.04;481.28;535.0;495.24
4783;Assis Chateaubriand;PR;Estadual;77;511.25;497.83;447.91;488.4;530.65;495.21
4784;Marema;SC;Estadual;5;483.5;516.94;438.38;465.18;572.0;495.2
4785;Careiro;AM;Municipal;1;515.9;372.9;412.3;554.8;620.0;495.18
4786;Serranópolis de Minas;MG;Estadual;11;524.67;472.44;435.55;483.23;560.0;495.18
4787;Paulo Afonso;BA;Estadual;587;501.52;477.9;449.2;483.42;563.82;495.17
4788;Cerro Grande do Sul;RS;Estadual;42;503.58;491.24;437.95;501.61;541.43;495.16
4789;Estrela do Sul;MG;Estadual;34;499.59;481.44;444.46;485.59;564.71;495.16
4790;Carrapateira;PB;Estadual;19;473.82;466.62;428.71;482.23;624.21;495.12
4791;Serra dos Aimorés;MG;Estadual;17;506.47;495.03;446.71;498.95;528.24;495.08
4792;Alfredo Chaves;ES;Privada;6;505.97;500.43;446.37;472.63;550.0;495.08
4793;Bela Vista da Caroba;PR;Estadual;13;488.85;470.37;459.9;494.68;561.54;495.07
4794;Irajuba;BA;Estadual;20;487.52;486.34;464.23;480.0;557.0;495.02
4795;Feliz;RS;Municipal;1;530.4;505.8;457.9;500.8;480.0;494.98
4796;Itaparica;BA;Estadual;84;495.26;480.13;454.6;468.74;576.19;494.98
4797;Pedra Dourada;MG;Estadual;24;479.59;474.24;447.51;486.8;586.67;494.96
4798;Bastos;SP;Estadual;50;510.87;489.62;440.12;497.39;536.8;494.96
4799;Cabo de Santo Agostinho;PE;Estadual;971;499.05;477.99;449.97;489.92;557.88;494.96
4800;Cachoeira Dourada;GO;Estadual;41;504.35;481.82;443.47;508.52;536.59;494.95
4801;Cerro Corá;RN;Estadual;64;495.51;488.42;456.31;478.49;555.94;494.93
4802;Linha Nova;RS;Estadual;4;512.78;501.08;435.25;495.48;530.0;494.92
4803;Astolfo Dutra;MG;Estadual;21;502.01;507.73;458.66;471.92;534.29;494.92
4804;Carmésia;MG;Estadual;16;489.8;471.78;462.86;497.54;552.5;494.9
4805;São Pedro do Sul;RS;Estadual;40;508.77;467.81;448.26;490.18;559.5;494.9
4806;Sertão;RS;Estadual;13;492.35;488.11;459.52;475.96;558.46;494.88
4807;Abreu e Lima;PE;Estadual;370;499.58;480.46;453.24;496.47;544.65;494.88
4808;Combinado;TO;Estadual;30;501.77;478.34;436.08;475.54;582.67;494.88
4809;Campina da Lagoa;PR;Estadual;26;510.11;490.81;446.52;495.45;531.54;494.88
4810;São José da Varginha;MG;Estadual;21;497.6;485.38;443.55;475.43;572.38;494.87
4811;Lauro de Freitas;BA;Estadual;557;506.79;487.83;449.07;481.5;549.16;494.87
4812;Cambará;PR;Estadual;75;508.86;490.09;464.69;500.02;510.67;494.86
4813;Santa Cruz do Escalvado;MG;Estadual;10;507.56;501.58;450.43;462.75;552.0;494.86
4814;Mandaguari;PR;Estadual;141;502.1;484.04;456.32;492.56;538.87;494.78
4815;Alagoinha do Piauí;PI;Estadual;33;466.13;468.3;442.69;475.42;621.21;494.75
4816;Brejão;PE;Estadual;46;499.53;478.29;447.14;507.05;541.74;494.75
4817;Itaberá;SP;Estadual;49;516.83;495.19;462.55;493.8;505.31;494.74
4818;Fraiburgo;SC;Estadual;100;514.76;501.53;452.81;494.61;509.8;494.7
4819;Jacaraci;BA;Estadual;49;492.93;471.43;457.67;517.13;534.29;494.69
4820;Vargem Bonita;MG;Estadual;11;513.25;481.12;447.06;519.19;512.73;494.67
4821;Ouricuri;PE;Estadual;218;496.92;481.52;454.63;492.89;547.34;494.66
4822;Ribeirão Grande;SP;Estadual;37;513.36;492.57;454.79;499.54;512.97;494.65
4823;Mara Rosa;GO;Estadual;52;494.67;484.65;451.24;511.13;531.54;494.64
4824;Minas Novas;MG;Estadual;145;496.66;482.44;448.87;497.75;547.45;494.63
4825;Calmon;SC;Estadual;10;509.0;464.23;439.66;518.21;542.0;494.62
4826;Carnaubais;RN;Estadual;19;492.89;459.14;428.77;518.58;573.68;494.61
4827;Saltinho;SP;Estadual;18;517.67;498.73;455.26;494.62;506.67;494.59
4828;Porecatu;PR;Estadual;61;512.41;484.21;448.85;484.08;543.28;494.56
4829;Ponta de Pedras;PA;Estadual;102;487.79;477.21;447.42;470.13;590.2;494.55
4830;Cruzeiro do Sul;PR;Estadual;7;488.31;484.64;431.89;525.04;542.86;494.55
4831;Antônio Martins;RN;Estadual;21;509.06;473.94;444.17;507.42;538.1;494.54
4832;Sátiro Dias;BA;Estadual;37;495.82;479.66;449.06;471.31;576.76;494.52
4833;São Sebastião da Bela Vista;MG;Estadual;23;516.62;485.34;447.79;508.92;513.91;494.52
4834;Borá;SP;Estadual;5;500.38;495.86;483.0;485.26;508.0;494.5
4835;Macau;RN;Privada;23;503.3;476.6;451.42;485.49;555.65;494.49
4836;Américo Brasiliense;SP;Estadual;56;515.63;483.17;444.52;498.0;531.07;494.48
4837;Rafael Fernandes;RN;Estadual;20;479.35;479.05;442.68;470.34;601.0;494.48
4838;Eugenópolis;MG;Estadual;35;504.32;473.76;462.75;496.68;534.86;494.47
4839;Andaraí;BA;Privada;5;499.28;488.96;492.06;423.94;568.0;494.45
4840;São Sebastião da Amoreira;PR;Estadual;29;502.11;497.42;430.84;481.73;560.0;494.42
4841;Paraibuna;SP;Estadual;58;507.59;490.06;455.18;512.72;506.55;494.42
4842;Cumaru;PE;Estadual;51;500.11;487.02;451.4;507.61;525.88;494.41
4843;Euclides da Cunha Paulista;SP;Estadual;52;495.95;477.8;445.77;490.23;562.31;494.41
4844;Forquilhinha;SC;Estadual;52;500.84;488.69;454.16;489.92;538.08;494.34
4845;Vitória de Santo Antão;PE;Estadual;424;495.68;475.73;449.07;483.76;567.45;494.34
4846;São Luiz do Norte;GO;Estadual;34;490.3;497.35;439.14;513.68;531.18;494.33
4847;Presidente Médici;RO;Estadual;123;490.36;473.63;451.16;489.32;567.15;494.32
4848;Valparaíso de Goiás;GO;Estadual;643;513.63;487.81;450.74;485.3;534.12;494.32
4849;Várzea da Palma;MG;Estadual;109;504.39;477.83;455.7;504.38;529.17;494.3
4850;Itanhém;BA;Estadual;51;506.59;491.1;442.41;495.63;535.69;494.28
4851;Santo Antônio do Retiro;MG;Estadual;18;501.59;460.36;432.13;465.06;612.22;494.27
4852;Solânea;PB;Estadual;89;487.12;472.29;441.22;478.13;592.58;494.27
4853;Nova Fátima;BA;Estadual;39;501.93;470.76;446.78;491.79;560.0;494.25
4854;Caxambu do Sul;SC;Estadual;8;506.65;462.75;412.31;452.05;637.5;494.25
4855;Aroeiras;PB;Estadual;82;488.15;470.29;423.77;476.36;612.44;494.2
4856;Balneário Pinhal;RS;Estadual;16;522.76;492.36;458.85;493.09;503.75;494.16
4857;Belford Roxo;RJ;Estadual;798;505.99;483.79;447.16;478.52;555.34;494.16
4858;Caracaraí;RR;Federal;36;493.78;481.33;470.22;475.9;549.44;494.14
4859;Pedras Altas;RS;Estadual;5;510.44;477.4;459.88;486.86;536.0;494.12
4860;Palmital;PR;Estadual;46;507.48;499.9;449.57;497.53;516.09;494.11
4861;Celso Ramos;SC;Estadual;11;492.74;487.09;425.85;455.72;609.09;494.1
4862;Carrasco Bonito;TO;Estadual;14;502.63;486.36;450.97;477.62;552.86;494.09
4863;Mirandópolis;SP;Estadual;77;504.45;469.47;449.93;505.84;540.78;494.09
4864;Barra do Choça;BA;Estadual;109;499.62;479.58;444.89;471.87;574.5;494.09
4865;Jandaia;GO;Estadual;26;506.45;484.85;440.03;513.7;525.38;494.08
4866;Bataguassu;MS;Estadual;91;497.89;481.48;460.44;500.0;530.55;494.07
4867;Cotegipe;BA;Estadual;31;473.18;467.04;440.11;462.31;627.74;494.07
4868;Sapopema;PR;Estadual;18;510.43;488.32;450.53;507.62;513.33;494.05
4869;São João Evangelista;MG;Estadual;46;505.55;486.91;451.42;487.19;539.13;494.04
4870;Montalvânia;MG;Estadual;72;503.18;477.13;445.03;504.27;540.56;494.03
4871;Venturosa;PE;Estadual;101;493.86;473.99;444.98;504.38;552.87;494.02
4872;Pederneiras;SP;Estadual;91;519.1;496.01;450.55;494.9;509.45;494.0
4873;Parauapebas;PA;Estadual;724;493.84;476.05;444.51;479.24;576.3;493.99
4874;Miracatu;SP;Estadual;87;505.86;486.04;447.33;490.7;540.0;493.99
4875;Machadinho;RS;Estadual;7;489.64;528.86;446.04;496.61;508.57;493.95
4876;Ipueiras;CE;Estadual;347;489.28;473.01;437.27;480.97;589.16;493.94
4877;Cidade Ocidental;GO;Estadual;233;507.22;485.2;446.25;486.13;544.72;493.9
4878;Viradouro;SP;Estadual;22;510.17;499.88;441.62;503.25;514.55;493.89
4879;Paranatama;PE;Estadual;38;498.06;481.63;447.52;478.5;563.68;493.88
4880;Quissamã;RJ;Estadual;36;492.92;476.54;446.69;484.79;568.33;493.85
4881;Miguelópolis;SP;Estadual;85;500.5;470.71;449.41;474.23;574.35;493.84
4882;Ivaté;PR;Estadual;35;511.07;488.81;462.53;484.52;522.29;493.84
4883;Juti;MS;Estadual;15;507.34;471.21;448.11;466.55;576.0;493.84
4884;Cerrito;RS;Estadual;9;509.44;484.86;462.88;509.76;502.22;493.83
4885;Nova Santa Bárbara;PR;Estadual;18;510.48;476.07;443.44;481.37;557.78;493.83
4886;Ibirapuã;BA;Estadual;19;509.69;464.61;442.73;482.54;569.47;493.81
4887;Fortaleza dos Nogueiras;MA;Estadual;121;480.01;458.75;438.37;491.59;600.33;493.81
4888;Mangueirinha;PR;Estadual;62;508.68;488.3;441.43;498.05;532.58;493.81
4889;Puxinanã;PB;Estadual;70;493.62;479.7;444.64;478.38;572.57;493.78
4890;Terra Rica;PR;Estadual;35;513.26;474.33;458.03;494.47;528.57;493.73
4891;Porto Feliz;SP;Municipal;6;519.62;479.13;418.93;467.58;583.33;493.72
4892;Jacinto Machado;SC;Estadual;35;488.48;489.4;466.68;491.43;532.57;493.71
4893;Borborema;SP;Estadual;11;507.73;470.1;445.78;492.24;552.73;493.71
4894;São Carlos do Ivaí;PR;Estadual;25;499.37;471.5;461.82;468.54;567.2;493.69
4895;Morro da Fumaça;SC;Estadual;67;508.19;484.36;444.65;509.11;522.09;493.68
4896;Sagrada Família;RS;Estadual;11;525.45;455.91;411.62;508.11;567.27;493.67
4897;São Benedito;CE;Estadual;554;487.57;475.75;444.35;484.21;576.39;493.66
4898;Mundo Novo;GO;Estadual;21;505.99;481.2;439.04;488.76;553.33;493.66
4899;São Félix do Coribe;BA;Estadual;43;486.25;485.7;452.14;481.37;562.79;493.65
4900;Jataúba;PE;Estadual;53;495.29;472.65;450.66;506.26;543.4;493.65
4901;Ribeirão Branco;SP;Municipal;1;477.6;462.1;389.9;558.6;580.0;493.64
4902;Nova Alvorada do Sul;MS;Estadual;66;506.13;483.9;456.08;501.08;520.91;493.62
4903;Califórnia;PR;Estadual;20;505.91;488.08;453.38;501.67;519.0;493.61
4904;Bananal;SP;Estadual;24;504.43;466.65;440.68;511.3;545.0;493.61
4905;Jumirim;SP;Estadual;2;526.75;479.5;442.45;509.15;510.0;493.57
4906;Echaporã;SP;Estadual;19;499.37;500.28;463.32;491.19;513.68;493.57
4907;São Desidério;BA;Estadual;101;494.85;481.0;449.17;475.19;567.52;493.55
4908;Camocim de São Félix;PE;Estadual;59;498.79;483.22;441.19;494.38;550.17;493.55
4909;Mirabela;MG;Estadual;38;499.37;469.63;450.86;479.95;567.89;493.54
4910;Juvenília;MG;Estadual;30;485.45;464.75;441.28;506.88;569.33;493.54
4911;Guaraçaí;SP;Estadual;31;508.57;481.15;465.11;518.64;494.19;493.53
4912;Capim Branco;MG;Estadual;24;512.41;483.63;454.0;470.01;547.5;493.51
4913;Assaré;CE;Estadual;257;485.85;470.82;438.61;492.85;579.38;493.5
4914;Patrocínio Paulista;SP;Estadual;23;503.32;495.17;450.21;534.37;484.35;493.49
4915;Ipixuna do Pará;PA;Estadual;75;473.75;465.5;434.76;469.1;624.27;493.48
4916;Madre de Deus;BA;Estadual;96;497.86;485.61;452.89;478.55;552.5;493.48
4917;Campinorte;GO;Estadual;55;506.44;483.37;443.81;500.34;533.45;493.48
4918;Aquiraz;CE;Estadual;676;494.4;476.79;444.14;488.36;563.61;493.46
4919;Mato Castelhano;RS;Estadual;2;488.3;467.5;422.05;499.45;590.0;493.46
4920;Nova Redenção;BA;Estadual;21;479.66;466.12;438.95;481.56;600.95;493.45
4921;Cassilândia;MS;Estadual;101;502.48;482.74;456.15;487.35;538.42;493.43
4922;Santa Cruz do Xingu;MT;Estadual;6;489.0;466.22;421.78;513.45;576.67;493.42
4923;Belmonte;BA;Estadual;22;486.57;478.4;452.92;494.61;554.55;493.41
4924;Emilianópolis;SP;Estadual;14;511.71;474.48;478.95;506.16;495.71;493.4
4925;Conceição do Jacuípe;BA;Estadual;112;506.68;473.18;452.33;474.75;560.0;493.39
4926;Terenos;MS;Estadual;56;501.48;480.97;441.52;485.42;557.5;493.38
4927;São Pedro das Missões;RS;Estadual;9;503.78;489.17;435.7;475.99;562.22;493.37
4928;Belo Horizonte;MG;Municipal;22;510.18;489.44;439.16;497.14;530.91;493.37
4929;Ibicoara;BA;Estadual;52;492.08;478.47;456.88;463.67;575.77;493.37
4930;Paulistana;PI;Estadual;90;481.67;460.41;445.4;472.51;606.89;493.37
4931;Cerro Negro;SC;Estadual;1;500.2;514.6;422.2;469.8;560.0;493.36
4932;Lagoa Grande;MG;Estadual;38;500.95;484.58;454.92;498.42;527.89;493.35
4933;Japi;RN;Estadual;12;497.06;494.19;459.59;455.81;560.0;493.33
4934;Barra de Santana;PB;Estadual;32;488.83;462.62;435.1;475.04;605.0;493.32
4935;Trajano de Moraes;RJ;Estadual;44;484.48;477.14;437.34;471.27;596.36;493.32
4936;Barbalha;CE;Estadual;513;497.08;474.76;451.89;487.87;554.89;493.3
4937;Jaguaraçu;MG;Estadual;6;514.32;493.3;442.65;466.2;550.0;493.29
4938;Ouro Verde de Minas;MG;Estadual;28;493.14;473.16;458.13;476.32;565.71;493.29
4939;Sumidouro;RJ;Estadual;23;505.79;495.61;438.37;469.25;557.39;493.28
4940;Santa Helena de Minas;MG;Estadual;26;489.7;486.01;457.82;493.63;539.23;493.28
4941;Mombaça;CE;Estadual;332;488.02;470.17;446.78;498.2;563.25;493.28
4942;Quinze de Novembro;RS;Estadual;19;492.58;491.01;470.05;505.33;507.37;493.27
4943;Benevides;PA;Estadual;268;487.12;475.2;449.46;478.78;575.75;493.26
4944;Ivaiporã;PR;Estadual;70;514.86;483.64;441.86;490.43;535.43;493.24
4945;Além Paraíba;MG;Estadual;43;506.12;473.29;454.1;505.65;526.98;493.23
4946;Santo Antônio de Goiás;GO;Estadual;20;521.75;507.0;448.28;468.0;521.0;493.21
4947;Itapagipe;MG;Estadual;51;492.22;483.66;465.97;516.33;507.84;493.2
4948;Álvares Florence;SP;Estadual;5;494.7;501.02;438.26;475.88;556.0;493.17
4949;Acopiara;CE;Estadual;460;485.47;471.5;443.07;488.95;576.74;493.15
4950;Itapetinga;BA;Estadual;186;503.02;486.0;446.58;491.21;538.92;493.15
4951;Matelândia;PR;Estadual;46;508.34;489.19;460.9;500.3;506.96;493.14
4952;Mirante da Serra;RO;Estadual;54;490.32;472.64;447.78;493.13;561.85;493.14
4953;Cuiabá;MT;Estadual;1920;499.27;481.06;445.62;480.23;559.54;493.14
4954;Juranda;PR;Estadual;18;506.44;481.62;464.62;494.11;518.89;493.13
4955;Saltinho;SC;Estadual;10;505.59;492.58;455.48;490.01;522.0;493.13
4956;Cajobi;SP;Estadual;28;507.81;502.26;445.06;513.29;497.14;493.11
4957;Caetés;PE;Estadual;136;486.96;475.64;439.8;518.93;544.12;493.09
4958;Nanuque;MG;Estadual;121;500.95;484.62;447.78;492.54;539.5;493.08
4959;Ubajara;CE;Estadual;330;491.34;478.03;449.41;495.61;550.97;493.07
4960;Varzelândia;MG;Estadual;66;497.5;479.34;445.28;498.68;544.55;493.07
4961;Simonésia;MG;Estadual;38;504.33;471.31;456.36;489.55;543.68;493.05
4962;Santana da Boa Vista;RS;Estadual;19;510.68;485.42;435.36;504.31;529.47;493.05
4963;Almirante Tamandaré;PR;Estadual;216;512.57;495.73;449.42;487.86;519.63;493.04
4964;Alto Paraíso;PR;Estadual;3;527.33;496.37;383.57;451.23;606.67;493.03
4965;Prata;MG;Estadual;99;509.27;480.83;445.42;487.52;542.02;493.01
4966;Santa Tereza do Oeste;PR;Estadual;22;499.74;488.5;432.93;488.3;555.45;492.99
4967;Nova Olímpia;MT;Estadual;76;495.85;484.81;450.45;491.37;542.37;492.97
4968;Guanhães;MG;Estadual;88;503.82;483.17;462.54;495.73;519.55;492.96
4969;Gonzaga;MG;Estadual;20;499.98;473.54;441.11;512.19;538.0;492.96
4970;Malta;PB;Estadual;20;486.05;458.67;439.32;482.46;598.0;492.9
4971;Extremoz;RN;Estadual;148;500.62;483.61;445.51;487.07;547.57;492.88
4972;Rio Espera;MG;Estadual;36;498.19;484.19;448.06;484.96;548.89;492.86
4973;Floresta;PE;Estadual;100;497.05;463.52;444.26;482.85;576.6;492.86
4974;Ibirataia;BA;Estadual;40;491.96;480.46;442.25;477.57;572.0;492.85
4975;Glicério;SP;Estadual;5;500.32;481.54;460.6;485.78;536.0;492.85
4976;Tianguá;CE;Estadual;779;492.71;475.58;444.11;493.16;558.69;492.85
4977;Santa Lúcia;SP;Estadual;13;510.68;515.08;432.67;527.3;478.46;492.84
4978;Felixlândia;MG;Estadual;54;499.23;482.65;440.75;503.29;538.15;492.81
4979;Praia Grande;SC;Estadual;17;514.29;493.36;431.66;470.56;554.12;492.8
4980;Camamu;BA;Privada;2;456.6;420.65;451.85;534.85;600.0;492.79
4981;Paraíso das Águas;MS;Estadual;13;490.68;491.95;451.32;480.71;549.23;492.78
4982;Feijó;AC;Estadual;63;498.03;483.77;445.88;480.03;556.19;492.78
4983;João Câmara;RN;Estadual;125;492.01;485.24;446.57;467.88;572.16;492.77
4984;Tapurah;MT;Estadual;51;502.79;472.41;453.68;477.33;557.65;492.77
4985;Cônego Marinho;MG;Estadual;24;488.62;468.51;429.14;492.54;585.0;492.76
4986;Pombos;PE;Estadual;84;478.0;451.1;440.15;492.32;602.14;492.74
4987;Bernardino Batista;PB;Estadual;6;487.8;510.32;427.37;474.9;563.33;492.74
4988;Juína;MT;Estadual;93;496.02;481.97;450.88;471.56;563.23;492.73
4989;Pacajus;CE;Estadual;636;495.59;478.56;440.5;484.81;564.18;492.73
4990;Boa Vista;RR;Estadual;1070;504.25;486.47;451.37;484.91;536.67;492.73
4991;Livramento;PB;Estadual;48;499.26;488.55;439.07;474.58;562.08;492.71
4992;Jauru;MT;Estadual;45;493.68;482.93;441.57;491.16;554.22;492.71
4993;Canaã dos Carajás;PA;Municipal;14;506.63;518.95;467.06;482.27;488.57;492.7
4994;Açu;RN;Estadual;156;486.92;469.86;439.07;465.1;602.44;492.68
4995;Pedra Preta;MT;Estadual;61;497.7;482.82;446.83;472.46;563.61;492.68
4996;Camaçari;BA;Estadual;845;504.14;479.07;448.86;477.96;553.35;492.67
4997;Quixeré;CE;Estadual;149;496.49;472.93;452.25;490.74;550.87;492.66
4998;São Sebastião do Maranhão;MG;Estadual;37;500.04;476.21;443.44;478.71;564.86;492.65
4999;Grão Mogol;MG;Estadual;53;496.55;479.86;460.17;489.31;537.36;492.65
5000;Novo São Joaquim;MT;Estadual;19;481.62;471.14;466.53;530.08;513.68;492.61
5001;Monte Azul;MG;Estadual;67;492.31;460.01;439.69;496.67;574.33;492.6
5002;Júlio Borges;PI;Estadual;23;467.73;460.83;439.52;454.03;640.87;492.6
5003;Santa Terezinha;PE;Estadual;37;497.95;470.69;456.49;495.54;542.16;492.57
5004;Braço do Norte;SC;Privada;3;487.8;493.07;465.73;509.43;506.67;492.54
5005;Teotônio Vilela;AL;Estadual;285;481.71;460.58;441.14;471.38;607.86;492.53
5006;Iaçu;BA;Estadual;94;501.93;471.2;444.58;483.89;561.06;492.53
5007;Contenda;PR;Estadual;50;513.66;493.55;457.27;502.98;495.2;492.53
5008;Bom Jesus;RN;Estadual;11;500.94;482.81;432.28;492.06;554.55;492.53
5009;Rialma;GO;Estadual;49;496.42;484.68;443.75;484.76;553.06;492.53
5010;Porto Belo;SC;Estadual;55;518.46;493.19;448.26;493.25;509.45;492.52
5011;Presidente Dutra;BA;Estadual;32;479.75;469.68;450.05;495.58;567.5;492.51
5012;Ichu;BA;Estadual;19;501.27;473.61;452.29;492.15;543.16;492.49
5013;São Francisco do Pará;PA;Estadual;53;491.0;460.64;434.69;456.1;620.0;492.48
5014;Marquinho;PR;Estadual;25;493.75;470.32;466.7;483.53;548.0;492.46
5015;Açailândia;MA;Privada;37;488.69;452.52;453.77;484.04;583.24;492.45
5016;Esmeraldas;MG;Estadual;198;508.04;485.87;454.55;480.9;532.63;492.4
5017;Pedrinhas Paulista;SP;Estadual;12;521.86;472.99;444.79;483.97;538.33;492.39
5018;Chiapetta;RS;Estadual;12;513.8;484.71;460.68;464.13;538.33;492.33
5019;Passagem;RN;Estadual;7;502.0;457.89;432.1;483.96;585.71;492.33
5020;Murutinga do Sul;SP;Estadual;17;507.66;490.32;457.2;493.49;512.94;492.32
5021;Jardim;MS;Estadual;65;502.43;486.8;447.36;477.26;547.69;492.31
5022;Espírito Santo;RN;Estadual;27;490.17;471.31;441.21;489.98;568.89;492.31
5023;Cachoeira de Goiás;GO;Estadual;10;488.06;483.17;430.98;455.33;604.0;492.31
5024;Caetés;PE;Municipal;1;510.4;477.1;473.9;480.1;520.0;492.3
5025;Laranjal;PR;Estadual;6;516.42;470.5;462.23;462.25;550.0;492.28
5026;São Pedro do Turvo;SP;Estadual;25;514.03;496.3;438.13;496.08;516.8;492.27
5027;Vargem;SP;Estadual;9;521.53;486.29;470.46;483.0;500.0;492.26
5028;Catolândia;BA;Estadual;12;470.15;471.91;436.82;477.3;605.0;492.23
5029;Areia;PB;Estadual;112;485.64;478.17;437.12;471.62;588.57;492.22
5030;Bela Vista do Toldo;SC;Estadual;31;489.79;480.78;457.57;491.05;541.94;492.22
5031;Iguatemi;MS;Estadual;36;499.22;475.42;440.34;474.94;571.11;492.21
5032;Jaguaquara;BA;Estadual;193;495.89;477.95;447.19;474.15;565.8;492.2
5033;Antônio Dias;MG;Estadual;39;492.23;476.43;450.23;502.62;539.49;492.2
5034;Serra Azul;SP;Estadual;21;516.62;489.04;454.94;471.8;528.57;492.2
5035;Porto Rico;PR;Estadual;8;496.95;488.19;458.0;480.31;537.5;492.19
5036;Recreio;MG;Estadual;25;493.24;490.78;454.87;521.21;500.8;492.18
5037;Ribeirão;PE;Estadual;122;502.21;476.88;441.87;495.11;544.75;492.17
5038;Miranorte;TO;Estadual;51;501.57;474.39;439.23;466.85;578.82;492.17
5039;Ilhabela;SP;Estadual;64;515.44;486.81;454.11;491.77;512.5;492.13
5040;Catende;PE;Estadual;124;489.06;467.18;438.58;477.69;588.06;492.11
5041;Poço de José de Moura;PB;Estadual;39;494.64;478.61;441.44;468.41;577.44;492.11
5042;Cacimba de Dentro;PB;Estadual;84;490.63;475.26;436.68;474.46;583.33;492.07
5043;Piquerobi;SP;Estadual;14;502.44;493.74;471.47;492.52;500.0;492.04
5044;Santa Cruz da Conceição;SP;Estadual;5;490.92;488.66;442.1;490.46;548.0;492.03
5045;Cocal do Sul;SC;Estadual;25;506.12;497.5;444.74;504.55;507.2;492.02
5046;Figueira;PR;Estadual;18;508.85;491.47;448.1;459.31;552.22;491.99
5047;Itapissuma;PE;Estadual;117;497.24;484.08;458.75;479.88;539.83;491.96
5048;Farias Brito;CE;Estadual;164;496.25;478.49;453.93;495.71;535.37;491.95
5049;Tupanatinga;PE;Estadual;97;489.16;466.16;437.8;490.69;575.88;491.94
5050;Uruçuca;BA;Estadual;48;503.11;481.11;437.64;469.91;567.92;491.94
5051;Milagres;BA;Municipal;32;511.03;470.68;460.4;468.78;548.75;491.93
5052;Santa Filomena;PI;Estadual;20;500.56;469.36;464.6;505.06;520.0;491.92
5053;Candeias;BA;Estadual;291;493.86;479.85;443.52;476.5;565.84;491.92
5054;Paulo de Faria;SP;Estadual;30;513.36;488.84;443.66;480.35;533.33;491.91
5055;Cocal de Telha;PI;Estadual;44;487.01;485.48;440.94;484.74;561.36;491.91
5056;Damolândia;GO;Estadual;13;499.42;482.28;448.95;479.66;549.23;491.91
5057;São Fernando;RN;Estadual;8;477.75;484.0;431.22;454.01;612.5;491.9
5058;Boqueirão;PB;Estadual;96;484.11;475.72;433.22;475.34;591.04;491.89
5059;Bossoroca;RS;Municipal;4;524.25;496.82;455.38;472.88;510.0;491.86
5060;Piripiri;PI;Estadual;325;485.9;470.34;440.48;481.19;581.35;491.85
5061;Abadiânia;GO;Estadual;31;497.81;469.29;448.17;475.54;568.39;491.84
5062;Itapuí;SP;Estadual;11;510.93;494.56;452.85;493.55;507.27;491.83
5063;Mucugê;BA;Estadual;70;492.75;470.87;446.7;469.13;579.71;491.83
5064;Ninheira;MG;Estadual;30;495.81;468.21;459.18;480.46;555.33;491.8
5065;Santo Antônio do Descoberto;GO;Estadual;163;508.43;482.81;448.13;478.35;541.23;491.79
5066;São Simão;GO;Estadual;24;503.2;484.75;464.12;504.31;502.5;491.78
5067;Barra do Bugres;MT;Estadual;128;493.98;478.46;452.23;484.08;550.16;491.78
5068;Engenheiro Caldas;MG;Estadual;30;498.47;464.96;450.43;481.54;563.33;491.75
5069;Jatobá;PE;Estadual;47;495.54;471.07;454.97;483.02;554.04;491.73
5070;Luzilândia;PI;Estadual;121;483.82;471.05;435.38;472.88;595.54;491.73
5071;Apicum-Açu;MA;Estadual;65;475.17;469.45;437.02;496.31;580.62;491.71
5072;Alvinlândia;SP;Estadual;7;514.49;499.79;483.53;472.14;488.57;491.7
5073;Brasiléia;AC;Estadual;75;504.31;485.56;444.09;482.07;542.4;491.69
5074;Manoel Urbano;AC;Estadual;32;492.86;482.29;436.14;476.21;570.62;491.62
5075;Feliz Deserto;AL;Estadual;9;492.53;454.77;426.19;491.23;593.33;491.61
5076;Saboeiro;CE;Estadual;95;489.36;479.01;442.33;496.09;551.16;491.59
5077;Buenópolis;MG;Estadual;44;497.72;472.8;456.07;490.34;540.91;491.57
5078;Álvaro de Carvalho;SP;Estadual;2;493.4;470.05;457.6;466.75;570.0;491.56
5079;Jucurutu;RN;Estadual;96;500.61;469.52;443.52;481.63;562.5;491.56
5080;Jaguariaíva;PR;Estadual;90;509.81;500.15;460.44;487.11;500.22;491.55
5081;Campo Florido;MG;Estadual;13;505.07;479.44;448.04;498.98;526.15;491.54
5082;Delmiro Gouveia;AL;Estadual;232;497.11;474.69;444.05;485.67;555.86;491.48
5083;Padre Bernardo;GO;Estadual;61;502.22;467.96;432.97;487.68;566.56;491.48
5084;São José de Espinharas;PB;Estadual;19;491.37;472.23;438.74;465.5;589.47;491.46
5085;Timburi;SP;Estadual;12;495.14;482.72;462.92;496.52;520.0;491.46
5086;Guajeru;BA;Estadual;30;492.12;471.99;447.78;470.42;574.67;491.39
5087;Nova Ipixuna;PA;Estadual;44;490.61;480.69;444.24;492.3;549.09;491.39
5088;Olinda;PE;Estadual;1221;499.48;479.47;449.18;481.94;546.85;491.38
5089;Indaiabira;MG;Estadual;31;487.79;472.57;479.8;492.87;523.87;491.38
5090;Brejinho de Nazaré;TO;Estadual;25;476.94;452.45;449.46;462.02;616.0;491.37
5091;Santa Helena;PB;Estadual;28;494.35;472.21;438.74;466.45;585.0;491.35
5092;Porto Seguro;BA;Estadual;418;496.43;479.02;447.58;481.21;552.15;491.28
5093;Wall Ferraz;PI;Estadual;23;476.96;453.33;431.48;487.6;606.96;491.27
5094;Pedra Lavrada;PB;Estadual;52;492.91;477.54;438.88;483.16;563.85;491.27
5095;Buíque;PE;Estadual;133;498.69;475.76;442.53;510.76;528.57;491.26
5096;Taquaral;SP;Estadual;7;497.94;475.4;440.1;474.17;568.57;491.24
5097;Coronel Macedo;SP;Estadual;23;514.93;482.34;439.35;484.79;534.78;491.24
5098;Mari;PB;Estadual;105;486.3;475.85;434.69;485.42;573.9;491.23
5099;Santa Rita do Trivelato;MT;Estadual;4;511.25;482.55;487.75;464.52;510.0;491.22
5100;Araçoiaba da Serra;SP;Estadual;83;507.13;493.34;449.56;493.55;512.53;491.22
5101;Baianópolis;BA;Estadual;81;460.43;456.34;428.43;463.75;647.16;491.22
5102;Minador do Negrão;AL;Estadual;18;480.91;454.03;437.08;470.23;613.33;491.12
5103;Una;BA;Estadual;48;504.75;490.36;440.69;470.23;549.58;491.12
5104;Forquilha;CE;Estadual;180;496.97;466.76;441.67;496.59;553.44;491.09
5105;Mira Estrela;SP;Estadual;10;505.49;510.25;450.52;515.14;474.0;491.08
5106;Planaltina;GO;Estadual;322;505.46;487.77;448.46;481.54;532.05;491.06
5107;Rio Azul;PR;Estadual;49;498.4;490.09;450.44;500.88;515.51;491.06
5108;Sinop;MT;Estadual;409;497.62;481.35;447.2;487.98;541.08;491.05
5109;Tabaporã;MT;Estadual;30;511.58;494.33;449.14;488.12;512.0;491.04
5110;Alhandra;PB;Estadual;117;484.65;472.14;436.49;471.08;590.77;491.03
5111;Sabará;MG;Estadual;326;509.75;487.19;452.29;487.49;518.4;491.03
5112;Conceição de Macabu;RJ;Estadual;80;502.06;477.51;437.71;470.1;567.75;491.03
5113;Ibiraçu;ES;Estadual;33;503.12;484.05;437.22;487.66;543.03;491.02
5114;Francisco Sá;MG;Estadual;81;489.15;469.94;443.79;475.71;576.54;491.02
5115;Itabaianinha;SE;Estadual;223;482.79;468.56;433.01;472.44;598.3;491.02
5116;Manaus;AM;Estadual;10688;503.6;482.31;445.74;479.65;543.71;491.0
5117;Dom Expedito Lopes;PI;Estadual;25;482.98;457.17;442.06;471.11;601.6;490.98
5118;Parnaíba;PI;Estadual;658;493.6;473.46;449.1;477.17;561.55;490.98
5119;Nossa Senhora do Socorro;SE;Estadual;370;492.31;473.72;440.9;471.96;575.95;490.97
5120;Lábrea;AM;Federal;56;497.25;470.37;447.34;485.59;554.29;490.96
5121;Pongaí;SP;Estadual;11;487.89;489.75;446.79;466.67;563.64;490.95
5122;Américo Brasiliense;SP;Privada;6;511.03;502.18;438.68;462.78;540.0;490.94
5123;Vitória Brasil;SP;Estadual;2;526.85;440.0;495.3;522.55;470.0;490.94
5124;Cotriguaçu;MT;Estadual;24;490.46;484.27;433.53;521.44;525.0;490.94
5125;Teixeira Soares;PR;Estadual;25;506.98;494.95;457.02;496.45;499.2;490.92
5126;Brejo dos Santos;PB;Estadual;32;495.1;474.1;429.93;471.06;584.38;490.91
5127;Almino Afonso;RN;Estadual;20;495.11;478.1;434.86;481.46;565.0;490.9
5128;Nova Olinda;PB;Estadual;37;465.78;457.47;435.31;503.51;592.43;490.9
5129;Rio da Conceição;TO;Estadual;5;489.68;512.72;445.34;482.7;524.0;490.89
5130;Prudentópolis;PR;Estadual;177;502.36;488.21;452.36;498.47;512.99;490.88
5131;Irecê;BA;Estadual;319;490.02;471.16;436.24;483.39;573.54;490.87
5132;Divisa Nova;MG;Estadual;38;496.07;481.14;451.16;485.39;540.53;490.86
5133;Ribeirão Bonito;SP;Estadual;20;498.98;465.16;444.73;499.44;546.0;490.86
5134;São Félix do Tocantins;TO;Estadual;12;503.15;490.21;450.02;479.16;531.67;490.84
5135;Montanha;ES;Estadual;78;489.37;459.69;442.14;475.64;587.18;490.81
5136;São João do Cariri;PB;Estadual;30;497.87;460.74;439.76;468.99;586.67;490.8
5137;Inhaúma;MG;Estadual;28;500.5;492.9;443.92;490.16;526.43;490.78
5138;Santa Helena de Goiás;GO;Estadual;121;499.45;482.58;449.58;479.34;542.98;490.78
5139;Ocara;CE;Estadual;215;493.2;478.37;441.44;482.18;558.6;490.76
5140;Arroio Grande;RS;Estadual;71;504.18;482.28;439.98;486.73;540.56;490.75
5141;Areia Branca;SE;Estadual;63;487.06;469.59;438.71;476.12;582.22;490.74
5142;Itaguajé;PR;Estadual;15;487.68;460.88;437.01;522.69;545.33;490.72
5143;Acorizal;MT;Estadual;12;489.77;481.78;458.88;443.05;580.0;490.7
5144;Lagoa Alegre;PI;Estadual;53;483.54;475.07;444.42;477.98;572.45;490.69
5145;Bom Sucesso de Itararé;SP;Estadual;14;488.54;493.31;441.28;486.01;544.29;490.68
5146;Entre Rios do Sul;RS;Estadual;14;501.89;490.17;459.89;501.46;500.0;490.68
5147;Craíbas;AL;Estadual;100;483.47;477.56;446.63;491.51;554.2;490.67
5148;Presidente Tancredo Neves;BA;Estadual;96;498.89;473.32;442.59;473.74;564.79;490.67
5149;Francisco Alves;PR;Estadual;26;498.3;475.67;458.05;503.59;517.69;490.66
5150;Sandovalina;SP;Estadual;15;499.79;472.63;451.19;471.03;558.67;490.66
5151;Goiana;PE;Estadual;445;490.52;466.26;445.91;488.83;561.71;490.65
5152;Vieiras;MG;Estadual;23;500.2;475.23;450.18;475.45;552.17;490.65
5153;Maracanaú;CE;Estadual;1830;499.24;478.87;446.54;481.64;546.86;490.63
5154;Albertina;MG;Estadual;6;530.88;470.83;442.0;459.43;550.0;490.63
5155;São João do Paraíso;MA;Estadual;36;491.72;458.98;445.16;478.72;578.33;490.58
5156;Rio Crespo;RO;Estadual;17;492.89;483.65;447.09;485.75;543.53;490.58
5157;Vicentinópolis;GO;Estadual;20;502.28;463.06;466.37;511.0;510.0;490.54
5158;Engenheiro Beltrão;PR;Estadual;35;519.21;495.71;435.78;480.22;521.71;490.53
5159;Lago do Junco;MA;Privada;34;490.63;482.0;450.57;464.13;565.29;490.52
5160;Wanderley;BA;Estadual;70;477.26;453.87;426.96;484.34;610.0;490.49
5161;Casserengue;PB;Municipal;1;514.2;535.8;385.8;456.6;560.0;490.48
5162;Tucumã;PA;Municipal;1;511.3;456.7;494.9;549.5;440.0;490.48
5163;Guaiçara;SP;Estadual;18;519.81;481.64;432.28;479.77;538.89;490.48
5164;Ibituruna;MG;Estadual;9;487.67;469.79;422.26;479.31;593.33;490.47
5165;Jardim do Seridó;RN;Estadual;51;499.45;475.64;433.9;473.11;570.2;490.46
5166;Utinga;BA;Estadual;50;486.76;474.45;446.03;494.2;550.8;490.45
5167;Itacajá;TO;Estadual;54;482.43;470.77;441.39;477.28;580.37;490.45
5168;Nobres;MT;Estadual;59;500.4;476.07;443.67;477.75;554.24;490.43
5169;Caturama;BA;Estadual;33;479.92;476.35;443.58;491.68;560.61;490.43
5170;Reserva;PR;Estadual;44;506.89;482.6;456.37;487.2;519.09;490.43
5171;São Francisco de Goiás;GO;Estadual;16;502.94;493.71;449.68;484.58;521.25;490.43
5172;Morro Agudo de Goiás;GO;Estadual;17;497.19;478.63;462.56;497.31;516.47;490.43
5173;Francisco Santos;PI;Estadual;40;496.35;460.77;446.61;490.9;557.5;490.42
5174;Maracajá;SC;Estadual;26;480.17;490.4;452.45;496.75;532.31;490.42
5175;Rondon;PR;Estadual;44;500.75;481.01;457.14;484.81;528.18;490.38
5176;Rio do Prado;MG;Estadual;8;501.84;486.85;444.18;486.52;532.5;490.38
5177;Barcarena;PA;Estadual;443;491.82;477.96;446.84;467.37;567.86;490.37
5178;Caranaíba;MG;Estadual;10;504.3;461.23;437.35;476.92;572.0;490.36
5179;Umarizal;RN;Estadual;60;489.52;479.19;446.02;476.58;560.33;490.33
5180;Itambacuri;MG;Estadual;81;493.37;469.5;432.78;481.19;574.81;490.33
5181;Cananéia;SP;Estadual;48;511.4;494.08;460.03;477.29;508.75;490.31
5182;São Miguel do Aleixo;SE;Estadual;24;478.97;456.04;435.7;480.01;600.83;490.31
5183;Senador Amaral;MG;Estadual;18;497.2;451.49;449.11;497.09;556.67;490.31
5184;Bom Jardim de Goiás;GO;Estadual;33;498.28;463.82;448.59;484.3;556.36;490.27
5185;Cascavel;CE;Estadual;710;485.74;472.21;445.5;484.84;562.99;490.26
5186;Anísio de Abreu;PI;Estadual;27;489.3;478.18;451.37;470.96;561.48;490.26
5187;Lagoa de Pedras;RN;Estadual;37;479.29;442.78;452.75;482.88;593.51;490.24
5188;Santa Terezinha de Goiás;GO;Estadual;55;503.31;478.23;445.73;474.77;549.09;490.23
5189;Marinópolis;SP;Estadual;2;444.1;482.75;478.45;555.65;490.0;490.19
5190;Brodowski;SP;Estadual;21;504.24;486.41;455.77;487.31;517.14;490.18
5191;Água Limpa;GO;Estadual;7;504.16;463.93;429.39;461.96;591.43;490.17
5192;Ribeirão Cascalheira;MT;Estadual;28;507.31;479.67;444.79;485.48;533.57;490.16
5193;Caucaia;CE;Estadual;2120;493.19;476.02;446.38;485.2;549.96;490.15
5194;Corumbataí;SP;Estadual;15;510.28;480.89;477.69;492.49;489.33;490.14
5195;Miguel Calmon;BA;Estadual;100;487.58;469.86;440.72;477.32;575.2;490.13
5196;Belém de Maria;PE;Estadual;32;512.48;468.78;446.56;507.77;515.0;490.12
5197;Fervedouro;MG;Estadual;49;493.65;474.19;435.36;485.78;561.63;490.12
5198;Ouvidor;GO;Estadual;19;491.87;477.01;433.75;484.72;563.16;490.1
5199;Itarantim;BA;Estadual;45;494.36;471.38;440.25;473.84;570.67;490.1
5200;Monte Aprazível;SP;Estadual;91;506.55;484.81;450.56;493.37;515.16;490.09
5201;Vitória do Jari;AP;Estadual;55;478.29;456.3;440.46;462.71;612.36;490.03
5202;Custódia;PE;Estadual;171;491.24;477.86;449.83;490.28;540.82;490.01
5203;Maripá de Minas;MG;Estadual;14;498.13;469.24;456.06;487.96;538.57;489.99
5204;Maranguape;CE;Estadual;850;490.38;476.59;443.28;489.4;550.33;489.99
5205;Passa e Fica;RN;Estadual;43;497.07;474.51;439.96;498.9;539.53;489.99
5206;Barbosa;SP;Estadual;14;509.46;442.36;443.46;480.39;574.29;489.99
5207;Venha-Ver;RN;Estadual;23;505.43;462.27;435.51;469.25;577.39;489.97
5208;Santa Filomena;PE;Estadual;28;467.79;467.75;455.99;491.11;567.14;489.96
5209;Itiruçu;BA;Estadual;64;488.15;465.78;448.88;456.61;590.31;489.94
5210;Trairi;CE;Municipal;2;507.75;461.25;446.45;504.25;530.0;489.94
5211;Pinhão;PR;Estadual;121;503.72;493.61;448.43;487.8;516.03;489.92
5212;Itapicuru;BA;Estadual;95;478.4;472.58;438.94;472.52;587.16;489.92
5213;Rio Pardo de Minas;MG;Estadual;80;506.38;477.03;436.82;504.32;525.0;489.91
5214;Cachoeira Alta;GO;Estadual;49;501.72;473.84;448.14;483.2;542.45;489.87
5215;Paulicéia;SP;Estadual;6;517.02;490.05;446.67;505.57;490.0;489.86
5216;Parnamirim;PE;Estadual;79;491.02;476.75;447.0;491.53;542.78;489.82
5217;Novo Progresso;PA;Estadual;89;496.75;476.16;448.74;490.14;537.3;489.82
5218;Mesquita;RJ;Estadual;304;509.52;486.68;447.84;475.86;529.08;489.8
5219;Jaguapitã;PR;Estadual;38;500.46;474.21;451.41;493.44;529.47;489.8
5220;Lagoa de Itaenga;PE;Estadual;159;488.19;482.16;440.47;479.04;559.12;489.79
5221;Adolfo;SP;Estadual;4;492.72;470.95;455.6;524.6;505.0;489.78
5222;Jaru;RO;Estadual;265;500.83;479.66;446.84;481.72;539.85;489.78
5223;Juquiá;SP;Estadual;77;506.0;482.38;459.05;490.26;511.17;489.77
5224;Buritizeiro;MG;Estadual;59;505.66;477.39;440.46;478.92;546.44;489.77
5225;São José do Jacuípe;BA;Estadual;22;491.7;472.76;441.19;482.31;560.91;489.77
5226;São Joaquim;SC;Estadual;48;512.49;490.9;452.98;463.62;528.75;489.75
5227;Pimenteiras do Oeste;RO;Estadual;6;490.4;468.37;441.13;498.8;550.0;489.74
5228;Jandaíra;BA;Estadual;15;464.51;474.95;452.65;464.58;592.0;489.74
5229;Paraipaba;CE;Estadual;362;484.93;470.33;447.32;495.76;550.33;489.74
5230;Morungaba;SP;Estadual;13;505.12;478.97;454.31;508.73;501.54;489.73
5231;Alto Longá;PI;Estadual;46;487.5;475.56;440.66;479.29;565.65;489.73
5232;Cerro Azul;PR;Estadual;18;506.1;478.78;446.54;499.44;517.78;489.73
5233;Barra de São Miguel;PB;Estadual;9;477.61;489.44;452.73;479.86;548.89;489.71
5234;Alvorada D'Oeste;RO;Estadual;61;498.07;484.62;446.23;481.61;538.03;489.71
5235;Quixeramobim;CE;Estadual;783;488.18;472.52;442.3;489.63;555.84;489.69
5236;Amaraji;PE;Estadual;72;497.05;473.05;432.35;491.85;554.17;489.69
5237;Cruz;CE;Estadual;210;488.99;473.63;438.02;505.15;542.38;489.64
5238;Massapê do Piauí;PI;Estadual;27;479.23;475.65;432.83;504.2;556.3;489.64
5239;Planura;MG;Estadual;21;510.51;477.0;462.29;483.13;515.24;489.63
5240;Nova América da Colina;PR;Estadual;11;494.54;470.86;435.0;496.77;550.91;489.62
5241;Doutor Pedrinho;SC;Estadual;8;484.81;471.4;447.31;492.0;552.5;489.6
5242;Bagre;PA;Municipal;1;469.4;516.2;434.8;407.5;620.0;489.58
5243;São José dos Cordeiros;PB;Estadual;13;503.25;471.23;435.48;474.75;563.08;489.56
5244;Glória;BA;Estadual;45;495.19;485.4;445.51;477.65;544.0;489.55
5245;Sítio do Quinto;BA;Estadual;63;482.41;466.7;431.12;470.93;596.51;489.53
5246;Poço Fundo;MG;Municipal;1;552.6;498.1;399.0;437.8;560.0;489.5
5247;Coluna;MG;Estadual;47;497.78;483.26;459.7;476.06;530.64;489.49
5248;Santa Luzia do Paruá;MA;Estadual;71;497.07;475.05;424.41;484.1;566.76;489.48
5249;Tacaimbó;PE;Estadual;32;502.02;480.25;440.64;492.63;531.88;489.48
5250;Lagoa da Canoa;AL;Estadual;85;472.87;461.03;427.26;480.1;606.12;489.48
5251;Cabeceira Grande;MG;Estadual;37;506.83;483.31;443.41;489.51;524.32;489.48
5252;Aliança;PE;Estadual;162;497.07;480.35;449.24;479.96;540.49;489.42
5253;São Miguel do Guamá;PA;Estadual;224;485.14;473.67;443.95;470.87;573.48;489.42
5254;Itapiúna;CE;Estadual;140;492.06;482.29;445.7;467.89;559.14;489.41
5255;Santo Antônio do Aracanguá;SP;Estadual;14;506.81;485.73;467.89;452.31;534.29;489.41
5256;Guaraí;TO;Estadual;110;498.59;472.29;448.08;477.82;550.18;489.39
5257;Conquista D'Oeste;MT;Estadual;16;480.47;501.16;447.39;462.89;555.0;489.38
5258;Taquara;RS;Municipal;16;506.14;495.52;441.44;482.49;521.25;489.37
5259;Rio Verde de Mato Grosso;MS;Estadual;63;503.92;482.33;456.52;478.97;525.08;489.36
5260;Condado;PE;Estadual;123;489.77;473.51;443.48;488.01;552.03;489.36
5261;Marituba;PA;Municipal;64;486.56;474.85;444.36;457.61;583.44;489.36
5262;Porto Walter;AC;Estadual;19;457.81;469.69;428.71;441.09;649.47;489.35
5263;São Geraldo do Baixio;MG;Estadual;10;527.03;491.99;434.89;496.79;496.0;489.34
5264;Belém do São Francisco;PE;Estadual;116;493.83;480.48;440.11;485.03;547.24;489.34
5265;Natividade;RJ;Estadual;49;504.62;468.06;447.24;475.3;551.43;489.33
5266;Guairaçá;PR;Estadual;15;491.81;468.23;437.21;493.39;556.0;489.33
5267;Três Ranchos;GO;Estadual;8;503.05;502.86;467.25;488.46;485.0;489.32
5268;Marabá;PA;Estadual;971;486.71;470.3;441.93;476.59;571.08;489.32
5269;Bonito;MS;Estadual;60;505.58;483.87;446.2;494.26;516.67;489.32
5270;São Joaquim do Monte;PE;Estadual;69;490.0;471.02;440.82;494.6;550.14;489.32
5271;Santa Cruz dos Milagres;PI;Estadual;28;484.79;480.56;447.3;499.45;534.29;489.28
5272;Capinzal do Norte;MA;Estadual;25;480.37;467.12;446.89;497.58;554.4;489.27
5273;Sapé;PB;Estadual;230;490.93;475.28;436.79;473.45;569.83;489.26
5274;Centenário do Sul;PR;Estadual;31;499.77;493.98;450.22;472.59;529.68;489.25
5275;Aiuaba;CE;Estadual;136;493.43;473.36;440.13;495.35;543.97;489.25
5276;Armação dos Búzios;RJ;Estadual;20;510.55;491.9;438.06;460.66;545.0;489.24
5277;Severiano Melo;RN;Estadual;26;488.54;467.59;433.02;486.3;570.77;489.24
5278;Amparo de São Francisco;SE;Estadual;12;471.62;486.1;424.81;461.97;601.67;489.23
5279;Datas;MG;Estadual;29;505.4;489.49;438.7;471.1;541.38;489.22
5280;São João da Baliza;RR;Estadual;12;511.92;451.63;432.68;484.88;565.0;489.22
5281;Britânia;GO;Estadual;20;495.92;479.09;440.12;459.88;571.0;489.2
5282;Pindaré-Mirim;MA;Estadual;206;492.07;478.23;452.4;470.74;552.52;489.19
5283;Nova Independência;SP;Estadual;20;497.02;471.84;455.98;514.02;507.0;489.17
5284;Nova Canaã;BA;Estadual;28;496.94;470.42;445.98;475.2;557.14;489.14
5285;Bequimão;MA;Estadual;50;491.59;473.22;432.38;474.1;574.4;489.14
5286;Valença do Piauí;PI;Estadual;108;488.05;460.57;443.24;486.38;567.41;489.13
5287;Mirador;PR;Estadual;1;481.2;462.5;429.1;492.8;580.0;489.12
5288;Santana de Parnaíba;SP;Municipal;610;503.5;478.78;445.97;483.97;533.28;489.1
5289;Santo Inácio do Piauí;PI;Estadual;24;478.26;464.45;441.8;495.04;565.83;489.08
5290;São Miguel dos Campos;AL;Estadual;246;489.64;468.97;440.78;473.7;572.28;489.07
5291;Nova Soure;BA;Estadual;85;498.31;475.37;438.94;463.72;568.94;489.06
5292;Rio Branco do Sul;PR;Estadual;118;506.75;489.89;447.51;481.49;519.66;489.06
5293;Santa Maria do Pará;PA;Municipal;1;493.7;489.9;444.7;436.9;580.0;489.04
5294;Remanso;BA;Estadual;125;486.04;470.17;438.78;484.98;564.96;488.99
5295;Ipaumirim;CE;Estadual;78;488.67;472.24;438.61;478.15;567.18;488.97
5296;Correntes;PE;Estadual;98;484.84;474.44;444.56;482.42;558.57;488.97
5297;Espigão Alto do Iguaçu;PR;Estadual;17;507.24;479.89;451.07;487.68;518.82;488.94
5298;Periquito;MG;Estadual;17;500.26;466.54;434.81;479.51;563.53;488.93
5299;Inajá;PR;Estadual;7;499.87;504.76;475.27;476.07;488.57;488.91
5300;Brasilândia;MS;Estadual;32;502.95;484.53;454.78;467.23;535.0;488.9
5301;Piratini;RS;Estadual;62;496.37;476.73;432.21;494.99;544.19;488.9
5302;Remígio;PB;Estadual;104;488.81;466.03;440.95;461.53;587.12;488.89
5303;Mata Verde;MG;Estadual;56;497.09;478.9;450.96;501.01;516.43;488.88
5304;Iguaí;BA;Estadual;48;498.54;478.14;443.08;471.32;553.33;488.88
5305;Água Branca;AL;Estadual;79;483.45;473.42;435.17;483.99;568.1;488.83
5306;Itiquira;MT;Estadual;40;508.59;480.88;448.01;486.16;520.5;488.83
5307;Cândido Sales;BA;Estadual;118;482.32;467.83;446.78;487.32;559.83;488.82
5308;Acaiaca;MG;Privada;6;500.42;487.1;440.8;515.73;500.0;488.81
5309;Riachão do Dantas;SE;Estadual;97;483.12;463.75;431.93;468.66;596.49;488.79
5310;Barra do Mendes;BA;Estadual;37;507.69;469.87;447.64;465.7;552.97;488.78
5311;Xambioá;TO;Estadual;41;490.08;469.55;436.33;466.98;580.98;488.78
5312;Santa Maria da Vitória;BA;Estadual;219;485.71;476.47;453.56;479.16;548.95;488.77
5313;Boa Esperança;PR;Estadual;17;512.59;479.95;433.53;453.08;564.71;488.77
5314;Moreno;PE;Estadual;213;497.63;472.8;445.22;477.49;550.61;488.75
5315;Serra do Mel;RN;Estadual;35;477.43;463.11;440.4;476.54;586.29;488.75
5316;Jaramataia;AL;Estadual;27;478.16;447.46;416.16;460.5;641.48;488.75
5317;Piraí do Sul;PR;Estadual;49;504.86;490.26;455.13;494.26;499.18;488.74
5318;Palmas;PR;Estadual;43;512.37;497.46;457.35;481.18;495.35;488.74
5319;Presidente Prudente;SP;Municipal;1;525.5;413.4;497.7;527.0;480.0;488.72
5320;Mandirituba;PR;Estadual;47;496.46;486.6;456.97;484.81;518.72;488.71
5321;Chapada dos Guimarães;MT;Estadual;93;497.64;490.58;445.7;477.17;532.47;488.71
5322;Macarani;BA;Estadual;47;495.09;473.33;440.49;490.77;543.83;488.7
5323;São Pedro do Paraná;PR;Estadual;13;488.94;507.94;463.27;460.26;523.08;488.7
5324;Anapu;PA;Privada;10;507.61;484.13;464.35;469.34;518.0;488.69
5325;Breves;PA;Estadual;537;482.27;470.96;441.03;472.26;576.91;488.68
5326;São Gabriel;BA;Estadual;60;476.21;454.47;431.62;469.45;611.67;488.68
5327;Amargosa;BA;Estadual;145;498.55;483.71;449.25;468.94;542.9;488.67
5328;Chapecó;SC;Municipal;1;539.3;472.4;426.0;505.6;500.0;488.66
5329;Guaraci;PR;Estadual;35;498.52;478.2;464.19;506.68;495.43;488.6
5330;José Raydan;MG;Estadual;16;484.66;469.84;447.74;506.86;533.75;488.57
5331;Capela;AL;Estadual;61;475.36;455.88;430.88;450.12;630.49;488.55
5332;Barra do Rio Azul;RS;Estadual;6;502.2;490.75;432.72;517.07;500.0;488.55
5333;Morretes;PR;Estadual;48;504.45;491.27;450.85;504.11;492.08;488.55
5334;Joca Marques;PI;Estadual;14;478.39;468.79;425.11;466.13;604.29;488.54
5335;Terra Nova;PE;Estadual;62;489.95;466.32;444.0;519.52;522.9;488.54
5336;Filadélfia;BA;Estadual;52;490.79;480.68;457.3;473.56;540.38;488.54
5337;Itaquara;BA;Estadual;28;493.04;479.13;443.38;465.74;561.43;488.54
5338;Major Sales;RN;Estadual;22;493.42;460.8;465.71;491.79;530.91;488.53
5339;Pedro II;PI;Estadual;216;486.26;471.83;444.11;477.57;562.87;488.53
5340;Aparecida do Rio Negro;TO;Estadual;32;482.79;458.43;445.98;477.28;578.12;488.52
5341;Cidelândia;MA;Estadual;30;491.19;476.33;448.58;478.39;548.0;488.5
5342;Flores do Piauí;PI;Estadual;22;484.03;463.12;432.55;460.0;602.73;488.49
5343;Uibaí;BA;Estadual;41;497.77;474.31;447.07;485.74;537.56;488.49
5344;Santa Cruz de Monte Castelo;PR;Estadual;31;500.41;489.2;434.61;474.9;543.23;488.47
5345;Irará;BA;Municipal;1;551.7;354.5;497.7;418.4;620.0;488.46
5346;Conceição do Tocantins;TO;Estadual;21;479.22;464.86;430.43;500.96;566.67;488.43
5347;Alto Paraíso;RO;Estadual;42;492.12;468.58;431.0;486.15;564.29;488.43
5348;Mozarlândia;GO;Estadual;41;506.44;477.17;425.53;494.4;538.54;488.42
5349;Palmelo;GO;Estadual;6;511.13;472.9;463.18;458.17;536.67;488.41
5350;Santa Cruz;RN;Estadual;119;490.05;468.12;450.47;479.27;554.12;488.41
5351;Tucano;BA;Estadual;194;498.57;474.31;441.22;481.67;546.29;488.41
5352;Paragominas;PA;Estadual;464;489.52;475.0;441.3;467.89;568.36;488.41
5353;União Paulista;SP;Estadual;5;518.18;480.38;446.38;457.06;540.0;488.4
5354;Rio Bom;PR;Estadual;10;514.46;489.46;455.81;490.12;492.0;488.37
5355;Bayeux;PB;Estadual;328;498.29;474.91;437.84;476.76;554.02;488.36
5356;Santa Rita de Ibitipoca;MG;Estadual;17;478.14;467.61;451.84;485.34;558.82;488.35
5357;Muribeca;SE;Estadual;48;475.46;449.93;439.08;481.88;595.42;488.35
5358;Porciúncula;RJ;Estadual;61;496.53;476.75;439.43;475.58;553.44;488.35
5359;Capão do Cipó;RS;Estadual;4;499.95;511.55;415.72;504.4;510.0;488.33
5360;Canaã dos Carajás;PA;Estadual;103;489.67;470.73;442.86;475.59;562.72;488.31
5361;Mucuri;BA;Estadual;123;495.8;469.6;448.73;490.81;536.59;488.3
5362;Jaú do Tocantins;TO;Estadual;13;490.22;480.38;456.81;463.35;550.77;488.3
5363;Turilândia;MA;Estadual;51;476.05;460.46;420.17;455.44;629.41;488.3
5364;São Domingos;SC;Estadual;26;488.76;471.47;442.66;511.65;526.92;488.29
5365;Couto de Magalhães de Minas;MG;Estadual;43;491.7;483.87;445.86;500.86;519.07;488.27
5366;Itatuba;PB;Estadual;31;476.57;478.01;443.48;470.35;572.9;488.26
5367;Caiçara do Rio do Vento;RN;Estadual;14;497.61;465.31;444.59;462.31;571.43;488.25
5368;Doverlândia;GO;Estadual;29;497.7;471.81;456.24;496.85;518.62;488.25
5369;Cambuquira;MG;Estadual;34;500.48;491.81;448.97;478.22;521.76;488.25
5370;Bacabal;MA;Estadual;578;489.0;473.97;440.18;479.63;558.44;488.25
5371;Itaituba;PA;Estadual;228;493.91;479.43;439.95;466.78;561.14;488.24
5372;Poço Branco;RN;Estadual;48;500.02;471.26;438.08;455.07;576.67;488.22
5373;Primeiro de Maio;PR;Estadual;18;510.7;495.03;474.9;481.42;478.89;488.19
5374;Crixás do Tocantins;TO;Estadual;6;501.47;475.08;429.83;481.2;553.33;488.18
5375;Rorainópolis;RR;Estadual;25;504.12;503.4;441.51;479.03;512.8;488.17
5376;Pojuca;BA;Estadual;108;505.54;474.87;448.12;479.07;533.15;488.15
5377;Campo Alegre;SC;Estadual;32;494.63;487.07;446.58;493.09;519.38;488.15
5378;Panorama;SP;Estadual;30;513.11;478.34;449.23;460.69;539.33;488.14
5379;Portalegre;RN;Estadual;39;493.42;478.39;436.49;476.38;555.9;488.12
5380;Abaetetuba;PA;Estadual;698;479.56;466.21;437.91;465.68;591.09;488.09
5381;São Gonçalo do Amarante;CE;Estadual;531;491.35;467.21;438.2;498.57;545.08;488.08
5382;Visconde do Rio Branco;MG;Estadual;68;496.76;469.37;449.32;473.21;551.76;488.08
5383;Monte Azul Paulista;SP;Estadual;28;493.24;464.11;445.57;530.36;507.14;488.08
5384;Cristais Paulista;SP;Estadual;17;498.64;478.94;445.61;498.4;518.82;488.08
5385;Santa Luzia;MA;Privada;4;469.83;472.3;495.85;482.38;520.0;488.07
5386;Limoeiro de Anadia;AL;Estadual;90;486.81;474.44;440.96;485.22;552.89;488.06
5387;Marapoama;SP;Estadual;7;511.59;495.19;447.14;466.31;520.0;488.05
5388;Araguaçu;TO;Estadual;26;497.33;467.82;463.36;486.25;525.38;488.03
5389;Luiziana;PR;Estadual;26;500.87;484.26;467.61;501.23;486.15;488.02
5390;Urupema;SC;Estadual;16;519.0;501.98;478.74;480.31;460.0;488.01
5391;Açailândia;MA;Estadual;539;493.15;470.93;441.8;476.23;557.92;488.0
5392;Novo Horizonte do Sul;MS;Estadual;16;499.8;464.81;455.46;498.69;521.25;488.0
5393;Viana;ES;Estadual;270;502.92;482.34;441.8;476.19;536.67;487.98
5394;Pedreiras;MA;Estadual;157;487.66;472.2;438.78;484.79;556.43;487.97
5395;Ipameri;GO;Estadual;96;493.66;483.2;447.92;491.14;523.96;487.97
5396;Nova Laranjeiras;PR;Estadual;44;487.82;493.59;450.99;491.49;515.91;487.96
5397;Formoso;GO;Estadual;16;461.19;442.65;429.26;521.63;585.0;487.95
5398;Porto Franco;MA;Estadual;141;494.14;468.53;436.13;466.88;574.04;487.95
5399;Regente Feijó;SP;Estadual;73;500.16;483.59;452.24;493.33;510.41;487.95
5400;Uruaçu;GO;Estadual;141;499.76;483.19;447.25;483.54;525.96;487.94
5401;Coité do Nóia;AL;Estadual;52;488.19;471.15;438.66;460.86;580.77;487.93
5402;Maceió;AL;Estadual;2517;493.02;473.28;439.17;472.83;561.34;487.93
5403;Baraúna;RN;Estadual;87;491.53;466.46;447.83;474.91;558.85;487.91
5404;Maruim;SE;Privada;6;486.2;492.27;445.15;479.27;536.67;487.91
5405;Ibicuí;BA;Estadual;47;496.17;479.43;434.52;464.7;564.68;487.9
5406;Elisiário;SP;Estadual;7;531.06;481.64;453.0;468.03;505.71;487.89
5407;Vila Rica;MT;Privada;2;516.15;450.2;481.35;551.7;440.0;487.88
5408;Piratininga;SP;Estadual;18;507.28;477.43;441.02;477.96;535.56;487.85
5409;Paranavaí;PR;Estadual;213;493.19;478.71;439.59;476.9;550.8;487.84
5410;Água Fria;BA;Estadual;32;496.44;464.99;450.29;461.87;565.62;487.84
5411;Prado;BA;Municipal;20;485.25;463.64;447.02;458.09;585.0;487.8
5412;Boa Esperança do Sul;SP;Estadual;15;503.39;477.35;467.64;466.65;524.0;487.8
5413;Cacequi;RS;Estadual;17;506.36;490.58;455.08;465.71;521.18;487.78
5414;Curionópolis;PA;Estadual;40;478.22;466.93;432.84;474.89;586.0;487.78
5415;Morro Agudo;SP;Estadual;54;503.33;473.52;447.34;473.93;540.74;487.77
5416;Carnaubal;CE;Estadual;163;484.85;479.08;439.34;478.64;556.93;487.77
5417;Rubim;MG;Estadual;27;495.55;482.89;437.29;504.55;518.52;487.76
5418;Bonópolis;GO;Estadual;14;483.8;480.87;443.05;490.85;540.0;487.71
5419;Alvorada;TO;Estadual;45;494.85;474.1;438.3;468.16;563.11;487.71
5420;Senhor do Bonfim;BA;Estadual;237;493.66;473.72;444.34;473.93;552.91;487.71
5421;Magda;SP;Estadual;8;507.08;502.95;456.05;494.86;477.5;487.69
5422;Macapá;AP;Estadual;2566;493.06;476.33;440.59;467.1;561.25;487.67
5423;Jucuruçu;BA;Estadual;11;480.35;485.3;436.79;477.67;558.18;487.66
5424;Irapuru;SP;Estadual;28;497.92;487.11;441.49;486.69;525.0;487.64
5425;Frei Rogério;SC;Estadual;14;494.15;477.65;443.3;490.19;532.86;487.63
5426;Aurora do Tocantins;TO;Estadual;11;479.71;483.02;417.25;490.93;567.27;487.63
5427;Chalé;MG;Estadual;14;484.28;463.46;456.83;466.41;567.14;487.62
5428;Barreirinhas;MA;Privada;2;474.25;533.35;416.7;493.75;520.0;487.61
5429;São José do Rio Claro;MT;Estadual;82;499.0;486.96;444.59;475.06;532.44;487.61
5430;Itamaraju;BA;Estadual;202;497.37;481.26;447.57;473.66;538.12;487.6
5431;Mâncio Lima;AC;Municipal;1;462.8;490.5;488.5;496.1;500.0;487.58
5432;Jacarezinho;PR;Estadual;47;506.47;478.18;439.9;482.7;530.64;487.58
5433;Santa Cruz da Vitória;BA;Estadual;16;496.54;447.04;460.51;473.66;560.0;487.55
5434;Jaguaretama;CE;Estadual;109;488.82;464.24;446.29;502.38;535.96;487.54
5435;Queimados;RJ;Estadual;488;502.11;477.13;443.04;473.61;541.68;487.51
5436;Palmeira do Piauí;PI;Estadual;12;490.64;458.86;452.28;497.28;538.33;487.48
5437;Serra Negra do Norte;RN;Estadual;26;486.83;449.26;443.34;491.8;566.15;487.47
5438;Vitória do Xingu;PA;Privada;5;486.78;465.34;467.1;490.0;528.0;487.44
5439;Barão do Triunfo;RS;Estadual;15;502.65;488.87;424.39;483.85;537.33;487.42
5440;Japeri;RJ;Estadual;270;501.51;471.33;444.32;473.6;546.3;487.41
5441;Santana;BA;Estadual;116;493.68;473.79;452.93;480.19;536.38;487.4
5442;Santa Teresinha;PB;Estadual;25;482.12;485.41;453.27;492.08;524.0;487.38
5443;Alto Alegre;SP;Estadual;11;489.4;489.02;458.76;494.18;505.45;487.36
5444;Kaloré;PR;Estadual;22;485.72;482.52;435.15;494.12;539.09;487.32
5445;Guajará;AM;Estadual;35;488.42;477.56;424.62;464.29;581.71;487.32
5446;Carmópolis;SE;Estadual;75;494.88;472.49;436.51;463.62;569.07;487.31
5447;Campo Alegre de Lourdes;BA;Estadual;20;481.12;462.44;435.98;477.9;579.0;487.29
5448;Touros;RN;Estadual;59;466.93;459.96;436.27;463.82;609.49;487.29
5449;Crixás;GO;Estadual;46;500.55;479.53;432.08;492.77;531.3;487.25
5450;José Gonçalves de Minas;MG;Estadual;22;482.25;472.89;438.89;487.62;554.55;487.24
5451;Esperantina;TO;Estadual;21;487.98;479.25;453.8;496.03;519.05;487.22
5452;Buritizal;SP;Estadual;13;483.55;459.95;415.12;499.02;578.46;487.22
5453;Materlândia;MG;Estadual;17;518.41;492.34;460.98;467.85;496.47;487.21
5454;Paranapoema;PR;Estadual;11;507.01;435.47;454.25;457.42;581.82;487.19
5455;Perdizes;MG;Municipal;1;521.0;492.7;406.6;495.6;520.0;487.18
5456;Poranga;CE;Estadual;75;469.55;462.37;442.42;471.66;589.87;487.17
5457;São José do Piauí;PI;Estadual;34;472.83;455.42;441.61;481.1;584.71;487.13
5458;Bela Vista de Goiás;GO;Estadual;116;496.91;483.57;454.96;493.27;506.9;487.12
5459;Dom Joaquim;MG;Estadual;20;494.62;479.87;446.02;475.08;540.0;487.12
5460;Nuporanga;SP;Estadual;10;497.33;478.2;454.0;510.07;496.0;487.12
5461;Escada;PE;Estadual;260;487.73;467.4;441.79;475.1;563.46;487.1
5462;Pontes e Lacerda;MT;Estadual;124;496.77;474.77;448.76;478.03;537.1;487.09
5463;Nilo Peçanha;BA;Privada;10;474.06;496.75;438.09;466.5;560.0;487.08
5464;Erebango;RS;Estadual;8;486.31;515.54;437.61;513.45;482.5;487.08
5465;Guararema;SP;Estadual;83;502.56;484.79;463.38;490.68;493.98;487.08
5466;Feira Nova;PE;Estadual;142;480.46;464.08;445.24;492.16;553.24;487.03
5467;Conceição da Barra;ES;Estadual;144;494.29;468.34;444.79;483.69;544.03;487.03
5468;São João do Caiuá;PR;Estadual;19;510.37;499.19;462.62;476.61;486.32;487.02
5469;Ananindeua;PA;Estadual;2158;491.59;476.85;445.73;469.6;551.33;487.02
5470;Palmeira;SC;Estadual;4;511.7;480.75;434.42;543.22;465.0;487.02
5471;Bonfinópolis;GO;Estadual;21;492.83;461.88;444.23;470.38;565.71;487.01
5472;São José da Coroa Grande;PE;Estadual;95;482.75;467.63;446.95;481.45;556.21;487.0
5473;Pilar de Goiás;GO;Estadual;13;493.41;478.27;434.97;474.45;553.85;486.99
5474;Novo Gama;GO;Estadual;209;503.66;481.1;441.1;467.32;541.72;486.98
5475;Sete Barras;SP;Estadual;56;487.76;480.38;444.0;495.16;527.5;486.96
5476;Alto Paraná;PR;Estadual;49;507.71;487.55;459.23;487.63;492.65;486.95
5477;Lavras da Mangabeira;CE;Estadual;255;483.81;469.23;438.24;483.46;560.0;486.95
5478;Santana do Seridó;RN;Estadual;5;482.36;457.88;464.86;441.62;588.0;486.94
5479;Silva Jardim;RJ;Estadual;68;497.08;477.02;451.85;476.58;532.06;486.92
5480;Humaitá;AM;Municipal;1;498.4;510.4;466.6;419.1;540.0;486.9
5481;Amorinópolis;GO;Estadual;7;478.4;449.17;426.1;489.21;591.43;486.86
5482;Oratórios;MG;Estadual;30;489.6;469.03;459.79;487.17;528.67;486.85
5483;Mirandiba;PE;Estadual;40;484.05;455.68;447.66;486.79;560.0;486.83
5484;Nazária;PI;Estadual;12;502.88;465.52;438.31;467.38;560.0;486.82
5485;Piranhas;AL;Estadual;87;485.66;462.44;437.46;460.32;588.05;486.79
5486;Pirajuba;MG;Estadual;16;507.33;464.01;446.91;488.18;527.5;486.78
5487;Canindé de São Francisco;SE;Estadual;122;485.64;457.64;440.43;475.93;574.26;486.78
5488;Castanheira;MT;Estadual;39;486.71;481.87;440.17;488.18;536.92;486.77
5489;Capinópolis;MG;Estadual;24;503.69;499.42;452.03;469.52;509.17;486.77
5490;Chavantes;SP;Estadual;33;499.08;483.39;433.08;501.27;516.97;486.76
5491;Bandeirante;SC;Estadual;8;495.82;468.64;511.82;509.86;447.5;486.73
5492;Santa Maria de Itabira;MG;Estadual;43;500.13;468.19;444.49;488.7;532.09;486.72
5493;Silveiras;SP;Municipal;3;513.77;420.83;439.77;545.9;513.33;486.72
5494;Toritama;PE;Estadual;147;494.18;475.39;442.31;490.51;531.16;486.71
5495;Reriutaba;CE;Estadual;241;488.26;477.37;441.8;492.66;533.44;486.71
5496;Alto Araguaia;MT;Estadual;39;500.6;485.45;460.88;472.13;514.36;486.69
5497;Pereiras;SP;Estadual;16;505.17;488.86;470.81;487.34;481.25;486.69
5498;Beberibe;CE;Estadual;578;492.1;470.32;443.68;488.51;538.75;486.67
5499;Turvânia;GO;Estadual;10;478.19;470.19;454.7;508.16;522.0;486.65
5500;Ipeúna;SP;Estadual;27;508.49;490.13;467.69;496.41;470.37;486.62
5501;Paraú;RN;Estadual;16;496.34;479.6;423.52;484.76;548.75;486.59
5502;Ataléia;MG;Estadual;29;490.27;458.57;449.18;484.51;550.34;486.57
5503;Nossa Senhora de Lourdes;SE;Estadual;59;486.7;467.74;427.78;478.39;572.2;486.56
5504;Santo Antônio do Amparo;MG;Estadual;95;499.41;469.71;438.47;479.71;545.47;486.56
5505;Marituba;PA;Estadual;452;489.12;475.31;442.83;470.96;554.51;486.55
5506;Avaí;SP;Estadual;8;513.61;517.5;450.6;471.02;480.0;486.55
5507;Santo Estêvão;BA;Estadual;241;487.91;462.11;432.87;476.02;573.86;486.55
5508;Santo Hipólito;MG;Estadual;8;486.26;459.29;418.7;518.44;550.0;486.54
5509;Campo Formoso;BA;Estadual;263;484.91;475.44;440.19;469.95;562.21;486.54
5510;Caetité;BA;Municipal;2;466.05;465.4;430.75;390.5;680.0;486.54
5511;Ladainha;MG;Estadual;39;503.79;479.61;445.26;487.09;516.92;486.54
5512;Colniza;MT;Estadual;52;491.21;478.57;446.72;478.44;537.69;486.53
5513;Nova Colinas;MA;Municipal;2;477.6;490.55;444.45;450.05;570.0;486.53
5514;Alto Piquiri;PR;Estadual;13;486.34;457.02;435.42;513.83;540.0;486.52
5515;Jequitinhonha;MG;Estadual;55;501.94;490.38;443.81;468.95;527.27;486.47
5516;Riachão do Jacuípe;BA;Estadual;109;489.55;473.25;442.17;478.76;548.62;486.47
5517;Ibiapina;CE;Estadual;181;488.16;477.16;443.86;478.97;544.2;486.47
5518;Camapuã;MS;Estadual;63;497.13;473.08;442.13;470.77;549.21;486.46
5519;Olindina;BA;Estadual;63;491.18;477.1;432.37;474.21;557.46;486.46
5520;Redenção;PA;Estadual;345;488.81;468.82;444.4;477.65;552.52;486.44
5521;São Francisco do Brejão;MA;Estadual;27;498.51;469.58;441.92;471.04;551.11;486.43
5522;Assunção;PB;Estadual;19;494.97;461.77;435.66;482.65;556.84;486.38
5523;Cardoso;SP;Estadual;26;502.56;485.67;436.97;503.64;503.08;486.38
5524;Guarabira;PB;Estadual;243;486.33;464.15;435.22;471.48;574.73;486.38
5525;Presidente Alves;SP;Estadual;8;503.8;496.16;452.02;467.35;512.5;486.37
5526;Piracanjuba;GO;Municipal;3;481.53;488.03;474.03;488.13;500.0;486.35
5527;Tombos;MG;Estadual;32;485.78;466.01;439.0;495.87;545.0;486.33
5528;Ibotirama;BA;Estadual;74;487.32;469.97;451.83;479.24;543.24;486.32
5529;Feira Grande;AL;Estadual;86;486.85;475.64;439.06;463.93;566.05;486.31
5530;Tapejara;PR;Estadual;61;492.77;479.52;441.73;485.4;532.13;486.31
5531;Araruna;PB;Estadual;75;481.01;475.2;436.43;477.15;561.6;486.28
5532;Brejo Santo;CE;Estadual;393;487.78;465.49;439.58;485.77;552.72;486.27
5533;São José da Bela Vista;SP;Estadual;16;516.88;479.56;441.64;480.7;512.5;486.26
5534;Pinhão;SE;Estadual;27;484.34;460.79;439.79;473.75;572.59;486.25
5535;Ipu;CE;Estadual;353;484.16;471.62;444.99;492.69;537.79;486.25
5536;Dom Eliseu;PA;Estadual;100;489.37;481.88;445.12;472.24;542.6;486.24
5537;Rancho Alegre D'Oeste;PR;Estadual;4;514.33;488.52;416.22;472.02;540.0;486.22
5538;Franca;SP;Municipal;28;492.44;481.45;444.09;485.94;527.14;486.21
5539;Vilhena;RO;Estadual;259;500.1;476.36;444.61;484.91;524.94;486.19
5540;Marapanim;PA;Estadual;44;486.38;461.01;442.92;455.58;585.0;486.17
5541;Canhotinho;PE;Estadual;83;491.84;479.09;443.87;503.65;512.29;486.15
5542;Pirpirituba;PB;Estadual;25;485.84;453.6;425.43;508.3;557.6;486.15
5543;Icaraí de Minas;MG;Estadual;29;494.6;470.44;434.58;493.22;537.93;486.15
5544;Rosana;SP;Estadual;77;502.15;478.68;450.16;497.08;502.6;486.13
5545;Arraial;PI;Estadual;15;496.26;446.92;429.32;458.0;600.0;486.1
5546;Pedro Alexandre;BA;Estadual;52;484.15;477.11;434.29;487.52;547.31;486.08
5547;Aramina;SP;Estadual;7;512.43;455.4;477.36;493.79;491.43;486.08
5548;Montadas;PB;Estadual;28;478.69;475.04;433.97;469.74;572.86;486.06
5549;Gado Bravo;PB;Estadual;27;489.21;477.04;432.86;471.16;560.0;486.05
5550;Itagibá;BA;Estadual;49;490.6;468.53;422.48;466.94;581.63;486.04
5551;Sucupira do Riachão;MA;Estadual;12;466.84;466.53;441.1;505.7;550.0;486.04
5552;Nordestina;BA;Estadual;21;497.15;483.13;452.4;478.44;519.05;486.03
5553;Igarassu;PE;Estadual;408;493.71;472.34;444.0;482.51;537.6;486.03
5554;São Gonçalo do Abaeté;MG;Estadual;17;486.61;471.39;453.13;461.35;557.65;486.02
5555;Teixeira;PB;Estadual;55;480.77;472.97;440.89;493.63;541.82;486.02
5556;Lagoa Nova;RN;Estadual;77;493.35;481.96;442.14;465.06;547.53;486.01
5557;Cachoeira Dourada;MG;Estadual;10;505.75;468.55;425.76;461.96;568.0;486.0
5558;Arenápolis;MT;Estadual;47;502.64;470.84;446.29;477.88;532.34;486.0
5559;Ortigueira;PR;Estadual;44;489.24;478.82;444.22;477.65;540.0;485.99
5560;Alto Taquari;MT;Estadual;27;490.92;485.85;452.81;482.55;517.78;485.98
5561;Caraúbas do Piauí;PI;Estadual;7;482.86;485.26;434.86;478.34;548.57;485.98
5562;Maracanaú;CE;Municipal;24;516.73;491.4;449.09;449.29;523.33;485.97
5563;Garrafão do Norte;PA;Estadual;64;478.6;469.53;445.87;466.11;569.69;485.96
5564;Xinguara;PA;Estadual;234;482.41;460.87;443.33;471.8;571.28;485.94
5565;São Bentinho;PB;Estadual;26;481.99;447.58;451.28;488.03;560.77;485.93
5566;Barra D'Alcântara;PI;Estadual;27;476.37;446.27;428.56;470.27;608.15;485.92
5567;Desterro;PB;Estadual;36;486.69;474.25;423.74;471.54;573.33;485.91
5568;Areia Branca;RN;Estadual;88;490.71;472.31;440.9;473.43;552.05;485.88
5569;Barretos;SP;Municipal;2;495.65;475.55;514.1;504.1;440.0;485.88
5570;Serra Negra;SP;Estadual;42;495.98;485.11;437.34;489.36;521.43;485.84
5571;Alagoa Grande;PB;Estadual;83;485.88;459.79;439.72;475.47;568.19;485.81
5572;Bodoquena;MS;Estadual;40;499.74;475.29;459.4;468.04;526.5;485.79
5573;Jaraguari;MS;Estadual;23;470.41;461.56;443.46;476.97;576.52;485.78
5574;Timon;MA;Estadual;866;483.97;463.57;438.31;471.77;571.29;485.78
5575;Ibirapuitã;RS;Estadual;15;491.35;487.77;419.13;474.57;556.0;485.76
5576;Brejinho;RN;Estadual;62;484.08;453.44;433.56;465.8;591.94;485.76
5577;Piedade de Ponte Nova;MG;Estadual;11;491.55;481.6;417.92;481.34;556.36;485.75
5578;Nova Itarana;BA;Estadual;9;489.42;496.17;463.29;464.32;515.56;485.75
5579;Lajeado Novo;MA;Estadual;23;490.43;470.01;412.62;481.77;573.91;485.75
5580;São José das Palmeiras;PR;Estadual;9;505.82;459.17;445.16;507.38;511.11;485.73
5581;Milton Brandão;PI;Estadual;18;471.73;481.47;439.96;509.83;525.56;485.71
5582;Araporã;MG;Estadual;22;485.95;482.77;439.08;508.03;512.73;485.71
5583;Pedro Afonso;TO;Estadual;39;490.23;471.32;443.43;496.9;526.67;485.71
5584;Tuntum;MA;Estadual;89;484.82;465.37;446.67;488.04;543.6;485.7
5585;Carmópolis;SE;Privada;6;445.08;461.98;476.5;448.05;596.67;485.66
5586;Penaforte;CE;Estadual;75;490.18;470.03;440.82;488.82;538.4;485.65
5587;Catanduva;SP;Municipal;1;487.9;516.8;450.0;453.5;520.0;485.64
5588;Maraial;PE;Estadual;26;501.63;483.58;422.07;468.62;552.31;485.64
5589;Cristalina;GO;Estadual;190;501.99;478.68;441.56;488.31;517.68;485.64
5590;Cedro;PE;Estadual;69;477.44;456.1;448.12;478.07;568.41;485.63
5591;Eunápolis;BA;Estadual;274;493.89;476.24;444.33;476.91;536.72;485.62
5592;Paripueira;AL;Estadual;50;481.76;460.87;441.47;465.93;578.0;485.61
5593;Gavião;BA;Estadual;11;492.36;466.09;444.24;457.95;567.27;485.58
5594;Coronel João Pessoa;RN;Estadual;20;481.3;453.12;432.08;522.36;539.0;485.57
5595;Rodelas;BA;Estadual;18;485.71;456.53;417.86;457.54;610.0;485.53
5596;Novo Cruzeiro;MG;Estadual;109;492.24;484.38;453.83;497.83;499.27;485.51
5597;Alvorada do Sul;PR;Estadual;38;497.73;471.85;442.35;474.5;541.05;485.5
5598;Barro Duro;PI;Estadual;17;479.39;452.37;432.38;462.13;601.18;485.49
5599;Novo Horizonte do Norte;MT;Estadual;8;481.66;499.62;472.65;458.49;515.0;485.48
5600;Jaicós;PI;Estadual;52;480.33;456.6;434.64;491.96;563.85;485.48
5601;São Rafael;RN;Estadual;31;489.03;477.13;435.11;466.66;559.35;485.46
5602;Batayporã;MS;Estadual;40;502.55;477.28;462.16;485.71;499.5;485.44
5603;Alcobaça;BA;Estadual;70;495.2;474.2;446.06;475.67;536.0;485.43
5604;Poção de Pedras;MA;Estadual;59;474.81;459.41;452.1;472.63;568.14;485.42
5605;Candiota;RS;Estadual;27;501.34;479.69;430.65;477.54;537.78;485.4
5606;Salgadinho;PB;Estadual;14;480.51;475.91;453.84;445.31;571.43;485.4
5607;Carlos Chagas;MG;Estadual;66;501.25;476.92;443.16;471.69;533.94;485.39
5608;São Vicente do Seridó;PB;Estadual;40;470.18;463.23;436.56;473.92;583.0;485.38
5609;Ibateguara;AL;Estadual;48;493.66;464.91;439.79;462.5;565.83;485.34
5610;Tejuçuoca;CE;Estadual;150;480.76;463.03;435.61;498.45;548.8;485.33
5611;Francisco Dantas;RN;Estadual;8;441.25;478.39;453.26;448.76;605.0;485.33
5612;Pacaembu;SP;Estadual;14;503.42;475.82;440.79;477.99;528.57;485.32
5613;Urubici;SC;Estadual;20;506.28;487.34;417.08;465.89;550.0;485.32
5614;Itaobim;MG;Privada;10;481.95;462.85;443.77;499.95;538.0;485.3
5615;Santo Antônio dos Lopes;MA;Estadual;52;480.26;473.61;432.59;473.65;566.15;485.25
5616;Satubinha;MA;Estadual;24;487.55;464.37;439.19;465.04;570.0;485.23
5617;Senador Elói de Souza;RN;Estadual;16;478.13;457.16;445.89;512.28;532.5;485.19
5618;Sirinhaém;PE;Estadual;92;488.13;461.75;432.4;483.57;560.0;485.17
5619;Primavera;PE;Estadual;29;480.36;465.48;450.51;460.44;568.97;485.15
5620;Colorado do Oeste;RO;Estadual;55;487.9;483.88;436.2;484.66;533.09;485.15
5621;Rio Formoso;PE;Estadual;85;488.19;477.31;443.48;482.38;534.35;485.14
5622;Riozinho;RS;Estadual;11;491.05;487.28;430.21;477.17;540.0;485.14
5623;Tarrafas;CE;Estadual;78;472.39;449.67;441.16;484.53;577.95;485.14
5624;Santa Vitória;MG;Estadual;54;494.72;474.14;452.77;467.67;536.3;485.12
5625;Arneiroz;CE;Estadual;66;487.38;463.01;453.25;478.56;543.33;485.11
5626;Santa Leopoldina;ES;Estadual;38;480.76;470.13;453.88;488.51;532.11;485.08
5627;Pureza;RN;Estadual;12;494.78;469.61;450.19;494.08;516.67;485.07
5628;Colômbia;SP;Estadual;18;492.43;456.65;441.37;505.96;528.89;485.06
5629;Uberlândia;MG;Municipal;1;515.1;481.4;442.4;466.4;520.0;485.06
5630;Grossos;RN;Estadual;46;491.26;487.82;438.8;447.7;559.57;485.03
5631;Tamarana;PR;Estadual;18;493.73;496.58;436.52;491.62;506.67;485.02
5632;Laje;BA;Estadual;113;477.71;463.81;433.27;472.86;577.35;485.0
5633;Capão do Leão;RS;Estadual;67;495.26;480.66;441.43;486.66;520.9;484.98
5634;Lagoa Grande;PE;Estadual;136;488.67;477.53;440.44;487.86;530.29;484.96
5635;Marzagão;GO;Estadual;8;501.92;468.11;427.36;482.4;545.0;484.96
5636;Paramirim;BA;Privada;2;449.45;447.7;446.85;410.7;670.0;484.94
5637;Pompéia;SP;Estadual;36;509.94;480.32;431.49;487.41;515.56;484.94
5638;Águas Lindas de Goiás;GO;Estadual;316;501.7;477.52;438.78;469.71;536.9;484.92
5639;Anhumas;SP;Estadual;7;493.4;473.97;447.51;541.1;468.57;484.91
5640;Amaral Ferrador;RS;Estadual;15;509.29;466.2;453.43;490.3;505.33;484.91
5641;Jari;RS;Estadual;7;515.33;500.7;461.51;526.96;420.0;484.9
5642;Santo Antônio de Pádua;RJ;Municipal;2;474.85;466.4;442.6;450.6;590.0;484.89
5643;Barra de Santa Rosa;PB;Estadual;89;478.15;463.76;434.83;482.94;564.72;484.88
5644;Parelhas;RN;Estadual;100;492.55;468.56;427.59;478.44;557.2;484.87
5645;Jitaúna;BA;Estadual;47;487.55;474.58;451.83;489.94;520.43;484.87
5646;Mãe do Rio;PA;Estadual;208;481.13;469.98;441.99;464.32;566.83;484.85
5647;Igarapé-Açu;PA;Estadual;165;476.69;469.38;434.81;455.82;587.52;484.85
5648;Cambira;PR;Estadual;20;481.5;467.54;449.08;495.02;531.0;484.83
5649;Piritiba;BA;Estadual;54;480.89;470.86;444.98;453.67;573.7;484.82
5650;Nova Londrina;PR;Estadual;50;498.19;475.04;451.34;481.14;518.4;484.82
5651;Silvanópolis;TO;Estadual;25;476.1;454.06;424.33;481.57;588.0;484.81
5652;Umburatiba;MG;Estadual;7;479.17;481.9;451.94;468.0;542.86;484.77
5653;Capitão Enéas;MG;Estadual;52;494.24;468.76;447.12;480.21;533.46;484.76
5654;Itaju;SP;Estadual;11;494.43;481.6;429.36;458.37;560.0;484.75
5655;Cocal;PI;Estadual;81;478.54;475.43;436.54;465.99;567.16;484.73
5656;Massapê;CE;Privada;10;482.7;431.68;440.72;492.57;576.0;484.73
5657;Pinheiro Machado;RS;Estadual;15;510.43;486.5;443.47;480.49;502.67;484.71
5658;São João da Ponte;MG;Estadual;104;485.07;465.02;444.37;480.83;548.27;484.71
5659;Piedade dos Gerais;MG;Estadual;11;498.94;454.33;435.93;466.98;567.27;484.69
5660;Ladário;MS;Estadual;53;488.18;477.82;443.85;486.35;527.17;484.68
5661;Buriti de Goiás;GO;Estadual;12;478.68;466.12;432.84;510.78;535.0;484.68
5662;Potiretama;CE;Estadual;60;484.69;478.3;430.92;484.1;545.33;484.67
5663;Alto Paraguai;MT;Estadual;14;474.26;477.46;434.74;452.58;584.29;484.66
5664;Eldorado do Sul;RS;Estadual;85;506.9;483.65;454.75;478.59;499.29;484.64
5665;Campo Alegre;AL;Estadual;168;482.75;460.0;440.89;480.01;559.4;484.61
5666;Monte Azul;MG;Privada;7;506.23;459.19;453.73;486.76;517.14;484.61
5667;Guaíba;RS;Municipal;1;528.2;519.1;407.9;427.8;540.0;484.6
5668;Couto Magalhães;TO;Estadual;32;492.67;460.28;447.33;462.61;560.0;484.58
5669;Trairão;PA;Estadual;27;491.04;451.9;451.81;482.1;545.93;484.56
5670;São João de Pirabas;PA;Estadual;78;484.8;469.21;442.23;470.1;556.41;484.55
5671;Icó;CE;Estadual;486;486.49;469.37;437.6;486.58;542.72;484.55
5672;São Miguel do Gostoso;RN;Estadual;35;492.65;477.53;426.0;466.49;560.0;484.53
5673;São Tomé;PR;Estadual;24;510.13;476.52;454.82;489.5;491.67;484.53
5674;Bom Jesus da Lapa;BA;Estadual;257;489.79;471.38;441.39;472.79;547.24;484.52
5675;Santa Rosa de Lima;SE;Estadual;38;491.27;478.0;439.12;466.34;547.89;484.52
5676;Taquaritinga do Norte;PE;Estadual;95;489.8;467.81;448.22;472.94;543.79;484.51
5677;Mamanguape;PB;Estadual;226;492.46;471.15;441.61;470.24;547.08;484.51
5678;Floriano;PI;Estadual;339;487.38;462.81;435.35;464.74;572.27;484.51
5679;Potengi;CE;Estadual;50;466.63;469.68;430.37;466.66;589.2;484.51
5680;Nioaque;MS;Estadual;54;492.48;475.39;439.55;471.96;542.96;484.47
5681;Itaporanga d'Ajuda;SE;Estadual;84;483.11;462.72;437.01;464.15;575.24;484.44
5682;Alto Horizonte;GO;Estadual;18;519.34;488.17;427.4;462.79;524.44;484.43
5683;Nazário;GO;Estadual;12;494.4;477.62;435.84;475.93;538.33;484.43
5684;Presidente Dutra;MA;Estadual;202;482.65;461.8;436.86;478.42;562.38;484.42
5685;Anita Garibaldi;SC;Estadual;22;502.9;466.21;442.81;481.0;529.09;484.4
5686;Cametá;PA;Municipal;7;480.74;446.57;409.66;473.54;611.43;484.39
5687;Vertente do Lério;PE;Estadual;27;477.38;455.84;440.55;499.27;548.89;484.39
5688;Cacoal;RO;Estadual;437;491.14;469.98;446.38;489.79;524.49;484.36
5689;Socorro;SP;Municipal;3;529.07;532.8;470.8;442.4;446.67;484.35
5690;Água Branca;PI;Estadual;87;489.99;466.88;444.24;483.1;537.47;484.34
5691;Cristino Castro;PI;Estadual;27;479.37;454.94;441.98;474.25;571.11;484.33
5692;Aracati;CE;Estadual;609;491.38;469.95;438.67;485.02;536.58;484.32
5693;Neópolis;SE;Privada;9;483.53;457.66;415.27;485.08;580.0;484.31
5694;Dianópolis;TO;Estadual;90;488.79;465.24;444.5;464.47;558.44;484.29
5695;Moreira Sales;PR;Estadual;29;500.2;477.07;442.31;475.69;526.21;484.29
5696;Varzedo;BA;Estadual;21;493.12;485.1;445.87;487.8;509.52;484.28
5697;Lourdes;SP;Estadual;6;491.4;466.88;444.6;521.8;496.67;484.27
5698;Barra Bonita;SP;Municipal;5;461.54;492.62;466.8;484.3;516.0;484.25
5699;Araçaí;MG;Estadual;6;518.92;474.62;468.85;505.55;453.33;484.25
5700;Capoeiras;PE;Estadual;79;488.37;473.84;440.23;485.49;533.16;484.22
5701;Angical;BA;Estadual;41;484.79;460.53;427.48;468.28;580.0;484.22
5702;Rosário do Catete;SE;Estadual;20;494.64;483.76;440.0;460.63;542.0;484.21
5703;Itapipoca;CE;Estadual;1481;485.1;465.72;441.59;483.74;544.78;484.19
5704;Água Branca;PB;Estadual;41;478.89;450.1;442.87;487.85;560.98;484.14
5705;São José do Goiabal;MG;Estadual;6;517.27;449.77;486.17;504.05;463.33;484.12
5706;Jurema;PI;Estadual;11;499.21;455.19;444.35;472.65;549.09;484.1
5707;Jardinópolis;SP;Estadual;70;505.01;475.18;449.31;478.31;512.57;484.08
5708;Botuverá;SC;Estadual;9;502.01;514.92;453.53;514.38;435.56;484.08
5709;Teixeirópolis;RO;Estadual;31;499.6;466.03;452.22;476.68;525.81;484.07
5710;Bragança;PA;Estadual;453;479.75;470.94;438.28;466.23;565.17;484.07
5711;Simões Filho;BA;Estadual;399;494.01;471.86;437.97;474.78;541.5;484.03
5712;Juscimeira;MT;Estadual;51;482.46;469.96;442.11;464.39;561.18;484.02
5713;Cipó;BA;Estadual;66;491.75;467.23;429.69;476.2;555.15;484.01
5714;Candeias do Jamari;RO;Estadual;56;490.96;463.22;442.0;476.74;547.14;484.01
5715;Ruy Barbosa;BA;Estadual;84;481.64;459.87;433.14;476.0;569.29;483.99
5716;Mamborê;PR;Estadual;31;499.61;467.11;446.95;490.79;515.48;483.99
5717;Desterro do Melo;MG;Estadual;7;484.46;496.24;448.96;513.01;477.14;483.96
5718;Siriri;SE;Estadual;47;473.15;455.6;432.45;482.01;576.6;483.96
5719;Maçambará;RS;Municipal;4;480.65;474.0;424.22;440.88;600.0;483.95
5720;Marilena;PR;Estadual;18;497.35;493.56;441.03;481.16;506.67;483.95
5721;Breves;PA;Privada;4;485.48;462.32;415.58;501.32;555.0;483.94
5722;Santa Rita de Cássia;BA;Estadual;74;480.86;464.05;443.99;480.18;550.54;483.92
5723;Sertãozinho;PB;Estadual;32;479.4;484.86;454.37;470.99;530.0;483.92
5724;Atílio Vivacqua;ES;Estadual;28;486.34;464.68;440.7;490.74;537.14;483.92
5725;Antas;BA;Estadual;37;482.15;477.91;431.64;457.99;569.73;483.88
5726;Guamaré;RN;Estadual;51;478.25;462.79;452.41;483.97;541.96;483.88
5727;Itapororoca;PB;Estadual;45;495.28;474.7;430.53;475.28;543.56;483.87
5728;Castelândia;GO;Estadual;13;499.22;450.76;454.11;482.91;532.31;483.86
5729;Castanheiras;RO;Estadual;17;488.44;479.07;421.88;475.69;554.12;483.84
5730;Garruchos;RS;Estadual;4;469.7;459.95;447.9;496.62;545.0;483.84
5731;Congonhinhas;PR;Estadual;20;504.71;470.62;417.1;474.7;552.0;483.83
5732;Santo Antônio do Aventureiro;MG;Estadual;18;496.19;491.43;463.63;497.87;470.0;483.82
5733;Rio Acima;MG;Estadual;6;512.4;512.75;427.18;436.72;530.0;483.81
5734;Mogeiro;PB;Estadual;41;474.09;460.41;442.73;457.4;584.39;483.81
5735;Janiópolis;PR;Estadual;21;499.99;466.87;458.33;458.56;535.24;483.8
5736;Itaguatins;TO;Estadual;17;477.86;481.83;434.65;476.44;548.24;483.8
5737;Itabaiana;PB;Municipal;2;467.35;516.4;480.35;434.8;520.0;483.78
5738;São José dos Ausentes;RS;Estadual;6;477.37;480.2;446.98;500.82;513.33;483.74
5739;Acarape;CE;Estadual;86;482.04;464.22;428.61;480.74;563.02;483.73
5740;Adustina;BA;Estadual;44;490.57;456.4;435.93;472.51;563.18;483.72
5741;São João das Duas Pontes;SP;Estadual;4;510.35;482.08;443.35;487.75;495.0;483.71
5742;Rubiácea;SP;Estadual;7;499.31;492.59;443.36;557.57;425.71;483.71
5743;Palmas de Monte Alto;BA;Estadual;62;488.09;467.54;440.46;475.31;547.1;483.7
5744;Campestre de Goiás;GO;Estadual;23;483.87;474.85;434.28;488.93;536.52;483.69
5745;Boa Viagem;CE;Estadual;458;482.75;464.27;434.47;491.03;545.94;483.69
5746;Acaiaca;MG;Estadual;10;499.8;490.1;433.68;474.88;520.0;483.69
5747;Rurópolis;PA;Estadual;66;478.04;465.03;434.56;478.05;562.73;483.68
5748;Ribeirão do Pinhal;PR;Estadual;44;488.73;492.1;451.19;479.85;506.36;483.65
5749;Cruz das Almas;BA;Estadual;306;492.81;470.05;441.26;474.95;539.15;483.65
5750;Ribeira do Pombal;BA;Estadual;155;497.47;472.27;436.97;477.49;534.06;483.65
5751;Major Isidoro;AL;Estadual;48;471.34;453.21;433.5;468.46;591.67;483.64
5752;São Miguel da Baixa Grande;PI;Estadual;9;471.7;461.69;438.6;483.94;562.22;483.63
5753;Várzea Grande;MT;Estadual;880;493.73;475.35;440.11;468.51;540.43;483.63
5754;Uruará;PA;Estadual;38;492.39;465.09;447.12;488.82;524.74;483.63
5755;Rondon do Pará;PA;Estadual;128;477.92;461.72;429.25;490.47;558.75;483.62
5756;Porto de Moz;PA;Estadual;46;490.95;477.34;439.42;469.03;541.3;483.61
5757;Montes Claros de Goiás;GO;Estadual;44;492.92;471.72;430.33;502.93;520.0;483.58
5758;Ipojuca;PE;Estadual;301;487.05;466.77;446.68;488.24;529.17;483.58
5759;Piancó;PB;Estadual;48;479.85;470.35;440.79;478.17;548.75;483.58
5760;Leópolis;PR;Estadual;3;529.23;474.23;423.2;524.5;466.67;483.57
5761;Camacan;BA;Estadual;89;491.27;468.52;431.99;474.08;551.91;483.55
5762;São Domingos do Azeitão;MA;Estadual;43;478.4;468.67;456.75;481.81;532.09;483.55
5763;Xique-Xique;BA;Municipal;36;487.09;470.42;439.1;460.96;560.0;483.52
5764;Itaporanga;PB;Estadual;113;476.18;460.94;442.15;463.98;574.34;483.52
5765;Croatá;CE;Estadual;170;472.24;460.97;439.88;470.9;573.41;483.48
5766;Paranaíta;MT;Estadual;20;490.95;474.9;421.68;466.85;563.0;483.48
5767;Palhano;CE;Estadual;54;483.16;478.76;442.12;467.33;545.93;483.46
5768;Euclides da Cunha;BA;Estadual;142;495.78;474.97;439.23;472.79;534.37;483.43
5769;Porto Real do Colégio;AL;Estadual;38;475.77;450.85;419.77;461.82;608.95;483.43
5770;Guará;SP;Estadual;39;479.68;467.46;432.95;490.89;546.15;483.43
5771;Central de Minas;MG;Estadual;17;494.46;459.04;437.29;465.05;561.18;483.4
5772;Imbaú;PR;Estadual;11;497.53;465.67;446.45;456.31;550.91;483.37
5773;Loreto;MA;Estadual;57;478.76;463.22;440.01;468.84;565.96;483.36
5774;Marabá;PA;Municipal;77;486.93;470.47;442.07;466.93;550.39;483.36
5775;São João;PE;Estadual;82;481.65;465.34;440.71;484.89;544.15;483.35
5776;Coronel Sapucaia;MS;Estadual;36;497.15;482.52;445.27;485.09;506.67;483.34
5777;Fátima;BA;Estadual;100;481.18;463.43;444.65;479.8;547.6;483.33
5778;Peixe-Boi;PA;Estadual;28;481.36;462.35;423.71;451.94;597.14;483.3
5779;Milhã;CE;Estadual;115;482.53;469.93;443.3;486.24;534.43;483.29
5780;Augusto Corrêa;PA;Estadual;115;475.73;466.84;432.88;458.17;582.78;483.28
5781;Buriti Alegre;GO;Estadual;43;491.51;473.98;433.94;493.09;523.72;483.25
5782;São José da Laje;AL;Estadual;126;487.74;481.54;437.9;470.4;538.57;483.23
5783;Cacimbinhas;AL;Estadual;33;463.93;457.69;425.53;486.54;582.42;483.22
5784;Angical;BA;Privada;10;493.52;478.15;462.86;495.41;486.0;483.19
5785;Tenente Laurentino Cruz;RN;Estadual;33;481.46;477.46;443.74;470.18;543.03;483.17
5786;Jaquirana;RS;Estadual;2;497.0;451.75;435.0;552.1;480.0;483.17
5787;Valparaíso;SP;Estadual;54;511.36;485.11;440.25;490.62;488.52;483.17
5788;Araguatins;TO;Estadual;161;489.85;473.31;440.85;476.05;535.65;483.14
5789;Afrânio;PE;Estadual;123;475.22;450.15;439.54;499.83;550.73;483.09
5790;Apiacás;MT;Estadual;23;498.23;494.25;455.41;481.48;486.09;483.09
5791;Morro Grande;SC;Estadual;14;493.01;482.89;457.18;502.28;480.0;483.07
5792;Cesário Lange;SP;Estadual;44;504.94;479.75;450.52;498.27;481.82;483.06
5793;Barrolândia;TO;Estadual;14;487.12;450.79;457.24;510.09;510.0;483.05
5794;São Luís;MA;Municipal;2;496.35;419.95;388.85;530.0;580.0;483.03
5795;Vale do Anari;RO;Estadual;31;478.12;450.24;441.3;486.71;558.71;483.01
5796;Banabuiú;CE;Estadual;128;482.77;472.6;429.65;466.74;563.28;483.01
5797;Itatinga;SP;Estadual;32;517.67;468.1;442.06;486.58;500.62;483.0
5798;Santa Maria das Barreiras;PA;Municipal;3;472.27;494.7;398.43;476.23;573.33;482.99
5799;São Domingos do Araguaia;PA;Estadual;49;472.76;463.29;449.47;479.26;550.2;482.99
5800;Várzea Alegre;CE;Estadual;392;481.2;465.37;434.17;486.18;547.96;482.97
5801;Felício dos Santos;MG;Estadual;23;494.83;458.83;412.68;504.93;543.48;482.95
5802;Meruoca;CE;Estadual;163;492.17;471.67;440.48;485.4;525.03;482.95
5803;Umari;CE;Estadual;69;480.46;454.55;432.17;470.35;577.1;482.93
5804;Bernardino de Campos;SP;Estadual;38;486.22;490.02;452.44;499.59;486.32;482.92
5805;São Miguel do Tocantins;TO;Estadual;41;477.63;475.67;448.94;498.59;513.66;482.9
5806;Gurupá;PA;Estadual;19;463.39;462.16;444.17;476.25;568.42;482.88
5807;Capitão Poço;PA;Estadual;196;473.24;474.2;443.57;467.55;555.82;482.88
5808;Aquidauana;MS;Estadual;191;488.45;473.51;447.25;465.62;539.48;482.86
5809;Formosa da Serra Negra;MA;Estadual;164;475.99;467.19;427.86;479.21;564.02;482.85
5810;Monte Alegre de Goiás;GO;Estadual;31;489.53;473.54;433.49;479.0;538.71;482.85
5811;Fortuna;MA;Estadual;79;489.2;464.16;447.22;481.16;532.41;482.83
5812;Senador Guiomard;AC;Estadual;100;485.78;466.46;436.62;476.92;548.2;482.8
5813;Macajuba;BA;Estadual;12;498.72;471.82;434.24;430.88;578.33;482.8
5814;Sairé;PE;Estadual;56;479.89;483.06;433.57;469.86;547.5;482.78
5815;Rio Real;BA;Estadual;165;483.32;474.72;435.12;462.69;558.06;482.78
5816;Capixaba;AC;Estadual;58;480.91;466.58;433.87;466.99;565.52;482.77
5817;Esperantinópolis;MA;Estadual;94;479.67;458.43;428.77;463.97;582.98;482.77
5818;Altinópolis;SP;Estadual;59;499.41;472.95;446.68;479.86;514.92;482.76
5819;Upanema;RN;Estadual;54;486.76;475.28;436.59;478.09;537.04;482.75
5820;Campo Alegre de Goiás;GO;Estadual;23;493.48;479.94;428.84;484.54;526.96;482.75
5821;Bom Conselho;PE;Estadual;192;490.98;470.21;435.96;484.67;531.88;482.74
5822;Nortelândia;MT;Estadual;18;504.02;474.0;422.36;447.74;565.56;482.74
5823;Riacho da Cruz;RN;Estadual;10;478.81;460.77;434.18;489.91;550.0;482.73
5824;Ribas do Rio Pardo;MS;Estadual;76;496.87;482.67;440.12;472.93;521.05;482.73
5825;Almadina;BA;Estadual;21;481.07;475.96;451.35;461.33;543.81;482.71
5826;Cairu;BA;Estadual;33;486.31;476.95;443.7;465.81;540.61;482.68
5827;Marajá do Sena;MA;Estadual;7;478.56;451.84;427.46;469.77;585.71;482.67
5828;Curuçá;PA;Estadual;145;483.03;465.88;435.53;466.11;562.76;482.66
5829;Angélica;MS;Estadual;39;504.47;486.78;449.54;449.81;522.56;482.63
5830;Lupionópolis;PR;Estadual;34;497.71;479.51;441.24;467.56;527.06;482.62
5831;São Francisco;MG;Estadual;244;489.25;466.82;437.76;477.88;541.23;482.59
5832;Dias d'Ávila;BA;Estadual;151;494.63;480.77;448.6;462.73;526.23;482.59
5833;Bom Sucesso;PR;Estadual;19;501.68;481.43;419.2;455.73;554.74;482.56
5834;Alto Alegre dos Parecis;RO;Estadual;52;495.42;477.17;445.17;470.41;524.62;482.56
5835;Carlos Gomes;RS;Estadual;3;486.83;467.4;462.8;435.7;560.0;482.55
5836;Nova Ipixuna;PA;Municipal;2;493.4;456.3;427.25;485.7;550.0;482.53
5837;Serra da Raiz;PB;Estadual;12;507.84;477.59;418.87;464.93;543.33;482.51
5838;Edéia;GO;Estadual;29;503.16;479.26;435.47;464.3;530.34;482.51
5839;Carutapera;MA;Estadual;95;485.61;468.04;435.2;474.65;549.05;482.51
5840;Irapuã;SP;Estadual;17;503.15;474.74;464.88;469.75;500.0;482.5
5841;Ipubi;PE;Estadual;131;476.59;460.89;441.03;483.32;550.38;482.44
5842;Cidade Ocidental;GO;Municipal;1;534.2;505.8;410.7;381.5;580.0;482.44
5843;João Costa;PI;Estadual;11;468.0;474.47;408.8;462.67;598.18;482.43
5844;Santa Mariana;PR;Estadual;40;493.25;472.48;455.31;476.07;515.0;482.42
5845;Iracema;CE;Estadual;131;489.39;472.67;436.5;477.39;536.18;482.42
5846;Sobradinho;BA;Privada;5;462.26;440.82;492.4;508.54;508.0;482.4
5847;Quipapá;PE;Estadual;83;483.78;469.04;438.57;468.53;552.05;482.39
5848;Jequitaí;MG;Estadual;19;495.22;472.12;450.34;461.67;532.63;482.39
5849;Selvíria;MS;Estadual;20;496.16;481.55;451.54;471.61;511.0;482.37
5850;Mojuí dos Campos;PA;Estadual;8;485.35;476.59;449.02;443.28;557.5;482.35
5851;São João do Pau d'Alho;SP;Estadual;10;504.15;491.83;452.69;474.98;488.0;482.33
5852;Poté;MG;Estadual;37;481.99;470.32;439.84;486.54;532.97;482.33
5853;Arroio do Padre;RS;Estadual;26;484.2;464.82;433.98;486.32;542.31;482.33
5854;Fagundes;PB;Municipal;2;456.7;457.2;440.6;527.1;530.0;482.32
5855;Taiaçu;SP;Municipal;2;471.8;508.9;399.4;461.45;570.0;482.31
5856;Monte Santo;BA;Estadual;94;493.86;470.15;439.06;475.71;532.77;482.31
5857;Janduís;RN;Estadual;23;471.08;460.59;437.09;477.47;565.22;482.29
5858;Vila Rica;MT;Estadual;50;490.84;460.77;442.71;476.71;540.4;482.28
5859;Alto Santo;CE;Estadual;95;485.42;464.36;440.59;479.29;541.68;482.27
5860;Riacho dos Machados;MG;Estadual;29;476.82;457.02;436.92;479.13;561.38;482.26
5861;São José de Mipibu;RN;Privada;2;470.25;378.35;438.65;553.95;570.0;482.24
5862;Coroatá;MA;Estadual;261;483.1;460.21;436.24;460.27;571.26;482.22
5863;Baturité;CE;Estadual;247;489.54;470.64;434.52;468.09;548.26;482.21
5864;Mãe d'Água;PB;Estadual;15;482.91;486.79;433.15;477.49;530.67;482.2
5865;Ouro Verde;SC;Estadual;8;502.59;493.51;447.84;481.95;485.0;482.18
5866;Oriximiná;PA;Estadual;278;481.09;472.63;439.61;460.97;556.55;482.17
5867;São José do Divino;PI;Estadual;33;475.1;466.62;454.68;479.85;534.55;482.16
5868;Triunfo;PB;Estadual;39;487.66;455.83;429.87;453.84;583.59;482.16
5869;Arceburgo;MG;Estadual;12;499.81;425.73;430.03;500.18;555.0;482.15
5870;Santa Rosa do Purus;AC;Estadual;5;518.06;478.1;455.02;435.54;524.0;482.14
5871;Andirá;PR;Estadual;88;501.31;470.57;436.55;489.98;512.27;482.14
5872;Maravilhas;MG;Estadual;40;484.2;463.46;442.58;471.46;549.0;482.14
5873;Icapuí;CE;Estadual;127;492.66;470.38;438.92;471.8;536.85;482.12
5874;Plácido de Castro;AC;Estadual;67;488.01;459.33;441.76;495.71;525.67;482.09
5875;Rosário;MA;Federal;57;493.4;448.11;440.5;486.2;542.11;482.06
5876;Novo Repartimento;PA;Municipal;1;475.4;547.5;396.6;470.8;520.0;482.06
5877;Cedro de São João;SE;Estadual;26;482.37;452.43;422.65;482.81;570.0;482.05
5878;Bom Jesus do Sul;PR;Estadual;9;498.68;502.21;463.79;498.87;446.67;482.04
5879;Aguiarnópolis;TO;Estadual;37;481.39;454.42;444.77;481.88;547.57;482.01
5880;Tefé;AM;Estadual;191;488.38;466.58;439.24;471.12;544.71;482.01
5881;Santa Inês;MA;Estadual;496;485.84;466.85;439.12;469.69;548.51;482.0
5882;Sales Oliveira;SP;Estadual;14;508.2;478.31;433.52;485.5;504.29;481.96
5883;Tibagi;PR;Estadual;32;501.65;486.53;447.68;468.31;505.62;481.96
5884;Adrianópolis;PR;Estadual;11;485.03;471.68;471.69;466.8;514.55;481.95
5885;Queimadas;BA;Estadual;94;486.06;469.62;444.06;472.36;537.66;481.95
5886;Serra de São Bento;RN;Estadual;25;464.31;469.95;442.68;466.26;566.4;481.92
5887;Pariconha;AL;Estadual;73;479.8;476.09;425.84;473.05;554.79;481.91
5888;Brumadinho;MG;Municipal;1;550.8;477.0;393.4;408.3;580.0;481.9
5889;Tucuruí;PA;Estadual;419;485.86;468.24;437.94;468.5;548.97;481.9
5890;Cáceres;MT;Estadual;351;486.66;468.31;441.1;469.8;543.59;481.89
5891;Tomar do Geru;SE;Estadual;25;487.33;456.56;433.91;454.01;577.6;481.88
5892;Curimatá;PI;Estadual;74;474.57;457.47;442.75;477.84;556.76;481.88
5893;Salinópolis;PA;Estadual;216;480.59;473.34;436.67;461.16;557.41;481.83
5894;Bom Jesus;PI;Estadual;172;480.25;460.3;433.67;464.37;570.47;481.81
5895;Caapiranga;AM;Estadual;18;491.12;463.42;451.23;477.72;525.56;481.81
5896;Fruta de Leite;MG;Estadual;6;504.85;487.55;447.08;486.17;483.33;481.8
5897;Medeiros;MG;Estadual;11;482.54;494.73;439.92;462.74;529.09;481.8
5898;Taperoá;BA;Estadual;49;474.96;463.53;438.2;469.32;562.86;481.77
5899;Augustinópolis;TO;Estadual;78;484.38;460.57;438.42;473.44;552.05;481.77
5900;Riacho de Santana;BA;Privada;28;461.1;464.89;452.8;482.06;547.86;481.74
5901;Monte Alegre;PA;Estadual;468;471.16;464.71;434.38;463.51;574.83;481.72
5902;Theobroma;RO;Estadual;21;495.4;481.41;459.76;460.59;511.43;481.72
5903;Guaiúba;CE;Estadual;318;481.9;466.08;440.95;479.32;540.31;481.71
5904;Xique-Xique;BA;Estadual;50;493.44;474.68;446.62;469.78;524.0;481.71
5905;Pajeú do Piauí;PI;Estadual;24;462.52;466.45;440.4;470.73;568.33;481.68
5906;Buritis;RO;Estadual;138;496.04;474.47;445.08;473.1;519.57;481.65
5907;Riachão do Poço;PB;Estadual;15;481.48;465.77;439.05;448.56;573.33;481.64
5908;Jacobina do Piauí;PI;Estadual;46;459.31;427.9;423.84;470.05;626.96;481.61
5909;Colônia do Gurguéia;PI;Estadual;49;480.87;456.47;435.48;461.21;573.88;481.58
5910;Santa Izabel do Pará;PA;Estadual;322;477.71;471.21;436.01;462.97;560.0;481.58
5911;Iaras;SP;Estadual;17;499.49;485.74;459.83;479.24;483.53;481.57
5912;São Miguel de Taipu;PB;Estadual;27;473.68;450.73;430.24;473.92;579.26;481.57
5913;Cametá;PA;Estadual;627;466.46;460.82;432.96;462.78;584.78;481.56
5914;Queimadas;PB;Estadual;149;481.87;467.38;433.3;466.88;558.39;481.56
5915;Macaíba;RN;Estadual;176;489.34;469.97;441.09;472.59;534.66;481.53
5916;Mauriti;CE;Estadual;491;472.75;465.43;435.71;477.4;556.29;481.52
5917;Santa Quitéria;CE;Estadual;439;484.69;471.82;439.9;484.32;526.79;481.5
5918;Machado;MG;Estadual;113;498.86;475.57;442.35;485.05;505.66;481.5
5919;Balbinos;SP;Estadual;9;486.54;443.51;416.21;487.82;573.33;481.48
5920;Correia Pinto;SC;Estadual;36;487.69;476.6;448.85;472.01;522.22;481.47
5921;Novo Planalto;GO;Estadual;18;486.62;482.71;439.74;476.06;522.22;481.47
5922;Bonito de Minas;MG;Estadual;35;485.83;464.73;445.82;481.21;529.71;481.46
5923;José de Freitas;PI;Estadual;146;481.14;460.12;436.98;473.29;555.75;481.46
5924;Barra do Ouro;TO;Estadual;9;481.54;449.7;433.21;473.9;568.89;481.45
5925;Guaraíta;GO;Estadual;10;479.37;460.8;456.75;474.32;536.0;481.45
5926;Coxim;MS;Estadual;105;502.07;474.4;451.19;474.21;505.33;481.44
5927;Igarapava;SP;Municipal;10;496.22;455.2;472.29;483.43;500.0;481.43
5928;Palmitinho;RS;Estadual;20;481.8;477.94;431.06;482.26;534.0;481.41
5929;Jucás;CE;Estadual;270;481.52;465.69;439.85;481.72;538.15;481.38
5930;Rodrigues Alves;AC;Estadual;42;468.58;451.49;431.92;478.67;576.19;481.37
5931;Traipu;AL;Estadual;43;473.01;478.35;442.06;473.87;539.53;481.37
5932;Ribeirão dos Índios;SP;Estadual;12;489.68;458.16;429.9;500.78;528.33;481.37
5933;Irituia;PA;Estadual;96;476.89;462.99;433.35;466.96;566.67;481.37
5934;Olho D'Água do Piauí;PI;Estadual;14;480.54;440.75;436.19;447.92;601.43;481.36
5935;Dois Irmãos do Buriti;MS;Estadual;60;487.96;469.06;436.1;469.18;544.33;481.33
5936;Itutinga;MG;Estadual;17;485.71;483.75;439.42;487.2;510.59;481.33
5937;Bom Jesus do Itabapoana;RJ;Estadual;138;494.06;465.46;445.25;476.98;524.78;481.31
5938;Pedrinhas;SE;Estadual;41;467.18;450.4;438.2;465.8;584.88;481.29
5939;Palmeiras do Tocantins;TO;Estadual;24;496.14;456.0;432.68;473.27;548.33;481.28
5940;Tapauá;AM;Estadual;58;494.1;452.73;445.23;478.42;535.86;481.27
5941;Grandes Rios;PR;Estadual;32;496.7;472.59;440.91;473.67;522.5;481.27
5942;Divina Pastora;SE;Estadual;32;493.55;480.41;436.69;458.79;536.88;481.26
5943;Rio Rufino;SC;Estadual;18;481.78;494.1;444.44;467.03;518.89;481.25
5944;Terezinha;PE;Estadual;44;472.07;469.28;429.7;486.98;548.18;481.24
5945;Serra Dourada;BA;Estadual;32;494.48;463.31;439.56;486.97;521.88;481.24
5946;Tucumã;PA;Estadual;86;483.03;462.79;451.39;468.23;540.7;481.23
5947;Tapiratiba;SP;Estadual;21;516.11;485.61;447.79;472.83;483.81;481.23
5948;Pedra Branca;CE;Estadual;388;483.93;470.19;440.88;483.62;527.32;481.19
5949;Natuba;PB;Estadual;19;479.2;440.71;424.68;470.83;590.53;481.19
5950;Goioxim;PR;Estadual;11;488.57;469.05;438.36;462.62;547.27;481.17
5951;Nazaré Paulista;SP;Estadual;53;499.39;490.65;444.01;474.02;497.74;481.16
5952;Arroio do Tigre;RS;Privada;15;488.45;475.45;442.81;465.71;533.33;481.15
5953;Canto do Buriti;PI;Estadual;74;480.99;465.29;445.11;470.86;543.51;481.15
5954;Nova Viçosa;BA;Estadual;125;489.38;463.97;445.88;466.46;540.0;481.14
5955;Natalândia;MG;Estadual;18;494.02;453.84;443.14;503.51;511.11;481.12
5956;Bilac;SP;Estadual;8;495.76;489.12;426.34;456.89;537.5;481.12
5957;Tamboril;CE;Estadual;292;487.09;467.09;438.93;478.92;533.56;481.12
5958;Santana dos Garrotes;PB;Estadual;14;482.94;485.83;448.29;465.59;522.86;481.1
5959;Simolândia;GO;Estadual;21;494.74;466.84;444.53;478.29;520.95;481.07
5960;Acreúna;GO;Estadual;46;491.5;476.08;437.25;475.69;524.78;481.06
5961;Manoel Vitorino;BA;Municipal;11;456.1;460.91;432.96;493.42;561.82;481.04
5962;Rondolândia;MT;Estadual;10;476.33;460.24;457.29;477.29;534.0;481.03
5963;Encruzilhada;BA;Estadual;40;469.78;472.79;434.83;465.72;562.0;481.02
5964;Antônio Gonçalves;BA;Estadual;23;491.57;455.65;434.66;475.42;547.83;481.02
5965;Quixadá;CE;Estadual;536;485.57;466.09;442.31;472.95;538.02;480.99
5966;Igaporã;BA;Estadual;66;471.65;457.2;430.81;475.6;569.7;480.99
5967;Pedro Gomes;MS;Estadual;32;495.92;468.96;433.47;450.34;556.25;480.99
5968;Curaçá;BA;Estadual;57;486.44;460.63;442.46;470.81;544.56;480.98
5969;Corinto;MG;Estadual;45;487.07;454.71;441.59;510.23;511.11;480.94
5970;Alta Floresta;MT;Municipal;6;484.57;474.72;400.35;465.0;580.0;480.93
5971;Joaquim Nabuco;PE;Estadual;31;489.64;456.87;409.62;489.14;559.35;480.93
5972;Alvarenga;MG;Estadual;18;490.09;483.71;432.37;497.33;501.11;480.92
5973;Governador Dix-Sept Rosado;RN;Estadual;41;496.22;456.66;445.25;462.54;543.9;480.92
5974;São João da Fronteira;PI;Estadual;38;486.01;467.77;426.61;465.23;558.95;480.91
5975;São Tomás de Aquino;MG;Estadual;27;477.17;481.15;438.43;482.63;525.19;480.91
5976;Fagundes Varela;RS;Estadual;24;485.58;466.71;438.15;488.91;525.0;480.87
5977;Jaraguá do Sul;SC;Municipal;2;506.85;457.05;429.65;440.8;570.0;480.87
5978;Baraúna;PB;Estadual;29;482.95;484.32;446.57;467.68;522.76;480.86
5979;Demerval Lobão;PI;Estadual;82;483.59;455.18;429.31;467.44;568.78;480.86
5980;Morro do Chapéu;BA;Estadual;99;491.3;477.95;446.51;467.05;521.41;480.85
5981;Uruana;GO;Estadual;53;492.32;474.29;442.68;477.45;517.36;480.82
5982;Girau do Ponciano;AL;Estadual;169;471.36;455.5;429.79;479.47;567.93;480.81
5983;Santana;AP;Estadual;756;482.24;466.65;432.78;463.55;558.7;480.79
5984;Pitanga;PR;Estadual;130;492.31;477.45;450.05;470.56;513.54;480.78
5985;Maturéia;PB;Estadual;27;483.82;477.65;426.38;470.13;545.93;480.78
5986;Cícero Dantas;BA;Estadual;144;487.53;470.93;438.04;472.81;534.58;480.78
5987;Paracuru;CE;Estadual;510;489.72;472.43;442.1;482.43;517.18;480.77
5988;São Geraldo do Araguaia;PA;Estadual;102;483.02;462.23;434.56;470.12;553.92;480.77
5989;Mulungu;CE;Estadual;134;481.5;465.77;436.87;464.82;554.78;480.75
5990;Tomé-Açu;PA;Estadual;344;481.07;468.36;440.2;463.34;550.7;480.74
5991;Carapebus;RJ;Estadual;24;497.91;486.35;435.48;468.9;515.0;480.73
5992;Igaraçu do Tietê;SP;Estadual;41;500.66;478.89;445.58;470.66;507.8;480.72
5993;Guaratinga;BA;Estadual;39;476.3;458.83;428.76;464.34;575.38;480.72
5994;Verdelândia;MG;Estadual;15;494.51;458.15;457.4;473.52;520.0;480.72
5995;Várzea da Roça;BA;Estadual;35;480.28;469.92;444.48;480.86;528.0;480.71
5996;Mutuípe;BA;Estadual;82;478.11;465.93;439.37;468.61;551.22;480.65
5997;Capanema;PA;Estadual;266;480.43;472.39;432.81;458.85;558.57;480.61
5998;Chapada Gaúcha;MG;Estadual;31;489.57;470.11;438.34;462.39;542.58;480.6
5999;Esperantina;PI;Estadual;206;483.85;462.59;436.19;470.05;550.29;480.6
6000;Santa Juliana;MG;Estadual;20;496.46;474.29;441.3;487.86;503.0;480.58
6001;Petrolina de Goiás;GO;Estadual;9;503.46;498.39;423.47;464.19;513.33;480.57
6002;Rio Negro;MS;Estadual;25;504.77;463.78;451.04;477.63;505.6;480.56
6003;Guaraqueçaba;PR;Estadual;10;480.04;484.75;464.68;467.33;506.0;480.56
6004;Capão Alto;SC;Estadual;10;501.72;484.08;446.67;450.35;520.0;480.56
6005;Manicoré;AM;Estadual;98;487.35;457.38;429.23;470.68;558.16;480.56
6006;Correntina;BA;Estadual;113;480.32;467.15;435.99;477.51;541.77;480.55
6007;Ribeirão do Largo;BA;Estadual;21;487.18;455.16;436.85;490.12;533.33;480.53
6008;Boca do Acre;AM;Estadual;88;483.78;460.86;428.98;466.18;562.73;480.51
6009;Ponto Chique;MG;Estadual;16;473.38;440.55;448.13;456.74;583.75;480.51
6010;Viana;MA;Estadual;179;481.45;458.88;438.63;473.81;549.72;480.5
6011;Porto Alegre do Piauí;PI;Estadual;7;439.54;450.4;410.97;452.94;648.57;480.49
6012;Buri;SP;Estadual;69;503.69;472.81;441.83;474.84;509.28;480.49
6013;Paudalho;PE;Estadual;275;488.25;467.23;441.8;480.02;525.09;480.48
6014;Rio Grande do Piauí;PI;Estadual;21;465.47;457.19;437.7;478.17;563.81;480.47
6015;Caxias;MA;Estadual;938;485.99;467.77;438.68;471.62;538.02;480.42
6016;Caldeirão Grande;BA;Estadual;29;497.74;464.78;435.09;465.76;538.62;480.4
6017;Marapanim;PA;Municipal;10;481.45;437.42;435.98;471.11;576.0;480.39
6018;Vieirópolis;PB;Estadual;26;474.19;457.4;426.23;475.58;568.46;480.37
6019;Dois Córregos;SP;Municipal;2;498.4;398.25;376.75;498.45;630.0;480.37
6020;Aliança do Tocantins;TO;Estadual;31;476.65;464.6;436.27;471.37;552.9;480.36
6021;Prata;MG;Privada;3;470.1;466.9;454.07;510.67;500.0;480.35
6022;Peixe;TO;Estadual;38;474.73;443.03;434.64;467.64;581.58;480.32
6023;Guatapará;SP;Estadual;18;517.39;467.38;444.34;471.28;501.11;480.3
6024;Iguaracy;PE;Estadual;18;492.24;487.21;438.01;475.08;508.89;480.28
6025;Barra do Corda;MA;Privada;1;472.6;411.8;393.8;403.1;720.0;480.26
6026;Charrua;RS;Estadual;1;504.1;490.9;461.0;425.1;520.0;480.22
6027;Maraú;BA;Estadual;48;491.06;463.9;446.35;463.85;535.83;480.2
6028;Urupês;SP;Estadual;34;496.6;469.15;451.91;506.89;476.47;480.2
6029;Campina Verde;MG;Estadual;61;483.92;462.0;442.37;475.85;536.72;480.17
6030;Pilõezinhos;PB;Estadual;12;502.15;479.03;441.4;454.9;523.33;480.16
6031;Presidente Epitácio;SP;Estadual;82;502.83;479.43;440.1;485.77;492.68;480.16
6032;Vera;MT;Estadual;16;483.22;464.21;432.96;500.42;520.0;480.16
6033;Propriá;SE;Estadual;76;474.98;458.55;436.48;474.72;556.05;480.16
6034;Japorã;MS;Estadual;17;493.74;488.01;462.08;462.61;494.12;480.11
6035;Paulistas;MG;Estadual;13;508.58;477.58;443.37;474.08;496.92;480.11
6036;Anguera;BA;Estadual;35;486.0;480.44;430.43;473.38;530.29;480.11
6037;Cabixi;RO;Estadual;17;486.06;474.39;439.55;463.98;536.47;480.09
6038;Rio do Pires;BA;Estadual;56;478.23;452.02;434.42;489.31;546.43;480.08
6039;Igaracy;PB;Estadual;60;460.81;456.13;413.23;479.86;590.33;480.07
6040;Piquete;SP;Estadual;14;506.07;487.87;454.98;487.09;464.29;480.06
6041;Herveiras;RS;Estadual;13;483.91;475.62;451.08;508.05;481.54;480.04
6042;Dois Córregos;SP;Estadual;38;497.98;481.81;453.84;482.87;483.68;480.04
6043;Douradina;MS;Estadual;17;468.94;454.44;433.99;467.5;575.29;480.03
6044;Angelândia;MG;Estadual;14;490.88;463.32;437.66;458.28;550.0;480.03
6045;Cambuci;RJ;Estadual;42;488.23;477.27;430.65;455.42;548.57;480.03
6046;Augusto Corrêa;PA;Municipal;6;477.6;432.58;417.63;465.63;606.67;480.02
6047;Campos Novos Paulista;SP;Estadual;12;492.96;471.58;456.02;472.72;506.67;479.99
6048;Santa Quitéria do Maranhão;MA;Privada;10;474.56;450.75;433.21;485.45;556.0;479.99
6049;Cacimba de Areia;PB;Estadual;25;491.38;467.9;439.24;486.22;515.2;479.99
6050;São José do Calçado;ES;Estadual;16;494.19;478.09;457.65;479.95;490.0;479.98
6051;Amontada;CE;Estadual;424;475.85;462.36;440.81;486.35;534.48;479.97
6052;Trairi;CE;Estadual;484;481.08;466.16;439.54;484.62;528.43;479.97
6053;São Roberto;MA;Estadual;29;485.29;455.42;436.35;463.39;559.31;479.95
6054;Barcelos;AM;Estadual;69;494.36;467.67;435.1;485.53;517.1;479.95
6055;Cansanção;BA;Estadual;74;492.82;459.99;426.36;463.7;556.76;479.93
6056;Baía Formosa;RN;Estadual;32;491.72;476.84;423.94;469.0;538.12;479.93
6057;Colméia;TO;Estadual;64;485.06;460.67;421.84;468.61;563.44;479.93
6058;Vicência;PE;Estadual;134;481.25;456.47;446.71;473.39;541.64;479.89
6059;Riachuelo;SE;Estadual;36;492.57;453.0;433.72;456.76;563.33;479.88
6060;São Gonçalo do Pará;MG;Estadual;17;510.39;485.24;441.28;503.56;458.82;479.86
6061;Barra do Guarita;RS;Estadual;5;462.34;479.28;418.96;442.64;596.0;479.84
6062;Quebrangulo;AL;Estadual;41;461.93;454.99;437.62;473.86;570.73;479.83
6063;Pirapora do Bom Jesus;SP;Estadual;24;490.26;474.26;449.53;484.27;500.83;479.83
6064;Tumiritinga;MG;Estadual;19;492.62;464.81;437.89;475.36;528.42;479.82
6065;Paranaiguara;GO;Estadual;39;499.45;484.98;437.12;480.39;496.92;479.77
6066;Itabirinha;MG;Estadual;37;490.98;478.89;435.75;483.46;509.73;479.76
6067;Eldorado;SP;Estadual;61;496.26;477.28;443.74;484.33;497.05;479.73
6068;Paulino Neves;MA;Estadual;43;474.77;473.7;439.96;454.74;555.35;479.7
6069;Belmonte;SC;Estadual;8;495.52;468.46;444.75;512.15;477.5;479.68
6070;Santana do Matos;RN;Estadual;49;476.93;457.95;433.62;488.06;541.63;479.64
6071;Riacho de Santana;RN;Estadual;13;487.38;466.38;439.54;443.08;561.54;479.59
6072;Canarana;BA;Municipal;1;467.5;377.2;447.2;506.0;600.0;479.58
6073;Casinhas;PE;Estadual;28;459.64;443.86;435.34;476.86;582.14;479.57
6074;Pedro Régis;PB;Estadual;22;476.11;462.52;436.11;466.72;556.36;479.57
6075;Novo Horizonte;BA;Estadual;35;465.76;453.2;418.71;502.25;557.71;479.53
6076;Caraá;RS;Estadual;25;486.14;476.54;436.58;453.51;544.8;479.52
6077;Santa Teresinha;BA;Estadual;75;493.55;471.94;449.35;475.57;507.2;479.52
6078;Retirolândia;BA;Estadual;53;483.67;468.86;443.38;466.53;535.09;479.51
6079;Luís Domingues;MA;Estadual;27;493.14;450.16;448.54;477.54;528.15;479.51
6080;Baião;PA;Estadual;139;461.22;455.48;426.03;464.94;589.78;479.49
6081;Mangaratiba;RJ;Municipal;1;485.8;482.7;437.0;471.9;520.0;479.48
6082;Poxoréu;MT;Estadual;43;483.55;473.89;431.45;472.62;535.81;479.46
6083;Severínia;SP;Estadual;28;497.25;468.1;454.24;499.15;478.57;479.46
6084;Medicilândia;PA;Estadual;64;479.24;454.52;431.77;471.93;559.69;479.43
6085;Ibitiara;BA;Estadual;66;482.9;454.39;424.61;458.85;576.36;479.42
6086;Santa Terezinha;MT;Estadual;11;496.7;469.63;455.71;487.75;487.27;479.41
6087;Alagoinha;PB;Estadual;60;478.1;458.32;427.79;470.47;562.33;479.4
6088;Paratinga;BA;Municipal;25;477.53;458.85;441.88;450.72;568.0;479.4
6089;Rio Largo;AL;Estadual;317;485.01;464.15;439.57;464.54;543.72;479.4
6090;Paranacity;PR;Estadual;42;485.69;473.46;429.96;478.34;529.52;479.39
6091;Rio Vermelho;MG;Estadual;57;488.95;471.53;447.12;471.82;517.54;479.39
6092;Amaporã;PR;Estadual;10;494.56;489.19;439.68;453.41;520.0;479.37
6093;Miravânia;MG;Estadual;13;466.92;448.12;446.98;450.18;584.62;479.36
6094;Divino de São Lourenço;ES;Estadual;16;487.86;469.17;459.21;501.82;478.75;479.36
6095;Pugmil;TO;Estadual;10;490.55;488.35;439.62;454.18;524.0;479.34
6096;Tomazina;PR;Estadual;10;499.43;471.26;464.32;485.53;476.0;479.31
6097;Nova Aliança do Ivaí;PR;Estadual;2;488.75;447.9;423.85;486.0;550.0;479.3
6098;Pedras de Maria da Cruz;MG;Estadual;28;482.78;479.85;436.54;465.85;531.43;479.29
6099;Água Doce do Norte;ES;Estadual;81;485.9;460.6;435.13;483.13;531.6;479.27
6100;Vila Nova do Piauí;PI;Estadual;14;482.11;478.81;425.23;444.44;565.71;479.26
6101;Parambu;CE;Estadual;317;482.11;469.79;445.87;479.79;518.68;479.25
6102;Conceição da Feira;BA;Estadual;72;483.86;458.55;439.47;463.5;550.56;479.19
6103;Frei Lagonegro;MG;Estadual;17;495.69;482.24;444.89;449.58;523.53;479.19
6104;Seabra;BA;Estadual;184;486.19;470.02;445.04;468.38;526.3;479.19
6105;Cocos;BA;Estadual;77;485.04;468.95;435.07;474.86;531.95;479.17
6106;Uiraúna;PB;Estadual;54;475.73;466.1;427.24;483.44;543.33;479.17
6107;Canarana;BA;Estadual;64;479.68;467.61;439.28;472.38;536.88;479.16
6108;Santarém Novo;PA;Estadual;33;479.41;466.3;450.1;456.8;543.03;479.13
6109;Bom Jesus da Serra;BA;Estadual;37;478.76;454.46;443.71;463.56;555.14;479.12
6110;Crisópolis;BA;Estadual;67;485.14;457.59;434.0;449.54;569.25;479.11
6111;Alenquer;PA;Municipal;4;475.15;458.8;437.7;438.72;585.0;479.08
6112;Itinga do Maranhão;MA;Estadual;59;488.96;472.78;447.48;469.89;516.27;479.08
6113;Cachoeira dos Índios;PB;Estadual;43;479.85;474.25;447.4;464.96;528.84;479.06
6114;Nova Cruz;RN;Estadual;112;477.08;459.07;432.45;470.05;556.61;479.05
6115;Acauã;PI;Estadual;19;494.58;454.51;430.79;459.56;555.79;479.05
6116;Olho d'Água das Flores;AL;Estadual;86;486.81;467.48;430.41;463.46;546.98;479.03
6117;Riachão das Neves;BA;Estadual;84;472.51;455.09;431.02;457.38;579.05;479.01
6118;Loanda;PR;Estadual;44;504.08;475.79;435.08;467.78;512.27;479.0
6119;Maranguape;CE;Municipal;11;487.87;469.75;454.76;466.25;516.36;479.0
6120;Porto Calvo;AL;Estadual;59;475.53;462.05;433.5;469.18;554.58;478.97
6121;Água Doce do Maranhão;MA;Estadual;98;482.41;469.41;430.68;461.72;550.61;478.97
6122;Dores do Rio Preto;ES;Estadual;44;493.77;484.8;448.06;475.04;493.18;478.97
6123;Pesqueira;PE;Estadual;306;496.25;471.56;436.36;482.62;508.04;478.96
6124;Ibirapitanga;BA;Estadual;36;486.05;468.3;427.56;455.66;557.22;478.96
6125;Juruti;PA;Estadual;146;473.47;470.82;432.91;470.2;547.4;478.96
6126;Campestre;AL;Estadual;7;505.1;467.84;445.04;453.84;522.86;478.94
6127;Tangará;RN;Estadual;33;478.73;465.02;442.32;478.84;529.7;478.92
6128;Santo André;PB;Estadual;22;497.7;461.39;433.51;460.14;541.82;478.91
6129;Nossa Senhora de Nazaré;PI;Estadual;41;458.97;456.27;435.3;472.2;571.71;478.89
6130;Tibau do Sul;RN;Estadual;28;482.43;473.03;453.51;469.0;516.43;478.88
6131;Madalena;CE;Estadual;151;479.49;463.98;427.53;467.61;555.76;478.87
6132;Boa Ventura de São Roque;PR;Estadual;26;487.0;478.5;455.93;464.34;508.46;478.85
6133;Indianópolis;PR;Estadual;25;495.04;489.21;433.97;470.33;505.6;478.83
6134;Ourém;PA;Estadual;113;479.2;463.62;434.74;460.79;555.75;478.82
6135;Carnaúba dos Dantas;RN;Estadual;29;476.61;473.66;433.05;472.07;538.62;478.8
6136;Aurora do Pará;PA;Municipal;2;456.2;449.0;474.2;464.6;550.0;478.8
6137;Tejupá;SP;Estadual;17;498.12;482.71;442.69;497.51;472.94;478.79
6138;Nova Esperança do Piriá;PA;Municipal;4;486.85;458.88;434.52;503.6;510.0;478.77
6139;Esplanada;BA;Estadual;85;497.65;468.22;443.52;450.59;533.88;478.77
6140;Tupiratins;TO;Estadual;5;492.02;435.82;456.88;468.88;540.0;478.72
6141;Santa Brígida;BA;Estadual;46;484.05;476.0;453.02;481.4;499.13;478.72
6142;Santa Luzia;PB;Estadual;76;487.15;480.56;437.16;477.43;511.32;478.72
6143;Caatiba;BA;Estadual;7;516.1;485.43;402.1;461.34;528.57;478.71
6144;Barbosa Ferraz;PR;Estadual;45;499.01;472.54;449.01;473.4;499.56;478.7
6145;Três Palmeiras;RS;Estadual;6;511.12;494.17;469.3;472.18;446.67;478.69
6146;São Gabriel da Cachoeira;AM;Federal;45;488.72;462.81;434.51;468.57;538.67;478.66
6147;Veríssimo;MG;Estadual;16;494.12;472.01;453.94;468.19;505.0;478.65
6148;Luciara;MT;Estadual;4;506.65;484.08;438.18;454.35;510.0;478.65
6149;São Pedro dos Ferros;MG;Estadual;27;487.24;466.04;448.02;460.85;531.11;478.65
6150;Ibititá;BA;Estadual;58;478.93;457.87;438.94;466.84;550.69;478.65
6151;Pinhal da Serra;RS;Estadual;7;492.16;497.84;431.54;500.13;471.43;478.62
6152;Domingos Mourão;PI;Estadual;25;485.14;456.81;426.9;477.08;547.2;478.62
6153;Araci;BA;Estadual;97;481.39;462.55;440.69;472.96;535.46;478.61
6154;Araçagi;PB;Estadual;72;477.21;459.01;433.82;454.33;568.61;478.6
6155;Ibimirim;PE;Estadual;129;479.33;460.67;434.89;477.36;540.62;478.58
6156;Mãe do Rio;PA;Municipal;5;473.34;454.86;464.2;500.44;500.0;478.57
6157;Alto Paraíso de Goiás;GO;Estadual;23;491.52;474.43;443.49;492.09;491.3;478.57
6158;Paracatu;MG;Estadual;301;491.57;460.18;440.87;477.75;522.39;478.55
6159;Mandaguari;PR;Privada;1;442.8;347.0;485.1;537.8;580.0;478.54
6160;Bocaina do Sul;SC;Estadual;21;487.95;482.92;434.8;481.19;505.71;478.52
6161;Olhos-d'Água;MG;Estadual;34;497.04;460.13;435.87;467.78;531.76;478.52
6162;Casa Nova;BA;Estadual;165;482.61;463.03;432.61;474.59;539.76;478.52
6163;Itajuípe;BA;Estadual;53;489.47;474.25;439.6;475.3;513.96;478.52
6164;Deputado Irapuan Pinheiro;CE;Estadual;90;488.49;467.82;430.0;479.13;527.11;478.51
6165;Ponte Alta do Bom Jesus;TO;Estadual;14;481.75;466.8;423.94;481.49;538.57;478.51
6166;Campo Azul;MG;Estadual;18;478.05;470.32;437.71;480.88;525.56;478.5
6167;Rincão;SP;Estadual;7;507.51;475.0;430.06;482.64;497.14;478.47
6168;Rio das Antas;SC;Estadual;11;513.93;453.07;430.26;467.65;527.27;478.44
6169;Josenópolis;MG;Estadual;8;484.88;450.91;420.14;438.8;597.5;478.44
6170;Matina;BA;Estadual;19;483.74;456.75;433.28;471.02;547.37;478.43
6171;São José do Divino;MG;Estadual;13;521.22;469.8;449.63;443.8;507.69;478.43
6172;Estância;SE;Estadual;187;481.44;460.06;431.48;462.59;556.47;478.41
6173;Gonçalves Dias;MA;Estadual;51;486.36;454.33;447.5;477.5;526.27;478.39
6174;São José de Ribamar;MA;Estadual;412;486.62;473.3;439.09;462.2;530.63;478.37
6175;Bela Vista;MS;Estadual;83;492.57;472.74;437.16;471.57;517.59;478.33
6176;Sumé;PB;Estadual;96;483.93;468.83;436.52;470.99;531.25;478.31
6177;Tapiramutá;BA;Municipal;1;453.6;430.5;463.1;384.3;660.0;478.3
6178;Doutor Ulysses;PR;Estadual;23;488.1;495.13;430.69;464.53;513.04;478.3
6179;Maurilândia;GO;Estadual;31;489.34;477.68;430.6;495.02;498.71;478.27
6180;Tabaí;RS;Municipal;10;478.77;458.82;446.5;503.24;504.0;478.27
6181;Beneditinos;PI;Estadual;51;487.61;456.0;430.58;460.3;556.86;478.27
6182;Itanagra;BA;Estadual;23;475.33;472.29;448.0;481.68;513.91;478.24
6183;Teresina;PI;Municipal;16;486.7;474.12;451.79;461.09;517.5;478.24
6184;Olho d'Água Grande;AL;Estadual;34;478.97;448.43;425.13;460.46;578.24;478.24
6185;Canapi;AL;Estadual;55;482.21;480.27;426.89;468.35;533.45;478.23
6186;Patis;MG;Estadual;30;472.5;466.21;420.7;474.99;556.67;478.21
6187;Campos Lindos;TO;Estadual;28;476.61;454.37;441.81;479.69;538.57;478.21
6188;Pratinha;MG;Estadual;24;477.57;458.9;441.09;502.63;510.83;478.2
6189;Gilbués;PI;Estadual;35;489.66;472.37;441.7;462.7;524.57;478.2
6190;Manoel Emídio;PI;Estadual;23;493.65;457.84;438.44;461.9;539.13;478.19
6191;Taquarana;AL;Estadual;100;475.57;464.23;439.05;469.51;542.6;478.19
6192;Messias;AL;Estadual;96;473.56;456.88;440.01;458.22;562.29;478.19
6193;Vila Bela da Santíssima Trindade;MT;Estadual;38;475.19;459.01;438.95;475.65;542.11;478.18
6194;Canavieira;PI;Estadual;10;468.94;465.7;407.09;507.14;542.0;478.17
6195;Lagoa Seca;PB;Estadual;51;475.65;458.19;440.66;460.57;555.69;478.15
6196;Quatipuru;PA;Estadual;23;474.61;445.8;428.11;463.97;578.26;478.15
6197;São Bento do Trairí;RN;Estadual;19;478.46;467.04;447.89;469.86;527.37;478.13
6198;Paramoti;CE;Estadual;75;478.29;471.41;435.87;486.1;518.93;478.12
6199;Terra Alta;PA;Estadual;32;489.57;475.95;435.59;465.74;523.75;478.12
6200;Jardim;CE;Estadual;286;476.9;462.93;433.83;479.04;537.83;478.11
6201;Tailândia;PA;Estadual;266;483.37;466.74;439.23;465.58;535.41;478.07
6202;Cajazeirinhas;PB;Estadual;21;472.78;465.0;436.15;450.54;565.71;478.04
6203;Floresta Azul;BA;Estadual;30;497.48;466.0;434.63;470.59;521.33;478.01
6204;São Raimundo do Doca Bezerra;MA;Estadual;24;471.52;457.28;434.39;465.13;561.67;478.0
6205;Heliópolis;BA;Estadual;50;489.2;458.02;434.16;474.97;533.6;477.99
6206;Barra do Jacaré;PR;Estadual;16;496.27;469.56;446.11;481.71;496.25;477.98
6207;Novo Airão;AM;Estadual;48;479.87;465.53;424.33;485.59;534.58;477.98
6208;Riacho dos Cavalos;PB;Estadual;26;465.5;451.63;425.58;481.78;565.38;477.98
6209;Pilar;AL;Estadual;127;482.57;465.28;430.32;468.7;542.99;477.97
6210;Fernando Falcão;MA;Estadual;10;476.42;445.3;426.61;479.29;562.0;477.92
6211;Nova Guarita;MT;Estadual;22;487.66;466.24;445.4;461.24;529.09;477.92
6212;São Mateus do Maranhão;MA;Estadual;144;478.85;461.85;433.81;463.46;551.53;477.9
6213;Ulianópolis;PA;Estadual;71;488.94;465.59;438.74;468.62;527.61;477.9
6214;Buritirama;BA;Municipal;1;526.3;485.4;408.0;449.7;520.0;477.88
6215;Rio Preto;MG;Estadual;24;491.97;455.15;451.43;468.35;522.5;477.88
6216;Santo Amaro das Brotas;SE;Estadual;47;483.58;457.21;425.98;462.53;560.0;477.86
6217;Itagi;BA;Estadual;25;486.04;448.06;429.64;478.3;547.2;477.85
6218;Dionísio;MG;Estadual;34;493.29;472.49;434.76;483.95;504.71;477.84
6219;Vila Nova dos Martírios;MA;Estadual;26;476.36;450.74;429.03;479.92;553.08;477.83
6220;Sampaio;TO;Estadual;15;482.73;476.01;435.53;462.82;532.0;477.82
6221;Faro;PA;Estadual;33;468.8;462.24;441.23;474.38;542.42;477.82
6222;Bodó;RN;Estadual;2;528.35;458.55;451.3;530.8;420.0;477.8
6223;Santa Cruz do Piauí;PI;Estadual;36;485.17;459.66;441.96;491.62;510.56;477.79
6224;Itaperuçu;PR;Estadual;19;509.46;504.12;444.6;468.64;462.11;477.78
6225;Matos Costa;SC;Estadual;14;500.76;487.74;439.29;462.51;498.57;477.78
6226;Isaías Coelho;PI;Estadual;26;475.92;453.57;425.61;455.3;578.46;477.77
6227;Chã Grande;PE;Estadual;57;491.92;475.61;442.77;460.23;518.25;477.76
6228;Itacaré;BA;Estadual;87;486.92;479.71;437.91;466.34;517.93;477.76
6229;Arvoredo;SC;Estadual;4;501.5;475.92;450.98;460.38;500.0;477.76
6230;Exu;PE;Estadual;192;482.1;467.46;437.77;473.11;528.33;477.75
6231;São Vicente Férrer;PE;Estadual;89;468.71;459.67;437.64;460.62;562.02;477.73
6232;Brasileira;PI;Estadual;35;486.58;458.88;444.08;465.33;533.71;477.72
6233;Imaculada;PB;Estadual;20;492.38;460.62;425.56;467.0;543.0;477.71
6234;Itapirapuã;GO;Estadual;22;500.55;485.63;466.04;477.16;459.09;477.69
6235;Anori;AM;Estadual;46;489.59;458.37;431.96;479.83;528.7;477.69
6236;Santa Cruz Cabrália;BA;Estadual;44;494.02;468.96;432.06;473.75;519.55;477.67
6237;Ferreiros;PE;Estadual;46;476.01;447.99;431.58;497.54;535.22;477.67
6238;Corumbá;MS;Estadual;333;493.45;469.38;437.34;466.97;521.2;477.67
6239;Santanópolis;BA;Estadual;40;493.8;462.33;439.45;463.21;529.5;477.66
6240;Rio Tinto;PB;Estadual;74;478.16;466.64;433.87;459.63;550.0;477.66
6241;Novo Santo Antônio;PI;Estadual;18;469.32;469.41;433.24;463.99;552.22;477.64
6242;Faria Lemos;MG;Estadual;12;482.14;477.76;422.68;447.12;558.33;477.61
6243;Presidente Jânio Quadros;BA;Estadual;52;478.98;469.9;432.55;484.33;522.31;477.61
6244;Boa Esperança do Iguaçu;PR;Estadual;23;482.44;458.38;440.4;491.19;515.65;477.61
6245;Joaquim Pires;PI;Estadual;64;471.09;467.77;445.48;475.74;527.81;477.58
6246;Medeiros Neto;BA;Estadual;83;496.43;478.18;450.33;472.85;490.12;477.58
6247;Abreulândia;TO;Estadual;17;475.73;448.98;432.52;470.3;560.0;477.51
6248;Lagoinha do Piauí;PI;Estadual;20;451.48;442.21;429.71;477.17;587.0;477.51
6249;Soure;PA;Municipal;14;466.11;430.44;417.46;453.39;620.0;477.48
6250;São Domingos do Maranhão;MA;Estadual;209;468.47;455.21;432.48;482.33;548.71;477.44
6251;Santana do Ipanema;AL;Estadual;148;485.17;469.13;433.69;467.79;531.35;477.43
6252;Campos Verdes;GO;Estadual;21;501.62;462.05;432.4;479.59;511.43;477.42
6253;Fátima;TO;Estadual;28;489.45;455.67;428.05;443.2;570.71;477.42
6254;Galiléia;MG;Estadual;42;499.96;469.51;446.59;473.41;497.62;477.42
6255;Massaranduba;PB;Estadual;40;474.36;473.3;436.94;448.94;553.5;477.41
6256;Vitória do Xingu;PA;Estadual;72;468.75;454.23;436.27;467.81;560.0;477.41
6257;Jiquiriçá;BA;Estadual;63;481.33;458.81;426.7;473.11;546.98;477.39
6258;Quixabeira;BA;Estadual;29;487.64;478.32;443.05;459.97;517.93;477.38
6259;Brejo de Areia;MA;Estadual;21;480.78;448.52;454.1;472.09;531.43;477.38
6260;Horizontina;RS;Estadual;39;500.05;475.56;449.64;493.32;468.21;477.36
6261;Satuba;AL;Estadual;44;486.53;475.24;435.18;468.88;520.91;477.35
6262;Medicilândia;PA;Municipal;4;487.02;443.3;409.78;486.6;560.0;477.34
6263;Itajá;GO;Estadual;12;485.79;458.2;426.06;494.97;521.67;477.34
6264;Governador Jorge Teixeira;RO;Estadual;61;479.46;463.98;432.63;475.8;534.75;477.33
6265;São Pedro dos Crentes;MA;Estadual;38;479.56;457.09;431.78;479.17;538.95;477.31
6266;Vista Gaúcha;RS;Estadual;12;480.93;468.64;424.98;513.52;498.33;477.28
6267;Lagoa Salgada;RN;Estadual;31;487.44;454.23;433.07;476.73;534.84;477.26
6268;Fernandes Pinheiro;PR;Estadual;14;512.84;493.81;433.56;483.14;462.86;477.24
6269;São Francisco;MG;Privada;24;483.39;465.09;475.85;462.62;499.17;477.22
6270;Lupércio;SP;Estadual;7;478.73;500.13;436.29;430.89;540.0;477.21
6271;Juruá;AM;Estadual;30;473.0;460.71;420.02;464.98;567.33;477.21
6272;Ponte Preta;RS;Estadual;7;481.1;468.99;441.04;474.83;520.0;477.19
6273;Lucrécia;RN;Estadual;25;485.22;446.04;430.19;473.98;550.4;477.17
6274;Casa Nova;BA;Privada;3;513.27;458.33;388.43;545.73;480.0;477.15
6275;Caiapônia;GO;Estadual;51;491.75;463.02;450.24;498.76;481.57;477.07
6276;Santa Rita do Itueto;MG;Estadual;5;481.28;475.9;477.08;539.06;412.0;477.06
6277;Chuí;RS;Estadual;19;488.51;442.44;428.12;470.31;555.79;477.03
6278;Parazinho;RN;Estadual;30;485.05;453.22;434.82;472.02;540.0;477.02
6279;Anadia;AL;Estadual;75;470.98;457.93;428.97;458.39;568.53;476.96
6280;Betânia do Piauí;PI;Estadual;18;486.83;475.97;425.91;482.77;513.33;476.96
6281;Santa Rita;PB;Estadual;451;488.3;465.68;437.81;465.57;527.36;476.95
6282;Prata;PB;Estadual;29;491.84;466.53;432.03;455.02;539.31;476.95
6283;Ingaí;MG;Estadual;8;468.28;469.08;467.24;475.09;505.0;476.94
6284;América Dourada;BA;Estadual;50;469.93;450.12;431.2;463.41;570.0;476.93
6285;Santa Cruz de Salinas;MG;Estadual;15;480.57;445.2;422.33;485.75;550.67;476.9
6286;Santo Antônio do Itambé;MG;Estadual;18;500.55;475.13;434.8;470.63;503.33;476.89
6287;Luislândia;MG;Estadual;27;497.73;466.57;435.96;473.08;511.11;476.89
6288;Coxilha;RS;Estadual;1;490.0;469.4;360.6;604.1;460.0;476.82
6289;Engenheiro Navarro;MG;Estadual;30;491.89;468.35;449.0;472.78;502.0;476.8
6290;Palmares do Sul;RS;Estadual;19;494.16;463.89;442.03;465.88;517.89;476.77
6291;Andaraí;BA;Estadual;40;490.46;468.83;434.28;454.13;536.0;476.74
6292;Primavera;PA;Estadual;22;469.59;464.5;423.84;451.97;573.64;476.71
6293;Vespasiano Corrêa;RS;Estadual;6;485.07;495.53;452.05;467.45;483.33;476.69
6294;Emas;PB;Estadual;17;456.86;469.55;433.84;447.88;575.29;476.68
6295;Catu;BA;Estadual;117;495.03;471.17;435.61;464.33;517.26;476.68
6296;Solidão;PE;Estadual;24;479.92;446.38;453.35;504.5;499.17;476.66
6297;Souto Soares;BA;Estadual;28;494.77;462.4;423.12;448.56;554.29;476.63
6298;Caracol;MS;Estadual;24;478.78;460.75;426.22;478.2;539.17;476.62
6299;Itororó;BA;Estadual;42;485.18;459.7;434.6;474.95;528.57;476.6
6300;Queiroz;SP;Estadual;4;491.78;491.12;449.0;461.1;490.0;476.6
6301;Santa Tereza de Goiás;GO;Estadual;18;476.48;464.58;435.16;506.78;500.0;476.6
6302;Marcolândia;PI;Estadual;57;480.93;462.62;427.07;467.85;544.56;476.6
6303;Mimoso do Sul;ES;Privada;5;448.28;455.04;462.68;489.0;528.0;476.6
6304;Entre Rios;BA;Estadual;132;487.92;475.6;431.78;463.7;523.79;476.56
6305;Goiânia;GO;Municipal;1;481.3;452.7;484.2;484.5;480.0;476.54
6306;Camalaú;PB;Estadual;20;499.64;491.65;419.6;459.7;512.0;476.52
6307;Zé Doca;MA;Privada;31;481.71;447.37;441.94;454.13;557.42;476.51
6308;Saloá;PE;Estadual;67;473.67;454.84;425.11;482.91;545.97;476.5
6309;Conceição de Ipanema;MG;Estadual;14;472.21;467.39;430.23;502.51;510.0;476.47
6310;Canguaretama;RN;Estadual;85;478.96;467.63;433.55;465.5;536.71;476.47
6311;São José de Piranhas;PB;Estadual;67;478.31;455.65;432.53;467.73;548.06;476.46
6312;Ibicaraí;BA;Estadual;64;493.39;459.98;433.78;466.67;528.44;476.45
6313;Posse;GO;Estadual;141;490.98;460.02;429.41;478.77;522.84;476.4
6314;São Gonçalo dos Campos;BA;Estadual;121;480.42;467.61;436.38;469.33;528.26;476.4
6315;São José de Mipibu;RN;Estadual;92;489.82;471.96;440.18;467.15;512.83;476.39
6316;Limoeiro do Ajuru;PA;Municipal;3;508.63;453.47;414.9;424.87;580.0;476.37
6317;Santo Antônio do Paraíso;PR;Estadual;12;493.24;475.8;431.41;483.08;498.33;476.37
6318;Belém;PB;Estadual;51;471.16;449.96;418.92;461.81;580.0;476.37
6319;Cabrobó;PE;Estadual;175;481.78;459.45;431.36;482.7;526.4;476.34
6320;Coribe;BA;Estadual;64;485.28;465.01;433.05;473.0;525.31;476.33
6321;Batalha;PI;Estadual;106;482.03;466.37;432.72;470.48;530.0;476.32
6322;Salto do Céu;MT;Estadual;19;466.29;477.91;432.58;458.49;546.32;476.32
6323;Maçambará;RS;Estadual;25;481.51;462.15;449.0;450.46;538.4;476.31
6324;Farol;PR;Estadual;8;478.72;472.12;435.28;460.44;535.0;476.31
6325;Lebon Régis;SC;Estadual;17;498.19;470.62;432.51;475.48;504.71;476.3
6326;Salvaterra;PA;Estadual;160;478.45;466.7;442.32;459.38;534.62;476.3
6327;Coruripe;AL;Estadual;213;481.6;454.41;428.64;460.19;556.62;476.29
6328;Ceará-Mirim;RN;Estadual;236;479.99;471.45;437.01;466.05;526.86;476.27
6329;Mulungu;PB;Estadual;25;481.19;456.51;447.01;467.74;528.8;476.25
6330;Coaraci;BA;Estadual;57;489.47;466.61;438.52;469.45;517.19;476.25
6331;Ipaporanga;CE;Estadual;104;482.52;471.68;436.88;463.21;526.92;476.24
6332;Goianápolis;GO;Estadual;24;487.76;479.33;446.91;476.3;490.83;476.23
6333;Alcântaras;CE;Estadual;89;478.32;465.96;429.91;482.24;524.72;476.23
6334;São José do Barreiro;SP;Estadual;7;500.19;466.7;434.94;510.7;468.57;476.22
6335;Ubaíra;BA;Estadual;61;492.63;471.99;444.53;481.73;490.16;476.21
6336;Bujari;AC;Estadual;38;487.64;470.77;435.63;468.06;518.95;476.21
6337;São Francisco de Assis do Piauí;PI;Estadual;8;458.19;475.9;421.6;465.29;560.0;476.2
6338;Itacuruba;PE;Estadual;14;472.69;435.41;440.69;462.16;570.0;476.19
6339;Antônio João;MS;Estadual;34;493.79;465.22;439.99;467.19;514.71;476.18
6340;Coreaú;CE;Estadual;279;486.35;464.25;433.99;488.22;508.03;476.17
6341;Querência do Norte;PR;Estadual;30;511.74;472.25;440.99;481.16;474.67;476.16
6342;Curral de Cima;PB;Estadual;37;470.4;460.91;433.37;474.9;541.08;476.13
6343;Bela Vista de Minas;MG;Estadual;51;482.37;457.65;434.4;479.13;527.06;476.12
6344;Jussari;BA;Estadual;12;473.98;472.86;447.84;445.9;540.0;476.12
6345;Normandia;RR;Estadual;4;514.92;480.08;462.78;497.72;425.0;476.1
6346;União;PI;Estadual;194;472.7;453.09;436.08;466.86;551.75;476.1
6347;Marcelino Vieira;RN;Estadual;45;475.5;460.9;431.6;456.4;556.0;476.08
6348;Rio Quente;GO;Estadual;20;488.56;483.44;433.78;472.56;502.0;476.07
6349;Porto Nacional;TO;Estadual;167;483.32;460.28;430.94;468.39;537.37;476.06
6350;Capitão Leônidas Marques;PR;Estadual;55;496.8;469.6;443.77;482.39;487.64;476.04
6351;Redenção da Serra;SP;Estadual;2;464.9;488.2;458.9;488.1;480.0;476.02
6352;São Raimundo Nonato;PI;Estadual;239;482.28;457.66;430.79;461.04;548.28;476.01
6353;Inocência;MS;Estadual;9;472.23;471.34;430.26;472.86;533.33;476.0
6354;Jordânia;MG;Estadual;26;491.46;465.86;427.96;478.58;516.15;476.0
6355;Santa Fé do Araguaia;TO;Estadual;29;476.17;443.84;443.73;481.11;535.17;476.0
6356;Casimiro de Abreu;RJ;Municipal;2;525.4;504.2;423.05;427.2;500.0;475.97
6357;Guaramiranga;CE;Estadual;45;487.89;480.24;442.12;491.33;478.22;475.96
6358;Ituberá;BA;Estadual;75;492.11;466.64;424.98;468.36;527.73;475.96
6359;Barra do Corda;MA;Estadual;291;482.24;461.23;435.08;468.16;532.92;475.93
6360;Governador Edison Lobão;MA;Estadual;71;484.63;468.0;434.92;480.29;511.83;475.93
6361;Quevedos;RS;Estadual;10;474.54;457.59;454.65;488.63;504.0;475.88
6362;Eldorado do Carajás;PA;Estadual;52;479.41;471.04;441.62;474.1;513.08;475.85
6363;Rio Verde;GO;Municipal;2;507.9;483.25;451.55;486.4;450.0;475.82
6364;Monjolos;MG;Estadual;13;473.15;477.11;436.98;473.33;518.46;475.81
6365;Orós;CE;Estadual;118;477.44;459.59;433.32;473.42;535.25;475.81
6366;Santa Maria das Barreiras;PA;Estadual;13;491.95;451.38;430.82;458.65;546.15;475.79
6367;Paço do Lumiar;MA;Estadual;526;489.15;460.3;433.14;462.75;533.61;475.79
6368;Terezópolis de Goiás;GO;Estadual;27;468.99;442.54;441.04;472.31;554.07;475.79
6369;São Sebastião do Rio Preto;MG;Estadual;13;495.15;479.82;438.18;484.19;481.54;475.78
6370;Campo Redondo;RN;Estadual;26;479.77;475.42;427.41;469.82;526.15;475.71
6371;Santaluz;BA;Estadual;79;490.24;468.05;431.77;451.76;536.71;475.71
6372;Sítio Novo;RN;Estadual;12;491.74;491.06;418.09;470.99;506.67;475.71
6373;Santa Cecília;PB;Estadual;23;490.8;464.73;433.98;476.75;512.17;475.69
6374;Nova Europa;SP;Estadual;31;497.25;474.33;447.25;478.24;481.29;475.67
6375;Canutama;AM;Estadual;17;484.45;459.59;441.72;468.88;523.53;475.64
6376;São José do Povo;MT;Estadual;21;470.35;464.21;441.13;480.52;521.9;475.62
6377;Ibirarema;SP;Estadual;8;500.66;470.1;415.6;484.24;507.5;475.62
6378;Manacapuru;AM;Estadual;287;488.43;471.24;435.56;468.23;514.63;475.62
6379;Itaúna do Sul;PR;Estadual;5;488.76;462.4;465.78;476.92;484.0;475.57
6380;São Gonçalo do Rio Preto;MG;Estadual;17;483.46;482.32;443.42;473.34;495.29;475.57
6381;Lagoa do Piauí;PI;Estadual;14;490.89;465.04;440.94;464.94;515.71;475.51
6382;Santa Vitória do Palmar;RS;Privada;3;489.93;444.73;439.03;483.8;520.0;475.5
6383;Ibicuitinga;CE;Estadual;105;481.54;464.94;433.8;461.5;535.62;475.48
6384;Alvarães;AM;Estadual;32;485.45;459.35;440.78;460.39;531.25;475.45
6385;Moreilândia;PE;Estadual;31;475.98;472.94;436.05;463.82;528.39;475.44
6386;Malhada dos Bois;SE;Estadual;15;484.98;452.64;431.85;447.75;560.0;475.44
6387;Novo Acordo;TO;Estadual;16;486.67;467.19;426.74;454.05;542.5;475.43
6388;Arari;MA;Estadual;140;481.04;462.88;438.96;470.1;524.0;475.4
6389;Porto dos Gaúchos;MT;Estadual;24;478.08;471.76;447.46;484.64;495.0;475.39
6390;Pedro Avelino;RN;Estadual;10;474.26;443.54;446.84;477.97;534.0;475.32
6391;Missão Velha;CE;Estadual;252;474.74;455.83;436.02;472.26;537.7;475.31
6392;Bocaiúva do Sul;PR;Estadual;15;493.22;488.91;448.53;464.41;481.33;475.28
6393;São Francisco do Conde;BA;Estadual;88;477.68;456.14;425.44;458.46;558.64;475.27
6394;Amarante do Maranhão;MA;Estadual;91;480.27;451.39;433.31;479.53;531.87;475.27
6395;Sena Madureira;AC;Estadual;98;491.09;464.68;438.59;459.15;522.86;475.27
6396;Barreira;CE;Estadual;123;481.18;464.54;435.68;477.73;517.07;475.24
6397;São José do Sabugi;PB;Estadual;28;469.31;454.69;447.86;461.46;542.86;475.24
6398;Adelândia;GO;Estadual;9;489.64;446.03;443.11;464.1;533.33;475.24
6399;Viçosa do Ceará;CE;Estadual;635;477.81;463.09;433.13;479.85;521.95;475.17
6400;Cacoal;RO;Municipal;1;479.3;461.8;490.2;364.3;580.0;475.12
6401;Januária;MG;Estadual;223;485.0;461.96;439.26;461.65;527.62;475.1
6402;Barroquinha;CE;Estadual;188;475.68;474.19;432.47;474.35;518.83;475.1
6403;Cândido Rodrigues;SP;Estadual;9;492.13;472.14;431.9;508.09;471.11;475.08
6404;Serro;MG;Estadual;69;484.88;474.53;445.16;473.67;497.1;475.07
6405;Mariana;MG;Municipal;12;508.36;490.52;432.02;467.77;476.67;475.07
6406;Chapadinha;MA;Estadual;395;475.9;455.0;434.08;464.14;546.18;475.06
6407;Nilo Peçanha;BA;Estadual;23;463.75;449.08;435.68;470.22;556.52;475.05
6408;Pio IX;PI;Estadual;55;476.05;467.38;439.03;483.22;509.45;475.03
6409;Santa Luzia do Norte;AL;Estadual;33;475.56;465.58;438.69;472.86;522.42;475.02
6410;Muniz Ferreira;BA;Estadual;41;474.5;446.46;437.9;481.09;535.12;475.01
6411;Tabatinga;AM;Estadual;130;484.72;455.4;437.2;460.05;537.69;475.01
6412;Tabocas do Brejo Velho;BA;Estadual;42;478.17;456.71;442.19;473.19;524.76;475.0
6413;Monte Alegre;RN;Estadual;60;485.62;455.57;432.52;453.29;548.0;475.0
6414;Dom Aquino;MT;Estadual;31;475.34;480.58;438.0;468.8;512.26;475.0
6415;Guaribas;PI;Estadual;20;460.39;441.91;432.56;482.11;558.0;474.99
6416;Rio Sono;TO;Estadual;11;490.81;453.26;455.73;453.16;521.82;474.96
6417;São Sebastião;AL;Estadual;108;477.06;474.92;438.88;473.33;510.56;474.95
6418;Penedo;AL;Estadual;186;482.38;459.21;425.75;468.01;539.35;474.94
6419;Tracuateua;PA;Municipal;12;467.91;486.89;454.11;460.74;505.0;474.93
6420;Caroebe;RR;Estadual;15;472.38;468.41;435.71;487.42;510.67;474.92
6421;Damião;PB;Estadual;30;466.7;444.51;450.62;488.57;524.0;474.88
6422;Pilar;PB;Estadual;51;471.59;452.25;432.96;462.54;554.9;474.85
6423;Alenquer;PA;Estadual;204;472.56;463.08;429.42;471.7;537.45;474.84
6424;Almeirim;PA;Estadual;97;475.71;459.44;434.31;463.92;540.62;474.8
6425;Santa Terezinha do Progresso;SC;Estadual;15;499.95;490.57;430.67;463.41;489.33;474.79
6426;Jordão;AC;Estadual;24;483.43;472.93;423.41;468.34;525.83;474.79
6427;Floreal;SP;Estadual;15;484.94;461.43;450.3;490.57;486.67;474.78
6428;Juazeiro do Piauí;PI;Estadual;24;486.52;467.48;437.54;482.84;499.17;474.71
6429;Itabela;BA;Estadual;60;489.61;464.6;435.56;466.08;517.67;474.7
6430;Santa Mônica;PR;Estadual;12;490.16;474.47;443.84;458.32;506.67;474.69
6431;Torixoréu;MT;Estadual;19;460.54;453.53;431.87;497.0;530.53;474.69
6432;Nova Iguaçu de Goiás;GO;Estadual;18;491.39;475.83;448.12;469.16;488.89;474.68
6433;Montividiu;GO;Estadual;49;487.01;461.27;446.86;485.18;493.06;474.67
6434;Parauapebas;PA;Municipal;48;479.06;449.04;434.66;475.82;534.58;474.63
6435;Acrelândia;AC;Estadual;37;482.25;477.9;428.1;469.69;515.14;474.61
6436;Ivatuba;PR;Estadual;1;507.2;455.6;402.1;448.1;560.0;474.6
6437;Inajá;PE;Estadual;50;474.85;449.33;437.02;481.76;530.0;474.59
6438;Monte Castelo;SC;Estadual;27;472.51;473.24;432.59;464.25;530.37;474.59
6439;Alagoinha;PE;Estadual;47;487.03;454.06;420.54;475.04;536.17;474.57
6440;Aruanã;GO;Estadual;33;487.32;467.21;429.13;443.68;545.45;474.56
6441;Olinda Nova do Maranhão;MA;Estadual;50;482.63;468.43;425.17;467.66;528.8;474.54
6442;Santa Cruz da Esperança;SP;Estadual;8;483.19;442.1;446.44;465.88;535.0;474.52
6443;São José dos Basílios;MA;Estadual;30;476.91;454.31;427.91;507.37;506.0;474.5
6444;Mombuca;SP;Estadual;10;497.79;504.76;444.24;471.7;454.0;474.5
6445;Jandaíra;RN;Estadual;18;488.64;449.2;424.66;488.81;521.11;474.48
6446;Piaçabuçu;AL;Estadual;39;484.21;455.06;435.79;463.9;533.33;474.46
6447;Altamira do Paraná;PR;Estadual;14;500.36;455.52;436.66;473.94;505.71;474.44
6448;Umbuzeiro;PB;Estadual;40;475.89;461.63;420.01;470.52;544.0;474.41
6449;Olho d'Água do Casado;AL;Estadual;32;477.51;461.36;432.32;465.16;535.62;474.4
6450;Camamu;BA;Estadual;93;486.15;464.77;437.77;465.46;517.85;474.4
6451;Bonito;BA;Estadual;53;471.32;457.04;428.57;463.72;551.32;474.39
6452;Seringueiras;RO;Estadual;63;476.24;460.93;441.07;491.79;501.9;474.39
6453;Lagoa da Confusão;TO;Estadual;25;478.96;453.9;436.24;473.98;528.8;474.38
6454;João Dourado;BA;Estadual;73;481.37;463.41;425.0;465.42;536.71;474.38
6455;São João do Rio do Peixe;PB;Estadual;73;476.12;463.12;439.0;474.93;518.63;474.36
6456;Tacaratu;PE;Estadual;57;478.24;452.85;444.29;460.56;535.79;474.35
6457;Coração de Maria;BA;Estadual;108;485.02;458.88;438.24;453.42;535.93;474.3
6458;Goiandira;GO;Estadual;18;499.46;473.31;452.2;484.26;462.22;474.29
6459;Pardinho;SP;Estadual;15;494.75;464.09;449.57;478.97;484.0;474.28
6460;Rio de Janeiro;RJ;Municipal;105;496.9;478.2;443.26;473.14;479.81;474.26
6461;Miguel Alves;PI;Estadual;50;478.11;455.04;432.26;449.44;556.4;474.25
6462;Vitória do Xingu;PA;Municipal;2;442.85;445.45;412.95;460.0;610.0;474.25
6463;Mococa;SP;Municipal;15;491.57;477.81;432.93;494.23;474.67;474.24
6464;Jatobá;MA;Estadual;16;480.22;441.86;429.32;468.56;551.25;474.24
6465;Parintins;AM;Estadual;732;482.68;466.51;437.07;466.02;518.83;474.22
6466;São Sebastião do Passé;BA;Estadual;123;490.47;460.53;420.65;450.3;549.11;474.21
6467;Corumbiara;RO;Estadual;16;473.15;480.51;450.4;465.56;501.25;474.17
6468;Pilão Arcado;BA;Estadual;39;483.16;462.99;449.33;466.61;508.72;474.16
6469;Santarém;PA;Municipal;6;453.95;453.82;429.53;466.77;566.67;474.15
6470;Jaborandi;BA;Estadual;50;468.16;456.95;418.91;486.62;540.0;474.13
6471;Taquaral de Goiás;GO;Estadual;18;480.54;468.16;444.54;481.86;495.56;474.13
6472;Campinas do Piauí;PI;Estadual;20;472.92;473.15;439.1;453.45;532.0;474.12
6473;Varjota;CE;Estadual;179;471.32;463.54;431.65;481.04;523.02;474.11
6474;Godofredo Viana;MA;Estadual;19;479.31;445.32;436.77;459.67;549.47;474.11
6475;Getulina;SP;Estadual;20;496.25;475.6;422.06;451.62;525.0;474.11
6476;Apuarema;BA;Estadual;21;481.03;458.21;431.27;451.4;548.57;474.1
6477;Guareí;SP;Estadual;30;492.18;471.79;436.31;487.58;482.67;474.1
6478;Piraí do Norte;BA;Estadual;21;485.83;468.06;434.87;471.27;510.48;474.1
6479;Figueirópolis;TO;Estadual;29;478.86;452.77;439.29;454.04;545.52;474.09
6480;Muaná;PA;Estadual;63;474.71;457.97;428.18;467.89;541.59;474.07
6481;Paiva;MG;Estadual;8;469.38;483.95;462.68;446.79;507.5;474.06
6482;Soure;PA;Estadual;184;464.02;450.96;430.47;455.38;569.46;474.06
6483;Cuité de Mamanguape;PB;Estadual;26;491.54;452.42;438.6;469.17;518.46;474.04
6484;São Bento do Tocantins;TO;Estadual;1;471.3;465.0;427.9;425.9;580.0;474.02
6485;José Boiteux;SC;Estadual;12;493.62;477.07;442.33;475.36;481.67;474.01
6486;Feira Nova;SE;Estadual;15;465.48;463.15;430.49;458.78;552.0;473.98
6487;Acará;PA;Estadual;150;463.59;467.44;433.4;455.24;550.13;473.96
6488;Chaval;CE;Estadual;120;482.23;465.44;439.44;474.48;508.17;473.95
6489;Costa Marques;RO;Estadual;32;475.53;475.71;432.07;485.08;501.25;473.93
6490;Novo Aripuanã;AM;Municipal;1;482.2;411.8;393.1;542.5;540.0;473.92
6491;Passagem;PB;Estadual;20;470.13;475.05;439.9;455.31;529.0;473.88
6492;Várzea Branca;PI;Estadual;17;467.53;443.97;427.59;458.55;571.76;473.88
6493;São Domingos;PB;Estadual;11;499.02;471.29;447.59;460.55;490.91;473.87
6494;Santa Rita d'Oeste;SP;Estadual;7;488.39;454.27;431.44;518.04;477.14;473.86
6495;Boa Nova;BA;Estadual;26;472.89;471.16;427.21;454.87;543.08;473.84
6496;Teolândia;BA;Estadual;49;480.12;459.38;441.53;463.56;524.49;473.82
6497;Aiquara;BA;Estadual;10;475.51;449.71;461.07;464.64;518.0;473.79
6498;Itapema;SC;Municipal;2;466.15;489.3;484.3;489.1;440.0;473.77
6499;Luís Eduardo Magalhães;BA;Municipal;3;486.23;486.7;412.83;476.17;506.67;473.72
6500;Jupiá;SC;Estadual;4;459.68;456.65;447.95;464.25;540.0;473.7
6501;Mariana Pimentel;RS;Estadual;11;484.87;476.83;429.94;467.75;509.09;473.69
6502;Neópolis;SE;Estadual;62;484.64;463.42;426.33;453.38;540.65;473.68
6503;Flora Rica;SP;Estadual;8;477.92;434.48;455.96;467.49;532.5;473.67
6504;Jeremoabo;BA;Estadual;119;472.54;461.14;426.58;458.01;550.08;473.67
6505;Redentora;RS;Estadual;22;473.95;443.13;411.01;490.26;550.0;473.67
6506;Novo Oriente do Piauí;PI;Estadual;31;477.38;462.65;430.87;451.55;545.81;473.65
6507;Santa Luzia;MA;Estadual;179;474.79;453.65;430.99;480.44;528.27;473.63
6508;Serra Preta;BA;Estadual;75;469.08;456.86;437.59;469.56;534.93;473.61
6509;Itaeté;BA;Estadual;40;484.54;456.42;433.86;461.56;531.5;473.58
6510;Ubaí;MG;Estadual;51;480.79;464.19;438.42;480.47;503.92;473.56
6511;Placas;PA;Estadual;18;497.29;477.78;438.27;444.28;510.0;473.52
6512;Erval Seco;RS;Estadual;17;485.91;469.48;438.37;469.14;504.71;473.52
6513;Cachoeira de Pajeú;MG;Estadual;61;481.64;472.88;422.29;464.57;526.23;473.52
6514;Santa Inês;PB;Estadual;10;489.2;466.54;427.78;448.01;536.0;473.51
6515;Igarapé-Miri;PA;Estadual;289;468.95;457.12;423.16;454.95;563.18;473.47
6516;Rochedo de Minas;MG;Estadual;16;476.67;458.94;457.27;495.56;478.75;473.44
6517;São José da Vitória;BA;Estadual;16;472.04;455.19;427.85;473.36;538.75;473.44
6518;Nísia Floresta;RN;Estadual;56;485.74;455.67;435.49;472.39;517.86;473.43
6519;Pintópolis;MG;Estadual;49;478.42;455.35;429.07;462.28;542.04;473.43
6520;Nossa Senhora do Livramento;MT;Estadual;38;494.79;459.59;437.04;464.09;511.58;473.42
6521;Raposa;MA;Estadual;92;481.57;463.12;437.3;464.95;520.0;473.39
6522;Corumbaíba;GO;Estadual;20;493.82;455.74;445.38;487.0;485.0;473.39
6523;Serra Redonda;PB;Estadual;25;473.88;459.91;411.88;471.53;549.6;473.36
6524;Braço do Trombudo;SC;Estadual;9;493.26;450.89;470.84;496.21;455.56;473.35
6525;Floresta;PR;Estadual;7;499.56;484.33;455.94;449.66;477.14;473.33
6526;Rancho Alegre;PR;Estadual;14;497.41;456.96;427.56;454.56;530.0;473.3
6527;Pilões;PB;Estadual;40;473.35;449.02;430.56;461.73;551.5;473.23
6528;Granja;CE;Estadual;694;471.83;458.21;430.93;476.57;528.56;473.22
6529;Araçuaí;MG;Privada;14;488.07;481.0;453.28;455.13;488.57;473.21
6530;Moeda;MG;Estadual;19;481.48;461.63;457.05;470.08;495.79;473.21
6531;Campo Belo do Sul;SC;Estadual;18;493.82;453.47;433.78;444.81;540.0;473.18
6532;Itirapuã;SP;Estadual;9;494.93;464.6;418.59;476.61;511.11;473.17
6533;Itueta;MG;Estadual;8;492.78;455.39;410.72;471.94;535.0;473.16
6534;Santo Antônio;RN;Estadual;79;478.33;465.56;435.75;465.14;521.01;473.16
6535;Itaipé;MG;Privada;3;498.1;448.63;405.6;520.07;493.33;473.15
6536;Cuparaque;MG;Estadual;11;489.02;469.89;470.84;472.35;463.64;473.15
6537;Mucajaí;RR;Estadual;22;484.83;449.11;427.31;457.25;547.27;473.15
6538;Belterra;PA;Estadual;64;475.69;453.52;441.18;470.48;524.69;473.11
6539;São Sebastião do Passé;BA;Municipal;1;481.6;447.6;486.3;429.9;520.0;473.08
6540;Narandiba;SP;Estadual;31;488.74;465.26;437.46;469.37;504.52;473.07
6541;Bom Jesus do Tocantins;TO;Estadual;12;486.32;457.86;432.4;443.55;545.0;473.03
6542;Gameleira;PE;Estadual;42;485.67;461.93;435.85;457.89;523.81;473.03
6543;Moraújo;CE;Estadual;77;482.56;468.43;430.19;494.04;489.87;473.02
6544;Mirassol d'Oeste;MT;Municipal;1;506.7;555.4;426.3;476.6;400.0;473.0
6545;São Gonçalo do Amarante;CE;Municipal;3;507.57;473.27;424.43;453.07;506.67;473.0
6546;Lagoa do Carro;PE;Estadual;56;481.19;454.47;431.82;464.92;532.5;472.98
6547;Paratinga;BA;Estadual;44;478.93;459.4;430.42;469.76;526.36;472.97
6548;Jaguaribara;CE;Estadual;92;482.29;451.93;425.2;453.88;551.52;472.96
6549;Viçosa;AL;Estadual;71;472.19;465.94;433.13;451.01;542.54;472.96
6550;Coronel Ezequiel;RN;Estadual;11;483.13;452.75;437.06;442.75;549.09;472.95
6551;Joaquim Gomes;AL;Estadual;56;468.82;461.03;434.16;456.38;544.29;472.94
6552;Monteirópolis;AL;Estadual;28;478.36;450.0;417.88;450.44;567.86;472.91
6553;Pão de Açúcar;AL;Estadual;77;470.02;460.99;432.52;478.11;522.86;472.9
6554;Itaú;RN;Estadual;26;461.33;453.63;436.06;438.07;575.38;472.9
6555;Jacinto;MG;Estadual;28;476.51;467.1;430.28;475.47;515.0;472.87
6556;São Romão;MG;Estadual;19;487.32;464.51;414.61;478.95;518.95;472.87
6557;Luís Gomes;RN;Estadual;40;475.55;466.94;428.06;487.24;506.5;472.86
6558;São Félix do Xingu;PA;Estadual;79;479.36;447.94;426.92;462.78;547.09;472.82
6559;Porto;PI;Estadual;46;474.25;461.2;439.48;460.0;529.13;472.81
6560;Buriti dos Lopes;PI;Estadual;142;477.02;463.99;440.38;448.06;534.51;472.79
6561;Alto Garças;MT;Estadual;30;487.66;476.54;418.0;464.87;516.67;472.75
6562;Santa Adélia;SP;Estadual;32;493.87;469.09;426.86;474.5;499.38;472.74
6563;Ponto Belo;ES;Estadual;17;473.64;449.23;429.95;486.1;524.71;472.73
6564;Tufilândia;MA;Estadual;7;464.79;436.71;446.57;463.99;551.43;472.7
6565;Axixá do Tocantins;TO;Estadual;28;475.48;434.49;429.35;484.85;539.29;472.69
6566;Massapê;CE;Estadual;405;479.66;464.39;439.47;471.35;508.49;472.67
6567;São José da Boa Vista;PR;Estadual;11;477.22;476.38;429.95;459.75;520.0;472.66
6568;Murici dos Portelas;PI;Estadual;44;471.12;444.4;412.39;450.93;584.09;472.59
6569;Santa Maria da Boa Vista;PE;Estadual;124;477.86;452.14;422.77;474.7;535.48;472.59
6570;Santa Luz;PI;Estadual;41;482.72;439.68;431.73;469.23;539.51;472.58
6571;Cabedelo;PB;Estadual;169;488.67;462.44;433.82;464.92;512.9;472.55
6572;Pindaí;BA;Estadual;92;474.82;465.48;439.95;465.5;516.96;472.54
6573;Tesouro;MT;Estadual;12;459.69;479.38;428.72;466.55;528.33;472.54
6574;Aporá;BA;Estadual;58;473.59;460.33;439.7;448.34;540.69;472.53
6575;Porto Grande;AP;Estadual;59;476.22;467.78;424.11;456.2;538.31;472.52
6576;Tanquinho;BA;Estadual;19;507.45;450.82;437.29;469.09;497.89;472.51
6577;Caldas Brandão;PB;Estadual;40;470.85;465.19;419.22;461.81;545.5;472.51
6578;São Felipe;BA;Estadual;81;478.28;469.72;433.8;466.77;513.83;472.48
6579;Itambé;BA;Estadual;96;474.58;457.78;434.49;476.06;519.38;472.46
6580;Santana do Acaraú;CE;Estadual;288;473.85;458.07;426.46;470.76;533.12;472.45
6581;Nova Porteirinha;MG;Estadual;17;492.36;454.59;427.2;484.5;503.53;472.44
6582;Jati;CE;Estadual;58;476.46;459.5;429.74;472.32;524.14;472.43
6583;Bom Lugar;MA;Estadual;38;479.6;459.99;423.79;444.47;554.21;472.41
6584;Aquidabã;SE;Estadual;106;479.52;454.97;429.24;471.46;526.6;472.36
6585;Senador Alexandre Costa;MA;Estadual;45;484.05;455.02;437.91;471.01;513.78;472.35
6586;Poção;PE;Estadual;45;478.68;463.13;436.83;457.23;525.78;472.33
6587;Dom Eliseu;PA;Privada;14;485.48;449.08;455.14;471.96;500.0;472.33
6588;Afuá;PA;Estadual;27;480.38;449.18;424.37;466.81;540.74;472.3
6589;Tutóia;MA;Estadual;205;472.47;461.9;433.0;463.68;530.34;472.28
6590;Pimenteiras;PI;Estadual;48;479.13;450.18;432.05;467.5;532.5;472.27
6591;Jatobá do Piauí;PI;Estadual;40;483.67;466.38;432.36;457.28;521.5;472.24
6592;Mambaí;GO;Estadual;32;475.31;459.73;434.02;478.16;513.75;472.2
6593;Jussara;BA;Estadual;25;478.2;455.79;417.82;461.95;547.2;472.19
6594;Mato Rico;PR;Estadual;13;478.16;454.43;437.32;494.13;496.92;472.19
6595;Araçás;BA;Estadual;32;485.41;481.84;442.84;473.97;476.88;472.19
6596;Nova Esperança do Piriá;PA;Estadual;45;478.86;460.27;432.44;458.62;530.67;472.17
6597;Juramento;MG;Estadual;10;493.98;464.21;418.68;449.91;534.0;472.16
6598;Regeneração;PI;Estadual;95;468.61;457.12;422.67;460.37;552.0;472.15
6599;Barra de Guabiraba;PE;Estadual;29;471.0;441.64;415.27;449.41;583.45;472.15
6600;Vila Propício;GO;Estadual;14;470.12;454.88;437.09;487.15;511.43;472.13
6601;Nova Olinda do Maranhão;MA;Estadual;90;472.69;464.66;435.69;464.59;522.89;472.1
6602;Coivaras;PI;Estadual;11;485.02;491.91;420.6;452.05;510.91;472.1
6603;Groaíras;CE;Estadual;83;493.68;473.44;433.3;479.32;480.72;472.09
6604;Maracaçumé;MA;Estadual;83;478.02;459.83;430.34;471.14;520.96;472.06
6605;Óbidos;PA;Estadual;147;469.88;458.88;428.27;466.43;536.73;472.04
6606;Amaralina;GO;Estadual;11;475.95;473.6;409.18;497.8;503.64;472.03
6607;Flexeiras;AL;Municipal;2;427.4;444.2;466.2;532.3;490.0;472.02
6608;Pratânia;SP;Estadual;20;494.6;466.99;439.2;480.26;479.0;472.01
6609;Juarez Távora;PB;Estadual;48;471.68;455.4;436.47;470.63;525.83;472.0
6610;Carmo do Rio Verde;GO;Estadual;24;481.13;447.54;432.51;473.7;525.0;471.98
6611;Nova Olinda do Norte;AM;Estadual;78;473.96;460.89;423.87;465.47;535.64;471.97
6612;Estreito;MA;Estadual;178;477.17;454.58;431.2;470.93;525.96;471.97
6613;Baixa Grande do Ribeiro;PI;Estadual;39;469.49;443.15;413.98;468.64;564.62;471.97
6614;Patos do Piauí;PI;Estadual;21;473.49;461.24;416.16;459.42;549.52;471.97
6615;Conceição;PB;Estadual;76;469.97;453.02;431.09;476.24;529.47;471.96
6616;Nova Floresta;PB;Estadual;33;474.41;459.78;435.55;465.82;524.24;471.96
6617;Marco;CE;Estadual;310;475.29;460.03;435.66;488.05;500.77;471.96
6618;Porto da Folha;SE;Estadual;128;475.42;445.55;423.92;469.13;545.78;471.96
6619;Mantena;MG;Privada;3;488.07;450.5;500.2;407.5;513.33;471.92
6620;Caravelas;BA;Estadual;83;479.76;469.54;438.42;463.16;508.43;471.86
6621;Frutuoso Gomes;RN;Estadual;9;479.03;452.06;432.37;431.4;564.44;471.86
6622;Palmeira dos Índios;AL;Estadual;354;477.01;466.92;427.52;455.43;532.37;471.85
6623;Indiavaí;MT;Estadual;13;472.13;451.88;417.75;477.32;540.0;471.82
6624;Riachão;MA;Estadual;113;482.15;458.97;428.18;471.19;518.41;471.78
6625;Ipaba;MG;Estadual;31;494.05;477.5;435.48;468.58;483.23;471.77
6626;Sucupira do Norte;MA;Estadual;33;481.65;439.68;423.41;466.15;547.88;471.75
6627;Botumirim;MG;Estadual;42;479.4;462.2;435.75;479.04;502.38;471.75
6628;Vera Cruz;RN;Estadual;52;494.58;463.3;434.53;463.06;503.08;471.71
6629;Itacoatiara;AM;Estadual;608;479.77;461.57;430.97;464.15;521.88;471.67
6630;Buerarema;BA;Estadual;58;487.04;466.56;431.89;457.68;515.17;471.67
6631;Maruim;SE;Estadual;43;478.83;474.33;417.46;461.91;525.58;471.62
6632;União dos Palmares;AL;Estadual;242;484.63;457.07;425.95;454.93;535.45;471.61
6633;Careaçu;MG;Estadual;29;484.73;466.34;432.74;491.4;482.76;471.59
6634;Canabrava do Norte;MT;Estadual;5;481.34;479.04;422.78;446.8;528.0;471.59
6635;Congo;PB;Estadual;42;467.85;453.54;427.77;484.92;523.81;471.58
6636;Fartura do Piauí;PI;Estadual;10;462.27;468.64;446.0;450.94;530.0;471.57
6637;Assis Brasil;AC;Estadual;21;488.75;457.42;413.91;484.39;513.33;471.56
6638;Barras;PI;Estadual;276;471.78;452.79;432.01;460.98;540.14;471.54
6639;Iranduba;AM;Estadual;186;477.98;465.12;429.19;453.25;532.04;471.52
6640;Planaltino;BA;Estadual;18;468.13;458.97;437.23;462.16;531.11;471.52
6641;Dirceu Arcoverde;PI;Estadual;10;461.15;454.87;420.61;488.83;532.0;471.49
6642;Goianinha;RN;Estadual;99;475.55;468.84;416.25;466.21;530.51;471.47
6643;Nova Veneza;GO;Estadual;20;502.36;477.84;433.5;462.45;481.0;471.43
6644;Estrela do Norte;GO;Estadual;30;492.48;470.19;422.23;472.22;500.0;471.43
6645;Mirante;BA;Estadual;20;473.68;463.79;427.46;451.14;541.0;471.41
6646;São Jorge do Ivaí;PR;Estadual;5;487.66;464.26;426.66;466.42;512.0;471.4
6647;Catiguá;SP;Estadual;8;496.54;462.54;444.98;510.45;442.5;471.4
6648;João Lisboa;MA;Estadual;148;476.83;453.78;435.27;466.65;524.46;471.4
6649;Ouroeste;SP;Municipal;1;501.4;470.5;410.2;394.7;580.0;471.36
6650;Santa Isabel do Rio Negro;AM;Estadual;44;486.28;468.98;424.08;452.02;525.45;471.36
6651;Ararendá;CE;Estadual;103;475.66;456.99;433.39;477.71;513.01;471.35
6652;Santo Expedito;SP;Estadual;10;481.6;474.3;451.72;439.15;510.0;471.35
6653;Ibipeba;BA;Estadual;57;483.68;458.65;438.34;463.66;512.28;471.32
6654;São Bento;MA;Estadual;244;477.69;455.49;432.78;460.17;530.41;471.31
6655;Brasnorte;MT;Estadual;26;494.4;461.83;433.71;453.45;513.08;471.29
6656;Novo Repartimento;PA;Estadual;114;481.23;456.25;432.5;464.69;521.75;471.28
6657;Bonito;PA;Estadual;48;460.99;461.46;425.04;465.23;543.33;471.21
6658;Ribeirão Vermelho;MG;Estadual;8;467.19;453.72;423.38;479.11;532.5;471.18
6659;Viseu;PA;Estadual;77;474.95;469.95;430.4;449.8;530.65;471.15
6660;Apuí;AM;Estadual;55;480.66;475.35;439.98;470.68;489.09;471.15
6661;Sirinhaém;PE;Privada;2;486.4;443.5;382.45;453.35;590.0;471.14
6662;São Manoel do Paraná;PR;Estadual;9;502.0;463.33;445.44;431.56;513.33;471.13
6663;Cururupu;MA;Estadual;176;473.05;456.3;436.16;458.63;531.36;471.1
6664;Cajueiro;AL;Estadual;64;475.04;465.27;426.1;459.02;530.0;471.09
6665;Cristópolis;BA;Estadual;46;466.03;454.02;419.81;472.48;543.04;471.08
6666;Munhoz;MG;Estadual;16;486.04;459.22;450.84;457.89;501.25;471.05
6667;Frei Martinho;PB;Estadual;16;483.58;464.59;436.04;452.13;518.75;471.02
6668;Denise;MT;Estadual;44;484.68;468.42;433.63;457.33;510.91;470.99
6669;Vera Cruz;BA;Estadual;80;483.39;457.08;433.26;457.24;524.0;470.99
6670;Penalva;MA;Estadual;117;485.66;457.19;426.32;467.6;518.12;470.98
6671;Pedra Bonita;MG;Estadual;13;481.39;461.79;429.32;505.47;476.92;470.98
6672;Juripiranga;PB;Estadual;57;464.08;448.78;415.96;460.46;565.61;470.98
6673;Lunardelli;PR;Estadual;10;487.45;473.52;438.27;489.53;466.0;470.95
6674;Calçado;PE;Estadual;50;475.59;454.69;433.72;483.16;507.6;470.95
6675;Ananás;TO;Estadual;49;481.94;459.68;412.12;478.94;522.04;470.94
6676;Caetanos;BA;Estadual;32;475.81;451.87;431.1;438.98;556.88;470.92
6677;Gurinhém;PB;Estadual;60;480.29;466.1;444.7;462.19;501.33;470.92
6678;Pau D'Arco;PA;Estadual;23;471.33;451.01;419.45;474.51;538.26;470.91
6679;Buenos Aires;PE;Estadual;58;470.93;458.23;435.9;471.5;517.93;470.9
6680;Itapiranga;AM;Estadual;45;483.94;470.56;431.72;469.88;498.22;470.86
6681;Anhembi;SP;Estadual;12;505.18;471.96;438.52;460.28;478.33;470.86
6682;Santo Antônio da Alegria;SP;Estadual;16;477.87;469.21;446.82;465.28;495.0;470.84
6683;Santana do Araguaia;PA;Estadual;87;472.8;458.54;435.81;459.78;527.13;470.81
6684;Parnarama;MA;Estadual;181;475.27;454.83;428.32;454.23;541.22;470.77
6685;São Paulo do Potengi;RN;Estadual;72;478.83;450.37;447.94;464.37;512.22;470.75
6686;Cariús;CE;Estadual;125;466.14;453.5;433.32;481.7;519.04;470.74
6687;Salinas da Margarida;BA;Estadual;55;491.81;467.69;422.11;454.26;517.82;470.74
6688;Santo Antônio da Barra;GO;Estadual;16;489.39;461.84;430.72;492.89;478.75;470.72
6689;Caldeirão Grande do Piauí;PI;Estadual;20;495.03;459.34;423.1;477.16;499.0;470.72
6690;Cafarnaum;BA;Estadual;46;477.25;472.26;432.9;468.08;503.04;470.71
6691;Peçanha;MG;Estadual;40;482.47;467.06;440.27;462.76;501.0;470.71
6692;Sanharó;PE;Estadual;100;483.9;466.47;432.04;472.11;499.0;470.7
6693;Conceição do Araguaia;PA;Estadual;177;472.06;456.71;435.86;455.27;533.56;470.69
6694;Jaçanã;RN;Estadual;52;482.19;456.49;435.06;471.2;508.46;470.68
6695;Vale do Sol;RS;Privada;5;453.76;478.72;472.74;436.14;512.0;470.67
6696;São Bento do Norte;RN;Estadual;11;484.48;429.49;438.77;447.79;552.73;470.65
6697;Vereda;BA;Estadual;22;471.67;442.35;412.04;465.27;561.82;470.63
6698;Guimarães;MA;Estadual;36;474.11;457.11;428.53;443.29;550.0;470.61
6699;Monte Formoso;MG;Estadual;33;463.38;465.81;409.37;452.0;562.42;470.6
6700;Itapé;BA;Estadual;20;467.51;468.42;433.97;446.08;537.0;470.6
6701;Aramari;BA;Estadual;26;484.82;456.8;449.23;451.38;510.77;470.6
6702;Fortaleza dos Valos;RS;Estadual;15;498.72;464.57;430.62;472.39;486.67;470.59
6703;Governador Nunes Freire;MA;Estadual;47;470.6;454.52;447.81;460.43;519.57;470.59
6704;Tremedal;BA;Estadual;43;480.93;456.23;423.22;477.63;514.88;470.58
6705;Santa Cecília;SC;Estadual;48;488.16;461.95;420.96;473.91;507.92;470.58
6706;Arraias;TO;Estadual;92;467.88;448.59;422.08;446.95;567.39;470.58
6707;Mata de São João;BA;Estadual;137;487.33;465.04;440.34;455.96;504.23;470.58
6708;Carlinda;MT;Estadual;50;483.54;467.72;433.9;473.26;494.4;470.56
6709;Simplício Mendes;PI;Estadual;79;474.99;454.33;447.19;458.95;517.22;470.54
6710;Caruaru;PE;Municipal;1;561.2;532.8;373.3;425.3;460.0;470.52
6711;Guarinos;GO;Estadual;9;471.9;456.59;439.69;502.1;482.22;470.5
6712;Nova Mamoré;RO;Estadual;126;476.77;466.54;425.5;469.63;513.97;470.48
6713;Novo Jardim;TO;Estadual;4;501.22;465.7;433.4;456.92;495.0;470.45
6714;Aroeiras do Itaim;PI;Estadual;12;460.3;461.48;411.13;427.54;591.67;470.42
6715;Terra Roxa;SP;Estadual;12;504.86;467.02;425.23;478.31;476.67;470.42
6716;Natividade da Serra;SP;Estadual;19;486.37;478.98;440.65;473.44;472.63;470.42
6717;Sumidouro;RJ;Municipal;2;505.75;512.6;431.6;452.1;450.0;470.41
6718;Caém;BA;Estadual;28;477.02;454.34;437.49;479.57;503.57;470.4
6719;Jacutinga;MG;Municipal;3;519.33;460.9;449.97;435.07;486.67;470.39
6720;Caridade do Piauí;PI;Estadual;23;476.68;435.07;434.7;470.62;534.78;470.37
6721;Alvorada do Norte;GO;Estadual;37;479.21;474.23;437.86;470.74;489.73;470.35
6722;Urbano Santos;MA;Estadual;101;462.66;449.32;426.08;457.44;556.24;470.35
6723;Igrapiúna;BA;Estadual;15;466.72;470.07;428.89;450.05;536.0;470.35
6724;São João dos Patos;MA;Estadual;101;480.5;466.23;430.04;470.39;504.55;470.34
6725;Cabaceiras do Paraguaçu;BA;Estadual;75;476.04;442.66;439.9;478.64;514.4;470.33
6726;Jaciara;MT;Estadual;122;482.86;456.32;443.1;475.74;493.61;470.33
6727;Terra Santa;PA;Estadual;48;475.12;459.59;434.13;459.35;523.33;470.3
6728;Araguapaz;GO;Estadual;36;493.79;473.58;428.99;473.89;481.11;470.27
6729;Morro Cabeça no Tempo;PI;Estadual;6;452.65;434.02;462.23;469.07;533.33;470.26
6730;Balsas;MA;Estadual;551;478.73;456.31;426.04;466.73;523.41;470.24
6731;São Félix do Araguaia;MT;Estadual;9;481.38;465.06;419.71;471.68;513.33;470.23
6732;Marumbi;PR;Estadual;18;478.08;463.92;425.68;453.42;530.0;470.22
6733;Ponto dos Volantes;MG;Estadual;46;473.6;451.64;423.37;474.65;527.83;470.22
6734;São João da Ponta;PA;Estadual;11;474.76;463.43;437.55;442.55;532.73;470.21
6735;Dobrada;SP;Estadual;25;487.06;462.28;443.29;476.03;482.4;470.21
6736;Bannach;PA;Estadual;7;482.9;433.27;451.71;463.13;520.0;470.2
6737;Trizidela do Vale;MA;Estadual;56;477.33;449.96;440.41;470.44;512.86;470.2
6738;Munhoz de Melo;PR;Estadual;17;495.27;484.16;432.09;484.12;455.29;470.19
6739;Mirador;MA;Privada;2;499.5;446.55;443.5;381.35;580.0;470.18
6740;Baía da Traição;PB;Estadual;50;459.4;463.44;423.99;456.4;547.6;470.17
6741;Tenente Ananias;RN;Estadual;31;474.67;447.9;427.6;465.13;535.48;470.16
6742;Guaimbê;SP;Estadual;26;484.58;443.99;428.65;475.11;518.46;470.16
6743;Independência;CE;Estadual;268;476.66;460.87;435.64;470.22;507.24;470.13
6744;Paulo Ramos;MA;Estadual;64;467.94;453.44;419.46;467.95;541.88;470.13
6745;Cedro;CE;Estadual;203;469.71;454.96;427.13;470.85;527.98;470.13
6746;Atalaia;AL;Estadual;102;469.5;449.75;419.59;459.65;552.16;470.13
6747;Igrapiúna;BA;Privada;8;465.79;437.41;448.3;489.12;510.0;470.12
6748;São Miguel do Tapuio;PI;Estadual;90;473.75;466.79;430.61;458.64;520.67;470.09
6749;Cujubim;RO;Estadual;69;485.41;460.43;438.28;469.21;497.1;470.09
6750;Ipanguaçu;RN;Estadual;23;484.7;442.19;417.44;445.26;560.87;470.09
6751;Xaxim;SC;Privada;1;526.8;439.9;466.6;417.1;500.0;470.08
6752;Cachoeira do Arari;PA;Estadual;75;462.2;442.61;427.47;460.88;556.8;469.99
6753;Socorro do Piauí;PI;Estadual;16;470.23;445.51;427.22;456.99;550.0;469.99
6754;Peixoto de Azevedo;MT;Estadual;84;483.64;461.93;444.62;456.9;502.86;469.99
6755;Solonópole;CE;Estadual;149;484.2;462.88;437.79;472.69;492.35;469.98
6756;Lagoa de São Francisco;PI;Estadual;25;461.09;447.87;431.4;439.05;570.4;469.96
6757;Riacho Frio;PI;Estadual;26;445.5;444.89;431.93;467.35;560.0;469.93
6758;Guarantã do Norte;MT;Municipal;1;475.0;427.5;479.7;427.3;540.0;469.9
6759;Lagoa d'Anta;RN;Estadual;17;478.43;457.12;432.39;469.72;511.76;469.88
6760;Pequizeiro;TO;Estadual;30;482.19;448.78;437.74;447.39;533.33;469.88
6761;Presidente Figueiredo;AM;Estadual;81;477.06;447.16;432.32;456.2;536.54;469.86
6762;Iranduba;AM;Municipal;1;492.9;338.1;479.1;559.2;480.0;469.86
6763;Setubinha;MG;Estadual;27;491.17;459.96;438.06;466.0;494.07;469.85
6764;Monte das Gameleiras;RN;Estadual;13;452.42;454.17;398.48;464.12;580.0;469.84
6765;Mundo Novo;BA;Estadual;82;483.13;469.46;427.64;463.8;505.12;469.83
6766;Baliza;GO;Estadual;9;477.54;423.7;435.32;496.91;515.56;469.81
6767;Comercinho;MG;Estadual;32;474.52;467.95;444.9;485.43;476.25;469.81
6768;Jardim Alegre;PR;Estadual;33;501.06;469.17;420.6;464.91;493.33;469.81
6769;Lajes;RN;Estadual;33;473.64;471.05;438.58;457.85;507.88;469.8
6770;Novorizonte;MG;Estadual;6;469.03;438.82;425.98;458.47;556.67;469.79
6771;Aguiar;PB;Estadual;38;461.76;443.89;416.88;457.35;568.95;469.77
6772;Santa Isabel do Ivaí;PR;Estadual;23;493.77;452.52;425.0;487.96;489.57;469.76
6773;Maiquinique;BA;Estadual;31;489.29;444.32;434.52;450.94;529.68;469.75
6774;Pitangueiras;PR;Estadual;2;487.55;428.95;445.4;546.85;440.0;469.75
6775;Anastácio;MS;Estadual;69;480.42;462.18;430.24;463.89;511.88;469.72
6776;Bujaru;PA;Estadual;138;461.13;464.23;433.2;454.45;535.51;469.7
6777;Porto Esperidião;MT;Municipal;1;456.9;466.4;406.1;499.1;520.0;469.7
6778;Triunfo Potiguar;RN;Estadual;18;468.97;444.33;429.9;466.33;538.89;469.68
6779;Iraquara;BA;Estadual;62;471.94;446.24;433.64;457.87;538.71;469.68
6780;Colinas;MA;Estadual;86;481.73;453.73;440.0;448.94;523.95;469.67
6781;Jardim Olinda;PR;Estadual;8;469.55;472.38;423.46;450.42;532.5;469.66
6782;Cassilândia;MS;Municipal;1;465.8;459.5;466.8;476.1;480.0;469.64
6783;Ponte Alta do Tocantins;TO;Estadual;34;466.57;458.22;426.0;466.14;531.18;469.62
6784;Itaquitinga;PE;Estadual;33;478.78;463.87;426.55;456.38;522.42;469.6
6785;Matinha;MA;Estadual;70;474.83;446.22;432.71;459.62;534.57;469.59
6786;Maurilândia do Tocantins;TO;Estadual;10;442.35;478.75;429.14;483.64;514.0;469.58
6787;São Paulo do Potengi;RN;Privada;2;491.85;464.5;435.9;435.65;520.0;469.58
6788;Monsenhor Tabosa;CE;Estadual;179;478.83;456.09;429.38;464.47;518.99;469.56
6789;Cairu;BA;Municipal;1;515.4;428.7;453.5;430.1;520.0;469.54
6790;Porto Alegre do Norte;MT;Estadual;22;465.2;461.1;444.47;467.78;509.09;469.53
6791;Lauro de Freitas;BA;Municipal;1;488.1;469.2;374.1;456.2;560.0;469.52
6792;Saubara;BA;Estadual;22;487.52;470.58;438.31;468.29;482.73;469.49
6793;Araricá;RS;Estadual;8;488.59;461.3;405.95;496.41;495.0;469.45
6794;Pau D'Arco do Piauí;PI;Estadual;14;466.46;449.18;429.93;487.34;514.29;469.44
6795;Presidente Vargas;MA;Estadual;19;484.32;456.36;412.37;462.53;531.58;469.43
6796;Santana do Mundaú;AL;Estadual;50;470.29;455.38;437.14;476.14;508.0;469.39
6797;Pindobaçu;BA;Estadual;41;480.76;455.81;428.21;464.09;518.05;469.39
6798;Pedra Grande;RN;Estadual;12;464.22;482.06;437.54;444.73;518.33;469.38
6799;Chorozinho;CE;Estadual;162;477.0;456.02;426.95;463.7;523.21;469.38
6800;Frecheirinha;CE;Estadual;124;476.15;463.74;431.31;475.9;499.68;469.36
6801;Barra de Santo Antônio;AL;Estadual;21;484.58;460.12;419.37;461.73;520.95;469.35
6802;São José da Safira;MG;Estadual;6;470.88;464.7;483.78;504.02;423.33;469.34
6803;Dois Irmãos das Missões;RS;Estadual;4;467.25;473.78;436.8;423.82;545.0;469.33
6804;Matões;MA;Estadual;127;473.61;443.93;427.54;458.27;543.31;469.33
6805;Igarapé-Miri;PA;Municipal;16;457.91;433.48;422.35;454.18;578.75;469.33
6806;Frei Gaspar;MG;Estadual;19;475.13;450.82;441.19;466.84;512.63;469.32
6807;Jacundá;PA;Estadual;131;474.92;453.54;424.81;459.67;533.59;469.31
6808;Santa Luzia do Itanhy;SE;Estadual;20;466.5;456.76;448.58;477.56;497.0;469.28
6809;Manga;MG;Estadual;78;485.48;455.12;429.74;453.7;522.31;469.27
6810;Nova Módica;MG;Estadual;19;492.62;461.29;419.33;468.84;504.21;469.26
6811;Chã de Alegria;PE;Estadual;40;469.74;453.28;435.78;442.49;545.0;469.26
6812;Bom Progresso;RS;Estadual;15;466.3;462.33;448.76;471.51;497.33;469.25
6813;Vale de São Domingos;MT;Estadual;16;477.69;473.74;438.96;467.05;488.75;469.24
6814;Corguinho;MS;Estadual;18;488.8;448.26;439.77;458.24;511.11;469.24
6815;Anajatuba;MA;Estadual;83;467.31;446.9;426.05;468.03;537.59;469.18
6816;Águas Belas;PE;Estadual;249;477.31;459.87;424.65;474.36;509.72;469.18
6817;Coronel José Dias;PI;Estadual;30;463.01;451.35;428.68;441.49;561.33;469.17
6818;Mulungu do Morro;BA;Estadual;34;477.78;448.89;420.96;483.49;514.71;469.16
6819;Nova Colinas;MA;Estadual;57;472.96;465.3;418.44;483.76;505.26;469.14
6820;Marechal Deodoro;AL;Estadual;84;479.26;455.07;431.66;463.76;515.95;469.14
6821;Cantá;RR;Estadual;10;498.53;489.62;409.79;473.72;474.0;469.13
6822;Conceição do Lago-Açu;MA;Estadual;19;474.59;452.29;419.99;465.08;533.68;469.13
6823;São João do Tigre;PB;Estadual;15;451.98;462.89;427.31;459.49;544.0;469.13
6824;Aragominas;TO;Estadual;17;471.96;444.85;440.63;461.11;527.06;469.12
6825;Umburanas;BA;Estadual;19;478.08;472.01;430.06;461.17;504.21;469.11
6826;São Julião;PI;Estadual;26;484.95;454.68;426.07;445.95;533.85;469.1
6827;Serrita;PE;Estadual;66;468.06;462.66;442.04;470.86;501.82;469.09
6828;Itabuna;BA;Municipal;6;481.22;457.53;454.43;468.77;483.33;469.06
6829;Limoeiro do Norte;CE;Municipal;1;496.7;405.4;374.2;428.7;640.0;469.0
6830;Rurópolis;PA;Municipal;18;473.61;438.43;419.49;497.81;515.56;468.98
6831;Igaraçu do Tietê;SP;Municipal;1;501.1;516.7;361.6;445.3;520.0;468.94
6832;Iramaia;BA;Estadual;11;468.95;458.15;435.61;472.85;509.09;468.93
6833;Mâncio Lima;AC;Estadual;92;464.74;451.14;418.52;451.11;559.13;468.93
6834;Sítio Novo do Tocantins;TO;Estadual;45;464.5;457.42;441.23;460.72;520.44;468.86
6835;Envira;AM;Estadual;45;484.22;452.91;438.52;472.64;496.0;468.86
6836;Camaçari;BA;Municipal;3;513.57;500.83;450.17;479.7;400.0;468.85
6837;São Luís do Curu;CE;Estadual;98;471.52;461.18;426.54;462.56;522.45;468.85
6838;Valença;BA;Estadual;166;482.61;465.07;433.77;464.97;497.83;468.85
6839;Magalhães Barata;PA;Estadual;25;454.74;457.34;418.71;481.4;532.0;468.84
6840;Ibiracatu;MG;Estadual;24;479.31;457.06;412.7;446.81;548.33;468.84
6841;Olho d'Água das Cunhãs;MA;Estadual;75;469.55;456.82;427.21;470.58;520.0;468.83
6842;Tacuru;MS;Estadual;24;473.18;447.69;419.07;481.65;522.5;468.82
6843;Floresta do Araguaia;PA;Estadual;61;462.67;445.38;431.87;464.37;539.67;468.79
6844;Sigefredo Pacheco;PI;Estadual;37;482.57;466.01;423.09;473.19;498.92;468.76
6845;Quiterianópolis;CE;Estadual;154;480.01;466.43;429.63;470.38;497.14;468.72
6846;Acajutiba;BA;Estadual;72;476.98;455.17;440.84;456.92;513.61;468.71
6847;Chiador;MG;Estadual;3;474.5;461.2;444.53;490.0;473.33;468.71
6848;Santa Inês;BA;Estadual;37;473.61;454.17;436.83;459.46;519.46;468.71
6849;Queimada Nova;PI;Estadual;22;486.96;445.76;419.7;476.59;514.55;468.71
6850;Pio XII;MA;Estadual;93;465.24;445.45;425.03;465.95;541.72;468.68
6851;Geminiano;PI;Estadual;30;477.08;454.59;422.29;462.11;527.33;468.68
6852;Jaíba;MG;Estadual;128;476.42;452.34;436.97;474.1;503.12;468.59
6853;Bertolínia;PI;Estadual;33;472.14;460.84;420.1;435.93;553.94;468.59
6854;Apuiarés;CE;Estadual;118;478.23;455.91;434.56;467.24;506.95;468.58
6855;Chapada do Norte;MG;Estadual;87;478.29;457.75;430.79;464.24;511.72;468.56
6856;Ibitirama;ES;Estadual;49;465.58;458.86;443.88;472.32;502.04;468.54
6857;Maetinga;BA;Estadual;41;472.43;449.16;424.29;446.4;550.24;468.5
6858;Jacuípe;AL;Estadual;21;459.77;443.71;420.76;462.98;555.24;468.49
6859;Gentio do Ouro;BA;Estadual;26;473.93;450.72;440.59;447.05;530.0;468.46
6860;Rio Maria;PA;Municipal;1;466.8;435.4;440.3;479.8;520.0;468.46
6861;Lago dos Rodrigues;MA;Estadual;48;480.82;468.55;420.7;455.45;516.67;468.44
6862;Itapuã do Oeste;RO;Estadual;40;484.48;459.83;427.57;475.74;494.5;468.43
6863;Moju;PA;Estadual;211;470.4;452.19;433.46;451.69;534.41;468.43
6864;Santa Ernestina;SP;Estadual;15;499.89;449.99;428.11;465.49;498.67;468.43
6865;Carneiros;AL;Estadual;35;465.7;457.57;423.63;457.47;537.71;468.42
6866;Santa Luzia do Pará;PA;Estadual;83;466.67;451.64;432.06;451.58;540.0;468.39
6867;Inhapi;AL;Estadual;50;479.1;461.94;424.03;459.28;517.6;468.39
6868;Mascote;BA;Estadual;43;475.18;455.66;413.15;452.38;545.58;468.39
6869;Manaíra;PB;Estadual;32;456.54;448.27;434.3;444.02;558.75;468.38
6870;Telha;SE;Estadual;8;472.42;447.02;428.8;468.65;525.0;468.38
6871;Nova Olinda;TO;Estadual;33;477.58;449.62;434.36;457.8;522.42;468.36
6872;Jurema;PE;Estadual;35;475.4;466.93;433.89;469.52;496.0;468.35
6873;Cruzília;MG;Privada;9;464.68;477.16;467.1;472.71;460.0;468.33
6874;Doresópolis;MG;Estadual;6;502.07;474.2;442.87;479.12;443.33;468.32
6875;São João da Varjota;PI;Estadual;16;479.41;453.09;440.88;469.43;498.75;468.31
6876;Governador Luiz Rocha;MA;Estadual;31;468.92;460.17;422.81;492.89;496.77;468.31
6877;Nova Castilho;SP;Estadual;3;515.43;496.4;382.9;433.5;513.33;468.31
6878;Hulha Negra;RS;Estadual;24;486.85;478.87;432.08;445.4;498.33;468.3
6879;Alto Boa Vista;MT;Estadual;16;460.41;458.01;445.42;441.39;536.25;468.3
6880;Batalha;AL;Estadual;91;478.66;456.7;431.71;451.05;523.08;468.24
6881;Andorinha;BA;Estadual;28;461.53;464.48;435.36;469.76;510.0;468.23
6882;Canoinhas;SC;Privada;1;467.6;344.9;505.3;483.3;540.0;468.22
6883;Belmonte;BA;Municipal;13;464.95;427.83;445.97;468.34;533.85;468.19
6884;Potiraguá;BA;Estadual;25;480.24;479.24;437.38;468.0;476.0;468.17
6885;Araguacema;TO;Estadual;21;473.64;457.69;431.51;450.33;527.62;468.16
6886;Paraibano;MA;Estadual;100;469.81;450.16;426.44;464.61;529.8;468.16
6887;Diamantino;MT;Estadual;55;475.85;465.68;422.85;467.32;509.09;468.16
6888;São Sebastião do Tocantins;TO;Estadual;14;494.29;466.51;421.85;432.46;525.71;468.16
6889;Santa Maria do Tocantins;TO;Estadual;16;479.79;466.91;406.12;455.44;532.5;468.15
6890;Curral Velho;PB;Estadual;16;463.66;449.47;420.88;441.74;565.0;468.15
6891;Poço Redondo;SE;Estadual;69;477.9;457.25;433.57;454.93;517.1;468.15
6892;Altos;PI;Estadual;178;470.17;448.18;437.77;459.69;524.83;468.13
6893;Amapá do Maranhão;MA;Estadual;28;475.24;454.57;434.84;449.59;526.43;468.13
6894;Duas Estradas;PB;Estadual;21;482.19;460.93;429.37;439.61;528.57;468.13
6895;São Raimundo das Mangabeiras;MA;Estadual;79;470.22;444.22;431.12;480.88;514.18;468.12
6896;Jaborandi;SP;Estadual;8;496.81;441.59;426.59;478.1;497.5;468.12
6897;Barra;BA;Estadual;93;465.57;443.61;430.98;461.63;538.71;468.1
6898;Biritinga;BA;Estadual;41;478.24;446.16;427.26;448.87;540.0;468.1
6899;Ererê;CE;Estadual;58;474.95;453.67;422.97;468.7;520.0;468.06
6900;Novo Aripuanã;AM;Estadual;85;471.38;454.81;422.58;453.81;537.65;468.05
6901;Novo Lino;AL;Estadual;27;471.56;457.49;432.83;438.36;540.0;468.05
6902;Cortês;PE;Estadual;60;477.7;453.4;425.9;445.13;538.0;468.03
6903;Parapuã;SP;Estadual;10;513.3;484.92;427.25;456.68;458.0;468.03
6904;Central;BA;Estadual;46;478.17;454.65;436.73;442.35;528.26;468.03
6905;Jangada;MT;Estadual;27;468.5;449.89;428.49;469.44;523.7;468.01
6906;Pilão Arcado;BA;Municipal;5;467.8;479.36;420.64;444.26;528.0;468.01
6907;Guaraciaba do Norte;CE;Municipal;1;396.3;484.5;496.3;442.9;520.0;468.0
6908;Guariba;SP;Privada;3;492.93;483.83;469.17;420.57;473.33;467.97
6909;Concórdia do Pará;PA;Municipal;8;492.22;470.85;435.54;431.12;510.0;467.95
6910;Riolândia;SP;Estadual;25;487.96;460.83;445.65;465.22;480.0;467.93
6911;Davinópolis;MA;Estadual;80;485.44;456.72;425.67;465.5;506.25;467.92
6912;Goianésia do Pará;PA;Estadual;102;475.91;469.04;429.07;460.41;505.1;467.91
6913;São Francisco de Assis;RS;Estadual;54;478.85;453.26;429.56;468.65;509.26;467.91
6914;São João do Carú;MA;Estadual;13;475.78;452.88;392.45;472.13;546.15;467.88
6915;Assunção do Piauí;PI;Estadual;14;473.32;468.54;436.29;491.26;470.0;467.88
6916;Monte Horebe;PB;Estadual;12;467.86;458.18;404.24;492.33;516.67;467.86
6917;Prado Ferreira;PR;Estadual;6;518.75;463.88;426.38;430.27;500.0;467.86
6918;São Gabriel da Cachoeira;AM;Estadual;62;465.82;462.67;420.33;465.94;524.52;467.86
6919;Tucuruí;PA;Municipal;42;476.96;449.92;433.81;451.42;527.14;467.85
6920;Codó;MA;Estadual;429;474.63;454.74;428.91;456.98;523.73;467.8
6921;Dueré;TO;Estadual;16;483.4;444.51;410.72;453.96;546.25;467.77
6922;Baixio;CE;Estadual;56;467.61;456.23;424.62;473.25;517.14;467.77
6923;Vargem Grande;MA;Privada;1;500.9;440.9;364.2;412.7;620.0;467.74
6924;Gararu;SE;Estadual;66;477.63;446.09;425.34;465.43;523.94;467.69
6925;Indiaroba;SE;Estadual;61;470.01;443.61;426.09;451.08;547.54;467.67
6926;Santa Helena;MA;Estadual;145;461.23;446.69;431.26;463.25;535.72;467.63
6927;Porto Acre;AC;Estadual;67;478.35;461.12;431.73;461.15;505.67;467.6
6928;Paes Landim;PI;Estadual;23;469.61;475.39;430.96;453.27;508.7;467.58
6929;Palmeirais;PI;Estadual;43;478.87;457.02;422.94;464.62;514.42;467.57
6930;Capitão de Campos;PI;Estadual;67;469.18;448.49;432.25;463.41;524.48;467.56
6931;Sobradinho;BA;Estadual;63;478.22;455.54;433.65;464.87;505.4;467.53
6932;Barão de Melgaço;MT;Estadual;9;504.16;473.72;432.58;462.64;464.44;467.51
6933;Barão de Grajaú;MA;Estadual;139;473.92;457.2;425.49;451.88;529.06;467.51
6934;Painel;SC;Estadual;8;491.52;489.95;419.96;443.59;492.5;467.5
6935;Cardeal da Silva;BA;Estadual;21;482.76;462.2;429.4;446.6;516.19;467.43
6936;Colônia Leopoldina;AL;Estadual;46;480.46;455.03;419.64;472.36;509.57;467.41
6937;Marabá Paulista;SP;Estadual;11;478.69;463.78;458.79;463.04;472.73;467.41
6938;Calçoene;AP;Estadual;41;460.36;472.98;427.52;450.28;525.85;467.4
6939;Nilo Peçanha;BA;Municipal;1;494.7;395.8;435.2;491.1;520.0;467.36
6940;Campo Belo do Sul;SC;Municipal;4;482.3;465.78;437.35;481.38;470.0;467.36
6941;Jateí;MS;Estadual;22;477.66;465.1;440.75;461.42;491.82;467.35
6942;Itapajé;CE;Municipal;5;488.56;470.6;445.0;412.5;520.0;467.33
6943;Monções;SP;Estadual;16;474.79;461.01;406.32;454.48;540.0;467.32
6944;São Vicente Ferrer;MA;Estadual;80;476.09;458.04;432.56;452.88;517.0;467.31
6945;Cristália;MG;Estadual;21;478.94;460.27;429.75;475.13;492.38;467.29
6946;Coronel Domingos Soares;PR;Estadual;23;482.89;472.99;434.68;471.13;474.78;467.29
6947;Governador Eugênio Barros;MA;Estadual;68;479.66;451.47;423.31;463.49;518.53;467.29
6948;Wanderlândia;TO;Estadual;41;476.72;459.84;435.9;461.0;502.93;467.28
6949;Mateiros;TO;Estadual;1;476.8;411.9;430.1;437.3;580.0;467.22
6950;São Vicente do Sul;RS;Estadual;19;485.75;492.61;427.61;448.03;482.11;467.22
6951;Várzea Grande;PI;Estadual;21;469.86;445.4;428.27;446.75;545.71;467.2
6952;Panambi;RS;Municipal;1;443.0;505.1;560.6;487.3;340.0;467.2
6953;Quarto Centenário;PR;Estadual;10;493.68;439.41;433.85;435.0;534.0;467.19
6954;Humberto de Campos;MA;Estadual;63;481.67;463.69;426.13;439.66;524.76;467.18
6955;Firmino Alves;BA;Estadual;30;467.05;454.84;429.95;463.3;520.67;467.16
6956;Santa Bárbara;BA;Estadual;63;478.61;461.42;431.15;461.66;502.86;467.14
6957;Itarema;CE;Estadual;386;471.2;454.62;430.14;471.03;508.65;467.13
6958;Flórida Paulista;SP;Estadual;13;477.86;463.8;411.02;484.32;498.46;467.09
6959;Monção;MA;Estadual;76;465.93;451.65;417.3;452.21;548.16;467.05
6960;Onça de Pitangui;MG;Estadual;11;451.22;448.47;421.1;465.32;549.09;467.04
6961;Inhuma;PI;Estadual;67;473.81;456.37;428.46;460.18;516.12;466.99
6962;São João do Araguaia;PA;Municipal;3;466.9;437.5;439.37;437.83;553.33;466.99
6963;Uirapuru;GO;Estadual;7;483.0;449.41;447.0;489.71;465.71;466.97
6964;Luzinópolis;TO;Estadual;26;470.05;431.6;419.51;481.85;531.54;466.91
6965;São Francisco;SE;Estadual;23;466.6;440.74;430.47;450.48;546.09;466.88
6966;Lago da Pedra;MA;Estadual;246;477.69;466.5;428.03;461.03;500.98;466.84
6967;Itainópolis;PI;Estadual;48;476.04;446.69;419.43;468.14;523.75;466.81
6968;Formosa do Rio Preto;BA;Estadual;91;466.16;452.97;420.46;451.81;542.64;466.81
6969;Nova Roma;GO;Estadual;13;486.92;451.62;412.13;497.16;486.15;466.8
6970;Pau Brasil;BA;Estadual;15;485.67;461.31;429.31;441.63;516.0;466.78
6971;Pendências;RN;Estadual;56;481.1;463.48;423.11;446.71;519.29;466.74
6972;São Domingos;GO;Estadual;24;488.94;466.16;428.44;475.8;474.17;466.7
6973;Franciscópolis;MG;Estadual;11;490.72;448.3;443.83;452.22;498.18;466.65
6974;São Lourenço do Piauí;PI;Estadual;45;449.79;451.55;442.2;462.4;527.11;466.61
6975;Curralinho;PA;Estadual;106;457.46;444.48;415.51;458.33;557.17;466.59
6976;Itatira;CE;Estadual;263;463.37;453.15;426.6;464.48;525.32;466.58
6977;Érico Cardoso;BA;Estadual;29;480.17;450.95;420.49;448.73;532.41;466.55
6978;São José dos Ramos;PB;Estadual;16;479.61;442.72;433.92;455.25;521.25;466.55
6979;Itupiranga;PA;Estadual;154;466.02;448.42;431.71;459.7;526.88;466.54
6980;Tapiramutá;BA;Estadual;91;481.18;464.36;428.97;474.68;483.52;466.54
6981;São José do Rio Pardo;SP;Municipal;7;461.74;481.13;475.01;474.8;440.0;466.54
6982;Moju;PA;Municipal;19;458.91;451.75;442.19;449.27;530.53;466.53
6983;Itaboraí;RJ;Municipal;1;523.9;390.9;475.4;422.4;520.0;466.52
6984;Lastro;PB;Estadual;21;465.81;451.96;415.94;457.94;540.95;466.52
6985;Ibiaí;MG;Estadual;27;467.5;457.99;437.44;461.34;508.15;466.49
6986;Portel;PA;Estadual;155;465.22;452.61;424.39;468.26;521.94;466.48
6987;Afonso Cunha;MA;Estadual;17;480.46;445.34;414.78;468.3;523.53;466.48
6988;Campestre do Maranhão;MA;Estadual;58;478.71;450.43;429.37;460.27;513.45;466.45
6989;Ilha Grande;PI;Estadual;49;467.73;459.2;434.51;469.98;500.82;466.45
6990;Praia Grande;SP;Municipal;7;482.89;479.91;440.76;434.4;494.29;466.45
6991;Careiro da Várzea;AM;Estadual;47;483.86;458.8;422.23;468.57;498.72;466.44
6992;Presidente Kennedy;ES;Estadual;35;473.51;439.12;427.37;479.06;513.14;466.44
6993;Antônio Almeida;PI;Estadual;10;468.45;442.81;422.64;478.09;520.0;466.4
6994;Padre Marcos;PI;Estadual;24;467.32;452.56;429.06;469.69;513.33;466.39
6995;Natividade;TO;Estadual;34;481.5;444.67;426.77;457.14;521.76;466.37
6996;Cravolândia;BA;Estadual;24;460.41;444.2;440.08;442.82;544.17;466.34
6997;Grajaú;MA;Estadual;255;468.38;449.7;427.36;463.08;523.06;466.32
6998;Sabinópolis;MG;Estadual;20;488.42;452.46;445.46;450.24;495.0;466.32
6999;Jaguarari;BA;Estadual;126;474.3;455.45;434.44;452.85;514.44;466.3
7000;Pavussu;PI;Estadual;7;464.89;439.57;429.1;452.13;545.71;466.28
7001;Simões;PI;Estadual;51;469.54;450.97;432.38;476.84;501.57;466.26
7002;Fortim;CE;Estadual;75;486.35;465.7;426.73;466.64;485.6;466.2
7003;São João do Manteninha;MG;Estadual;14;497.14;473.27;451.94;447.09;461.43;466.18
7004;Lagoa Grande do Maranhão;MA;Estadual;16;469.14;465.47;436.21;444.95;515.0;466.15
7005;Salgadinho;PE;Estadual;25;472.84;437.54;435.58;480.77;504.0;466.15
7006;Presidente Juscelino;MG;Estadual;9;488.09;465.48;442.39;465.78;468.89;466.12
7007;Rubelita;MG;Estadual;26;487.82;451.78;417.08;444.58;529.23;466.1
7008;Cedral;MA;Estadual;86;477.6;449.53;419.92;448.75;534.65;466.09
7009;Igarapé Grande;MA;Estadual;55;471.66;446.72;429.69;468.76;513.45;466.06
7010;Capitão Gervásio Oliveira;PI;Estadual;28;465.4;446.68;417.4;455.69;545.0;466.03
7011;São Braz do Piauí;PI;Estadual;19;459.62;454.85;415.39;480.29;520.0;466.03
7012;Santa Cruz;PE;Estadual;67;474.03;458.98;435.89;474.27;486.87;466.01
7013;São Francisco do Maranhão;MA;Estadual;35;484.72;446.55;422.39;437.52;538.86;466.01
7014;Sacramento;MG;Municipal;2;478.85;406.2;419.4;505.5;520.0;465.99
7015;Maxaranguape;RN;Estadual;20;483.11;452.58;417.23;436.96;540.0;465.98
7016;Itinga;MG;Privada;3;471.47;482.53;437.63;464.87;473.33;465.97
7017;Mocajuba;PA;Estadual;136;466.72;457.41;424.47;450.73;530.44;465.95
7018;Itapajé;CE;Privada;1;442.7;434.2;378.0;434.8;640.0;465.94
7019;Araioses;MA;Estadual;85;474.21;459.71;427.05;455.61;512.94;465.91
7020;Buriti Bravo;MA;Estadual;104;465.73;433.96;419.97;463.76;546.15;465.91
7021;Nicolau Vergueiro;RS;Estadual;3;482.83;464.97;443.83;464.6;473.33;465.91
7022;Chapada dos Guimarães;MT;Municipal;2;487.35;449.95;449.05;452.85;490.0;465.84
7023;São Miguel do Fidalgo;PI;Estadual;17;469.76;442.52;441.58;429.38;545.88;465.82
7024;Betânia;PE;Estadual;45;480.67;466.56;426.98;464.17;490.67;465.81
7025;Jundiaí;SP;Municipal;6;482.78;486.43;429.28;467.1;463.33;465.79
7026;Aroazes;PI;Estadual;38;451.34;442.5;432.7;448.14;554.21;465.78
7027;Anamã;AM;Estadual;40;484.42;470.98;412.38;449.04;512.0;465.76
7028;Cristinápolis;SE;Estadual;65;469.36;451.57;431.21;456.59;520.0;465.75
7029;Oeiras do Pará;PA;Estadual;88;468.12;453.04;436.41;456.88;514.32;465.75
7030;Paraná;RN;Estadual;15;454.89;422.97;416.48;469.04;565.33;465.74
7031;Axixá;MA;Estadual;135;471.64;458.2;430.33;461.5;506.96;465.73
7032;Aurelino Leal;BA;Estadual;18;469.58;448.36;436.22;452.11;522.22;465.7
7033;São Salvador do Tocantins;TO;Privada;24;449.74;429.25;423.52;470.94;555.0;465.69
7034;Milagres;CE;Municipal;1;504.4;481.4;373.9;388.7;580.0;465.68
7035;Choró;CE;Estadual;80;471.69;451.05;427.04;464.59;514.0;465.67
7036;Buriticupu;MA;Estadual;137;474.24;452.43;426.56;447.08;527.88;465.64
7037;Mantenópolis;ES;Estadual;48;460.66;432.78;430.6;463.71;540.42;465.63
7038;Governador Newton Bello;MA;Estadual;37;484.72;453.81;408.48;437.35;543.78;465.63
7039;São Luís do Quitunde;AL;Estadual;95;473.2;450.37;425.22;450.17;529.05;465.6
7040;Nova Ubiratã;MT;Estadual;14;505.56;480.22;443.39;450.19;448.57;465.58
7041;Florestópolis;PR;Estadual;18;493.04;474.31;440.24;471.13;448.89;465.52
7042;Jataí;GO;Municipal;3;434.83;457.6;452.2;469.6;513.33;465.51
7043;Pirambu;SE;Estadual;45;473.73;446.06;431.19;464.02;512.44;465.49
7044;Santa Lúcia;PR;Estadual;13;482.28;447.39;455.39;468.18;473.85;465.42
7045;Guaraci;SP;Estadual;23;490.63;471.3;435.55;477.36;452.17;465.4
7046;Vitória do Mearim;MA;Estadual;101;480.27;450.34;420.67;452.41;523.17;465.37
7047;Caracol;PI;Estadual;21;471.23;440.84;420.36;458.61;535.24;465.26
7048;Osasco;SP;Municipal;1;536.2;427.4;380.8;481.8;500.0;465.24
7049;Serra do Navio;AP;Estadual;9;454.46;438.12;430.08;445.68;557.78;465.22
7050;Tunas do Paraná;PR;Estadual;12;485.62;461.66;450.33;444.9;483.33;465.17
7051;Ubatã;BA;Estadual;33;473.35;445.73;426.57;443.82;536.36;465.17
7052;Rio Preto da Eva;AM;Estadual;90;483.05;460.43;422.34;446.4;513.56;465.16
7053;Caraíbas;BA;Estadual;52;471.03;456.42;432.16;453.1;513.08;465.16
7054;São Pedro do Piauí;PI;Estadual;54;467.44;454.42;414.09;454.24;535.56;465.15
7055;Tremedal;BA;Municipal;3;502.37;399.1;445.03;445.93;533.33;465.15
7056;Codajás;AM;Estadual;78;474.35;457.04;433.03;462.6;498.72;465.15
7057;Independência;CE;Privada;4;472.28;442.1;483.62;457.55;470.0;465.11
7058;Itabaiana;PB;Estadual;75;465.49;447.95;424.29;461.07;526.4;465.04
7059;Breu Branco;PA;Estadual;140;479.89;454.62;424.27;459.02;507.29;465.02
7060;Itapuca;RS;Estadual;3;439.23;427.7;448.87;455.6;553.33;464.95
7061;Santana do Maranhão;MA;Estadual;24;487.68;463.2;422.54;458.65;492.5;464.91
7062;Zé Doca;MA;Estadual;158;478.2;449.25;424.02;466.02;506.96;464.89
7063;Guajará-Mirim;RO;Estadual;202;479.53;462.29;429.8;465.37;487.43;464.88
7064;São João do Piauí;PI;Estadual;63;478.18;451.75;428.1;451.37;514.92;464.86
7065;Gavião Peixoto;SP;Estadual;11;511.41;445.67;444.47;446.37;476.36;464.86
7066;Arês;RN;Estadual;18;466.35;436.63;427.64;441.42;552.22;464.85
7067;Ribeiro Gonçalves;PI;Estadual;28;463.96;443.3;429.86;468.56;518.57;464.85
7068;Nova Nazaré;MT;Estadual;5;470.96;466.28;403.9;406.96;576.0;464.82
7069;Lábrea;AM;Estadual;67;474.19;459.65;427.87;460.5;501.79;464.8
7070;Divinópolis do Tocantins;TO;Estadual;27;483.89;465.09;431.26;465.9;477.78;464.78
7071;Palmeirina;PE;Estadual;37;471.64;456.24;429.58;450.55;515.68;464.74
7072;Rosário Oeste;MT;Estadual;69;468.62;458.8;431.31;458.77;506.09;464.72
7073;Santa Bárbara do Pará;PA;Estadual;70;466.36;461.99;427.15;450.87;517.14;464.7
7074;Capela;SE;Estadual;128;470.37;440.03;423.74;455.93;533.28;464.67
7075;Passagem Franca;MA;Estadual;68;471.73;447.55;433.34;461.12;509.41;464.63
7076;Corumbataí do Sul;PR;Estadual;2;466.0;460.35;455.25;521.5;420.0;464.62
7077;Mataraca;PB;Estadual;16;475.78;457.78;429.34;453.98;506.25;464.62
7078;Ariranha do Ivaí;PR;Estadual;4;507.25;471.75;411.15;462.72;470.0;464.58
7079;Coronel João Sá;BA;Estadual;81;469.74;456.87;418.48;453.32;524.44;464.57
7080;Pontal do Araguaia;MT;Estadual;12;477.12;447.0;438.65;463.29;496.67;464.55
7081;Maués;AM;Estadual;105;478.64;454.28;431.99;464.73;492.95;464.52
7082;Orocó;PE;Estadual;50;469.3;453.38;421.42;474.86;503.6;464.51
7083;Pedro Velho;RN;Estadual;45;471.08;444.95;430.9;448.87;526.67;464.49
7084;Novo Triunfo;BA;Estadual;15;472.33;454.99;427.92;459.23;508.0;464.49
7085;Santo Antônio do Leste;MT;Estadual;13;477.23;446.05;423.39;486.3;489.23;464.44
7086;Serraria;PB;Estadual;21;474.43;447.72;428.25;446.95;524.76;464.42
7087;Governador Archer;MA;Estadual;43;483.79;441.68;420.64;455.02;520.93;464.41
7088;Ouro Branco;AL;Estadual;58;477.86;459.08;420.65;453.76;510.69;464.41
7089;Damianópolis;GO;Estadual;24;468.18;449.0;436.0;465.39;503.33;464.38
7090;Lucena;PB;Estadual;57;462.18;464.45;433.03;449.19;512.98;464.37
7091;Flora Rica;SP;Municipal;1;477.8;463.0;426.5;414.4;540.0;464.34
7092;Inhambupe;BA;Privada;7;474.97;476.33;444.79;451.11;474.29;464.3
7093;Tavares;RS;Estadual;14;508.11;475.64;423.96;452.27;461.43;464.28
7094;Manaus;AM;Municipal;10;474.44;480.82;418.49;451.55;496.0;464.26
7095;Ibertioga;MG;Estadual;17;491.09;458.55;421.01;472.76;477.65;464.21
7096;Jundiá;RN;Estadual;8;446.41;434.08;422.26;480.6;537.5;464.17
7097;Arataca;BA;Estadual;40;475.9;460.73;430.2;449.34;504.5;464.13
7098;Amarante;PI;Estadual;66;467.28;451.27;427.03;451.79;523.03;464.08
7099;Ibiara;PB;Estadual;38;469.24;450.13;419.59;488.23;493.16;464.07
7100;Concórdia do Pará;PA;Estadual;118;468.57;452.7;419.55;449.7;529.83;464.07
7101;São José do Egito;PE;Municipal;1;403.9;450.9;422.2;483.2;560.0;464.04
7102;Timbé do Sul;SC;Estadual;11;481.55;451.27;444.49;475.53;467.27;464.02
7103;São João do Jaguaribe;CE;Estadual;35;468.81;457.97;432.23;463.25;497.71;464.0
7104;Monte do Carmo;TO;Estadual;17;464.64;469.61;420.85;473.98;490.59;463.93
7105;Conceição do Almeida;BA;Estadual;28;488.42;452.76;421.37;452.03;505.0;463.91
7106;Timbó Grande;SC;Estadual;31;476.33;462.23;438.11;485.34;457.42;463.89
7107;São José da Tapera;AL;Estadual;40;469.34;457.29;431.82;454.44;506.5;463.88
7108;Jeriquara;SP;Estadual;6;468.67;467.75;447.95;471.65;463.33;463.87
7109;Morro do Pilar;MG;Estadual;13;497.02;448.15;441.57;449.49;483.08;463.86
7110;Lucélia;SP;Estadual;16;472.96;440.24;453.94;474.51;477.5;463.83
7111;Itarumã;GO;Estadual;26;464.02;453.09;430.61;464.25;506.92;463.78
7112;Serranos;MG;Estadual;12;484.91;477.6;448.76;450.71;456.67;463.73
7113;Pedras de Fogo;PB;Estadual;44;469.67;447.92;420.62;449.93;530.45;463.72
7114;Fênix;PR;Estadual;20;483.92;455.41;458.64;450.57;470.0;463.71
7115;Brejo do Cruz;PB;Estadual;38;452.76;443.89;432.98;462.41;526.32;463.67
7116;Murici;AL;Estadual;79;473.51;447.99;424.21;464.79;507.85;463.67
7117;Barra de São Miguel;AL;Estadual;19;475.97;460.16;441.07;457.92;483.16;463.66
7118;Alto Alegre do Pindaré;MA;Estadual;63;473.49;449.72;425.76;489.03;480.32;463.66
7119;Bento Fernandes;RN;Estadual;8;472.69;456.3;407.74;461.41;520.0;463.63
7120;Coari;AM;Estadual;223;477.37;454.3;429.05;443.25;514.08;463.61
7121;Itaporã do Tocantins;TO;Estadual;24;477.51;422.73;414.48;449.08;554.17;463.59
7122;Afonso Bezerra;RN;Estadual;30;480.16;458.88;442.98;449.19;486.67;463.58
7123;Olho d'Água;PB;Estadual;29;465.74;429.73;435.94;437.46;548.97;463.57
7124;Maragogipe;BA;Estadual;70;473.95;456.63;423.3;454.78;509.14;463.56
7125;Duque Bacelar;MA;Estadual;33;456.24;447.02;416.23;447.76;550.3;463.51
7126;Ribeira do Amparo;BA;Estadual;26;471.44;446.75;418.93;453.43;526.92;463.49
7127;Tarauacá;AC;Estadual;91;470.21;445.3;426.98;457.44;517.36;463.46
7128;Barro Preto;BA;Estadual;17;476.24;438.31;415.5;448.31;538.82;463.44
7129;Valparaíso de Goiás;GO;Municipal;3;535.5;539.2;367.77;427.83;446.67;463.39
7130;Caaporã;PB;Estadual;90;471.96;449.67;426.79;462.18;506.22;463.36
7131;Carauari;AM;Estadual;91;465.47;452.05;422.49;458.89;517.58;463.3
7132;São José do Campestre;RN;Estadual;27;473.42;442.01;422.06;462.61;516.3;463.28
7133;Cabeceiras do Piauí;PI;Estadual;52;461.82;445.99;438.38;454.13;515.77;463.22
7134;Comercinho;MG;Privada;3;491.73;457.7;422.53;430.8;513.33;463.22
7135;Monsenhor Gil;PI;Estadual;49;460.58;443.55;429.63;453.28;528.98;463.2
7136;Santo Antônio do Tauá;PA;Estadual;125;470.11;455.23;422.95;449.77;517.92;463.19
7137;Ouro Velho;PB;Estadual;8;475.39;447.92;450.32;452.29;490.0;463.18
7138;Miranda do Norte;MA;Estadual;102;477.63;446.2;433.37;460.94;497.45;463.12
7139;Carnaubeira da Penha;PE;Estadual;38;470.78;441.4;432.22;453.12;517.89;463.08
7140;Joaíma;MG;Estadual;36;477.07;457.39;429.31;471.01;480.56;463.07
7141;Presidente Kennedy;TO;Estadual;10;444.98;433.67;410.73;449.6;576.0;463.0
7142;São Sebastião do Umbuzeiro;PB;Estadual;10;481.9;446.49;439.58;470.92;476.0;462.98
7143;Salto da Divisa;MG;Estadual;18;504.58;464.62;426.33;435.97;483.33;462.97
7144;Cafezal do Sul;PR;Estadual;15;492.05;474.17;426.13;463.65;458.67;462.93
7145;Ponte Alta;SC;Estadual;9;469.53;439.63;419.76;452.4;533.33;462.93
7146;Banzaê;BA;Estadual;27;466.91;460.04;417.53;456.04;514.07;462.92
7147;Boqueirão do Piauí;PI;Estadual;40;476.2;450.13;432.02;452.26;504.0;462.92
7148;Buriti;MA;Estadual;33;479.41;452.76;423.09;458.42;500.61;462.86
7149;Senador José Porfírio;PA;Estadual;22;472.71;454.14;417.13;448.09;521.82;462.78
7150;Jaqueira;PE;Estadual;50;468.08;452.66;420.78;466.56;505.6;462.74
7151;Igaci;AL;Estadual;79;470.66;450.83;417.58;457.65;516.96;462.73
7152;Figueirópolis D'Oeste;MT;Estadual;7;446.0;457.37;421.69;459.94;528.57;462.71
7153;General Sampaio;CE;Estadual;94;469.81;453.92;428.39;469.75;491.28;462.63
7154;Porto Esperidião;MT;Estadual;44;468.15;463.36;432.98;474.04;474.55;462.61
7155;Castro Alves;BA;Estadual;57;473.43;458.58;415.81;451.5;513.68;462.6
7156;Pindoba;AL;Estadual;12;477.76;432.26;426.94;442.59;533.33;462.58
7157;Colares;PA;Estadual;56;464.77;455.23;429.53;460.8;502.5;462.57
7158;Santa Inês;PR;Estadual;7;478.13;446.34;422.39;477.44;488.57;462.57
7159;Lajedo do Tabocal;BA;Estadual;36;470.32;445.79;421.76;464.89;510.0;462.55
7160;Mimoso de Goiás;GO;Estadual;18;457.64;452.58;448.78;469.32;484.44;462.55
7161;Barro Alto;BA;Estadual;30;466.96;458.15;433.93;474.3;479.33;462.53
7162;Irauçuba;CE;Estadual;287;469.07;455.77;433.55;460.62;493.66;462.53
7163;Matriz de Camaragibe;AL;Estadual;67;473.13;441.22;413.8;453.73;530.75;462.53
7164;Chapada da Natividade;TO;Estadual;19;463.79;448.36;431.08;458.67;510.53;462.49
7165;Nova Crixás;GO;Estadual;28;480.66;437.31;428.23;476.84;489.29;462.46
7166;Nipoã;SP;Estadual;12;483.48;425.0;426.62;508.54;468.33;462.4
7167;Candeal;BA;Estadual;23;486.04;476.24;435.92;463.33;450.43;462.39
7168;Muritiba;BA;Estadual;65;468.41;455.16;424.45;465.18;498.77;462.39
7169;Boninal;BA;Estadual;79;459.97;444.33;423.13;470.95;513.42;462.36
7170;Lajes Pintadas;RN;Estadual;11;453.27;459.03;433.74;489.36;476.36;462.35
7171;Palhoça;SC;Municipal;1;514.9;501.7;475.6;399.5;420.0;462.34
7172;Amparo;PB;Estadual;6;428.73;422.65;396.02;464.23;600.0;462.33
7173;Autazes;AM;Estadual;78;468.71;446.3;427.15;453.77;515.64;462.31
7174;Itaguaçu da Bahia;BA;Estadual;22;461.05;438.95;432.24;479.15;500.0;462.28
7175;Silves;AM;Estadual;32;484.26;448.26;426.47;465.9;486.25;462.23
7176;Santana de Mangueira;PB;Estadual;9;456.87;458.24;405.97;472.23;517.78;462.22
7177;Senador Sá;CE;Estadual;79;456.32;453.2;434.93;473.49;493.16;462.22
7178;Catuji;MG;Estadual;25;466.96;449.46;424.18;456.87;513.6;462.21
7179;Pedrão;BA;Estadual;22;472.94;446.23;418.5;433.12;540.0;462.16
7180;Urucará;AM;Estadual;89;458.51;448.91;423.82;453.9;525.62;462.15
7181;Campo Alegre do Fidalgo;PI;Estadual;15;468.55;454.27;419.35;455.17;513.33;462.14
7182;Palestina do Pará;PA;Estadual;3;453.97;455.0;422.13;459.57;520.0;462.13
7183;Araçu;GO;Estadual;10;496.44;442.23;411.85;451.81;508.0;462.07
7184;Gália;SP;Estadual;5;472.82;442.74;446.22;444.58;504.0;462.07
7185;Lima Campos;MA;Estadual;51;460.65;456.66;419.69;465.07;508.24;462.06
7186;Lagoa do Barro do Piauí;PI;Estadual;23;470.76;439.59;435.41;441.92;522.61;462.06
7187;Guarani d'Oeste;SP;Estadual;6;472.7;463.02;427.07;473.98;473.33;462.02
7188;Pratápolis;MG;Estadual;14;494.16;451.51;424.62;464.04;475.71;462.01
7189;Água Fria de Goiás;GO;Estadual;20;483.15;449.64;422.96;466.26;488.0;462.0
7190;Bom Jesus das Selvas;MA;Estadual;51;473.49;448.0;428.13;466.22;494.12;461.99
7191;Lagoa dos Patos;MG;Estadual;17;495.56;447.64;434.0;475.08;457.65;461.99
7192;São José da Lagoa Tapada;PB;Estadual;27;459.71;439.51;432.43;450.16;528.15;461.99
7193;São Geraldo do Araguaia;PA;Municipal;3;432.1;453.3;426.83;451.0;546.67;461.98
7194;Gurjão;PB;Estadual;24;458.35;451.28;432.6;446.75;520.83;461.96
7195;Japoatã;SE;Estadual;75;475.56;452.11;430.49;444.38;507.2;461.95
7196;Ibaretama;CE;Estadual;96;472.36;461.32;429.23;458.01;488.75;461.94
7197;Ji-Paraná;RO;Municipal;1;454.3;479.8;433.0;502.6;440.0;461.94
7198;Tracuateua;PA;Estadual;45;461.12;456.36;421.79;460.67;509.78;461.94
7199;Fonte Boa;AM;Estadual;51;463.23;446.6;436.96;457.77;505.1;461.93
7200;Estrela de Alagoas;AL;Estadual;51;455.82;447.67;422.75;464.99;518.43;461.93
7201;Riachão do Bacamarte;PB;Estadual;25;467.88;431.03;429.44;449.99;531.2;461.91
7202;Caiçara do Norte;RN;Estadual;1;456.9;370.3;399.5;482.8;600.0;461.9
7203;Areiópolis;SP;Estadual;25;488.43;473.24;429.4;451.11;467.2;461.88
7204;Nova Ibiá;BA;Estadual;10;459.55;442.92;430.8;446.1;530.0;461.87
7205;Óbidos;PA;Privada;2;427.15;489.3;405.0;437.75;550.0;461.84
7206;Careiro;AM;Estadual;84;477.99;458.3;424.12;458.8;489.76;461.79
7207;Manaquiri;AM;Estadual;41;468.81;452.73;419.72;452.57;515.12;461.79
7208;Januário Cicco;RN;Estadual;20;465.66;450.54;425.28;454.42;513.0;461.78
7209;Júlio Mesquita;SP;Estadual;8;481.91;424.39;425.39;467.19;510.0;461.78
7210;Cambará;PR;Municipal;1;453.1;451.3;401.6;462.5;540.0;461.7
7211;Tamboara;PR;Estadual;8;486.79;430.46;430.06;446.02;515.0;461.67
7212;Mairipotaba;GO;Estadual;14;457.12;448.34;420.41;489.62;492.86;461.67
7213;Morro do Chapéu do Piauí;PI;Estadual;27;460.44;467.19;421.3;451.92;507.41;461.65
7214;Ruy Barbosa;RN;Estadual;18;462.08;438.38;431.22;455.32;521.11;461.62
7215;Campo Bom;RS;Municipal;3;516.33;468.37;425.77;457.6;440.0;461.61
7216;Boca da Mata;AL;Estadual;71;466.76;452.26;425.84;449.64;513.52;461.6
7217;Canhoba;SE;Estadual;20;450.74;443.64;414.84;454.45;544.0;461.53
7218;Colônia do Piauí;PI;Estadual;29;462.88;445.86;427.33;459.76;511.72;461.51
7219;Dois Irmãos do Tocantins;TO;Estadual;33;478.58;461.02;438.05;461.91;467.88;461.49
7220;Jequeri;MG;Estadual;50;480.45;452.46;417.94;467.76;488.8;461.48
7221;Boa Vista;PB;Estadual;32;466.89;462.4;424.74;447.03;506.25;461.46
7222;Santa Quitéria do Maranhão;MA;Estadual;140;463.03;438.07;422.66;449.08;534.29;461.43
7223;Almeirim;PA;Municipal;1;482.3;465.5;393.1;506.2;460.0;461.42
7224;Bonfim do Piauí;PI;Estadual;19;474.75;444.89;405.16;455.93;526.32;461.41
7225;Oliveira de Fátima;TO;Estadual;7;464.6;419.61;415.26;424.4;582.86;461.35
7226;Humaitá;AM;Estadual;136;474.57;453.42;425.36;454.21;499.12;461.34
7227;Ipuã;SP;Estadual;42;485.39;455.18;423.68;456.64;485.71;461.32
7228;Maravilha;AL;Estadual;22;473.64;449.02;428.45;473.69;481.82;461.32
7229;Campo Grande do Piauí;PI;Estadual;28;459.94;438.96;416.55;471.79;519.29;461.31
7230;Governador Eugênio Barros;MA;Municipal;4;509.8;468.25;413.32;490.15;425.0;461.3
7231;Sento Sé;BA;Estadual;32;463.18;447.19;425.68;451.64;518.75;461.29
7232;São João do Araguaia;PA;Estadual;18;466.59;452.63;421.42;466.93;498.89;461.29
7233;Quartel Geral;MG;Estadual;17;464.54;427.35;432.23;462.34;520.0;461.29
7234;Araguaiana;MT;Estadual;10;467.75;442.41;433.41;476.64;486.0;461.24
7235;Rafael Jambeiro;BA;Estadual;115;474.9;447.81;432.95;466.33;484.17;461.23
7236;Paranã;TO;Estadual;28;469.14;444.61;427.79;443.15;521.43;461.22
7237;Irituia;PA;Municipal;7;489.23;475.56;419.77;424.4;497.14;461.22
7238;Ipixuna;AM;Estadual;40;465.96;427.49;419.49;464.14;529.0;461.22
7239;Darcinópolis;TO;Estadual;19;465.45;420.66;422.29;451.19;546.32;461.18
7240;Anápolis;GO;Municipal;1;542.0;490.4;447.1;406.3;420.0;461.16
7241;Japaratinga;AL;Estadual;14;451.74;437.57;429.67;455.18;531.43;461.12
7242;São Gonçalo do Piauí;PI;Estadual;37;465.89;445.06;420.98;487.61;485.95;461.1
7243;Conde;PB;Estadual;77;461.74;453.83;429.56;452.51;507.79;461.09
7244;Inhangapi;PA;Estadual;12;468.58;443.62;413.8;466.05;513.33;461.08
7245;Água Preta;PE;Estadual;80;472.37;448.94;421.24;458.25;504.5;461.06
7246;Itagimirim;BA;Estadual;7;483.87;435.17;423.49;434.17;528.57;461.05
7247;Naque;MG;Estadual;12;484.26;452.44;432.41;449.42;486.67;461.04
7248;Mar Vermelho;AL;Estadual;11;462.54;457.05;424.96;436.97;523.64;461.03
7249;Arinos;MG;Estadual;48;474.94;452.85;434.61;452.32;490.42;461.03
7250;Porto Rico do Maranhão;MA;Estadual;34;467.28;438.87;423.89;467.93;507.06;461.01
7251;Breves;PA;Municipal;29;458.64;454.61;427.48;444.86;519.31;460.98
7252;Itaueira;PI;Estadual;37;463.64;447.92;440.98;471.81;480.54;460.98
7253;Itamari;BA;Estadual;31;455.82;446.89;436.9;457.55;507.74;460.98
7254;São João do Pacuí;MG;Estadual;26;455.28;444.9;433.73;474.85;496.15;460.98
7255;São Bernardo;MA;Privada;4;470.02;378.92;469.6;466.15;520.0;460.94
7256;Dom Inocêncio;PI;Estadual;25;456.65;442.46;423.9;461.4;520.0;460.88
7257;Junco do Maranhão;MA;Estadual;16;471.18;442.09;436.89;461.64;492.5;460.86
7258;Eliseu Martins;PI;Estadual;44;456.33;434.81;424.27;471.65;517.27;460.86
7259;Serra do Ramalho;BA;Estadual;46;474.35;450.61;425.84;474.25;479.13;460.84
7260;Carinhanha;BA;Estadual;74;456.79;449.14;423.43;455.67;519.19;460.84
7261;Elesbão Veloso;PI;Estadual;100;456.6;446.03;426.36;456.65;518.4;460.81
7262;Canudos;BA;Estadual;52;474.36;460.71;434.66;455.81;478.46;460.8
7263;Bom Jesus do Araguaia;MT;Estadual;4;475.0;461.4;415.55;472.02;480.0;460.8
7264;Capistrano;CE;Estadual;89;470.69;458.32;427.93;446.43;500.45;460.76
7265;Ubá;MG;Municipal;6;483.62;475.9;425.12;442.38;476.67;460.74
7266;Curuá;PA;Estadual;40;451.11;449.11;429.44;427.5;546.5;460.73
7267;Mirangaba;BA;Estadual;25;478.08;458.89;419.28;460.14;487.2;460.72
7268;Barreirinhas;MA;Estadual;140;474.89;454.33;432.49;455.33;486.57;460.72
7269;Itaubal;AP;Estadual;10;463.04;460.78;426.52;449.19;504.0;460.71
7270;Limoeiro do Ajuru;PA;Estadual;97;457.78;443.68;429.39;447.88;524.74;460.69
7271;Iporanga;SP;Estadual;10;498.62;480.53;446.85;445.27;432.0;460.65
7272;Guarani de Goiás;GO;Estadual;31;470.91;445.69;419.73;442.92;523.87;460.62
7273;Mata Grande;AL;Estadual;80;469.21;453.26;426.64;451.73;502.25;460.62
7274;Cuitegi;PB;Estadual;14;446.05;458.72;417.0;447.05;534.29;460.62
7275;Santa Cruz do Arari;PA;Estadual;14;451.06;436.95;422.25;467.06;525.71;460.61
7276;Alto Alegre do Maranhão;MA;Estadual;52;460.64;458.09;416.92;468.55;498.85;460.61
7277;São Salvador do Tocantins;TO;Estadual;15;461.79;454.99;412.13;464.67;509.33;460.58
7278;Nhamundá;AM;Estadual;119;465.8;455.78;420.01;451.35;509.92;460.57
7279;Laranjal do Jari;AP;Estadual;157;464.95;449.18;426.94;453.93;507.77;460.55
7280;Maragogi;AL;Estadual;39;461.25;435.52;425.39;451.38;529.23;460.55
7281;Chã Preta;AL;Estadual;6;474.88;481.45;418.3;411.37;516.67;460.53
7282;Pedra;PE;Estadual;29;458.96;455.85;411.59;467.82;508.28;460.5
7283;Poconé;MT;Estadual;110;468.51;449.4;423.58;450.76;510.18;460.49
7284;Itaju do Colônia;BA;Estadual;17;482.98;445.64;422.02;460.02;491.76;460.49
7285;Itajá;RN;Estadual;17;459.22;434.89;443.28;439.15;525.88;460.49
7286;Aveiro;PA;Estadual;10;461.62;451.63;434.71;420.51;534.0;460.49
7287;Miranda;MS;Estadual;52;473.28;447.56;426.36;467.07;488.08;460.47
7288;Salgado de São Félix;PB;Estadual;36;463.59;450.43;419.57;458.05;510.56;460.44
7289;Cândido Mendes;MA;Estadual;54;475.39;449.69;413.91;462.07;500.74;460.36
7290;Rio Branco do Ivaí;PR;Estadual;12;468.37;450.83;418.1;452.79;511.67;460.35
7291;Vera Mendes;PI;Estadual;18;458.09;438.59;426.66;441.66;536.67;460.33
7292;Floresta do Piauí;PI;Estadual;15;482.42;446.22;423.02;463.3;486.67;460.33
7293;Marechal Thaumaturgo;AC;Estadual;41;458.84;465.5;433.19;459.22;484.88;460.32
7294;Cumaru do Norte;PA;Estadual;16;470.33;447.88;427.79;484.25;471.25;460.3
7295;Pinheiro;MA;Estadual;368;467.97;446.64;423.69;452.25;510.82;460.27
7296;Teofilândia;BA;Estadual;64;476.35;442.7;425.54;456.38;500.31;460.26
7297;Serrinha;RN;Estadual;13;477.35;458.21;437.82;478.63;449.23;460.25
7298;Iaciara;GO;Estadual;40;467.02;436.59;434.35;466.08;497.0;460.21
7299;Cruz do Espírito Santo;PB;Estadual;38;473.95;458.39;420.29;441.38;506.84;460.17
7300;Anapu;PA;Estadual;49;474.1;437.96;430.57;455.32;502.86;460.16
7301;Matinhas;PB;Estadual;35;459.0;442.13;425.64;438.58;535.43;460.16
7302;Platina;SP;Estadual;12;472.3;442.57;431.83;469.09;485.0;460.16
7303;Olivença;AL;Estadual;5;455.52;470.56;448.48;418.22;508.0;460.16
7304;São José de Princesa;PB;Estadual;10;477.96;446.6;428.71;473.45;474.0;460.14
7305;Matrinchã;GO;Estadual;13;490.7;444.64;428.91;465.38;470.77;460.08
7306;Graça Aranha;MA;Estadual;30;457.54;441.59;419.17;464.0;518.0;460.06
7307;Benjamin Constant do Sul;RS;Estadual;9;465.18;448.73;450.49;493.51;442.22;460.03
7308;Riachão;PB;Estadual;10;469.46;442.08;407.5;415.11;566.0;460.03
7309;Poço Dantas;PB;Estadual;13;460.54;460.89;406.34;455.37;516.92;460.01
7310;Maracanã;PA;Municipal;24;463.2;451.24;445.27;451.39;488.33;459.89
7311;Indiaporã;SP;Estadual;11;489.24;454.29;437.75;474.46;443.64;459.88
7312;Coqueiro Seco;AL;Estadual;16;471.21;451.44;415.87;458.35;502.5;459.88
7313;Aratuípe;BA;Estadual;41;464.89;450.73;426.53;470.29;486.83;459.85
7314;Piancó;PB;Municipal;1;481.6;523.8;408.1;445.6;440.0;459.82
7315;Montes Altos;MA;Estadual;65;472.3;456.74;427.43;445.92;496.62;459.8
7316;Lajedinho;BA;Estadual;12;450.09;417.63;417.09;452.36;561.67;459.77
7317;Campinápolis;MT;Estadual;15;473.13;452.05;418.2;432.74;522.67;459.76
7318;Nazaré;BA;Estadual;110;470.65;444.6;422.67;450.0;510.91;459.76
7319;Jacuizinho;RS;Estadual;9;458.5;417.07;421.69;443.69;557.78;459.74
7320;Novo Brasil;GO;Estadual;14;495.8;486.59;429.77;446.39;440.0;459.71
7321;Tartarugalzinho;AP;Estadual;43;454.35;447.31;415.09;460.88;520.47;459.62
7322;Feira Nova do Maranhão;MA;Estadual;23;464.01;447.53;399.02;465.76;521.74;459.61
7323;Antonina do Norte;CE;Estadual;54;472.41;456.56;413.05;468.48;487.41;459.58
7324;Uruçuí;PI;Estadual;115;461.04;449.8;427.86;449.77;509.39;459.57
7325;Verdejante;PE;Estadual;23;472.23;452.69;415.69;481.54;475.65;459.56
7326;Riachinho;TO;Estadual;29;458.46;446.15;410.94;465.72;516.55;459.56
7327;Praia Norte;TO;Estadual;27;470.98;463.78;408.86;442.23;511.85;459.54
7328;Aratuba;CE;Estadual;144;472.42;449.98;433.76;459.16;482.36;459.54
7329;Oiapoque;AP;Estadual;100;470.61;452.43;424.02;450.98;499.6;459.53
7330;Cachoeirinha;TO;Estadual;8;470.85;430.76;418.36;427.24;550.0;459.44
7331;Algodão de Jandaíra;PB;Estadual;12;458.41;447.01;418.41;428.34;545.0;459.43
7332;Araponga;MG;Privada;6;484.3;453.62;435.4;513.42;410.0;459.35
7333;Taipas do Tocantins;TO;Estadual;10;447.84;433.56;439.69;451.61;524.0;459.34
7334;Placas;PA;Municipal;15;466.68;449.85;441.65;449.17;489.33;459.33
7335;Maracanã;PA;Estadual;55;456.6;443.23;433.76;449.5;513.45;459.31
7336;Aurora do Pará;PA;Estadual;40;455.52;435.69;431.95;454.9;518.5;459.31
7337;São Sebastião da Boa Vista;PA;Estadual;69;467.21;448.02;430.45;451.87;498.84;459.28
7338;Quintana;SP;Estadual;10;493.33;467.33;414.24;449.39;472.0;459.26
7339;Corrente;PI;Estadual;165;454.04;442.99;424.94;444.66;529.45;459.22
7340;Itajobi;SP;Estadual;9;500.09;474.61;432.77;441.82;446.67;459.19
7341;Monteiro;PB;Estadual;106;468.5;456.29;427.55;452.47;490.94;459.15
7342;Lamarão;BA;Estadual;30;458.57;448.97;421.78;445.02;521.33;459.14
7343;Cutias;AP;Estadual;19;466.13;462.82;402.1;460.33;504.21;459.12
7344;Ilha das Flores;SE;Estadual;22;469.45;432.73;410.85;454.31;528.18;459.11
7345;Mucambo;CE;Estadual;74;474.39;462.49;431.83;464.62;462.16;459.1
7346;Caxingó;PI;Estadual;30;469.02;450.26;408.03;450.8;517.33;459.09
7347;Caldas Novas;GO;Municipal;5;456.0;400.92;448.2;462.12;528.0;459.05
7348;Ibirajuba;PE;Estadual;11;481.05;432.21;433.42;473.48;474.55;458.94
7349;Tocantínia;TO;Estadual;18;465.94;439.87;420.49;459.33;508.89;458.91
7350;Macarani;BA;Municipal;3;493.23;478.43;404.83;444.6;473.33;458.89
7351;Dom Bosco;MG;Estadual;17;469.86;451.18;419.92;468.64;484.71;458.86
7352;Chupinguaia;RO;Estadual;20;475.2;466.22;427.9;438.9;486.0;458.84
7353;Tamboril do Piauí;PI;Estadual;11;469.5;447.58;428.97;446.26;501.82;458.83
7354;São José de Caiana;PB;Estadual;24;441.42;437.53;413.82;438.73;562.5;458.8
7355;Iuiu;BA;Estadual;33;472.78;441.86;416.55;448.29;514.55;458.8
7356;Caraúbas;PB;Estadual;29;461.21;441.99;429.74;451.37;509.66;458.79
7357;Condado;PE;Privada;6;466.37;430.73;416.48;467.05;513.33;458.79
7358;Lago do Junco;MA;Estadual;45;456.7;446.48;425.29;456.64;508.44;458.71
7359;Canitar;SP;Estadual;2;468.25;443.25;400.85;461.2;520.0;458.71
7360;São Bernardo;MA;Estadual;154;468.32;443.35;420.42;458.28;502.99;458.67
7361;Cajamar;SP;Municipal;1;456.8;474.4;378.8;463.3;520.0;458.66
7362;Abel Figueiredo;PA;Estadual;30;471.82;460.69;424.33;432.64;503.33;458.56
7363;Amajari;RR;Federal;15;451.32;444.47;451.6;458.61;486.67;458.53
7364;São João do Arraial;PI;Estadual;41;457.0;453.07;417.16;443.49;521.95;458.53
7365;Rio Maria;PA;Estadual;38;470.54;455.83;412.74;452.84;500.53;458.5
7366;São João do Ivaí;PR;Estadual;17;487.02;459.38;417.16;454.64;474.12;458.46
7367;Camutanga;PE;Estadual;46;458.75;456.82;423.3;467.62;485.65;458.43
7368;Laranjeiras;SE;Estadual;53;472.46;438.3;422.29;451.49;507.55;458.42
7369;Piçarra;PA;Estadual;32;455.4;441.89;427.37;458.64;508.75;458.41
7370;Santa Rosa do Tocantins;TO;Estadual;21;469.67;453.46;407.26;458.76;502.86;458.4
7371;Itiúba;BA;Estadual;62;469.42;462.01;440.86;443.15;476.45;458.38
7372;Conceição do Canindé;PI;Estadual;33;461.71;447.87;437.51;452.42;492.12;458.33
7373;Redenção;PA;Municipal;20;464.14;461.73;426.16;443.34;496.0;458.27
7374;Sapeaçu;BA;Estadual;104;464.13;441.36;436.54;449.19;499.81;458.2
7375;Bom Jesus do Norte;ES;Estadual;14;468.99;436.74;436.78;474.19;474.29;458.19
7376;Nina Rodrigues;MA;Estadual;42;470.05;447.69;418.51;449.4;505.24;458.18
7377;Altamira do Maranhão;MA;Estadual;9;446.47;438.41;427.79;440.3;537.78;458.15
7378;Santo Antônio do Leverger;MT;Estadual;59;478.18;457.92;437.09;456.67;460.68;458.11
7379;Ponto Novo;BA;Estadual;36;465.94;455.01;421.17;465.06;483.33;458.1
7380;Lambari D'Oeste;MT;Estadual;19;482.28;451.41;435.57;437.8;483.16;458.04
7381;Antônio Cardoso;BA;Estadual;36;460.08;433.2;433.31;443.05;519.44;457.82
7382;Nazaré do Piauí;PI;Estadual;32;466.81;449.33;425.14;460.92;486.88;457.82
7383;Amajari;RR;Estadual;6;462.82;423.82;410.37;465.02;526.67;457.74
7384;Barreirinha;AM;Estadual;164;463.9;457.44;416.83;443.85;506.46;457.7
7385;Quadra;SP;Estadual;1;527.2;506.0;411.2;484.0;360.0;457.68
7386;Alvorada de Minas;MG;Estadual;30;491.83;453.74;429.97;444.21;468.67;457.68
7387;São José do Brejo do Cruz;PB;Estadual;17;468.51;430.25;436.39;449.45;503.53;457.63
7388;Felisburgo;MG;Estadual;11;458.35;442.15;431.99;453.61;501.82;457.59
7389;Alto Alegre;RR;Estadual;28;468.46;459.5;437.94;476.25;445.71;457.57
7390;Uruoca;CE;Estadual;100;475.19;447.44;420.09;468.27;476.6;457.52
7391;Marizópolis;PB;Estadual;24;451.28;449.66;423.14;449.33;514.17;457.52
7392;Colina;SP;Estadual;21;473.59;450.64;429.42;465.09;468.57;457.46
7393;Bonfim;RR;Estadual;3;433.8;442.57;454.0;450.2;506.67;457.45
7394;Avelinópolis;GO;Estadual;13;472.15;434.82;419.87;483.26;476.92;457.4
7395;Morpará;BA;Estadual;35;468.45;448.15;421.23;449.38;499.43;457.33
7396;Pacatuba;SE;Estadual;50;470.93;455.56;416.88;435.2;508.0;457.31
7397;Acará;PA;Municipal;9;469.9;455.38;433.31;445.71;482.22;457.3
7398;São Paulo de Olivença;AM;Estadual;157;461.99;446.61;419.49;452.24;506.11;457.29
7399;Guadalupe;PI;Estadual;56;468.69;437.03;427.85;454.13;498.57;457.26
7400;Porto de Pedras;AL;Estadual;37;468.89;443.36;419.16;461.36;493.51;457.26
7401;Matias Olímpio;PI;Estadual;26;459.34;448.85;418.12;457.6;502.31;457.24
7402;São Domingos do Capim;PA;Municipal;1;375.4;511.5;432.5;386.7;580.0;457.22
7403;Nova Canaã Paulista;SP;Estadual;5;483.02;409.9;414.9;446.08;532.0;457.18
7404;Coelho Neto;MA;Estadual;211;464.67;452.5;422.62;448.53;497.44;457.15
7405;Santana do Piauí;PI;Estadual;8;477.92;476.68;434.12;431.8;465.0;457.1
7406;Nova Mutum;MT;Municipal;1;512.5;530.0;411.9;371.1;460.0;457.1
7407;Zabelê;PB;Estadual;7;450.43;432.46;413.67;434.4;554.29;457.05
7408;Boninal;BA;Municipal;9;475.37;434.31;427.49;479.09;468.89;457.03
7409;Eldorado do Carajás;PA;Privada;1;478.8;431.1;408.6;486.6;480.0;457.02
7410;São Félix de Balsas;MA;Estadual;18;463.78;434.43;412.42;448.84;525.56;457.01
7411;Urutaí;GO;Estadual;5;495.8;469.8;444.92;482.4;392.0;456.98
7412;Lizarda;TO;Estadual;18;467.67;461.31;413.96;463.09;478.89;456.98
7413;Itapitanga;BA;Estadual;26;461.56;448.35;427.74;470.32;476.92;456.98
7414;Santa Rita do Pardo;MS;Estadual;13;477.22;463.55;426.91;458.76;458.46;456.98
7415;Cantanhede;MA;Estadual;31;474.88;437.67;417.05;442.3;512.9;456.96
7416;Ribamar Fiquene;MA;Estadual;13;486.79;458.17;401.8;440.94;496.92;456.92
7417;Talismã;TO;Estadual;14;476.76;443.53;417.01;461.46;485.71;456.89
7418;Santana do São Francisco;SE;Estadual;32;473.36;449.8;409.42;447.51;504.38;456.89
7419;Araçoiaba;PE;Estadual;115;466.51;444.89;432.27;460.93;479.65;456.85
7420;Ibiá;MG;Estadual;33;475.0;448.37;432.76;466.71;461.21;456.81
7421;Tasso Fragoso;MA;Estadual;61;463.34;450.09;430.24;455.02;485.25;456.79
7422;Catarina;CE;Estadual;66;464.24;459.67;430.59;463.03;466.36;456.78
7423;Joselândia;MA;Estadual;56;471.44;444.8;421.87;468.64;477.14;456.78
7424;Ubirajara;SP;Estadual;6;479.28;445.77;416.85;471.72;470.0;456.72
7425;Anapurus;MA;Estadual;72;459.65;445.58;430.13;471.93;476.11;456.68
7426;Viçosa;RN;Estadual;6;462.23;432.98;393.98;467.32;526.67;456.64
7427;Pium;TO;Estadual;22;474.85;456.73;426.42;465.18;460.0;456.63
7428;Uruará;PA;Municipal;4;481.45;478.0;444.02;479.68;400.0;456.63
7429;Tigrinhos;SC;Estadual;4;479.35;446.98;413.8;462.62;480.0;456.55
7430;Fortaleza;CE;Municipal;5;497.8;450.78;447.76;458.28;428.0;456.52
7431;Aracatu;BA;Estadual;41;470.12;459.5;425.64;451.63;475.61;456.5
7432;Recursolândia;TO;Estadual;12;468.05;437.78;395.88;435.7;545.0;456.48
7433;Apiacá;ES;Estadual;8;491.1;471.31;424.12;445.86;450.0;456.48
7434;Pindoretama;CE;Estadual;191;466.39;447.77;419.4;460.72;488.06;456.47
7435;Curralinhos;PI;Estadual;5;473.96;450.68;437.8;435.64;484.0;456.42
7436;Inhacorá;RS;Estadual;10;464.0;477.5;407.01;441.53;492.0;456.41
7437;Trombas;GO;Estadual;11;474.43;435.71;419.85;455.54;496.36;456.38
7438;Bagre;PA;Estadual;46;458.32;432.76;415.24;454.65;520.87;456.37
7439;Itamarati;AM;Estadual;41;460.2;431.61;423.61;467.86;498.54;456.36
7440;Bom Jesus;PB;Estadual;9;454.52;457.46;411.78;446.88;511.11;456.35
7441;Sandolândia;TO;Estadual;19;472.79;438.77;413.68;465.82;490.53;456.32
7442;Tomé-Açu;PA;Municipal;11;476.27;435.8;444.08;452.46;472.73;456.27
7443;Contendas do Sincorá;BA;Estadual;13;477.44;442.36;455.23;439.75;466.15;456.19
7444;Rosário;MA;Estadual;160;467.48;446.23;426.17;455.67;485.38;456.19
7445;Santa Luzia do Pará;PA;Municipal;6;477.43;482.48;437.97;456.25;426.67;456.16
7446;Serra Caiada;RN;Estadual;31;471.69;450.58;424.93;444.49;489.03;456.14
7447;Belo Monte;AL;Estadual;11;466.38;440.15;420.94;447.55;505.45;456.09
7448;Santo Antônio do Caiuá;PR;Estadual;14;466.94;446.88;410.37;440.48;515.71;456.08
7449;Jutaí;AM;Estadual;55;482.24;463.27;415.83;439.0;480.0;456.07
7450;Paraúna;GO;Estadual;37;475.72;445.39;434.61;460.04;464.32;456.02
7451;Santa Mercedes;SP;Estadual;7;499.97;430.37;446.99;439.34;462.86;455.91
7452;Capim;PB;Estadual;22;476.4;465.81;422.25;467.83;447.27;455.91
7453;Buritirama;BA;Estadual;28;448.29;431.34;438.34;439.79;521.43;455.84
7454;Ipiranga do Sul;RS;Estadual;11;464.98;467.93;413.01;455.02;478.18;455.82
7455;Sebastião Leal;PI;Estadual;21;465.55;436.01;440.89;444.0;492.38;455.77
7456;Taipu;RN;Estadual;25;447.19;444.5;410.92;457.8;518.4;455.76
7457;Bacuri;MA;Estadual;110;454.29;442.67;418.21;462.48;500.91;455.71
7458;Arauá;SE;Estadual;55;454.16;441.09;421.84;458.72;502.55;455.67
7459;Arapuã;PR;Estadual;5;482.46;480.22;426.08;441.52;448.0;455.66
7460;Santo Amaro;BA;Estadual;176;471.71;445.69;421.43;451.42;487.95;455.64
7461;Catunda;CE;Estadual;67;471.74;448.47;433.09;454.25;470.45;455.6
7462;Beruri;AM;Estadual;53;456.16;439.18;410.91;459.22;512.45;455.59
7463;Santo Antônio do Içá;AM;Estadual;60;460.8;437.72;408.84;454.87;515.67;455.58
7464;Muricilândia;TO;Estadual;17;471.84;445.52;437.85;435.42;487.06;455.54
7465;Fernando Pedroza;RN;Estadual;5;450.06;456.54;385.24;429.76;556.0;455.52
7466;Ituaçu;BA;Municipal;4;475.3;421.02;435.85;420.3;525.0;455.5
7467;Uniflor;PR;Estadual;1;474.8;416.7;401.2;684.1;300.0;455.36
7468;Amarante do Maranhão;MA;Privada;4;476.6;477.32;411.22;456.3;455.0;455.29
7469;Itinga;MG;Estadual;26;478.42;464.82;412.99;467.83;452.31;455.27
7470;Lagoa do Sítio;PI;Estadual;21;443.54;449.98;417.28;442.38;522.86;455.21
7471;Governador Mangabeira;BA;Estadual;121;463.05;448.02;424.6;452.51;487.77;455.19
7472;Nova América;GO;Estadual;12;462.46;441.62;434.6;463.24;473.33;455.05
7473;Santa Fé de Minas;MG;Estadual;11;433.22;448.01;438.85;456.91;498.18;455.03
7474;Delta;MG;Estadual;32;465.01;462.51;431.26;451.94;464.38;455.02
7475;Paragominas;PA;Municipal;10;473.65;445.68;440.1;419.35;496.0;454.96
7476;Brejões;BA;Estadual;80;463.72;441.62;425.91;450.01;493.5;454.95
7477;Uruana de Minas;MG;Estadual;32;453.69;443.55;419.64;452.73;505.0;454.92
7478;Tururu;CE;Estadual;146;461.74;443.67;424.31;450.0;494.79;454.9
7479;Cajari;MA;Estadual;54;471.92;449.41;417.93;449.21;485.56;454.81
7480;Santa Terezinha do Tocantins;TO;Estadual;17;475.57;421.53;406.03;442.63;528.24;454.8
7481;Avelino Lopes;PI;Estadual;25;462.04;441.75;410.17;455.8;504.0;454.75
7482;São Caetano de Odivelas;PA;Estadual;36;450.4;462.52;411.85;437.7;511.11;454.72
7483;Gongogi;BA;Estadual;8;465.54;431.44;403.18;483.29;490.0;454.69
7484;Milagres do Maranhão;MA;Estadual;15;460.84;445.78;405.91;459.28;501.33;454.63
7485;Benedito Leite;MA;Estadual;38;450.71;423.98;428.74;449.66;520.0;454.62
7486;Passo de Camaragibe;AL;Estadual;36;455.01;426.84;408.52;439.96;542.78;454.62
7487;Inhambupe;BA;Estadual;92;471.95;443.43;424.19;434.87;498.48;454.58
7488;São Benedito do Rio Preto;MA;Estadual;72;453.65;451.71;416.43;451.27;499.72;454.56
7489;Alcântara;MA;Estadual;57;457.85;439.64;415.41;447.9;511.93;454.55
7490;Messias Targino;RN;Estadual;17;437.88;424.04;420.26;458.74;531.76;454.54
7491;Redenção do Gurguéia;PI;Estadual;39;452.23;433.79;425.57;458.49;502.56;454.53
7492;Feira de Santana;BA;Municipal;2;477.85;472.7;503.85;398.25;420.0;454.53
7493;Peri Mirim;MA;Estadual;81;461.24;440.92;418.75;448.25;502.96;454.43
7494;Riachuelo;RN;Estadual;12;468.0;432.36;418.47;464.28;488.33;454.29
7495;Caracaraí;RR;Estadual;15;482.65;462.02;423.29;454.05;449.33;454.27
7496;Matias Cardoso;MG;Estadual;29;454.45;447.2;422.83;465.05;481.38;454.18
7497;Lago Verde;MA;Estadual;100;461.3;437.4;412.24;453.57;506.4;454.18
7498;Cachoeira;BA;Estadual;98;466.9;444.16;429.14;459.23;471.43;454.17
7499;Claraval;MG;Estadual;4;484.2;420.05;438.78;452.58;475.0;454.12
7500;Francisco Ayres;PI;Estadual;26;470.0;431.14;413.52;438.86;516.92;454.09
7501;Sítio Novo;MA;Estadual;105;461.81;441.77;425.62;470.88;470.29;454.07
7502;Angico;TO;Estadual;29;472.24;448.9;409.06;456.63;483.45;454.06
7503;Melgaço;PA;Estadual;81;452.63;445.96;414.5;441.24;515.8;454.03
7504;São Gonçalo do Gurguéia;PI;Estadual;5;474.22;456.3;383.02;452.6;504.0;454.03
7505;Cruzália;SP;Estadual;6;476.78;443.43;391.97;424.48;533.33;454.0
7506;Itaueira;PI;Municipal;10;444.93;434.47;427.26;451.21;512.0;453.97
7507;São Domingos do Capim;PA;Estadual;79;458.56;459.24;430.51;437.94;483.54;453.96
7508;Bernardo do Mearim;MA;Estadual;21;471.44;439.7;427.77;470.89;460.0;453.96
7509;Cantagalo;MG;Estadual;8;452.26;433.44;411.48;437.5;535.0;453.94
7510;Turiaçu;MA;Estadual;126;469.11;436.69;419.46;447.09;497.3;453.93
7511;Senador Cortes;MG;Estadual;11;457.07;444.04;450.06;472.68;445.45;453.86
7512;Ouriçangas;BA;Estadual;39;458.83;453.92;442.02;451.3;462.56;453.73
7513;Bernardo Sayão;TO;Estadual;12;459.83;439.4;420.77;449.81;498.33;453.63
7514;Magalhães de Almeida;MA;Estadual;82;460.77;440.82;424.07;457.08;485.37;453.62
7515;São João da Ponte;MG;Municipal;2;448.85;418.2;457.1;443.75;500.0;453.58
7516;Rio do Fogo;RN;Estadual;41;470.76;440.52;413.18;452.5;490.24;453.44
7517;Honório Serpa;PR;Estadual;14;468.27;445.2;419.79;465.17;468.57;453.4
7518;Morros;MA;Estadual;68;461.03;447.65;417.55;446.86;493.82;453.38
7519;Boa Vista do Ramos;AM;Estadual;74;465.55;440.49;418.38;438.53;503.78;453.35
7520;São João Batista;MA;Estadual;90;469.26;440.85;417.78;449.36;489.33;453.32
7521;Ibiquera;BA;Estadual;12;454.17;447.31;395.56;454.42;515.0;453.29
7522;Bom Jardim;MA;Estadual;74;471.27;449.99;416.6;450.77;477.84;453.29
7523;Macururé;BA;Estadual;21;465.73;454.36;412.47;440.49;493.33;453.28
7524;Rodolfo Fernandes;RN;Estadual;29;470.9;436.99;412.44;455.6;490.34;453.26
7525;Miraíma;CE;Estadual;127;457.79;440.05;417.68;458.77;491.81;453.22
7526;Nazaré;TO;Estadual;23;454.93;425.65;416.68;449.67;519.13;453.21
7527;São Tomás de Aquino;MG;Municipal;1;496.3;482.3;422.9;384.3;480.0;453.16
7528;Mesquita;RJ;Municipal;1;517.2;425.5;386.2;416.6;520.0;453.1
7529;Mirador;MA;Estadual;49;459.25;431.84;420.33;461.68;492.24;453.07
7530;Nova Maringá;MT;Estadual;10;488.88;427.91;422.57;463.52;462.0;452.98
7531;Eirunepé;AM;Estadual;33;445.24;457.41;408.8;460.62;492.73;452.96
7532;São Miguel dos Milagres;AL;Estadual;15;453.17;416.95;412.55;439.11;542.67;452.89
7533;Goiatins;TO;Estadual;28;451.03;436.15;421.1;472.55;483.57;452.88
7534;Santa Vitória do Palmar;RS;Municipal;15;482.32;443.23;428.35;458.51;452.0;452.88
7535;Nossa Senhora dos Remédios;PI;Estadual;23;469.73;439.74;402.64;441.29;510.43;452.77
7536;Pedra Branca do Amapari;AP;Estadual;15;446.47;457.43;420.28;454.29;485.33;452.76
7537;Pitimbu;PB;Estadual;34;463.77;433.64;410.37;444.53;511.18;452.7
7538;América Dourada;BA;Municipal;1;405.4;405.9;497.9;553.8;400.0;452.6
7539;Jacaré dos Homens;AL;Estadual;11;468.45;435.82;410.33;440.94;507.27;452.56
7540;Senador José Porfírio;PA;Privada;2;467.9;442.55;394.15;508.15;450.0;452.55
7541;Filadélfia;TO;Estadual;22;455.9;440.55;408.29;465.96;491.82;452.5
7542;Salitre;CE;Estadual;152;455.97;442.82;418.48;453.36;491.84;452.49
7543;Bandeirantes do Tocantins;TO;Estadual;17;451.09;447.67;410.35;448.58;504.71;452.48
7544;Santana do Cariri;CE;Estadual;75;458.43;440.43;422.18;458.37;482.93;452.47
7545;Itapecuru Mirim;MA;Estadual;191;463.71;441.68;417.95;452.14;486.6;452.42
7546;Cachoeira do Piriá;PA;Estadual;25;479.08;463.52;434.26;433.96;451.2;452.4
7547;Floresta do Araguaia;PA;Municipal;1;467.8;441.5;431.5;421.2;500.0;452.4
7548;Turvelândia;GO;Estadual;23;476.05;446.98;432.73;445.39;460.87;452.4
7549;Nova Andradina;MS;Municipal;1;428.9;465.2;389.5;378.3;600.0;452.38
7550;Vila Flor;RN;Estadual;15;463.74;446.56;424.04;468.29;458.67;452.26
7551;Urucurituba;AM;Estadual;62;462.0;445.18;407.49;446.36;500.0;452.2
7552;Córrego do Ouro;GO;Estadual;7;463.36;450.79;421.8;442.21;482.86;452.2
7553;Amapá;AP;Estadual;30;442.95;441.51;418.67;452.43;505.33;452.18
7554;Japurá;AM;Estadual;26;451.52;460.95;408.88;445.96;493.08;452.08
7555;Palmeirândia;MA;Estadual;60;465.48;446.12;416.41;456.8;475.33;452.03
7556;Porteiras;CE;Estadual;90;450.72;445.85;427.71;461.4;474.0;451.94
7557;Matões do Norte;MA;Estadual;20;468.52;425.76;439.2;432.94;493.0;451.88
7558;Arapoema;TO;Estadual;31;454.76;442.04;429.28;447.35;485.81;451.85
7559;Guarantã;SP;Estadual;8;476.42;429.68;409.42;448.34;495.0;451.77
7560;Água Azul do Norte;PA;Estadual;20;467.2;439.44;439.37;453.64;459.0;451.73
7561;Chaves;PA;Estadual;27;447.96;445.44;417.85;452.56;494.81;451.72
7562;Divino das Laranjeiras;MG;Estadual;7;478.24;440.44;422.23;423.33;494.29;451.71
7563;Sapucaia;PA;Estadual;27;460.11;435.3;417.02;445.34;500.74;451.7
7564;São Tomé;RN;Estadual;31;466.37;443.82;419.96;437.28;490.97;451.68
7565;Anajás;PA;Estadual;53;455.68;435.15;410.47;462.72;494.34;451.67
7566;Babaçulândia;TO;Estadual;50;451.91;427.99;431.66;456.77;490.0;451.66
7567;Pedro do Rosário;MA;Estadual;29;467.64;439.74;409.52;446.86;494.48;451.65
7568;Mazagão;AP;Estadual;83;448.48;438.81;412.68;440.71;517.59;451.65
7569;Manari;PE;Estadual;31;479.11;454.86;425.18;466.07;432.9;451.63
7570;Pauini;AM;Municipal;1;490.7;420.1;392.1;475.2;480.0;451.62
7571;Itobi;SP;Estadual;6;482.1;462.43;445.12;464.87;403.33;451.57
7572;Argirita;MG;Estadual;8;445.05;442.21;423.82;484.24;462.5;451.56
7573;Novo Oriente de Minas;MG;Estadual;14;469.31;432.87;426.55;473.31;455.71;451.55
7574;Pirapemas;MA;Estadual;61;462.73;446.21;420.08;434.11;494.43;451.51
7575;Quixabá;PB;Estadual;2;478.4;442.65;420.6;395.65;520.0;451.46
7576;Brejo;MA;Estadual;121;457.57;447.97;428.01;448.54;474.88;451.4
7577;Pio XII;MA;Privada;6;466.42;436.9;415.9;430.52;506.67;451.28
7578;Igreja Nova;AL;Estadual;28;458.75;428.48;405.41;452.09;511.43;451.23
7579;Cajazeiras do Piauí;PI;Estadual;18;449.46;452.97;432.26;442.45;478.89;451.2
7580;Boa Nova;BA;Municipal;1;454.6;480.8;380.4;440.1;500.0;451.18
7581;Almas;TO;Estadual;33;463.63;430.86;437.95;458.56;464.85;451.17
7582;Reserva do Cabaçal;MT;Estadual;9;487.34;435.06;424.0;471.37;437.78;451.11
7583;Mocajuba;PA;Municipal;70;456.89;440.22;418.73;444.22;495.43;451.1
7584;Zé Doca;MA;Municipal;2;490.45;450.65;455.5;408.7;450.0;451.06
7585;Muritiba;BA;Municipal;2;498.25;447.15;451.25;477.7;380.0;450.87
7586;Pacajá;PA;Privada;3;499.7;447.7;423.63;409.8;473.33;450.83
7587;Caldazinha;GO;Estadual;8;511.34;476.26;442.62;441.14;382.5;450.77
7588;Cachoeira Grande;MA;Estadual;32;475.33;430.13;426.6;446.67;475.0;450.75
7589;Maranhãozinho;MA;Estadual;17;462.34;422.16;427.6;425.08;516.47;450.73
7590;Morrinhos;CE;Estadual;170;463.83;447.47;423.49;470.49;448.12;450.68
7591;Feira da Mata;BA;Estadual;10;485.47;458.95;435.34;465.58;408.0;450.67
7592;Borba;AM;Estadual;64;453.7;440.25;416.63;462.12;480.62;450.67
7593;Dois Riachos;AL;Estadual;19;452.46;439.72;422.72;472.99;465.26;450.63
7594;Jardim do Mulato;PI;Estadual;14;460.09;430.66;434.81;435.71;491.43;450.54
7595;Ibiá;MG;Municipal;5;481.72;450.88;440.4;458.46;420.0;450.29
7596;Chorrochó;BA;Estadual;53;461.99;441.24;418.9;443.57;485.66;450.27
7597;Ribeira do Piauí;PI;Estadual;20;463.16;437.08;412.26;464.81;474.0;450.26
7598;Buritirana;MA;Estadual;30;476.23;437.85;417.02;450.6;469.33;450.21
7599;Centro do Guilherme;MA;Estadual;20;456.16;442.92;441.63;470.27;440.0;450.2
7600;Malhada;BA;Estadual;38;459.28;438.42;429.54;445.61;477.89;450.15
7601;Botucatu;SP;Municipal;1;495.3;435.5;476.3;463.5;380.0;450.12
7602;São Mateus do Sul;PR;Municipal;1;519.0;441.8;479.5;470.2;340.0;450.1
7603;Santa Filomena do Maranhão;MA;Estadual;2;446.15;471.6;389.15;443.4;500.0;450.06
7604;Cabaceiras do Paraguaçu;BA;Municipal;1;473.2;401.5;376.3;399.3;600.0;450.06
7605;São João das Missões;MG;Estadual;28;452.17;450.5;437.92;455.95;453.57;450.02
7606;Bela Vista do Maranhão;MA;Estadual;31;465.56;441.4;422.41;458.25;461.94;449.91
7607;Tanque d'Arca;AL;Estadual;25;443.82;441.18;415.71;438.97;509.6;449.86
7608;Paulo Jacinto;AL;Estadual;26;467.73;458.62;420.47;433.79;468.46;449.81
7609;Senador La Rocque;MA;Estadual;66;464.09;448.89;417.15;445.04;473.64;449.76
7610;Pedro Laurentino;PI;Estadual;12;469.78;436.55;406.18;454.01;481.67;449.64
7611;São João de Iracema;SP;Estadual;7;432.04;443.23;476.46;450.74;445.71;449.64
7612;Vargem Grande;MA;Estadual;173;458.22;440.47;416.66;450.02;482.77;449.63
7613;Governador Nunes Freire;MA;Municipal;1;530.4;502.2;480.9;454.6;280.0;449.62
7614;Brejolândia;BA;Estadual;29;458.1;433.96;424.02;446.16;485.52;449.55
7615;Itacoatiara;AM;Municipal;3;470.97;439.07;421.87;482.5;433.33;449.55
7616;Marcação;PB;Estadual;11;435.92;428.64;426.46;447.32;509.09;449.49
7617;Martinópole;CE;Estadual;121;455.32;447.92;424.23;455.65;464.3;449.48
7618;Crisólita;MG;Estadual;8;445.99;425.66;414.6;466.16;495.0;449.48
7619;Francinópolis;PI;Estadual;16;463.92;428.68;410.44;454.29;490.0;449.47
7620;Madeiro;PI;Estadual;55;458.1;438.15;421.78;442.77;486.55;449.47
7621;Boa Ventura;PB;Estadual;21;444.89;434.64;413.41;442.5;511.43;449.37
7622;Timbiras;MA;Estadual;149;454.49;451.15;420.86;443.2;476.91;449.32
7623;Augusto Severo;RN;Estadual;36;450.11;441.88;417.75;435.09;501.67;449.3
7624;Morpará;BA;Municipal;5;444.22;453.3;430.46;490.18;428.0;449.23
7625;Campanário;MG;Estadual;7;463.61;445.67;436.87;494.1;405.71;449.19
7626;Branquinha;AL;Estadual;15;463.07;441.17;419.37;426.16;496.0;449.15
7627;Abaré;BA;Estadual;65;460.15;443.42;423.3;448.87;469.85;449.12
7628;Altamira;PA;Municipal;7;480.53;410.23;427.44;444.41;482.86;449.09
7629;Araçás;BA;Municipal;1;443.8;458.9;397.3;385.3;560.0;449.06
7630;São José do Bonfim;PB;Estadual;23;459.68;437.75;430.7;449.26;467.83;449.04
7631;Gameleiras;MG;Estadual;22;460.8;439.26;431.89;453.0;460.0;448.99
7632;Capão Bonito do Sul;RS;Estadual;3;475.93;473.4;430.47;471.77;393.33;448.98
7633;Santa Filomena do Maranhão;MA;Municipal;1;376.9;429.9;516.8;461.2;460.0;448.96
7634;Francisco Macedo;PI;Estadual;19;429.88;437.17;424.87;452.87;500.0;448.96
7635;Sebastião Barros;PI;Estadual;26;446.58;425.43;422.26;448.15;502.31;448.95
7636;Ielmo Marinho;RN;Estadual;33;457.25;441.83;419.6;454.84;470.91;448.88
7637;Santa Cecília do Pavão;PR;Estadual;5;465.72;471.04;446.12;412.88;448.0;448.75
7638;São Félix do Xingu;PA;Municipal;6;447.65;407.18;427.23;494.85;466.67;448.72
7639;Sarzedo;MG;Privada;1;479.1;456.3;415.5;512.5;380.0;448.68
7640;Barra;BA;Municipal;1;402.1;451.4;457.0;452.6;480.0;448.62
7641;São Sebastião do Uatumã;AM;Estadual;53;446.96;433.37;412.75;442.72;507.17;448.6
7642;Mauá;SP;Municipal;7;464.47;454.8;430.81;418.61;474.29;448.6
7643;Mirinzal;MA;Estadual;106;461.41;434.43;409.21;440.68;497.17;448.58
7644;São Benedito do Sul;PE;Estadual;25;463.01;448.34;404.1;469.62;457.6;448.53
7645;Arame;MA;Estadual;95;458.79;449.69;419.3;442.61;472.21;448.52
7646;São José dos Campos;SP;Municipal;1;359.8;438.5;452.6;431.2;560.0;448.42
7647;Cristalândia do Piauí;PI;Estadual;25;463.32;423.26;418.29;445.73;491.2;448.36
7648;Centro Novo do Maranhão;MA;Estadual;93;457.43;441.02;419.64;454.69;469.03;448.36
7649;Urupema;SC;Federal;2;479.75;465.65;381.3;395.0;520.0;448.34
7650;São Pedro;RN;Estadual;25;457.04;421.5;428.53;456.19;478.4;448.33
7651;Nova Iorque;MA;Estadual;13;457.28;440.05;419.27;449.65;475.38;448.32
7652;Brejo Grande;SE;Estadual;28;437.97;445.98;425.72;442.58;489.29;448.31
7653;Maraã;AM;Estadual;22;465.36;448.6;411.63;448.38;467.27;448.25
7654;Marcionílio Souza;BA;Estadual;14;458.19;447.17;418.61;442.79;474.29;448.21
7655;Santa Rosa do Piauí;PI;Estadual;32;443.01;432.6;413.75;449.7;501.88;448.19
7656;Pastos Bons;MA;Estadual;59;457.75;444.13;420.96;445.06;472.88;448.16
7657;Atalaia do Norte;AM;Estadual;32;450.72;432.29;409.76;461.6;486.25;448.13
7658;Parisi;SP;Estadual;6;448.52;441.1;417.55;510.02;423.33;448.1
7659;Campo Maior;PI;Municipal;2;360.4;402.8;393.65;483.35;600.0;448.04
7660;Mata Roma;MA;Estadual;96;452.83;440.21;416.23;453.34;477.5;448.02
7661;Itaúna;MG;Municipal;3;486.97;463.5;470.03;452.8;366.67;447.99
7662;Milagres do Maranhão;MA;Municipal;1;478.1;488.2;381.2;432.2;460.0;447.94
7663;Hugo Napoleão;PI;Estadual;12;447.2;443.21;377.62;464.62;506.67;447.86
7664;São Luiz;RR;Estadual;4;430.4;454.15;438.05;471.45;445.0;447.81
7665;Itapiratins;TO;Estadual;19;465.56;429.2;407.92;456.42;478.95;447.61
7666;Pedro II;PI;Municipal;2;482.6;442.45;361.6;471.3;480.0;447.59
7667;Lagoa do Tocantins;TO;Estadual;23;466.83;453.79;422.79;447.61;446.96;447.59
7668;Brejo Grande do Araguaia;PA;Estadual;15;467.22;453.26;408.67;449.61;458.67;447.49
7669;Vila Boa;GO;Estadual;14;442.44;422.51;429.6;442.51;500.0;447.41
7670;Santa Rita;MA;Estadual;123;458.96;437.22;413.22;456.59;470.89;447.38
7671;Porto do Mangue;RN;Estadual;20;450.6;436.79;424.57;434.84;490.0;447.36
7672;Cavalcante;GO;Estadual;37;451.86;428.83;422.29;450.37;483.24;447.32
7673;Piraquê;TO;Estadual;18;469.78;447.81;424.83;438.16;455.56;447.23
7674;Dom Pedro de Alcântara;RS;Estadual;4;410.02;395.22;402.1;468.67;560.0;447.2
7675;Terra Nova;BA;Estadual;41;471.61;437.41;421.55;440.44;464.88;447.18
7676;São Desidério;BA;Municipal;16;468.79;455.6;414.25;438.26;458.75;447.13
7677;Jaguaripe;BA;Estadual;25;465.34;442.59;426.33;437.12;464.0;447.08
7678;São Luís Gonzaga do Maranhão;MA;Estadual;78;454.01;438.99;417.8;445.8;478.21;446.96
7679;Barreiros;PE;Municipal;1;453.9;404.1;413.7;423.0;540.0;446.94
7680;Barreiras do Piauí;PI;Estadual;22;449.78;419.88;416.93;435.98;511.82;446.88
7681;Alvorada do Gurguéia;PI;Estadual;23;473.0;440.81;417.67;439.26;463.48;446.84
7682;Bayeux;PB;Municipal;3;470.23;457.6;402.17;470.57;433.33;446.78
7683;Marianópolis do Tocantins;TO;Estadual;12;460.22;433.44;423.64;441.72;473.33;446.47
7684;Cipó;BA;Privada;1;458.8;443.1;403.5;426.9;500.0;446.46
7685;Berizal;MG;Estadual;20;461.72;439.08;423.46;462.94;445.0;446.44
7686;Belém;AL;Estadual;39;451.91;438.97;408.64;455.29;476.41;446.24
7687;Iturama;MG;Municipal;5;457.62;441.68;441.98;433.88;456.0;446.23
7688;Ipecaetá;BA;Estadual;26;460.47;438.91;421.28;436.83;473.08;446.11
7689;Abel Figueiredo;PA;Municipal;1;485.5;405.0;419.9;400.1;520.0;446.1
7690;Icatu;MA;Estadual;54;452.86;445.76;414.21;439.91;476.67;445.88
7691;Pracuúba;AP;Estadual;8;453.75;467.41;403.9;423.42;480.0;445.7
7692;Sambaíba;MA;Estadual;14;455.85;449.07;415.85;442.19;464.29;445.45
7693;Primeira Cruz;MA;Estadual;18;451.78;423.47;411.82;443.52;496.67;445.45
7694;Conceição do Araguaia;PA;Municipal;5;418.2;452.62;406.34;469.96;480.0;445.42
7695;Pracinha;SP;Estadual;4;463.95;426.25;453.02;423.65;460.0;445.38
7696;Benjamin Constant;AM;Estadual;107;453.49;442.49;420.7;443.14;466.54;445.27
7697;Caxias do Sul;RS;Municipal;1;562.3;452.8;386.3;404.2;420.0;445.12
7698;Pires Ferreira;CE;Estadual;71;449.99;432.28;414.03;472.45;455.77;444.91
7699;São João da Paraúna;GO;Estadual;7;487.63;468.3;411.71;447.54;408.57;444.75
7700;Japira;PR;Estadual;4;465.22;415.72;451.62;475.75;415.0;444.66
7701;Prainha;PA;Estadual;139;447.67;435.09;418.33;433.2;488.78;444.61
7702;Milton Brandão;PI;Municipal;2;481.75;391.35;417.35;422.4;510.0;444.57
7703;Campo Largo do Piauí;PI;Estadual;16;449.26;426.36;414.3;447.79;485.0;444.54
7704;Dianópolis;TO;Municipal;1;428.7;421.0;415.4;376.5;580.0;444.32
7705;Serrano do Maranhão;MA;Estadual;36;442.03;422.18;434.23;441.91;481.11;444.29
7706;Cuiabá;MT;Municipal;2;459.85;522.0;447.6;441.9;350.0;444.27
7707;Bom Princípio do Piauí;PI;Estadual;15;446.8;423.97;398.4;420.41;530.67;444.05
7708;Israelândia;GO;Estadual;12;477.14;420.37;416.59;419.02;486.67;443.96
7709;Areia de Baraúnas;PB;Estadual;6;442.35;455.48;405.87;439.4;476.67;443.95
7710;Jardim de Angicos;RN;Estadual;2;391.2;420.0;482.6;425.75;500.0;443.91
7711;São Sebastião da Boa Vista;PA;Municipal;1;466.8;346.0;504.6;362.0;540.0;443.88
7712;Belágua;MA;Estadual;39;445.43;427.03;423.67;439.89;483.08;443.82
7713;Boa Vista do Gurupi;MA;Estadual;23;455.9;433.68;422.72;453.12;452.17;443.52
7714;Porto Alegre do Tocantins;TO;Estadual;25;449.12;424.7;428.22;450.52;464.8;443.47
7715;Monte Alegre do Piauí;PI;Estadual;26;460.47;427.61;414.32;429.42;485.38;443.44
7716;Óbidos;PA;Municipal;2;439.4;496.6;392.3;498.15;390.0;443.29
7717;João Ramalho;SP;Estadual;3;453.8;432.43;450.07;480.07;400.0;443.27
7718;Manhuaçu;MG;Municipal;1;528.0;520.2;365.7;482.4;320.0;443.26
7719;Ponte Branca;MT;Estadual;4;460.08;438.85;443.28;463.9;410.0;443.22
7720;São José do Xingu;MT;Estadual;9;459.41;450.04;402.5;432.64;471.11;443.14
7721;Presidente Juscelino;MA;Estadual;42;454.56;441.78;420.81;444.08;453.81;443.01
7722;Pauini;AM;Estadual;36;458.28;441.78;410.09;440.85;463.89;442.98
7723;São Brás;AL;Estadual;20;450.94;416.71;396.06;459.92;491.0;442.92
7724;Rio dos Bois;TO;Estadual;5;473.76;440.96;394.92;396.76;508.0;442.88
7725;Santos;SP;Municipal;1;544.8;358.8;461.3;409.2;440.0;442.82
7726;Senador Rui Palmeira;AL;Estadual;20;470.34;434.36;410.39;440.8;458.0;442.78
7727;Porteirão;GO;Estadual;4;463.8;443.55;387.58;488.68;430.0;442.72
7728;Peritoró;MA;Privada;4;438.72;434.02;386.25;499.48;455.0;442.7
7729;Caseara;TO;Estadual;5;438.5;443.42;404.46;407.08;520.0;442.69
7730;Wenceslau Guimarães;BA;Municipal;1;393.1;364.3;402.5;433.1;620.0;442.6
7731;Carmolândia;TO;Estadual;11;463.05;447.9;419.32;473.34;409.09;442.54
7732;Governador Mangabeira;BA;Municipal;1;440.5;363.3;445.0;403.5;560.0;442.46
7733;Senhora do Porto;MG;Estadual;5;455.76;468.86;407.9;435.7;444.0;442.44
7734;Cajapió;MA;Estadual;36;452.38;434.36;415.13;436.2;473.33;442.28
7735;Altamira;PA;Federal;1;506.0;412.9;433.9;378.1;480.0;442.18
7736;Recife;PE;Municipal;1;475.3;514.2;373.6;387.6;460.0;442.14
7737;Senador Georgino Avelino;RN;Estadual;9;456.48;431.94;447.0;450.82;424.44;442.14
7738;Xinguara;PA;Municipal;2;456.35;457.35;442.4;404.4;450.0;442.1
7739;Umirim;CE;Estadual;141;445.28;439.69;419.9;448.26;456.6;441.94
7740;Jenipapo dos Vieiras;MA;Estadual;9;474.66;431.31;404.87;451.8;446.67;441.86
7741;Guajará-Mirim;RO;Municipal;1;505.0;389.0;395.8;499.1;420.0;441.78
7742;Nova Rosalândia;TO;Estadual;11;482.51;444.02;418.48;447.36;416.36;441.75
7743;Cacimbas;PB;Estadual;8;455.42;430.36;397.51;422.94;502.5;441.75
7744;Cajueiro da Praia;PI;Estadual;23;462.79;434.41;433.16;426.59;451.3;441.65
7745;Sítio do Mato;BA;Estadual;36;440.07;441.34;413.48;455.08;457.78;441.55
7746;Castro Alves;BA;Municipal;3;480.83;391.17;405.3;423.3;506.67;441.45
7747;Borborema;PB;Estadual;24;436.51;430.58;413.98;438.38;487.5;441.39
7748;Salmourão;SP;Estadual;3;472.67;449.63;410.57;426.9;446.67;441.29
7749;Castanhal;PA;Municipal;7;455.06;439.33;415.16;416.61;480.0;441.23
7750;Rio Bonito;RJ;Municipal;1;496.7;365.5;395.4;388.4;560.0;441.2
7751;Alto Parnaíba;MA;Estadual;52;452.41;432.22;411.11;451.02;459.23;441.2
7752;Palmas;TO;Municipal;1;473.1;422.9;360.6;469.3;480.0;441.18
7753;Candeias;BA;Municipal;2;424.2;473.45;413.05;425.15;470.0;441.17
7754;Jacareacanga;PA;Estadual;15;461.99;432.08;427.31;426.81;457.33;441.11
7755;Gouvelândia;GO;Estadual;2;449.8;404.75;442.35;448.35;460.0;441.05
7756;Rochedo;MS;Estadual;11;487.6;446.44;427.06;419.88;423.64;440.92
7757;Ferreira Gomes;AP;Estadual;23;443.72;417.57;425.51;447.26;470.43;440.9
7758;Guararema;SP;Municipal;2;472.75;366.7;447.7;466.6;450.0;440.75
7759;Jequié;BA;Municipal;1;486.4;348.7;436.7;370.8;560.0;440.52
7760;Tonantins;AM;Estadual;36;447.04;428.93;418.33;451.55;456.67;440.5
7761;Córrego Danta;MG;Estadual;7;453.8;427.21;411.63;464.07;445.71;440.49
7762;Monte Negro;RO;Municipal;1;469.9;436.0;387.8;368.7;540.0;440.48
7763;Tutóia;MA;Municipal;2;450.5;402.05;407.7;471.0;470.0;440.25
7764;São João do Soter;MA;Estadual;49;456.41;421.65;414.23;429.44;479.18;440.18
7765;São João Batista;SC;Municipal;1;515.8;495.4;484.3;404.8;300.0;440.06
7766;Nossa Senhora dos Remédios;PI;Municipal;29;438.37;446.31;413.32;437.29;464.83;440.02
7767;Portel;PA;Municipal;1;455.7;497.3;411.9;394.8;440.0;439.94
7768;Itaquiraí;MS;Privada;7;451.84;440.44;471.74;449.89;385.71;439.93
7769;Abaetetuba;PA;Municipal;19;436.22;428.45;415.01;435.55;484.21;439.89
7770;Brejo de Areia;MA;Municipal;1;466.6;455.3;367.8;549.1;360.0;439.76
7771;Anapu;PA;Municipal;9;470.79;413.48;411.14;442.42;460.0;439.57
7772;Mazagão;AP;Privada;9;433.98;412.28;409.63;437.42;504.44;439.55
7773;Jacundá;PA;Municipal;8;428.54;436.21;408.89;499.12;425.0;439.55
7774;Aldeias Altas;MA;Estadual;60;444.6;436.13;414.4;435.89;466.67;439.54
7775;Buriti do Tocantins;TO;Estadual;23;444.63;419.25;412.28;458.06;463.48;439.54
7776;Passagem Franca do Piauí;PI;Estadual;11;435.22;416.97;413.44;435.67;496.36;439.53
7777;Araguanã;MA;Estadual;19;447.38;419.91;425.64;442.51;462.11;439.51
7778;Chapada Gaúcha;MG;Municipal;1;485.4;402.2;457.3;372.5;480.0;439.48
7779;Linhares;ES;Municipal;1;445.8;359.3;476.8;474.9;440.0;439.36
7780;Nova Santa Rita;PI;Estadual;26;443.39;430.02;411.62;446.67;464.62;439.26
7781;Boca do Acre;AM;Municipal;1;428.5;420.7;373.4;473.6;500.0;439.24
7782;Grajaú;MA;Privada;9;428.6;427.09;430.47;454.17;455.56;439.18
7783;Rosana;SP;Municipal;1;482.8;474.5;394.5;383.7;460.0;439.1
7784;Floriano;PI;Municipal;3;468.3;404.3;378.77;388.93;553.33;438.73
7785;Centenário;TO;Estadual;18;435.38;438.11;406.82;443.17;470.0;438.7
7786;Turvo;SC;Municipal;1;540.5;497.6;447.2;448.0;260.0;438.66
7787;Quixelô;CE;Municipal;1;509.9;437.2;501.2;384.8;360.0;438.62
7788;Jerumenha;PI;Estadual;12;461.78;438.23;405.35;417.41;470.0;438.55
7789;Parnaguá;PI;Estadual;29;438.36;425.78;409.3;458.82;460.0;438.45
7790;Cruzmaltina;PR;Estadual;8;479.55;428.82;410.58;453.12;420.0;438.42
7791;Montes Claros;MG;Municipal;1;499.9;450.0;336.8;385.2;520.0;438.38
7792;Amaturá;AM;Estadual;56;452.46;437.58;411.4;436.34;453.93;438.34
7793;Pedra Preta;RN;Estadual;5;423.76;439.82;435.22;424.28;468.0;438.22
7794;Marcos Parente;PI;Estadual;6;446.9;407.5;402.38;436.45;496.67;437.98
7795;Mansidão;BA;Estadual;6;429.82;428.6;423.63;450.42;456.67;437.83
7796;Paquetá;PI;Estadual;8;441.02;406.06;418.29;448.18;475.0;437.71
7797;Urucuia;MG;Estadual;36;446.65;421.75;400.9;430.66;487.22;437.44
7798;Brejo do Piauí;PI;Estadual;7;463.37;439.63;417.1;427.03;440.0;437.43
7799;Massaranduba;PB;Municipal;2;442.45;384.85;428.05;420.65;510.0;437.2
7800;Santa Tereza do Tocantins;TO;Estadual;10;443.61;418.2;404.7;459.16;460.0;437.13
7801;Palestina;AL;Estadual;8;434.52;440.42;403.48;437.0;470.0;437.08
7802;Santo Antônio do Jacinto;MG;Estadual;20;449.4;428.34;427.95;447.68;432.0;437.07
7803;São João do Cariri;PB;Municipal;1;452.5;434.5;482.0;495.9;320.0;436.98
7804;Nova Iorque;MA;Municipal;3;455.87;405.27;384.13;424.53;513.33;436.63
7805;Serra Grande;PB;Estadual;14;441.01;426.11;398.0;459.41;458.57;436.62
7806;Nossa Senhora das Graças;PR;Estadual;9;442.29;428.54;414.6;430.12;466.67;436.44
7807;Jacobina do Piauí;PI;Municipal;5;426.02;405.04;425.04;448.92;476.0;436.2
7808;Graça;CE;Estadual;72;448.44;441.19;412.2;453.16;425.56;436.11
7809;Juarina;TO;Estadual;16;439.42;433.95;406.92;425.42;473.75;435.89
7810;Uarini;AM;Estadual;27;464.79;444.58;394.87;439.03;435.56;435.76
7811;Cariré;CE;Municipal;1;463.4;386.3;425.1;462.5;440.0;435.46
7812;Central do Maranhão;MA;Estadual;8;418.26;408.28;411.01;426.62;512.5;435.34
7813;Lagoa Santa;GO;Estadual;1;388.0;494.5;377.2;417.0;500.0;435.34
7814;Altaneira;CE;Estadual;35;445.86;435.36;421.98;432.09;440.0;435.06
7815;Bacurituba;MA;Estadual;59;453.3;434.47;411.3;431.2;444.75;435.0
7816;São José dos Cordeiros;PB;Municipal;4;448.65;427.5;411.88;440.3;445.0;434.66
7817;Davinópolis;MA;Municipal;1;360.4;355.3;426.9;590.3;440.0;434.58
7818;Itaipava do Grajaú;MA;Estadual;61;453.75;437.25;417.73;440.33;421.31;434.08
7819;Araguainha;MT;Estadual;1;517.2;479.0;419.8;412.3;340.0;433.66
7820;Itapiranga;AM;Municipal;1;449.5;460.7;349.1;428.7;480.0;433.6
7821;Maraú;BA;Municipal;3;454.6;401.23;397.6;421.0;493.33;433.55
7822;Colatina;ES;Municipal;1;372.7;459.2;436.8;378.6;520.0;433.46
7823;Currais;PI;Estadual;6;453.1;416.8;426.32;430.08;440.0;433.26
7824;Pacajá;PA;Municipal;4;425.92;445.92;430.48;388.88;475.0;433.24
7825;Inhuma;PI;Municipal;1;477.5;419.5;350.8;498.3;420.0;433.22
7826;Presidente Sarney;MA;Estadual;17;454.65;400.94;409.12;433.07;467.06;432.97
7827;São Félix;BA;Estadual;19;429.04;424.59;404.11;437.66;467.37;432.55
7828;Santo Amaro do Maranhão;MA;Estadual;33;454.48;429.38;409.09;438.69;429.09;432.15
7829;São José do Peixe;PI;Estadual;17;433.04;434.34;418.19;441.18;432.94;431.94
7830;Santo Antônio dos Milagres;PI;Estadual;10;439.17;418.28;387.85;424.19;490.0;431.9
7831;Luzilândia;PI;Municipal;1;461.3;361.5;372.3;404.3;560.0;431.88
7832;Eldorado do Carajás;PA;Municipal;6;429.4;426.68;409.02;463.65;430.0;431.75
7833;Coroados;SP;Estadual;2;493.1;379.55;413.35;406.75;460.0;430.55
7834;Serra Azul de Minas;MG;Estadual;5;450.14;399.94;421.4;448.54;432.0;430.4
7835;Curral Novo do Piauí;PI;Estadual;5;472.4;433.22;404.62;425.04;416.0;430.26
7836;Dário Meira;BA;Municipal;1;348.7;408.2;366.5;426.9;600.0;430.06
7837;Peixe-Boi;PA;Municipal;3;436.9;428.77;384.4;399.77;500.0;429.97
7838;São Vicente do Seridó;PB;Municipal;1;360.3;360.1;456.7;387.2;580.0;428.86
7839;Carinhanha;BA;Municipal;3;454.53;402.37;422.97;456.43;406.67;428.59
7840;Manicoré;AM;Municipal;1;443.8;385.2;396.7;516.2;400.0;428.38
7841;Porto Estrela;MT;Estadual;15;463.8;424.69;405.51;433.51;413.33;428.17
7842;Monte Alegre do Piauí;PI;Municipal;2;443.05;425.2;380.35;459.8;430.0;427.68
7843;Uirapuru;GO;Privada;1;493.0;421.7;443.3;359.0;420.0;427.4
7844;Bonito;BA;Municipal;4;457.9;439.2;409.58;459.75;370.0;427.28
7845;Palmeirante;TO;Estadual;7;413.03;434.13;406.61;475.76;405.71;427.05
7846;Itajaí;SC;Municipal;2;441.0;380.8;407.0;466.45;440.0;427.05
7847;Curralinho;PA;Municipal;1;411.7;385.0;357.0;500.0;480.0;426.74
7848;Conceição do Lago-Açu;MA;Municipal;1;456.2;331.5;368.7;416.7;560.0;426.62
7849;Bom Jesus das Selvas;MA;Privada;5;434.02;426.2;414.64;418.14;440.0;426.6
7850;Ipueiras;TO;Estadual;10;416.94;403.46;408.28;445.16;458.0;426.37
7851;Sena Madureira;AC;Municipal;2;393.0;447.25;372.55;438.4;480.0;426.24
7852;Novo Cabrais;RS;Estadual;6;440.12;436.63;424.23;436.42;393.33;426.15
7853;Itapevi;SP;Municipal;2;429.55;409.85;473.5;426.4;390.0;425.86
7854;Pequeri;MG;Estadual;4;439.58;452.6;446.02;453.98;335.0;425.43
7855;Rio Quente;GO;Municipal;1;467.1;442.6;392.0;384.7;440.0;425.28
7856;Padre Carvalho;MG;Estadual;15;440.64;429.93;399.54;459.95;396.0;425.21
7857;Bacabal;MA;Municipal;1;425.4;403.4;407.0;407.1;480.0;424.58
7858;Viseu;PA;Municipal;7;413.87;410.6;419.2;412.34;465.71;424.35
7859;Lagoa do Mato;MA;Estadual;16;441.12;408.31;414.56;455.34;401.25;424.11
7860;Poço das Trincheiras;AL;Estadual;7;451.1;412.57;404.86;450.06;400.0;423.72
7861;Lavandeira;TO;Estadual;4;416.72;374.68;385.92;413.88;525.0;423.24
7862;Ribeirão das Neves;MG;Municipal;1;450.3;388.2;418.8;417.0;440.0;422.86
7863;Bequimão;MA;Privada;1;458.8;370.3;451.5;448.6;380.0;421.84
7864;Senador José Porfírio;PA;Municipal;1;404.3;463.6;344.1;397.2;500.0;421.84
7865;Schroeder;SC;Privada;1;504.2;439.1;374.2;445.8;340.0;420.66
7866;Serra Nova Dourada;MT;Estadual;9;452.14;438.74;417.32;398.87;395.56;420.53
7867;Novo Santo Antônio;MT;Estadual;5;414.9;426.96;390.74;434.4;432.0;419.8
7868;Iramaia;BA;Municipal;2;403.75;434.25;414.1;446.6;400.0;419.74
7869;Abatiá;PR;Estadual;3;472.2;450.53;413.53;454.4;306.67;419.47
7870;Urucuia;MG;Municipal;1;409.7;392.6;381.4;451.0;460.0;418.94
7871;Goioerê;PR;Municipal;1;430.9;374.1;394.1;412.9;480.0;418.4
7872;Tailândia;PA;Municipal;1;475.6;425.9;454.4;415.6;320.0;418.3
7873;Presidente Figueiredo;AM;Municipal;1;419.6;380.6;382.1;448.0;460.0;418.06
7874;Fazenda Rio Grande;PR;Municipal;2;429.95;419.35;435.4;485.05;320.0;417.95
7875;Theobroma;RO;Municipal;1;467.3;436.0;412.8;413.3;360.0;417.88
7876;Pariquera-Açu;SP;Municipal;1;396.0;460.1;404.7;408.3;420.0;417.82
7877;Piraí;RJ;Municipal;3;439.73;395.4;368.37;471.5;413.33;417.67
7878;Peritoró;MA;Estadual;10;420.52;437.48;394.85;439.39;388.0;416.05
7879;Teodoro Sampaio;BA;Estadual;5;443.2;417.36;415.24;421.76;380.0;415.51
7880;Urucurituba;AM;Municipal;1;442.0;436.3;350.0;388.8;460.0;415.42
7881;Porto Seguro;BA;Municipal;5;438.54;423.6;397.62;406.36;408.0;414.82
7882;Xapuri;AC;Municipal;1;466.0;458.2;408.7;400.6;340.0;414.7
7883;Cachoeira Grande;MA;Municipal;1;407.0;360.9;384.1;460.6;460.0;414.52
7884;Vitória da Conquista;BA;Municipal;1;443.5;400.1;401.7;367.0;460.0;414.46
7885;Garrafão do Norte;PA;Municipal;1;415.2;383.3;368.6;404.4;500.0;414.3
7886;Joca Claudino;PB;Estadual;3;395.63;437.23;420.03;397.7;420.0;414.12
7887;Itaquaquecetuba;SP;Municipal;1;412.7;393.9;384.9;491.8;380.0;412.66
7888;Santa Maria;RN;Estadual;12;432.44;397.8;411.62;405.37;405.0;410.45
7889;Santana do Araguaia;PA;Privada;1;419.5;409.7;361.5;480.6;380.0;410.26
7890;Corumbá;MS;Municipal;1;402.5;376.8;436.2;473.8;360.0;409.86
7891;Araruama;RJ;Municipal;1;490.5;434.7;447.2;396.7;280.0;409.82
7892;Santa Quitéria do Maranhão;MA;Municipal;3;401.73;466.87;404.6;388.53;386.67;409.68
7893;Várzea Grande;MT;Municipal;1;470.4;484.5;400.0;412.3;280.0;409.44
7894;Raposa;MA;Municipal;1;387.5;407.1;397.5;450.0;400.0;408.42
7895;Barão de Grajaú;MA;Municipal;2;397.45;391.6;401.5;451.35;400.0;408.38
7896;Santana do Acaraú;CE;Municipal;2;425.15;427.6;424.0;414.45;350.0;408.24
7897;Parintins;AM;Municipal;4;431.58;441.1;387.38;445.02;335.0;408.02
7898;Ibitinga;SP;Municipal;1;441.1;410.6;454.8;472.8;260.0;407.86
7899;Breu Branco;PA;Municipal;1;400.9;459.1;348.5;369.1;460.0;407.52
7900;Miguel Leão;PI;Estadual;4;412.98;415.68;393.82;444.5;370.0;407.4
7901;Belterra;PA;Municipal;3;405.6;409.73;421.03;405.97;386.67;405.8
7902;Mirante do Paranapanema;SP;Municipal;1;399.1;372.9;353.7;378.3;520.0;404.8
7903;Colinas do Tocantins;TO;Municipal;1;483.0;347.4;408.6;363.2;420.0;404.44
7904;Campo Alegre de Goiás;GO;Municipal;1;519.4;403.6;388.3;390.2;320.0;404.3
7905;Senador Canedo;GO;Municipal;1;392.4;387.4;368.3;390.9;480.0;403.8
7906;Dois Irmãos do Buriti;MS;Municipal;1;347.4;375.5;367.2;387.1;540.0;403.44
7907;Formosa do Rio Preto;BA;Municipal;1;388.2;446.0;399.6;498.8;280.0;402.52
7908;Guarulhos;SP;Municipal;1;355.8;346.3;370.6;439.4;500.0;402.42
7909;Ribeiro Gonçalves;PI;Municipal;1;421.5;391.5;432.2;442.8;320.0;401.6
7910;Benjamin Constant;AM;Municipal;1;367.8;448.0;367.2;403.9;420.0;401.38
7911;Capinzal;SC;Privada;1;488.3;450.1;390.3;375.3;300.0;400.8
7912;Santa Quitéria;CE;Municipal;3;408.97;430.53;383.27;400.87;380.0;400.73
7913;Balneário Arroio do Silva;SC;Municipal;1;475.5;338.4;435.2;409.5;340.0;399.72
7914;Sítio d'Abadia;GO;Estadual;2;401.3;379.4;407.25;459.25;350.0;399.44
7915;Palestina do Pará;PA;Municipal;2;411.8;439.95;414.05;418.15;310.0;398.79
7916;Teofilândia;BA;Municipal;2;493.05;384.3;395.8;376.5;340.0;397.93
7917;Mutuípe;BA;Municipal;2;415.05;376.75;460.3;427.45;310.0;397.91
7918;Nova Redenção;BA;Municipal;1;412.9;339.9;453.7;374.7;400.0;396.24
7919;Urucará;AM;Municipal;1;372.5;382.1;376.7;400.5;440.0;394.36
7920;Japorã;MS;Municipal;2;419.3;404.1;431.75;400.7;310.0;393.17
7921;Afonso Cláudio;ES;Municipal;1;482.4;446.6;416.2;373.1;240.0;391.66
7922;Duque de Caxias;RJ;Municipal;1;423.8;428.6;405.0;469.2;220.0;389.32
7923;Barra do Garças;MT;Municipal;1;457.8;403.9;378.3;464.0;240.0;388.8
7924;Timon;MA;Municipal;2;416.9;402.2;407.65;428.7;280.0;387.09
7925;Senador La Rocque;MA;Municipal;2;406.95;412.75;396.2;419.15;300.0;387.01
7926;Girau do Ponciano;AL;Municipal;1;437.4;395.8;430.2;390.4;280.0;386.76
7927;Buriticupu;MA;Privada;1;341.5;371.7;415.7;410.0;360.0;379.78
7928;Rosário Oeste;MT;Municipal;1;411.7;460.5;359.2;386.9;280.0;379.66
7929;Anchieta;ES;Municipal;1;406.6;373.5;404.0;388.5;320.0;378.52
7930;Rosário;MA;Municipal;1;374.6;463.7;384.5;369.2;300.0;378.4
7931;Arco-Íris;SP;Estadual;1;453.6;422.9;360.9;426.8;220.0;376.84
7932;Caravelas;BA;Municipal;1;461.5;391.5;338.9;427.1;260.0;375.8
7933;Bonfim do Piauí;PI;Municipal;1;405.3;341.2;391.3;380.8;360.0;375.72
7934;Unaí;MG;Municipal;1;397.8;351.7;360.5;453.0;300.0;372.6
7935;Matozinhos;MG;Municipal;1;383.1;375.0;385.9;417.5;300.0;372.3
7936;Loreto;MA;Municipal;1;372.8;350.4;381.9;420.5;280.0;361.12
7937;São Gonçalo do Amarante;RN;Privada;1;361.2;374.5;382.6;393.5;280.0;358.36
7938;Araguacema;TO;Municipal;1;348.0;424.4;376.9;412.6;200.0;352.38
